3 9 34 50 -1 29 59 92 -1 1 10 14 29 -1 -2
38 -1 15 26 32 38 -1 28 -1 -2
51 -1 57 84 -1 4 -1 -2
42 69 95 -1 46 92 96 -1 23 62 -1 -2
1 21 44 56 -1 29 80 -1 22 74 90 -1 -2
1 22 68 90 -1 10 57 77 89 -1 40 52 57 -1 -2
15 77 78 84 -1 100 -1 41 48 82 -1 -2
37 65 75 -1 9 19 41 60 -1 63 -1 -2
7 54 -1 16 98 -1 10 36 82 -1 -2
1 5 36 79 -1 42 57 74 88 -1 5 22 76 -1 -2
13 69 82 87 -1 42 85 -1 63 -1 -2
20 38 -1 64 -1 24 54 86 97 -1 -2
80 -1 25 71 99 -1 37 41 95 -1 -2
21 48 -1 15 28 56 97 -1 15 21 -1 -2
45 53 60 -1 5 -1 22 26 -1 -2
4 82 -1 85 -1 26 -1 -2
30 -1 58 -1 6 39 42 -1 -2
32 74 86 -1 7 38 -1 15 19 32 84 -1 -2
7 55 78 83 -1 21 38 61 -1 97 -1 -2
14 55 79 -1 29 57 -1 7 54 73 -1 -2
40 46 47 -1 55 -1 9 66 95 -1 -2
23 -1 54 97 -1 59 60 -1 -2
25 38 40 -1 11 -1 14 -1 -2
93 96 -1 27 43 78 87 -1 10 49 65 -1 -2
72 -1 1 -1 37 51 75 -1 -2
3 32 33 82 -1 66 70 80 98 -1 27 41 58 62 -1 -2
10 -1 14 37 38 -1 72 -1 -2
23 98 -1 54 -1 1 28 50 70 -1 -2
4 -1 17 -1 15 48 91 -1 -2
36 -1 8 26 71 -1 2 5 44 49 -1 -2
12 25 40 96 -1 29 -1 5 14 69 -1 -2
7 51 -1 31 -1 33 35 74 -1 -2
13 85 -1 52 67 -1 63 -1 -2
97 -1 11 91 -1 37 62 67 81 -1 -2
51 -1 39 43 53 -1 58 88 -1 -2
14 60 73 87 -1 18 20 84 95 -1 84 -1 -2
5 93 -1 8 75 -1 24 77 -1 -2
4 26 85 -1 28 61 78 80 -1 2 37 73 96 -1 -2
40 72 77 -1 58 59 86 -1 1 22 86 -1 -2
17 64 88 -1 3 25 40 58 -1 85 -1 -2
6 60 -1 73 90 -1 3 42 52 71 -1 -2
43 -1 42 69 -1 17 62 73 100 -1 -2
4 45 62 72 -1 30 38 60 65 -1 78 -1 -2
8 54 -1 11 43 -1 17 72 -1 -2
23 -1 36 -1 10 21 47 -1 -2
89 -1 30 89 -1 19 47 48 -1 -2
14 50 -1 4 57 -1 8 39 49 60 -1 -2
14 -1 26 30 89 -1 21 53 -1 -2
61 92 -1 5 25 77 94 -1 20 -1 -2
58 94 -1 15 -1 21 45 -1 -2
47 51 65 -1 46 48 61 71 -1 19 24 81 82 -1 -2
12 32 78 -1 28 30 87 -1 57 -1 -2
3 5 55 81 -1 3 11 43 -1 43 44 55 95 -1 -2
92 -1 26 54 62 76 -1 82 87 93 -1 -2
25 62 -1 10 52 91 92 -1 12 -1 -2
39 -1 25 44 57 69 -1 31 72 -1 -2
27 -1 45 55 64 79 -1 67 79 90 -1 -2
8 72 88 89 -1 51 59 -1 5 63 -1 -2
77 -1 19 -1 53 59 87 100 -1 -2
39 72 74 83 -1 45 95 -1 21 -1 -2
6 12 29 53 -1 31 37 44 59 -1 67 88 -1 -2
27 81 85 88 -1 18 58 -1 13 37 -1 -2
29 79 87 -1 15 -1 44 45 51 68 -1 -2
3 20 43 -1 34 71 76 92 -1 60 75 -1 -2
4 16 22 98 -1 36 -1 50 77 -1 -2
12 92 -1 90 -1 8 21 63 65 -1 -2
10 56 64 -1 19 21 39 -1 30 -1 -2
86 92 95 -1 42 94 -1 20 73 77 95 -1 -2
33 70 79 93 -1 17 22 30 -1 18 24 70 -1 -2
4 15 31 46 -1 23 85 -1 79 -1 -2
49 78 79 -1 40 90 92 -1 99 -1 -2
4 57 77 -1 92 -1 90 -1 -2
43 60 -1 43 -1 19 32 76 -1 -2
82 -1 2 38 46 -1 61 -1 -2
23 -1 33 51 68 -1 37 79 -1 -2
52 58 78 -1 7 17 20 53 -1 29 74 88 -1 -2
29 -1 1 58 59 -1 62 77 91 -1 -2
11 25 43 91 -1 56 82 -1 26 27 38 99 -1 -2
13 79 83 -1 29 86 -1 49 -1 -2
17 41 48 -1 2 4 8 33 -1 49 51 -1 -2
30 66 97 -1 43 55 71 96 -1 52 75 80 -1 -2
26 -1 28 80 82 -1 14 41 -1 -2
48 95 97 -1 72 -1 7 82 -1 -2
7 79 93 -1 15 18 -1 31 -1 -2
5 7 -1 56 87 -1 24 -1 -2
38 -1 23 87 -1 58 92 -1 -2
1 11 25 33 -1 14 69 77 -1 23 44 97 -1 -2
1 45 56 73 -1 8 -1 92 -1 -2
60 68 81 -1 25 56 -1 99 -1 -2
13 14 28 62 -1 65 -1 8 18 87 -1 -2
93 99 -1 33 60 87 98 -1 6 8 14 65 -1 -2
19 75 -1 35 45 -1 14 46 55 65 -1 -2
23 24 72 74 -1 51 -1 50 -1 -2
58 -1 3 52 -1 17 33 94 -1 -2
35 -1 15 76 94 -1 50 -1 -2
6 57 88 98 -1 3 47 92 94 -1 98 -1 -2
22 66 -1 52 87 95 -1 14 39 63 -1 -2
41 63 79 84 -1 13 30 -1 56 97 -1 -2
51 80 -1 5 19 54 80 -1 33 -1 -2
20 29 60 -1 1 16 63 86 -1 75 -1 -2
2 49 -1 6 35 -1 29 46 -1 -2
60 -1 30 67 78 79 -1 30 71 76 -1 -2
35 37 55 83 -1 55 71 91 -1 12 32 -1 -2
32 72 96 -1 18 75 78 87 -1 34 58 73 -1 -2
47 73 79 -1 64 65 74 84 -1 60 66 93 100 -1 -2
63 73 91 97 -1 30 -1 36 38 40 75 -1 -2
94 -1 6 12 23 92 -1 58 64 73 82 -1 -2
7 75 88 98 -1 8 24 64 -1 3 -1 -2
20 72 92 -1 4 75 77 -1 19 -1 -2
35 -1 8 -1 37 68 91 96 -1 -2
32 -1 17 23 33 -1 36 45 62 -1 -2
65 97 -1 10 56 73 -1 94 -1 -2
8 25 58 68 -1 28 80 -1 26 46 99 -1 -2
12 27 -1 21 84 -1 56 67 73 78 -1 -2
39 91 -1 20 34 49 90 -1 55 56 -1 -2
12 44 56 58 -1 64 67 97 -1 20 63 68 -1 -2
52 55 99 -1 54 85 97 -1 48 56 92 -1 -2
57 74 94 -1 30 54 79 95 -1 21 22 79 -1 -2
10 17 -1 77 -1 27 39 51 92 -1 -2
25 52 60 74 -1 80 -1 4 52 54 96 -1 -2
39 60 -1 18 -1 16 43 53 60 -1 -2
6 67 79 94 -1 12 25 88 97 -1 19 62 64 79 -1 -2
15 30 45 62 -1 32 49 55 67 -1 30 81 -1 -2
36 37 -1 26 72 95 -1 8 38 96 -1 -2
69 74 83 -1 85 -1 71 97 -1 -2
42 -1 87 94 -1 20 56 -1 -2
29 -1 51 95 -1 1 22 58 -1 -2
10 21 25 38 -1 5 -1 44 99 -1 -2
39 78 -1 9 11 -1 18 54 67 85 -1 -2
38 42 81 -1 58 -1 51 71 75 83 -1 -2
2 19 70 91 -1 36 44 73 -1 31 43 61 90 -1 -2
15 -1 26 64 77 -1 15 33 39 -1 -2
22 27 55 93 -1 2 45 66 81 -1 73 74 -1 -2
20 26 63 79 -1 55 61 75 84 -1 1 80 -1 -2
3 27 79 98 -1 64 -1 34 53 94 -1 -2
9 19 96 -1 95 -1 26 78 98 -1 -2
2 70 72 91 -1 40 -1 74 -1 -2
5 15 24 49 -1 22 -1 27 35 51 -1 -2
24 90 -1 87 88 -1 47 50 82 87 -1 -2
22 40 -1 12 14 63 -1 15 32 65 73 -1 -2
48 50 69 -1 41 51 60 -1 18 20 -1 -2
60 80 87 -1 92 -1 7 56 -1 -2
15 85 -1 17 -1 35 60 -1 -2
54 63 85 86 -1 13 76 -1 4 50 -1 -2
93 97 -1 22 25 46 -1 10 22 23 30 -1 -2
56 -1 52 66 -1 51 76 -1 -2
65 78 -1 13 21 70 92 -1 17 32 39 54 -1 -2
72 -1 6 39 90 -1 73 89 -1 -2
37 79 88 -1 16 31 40 75 -1 72 94 -1 -2
14 40 87 96 -1 49 85 -1 51 52 -1 -2
3 42 91 -1 5 30 32 79 -1 37 -1 -2
37 47 -1 14 15 -1 41 50 53 61 -1 -2
62 86 -1 26 86 -1 9 39 86 87 -1 -2
38 76 -1 11 73 87 -1 22 33 45 -1 -2
63 99 -1 13 14 25 45 -1 1 19 38 48 -1 -2
25 73 -1 23 -1 27 40 68 97 -1 -2
94 97 -1 68 80 100 -1 63 -1 -2
36 -1 64 -1 51 -1 -2
19 27 71 -1 33 66 71 86 -1 1 52 59 100 -1 -2
7 91 -1 21 -1 13 63 81 -1 -2
27 43 59 95 -1 32 -1 46 -1 -2
13 33 57 -1 35 48 51 84 -1 36 47 -1 -2
34 55 -1 26 42 58 61 -1 16 27 37 -1 -2
9 57 77 -1 33 42 54 63 -1 56 -1 -2
11 55 -1 24 28 73 86 -1 11 38 -1 -2
52 -1 12 26 -1 81 -1 -2
17 63 74 -1 16 81 -1 6 38 42 76 -1 -2
80 -1 8 32 36 44 -1 21 58 60 69 -1 -2
96 -1 20 49 -1 13 45 -1 -2
11 30 35 88 -1 62 99 -1 51 -1 -2
2 -1 7 26 -1 30 78 -1 -2
86 89 97 -1 26 34 45 -1 19 28 93 -1 -2
53 58 92 -1 3 75 -1 62 74 93 -1 -2
3 88 -1 14 44 53 -1 8 38 48 55 -1 -2
21 80 89 -1 28 94 -1 15 49 -1 -2
7 78 84 -1 57 60 78 -1 21 66 68 -1 -2
23 40 57 74 -1 43 -1 40 44 -1 -2
23 100 -1 74 83 -1 65 72 -1 -2
7 27 44 86 -1 78 -1 13 54 69 -1 -2
18 -1 26 80 -1 4 23 24 30 -1 -2
63 -1 65 93 -1 43 44 -1 -2
94 100 -1 58 -1 18 56 -1 -2
65 96 -1 65 70 -1 24 49 50 60 -1 -2
6 13 51 78 -1 100 -1 24 41 53 85 -1 -2
61 -1 32 69 75 98 -1 48 95 97 100 -1 -2
4 12 62 70 -1 3 52 87 91 -1 85 -1 -2
63 -1 17 -1 74 87 -1 -2
14 19 28 94 -1 66 88 97 -1 77 -1 -2
53 97 -1 88 -1 1 -1 -2
52 88 -1 24 52 -1 2 3 24 94 -1 -2
14 77 -1 1 4 -1 42 49 -1 -2
67 86 -1 65 -1 63 68 99 -1 -2
27 67 -1 10 -1 40 -1 -2
61 64 -1 27 50 55 83 -1 93 -1 -2
46 68 89 -1 23 60 87 -1 8 20 49 -1 -2
66 86 -1 23 -1 61 -1 -2
43 86 -1 55 75 -1 64 -1 -2
57 81 90 -1 29 34 55 76 -1 2 28 63 -1 -2
25 -1 10 19 77 82 -1 18 67 68 99 -1 -2
18 65 -1 30 -1 19 33 40 63 -1 -2
19 -1 4 62 73 -1 33 -1 -2
27 -1 62 -1 12 40 83 94 -1 -2
7 8 62 64 -1 5 41 64 69 -1 2 39 100 -1 -2
15 26 38 100 -1 6 17 52 -1 14 25 67 -1 -2
94 -1 56 -1 27 90 -1 -2
59 -1 26 76 -1 31 57 77 -1 -2
15 53 -1 5 22 52 54 -1 23 -1 -2
68 80 -1 56 85 91 -1 7 16 38 41 -1 -2
2 29 52 88 -1 4 7 16 66 -1 43 -1 -2
16 98 -1 11 49 66 81 -1 38 42 96 -1 -2
3 22 59 76 -1 34 98 -1 84 -1 -2
23 33 50 75 -1 72 86 -1 27 59 60 86 -1 -2
46 -1 8 -1 68 -1 -2
28 68 77 -1 23 -1 31 39 41 50 -1 -2
21 48 66 73 -1 18 22 34 98 -1 39 99 -1 -2
9 12 45 -1 24 39 99 -1 6 51 68 70 -1 -2
28 40 60 86 -1 38 -1 7 30 59 77 -1 -2
16 -1 62 -1 99 -1 -2
36 43 89 -1 36 93 -1 60 68 78 84 -1 -2
50 52 -1 24 -1 11 -1 -2
22 57 -1 14 88 -1 25 61 -1 -2
2 33 37 62 -1 70 -1 34 36 87 90 -1 -2
15 43 60 -1 19 74 95 -1 25 34 -1 -2
5 15 81 92 -1 3 8 19 33 -1 91 -1 -2
86 -1 10 25 29 52 -1 62 70 -1 -2
7 64 -1 4 28 44 -1 67 -1 -2
97 -1 23 83 -1 5 -1 -2
36 85 89 -1 38 91 -1 2 10 25 68 -1 -2
38 44 63 98 -1 24 31 47 96 -1 7 73 -1 -2
2 7 30 75 -1 39 76 80 -1 76 -1 -2
20 57 74 -1 69 -1 20 67 -1 -2
24 -1 44 69 -1 9 28 -1 -2
17 -1 42 82 87 -1 44 58 64 99 -1 -2
7 61 63 91 -1 30 38 -1 47 -1 -2
22 98 -1 22 40 55 63 -1 28 -1 -2
49 95 -1 41 78 -1 30 92 -1 -2
25 96 -1 68 69 -1 82 92 99 -1 -2
84 -1 5 10 53 77 -1 68 -1 -2
9 92 -1 25 59 -1 53 -1 -2
9 55 65 84 -1 34 -1 66 -1 -2
19 -1 15 21 -1 14 46 59 -1 -2
76 -1 19 89 -1 77 -1 -2
40 41 59 82 -1 42 65 71 85 -1 54 56 -1 -2
91 -1 1 12 49 -1 22 56 -1 -2
74 96 -1 92 -1 71 78 100 -1 -2
21 -1 71 -1 6 -1 -2
37 52 79 80 -1 63 -1 29 52 59 84 -1 -2
17 44 71 -1 70 -1 11 63 80 -1 -2
17 -1 10 91 -1 4 57 90 -1 -2
59 80 -1 80 -1 39 67 83 92 -1 -2
3 64 -1 38 -1 26 40 76 83 -1 -2
33 46 81 93 -1 43 77 94 -1 24 64 79 -1 -2
8 98 100 -1 57 -1 61 76 -1 -2
7 -1 42 55 -1 10 20 52 -1 -2
24 49 59 -1 10 46 70 88 -1 70 72 -1 -2
27 30 -1 58 71 95 -1 65 98 100 -1 -2
62 92 94 -1 41 48 49 73 -1 10 46 59 -1 -2
29 77 86 -1 27 28 40 97 -1 75 83 -1 -2
27 51 80 95 -1 3 6 20 -1 10 95 -1 -2
39 59 75 -1 84 -1 35 97 -1 -2
59 83 -1 14 20 58 -1 53 -1 -2
50 67 77 -1 20 -1 7 32 40 57 -1 -2
85 -1 49 71 85 -1 7 65 88 89 -1 -2
33 59 -1 5 -1 67 78 79 100 -1 -2
18 76 -1 40 81 -1 14 26 45 63 -1 -2
4 8 78 -1 32 96 -1 13 66 -1 -2
88 92 -1 91 -1 10 25 29 84 -1 -2
43 -1 6 41 47 67 -1 82 -1 -2
13 24 -1 9 25 99 -1 12 17 32 -1 -2
16 89 -1 61 78 94 -1 34 52 58 75 -1 -2
65 99 -1 34 -1 10 25 46 96 -1 -2
42 46 56 -1 7 44 73 82 -1 31 43 -1 -2
8 29 53 86 -1 5 22 65 86 -1 52 -1 -2
95 -1 50 -1 8 -1 -2
24 71 92 96 -1 10 36 75 -1 41 74 -1 -2
13 65 88 -1 37 39 73 88 -1 12 -1 -2
23 -1 10 37 45 73 -1 32 60 -1 -2
26 64 67 -1 24 42 -1 48 58 79 84 -1 -2
12 37 -1 46 93 -1 22 63 72 -1 -2
60 -1 79 100 -1 11 23 38 76 -1 -2
18 23 78 -1 12 58 82 -1 55 56 76 96 -1 -2
13 20 78 93 -1 34 97 -1 88 -1 -2
29 -1 6 58 -1 37 57 80 -1 -2
29 71 76 79 -1 11 24 65 -1 12 91 -1 -2
88 -1 40 70 89 -1 10 -1 -2
99 -1 20 24 43 -1 54 78 92 -1 -2
69 80 -1 8 29 32 92 -1 24 37 82 96 -1 -2
86 -1 8 25 44 93 -1 15 30 71 -1 -2
18 52 63 64 -1 81 -1 10 76 -1 -2
27 49 -1 28 49 -1 2 3 11 45 -1 -2
90 -1 59 64 67 -1 14 -1 -2
56 70 77 94 -1 75 -1 42 -1 -2
10 16 -1 13 -1 2 37 60 62 -1 -2
13 44 -1 18 57 65 68 -1 31 47 71 75 -1 -2
32 69 -1 67 84 -1 34 38 92 -1 -2
37 54 56 -1 73 99 -1 22 -1 -2
14 22 48 81 -1 2 7 17 97 -1 22 39 40 68 -1 -2
27 32 52 53 -1 10 12 78 82 -1 66 72 -1 -2
60 -1 6 11 -1 8 28 36 44 -1 -2
70 73 -1 71 -1 41 100 -1 -2
28 50 -1 7 95 -1 33 -1 -2
18 79 -1 23 88 98 -1 11 69 -1 -2
2 58 -1 86 -1 14 35 84 -1 -2
39 42 88 -1 45 91 -1 13 -1 -2
20 27 -1 42 59 62 -1 5 15 -1 -2
67 89 -1 23 46 53 82 -1 1 13 85 -1 -2
51 83 92 -1 66 92 -1 38 -1 -2
54 96 -1 34 65 -1 24 -1 -2
64 71 73 98 -1 25 43 75 91 -1 49 -1 -2
41 90 -1 11 67 86 -1 24 49 -1 -2
3 -1 26 45 79 -1 8 39 100 -1 -2
81 -1 19 48 -1 6 52 -1 -2
53 69 -1 26 72 -1 66 -1 -2
27 31 45 -1 7 34 -1 55 88 -1 -2
18 73 89 -1 50 63 65 87 -1 66 100 -1 -2
49 -1 29 -1 59 74 90 -1 -2
3 6 97 -1 50 58 82 91 -1 28 47 -1 -2
27 31 59 66 -1 2 54 74 -1 55 61 66 94 -1 -2
33 46 68 -1 1 -1 67 -1 -2
28 95 -1 60 -1 41 76 100 -1 -2
21 27 69 83 -1 27 81 90 -1 2 21 53 -1 -2
8 30 66 -1 33 -1 74 -1 -2
24 26 37 -1 62 -1 7 89 90 -1 -2
52 65 67 80 -1 92 95 -1 26 -1 -2
11 30 41 80 -1 11 47 89 -1 36 40 78 -1 -2
9 17 19 57 -1 40 93 -1 14 17 85 -1 -2
33 41 51 59 -1 43 -1 39 51 -1 -2
35 52 61 85 -1 5 52 53 74 -1 16 31 57 -1 -2
56 69 73 -1 50 60 87 -1 9 24 76 -1 -2
30 -1 4 54 -1 15 56 62 -1 -2
26 -1 34 95 -1 53 80 -1 -2
19 48 56 70 -1 54 60 -1 5 33 62 -1 -2
52 56 67 -1 4 7 42 -1 26 65 -1 -2
22 56 67 -1 29 75 79 85 -1 21 53 -1 -2
8 38 85 91 -1 72 73 -1 16 57 74 -1 -2
89 -1 64 92 -1 16 71 -1 -2
14 15 80 95 -1 72 -1 39 41 47 60 -1 -2
16 -1 1 89 94 -1 18 68 71 95 -1 -2
8 13 51 82 -1 29 91 -1 16 100 -1 -2
42 72 89 91 -1 82 87 93 -1 48 51 56 94 -1 -2
5 97 -1 12 40 41 80 -1 79 -1 -2
39 74 -1 6 49 -1 60 -1 -2
41 92 99 -1 2 58 -1 17 47 -1 -2
72 77 -1 23 64 -1 4 -1 -2
32 55 79 -1 59 68 81 93 -1 13 14 -1 -2
34 91 100 -1 59 -1 24 64 76 99 -1 -2
3 22 53 -1 54 59 82 -1 45 48 51 64 -1 -2
56 -1 33 63 80 90 -1 47 57 -1 -2
50 72 -1 11 42 45 -1 14 43 99 -1 -2
81 -1 74 96 -1 52 -1 -2
15 30 53 -1 98 -1 68 -1 -2
90 -1 21 42 65 86 -1 71 82 -1 -2
9 49 98 -1 75 80 96 -1 86 -1 -2
4 -1 12 22 24 78 -1 41 -1 -2
91 97 -1 22 26 27 72 -1 3 12 35 59 -1 -2
24 90 -1 51 94 -1 14 -1 -2
2 89 93 -1 19 61 -1 29 69 -1 -2
57 68 81 -1 4 96 -1 84 86 -1 -2
79 -1 25 50 74 -1 50 52 74 -1 -2
21 42 53 -1 89 -1 40 67 80 -1 -2
22 27 62 69 -1 6 15 36 -1 45 71 77 82 -1 -2
8 17 30 -1 2 21 84 -1 18 21 58 87 -1 -2
10 59 75 99 -1 43 97 99 -1 74 -1 -2
9 16 61 98 -1 48 81 -1 60 81 88 -1 -2
44 56 64 -1 31 98 -1 16 32 35 53 -1 -2
3 19 59 92 -1 8 48 78 -1 53 57 62 69 -1 -2
24 -1 15 37 48 -1 10 50 73 74 -1 -2
19 -1 39 80 -1 50 -1 -2
18 60 61 68 -1 24 42 66 -1 65 80 81 -1 -2
37 74 99 -1 42 -1 22 37 95 -1 -2
38 61 66 81 -1 68 -1 75 -1 -2
6 35 46 65 -1 10 27 -1 46 73 -1 -2
58 -1 13 -1 78 -1 -2
35 -1 5 8 31 77 -1 1 -1 -2
2 -1 39 43 81 84 -1 16 44 47 85 -1 -2
41 54 71 92 -1 29 50 -1 5 29 61 96 -1 -2
76 -1 43 55 -1 30 41 -1 -2
19 67 -1 17 -1 49 -1 -2
30 71 -1 34 65 99 -1 9 26 76 89 -1 -2
4 55 94 -1 43 57 58 -1 8 34 -1 -2
10 15 35 74 -1 14 20 75 -1 29 59 83 -1 -2
2 9 32 -1 11 42 65 72 -1 5 42 86 90 -1 -2
16 70 89 99 -1 37 44 -1 3 80 83 92 -1 -2
15 -1 34 95 -1 34 88 -1 -2
72 -1 8 69 94 -1 16 28 -1 -2
13 29 60 -1 30 87 -1 42 45 -1 -2
51 -1 60 62 68 86 -1 90 -1 -2
12 24 79 97 -1 4 91 -1 13 -1 -2
8 10 40 -1 32 -1 20 67 -1 -2
37 -1 72 86 -1 17 29 54 55 -1 -2
65 -1 16 55 77 96 -1 21 -1 -2
5 51 71 -1 63 64 73 -1 8 20 35 38 -1 -2
10 99 -1 49 50 72 -1 5 17 49 71 -1 -2
6 35 63 92 -1 15 67 -1 21 50 78 -1 -2
23 68 69 100 -1 55 72 91 -1 11 72 -1 -2
30 -1 7 72 86 -1 50 71 95 -1 -2
63 94 -1 66 -1 3 53 69 -1 -2
2 51 77 93 -1 35 71 84 98 -1 62 63 -1 -2
69 98 -1 18 32 39 46 -1 55 59 -1 -2
48 93 -1 1 4 16 31 -1 18 32 35 -1 -2
9 25 31 36 -1 76 79 89 -1 23 -1 -2
27 31 -1 39 48 63 -1 55 56 78 -1 -2
85 93 -1 73 84 -1 22 69 77 -1 -2
51 61 -1 35 -1 32 53 76 -1 -2
13 20 66 85 -1 5 25 47 77 -1 44 76 83 -1 -2
12 50 92 100 -1 23 55 -1 21 -1 -2
14 22 87 97 -1 21 27 48 -1 32 51 85 -1 -2
16 95 -1 61 78 -1 58 84 -1 -2
17 -1 33 -1 61 62 -1 -2
19 -1 29 86 89 97 -1 15 19 36 95 -1 -2
10 54 -1 50 -1 18 55 73 94 -1 -2
3 31 71 80 -1 17 34 -1 57 65 -1 -2
6 31 88 -1 56 84 87 -1 79 -1 -2
42 60 96 -1 6 28 84 100 -1 6 27 29 56 -1 -2
1 3 29 58 -1 14 95 100 -1 46 49 -1 -2
47 52 74 83 -1 10 66 79 -1 4 20 39 41 -1 -2
21 50 85 98 -1 29 37 -1 28 90 -1 -2
6 48 49 95 -1 2 38 76 89 -1 58 -1 -2
14 39 41 51 -1 28 -1 47 -1 -2
3 23 65 70 -1 8 10 36 -1 5 56 76 84 -1 -2
51 56 72 86 -1 19 -1 37 48 67 72 -1 -2
45 -1 81 -1 11 17 69 74 -1 -2
1 79 98 -1 9 25 55 -1 76 92 -1 -2
3 14 35 82 -1 19 47 -1 60 98 -1 -2
36 78 79 -1 10 33 43 -1 64 67 77 -1 -2
26 43 64 98 -1 5 64 -1 35 68 -1 -2
68 -1 35 37 83 -1 26 39 48 -1 -2
37 94 -1 83 -1 15 20 58 -1 -2
43 -1 56 -1 38 39 47 88 -1 -2
8 9 37 99 -1 22 -1 5 85 92 -1 -2
65 66 85 -1 1 42 55 -1 25 69 -1 -2
42 -1 24 54 56 73 -1 68 -1 -2
19 -1 70 -1 23 72 93 -1 -2
50 80 85 97 -1 5 50 58 91 -1 66 72 -1 -2
19 38 83 -1 19 28 54 74 -1 28 40 69 -1 -2
77 78 -1 48 70 -1 61 90 -1 -2
25 -1 70 95 96 98 -1 4 19 85 -1 -2
29 77 80 -1 47 -1 11 29 33 -1 -2
48 -1 29 38 -1 15 30 63 -1 -2
24 -1 42 59 68 77 -1 2 6 -1 -2
80 -1 7 89 95 -1 10 75 80 99 -1 -2
21 -1 19 39 94 -1 85 91 -1 -2
20 50 -1 2 22 26 78 -1 42 -1 -2
33 73 94 -1 21 23 48 94 -1 66 83 -1 -2
86 -1 40 80 82 -1 20 65 71 84 -1 -2
72 99 -1 48 79 -1 3 22 55 -1 -2
60 -1 5 -1 8 31 -1 -2
86 -1 22 73 -1 90 -1 -2
10 70 91 95 -1 43 54 59 84 -1 27 28 -1 -2
13 16 57 73 -1 96 -1 11 13 34 -1 -2
83 89 99 -1 7 -1 57 93 -1 -2
95 -1 33 97 -1 14 49 77 -1 -2
24 -1 9 77 90 -1 100 -1 -2
6 87 -1 43 65 -1 51 75 -1 -2
25 75 -1 45 84 -1 5 13 -1 -2
27 -1 20 46 62 100 -1 29 -1 -2
36 57 60 -1 9 30 -1 3 52 56 -1 -2
39 -1 12 14 75 88 -1 18 -1 -2
83 -1 59 -1 22 31 -1 -2
82 97 -1 4 32 77 -1 5 26 -1 -2
23 40 80 90 -1 66 -1 3 -1 -2
63 90 -1 76 79 88 -1 7 88 97 -1 -2
23 31 53 89 -1 10 14 57 80 -1 41 -1 -2
37 41 44 79 -1 66 -1 5 42 43 -1 -2
8 32 98 -1 18 45 67 -1 43 60 -1 -2
3 54 77 88 -1 33 -1 72 85 -1 -2
3 9 65 100 -1 25 53 -1 3 9 11 36 -1 -2
12 62 76 87 -1 6 76 -1 60 68 -1 -2
25 90 -1 18 65 -1 56 92 94 -1 -2
33 -1 74 -1 10 12 69 79 -1 -2
16 -1 8 11 15 74 -1 25 84 93 -1 -2
20 44 49 97 -1 46 58 92 -1 55 77 78 80 -1 -2
5 36 76 89 -1 14 56 71 -1 88 98 -1 -2
4 41 -1 25 51 76 -1 37 -1 -2
92 -1 1 19 98 -1 6 30 44 -1 -2
6 -1 14 23 54 -1 74 -1 -2
39 59 -1 34 100 -1 58 79 -1 -2
5 23 36 73 -1 30 43 68 83 -1 51 72 -1 -2
19 28 67 -1 18 -1 61 -1 -2
14 -1 36 -1 7 52 83 -1 -2
72 98 -1 1 21 -1 1 45 62 73 -1 -2
12 97 -1 20 -1 41 -1 -2
73 77 -1 48 59 -1 16 49 68 84 -1 -2
25 32 76 86 -1 29 67 75 -1 47 52 55 71 -1 -2
58 -1 17 38 53 82 -1 3 4 33 89 -1 -2
81 -1 7 13 20 77 -1 3 68 75 90 -1 -2
31 86 90 -1 84 -1 4 32 36 -1 -2
29 -1 38 46 83 -1 2 -1 -2
14 43 -1 24 25 37 93 -1 8 71 91 -1 -2
37 57 90 -1 22 36 77 79 -1 6 51 -1 -2
44 70 79 -1 9 -1 18 32 87 94 -1 -2
38 -1 41 -1 19 47 93 -1 -2
3 16 88 -1 61 76 77 81 -1 7 46 -1 -2
44 79 83 88 -1 13 94 -1 9 63 83 -1 -2
13 42 70 87 -1 1 46 58 -1 9 100 -1 -2
23 26 85 -1 20 -1 8 -1 -2
18 22 -1 4 10 18 87 -1 34 85 93 -1 -2
62 73 91 98 -1 73 82 84 -1 8 29 36 38 -1 -2
12 47 84 98 -1 60 -1 27 99 -1 -2
27 41 73 99 -1 58 70 79 93 -1 7 23 28 99 -1 -2
73 93 -1 56 -1 37 -1 -2
29 48 67 -1 30 40 46 -1 56 86 -1 -2
20 -1 21 -1 18 64 -1 -2
36 80 -1 35 69 78 -1 18 31 97 -1 -2
31 41 42 48 -1 37 46 65 99 -1 6 33 51 90 -1 -2
24 49 97 -1 19 20 40 60 -1 28 44 -1 -2
7 70 74 96 -1 50 -1 37 -1 -2
60 -1 9 -1 2 13 22 -1 -2
43 -1 24 -1 35 48 96 -1 -2
17 23 67 78 -1 43 82 -1 14 97 -1 -2
16 21 73 -1 79 -1 92 -1 -2
78 -1 10 43 59 -1 9 20 63 -1 -2
67 68 -1 34 67 -1 5 67 -1 -2
60 67 70 -1 48 -1 2 23 32 57 -1 -2
45 53 74 98 -1 24 -1 40 -1 -2
72 77 -1 31 72 -1 52 54 73 -1 -2
48 51 64 81 -1 1 13 78 -1 12 65 -1 -2
89 -1 43 57 63 89 -1 14 15 23 70 -1 -2
26 33 65 70 -1 13 26 -1 56 -1 -2
10 62 66 100 -1 3 -1 7 9 98 -1 -2
89 93 -1 46 -1 28 60 -1 -2
45 65 -1 25 48 80 92 -1 38 59 73 98 -1 -2
24 52 54 56 -1 20 26 36 58 -1 63 88 94 -1 -2
79 -1 82 87 -1 37 95 -1 -2
31 -1 11 81 99 -1 29 62 64 97 -1 -2
12 44 -1 3 21 -1 71 84 87 -1 -2
75 -1 13 -1 23 -1 -2
19 31 43 96 -1 19 49 70 -1 6 33 67 69 -1 -2
37 41 68 77 -1 22 -1 73 -1 -2
6 66 82 -1 60 -1 13 72 86 -1 -2
4 5 42 -1 64 80 -1 2 5 48 95 -1 -2
44 85 90 91 -1 5 8 9 -1 6 30 -1 -2
47 68 91 -1 14 46 -1 73 -1 -2
36 48 65 87 -1 84 86 95 -1 6 29 37 81 -1 -2
69 -1 97 -1 7 -1 -2
42 -1 63 74 -1 10 24 63 -1 -2
41 -1 27 -1 45 66 76 -1 -2
46 80 92 -1 33 72 -1 27 53 82 -1 -2
11 89 -1 70 86 -1 25 32 91 -1 -2
52 -1 25 79 85 -1 8 20 -1 -2
15 86 99 -1 49 60 85 99 -1 8 83 95 -1 -2
19 55 97 -1 5 45 60 61 -1 28 40 60 94 -1 -2
12 53 55 56 -1 9 59 87 -1 34 39 60 -1 -2
46 67 -1 14 61 63 94 -1 14 -1 -2
11 36 91 -1 42 47 98 100 -1 14 51 68 72 -1 -2
17 26 65 -1 62 65 69 -1 4 7 16 62 -1 -2
41 66 -1 34 39 -1 43 46 52 -1 -2
14 37 81 -1 9 -1 17 -1 -2
11 76 87 -1 17 30 36 78 -1 8 -1 -2
20 72 -1 20 61 63 83 -1 39 -1 -2
10 69 -1 34 49 70 -1 79 -1 -2
45 81 -1 24 54 56 74 -1 1 6 26 88 -1 -2
14 33 50 -1 51 83 -1 1 2 28 71 -1 -2
8 70 75 -1 52 -1 54 -1 -2
4 34 -1 92 -1 36 -1 -2
47 53 -1 20 60 -1 2 46 70 -1 -2
17 98 -1 44 48 98 -1 16 68 78 -1 -2
58 84 -1 1 23 50 96 -1 18 -1 -2
86 -1 86 92 -1 30 -1 -2
56 77 79 93 -1 19 -1 74 -1 -2
76 99 -1 12 37 -1 45 79 93 -1 -2
22 65 81 -1 4 15 -1 68 -1 -2
29 59 -1 43 56 87 -1 13 82 91 100 -1 -2
29 79 91 -1 64 -1 5 24 26 88 -1 -2
2 59 79 -1 64 -1 2 17 59 -1 -2
9 32 72 -1 2 9 61 -1 42 92 -1 -2
96 -1 55 -1 1 44 61 -1 -2
92 -1 47 51 62 72 -1 57 96 -1 -2
29 65 81 100 -1 38 52 68 99 -1 75 -1 -2
10 20 54 61 -1 27 55 -1 33 47 -1 -2
57 66 -1 28 35 63 95 -1 19 -1 -2
46 66 91 -1 8 46 88 -1 68 81 84 -1 -2
46 55 63 93 -1 41 68 -1 51 -1 -2
49 88 -1 52 -1 24 56 -1 -2
13 55 81 94 -1 26 90 -1 22 55 100 -1 -2
27 48 55 64 -1 32 92 -1 54 89 -1 -2
17 56 81 -1 45 64 -1 13 25 34 61 -1 -2
26 -1 21 95 -1 31 32 38 98 -1 -2
90 -1 24 33 77 -1 97 100 -1 -2
7 22 -1 71 95 -1 2 11 30 54 -1 -2
6 29 56 80 -1 3 56 86 -1 13 39 52 -1 -2
10 19 54 65 -1 3 26 49 -1 50 -1 -2
88 -1 47 96 -1 1 84 90 -1 -2
1 16 23 92 -1 69 -1 1 -1 -2
30 56 68 -1 50 63 71 73 -1 24 25 -1 -2
41 44 73 -1 13 63 71 77 -1 31 90 -1 -2
64 65 67 -1 5 52 72 -1 33 76 -1 -2
9 88 -1 28 -1 87 -1 -2
37 74 90 100 -1 50 64 92 -1 14 25 54 91 -1 -2
62 -1 6 -1 74 89 -1 -2
61 88 -1 23 27 68 81 -1 78 -1 -2
23 36 89 95 -1 10 -1 3 76 91 92 -1 -2
9 36 54 96 -1 10 86 -1 84 -1 -2
17 23 73 86 -1 18 57 -1 8 9 37 64 -1 -2
48 67 -1 80 -1 21 61 67 85 -1 -2
32 39 -1 73 95 -1 23 26 -1 -2
25 50 91 -1 10 32 59 67 -1 25 48 50 81 -1 -2
31 70 -1 52 -1 12 79 -1 -2
1 36 -1 8 48 84 86 -1 46 48 53 -1 -2
35 71 90 -1 60 -1 10 13 86 96 -1 -2
28 39 44 -1 69 98 -1 35 50 -1 -2
27 75 -1 18 -1 98 -1 -2
2 22 68 88 -1 7 10 35 78 -1 81 -1 -2
16 26 30 89 -1 14 83 -1 11 32 -1 -2
40 80 89 -1 11 62 -1 91 -1 -2
34 39 68 75 -1 50 96 -1 3 35 47 58 -1 -2
13 89 -1 1 67 -1 7 22 45 62 -1 -2
7 83 -1 12 13 80 82 -1 60 99 -1 -2
49 84 87 88 -1 8 19 79 94 -1 25 34 62 -1 -2
10 -1 8 33 49 -1 30 -1 -2
20 51 -1 35 94 -1 37 72 76 79 -1 -2
50 57 -1 3 87 -1 29 79 94 -1 -2
1 87 -1 9 57 82 -1 12 39 71 89 -1 -2
46 74 100 -1 24 85 -1 2 20 50 89 -1 -2
40 46 78 -1 14 65 -1 42 50 68 78 -1 -2
87 -1 54 -1 10 23 63 94 -1 -2
14 33 77 -1 13 72 -1 73 74 -1 -2
16 18 25 92 -1 3 23 67 85 -1 28 68 90 -1 -2
17 -1 6 47 78 94 -1 36 78 -1 -2
19 37 96 -1 22 -1 60 92 -1 -2
35 63 -1 8 9 21 92 -1 62 -1 -2
12 14 -1 45 -1 39 48 49 -1 -2
39 61 -1 37 69 95 -1 19 22 34 81 -1 -2
26 -1 67 -1 28 -1 -2
30 43 -1 36 40 -1 43 78 -1 -2
62 97 -1 52 85 -1 13 -1 -2
32 46 73 -1 100 -1 68 -1 -2
37 73 83 88 -1 57 89 -1 10 99 -1 -2
2 28 47 55 -1 25 38 48 70 -1 11 39 51 85 -1 -2
69 82 98 -1 1 65 96 99 -1 20 -1 -2
13 55 -1 22 30 -1 89 -1 -2
28 39 92 100 -1 36 72 89 -1 23 46 -1 -2
33 84 -1 49 58 -1 42 60 75 -1 -2
14 71 -1 27 41 63 96 -1 19 29 50 -1 -2
24 29 -1 2 -1 75 85 -1 -2
15 35 41 -1 69 -1 19 21 100 -1 -2
63 66 93 -1 44 71 98 -1 10 -1 -2
5 51 99 -1 6 17 26 35 -1 74 -1 -2
9 52 91 -1 2 -1 49 -1 -2
8 28 33 40 -1 21 -1 12 -1 -2
51 54 80 88 -1 41 69 77 -1 32 74 -1 -2
3 62 80 -1 25 45 -1 15 69 80 -1 -2
85 -1 77 78 79 95 -1 50 -1 -2
27 38 -1 87 -1 3 27 54 87 -1 -2
3 -1 28 45 -1 10 80 -1 -2
31 81 -1 20 -1 6 18 41 67 -1 -2
32 33 41 -1 3 6 87 -1 63 -1 -2
30 -1 2 14 75 84 -1 37 43 65 -1 -2
93 -1 25 34 88 -1 30 60 -1 -2
19 21 30 45 -1 1 -1 14 62 91 98 -1 -2
29 52 57 -1 79 -1 12 29 75 77 -1 -2
28 87 -1 2 35 38 -1 92 -1 -2
9 55 82 -1 1 9 18 -1 34 60 73 78 -1 -2
45 60 94 -1 76 -1 9 -1 -2
54 60 87 -1 8 25 28 42 -1 89 -1 -2
36 60 63 85 -1 45 53 74 94 -1 26 -1 -2
16 19 36 82 -1 47 83 -1 5 9 15 57 -1 -2
74 -1 10 76 -1 3 34 92 97 -1 -2
16 23 90 98 -1 10 21 88 -1 9 69 95 -1 -2
28 -1 22 72 -1 5 20 30 -1 -2
37 62 77 -1 9 42 -1 29 60 86 94 -1 -2
56 62 -1 34 43 73 -1 100 -1 -2
12 29 -1 3 21 38 91 -1 44 62 91 -1 -2
30 71 -1 7 -1 19 64 -1 -2
4 48 85 -1 14 17 37 84 -1 16 -1 -2
51 82 -1 13 -1 4 -1 -2
69 100 -1 64 -1 22 -1 -2
5 26 40 71 -1 58 59 66 95 -1 53 68 89 96 -1 -2
8 42 43 58 -1 23 38 -1 30 50 70 71 -1 -2
30 31 74 83 -1 29 30 -1 25 80 -1 -2
8 17 18 59 -1 17 94 -1 53 -1 -2
10 13 22 94 -1 27 90 -1 9 41 -1 -2
36 95 -1 5 63 82 -1 67 -1 -2
7 20 89 -1 20 46 -1 8 18 36 -1 -2
25 39 46 -1 5 20 39 80 -1 41 -1 -2
46 73 -1 4 -1 11 58 70 -1 -2
10 18 27 83 -1 25 -1 1 8 79 85 -1 -2
5 24 82 -1 11 23 53 90 -1 10 77 -1 -2
23 28 79 -1 23 66 -1 44 100 -1 -2
50 88 89 -1 9 50 71 78 -1 50 75 83 -1 -2
36 63 -1 12 55 80 -1 63 -1 -2
26 42 76 -1 20 30 51 58 -1 8 60 -1 -2
93 97 -1 8 25 94 -1 1 55 86 -1 -2
19 24 53 -1 10 54 -1 2 10 70 -1 -2
20 73 88 -1 99 -1 13 14 40 42 -1 -2
7 81 93 99 -1 25 33 46 -1 28 -1 -2
35 39 -1 16 26 55 71 -1 13 45 85 -1 -2
55 77 86 -1 23 48 -1 63 -1 -2
92 -1 25 -1 37 60 92 -1 -2
93 -1 63 100 -1 16 91 -1 -2
53 56 64 96 -1 10 -1 99 -1 -2
16 18 62 79 -1 17 42 -1 48 83 -1 -2
12 19 56 90 -1 44 -1 2 33 45 -1 -2
27 58 94 -1 10 56 -1 27 40 51 77 -1 -2
4 -1 5 30 61 80 -1 58 59 -1 -2
15 37 52 92 -1 22 34 91 -1 52 -1 -2
89 -1 5 27 30 59 -1 69 79 -1 -2
1 38 77 90 -1 1 9 -1 56 -1 -2
9 49 95 -1 2 100 -1 27 34 -1 -2
8 79 99 -1 13 97 -1 71 83 -1 -2
1 17 -1 37 66 -1 22 86 -1 -2
28 44 79 99 -1 7 -1 42 45 95 -1 -2
53 63 -1 30 44 67 -1 17 56 -1 -2
53 59 64 -1 27 43 69 79 -1 15 28 94 -1 -2
14 17 -1 15 65 90 -1 23 27 75 -1 -2
19 44 66 85 -1 60 -1 30 82 -1 -2
5 29 66 -1 10 18 21 28 -1 88 -1 -2
62 -1 40 -1 14 32 41 54 -1 -2
26 28 53 57 -1 90 -1 2 79 -1 -2
1 10 30 96 -1 61 70 -1 7 25 43 63 -1 -2
32 39 63 -1 10 55 62 -1 7 29 -1 -2
38 -1 10 95 -1 10 47 59 94 -1 -2
6 44 46 -1 77 -1 8 58 77 -1 -2
8 57 -1 25 73 -1 39 48 61 -1 -2
61 90 97 -1 1 71 78 -1 5 21 62 90 -1 -2
72 90 98 -1 33 48 -1 15 -1 -2
36 89 -1 49 89 -1 20 93 -1 -2
58 -1 88 -1 1 35 -1 -2
1 72 78 -1 22 -1 24 30 87 -1 -2
76 81 84 100 -1 20 -1 33 45 47 55 -1 -2
7 8 -1 42 90 -1 11 33 73 -1 -2
40 43 66 -1 27 28 75 -1 24 55 69 70 -1 -2
62 -1 23 63 -1 35 37 -1 -2
50 -1 63 -1 95 -1 -2
53 -1 27 60 75 -1 95 -1 -2
10 46 70 -1 52 -1 9 44 60 -1 -2
50 60 87 -1 32 56 92 -1 80 -1 -2
23 100 -1 3 38 45 54 -1 27 43 59 98 -1 -2
10 11 62 -1 76 -1 11 23 75 83 -1 -2
10 51 77 -1 99 -1 15 -1 -2
34 72 92 99 -1 53 98 -1 27 44 54 67 -1 -2
12 30 55 90 -1 10 74 -1 8 -1 -2
52 -1 37 81 88 -1 14 89 -1 -2
55 64 83 -1 6 13 -1 54 -1 -2
4 42 77 88 -1 3 53 -1 32 66 95 -1 -2
46 57 -1 15 96 -1 15 44 64 86 -1 -2
59 -1 24 -1 7 23 31 82 -1 -2
62 76 -1 1 23 61 -1 42 44 45 94 -1 -2
40 -1 30 -1 2 41 -1 -2
60 -1 62 90 98 -1 66 -1 -2
17 61 -1 15 42 51 84 -1 40 50 87 -1 -2
18 95 -1 92 97 -1 15 -1 -2
2 3 42 100 -1 5 12 90 92 -1 55 84 93 99 -1 -2
11 31 35 65 -1 34 49 55 72 -1 18 77 85 -1 -2
8 58 95 -1 78 -1 2 15 29 54 -1 -2
12 -1 13 31 64 -1 45 -1 -2
22 79 -1 50 58 -1 12 23 32 89 -1 -2
6 39 -1 42 56 81 91 -1 9 20 68 -1 -2
41 44 46 89 -1 18 33 72 87 -1 62 78 85 -1 -2
8 10 14 -1 28 93 -1 34 75 -1 -2
27 44 66 69 -1 11 12 -1 51 86 -1 -2
37 -1 31 53 -1 22 36 69 84 -1 -2
48 92 -1 11 55 -1 67 98 -1 -2
10 62 96 -1 13 67 90 -1 38 73 78 -1 -2
49 96 -1 1 -1 3 17 74 87 -1 -2
14 16 49 -1 22 -1 34 45 92 -1 -2
23 74 79 -1 14 67 -1 26 -1 -2
4 90 91 -1 19 35 70 -1 2 15 -1 -2
9 23 45 78 -1 65 98 -1 16 -1 -2
10 71 -1 8 33 44 71 -1 28 53 55 -1 -2
4 91 95 100 -1 29 34 71 74 -1 26 41 84 -1 -2
19 30 72 89 -1 17 30 100 -1 11 39 95 -1 -2
73 -1 23 49 59 -1 20 75 -1 -2
38 51 55 -1 2 30 37 -1 25 37 83 -1 -2
87 -1 40 75 93 -1 1 9 30 87 -1 -2
34 63 77 86 -1 11 17 88 -1 1 36 -1 -2
86 -1 23 26 31 61 -1 25 34 52 -1 -2
4 19 52 53 -1 9 47 75 -1 45 -1 -2
37 59 73 83 -1 12 62 63 97 -1 14 57 69 -1 -2
27 45 70 72 -1 7 34 36 -1 25 42 -1 -2
32 96 -1 84 86 -1 45 65 -1 -2
43 -1 3 26 -1 75 88 -1 -2
99 -1 13 -1 65 96 -1 -2
87 -1 58 -1 48 99 -1 -2
9 83 100 -1 7 38 -1 91 95 -1 -2
61 -1 39 49 -1 39 43 52 98 -1 -2
13 49 56 -1 6 59 81 85 -1 2 10 63 -1 -2
25 58 71 72 -1 13 63 87 -1 74 -1 -2
66 90 -1 1 74 94 -1 95 -1 -2
14 17 52 75 -1 41 64 67 -1 51 -1 -2
29 37 92 95 -1 52 -1 58 -1 -2
72 100 -1 75 82 -1 23 78 85 -1 -2
13 97 -1 4 38 -1 73 92 -1 -2
11 42 92 -1 1 21 64 -1 32 -1 -2
3 40 -1 2 24 26 79 -1 37 80 -1 -2
41 72 76 -1 21 90 -1 18 32 38 -1 -2
62 77 80 -1 10 -1 13 46 50 92 -1 -2
62 -1 69 -1 39 65 -1 -2
35 48 -1 74 -1 29 54 -1 -2
11 29 -1 39 -1 3 6 9 31 -1 -2
7 61 68 -1 30 37 95 97 -1 78 -1 -2
5 46 67 -1 47 48 -1 1 44 52 79 -1 -2
18 61 64 -1 44 -1 83 -1 -2
9 11 69 -1 4 27 -1 83 94 -1 -2
44 79 -1 25 48 90 -1 8 -1 -2
36 79 -1 24 38 44 95 -1 34 -1 -2
9 14 48 86 -1 5 77 -1 12 13 76 -1 -2
49 91 -1 19 24 26 31 -1 47 57 -1 -2
88 -1 53 -1 16 28 83 -1 -2
70 -1 14 -1 17 -1 -2
21 76 79 -1 11 34 36 72 -1 1 54 74 -1 -2
97 -1 14 69 89 -1 13 30 -1 -2
13 58 92 99 -1 2 14 19 83 -1 44 -1 -2
41 61 66 90 -1 1 -1 30 -1 -2
10 57 -1 98 -1 13 32 57 83 -1 -2
24 62 -1 26 -1 28 44 58 -1 -2
32 -1 35 48 74 -1 24 72 82 -1 -2
34 55 89 94 -1 44 66 75 -1 82 -1 -2
67 93 -1 21 -1 73 -1 -2
6 -1 73 82 -1 7 36 44 89 -1 -2
84 -1 2 8 96 -1 41 87 -1 -2
8 31 61 74 -1 66 75 79 -1 17 38 50 97 -1 -2
15 60 84 98 -1 2 71 -1 85 -1 -2
84 85 -1 9 11 72 -1 25 37 -1 -2
67 -1 83 -1 8 36 76 79 -1 -2
37 51 -1 15 51 53 81 -1 76 80 88 -1 -2
49 -1 29 53 60 89 -1 89 91 95 99 -1 -2
28 -1 9 31 34 84 -1 31 46 67 -1 -2
3 6 13 61 -1 49 -1 58 82 96 -1 -2
56 79 -1 10 42 94 98 -1 40 60 66 -1 -2
16 20 84 93 -1 11 33 84 -1 72 74 97 -1 -2
62 85 -1 11 27 58 67 -1 20 24 53 -1 -2
67 -1 58 95 -1 27 32 82 -1 -2
12 29 -1 37 53 -1 31 63 82 -1 -2
38 64 -1 100 -1 73 -1 -2
35 55 -1 33 36 42 55 -1 46 -1 -2
37 85 -1 13 -1 71 -1 -2
16 19 -1 49 -1 5 79 -1 -2
22 54 70 -1 1 14 -1 2 4 42 70 -1 -2
29 -1 2 34 47 91 -1 49 50 55 85 -1 -2
13 67 -1 57 81 -1 8 9 39 76 -1 -2
41 48 86 93 -1 36 38 83 97 -1 76 87 91 -1 -2
100 -1 12 60 61 -1 74 93 97 -1 -2
30 37 100 -1 28 39 50 85 -1 7 -1 -2
84 -1 34 48 86 -1 21 98 -1 -2
54 75 -1 24 80 -1 14 -1 -2
11 22 94 -1 29 90 -1 9 79 83 89 -1 -2
69 -1 20 96 98 -1 3 28 54 76 -1 -2
38 66 72 90 -1 2 19 79 91 -1 5 36 74 87 -1 -2
97 -1 12 -1 13 50 99 -1 -2
41 -1 4 56 -1 25 31 32 98 -1 -2
47 -1 87 93 -1 21 95 -1 -2
74 75 90 -1 11 23 45 72 -1 1 4 14 68 -1 -2
96 -1 37 -1 75 84 94 -1 -2
3 32 33 79 -1 38 97 -1 25 80 -1 -2
61 -1 67 -1 38 96 -1 -2
89 -1 12 75 -1 4 7 58 96 -1 -2
28 86 90 95 -1 44 -1 46 70 98 -1 -2
18 22 -1 2 11 -1 47 -1 -2
13 21 22 -1 30 34 63 68 -1 35 68 87 -1 -2
10 92 99 -1 17 -1 18 34 68 73 -1 -2
27 67 71 -1 59 75 87 -1 41 -1 -2
26 70 83 -1 53 -1 22 50 59 90 -1 -2
6 9 -1 1 -1 17 26 49 69 -1 -2
27 67 91 -1 63 -1 13 52 67 99 -1 -2
56 65 89 -1 73 85 90 -1 15 62 74 -1 -2
33 40 -1 22 -1 16 17 -1 -2
59 -1 6 -1 2 5 98 -1 -2
40 44 52 -1 32 86 98 -1 11 -1 -2
73 -1 12 19 20 -1 99 -1 -2
54 -1 26 29 55 68 -1 14 35 -1 -2
9 16 23 91 -1 56 94 -1 55 58 80 -1 -2
39 -1 8 13 39 51 -1 21 38 53 -1 -2
13 26 -1 25 56 96 -1 16 54 -1 -2
27 48 89 90 -1 4 12 19 33 -1 17 -1 -2
14 33 57 -1 10 36 54 -1 16 45 -1 -2
19 27 -1 31 51 69 74 -1 84 -1 -2
10 13 46 96 -1 70 -1 3 11 29 -1 -2
54 98 100 -1 6 23 32 95 -1 40 58 -1 -2
5 14 36 72 -1 57 -1 32 52 65 74 -1 -2
17 42 63 -1 38 89 -1 89 -1 -2
4 95 -1 27 32 -1 40 68 89 -1 -2
99 -1 39 89 -1 27 28 52 96 -1 -2
47 -1 8 44 66 -1 24 67 -1 -2
12 30 73 -1 77 91 -1 45 87 95 -1 -2
6 -1 32 63 99 -1 1 30 81 82 -1 -2
15 25 40 95 -1 67 -1 10 37 60 74 -1 -2
9 34 43 -1 99 -1 43 49 92 -1 -2
73 92 -1 46 54 93 -1 4 33 35 79 -1 -2
4 49 51 -1 70 -1 25 35 48 67 -1 -2
26 69 75 -1 2 -1 64 -1 -2
3 69 -1 38 43 50 56 -1 50 -1 -2
4 9 43 76 -1 32 61 -1 64 92 -1 -2
58 65 -1 36 -1 15 57 -1 -2
5 45 56 83 -1 12 23 26 -1 59 82 -1 -2
81 -1 64 91 -1 79 -1 -2
65 -1 8 44 80 -1 25 55 59 -1 -2
8 17 34 -1 43 50 80 -1 70 91 -1 -2
56 86 -1 37 -1 38 39 76 -1 -2
49 66 -1 9 24 77 -1 10 17 -1 -2
17 20 47 72 -1 32 60 94 -1 8 34 55 68 -1 -2
44 60 71 85 -1 22 26 -1 72 -1 -2
23 -1 11 12 74 -1 88 -1 -2
37 77 78 -1 86 -1 4 13 77 -1 -2
32 41 62 -1 21 27 69 -1 23 32 67 100 -1 -2
89 -1 10 28 60 -1 22 60 -1 -2
4 78 88 -1 50 69 -1 4 28 91 -1 -2
22 42 -1 15 31 63 78 -1 11 15 -1 -2
32 53 66 84 -1 27 55 70 -1 24 58 -1 -2
33 -1 20 47 73 -1 1 24 49 -1 -2
1 -1 63 -1 57 82 -1 -2
19 63 73 -1 14 29 30 -1 49 94 -1 -2
27 95 -1 37 56 58 94 -1 86 -1 -2
9 17 46 51 -1 3 47 57 97 -1 24 37 62 80 -1 -2
42 80 90 -1 27 -1 4 83 -1 -2
25 33 45 82 -1 15 23 41 -1 14 34 79 98 -1 -2
19 36 42 68 -1 24 59 67 96 -1 65 87 -1 -2
51 86 -1 36 54 -1 31 73 95 -1 -2
1 64 75 85 -1 13 -1 35 71 94 -1 -2
1 2 18 -1 34 79 87 -1 12 17 58 98 -1 -2
19 26 83 -1 7 62 80 -1 83 -1 -2
75 -1 33 37 84 -1 63 -1 -2
57 -1 13 44 89 -1 27 60 78 94 -1 -2
5 18 22 88 -1 9 80 -1 64 -1 -2
8 27 40 -1 8 40 -1 55 59 84 -1 -2
25 46 58 71 -1 23 37 -1 45 -1 -2
41 47 48 82 -1 51 -1 38 71 87 97 -1 -2
64 97 -1 15 50 82 84 -1 24 -1 -2
2 9 41 -1 74 81 -1 4 8 32 57 -1 -2
26 -1 8 51 94 -1 14 -1 -2
39 51 65 -1 79 -1 33 67 -1 -2
25 32 -1 21 23 -1 19 23 45 60 -1 -2
9 -1 22 37 64 -1 52 60 66 82 -1 -2
45 58 -1 9 45 -1 77 -1 -2
26 33 97 -1 8 44 81 83 -1 17 19 43 -1 -2
27 41 51 96 -1 34 62 87 -1 33 62 64 96 -1 -2
4 15 67 -1 12 26 63 98 -1 56 58 75 -1 -2
45 70 79 97 -1 39 86 -1 12 19 26 -1 -2
92 98 -1 9 24 27 88 -1 38 70 79 -1 -2
18 46 65 -1 41 70 -1 34 86 -1 -2
16 -1 4 86 -1 77 92 -1 -2
24 42 100 -1 9 14 -1 41 53 60 76 -1 -2
3 67 -1 32 86 -1 31 56 78 -1 -2
1 81 -1 3 31 -1 55 57 -1 -2
69 -1 64 79 -1 25 83 93 95 -1 -2
32 74 95 -1 49 -1 25 52 59 81 -1 -2
13 28 47 100 -1 16 54 64 -1 66 76 77 -1 -2
10 42 -1 58 86 93 -1 4 19 -1 -2
35 -1 16 93 -1 28 41 54 94 -1 -2
11 27 88 93 -1 53 -1 18 43 86 -1 -2
17 37 64 65 -1 90 -1 16 52 62 77 -1 -2
86 -1 2 25 30 84 -1 6 18 19 23 -1 -2
12 21 54 92 -1 70 -1 11 34 58 -1 -2
2 33 49 -1 22 76 100 -1 6 73 79 -1 -2
2 39 84 86 -1 1 75 -1 70 79 -1 -2
52 87 -1 18 42 44 -1 88 -1 -2
12 -1 1 69 92 -1 7 9 26 35 -1 -2
87 -1 36 -1 10 19 77 89 -1 -2
22 -1 57 -1 16 43 88 -1 -2
48 55 74 -1 45 86 -1 72 -1 -2
14 36 73 -1 26 99 -1 4 15 61 -1 -2
13 34 -1 31 42 51 81 -1 15 -1 -2
16 -1 19 38 77 -1 28 -1 -2
59 -1 10 39 70 -1 45 59 -1 -2
38 64 78 -1 38 -1 9 34 94 -1 -2
30 34 37 54 -1 81 -1 26 89 -1 -2
28 55 61 89 -1 71 84 90 -1 8 16 90 -1 -2
35 -1 28 92 -1 62 68 -1 -2
18 -1 20 92 -1 1 8 -1 -2
11 31 41 -1 36 77 96 -1 4 5 75 -1 -2
97 98 -1 37 78 80 -1 8 81 87 -1 -2
28 -1 1 60 87 -1 16 24 -1 -2
9 26 87 96 -1 2 19 55 -1 11 53 -1 -2
36 58 60 70 -1 7 89 100 -1 42 -1 -2
25 -1 14 47 56 87 -1 11 19 82 -1 -2
7 66 -1 27 33 45 -1 18 25 42 64 -1 -2
7 18 66 -1 49 60 62 90 -1 8 90 -1 -2
67 85 -1 18 73 -1 7 89 -1 -2
27 -1 22 76 -1 91 93 96 -1 -2
29 86 -1 73 79 -1 24 -1 -2
20 55 -1 46 70 87 -1 49 -1 -2
74 77 -1 38 89 -1 62 -1 -2
28 44 -1 55 87 -1 35 -1 -2
15 91 -1 52 -1 58 65 -1 -2
4 39 -1 11 84 92 -1 59 -1 -2
12 20 22 54 -1 13 49 78 -1 38 53 55 82 -1 -2
62 68 80 94 -1 6 25 81 100 -1 16 39 96 -1 -2
57 62 82 84 -1 92 -1 30 44 82 -1 -2
11 94 99 -1 70 -1 27 43 60 61 -1 -2
65 78 -1 11 69 77 -1 33 51 74 -1 -2
7 -1 8 63 72 80 -1 5 59 92 -1 -2
17 23 -1 10 15 42 51 -1 23 -1 -2
19 21 75 92 -1 89 97 -1 82 -1 -2
7 46 74 90 -1 77 -1 3 38 64 -1 -2
61 65 -1 62 -1 56 70 -1 -2
47 80 -1 59 -1 41 90 96 -1 -2
46 82 85 -1 18 -1 59 76 -1 -2
50 98 -1 5 28 83 95 -1 4 38 73 -1 -2
48 -1 6 -1 1 2 25 45 -1 -2
7 -1 11 40 47 -1 53 64 -1 -2
16 37 92 -1 40 58 85 100 -1 7 17 52 56 -1 -2
32 54 -1 8 39 73 -1 8 21 -1 -2
1 73 75 -1 81 -1 22 38 93 95 -1 -2
14 25 56 -1 39 57 -1 7 36 53 81 -1 -2
8 30 -1 56 65 86 99 -1 12 41 58 71 -1 -2
70 96 -1 5 37 52 -1 18 73 -1 -2
8 66 67 -1 22 31 36 57 -1 95 -1 -2
26 62 67 97 -1 94 -1 47 70 -1 -2
6 44 97 -1 18 -1 9 -1 -2
15 -1 43 78 -1 23 73 -1 -2
52 -1 7 71 -1 64 87 -1 -2
23 26 43 78 -1 90 -1 31 34 -1 -2
4 53 70 78 -1 32 39 55 59 -1 1 11 32 58 -1 -2
91 -1 18 94 -1 4 -1 -2
14 96 -1 20 24 42 -1 29 41 98 -1 -2
26 49 64 88 -1 8 18 40 91 -1 6 32 40 -1 -2
16 24 51 87 -1 45 -1 4 14 -1 -2
85 88 -1 7 56 -1 8 13 47 -1 -2
32 -1 5 23 59 93 -1 7 64 -1 -2
12 58 84 -1 19 43 -1 12 45 -1 -2
61 -1 17 43 57 73 -1 5 26 79 -1 -2
41 56 -1 67 94 -1 24 -1 -2
12 16 56 62 -1 62 -1 12 50 51 79 -1 -2
19 42 -1 43 86 -1 25 30 98 -1 -2
39 48 89 -1 21 35 50 87 -1 41 45 49 86 -1 -2
2 90 -1 89 -1 18 50 79 -1 -2
51 -1 65 79 87 -1 62 79 87 -1 -2
48 86 -1 70 77 86 -1 29 40 76 -1 -2
8 20 39 72 -1 36 72 83 -1 74 -1 -2
8 -1 21 40 -1 3 5 51 99 -1 -2
3 38 80 -1 32 50 52 83 -1 36 41 -1 -2
39 -1 20 83 91 -1 7 43 -1 -2
3 -1 9 19 30 85 -1 22 -1 -2
17 24 26 95 -1 28 47 -1 4 52 62 76 -1 -2
47 -1 13 21 41 84 -1 83 93 -1 -2
49 51 62 91 -1 20 56 85 -1 72 -1 -2
28 -1 14 20 -1 4 49 68 73 -1 -2
77 91 98 -1 92 -1 14 49 -1 -2
50 69 73 75 -1 30 34 81 -1 1 18 53 -1 -2
4 66 73 84 -1 48 -1 34 67 73 -1 -2
56 -1 68 -1 32 73 -1 -2
46 85 -1 10 29 72 89 -1 9 57 98 -1 -2
62 97 100 -1 33 89 -1 79 -1 -2
21 28 35 -1 2 32 80 -1 74 84 -1 -2
16 21 39 81 -1 50 83 -1 1 7 31 92 -1 -2
4 68 76 -1 1 68 91 -1 23 30 61 -1 -2
34 40 97 100 -1 8 90 -1 24 44 -1 -2
34 54 63 78 -1 56 80 88 -1 15 19 73 84 -1 -2
27 58 77 -1 69 81 -1 20 -1 -2
69 71 72 -1 37 72 88 91 -1 30 -1 -2
41 48 -1 18 30 -1 35 88 -1 -2
25 30 69 -1 85 -1 29 -1 -2
36 66 98 -1 1 87 100 -1 32 -1 -2
29 91 -1 81 100 -1 63 -1 -2
20 41 61 62 -1 3 54 74 93 -1 6 28 -1 -2
11 70 77 98 -1 17 30 53 -1 15 17 22 23 -1 -2
3 27 53 94 -1 11 -1 71 99 -1 -2
14 80 -1 55 66 -1 62 -1 -2
13 48 67 94 -1 24 30 70 92 -1 90 -1 -2
12 -1 29 -1 25 -1 -2
59 -1 10 -1 5 10 23 96 -1 -2
90 -1 9 52 84 94 -1 31 49 91 99 -1 -2
23 39 -1 8 36 -1 29 38 96 -1 -2
3 77 -1 31 63 84 87 -1 30 -1 -2
1 42 93 -1 62 -1 2 5 50 87 -1 -2
4 24 46 -1 12 34 64 -1 9 63 70 -1 -2
4 23 92 94 -1 7 47 -1 32 -1 -2
88 -1 10 24 94 99 -1 13 32 44 54 -1 -2
44 -1 24 76 89 -1 36 -1 -2
13 15 -1 22 51 65 78 -1 37 77 -1 -2
24 56 57 -1 48 51 54 68 -1 9 65 -1 -2
11 41 58 62 -1 88 -1 75 84 -1 -2
22 64 67 -1 47 69 -1 33 35 87 -1 -2
46 93 -1 16 34 72 -1 10 24 -1 -2
98 -1 59 98 99 -1 27 37 46 66 -1 -2
64 99 -1 94 -1 33 50 -1 -2
13 83 -1 52 -1 61 -1 -2
47 64 71 83 -1 44 -1 2 56 -1 -2
69 -1 27 -1 34 70 -1 -2
15 38 91 100 -1 29 -1 46 65 84 99 -1 -2
2 42 93 -1 50 58 73 96 -1 9 45 86 -1 -2
29 41 42 -1 33 99 -1 21 39 -1 -2
2 32 83 -1 6 81 -1 25 -1 -2
54 -1 5 27 44 97 -1 95 -1 -2
10 30 51 82 -1 40 57 62 68 -1 1 59 -1 -2
67 80 -1 51 -1 46 65 -1 -2
32 66 91 -1 68 94 -1 18 22 30 80 -1 -2
46 -1 1 5 33 55 -1 45 -1 -2
6 16 37 77 -1 9 27 98 99 -1 18 -1 -2
61 -1 20 58 60 66 -1 14 -1 -2
48 -1 11 31 99 -1 83 -1 -2
77 -1 36 45 90 -1 60 -1 -2
15 37 -1 59 93 -1 34 75 79 -1 -2
87 -1 1 24 40 86 -1 40 -1 -2
1 6 21 93 -1 10 49 74 -1 39 -1 -2
22 40 77 91 -1 22 45 91 93 -1 43 71 -1 -2
48 59 95 -1 9 28 49 -1 12 26 -1 -2
23 -1 16 43 52 53 -1 9 75 91 -1 -2
1 27 91 -1 5 20 54 76 -1 34 54 63 92 -1 -2
76 -1 81 -1 39 90 -1 -2
30 62 89 98 -1 31 -1 48 87 -1 -2
7 -1 21 30 44 -1 27 36 46 68 -1 -2
54 65 72 87 -1 1 4 59 -1 2 10 33 -1 -2
38 70 -1 9 29 99 -1 5 22 47 90 -1 -2
88 -1 16 51 100 -1 5 60 80 -1 -2
92 95 -1 27 41 46 -1 81 -1 -2
9 29 51 97 -1 7 34 89 95 -1 30 41 44 52 -1 -2
73 83 94 -1 35 42 91 -1 45 71 79 100 -1 -2
28 46 -1 55 88 -1 5 22 79 93 -1 -2
13 17 -1 4 46 59 -1 13 43 64 75 -1 -2
30 76 85 -1 72 80 93 -1 32 35 54 -1 -2
2 -1 26 46 68 -1 9 65 73 94 -1 -2
20 43 87 -1 20 26 -1 49 82 98 100 -1 -2
88 -1 48 65 96 -1 68 -1 -2
53 -1 52 -1 41 65 75 -1 -2
4 23 43 77 -1 6 55 -1 22 24 30 -1 -2
43 88 97 -1 12 52 56 87 -1 77 -1 -2
2 37 51 -1 71 98 -1 24 88 -1 -2
68 80 84 -1 7 52 -1 76 -1 -2
14 44 54 76 -1 90 -1 26 60 91 93 -1 -2
27 -1 11 14 45 68 -1 36 92 99 -1 -2
1 56 -1 51 60 87 -1 92 -1 -2
25 29 53 -1 13 34 78 -1 66 -1 -2
44 -1 25 73 -1 25 -1 -2
35 39 -1 34 -1 6 19 48 73 -1 -2
14 24 25 -1 37 -1 30 44 48 -1 -2
1 21 86 95 -1 39 -1 93 -1 -2
66 82 85 -1 7 29 59 74 -1 28 32 99 -1 -2
63 -1 24 57 72 -1 4 82 94 -1 -2
46 55 -1 97 -1 47 -1 -2
36 -1 33 44 46 92 -1 7 21 52 -1 -2
30 75 -1 2 31 51 99 -1 39 44 64 -1 -2
21 -1 38 41 46 68 -1 52 56 93 -1 -2
17 63 96 -1 71 -1 84 -1 -2
8 81 -1 17 23 58 73 -1 9 67 77 -1 -2
55 -1 96 -1 56 -1 -2
9 73 76 89 -1 49 60 93 -1 40 43 47 78 -1 -2
16 80 -1 41 -1 14 -1 -2
31 75 -1 35 -1 18 38 52 -1 -2
17 36 61 -1 14 33 72 -1 10 51 72 -1 -2
10 -1 5 7 23 67 -1 9 77 -1 -2
51 -1 8 22 36 48 -1 87 -1 -2
37 45 81 -1 30 -1 57 -1 -2
24 25 58 76 -1 11 34 88 99 -1 2 68 -1 -2
30 33 42 -1 41 51 72 100 -1 5 81 -1 -2
21 59 -1 58 67 83 -1 32 70 83 -1 -2
37 67 78 80 -1 4 9 24 85 -1 5 27 87 100 -1 -2
7 39 -1 7 51 61 69 -1 26 89 -1 -2
24 56 69 -1 79 84 96 -1 24 75 89 -1 -2
39 59 96 -1 58 74 -1 64 91 93 -1 -2
62 -1 47 61 77 85 -1 21 39 99 -1 -2
35 56 64 -1 3 7 8 -1 3 26 72 88 -1 -2
8 -1 23 39 49 100 -1 50 85 -1 -2
30 75 92 96 -1 57 -1 72 86 -1 -2
1 13 30 63 -1 2 96 -1 1 71 95 -1 -2
18 30 77 -1 93 -1 50 61 67 -1 -2
45 69 83 -1 2 66 87 -1 37 -1 -2
54 87 -1 4 12 -1 26 58 71 79 -1 -2
7 20 40 93 -1 65 -1 2 18 43 70 -1 -2
5 29 72 88 -1 10 -1 20 -1 -2
30 60 69 81 -1 8 72 94 -1 54 60 61 -1 -2
10 84 -1 78 -1 30 64 95 -1 -2
18 28 86 -1 18 54 60 -1 18 70 89 98 -1 -2
38 -1 19 23 94 -1 92 -1 -2
20 44 50 76 -1 81 -1 25 -1 -2
26 33 -1 6 59 68 72 -1 21 36 62 -1 -2
19 50 -1 37 81 -1 6 14 84 -1 -2
29 55 61 90 -1 25 -1 16 60 62 -1 -2
2 21 33 -1 40 49 -1 31 58 95 96 -1 -2
56 58 69 97 -1 1 6 45 -1 3 81 100 -1 -2
99 -1 29 31 88 -1 8 28 41 71 -1 -2
81 -1 12 25 48 96 -1 38 53 -1 -2
88 -1 47 70 80 -1 5 38 67 87 -1 -2
9 11 59 -1 3 9 23 66 -1 6 42 70 -1 -2
38 54 61 -1 64 -1 1 -1 -2
18 59 77 86 -1 68 77 -1 31 -1 -2
20 53 74 -1 27 60 72 -1 31 37 50 -1 -2
11 15 90 91 -1 29 54 -1 43 80 -1 -2
36 61 66 -1 27 40 72 84 -1 21 69 -1 -2
39 50 -1 4 92 98 -1 11 70 86 91 -1 -2
29 46 -1 27 57 -1 34 77 90 -1 -2
28 45 55 65 -1 7 -1 23 43 -1 -2
13 17 82 -1 19 29 95 -1 41 68 85 -1 -2
5 48 76 -1 41 57 94 -1 9 11 58 -1 -2
4 60 -1 33 95 -1 4 56 -1 -2
43 50 56 -1 1 39 42 -1 23 76 99 -1 -2
89 -1 12 23 -1 64 68 72 90 -1 -2
38 60 92 -1 67 76 89 -1 4 36 43 53 -1 -2
12 94 -1 4 7 59 -1 25 87 -1 -2
38 -1 3 47 82 87 -1 10 28 100 -1 -2
89 -1 36 50 -1 16 -1 -2
32 -1 15 90 -1 84 -1 -2
40 -1 28 64 71 -1 15 30 -1 -2
2 50 69 -1 15 21 44 -1 6 -1 -2
12 41 63 66 -1 90 -1 10 -1 -2
88 -1 7 38 64 67 -1 8 -1 -2
7 8 75 -1 20 25 47 -1 15 26 75 -1 -2
16 31 51 83 -1 11 54 67 -1 17 -1 -2
29 31 54 81 -1 5 21 -1 27 35 51 -1 -2
85 94 -1 49 95 -1 12 56 88 -1 -2
27 59 69 84 -1 4 23 -1 4 5 43 54 -1 -2
21 90 95 -1 3 -1 25 44 59 -1 -2
4 73 -1 19 -1 4 36 49 68 -1 -2
69 92 -1 52 53 -1 94 -1 -2
29 46 84 -1 7 33 78 80 -1 6 56 75 -1 -2
9 48 -1 6 65 76 -1 11 -1 -2
24 39 61 -1 67 68 -1 39 -1 -2
7 10 49 -1 71 72 -1 28 35 57 -1 -2
12 77 -1 32 46 68 92 -1 26 52 71 -1 -2
34 56 -1 24 50 75 77 -1 74 -1 -2
58 61 90 -1 77 88 94 -1 10 98 -1 -2
30 -1 35 54 -1 65 79 87 99 -1 -2
21 -1 1 98 -1 31 -1 -2
52 85 -1 40 49 84 -1 4 16 37 80 -1 -2
22 41 62 -1 69 -1 13 20 83 -1 -2
24 42 49 91 -1 73 -1 54 66 93 -1 -2
47 -1 34 62 78 81 -1 8 14 66 -1 -2
20 76 86 -1 21 54 68 86 -1 14 33 57 64 -1 -2
6 45 56 -1 16 33 79 -1 49 -1 -2
4 -1 1 15 -1 3 56 64 -1 -2
42 59 68 -1 8 -1 3 16 -1 -2
8 52 86 -1 52 75 85 -1 4 20 31 -1 -2
46 74 77 90 -1 14 24 65 -1 35 36 37 67 -1 -2
7 29 -1 10 18 -1 7 -1 -2
56 58 62 84 -1 59 -1 62 68 91 -1 -2
87 -1 61 -1 46 64 90 -1 -2
7 75 -1 10 50 61 91 -1 72 -1 -2
90 -1 23 57 95 -1 5 15 34 -1 -2
30 76 -1 45 51 72 96 -1 2 58 88 95 -1 -2
25 46 69 73 -1 5 39 74 -1 45 98 99 -1 -2
36 41 55 -1 36 68 78 81 -1 34 -1 -2
26 27 32 -1 82 95 96 -1 47 55 -1 -2
24 33 79 -1 94 95 -1 66 94 -1 -2
5 -1 65 90 -1 42 -1 -2
75 -1 71 82 -1 61 -1 -2
64 -1 5 29 56 88 -1 71 -1 -2
18 69 97 -1 19 -1 20 63 -1 -2
1 16 57 -1 81 -1 19 27 86 -1 -2
58 -1 17 -1 87 -1 -2
6 29 36 40 -1 1 94 -1 74 78 -1 -2
50 -1 13 14 34 -1 59 87 -1 -2
12 34 50 -1 32 68 93 -1 9 96 -1 -2
39 67 71 83 -1 38 70 87 97 -1 82 87 96 -1 -2
18 -1 17 -1 58 77 -1 -2
26 56 69 -1 95 -1 38 -1 -2
20 63 68 70 -1 23 51 67 100 -1 25 -1 -2
33 47 -1 11 20 79 88 -1 89 -1 -2
18 22 28 42 -1 40 -1 98 -1 -2
5 17 -1 21 81 -1 32 90 -1 -2
3 4 25 86 -1 85 98 -1 50 -1 -2
48 -1 13 92 95 -1 30 44 58 -1 -2
91 -1 16 43 59 63 -1 40 67 95 -1 -2
58 -1 28 49 -1 14 65 73 -1 -2
22 23 58 100 -1 31 49 -1 7 42 75 98 -1 -2
53 77 78 81 -1 56 -1 40 43 47 88 -1 -2
48 60 74 -1 29 85 91 -1 37 47 74 -1 -2
100 -1 100 -1 51 54 -1 -2
24 62 -1 90 -1 87 -1 -2
62 76 100 -1 9 15 49 76 -1 63 -1 -2
4 42 47 -1 26 47 97 -1 21 23 44 -1 -2
41 47 -1 9 -1 64 83 -1 -2
62 100 -1 72 96 -1 12 46 84 95 -1 -2
3 60 61 87 -1 36 50 -1 54 77 83 -1 -2
6 29 -1 5 -1 25 54 57 -1 -2
5 19 -1 38 88 -1 27 41 -1 -2
32 44 48 100 -1 58 -1 2 21 27 68 -1 -2
3 -1 15 -1 66 96 -1 -2
13 42 66 -1 1 15 20 50 -1 8 15 91 -1 -2
30 65 85 -1 19 60 88 99 -1 33 -1 -2
54 57 -1 73 96 -1 22 -1 -2
15 76 90 -1 3 -1 64 68 76 94 -1 -2
4 53 76 78 -1 2 49 59 79 -1 98 -1 -2
54 -1 81 -1 21 47 75 -1 -2
15 26 35 99 -1 41 56 84 -1 6 19 -1 -2
52 -1 42 52 95 -1 59 65 88 -1 -2
22 47 -1 93 -1 11 -1 -2
5 81 -1 6 91 -1 93 -1 -2
47 97 -1 48 65 90 97 -1 51 68 85 -1 -2
36 -1 35 -1 20 25 -1 -2
68 93 -1 9 26 29 39 -1 29 -1 -2
25 88 96 -1 7 12 27 34 -1 36 -1 -2
33 36 85 89 -1 4 15 48 -1 53 99 -1 -2
5 97 -1 6 67 81 -1 38 48 55 82 -1 -2
22 43 94 -1 7 15 16 55 -1 13 84 -1 -2
83 -1 54 -1 94 -1 -2
4 6 23 92 -1 96 100 -1 47 -1 -2
34 71 89 -1 27 -1 35 44 45 64 -1 -2
48 74 82 91 -1 26 58 -1 36 38 64 -1 -2
47 86 -1 13 58 63 76 -1 55 -1 -2
81 87 -1 26 -1 45 100 -1 -2
25 92 -1 31 57 69 -1 9 39 -1 -2
74 -1 17 49 54 81 -1 38 48 96 99 -1 -2
74 -1 25 48 57 67 -1 9 54 78 -1 -2
6 44 78 -1 42 43 -1 6 60 62 -1 -2
10 25 36 39 -1 7 25 72 -1 47 59 81 -1 -2
8 10 30 -1 20 44 80 -1 6 44 47 99 -1 -2
2 43 87 -1 58 71 86 98 -1 53 -1 -2
1 3 51 68 -1 92 -1 8 58 -1 -2
24 57 -1 10 81 -1 12 28 47 94 -1 -2
14 43 87 93 -1 62 -1 9 -1 -2
2 74 -1 44 -1 15 28 98 -1 -2
9 25 48 -1 99 -1 71 -1 -2
18 97 -1 88 -1 19 38 48 85 -1 -2
68 -1 38 51 -1 67 79 -1 -2
20 69 100 -1 18 21 77 100 -1 82 96 -1 -2
49 76 90 -1 24 32 57 59 -1 21 -1 -2
5 17 53 -1 2 38 41 56 -1 74 -1 -2
2 -1 79 83 -1 81 -1 -2
19 -1 93 100 -1 12 49 72 -1 -2
4 5 46 99 -1 11 64 -1 36 45 97 -1 -2
5 11 58 -1 4 54 86 -1 45 58 -1 -2
57 72 97 -1 27 89 -1 11 25 -1 -2
17 35 -1 9 23 58 -1 88 -1 -2
28 29 73 -1 70 -1 3 9 62 -1 -2
20 27 37 61 -1 76 -1 90 -1 -2
65 75 81 -1 7 36 63 99 -1 23 63 72 -1 -2
19 -1 93 -1 20 22 73 82 -1 -2
25 47 48 50 -1 38 45 50 56 -1 12 43 -1 -2
11 -1 2 38 75 93 -1 34 82 -1 -2
37 43 69 70 -1 24 32 -1 22 57 -1 -2
27 66 -1 5 33 89 -1 12 48 -1 -2
33 35 41 72 -1 34 54 61 88 -1 40 -1 -2
6 14 16 22 -1 27 95 -1 31 -1 -2
4 52 -1 69 73 96 97 -1 28 70 -1 -2
22 74 92 -1 28 60 68 96 -1 11 26 -1 -2
91 -1 1 28 60 63 -1 3 33 -1 -2
33 38 98 -1 12 21 35 68 -1 45 76 -1 -2
27 34 61 -1 45 -1 5 10 50 -1 -2
9 40 80 -1 11 76 -1 11 43 53 -1 -2
7 40 -1 19 -1 5 18 -1 -2
31 55 62 73 -1 18 78 -1 68 69 -1 -2
17 30 76 78 -1 18 51 73 86 -1 82 91 -1 -2
4 53 84 -1 1 -1 51 55 70 -1 -2
100 -1 93 -1 18 31 59 86 -1 -2
37 48 -1 5 31 -1 3 13 39 76 -1 -2
14 86 -1 93 -1 99 -1 -2
22 50 54 -1 54 58 -1 77 -1 -2
8 19 47 -1 11 49 66 -1 2 15 40 85 -1 -2
76 84 -1 39 69 75 92 -1 66 77 -1 -2
55 67 91 93 -1 2 31 43 -1 54 68 71 -1 -2
14 -1 23 -1 13 27 29 68 -1 -2
1 15 49 66 -1 21 -1 1 27 37 39 -1 -2
65 67 76 82 -1 52 63 -1 36 62 -1 -2
15 33 -1 9 40 48 97 -1 12 30 51 95 -1 -2
14 69 -1 66 -1 1 2 -1 -2
44 59 -1 13 32 54 -1 70 88 -1 -2
23 -1 79 100 -1 83 99 -1 -2
41 78 -1 29 -1 13 24 77 98 -1 -2
5 -1 1 74 85 94 -1 1 -1 -2
57 69 75 -1 10 76 80 95 -1 36 -1 -2
41 50 77 84 -1 19 -1 5 51 67 -1 -2
46 -1 13 41 67 70 -1 47 56 61 96 -1 -2
14 37 50 74 -1 88 -1 27 76 -1 -2
47 80 -1 10 46 50 89 -1 46 63 80 92 -1 -2
100 -1 2 26 87 88 -1 3 67 -1 -2
23 -1 62 87 -1 25 59 74 -1 -2
39 -1 10 22 29 47 -1 29 -1 -2
31 53 62 71 -1 48 -1 93 -1 -2
53 -1 46 81 82 90 -1 33 65 75 88 -1 -2
7 30 39 -1 34 62 -1 17 88 -1 -2
57 -1 44 84 -1 62 78 -1 -2
33 37 87 92 -1 53 -1 69 84 -1 -2
14 34 37 90 -1 3 17 68 93 -1 45 51 56 63 -1 -2
14 27 58 72 -1 31 54 68 -1 13 87 -1 -2
16 65 69 -1 73 -1 32 41 55 -1 -2
19 21 80 100 -1 4 81 -1 24 -1 -2
2 29 56 60 -1 9 94 -1 26 -1 -2
4 15 26 29 -1 75 81 -1 75 80 -1 -2
32 62 -1 38 72 87 -1 26 34 47 66 -1 -2
65 66 -1 12 21 43 88 -1 27 50 53 68 -1 -2
19 23 37 66 -1 14 38 51 70 -1 29 -1 -2
25 91 -1 56 59 96 -1 32 57 70 -1 -2
12 83 -1 60 96 -1 28 -1 -2
86 -1 43 77 -1 45 97 -1 -2
54 88 -1 29 -1 29 82 -1 -2
14 -1 5 15 89 -1 43 87 92 -1 -2
77 80 84 86 -1 15 54 80 87 -1 34 70 71 87 -1 -2
34 72 85 -1 38 -1 39 60 87 91 -1 -2
11 34 -1 44 50 78 -1 5 15 57 94 -1 -2
70 -1 81 -1 62 65 75 -1 -2
7 -1 44 46 78 93 -1 41 57 69 81 -1 -2
14 30 53 94 -1 33 -1 17 44 72 100 -1 -2
65 -1 22 23 42 61 -1 30 74 88 -1 -2
97 -1 12 25 54 88 -1 94 -1 -2
10 53 70 75 -1 28 92 93 -1 44 -1 -2
29 42 47 55 -1 23 28 32 87 -1 27 -1 -2
7 26 -1 16 65 96 100 -1 38 70 86 92 -1 -2
33 37 62 74 -1 70 -1 56 89 -1 -2
32 72 79 -1 8 10 66 -1 45 59 65 82 -1 -2
28 38 64 -1 31 74 -1 14 44 -1 -2
8 35 79 -1 14 32 -1 31 75 -1 -2
4 -1 49 60 83 86 -1 32 81 -1 -2
25 -1 32 80 -1 6 58 72 -1 -2
15 28 42 76 -1 22 68 -1 51 -1 -2
13 -1 1 65 82 -1 77 -1 -2
15 19 97 99 -1 71 -1 67 -1 -2
32 54 73 -1 72 -1 14 -1 -2
15 43 71 -1 5 19 65 -1 17 -1 -2
51 69 -1 7 20 28 47 -1 3 21 88 -1 -2
35 62 74 80 -1 44 64 -1 33 -1 -2
32 63 74 -1 23 77 98 -1 26 51 52 -1 -2
78 -1 80 -1 32 -1 -2
49 97 -1 10 14 75 89 -1 16 20 -1 -2
24 37 77 85 -1 17 50 88 -1 71 -1 -2
42 59 -1 64 -1 6 27 -1 -2
100 -1 28 33 -1 67 95 96 97 -1 -2
8 88 -1 2 90 98 -1 20 -1 -2
28 77 79 -1 16 39 88 -1 2 11 42 -1 -2
74 77 88 -1 63 -1 3 27 34 71 -1 -2
55 -1 13 81 -1 58 -1 -2
63 -1 42 43 -1 16 37 59 -1 -2
85 99 -1 39 62 78 86 -1 44 -1 -2
11 -1 33 64 -1 10 64 -1 -2
6 10 12 82 -1 23 90 -1 14 51 75 -1 -2
7 15 58 -1 24 -1 17 25 35 61 -1 -2
60 -1 4 79 80 81 -1 53 95 -1 -2
17 21 -1 48 71 89 90 -1 13 20 -1 -2
52 82 -1 65 86 -1 22 -1 -2
13 34 63 100 -1 63 78 80 -1 4 35 57 -1 -2
43 91 94 -1 99 -1 54 -1 -2
71 -1 8 66 84 -1 15 65 91 92 -1 -2
1 67 92 -1 29 61 75 93 -1 56 68 -1 -2
58 -1 69 98 -1 16 72 91 -1 -2
5 8 74 86 -1 61 -1 24 50 52 -1 -2
31 42 50 63 -1 1 -1 12 43 -1 -2
19 76 92 -1 5 7 57 68 -1 55 79 84 -1 -2
26 86 -1 93 -1 46 66 85 -1 -2
29 66 84 100 -1 1 14 21 -1 21 24 80 -1 -2
42 65 89 -1 3 46 -1 74 90 -1 -2
28 61 -1 21 30 65 77 -1 51 67 -1 -2
81 97 -1 18 58 88 -1 27 62 -1 -2
19 -1 6 88 100 -1 14 57 84 100 -1 -2
19 58 66 81 -1 20 37 -1 26 -1 -2
48 -1 59 83 91 96 -1 13 58 76 79 -1 -2
69 75 -1 19 68 -1 86 92 -1 -2
24 35 75 -1 50 59 62 63 -1 12 60 -1 -2
54 72 84 -1 27 85 -1 41 67 73 79 -1 -2
9 -1 29 66 74 -1 69 -1 -2
4 30 62 -1 30 36 -1 51 71 -1 -2
5 20 40 -1 22 30 75 82 -1 30 50 69 81 -1 -2
2 21 50 87 -1 8 -1 95 -1 -2
11 74 78 99 -1 3 42 69 -1 5 55 61 -1 -2
53 66 -1 35 36 51 64 -1 47 90 -1 -2
3 86 -1 53 62 79 92 -1 35 -1 -2
28 38 69 91 -1 32 100 -1 94 -1 -2
7 23 78 -1 11 85 -1 61 74 88 -1 -2
27 -1 71 -1 30 88 -1 -2
17 69 -1 21 51 -1 25 52 59 -1 -2
3 31 -1 22 58 -1 40 -1 -2
1 9 96 -1 40 64 73 -1 63 -1 -2
32 63 82 -1 25 54 84 -1 15 16 73 98 -1 -2
33 -1 38 74 -1 42 -1 -2
38 40 -1 23 46 -1 15 19 89 93 -1 -2
9 28 64 79 -1 8 23 43 85 -1 46 52 -1 -2
57 76 -1 37 55 -1 71 92 -1 -2
3 67 72 -1 97 100 -1 31 -1 -2
19 47 74 88 -1 42 -1 47 88 -1 -2
32 84 96 -1 3 47 54 -1 12 20 -1 -2
8 37 -1 12 15 57 -1 74 -1 -2
23 35 76 100 -1 62 80 88 94 -1 88 -1 -2
34 66 71 -1 4 44 -1 11 13 63 -1 -2
63 86 -1 4 12 44 95 -1 43 61 92 95 -1 -2
6 20 91 -1 42 -1 6 11 -1 -2
32 64 74 99 -1 4 -1 36 57 -1 -2
33 59 -1 28 38 -1 21 45 -1 -2
14 16 80 -1 18 41 -1 82 83 90 91 -1 -2
24 45 63 -1 29 35 -1 3 47 72 -1 -2
5 44 50 -1 28 38 85 -1 18 74 -1 -2
65 -1 8 -1 13 80 97 -1 -2
1 4 23 95 -1 11 79 84 -1 97 -1 -2
6 50 92 94 -1 1 61 64 -1 6 30 35 64 -1 -2
21 93 -1 3 24 39 42 -1 25 50 56 69 -1 -2
10 17 66 -1 8 31 35 75 -1 14 57 87 -1 -2
7 16 61 -1 74 89 -1 16 32 69 81 -1 -2
40 70 76 87 -1 62 81 90 94 -1 58 -1 -2
21 26 69 79 -1 64 -1 47 55 100 -1 -2
17 41 60 -1 10 15 50 64 -1 42 93 -1 -2
19 83 -1 16 30 85 88 -1 23 65 88 95 -1 -2
79 -1 4 46 94 -1 80 -1 -2
24 40 46 -1 21 40 61 80 -1 28 35 43 77 -1 -2
5 47 96 -1 81 -1 53 61 65 85 -1 -2
55 -1 2 26 36 90 -1 25 26 -1 -2
15 47 82 -1 26 50 70 74 -1 8 67 71 84 -1 -2
9 15 23 99 -1 7 10 22 79 -1 51 -1 -2
32 -1 71 -1 2 3 18 96 -1 -2
10 90 -1 28 79 -1 51 53 -1 -2
85 -1 31 58 60 -1 15 54 64 -1 -2
7 44 -1 17 -1 46 76 -1 -2
13 66 83 -1 33 -1 8 17 36 94 -1 -2
29 -1 29 32 44 56 -1 100 -1 -2
20 48 54 -1 4 -1 4 34 92 -1 -2
20 -1 4 62 -1 68 -1 -2
83 -1 41 -1 66 80 -1 -2
2 68 83 96 -1 2 44 54 78 -1 47 82 -1 -2
19 67 81 85 -1 4 11 45 -1 20 22 31 37 -1 -2
2 4 20 54 -1 61 76 96 -1 34 50 -1 -2
26 38 68 90 -1 26 79 93 -1 4 26 70 -1 -2
37 54 59 71 -1 53 90 -1 74 -1 -2
20 -1 50 -1 9 83 -1 -2
40 -1 64 -1 57 58 -1 -2
82 -1 7 54 -1 22 84 90 -1 -2
25 32 61 68 -1 7 -1 71 89 -1 -2
11 27 -1 13 65 75 -1 47 62 98 -1 -2
18 94 -1 39 83 99 -1 10 55 81 -1 -2
14 29 55 88 -1 8 43 -1 59 -1 -2
19 31 60 -1 31 49 88 -1 25 72 -1 -2
30 46 54 -1 7 64 90 -1 2 -1 -2
46 52 76 -1 3 52 -1 2 5 29 73 -1 -2
37 53 87 96 -1 10 98 -1 37 -1 -2
57 -1 53 63 -1 59 61 78 -1 -2
53 -1 58 -1 78 87 -1 -2
40 43 96 -1 54 76 100 -1 70 -1 -2
43 47 82 -1 13 26 73 74 -1 6 -1 -2
26 68 79 -1 13 52 -1 15 19 47 94 -1 -2
41 97 -1 87 -1 63 68 -1 -2
38 -1 100 -1 1 51 70 97 -1 -2
32 82 95 -1 67 97 98 -1 41 82 83 -1 -2
38 39 83 -1 66 84 -1 31 51 98 -1 -2
69 -1 18 30 67 88 -1 22 46 70 -1 -2
61 -1 9 48 -1 24 94 -1 -2
24 36 55 -1 58 -1 17 88 -1 -2
27 49 -1 10 57 -1 23 -1 -2
52 -1 42 -1 13 17 18 79 -1 -2
45 58 61 74 -1 22 26 46 74 -1 17 -1 -2
12 73 -1 21 41 42 67 -1 29 47 -1 -2
60 75 -1 62 -1 25 35 57 83 -1 -2
11 66 69 74 -1 24 39 86 -1 55 -1 -2
60 65 77 97 -1 40 93 -1 35 76 78 -1 -2
24 32 60 -1 19 35 65 97 -1 29 73 80 85 -1 -2
79 -1 28 34 55 -1 6 28 80 -1 -2
24 46 -1 74 -1 38 98 -1 -2
5 -1 8 36 -1 22 -1 -2
99 -1 63 -1 38 -1 -2
17 -1 55 76 97 -1 24 43 68 -1 -2
37 49 -1 17 54 -1 35 63 95 -1 -2
10 40 86 -1 9 35 73 -1 14 67 96 -1 -2
9 76 84 100 -1 25 59 -1 37 88 94 96 -1 -2
64 75 -1 82 84 -1 6 33 88 -1 -2
33 47 71 -1 12 29 42 99 -1 32 -1 -2
15 25 32 87 -1 9 35 -1 21 -1 -2
10 42 74 -1 7 12 42 44 -1 62 82 -1 -2
24 39 48 -1 15 27 51 77 -1 9 11 47 -1 -2
53 86 -1 95 -1 90 -1 -2
7 37 55 62 -1 13 39 -1 10 14 69 81 -1 -2
77 -1 28 40 42 -1 41 98 -1 -2
29 56 74 84 -1 22 73 96 -1 12 44 49 98 -1 -2
28 -1 10 -1 19 23 70 81 -1 -2
21 38 -1 19 51 93 -1 68 91 -1 -2
60 66 -1 61 70 87 -1 7 36 39 57 -1 -2
45 99 -1 16 34 -1 4 93 -1 -2
33 74 85 -1 74 81 87 93 -1 2 45 93 -1 -2
78 -1 36 80 84 90 -1 14 60 66 95 -1 -2
73 75 77 -1 16 90 -1 92 -1 -2
38 39 71 90 -1 12 68 -1 86 -1 -2
63 79 -1 13 62 -1 55 -1 -2
42 44 56 80 -1 97 -1 3 13 45 68 -1 -2
6 23 76 78 -1 31 41 47 96 -1 51 87 -1 -2
23 53 81 -1 4 39 51 69 -1 10 27 31 -1 -2
38 51 67 93 -1 8 60 -1 31 96 -1 -2
39 52 -1 19 23 73 -1 18 -1 -2
5 75 88 -1 19 39 56 76 -1 32 47 58 87 -1 -2
7 58 76 80 -1 21 58 61 65 -1 11 25 33 39 -1 -2
88 95 -1 3 39 61 -1 51 73 79 -1 -2
64 -1 8 30 -1 73 80 96 -1 -2
38 56 99 -1 8 18 27 58 -1 17 48 56 72 -1 -2
43 -1 61 77 -1 42 88 -1 -2
62 72 76 94 -1 65 -1 21 69 -1 -2
65 -1 45 98 -1 36 59 -1 -2
22 88 -1 70 76 -1 11 21 -1 -2
28 71 -1 49 -1 83 85 -1 -2
42 46 -1 4 30 31 47 -1 25 71 73 -1 -2
15 21 60 65 -1 9 44 50 63 -1 18 32 74 -1 -2
19 31 67 96 -1 39 47 54 85 -1 28 45 46 62 -1 -2
48 90 97 -1 36 58 64 82 -1 3 -1 -2
24 26 44 -1 4 58 -1 1 -1 -2
45 71 77 -1 83 -1 4 52 62 70 -1 -2
37 70 92 94 -1 31 71 87 -1 28 -1 -2
48 72 -1 22 75 -1 54 62 -1 -2
90 91 94 -1 69 -1 34 50 53 79 -1 -2
72 -1 80 95 -1 6 61 63 66 -1 -2
16 -1 13 20 -1 8 20 64 100 -1 -2
10 41 45 79 -1 53 65 -1 14 16 32 -1 -2
15 90 -1 96 -1 27 31 81 -1 -2
90 -1 56 -1 4 15 80 91 -1 -2
11 20 77 99 -1 43 -1 40 -1 -2
15 17 24 61 -1 10 91 -1 43 93 97 -1 -2
65 -1 9 10 41 -1 35 60 -1 -2
10 34 40 46 -1 20 -1 30 79 93 96 -1 -2
3 64 66 -1 60 66 68 94 -1 13 84 88 -1 -2
23 30 -1 10 43 69 93 -1 6 31 95 -1 -2
38 -1 24 41 46 63 -1 26 31 33 89 -1 -2
15 22 95 -1 78 95 -1 58 68 79 -1 -2
1 -1 1 18 28 -1 71 -1 -2
23 51 54 59 -1 28 76 98 -1 14 25 34 35 -1 -2
23 77 86 94 -1 67 80 -1 15 -1 -2
71 85 -1 1 34 45 -1 10 28 47 -1 -2
36 96 -1 36 52 98 -1 20 48 -1 -2
46 -1 17 62 -1 35 44 54 -1 -2
62 -1 2 -1 44 59 -1 -2
8 19 -1 63 64 71 82 -1 35 59 79 84 -1 -2
2 5 42 -1 24 31 -1 10 50 54 80 -1 -2
62 72 76 98 -1 8 -1 64 87 92 -1 -2
26 77 85 -1 22 37 60 -1 28 92 -1 -2
67 99 -1 33 57 -1 44 47 -1 -2
76 -1 59 63 -1 60 75 -1 -2
4 48 85 94 -1 23 -1 1 32 35 70 -1 -2
79 -1 61 67 -1 22 96 99 100 -1 -2
20 38 78 88 -1 12 -1 11 78 -1 -2
35 -1 2 14 82 85 -1 83 -1 -2
21 74 -1 69 95 -1 16 39 59 72 -1 -2
42 73 84 90 -1 11 42 -1 86 -1 -2
73 -1 50 63 90 -1 7 14 55 81 -1 -2
46 -1 66 -1 10 29 58 61 -1 -2
76 -1 7 -1 55 94 -1 -2
56 -1 41 73 100 -1 19 48 78 -1 -2
45 75 82 98 -1 29 -1 30 33 -1 -2
19 -1 69 -1 12 89 -1 -2
32 85 98 -1 41 65 87 -1 7 66 73 -1 -2
17 22 52 -1 15 -1 82 -1 -2
69 -1 86 87 94 95 -1 5 37 51 69 -1 -2
22 75 88 -1 61 -1 1 30 58 60 -1 -2
42 59 61 -1 25 84 90 -1 29 83 97 -1 -2
50 98 -1 31 32 40 -1 49 66 -1 -2
35 82 -1 77 95 -1 20 33 62 77 -1 -2
7 20 69 74 -1 15 90 -1 18 37 68 -1 -2
59 -1 36 88 -1 6 39 91 93 -1 -2
36 66 -1 20 51 61 100 -1 18 49 59 73 -1 -2
18 56 79 -1 31 41 55 -1 14 18 -1 -2
35 -1 15 87 93 -1 67 70 -1 -2
16 61 -1 39 74 -1 46 -1 -2
86 -1 56 84 -1 46 80 89 92 -1 -2
27 75 100 -1 89 90 -1 42 -1 -2
21 35 57 75 -1 14 62 -1 15 54 87 -1 -2
14 45 -1 11 -1 44 -1 -2
15 17 71 -1 39 62 88 95 -1 13 -1 -2
14 74 -1 25 87 -1 37 72 86 89 -1 -2
44 67 79 84 -1 27 -1 36 69 83 -1 -2
100 -1 31 94 99 -1 24 49 50 54 -1 -2
20 34 39 85 -1 88 -1 4 -1 -2
40 43 83 -1 19 59 -1 29 -1 -2
35 51 59 78 -1 11 12 14 56 -1 9 -1 -2
70 78 -1 7 63 91 99 -1 72 -1 -2
1 10 29 69 -1 37 62 -1 27 41 59 -1 -2
72 -1 4 60 -1 1 38 44 97 -1 -2
13 78 -1 14 30 -1 1 17 87 -1 -2
10 37 44 46 -1 20 23 59 71 -1 27 85 -1 -2
15 63 92 -1 25 69 -1 28 40 67 -1 -2
38 84 88 98 -1 10 25 49 87 -1 22 87 -1 -2
19 24 40 -1 32 54 56 62 -1 3 87 95 -1 -2
90 -1 54 80 -1 82 86 -1 -2
4 34 50 93 -1 100 -1 73 95 -1 -2
62 87 -1 4 -1 10 11 14 18 -1 -2
48 79 -1 32 -1 63 79 -1 -2
92 -1 19 -1 65 68 72 79 -1 -2
8 -1 4 16 29 63 -1 36 50 -1 -2
27 37 49 85 -1 95 -1 36 53 91 -1 -2
2 5 32 60 -1 91 -1 45 87 90 -1 -2
46 47 80 -1 25 56 68 -1 40 55 58 -1 -2
29 72 -1 1 -1 45 -1 -2
48 49 68 -1 6 30 80 -1 5 32 65 75 -1 -2
4 37 58 90 -1 17 28 85 -1 29 -1 -2
9 61 -1 66 -1 87 -1 -2
45 52 68 92 -1 17 86 -1 18 97 -1 -2
61 -1 85 -1 8 95 -1 -2
98 -1 26 44 69 84 -1 6 34 59 68 -1 -2
44 -1 51 62 79 86 -1 21 49 -1 -2
49 65 72 93 -1 41 75 96 -1 5 37 -1 -2
62 -1 89 -1 43 50 93 -1 -2
1 97 -1 25 52 59 -1 6 59 -1 -2
18 41 95 -1 5 18 40 41 -1 32 50 66 -1 -2
5 61 86 96 -1 84 94 -1 35 49 -1 -2
47 52 99 -1 19 46 80 93 -1 12 90 -1 -2
46 69 72 -1 14 34 49 -1 54 -1 -2
67 79 84 100 -1 40 50 61 83 -1 27 55 63 88 -1 -2
35 51 68 87 -1 82 92 99 -1 43 74 -1 -2
19 56 73 100 -1 36 57 -1 2 4 75 85 -1 -2
3 -1 7 43 44 84 -1 26 93 -1 -2
34 38 64 78 -1 32 -1 96 -1 -2
53 68 74 -1 6 66 77 89 -1 37 42 56 -1 -2
77 -1 33 44 90 97 -1 52 62 72 -1 -2
77 -1 69 88 -1 13 89 95 -1 -2
5 97 -1 12 31 56 94 -1 7 13 -1 -2
24 -1 56 82 -1 15 57 85 -1 -2
11 23 -1 37 68 86 91 -1 18 29 35 82 -1 -2
19 30 62 -1 69 71 -1 46 71 88 100 -1 -2
1 15 38 80 -1 77 91 -1 27 -1 -2
1 16 61 78 -1 43 -1 73 81 -1 -2
70 78 83 -1 58 61 -1 18 51 58 100 -1 -2
52 -1 9 42 92 94 -1 38 -1 -2
96 -1 47 -1 15 31 -1 -2
10 68 71 84 -1 10 20 22 33 -1 34 47 -1 -2
59 63 -1 37 61 69 83 -1 1 44 -1 -2
37 66 94 98 -1 1 25 73 -1 9 33 65 -1 -2
18 33 81 -1 19 34 38 -1 3 58 88 98 -1 -2
47 71 -1 63 72 -1 56 -1 -2
21 67 75 76 -1 16 56 72 -1 41 47 -1 -2
25 32 52 78 -1 42 -1 14 50 93 -1 -2
14 36 -1 25 -1 3 45 -1 -2
17 37 39 71 -1 5 82 -1 21 44 93 -1 -2
54 57 75 -1 44 -1 14 31 41 -1 -2
25 65 -1 25 35 41 -1 17 21 -1 -2
17 31 50 76 -1 45 -1 9 30 60 79 -1 -2
39 53 61 -1 69 -1 57 63 93 96 -1 -2
90 91 93 -1 26 30 36 -1 25 96 -1 -2
21 25 53 -1 57 71 87 89 -1 54 -1 -2
85 -1 17 31 45 60 -1 50 98 -1 -2
82 -1 14 -1 5 20 35 -1 -2
9 94 -1 98 -1 9 55 96 -1 -2
16 25 48 98 -1 1 -1 68 -1 -2
5 23 46 73 -1 7 38 60 -1 23 49 57 61 -1 -2
40 48 96 -1 9 72 -1 18 37 -1 -2
5 16 42 -1 32 74 85 -1 44 -1 -2
18 95 -1 85 -1 13 57 -1 -2
23 38 67 89 -1 41 74 -1 42 55 56 -1 -2
1 95 -1 51 77 -1 22 59 86 -1 -2
75 -1 23 59 -1 80 -1 -2
16 49 79 -1 12 18 29 49 -1 9 21 59 -1 -2
27 56 82 83 -1 54 -1 37 50 -1 -2
12 37 58 89 -1 4 33 65 83 -1 57 -1 -2
7 37 64 93 -1 28 57 96 -1 42 -1 -2
11 14 33 73 -1 48 -1 14 48 74 100 -1 -2
4 42 59 90 -1 37 -1 21 29 44 -1 -2
8 16 92 -1 19 37 -1 26 32 68 -1 -2
92 -1 40 -1 55 61 72 80 -1 -2
49 50 65 71 -1 16 35 39 79 -1 23 -1 -2
53 60 70 -1 59 -1 2 59 91 96 -1 -2
63 -1 16 -1 4 45 50 -1 -2
25 32 36 95 -1 8 15 70 -1 64 92 -1 -2
8 40 47 70 -1 15 25 -1 41 80 -1 -2
26 38 77 87 -1 58 -1 13 30 33 98 -1 -2
28 31 63 85 -1 1 99 -1 55 -1 -2
15 77 -1 4 7 51 55 -1 39 -1 -2
13 29 79 100 -1 4 82 97 -1 12 81 -1 -2
10 52 87 92 -1 31 65 90 -1 61 74 -1 -2
31 71 -1 30 54 -1 36 72 -1 -2
67 86 -1 39 -1 25 63 71 91 -1 -2
69 -1 39 50 71 96 -1 28 37 82 87 -1 -2
41 51 -1 11 19 38 74 -1 99 -1 -2
83 -1 41 -1 27 -1 -2
30 -1 46 -1 4 57 89 -1 -2
49 71 -1 40 43 -1 39 50 61 -1 -2
31 -1 10 57 82 91 -1 38 69 82 -1 -2
75 -1 40 67 -1 91 -1 -2
21 44 58 75 -1 7 18 48 -1 70 88 -1 -2
65 69 -1 11 12 -1 97 -1 -2
58 64 69 99 -1 8 40 49 95 -1 66 95 -1 -2
58 -1 81 -1 21 -1 -2
34 46 -1 36 63 -1 22 36 -1 -2
39 86 -1 74 76 95 -1 12 78 -1 -2
44 58 -1 63 83 88 -1 8 11 59 -1 -2
64 88 99 -1 32 75 77 93 -1 44 62 92 96 -1 -2
1 54 -1 13 64 -1 79 -1 -2
2 48 88 93 -1 10 53 72 96 -1 16 19 55 96 -1 -2
55 69 -1 27 58 86 -1 11 47 -1 -2
15 93 -1 16 18 67 76 -1 2 10 89 -1 -2
12 -1 49 63 65 -1 14 57 -1 -2
31 53 99 -1 24 36 94 -1 49 -1 -2
9 22 -1 22 52 79 90 -1 18 -1 -2
21 68 -1 19 44 61 -1 64 71 -1 -2
14 81 86 -1 35 47 -1 41 -1 -2
49 59 63 94 -1 94 -1 48 -1 -2
42 95 -1 28 98 -1 17 25 78 -1 -2
9 37 81 87 -1 3 82 -1 83 89 -1 -2
2 3 75 -1 33 74 -1 75 87 -1 -2
30 62 68 100 -1 10 25 83 92 -1 2 78 84 90 -1 -2
27 92 98 -1 14 88 94 -1 25 69 71 100 -1 -2
45 54 65 67 -1 15 39 85 -1 17 38 59 -1 -2
30 39 90 -1 72 -1 12 23 31 57 -1 -2
5 -1 19 -1 21 -1 -2
12 38 -1 98 -1 52 -1 -2
9 28 29 38 -1 11 22 -1 16 -1 -2
3 10 19 24 -1 1 10 -1 89 -1 -2
7 20 25 66 -1 5 26 83 91 -1 22 -1 -2
3 66 -1 38 -1 43 70 90 -1 -2
32 43 90 95 -1 35 37 -1 10 49 85 93 -1 -2
10 43 -1 36 -1 67 69 -1 -2
9 46 -1 75 -1 40 41 52 54 -1 -2
10 28 76 99 -1 57 97 -1 39 41 48 65 -1 -2
78 -1 3 22 57 67 -1 86 -1 -2
39 60 85 -1 53 67 -1 7 17 88 -1 -2
34 -1 6 21 97 -1 50 80 87 -1 -2
22 48 -1 7 36 99 -1 9 64 69 -1 -2
19 25 31 67 -1 41 82 84 98 -1 22 60 -1 -2
3 27 36 63 -1 33 45 46 88 -1 61 -1 -2
12 -1 18 28 40 51 -1 95 -1 -2
7 28 -1 2 19 -1 26 83 -1 -2
41 -1 29 45 63 84 -1 55 75 100 -1 -2
4 51 89 -1 11 83 93 94 -1 16 60 -1 -2
92 -1 66 -1 2 18 60 -1 -2
17 24 60 64 -1 16 -1 40 -1 -2
30 85 -1 12 22 34 -1 53 65 89 -1 -2
12 88 89 98 -1 2 -1 11 33 75 94 -1 -2
2 32 49 75 -1 10 84 -1 3 13 83 91 -1 -2
2 45 89 -1 9 66 87 92 -1 60 61 -1 -2
12 85 -1 62 76 -1 15 58 -1 -2
24 35 98 -1 72 -1 17 58 67 68 -1 -2
5 25 59 63 -1 40 61 71 81 -1 2 77 97 -1 -2
14 86 -1 2 20 74 97 -1 16 41 84 -1 -2
14 21 22 62 -1 3 15 38 53 -1 14 27 39 -1 -2
20 97 -1 14 29 76 -1 14 23 70 -1 -2
47 -1 39 -1 49 73 83 92 -1 -2
69 94 -1 12 88 94 -1 6 75 88 -1 -2
35 38 56 95 -1 73 -1 5 90 -1 -2
31 -1 17 22 34 61 -1 49 -1 -2
9 35 63 -1 54 77 -1 33 43 -1 -2
41 42 -1 42 43 75 82 -1 17 24 55 -1 -2
52 -1 9 36 -1 85 88 -1 -2
5 10 84 98 -1 29 34 47 80 -1 68 90 -1 -2
2 64 82 -1 15 27 46 68 -1 19 85 -1 -2
11 51 -1 40 68 -1 55 76 -1 -2
29 74 -1 18 92 -1 38 67 -1 -2
73 -1 8 27 42 49 -1 41 95 -1 -2
18 70 75 91 -1 5 8 44 66 -1 66 -1 -2
57 -1 79 -1 38 -1 -2
14 67 -1 22 72 -1 38 69 -1 -2
55 -1 29 38 48 95 -1 29 59 82 -1 -2
24 29 -1 83 94 -1 28 72 92 -1 -2
4 39 74 -1 22 34 100 -1 90 -1 -2
67 76 93 -1 17 94 -1 100 -1 -2
22 26 46 -1 18 41 49 96 -1 40 47 65 94 -1 -2
7 -1 23 99 -1 7 9 29 40 -1 -2
97 -1 21 38 51 59 -1 37 72 99 -1 -2
17 20 35 -1 24 28 29 -1 8 25 -1 -2
9 76 -1 32 34 72 -1 9 21 38 -1 -2
8 30 44 48 -1 92 -1 53 56 98 -1 -2
23 36 85 95 -1 45 74 78 -1 71 -1 -2
37 -1 70 -1 93 -1 -2
47 72 89 100 -1 49 -1 15 17 -1 -2
35 68 94 -1 95 -1 26 41 -1 -2
24 -1 12 76 97 -1 27 31 43 -1 -2
40 84 -1 4 62 95 -1 17 35 85 -1 -2
37 72 74 -1 13 -1 25 36 55 -1 -2
7 14 95 96 -1 52 -1 91 -1 -2
50 52 71 -1 75 -1 15 54 71 -1 -2
89 -1 40 -1 51 54 55 -1 -2
14 41 57 93 -1 30 -1 49 -1 -2
28 96 -1 65 69 82 86 -1 54 94 -1 -2
22 51 56 97 -1 1 53 82 -1 22 26 59 -1 -2
46 -1 22 -1 7 -1 -2
14 80 -1 45 86 -1 14 70 72 85 -1 -2
36 41 54 66 -1 83 -1 77 91 95 -1 -2
44 -1 38 47 -1 43 54 67 99 -1 -2
49 57 82 96 -1 14 84 -1 1 51 -1 -2
25 39 93 100 -1 29 52 78 88 -1 28 -1 -2
12 -1 4 15 77 88 -1 100 -1 -2
28 74 78 -1 21 25 99 -1 57 80 92 -1 -2
7 42 79 84 -1 15 98 -1 23 93 -1 -2
56 78 80 94 -1 31 72 76 -1 4 6 69 93 -1 -2
10 13 -1 38 63 -1 8 58 67 98 -1 -2
52 76 90 -1 2 16 31 42 -1 3 23 81 -1 -2
70 -1 33 40 83 -1 17 -1 -2
19 23 42 84 -1 26 57 59 64 -1 1 39 57 86 -1 -2
80 -1 47 53 72 83 -1 44 94 98 -1 -2
1 6 13 21 -1 26 63 69 -1 5 72 -1 -2
26 -1 29 37 82 -1 4 59 96 -1 -2
43 61 81 -1 76 -1 21 59 86 99 -1 -2
37 91 -1 5 16 45 -1 39 -1 -2
15 49 -1 65 -1 45 76 80 98 -1 -2
26 -1 29 39 -1 20 50 54 97 -1 -2
65 89 90 -1 1 21 41 85 -1 13 18 -1 -2
11 75 97 -1 72 79 93 -1 13 31 75 -1 -2
89 -1 52 87 -1 18 78 -1 -2
34 55 59 68 -1 37 -1 95 -1 -2
2 -1 30 -1 38 39 73 -1 -2
3 82 -1 11 20 47 70 -1 14 -1 -2
52 -1 42 -1 2 13 38 62 -1 -2
9 47 -1 25 93 -1 69 87 -1 -2
14 23 56 -1 85 -1 36 37 78 81 -1 -2
48 94 -1 35 -1 74 -1 -2
67 -1 2 12 76 86 -1 21 39 67 74 -1 -2
6 43 100 -1 11 37 56 88 -1 25 72 82 -1 -2
17 45 -1 13 23 45 65 -1 6 21 45 59 -1 -2
32 69 78 -1 4 6 72 73 -1 77 -1 -2
36 70 -1 11 38 54 55 -1 5 32 48 60 -1 -2
40 73 -1 9 47 63 -1 32 -1 -2
75 -1 8 71 -1 15 78 -1 -2
22 41 74 -1 100 -1 11 48 -1 -2
33 37 72 83 -1 97 -1 27 32 36 -1 -2
11 77 79 -1 11 13 74 -1 68 -1 -2
86 -1 41 97 -1 73 -1 -2
10 -1 59 -1 10 -1 -2
44 -1 10 39 41 91 -1 30 31 61 -1 -2
8 -1 50 -1 10 18 34 -1 -2
54 65 90 98 -1 73 -1 40 81 -1 -2
77 -1 10 94 -1 30 43 56 74 -1 -2
15 37 58 74 -1 21 26 -1 22 78 -1 -2
22 62 -1 13 37 -1 63 68 84 96 -1 -2
17 49 59 64 -1 26 42 70 89 -1 47 -1 -2
1 2 67 85 -1 9 49 69 -1 8 49 83 98 -1 -2
50 55 65 85 -1 4 77 92 95 -1 79 -1 -2
4 21 25 -1 1 34 48 70 -1 19 95 96 -1 -2
23 28 -1 93 -1 7 20 36 -1 -2
5 25 78 -1 39 76 90 -1 18 25 55 87 -1 -2
46 49 74 78 -1 5 87 -1 74 87 93 97 -1 -2
22 -1 21 69 78 -1 57 -1 -2
95 -1 19 -1 73 -1 -2
17 33 -1 35 91 100 -1 11 16 57 -1 -2
74 98 -1 46 69 87 91 -1 36 56 62 63 -1 -2
25 -1 3 98 -1 33 65 83 -1 -2
31 42 57 64 -1 3 17 93 -1 22 75 94 -1 -2
12 -1 5 40 41 78 -1 48 53 74 80 -1 -2
42 67 -1 14 50 66 72 -1 22 -1 -2
41 52 79 -1 16 -1 69 -1 -2
36 -1 68 79 98 -1 26 84 -1 -2
77 84 -1 8 9 48 -1 18 53 60 99 -1 -2
48 60 -1 5 29 56 -1 49 74 76 91 -1 -2
6 18 53 59 -1 80 -1 19 59 75 84 -1 -2
16 33 51 -1 46 48 52 89 -1 69 92 94 -1 -2
43 -1 7 9 29 64 -1 7 69 96 -1 -2
38 46 70 96 -1 62 63 79 96 -1 23 -1 -2
29 49 -1 4 45 84 90 -1 100 -1 -2
18 32 -1 8 18 22 -1 3 -1 -2
34 42 -1 1 12 27 -1 2 60 -1 -2
52 78 96 -1 82 96 -1 23 48 63 64 -1 -2
5 35 -1 19 38 58 74 -1 5 59 -1 -2
42 -1 46 70 85 -1 63 -1 -2
35 77 -1 63 -1 46 -1 -2
82 92 -1 36 46 -1 65 -1 -2
47 84 -1 19 -1 8 92 100 -1 -2
25 66 -1 18 36 43 95 -1 88 -1 -2
10 32 98 -1 29 30 36 -1 10 60 83 -1 -2
69 -1 20 26 -1 11 49 64 -1 -2
26 -1 47 85 -1 59 87 98 -1 -2
9 31 58 83 -1 22 55 68 87 -1 1 24 35 53 -1 -2
64 -1 80 86 -1 81 -1 -2
9 51 -1 99 -1 11 23 55 86 -1 -2
32 44 63 -1 18 62 -1 40 81 -1 -2
10 14 72 97 -1 38 71 -1 10 26 -1 -2
15 46 47 -1 55 68 100 -1 66 -1 -2
29 40 59 65 -1 17 69 -1 10 49 86 -1 -2
18 23 61 80 -1 31 -1 56 87 93 -1 -2
32 -1 94 -1 17 26 85 -1 -2
15 27 56 -1 42 -1 59 -1 -2
15 18 53 80 -1 13 60 92 -1 96 -1 -2
27 48 59 64 -1 17 94 -1 67 71 -1 -2
17 19 -1 80 98 -1 75 76 -1 -2
34 56 81 -1 9 94 98 -1 17 41 53 80 -1 -2
26 68 89 -1 17 44 67 -1 79 -1 -2
57 61 87 98 -1 31 42 -1 4 54 -1 -2
10 61 68 -1 37 91 -1 10 -1 -2
39 50 -1 35 53 67 72 -1 34 51 52 77 -1 -2
51 -1 36 83 -1 10 42 48 56 -1 -2
35 -1 8 17 -1 14 56 65 73 -1 -2
38 79 -1 78 -1 1 -1 -2
18 47 -1 9 43 98 -1 3 7 32 -1 -2
13 19 60 72 -1 49 -1 12 28 72 73 -1 -2
2 21 27 46 -1 10 31 53 -1 48 54 91 -1 -2
9 18 26 33 -1 65 -1 12 36 -1 -2
35 38 62 72 -1 51 77 78 84 -1 17 -1 -2
39 49 64 73 -1 6 -1 17 18 74 91 -1 -2
27 34 64 83 -1 36 42 83 -1 83 -1 -2
37 -1 93 -1 38 54 94 -1 -2
11 24 -1 24 32 -1 33 53 86 -1 -2
22 36 99 -1 2 -1 23 34 73 77 -1 -2
16 47 56 -1 8 11 15 -1 2 43 -1 -2
63 79 -1 9 18 34 35 -1 13 17 77 81 -1 -2
46 -1 43 48 60 94 -1 1 5 36 -1 -2
36 45 53 100 -1 17 44 67 100 -1 40 93 96 -1 -2
30 43 85 -1 57 -1 51 98 -1 -2
19 76 81 97 -1 15 67 -1 21 -1 -2
44 -1 6 73 -1 78 -1 -2
20 22 -1 68 96 -1 14 21 22 76 -1 -2
7 53 69 72 -1 16 -1 4 -1 -2
73 -1 53 75 -1 42 75 95 -1 -2
33 -1 50 -1 7 17 22 -1 -2
10 11 63 89 -1 66 71 -1 59 70 -1 -2
22 54 72 86 -1 19 34 -1 31 51 81 -1 -2
57 -1 28 41 54 90 -1 19 30 48 66 -1 -2
80 -1 20 22 51 -1 55 -1 -2
54 74 99 -1 21 59 81 -1 42 -1 -2
13 44 56 -1 17 58 75 -1 35 36 53 77 -1 -2
30 -1 55 -1 74 80 92 94 -1 -2
51 91 96 -1 86 -1 53 -1 -2
6 37 93 94 -1 60 -1 64 81 -1 -2
22 -1 62 89 -1 71 -1 -2
14 37 76 94 -1 7 -1 38 88 -1 -2
21 71 72 -1 3 -1 1 70 76 96 -1 -2
24 40 70 84 -1 56 -1 56 -1 -2
91 98 -1 42 -1 58 -1 -2
26 36 -1 27 -1 24 -1 -2
4 8 18 91 -1 26 31 81 87 -1 44 82 -1 -2
18 70 71 -1 63 84 -1 29 64 -1 -2
91 -1 56 86 -1 65 82 95 -1 -2
56 89 -1 23 30 55 91 -1 26 -1 -2
61 -1 56 87 -1 30 85 90 -1 -2
73 -1 88 -1 15 58 99 -1 -2
44 74 75 -1 21 34 63 -1 16 46 75 -1 -2
8 20 -1 47 -1 5 88 -1 -2
27 39 97 -1 18 36 43 -1 11 45 58 -1 -2
30 -1 74 -1 81 89 -1 -2
32 72 -1 79 81 86 91 -1 24 34 56 98 -1 -2
53 90 -1 1 71 -1 50 -1 -2
24 64 84 -1 10 43 77 -1 9 70 75 -1 -2
35 61 -1 35 69 78 81 -1 5 22 72 -1 -2
48 93 94 97 -1 61 68 79 -1 22 27 83 99 -1 -2
8 90 99 -1 42 -1 83 88 -1 -2
8 37 67 77 -1 8 56 65 82 -1 15 27 34 64 -1 -2
11 20 -1 47 55 100 -1 74 75 84 -1 -2
44 59 61 -1 25 27 -1 99 -1 -2
71 -1 18 52 57 67 -1 19 95 -1 -2
1 -1 13 -1 13 20 26 -1 -2
18 37 56 67 -1 1 57 62 -1 29 84 92 -1 -2
13 54 72 76 -1 11 15 35 -1 22 23 30 79 -1 -2
43 -1 10 14 -1 92 95 -1 -2
44 57 -1 97 -1 89 96 -1 -2
15 49 100 -1 44 46 74 88 -1 28 45 48 95 -1 -2
67 69 -1 84 -1 11 53 -1 -2
36 -1 44 -1 59 -1 -2
18 48 66 89 -1 22 -1 1 12 65 -1 -2
40 100 -1 30 46 85 -1 3 22 52 -1 -2
41 49 93 -1 13 18 88 -1 21 37 61 89 -1 -2
13 96 -1 59 75 86 -1 29 -1 -2
3 26 -1 31 46 69 71 -1 1 31 68 81 -1 -2
6 52 64 -1 4 72 91 -1 24 52 -1 -2
24 36 64 94 -1 30 74 92 -1 25 77 -1 -2
31 44 60 -1 35 59 95 -1 1 95 -1 -2
2 3 86 -1 3 61 96 -1 52 54 64 -1 -2
13 49 78 -1 37 70 73 94 -1 68 -1 -2
6 11 22 85 -1 16 36 -1 13 17 22 -1 -2
14 19 60 89 -1 77 86 98 -1 10 13 26 89 -1 -2
62 75 -1 53 65 -1 14 75 90 -1 -2
16 22 70 88 -1 18 -1 25 83 -1 -2
64 87 -1 14 34 47 92 -1 6 44 75 -1 -2
19 37 -1 36 66 -1 7 49 63 80 -1 -2
35 -1 15 35 47 82 -1 34 59 65 -1 -2
14 66 -1 16 24 -1 5 92 -1 -2
5 32 63 -1 6 11 37 40 -1 17 18 -1 -2
1 12 73 -1 14 39 43 83 -1 60 73 78 79 -1 -2
17 22 24 92 -1 61 64 70 99 -1 14 69 -1 -2
19 -1 6 47 57 89 -1 24 34 66 94 -1 -2
13 25 41 -1 43 55 79 95 -1 4 48 66 93 -1 -2
11 15 78 99 -1 78 -1 2 32 33 -1 -2
30 36 -1 96 -1 39 54 88 -1 -2
44 73 89 -1 24 91 -1 36 -1 -2
5 17 19 27 -1 94 -1 37 82 92 -1 -2
6 7 91 -1 31 41 -1 20 21 82 -1 -2
14 40 61 99 -1 1 56 79 -1 14 -1 -2
63 93 94 -1 25 59 -1 91 -1 -2
71 77 93 -1 5 7 33 68 -1 6 -1 -2
11 26 91 -1 33 86 -1 75 94 -1 -2
16 60 -1 48 50 84 -1 77 -1 -2
31 62 -1 37 51 67 74 -1 1 13 33 -1 -2
44 93 -1 11 49 80 -1 45 78 88 -1 -2
25 47 71 -1 28 41 75 -1 21 81 -1 -2
71 82 -1 8 17 51 75 -1 6 33 54 90 -1 -2
48 54 74 84 -1 36 59 84 -1 43 90 -1 -2
25 59 71 99 -1 60 -1 70 92 100 -1 -2
54 58 -1 74 -1 13 41 -1 -2
41 -1 17 -1 30 31 46 64 -1 -2
39 65 67 90 -1 20 68 -1 70 -1 -2
12 43 62 89 -1 52 77 85 90 -1 3 56 83 -1 -2
9 25 32 46 -1 23 58 65 75 -1 83 95 -1 -2
37 -1 7 50 63 -1 38 -1 -2
1 98 -1 19 60 73 84 -1 12 89 -1 -2
51 78 83 -1 15 70 98 -1 15 87 -1 -2
26 77 -1 7 -1 7 13 24 -1 -2
43 64 89 -1 28 46 59 82 -1 7 47 67 -1 -2
41 53 73 84 -1 16 38 -1 1 -1 -2
33 -1 10 15 -1 48 49 66 78 -1 -2
1 21 88 -1 54 76 78 -1 78 -1 -2
26 72 -1 3 72 77 93 -1 20 36 -1 -2
34 79 100 -1 78 -1 35 -1 -2
44 45 75 96 -1 46 48 66 88 -1 74 79 81 88 -1 -2
12 -1 17 70 -1 18 85 -1 -2
9 40 69 -1 52 70 -1 15 20 23 -1 -2
7 8 79 89 -1 7 -1 46 -1 -2
36 41 65 68 -1 52 82 -1 24 -1 -2
25 37 52 73 -1 44 -1 4 19 73 -1 -2
88 90 100 -1 8 68 -1 39 46 86 -1 -2
59 78 99 -1 9 13 94 -1 38 39 48 75 -1 -2
55 -1 97 -1 4 16 27 -1 -2
3 17 41 76 -1 11 -1 60 61 63 65 -1 -2
47 84 89 -1 25 34 38 88 -1 16 52 77 -1 -2
9 18 61 94 -1 71 86 -1 31 40 53 -1 -2
59 67 84 85 -1 8 13 14 -1 58 65 -1 -2
40 88 -1 5 7 -1 97 -1 -2
98 -1 22 83 -1 1 44 -1 -2
46 49 52 79 -1 6 87 92 94 -1 2 24 71 73 -1 -2
5 52 -1 30 49 97 98 -1 15 55 77 -1 -2
3 28 72 -1 13 51 -1 27 57 -1 -2
17 -1 32 60 88 -1 28 -1 -2
11 75 -1 30 33 57 99 -1 40 46 85 99 -1 -2
9 -1 6 13 -1 52 67 75 -1 -2
86 -1 73 88 -1 86 -1 -2
52 -1 12 32 57 62 -1 50 56 95 -1 -2
31 39 -1 14 -1 81 -1 -2
1 52 86 96 -1 12 85 94 -1 46 67 78 -1 -2
34 -1 80 92 -1 27 90 -1 -2
48 -1 22 -1 20 45 98 -1 -2
73 97 -1 99 -1 37 -1 -2
44 56 59 88 -1 39 -1 32 -1 -2
42 -1 47 49 87 99 -1 40 49 -1 -2
65 -1 48 -1 55 64 -1 -2
16 66 86 -1 41 89 97 -1 53 58 97 -1 -2
67 74 90 94 -1 58 -1 15 -1 -2
12 38 -1 68 -1 15 24 -1 -2
8 26 87 -1 11 33 40 45 -1 80 -1 -2
52 -1 19 58 83 95 -1 6 16 46 -1 -2
31 99 -1 93 -1 59 67 95 -1 -2
27 89 -1 38 78 93 -1 5 25 37 56 -1 -2
29 36 97 -1 36 92 -1 3 13 55 75 -1 -2
4 13 49 -1 35 -1 18 21 93 -1 -2
12 37 66 -1 20 72 -1 83 -1 -2
67 70 -1 23 56 67 96 -1 39 51 100 -1 -2
43 -1 1 3 7 34 -1 7 -1 -2
2 8 43 74 -1 71 77 86 -1 38 -1 -2
4 19 33 -1 33 48 69 95 -1 35 68 87 -1 -2
14 29 100 -1 38 -1 8 25 34 47 -1 -2
6 30 58 -1 23 62 -1 27 65 85 -1 -2
84 92 99 -1 15 68 88 -1 79 -1 -2
91 96 -1 11 84 85 -1 42 68 80 93 -1 -2
60 -1 25 41 82 100 -1 30 35 -1 -2
17 18 42 -1 23 58 80 92 -1 30 -1 -2
54 68 72 -1 4 50 -1 56 62 91 -1 -2
15 43 83 -1 52 74 82 -1 34 -1 -2
27 46 68 -1 24 41 66 83 -1 4 70 94 -1 -2
74 100 -1 46 48 63 -1 25 35 53 96 -1 -2
60 100 -1 94 100 -1 7 -1 -2
23 64 -1 10 60 -1 12 83 -1 -2
4 14 40 55 -1 25 43 91 -1 4 19 53 73 -1 -2
61 -1 5 71 -1 26 27 -1 -2
15 97 -1 75 -1 41 75 82 84 -1 -2
25 31 53 57 -1 66 67 97 -1 4 31 67 88 -1 -2
27 38 75 95 -1 61 84 89 -1 6 29 -1 -2
13 41 -1 23 31 -1 4 14 -1 -2
24 48 -1 73 -1 57 -1 -2
21 60 62 86 -1 49 -1 15 25 92 -1 -2
2 41 56 -1 12 38 62 94 -1 2 68 93 -1 -2
5 16 -1 81 95 -1 58 64 97 -1 -2
24 74 75 -1 63 -1 3 79 80 -1 -2
33 -1 68 -1 47 53 88 90 -1 -2
1 21 -1 53 99 -1 9 83 94 -1 -2
5 9 48 67 -1 20 55 75 -1 3 -1 -2
44 65 -1 23 -1 1 28 84 -1 -2
10 67 73 88 -1 21 25 30 52 -1 60 78 -1 -2
3 11 47 49 -1 21 -1 3 65 72 88 -1 -2
38 48 77 -1 64 -1 87 -1 -2
93 94 -1 2 76 92 -1 4 50 -1 -2
60 -1 5 64 -1 5 48 50 53 -1 -2
8 72 -1 5 16 50 -1 29 59 -1 -2
10 83 -1 80 -1 31 34 49 62 -1 -2
18 61 64 -1 8 -1 80 -1 -2
31 41 65 67 -1 33 92 -1 6 -1 -2
64 -1 50 70 87 -1 6 66 84 95 -1 -2
20 72 -1 13 21 81 94 -1 22 85 -1 -2
97 -1 25 -1 29 -1 -2
1 -1 33 52 74 76 -1 94 -1 -2
1 23 -1 10 71 74 86 -1 28 34 -1 -2
17 77 -1 67 68 -1 9 30 58 93 -1 -2
8 18 -1 20 69 72 -1 10 -1 -2
15 63 -1 3 15 -1 27 29 49 75 -1 -2
25 67 97 -1 90 -1 43 -1 -2
35 64 84 86 -1 16 31 54 91 -1 72 -1 -2
3 11 64 -1 4 -1 16 56 76 -1 -2
42 44 95 -1 22 61 82 89 -1 15 68 78 -1 -2
2 6 63 -1 73 89 -1 3 17 56 57 -1 -2
11 -1 33 50 -1 2 36 61 69 -1 -2
77 -1 38 45 -1 29 -1 -2
41 46 48 74 -1 80 90 -1 28 68 74 -1 -2
30 45 51 -1 36 73 80 85 -1 73 -1 -2
3 5 50 68 -1 19 34 59 -1 67 69 78 -1 -2
24 54 -1 51 77 87 -1 6 13 49 95 -1 -2
36 47 97 100 -1 18 78 89 -1 26 86 -1 -2
2 77 -1 34 40 45 -1 22 59 60 77 -1 -2
4 8 -1 78 -1 50 86 -1 -2
31 86 96 -1 10 -1 43 48 -1 -2
24 34 39 -1 5 45 92 97 -1 21 42 -1 -2
15 95 -1 22 87 99 -1 12 41 99 -1 -2
11 49 58 -1 8 86 -1 75 -1 -2
54 84 89 -1 27 53 79 82 -1 24 67 99 -1 -2
13 23 63 -1 30 73 76 -1 5 87 96 -1 -2
8 50 -1 46 59 67 -1 67 83 97 -1 -2
84 -1 53 -1 1 31 36 -1 -2
6 -1 6 11 94 97 -1 1 59 99 -1 -2
38 -1 82 -1 33 54 82 -1 -2
9 18 83 -1 18 61 -1 25 -1 -2
63 64 85 -1 34 73 -1 5 48 93 -1 -2
12 33 79 85 -1 6 49 91 -1 25 66 -1 -2
10 23 60 -1 90 -1 5 96 -1 -2
59 63 91 97 -1 8 48 -1 7 26 50 57 -1 -2
8 29 63 90 -1 25 46 75 98 -1 21 88 -1 -2
51 -1 42 65 99 -1 57 90 -1 -2
70 -1 25 -1 53 54 57 91 -1 -2
29 33 91 -1 6 13 -1 96 -1 -2
74 77 -1 14 48 74 89 -1 7 20 23 87 -1 -2
74 -1 1 9 37 -1 30 33 60 91 -1 -2
15 17 -1 47 70 73 85 -1 16 42 58 -1 -2
52 74 92 -1 24 -1 25 40 47 -1 -2
18 -1 3 13 23 87 -1 5 45 46 68 -1 -2
14 17 48 -1 39 60 -1 3 10 59 -1 -2
21 27 47 76 -1 21 47 73 -1 74 -1 -2
16 32 44 60 -1 51 66 85 -1 11 21 -1 -2
23 33 84 90 -1 11 50 53 -1 22 85 -1 -2
20 63 -1 64 96 -1 78 -1 -2
10 20 45 89 -1 55 62 68 83 -1 59 -1 -2
11 -1 31 -1 8 27 74 -1 -2
59 -1 1 5 69 -1 2 38 -1 -2
22 27 30 91 -1 1 26 76 88 -1 67 -1 -2
82 -1 35 39 60 -1 46 -1 -2
74 95 -1 1 26 94 -1 48 65 -1 -2
50 68 79 85 -1 21 92 -1 58 -1 -2
17 26 38 -1 19 85 -1 26 94 -1 -2
1 10 73 74 -1 16 35 58 -1 70 -1 -2
3 15 51 -1 10 25 44 85 -1 82 -1 -2
7 16 -1 28 -1 6 66 -1 -2
6 25 99 -1 4 54 57 77 -1 24 76 93 -1 -2
46 50 -1 77 -1 46 59 -1 -2
63 -1 13 20 52 53 -1 39 54 -1 -2
45 -1 1 2 8 -1 60 64 75 86 -1 -2
94 -1 33 37 57 68 -1 7 49 59 79 -1 -2
77 -1 61 90 98 100 -1 4 18 38 -1 -2
43 65 -1 20 88 90 93 -1 21 34 71 -1 -2
5 84 91 -1 46 56 80 84 -1 32 49 62 81 -1 -2
24 44 56 64 -1 8 -1 17 31 -1 -2
49 -1 8 26 -1 19 -1 -2
30 61 99 -1 27 28 36 -1 8 10 56 87 -1 -2
30 44 51 74 -1 97 98 -1 87 -1 -2
6 90 -1 23 29 71 -1 28 76 -1 -2
23 35 -1 70 -1 47 50 56 -1 -2
1 28 64 76 -1 37 64 85 -1 92 -1 -2
8 -1 4 39 -1 5 58 65 -1 -2
21 40 57 -1 13 55 -1 53 77 96 99 -1 -2
27 48 62 91 -1 41 45 62 92 -1 7 96 -1 -2
3 59 83 -1 83 -1 68 77 -1 -2
20 34 42 -1 22 50 -1 2 91 -1 -2
85 91 -1 15 27 -1 61 -1 -2
17 51 91 -1 17 94 -1 7 28 -1 -2
24 54 72 82 -1 20 84 -1 25 47 80 -1 -2
44 77 -1 50 71 -1 60 -1 -2
23 62 90 -1 8 18 36 69 -1 9 -1 -2
84 -1 5 26 35 79 -1 7 94 -1 -2
13 18 53 -1 40 52 65 -1 44 81 -1 -2
4 52 73 -1 17 70 81 88 -1 8 73 84 -1 -2
13 -1 29 41 -1 49 94 96 -1 -2
3 13 -1 6 40 64 97 -1 15 32 72 76 -1 -2
38 47 79 90 -1 54 -1 35 37 61 -1 -2
8 -1 36 61 92 96 -1 51 -1 -2
4 62 68 71 -1 6 10 35 94 -1 4 26 53 83 -1 -2
16 72 -1 92 94 -1 2 71 74 93 -1 -2
43 62 70 -1 89 -1 29 34 92 -1 -2
69 -1 7 48 -1 27 28 37 70 -1 -2
36 -1 65 85 -1 64 72 -1 -2
58 70 81 -1 36 50 -1 59 -1 -2
38 40 72 78 -1 14 63 88 100 -1 6 43 73 -1 -2
7 27 60 75 -1 7 -1 9 32 -1 -2
42 45 64 -1 10 16 24 29 -1 3 59 71 -1 -2
42 -1 96 -1 51 -1 -2
2 92 -1 8 -1 43 84 97 -1 -2
26 66 77 -1 49 59 80 -1 2 39 -1 -2
30 -1 32 68 -1 51 57 100 -1 -2
16 -1 3 5 18 67 -1 26 29 48 -1 -2
26 60 95 -1 86 -1 14 -1 -2
25 -1 48 67 92 94 -1 98 -1 -2
40 -1 18 33 97 -1 25 42 50 63 -1 -2
34 39 91 -1 85 -1 97 -1 -2
75 83 -1 9 29 96 -1 8 13 84 85 -1 -2
62 93 -1 3 42 54 -1 34 63 73 74 -1 -2
5 27 28 49 -1 65 78 89 -1 13 -1 -2
93 -1 5 -1 4 25 32 63 -1 -2
81 -1 27 28 67 -1 7 32 80 93 -1 -2
25 71 87 -1 6 36 -1 98 -1 -2
13 -1 2 34 51 69 -1 55 -1 -2
37 57 63 64 -1 2 11 22 -1 76 -1 -2
32 59 60 99 -1 26 -1 62 83 95 -1 -2
2 40 48 93 -1 74 -1 9 81 -1 -2
39 68 83 -1 13 61 97 -1 26 -1 -2
18 50 86 -1 5 16 -1 24 75 -1 -2
27 -1 58 77 87 -1 4 24 83 -1 -2
30 51 52 62 -1 3 10 69 85 -1 3 47 48 94 -1 -2
10 76 -1 30 42 52 96 -1 22 23 -1 -2
36 40 56 -1 34 48 71 86 -1 59 65 95 -1 -2
41 86 98 -1 62 79 -1 44 66 72 99 -1 -2
21 -1 45 -1 13 -1 -2
25 57 98 -1 61 70 -1 39 -1 -2
17 20 30 31 -1 1 3 10 -1 20 47 65 -1 -2
11 38 86 -1 15 44 48 -1 18 20 94 -1 -2
58 -1 16 -1 71 -1 -2
93 -1 4 61 100 -1 38 66 -1 -2
64 -1 42 73 76 96 -1 7 18 -1 -2
66 67 93 -1 30 50 82 96 -1 15 -1 -2
61 68 77 -1 42 45 47 61 -1 3 20 79 -1 -2
21 56 80 96 -1 10 24 -1 27 37 56 57 -1 -2
16 40 72 75 -1 1 15 31 35 -1 30 31 71 -1 -2
65 68 95 -1 38 58 70 86 -1 5 74 94 -1 -2
6 -1 27 -1 36 51 -1 -2
19 -1 17 79 -1 35 59 72 100 -1 -2
37 -1 51 85 97 -1 28 53 -1 -2
23 50 67 100 -1 99 -1 6 25 96 -1 -2
19 62 94 96 -1 27 70 -1 31 74 89 -1 -2
49 56 76 83 -1 4 -1 12 28 36 86 -1 -2
47 54 76 -1 15 -1 30 68 -1 -2
4 33 63 69 -1 33 46 64 75 -1 68 77 98 100 -1 -2
43 85 97 -1 32 53 -1 25 -1 -2
20 -1 62 -1 67 -1 -2
42 45 -1 10 34 50 -1 4 29 -1 -2
26 -1 37 43 -1 14 68 70 -1 -2
25 33 -1 81 -1 35 44 90 -1 -2
26 68 -1 28 84 -1 18 22 23 -1 -2
39 64 74 -1 5 45 53 75 -1 84 -1 -2
12 58 72 -1 12 41 53 -1 25 93 -1 -2
6 76 83 100 -1 41 54 74 98 -1 29 77 -1 -2
14 40 52 56 -1 16 95 -1 27 67 89 92 -1 -2
24 42 62 -1 29 -1 47 70 78 -1 -2
17 44 73 96 -1 24 36 66 -1 63 -1 -2
19 49 92 -1 23 29 99 -1 11 18 46 74 -1 -2
35 48 66 100 -1 49 77 91 94 -1 22 81 -1 -2
22 26 50 -1 23 27 -1 12 -1 -2
8 55 57 -1 1 21 28 37 -1 8 21 -1 -2
2 54 65 85 -1 29 47 61 -1 54 86 93 -1 -2
14 27 31 73 -1 39 -1 16 70 -1 -2
38 -1 39 55 72 -1 53 70 -1 -2
17 65 72 -1 51 56 62 100 -1 24 68 80 -1 -2
14 27 72 99 -1 50 -1 85 -1 -2
23 46 57 74 -1 14 53 -1 78 -1 -2
31 48 71 76 -1 28 36 59 81 -1 13 15 53 80 -1 -2
54 -1 4 39 63 74 -1 24 75 84 -1 -2
74 83 -1 64 83 -1 12 24 60 84 -1 -2
36 75 80 83 -1 52 58 70 -1 50 -1 -2
8 54 -1 7 66 -1 47 -1 -2
15 52 84 94 -1 25 29 72 -1 51 -1 -2
35 -1 20 -1 14 16 32 -1 -2
20 -1 30 36 59 84 -1 23 25 32 -1 -2
23 40 -1 59 74 84 -1 52 73 97 100 -1 -2
28 84 97 -1 8 56 -1 11 18 23 47 -1 -2
8 10 29 -1 40 51 -1 11 14 20 -1 -2
49 -1 44 -1 58 90 98 -1 -2
56 59 -1 65 84 -1 42 63 100 -1 -2
39 51 54 74 -1 77 -1 6 34 51 -1 -2
19 89 -1 58 -1 21 44 -1 -2
72 -1 47 80 96 -1 35 83 -1 -2
20 -1 5 53 67 73 -1 31 -1 -2
100 -1 28 -1 77 96 -1 -2
16 93 -1 4 32 39 93 -1 34 47 -1 -2
38 97 -1 26 95 -1 3 6 21 80 -1 -2
38 46 -1 100 -1 78 87 -1 -2
22 66 -1 26 99 -1 59 -1 -2
39 53 -1 21 66 -1 62 -1 -2
5 46 61 80 -1 41 72 77 95 -1 3 18 73 91 -1 -2
9 88 95 -1 2 6 19 91 -1 32 44 48 75 -1 -2
11 28 78 -1 25 34 48 75 -1 38 39 -1 -2
64 -1 9 23 -1 25 32 58 -1 -2
14 19 63 -1 44 58 88 -1 16 99 -1 -2
26 85 -1 16 47 -1 49 -1 -2
61 100 -1 58 64 -1 11 52 65 96 -1 -2
4 9 11 73 -1 97 -1 71 78 82 96 -1 -2
29 42 57 -1 27 59 -1 2 20 42 62 -1 -2
8 52 76 97 -1 5 -1 65 66 -1 -2
22 27 76 -1 72 -1 30 -1 -2
3 7 23 -1 50 -1 5 -1 -2
3 6 18 67 -1 6 19 25 85 -1 24 50 55 58 -1 -2
57 79 -1 52 59 90 -1 9 48 73 88 -1 -2
11 62 81 -1 48 65 83 -1 28 35 97 -1 -2
30 -1 3 11 23 -1 20 55 77 -1 -2
30 52 -1 19 54 94 98 -1 61 82 94 99 -1 -2
15 16 63 72 -1 53 87 95 -1 20 69 100 -1 -2
43 47 71 98 -1 27 28 70 90 -1 58 66 -1 -2
1 33 51 84 -1 85 -1 5 37 43 87 -1 -2
14 50 94 -1 35 45 -1 20 37 44 -1 -2
58 94 96 98 -1 38 -1 3 30 32 66 -1 -2
7 46 84 85 -1 89 -1 12 -1 -2
26 39 94 -1 83 92 -1 17 56 93 -1 -2
1 73 75 93 -1 2 19 77 -1 6 34 48 55 -1 -2
7 -1 19 65 71 90 -1 13 36 60 70 -1 -2
57 -1 60 -1 6 94 -1 -2
3 -1 42 55 -1 1 82 94 98 -1 -2
30 60 88 -1 42 -1 16 23 35 73 -1 -2
19 34 38 -1 26 44 49 87 -1 56 -1 -2
67 -1 3 54 93 -1 38 -1 -2
80 86 91 96 -1 32 37 79 -1 91 -1 -2
18 35 41 52 -1 7 18 52 62 -1 32 53 -1 -2
35 63 83 97 -1 18 82 86 98 -1 14 26 33 69 -1 -2
13 -1 44 58 94 98 -1 20 42 55 69 -1 -2
31 96 -1 63 90 -1 2 40 49 51 -1 -2
48 50 -1 99 -1 55 -1 -2
8 9 16 97 -1 39 57 -1 88 -1 -2
46 86 -1 6 82 -1 27 32 62 95 -1 -2
34 70 93 -1 18 19 -1 68 -1 -2
65 93 -1 37 -1 27 54 61 -1 -2
15 89 92 -1 12 20 49 62 -1 62 -1 -2
6 -1 68 -1 74 89 -1 -2
41 83 95 -1 46 -1 5 55 -1 -2
2 36 69 -1 14 49 87 -1 15 95 -1 -2
22 27 -1 46 -1 93 -1 -2
23 -1 19 30 52 71 -1 25 45 63 -1 -2
8 36 56 80 -1 64 82 -1 20 75 77 -1 -2
4 17 55 -1 12 19 -1 17 85 -1 -2
11 36 99 -1 1 61 63 86 -1 17 57 80 -1 -2
45 51 79 82 -1 6 -1 40 63 96 -1 -2
52 -1 22 24 56 -1 17 -1 -2
18 -1 35 60 75 96 -1 26 31 -1 -2
7 44 53 75 -1 4 19 68 -1 28 56 75 -1 -2
74 80 98 -1 6 55 76 -1 47 60 65 85 -1 -2
9 -1 3 41 52 56 -1 9 97 -1 -2
6 27 74 90 -1 95 -1 11 27 95 -1 -2
3 99 -1 3 26 88 94 -1 12 15 65 94 -1 -2
12 62 67 -1 11 51 -1 27 -1 -2
42 50 88 -1 30 48 84 -1 20 -1 -2
34 63 70 -1 3 95 -1 4 43 48 75 -1 -2
75 -1 39 68 72 77 -1 23 100 -1 -2
36 46 47 -1 85 96 -1 19 -1 -2
61 64 100 -1 5 40 99 -1 37 60 -1 -2
19 61 -1 20 96 -1 1 54 80 -1 -2
2 -1 22 -1 2 9 78 -1 -2
63 93 -1 65 91 -1 10 77 -1 -2
60 -1 37 -1 5 27 37 71 -1 -2
21 37 51 63 -1 34 84 86 -1 24 86 98 -1 -2
38 79 -1 2 27 33 62 -1 47 48 90 -1 -2
13 17 66 -1 4 27 47 49 -1 7 38 43 -1 -2
67 87 -1 27 29 40 66 -1 25 100 -1 -2
1 7 -1 29 58 92 -1 16 29 70 78 -1 -2
4 39 46 67 -1 43 -1 18 70 -1 -2
39 71 77 95 -1 5 -1 25 -1 -2
31 51 -1 88 94 99 -1 12 -1 -2
32 69 93 -1 6 63 82 89 -1 71 83 -1 -2
77 -1 19 37 -1 18 24 37 58 -1 -2
1 25 50 73 -1 59 67 -1 52 -1 -2
10 45 -1 52 67 95 96 -1 87 96 -1 -2
3 -1 4 48 -1 6 58 75 -1 -2
13 14 60 -1 2 39 70 72 -1 11 39 59 78 -1 -2
11 24 62 88 -1 37 72 -1 76 -1 -2
34 55 -1 6 -1 24 29 32 -1 -2
81 86 -1 27 41 63 -1 1 23 52 97 -1 -2
28 65 86 -1 44 67 -1 12 -1 -2
20 43 60 -1 30 50 51 88 -1 28 84 -1 -2
25 37 87 -1 14 40 -1 5 65 -1 -2
11 -1 40 -1 12 15 31 46 -1 -2
36 53 70 -1 48 -1 13 63 -1 -2
10 12 57 -1 18 -1 30 100 -1 -2
26 37 38 57 -1 23 71 -1 38 66 68 -1 -2
24 36 58 -1 64 94 -1 3 17 44 65 -1 -2
38 -1 41 44 51 -1 56 -1 -2
16 -1 25 -1 21 69 -1 -2
11 51 87 99 -1 62 -1 47 70 78 88 -1 -2
44 59 85 97 -1 93 -1 83 -1 -2
39 53 62 67 -1 7 42 70 -1 75 -1 -2
81 -1 77 83 -1 2 16 79 81 -1 -2
4 10 33 -1 49 -1 36 -1 -2
38 90 -1 67 94 -1 7 33 43 64 -1 -2
78 93 -1 63 80 100 -1 12 45 -1 -2
20 -1 38 92 97 -1 81 -1 -2
80 -1 60 -1 17 24 38 74 -1 -2
6 -1 15 69 94 -1 27 71 90 -1 -2
70 -1 17 18 83 90 -1 48 77 -1 -2
11 88 93 -1 91 -1 21 29 48 58 -1 -2
65 96 -1 3 64 -1 26 39 58 -1 -2
29 45 -1 5 79 83 85 -1 44 60 62 97 -1 -2
6 -1 1 87 98 -1 23 79 81 92 -1 -2
15 61 -1 40 -1 26 27 73 -1 -2
23 91 -1 7 30 41 -1 15 52 54 64 -1 -2
10 -1 10 70 -1 53 -1 -2
33 86 89 100 -1 46 69 -1 46 77 93 -1 -2
73 -1 8 93 -1 33 34 -1 -2
4 31 38 100 -1 63 85 100 -1 75 -1 -2
40 72 -1 34 -1 13 50 -1 -2
63 75 -1 88 -1 45 84 -1 -2
24 88 -1 4 45 48 50 -1 14 84 88 96 -1 -2
42 54 62 -1 69 -1 31 -1 -2
10 14 30 69 -1 32 52 69 -1 2 42 84 -1 -2
56 85 -1 33 67 -1 17 30 48 -1 -2
16 -1 24 46 78 80 -1 46 64 67 -1 -2
17 42 54 -1 46 47 56 91 -1 3 10 15 74 -1 -2
45 55 73 76 -1 6 14 83 -1 23 38 -1 -2
12 72 74 -1 51 63 72 76 -1 85 -1 -2
38 67 -1 33 46 77 -1 7 35 46 93 -1 -2
42 -1 35 44 89 96 -1 3 53 60 95 -1 -2
53 63 69 98 -1 31 64 -1 3 -1 -2
57 70 -1 83 -1 56 -1 -2
3 -1 64 -1 95 -1 -2
97 -1 21 54 -1 26 -1 -2
16 35 41 62 -1 15 98 -1 65 100 -1 -2
11 -1 84 -1 21 38 42 -1 -2
51 63 -1 16 18 21 86 -1 32 56 63 83 -1 -2
51 -1 20 -1 1 4 66 -1 -2
12 93 100 -1 47 80 -1 96 -1 -2
72 83 -1 10 20 63 -1 26 46 -1 -2
38 56 87 -1 11 -1 17 -1 -2
12 98 -1 95 -1 65 75 80 93 -1 -2
14 90 -1 96 -1 94 -1 -2
13 86 -1 32 79 -1 44 50 -1 -2
11 40 -1 41 88 92 -1 6 21 64 97 -1 -2
16 24 50 -1 12 81 -1 81 98 -1 -2
9 -1 3 31 35 57 -1 65 66 -1 -2
19 53 -1 9 30 70 94 -1 18 35 79 92 -1 -2
49 -1 22 31 -1 9 34 86 -1 -2
8 18 21 58 -1 5 11 70 -1 12 23 51 88 -1 -2
22 76 82 -1 5 52 58 -1 15 91 -1 -2
13 39 88 92 -1 45 87 -1 81 -1 -2
67 98 -1 7 52 67 -1 4 35 50 66 -1 -2
48 -1 24 -1 32 -1 -2
31 -1 11 -1 27 -1 -2
6 52 58 60 -1 34 -1 13 15 16 30 -1 -2
11 23 86 -1 7 75 -1 34 63 70 -1 -2
69 -1 42 50 57 79 -1 10 51 68 74 -1 -2
19 47 97 -1 70 75 96 -1 4 31 70 -1 -2
90 -1 9 29 58 -1 42 99 -1 -2
51 83 -1 10 31 82 -1 34 55 78 88 -1 -2
24 27 35 96 -1 32 -1 45 88 -1 -2
9 14 30 65 -1 12 -1 42 71 79 -1 -2
6 25 38 55 -1 2 11 60 73 -1 7 69 87 -1 -2
20 46 89 92 -1 3 6 -1 23 76 -1 -2
4 82 97 -1 3 4 -1 36 63 72 -1 -2
21 46 48 49 -1 70 84 -1 88 -1 -2
56 72 94 -1 3 26 42 -1 3 34 -1 -2
7 68 75 92 -1 11 100 -1 12 41 -1 -2
27 30 61 68 -1 88 -1 67 -1 -2
1 72 -1 47 -1 15 42 55 -1 -2
100 -1 1 -1 78 -1 -2
100 -1 28 49 56 78 -1 2 -1 -2
54 -1 69 100 -1 21 48 49 -1 -2
67 -1 5 32 -1 4 37 85 -1 -2
26 34 79 97 -1 26 38 89 93 -1 11 59 -1 -2
18 -1 28 54 63 -1 32 55 -1 -2
25 75 90 -1 43 79 -1 77 87 -1 -2
27 72 87 -1 49 76 93 -1 24 -1 -2
27 31 -1 42 -1 3 18 95 -1 -2
34 43 85 -1 10 80 -1 22 74 -1 -2
16 36 46 52 -1 4 9 -1 39 -1 -2
27 -1 51 54 -1 5 17 97 100 -1 -2
76 -1 12 48 -1 45 -1 -2
8 -1 15 60 89 96 -1 21 -1 -2
8 13 -1 16 43 46 87 -1 25 -1 -2
30 66 68 -1 24 33 57 59 -1 58 -1 -2
81 100 -1 79 -1 7 40 49 75 -1 -2
42 87 -1 45 86 -1 5 43 64 87 -1 -2
51 61 86 -1 2 17 -1 19 -1 -2
9 35 88 -1 31 53 75 91 -1 28 55 83 -1 -2
72 81 95 -1 1 25 45 -1 35 -1 -2
11 61 -1 22 47 91 -1 27 85 -1 -2
38 -1 19 38 75 -1 12 -1 -2
21 -1 31 39 100 -1 49 -1 -2
63 -1 7 8 23 53 -1 52 -1 -2
8 41 79 -1 7 20 30 64 -1 11 57 76 -1 -2
8 40 81 -1 16 51 76 90 -1 39 72 82 -1 -2
74 78 96 -1 17 48 54 65 -1 25 56 63 99 -1 -2
7 -1 56 62 -1 8 12 35 -1 -2
30 36 60 -1 33 45 -1 28 31 34 59 -1 -2
10 58 69 -1 100 -1 66 91 96 -1 -2
4 -1 45 -1 39 51 91 97 -1 -2
4 21 43 60 -1 35 37 80 -1 13 14 -1 -2
14 34 63 78 -1 22 72 76 -1 54 -1 -2
65 85 90 -1 7 40 50 81 -1 7 27 30 72 -1 -2
9 -1 90 -1 79 83 -1 -2
84 -1 16 19 49 96 -1 6 76 98 -1 -2
31 63 95 -1 14 52 87 -1 4 36 48 79 -1 -2
64 92 -1 15 46 68 83 -1 51 58 78 93 -1 -2
11 24 31 59 -1 24 99 -1 6 10 73 -1 -2
66 -1 5 -1 39 79 -1 -2
7 57 86 -1 15 59 79 83 -1 39 57 -1 -2
51 61 79 -1 20 45 98 -1 36 86 100 -1 -2
9 45 54 61 -1 15 50 82 96 -1 20 23 66 85 -1 -2
13 28 39 50 -1 6 -1 58 -1 -2
43 64 -1 13 71 84 98 -1 2 -1 -2
93 -1 43 80 82 -1 45 -1 -2
63 90 -1 16 55 62 63 -1 22 -1 -2
90 -1 15 20 -1 12 -1 -2
8 23 39 82 -1 94 -1 7 21 67 -1 -2
58 -1 26 63 94 -1 6 45 -1 -2
22 38 100 -1 37 52 77 85 -1 43 47 -1 -2
27 37 43 85 -1 10 36 -1 17 26 28 53 -1 -2
5 75 -1 1 54 72 -1 46 -1 -2
9 12 49 -1 27 -1 39 44 57 87 -1 -2
61 72 83 -1 61 85 87 95 -1 81 92 -1 -2
38 63 68 -1 10 54 90 -1 70 -1 -2
51 52 -1 100 -1 91 100 -1 -2
47 -1 58 67 73 -1 9 -1 -2
4 60 92 -1 28 56 79 -1 19 52 100 -1 -2
25 66 -1 33 96 -1 51 -1 -2
12 73 -1 48 52 69 -1 20 35 47 -1 -2
58 86 -1 86 -1 13 50 60 -1 -2
48 99 -1 10 67 78 -1 15 -1 -2
39 42 54 84 -1 9 -1 73 -1 -2
68 99 -1 100 -1 6 -1 -2
10 11 29 39 -1 19 51 59 -1 63 79 -1 -2
41 43 70 100 -1 42 68 90 97 -1 3 -1 -2
30 34 79 83 -1 21 27 85 -1 31 -1 -2
29 44 -1 9 76 77 -1 12 38 45 87 -1 -2
11 51 69 -1 10 47 68 92 -1 60 66 87 99 -1 -2
22 47 85 -1 8 77 84 -1 28 -1 -2
14 -1 10 64 86 -1 34 78 79 99 -1 -2
16 38 94 -1 17 38 88 96 -1 24 55 70 82 -1 -2
74 -1 61 -1 7 33 92 -1 -2
19 60 -1 6 -1 21 -1 -2
52 -1 36 40 75 -1 61 84 -1 -2
8 17 37 53 -1 46 49 56 69 -1 20 65 -1 -2
13 54 -1 30 99 -1 22 23 27 -1 -2
11 53 62 -1 21 -1 60 82 89 -1 -2
16 38 65 81 -1 3 22 45 -1 43 -1 -2
38 -1 13 53 -1 7 26 -1 -2
32 80 -1 17 -1 65 89 99 -1 -2
28 68 -1 5 9 56 -1 4 26 98 -1 -2
55 65 70 84 -1 20 92 94 98 -1 14 29 91 94 -1 -2
49 83 93 100 -1 6 9 34 63 -1 10 -1 -2
11 56 -1 15 28 36 37 -1 3 27 83 -1 -2
18 48 62 64 -1 64 69 -1 19 46 -1 -2
61 62 69 81 -1 59 -1 6 66 84 -1 -2
16 70 -1 36 89 92 -1 49 57 72 91 -1 -2
19 33 54 93 -1 54 91 95 98 -1 26 50 84 -1 -2
36 -1 69 97 -1 2 8 58 -1 -2
6 22 -1 3 -1 3 71 -1 -2
5 66 -1 95 -1 14 46 70 86 -1 -2
18 30 100 -1 15 -1 39 -1 -2
28 80 -1 1 9 83 -1 13 16 29 79 -1 -2
30 53 60 100 -1 45 65 67 89 -1 2 -1 -2
10 91 94 -1 23 24 74 92 -1 61 97 -1 -2
6 34 37 90 -1 14 34 59 -1 97 -1 -2
25 47 55 74 -1 7 18 41 -1 86 95 98 -1 -2
24 62 83 -1 38 82 -1 43 83 -1 -2
49 96 -1 37 44 63 82 -1 24 26 34 62 -1 -2
89 -1 82 -1 90 -1 -2
24 26 42 74 -1 45 -1 11 30 84 85 -1 -2
74 -1 66 -1 41 -1 -2
54 85 86 -1 6 79 -1 9 65 -1 -2
32 45 57 -1 49 -1 40 79 -1 -2
79 -1 53 82 -1 4 11 92 94 -1 -2
12 16 -1 51 58 -1 37 47 75 -1 -2
4 -1 46 92 -1 15 30 76 -1 -2
34 36 61 66 -1 12 68 69 -1 99 -1 -2
20 59 72 91 -1 46 -1 21 64 -1 -2
53 -1 43 46 52 97 -1 13 26 71 -1 -2
95 -1 15 78 -1 2 14 46 -1 -2
87 -1 17 54 78 95 -1 54 -1 -2
7 64 79 -1 14 86 -1 9 92 98 -1 -2
56 89 -1 54 -1 26 -1 -2
67 96 98 -1 21 40 78 93 -1 9 100 -1 -2
29 94 99 -1 67 98 -1 40 95 -1 -2
11 58 75 -1 93 -1 13 -1 -2
13 15 56 -1 34 68 80 -1 39 63 -1 -2
55 59 82 -1 14 16 64 -1 16 33 -1 -2
50 57 77 94 -1 1 14 81 -1 32 39 73 87 -1 -2
27 39 76 -1 63 -1 6 -1 -2
24 73 -1 10 42 -1 49 55 94 -1 -2
13 46 52 57 -1 21 88 99 -1 6 98 -1 -2
5 -1 6 58 74 -1 34 -1 -2
29 52 89 -1 26 44 57 65 -1 8 21 64 -1 -2
69 -1 27 35 -1 35 45 -1 -2
11 26 61 -1 46 79 -1 35 63 -1 -2
89 -1 13 20 86 88 -1 15 73 -1 -2
52 82 -1 16 29 90 -1 4 15 97 -1 -2
18 66 70 -1 40 64 77 -1 69 -1 -2
63 66 -1 84 -1 29 -1 -2
10 45 -1 28 38 47 99 -1 3 -1 -2
63 76 85 -1 58 -1 49 -1 -2
28 45 -1 37 76 -1 70 -1 -2
40 59 95 -1 8 85 -1 9 10 62 -1 -2
52 -1 13 24 33 50 -1 92 -1 -2
3 -1 56 58 86 87 -1 72 -1 -2
1 66 78 -1 9 40 60 -1 29 49 78 84 -1 -2
28 42 98 -1 23 61 -1 60 -1 -2
59 -1 7 -1 86 -1 -2
44 94 96 -1 17 39 61 77 -1 34 94 100 -1 -2
11 -1 31 64 85 -1 3 -1 -2
8 40 -1 21 48 73 -1 39 40 96 -1 -2
13 -1 13 40 81 94 -1 79 -1 -2
27 36 -1 49 58 -1 35 38 39 72 -1 -2
58 69 71 -1 12 35 54 71 -1 26 62 75 82 -1 -2
13 58 63 66 -1 1 7 -1 32 100 -1 -2
25 -1 19 29 46 51 -1 50 51 92 -1 -2
69 -1 58 -1 43 83 -1 -2
4 73 78 -1 8 34 65 72 -1 36 76 -1 -2
1 13 73 -1 17 51 91 95 -1 53 100 -1 -2
19 25 65 -1 2 75 84 -1 50 64 75 -1 -2
24 59 60 81 -1 35 48 56 98 -1 37 72 -1 -2
81 -1 37 56 -1 29 -1 -2
29 61 -1 15 18 95 -1 61 91 95 -1 -2
60 68 82 -1 75 95 -1 87 -1 -2
35 -1 6 -1 45 58 78 90 -1 -2
81 -1 17 59 79 -1 46 48 79 97 -1 -2
36 59 65 94 -1 17 70 -1 1 15 23 36 -1 -2
7 68 -1 6 94 96 97 -1 19 -1 -2
7 18 83 99 -1 34 42 46 94 -1 23 -1 -2
23 50 59 96 -1 7 9 -1 21 65 73 74 -1 -2
30 43 62 99 -1 52 -1 2 14 73 84 -1 -2
12 40 80 83 -1 55 -1 17 37 -1 -2
4 10 34 73 -1 77 -1 89 95 96 -1 -2
31 34 -1 23 51 -1 26 56 -1 -2
46 66 70 85 -1 9 66 97 -1 15 30 49 -1 -2
4 39 -1 22 23 80 90 -1 31 98 -1 -2
13 29 76 90 -1 38 99 -1 27 77 -1 -2
17 46 57 82 -1 45 -1 99 -1 -2
56 100 -1 11 -1 26 77 100 -1 -2
94 -1 28 45 90 -1 62 -1 -2
93 -1 82 -1 15 33 37 57 -1 -2
28 93 94 -1 13 14 84 90 -1 37 71 73 86 -1 -2
63 74 76 -1 24 40 -1 42 57 81 92 -1 -2
11 43 47 88 -1 4 26 77 92 -1 77 -1 -2
31 -1 15 58 63 70 -1 31 41 83 -1 -2
65 71 -1 20 -1 9 -1 -2
55 59 91 -1 17 21 30 94 -1 33 -1 -2
11 -1 40 -1 15 34 37 46 -1 -2
9 57 -1 66 89 -1 16 47 87 -1 -2
36 -1 2 39 71 85 -1 90 94 -1 -2
24 -1 65 68 90 -1 20 -1 -2
31 57 96 -1 13 37 68 -1 17 19 -1 -2
26 52 65 -1 4 71 87 -1 18 64 94 -1 -2
6 -1 7 -1 15 -1 -2
68 -1 81 -1 44 57 -1 -2
57 -1 3 62 95 -1 35 37 78 82 -1 -2
29 71 93 95 -1 5 8 52 66 -1 7 59 -1 -2
42 44 69 -1 26 36 54 65 -1 70 74 -1 -2
26 -1 61 66 67 98 -1 32 77 -1 -2
17 30 -1 73 100 -1 9 73 96 -1 -2
53 -1 98 -1 22 -1 -2
51 87 91 -1 74 -1 47 55 86 96 -1 -2
33 44 86 -1 36 55 56 -1 94 -1 -2
68 80 83 99 -1 46 64 -1 3 41 53 95 -1 -2
2 16 84 90 -1 42 55 73 85 -1 81 -1 -2
58 -1 17 39 -1 11 19 20 -1 -2
21 81 100 -1 6 21 70 -1 37 67 68 69 -1 -2
39 -1 32 69 93 96 -1 28 96 -1 -2
75 -1 8 9 12 55 -1 18 40 46 47 -1 -2
36 37 57 -1 33 68 91 -1 58 76 78 -1 -2
16 -1 51 59 66 -1 2 39 45 92 -1 -2
14 23 77 -1 74 79 -1 72 94 -1 -2
78 83 -1 18 -1 32 89 -1 -2
9 55 86 -1 70 93 99 -1 50 -1 -2
5 70 91 95 -1 66 -1 38 53 81 94 -1 -2
38 79 100 -1 35 54 70 92 -1 96 -1 -2
35 -1 74 76 -1 35 69 -1 -2
91 -1 67 72 95 100 -1 50 -1 -2
65 -1 64 -1 16 64 80 86 -1 -2
11 -1 43 46 54 -1 6 -1 -2
14 39 60 92 -1 7 45 73 91 -1 17 37 -1 -2
25 -1 2 57 93 -1 67 -1 -2
33 55 66 -1 61 69 -1 72 87 96 -1 -2
40 46 97 -1 3 80 -1 57 65 -1 -2
37 81 92 -1 20 -1 80 -1 -2
2 17 29 62 -1 17 18 45 88 -1 11 82 -1 -2
41 -1 72 -1 47 69 -1 -2
41 51 76 -1 4 49 94 -1 33 91 -1 -2
76 90 -1 20 46 86 90 -1 4 58 63 -1 -2
20 25 -1 71 -1 72 -1 -2
10 62 -1 10 59 -1 9 69 89 -1 -2
4 59 74 94 -1 7 19 66 77 -1 1 54 -1 -2
32 43 63 88 -1 79 -1 22 66 92 -1 -2
8 42 55 65 -1 15 21 -1 10 11 75 81 -1 -2
5 44 72 77 -1 33 73 -1 75 83 84 95 -1 -2
7 30 61 88 -1 39 59 82 -1 15 -1 -2
9 13 35 -1 1 81 100 -1 5 63 97 -1 -2
31 67 82 -1 4 14 98 -1 90 -1 -2
19 66 83 -1 100 -1 2 7 74 -1 -2
6 75 -1 24 89 91 -1 44 60 94 -1 -2
14 39 -1 58 70 71 92 -1 12 36 93 95 -1 -2
57 -1 27 36 53 -1 47 59 71 -1 -2
5 20 23 84 -1 45 99 -1 23 50 53 -1 -2
5 6 77 84 -1 4 35 83 89 -1 42 65 67 74 -1 -2
62 96 -1 33 -1 18 27 70 96 -1 -2
27 40 48 52 -1 5 -1 5 20 28 96 -1 -2
63 -1 13 26 45 -1 7 27 32 75 -1 -2
48 67 95 -1 9 35 74 80 -1 12 -1 -2
10 62 98 -1 10 32 51 -1 4 12 35 77 -1 -2
3 20 83 97 -1 30 69 -1 5 31 48 100 -1 -2
77 -1 26 40 59 -1 16 90 -1 -2
32 51 57 -1 56 60 62 74 -1 2 19 75 97 -1 -2
42 47 100 -1 33 100 -1 6 21 66 -1 -2
25 40 48 -1 67 70 76 90 -1 47 -1 -2
13 31 33 75 -1 62 70 -1 46 68 73 -1 -2
19 37 55 56 -1 18 46 62 68 -1 7 54 66 98 -1 -2
73 -1 17 18 71 -1 20 32 41 -1 -2
35 -1 17 55 58 -1 8 55 -1 -2
53 72 -1 7 43 72 -1 9 27 66 68 -1 -2
16 37 38 -1 57 66 -1 25 -1 -2
60 62 -1 54 55 90 -1 20 44 94 -1 -2
14 -1 28 71 72 -1 32 54 75 84 -1 -2
32 -1 33 34 35 -1 4 -1 -2
7 64 66 -1 56 79 -1 42 67 77 95 -1 -2
5 8 83 -1 28 -1 16 94 -1 -2
26 61 68 -1 8 -1 34 78 81 96 -1 -2
6 54 83 90 -1 76 100 -1 44 67 90 -1 -2
93 -1 15 48 60 89 -1 23 35 47 -1 -2
10 30 41 -1 12 32 66 88 -1 55 59 -1 -2
49 62 75 79 -1 8 15 33 39 -1 18 50 69 -1 -2
12 52 77 97 -1 78 -1 17 37 86 87 -1 -2
14 68 -1 23 28 64 -1 10 -1 -2
19 34 52 58 -1 6 55 56 89 -1 62 78 -1 -2
39 87 -1 47 -1 14 30 54 -1 -2
45 62 77 -1 7 40 66 71 -1 3 13 51 77 -1 -2
52 59 61 93 -1 34 37 -1 58 60 97 -1 -2
7 51 76 93 -1 72 -1 17 -1 -2
33 51 83 91 -1 81 93 -1 11 13 39 -1 -2
90 -1 93 94 -1 43 64 66 -1 -2
16 83 -1 27 56 -1 41 66 91 -1 -2
6 32 -1 33 69 -1 28 30 41 -1 -2
44 61 68 89 -1 45 -1 34 -1 -2
12 52 56 80 -1 9 25 63 64 -1 51 -1 -2
58 79 -1 4 67 -1 1 11 19 97 -1 -2
29 -1 3 11 52 83 -1 35 82 -1 -2
20 -1 72 -1 76 -1 -2
78 -1 14 -1 28 -1 -2
55 79 -1 17 73 -1 32 36 49 -1 -2
22 29 -1 74 81 -1 23 38 54 91 -1 -2
64 65 99 -1 53 100 -1 1 27 30 88 -1 -2
41 50 -1 42 56 92 -1 24 81 94 98 -1 -2
74 -1 3 20 27 -1 22 45 -1 -2
6 29 50 -1 19 48 -1 39 47 -1 -2
84 -1 37 -1 37 54 78 82 -1 -2
72 76 -1 8 12 -1 51 57 79 84 -1 -2
1 19 93 -1 19 26 87 -1 59 -1 -2
27 30 90 -1 9 -1 36 40 -1 -2
62 80 88 -1 56 61 -1 6 24 82 -1 -2
32 45 -1 27 83 -1 25 -1 -2
15 57 61 -1 3 10 71 74 -1 79 -1 -2
53 56 82 -1 96 -1 29 79 86 97 -1 -2
37 52 55 -1 19 -1 67 72 80 -1 -2
65 -1 6 -1 42 -1 -2
18 28 38 -1 68 -1 9 21 27 58 -1 -2
49 51 84 -1 40 71 -1 44 95 -1 -2
48 60 -1 9 43 64 77 -1 3 42 52 -1 -2
28 67 -1 33 69 -1 19 31 96 -1 -2
13 19 38 -1 2 -1 28 90 -1 -2
74 84 -1 16 37 73 -1 68 69 76 -1 -2
12 23 27 31 -1 80 -1 28 39 82 -1 -2
7 20 48 -1 30 -1 7 33 45 -1 -2
31 47 83 85 -1 67 93 -1 22 35 57 96 -1 -2
11 75 89 -1 20 98 -1 12 42 59 89 -1 -2
12 48 -1 1 43 94 -1 22 27 92 -1 -2
6 41 83 89 -1 83 97 -1 42 93 -1 -2
22 43 72 -1 26 54 75 78 -1 29 49 62 -1 -2
62 -1 78 -1 36 49 64 72 -1 -2
31 50 63 -1 27 50 99 -1 34 -1 -2
40 53 82 98 -1 41 57 58 -1 41 89 -1 -2
12 53 86 88 -1 97 -1 34 40 80 -1 -2
15 -1 27 60 95 100 -1 19 -1 -2
27 49 -1 5 62 73 98 -1 59 98 -1 -2
100 -1 20 26 32 51 -1 30 96 -1 -2
9 26 40 -1 19 99 -1 49 82 84 -1 -2
1 18 32 -1 37 70 -1 32 55 -1 -2
2 8 81 84 -1 8 26 33 41 -1 34 48 67 -1 -2
25 -1 9 15 69 -1 23 53 77 97 -1 -2
1 6 -1 89 -1 60 76 77 85 -1 -2
59 92 -1 38 55 56 100 -1 2 13 86 -1 -2
11 92 -1 1 35 -1 8 -1 -2
34 -1 48 53 91 94 -1 18 27 44 62 -1 -2
27 45 55 -1 63 -1 97 -1 -2
29 50 64 84 -1 37 60 -1 42 45 48 -1 -2
3 33 86 -1 1 15 22 32 -1 3 36 45 -1 -2
56 59 -1 79 94 -1 32 33 63 75 -1 -2
45 62 -1 3 24 -1 8 67 75 -1 -2
48 65 77 97 -1 11 62 92 -1 37 59 91 -1 -2
19 26 -1 10 54 82 99 -1 64 89 100 -1 -2
16 31 63 72 -1 75 -1 37 58 61 -1 -2
64 75 82 97 -1 32 95 -1 53 85 98 -1 -2
18 31 86 -1 10 11 33 -1 17 78 -1 -2
15 95 -1 5 62 98 -1 33 41 74 94 -1 -2
16 84 -1 30 31 76 -1 11 19 77 96 -1 -2
6 -1 86 -1 2 43 54 -1 -2
14 22 71 93 -1 40 -1 44 -1 -2
10 12 29 -1 22 34 65 -1 7 20 73 98 -1 -2
34 60 61 79 -1 37 -1 79 -1 -2
1 -1 2 14 60 70 -1 24 47 58 -1 -2
74 97 -1 60 -1 17 18 89 -1 -2
16 23 57 -1 44 -1 10 14 17 94 -1 -2
63 -1 12 -1 71 79 -1 -2
24 68 -1 78 90 -1 84 94 -1 -2
49 -1 17 34 42 100 -1 32 -1 -2
35 66 -1 21 27 35 60 -1 25 32 56 -1 -2
27 44 54 57 -1 34 56 97 -1 11 29 96 -1 -2
7 56 -1 22 32 46 -1 25 39 61 -1 -2
26 82 -1 8 20 -1 12 34 63 92 -1 -2
2 56 59 64 -1 24 47 81 -1 37 53 -1 -2
13 34 86 -1 91 -1 28 -1 -2
26 37 77 82 -1 2 26 -1 15 32 53 100 -1 -2
8 23 35 -1 48 -1 14 73 -1 -2
8 37 69 -1 9 27 76 -1 22 27 29 95 -1 -2
12 25 82 91 -1 54 -1 2 82 83 -1 -2
52 -1 68 74 -1 1 16 28 -1 -2
9 75 85 91 -1 21 91 -1 14 30 39 86 -1 -2
48 72 -1 25 -1 23 81 -1 -2
14 22 59 -1 35 50 -1 78 -1 -2
65 -1 7 60 90 100 -1 1 7 54 -1 -2
22 58 69 92 -1 55 61 -1 14 72 96 -1 -2
19 43 88 -1 48 79 -1 49 85 -1 -2
19 25 53 72 -1 48 96 -1 57 -1 -2
39 54 61 67 -1 6 80 83 -1 55 -1 -2
38 92 -1 17 64 92 -1 2 14 57 100 -1 -2
24 -1 33 43 52 99 -1 38 84 85 92 -1 -2
7 24 39 42 -1 94 -1 1 56 96 -1 -2
36 -1 14 37 87 -1 82 -1 -2
61 74 -1 44 72 83 -1 71 94 -1 -2
25 30 59 86 -1 20 32 38 75 -1 3 9 20 46 -1 -2
27 43 52 -1 26 33 50 68 -1 7 15 39 46 -1 -2
43 71 -1 24 26 85 -1 3 83 -1 -2
77 98 -1 39 55 -1 23 52 68 76 -1 -2
30 40 88 -1 12 56 71 84 -1 12 -1 -2
28 -1 69 81 88 95 -1 76 -1 -2
36 43 -1 14 70 -1 5 13 -1 -2
94 100 -1 18 76 80 -1 17 28 43 88 -1 -2
6 61 -1 44 62 75 -1 18 43 47 90 -1 -2
26 55 -1 56 58 63 67 -1 36 50 65 72 -1 -2
4 51 55 -1 15 55 77 82 -1 30 58 87 -1 -2
64 91 -1 81 88 -1 16 49 73 84 -1 -2
12 -1 22 25 27 38 -1 73 -1 -2
3 -1 52 78 -1 28 48 79 -1 -2
80 -1 1 4 75 82 -1 18 -1 -2
36 41 -1 94 -1 15 30 38 -1 -2
48 96 -1 6 11 20 -1 44 87 92 -1 -2
40 63 73 88 -1 4 69 86 90 -1 3 97 -1 -2
5 37 41 -1 33 -1 2 17 24 49 -1 -2
17 18 44 -1 10 88 100 -1 8 13 83 -1 -2
35 -1 29 66 95 -1 39 49 98 -1 -2
29 45 51 64 -1 40 59 66 85 -1 9 59 99 -1 -2
20 29 33 59 -1 53 97 -1 27 44 78 -1 -2
21 66 -1 15 65 -1 51 54 70 80 -1 -2
28 59 69 77 -1 8 33 -1 10 38 47 -1 -2
57 -1 4 55 64 -1 7 39 68 70 -1 -2
2 31 91 -1 19 23 61 -1 7 39 -1 -2
29 90 -1 5 49 94 -1 81 100 -1 -2
36 39 45 85 -1 52 83 90 -1 33 76 79 91 -1 -2
8 22 93 -1 33 36 52 -1 38 45 61 81 -1 -2
49 87 -1 9 29 59 -1 87 -1 -2
8 89 93 -1 22 29 43 -1 4 21 60 95 -1 -2
15 29 44 99 -1 5 59 -1 18 19 94 96 -1 -2
48 -1 24 45 63 84 -1 34 70 82 -1 -2
46 59 78 86 -1 72 -1 18 49 76 77 -1 -2
19 34 88 -1 59 77 -1 20 25 58 61 -1 -2
56 88 93 -1 3 -1 23 70 -1 -2
13 28 73 -1 17 23 48 82 -1 49 67 89 -1 -2
52 -1 5 91 93 -1 3 13 22 54 -1 -2
4 23 27 -1 19 61 -1 9 26 95 -1 -2
4 65 83 97 -1 10 19 25 77 -1 9 14 75 -1 -2
23 41 56 -1 35 99 -1 19 -1 -2
3 35 -1 71 95 -1 65 -1 -2
10 13 20 87 -1 7 68 94 -1 12 93 94 96 -1 -2
22 50 78 -1 8 27 31 37 -1 22 -1 -2
64 -1 40 71 -1 11 17 43 71 -1 -2
1 18 28 65 -1 35 48 -1 33 43 68 76 -1 -2
2 25 77 -1 9 25 75 87 -1 43 -1 -2
17 87 95 -1 14 21 79 99 -1 2 59 96 -1 -2
51 -1 14 18 26 28 -1 9 35 75 -1 -2
55 -1 47 -1 27 -1 -2
6 -1 50 85 -1 50 -1 -2
49 93 -1 55 -1 14 18 26 47 -1 -2
17 58 -1 60 -1 1 23 37 42 -1 -2
37 -1 44 80 -1 4 38 62 68 -1 -2
13 41 66 -1 3 13 70 100 -1 54 56 64 -1 -2
45 -1 32 -1 40 92 -1 -2
17 69 85 94 -1 26 46 -1 75 92 99 -1 -2
95 -1 43 50 86 -1 41 67 -1 -2
76 -1 25 -1 2 40 75 -1 -2
10 80 -1 36 57 -1 39 60 85 -1 -2
5 -1 52 -1 13 69 73 -1 -2
76 -1 2 13 93 -1 41 66 -1 -2
65 -1 1 31 43 96 -1 33 68 -1 -2
27 54 64 70 -1 45 81 83 -1 9 96 -1 -2
21 26 45 86 -1 76 -1 47 63 -1 -2
85 -1 8 11 81 -1 32 74 75 100 -1 -2
32 35 68 80 -1 84 88 -1 23 -1 -2
63 -1 30 42 63 -1 4 54 -1 -2
15 87 94 -1 4 59 -1 76 -1 -2
7 74 76 95 -1 34 43 46 -1 41 42 49 96 -1 -2
39 48 81 86 -1 18 84 -1 48 60 97 -1 -2
35 -1 92 -1 90 99 -1 -2
51 -1 28 90 97 -1 9 45 57 -1 -2
75 -1 25 65 86 -1 14 71 84 90 -1 -2
12 69 -1 85 -1 16 56 71 73 -1 -2
20 21 43 -1 24 -1 48 80 -1 -2
56 84 87 -1 10 23 72 85 -1 5 -1 -2
9 35 75 -1 3 66 74 83 -1 34 37 46 75 -1 -2
21 67 90 -1 37 66 67 -1 19 92 -1 -2
10 38 -1 95 -1 40 68 -1 -2
59 -1 68 -1 20 59 76 88 -1 -2
59 68 -1 4 20 50 89 -1 36 43 61 92 -1 -2
2 22 43 88 -1 7 -1 38 63 87 -1 -2
17 18 43 -1 17 22 59 73 -1 36 -1 -2
20 21 44 49 -1 81 -1 14 15 34 78 -1 -2
89 98 -1 45 65 77 100 -1 18 54 64 -1 -2
34 36 46 94 -1 49 50 95 -1 23 86 -1 -2
16 90 -1 4 5 76 -1 80 -1 -2
14 55 57 -1 74 -1 9 40 58 79 -1 -2
8 -1 8 15 27 -1 42 47 62 95 -1 -2
67 -1 16 40 43 57 -1 44 50 51 69 -1 -2
41 -1 21 23 96 -1 39 86 -1 -2
71 75 -1 90 -1 9 81 85 -1 -2
45 -1 57 76 95 -1 33 36 43 -1 -2
8 22 47 -1 38 42 66 -1 39 55 64 86 -1 -2
35 -1 31 58 66 100 -1 42 -1 -2
13 17 78 90 -1 35 69 81 89 -1 42 -1 -2
89 -1 3 38 -1 37 46 93 -1 -2
31 78 83 100 -1 4 51 98 99 -1 9 17 80 100 -1 -2
55 93 100 -1 14 30 -1 18 83 -1 -2
34 61 -1 2 22 65 -1 11 18 33 59 -1 -2
32 63 -1 5 35 65 83 -1 50 65 -1 -2
83 -1 50 -1 58 75 -1 -2
47 -1 20 48 64 90 -1 75 -1 -2
13 23 -1 19 21 68 88 -1 9 25 78 -1 -2
5 21 -1 97 -1 20 36 57 -1 -2
3 16 45 60 -1 43 73 77 -1 5 74 81 -1 -2
27 84 87 -1 24 -1 86 -1 -2
6 9 71 82 -1 6 10 58 90 -1 35 -1 -2
65 -1 19 70 95 -1 41 51 67 -1 -2
6 35 83 -1 32 55 82 -1 27 47 90 -1 -2
32 86 91 -1 88 -1 32 -1 -2
30 81 -1 91 -1 55 69 80 -1 -2
1 86 -1 12 18 61 73 -1 8 -1 -2
23 32 33 71 -1 57 66 83 -1 88 -1 -2
57 69 -1 47 80 -1 20 24 57 94 -1 -2
8 65 77 -1 34 -1 35 88 -1 -2
6 89 -1 49 -1 83 86 -1 -2
6 87 -1 33 90 -1 29 83 94 -1 -2
1 28 89 -1 47 70 97 100 -1 9 63 64 97 -1 -2
4 20 100 -1 38 88 -1 26 80 -1 -2
22 32 37 78 -1 57 -1 24 -1 -2
7 73 76 81 -1 39 90 -1 35 -1 -2
92 -1 6 13 58 100 -1 2 17 61 85 -1 -2
46 -1 21 49 56 59 -1 66 72 -1 -2
8 9 27 36 -1 10 86 -1 2 97 -1 -2
14 81 -1 51 54 -1 61 -1 -2
71 85 -1 23 -1 7 24 99 -1 -2
13 26 36 58 -1 56 98 -1 25 97 98 -1 -2
28 73 -1 39 54 97 -1 18 21 48 99 -1 -2
62 -1 12 14 45 -1 56 68 -1 -2
57 61 71 -1 47 -1 42 79 90 -1 -2
3 69 77 84 -1 16 -1 54 66 -1 -2
48 -1 4 -1 46 57 92 -1 -2
7 -1 1 31 -1 78 92 -1 -2
10 17 21 75 -1 3 15 49 92 -1 56 -1 -2
34 47 75 -1 4 -1 9 60 91 -1 -2
29 80 84 -1 7 75 -1 9 -1 -2
53 67 -1 88 -1 17 38 -1 -2
27 -1 19 99 -1 68 94 -1 -2
23 48 57 58 -1 6 11 61 67 -1 75 -1 -2
16 56 60 77 -1 84 -1 3 7 48 75 -1 -2
3 8 48 78 -1 47 50 73 -1 51 -1 -2
12 28 38 53 -1 94 -1 67 -1 -2
72 93 -1 25 68 -1 35 43 83 -1 -2
50 66 76 84 -1 3 16 78 -1 32 68 80 -1 -2
82 -1 40 94 -1 3 19 55 64 -1 -2
2 26 48 -1 57 74 81 -1 27 43 64 93 -1 -2
19 -1 20 39 45 65 -1 21 24 -1 -2
8 71 -1 18 27 77 84 -1 39 87 -1 -2
49 93 -1 72 -1 43 97 -1 -2
86 96 -1 55 -1 18 77 80 98 -1 -2
15 27 55 61 -1 55 59 64 -1 25 64 -1 -2
73 -1 31 66 -1 28 39 58 -1 -2
20 28 35 53 -1 1 60 95 97 -1 94 -1 -2
15 24 61 -1 36 67 83 -1 3 31 66 81 -1 -2
12 32 34 76 -1 32 59 78 -1 28 51 58 91 -1 -2
96 -1 3 20 82 88 -1 56 -1 -2
52 60 63 80 -1 4 6 51 99 -1 34 -1 -2
2 24 26 57 -1 55 78 -1 35 76 83 -1 -2
60 87 96 -1 12 36 51 65 -1 27 92 94 -1 -2
25 80 89 -1 15 -1 29 95 -1 -2
14 20 30 70 -1 29 42 -1 32 60 95 -1 -2
21 -1 60 63 66 99 -1 26 75 85 -1 -2
17 48 -1 4 32 33 -1 32 35 44 79 -1 -2
90 -1 91 -1 23 38 86 95 -1 -2
22 -1 33 51 55 -1 19 94 100 -1 -2
55 84 -1 41 76 82 -1 5 12 54 93 -1 -2
17 35 52 72 -1 2 28 -1 9 12 87 92 -1 -2
47 -1 2 80 -1 25 43 -1 -2
5 10 39 45 -1 41 -1 7 26 74 -1 -2
21 27 61 -1 22 91 94 -1 5 46 73 -1 -2
18 39 48 81 -1 32 77 -1 8 56 61 -1 -2
25 28 -1 28 62 79 -1 26 33 74 87 -1 -2
11 72 86 -1 99 -1 3 14 39 -1 -2
2 81 90 -1 68 -1 43 -1 -2
21 22 36 87 -1 82 -1 36 52 78 -1 -2
94 100 -1 73 -1 14 15 -1 -2
20 52 60 78 -1 74 96 -1 38 51 56 69 -1 -2
55 -1 6 20 22 92 -1 15 82 89 -1 -2
4 18 82 -1 45 94 95 -1 41 59 61 -1 -2
7 16 -1 7 39 67 79 -1 28 58 -1 -2
6 95 -1 5 14 49 93 -1 17 21 26 72 -1 -2
62 76 84 -1 16 35 64 79 -1 11 26 59 87 -1 -2
11 53 -1 84 -1 6 15 36 -1 -2
7 -1 39 -1 54 65 85 -1 -2
58 91 -1 18 46 71 73 -1 21 22 42 51 -1 -2
42 49 64 -1 57 92 93 99 -1 41 46 63 94 -1 -2
7 52 61 64 -1 13 57 -1 11 32 36 82 -1 -2
66 -1 60 -1 3 4 21 69 -1 -2
69 -1 33 57 67 -1 19 56 61 67 -1 -2
12 74 87 -1 32 41 55 87 -1 11 -1 -2
30 47 71 -1 3 -1 76 -1 -2
51 78 -1 45 97 -1 19 80 -1 -2
12 14 49 63 -1 3 51 96 -1 73 -1 -2
36 100 -1 23 41 53 -1 21 24 -1 -2
51 -1 46 51 76 -1 26 94 96 -1 -2
11 25 48 80 -1 44 48 49 81 -1 55 84 93 -1 -2
19 76 -1 4 60 -1 53 94 -1 -2
1 22 23 27 -1 42 79 99 -1 82 -1 -2
14 39 -1 56 58 73 79 -1 35 -1 -2
28 60 -1 39 43 96 -1 54 73 96 -1 -2
44 -1 13 -1 16 43 49 60 -1 -2
35 77 93 -1 40 73 97 -1 97 -1 -2
11 15 22 80 -1 76 -1 16 29 -1 -2
27 35 45 -1 5 12 -1 56 79 -1 -2
22 26 -1 31 100 -1 45 70 -1 -2
8 22 37 -1 5 38 72 80 -1 16 37 59 91 -1 -2
83 84 -1 2 11 99 -1 21 -1 -2
18 -1 46 -1 50 63 -1 -2
42 55 85 87 -1 7 55 80 -1 22 58 75 93 -1 -2
51 52 61 99 -1 19 77 99 -1 21 68 -1 -2
40 72 -1 21 93 -1 18 27 32 89 -1 -2
55 67 -1 71 -1 36 42 76 98 -1 -2
34 72 75 99 -1 34 -1 11 33 54 -1 -2
40 41 75 -1 24 52 73 -1 50 57 84 97 -1 -2
33 -1 8 10 45 56 -1 17 48 81 98 -1 -2
13 73 76 99 -1 18 19 22 35 -1 30 -1 -2
37 -1 8 43 53 89 -1 24 29 -1 -2
5 20 28 -1 6 39 85 86 -1 58 -1 -2
100 -1 27 45 52 61 -1 24 -1 -2
84 -1 30 46 -1 37 74 -1 -2
53 97 -1 76 -1 84 -1 -2
8 -1 32 37 61 -1 1 43 -1 -2
70 71 -1 22 61 66 98 -1 5 72 -1 -2
46 -1 45 -1 46 72 81 -1 -2
18 37 -1 58 87 94 -1 25 -1 -2
10 49 64 -1 3 -1 8 44 60 -1 -2
51 62 -1 56 68 -1 10 53 -1 -2
23 27 90 -1 31 -1 62 94 -1 -2
73 80 -1 20 39 -1 12 21 31 53 -1 -2
72 -1 64 -1 8 53 -1 -2
24 60 98 -1 23 43 99 -1 1 17 24 30 -1 -2
37 64 77 -1 16 17 21 91 -1 40 79 83 -1 -2
1 100 -1 41 67 -1 40 94 -1 -2
3 43 54 -1 41 69 -1 51 53 66 99 -1 -2
3 27 58 84 -1 7 96 -1 14 36 42 58 -1 -2
1 89 -1 86 -1 27 48 84 95 -1 -2
6 48 70 -1 99 -1 59 -1 -2
54 -1 4 52 73 -1 65 66 -1 -2
12 22 39 99 -1 9 40 -1 43 76 78 83 -1 -2
82 -1 25 77 85 -1 2 -1 -2
41 44 70 89 -1 100 -1 46 -1 -2
9 22 80 94 -1 59 80 97 -1 14 57 66 -1 -2
80 84 93 96 -1 15 69 -1 60 84 -1 -2
30 74 -1 42 57 80 84 -1 7 -1 -2
9 33 -1 7 53 61 -1 66 87 -1 -2
40 44 53 97 -1 46 55 84 96 -1 21 23 48 84 -1 -2
5 17 85 90 -1 48 61 -1 52 87 -1 -2
38 63 -1 24 46 -1 61 71 -1 -2
48 55 59 -1 12 57 74 -1 6 25 38 -1 -2
23 -1 41 48 55 -1 73 -1 -2
59 -1 29 59 77 -1 63 70 -1 -2
65 84 -1 86 97 -1 90 91 -1 -2
9 24 35 69 -1 96 -1 50 51 58 94 -1 -2
34 47 62 78 -1 10 58 85 92 -1 26 40 82 -1 -2
33 -1 65 82 98 -1 42 89 -1 -2
1 83 -1 16 45 59 -1 37 85 94 -1 -2
32 66 100 -1 58 -1 42 58 62 -1 -2
18 20 47 -1 5 59 72 77 -1 49 54 -1 -2
13 25 63 66 -1 14 -1 64 68 -1 -2
38 68 -1 6 20 49 88 -1 79 -1 -2
28 49 74 -1 11 45 72 74 -1 84 -1 -2
84 -1 14 54 61 -1 10 33 53 -1 -2
52 83 89 -1 54 -1 31 54 61 -1 -2
7 41 47 68 -1 37 65 91 92 -1 10 -1 -2
53 90 -1 39 78 95 -1 17 71 -1 -2
53 55 78 -1 8 -1 36 93 -1 -2
9 32 100 -1 44 73 -1 6 12 20 91 -1 -2
17 -1 2 21 51 -1 30 39 50 -1 -2
100 -1 91 -1 25 -1 -2
53 -1 2 3 31 -1 64 -1 -2
17 81 91 96 -1 50 -1 17 58 82 -1 -2
76 79 81 83 -1 44 92 -1 25 62 -1 -2
10 12 28 82 -1 8 36 40 75 -1 11 76 86 -1 -2
16 22 77 92 -1 40 47 61 83 -1 51 -1 -2
22 70 -1 1 14 20 -1 1 84 -1 -2
40 58 79 99 -1 12 -1 69 -1 -2
5 -1 35 -1 5 49 90 -1 -2
27 83 -1 6 59 63 98 -1 63 72 81 93 -1 -2
55 -1 17 48 55 -1 3 51 81 -1 -2
96 -1 13 66 -1 11 29 36 76 -1 -2
16 32 95 -1 6 26 90 -1 7 16 32 40 -1 -2
2 12 52 71 -1 23 -1 33 35 -1 -2
2 11 41 58 -1 47 -1 73 86 91 -1 -2
26 42 57 -1 37 63 -1 13 15 32 61 -1 -2
26 37 59 -1 44 -1 98 -1 -2
64 85 92 -1 40 56 -1 46 72 81 90 -1 -2
7 45 -1 11 43 61 96 -1 29 31 81 -1 -2
12 35 88 -1 14 18 -1 45 -1 -2
23 -1 16 18 40 70 -1 14 21 74 80 -1 -2
29 30 55 -1 61 -1 53 61 93 98 -1 -2
22 59 -1 45 67 68 97 -1 1 9 -1 -2
87 100 -1 3 11 25 73 -1 67 89 -1 -2
43 50 -1 1 14 45 85 -1 35 49 54 -1 -2
39 70 -1 7 40 63 64 -1 11 21 28 61 -1 -2
56 -1 12 34 71 -1 2 36 40 56 -1 -2
23 28 -1 21 69 -1 5 21 35 99 -1 -2
10 65 80 -1 88 -1 58 86 -1 -2
37 71 76 -1 30 -1 7 15 17 96 -1 -2
22 27 56 -1 62 77 -1 84 96 -1 -2
61 73 -1 2 18 57 -1 23 34 40 -1 -2
27 82 -1 9 65 80 -1 13 97 -1 -2
11 35 41 83 -1 4 16 97 -1 46 -1 -2
51 59 67 69 -1 7 8 61 90 -1 5 63 64 94 -1 -2
17 21 45 -1 26 34 51 -1 57 65 -1 -2
50 82 -1 9 72 83 97 -1 3 58 66 -1 -2
21 -1 24 89 -1 5 12 28 50 -1 -2
24 34 77 -1 17 54 60 95 -1 12 18 44 -1 -2
40 -1 35 -1 74 -1 -2
1 3 65 -1 5 11 45 52 -1 38 85 90 97 -1 -2
91 -1 11 17 19 91 -1 30 51 78 -1 -2
33 41 44 -1 5 42 -1 37 81 98 -1 -2
44 46 76 -1 50 65 83 89 -1 6 41 81 96 -1 -2
65 69 77 95 -1 10 47 72 -1 77 -1 -2
9 50 58 77 -1 98 -1 11 18 88 -1 -2
6 31 -1 8 -1 32 -1 -2
28 60 -1 8 -1 22 69 -1 -2
30 54 58 -1 35 -1 11 31 -1 -2
18 21 37 65 -1 27 33 -1 59 -1 -2
19 46 86 88 -1 37 53 93 -1 29 33 46 -1 -2
1 3 10 73 -1 1 85 -1 99 -1 -2
6 18 45 51 -1 14 22 28 69 -1 35 53 68 77 -1 -2
26 30 34 62 -1 56 60 89 -1 2 55 -1 -2
8 11 59 94 -1 76 -1 5 12 90 -1 -2
42 63 82 94 -1 79 -1 83 -1 -2
13 30 49 83 -1 9 39 53 -1 14 28 50 78 -1 -2
10 -1 3 69 -1 52 -1 -2
22 47 -1 22 38 40 89 -1 12 33 36 52 -1 -2
2 14 49 89 -1 1 46 60 74 -1 53 -1 -2
6 81 -1 2 3 -1 95 -1 -2
100 -1 7 -1 25 60 -1 -2
30 63 68 71 -1 26 60 -1 74 -1 -2
5 25 51 -1 5 89 99 -1 14 65 88 -1 -2
74 90 -1 21 65 -1 37 67 68 90 -1 -2
5 78 85 -1 9 -1 26 -1 -2
85 -1 3 39 -1 5 46 75 -1 -2
17 44 -1 2 59 -1 43 45 75 -1 -2
44 89 -1 6 29 -1 10 20 50 96 -1 -2
8 56 90 98 -1 16 65 87 -1 44 -1 -2
15 -1 2 3 21 -1 14 29 48 94 -1 -2
11 47 -1 10 35 42 -1 42 65 71 74 -1 -2
77 -1 2 8 -1 5 -1 -2
3 31 71 -1 18 -1 12 67 93 -1 -2
2 8 38 77 -1 43 66 -1 34 57 81 -1 -2
28 60 -1 58 59 72 -1 63 76 -1 -2
55 77 93 -1 30 48 -1 15 66 -1 -2
15 29 55 90 -1 19 24 -1 70 -1 -2
6 68 77 -1 21 -1 8 44 -1 -2
63 76 -1 26 41 -1 13 20 53 94 -1 -2
6 31 43 -1 10 24 71 82 -1 32 65 97 -1 -2
48 73 93 -1 8 34 41 -1 9 44 -1 -2
20 34 50 -1 3 18 44 60 -1 24 30 36 98 -1 -2
31 63 -1 4 58 73 97 -1 61 72 -1 -2
5 78 85 -1 31 -1 51 70 78 79 -1 -2
92 -1 24 44 96 -1 35 49 71 -1 -2
39 -1 83 -1 65 66 99 -1 -2
6 45 -1 17 -1 19 31 88 -1 -2
2 10 61 75 -1 66 -1 16 -1 -2
29 86 97 -1 1 5 16 87 -1 59 81 97 -1 -2
75 -1 28 47 -1 10 23 -1 -2
36 41 54 -1 13 35 83 92 -1 9 11 19 38 -1 -2
68 -1 13 16 56 -1 64 -1 -2
33 -1 41 54 78 92 -1 28 53 96 -1 -2
54 58 -1 34 73 -1 30 -1 -2
46 56 -1 44 -1 74 77 93 -1 -2
27 46 66 -1 3 72 -1 3 72 -1 -2
16 17 22 -1 34 -1 15 41 44 -1 -2
3 29 52 72 -1 16 81 -1 2 43 -1 -2
37 39 85 -1 23 32 49 -1 7 23 25 63 -1 -2
1 4 60 -1 56 59 -1 5 78 85 91 -1 -2
4 16 27 39 -1 17 26 34 84 -1 26 37 48 52 -1 -2
76 -1 40 80 -1 17 36 37 72 -1 -2
8 -1 20 -1 49 57 66 97 -1 -2
93 -1 96 -1 49 55 91 -1 -2
24 94 -1 22 37 38 53 -1 33 75 78 82 -1 -2
56 84 99 -1 34 49 95 98 -1 25 41 62 66 -1 -2
17 43 -1 29 49 57 63 -1 17 65 70 76 -1 -2
52 -1 64 -1 48 51 62 67 -1 -2
23 42 -1 54 -1 16 30 62 93 -1 -2
30 41 80 -1 14 59 -1 12 13 32 73 -1 -2
49 84 -1 10 41 45 -1 11 24 -1 -2
98 -1 49 62 -1 5 46 93 -1 -2
37 -1 4 -1 80 -1 -2
7 16 90 -1 21 37 59 95 -1 48 60 -1 -2
100 -1 53 60 75 97 -1 37 59 -1 -2
59 89 -1 24 65 71 -1 20 24 39 64 -1 -2
8 28 57 -1 3 5 -1 65 -1 -2
1 28 66 -1 48 -1 32 51 77 99 -1 -2
44 66 82 -1 87 -1 31 42 59 69 -1 -2
18 -1 56 -1 5 11 25 -1 -2
78 -1 15 83 -1 26 62 86 98 -1 -2
34 84 87 -1 6 81 91 -1 30 56 63 93 -1 -2
59 61 73 75 -1 42 -1 33 -1 -2
10 52 83 -1 94 -1 10 25 45 58 -1 -2
2 9 27 58 -1 27 60 -1 8 14 -1 -2
13 65 67 -1 5 11 99 -1 80 -1 -2
25 27 32 73 -1 98 -1 11 13 44 60 -1 -2
7 51 52 -1 83 -1 78 -1 -2
40 79 -1 31 52 61 82 -1 9 14 62 88 -1 -2
38 -1 44 100 -1 12 53 81 -1 -2
17 66 70 84 -1 1 26 48 80 -1 36 59 67 94 -1 -2
12 90 93 -1 7 33 39 -1 87 -1 -2
65 81 -1 10 17 19 64 -1 3 94 -1 -2
15 76 90 96 -1 4 9 93 -1 56 68 -1 -2
32 -1 71 74 -1 36 -1 -2
99 -1 84 -1 8 18 73 -1 -2
88 -1 43 56 -1 43 56 97 -1 -2
30 36 57 -1 8 10 53 -1 10 24 36 51 -1 -2
1 -1 44 59 77 82 -1 45 81 88 -1 -2
43 -1 97 -1 99 -1 -2
32 -1 83 84 -1 30 65 73 -1 -2
1 20 57 78 -1 24 41 70 -1 62 -1 -2
53 -1 25 94 -1 5 14 27 63 -1 -2
5 61 66 -1 1 6 55 62 -1 1 3 90 -1 -2
9 18 38 -1 1 25 88 -1 100 -1 -2
85 -1 1 4 12 86 -1 85 -1 -2
3 4 96 -1 25 37 54 -1 7 51 77 98 -1 -2
26 63 68 70 -1 37 44 77 91 -1 32 97 -1 -2
35 91 -1 27 68 -1 15 53 -1 -2
10 36 38 100 -1 91 -1 49 50 82 89 -1 -2
6 16 50 -1 7 24 61 -1 5 -1 -2
24 59 -1 11 -1 99 -1 -2
91 -1 66 -1 2 71 -1 -2
40 -1 19 76 99 -1 18 41 42 59 -1 -2
15 33 61 74 -1 4 47 86 95 -1 62 67 -1 -2
3 55 83 -1 96 -1 28 54 75 -1 -2
8 32 68 93 -1 80 96 -1 44 60 73 -1 -2
3 23 -1 11 63 66 -1 4 23 35 -1 -2
22 37 62 -1 10 15 -1 32 76 94 98 -1 -2
1 12 56 70 -1 20 37 51 -1 5 28 86 -1 -2
57 -1 6 22 23 94 -1 28 45 -1 -2
1 -1 29 40 48 68 -1 44 -1 -2
33 48 84 -1 1 81 -1 14 -1 -2
20 54 -1 13 23 66 -1 24 76 89 -1 -2
45 -1 83 -1 42 100 -1 -2
29 42 68 -1 3 16 64 90 -1 47 77 81 -1 -2
49 -1 11 38 -1 10 -1 -2
52 57 58 -1 15 33 53 100 -1 87 -1 -2
17 -1 25 33 34 50 -1 9 25 29 -1 -2
46 -1 4 15 18 90 -1 58 -1 -2
21 50 72 -1 23 31 -1 77 -1 -2
1 27 80 89 -1 13 21 46 94 -1 20 50 53 94 -1 -2
13 33 79 -1 19 29 68 86 -1 9 16 60 -1 -2
38 39 40 86 -1 31 61 -1 34 41 42 95 -1 -2
22 32 79 80 -1 17 -1 43 -1 -2
41 89 -1 6 -1 11 13 -1 -2
25 73 97 -1 17 18 28 91 -1 50 82 99 -1 -2
25 77 -1 16 70 88 -1 1 54 70 -1 -2
4 13 84 94 -1 33 64 78 99 -1 31 57 75 92 -1 -2
24 42 52 -1 35 56 93 -1 36 -1 -2
2 12 23 94 -1 39 65 -1 18 88 -1 -2
56 89 -1 53 87 -1 65 -1 -2
43 90 99 -1 25 26 68 -1 16 59 90 -1 -2
40 55 58 70 -1 95 -1 66 -1 -2
30 65 72 100 -1 8 61 71 85 -1 25 31 -1 -2
81 86 98 -1 45 56 76 -1 34 47 62 -1 -2
18 77 87 -1 83 -1 51 61 95 97 -1 -2
9 23 80 -1 51 72 99 -1 24 68 84 -1 -2
26 27 82 86 -1 15 52 60 85 -1 31 34 58 68 -1 -2
69 -1 50 59 63 -1 58 65 81 -1 -2
73 -1 49 60 -1 2 80 -1 -2
6 28 36 95 -1 23 25 48 92 -1 19 34 -1 -2
78 -1 17 83 93 -1 36 78 80 90 -1 -2
35 74 -1 13 -1 18 45 80 -1 -2
2 66 76 79 -1 17 87 -1 41 69 88 97 -1 -2
51 54 66 -1 30 61 87 -1 38 73 100 -1 -2
14 51 63 -1 7 89 -1 8 76 97 -1 -2
2 -1 25 94 99 -1 18 33 45 59 -1 -2
39 66 -1 15 46 72 75 -1 72 92 -1 -2
49 60 -1 40 63 77 78 -1 28 84 92 -1 -2
66 -1 42 60 62 98 -1 28 49 60 -1 -2
18 36 75 86 -1 5 100 -1 56 63 -1 -2
32 83 84 90 -1 50 55 100 -1 86 -1 -2
35 78 -1 2 14 42 70 -1 5 94 -1 -2
37 74 78 -1 31 67 87 95 -1 6 -1 -2
17 -1 55 93 -1 36 49 96 -1 -2
10 -1 18 -1 2 27 43 76 -1 -2
33 62 -1 59 63 -1 29 69 -1 -2
68 -1 48 51 54 68 -1 49 81 92 -1 -2
37 80 -1 95 -1 33 97 -1 -2
32 56 70 -1 46 63 64 96 -1 12 88 96 -1 -2
67 81 -1 1 47 85 -1 33 48 98 -1 -2
27 41 92 -1 2 14 43 53 -1 15 42 63 88 -1 -2
12 15 62 -1 16 43 50 -1 29 51 -1 -2
14 38 56 61 -1 18 30 40 59 -1 14 88 -1 -2
5 76 79 -1 15 17 36 40 -1 29 59 81 94 -1 -2
95 -1 51 78 81 88 -1 98 -1 -2
5 51 77 -1 56 -1 2 18 20 65 -1 -2
12 32 56 99 -1 35 42 44 -1 12 82 99 -1 -2
9 11 33 34 -1 2 20 42 -1 28 58 59 67 -1 -2
16 65 72 92 -1 9 18 71 -1 6 12 -1 -2
73 -1 91 -1 7 18 41 43 -1 -2
68 75 -1 9 13 29 -1 23 32 -1 -2
32 -1 44 75 91 -1 2 76 99 -1 -2
11 19 49 60 -1 86 -1 63 76 -1 -2
27 50 74 95 -1 20 66 67 89 -1 91 -1 -2
4 47 -1 18 -1 41 69 83 -1 -2
14 56 57 78 -1 88 -1 49 -1 -2
32 88 95 -1 21 -1 31 77 -1 -2
8 15 27 80 -1 21 94 -1 85 -1 -2
75 86 -1 88 -1 28 53 84 -1 -2
8 30 80 81 -1 82 -1 36 38 77 -1 -2
79 85 -1 14 56 86 -1 11 32 96 -1 -2
1 18 49 67 -1 6 9 50 97 -1 31 -1 -2
45 69 76 -1 7 10 -1 33 90 93 -1 -2
28 41 81 -1 33 56 85 -1 18 51 71 -1 -2
16 30 73 93 -1 34 60 -1 41 -1 -2
31 64 98 -1 50 -1 2 26 32 90 -1 -2
64 -1 15 36 56 78 -1 9 51 -1 -2
6 12 67 -1 14 42 47 94 -1 19 52 88 -1 -2
40 55 60 84 -1 54 68 80 -1 23 31 -1 -2
11 59 69 -1 33 55 72 -1 47 49 97 -1 -2
83 -1 19 29 94 -1 41 64 79 88 -1 -2
13 43 63 93 -1 66 72 -1 84 -1 -2
17 19 23 74 -1 6 15 72 88 -1 11 55 70 -1 -2
72 -1 7 69 84 -1 17 -1 -2
20 67 100 -1 8 19 73 86 -1 4 10 23 81 -1 -2
6 58 75 -1 70 -1 21 34 74 98 -1 -2
80 86 -1 38 82 -1 5 55 59 -1 -2
43 89 -1 59 88 -1 78 -1 -2
14 -1 76 -1 31 -1 -2
83 -1 24 53 -1 4 72 85 91 -1 -2
10 38 64 68 -1 26 58 94 -1 1 4 18 23 -1 -2
80 -1 78 92 -1 33 40 44 84 -1 -2
51 -1 39 52 63 97 -1 89 -1 -2
39 53 -1 16 45 54 99 -1 20 57 88 97 -1 -2
89 -1 24 44 54 68 -1 4 35 64 -1 -2
45 58 80 -1 2 -1 85 -1 -2
13 57 60 74 -1 41 -1 10 56 60 79 -1 -2
24 62 94 -1 91 92 -1 82 96 -1 -2
34 38 39 -1 1 17 73 -1 34 51 76 80 -1 -2
18 41 94 -1 63 -1 38 -1 -2
66 71 -1 14 69 96 98 -1 3 9 -1 -2
41 -1 6 58 67 98 -1 26 90 92 -1 -2
14 -1 28 70 72 89 -1 40 -1 -2
5 -1 29 84 88 90 -1 67 97 -1 -2
1 4 28 40 -1 3 89 -1 8 64 75 84 -1 -2
82 87 93 -1 5 -1 20 93 -1 -2
35 93 -1 6 98 -1 15 28 62 -1 -2
57 66 -1 74 -1 48 57 71 86 -1 -2
2 11 35 97 -1 24 38 80 99 -1 54 65 73 94 -1 -2
20 67 -1 64 95 96 -1 32 -1 -2
47 70 -1 29 69 -1 63 75 86 -1 -2
7 56 -1 58 -1 50 61 69 -1 -2
3 80 98 -1 93 -1 11 28 36 98 -1 -2
59 72 77 92 -1 44 -1 8 16 -1 -2
16 40 57 -1 6 -1 9 -1 -2
2 21 36 61 -1 42 55 73 99 -1 32 44 61 64 -1 -2
38 -1 85 -1 87 -1 -2
93 -1 18 52 58 60 -1 11 16 -1 -2
2 23 94 95 -1 28 57 87 -1 46 70 -1 -2
12 55 -1 20 70 74 86 -1 59 74 85 -1 -2
52 94 -1 55 -1 26 51 -1 -2
31 55 -1 30 47 92 -1 60 -1 -2
83 95 -1 2 22 26 -1 25 97 -1 -2
6 11 79 -1 56 72 97 -1 56 -1 -2
28 62 -1 8 10 15 -1 15 40 56 86 -1 -2
34 59 62 -1 8 59 71 96 -1 16 81 98 -1 -2
18 -1 16 25 36 -1 8 20 58 81 -1 -2
93 -1 45 50 60 -1 90 -1 -2
80 -1 13 33 49 -1 99 -1 -2
9 -1 83 95 -1 46 63 89 96 -1 -2
16 20 100 -1 75 -1 44 -1 -2
60 67 -1 33 63 70 96 -1 1 32 61 84 -1 -2
38 58 -1 21 -1 17 -1 -2
1 28 50 86 -1 90 94 -1 7 14 25 71 -1 -2
18 85 -1 10 49 70 91 -1 41 -1 -2
50 62 63 65 -1 73 81 96 -1 30 43 97 -1 -2
6 48 97 -1 98 -1 7 10 18 88 -1 -2
19 -1 25 64 91 -1 36 59 64 65 -1 -2
66 -1 9 17 -1 45 75 -1 -2
11 32 34 -1 1 65 89 -1 10 20 -1 -2
3 12 71 90 -1 19 28 -1 67 -1 -2
41 74 89 -1 7 -1 17 67 81 -1 -2
24 27 73 -1 9 14 90 -1 46 91 -1 -2
3 11 24 89 -1 87 -1 1 19 30 88 -1 -2
22 55 -1 36 44 47 87 -1 23 34 74 -1 -2
85 -1 2 25 84 -1 8 64 -1 -2
74 -1 5 35 43 46 -1 3 31 -1 -2
15 48 62 82 -1 16 37 61 65 -1 1 39 65 77 -1 -2
46 95 -1 54 90 96 99 -1 70 87 -1 -2
14 31 57 -1 25 81 -1 46 -1 -2
39 77 -1 27 91 -1 31 39 65 -1 -2
84 -1 44 58 59 83 -1 68 -1 -2
30 43 -1 16 32 54 -1 13 18 57 -1 -2
38 54 96 -1 87 99 -1 12 79 -1 -2
52 53 -1 40 73 -1 23 62 -1 -2
42 -1 14 60 92 100 -1 32 83 92 100 -1 -2
8 31 41 88 -1 15 16 23 -1 5 9 89 -1 -2
19 45 49 98 -1 16 -1 19 42 -1 -2
22 87 -1 32 69 -1 36 40 52 89 -1 -2
29 67 -1 31 78 85 -1 33 42 76 -1 -2
12 36 -1 18 38 90 100 -1 7 14 69 -1 -2
18 52 77 -1 88 -1 83 -1 -2
16 -1 7 -1 16 19 49 -1 -2
4 34 -1 49 -1 22 57 63 64 -1 -2
10 98 -1 56 78 96 -1 3 49 90 -1 -2
66 96 -1 79 -1 63 100 -1 -2
69 -1 4 49 -1 34 38 97 -1 -2
31 -1 60 78 90 -1 62 -1 -2
5 8 -1 88 -1 1 -1 -2
6 18 47 95 -1 39 48 53 80 -1 64 87 -1 -2
12 35 68 70 -1 32 50 51 77 -1 16 19 -1 -2
58 76 77 -1 97 -1 76 -1 -2
41 63 -1 12 15 40 98 -1 51 85 -1 -2
31 -1 38 48 72 96 -1 64 -1 -2
31 64 73 -1 25 50 97 -1 80 -1 -2
29 56 -1 6 22 62 64 -1 77 -1 -2
5 37 76 -1 31 42 63 82 -1 20 52 59 63 -1 -2
71 84 -1 4 56 -1 15 -1 -2
20 73 -1 31 33 78 -1 21 65 86 -1 -2
52 77 -1 5 24 58 66 -1 40 100 -1 -2
54 -1 35 48 -1 45 80 88 -1 -2
71 76 77 82 -1 73 -1 73 -1 -2
25 43 51 79 -1 33 72 -1 20 74 -1 -2
4 76 -1 33 36 87 95 -1 7 25 56 69 -1 -2
9 30 53 -1 93 -1 56 64 94 -1 -2
70 72 73 -1 49 82 88 -1 8 44 46 54 -1 -2
56 -1 15 32 91 100 -1 29 31 58 59 -1 -2
97 -1 59 -1 5 26 63 85 -1 -2
10 15 46 -1 6 65 -1 60 -1 -2
33 45 99 -1 59 -1 27 55 66 -1 -2
5 39 44 -1 43 81 90 -1 8 16 39 100 -1 -2
38 78 -1 55 83 -1 65 -1 -2
12 30 -1 24 28 49 84 -1 42 98 -1 -2
59 -1 46 -1 98 -1 -2
42 83 -1 39 59 -1 8 19 26 -1 -2
1 11 22 26 -1 11 75 -1 10 77 -1 -2
1 62 69 -1 34 67 -1 28 77 88 92 -1 -2
6 12 22 71 -1 77 -1 49 -1 -2
56 -1 7 62 -1 5 88 -1 -2
54 60 -1 84 85 -1 87 -1 -2
4 10 21 -1 22 42 79 -1 25 -1 -2
43 54 -1 41 45 67 80 -1 31 68 95 -1 -2
29 42 54 85 -1 1 30 77 -1 32 -1 -2
3 15 -1 7 14 46 63 -1 42 75 94 -1 -2
3 21 -1 41 60 -1 44 80 82 90 -1 -2
19 27 33 87 -1 57 -1 35 -1 -2
91 94 -1 25 -1 60 -1 -2
1 16 48 86 -1 24 41 77 78 -1 59 76 96 -1 -2
7 98 -1 54 97 -1 58 -1 -2
59 -1 36 -1 45 62 75 77 -1 -2
14 40 74 -1 18 82 -1 54 -1 -2
14 -1 8 22 36 97 -1 71 92 99 -1 -2
35 -1 17 21 90 -1 31 80 -1 -2
1 67 68 -1 15 29 -1 12 38 -1 -2
35 63 -1 83 -1 5 43 100 -1 -2
30 32 47 89 -1 43 77 88 -1 4 12 28 -1 -2
14 45 50 -1 1 -1 72 -1 -2
46 47 89 -1 15 38 49 97 -1 14 62 85 -1 -2
13 15 17 70 -1 85 -1 9 15 -1 -2
38 63 80 -1 74 81 -1 83 -1 -2
15 22 42 -1 83 -1 22 34 96 -1 -2
4 7 12 47 -1 10 16 78 -1 22 40 68 83 -1 -2
15 32 70 -1 68 -1 50 85 86 -1 -2
54 -1 64 71 -1 27 67 -1 -2
49 62 80 88 -1 3 -1 11 95 -1 -2
44 -1 14 43 76 82 -1 3 58 72 -1 -2
1 5 16 -1 46 -1 16 32 41 42 -1 -2
2 26 -1 70 -1 16 84 -1 -2
9 48 85 87 -1 25 -1 46 -1 -2
27 38 40 50 -1 1 21 90 95 -1 12 42 51 97 -1 -2
74 92 -1 21 97 -1 15 30 41 54 -1 -2
43 -1 27 56 72 86 -1 55 83 88 -1 -2
10 17 40 94 -1 23 24 45 90 -1 56 -1 -2
21 -1 46 90 -1 56 -1 -2
46 61 65 92 -1 2 5 34 -1 40 69 -1 -2
84 -1 10 59 72 -1 5 59 -1 -2
40 75 91 97 -1 38 51 -1 6 72 -1 -2
7 30 56 83 -1 24 42 51 -1 23 54 59 81 -1 -2
28 49 81 -1 24 40 -1 11 22 74 94 -1 -2
11 98 -1 71 87 -1 60 -1 -2
66 73 -1 48 49 -1 5 17 21 -1 -2
24 -1 14 -1 28 71 83 -1 -2
11 -1 2 19 53 86 -1 27 -1 -2
12 66 -1 37 39 -1 100 -1 -2
60 82 97 -1 13 28 59 98 -1 1 57 76 82 -1 -2
23 24 34 40 -1 3 5 93 -1 26 33 37 63 -1 -2
45 46 71 -1 9 52 70 -1 7 53 -1 -2
24 -1 17 30 -1 10 29 36 40 -1 -2
57 -1 5 17 99 -1 79 85 93 97 -1 -2
8 50 58 -1 79 -1 26 44 -1 -2
16 18 35 -1 7 38 52 89 -1 46 100 -1 -2
42 100 -1 38 95 100 -1 12 43 75 -1 -2
56 72 84 89 -1 27 39 -1 15 -1 -2
45 48 -1 100 -1 13 19 34 75 -1 -2
68 -1 30 -1 37 69 -1 -2
20 98 -1 50 69 92 -1 31 -1 -2
27 86 93 99 -1 71 79 -1 37 38 73 -1 -2
44 67 84 88 -1 63 -1 55 73 97 -1 -2
2 19 84 -1 14 33 -1 12 -1 -2
79 82 -1 8 21 74 94 -1 24 -1 -2
15 18 51 -1 78 87 -1 55 -1 -2
9 21 57 -1 4 18 36 50 -1 64 75 -1 -2
47 63 68 95 -1 13 61 -1 25 32 41 -1 -2
46 77 89 94 -1 1 57 -1 14 47 55 -1 -2
20 76 -1 24 62 -1 18 29 59 -1 -2
49 -1 1 74 -1 1 4 48 -1 -2
59 65 -1 3 52 73 100 -1 11 88 89 -1 -2
34 84 -1 11 39 48 -1 63 77 -1 -2
14 -1 38 -1 71 -1 -2
21 37 38 -1 55 61 -1 54 -1 -2
12 21 38 42 -1 53 -1 7 51 52 93 -1 -2
22 75 -1 16 -1 35 52 59 84 -1 -2
32 50 99 -1 64 -1 11 42 53 -1 -2
62 85 93 -1 45 -1 12 19 -1 -2
50 53 57 77 -1 56 64 70 -1 5 25 54 67 -1 -2
9 31 92 -1 50 77 -1 77 82 -1 -2
74 -1 14 52 -1 89 -1 -2
44 -1 42 100 -1 19 31 34 35 -1 -2
12 -1 1 -1 45 77 85 88 -1 -2
4 -1 30 99 -1 21 -1 -2
4 18 45 -1 14 48 -1 29 34 77 80 -1 -2
20 36 52 -1 16 32 97 -1 39 -1 -2
38 77 -1 94 -1 14 31 61 70 -1 -2
3 67 80 -1 18 47 100 -1 10 55 62 90 -1 -2
19 61 -1 68 69 73 75 -1 21 81 96 -1 -2
62 -1 95 -1 34 80 -1 -2
46 50 -1 41 45 -1 13 62 93 -1 -2
20 28 44 -1 50 79 -1 49 81 85 93 -1 -2
71 91 -1 49 53 -1 23 56 -1 -2
13 32 49 59 -1 19 73 -1 28 32 90 -1 -2
4 31 78 -1 43 65 95 100 -1 5 -1 -2
29 -1 23 94 -1 12 22 47 70 -1 -2
52 59 -1 12 35 51 -1 69 -1 -2
1 28 45 80 -1 10 -1 18 20 96 -1 -2
62 99 -1 6 31 32 61 -1 3 26 60 62 -1 -2
30 37 48 -1 21 62 84 92 -1 32 54 80 89 -1 -2
35 77 85 -1 69 -1 5 6 76 -1 -2
32 53 59 -1 49 -1 18 46 57 92 -1 -2
59 -1 36 51 65 79 -1 15 52 72 -1 -2
14 24 73 -1 17 78 -1 17 24 -1 -2
1 -1 52 63 79 95 -1 26 71 72 -1 -2
14 28 -1 9 57 -1 66 -1 -2
61 71 85 -1 19 21 41 -1 10 18 38 100 -1 -2
2 38 -1 47 51 91 -1 7 31 57 73 -1 -2
34 50 63 66 -1 49 93 -1 26 -1 -2
60 66 85 -1 36 55 86 -1 15 19 48 57 -1 -2
1 66 93 -1 31 74 81 -1 27 -1 -2
1 -1 1 41 82 98 -1 23 40 60 84 -1 -2
20 57 73 -1 32 35 70 93 -1 19 -1 -2
9 46 71 100 -1 56 88 -1 31 55 67 -1 -2
51 75 -1 34 70 87 -1 63 68 94 -1 -2
92 -1 87 -1 32 -1 -2
10 17 -1 65 -1 36 -1 -2
55 57 75 81 -1 32 34 38 73 -1 13 27 56 -1 -2
12 38 69 71 -1 36 91 -1 27 30 -1 -2
13 84 91 -1 24 53 81 94 -1 27 44 78 89 -1 -2
3 24 94 95 -1 53 76 -1 36 54 76 78 -1 -2
67 -1 50 -1 28 70 -1 -2
11 28 -1 51 77 -1 51 -1 -2
15 34 39 47 -1 1 35 59 -1 21 54 74 98 -1 -2
20 72 -1 98 -1 24 -1 -2
88 -1 8 -1 16 22 58 -1 -2
56 -1 48 59 74 -1 5 40 63 82 -1 -2
77 -1 36 91 -1 27 60 -1 -2
84 -1 25 33 52 97 -1 45 46 72 -1 -2
31 -1 55 61 78 91 -1 78 -1 -2
80 -1 31 -1 47 93 -1 -2
58 -1 29 40 -1 22 63 73 -1 -2
17 78 -1 10 87 100 -1 28 -1 -2
13 -1 5 45 68 -1 39 86 99 -1 -2
8 57 76 84 -1 99 -1 54 -1 -2
13 33 36 88 -1 36 40 43 -1 53 72 -1 -2
64 -1 11 22 53 98 -1 56 74 98 -1 -2
91 -1 58 -1 34 47 52 93 -1 -2
32 -1 13 66 -1 22 74 77 -1 -2
72 -1 30 42 83 -1 87 -1 -2
20 60 85 -1 84 -1 10 68 -1 -2
13 31 64 95 -1 24 97 -1 1 8 14 42 -1 -2
55 -1 51 68 86 -1 52 72 -1 -2
1 15 76 -1 4 56 -1 1 35 59 62 -1 -2
26 27 71 75 -1 73 -1 80 -1 -2
22 26 60 81 -1 69 77 86 -1 50 99 -1 -2
63 71 98 -1 32 41 -1 15 51 -1 -2
66 -1 5 92 -1 29 52 53 -1 -2
99 -1 36 83 -1 3 31 43 -1 -2
24 27 51 100 -1 53 72 -1 91 -1 -2
98 -1 7 24 55 88 -1 12 41 43 -1 -2
4 55 -1 73 93 -1 24 63 -1 -2
35 74 -1 7 31 77 81 -1 48 -1 -2
22 78 -1 23 29 80 89 -1 58 59 60 69 -1 -2
15 70 -1 22 40 -1 4 46 -1 -2
62 68 98 -1 32 40 -1 76 86 -1 -2
27 32 43 -1 33 76 -1 40 -1 -2
19 35 -1 21 22 24 42 -1 11 40 42 -1 -2
68 -1 8 93 -1 24 27 90 -1 -2
11 37 60 -1 1 86 -1 86 -1 -2
30 -1 13 55 83 -1 5 19 47 71 -1 -2
7 25 35 49 -1 57 88 98 -1 43 52 57 79 -1 -2
17 -1 24 69 77 -1 35 -1 -2
17 -1 77 78 88 -1 46 -1 -2
20 93 -1 2 13 51 65 -1 13 87 -1 -2
18 93 94 -1 2 12 60 65 -1 20 47 -1 -2
50 73 88 -1 20 31 79 -1 13 72 94 100 -1 -2
84 92 -1 79 -1 17 21 69 89 -1 -2
40 46 85 -1 63 95 -1 32 57 -1 -2
32 60 -1 34 89 -1 57 -1 -2
35 84 94 -1 10 16 98 -1 38 50 -1 -2
20 88 -1 21 23 -1 27 59 72 -1 -2
14 20 21 43 -1 53 -1 19 100 -1 -2
53 75 87 95 -1 6 53 62 -1 5 39 50 84 -1 -2
2 81 90 -1 25 38 53 55 -1 45 66 80 95 -1 -2
6 76 -1 6 30 42 75 -1 23 45 76 -1 -2
35 68 -1 11 35 56 75 -1 24 46 -1 -2
22 -1 20 -1 17 47 81 -1 -2
1 8 73 90 -1 40 54 69 99 -1 2 55 69 98 -1 -2
38 44 87 -1 11 65 -1 10 16 43 90 -1 -2
50 64 67 -1 43 -1 26 94 -1 -2
49 90 -1 14 19 43 77 -1 54 -1 -2
28 45 80 -1 29 54 -1 20 37 -1 -2
92 -1 21 73 -1 38 39 62 -1 -2
48 51 57 90 -1 81 -1 30 -1 -2
93 -1 38 80 -1 85 -1 -2
32 37 97 -1 83 -1 14 45 -1 -2
4 72 77 92 -1 5 30 -1 17 51 -1 -2
25 52 -1 38 -1 2 21 37 49 -1 -2
36 62 87 -1 38 -1 4 11 49 91 -1 -2
56 60 71 94 -1 3 13 16 71 -1 67 77 -1 -2
71 88 -1 11 16 35 90 -1 39 -1 -2
28 74 98 -1 22 25 81 -1 25 49 95 -1 -2
42 -1 51 62 69 -1 46 58 -1 -2
48 -1 55 70 73 -1 38 -1 -2
1 42 66 100 -1 20 78 99 -1 28 -1 -2
16 66 -1 5 -1 57 72 90 -1 -2
1 15 88 99 -1 24 27 81 -1 83 92 -1 -2
41 -1 20 37 39 68 -1 30 -1 -2
20 58 80 94 -1 79 -1 36 54 78 91 -1 -2
25 -1 3 45 82 91 -1 4 60 -1 -2
7 40 44 72 -1 1 42 80 93 -1 22 53 -1 -2
28 69 -1 18 36 -1 38 93 -1 -2
67 -1 2 -1 50 60 67 90 -1 -2
23 -1 54 -1 42 53 70 -1 -2
81 84 100 -1 85 -1 49 76 95 -1 -2
77 -1 38 -1 88 -1 -2
28 65 -1 24 25 99 -1 9 25 -1 -2
34 -1 28 48 -1 13 25 54 -1 -2
36 -1 4 7 97 -1 30 51 79 -1 -2
87 -1 9 68 -1 7 14 34 56 -1 -2
9 82 -1 73 81 -1 59 -1 -2
39 48 80 -1 70 -1 15 45 46 51 -1 -2
52 77 98 -1 6 22 83 -1 28 37 62 -1 -2
100 -1 29 34 56 85 -1 22 37 61 70 -1 -2
1 30 46 88 -1 7 26 40 54 -1 46 -1 -2
1 4 49 72 -1 43 44 -1 20 27 30 77 -1 -2
13 60 -1 42 89 -1 7 22 53 67 -1 -2
24 67 69 -1 24 26 32 82 -1 97 -1 -2
8 34 -1 10 69 -1 32 44 62 -1 -2
15 67 80 98 -1 39 94 -1 20 81 -1 -2
21 66 -1 25 -1 21 97 -1 -2
1 22 74 -1 59 81 96 -1 23 43 78 -1 -2
72 -1 50 -1 7 64 -1 -2
1 16 80 83 -1 42 44 -1 13 74 89 98 -1 -2
30 -1 87 99 -1 6 17 -1 -2
6 20 22 94 -1 36 52 81 -1 3 91 94 100 -1 -2
42 -1 34 50 -1 71 -1 -2
10 27 74 77 -1 3 22 39 83 -1 1 57 78 -1 -2
9 32 61 70 -1 4 8 20 72 -1 25 37 45 53 -1 -2
41 92 -1 23 84 99 -1 49 87 -1 -2
74 88 -1 85 -1 18 61 -1 -2
2 3 21 37 -1 47 -1 10 38 95 96 -1 -2
49 75 89 -1 50 -1 8 58 82 -1 -2
39 82 85 -1 56 57 64 98 -1 14 24 37 -1 -2
19 25 66 79 -1 18 55 56 85 -1 11 52 -1 -2
24 47 68 96 -1 57 -1 20 55 73 -1 -2
18 40 55 61 -1 20 24 63 81 -1 82 85 86 91 -1 -2
36 -1 57 -1 5 40 68 -1 -2
4 60 -1 16 39 68 72 -1 22 75 -1 -2
25 34 100 -1 37 38 77 80 -1 39 -1 -2
23 24 92 -1 31 -1 56 62 -1 -2
42 46 75 -1 29 47 51 -1 67 -1 -2
27 70 78 95 -1 10 39 47 91 -1 28 52 54 -1 -2
30 48 53 63 -1 17 36 -1 13 21 -1 -2
9 36 39 73 -1 20 -1 7 -1 -2
43 -1 5 16 76 81 -1 36 39 -1 -2
42 83 -1 3 -1 100 -1 -2
27 61 -1 53 -1 3 33 43 96 -1 -2
22 37 68 71 -1 10 24 59 69 -1 25 -1 -2
13 87 -1 2 7 26 77 -1 55 -1 -2
34 -1 34 85 89 92 -1 3 68 -1 -2
39 89 -1 5 -1 1 -1 -2
14 57 58 -1 16 35 80 -1 13 75 78 99 -1 -2
24 28 -1 6 73 -1 24 -1 -2
7 59 73 80 -1 13 56 -1 1 66 -1 -2
35 70 88 -1 21 32 -1 3 33 53 -1 -2
15 -1 23 -1 19 45 76 -1 -2
3 21 99 -1 92 -1 2 30 -1 -2
14 -1 56 -1 35 -1 -2
30 72 78 96 -1 3 65 -1 16 35 98 -1 -2
55 61 65 79 -1 24 56 80 -1 3 27 36 -1 -2
15 56 -1 11 37 -1 25 86 -1 -2
62 -1 20 -1 3 71 100 -1 -2
25 32 36 41 -1 31 64 -1 56 57 64 -1 -2
12 22 25 85 -1 23 48 65 -1 12 -1 -2
24 26 29 75 -1 69 -1 42 51 64 -1 -2
39 -1 23 38 51 -1 95 -1 -2
71 88 91 96 -1 7 34 38 90 -1 23 85 -1 -2
48 50 61 99 -1 15 26 38 76 -1 18 -1 -2
12 60 67 98 -1 14 33 45 92 -1 3 -1 -2
13 30 94 95 -1 17 18 73 96 -1 49 68 92 -1 -2
27 57 79 98 -1 2 21 44 80 -1 95 -1 -2
18 81 -1 6 63 -1 75 -1 -2
69 -1 44 51 55 87 -1 1 41 46 66 -1 -2
6 69 75 -1 55 74 85 100 -1 48 100 -1 -2
27 77 -1 18 26 91 -1 3 58 -1 -2
35 -1 94 -1 2 45 71 98 -1 -2
4 -1 35 51 61 81 -1 43 54 -1 -2
36 -1 3 28 33 -1 74 78 83 84 -1 -2
34 -1 87 -1 27 29 -1 -2
79 91 -1 75 -1 52 59 -1 -2
7 23 33 55 -1 51 -1 26 33 64 72 -1 -2
40 42 53 60 -1 74 -1 40 41 98 -1 -2
18 63 -1 64 -1 5 30 65 84 -1 -2
31 -1 10 12 49 89 -1 95 -1 -2
35 -1 34 43 -1 22 26 -1 -2
1 9 46 51 -1 3 33 51 87 -1 18 57 60 -1 -2
8 9 85 -1 53 63 84 -1 12 16 66 -1 -2
57 -1 43 -1 5 37 47 -1 -2
21 39 50 88 -1 38 49 78 -1 40 51 79 -1 -2
20 25 40 77 -1 7 80 -1 23 33 82 -1 -2
17 91 -1 21 32 49 90 -1 33 69 -1 -2
9 38 43 77 -1 25 30 82 -1 39 -1 -2
63 73 83 97 -1 5 8 84 -1 8 26 77 82 -1 -2
68 95 -1 36 49 53 77 -1 12 13 68 96 -1 -2
23 70 -1 41 86 -1 57 69 72 78 -1 -2
90 91 -1 2 9 64 94 -1 7 -1 -2
5 11 81 -1 39 42 51 -1 49 70 72 -1 -2
38 -1 24 48 60 92 -1 8 52 64 -1 -2
46 63 86 92 -1 15 21 31 -1 8 48 91 -1 -2
45 -1 9 72 83 88 -1 68 78 91 -1 -2
1 43 66 91 -1 4 28 -1 21 -1 -2
16 57 -1 51 62 87 -1 1 6 13 -1 -2
54 -1 10 22 83 -1 27 52 61 88 -1 -2
16 -1 41 -1 33 -1 -2
93 -1 24 42 65 -1 78 -1 -2
12 52 69 71 -1 6 21 24 38 -1 54 66 -1 -2
49 75 91 -1 66 -1 12 57 -1 -2
19 81 -1 58 97 -1 27 68 90 -1 -2
75 94 98 -1 84 -1 42 71 -1 -2
15 24 62 83 -1 65 69 93 100 -1 9 18 -1 -2
28 -1 89 -1 27 30 48 99 -1 -2
65 -1 5 12 36 43 -1 21 73 -1 -2
5 15 75 86 -1 5 25 89 -1 10 23 -1 -2
66 -1 84 92 -1 66 -1 -2
52 72 80 -1 70 94 -1 17 31 57 59 -1 -2
4 32 34 54 -1 1 16 67 81 -1 17 33 38 69 -1 -2
44 61 -1 37 -1 24 45 88 -1 -2
57 71 -1 6 32 72 82 -1 57 66 90 -1 -2
24 43 49 73 -1 68 -1 64 -1 -2
30 100 -1 3 23 32 46 -1 36 66 78 98 -1 -2
39 62 -1 3 84 98 -1 28 39 -1 -2
25 47 82 -1 10 39 58 96 -1 18 84 -1 -2
95 96 100 -1 8 -1 34 69 96 -1 -2
5 30 82 -1 76 91 -1 11 13 61 75 -1 -2
1 24 36 99 -1 10 70 75 -1 46 79 84 85 -1 -2
11 45 81 -1 12 86 95 -1 33 -1 -2
62 -1 63 67 -1 52 84 -1 -2
10 24 -1 4 29 44 97 -1 21 73 88 -1 -2
11 12 88 -1 39 48 56 -1 29 80 -1 -2
49 56 63 -1 30 42 94 -1 35 72 -1 -2
33 42 48 99 -1 94 -1 17 46 -1 -2
51 53 88 99 -1 46 91 -1 10 11 31 -1 -2
5 31 79 91 -1 27 74 81 -1 30 55 67 -1 -2
83 -1 5 49 88 -1 44 -1 -2
5 56 -1 24 26 65 82 -1 36 37 47 82 -1 -2
53 67 -1 12 56 66 -1 23 -1 -2
28 54 74 88 -1 44 52 -1 58 -1 -2
76 92 -1 22 80 -1 42 96 -1 -2
31 91 -1 42 77 81 98 -1 88 -1 -2
14 38 46 -1 54 -1 9 35 55 -1 -2
30 42 69 -1 17 18 39 51 -1 45 70 -1 -2
5 23 57 87 -1 8 32 56 -1 3 30 75 79 -1 -2
20 88 -1 30 58 61 83 -1 11 43 85 -1 -2
3 33 81 -1 16 53 -1 25 -1 -2
61 89 -1 32 56 73 84 -1 11 -1 -2
46 73 -1 6 100 -1 9 15 -1 -2
15 37 46 93 -1 4 51 89 -1 59 73 93 -1 -2
15 41 -1 79 100 -1 6 34 37 -1 -2
33 83 -1 10 74 93 -1 2 43 75 -1 -2
35 42 76 87 -1 36 44 -1 16 59 -1 -2
51 71 81 -1 80 -1 28 86 -1 -2
23 92 -1 43 97 -1 24 42 70 90 -1 -2
47 -1 53 -1 44 -1 -2
53 71 -1 32 74 87 -1 33 61 -1 -2
35 42 49 99 -1 16 34 98 -1 79 100 -1 -2
60 76 79 -1 24 -1 7 35 76 -1 -2
6 98 -1 64 82 -1 1 72 93 -1 -2
20 29 98 -1 32 47 93 -1 88 -1 -2
4 -1 46 88 -1 20 44 59 83 -1 -2
75 -1 33 48 94 -1 48 79 93 -1 -2
25 -1 35 84 100 -1 41 -1 -2
18 83 95 -1 8 14 27 51 -1 18 73 -1 -2
66 68 -1 9 59 65 93 -1 14 66 89 -1 -2
16 32 73 77 -1 8 53 92 -1 13 19 55 78 -1 -2
25 -1 2 3 49 95 -1 50 -1 -2
25 -1 22 42 89 98 -1 13 80 91 -1 -2
5 47 51 -1 23 40 83 -1 60 89 -1 -2
28 48 85 -1 10 31 -1 38 39 92 -1 -2
90 93 -1 88 91 95 96 -1 58 78 84 -1 -2
39 56 61 -1 17 63 86 -1 10 34 35 37 -1 -2
37 65 77 -1 28 -1 39 47 67 69 -1 -2
20 40 -1 38 -1 38 42 78 -1 -2
12 25 38 75 -1 6 14 68 -1 15 24 69 -1 -2
9 26 50 69 -1 17 58 60 82 -1 52 53 97 -1 -2
86 -1 13 -1 3 67 72 79 -1 -2
4 75 82 -1 66 70 -1 3 5 25 43 -1 -2
31 56 76 -1 23 62 79 -1 47 61 83 -1 -2
40 75 -1 10 71 78 -1 15 80 84 -1 -2
28 56 71 78 -1 14 27 68 90 -1 20 -1 -2
24 92 -1 88 -1 27 -1 -2
12 29 -1 52 90 -1 5 19 -1 -2
85 99 -1 86 -1 16 27 55 -1 -2
37 42 80 -1 22 37 93 -1 22 42 61 -1 -2
3 99 -1 3 59 70 100 -1 26 -1 -2
70 74 78 -1 37 52 56 -1 4 14 18 -1 -2
1 68 77 91 -1 29 -1 14 66 -1 -2
35 45 54 -1 5 64 -1 69 -1 -2
9 52 54 87 -1 8 73 -1 56 68 -1 -2
12 22 46 -1 58 -1 1 27 29 53 -1 -2
61 70 89 -1 48 -1 55 99 -1 -2
25 45 64 -1 47 57 90 98 -1 13 35 -1 -2
35 36 -1 7 18 24 55 -1 46 -1 -2
48 -1 70 -1 60 -1 -2
1 14 -1 12 60 87 89 -1 27 -1 -2
5 -1 58 64 81 97 -1 5 33 59 93 -1 -2
64 -1 23 -1 3 41 42 75 -1 -2
50 51 52 -1 12 32 85 -1 9 67 71 -1 -2
54 -1 66 97 -1 32 41 95 -1 -2
29 47 87 100 -1 1 23 48 -1 12 41 79 89 -1 -2
31 39 71 -1 2 55 62 -1 19 -1 -2
36 46 90 -1 13 15 56 96 -1 18 25 -1 -2
62 68 -1 6 -1 14 28 42 79 -1 -2
1 14 56 -1 72 85 -1 67 93 -1 -2
2 -1 3 84 -1 10 12 58 61 -1 -2
73 -1 7 24 26 68 -1 11 22 96 -1 -2
12 49 -1 6 -1 30 54 -1 -2
88 -1 61 -1 91 96 -1 -2
21 25 97 -1 46 -1 6 84 88 -1 -2
20 32 40 41 -1 7 12 -1 85 89 -1 -2
5 8 79 80 -1 15 42 69 77 -1 72 -1 -2
8 22 31 -1 33 84 -1 18 69 -1 -2
7 33 -1 10 71 83 -1 71 83 99 -1 -2
29 31 63 85 -1 49 58 60 72 -1 63 79 -1 -2
9 41 91 96 -1 18 38 68 73 -1 5 -1 -2
1 18 87 96 -1 14 37 41 74 -1 1 25 -1 -2
86 -1 15 18 -1 19 31 58 -1 -2
21 -1 23 30 76 -1 86 93 -1 -2
29 -1 91 -1 39 63 66 -1 -2
20 23 99 -1 20 76 -1 30 34 -1 -2
33 49 67 100 -1 7 -1 2 21 63 99 -1 -2
56 77 90 -1 91 -1 43 75 86 92 -1 -2
49 94 -1 28 41 76 96 -1 89 -1 -2
43 79 93 -1 78 86 -1 26 30 47 100 -1 -2
11 19 27 -1 36 54 64 -1 62 82 -1 -2
28 60 -1 20 26 74 96 -1 59 90 -1 -2
25 -1 23 61 87 -1 25 51 85 94 -1 -2
38 91 -1 11 53 57 59 -1 65 -1 -2
19 -1 39 -1 97 98 -1 -2
16 22 45 -1 5 34 56 69 -1 42 44 74 89 -1 -2
4 65 74 83 -1 21 -1 79 -1 -2
12 59 73 87 -1 2 14 15 -1 19 75 95 -1 -2
42 43 44 62 -1 67 77 86 -1 46 -1 -2
6 28 50 72 -1 30 81 -1 97 -1 -2
16 -1 9 -1 31 -1 -2
32 48 67 96 -1 5 80 -1 1 -1 -2
11 24 65 -1 43 73 -1 17 59 63 -1 -2
6 39 78 -1 35 88 99 -1 46 -1 -2
4 15 -1 18 -1 12 32 55 94 -1 -2
26 65 -1 5 38 -1 34 -1 -2
73 -1 30 34 98 -1 8 41 61 -1 -2
11 30 57 83 -1 3 8 39 97 -1 6 31 -1 -2
17 35 76 -1 5 68 85 100 -1 37 93 -1 -2
13 27 48 49 -1 22 28 42 -1 27 60 67 93 -1 -2
44 68 78 87 -1 1 80 -1 18 70 88 91 -1 -2
6 24 73 -1 9 41 45 63 -1 48 -1 -2
5 22 27 61 -1 12 74 87 -1 44 45 58 -1 -2
39 -1 71 -1 59 -1 -2
72 -1 69 -1 6 22 51 80 -1 -2
7 22 32 98 -1 2 -1 67 -1 -2
41 84 -1 16 -1 10 42 -1 -2
73 83 -1 8 49 -1 6 -1 -2
19 34 52 -1 15 -1 15 79 -1 -2
80 -1 98 -1 70 94 -1 -2
32 53 60 79 -1 28 39 -1 27 56 76 -1 -2
41 71 -1 9 49 66 -1 40 59 60 92 -1 -2
8 63 -1 4 50 57 -1 24 35 47 -1 -2
7 49 -1 61 -1 7 39 40 57 -1 -2
72 -1 7 95 -1 64 -1 -2
52 -1 23 64 85 -1 43 90 -1 -2
16 36 65 69 -1 58 98 -1 36 63 -1 -2
26 47 54 -1 24 68 73 91 -1 35 47 73 90 -1 -2
13 77 85 91 -1 11 20 38 55 -1 1 28 -1 -2
46 -1 3 -1 23 -1 -2
5 9 -1 4 27 47 97 -1 40 85 -1 -2
10 95 -1 30 100 -1 10 42 -1 -2
50 -1 16 29 43 74 -1 9 35 89 -1 -2
14 22 42 -1 5 10 -1 13 -1 -2
20 64 -1 19 86 -1 28 80 97 -1 -2
63 94 -1 83 -1 40 -1 -2
2 55 91 97 -1 29 38 86 -1 23 54 69 -1 -2
4 21 -1 67 92 93 -1 60 93 98 -1 -2
36 59 70 94 -1 38 45 67 78 -1 75 95 -1 -2
10 55 58 70 -1 32 53 72 -1 4 81 -1 -2
42 51 69 71 -1 19 85 -1 28 34 86 -1 -2
67 -1 40 44 -1 22 -1 -2
69 90 -1 18 79 -1 20 60 68 -1 -2
6 49 67 -1 66 69 93 -1 15 78 -1 -2
52 84 -1 34 47 50 64 -1 77 -1 -2
55 79 -1 65 87 -1 38 82 -1 -2
2 68 78 -1 23 92 93 -1 23 43 -1 -2
78 -1 25 65 85 -1 33 69 89 94 -1 -2
43 84 -1 22 33 75 -1 39 43 57 74 -1 -2
34 -1 10 95 -1 57 94 99 -1 -2
26 52 57 70 -1 4 68 -1 17 -1 -2
10 15 56 69 -1 7 28 -1 49 -1 -2
13 70 93 99 -1 23 66 90 -1 23 83 84 -1 -2
33 35 -1 31 62 81 -1 35 55 74 91 -1 -2
29 -1 54 57 -1 26 58 85 88 -1 -2
27 30 63 68 -1 2 43 85 -1 25 27 59 -1 -2
4 27 -1 6 13 -1 33 97 -1 -2
56 94 -1 13 45 72 -1 7 93 95 -1 -2
87 -1 15 77 -1 47 49 96 -1 -2
42 91 -1 16 20 62 98 -1 6 11 -1 -2
18 27 45 -1 9 45 83 87 -1 24 36 75 77 -1 -2
42 51 93 -1 10 54 -1 29 70 -1 -2
41 54 -1 25 -1 22 -1 -2
17 60 69 -1 58 88 -1 54 -1 -2
14 51 58 89 -1 14 61 88 -1 49 67 97 -1 -2
7 29 -1 61 72 81 83 -1 21 78 86 -1 -2
94 -1 16 47 85 -1 4 81 94 -1 -2
44 78 -1 6 28 64 -1 19 45 46 -1 -2
6 47 60 87 -1 12 15 28 52 -1 7 54 71 91 -1 -2
4 11 32 71 -1 18 51 62 -1 27 45 68 83 -1 -2
7 43 61 -1 23 36 71 -1 95 97 -1 -2
6 40 97 -1 36 75 77 -1 76 -1 -2
31 43 94 -1 67 85 -1 17 18 47 -1 -2
11 54 -1 24 54 -1 88 93 -1 -2
63 93 99 -1 75 -1 33 57 64 -1 -2
11 90 -1 100 -1 2 26 50 59 -1 -2
13 96 -1 25 78 -1 59 71 -1 -2
5 25 72 82 -1 11 23 -1 52 78 -1 -2
73 81 83 91 -1 10 56 66 95 -1 40 50 -1 -2
17 27 90 98 -1 23 60 70 75 -1 55 -1 -2
22 25 39 -1 13 98 -1 47 56 -1 -2
94 -1 58 63 71 -1 40 85 -1 -2
9 19 92 94 -1 28 56 73 -1 9 34 87 91 -1 -2
36 49 81 -1 4 -1 28 83 86 -1 -2
9 92 -1 25 42 47 56 -1 2 33 70 97 -1 -2
13 57 89 93 -1 57 72 -1 6 9 73 -1 -2
13 14 22 -1 26 42 100 -1 83 -1 -2
18 36 61 64 -1 43 50 63 -1 3 50 54 78 -1 -2
18 31 95 -1 1 3 46 79 -1 49 -1 -2
1 92 -1 34 37 46 77 -1 98 -1 -2
96 -1 55 84 90 -1 7 -1 -2
7 62 65 95 -1 11 30 -1 2 14 38 91 -1 -2
18 25 -1 49 51 66 91 -1 41 85 -1 -2
42 51 53 91 -1 91 -1 14 36 38 86 -1 -2
20 62 -1 23 35 82 97 -1 67 -1 -2
1 72 -1 56 88 -1 45 -1 -2
97 -1 31 72 90 -1 26 52 -1 -2
30 -1 11 21 49 71 -1 31 46 92 100 -1 -2
15 49 -1 22 33 52 -1 9 67 87 -1 -2
38 100 -1 24 71 85 -1 12 61 -1 -2
2 49 99 100 -1 31 46 52 76 -1 25 52 -1 -2
25 27 -1 70 79 94 -1 47 -1 -2
44 58 -1 58 -1 56 90 -1 -2
5 31 62 -1 44 -1 24 54 68 80 -1 -2
22 -1 43 76 -1 43 -1 -2
23 92 -1 5 9 13 55 -1 53 70 94 -1 -2
94 -1 36 63 69 100 -1 4 17 73 97 -1 -2
8 -1 62 -1 3 15 46 -1 -2
21 65 71 -1 23 33 36 86 -1 53 -1 -2
62 67 85 -1 6 89 -1 6 41 63 69 -1 -2
7 19 45 82 -1 97 -1 98 -1 -2
6 76 -1 19 -1 27 64 -1 -2
85 -1 16 45 -1 10 41 79 82 -1 -2
31 64 96 -1 97 -1 27 43 83 -1 -2
4 77 86 -1 71 100 -1 24 64 -1 -2
28 49 54 87 -1 18 34 42 95 -1 1 61 98 -1 -2
67 95 -1 29 74 -1 46 66 72 -1 -2
70 -1 14 18 40 -1 22 71 -1 -2
54 75 87 -1 78 -1 43 47 81 88 -1 -2
14 25 -1 1 34 61 66 -1 38 40 -1 -2
52 -1 15 49 56 58 -1 5 17 21 78 -1 -2
1 -1 57 64 69 -1 18 26 28 75 -1 -2
39 -1 51 81 -1 11 14 28 62 -1 -2
48 -1 22 -1 9 19 64 -1 -2
12 44 57 -1 11 51 -1 24 99 -1 -2
9 65 83 -1 22 -1 69 79 -1 -2
17 83 89 -1 10 38 52 -1 76 79 94 -1 -2
37 43 78 81 -1 4 44 -1 6 -1 -2
15 59 -1 13 48 87 97 -1 58 72 95 97 -1 -2
33 69 93 -1 7 10 21 54 -1 13 -1 -2
22 -1 12 -1 65 88 -1 -2
41 44 -1 98 -1 12 -1 -2
4 36 72 -1 51 72 80 -1 10 83 84 -1 -2
42 49 85 99 -1 57 -1 66 69 91 -1 -2
8 33 82 -1 49 61 64 98 -1 35 59 80 -1 -2
90 -1 24 26 -1 39 -1 -2
17 58 -1 16 42 71 -1 2 -1 -2
3 5 26 43 -1 79 -1 37 73 89 -1 -2
94 -1 51 52 -1 11 44 54 84 -1 -2
94 -1 60 -1 18 38 61 88 -1 -2
13 33 50 -1 40 78 -1 1 10 71 75 -1 -2
5 13 17 74 -1 28 56 65 76 -1 76 -1 -2
1 39 40 96 -1 61 -1 25 69 100 -1 -2
28 35 88 98 -1 16 -1 20 43 54 94 -1 -2
67 78 82 -1 5 75 -1 12 37 78 88 -1 -2
16 -1 67 -1 23 64 -1 -2
1 49 62 -1 40 52 65 -1 44 -1 -2
79 -1 61 71 77 95 -1 97 -1 -2
9 72 83 -1 45 72 76 -1 20 21 -1 -2
8 -1 29 40 -1 12 35 85 -1 -2
5 -1 45 56 93 -1 61 -1 -2
18 -1 57 69 -1 2 31 63 -1 -2
16 29 50 54 -1 4 20 23 91 -1 49 79 84 89 -1 -2
22 55 -1 31 62 -1 10 66 79 94 -1 -2
45 56 -1 33 43 45 48 -1 12 19 87 -1 -2
92 -1 8 66 -1 2 21 48 -1 -2
3 44 50 67 -1 12 17 21 39 -1 15 54 66 77 -1 -2
41 44 87 89 -1 4 42 92 -1 5 8 39 81 -1 -2
43 60 65 -1 20 40 85 -1 52 -1 -2
30 73 -1 18 24 57 98 -1 7 13 -1 -2
40 -1 58 91 -1 22 -1 -2
35 -1 38 91 -1 84 -1 -2
16 23 28 -1 80 98 -1 19 30 32 98 -1 -2
57 -1 59 61 -1 40 90 97 -1 -2
56 74 -1 36 41 57 73 -1 13 61 71 96 -1 -2
27 -1 9 85 -1 47 73 -1 -2
2 18 54 98 -1 11 35 63 77 -1 78 -1 -2
91 -1 4 58 63 84 -1 11 74 -1 -2
52 -1 53 -1 52 69 -1 -2
48 -1 33 39 86 97 -1 10 54 -1 -2
86 -1 29 97 -1 57 67 83 86 -1 -2
91 -1 8 57 87 -1 17 38 42 92 -1 -2
46 67 -1 18 -1 35 48 50 90 -1 -2
40 66 68 89 -1 1 8 80 -1 1 34 42 73 -1 -2
23 43 -1 52 59 87 98 -1 30 -1 -2
62 72 -1 4 -1 67 -1 -2
30 -1 3 25 51 -1 15 -1 -2
28 57 82 -1 2 45 60 90 -1 96 -1 -2
29 44 -1 11 57 84 88 -1 19 -1 -2
14 37 -1 68 90 98 -1 78 -1 -2
45 71 95 -1 90 -1 30 67 -1 -2
13 67 90 -1 53 82 -1 42 65 84 -1 -2
16 21 45 72 -1 20 -1 37 41 53 -1 -2
47 -1 37 57 85 -1 85 -1 -2
86 89 -1 72 89 97 -1 16 -1 -2
54 63 -1 47 78 88 -1 20 59 71 -1 -2
19 34 86 -1 33 60 -1 9 24 68 -1 -2
8 44 -1 15 -1 74 -1 -2
45 92 -1 12 54 59 94 -1 99 -1 -2
30 43 67 84 -1 9 30 74 -1 29 80 82 -1 -2
69 -1 32 41 53 -1 12 29 33 76 -1 -2
16 69 72 96 -1 99 -1 81 93 -1 -2
12 84 93 -1 61 62 -1 17 78 85 -1 -2
8 -1 13 60 68 -1 40 51 61 72 -1 -2
10 -1 69 -1 28 56 58 77 -1 -2
2 13 100 -1 51 -1 24 -1 -2
18 95 -1 48 -1 19 45 97 -1 -2
74 -1 10 54 -1 45 70 98 99 -1 -2
38 66 -1 66 95 -1 67 -1 -2
36 43 -1 8 20 41 53 -1 31 -1 -2
13 42 52 86 -1 58 -1 50 63 85 -1 -2
17 -1 70 -1 100 -1 -2
100 -1 2 16 28 -1 61 -1 -2
8 -1 35 65 -1 4 99 -1 -2
2 30 34 41 -1 30 58 73 -1 21 -1 -2
1 14 73 -1 31 34 54 74 -1 5 70 92 -1 -2
95 -1 45 56 64 -1 96 -1 -2
36 54 -1 92 -1 22 59 74 100 -1 -2
12 18 33 36 -1 6 69 -1 63 -1 -2
21 -1 1 18 78 95 -1 58 -1 -2
56 71 100 -1 75 -1 55 -1 -2
14 80 -1 54 75 97 -1 13 67 -1 -2
34 52 55 77 -1 58 -1 16 27 52 99 -1 -2
37 57 77 99 -1 7 85 88 -1 80 -1 -2
69 -1 48 52 64 -1 14 46 56 81 -1 -2
47 51 -1 91 -1 5 -1 -2
68 72 76 -1 5 -1 34 67 95 -1 -2
7 -1 78 81 95 -1 98 -1 -2
35 -1 23 -1 7 15 49 -1 -2
76 95 -1 6 15 26 47 -1 15 57 63 82 -1 -2
19 35 52 94 -1 7 13 57 -1 69 -1 -2
42 75 95 -1 29 53 66 83 -1 26 -1 -2
21 36 84 -1 11 90 -1 79 -1 -2
15 18 90 -1 12 26 88 -1 41 -1 -2
42 96 -1 37 -1 57 -1 -2
16 54 94 -1 19 49 -1 47 49 99 -1 -2
28 -1 70 -1 71 77 -1 -2
68 90 -1 38 -1 15 -1 -2
9 29 -1 22 78 82 83 -1 21 34 81 -1 -2
2 13 68 92 -1 2 31 43 -1 34 81 84 92 -1 -2
83 -1 23 -1 7 -1 -2
13 15 92 -1 82 -1 1 55 62 -1 -2
28 60 81 -1 53 54 61 95 -1 60 -1 -2
19 65 -1 38 48 49 -1 5 9 44 -1 -2
64 96 -1 21 26 77 82 -1 16 52 56 -1 -2
15 -1 29 64 76 96 -1 27 -1 -2
10 11 51 66 -1 5 29 89 90 -1 50 51 54 96 -1 -2
17 -1 69 86 -1 34 45 61 -1 -2
22 74 84 -1 45 53 61 95 -1 21 24 27 69 -1 -2
4 40 42 -1 59 77 -1 16 24 -1 -2
50 78 82 94 -1 1 49 55 72 -1 5 24 -1 -2
55 -1 93 -1 74 -1 -2
76 82 99 -1 39 41 -1 64 79 84 -1 -2
20 -1 21 -1 43 45 86 -1 -2
47 -1 32 81 -1 33 44 64 94 -1 -2
38 74 83 94 -1 31 40 51 73 -1 9 43 77 86 -1 -2
16 25 46 98 -1 21 -1 21 26 71 75 -1 -2
13 63 76 -1 95 -1 29 53 78 95 -1 -2
18 84 93 94 -1 87 99 -1 3 66 81 99 -1 -2
21 59 91 -1 83 -1 20 43 88 -1 -2
50 69 -1 48 55 -1 43 -1 -2
30 -1 14 78 92 -1 19 30 73 -1 -2
93 97 99 -1 6 62 64 -1 51 57 -1 -2
6 15 30 -1 6 40 48 100 -1 14 15 43 51 -1 -2
59 -1 4 7 17 67 -1 19 83 94 -1 -2
38 56 95 -1 67 95 100 -1 4 43 69 -1 -2
24 -1 34 35 69 -1 49 56 68 -1 -2
81 -1 80 -1 10 -1 -2
46 -1 27 39 75 89 -1 81 -1 -2
84 95 -1 41 52 97 -1 71 89 91 -1 -2
18 97 -1 44 75 -1 55 -1 -2
38 46 -1 3 28 58 -1 35 54 63 -1 -2
21 55 66 92 -1 6 21 76 79 -1 26 56 59 99 -1 -2
7 80 91 95 -1 25 60 -1 29 35 49 76 -1 -2
66 -1 44 47 97 98 -1 76 88 90 100 -1 -2
8 24 51 76 -1 3 64 -1 63 83 -1 -2
8 80 -1 7 16 48 100 -1 47 -1 -2
59 -1 45 53 57 59 -1 96 100 -1 -2
20 -1 52 86 92 98 -1 42 60 -1 -2
43 69 -1 6 35 84 -1 8 24 87 -1 -2
32 90 -1 1 82 87 -1 22 -1 -2
11 68 79 -1 19 -1 20 -1 -2
36 96 -1 99 -1 5 63 -1 -2
5 41 -1 29 45 86 -1 88 -1 -2
48 81 92 -1 12 43 -1 60 61 69 -1 -2
24 -1 10 37 42 -1 2 32 89 -1 -2
5 16 -1 47 60 70 72 -1 6 61 62 -1 -2
27 40 57 89 -1 61 75 -1 8 25 36 78 -1 -2
1 19 49 86 -1 10 96 99 -1 13 76 88 -1 -2
8 31 44 94 -1 74 86 -1 41 83 -1 -2
38 80 98 -1 6 52 -1 21 52 60 -1 -2
8 -1 31 94 -1 6 22 30 52 -1 -2
60 87 -1 33 38 60 71 -1 95 -1 -2
28 59 87 -1 9 46 55 63 -1 7 33 67 87 -1 -2
20 44 55 77 -1 1 15 77 82 -1 58 62 -1 -2
2 42 55 -1 61 -1 31 -1 -2
64 89 91 -1 15 22 -1 14 25 31 -1 -2
17 79 -1 23 45 73 -1 19 70 74 -1 -2
15 31 79 96 -1 2 9 40 -1 2 36 73 -1 -2
52 -1 22 30 33 -1 28 71 -1 -2
13 68 -1 9 49 65 82 -1 47 76 79 -1 -2
40 50 73 -1 58 -1 25 -1 -2
64 -1 18 -1 14 19 37 51 -1 -2
52 -1 64 75 85 -1 5 98 -1 -2
5 40 67 100 -1 22 27 87 -1 4 16 57 -1 -2
3 30 49 57 -1 31 -1 72 92 -1 -2
41 65 95 -1 61 67 99 -1 55 57 60 -1 -2
11 22 49 58 -1 13 43 80 -1 26 70 74 -1 -2
6 25 26 84 -1 17 55 58 97 -1 19 -1 -2
31 51 -1 12 -1 73 74 -1 -2
5 17 59 60 -1 83 -1 45 83 92 -1 -2
27 -1 5 80 -1 19 80 -1 -2
4 60 62 100 -1 51 58 -1 32 62 -1 -2
10 46 49 -1 17 19 21 76 -1 43 -1 -2
72 -1 3 26 36 73 -1 33 55 -1 -2
47 -1 77 -1 46 -1 -2
7 31 100 -1 62 90 -1 31 32 38 44 -1 -2
23 35 -1 11 -1 36 58 69 -1 -2
71 -1 22 49 -1 8 52 -1 -2
70 86 97 -1 58 59 -1 11 25 -1 -2
9 33 -1 2 8 27 41 -1 60 89 -1 -2
7 96 99 -1 7 83 95 -1 30 86 -1 -2
20 29 65 70 -1 85 -1 30 44 52 67 -1 -2
54 -1 43 -1 1 22 62 77 -1 -2
39 56 85 -1 27 -1 18 19 56 74 -1 -2
85 -1 57 75 87 -1 76 -1 -2
99 -1 53 70 76 -1 20 -1 -2
13 89 -1 28 68 -1 81 88 -1 -2
33 56 79 85 -1 6 36 85 -1 29 30 87 -1 -2
3 18 28 79 -1 31 -1 47 54 72 95 -1 -2
55 81 82 -1 4 51 -1 27 -1 -2
34 53 57 91 -1 19 96 -1 17 -1 -2
50 -1 33 57 77 -1 20 26 71 -1 -2
8 56 81 87 -1 70 -1 18 24 65 -1 -2
44 82 -1 23 31 51 88 -1 53 55 88 97 -1 -2
60 80 96 -1 60 -1 11 39 86 -1 -2
3 64 65 93 -1 9 21 51 93 -1 57 66 71 92 -1 -2
21 70 73 -1 74 -1 79 85 -1 -2
22 49 98 -1 80 -1 52 -1 -2
19 -1 5 45 52 -1 87 -1 -2
37 80 86 98 -1 27 46 97 -1 56 74 94 97 -1 -2
22 99 -1 38 97 -1 44 79 90 -1 -2
22 40 -1 72 -1 37 97 -1 -2
6 -1 56 86 -1 37 -1 -2
30 41 80 -1 15 -1 6 -1 -2
18 40 92 94 -1 12 20 41 96 -1 51 77 88 -1 -2
11 68 76 90 -1 30 -1 49 69 97 100 -1 -2
50 74 79 98 -1 45 92 96 99 -1 7 20 26 59 -1 -2
55 64 81 94 -1 28 87 -1 32 -1 -2
7 67 86 -1 2 23 -1 26 -1 -2
7 15 -1 59 -1 45 58 84 90 -1 -2
24 36 -1 4 -1 24 33 42 45 -1 -2
58 -1 70 -1 2 41 49 58 -1 -2
4 9 36 -1 54 77 -1 96 -1 -2
64 89 -1 57 -1 6 14 17 49 -1 -2
6 10 50 51 -1 9 13 40 -1 70 -1 -2
36 -1 1 64 -1 60 84 89 -1 -2
99 100 -1 52 81 -1 79 -1 -2
18 35 -1 29 55 98 -1 23 33 34 82 -1 -2
1 16 83 -1 62 78 -1 61 71 83 96 -1 -2
9 -1 5 40 -1 22 89 -1 -2
8 84 96 -1 12 17 82 -1 32 91 -1 -2
31 -1 58 -1 18 -1 -2
2 4 56 -1 68 -1 8 35 -1 -2
30 -1 9 -1 15 16 35 48 -1 -2
6 19 -1 59 64 72 88 -1 43 -1 -2
33 39 54 69 -1 19 -1 59 -1 -2
4 83 96 -1 5 68 80 -1 62 -1 -2
22 -1 17 29 44 88 -1 66 100 -1 -2
78 -1 71 93 -1 2 39 69 90 -1 -2
13 67 -1 10 39 77 87 -1 20 26 93 -1 -2
50 -1 85 -1 37 -1 -2
1 88 -1 15 22 -1 6 76 -1 -2
14 51 72 -1 46 49 93 -1 37 75 80 -1 -2
49 76 100 -1 21 33 62 81 -1 40 -1 -2
61 -1 68 -1 43 68 76 85 -1 -2
7 81 -1 24 59 76 82 -1 24 -1 -2
83 84 -1 11 42 -1 42 83 -1 -2
49 62 80 -1 36 -1 29 30 35 -1 -2
4 -1 82 -1 5 23 68 89 -1 -2
24 -1 1 7 90 94 -1 4 -1 -2
75 -1 51 82 -1 1 -1 -2
92 -1 76 -1 62 -1 -2
17 82 -1 22 50 58 82 -1 6 -1 -2
71 -1 12 14 70 91 -1 31 63 83 98 -1 -2
2 -1 19 77 78 -1 20 32 75 -1 -2
29 73 77 -1 44 100 -1 41 65 -1 -2
86 -1 23 -1 60 -1 -2
34 55 -1 9 10 16 -1 29 79 85 97 -1 -2
21 55 -1 73 77 -1 23 95 -1 -2
6 80 86 -1 44 95 -1 15 33 42 -1 -2
96 -1 2 19 30 -1 21 39 51 71 -1 -2
4 60 89 92 -1 32 51 77 -1 4 42 54 -1 -2
82 -1 5 -1 39 60 75 -1 -2
66 -1 78 89 98 -1 28 -1 -2
56 57 63 -1 25 80 87 -1 63 -1 -2
56 -1 55 -1 28 31 54 87 -1 -2
92 97 -1 24 51 -1 60 -1 -2
33 53 62 97 -1 42 85 -1 50 68 -1 -2
26 -1 39 88 -1 24 -1 -2
13 62 67 69 -1 58 -1 34 54 -1 -2
18 52 95 -1 4 14 64 -1 60 97 99 -1 -2
19 24 48 51 -1 18 21 93 -1 6 13 18 59 -1 -2
5 -1 97 -1 3 8 96 -1 -2
22 -1 35 42 57 71 -1 79 92 93 -1 -2
44 73 88 91 -1 72 78 86 -1 6 -1 -2
9 14 -1 70 -1 21 25 -1 -2
11 56 -1 35 43 86 93 -1 27 61 -1 -2
5 70 84 92 -1 18 -1 78 -1 -2
4 41 -1 50 62 84 -1 35 85 -1 -2
1 5 57 -1 3 7 75 100 -1 6 58 93 -1 -2
13 15 33 97 -1 91 -1 12 29 -1 -2
43 53 66 -1 15 23 61 75 -1 15 41 48 53 -1 -2
81 -1 56 -1 2 64 -1 -2
68 -1 8 39 89 -1 29 34 -1 -2
69 -1 16 25 28 -1 18 21 -1 -2
22 38 -1 61 -1 95 -1 -2
7 36 37 84 -1 25 44 64 67 -1 30 46 -1 -2
48 49 -1 51 95 -1 3 66 -1 -2
30 33 88 -1 42 62 86 -1 50 84 89 -1 -2
14 42 54 78 -1 47 -1 78 -1 -2
18 -1 44 65 92 -1 11 -1 -2
13 91 -1 15 88 91 98 -1 25 41 -1 -2
20 98 -1 6 39 73 -1 72 -1 -2
3 -1 11 27 73 98 -1 53 55 -1 -2
1 62 67 68 -1 2 -1 9 56 87 -1 -2
29 43 63 80 -1 23 42 46 73 -1 68 -1 -2
24 79 -1 33 46 -1 4 85 -1 -2
35 -1 49 67 -1 34 77 -1 -2
3 17 40 73 -1 6 14 31 84 -1 13 18 22 73 -1 -2
73 86 90 -1 47 57 85 98 -1 54 97 -1 -2
4 18 31 85 -1 21 52 -1 4 26 35 66 -1 -2
18 76 -1 33 54 87 -1 46 55 57 -1 -2
58 -1 43 87 -1 29 47 -1 -2
64 89 -1 25 43 -1 40 73 -1 -2
33 34 70 89 -1 18 100 -1 13 29 41 -1 -2
77 79 80 85 -1 38 57 -1 53 63 -1 -2
19 35 83 -1 4 40 93 -1 1 73 -1 -2
14 72 78 -1 29 70 81 -1 14 17 26 79 -1 -2
43 50 -1 12 17 45 -1 86 -1 -2
22 -1 57 -1 26 31 38 63 -1 -2
30 35 55 -1 81 -1 10 36 66 85 -1 -2
35 40 80 -1 20 29 53 86 -1 53 67 -1 -2
10 25 35 85 -1 24 98 -1 20 42 100 -1 -2
14 66 84 -1 52 65 -1 36 -1 -2
28 32 -1 15 41 100 -1 48 -1 -2
23 -1 94 -1 3 64 79 -1 -2
54 -1 59 -1 4 52 69 88 -1 -2
14 -1 22 42 55 93 -1 7 -1 -2
29 52 57 -1 3 85 93 -1 49 96 97 -1 -2
9 49 53 62 -1 4 13 37 39 -1 39 55 -1 -2
26 39 41 64 -1 26 49 96 -1 8 54 61 87 -1 -2
63 -1 98 -1 23 55 56 85 -1 -2
6 76 85 -1 44 -1 24 55 59 85 -1 -2
10 23 31 93 -1 15 78 -1 63 -1 -2
48 100 -1 55 -1 35 -1 -2
21 46 97 -1 100 -1 1 13 -1 -2
51 77 -1 73 75 89 -1 28 30 -1 -2
17 98 -1 21 52 86 96 -1 94 -1 -2
13 21 22 81 -1 34 -1 5 37 -1 -2
54 93 -1 51 59 77 87 -1 6 -1 -2
35 55 -1 7 89 97 -1 11 52 76 94 -1 -2
68 -1 32 37 71 99 -1 94 -1 -2
4 35 44 99 -1 10 29 -1 77 -1 -2
5 70 79 -1 13 -1 1 38 -1 -2
33 90 -1 1 16 58 -1 14 84 -1 -2
67 73 90 93 -1 5 18 100 -1 4 45 49 67 -1 -2
91 -1 9 50 73 88 -1 57 65 69 -1 -2
5 14 53 -1 2 3 67 88 -1 15 38 46 -1 -2
87 -1 3 8 63 -1 60 -1 -2
13 78 -1 65 71 82 99 -1 63 -1 -2
42 79 -1 34 67 -1 38 67 78 -1 -2
12 64 90 97 -1 76 -1 25 35 66 75 -1 -2
29 61 78 -1 61 -1 7 9 -1 -2
40 -1 12 27 40 45 -1 40 51 89 -1 -2
1 -1 52 67 76 -1 6 -1 -2
42 66 81 90 -1 7 72 92 98 -1 84 -1 -2
79 89 -1 25 27 78 -1 34 37 45 89 -1 -2
9 -1 32 54 68 -1 16 -1 -2
68 84 -1 76 90 93 -1 9 19 45 64 -1 -2
12 29 72 83 -1 10 29 38 93 -1 12 64 -1 -2
65 -1 65 85 92 96 -1 18 23 -1 -2
48 80 81 -1 28 36 75 -1 83 -1 -2
1 34 64 -1 53 86 91 97 -1 6 -1 -2
29 -1 99 -1 52 -1 -2
59 -1 25 -1 1 6 67 -1 -2
9 30 31 -1 19 65 97 -1 18 61 66 99 -1 -2
75 -1 27 28 37 -1 4 93 -1 -2
1 4 66 74 -1 15 24 -1 14 -1 -2
2 47 60 89 -1 14 43 51 92 -1 54 -1 -2
5 30 45 -1 3 18 52 73 -1 18 60 -1 -2
31 46 -1 18 47 52 100 -1 20 68 -1 -2
27 42 -1 43 60 100 -1 52 -1 -2
3 30 -1 50 82 -1 57 69 -1 -2
5 67 86 -1 4 21 62 70 -1 11 33 63 68 -1 -2
50 56 57 97 -1 67 -1 7 53 96 -1 -2
20 -1 1 44 77 -1 18 -1 -2
5 94 98 -1 76 -1 32 63 66 -1 -2
90 -1 14 31 35 69 -1 23 47 84 -1 -2
29 44 72 76 -1 13 -1 70 -1 -2
2 39 69 98 -1 14 15 31 -1 62 77 -1 -2
77 -1 38 40 61 62 -1 9 -1 -2
12 44 70 98 -1 1 3 83 -1 62 -1 -2
13 43 68 70 -1 4 5 71 -1 57 -1 -2
40 62 65 94 -1 66 69 71 -1 6 43 51 94 -1 -2
21 96 -1 7 -1 25 36 97 -1 -2
27 42 60 -1 3 22 89 -1 46 -1 -2
59 72 97 -1 8 11 30 74 -1 51 -1 -2
28 -1 14 -1 6 34 61 98 -1 -2
4 30 47 73 -1 8 -1 49 62 -1 -2
29 61 92 -1 48 88 -1 56 69 -1 -2
7 -1 68 83 100 -1 23 53 62 -1 -2
15 -1 36 45 86 96 -1 12 31 -1 -2
6 20 34 -1 30 -1 23 56 58 92 -1 -2
21 -1 51 53 83 -1 15 19 72 73 -1 -2
2 11 65 88 -1 37 68 80 94 -1 100 -1 -2
8 49 91 -1 19 47 55 72 -1 37 -1 -2
26 35 45 70 -1 6 45 51 87 -1 27 -1 -2
34 -1 45 -1 49 55 61 97 -1 -2
53 56 -1 2 30 -1 40 67 -1 -2
76 96 -1 7 56 94 96 -1 5 24 59 -1 -2
12 52 55 98 -1 75 85 -1 52 66 94 -1 -2
6 32 71 85 -1 1 47 58 73 -1 15 67 89 -1 -2
97 -1 28 31 42 -1 6 29 45 -1 -2
42 -1 30 -1 11 75 88 -1 -2
17 -1 15 -1 26 37 38 43 -1 -2
67 87 97 99 -1 25 52 89 -1 2 16 69 -1 -2
50 63 67 -1 43 76 81 -1 72 -1 -2
64 78 92 -1 11 -1 31 51 -1 -2
16 84 86 96 -1 47 64 -1 20 48 54 -1 -2
12 -1 41 99 -1 31 91 -1 -2
30 85 90 -1 17 21 32 -1 1 12 26 79 -1 -2
47 -1 76 -1 21 51 57 94 -1 -2
20 51 86 -1 37 74 -1 60 99 -1 -2
54 -1 29 -1 48 -1 -2
87 -1 2 -1 2 -1 -2
30 57 85 95 -1 4 33 51 93 -1 7 40 60 -1 -2
97 -1 75 -1 37 69 90 -1 -2
83 88 -1 46 78 -1 33 39 73 -1 -2
35 58 -1 14 48 61 -1 34 -1 -2
62 72 99 -1 29 35 -1 3 81 -1 -2
37 -1 45 64 100 -1 56 64 75 91 -1 -2
63 66 88 -1 51 -1 11 52 57 -1 -2
2 98 -1 14 -1 26 40 49 -1 -2
6 59 -1 21 53 76 78 -1 1 14 76 -1 -2
8 45 47 85 -1 91 -1 39 49 56 65 -1 -2
92 -1 89 -1 27 31 45 67 -1 -2
29 -1 8 26 40 74 -1 32 77 86 -1 -2
53 83 -1 19 33 41 69 -1 51 53 92 95 -1 -2
5 65 89 97 -1 40 72 -1 41 55 57 -1 -2
19 47 57 -1 84 -1 9 93 -1 -2
45 -1 15 63 83 -1 81 100 -1 -2
6 62 80 -1 32 -1 15 88 94 -1 -2
8 30 37 58 -1 25 -1 30 35 86 -1 -2
26 -1 1 9 70 98 -1 19 74 -1 -2
17 19 69 70 -1 9 59 -1 44 92 -1 -2
29 34 -1 31 46 -1 10 -1 -2
10 23 43 -1 25 53 -1 10 50 -1 -2
20 54 73 99 -1 70 -1 7 38 49 71 -1 -2
39 -1 69 -1 75 -1 -2
68 -1 22 29 64 84 -1 5 52 86 88 -1 -2
33 38 62 -1 22 23 34 99 -1 49 84 -1 -2
58 66 78 99 -1 1 -1 3 35 43 65 -1 -2
4 13 63 82 -1 17 34 56 59 -1 10 -1 -2
52 84 85 90 -1 78 -1 53 -1 -2
63 81 83 -1 47 50 -1 72 -1 -2
3 86 -1 72 86 92 97 -1 45 -1 -2
18 58 97 -1 72 -1 16 69 80 86 -1 -2
52 -1 10 18 36 76 -1 1 82 -1 -2
35 67 95 97 -1 19 64 82 93 -1 37 64 71 -1 -2
10 46 -1 3 60 90 96 -1 6 75 84 -1 -2
53 59 -1 63 89 -1 46 62 69 -1 -2
47 94 96 -1 98 -1 26 28 52 71 -1 -2
57 83 -1 1 17 -1 15 29 55 57 -1 -2
54 82 85 -1 38 41 54 55 -1 32 -1 -2
21 73 -1 5 10 28 69 -1 19 37 -1 -2
12 55 60 84 -1 33 43 64 77 -1 34 51 65 76 -1 -2
11 61 99 -1 17 88 -1 43 44 45 -1 -2
37 65 83 -1 65 -1 41 72 74 -1 -2
70 -1 31 37 56 80 -1 57 -1 -2
5 40 59 -1 39 60 85 94 -1 62 -1 -2
23 43 46 64 -1 71 -1 61 -1 -2
14 91 -1 11 25 -1 78 -1 -2
32 59 -1 18 68 -1 42 64 72 100 -1 -2
85 -1 59 67 71 -1 29 47 60 -1 -2
21 69 76 85 -1 17 56 -1 33 75 -1 -2
16 47 89 -1 8 28 93 -1 5 31 51 -1 -2
50 67 91 -1 30 78 97 -1 14 79 81 -1 -2
13 55 73 87 -1 86 -1 5 30 40 90 -1 -2
67 91 -1 2 83 95 -1 5 63 64 -1 -2
37 -1 11 91 -1 12 73 -1 -2
91 -1 14 54 67 -1 27 -1 -2
20 43 76 89 -1 86 -1 60 89 -1 -2
3 5 47 63 -1 4 19 -1 28 39 60 76 -1 -2
23 41 59 62 -1 39 65 89 -1 1 -1 -2
15 63 88 -1 10 30 33 68 -1 38 63 65 91 -1 -2
31 32 68 -1 12 46 49 71 -1 4 38 68 -1 -2
13 38 62 99 -1 2 99 -1 4 10 -1 -2
31 98 -1 22 77 97 -1 49 78 79 -1 -2
15 57 100 -1 3 18 58 -1 39 68 74 82 -1 -2
3 49 86 96 -1 29 63 86 95 -1 19 -1 -2
13 26 33 72 -1 17 78 -1 77 -1 -2
93 -1 1 23 25 -1 34 43 100 -1 -2
7 92 -1 11 13 63 -1 58 77 -1 -2
11 12 65 -1 22 37 60 -1 23 52 63 -1 -2
78 -1 15 43 53 -1 19 45 76 92 -1 -2
41 51 76 94 -1 87 -1 6 13 47 -1 -2
3 49 89 -1 13 62 -1 1 29 32 100 -1 -2
88 -1 63 79 -1 73 -1 -2
51 54 61 70 -1 34 67 85 -1 32 53 -1 -2
6 25 70 -1 10 13 -1 28 34 -1 -2
40 53 79 -1 21 38 40 74 -1 34 -1 -2
1 12 65 83 -1 32 62 66 71 -1 3 18 76 -1 -2
28 66 -1 88 -1 26 37 65 -1 -2
79 -1 91 -1 13 -1 -2
71 79 -1 5 71 73 -1 42 -1 -2
46 94 -1 57 -1 14 73 -1 -2
10 11 35 44 -1 30 33 77 85 -1 43 49 68 -1 -2
68 -1 1 87 100 -1 30 73 -1 -2
16 44 46 -1 4 48 64 -1 33 -1 -2
23 24 31 53 -1 4 -1 8 34 65 -1 -2
50 82 -1 12 14 60 74 -1 34 81 99 -1 -2
44 48 -1 42 73 97 -1 20 -1 -2
56 -1 68 -1 60 -1 -2
74 80 -1 9 68 69 -1 13 44 81 -1 -2
20 29 -1 20 57 68 74 -1 31 52 53 57 -1 -2
52 58 92 -1 19 69 -1 21 42 76 -1 -2
20 37 49 84 -1 86 -1 1 4 9 74 -1 -2
12 57 -1 17 96 -1 12 29 39 -1 -2
44 -1 52 55 76 -1 72 76 -1 -2
23 40 44 54 -1 9 72 73 96 -1 18 89 90 -1 -2
41 99 -1 54 91 93 -1 17 61 -1 -2
7 -1 70 -1 54 -1 -2
44 -1 47 51 78 -1 89 -1 -2
48 49 69 80 -1 19 -1 81 -1 -2
10 45 48 94 -1 72 81 83 -1 16 31 46 68 -1 -2
83 86 -1 1 7 -1 21 43 94 -1 -2
18 82 92 -1 14 35 55 -1 89 -1 -2
66 -1 7 -1 44 73 94 -1 -2
3 13 93 -1 55 93 -1 27 93 -1 -2
64 77 79 -1 19 49 96 -1 10 15 35 62 -1 -2
55 59 72 -1 19 -1 39 49 50 65 -1 -2
19 48 49 69 -1 23 36 -1 20 78 93 -1 -2
1 74 98 -1 17 23 63 89 -1 23 52 64 -1 -2
39 88 -1 66 -1 19 36 66 98 -1 -2
23 27 64 -1 70 -1 3 11 63 65 -1 -2
48 96 -1 35 58 67 76 -1 15 68 -1 -2
61 63 65 -1 4 34 50 -1 29 43 69 71 -1 -2
48 59 73 -1 63 -1 42 49 73 95 -1 -2
64 85 -1 94 -1 71 -1 -2
17 88 92 -1 15 38 72 -1 70 -1 -2
8 37 -1 32 42 92 -1 32 100 -1 -2
31 -1 1 -1 77 -1 -2
69 -1 18 21 39 51 -1 58 70 72 -1 -2
97 -1 1 50 -1 76 99 -1 -2
41 58 -1 5 19 85 89 -1 39 74 -1 -2
21 76 82 96 -1 92 -1 26 69 95 -1 -2
2 -1 9 21 -1 1 35 47 -1 -2
54 58 -1 2 15 31 33 -1 43 52 -1 -2
7 -1 22 42 -1 52 -1 -2
17 28 86 -1 22 44 69 -1 16 -1 -2
26 64 86 97 -1 12 23 55 -1 13 32 42 55 -1 -2
4 50 52 94 -1 73 97 -1 12 48 72 -1 -2
50 59 70 90 -1 89 94 -1 11 31 53 97 -1 -2
3 67 -1 43 47 62 -1 11 16 -1 -2
34 35 40 81 -1 14 19 69 82 -1 89 -1 -2
34 -1 44 80 -1 4 36 77 90 -1 -2
11 40 98 -1 93 -1 49 60 84 -1 -2
67 -1 96 -1 69 83 88 92 -1 -2
71 83 100 -1 99 -1 97 -1 -2
87 94 -1 30 40 82 -1 67 -1 -2
79 88 -1 5 48 62 74 -1 5 71 77 90 -1 -2
34 44 45 -1 6 40 45 64 -1 42 79 94 -1 -2
31 63 67 -1 80 -1 21 30 76 -1 -2
14 37 -1 9 61 89 94 -1 38 -1 -2
47 -1 21 -1 35 36 94 -1 -2
28 58 68 87 -1 74 91 96 -1 3 -1 -2
3 -1 19 33 64 86 -1 4 36 41 58 -1 -2
26 29 40 48 -1 28 91 -1 99 -1 -2
26 -1 54 56 69 72 -1 84 -1 -2
11 67 84 93 -1 64 74 -1 72 -1 -2
63 84 -1 44 49 80 90 -1 7 32 76 -1 -2
15 21 73 84 -1 6 16 61 83 -1 14 39 49 -1 -2
13 21 28 56 -1 85 88 94 -1 97 -1 -2
73 -1 29 30 82 97 -1 73 -1 -2
65 -1 34 56 60 100 -1 19 48 75 -1 -2
55 89 -1 19 -1 19 94 -1 -2
7 -1 62 89 -1 42 68 -1 -2
3 8 35 92 -1 48 51 55 87 -1 73 82 -1 -2
12 91 -1 9 23 92 95 -1 1 3 15 66 -1 -2
7 63 -1 1 10 53 -1 10 62 63 79 -1 -2
23 47 57 88 -1 49 57 -1 6 28 78 -1 -2
85 -1 65 77 -1 39 53 71 80 -1 -2
31 38 -1 63 -1 62 -1 -2
78 -1 43 83 85 97 -1 9 40 -1 -2
22 35 53 76 -1 2 13 27 -1 16 -1 -2
34 54 -1 15 -1 59 85 -1 -2
23 24 -1 4 37 78 -1 3 49 58 60 -1 -2
33 42 56 -1 56 73 92 -1 3 34 77 84 -1 -2
29 87 -1 30 53 91 -1 23 33 -1 -2
23 33 86 -1 2 46 75 94 -1 30 98 -1 -2
18 69 70 -1 14 45 53 -1 7 62 -1 -2
34 52 56 -1 47 49 64 77 -1 7 32 47 -1 -2
2 43 -1 57 79 91 100 -1 8 37 89 -1 -2
26 68 100 -1 56 -1 48 -1 -2
53 60 96 -1 40 92 100 -1 40 76 79 95 -1 -2
74 84 -1 100 -1 69 89 -1 -2
2 14 74 86 -1 24 27 29 85 -1 15 32 84 -1 -2
76 -1 1 26 50 -1 7 65 75 -1 -2
16 39 86 98 -1 70 -1 12 34 77 -1 -2
26 46 -1 38 -1 91 -1 -2
23 63 71 -1 28 38 60 -1 80 -1 -2
86 -1 5 6 36 46 -1 94 97 -1 -2
85 89 -1 50 55 -1 1 7 87 -1 -2
3 25 61 -1 14 44 -1 27 35 -1 -2
9 33 59 -1 30 -1 16 23 36 79 -1 -2
14 88 -1 6 60 -1 51 88 -1 -2
51 57 60 67 -1 25 36 -1 48 49 -1 -2
60 62 96 -1 93 -1 41 61 88 91 -1 -2
7 38 66 -1 1 46 76 91 -1 2 18 -1 -2
10 -1 23 63 83 -1 7 41 92 -1 -2
19 24 28 100 -1 12 29 81 84 -1 90 -1 -2
3 20 93 -1 17 -1 18 44 77 -1 -2
7 48 100 -1 41 89 -1 11 43 84 91 -1 -2
2 40 57 -1 51 88 -1 17 50 -1 -2
13 92 -1 17 20 37 94 -1 43 -1 -2
21 44 -1 23 60 82 97 -1 2 42 77 -1 -2
6 -1 59 -1 37 52 -1 -2
14 37 69 86 -1 27 51 69 -1 16 20 -1 -2
88 -1 33 -1 3 29 -1 -2
26 33 79 -1 2 30 -1 33 73 80 94 -1 -2
99 -1 17 38 72 85 -1 55 70 81 -1 -2
36 41 89 -1 43 -1 11 29 90 96 -1 -2
21 56 82 -1 4 100 -1 21 86 -1 -2
38 -1 58 78 91 100 -1 16 24 32 94 -1 -2
24 -1 1 8 85 86 -1 4 8 31 85 -1 -2
26 28 82 98 -1 99 -1 18 -1 -2
68 92 -1 26 -1 66 -1 -2
37 48 49 58 -1 58 74 84 -1 8 50 76 -1 -2
58 -1 57 -1 27 -1 -2
39 66 -1 6 30 62 -1 84 -1 -2
14 25 75 -1 9 10 55 -1 33 93 -1 -2
19 70 -1 19 66 -1 67 99 -1 -2
4 76 81 82 -1 50 -1 38 69 -1 -2
75 77 78 -1 6 33 56 80 -1 15 16 81 92 -1 -2
78 -1 52 62 -1 31 63 -1 -2
7 24 49 53 -1 38 -1 8 39 92 -1 -2
73 -1 6 16 41 -1 32 39 69 85 -1 -2
91 -1 5 8 11 -1 79 96 -1 -2
67 -1 35 37 65 84 -1 33 -1 -2
14 20 54 68 -1 16 -1 64 88 -1 -2
13 40 -1 38 55 61 -1 29 39 76 80 -1 -2
35 -1 20 66 69 88 -1 5 74 80 96 -1 -2
49 -1 22 95 -1 31 48 95 -1 -2
12 24 34 46 -1 26 71 -1 22 45 60 87 -1 -2
12 24 93 -1 37 49 87 96 -1 30 31 34 91 -1 -2
1 2 11 86 -1 62 68 -1 69 -1 -2
19 -1 20 31 37 -1 33 50 86 -1 -2
82 85 -1 6 -1 21 55 83 -1 -2
15 86 -1 34 -1 82 93 -1 -2
8 62 -1 40 -1 30 64 -1 -2
30 99 -1 13 -1 19 60 88 99 -1 -2
15 18 43 69 -1 29 94 -1 37 -1 -2
28 -1 7 34 81 -1 17 53 60 87 -1 -2
30 80 -1 15 80 -1 41 -1 -2
43 61 -1 25 49 63 -1 19 96 -1 -2
62 85 -1 11 40 55 -1 55 91 92 -1 -2
43 54 96 -1 65 91 92 -1 35 -1 -2
5 13 60 -1 15 31 65 -1 11 85 89 -1 -2
23 44 56 67 -1 11 15 48 63 -1 5 82 90 96 -1 -2
40 60 73 86 -1 8 15 83 89 -1 20 62 93 -1 -2
39 69 71 78 -1 54 -1 15 68 -1 -2
72 92 -1 57 -1 37 44 66 -1 -2
46 -1 12 53 54 95 -1 99 -1 -2
6 47 74 84 -1 37 -1 28 53 75 -1 -2
35 80 81 -1 29 51 98 -1 23 35 41 96 -1 -2
45 55 62 -1 61 -1 40 -1 -2
6 37 58 68 -1 7 36 -1 13 17 40 -1 -2
25 57 -1 7 63 66 -1 8 52 58 81 -1 -2
14 32 49 65 -1 45 65 67 -1 6 9 14 39 -1 -2
11 37 47 -1 1 83 -1 17 22 23 72 -1 -2
19 27 -1 8 34 60 67 -1 55 68 91 -1 -2
11 45 67 75 -1 24 36 81 95 -1 33 41 72 74 -1 -2
50 92 99 -1 9 77 87 100 -1 48 55 -1 -2
56 59 66 68 -1 29 48 80 -1 40 41 60 80 -1 -2
22 80 88 96 -1 73 98 100 -1 14 34 53 75 -1 -2
73 -1 27 63 65 -1 60 -1 -2
22 46 62 98 -1 8 23 53 -1 41 46 -1 -2
31 66 69 81 -1 13 94 -1 29 63 85 99 -1 -2
27 48 53 92 -1 12 33 92 -1 20 69 85 -1 -2
4 44 61 -1 18 -1 44 77 86 99 -1 -2
79 -1 1 15 34 -1 94 -1 -2
21 26 43 -1 35 38 63 84 -1 37 64 96 -1 -2
35 38 62 96 -1 70 -1 88 -1 -2
47 61 82 -1 50 82 98 -1 2 70 90 -1 -2
4 -1 91 -1 2 23 97 -1 -2
74 -1 4 7 88 -1 8 17 32 35 -1 -2
3 72 -1 55 82 -1 6 27 65 -1 -2
38 96 -1 3 79 99 100 -1 13 40 60 -1 -2
11 49 61 -1 9 33 81 94 -1 45 60 66 -1 -2
61 69 80 -1 53 -1 34 64 71 75 -1 -2
5 -1 11 23 96 -1 36 42 46 -1 -2
88 -1 55 81 90 98 -1 23 91 100 -1 -2
24 69 77 -1 9 61 79 90 -1 12 -1 -2
6 44 55 -1 49 -1 61 65 71 89 -1 -2
72 83 97 -1 4 63 71 -1 11 32 78 -1 -2
46 49 52 -1 93 -1 8 38 51 72 -1 -2
3 41 53 97 -1 29 60 93 -1 84 -1 -2
95 -1 15 23 -1 7 26 79 94 -1 -2
19 29 80 -1 6 22 -1 17 68 75 -1 -2
1 32 44 59 -1 3 91 -1 62 -1 -2
21 59 -1 27 44 51 76 -1 15 30 52 -1 -2
67 79 -1 38 63 -1 12 23 -1 -2
41 -1 6 14 -1 27 47 80 100 -1 -2
12 18 33 61 -1 7 34 -1 49 55 95 -1 -2
31 70 93 -1 9 66 -1 62 90 99 100 -1 -2
13 -1 12 76 -1 14 91 -1 -2
10 40 -1 91 -1 4 -1 -2
41 81 83 -1 11 -1 27 56 -1 -2
42 70 98 -1 21 43 -1 3 -1 -2
59 65 88 -1 40 62 97 -1 9 49 74 -1 -2
1 51 59 -1 2 16 42 94 -1 74 -1 -2
21 34 36 -1 98 -1 13 30 34 81 -1 -2
36 46 63 94 -1 28 -1 29 47 -1 -2
39 -1 84 -1 12 94 -1 -2
44 63 -1 57 -1 5 8 49 63 -1 -2
13 23 -1 7 35 48 77 -1 47 69 90 -1 -2
27 28 56 100 -1 31 49 77 -1 23 -1 -2
26 -1 10 47 48 75 -1 16 36 88 -1 -2
13 19 97 -1 71 80 -1 66 86 -1 -2
13 42 53 97 -1 59 77 78 -1 60 -1 -2
17 60 -1 10 85 86 -1 12 94 -1 -2
19 43 -1 56 -1 6 10 25 -1 -2
67 84 98 -1 51 54 65 -1 34 46 83 92 -1 -2
41 62 70 -1 52 53 -1 28 89 -1 -2
20 -1 8 20 60 -1 63 96 -1 -2
42 46 59 94 -1 49 -1 42 53 63 -1 -2
35 47 -1 28 66 86 -1 45 78 -1 -2
24 -1 2 20 49 62 -1 25 80 -1 -2
41 88 91 98 -1 72 88 -1 17 22 53 54 -1 -2
38 60 67 -1 36 45 62 -1 69 81 -1 -2
30 61 -1 4 16 81 83 -1 7 56 -1 -2
53 75 80 -1 21 45 56 84 -1 59 73 78 85 -1 -2
19 28 95 -1 5 37 49 80 -1 18 20 29 94 -1 -2
46 62 85 -1 61 -1 20 27 -1 -2
7 26 58 -1 1 57 73 98 -1 62 -1 -2
7 46 62 66 -1 14 23 78 90 -1 63 -1 -2
14 -1 88 -1 52 80 -1 -2
13 17 18 -1 89 -1 100 -1 -2
90 96 -1 3 32 34 48 -1 50 62 76 82 -1 -2
3 21 39 57 -1 89 -1 4 46 86 -1 -2
26 41 46 77 -1 33 -1 23 -1 -2
65 -1 10 13 40 90 -1 33 84 87 -1 -2
2 99 -1 32 51 56 90 -1 46 81 96 -1 -2
1 48 88 94 -1 63 93 -1 12 39 -1 -2
6 39 47 -1 27 55 71 -1 41 46 88 100 -1 -2
5 61 97 -1 31 96 -1 54 93 -1 -2
30 -1 35 40 62 68 -1 23 49 62 90 -1 -2
3 32 33 -1 43 -1 36 -1 -2
26 99 -1 23 44 67 85 -1 18 55 -1 -2
5 30 82 90 -1 11 34 80 -1 47 61 -1 -2
38 87 -1 7 20 34 58 -1 1 19 67 75 -1 -2
6 9 39 -1 77 78 -1 10 58 65 83 -1 -2
6 19 28 52 -1 50 72 85 87 -1 32 70 -1 -2
42 72 82 98 -1 1 37 -1 38 70 71 -1 -2
1 45 56 93 -1 63 -1 33 53 85 -1 -2
19 -1 34 38 -1 11 71 93 -1 -2
34 -1 35 76 -1 57 -1 -2
27 55 77 78 -1 41 44 79 89 -1 61 69 -1 -2
23 32 -1 68 -1 16 81 -1 -2
17 96 -1 4 18 69 -1 8 30 55 61 -1 -2
46 75 91 -1 64 68 -1 8 28 57 59 -1 -2
59 -1 97 -1 16 94 -1 -2
53 -1 3 5 79 94 -1 3 63 69 -1 -2
70 84 90 96 -1 3 33 37 -1 16 22 32 -1 -2
41 85 94 97 -1 11 65 -1 60 68 72 -1 -2
18 23 84 -1 38 45 76 82 -1 96 -1 -2
17 -1 28 93 -1 11 94 99 -1 -2
17 80 -1 13 51 -1 81 -1 -2
11 78 95 -1 48 -1 38 56 64 99 -1 -2
45 97 -1 86 -1 62 69 -1 -2
39 40 80 88 -1 2 61 -1 31 -1 -2
2 32 -1 38 45 48 62 -1 21 54 60 -1 -2
2 -1 39 -1 17 47 51 68 -1 -2
46 -1 71 -1 19 26 35 -1 -2
42 -1 21 77 81 -1 39 43 45 85 -1 -2
32 91 -1 2 57 -1 16 49 51 -1 -2
4 21 34 63 -1 18 93 -1 80 -1 -2
23 -1 24 55 58 91 -1 75 -1 -2
53 91 -1 46 49 71 -1 4 66 -1 -2
44 83 -1 7 55 82 -1 9 -1 -2
23 64 65 -1 36 -1 1 7 34 79 -1 -2
68 -1 49 -1 40 -1 -2
16 -1 28 -1 42 81 87 93 -1 -2
17 43 70 -1 15 39 43 -1 11 65 86 94 -1 -2
5 65 -1 24 -1 18 30 49 59 -1 -2
46 -1 39 42 76 95 -1 24 50 77 -1 -2
30 50 95 -1 10 44 57 58 -1 72 81 86 -1 -2
100 -1 45 68 -1 29 54 60 -1 -2
40 56 -1 28 74 -1 78 92 -1 -2
12 -1 34 41 -1 6 12 27 -1 -2
35 41 82 -1 38 40 86 99 -1 13 19 -1 -2
24 51 -1 29 68 -1 66 -1 -2
53 -1 18 24 32 52 -1 13 15 49 91 -1 -2
22 45 98 -1 19 98 -1 5 39 91 -1 -2
20 29 85 89 -1 41 61 82 -1 5 8 9 -1 -2
59 -1 22 -1 19 -1 -2
42 -1 33 35 85 -1 21 35 -1 -2
23 56 75 81 -1 60 87 92 -1 53 63 96 -1 -2
36 77 86 -1 66 -1 53 67 -1 -2
97 -1 3 18 26 94 -1 25 48 84 -1 -2
21 73 75 -1 1 8 16 84 -1 25 41 60 97 -1 -2
5 36 83 91 -1 31 48 85 95 -1 31 -1 -2
8 19 36 -1 7 19 59 63 -1 58 -1 -2
19 -1 15 78 93 -1 15 -1 -2
26 44 80 -1 37 -1 11 17 24 -1 -2
16 55 -1 14 20 69 -1 24 73 -1 -2
49 52 94 95 -1 10 -1 33 73 92 -1 -2
31 97 -1 39 -1 53 78 -1 -2
23 47 91 -1 100 -1 7 44 91 -1 -2
58 84 96 -1 5 47 -1 30 66 -1 -2
5 85 -1 16 45 51 59 -1 24 50 -1 -2
11 21 26 -1 70 81 -1 19 67 76 -1 -2
39 -1 11 63 84 -1 22 37 41 -1 -2
1 18 -1 34 42 50 79 -1 45 -1 -2
19 -1 7 55 70 84 -1 44 71 84 -1 -2
58 -1 46 69 -1 94 -1 -2
31 45 66 -1 37 40 -1 63 65 75 -1 -2
9 15 68 81 -1 26 67 -1 44 47 94 -1 -2
5 30 93 -1 20 42 71 -1 59 75 78 -1 -2
48 81 95 -1 15 30 97 -1 80 81 -1 -2
22 25 42 57 -1 65 67 -1 54 76 93 -1 -2
36 -1 49 53 -1 11 72 81 93 -1 -2
33 -1 24 -1 1 92 -1 -2
100 -1 1 5 -1 83 96 97 -1 -2
21 86 95 -1 22 35 97 -1 10 29 50 81 -1 -2
35 37 48 -1 31 50 -1 5 39 58 72 -1 -2
24 91 -1 10 39 84 -1 48 64 75 100 -1 -2
16 -1 99 -1 87 -1 -2
96 -1 19 58 -1 78 -1 -2
64 80 96 -1 9 31 42 100 -1 25 29 35 93 -1 -2
37 84 -1 41 59 -1 56 57 -1 -2
50 95 98 -1 22 44 93 -1 16 88 91 -1 -2
19 28 37 64 -1 12 36 73 97 -1 51 54 80 87 -1 -2
17 20 37 56 -1 5 11 37 83 -1 88 -1 -2
24 69 -1 53 68 77 80 -1 44 -1 -2
38 72 73 83 -1 30 31 -1 4 48 -1 -2
16 39 62 -1 3 60 69 75 -1 68 86 -1 -2
65 -1 43 64 82 -1 71 82 90 -1 -2
39 95 -1 58 96 -1 45 -1 -2
26 87 -1 49 -1 38 53 66 -1 -2
58 -1 85 -1 24 63 71 -1 -2
82 -1 8 48 -1 3 30 50 91 -1 -2
2 72 -1 24 49 53 89 -1 31 36 56 98 -1 -2
17 55 71 -1 17 60 -1 6 10 44 68 -1 -2
27 56 96 -1 4 11 82 86 -1 55 61 -1 -2
3 59 68 -1 16 89 -1 58 94 -1 -2
20 67 -1 6 37 44 62 -1 7 32 50 70 -1 -2
9 62 78 -1 31 49 54 89 -1 39 43 76 93 -1 -2
13 -1 15 35 67 80 -1 19 31 92 -1 -2
48 66 90 -1 9 46 52 70 -1 15 23 90 -1 -2
14 38 74 -1 56 -1 31 -1 -2
37 -1 24 27 -1 10 52 87 -1 -2
36 48 63 93 -1 25 50 -1 67 90 -1 -2
59 65 -1 26 95 96 -1 10 51 80 -1 -2
5 -1 10 16 96 -1 8 30 -1 -2
5 65 -1 5 48 58 -1 23 29 -1 -2
34 95 99 -1 63 93 -1 23 47 66 -1 -2
31 45 85 95 -1 27 -1 29 -1 -2
23 25 49 56 -1 36 38 51 53 -1 12 17 -1 -2
3 27 60 84 -1 7 38 76 -1 10 18 30 95 -1 -2
8 16 22 27 -1 44 60 98 -1 3 37 50 95 -1 -2
5 17 40 -1 65 -1 38 62 -1 -2
2 46 62 68 -1 65 71 -1 8 10 72 -1 -2
20 76 78 -1 25 39 -1 20 71 94 -1 -2
86 90 96 99 -1 59 -1 73 99 -1 -2
25 31 -1 4 17 29 78 -1 35 50 65 91 -1 -2
31 59 -1 20 62 93 -1 49 -1 -2
5 13 53 62 -1 7 90 -1 3 14 43 -1 -2
11 91 93 -1 76 -1 24 25 80 88 -1 -2
79 -1 22 52 91 -1 4 54 -1 -2
27 -1 17 -1 18 43 91 -1 -2
3 -1 76 -1 78 97 -1 -2
22 -1 4 -1 52 58 86 -1 -2
45 80 -1 39 -1 49 60 62 73 -1 -2
7 73 87 96 -1 1 84 -1 8 48 51 83 -1 -2
65 74 81 -1 21 74 98 -1 3 18 24 26 -1 -2
85 87 -1 11 52 69 95 -1 66 74 79 93 -1 -2
25 94 -1 32 63 -1 2 9 53 86 -1 -2
27 55 -1 53 -1 48 55 77 79 -1 -2
4 32 -1 22 57 84 -1 15 33 39 70 -1 -2
9 19 48 64 -1 61 -1 2 -1 -2
58 65 74 -1 6 9 44 68 -1 86 90 94 -1 -2
4 -1 6 18 -1 28 -1 -2
62 67 76 -1 58 -1 30 -1 -2
29 36 77 -1 26 56 69 75 -1 29 -1 -2
3 -1 34 -1 31 83 84 88 -1 -2
30 53 66 -1 35 -1 54 -1 -2
65 78 89 -1 4 20 71 -1 2 -1 -2
35 77 -1 93 -1 18 85 -1 -2
38 44 -1 55 90 -1 80 -1 -2
33 -1 15 54 -1 15 -1 -2
6 16 34 -1 22 59 71 92 -1 7 22 56 74 -1 -2
70 -1 43 56 87 -1 17 84 -1 -2
37 39 67 98 -1 10 96 -1 24 55 -1 -2
21 33 78 89 -1 5 22 68 -1 44 51 52 75 -1 -2
37 53 66 95 -1 27 -1 3 32 -1 -2
30 -1 13 47 87 -1 9 -1 -2
16 20 29 49 -1 28 57 -1 15 17 21 -1 -2
65 -1 11 30 57 94 -1 45 46 51 -1 -2
31 38 -1 30 45 -1 38 63 91 -1 -2
61 65 76 85 -1 28 37 47 76 -1 23 34 84 -1 -2
3 26 62 89 -1 35 53 62 83 -1 43 56 90 99 -1 -2
61 -1 37 78 86 -1 30 70 76 -1 -2
52 -1 33 -1 8 29 45 -1 -2
9 80 96 97 -1 23 47 71 -1 25 37 83 -1 -2
9 -1 10 72 -1 9 21 45 -1 -2
88 -1 61 86 95 -1 1 65 93 -1 -2
22 -1 35 49 58 71 -1 18 34 -1 -2
5 -1 24 26 89 99 -1 50 -1 -2
32 35 44 62 -1 36 46 78 85 -1 84 -1 -2
17 54 -1 1 22 23 71 -1 44 69 93 -1 -2
23 41 86 96 -1 86 -1 13 -1 -2
8 27 37 -1 8 24 91 -1 53 84 98 -1 -2
27 81 -1 15 26 100 -1 3 12 17 -1 -2
5 39 46 90 -1 13 27 38 99 -1 4 64 66 -1 -2
8 27 38 52 -1 40 -1 37 67 74 -1 -2
38 91 -1 13 32 99 -1 26 40 62 -1 -2
3 38 57 73 -1 53 61 85 92 -1 30 46 71 93 -1 -2
27 30 48 68 -1 22 49 93 94 -1 7 -1 -2
38 76 -1 44 54 67 -1 28 46 88 -1 -2
16 41 -1 13 29 36 67 -1 4 22 29 80 -1 -2
59 72 -1 5 20 44 56 -1 18 -1 -2
13 24 35 96 -1 23 33 47 68 -1 15 40 72 -1 -2
11 37 47 -1 8 99 -1 18 45 71 -1 -2
4 22 34 39 -1 15 16 93 -1 8 -1 -2
1 52 88 -1 50 65 92 -1 10 45 -1 -2
56 62 -1 52 -1 4 61 -1 -2
92 -1 30 92 -1 63 -1 -2
84 -1 40 42 52 86 -1 17 60 70 -1 -2
100 -1 23 55 -1 63 -1 -2
5 20 43 -1 79 -1 62 -1 -2
47 54 61 -1 13 99 -1 27 30 33 45 -1 -2
52 -1 26 63 -1 22 -1 -2
2 21 -1 35 -1 5 19 62 86 -1 -2
69 71 -1 30 51 96 -1 56 76 99 -1 -2
20 -1 32 -1 18 20 -1 -2
32 34 68 98 -1 3 35 55 -1 5 20 34 47 -1 -2
59 -1 56 57 -1 79 -1 -2
14 81 -1 1 32 51 61 -1 1 22 96 -1 -2
8 92 -1 3 57 -1 6 27 -1 -2
65 79 84 -1 8 43 45 -1 3 33 64 -1 -2
6 44 97 -1 37 43 -1 93 -1 -2
82 -1 2 41 75 -1 1 41 -1 -2
7 14 81 -1 12 20 -1 39 76 88 99 -1 -2
24 35 69 76 -1 36 45 82 96 -1 12 68 96 -1 -2
13 30 47 81 -1 44 72 76 99 -1 11 25 70 -1 -2
11 55 92 -1 16 54 75 -1 57 -1 -2
42 83 -1 73 90 95 -1 11 80 98 -1 -2
9 37 53 -1 10 80 -1 65 93 -1 -2
23 -1 68 -1 42 67 74 80 -1 -2
31 38 -1 70 -1 2 53 67 85 -1 -2
47 -1 36 63 -1 83 -1 -2
83 -1 45 59 69 94 -1 16 33 92 -1 -2
18 -1 35 -1 20 38 93 -1 -2
6 9 61 64 -1 65 -1 62 -1 -2
12 22 59 -1 63 -1 33 38 54 -1 -2
17 26 99 -1 8 -1 44 -1 -2
26 36 62 96 -1 55 64 97 -1 33 59 73 75 -1 -2
65 70 93 -1 10 47 65 74 -1 61 63 -1 -2
43 83 -1 23 36 -1 22 52 61 68 -1 -2
28 88 -1 20 72 -1 16 18 88 -1 -2
26 -1 14 21 58 84 -1 31 98 -1 -2
26 84 97 99 -1 26 45 95 -1 80 -1 -2
17 31 88 -1 36 41 42 -1 5 66 -1 -2
61 -1 18 -1 46 -1 -2
38 41 84 96 -1 55 76 -1 8 -1 -2
5 46 68 86 -1 3 43 52 -1 18 -1 -2
1 27 91 -1 2 32 38 -1 20 22 24 41 -1 -2
83 84 -1 14 39 58 -1 2 12 50 91 -1 -2
7 25 36 55 -1 74 90 -1 5 28 61 -1 -2
15 52 91 -1 5 30 -1 23 73 -1 -2
13 36 38 63 -1 6 63 66 -1 41 55 63 64 -1 -2
56 87 -1 41 98 100 -1 20 33 -1 -2
15 -1 13 31 56 63 -1 72 96 -1 -2
33 39 85 -1 53 94 -1 12 45 55 80 -1 -2
55 65 96 -1 32 -1 44 55 64 73 -1 -2
63 -1 15 -1 21 69 -1 -2
10 70 72 -1 82 94 -1 59 81 -1 -2
4 58 84 93 -1 69 -1 25 -1 -2
31 70 -1 7 92 -1 1 20 94 98 -1 -2
6 46 -1 9 55 58 65 -1 6 7 42 83 -1 -2
19 96 -1 65 95 -1 49 61 68 87 -1 -2
39 -1 4 16 53 58 -1 11 -1 -2
29 59 -1 1 15 -1 10 50 59 -1 -2
48 49 -1 73 79 -1 28 67 81 98 -1 -2
32 62 67 -1 3 60 92 -1 11 36 68 -1 -2
2 52 -1 12 34 93 -1 44 46 56 -1 -2
1 11 87 100 -1 7 39 -1 14 23 -1 -2
21 25 56 -1 29 -1 23 48 -1 -2
24 53 72 -1 5 6 16 89 -1 54 61 -1 -2
58 -1 3 30 41 45 -1 3 35 81 92 -1 -2
95 100 -1 20 59 -1 13 28 48 -1 -2
23 89 -1 54 -1 17 33 61 91 -1 -2
3 27 -1 2 51 53 84 -1 8 14 90 -1 -2
26 53 -1 57 -1 21 86 91 -1 -2
10 44 85 94 -1 91 95 -1 19 41 73 -1 -2
65 83 -1 15 21 78 83 -1 1 14 55 -1 -2
13 23 46 -1 59 64 70 98 -1 7 78 -1 -2
41 50 74 -1 47 68 77 -1 17 45 95 98 -1 -2
66 74 96 99 -1 38 65 85 -1 2 47 62 98 -1 -2
21 26 34 41 -1 3 33 96 -1 55 58 81 96 -1 -2
16 84 -1 35 -1 6 12 37 38 -1 -2
24 44 51 -1 52 72 -1 22 75 82 93 -1 -2
6 17 90 -1 10 19 77 -1 2 30 51 67 -1 -2
8 41 -1 26 34 72 79 -1 44 -1 -2
72 94 -1 21 57 60 79 -1 6 42 -1 -2
15 83 -1 16 50 70 -1 26 55 99 -1 -2
41 51 99 -1 16 59 61 -1 14 -1 -2
66 74 75 -1 42 93 -1 39 -1 -2
8 25 54 -1 8 58 63 73 -1 51 65 -1 -2
6 19 25 -1 14 16 40 42 -1 47 54 -1 -2
19 60 -1 99 -1 91 94 96 -1 -2
22 23 81 -1 31 -1 38 -1 -2
2 -1 21 64 -1 3 66 94 100 -1 -2
25 55 94 -1 45 48 98 -1 12 70 96 -1 -2
41 -1 62 -1 35 96 -1 -2
21 45 73 96 -1 23 27 -1 12 39 100 -1 -2
23 37 50 -1 1 27 61 -1 13 -1 -2
6 93 -1 9 67 -1 25 -1 -2
64 91 -1 4 55 66 -1 51 -1 -2
78 -1 8 -1 13 89 -1 -2
61 -1 49 -1 49 67 89 -1 -2
5 70 80 -1 58 67 81 89 -1 1 42 82 -1 -2
7 20 40 74 -1 54 76 -1 6 16 26 28 -1 -2
48 90 94 -1 18 -1 42 -1 -2
22 35 36 -1 31 70 76 -1 16 -1 -2
11 13 25 49 -1 28 66 -1 7 96 -1 -2
7 11 15 59 -1 2 18 99 -1 27 28 29 78 -1 -2
42 90 -1 25 -1 36 96 -1 -2
56 71 84 91 -1 3 13 83 85 -1 76 -1 -2
19 -1 29 34 55 78 -1 17 90 -1 -2
9 33 66 100 -1 50 -1 11 30 60 85 -1 -2
35 80 97 -1 52 -1 7 16 54 61 -1 -2
5 7 82 -1 11 48 93 100 -1 53 71 -1 -2
21 75 85 -1 19 35 46 51 -1 12 48 64 -1 -2
27 31 46 98 -1 15 25 81 -1 48 -1 -2
13 24 26 80 -1 22 38 50 62 -1 5 59 79 97 -1 -2
68 83 93 -1 41 64 82 -1 42 53 59 -1 -2
27 35 55 73 -1 19 92 -1 6 56 72 82 -1 -2
23 58 78 -1 5 10 -1 23 -1 -2
8 49 94 -1 34 55 76 93 -1 15 80 -1 -2
9 -1 40 62 -1 67 -1 -2
35 88 -1 33 34 38 86 -1 11 60 67 -1 -2
96 -1 76 95 -1 34 37 90 93 -1 -2
6 24 37 96 -1 90 -1 71 90 -1 -2
6 10 98 -1 2 16 21 71 -1 32 56 62 65 -1 -2
23 28 73 82 -1 20 29 49 83 -1 34 58 -1 -2
93 -1 13 51 74 94 -1 14 55 69 85 -1 -2
3 21 27 74 -1 29 49 65 -1 36 43 44 53 -1 -2
28 -1 4 34 35 100 -1 71 -1 -2
37 85 88 -1 5 13 34 78 -1 18 20 50 93 -1 -2
2 33 39 54 -1 16 41 -1 44 77 -1 -2
20 72 80 93 -1 66 81 85 90 -1 26 28 69 90 -1 -2
72 77 99 -1 45 66 -1 21 25 54 83 -1 -2
49 79 -1 34 83 -1 16 -1 -2
82 97 -1 6 32 76 90 -1 34 -1 -2
11 61 99 -1 18 61 79 -1 19 -1 -2
57 64 69 75 -1 24 34 85 91 -1 34 66 83 -1 -2
30 46 63 97 -1 51 -1 31 -1 -2
21 52 61 90 -1 22 27 28 -1 32 -1 -2
58 84 89 -1 4 22 -1 23 32 -1 -2
46 -1 20 25 26 36 -1 76 83 -1 -2
56 65 -1 50 -1 40 49 75 -1 -2
24 30 34 -1 11 -1 93 97 -1 -2
27 77 -1 32 66 80 83 -1 32 35 77 95 -1 -2
5 46 55 73 -1 51 -1 31 61 68 94 -1 -2
22 28 38 92 -1 20 43 46 80 -1 70 -1 -2
1 37 -1 6 67 74 82 -1 22 84 -1 -2
24 29 48 -1 52 -1 26 33 56 69 -1 -2
50 -1 19 20 -1 25 30 -1 -2
50 100 -1 57 73 92 -1 89 -1 -2
10 58 92 -1 56 65 96 -1 31 37 -1 -2
28 -1 9 82 90 -1 14 73 -1 -2
28 33 92 94 -1 22 55 73 82 -1 63 69 -1 -2
43 44 50 92 -1 5 26 41 100 -1 79 -1 -2
48 -1 68 -1 1 7 35 45 -1 -2
16 21 -1 89 -1 24 45 55 -1 -2
33 52 -1 45 91 93 95 -1 30 68 86 88 -1 -2
27 68 74 -1 6 16 57 87 -1 79 -1 -2
57 100 -1 6 49 -1 3 73 97 -1 -2
56 86 91 92 -1 30 63 84 -1 93 -1 -2
3 17 22 70 -1 61 88 -1 27 68 86 -1 -2
77 -1 86 -1 7 45 55 -1 -2
8 35 49 69 -1 14 21 35 53 -1 20 30 -1 -2
28 73 79 -1 65 -1 1 9 14 -1 -2
5 23 -1 3 -1 2 9 67 72 -1 -2
1 -1 26 -1 33 72 91 -1 -2
35 92 -1 2 95 -1 15 38 -1 -2
42 48 88 96 -1 22 29 44 77 -1 20 61 74 99 -1 -2
53 60 69 -1 32 52 -1 82 97 -1 -2
44 -1 84 -1 71 81 89 -1 -2
1 69 -1 10 42 66 -1 13 -1 -2
79 89 -1 84 -1 21 29 74 85 -1 -2
17 96 -1 36 55 73 96 -1 6 44 -1 -2
32 -1 35 69 -1 20 34 -1 -2
48 66 96 100 -1 20 80 -1 36 49 -1 -2
6 32 -1 61 -1 25 41 49 -1 -2
13 33 49 66 -1 8 74 97 -1 16 18 98 -1 -2
22 70 -1 48 -1 9 42 86 -1 -2
36 74 -1 5 19 39 53 -1 22 24 -1 -2
13 98 -1 32 40 -1 11 25 53 98 -1 -2
69 -1 8 49 94 -1 19 28 57 -1 -2
98 -1 54 59 -1 1 68 -1 -2
6 16 81 98 -1 35 -1 33 61 -1 -2
16 20 -1 86 93 99 -1 6 15 22 -1 -2
3 39 56 78 -1 42 68 88 -1 11 33 67 69 -1 -2
47 58 86 89 -1 41 49 50 62 -1 37 -1 -2
62 65 83 -1 40 56 65 87 -1 17 -1 -2
19 65 70 -1 7 20 85 95 -1 9 42 -1 -2
8 15 64 75 -1 18 27 62 77 -1 21 41 75 78 -1 -2
43 -1 28 48 70 -1 12 33 48 -1 -2
60 -1 1 3 16 31 -1 9 41 52 -1 -2
25 28 82 -1 18 44 47 76 -1 11 34 74 -1 -2
43 69 -1 63 -1 27 37 58 -1 -2
32 70 -1 3 22 35 73 -1 46 74 100 -1 -2
25 77 85 -1 30 85 -1 73 76 79 99 -1 -2
8 40 43 63 -1 2 55 90 -1 11 67 98 -1 -2
8 32 49 67 -1 10 41 44 -1 4 64 67 78 -1 -2
38 66 -1 59 -1 11 42 92 -1 -2
99 -1 27 45 -1 33 52 74 100 -1 -2
1 83 -1 22 66 92 -1 29 70 -1 -2
97 -1 54 -1 22 33 57 78 -1 -2
38 -1 5 19 34 -1 10 48 79 -1 -2
36 95 -1 33 78 -1 41 48 88 -1 -2
45 51 72 -1 36 54 97 -1 1 46 78 -1 -2
63 79 92 -1 20 65 -1 32 -1 -2
17 68 73 -1 54 -1 52 -1 -2
23 68 -1 31 72 -1 3 -1 -2
67 70 -1 1 2 38 63 -1 95 -1 -2
60 61 80 -1 11 47 75 -1 44 94 95 -1 -2
23 43 -1 50 -1 5 75 -1 -2
8 15 46 90 -1 20 71 -1 28 55 -1 -2
34 82 -1 36 49 -1 99 -1 -2
16 91 -1 19 46 84 -1 6 25 86 -1 -2
80 90 -1 12 60 -1 31 45 58 90 -1 -2
15 96 -1 74 81 -1 32 41 55 81 -1 -2
10 12 97 -1 40 47 84 97 -1 24 50 64 70 -1 -2
73 77 -1 65 -1 14 -1 -2
60 90 92 94 -1 64 -1 13 27 -1 -2
96 -1 5 58 76 -1 74 82 92 -1 -2
28 33 44 -1 42 99 -1 26 68 71 88 -1 -2
6 22 90 93 -1 21 45 84 -1 15 21 54 100 -1 -2
14 33 78 -1 19 75 -1 10 39 52 53 -1 -2
23 91 -1 70 -1 4 52 80 87 -1 -2
45 48 76 79 -1 6 89 -1 12 81 -1 -2
50 51 -1 96 -1 6 23 57 95 -1 -2
25 76 -1 13 98 -1 38 51 55 70 -1 -2
2 23 50 -1 20 63 66 -1 54 84 88 -1 -2
76 97 -1 24 -1 22 40 -1 -2
57 -1 32 -1 3 23 46 87 -1 -2
7 56 77 -1 2 17 70 91 -1 12 67 -1 -2
39 75 97 -1 43 68 -1 39 41 53 94 -1 -2
22 44 54 71 -1 26 35 56 86 -1 48 82 -1 -2
23 -1 28 37 -1 4 52 67 78 -1 -2
3 21 -1 25 62 -1 15 97 -1 -2
2 50 -1 42 65 -1 6 48 92 -1 -2
2 43 73 -1 8 48 -1 45 49 -1 -2
78 -1 26 64 71 -1 57 -1 -2
46 55 80 -1 13 39 -1 20 47 60 70 -1 -2
69 -1 9 32 35 79 -1 80 95 96 -1 -2
96 -1 17 52 53 -1 64 -1 -2
18 27 -1 61 97 -1 10 27 51 59 -1 -2
42 50 67 84 -1 44 47 -1 98 -1 -2
44 54 58 -1 17 23 76 87 -1 15 81 99 -1 -2
29 44 -1 8 39 44 84 -1 49 89 -1 -2
22 23 59 -1 22 55 75 87 -1 9 10 100 -1 -2
65 83 86 -1 17 63 99 -1 22 64 74 93 -1 -2
59 84 94 98 -1 2 64 81 95 -1 11 39 49 61 -1 -2
15 18 -1 9 21 28 57 -1 1 65 -1 -2
58 69 98 -1 47 -1 40 66 -1 -2
50 60 -1 27 99 -1 36 61 73 -1 -2
32 -1 77 92 -1 12 32 56 85 -1 -2
40 60 91 -1 24 -1 16 34 -1 -2
31 72 91 96 -1 26 42 54 -1 92 -1 -2
97 -1 80 -1 5 88 -1 -2
46 70 -1 43 57 -1 20 27 51 86 -1 -2
4 34 37 -1 43 47 95 -1 29 62 69 76 -1 -2
42 91 95 -1 36 -1 21 25 26 88 -1 -2
20 53 -1 34 77 -1 8 51 54 59 -1 -2
62 99 -1 36 62 95 -1 70 76 -1 -2
95 -1 2 23 28 84 -1 30 49 99 -1 -2
4 61 68 -1 62 -1 12 33 42 94 -1 -2
36 57 58 -1 97 -1 36 37 46 58 -1 -2
43 81 -1 68 69 94 -1 31 47 71 74 -1 -2
7 28 -1 60 -1 16 52 -1 -2
63 84 -1 90 -1 78 -1 -2
86 92 -1 24 36 60 -1 54 -1 -2
16 46 -1 6 39 -1 63 -1 -2
30 82 -1 3 29 70 -1 37 73 -1 -2
25 78 96 -1 8 58 -1 15 70 79 89 -1 -2
63 68 -1 25 79 84 -1 10 50 87 -1 -2
7 -1 19 89 93 -1 38 76 -1 -2
21 84 93 -1 4 8 71 90 -1 11 19 -1 -2
50 -1 3 81 82 85 -1 16 -1 -2
17 57 -1 41 44 51 -1 37 47 -1 -2
2 30 72 96 -1 18 30 61 64 -1 18 52 62 -1 -2
32 -1 40 -1 26 37 57 62 -1 -2
82 -1 8 12 48 59 -1 32 56 80 -1 -2
38 81 -1 34 45 59 -1 92 -1 -2
2 -1 18 25 65 -1 78 92 -1 -2
48 50 58 60 -1 18 49 93 -1 29 32 -1 -2
14 -1 36 -1 39 -1 -2
31 72 87 89 -1 11 60 -1 20 46 52 -1 -2
23 51 -1 20 -1 17 48 50 -1 -2
27 55 78 -1 21 36 80 -1 12 82 84 87 -1 -2
85 98 99 -1 2 5 36 50 -1 80 94 -1 -2
19 36 82 -1 32 78 -1 13 86 -1 -2
1 16 30 -1 68 85 -1 21 59 -1 -2
5 100 -1 42 63 91 -1 22 73 94 -1 -2
7 29 -1 34 70 -1 6 8 80 -1 -2
22 35 -1 34 53 75 -1 4 58 -1 -2
21 24 -1 95 -1 23 29 -1 -2
5 44 48 -1 34 41 70 -1 36 82 -1 -2
3 -1 24 35 38 50 -1 9 27 45 -1 -2
59 65 71 92 -1 70 -1 64 72 -1 -2
64 86 95 -1 15 23 55 -1 6 21 33 35 -1 -2
33 -1 23 76 -1 11 31 42 76 -1 -2
7 45 55 68 -1 2 -1 53 73 79 94 -1 -2
22 70 92 -1 76 85 -1 8 30 31 -1 -2
27 87 -1 9 51 88 -1 54 80 -1 -2
18 -1 16 55 71 74 -1 4 61 68 -1 -2
25 34 73 79 -1 80 -1 62 -1 -2
1 79 99 -1 90 -1 45 52 -1 -2
89 -1 12 -1 33 70 94 -1 -2
27 -1 4 66 93 -1 9 -1 -2
64 -1 74 95 -1 18 71 -1 -2
2 12 36 72 -1 37 72 77 -1 10 56 -1 -2
32 88 -1 30 71 -1 73 100 -1 -2
69 100 -1 47 49 -1 90 -1 -2
60 -1 18 49 50 87 -1 40 -1 -2
31 65 86 88 -1 8 31 69 -1 17 46 72 87 -1 -2
7 12 33 40 -1 13 19 36 63 -1 2 57 -1 -2
86 -1 1 5 67 69 -1 26 32 37 -1 -2
33 69 -1 11 17 34 37 -1 7 44 -1 -2
21 92 93 -1 15 99 -1 27 63 72 77 -1 -2
29 33 58 61 -1 5 35 64 -1 29 49 55 63 -1 -2
36 68 70 80 -1 22 57 -1 33 -1 -2
9 15 46 49 -1 20 37 53 56 -1 20 40 -1 -2
9 28 60 -1 9 71 77 -1 23 53 -1 -2
40 72 -1 30 57 59 86 -1 10 53 61 73 -1 -2
5 33 82 99 -1 6 49 -1 57 100 -1 -2
93 -1 79 92 -1 75 -1 -2
26 40 63 96 -1 9 25 37 70 -1 66 70 -1 -2
4 29 -1 21 28 94 -1 48 65 66 -1 -2
75 88 -1 51 72 -1 26 36 82 -1 -2
3 71 93 -1 23 34 78 91 -1 17 35 52 61 -1 -2
76 -1 14 33 42 90 -1 78 -1 -2
67 -1 21 60 100 -1 14 18 56 -1 -2
13 58 77 89 -1 10 31 39 85 -1 25 42 -1 -2
44 69 -1 44 74 81 -1 19 39 89 -1 -2
16 51 80 83 -1 16 -1 34 -1 -2
4 60 83 84 -1 18 85 -1 44 66 -1 -2
43 -1 38 -1 89 -1 -2
68 -1 39 -1 20 22 69 71 -1 -2
50 -1 40 45 53 -1 42 45 -1 -2
1 4 35 87 -1 27 32 84 -1 78 95 -1 -2
39 75 -1 33 77 -1 20 26 46 -1 -2
76 -1 78 -1 15 18 97 -1 -2
10 66 75 85 -1 60 65 86 -1 28 63 85 -1 -2
64 96 -1 26 60 78 97 -1 37 -1 -2
32 87 -1 2 57 75 78 -1 18 29 57 73 -1 -2
6 13 42 46 -1 52 -1 7 58 81 -1 -2
58 59 74 -1 54 89 -1 19 28 60 95 -1 -2
78 -1 37 74 -1 57 69 83 -1 -2
3 64 87 97 -1 31 60 -1 11 52 -1 -2
53 -1 80 -1 99 -1 -2
1 21 63 95 -1 48 -1 5 7 51 80 -1 -2
46 63 69 -1 18 41 42 -1 36 39 63 97 -1 -2
54 77 99 -1 72 -1 8 26 -1 -2
16 25 52 73 -1 7 94 -1 68 -1 -2
4 28 57 83 -1 7 25 47 63 -1 91 96 -1 -2
24 67 82 -1 5 79 86 -1 13 35 60 -1 -2
44 85 96 -1 1 -1 72 100 -1 -2
1 2 59 -1 29 51 -1 2 7 68 -1 -2
29 -1 85 86 -1 16 68 -1 -2
10 47 -1 11 12 71 -1 7 75 84 -1 -2
41 67 99 -1 78 85 99 -1 32 67 71 97 -1 -2
14 66 93 -1 25 -1 60 -1 -2
24 66 88 90 -1 78 91 96 99 -1 15 63 86 -1 -2
59 76 -1 25 50 79 98 -1 81 -1 -2
15 96 -1 7 28 32 44 -1 56 79 -1 -2
46 65 -1 17 50 56 66 -1 2 28 -1 -2
20 -1 2 23 28 -1 5 8 79 -1 -2
44 60 -1 73 96 -1 31 -1 -2
13 23 60 93 -1 4 69 84 94 -1 42 55 -1 -2
45 -1 2 97 -1 36 60 81 -1 -2
25 96 99 -1 14 23 64 95 -1 8 55 73 -1 -2
11 54 80 97 -1 12 14 56 -1 17 42 -1 -2
7 18 -1 23 25 30 -1 7 25 29 74 -1 -2
5 -1 4 19 20 93 -1 40 69 77 87 -1 -2
66 -1 16 61 63 -1 21 65 80 -1 -2
31 34 58 85 -1 15 30 37 80 -1 33 75 89 94 -1 -2
7 28 64 78 -1 36 80 94 100 -1 33 64 71 -1 -2
95 -1 23 -1 14 31 44 -1 -2
30 54 69 98 -1 34 99 100 -1 24 34 61 62 -1 -2
63 -1 42 45 76 89 -1 18 20 40 98 -1 -2
12 49 67 -1 6 18 42 85 -1 8 11 -1 -2
35 -1 70 79 -1 39 -1 -2
27 -1 58 -1 60 -1 -2
73 78 94 -1 7 31 44 58 -1 7 44 98 -1 -2
82 -1 20 -1 26 30 -1 -2
21 26 86 97 -1 36 67 -1 48 54 77 -1 -2
25 50 60 -1 46 63 88 99 -1 72 -1 -2
51 91 -1 44 82 -1 27 47 76 95 -1 -2
11 24 50 -1 7 13 -1 23 29 52 67 -1 -2
9 83 90 97 -1 21 32 40 58 -1 28 45 74 -1 -2
25 38 59 84 -1 26 36 54 81 -1 15 38 -1 -2
73 79 -1 22 32 -1 38 46 50 91 -1 -2
54 60 69 -1 17 63 -1 39 56 77 -1 -2
33 34 -1 2 40 70 -1 27 57 84 99 -1 -2
57 72 77 80 -1 52 78 87 -1 73 -1 -2
30 77 98 -1 20 35 73 81 -1 53 95 -1 -2
29 74 85 -1 52 -1 5 23 46 -1 -2
14 30 60 -1 36 -1 7 21 69 -1 -2
9 33 -1 1 19 56 75 -1 11 95 -1 -2
25 50 -1 51 -1 7 56 70 87 -1 -2
16 -1 38 57 -1 14 18 91 -1 -2
67 92 -1 24 52 72 91 -1 35 54 87 -1 -2
66 -1 26 56 70 -1 3 12 13 -1 -2
6 53 71 75 -1 24 53 94 95 -1 12 36 -1 -2
17 28 30 49 -1 63 76 88 -1 99 -1 -2
9 33 34 95 -1 18 25 80 -1 99 100 -1 -2
10 36 62 99 -1 25 79 88 -1 45 74 98 -1 -2
74 79 -1 59 69 91 -1 56 77 85 -1 -2
91 -1 91 -1 16 51 58 -1 -2
22 45 69 -1 22 26 72 -1 24 28 42 96 -1 -2
62 78 93 -1 45 53 64 -1 60 83 98 -1 -2
7 16 -1 8 23 65 94 -1 58 60 -1 -2
42 49 99 -1 40 44 84 -1 21 44 -1 -2
6 8 -1 1 3 70 -1 41 85 -1 -2
11 66 76 -1 45 90 -1 16 57 86 -1 -2
33 56 -1 18 21 64 -1 30 61 81 96 -1 -2
15 54 84 86 -1 30 31 42 -1 4 46 -1 -2
71 -1 6 7 75 -1 18 75 99 -1 -2
23 -1 6 44 53 65 -1 3 63 64 68 -1 -2
12 -1 17 19 20 -1 27 43 58 66 -1 -2
57 99 -1 18 47 -1 88 90 -1 -2
35 38 49 -1 24 -1 2 43 63 98 -1 -2
1 15 32 47 -1 36 -1 3 33 56 62 -1 -2
7 86 92 95 -1 28 68 75 -1 8 72 -1 -2
41 88 -1 23 37 62 69 -1 25 63 99 -1 -2
9 12 70 92 -1 42 62 99 -1 57 81 99 -1 -2
56 -1 28 39 60 98 -1 17 62 -1 -2
70 77 97 -1 29 45 58 -1 28 50 -1 -2
25 45 68 80 -1 34 48 57 -1 49 55 68 -1 -2
60 -1 25 53 -1 33 64 78 -1 -2
11 -1 18 -1 58 -1 -2
24 60 -1 50 87 -1 26 28 96 -1 -2
87 94 -1 3 25 36 69 -1 36 -1 -2
4 31 67 72 -1 22 88 -1 16 46 94 -1 -2
19 90 92 -1 2 16 -1 11 58 66 78 -1 -2
71 83 -1 81 87 -1 15 -1 -2
24 -1 1 -1 73 85 -1 -2
35 49 -1 39 67 -1 1 -1 -2
86 -1 27 -1 47 -1 -2
29 47 61 96 -1 14 -1 32 43 63 96 -1 -2
31 -1 58 -1 5 15 99 -1 -2
13 17 90 100 -1 38 -1 12 27 33 -1 -2
27 -1 20 51 -1 33 57 58 72 -1 -2
9 -1 42 -1 28 46 61 -1 -2
42 56 -1 18 25 44 48 -1 64 -1 -2
53 56 71 72 -1 14 26 77 92 -1 76 92 -1 -2
32 34 71 79 -1 9 27 38 54 -1 28 33 60 -1 -2
8 36 -1 79 -1 33 56 66 -1 -2
37 -1 32 60 62 70 -1 76 -1 -2
56 74 -1 75 96 -1 46 -1 -2
29 58 88 -1 22 66 -1 5 26 29 37 -1 -2
27 81 92 -1 18 31 100 -1 3 37 86 93 -1 -2
10 -1 84 100 -1 66 -1 -2
21 27 71 77 -1 17 19 75 -1 23 31 32 97 -1 -2
21 43 81 96 -1 99 -1 60 66 -1 -2
4 -1 12 34 55 -1 18 58 -1 -2
19 26 67 85 -1 24 40 59 -1 13 19 43 -1 -2
51 79 -1 67 68 -1 35 -1 -2
4 30 53 81 -1 61 -1 13 17 50 -1 -2
8 23 32 82 -1 71 -1 7 73 76 82 -1 -2
89 -1 14 61 -1 7 -1 -2
7 -1 40 97 -1 24 49 -1 -2
9 -1 7 31 56 -1 30 -1 -2
26 44 73 81 -1 21 62 70 73 -1 4 -1 -2
28 31 75 77 -1 38 -1 3 14 61 92 -1 -2
40 46 96 -1 49 -1 79 -1 -2
31 52 68 88 -1 34 69 -1 23 33 58 -1 -2
1 38 39 96 -1 11 47 86 95 -1 20 30 52 -1 -2
19 79 87 100 -1 58 -1 4 6 76 96 -1 -2
27 90 95 -1 16 45 54 83 -1 37 -1 -2
28 34 65 77 -1 16 84 91 -1 18 -1 -2
12 65 -1 19 51 -1 31 39 75 87 -1 -2
68 -1 32 -1 8 45 -1 -2
3 14 -1 80 -1 60 83 -1 -2
33 -1 33 70 87 -1 34 63 96 -1 -2
4 19 78 100 -1 2 22 25 58 -1 68 -1 -2
26 -1 5 55 79 98 -1 57 -1 -2
68 -1 37 -1 94 -1 -2
3 36 -1 66 -1 80 96 -1 -2
25 29 79 -1 18 62 66 -1 82 84 -1 -2
16 32 90 98 -1 1 8 27 46 -1 10 38 87 -1 -2
57 91 -1 2 43 -1 5 58 85 -1 -2
1 -1 9 54 60 84 -1 36 52 68 -1 -2
10 70 100 -1 86 -1 8 28 78 -1 -2
74 77 93 -1 34 57 66 81 -1 31 -1 -2
6 8 43 -1 56 -1 11 37 -1 -2
32 -1 13 85 -1 82 89 92 -1 -2
38 53 84 -1 28 50 -1 77 -1 -2
10 43 67 93 -1 3 59 66 -1 54 -1 -2
39 43 74 -1 18 68 88 97 -1 9 74 85 100 -1 -2
79 -1 23 36 70 -1 54 -1 -2
27 34 70 76 -1 99 -1 47 -1 -2
51 58 -1 9 19 55 62 -1 18 -1 -2
21 34 44 65 -1 74 79 81 82 -1 15 17 37 83 -1 -2
9 18 35 -1 16 19 24 91 -1 33 -1 -2
36 45 92 -1 71 -1 18 78 91 -1 -2
2 36 80 -1 100 -1 46 70 76 -1 -2
17 40 59 -1 86 94 -1 4 21 37 66 -1 -2
56 96 -1 84 -1 3 67 86 -1 -2
3 7 81 -1 44 75 98 -1 84 85 -1 -2
93 -1 52 -1 38 47 63 -1 -2
7 25 80 88 -1 10 12 44 69 -1 34 43 84 -1 -2
58 71 86 -1 50 68 98 -1 32 72 -1 -2
17 78 -1 15 35 -1 2 20 26 27 -1 -2
65 -1 36 46 63 65 -1 19 21 -1 -2
7 20 41 -1 27 51 71 -1 8 10 56 72 -1 -2
14 62 72 75 -1 100 -1 1 57 -1 -2
11 28 59 -1 86 -1 2 27 -1 -2
32 44 65 94 -1 2 25 38 71 -1 24 64 -1 -2
18 53 86 -1 14 30 81 96 -1 31 -1 -2
71 -1 19 22 47 51 -1 28 46 67 -1 -2
48 -1 26 45 62 76 -1 25 -1 -2
79 -1 45 -1 18 -1 -2
50 76 -1 11 -1 30 -1 -2
20 38 66 76 -1 12 14 39 50 -1 42 47 75 94 -1 -2
37 46 -1 34 65 -1 10 11 34 87 -1 -2
89 -1 28 49 53 -1 7 87 -1 -2
48 66 88 -1 10 21 57 95 -1 7 -1 -2
54 74 87 100 -1 6 10 66 -1 51 -1 -2
11 16 51 95 -1 56 -1 30 38 66 75 -1 -2
26 -1 1 17 28 76 -1 25 41 47 64 -1 -2
29 93 -1 24 -1 38 63 81 90 -1 -2
23 35 41 99 -1 91 -1 18 39 87 99 -1 -2
2 22 -1 41 50 65 67 -1 30 -1 -2
4 34 44 86 -1 62 92 94 -1 17 18 -1 -2
32 39 89 93 -1 26 -1 20 49 52 -1 -2
7 22 57 73 -1 40 -1 31 94 -1 -2
6 27 70 78 -1 11 55 94 -1 52 62 69 -1 -2
26 57 86 -1 93 -1 15 17 18 48 -1 -2
73 -1 41 -1 41 -1 -2
11 35 -1 30 39 42 -1 24 77 -1 -2
86 -1 5 28 59 76 -1 13 29 59 -1 -2
4 -1 81 -1 6 57 92 97 -1 -2
88 -1 56 58 76 100 -1 76 78 -1 -2
4 45 80 -1 5 43 64 -1 6 45 61 94 -1 -2
8 65 83 99 -1 10 48 75 -1 19 48 56 91 -1 -2
13 71 78 -1 48 -1 4 60 65 -1 -2
83 -1 2 56 72 97 -1 28 81 -1 -2
7 18 100 -1 57 -1 7 18 41 88 -1 -2
43 59 85 -1 55 87 -1 88 89 -1 -2
93 -1 11 47 -1 86 -1 -2
10 -1 8 43 64 86 -1 22 29 41 96 -1 -2
21 33 91 -1 99 -1 67 -1 -2
6 9 67 -1 17 23 30 -1 22 -1 -2
29 58 99 -1 9 77 -1 52 63 70 84 -1 -2
15 34 54 55 -1 5 69 81 88 -1 9 40 94 -1 -2
36 50 56 -1 11 26 84 88 -1 2 17 -1 -2
60 -1 94 100 -1 28 62 69 73 -1 -2
11 22 25 59 -1 87 94 95 -1 6 56 60 -1 -2
32 52 60 62 -1 2 52 79 80 -1 18 48 93 -1 -2
48 97 -1 16 26 -1 21 -1 -2
5 39 -1 7 35 52 -1 6 39 96 -1 -2
24 -1 68 -1 13 83 93 -1 -2
44 -1 35 88 -1 28 32 45 79 -1 -2
93 -1 37 44 -1 11 17 26 86 -1 -2
39 53 65 76 -1 44 -1 37 38 56 88 -1 -2
7 35 39 53 -1 12 15 24 -1 51 -1 -2
56 95 -1 100 -1 46 -1 -2
34 67 -1 55 68 74 97 -1 80 -1 -2
21 25 75 93 -1 3 33 44 51 -1 99 -1 -2
46 51 -1 13 64 71 88 -1 43 52 81 -1 -2
24 39 -1 31 33 45 -1 54 -1 -2
5 84 94 -1 75 -1 69 -1 -2
10 56 88 -1 11 77 -1 49 53 -1 -2
21 22 90 -1 54 -1 95 -1 -2
55 58 79 -1 73 88 -1 89 -1 -2
5 52 58 -1 3 25 34 80 -1 11 42 -1 -2
97 -1 97 -1 4 37 39 57 -1 -2
6 94 -1 20 76 -1 25 56 58 -1 -2
2 22 91 96 -1 18 20 57 59 -1 50 -1 -2
5 31 -1 16 -1 61 95 -1 -2
15 22 -1 75 -1 16 17 24 51 -1 -2
8 -1 55 -1 20 30 61 68 -1 -2
16 87 -1 28 39 44 99 -1 2 8 48 72 -1 -2
27 33 50 97 -1 11 38 54 76 -1 44 81 82 -1 -2
43 100 -1 39 97 -1 64 82 95 -1 -2
6 32 -1 35 53 71 96 -1 1 7 61 74 -1 -2
65 -1 2 81 -1 39 79 -1 -2
17 33 46 -1 32 72 -1 36 50 74 -1 -2
3 -1 2 27 56 -1 44 -1 -2
14 26 -1 16 36 -1 6 72 76 78 -1 -2
20 -1 20 32 53 -1 24 60 65 92 -1 -2
35 78 89 95 -1 81 -1 78 -1 -2
17 22 66 -1 39 -1 15 34 71 99 -1 -2
11 47 -1 42 68 -1 6 -1 -2
9 36 41 -1 5 -1 19 48 -1 -2
42 -1 27 39 43 -1 2 72 -1 -2
8 41 77 -1 15 52 100 -1 31 69 -1 -2
20 21 34 45 -1 47 59 88 -1 14 24 67 89 -1 -2
36 37 72 88 -1 21 93 -1 2 62 -1 -2
40 60 -1 21 45 -1 65 83 -1 -2
5 27 -1 3 11 63 98 -1 2 16 30 34 -1 -2
16 78 -1 77 82 83 -1 57 -1 -2
45 -1 10 13 46 92 -1 78 81 90 -1 -2
65 68 -1 34 77 -1 1 14 68 -1 -2
57 75 -1 50 -1 35 78 88 -1 -2
52 -1 40 49 54 -1 37 55 84 -1 -2
11 13 19 47 -1 76 -1 23 31 82 -1 -2
11 -1 26 37 41 97 -1 62 -1 -2
38 53 79 -1 61 64 -1 95 -1 -2
24 52 -1 14 35 82 -1 34 54 68 -1 -2
9 12 68 -1 19 93 95 -1 7 30 48 -1 -2
18 20 -1 60 -1 78 -1 -2
65 73 81 87 -1 34 42 45 -1 36 46 -1 -2
18 57 60 73 -1 64 77 -1 20 29 46 -1 -2
12 53 58 67 -1 86 -1 3 13 58 83 -1 -2
60 77 84 -1 9 70 -1 29 35 98 -1 -2
49 -1 94 -1 39 93 -1 -2
55 97 100 -1 22 78 -1 3 44 50 82 -1 -2
79 -1 98 -1 7 21 60 69 -1 -2
40 69 -1 13 34 49 99 -1 70 -1 -2
85 87 95 -1 87 -1 10 16 33 46 -1 -2
55 90 -1 16 -1 51 91 98 -1 -2
2 70 -1 93 -1 21 32 66 85 -1 -2
34 95 -1 69 89 96 -1 38 -1 -2
21 24 46 66 -1 8 10 48 -1 64 65 76 -1 -2
10 37 50 81 -1 84 -1 7 28 56 61 -1 -2
24 -1 22 -1 48 61 -1 -2
33 100 -1 57 86 88 -1 78 -1 -2
24 -1 15 75 -1 16 24 68 79 -1 -2
23 38 -1 1 91 94 -1 21 54 -1 -2
23 53 61 84 -1 10 56 -1 11 14 20 -1 -2
18 43 68 -1 23 73 88 94 -1 19 74 -1 -2
16 17 40 -1 23 62 65 66 -1 60 83 -1 -2
12 27 80 84 -1 63 64 65 99 -1 28 29 32 95 -1 -2
43 45 48 -1 69 -1 65 -1 -2
18 -1 7 22 36 45 -1 31 97 -1 -2
69 -1 13 59 73 85 -1 31 90 -1 -2
20 34 -1 61 -1 20 33 38 -1 -2
24 74 -1 3 20 -1 46 75 -1 -2
46 -1 18 71 100 -1 10 22 97 -1 -2
18 32 -1 40 -1 18 66 -1 -2
2 73 98 -1 53 73 -1 10 24 38 54 -1 -2
24 -1 96 -1 14 33 43 -1 -2
24 30 77 -1 5 54 92 -1 51 71 -1 -2
29 97 -1 42 43 57 64 -1 13 20 65 76 -1 -2
5 32 34 81 -1 53 -1 11 14 22 93 -1 -2
5 8 43 82 -1 42 95 -1 13 86 -1 -2
80 -1 1 19 84 -1 21 61 88 -1 -2
45 56 59 -1 1 32 56 99 -1 94 -1 -2
16 37 58 90 -1 49 62 97 -1 17 26 39 53 -1 -2
32 -1 33 41 97 -1 83 -1 -2
77 -1 4 73 92 -1 42 -1 -2
23 41 43 -1 18 -1 87 94 -1 -2
12 67 98 -1 87 -1 31 39 63 -1 -2
1 26 30 -1 22 68 95 100 -1 13 -1 -2
15 -1 2 12 62 81 -1 30 47 58 66 -1 -2
12 15 71 -1 16 36 63 -1 21 65 -1 -2
8 59 -1 11 67 73 95 -1 66 -1 -2
84 98 -1 7 45 50 78 -1 28 74 89 -1 -2
55 62 91 -1 45 54 77 -1 9 61 72 -1 -2
25 70 75 -1 23 41 87 99 -1 56 72 94 -1 -2
6 34 44 71 -1 42 -1 25 80 -1 -2
26 -1 52 68 94 -1 28 34 58 67 -1 -2
2 72 93 -1 11 21 50 -1 2 37 -1 -2
20 22 37 -1 24 61 -1 44 68 -1 -2
4 -1 32 47 73 77 -1 53 70 97 -1 -2
31 32 81 -1 19 44 -1 36 40 96 -1 -2
63 72 92 -1 10 47 57 88 -1 66 73 86 -1 -2
37 56 64 67 -1 11 -1 53 82 -1 -2
35 -1 20 35 38 -1 15 -1 -2
41 -1 64 78 -1 16 44 47 -1 -2
20 -1 16 61 79 85 -1 35 43 67 -1 -2
30 38 46 88 -1 70 92 99 -1 37 47 49 -1 -2
31 64 66 -1 8 56 75 -1 19 55 60 68 -1 -2
1 8 25 89 -1 61 74 -1 20 -1 -2
11 33 65 100 -1 4 -1 17 37 44 -1 -2
26 40 42 85 -1 3 46 100 -1 34 38 97 -1 -2
16 46 -1 12 28 -1 10 -1 -2
8 11 25 51 -1 14 21 -1 1 76 87 -1 -2
44 54 74 -1 36 68 84 -1 34 -1 -2
46 51 62 65 -1 2 53 58 83 -1 72 -1 -2
37 -1 40 52 55 -1 17 34 44 58 -1 -2
71 -1 80 -1 48 78 99 -1 -2
26 69 99 -1 8 27 38 80 -1 64 -1 -2
38 54 70 81 -1 27 73 -1 69 -1 -2
22 -1 30 35 50 -1 38 56 67 83 -1 -2
97 -1 62 -1 48 96 -1 -2
1 71 -1 13 15 20 94 -1 1 28 51 76 -1 -2
27 100 -1 47 95 -1 38 79 -1 -2
63 -1 8 20 26 27 -1 57 61 66 84 -1 -2
89 -1 51 -1 36 48 73 77 -1 -2
25 -1 15 -1 24 46 59 -1 -2
38 39 42 53 -1 56 -1 6 -1 -2
33 -1 21 38 71 -1 35 67 80 99 -1 -2
67 -1 68 86 90 -1 6 11 -1 -2
34 89 -1 32 -1 11 48 58 -1 -2
21 74 -1 8 11 -1 35 48 -1 -2
28 85 -1 1 39 72 -1 67 -1 -2
45 52 93 -1 37 40 56 -1 15 48 77 -1 -2
74 -1 45 -1 40 56 86 -1 -2
86 100 -1 4 -1 52 69 80 -1 -2
94 -1 3 30 79 96 -1 46 47 66 67 -1 -2
67 74 84 85 -1 40 -1 83 -1 -2
86 -1 5 41 62 72 -1 15 40 -1 -2
92 -1 13 47 -1 33 91 -1 -2
47 71 92 -1 6 -1 37 56 72 82 -1 -2
5 17 96 -1 15 47 79 91 -1 13 37 -1 -2
57 65 -1 17 88 89 -1 38 58 83 99 -1 -2
8 89 95 -1 53 68 -1 32 49 -1 -2
35 62 73 -1 70 73 88 -1 8 52 63 -1 -2
24 30 76 -1 21 40 100 -1 76 95 -1 -2
31 80 -1 40 43 -1 3 30 62 -1 -2
58 67 81 -1 19 -1 5 52 78 -1 -2
38 42 -1 25 -1 21 62 -1 -2
14 23 -1 50 67 -1 32 48 56 -1 -2
16 65 72 -1 3 26 32 -1 68 83 99 -1 -2
58 91 -1 39 45 99 -1 9 49 58 86 -1 -2
50 94 -1 33 72 86 -1 75 93 94 -1 -2
4 47 84 94 -1 56 -1 97 -1 -2
3 70 71 -1 5 16 25 -1 12 50 88 -1 -2
2 62 100 -1 17 24 30 -1 15 89 99 -1 -2
85 -1 9 42 55 -1 9 29 45 -1 -2
43 50 73 95 -1 65 98 -1 6 27 55 60 -1 -2
22 -1 25 59 75 92 -1 27 38 74 -1 -2
62 -1 58 64 -1 3 8 76 -1 -2
13 34 63 81 -1 8 18 64 81 -1 82 84 -1 -2
31 -1 52 66 95 -1 34 87 -1 -2
19 52 59 98 -1 71 78 80 -1 11 68 88 -1 -2
8 -1 28 -1 2 -1 -2
5 73 -1 39 70 99 -1 58 68 72 -1 -2
60 92 99 -1 58 88 -1 42 64 -1 -2
19 48 -1 11 12 14 -1 94 -1 -2
37 60 -1 22 -1 9 48 -1 -2
1 -1 29 39 -1 6 63 74 87 -1 -2
43 44 77 -1 34 38 44 93 -1 78 -1 -2
47 91 -1 35 98 -1 6 48 -1 -2
93 -1 30 38 47 -1 10 18 38 91 -1 -2
68 78 -1 7 59 69 97 -1 14 79 -1 -2
67 77 87 -1 23 -1 31 39 45 -1 -2
17 21 40 54 -1 26 47 58 89 -1 10 17 -1 -2
41 85 93 -1 83 -1 18 48 57 72 -1 -2
32 43 48 -1 67 -1 75 77 89 -1 -2
37 71 -1 72 79 -1 9 69 83 85 -1 -2
37 57 65 -1 5 -1 17 77 93 -1 -2
44 76 -1 2 6 16 63 -1 32 59 -1 -2
5 25 -1 12 16 32 45 -1 52 -1 -2
3 -1 42 -1 2 50 77 -1 -2
48 85 90 -1 29 35 58 84 -1 34 37 57 -1 -2
57 63 72 73 -1 9 35 40 81 -1 27 -1 -2
9 11 15 46 -1 32 39 41 64 -1 3 30 58 66 -1 -2
25 61 -1 32 55 98 -1 85 -1 -2
50 -1 86 -1 17 -1 -2
25 83 88 92 -1 77 -1 9 17 24 59 -1 -2
1 16 48 -1 27 80 -1 50 94 -1 -2
53 68 86 -1 3 30 -1 19 -1 -2
40 70 85 -1 56 71 -1 34 42 60 85 -1 -2
5 19 85 -1 86 -1 12 83 -1 -2
52 59 62 -1 9 59 78 -1 15 67 74 76 -1 -2
87 -1 9 82 -1 4 15 34 53 -1 -2
32 -1 95 99 -1 86 -1 -2
94 -1 24 56 96 -1 20 -1 -2
33 65 -1 7 31 -1 45 49 50 -1 -2
86 -1 31 73 -1 18 -1 -2
96 -1 3 10 56 -1 4 15 39 96 -1 -2
12 26 44 69 -1 10 21 33 100 -1 23 30 46 52 -1 -2
97 -1 63 -1 52 67 69 77 -1 -2
87 94 -1 25 -1 2 77 92 -1 -2
35 54 82 88 -1 26 30 66 -1 28 -1 -2
36 70 79 91 -1 16 31 33 -1 79 -1 -2
98 -1 9 10 33 38 -1 19 25 46 91 -1 -2
70 92 99 -1 64 76 78 -1 78 85 89 -1 -2
79 88 -1 51 59 88 -1 30 65 66 96 -1 -2
6 7 27 91 -1 17 45 70 81 -1 48 64 83 -1 -2
28 -1 23 30 52 -1 4 24 79 -1 -2
47 59 62 -1 12 26 60 64 -1 55 67 96 -1 -2
32 57 80 96 -1 28 38 67 -1 68 86 88 -1 -2
40 61 85 -1 24 47 53 -1 19 -1 -2
88 -1 54 57 78 94 -1 9 10 13 -1 -2
57 60 -1 29 43 51 -1 48 51 68 72 -1 -2
3 45 89 -1 22 44 -1 64 80 -1 -2
30 88 90 -1 23 79 -1 28 43 45 72 -1 -2
26 47 79 100 -1 5 -1 35 78 -1 -2
47 73 87 -1 61 62 86 -1 39 -1 -2
21 46 -1 18 59 -1 54 78 91 -1 -2
61 64 80 -1 17 -1 45 74 89 -1 -2
73 79 94 -1 6 31 -1 22 42 71 -1 -2
36 -1 37 63 -1 32 70 -1 -2
3 61 77 -1 11 36 75 -1 28 84 -1 -2
35 91 -1 53 -1 41 66 80 88 -1 -2
8 48 -1 5 21 48 75 -1 32 46 100 -1 -2
53 63 86 99 -1 97 -1 23 99 -1 -2
25 96 -1 6 49 65 96 -1 19 45 49 64 -1 -2
17 18 19 79 -1 96 -1 9 74 80 -1 -2
23 37 69 85 -1 16 85 -1 43 56 80 -1 -2
39 87 94 -1 55 -1 62 88 -1 -2
47 57 89 -1 3 15 72 89 -1 90 -1 -2
10 41 55 93 -1 9 11 -1 2 29 37 82 -1 -2
1 42 76 -1 44 45 47 -1 3 47 72 73 -1 -2
2 25 -1 40 52 76 94 -1 29 38 40 66 -1 -2
61 -1 42 49 61 -1 20 -1 -2
53 58 -1 21 25 62 -1 48 51 57 -1 -2
5 28 -1 10 93 -1 11 35 -1 -2
68 -1 23 35 59 86 -1 16 32 34 46 -1 -2
78 -1 3 -1 24 40 62 -1 -2
86 -1 42 81 -1 67 71 -1 -2
58 91 -1 7 11 82 -1 44 58 96 98 -1 -2
6 8 9 81 -1 22 34 54 77 -1 19 46 62 91 -1 -2
92 -1 26 35 51 52 -1 11 31 42 50 -1 -2
81 -1 1 21 49 -1 5 56 74 -1 -2
72 84 -1 5 53 -1 27 70 75 -1 -2
26 42 60 -1 76 91 94 -1 76 83 -1 -2
59 65 72 89 -1 18 20 59 74 -1 42 75 -1 -2
68 95 -1 13 82 88 -1 55 -1 -2
21 -1 26 32 37 39 -1 93 96 -1 -2
22 24 56 -1 49 62 94 -1 8 32 52 96 -1 -2
12 23 47 -1 69 74 -1 8 32 40 76 -1 -2
30 81 92 -1 2 67 86 100 -1 28 68 91 -1 -2
15 44 46 68 -1 85 98 -1 80 -1 -2
48 79 86 -1 91 -1 40 81 -1 -2
70 -1 36 90 -1 44 75 -1 -2
33 55 82 -1 1 5 36 68 -1 52 53 73 92 -1 -2
12 33 58 59 -1 16 17 51 97 -1 3 92 96 -1 -2
40 97 -1 50 66 -1 4 26 39 92 -1 -2
33 36 -1 98 -1 25 -1 -2
42 46 64 74 -1 9 52 -1 33 69 87 -1 -2
14 59 75 89 -1 32 41 85 90 -1 34 39 62 -1 -2
16 77 -1 23 52 94 -1 70 76 87 90 -1 -2
26 31 34 -1 32 66 93 -1 64 65 -1 -2
71 -1 56 -1 5 6 -1 -2
23 31 57 -1 87 -1 26 46 91 -1 -2
45 48 64 87 -1 61 -1 3 30 48 64 -1 -2
24 -1 20 38 45 -1 73 88 -1 -2
23 -1 9 73 97 -1 15 16 21 47 -1 -2
33 40 64 -1 47 92 99 -1 1 10 76 100 -1 -2
14 22 76 -1 18 -1 34 72 99 -1 -2
51 97 -1 6 27 -1 73 98 -1 -2
74 78 -1 75 -1 17 78 92 -1 -2
24 48 76 -1 7 43 -1 30 38 43 -1 -2
29 -1 30 -1 15 79 92 -1 -2
75 -1 69 76 -1 34 63 78 96 -1 -2
48 51 65 -1 19 20 74 83 -1 9 40 -1 -2
88 -1 94 -1 4 5 18 92 -1 -2
58 -1 4 14 84 98 -1 18 20 -1 -2
25 50 56 -1 5 75 -1 16 33 56 70 -1 -2
14 60 66 97 -1 28 -1 34 38 39 -1 -2
34 95 96 -1 4 56 81 -1 13 16 32 -1 -2
59 67 95 -1 8 62 87 96 -1 19 45 49 89 -1 -2
5 48 -1 9 26 -1 25 -1 -2
1 12 -1 34 -1 20 94 -1 -2
9 48 49 56 -1 34 -1 20 42 46 -1 -2
3 -1 25 47 69 71 -1 8 27 -1 -2
71 -1 53 -1 13 23 25 74 -1 -2
13 45 -1 6 90 -1 16 -1 -2
39 -1 62 -1 13 55 64 96 -1 -2
32 54 94 -1 15 57 65 66 -1 36 -1 -2
7 21 24 -1 37 45 90 96 -1 5 22 45 -1 -2
19 67 76 -1 2 27 61 93 -1 54 -1 -2
24 -1 52 62 -1 72 73 -1 -2
34 49 81 -1 26 56 88 -1 6 20 87 -1 -2
15 28 59 73 -1 18 32 40 42 -1 47 54 -1 -2
4 27 31 80 -1 37 -1 60 76 80 -1 -2
45 57 -1 11 56 -1 11 49 -1 -2
31 55 -1 16 96 -1 2 8 41 42 -1 -2
33 74 87 99 -1 54 63 89 93 -1 75 -1 -2
3 59 92 -1 27 79 -1 10 61 89 -1 -2
5 21 42 89 -1 36 -1 71 -1 -2
33 -1 32 50 -1 12 85 -1 -2
44 73 -1 32 83 -1 60 69 -1 -2
36 -1 11 73 90 -1 17 75 -1 -2
13 63 100 -1 68 92 -1 85 -1 -2
2 70 -1 6 -1 12 64 73 -1 -2
4 9 16 53 -1 35 53 68 -1 15 -1 -2
45 60 -1 36 80 -1 23 35 80 -1 -2
55 64 66 67 -1 6 8 14 91 -1 61 67 -1 -2
10 25 35 62 -1 62 -1 2 24 30 39 -1 -2
65 -1 87 88 91 97 -1 1 -1 -2
17 24 51 89 -1 1 50 75 95 -1 59 -1 -2
4 24 -1 31 52 91 -1 19 61 82 92 -1 -2
46 73 79 -1 19 -1 13 63 74 -1 -2
23 87 99 -1 40 83 -1 100 -1 -2
17 -1 7 16 50 89 -1 76 -1 -2
17 81 92 -1 28 48 -1 39 -1 -2
45 76 -1 51 -1 13 -1 -2
17 60 86 96 -1 8 31 -1 15 42 82 96 -1 -2
46 78 -1 49 94 98 -1 74 99 -1 -2
10 55 87 99 -1 76 88 -1 33 64 84 -1 -2
24 80 87 -1 44 64 68 89 -1 1 9 79 -1 -2
6 82 93 -1 49 68 95 -1 88 -1 -2
62 68 -1 28 -1 13 51 -1 -2
61 90 -1 47 -1 47 86 100 -1 -2
16 -1 26 39 -1 19 24 65 -1 -2
33 95 -1 9 20 60 80 -1 45 95 -1 -2
78 -1 27 66 82 -1 34 68 -1 -2
36 -1 57 79 88 -1 2 12 37 -1 -2
27 29 38 59 -1 6 73 74 -1 16 82 92 -1 -2
17 -1 21 28 42 -1 32 63 94 -1 -2
37 74 -1 5 78 87 94 -1 28 49 57 63 -1 -2
1 5 93 -1 11 40 -1 4 18 -1 -2
75 96 -1 4 32 42 89 -1 56 -1 -2
24 55 -1 26 27 30 72 -1 10 32 59 99 -1 -2
17 -1 15 20 76 90 -1 12 -1 -2
80 89 99 -1 52 63 92 -1 24 25 86 -1 -2
84 -1 63 72 -1 30 50 -1 -2
14 38 54 72 -1 69 -1 26 66 -1 -2
41 45 68 72 -1 16 -1 67 -1 -2
41 49 74 84 -1 65 98 -1 25 41 -1 -2
74 100 -1 48 -1 32 53 56 -1 -2
61 -1 81 -1 48 65 96 97 -1 -2
36 39 54 -1 37 83 -1 48 57 -1 -2
3 28 99 -1 94 -1 41 -1 -2
46 65 87 -1 34 45 59 -1 6 -1 -2
77 -1 41 54 82 84 -1 75 -1 -2
76 91 -1 48 56 81 -1 17 -1 -2
33 -1 47 66 -1 78 -1 -2
3 -1 15 37 55 88 -1 65 72 78 94 -1 -2
5 47 52 83 -1 36 94 -1 15 20 66 -1 -2
89 95 97 -1 14 52 78 83 -1 11 71 85 -1 -2
6 -1 31 41 75 -1 38 48 49 64 -1 -2
6 37 86 97 -1 6 83 98 -1 41 -1 -2
5 -1 38 46 -1 2 -1 -2
14 87 -1 10 58 98 -1 43 57 60 99 -1 -2
52 82 -1 2 6 -1 20 29 40 79 -1 -2
23 94 100 -1 30 60 61 99 -1 54 62 -1 -2
58 82 -1 19 49 92 -1 27 -1 -2
1 50 58 -1 9 14 78 -1 63 -1 -2
1 75 -1 70 90 98 -1 35 43 91 95 -1 -2
44 -1 6 -1 23 54 73 -1 -2
19 43 55 -1 3 53 60 91 -1 1 4 30 33 -1 -2
11 74 -1 17 36 77 84 -1 14 24 -1 -2
8 54 -1 10 24 25 71 -1 80 -1 -2
48 -1 6 34 42 58 -1 54 59 93 -1 -2
14 96 -1 22 61 75 -1 38 50 72 93 -1 -2
29 42 70 -1 27 33 70 -1 13 18 32 43 -1 -2
6 15 28 52 -1 8 24 -1 85 93 -1 -2
44 60 -1 12 35 -1 2 51 53 81 -1 -2
32 94 100 -1 32 47 68 88 -1 1 6 49 99 -1 -2
27 -1 14 41 65 75 -1 15 39 86 -1 -2
27 55 85 -1 8 19 51 -1 81 -1 -2
86 91 -1 43 49 79 90 -1 4 20 23 -1 -2
16 82 -1 57 84 99 -1 9 21 40 -1 -2
86 -1 38 48 84 91 -1 38 -1 -2
41 94 -1 46 -1 75 -1 -2
17 80 -1 2 7 -1 88 -1 -2
21 -1 20 29 96 -1 41 67 86 -1 -2
24 28 29 -1 5 42 81 -1 11 24 61 -1 -2
65 78 -1 34 60 75 -1 15 21 23 90 -1 -2
27 61 -1 96 -1 64 95 -1 -2
15 24 38 48 -1 9 60 66 75 -1 50 63 77 87 -1 -2
4 33 67 85 -1 24 -1 16 50 58 -1 -2
47 48 -1 92 -1 20 56 -1 -2
6 26 -1 26 -1 16 92 -1 -2
45 58 -1 40 -1 72 -1 -2
43 78 -1 36 54 91 -1 24 27 83 85 -1 -2
18 27 44 47 -1 28 52 60 -1 5 40 53 94 -1 -2
78 98 -1 4 15 47 54 -1 79 -1 -2
13 61 71 -1 56 -1 74 97 -1 -2
36 89 -1 81 -1 6 26 97 -1 -2
23 -1 15 83 -1 20 83 -1 -2
10 31 39 86 -1 31 48 88 96 -1 45 -1 -2
57 -1 71 -1 11 28 34 82 -1 -2
13 26 38 47 -1 96 -1 15 41 97 -1 -2
37 91 -1 25 -1 32 99 -1 -2
54 60 91 -1 49 -1 28 42 95 99 -1 -2
16 -1 82 -1 27 66 69 85 -1 -2
29 -1 8 67 100 -1 1 21 94 96 -1 -2
11 75 77 -1 29 -1 63 86 -1 -2
29 75 91 100 -1 5 19 47 76 -1 4 15 32 -1 -2
69 -1 79 98 -1 30 44 85 90 -1 -2
15 66 77 85 -1 5 20 31 61 -1 22 61 72 99 -1 -2
57 82 -1 49 -1 54 65 -1 -2
75 -1 99 -1 35 49 79 -1 -2
4 36 -1 59 81 -1 25 65 -1 -2
90 -1 12 67 84 100 -1 26 -1 -2
53 -1 65 -1 5 28 37 -1 -2
24 47 -1 23 53 -1 30 45 -1 -2
36 56 60 69 -1 26 53 63 88 -1 6 30 55 -1 -2
7 -1 76 98 100 -1 82 94 -1 -2
19 41 66 70 -1 53 -1 11 -1 -2
13 57 82 90 -1 52 68 71 87 -1 34 63 70 -1 -2
43 -1 43 46 -1 8 50 61 87 -1 -2
35 36 40 -1 12 53 60 -1 9 37 44 66 -1 -2
13 -1 51 72 -1 20 96 -1 -2
25 32 50 73 -1 51 -1 44 84 -1 -2
54 -1 8 70 -1 13 24 29 64 -1 -2
14 -1 98 -1 4 39 76 -1 -2
11 31 38 42 -1 61 62 71 90 -1 39 52 70 98 -1 -2
2 42 78 -1 5 -1 8 10 25 56 -1 -2
58 63 67 70 -1 3 27 76 83 -1 60 -1 -2
3 94 -1 11 16 41 -1 8 -1 -2
70 -1 28 32 88 -1 44 85 90 -1 -2
20 92 -1 44 71 77 99 -1 18 23 55 73 -1 -2
27 81 -1 15 19 24 40 -1 83 -1 -2
7 17 69 -1 13 64 73 -1 42 50 -1 -2
98 -1 31 48 66 78 -1 38 39 81 93 -1 -2
19 73 -1 63 70 100 -1 24 49 -1 -2
98 -1 37 49 51 76 -1 32 51 84 -1 -2
29 45 60 75 -1 23 -1 99 -1 -2
46 -1 21 48 98 -1 32 37 -1 -2
49 56 97 -1 25 83 85 93 -1 6 7 43 -1 -2
11 24 71 -1 34 -1 48 -1 -2
7 -1 5 22 31 -1 73 -1 -2
53 -1 51 76 -1 9 33 42 73 -1 -2
71 91 99 -1 61 69 78 81 -1 2 -1 -2
64 68 74 -1 83 -1 22 47 50 69 -1 -2
14 60 89 -1 57 68 -1 75 -1 -2
40 54 -1 24 34 -1 28 -1 -2
1 13 36 -1 9 50 -1 15 69 -1 -2
1 31 77 -1 8 35 -1 67 -1 -2
17 -1 9 11 26 96 -1 75 -1 -2
13 41 81 83 -1 55 -1 14 -1 -2
39 -1 35 82 -1 47 56 -1 -2
19 42 -1 83 -1 69 -1 -2
29 53 59 64 -1 68 -1 30 80 94 -1 -2
34 87 -1 12 59 -1 1 31 52 87 -1 -2
37 52 96 -1 89 -1 5 28 81 88 -1 -2
46 65 98 -1 45 89 -1 18 49 79 86 -1 -2
15 18 33 71 -1 10 25 98 -1 49 54 78 -1 -2
3 34 94 -1 31 35 42 92 -1 23 40 44 86 -1 -2
22 35 88 -1 79 84 -1 5 50 77 89 -1 -2
5 32 76 79 -1 52 -1 17 48 63 -1 -2
48 55 74 -1 79 -1 1 85 -1 -2
67 -1 10 35 47 -1 55 70 72 -1 -2
38 68 76 -1 5 15 39 -1 6 8 20 85 -1 -2
46 72 76 97 -1 25 26 28 -1 31 46 53 96 -1 -2
93 -1 94 -1 42 -1 -2
13 40 46 94 -1 34 84 98 -1 14 30 63 67 -1 -2
27 -1 1 65 68 86 -1 74 75 88 89 -1 -2
3 15 -1 20 57 81 93 -1 5 36 68 74 -1 -2
38 67 87 99 -1 48 -1 49 59 -1 -2
68 -1 28 99 -1 75 -1 -2
51 52 -1 10 -1 62 97 100 -1 -2
34 93 -1 16 34 89 -1 11 46 75 -1 -2
6 13 -1 31 53 92 -1 21 60 78 95 -1 -2
40 48 72 -1 7 12 23 -1 9 16 58 -1 -2
30 68 76 89 -1 42 44 57 -1 71 94 -1 -2
19 20 28 43 -1 44 73 100 -1 6 35 38 59 -1 -2
10 64 94 -1 4 -1 76 85 -1 -2
22 56 69 -1 3 17 29 50 -1 70 90 -1 -2
35 -1 6 44 90 -1 60 68 -1 -2
30 63 -1 60 75 -1 40 97 -1 -2
10 19 22 -1 7 21 -1 31 41 72 83 -1 -2
46 85 -1 62 -1 83 -1 -2
8 76 -1 66 -1 19 -1 -2
10 23 31 55 -1 43 50 64 -1 58 -1 -2
28 63 71 -1 57 65 67 87 -1 26 74 -1 -2
81 93 -1 10 41 -1 64 94 -1 -2
22 -1 44 58 84 -1 48 64 85 87 -1 -2
4 25 -1 45 -1 3 50 62 -1 -2
37 92 -1 6 43 51 56 -1 3 17 40 77 -1 -2
9 -1 1 46 91 -1 88 -1 -2
23 77 99 -1 55 56 66 78 -1 29 46 52 -1 -2
82 89 -1 22 48 74 -1 17 92 97 -1 -2
2 92 -1 53 -1 38 76 98 100 -1 -2
1 -1 67 68 -1 13 22 -1 -2
54 74 -1 16 75 -1 18 69 84 99 -1 -2
42 79 100 -1 8 84 85 87 -1 35 37 59 -1 -2
22 55 94 -1 50 61 -1 70 -1 -2
22 61 -1 4 56 64 77 -1 44 91 -1 -2
8 35 68 87 -1 13 86 -1 8 52 94 96 -1 -2
7 28 69 70 -1 4 7 8 74 -1 18 19 33 69 -1 -2
1 30 50 95 -1 24 33 75 -1 51 -1 -2
38 -1 49 57 89 -1 40 55 -1 -2
63 65 -1 18 -1 52 56 -1 -2
14 18 59 63 -1 9 22 30 -1 3 82 93 -1 -2
3 9 -1 64 -1 12 33 51 75 -1 -2
7 92 -1 69 85 -1 9 67 73 -1 -2
20 65 87 -1 30 53 56 98 -1 37 64 84 85 -1 -2
11 22 77 -1 26 45 -1 31 -1 -2
15 -1 88 -1 56 -1 -2
3 4 10 -1 48 54 80 -1 21 41 60 -1 -2
74 -1 30 48 92 -1 17 24 72 -1 -2
86 89 99 -1 10 25 76 -1 51 60 87 -1 -2
38 52 53 76 -1 20 68 73 -1 27 91 97 -1 -2
54 99 -1 36 39 -1 9 52 -1 -2
95 -1 47 79 97 -1 38 40 55 -1 -2
1 -1 79 -1 87 -1 -2
16 25 81 -1 34 -1 1 10 46 -1 -2
24 46 83 -1 58 -1 40 99 -1 -2
29 -1 3 42 65 -1 9 57 60 -1 -2
93 -1 2 46 60 -1 35 -1 -2
38 61 -1 21 -1 8 14 -1 -2
18 64 91 -1 22 33 78 99 -1 3 73 -1 -2
2 53 54 100 -1 96 -1 62 -1 -2
16 39 47 55 -1 53 -1 15 34 56 67 -1 -2
41 -1 41 49 63 71 -1 39 64 99 -1 -2
44 -1 74 92 -1 17 71 86 -1 -2
81 -1 79 -1 1 15 23 62 -1 -2
17 39 51 82 -1 27 56 -1 1 36 46 85 -1 -2
17 20 43 47 -1 89 90 96 -1 17 35 36 67 -1 -2
70 73 75 88 -1 51 88 -1 4 -1 -2
20 65 -1 80 -1 10 18 61 78 -1 -2
78 -1 1 -1 34 55 -1 -2
13 18 60 -1 15 96 -1 16 80 82 -1 -2
9 -1 8 10 54 67 -1 17 50 68 100 -1 -2
6 79 93 -1 45 68 76 -1 56 70 -1 -2
2 4 24 74 -1 13 -1 95 -1 -2
32 44 63 -1 19 -1 37 40 48 -1 -2
76 -1 54 -1 43 70 74 -1 -2
24 -1 19 27 73 -1 20 55 63 85 -1 -2
24 34 77 -1 8 35 41 63 -1 46 -1 -2
17 18 65 -1 43 78 -1 11 72 74 -1 -2
38 46 89 -1 26 41 99 100 -1 41 -1 -2
48 85 -1 12 22 30 -1 4 48 96 -1 -2
5 30 68 -1 12 50 78 98 -1 25 27 49 99 -1 -2
36 38 41 47 -1 64 77 78 -1 40 68 -1 -2
6 40 55 70 -1 42 49 59 -1 14 37 53 -1 -2
60 92 -1 14 38 41 73 -1 34 45 50 100 -1 -2
29 48 62 91 -1 34 -1 5 20 64 72 -1 -2
23 29 79 99 -1 1 22 43 68 -1 53 92 -1 -2
95 -1 5 84 -1 16 27 58 -1 -2
24 69 -1 44 49 86 -1 19 61 -1 -2
26 35 83 -1 1 8 63 97 -1 42 -1 -2
29 -1 9 -1 1 13 49 80 -1 -2
27 46 -1 5 89 -1 2 37 62 81 -1 -2
7 71 83 90 -1 7 53 59 71 -1 26 37 94 -1 -2
10 83 -1 30 96 -1 60 94 -1 -2
53 81 88 -1 14 28 57 63 -1 10 38 60 81 -1 -2
15 39 41 -1 8 95 -1 6 83 87 -1 -2
23 -1 20 26 63 -1 1 -1 -2
20 -1 12 61 -1 20 -1 -2
28 -1 6 42 -1 24 -1 -2
5 72 76 -1 14 47 48 84 -1 21 73 100 -1 -2
5 79 -1 30 69 -1 40 63 80 -1 -2
59 -1 15 50 77 -1 67 -1 -2
14 31 64 100 -1 40 87 90 -1 70 -1 -2
52 71 -1 62 88 89 -1 52 65 74 99 -1 -2
17 21 43 52 -1 20 38 100 -1 14 21 -1 -2
26 -1 4 91 -1 4 19 -1 -2
23 -1 47 90 -1 33 67 86 100 -1 -2
7 43 -1 35 46 89 100 -1 54 85 -1 -2
20 22 92 -1 32 65 69 94 -1 20 33 99 -1 -2
92 -1 28 71 77 -1 9 -1 -2
69 -1 58 -1 26 -1 -2
29 49 74 97 -1 8 71 80 97 -1 18 47 88 -1 -2
57 65 67 100 -1 90 -1 10 15 24 35 -1 -2
26 56 58 -1 36 77 80 81 -1 4 46 -1 -2
6 87 -1 37 38 64 -1 63 -1 -2
2 63 71 82 -1 86 -1 60 98 -1 -2
50 88 -1 27 73 -1 3 5 -1 -2
85 -1 86 -1 24 67 73 -1 -2
70 82 100 -1 34 96 -1 9 23 27 46 -1 -2
7 27 58 64 -1 86 -1 87 -1 -2
16 -1 1 -1 33 37 -1 -2
16 60 -1 8 -1 26 33 79 -1 -2
6 36 89 -1 30 74 -1 22 27 72 77 -1 -2
9 86 -1 2 49 63 65 -1 38 75 -1 -2
74 -1 33 92 -1 10 42 68 79 -1 -2
12 56 67 -1 16 45 -1 9 -1 -2
34 42 -1 36 39 48 100 -1 3 81 -1 -2
62 85 -1 78 -1 53 56 -1 -2
42 67 86 88 -1 8 97 100 -1 22 78 -1 -2
8 39 49 -1 88 -1 28 53 59 -1 -2
78 -1 10 78 -1 25 59 -1 -2
15 -1 9 56 58 82 -1 9 78 -1 -2
3 93 -1 25 -1 43 -1 -2
81 95 -1 21 55 58 77 -1 94 -1 -2
33 34 55 90 -1 19 21 29 34 -1 26 83 94 -1 -2
24 58 -1 43 85 87 90 -1 13 39 57 92 -1 -2
5 18 20 -1 27 50 57 -1 21 -1 -2
20 23 59 -1 52 82 -1 81 -1 -2
1 -1 2 24 89 -1 96 -1 -2
1 10 70 -1 21 37 52 97 -1 69 91 -1 -2
28 -1 36 37 94 -1 15 -1 -2
11 14 35 -1 45 -1 1 72 -1 -2
4 73 -1 22 31 73 77 -1 43 46 60 64 -1 -2
33 59 74 -1 8 62 73 75 -1 54 59 93 95 -1 -2
6 64 66 -1 53 -1 48 54 65 -1 -2
13 30 72 -1 37 46 49 95 -1 44 82 94 98 -1 -2
48 53 -1 19 35 59 72 -1 67 79 -1 -2
7 43 46 63 -1 62 -1 79 -1 -2
20 47 67 -1 10 65 71 -1 24 -1 -2
54 -1 18 46 62 -1 32 61 80 -1 -2
38 46 -1 14 40 61 74 -1 6 22 68 92 -1 -2
51 56 60 -1 64 -1 61 74 -1 -2
27 39 50 75 -1 16 -1 28 -1 -2
32 36 44 59 -1 12 52 -1 29 -1 -2
59 61 -1 4 27 68 92 -1 79 -1 -2
80 -1 21 24 62 66 -1 30 37 60 100 -1 -2
31 84 -1 18 77 -1 47 -1 -2
48 92 -1 98 -1 28 54 69 98 -1 -2
21 32 43 76 -1 36 -1 12 -1 -2
54 63 87 -1 29 59 72 95 -1 39 69 92 -1 -2
29 59 -1 56 -1 41 -1 -2
94 -1 5 48 -1 4 -1 -2
2 39 73 94 -1 1 22 -1 57 84 89 -1 -2
7 66 67 94 -1 4 43 84 -1 20 41 73 84 -1 -2
32 47 76 92 -1 1 50 55 89 -1 9 63 -1 -2
4 75 -1 54 -1 49 -1 -2
5 67 75 -1 1 8 33 49 -1 13 -1 -2
21 26 94 -1 9 35 40 95 -1 73 75 98 -1 -2
83 -1 2 79 -1 17 27 37 44 -1 -2
36 -1 86 -1 88 -1 -2
89 -1 1 20 -1 17 47 58 -1 -2
70 91 -1 15 51 88 -1 28 -1 -2
6 28 38 81 -1 54 -1 7 18 49 91 -1 -2
2 45 92 96 -1 19 -1 46 56 74 100 -1 -2
2 31 65 82 -1 18 68 71 -1 34 82 -1 -2
65 70 72 -1 44 57 -1 23 32 64 80 -1 -2
99 -1 17 39 51 74 -1 31 83 87 94 -1 -2
2 25 -1 36 43 96 98 -1 9 35 55 -1 -2
15 81 97 -1 53 74 -1 13 55 84 89 -1 -2
5 -1 22 27 -1 61 83 -1 -2
86 -1 21 65 90 -1 46 -1 -2
5 7 61 74 -1 8 -1 27 51 68 78 -1 -2
58 69 78 -1 4 6 12 50 -1 13 28 70 -1 -2
6 21 68 -1 63 -1 34 39 48 87 -1 -2
16 34 -1 10 14 71 99 -1 63 77 82 88 -1 -2
56 -1 27 53 58 74 -1 37 84 99 -1 -2
51 84 100 -1 17 25 71 77 -1 33 90 99 -1 -2
30 36 40 89 -1 63 65 87 89 -1 20 -1 -2
23 45 47 56 -1 26 -1 26 40 79 -1 -2
47 -1 19 39 53 -1 70 77 -1 -2
12 41 49 70 -1 4 61 -1 24 27 59 84 -1 -2
61 69 73 84 -1 28 33 54 73 -1 31 93 -1 -2
19 59 88 -1 6 28 45 48 -1 36 47 72 -1 -2
6 25 28 -1 38 56 86 -1 73 90 -1 -2
56 64 85 -1 14 17 -1 61 -1 -2
5 29 41 -1 1 4 73 84 -1 61 89 95 99 -1 -2
4 63 69 -1 7 45 76 -1 99 -1 -2
20 21 79 93 -1 52 -1 82 99 -1 -2
37 63 -1 7 18 49 -1 100 -1 -2
27 -1 97 -1 6 73 93 97 -1 -2
32 37 87 -1 65 -1 3 6 19 -1 -2
58 98 -1 24 37 43 -1 64 92 -1 -2
11 31 61 94 -1 69 80 -1 5 49 -1 -2
37 39 73 -1 23 -1 49 -1 -2
14 36 61 -1 21 88 -1 21 67 -1 -2
20 -1 20 49 -1 32 53 71 87 -1 -2
45 47 -1 6 53 84 -1 25 37 44 93 -1 -2
18 49 52 -1 21 37 64 89 -1 10 16 84 -1 -2
7 8 23 65 -1 17 62 -1 41 68 -1 -2
11 -1 82 85 -1 25 -1 -2
10 57 72 89 -1 78 95 -1 13 51 68 -1 -2
55 75 -1 95 -1 21 34 63 -1 -2
7 43 71 -1 91 -1 3 20 55 71 -1 -2
29 61 69 -1 1 18 -1 16 21 -1 -2
2 32 59 -1 3 23 -1 21 34 72 -1 -2
14 59 73 95 -1 98 -1 24 32 61 -1 -2
24 62 -1 58 94 -1 22 -1 -2
23 51 66 -1 41 -1 49 90 -1 -2
9 50 68 -1 51 96 -1 21 -1 -2
25 -1 15 48 -1 20 36 39 -1 -2
70 -1 51 59 79 82 -1 23 57 59 -1 -2
26 59 60 -1 9 46 52 -1 15 -1 -2
53 100 -1 53 -1 31 38 59 -1 -2
17 30 52 55 -1 28 30 49 88 -1 58 79 -1 -2
47 63 -1 24 26 61 -1 47 48 83 85 -1 -2
20 30 42 75 -1 27 30 48 -1 3 81 93 -1 -2
100 -1 99 -1 23 81 -1 -2
13 46 80 -1 31 -1 17 63 -1 -2
3 64 -1 17 39 -1 7 41 51 97 -1 -2
41 58 -1 9 45 49 51 -1 50 -1 -2
28 58 -1 80 -1 39 65 92 98 -1 -2
100 -1 13 25 -1 39 63 75 91 -1 -2
6 76 100 -1 93 -1 8 -1 -2
11 43 59 76 -1 64 66 -1 12 47 48 51 -1 -2
75 -1 2 5 13 24 -1 4 76 -1 -2
1 35 53 58 -1 34 65 71 -1 6 44 87 -1 -2
29 52 76 81 -1 10 57 -1 46 -1 -2
15 19 61 72 -1 4 65 68 81 -1 20 30 40 75 -1 -2
4 23 42 59 -1 63 78 -1 5 30 54 79 -1 -2
78 88 -1 30 78 -1 8 10 36 53 -1 -2
46 51 53 -1 39 69 75 95 -1 80 84 -1 -2
9 15 63 100 -1 20 67 -1 92 -1 -2
21 37 69 -1 42 52 60 -1 89 -1 -2
27 -1 29 55 63 -1 34 70 73 75 -1 -2
91 -1 37 -1 12 72 -1 -2
84 -1 35 -1 17 -1 -2
43 44 51 62 -1 8 80 93 95 -1 6 28 54 76 -1 -2
90 -1 2 19 66 -1 73 99 -1 -2
13 30 50 76 -1 2 51 58 -1 29 91 92 100 -1 -2
28 79 -1 40 72 73 -1 68 -1 -2
15 31 95 -1 7 38 82 96 -1 21 84 -1 -2
7 30 40 49 -1 4 -1 16 51 54 -1 -2
30 37 73 -1 55 66 75 87 -1 59 -1 -2
26 32 44 48 -1 17 27 46 -1 34 93 -1 -2
23 32 80 -1 23 39 -1 62 72 -1 -2
94 96 -1 25 53 76 -1 15 -1 -2
85 -1 2 47 -1 20 59 -1 -2
33 54 60 62 -1 9 26 65 90 -1 24 -1 -2
8 28 65 -1 19 23 62 71 -1 50 78 -1 -2
6 63 66 75 -1 26 39 78 92 -1 22 -1 -2
11 34 53 -1 7 48 59 82 -1 83 89 90 94 -1 -2
7 69 93 95 -1 17 88 -1 2 65 100 -1 -2
2 39 51 69 -1 63 91 -1 26 31 -1 -2
4 57 88 97 -1 76 -1 53 82 -1 -2
43 -1 66 76 77 -1 60 70 79 88 -1 -2
73 -1 5 22 30 53 -1 70 -1 -2
90 -1 13 45 48 60 -1 39 71 -1 -2
89 -1 58 72 80 94 -1 55 74 -1 -2
22 -1 61 -1 12 27 85 86 -1 -2
3 40 57 -1 6 62 67 77 -1 31 77 96 -1 -2
45 -1 56 70 87 -1 16 28 39 77 -1 -2
73 -1 70 72 -1 3 -1 -2
1 2 42 83 -1 19 53 58 99 -1 66 87 94 -1 -2
22 -1 18 19 43 92 -1 68 85 100 -1 -2
13 40 83 -1 2 25 -1 74 -1 -2
13 16 83 -1 43 73 -1 27 36 51 58 -1 -2
39 48 74 77 -1 64 98 -1 20 -1 -2
55 90 -1 61 74 -1 1 41 70 93 -1 -2
30 -1 72 94 -1 76 -1 -2
12 48 -1 62 78 -1 34 -1 -2
7 63 68 -1 49 54 65 -1 17 27 38 72 -1 -2
34 -1 32 87 90 -1 66 72 95 -1 -2
34 72 79 -1 34 48 67 70 -1 9 86 -1 -2
23 35 47 81 -1 13 28 40 100 -1 72 86 -1 -2
6 45 64 -1 18 23 53 99 -1 6 -1 -2
14 32 94 -1 13 73 79 98 -1 51 82 93 94 -1 -2
9 13 99 -1 88 -1 14 56 -1 -2
46 84 92 94 -1 78 -1 8 15 24 -1 -2
23 25 66 -1 40 47 92 -1 8 56 -1 -2
18 90 -1 6 89 -1 21 97 -1 -2
10 21 -1 21 42 45 66 -1 90 -1 -2
23 25 94 -1 9 17 -1 6 -1 -2
42 69 79 -1 5 85 -1 72 -1 -2
55 93 -1 11 98 100 -1 18 40 64 99 -1 -2
11 79 -1 77 -1 16 97 -1 -2
89 -1 26 -1 4 52 74 91 -1 -2
4 -1 1 2 52 89 -1 5 72 -1 -2
30 34 60 80 -1 58 83 -1 10 27 30 84 -1 -2
2 23 24 -1 59 68 72 83 -1 56 76 -1 -2
31 89 -1 16 -1 73 100 -1 -2
61 66 70 -1 57 -1 81 -1 -2
16 52 80 -1 33 45 58 99 -1 53 -1 -2
37 51 64 87 -1 3 37 76 90 -1 41 -1 -2
25 28 83 -1 41 61 77 96 -1 64 -1 -2
12 39 81 83 -1 14 60 64 95 -1 50 54 73 94 -1 -2
37 40 86 87 -1 37 -1 24 30 44 82 -1 -2
7 21 79 91 -1 95 -1 69 -1 -2
15 21 52 -1 54 71 -1 9 78 88 90 -1 -2
53 -1 84 -1 53 -1 -2
43 -1 55 64 89 98 -1 56 94 97 -1 -2
36 37 73 89 -1 36 42 -1 3 7 47 71 -1 -2
5 27 82 96 -1 40 -1 11 24 54 64 -1 -2
78 -1 11 54 70 98 -1 49 72 98 -1 -2
38 66 -1 32 -1 14 18 -1 -2
1 10 29 51 -1 13 -1 3 90 91 -1 -2
6 67 99 -1 89 -1 2 100 -1 -2
48 55 92 93 -1 75 -1 37 53 97 -1 -2
5 17 72 -1 15 75 97 -1 7 77 79 95 -1 -2
57 61 70 83 -1 12 28 58 67 -1 19 22 59 85 -1 -2
24 56 74 -1 18 59 75 82 -1 32 50 63 -1 -2
36 -1 26 28 69 70 -1 71 83 -1 -2
37 42 60 -1 3 9 11 33 -1 22 100 -1 -2
39 43 65 99 -1 33 54 100 -1 65 70 75 -1 -2
33 45 78 -1 30 51 68 -1 60 -1 -2
61 93 -1 1 17 18 36 -1 11 26 70 86 -1 -2
10 21 -1 44 48 -1 14 26 58 -1 -2
35 73 -1 4 37 64 96 -1 31 90 -1 -2
40 55 -1 32 37 94 -1 14 22 28 -1 -2
7 57 74 96 -1 35 76 -1 31 75 -1 -2
63 72 -1 21 34 59 73 -1 8 -1 -2
31 41 -1 32 74 94 96 -1 45 46 76 91 -1 -2
76 80 83 100 -1 4 15 29 78 -1 41 43 -1 -2
93 98 -1 16 74 -1 53 73 90 93 -1 -2
42 -1 7 -1 96 -1 -2
70 -1 7 29 31 -1 49 81 -1 -2
1 12 64 78 -1 37 -1 26 50 -1 -2
76 92 -1 21 51 66 74 -1 91 -1 -2
63 82 84 -1 8 13 70 -1 55 -1 -2
56 87 -1 3 36 62 -1 65 -1 -2
7 30 33 55 -1 7 -1 2 -1 -2
78 -1 99 -1 4 7 61 76 -1 -2
51 -1 14 54 59 80 -1 13 37 68 -1 -2
3 20 49 99 -1 70 94 -1 77 88 93 -1 -2
71 92 -1 71 -1 48 54 -1 -2
66 77 -1 10 25 69 73 -1 92 93 -1 -2
51 -1 7 68 -1 82 87 89 -1 -2
68 84 85 -1 12 23 69 -1 47 74 93 96 -1 -2
15 -1 10 26 48 61 -1 35 -1 -2
8 15 17 -1 9 27 63 75 -1 49 87 -1 -2
46 -1 45 -1 6 8 31 -1 -2
42 79 81 87 -1 25 83 -1 61 74 -1 -2
5 13 20 56 -1 27 69 83 85 -1 1 44 54 -1 -2
16 26 41 -1 30 -1 66 80 85 92 -1 -2
7 20 60 75 -1 18 -1 5 27 45 -1 -2
1 67 88 91 -1 11 34 69 -1 2 37 56 -1 -2
24 30 67 -1 1 19 59 69 -1 10 -1 -2
27 47 76 -1 41 52 64 95 -1 19 46 -1 -2
57 -1 9 35 46 78 -1 2 17 31 -1 -2
2 85 87 -1 65 74 -1 1 14 51 -1 -2
85 89 -1 8 51 63 74 -1 15 -1 -2
44 78 95 -1 58 95 -1 60 82 91 100 -1 -2
30 47 60 95 -1 58 100 -1 33 67 -1 -2
1 49 89 -1 88 -1 31 -1 -2
4 36 -1 3 6 -1 4 29 33 -1 -2
26 82 -1 20 -1 8 96 -1 -2
13 80 -1 48 51 -1 7 48 72 -1 -2
63 -1 21 84 -1 4 48 58 67 -1 -2
13 -1 4 17 82 84 -1 9 72 -1 -2
5 34 43 -1 30 -1 6 14 -1 -2
33 38 40 72 -1 8 -1 34 71 -1 -2
48 53 56 65 -1 44 55 80 85 -1 21 39 69 72 -1 -2
27 -1 18 82 -1 22 29 30 56 -1 -2
84 -1 14 16 18 -1 38 41 65 85 -1 -2
94 -1 24 30 53 85 -1 3 65 -1 -2
17 50 93 -1 22 46 50 -1 79 -1 -2
9 50 77 83 -1 7 12 77 -1 47 66 -1 -2
41 80 82 98 -1 31 73 -1 74 -1 -2
2 17 49 74 -1 56 -1 17 51 65 71 -1 -2
27 36 55 -1 11 53 62 89 -1 21 52 66 -1 -2
13 68 90 91 -1 7 9 37 -1 26 37 48 -1 -2
33 86 92 -1 16 -1 16 55 88 -1 -2
14 36 81 -1 30 83 -1 43 63 69 94 -1 -2
6 -1 33 86 -1 25 69 94 97 -1 -2
88 89 -1 3 57 -1 9 -1 -2
16 -1 32 44 -1 22 58 62 84 -1 -2
2 3 14 41 -1 3 45 68 -1 1 9 59 67 -1 -2
54 -1 14 15 23 75 -1 30 99 -1 -2
63 -1 4 12 64 100 -1 59 -1 -2
9 34 87 -1 77 -1 48 -1 -2
38 48 94 -1 43 69 100 -1 36 37 71 89 -1 -2
27 -1 2 -1 21 38 54 87 -1 -2
45 55 -1 12 23 45 -1 1 59 66 71 -1 -2
52 55 97 -1 2 9 19 -1 5 30 74 -1 -2
15 70 73 92 -1 28 31 56 99 -1 7 28 83 -1 -2
14 17 93 100 -1 46 83 91 -1 5 31 42 89 -1 -2
21 23 24 59 -1 7 39 69 -1 17 69 -1 -2
6 36 90 -1 6 26 85 -1 32 78 99 -1 -2
25 29 54 65 -1 24 -1 60 -1 -2
23 54 99 -1 41 62 -1 6 30 68 -1 -2
8 13 72 94 -1 25 69 -1 28 47 87 -1 -2
26 51 -1 17 54 -1 41 46 -1 -2
26 -1 4 54 -1 22 36 54 62 -1 -2
35 58 71 95 -1 3 24 95 -1 5 9 63 76 -1 -2
18 25 52 71 -1 7 13 31 62 -1 6 51 82 98 -1 -2
30 68 85 -1 4 45 76 85 -1 14 35 43 55 -1 -2
45 59 -1 35 70 -1 50 77 82 -1 -2
61 99 -1 15 35 -1 22 38 76 -1 -2
24 29 81 -1 22 56 85 -1 15 19 39 93 -1 -2
8 76 96 -1 3 62 69 -1 12 -1 -2
2 6 73 95 -1 26 88 -1 7 29 47 87 -1 -2
66 -1 83 -1 33 69 -1 -2
97 -1 34 59 99 -1 16 -1 -2
15 100 -1 7 63 -1 13 26 37 92 -1 -2
50 52 -1 33 91 -1 20 37 69 -1 -2
29 47 82 -1 6 9 15 84 -1 10 40 -1 -2
15 39 44 -1 57 76 -1 98 -1 -2
19 60 93 -1 40 -1 36 -1 -2
32 -1 44 -1 19 81 88 -1 -2
9 60 -1 77 -1 7 59 99 -1 -2
20 44 56 -1 20 21 37 76 -1 19 92 -1 -2
97 -1 47 56 98 -1 49 -1 -2
20 44 76 90 -1 18 47 88 94 -1 35 70 76 85 -1 -2
91 -1 87 -1 22 96 -1 -2
5 69 82 97 -1 46 -1 34 71 86 92 -1 -2
78 -1 35 39 82 -1 17 21 42 -1 -2
83 -1 15 -1 63 -1 -2
45 47 65 94 -1 62 79 87 95 -1 25 -1 -2
39 -1 6 49 68 -1 49 -1 -2
23 33 51 78 -1 36 70 -1 59 -1 -2
43 100 -1 19 20 32 99 -1 24 65 70 92 -1 -2
12 30 88 -1 21 40 94 -1 15 50 53 94 -1 -2
37 98 -1 5 -1 5 43 69 100 -1 -2
38 76 -1 45 52 90 -1 42 46 81 82 -1 -2
1 96 -1 74 -1 63 -1 -2
33 43 66 -1 39 95 -1 60 -1 -2
32 -1 28 95 -1 2 21 28 -1 -2
13 78 -1 61 -1 47 -1 -2
9 -1 45 76 78 -1 1 -1 -2
34 99 -1 5 93 -1 69 71 75 -1 -2
69 -1 44 -1 16 36 -1 -2
58 -1 62 84 -1 17 52 -1 -2
78 -1 16 28 67 -1 3 29 32 49 -1 -2
49 77 90 -1 31 -1 3 52 77 82 -1 -2
6 27 83 85 -1 21 30 39 -1 34 45 -1 -2
18 35 74 95 -1 7 49 -1 4 6 -1 -2
12 13 52 -1 11 85 96 -1 87 91 -1 -2
14 77 99 -1 17 20 87 -1 69 72 100 -1 -2
27 86 93 100 -1 16 36 67 94 -1 43 -1 -2
2 16 98 -1 31 80 -1 32 -1 -2
52 -1 11 47 56 89 -1 62 95 97 -1 -2
10 -1 31 55 79 -1 8 39 81 -1 -2
4 85 87 -1 7 8 85 86 -1 76 96 -1 -2
17 53 79 83 -1 44 50 70 100 -1 59 100 -1 -2
22 32 39 99 -1 39 53 -1 12 93 -1 -2
14 16 50 -1 48 -1 15 17 82 93 -1 -2
1 -1 7 98 -1 16 -1 -2
17 51 90 -1 12 47 78 85 -1 94 -1 -2
22 24 29 -1 60 -1 44 53 -1 -2
24 98 -1 34 100 -1 52 74 90 96 -1 -2
44 60 94 -1 60 68 80 -1 16 25 72 -1 -2
96 -1 3 32 46 -1 42 88 94 97 -1 -2
22 24 -1 35 44 -1 74 -1 -2
44 57 64 84 -1 23 33 71 90 -1 34 46 51 69 -1 -2
10 20 63 73 -1 3 69 71 -1 21 60 84 86 -1 -2
1 49 88 -1 10 -1 1 39 -1 -2
54 60 90 93 -1 2 16 23 74 -1 23 24 -1 -2
4 75 -1 19 -1 87 -1 -2
19 45 73 77 -1 80 99 -1 25 27 63 -1 -2
10 22 23 48 -1 12 74 85 -1 15 21 -1 -2
5 -1 38 -1 26 -1 -2
76 -1 38 82 -1 17 28 39 95 -1 -2
46 86 -1 26 55 68 81 -1 13 57 76 -1 -2
24 -1 38 39 53 92 -1 15 63 -1 -2
16 36 41 -1 3 53 84 94 -1 21 61 -1 -2
8 9 12 45 -1 83 91 -1 33 37 72 99 -1 -2
10 -1 60 -1 47 80 -1 -2
73 78 -1 76 -1 33 -1 -2
77 -1 36 55 78 -1 5 35 60 -1 -2
4 34 78 -1 8 -1 12 85 -1 -2
2 -1 37 52 55 63 -1 46 70 -1 -2
50 -1 27 54 100 -1 51 58 66 67 -1 -2
9 39 -1 12 17 97 -1 69 85 -1 -2
6 60 96 -1 15 72 -1 26 60 67 71 -1 -2
35 67 73 -1 34 53 71 73 -1 85 -1 -2
84 95 -1 3 11 52 71 -1 4 65 85 -1 -2
27 46 77 -1 47 79 -1 20 23 27 99 -1 -2
14 17 26 33 -1 15 46 86 87 -1 14 20 94 -1 -2
7 -1 20 23 -1 32 -1 -2
15 70 90 -1 10 32 -1 15 86 -1 -2
46 65 -1 2 91 -1 19 49 82 -1 -2
22 -1 5 74 -1 19 97 -1 -2
17 54 95 -1 18 39 83 -1 27 90 -1 -2
80 87 -1 19 -1 39 46 -1 -2
57 -1 37 -1 48 65 -1 -2
18 96 -1 91 -1 99 -1 -2
18 -1 32 55 61 -1 17 87 88 -1 -2
15 25 -1 15 50 71 90 -1 33 57 79 -1 -2
35 43 91 100 -1 45 74 -1 3 81 98 -1 -2
15 17 27 97 -1 15 53 -1 44 89 -1 -2
4 16 73 -1 41 75 -1 68 -1 -2
47 50 58 72 -1 32 57 81 -1 6 9 12 96 -1 -2
54 -1 8 10 97 -1 18 -1 -2
8 29 66 -1 18 48 56 97 -1 39 68 79 90 -1 -2
17 -1 63 94 99 -1 4 63 -1 -2
24 39 -1 10 25 64 -1 84 -1 -2
45 61 76 -1 12 40 76 82 -1 25 42 64 95 -1 -2
53 -1 2 19 -1 67 -1 -2
23 32 46 58 -1 1 40 -1 62 76 95 -1 -2
1 14 63 87 -1 43 52 -1 3 27 -1 -2
8 13 64 -1 25 53 94 -1 96 -1 -2
22 59 75 -1 6 11 47 -1 19 30 -1 -2
68 -1 42 58 72 86 -1 45 48 68 73 -1 -2
45 73 84 92 -1 14 -1 46 71 75 -1 -2
27 42 83 -1 12 35 55 -1 12 24 32 70 -1 -2
63 87 91 -1 85 90 -1 4 43 85 98 -1 -2
26 44 89 -1 15 26 32 45 -1 44 -1 -2
91 -1 81 -1 2 37 92 -1 -2
28 29 75 84 -1 61 68 -1 6 13 89 92 -1 -2
8 -1 13 41 70 -1 9 12 23 73 -1 -2
38 -1 43 84 -1 17 24 46 -1 -2
8 17 -1 14 58 64 98 -1 49 62 -1 -2
39 46 66 86 -1 21 40 -1 99 -1 -2
3 62 77 82 -1 12 27 -1 30 36 45 82 -1 -2
24 49 -1 8 12 48 -1 4 31 55 100 -1 -2
18 -1 38 69 97 -1 58 59 91 -1 -2
28 -1 22 29 98 -1 54 73 74 -1 -2
12 63 -1 13 27 55 -1 72 93 -1 -2
56 57 -1 40 98 -1 32 43 53 58 -1 -2
8 38 -1 6 56 71 97 -1 28 -1 -2
1 8 25 95 -1 13 52 63 -1 64 68 93 -1 -2
9 -1 16 41 -1 29 -1 -2
10 52 -1 9 80 83 97 -1 6 48 -1 -2
34 52 86 -1 85 -1 24 41 87 92 -1 -2
30 -1 14 17 79 81 -1 21 35 71 -1 -2
48 62 -1 24 -1 32 56 59 99 -1 -2
61 -1 5 34 78 95 -1 19 32 37 80 -1 -2
14 18 76 -1 13 26 60 71 -1 2 43 -1 -2
13 -1 27 35 52 72 -1 30 52 55 85 -1 -2
77 80 -1 5 11 16 91 -1 76 -1 -2
7 86 -1 5 33 64 68 -1 82 94 -1 -2
32 40 45 87 -1 44 69 88 97 -1 35 42 49 81 -1 -2
6 36 61 -1 53 79 85 -1 19 83 -1 -2
1 60 -1 2 44 64 74 -1 61 -1 -2
3 38 50 66 -1 50 93 -1 31 35 52 -1 -2
5 16 -1 47 77 93 -1 24 44 66 -1 -2
5 49 -1 30 35 43 91 -1 21 55 73 83 -1 -2
56 -1 19 39 88 -1 95 -1 -2
28 30 39 -1 26 -1 10 30 40 -1 -2
4 47 100 -1 31 -1 3 -1 -2
1 56 78 87 -1 67 95 -1 1 55 -1 -2
69 -1 85 90 -1 2 29 33 67 -1 -2
36 44 -1 47 80 95 -1 59 78 -1 -2
3 11 34 40 -1 85 -1 41 -1 -2
41 69 80 -1 31 72 81 91 -1 52 69 92 -1 -2
40 49 51 93 -1 5 41 -1 4 6 50 58 -1 -2
50 -1 23 48 97 -1 23 -1 -2
9 46 55 64 -1 28 31 87 -1 8 29 58 78 -1 -2
19 20 48 98 -1 84 -1 20 39 60 -1 -2
35 61 79 -1 35 89 -1 13 44 -1 -2
11 38 88 94 -1 60 -1 50 71 81 -1 -2
98 -1 17 23 35 -1 36 54 68 80 -1 -2
34 -1 66 73 100 -1 33 69 75 -1 -2
60 90 -1 28 76 -1 25 44 -1 -2
38 -1 26 -1 52 74 95 -1 -2
35 42 90 99 -1 24 29 60 -1 2 7 55 79 -1 -2
17 40 90 -1 93 -1 51 94 -1 -2
41 -1 4 12 28 88 -1 12 36 69 88 -1 -2
2 4 26 -1 16 36 59 -1 37 41 53 61 -1 -2
13 15 37 84 -1 2 40 52 89 -1 30 90 99 -1 -2
39 52 82 -1 54 -1 18 -1 -2
58 64 74 -1 29 51 -1 18 26 87 100 -1 -2
51 -1 37 58 70 -1 15 33 59 68 -1 -2
26 -1 31 34 52 61 -1 93 100 -1 -2
42 60 70 -1 3 42 50 99 -1 48 63 -1 -2
4 28 58 -1 43 69 79 -1 18 -1 -2
8 35 93 -1 22 30 51 72 -1 35 99 -1 -2
40 61 64 -1 80 -1 23 89 -1 -2
21 -1 12 -1 59 98 -1 -2
4 5 62 84 -1 8 71 80 -1 10 56 -1 -2
27 30 83 91 -1 29 99 -1 33 -1 -2
25 46 -1 33 -1 32 36 69 98 -1 -2
63 81 -1 35 60 -1 17 34 62 90 -1 -2
20 -1 28 86 -1 27 60 -1 -2
64 79 -1 31 75 -1 15 26 57 -1 -2
34 92 -1 4 51 90 -1 96 -1 -2
28 35 77 -1 20 -1 11 31 37 -1 -2
9 22 59 72 -1 21 -1 3 47 -1 -2
74 -1 89 -1 49 51 -1 -2
23 79 -1 17 20 63 94 -1 46 62 75 -1 -2
16 19 68 87 -1 1 36 83 97 -1 23 47 67 69 -1 -2
3 25 62 72 -1 35 66 -1 20 46 -1 -2
86 -1 11 52 -1 56 87 -1 -2
26 36 58 83 -1 30 56 76 99 -1 24 -1 -2
25 32 34 38 -1 15 -1 2 83 -1 -2
9 29 31 44 -1 17 35 56 71 -1 42 68 82 -1 -2
37 43 -1 29 63 81 -1 2 54 57 77 -1 -2
10 21 55 -1 2 81 -1 93 -1 -2
11 16 68 -1 54 63 85 97 -1 48 57 79 -1 -2
17 24 68 70 -1 28 46 94 95 -1 51 69 71 82 -1 -2
21 43 -1 21 28 44 88 -1 18 31 -1 -2
8 57 -1 27 67 -1 35 72 -1 -2
27 35 57 -1 24 74 93 -1 11 43 95 -1 -2
56 98 -1 33 51 76 90 -1 5 9 46 -1 -2
81 -1 73 96 -1 17 33 46 86 -1 -2
1 18 93 -1 24 -1 16 18 55 -1 -2
10 62 -1 4 26 56 -1 30 71 -1 -2
29 -1 15 21 96 -1 69 95 -1 -2
31 35 -1 26 63 -1 36 78 -1 -2
13 81 85 91 -1 15 20 57 -1 37 -1 -2
16 37 60 77 -1 60 65 91 94 -1 2 71 84 86 -1 -2
4 41 54 -1 5 14 -1 8 10 16 79 -1 -2
59 -1 3 58 -1 64 -1 -2
52 64 68 -1 29 83 -1 89 -1 -2
12 39 65 95 -1 48 77 89 -1 23 59 -1 -2
72 -1 33 67 -1 20 23 44 81 -1 -2
7 46 -1 3 5 90 -1 36 -1 -2
27 90 95 -1 3 16 94 -1 16 99 -1 -2
47 65 -1 23 -1 29 38 70 94 -1 -2
10 54 84 87 -1 11 51 -1 15 49 63 76 -1 -2
44 69 -1 15 39 -1 4 12 -1 -2
43 81 -1 50 55 57 68 -1 54 69 93 -1 -2
72 87 -1 45 63 80 -1 97 -1 -2
13 49 66 -1 18 20 85 92 -1 25 80 -1 -2
7 -1 15 -1 23 -1 -2
1 2 41 42 -1 91 -1 22 65 -1 -2
62 -1 5 44 48 53 -1 24 -1 -2
24 -1 1 23 49 51 -1 30 39 58 61 -1 -2
100 -1 26 -1 32 75 -1 -2
37 72 -1 74 -1 2 20 56 66 -1 -2
21 38 96 100 -1 99 -1 60 -1 -2
40 62 -1 17 41 47 55 -1 16 23 52 90 -1 -2
97 -1 10 16 59 60 -1 5 85 -1 -2
35 65 -1 9 37 68 85 -1 11 83 90 94 -1 -2
24 65 87 97 -1 72 -1 52 58 73 96 -1 -2
31 -1 11 19 -1 3 49 51 -1 -2
18 34 54 64 -1 82 -1 42 58 76 86 -1 -2
36 -1 9 -1 18 19 63 92 -1 -2
49 -1 28 59 61 98 -1 52 -1 -2
8 15 47 -1 90 -1 4 6 88 -1 -2
3 20 35 83 -1 11 -1 57 -1 -2
21 24 61 100 -1 15 72 -1 29 54 72 91 -1 -2
23 56 -1 29 81 -1 28 61 97 98 -1 -2
24 53 80 100 -1 29 -1 71 72 77 85 -1 -2
77 79 -1 6 28 60 -1 1 56 63 95 -1 -2
6 -1 22 41 -1 13 20 82 100 -1 -2
1 4 29 30 -1 2 60 65 92 -1 41 78 -1 -2
8 24 83 -1 2 68 87 93 -1 7 10 72 76 -1 -2
12 51 72 -1 12 26 77 97 -1 16 51 79 -1 -2
1 3 12 40 -1 38 48 57 94 -1 45 -1 -2
58 65 84 93 -1 62 -1 17 31 72 73 -1 -2
3 36 46 -1 15 54 99 -1 29 39 72 98 -1 -2
23 56 89 94 -1 5 8 27 -1 1 19 52 54 -1 -2
72 79 -1 12 64 -1 52 94 -1 -2
19 23 27 53 -1 23 61 -1 34 91 98 -1 -2
12 17 52 62 -1 76 96 -1 77 82 98 -1 -2
2 44 71 78 -1 24 54 58 96 -1 7 17 64 80 -1 -2
9 64 95 -1 30 -1 46 63 -1 -2
3 -1 66 -1 55 63 -1 -2
30 -1 44 95 -1 3 -1 -2
3 7 22 36 -1 22 48 -1 11 46 62 -1 -2
1 7 24 29 -1 81 85 87 -1 10 13 19 97 -1 -2
9 24 53 69 -1 1 23 88 -1 100 -1 -2
37 64 80 -1 25 47 -1 15 30 53 82 -1 -2
17 29 40 -1 28 47 -1 26 80 -1 -2
49 55 61 -1 28 51 94 -1 41 42 55 -1 -2
52 77 85 -1 13 55 72 -1 44 -1 -2
69 -1 33 68 -1 45 59 68 88 -1 -2
3 70 -1 11 20 39 -1 21 54 -1 -2
52 -1 51 72 -1 36 41 57 -1 -2
19 51 68 -1 7 -1 14 33 -1 -2
53 59 -1 20 35 85 -1 20 -1 -2
14 17 31 -1 70 90 93 -1 8 13 23 -1 -2
19 65 -1 24 58 -1 80 -1 -2
44 -1 26 27 93 -1 54 -1 -2
59 -1 41 -1 40 44 52 -1 -2
8 -1 6 50 53 94 -1 53 54 -1 -2
16 54 67 -1 20 -1 4 28 62 -1 -2
73 -1 86 -1 60 69 98 -1 -2
4 32 33 75 -1 13 14 79 -1 27 83 -1 -2
83 90 96 -1 31 59 -1 36 42 46 49 -1 -2
52 55 -1 19 95 -1 62 -1 -2
25 62 69 70 -1 3 65 97 -1 34 44 91 -1 -2
1 29 81 -1 16 42 55 -1 4 45 -1 -2
53 60 71 96 -1 41 53 73 -1 17 -1 -2
31 74 77 -1 53 -1 2 5 -1 -2
27 42 58 90 -1 15 -1 34 49 -1 -2
12 68 90 -1 47 62 69 -1 3 7 56 71 -1 -2
36 92 100 -1 6 12 14 -1 10 16 55 91 -1 -2
33 42 52 -1 10 30 82 -1 49 96 -1 -2
11 25 42 65 -1 69 84 -1 21 33 54 -1 -2
8 11 50 72 -1 43 96 -1 7 33 56 -1 -2
70 -1 29 -1 39 62 89 -1 -2
58 66 68 81 -1 64 92 -1 11 73 77 78 -1 -2
72 -1 26 58 87 90 -1 70 93 -1 -2
55 -1 11 51 -1 60 85 -1 -2
23 67 -1 84 -1 23 71 81 86 -1 -2
33 -1 10 28 68 -1 70 -1 -2
96 -1 22 -1 11 32 64 81 -1 -2
1 32 96 -1 2 32 68 97 -1 45 -1 -2
22 24 80 100 -1 3 6 64 79 -1 1 5 42 45 -1 -2
31 -1 32 75 -1 36 -1 -2
62 -1 91 96 -1 32 43 68 -1 -2
10 66 88 -1 54 55 -1 7 39 65 99 -1 -2
5 32 47 71 -1 5 43 44 -1 33 61 -1 -2
57 68 80 -1 7 50 54 -1 88 -1 -2
6 -1 20 32 38 59 -1 9 -1 -2
21 58 -1 52 64 99 -1 35 40 44 -1 -2
42 -1 90 -1 6 9 37 86 -1 -2
13 63 87 -1 8 -1 7 28 57 78 -1 -2
22 60 -1 6 30 39 -1 46 80 95 -1 -2
21 22 84 -1 4 28 44 75 -1 13 27 84 85 -1 -2
42 99 -1 13 -1 23 -1 -2
68 73 -1 18 33 -1 53 94 -1 -2
46 64 82 -1 25 34 44 86 -1 18 58 71 78 -1 -2
4 50 98 -1 22 52 -1 6 25 42 43 -1 -2
18 24 25 50 -1 2 3 93 98 -1 45 53 -1 -2
36 -1 43 56 -1 24 45 76 -1 -2
10 15 65 -1 13 65 79 -1 9 36 38 89 -1 -2
18 29 -1 13 42 98 -1 82 -1 -2
46 62 93 95 -1 52 74 94 -1 87 94 -1 -2
49 54 91 -1 10 84 87 93 -1 72 -1 -2
72 82 -1 87 89 -1 26 57 59 65 -1 -2
5 6 91 -1 50 99 -1 21 27 72 -1 -2
27 44 81 97 -1 16 28 61 99 -1 3 46 60 79 -1 -2
24 51 71 94 -1 42 78 -1 35 39 99 -1 -2
30 63 67 91 -1 54 60 78 85 -1 23 32 98 100 -1 -2
77 -1 7 20 24 -1 52 64 -1 -2
84 -1 3 -1 58 82 97 -1 -2
7 8 19 28 -1 10 33 69 -1 62 -1 -2
1 57 62 75 -1 83 -1 13 18 47 -1 -2
22 26 75 79 -1 7 15 44 95 -1 55 73 87 -1 -2
16 35 50 72 -1 11 91 -1 5 9 22 83 -1 -2
6 54 86 87 -1 73 92 -1 39 -1 -2
53 58 78 98 -1 1 9 20 -1 43 51 55 -1 -2
37 48 73 -1 3 60 70 -1 60 87 -1 -2
72 -1 45 -1 1 13 51 -1 -2
30 47 -1 24 59 84 -1 4 46 65 87 -1 -2
26 30 67 70 -1 16 51 78 -1 83 -1 -2
55 73 90 -1 54 85 98 -1 66 -1 -2
21 40 90 100 -1 10 -1 43 100 -1 -2
56 -1 43 51 -1 36 57 -1 -2
81 -1 24 60 -1 27 29 61 89 -1 -2
43 75 77 83 -1 64 80 -1 79 -1 -2
16 -1 49 -1 19 43 82 -1 -2
30 48 75 -1 30 36 44 70 -1 26 28 94 -1 -2
24 51 57 86 -1 68 96 -1 8 -1 -2
88 -1 11 -1 4 9 72 86 -1 -2
72 90 92 -1 11 76 -1 34 36 62 76 -1 -2
23 75 86 -1 11 19 64 -1 15 44 65 84 -1 -2
92 -1 19 22 65 -1 24 34 81 -1 -2
88 91 95 -1 41 76 -1 28 34 -1 -2
9 -1 24 29 56 -1 21 25 54 -1 -2
11 36 40 -1 61 63 91 -1 44 52 60 91 -1 -2
27 100 -1 3 35 74 79 -1 9 -1 -2
15 39 60 88 -1 58 59 -1 10 -1 -2
26 46 56 -1 62 63 88 -1 52 70 -1 -2
15 56 59 79 -1 21 65 99 -1 27 65 86 -1 -2
42 63 83 -1 41 -1 47 -1 -2
4 10 -1 5 56 97 -1 11 -1 -2
32 83 99 -1 22 64 79 -1 74 -1 -2
32 35 51 -1 86 -1 17 31 67 -1 -2
34 55 -1 34 -1 41 -1 -2
24 28 -1 37 84 -1 18 -1 -2
1 78 -1 51 71 77 -1 32 88 -1 -2
21 -1 13 52 69 98 -1 69 71 76 -1 -2
12 20 92 -1 8 24 55 -1 60 67 75 87 -1 -2
76 -1 9 57 -1 10 17 26 59 -1 -2
24 40 -1 32 44 56 65 -1 17 -1 -2
42 -1 37 39 64 -1 41 44 79 -1 -2
48 61 79 -1 13 26 49 76 -1 97 -1 -2
86 -1 12 15 46 73 -1 51 -1 -2
10 -1 61 66 93 -1 96 -1 -2
3 89 91 97 -1 32 39 93 -1 13 47 79 -1 -2
59 72 74 87 -1 2 18 58 78 -1 21 88 -1 -2
78 -1 48 50 59 -1 1 100 -1 -2
9 63 -1 33 80 81 -1 3 29 90 97 -1 -2
83 -1 18 28 -1 1 37 43 53 -1 -2
35 49 57 70 -1 30 58 71 -1 18 26 41 -1 -2
17 -1 59 -1 47 89 91 -1 -2
33 89 -1 95 -1 1 62 70 92 -1 -2
77 96 -1 7 33 76 99 -1 39 -1 -2
93 -1 15 -1 32 -1 -2
51 64 -1 40 60 97 -1 1 17 -1 -2
9 11 43 78 -1 53 -1 34 44 -1 -2
36 56 69 79 -1 43 -1 1 88 95 -1 -2
9 22 41 -1 3 6 18 -1 2 11 28 -1 -2
64 68 100 -1 1 32 48 -1 20 -1 -2
14 29 59 70 -1 70 75 -1 10 -1 -2
30 34 62 -1 100 -1 19 -1 -2
33 67 -1 27 83 89 96 -1 58 69 76 -1 -2
13 22 26 32 -1 29 56 74 96 -1 67 -1 -2
2 14 17 -1 13 42 -1 73 -1 -2
1 40 -1 10 26 32 99 -1 40 42 90 91 -1 -2
2 22 38 -1 46 67 -1 61 73 80 87 -1 -2
37 65 82 -1 26 59 77 -1 1 -1 -2
39 -1 39 50 -1 53 58 94 -1 -2
15 -1 31 88 -1 5 52 53 70 -1 -2
47 -1 68 -1 19 28 91 100 -1 -2
14 36 54 86 -1 41 51 88 95 -1 63 -1 -2
72 -1 20 71 -1 53 87 -1 -2
12 26 89 -1 8 87 -1 13 19 73 80 -1 -2
42 44 50 -1 12 -1 71 -1 -2
12 24 33 93 -1 37 -1 4 41 90 -1 -2
64 91 95 -1 21 64 68 -1 21 -1 -2
4 19 58 90 -1 37 58 61 -1 62 -1 -2
4 12 55 88 -1 90 -1 17 27 90 -1 -2
6 28 74 -1 72 -1 7 46 -1 -2
39 47 -1 30 53 69 91 -1 48 94 100 -1 -2
66 83 -1 40 56 63 -1 27 42 64 -1 -2
36 50 74 90 -1 78 -1 1 -1 -2
4 17 27 97 -1 9 21 82 -1 66 82 87 96 -1 -2
12 36 66 83 -1 32 -1 14 18 53 57 -1 -2
48 -1 3 -1 82 -1 -2
78 -1 33 49 74 100 -1 14 31 41 96 -1 -2
66 71 79 -1 22 45 80 -1 89 -1 -2
29 30 41 -1 26 35 66 88 -1 56 76 99 -1 -2
3 36 53 -1 50 -1 13 16 46 -1 -2
86 -1 22 62 -1 52 -1 -2
3 67 -1 67 88 -1 2 58 74 -1 -2
16 39 61 70 -1 22 39 99 -1 25 26 65 78 -1 -2
21 52 91 -1 38 47 89 -1 43 -1 -2
13 18 80 84 -1 42 83 -1 39 -1 -2
39 57 69 -1 10 29 53 -1 29 71 82 -1 -2
35 54 56 100 -1 25 74 -1 71 75 95 -1 -2
19 81 92 -1 43 46 73 -1 89 -1 -2
11 68 69 -1 49 70 -1 27 77 88 91 -1 -2
46 -1 43 -1 37 71 -1 -2
84 90 -1 81 -1 83 87 -1 -2
13 93 94 -1 29 63 -1 6 24 55 -1 -2
81 -1 13 -1 54 -1 -2
50 -1 65 -1 30 51 62 72 -1 -2
67 85 -1 4 58 64 -1 80 -1 -2
34 43 -1 10 51 84 -1 2 3 27 73 -1 -2
2 50 -1 31 -1 22 39 84 -1 -2
24 43 61 84 -1 20 35 72 -1 68 -1 -2
34 -1 12 94 -1 59 89 -1 -2
25 29 32 -1 6 42 77 -1 12 36 63 66 -1 -2
16 29 65 -1 62 -1 8 14 34 41 -1 -2
35 56 -1 29 71 -1 12 62 -1 -2
53 65 72 93 -1 51 64 73 87 -1 26 35 45 83 -1 -2
72 -1 36 97 -1 6 93 -1 -2
20 23 -1 8 65 71 84 -1 13 37 55 -1 -2
19 26 89 96 -1 36 58 67 76 -1 11 29 52 53 -1 -2
17 18 22 60 -1 42 75 -1 59 67 81 84 -1 -2
11 17 -1 40 43 84 -1 30 89 -1 -2
1 62 78 79 -1 11 92 -1 20 26 30 74 -1 -2
7 37 93 -1 60 -1 29 84 99 -1 -2
23 59 62 91 -1 25 -1 5 21 26 30 -1 -2
26 70 -1 64 76 -1 3 65 80 -1 -2
24 74 -1 35 69 79 -1 62 68 69 82 -1 -2
65 -1 2 49 51 60 -1 48 -1 -2
41 -1 10 62 67 96 -1 56 93 95 99 -1 -2
60 61 83 86 -1 80 -1 48 -1 -2
25 36 54 70 -1 66 78 -1 44 47 -1 -2
1 87 -1 51 56 -1 20 33 -1 -2
50 94 -1 19 30 54 -1 87 -1 -2
63 -1 28 44 62 -1 30 34 44 68 -1 -2
40 79 -1 67 -1 2 52 70 -1 -2
32 -1 99 -1 20 33 -1 -2
73 -1 65 98 -1 54 82 -1 -2
86 -1 4 17 51 -1 2 30 77 -1 -2
5 6 93 95 -1 1 47 89 -1 62 -1 -2
10 12 37 -1 67 94 -1 34 66 -1 -2
100 -1 5 8 30 97 -1 55 62 -1 -2
10 31 55 -1 30 51 66 -1 7 23 -1 -2
1 42 77 -1 22 43 49 73 -1 22 27 -1 -2
53 -1 5 20 -1 60 75 -1 -2
21 -1 88 -1 16 74 85 -1 -2
53 59 61 87 -1 33 74 80 84 -1 49 67 84 -1 -2
2 16 35 68 -1 19 27 59 -1 27 28 64 -1 -2
18 26 62 80 -1 62 82 -1 13 -1 -2
41 64 -1 28 -1 71 86 -1 -2
22 52 61 87 -1 20 86 96 -1 29 38 96 -1 -2
13 25 64 -1 82 86 -1 82 -1 -2
24 30 59 98 -1 8 -1 7 18 84 89 -1 -2
47 -1 51 76 -1 66 70 -1 -2
56 61 -1 59 80 88 94 -1 7 26 31 -1 -2
69 -1 42 43 50 -1 53 59 76 92 -1 -2
2 18 -1 15 25 46 83 -1 26 36 77 -1 -2
29 -1 32 94 -1 58 73 -1 -2
29 91 -1 99 -1 36 41 53 -1 -2
74 -1 8 10 -1 22 80 -1 -2
23 35 74 -1 81 -1 7 49 67 -1 -2
2 69 -1 46 -1 30 -1 -2
11 24 83 94 -1 4 23 46 -1 98 -1 -2
2 -1 5 36 94 -1 25 86 -1 -2
67 -1 29 73 84 -1 31 80 96 -1 -2
99 -1 29 87 88 -1 14 24 66 75 -1 -2
26 63 92 -1 26 79 -1 37 76 -1 -2
10 43 -1 94 -1 7 33 44 97 -1 -2
61 67 95 -1 21 26 37 49 -1 26 65 -1 -2
25 -1 17 30 66 -1 1 23 54 87 -1 -2
46 -1 2 39 78 100 -1 4 83 -1 -2
66 85 -1 35 91 -1 80 -1 -2
12 17 96 98 -1 66 74 -1 31 44 97 -1 -2
14 49 70 99 -1 27 52 -1 53 -1 -2
61 86 -1 15 50 85 92 -1 8 14 -1 -2
15 68 71 78 -1 24 53 61 62 -1 9 -1 -2
42 81 89 97 -1 46 73 -1 64 69 -1 -2
41 93 -1 27 -1 14 25 52 87 -1 -2
50 -1 36 69 -1 21 -1 -2
41 79 83 85 -1 7 83 90 93 -1 10 -1 -2
35 46 -1 21 -1 22 23 45 72 -1 -2
12 39 51 63 -1 80 -1 52 -1 -2
9 33 41 -1 88 -1 11 -1 -2
14 63 67 82 -1 47 95 -1 17 69 85 97 -1 -2
28 61 76 88 -1 38 63 85 -1 2 31 58 70 -1 -2
49 57 83 -1 21 58 -1 34 64 -1 -2
12 -1 22 74 -1 6 39 69 100 -1 -2
33 -1 80 -1 3 14 56 94 -1 -2
8 52 72 97 -1 87 -1 1 16 85 -1 -2
81 100 -1 5 80 -1 31 63 87 -1 -2
21 52 -1 52 91 94 96 -1 33 76 -1 -2
21 85 86 -1 24 45 82 100 -1 5 7 25 69 -1 -2
9 37 75 -1 14 19 -1 82 -1 -2
48 -1 16 37 83 91 -1 43 93 -1 -2
81 -1 13 -1 14 54 -1 -2
98 99 -1 2 -1 20 26 90 -1 -2
29 49 95 -1 83 -1 3 40 63 81 -1 -2
68 -1 11 24 70 79 -1 16 41 49 67 -1 -2
59 89 -1 36 51 -1 30 52 85 -1 -2
10 50 66 -1 16 63 -1 32 82 87 96 -1 -2
26 -1 55 -1 50 -1 -2
50 76 -1 14 42 54 85 -1 58 65 -1 -2
18 24 -1 65 -1 9 27 -1 -2
11 18 28 56 -1 12 59 -1 9 96 -1 -2
95 -1 57 73 93 -1 62 81 -1 -2
58 79 -1 25 63 65 -1 50 71 92 -1 -2
9 -1 1 54 75 -1 81 -1 -2
3 14 37 88 -1 44 -1 92 -1 -2
34 99 -1 53 76 84 97 -1 10 58 99 -1 -2
31 98 -1 69 -1 3 61 87 -1 -2
60 61 85 -1 4 5 81 83 -1 27 52 -1 -2
68 79 -1 12 36 95 -1 82 -1 -2
2 36 -1 77 -1 13 49 94 -1 -2
15 19 24 62 -1 46 59 -1 86 -1 -2
15 35 37 -1 14 27 37 -1 64 80 -1 -2
24 63 67 -1 7 25 36 -1 35 74 -1 -2
5 7 -1 10 47 48 -1 83 -1 -2
6 56 78 86 -1 30 67 -1 17 37 -1 -2
60 92 -1 51 -1 40 81 -1 -2
21 -1 18 -1 2 23 39 76 -1 -2
8 52 -1 68 -1 12 44 -1 -2
37 42 46 99 -1 42 -1 23 -1 -2
68 71 -1 91 -1 8 59 -1 -2
21 39 84 89 -1 13 63 83 -1 23 -1 -2
49 91 -1 15 59 73 -1 18 34 -1 -2
24 42 77 -1 5 -1 15 46 68 -1 -2
2 5 96 100 -1 4 -1 73 -1 -2
9 28 46 70 -1 39 96 -1 37 100 -1 -2
67 90 -1 32 33 88 -1 18 -1 -2
43 -1 21 35 69 -1 21 46 54 72 -1 -2
32 -1 5 31 32 -1 98 -1 -2
13 24 74 88 -1 37 41 63 -1 56 62 94 -1 -2
1 17 18 73 -1 4 50 95 -1 14 53 54 66 -1 -2
5 55 72 -1 25 48 60 78 -1 17 -1 -2
58 60 -1 57 75 85 88 -1 26 62 87 88 -1 -2
79 -1 52 72 -1 2 5 61 91 -1 -2
1 19 55 87 -1 82 -1 17 -1 -2
55 93 -1 25 96 -1 51 91 -1 -2
29 37 75 -1 50 -1 14 30 49 -1 -2
75 -1 69 -1 57 59 72 -1 -2
23 40 49 -1 6 30 89 -1 33 42 -1 -2
12 17 22 24 -1 7 31 -1 67 71 73 -1 -2
29 45 59 87 -1 8 40 63 100 -1 46 63 72 81 -1 -2
10 38 78 -1 66 -1 4 61 96 -1 -2
3 34 54 97 -1 1 52 -1 66 90 -1 -2
46 91 93 -1 32 72 -1 24 54 79 99 -1 -2
27 40 81 95 -1 1 71 -1 1 11 -1 -2
19 27 -1 11 45 67 69 -1 23 85 -1 -2
12 31 58 -1 17 43 52 85 -1 71 81 86 89 -1 -2
20 22 68 -1 40 51 -1 42 63 90 -1 -2
27 50 59 72 -1 29 48 69 74 -1 54 58 72 -1 -2
21 -1 3 43 88 96 -1 47 -1 -2
34 77 -1 33 69 94 -1 65 74 94 -1 -2
8 20 41 51 -1 15 30 88 -1 90 -1 -2
58 62 97 -1 17 -1 77 -1 -2
28 61 -1 69 -1 32 68 79 99 -1 -2
31 41 46 74 -1 19 25 93 96 -1 49 -1 -2
13 25 -1 15 93 -1 31 43 71 77 -1 -2
6 13 27 58 -1 99 -1 84 -1 -2
49 -1 51 -1 50 -1 -2
12 76 -1 92 -1 96 100 -1 -2
11 35 46 -1 39 49 96 -1 59 -1 -2
15 38 42 -1 60 69 82 -1 81 -1 -2
85 91 -1 12 -1 54 -1 -2
11 43 66 -1 7 77 80 93 -1 13 32 -1 -2
56 -1 12 40 -1 52 81 98 -1 -2
7 51 72 -1 39 -1 1 25 61 63 -1 -2
3 13 38 73 -1 30 77 82 -1 13 52 58 66 -1 -2
6 95 -1 45 -1 9 37 71 -1 -2
9 10 93 99 -1 34 -1 52 67 90 -1 -2
69 -1 15 27 -1 16 80 -1 -2
17 37 52 65 -1 31 39 73 86 -1 23 63 -1 -2
5 -1 4 9 40 60 -1 21 30 64 65 -1 -2
4 81 -1 35 -1 63 -1 -2
66 -1 57 -1 82 -1 -2
61 -1 10 38 59 67 -1 7 41 74 -1 -2
97 -1 54 62 94 -1 1 19 36 54 -1 -2
9 43 99 -1 75 -1 19 21 24 76 -1 -2
18 -1 49 77 -1 2 3 6 -1 -2
32 44 72 91 -1 1 88 95 -1 1 5 20 -1 -2
43 72 -1 88 -1 13 15 18 -1 -2
60 98 -1 33 61 78 92 -1 2 58 -1 -2
86 -1 14 37 68 98 -1 24 26 29 53 -1 -2
2 21 23 97 -1 7 24 31 35 -1 2 71 -1 -2
34 70 77 93 -1 6 8 81 87 -1 20 24 68 -1 -2
34 -1 8 52 60 93 -1 70 78 91 -1 -2
73 96 97 -1 11 77 -1 4 35 45 58 -1 -2
62 63 75 80 -1 34 68 73 78 -1 18 58 -1 -2
78 99 -1 8 -1 7 21 41 100 -1 -2
42 90 99 -1 41 59 -1 24 27 93 -1 -2
30 -1 9 -1 10 11 56 86 -1 -2
59 -1 48 59 98 -1 97 -1 -2
75 78 -1 22 62 86 -1 21 -1 -2
10 21 39 -1 36 39 57 98 -1 98 -1 -2
80 -1 7 92 -1 25 71 -1 -2
62 -1 37 57 -1 1 50 72 -1 -2
12 67 92 98 -1 36 47 53 96 -1 26 46 65 95 -1 -2
7 35 -1 1 73 90 94 -1 29 60 63 -1 -2
32 38 54 -1 32 81 -1 10 41 74 78 -1 -2
52 63 -1 39 -1 25 28 97 -1 -2
49 56 59 -1 13 56 82 83 -1 56 57 63 91 -1 -2
9 32 40 88 -1 15 16 29 91 -1 49 85 88 -1 -2
15 19 45 49 -1 91 -1 41 93 -1 -2
11 19 29 54 -1 6 11 29 58 -1 22 43 64 -1 -2
22 73 -1 1 8 50 -1 52 78 90 -1 -2
6 58 91 98 -1 10 83 -1 11 29 89 -1 -2
36 53 96 -1 33 -1 20 25 -1 -2
55 62 73 -1 9 15 23 53 -1 2 -1 -2
24 -1 13 29 86 -1 17 72 95 -1 -2
50 72 90 -1 39 41 55 94 -1 11 21 54 71 -1 -2
42 -1 21 82 88 -1 9 52 66 88 -1 -2
8 84 -1 5 37 42 86 -1 52 88 -1 -2
10 20 92 -1 47 50 52 65 -1 8 24 25 76 -1 -2
55 57 80 83 -1 92 -1 41 60 62 -1 -2
40 -1 42 -1 35 54 -1 -2
57 -1 93 -1 3 5 13 82 -1 -2
35 82 84 -1 54 87 -1 18 36 65 -1 -2
4 7 19 23 -1 1 32 59 61 -1 23 27 32 -1 -2
34 77 86 -1 11 51 54 55 -1 36 -1 -2
32 78 -1 2 22 25 39 -1 62 -1 -2
56 -1 28 38 63 69 -1 61 -1 -2
41 55 90 -1 75 -1 76 -1 -2
55 -1 22 23 -1 4 22 67 95 -1 -2
6 18 80 94 -1 49 -1 5 75 -1 -2
1 66 70 74 -1 23 64 84 -1 47 73 76 -1 -2
7 14 72 93 -1 46 95 99 -1 21 80 81 -1 -2
5 7 30 -1 1 -1 4 -1 -2
8 16 64 83 -1 56 64 74 -1 26 28 43 86 -1 -2
10 16 24 32 -1 29 41 84 -1 15 39 62 -1 -2
6 -1 9 37 51 59 -1 24 30 47 69 -1 -2
6 19 37 -1 2 60 73 94 -1 8 13 51 90 -1 -2
1 60 73 91 -1 26 30 95 -1 77 -1 -2
48 51 57 -1 80 -1 42 76 -1 -2
30 98 -1 17 70 80 100 -1 19 28 -1 -2
3 -1 18 39 52 -1 12 33 40 43 -1 -2
62 67 69 73 -1 46 68 90 -1 7 9 -1 -2
29 65 75 -1 16 50 76 100 -1 3 4 96 -1 -2
40 76 78 -1 72 95 -1 25 49 68 80 -1 -2
38 59 -1 41 -1 3 37 53 -1 -2
54 61 82 90 -1 24 55 83 89 -1 56 -1 -2
77 -1 98 -1 52 -1 -2
12 70 96 -1 83 -1 37 -1 -2
14 38 -1 19 61 -1 5 10 81 -1 -2
50 77 -1 14 32 37 -1 2 -1 -2
45 56 62 64 -1 15 93 -1 8 46 84 -1 -2
45 50 -1 26 -1 12 34 39 -1 -2
39 -1 17 31 83 -1 30 63 65 87 -1 -2
19 98 -1 31 38 46 87 -1 42 -1 -2
1 42 43 65 -1 69 -1 68 82 -1 -2
34 62 -1 89 -1 25 34 91 -1 -2
97 -1 44 46 75 95 -1 25 57 -1 -2
18 44 45 98 -1 79 -1 72 -1 -2
15 47 79 -1 4 28 46 57 -1 91 -1 -2
10 -1 19 56 88 99 -1 6 20 21 98 -1 -2
47 80 -1 19 62 89 -1 72 97 -1 -2
40 54 68 -1 19 47 65 89 -1 8 14 65 -1 -2
13 14 80 -1 14 19 -1 24 -1 -2
50 56 -1 16 33 39 58 -1 15 97 -1 -2
74 -1 23 34 88 -1 26 39 61 -1 -2
75 -1 11 40 46 93 -1 18 60 82 99 -1 -2
33 87 98 -1 5 10 31 -1 9 100 -1 -2
95 -1 7 18 34 88 -1 30 48 82 -1 -2
4 29 43 44 -1 45 55 82 -1 5 15 19 53 -1 -2
25 44 61 96 -1 22 30 62 -1 51 -1 -2
37 -1 23 32 55 -1 12 -1 -2
22 49 91 -1 77 -1 23 63 100 -1 -2
15 25 38 89 -1 12 23 48 71 -1 53 63 76 -1 -2
3 86 -1 23 52 70 -1 2 24 86 -1 -2
7 36 -1 62 71 -1 25 64 65 88 -1 -2
15 -1 1 10 13 -1 9 47 -1 -2
8 55 86 -1 5 88 -1 45 46 66 88 -1 -2
80 -1 59 73 -1 3 32 52 99 -1 -2
34 54 83 -1 38 50 51 62 -1 32 36 79 98 -1 -2
16 25 72 -1 16 27 71 -1 48 -1 -2
29 55 -1 51 55 -1 65 92 -1 -2
34 69 76 77 -1 5 11 88 95 -1 3 17 40 -1 -2
12 21 53 54 -1 9 -1 15 54 69 -1 -2
66 -1 83 -1 13 30 74 -1 -2
6 55 68 -1 39 60 69 -1 22 96 -1 -2
4 -1 28 62 63 -1 10 14 50 97 -1 -2
10 55 -1 23 -1 35 51 -1 -2
48 92 -1 79 90 -1 2 7 10 98 -1 -2
38 40 -1 25 34 45 66 -1 24 48 49 66 -1 -2
52 -1 7 61 -1 37 51 78 93 -1 -2
42 52 -1 52 100 -1 60 84 85 -1 -2
6 73 -1 14 17 94 -1 34 42 -1 -2
47 50 54 -1 24 51 65 -1 5 36 48 -1 -2
9 39 43 48 -1 6 23 28 71 -1 83 86 -1 -2
28 95 -1 53 92 -1 55 62 77 -1 -2
17 44 62 -1 25 65 74 91 -1 35 -1 -2
74 92 98 -1 3 6 43 71 -1 20 57 59 77 -1 -2
33 70 -1 15 34 -1 2 4 50 68 -1 -2
55 -1 6 71 74 81 -1 60 -1 -2
63 -1 11 45 50 74 -1 9 21 64 88 -1 -2
41 -1 18 21 28 -1 7 60 82 100 -1 -2
48 -1 8 93 -1 75 -1 -2
18 -1 4 39 82 -1 10 27 96 -1 -2
38 41 -1 48 -1 19 80 -1 -2
46 61 97 -1 19 -1 20 70 -1 -2
11 32 78 -1 55 61 69 -1 15 48 -1 -2
88 -1 30 -1 43 78 89 93 -1 -2
2 58 86 -1 78 -1 31 -1 -2
39 -1 38 -1 65 -1 -2
26 -1 1 20 25 -1 1 57 -1 -2
46 -1 8 10 54 -1 4 5 -1 -2
24 53 -1 56 -1 65 -1 -2
67 -1 2 20 21 68 -1 59 93 99 -1 -2
50 88 -1 10 35 57 62 -1 83 98 -1 -2
9 13 36 45 -1 6 50 60 64 -1 19 21 69 89 -1 -2
42 48 -1 15 66 -1 71 -1 -2
2 78 -1 2 74 80 86 -1 48 64 83 94 -1 -2
22 -1 36 38 55 80 -1 23 58 68 96 -1 -2
25 -1 66 67 70 -1 16 33 86 -1 -2
7 28 -1 93 -1 20 77 92 -1 -2
40 -1 85 -1 19 38 43 74 -1 -2
9 46 68 76 -1 2 -1 9 42 66 74 -1 -2
8 31 60 87 -1 42 49 78 97 -1 88 91 -1 -2
23 80 81 -1 17 27 90 91 -1 5 64 -1 -2
20 77 81 -1 61 74 94 -1 4 26 29 84 -1 -2
15 70 -1 26 41 80 86 -1 58 59 -1 -2
4 -1 4 44 87 94 -1 39 61 94 -1 -2
3 -1 1 -1 13 27 100 -1 -2
17 43 82 83 -1 81 -1 36 66 -1 -2
53 -1 2 51 66 -1 12 39 45 47 -1 -2
31 61 87 98 -1 8 23 49 77 -1 24 84 -1 -2
27 82 89 -1 27 72 89 -1 35 78 86 -1 -2
42 51 78 100 -1 100 -1 29 81 -1 -2
43 -1 24 26 88 -1 3 84 -1 -2
86 -1 86 -1 35 79 -1 -2
14 -1 77 -1 25 26 31 77 -1 -2
38 67 84 -1 40 77 -1 42 45 74 -1 -2
3 13 18 57 -1 30 -1 8 71 -1 -2
95 -1 3 14 24 89 -1 21 26 53 67 -1 -2
34 63 78 -1 59 85 86 91 -1 21 84 92 -1 -2
67 83 -1 58 77 86 -1 34 38 70 98 -1 -2
9 59 79 94 -1 27 74 76 83 -1 45 59 73 81 -1 -2
42 45 57 65 -1 34 71 -1 22 23 -1 -2
2 78 89 90 -1 14 87 -1 9 71 83 97 -1 -2
6 38 65 -1 46 -1 1 23 35 -1 -2
15 53 60 -1 5 25 29 32 -1 31 59 -1 -2
43 98 -1 66 72 89 -1 61 -1 -2
3 -1 11 58 -1 46 49 86 -1 -2
42 94 -1 3 7 51 100 -1 2 23 79 88 -1 -2
27 60 -1 51 -1 26 31 -1 -2
97 -1 55 -1 9 12 85 -1 -2
8 52 54 72 -1 34 62 88 98 -1 18 23 56 85 -1 -2
93 -1 14 28 83 -1 21 38 55 75 -1 -2
2 9 64 83 -1 51 -1 24 53 65 79 -1 -2
7 71 78 -1 12 13 27 92 -1 37 48 -1 -2
14 78 -1 16 55 -1 65 -1 -2
42 91 -1 16 80 83 -1 11 17 80 88 -1 -2
55 61 -1 20 -1 21 -1 -2
9 87 89 100 -1 4 31 -1 78 81 -1 -2
39 50 -1 6 85 -1 19 26 43 97 -1 -2
51 64 82 -1 13 15 17 75 -1 11 -1 -2
22 -1 44 73 77 -1 7 52 100 -1 -2
6 68 74 75 -1 29 -1 41 84 -1 -2
53 97 -1 16 25 72 100 -1 62 95 -1 -2
14 43 45 49 -1 5 24 27 94 -1 67 -1 -2
33 81 84 -1 13 86 -1 31 -1 -2
83 -1 55 -1 19 61 98 -1 -2
92 -1 2 54 92 -1 68 -1 -2
41 -1 1 50 -1 88 -1 -2
76 94 -1 1 13 56 74 -1 12 23 61 -1 -2
36 -1 72 -1 15 25 64 67 -1 -2
34 83 -1 5 16 37 81 -1 57 74 -1 -2
6 -1 28 80 -1 48 -1 -2
70 -1 71 -1 30 41 48 51 -1 -2
57 -1 11 83 -1 3 5 38 47 -1 -2
70 79 -1 6 15 80 -1 1 57 63 -1 -2
63 -1 6 11 39 -1 31 45 75 84 -1 -2
35 -1 56 -1 14 87 -1 -2
20 -1 19 73 83 -1 49 58 75 78 -1 -2
5 40 82 -1 30 49 68 -1 1 -1 -2
5 76 84 91 -1 32 39 95 99 -1 24 29 55 86 -1 -2
12 22 34 50 -1 10 31 71 90 -1 21 -1 -2
63 72 90 -1 19 72 -1 4 17 26 79 -1 -2
37 49 -1 43 -1 9 -1 -2
16 60 88 95 -1 50 59 99 100 -1 37 98 -1 -2
61 -1 77 84 -1 17 36 62 74 -1 -2
24 43 -1 59 61 80 -1 1 19 51 -1 -2
61 -1 3 47 58 -1 54 90 -1 -2
76 78 91 -1 48 100 -1 50 -1 -2
59 78 85 -1 53 77 79 99 -1 48 -1 -2
18 21 32 42 -1 17 34 37 -1 21 30 91 -1 -2
81 -1 14 -1 1 90 -1 -2
43 72 95 -1 61 68 92 -1 4 68 85 -1 -2
60 -1 56 71 -1 4 20 22 -1 -2
29 54 -1 28 -1 16 23 58 95 -1 -2
70 91 -1 49 -1 18 75 -1 -2
26 69 -1 4 45 49 -1 90 -1 -2
4 9 86 -1 12 31 46 88 -1 10 34 50 96 -1 -2
36 90 92 -1 90 -1 13 67 -1 -2
71 77 82 94 -1 44 -1 11 98 -1 -2
11 36 93 -1 87 -1 45 50 -1 -2
8 63 -1 11 16 28 31 -1 45 73 -1 -2
31 92 -1 38 58 -1 5 20 -1 -2
43 76 -1 79 -1 5 73 87 98 -1 -2
33 -1 3 19 -1 9 -1 -2
11 41 72 88 -1 35 52 55 85 -1 58 59 76 97 -1 -2
69 98 -1 14 33 -1 32 84 -1 -2
76 -1 86 -1 52 67 94 -1 -2
21 41 54 85 -1 23 40 57 59 -1 11 16 72 79 -1 -2
25 -1 23 86 -1 72 -1 -2
11 -1 7 29 31 -1 85 -1 -2
38 93 -1 47 84 -1 19 51 -1 -2
56 94 -1 16 52 -1 33 50 57 67 -1 -2
23 33 61 -1 23 -1 4 -1 -2
36 59 78 81 -1 19 31 45 59 -1 42 48 -1 -2
3 30 85 -1 16 54 -1 51 -1 -2
8 43 90 -1 21 23 30 83 -1 43 86 91 -1 -2
85 99 -1 18 37 71 87 -1 7 30 60 89 -1 -2
21 37 53 -1 12 -1 40 42 99 -1 -2
38 -1 11 21 54 -1 11 31 42 -1 -2
100 -1 21 -1 36 46 -1 -2
26 -1 60 78 -1 8 36 79 99 -1 -2
27 60 74 85 -1 88 -1 80 91 -1 -2
7 82 89 -1 19 78 -1 77 99 -1 -2
83 -1 14 50 86 -1 59 63 86 99 -1 -2
69 71 -1 28 -1 80 -1 -2
29 46 49 -1 17 42 52 97 -1 29 80 -1 -2
4 37 -1 1 79 -1 17 80 86 89 -1 -2
40 50 67 -1 23 -1 24 87 92 97 -1 -2
1 22 82 -1 12 34 52 62 -1 39 58 64 -1 -2
25 -1 54 93 -1 35 36 74 94 -1 -2
27 -1 14 30 43 77 -1 46 48 60 -1 -2
77 -1 56 58 -1 4 7 27 98 -1 -2
48 51 -1 41 -1 2 32 47 51 -1 -2
3 18 95 -1 22 27 -1 7 16 69 89 -1 -2
15 84 -1 60 86 94 97 -1 19 24 54 81 -1 -2
17 28 42 72 -1 12 41 -1 8 33 43 -1 -2
9 90 91 99 -1 30 71 92 -1 15 69 90 -1 -2
11 37 80 -1 1 5 62 -1 17 57 72 89 -1 -2
54 59 87 -1 53 63 -1 13 56 57 -1 -2
22 58 77 -1 19 31 35 48 -1 41 81 -1 -2
4 44 -1 25 44 -1 2 43 80 -1 -2
15 -1 68 82 -1 65 -1 -2
33 44 55 -1 98 -1 45 67 71 93 -1 -2
5 61 84 99 -1 46 -1 56 99 -1 -2
57 86 -1 80 83 -1 33 37 100 -1 -2
6 27 74 76 -1 47 69 82 -1 55 -1 -2
13 62 82 -1 35 60 -1 19 -1 -2
25 -1 21 63 -1 68 70 86 88 -1 -2
49 -1 13 18 51 85 -1 35 42 56 70 -1 -2
33 81 82 -1 8 13 100 -1 32 76 89 -1 -2
1 -1 49 60 -1 79 -1 -2
3 27 46 72 -1 17 27 51 -1 26 100 -1 -2
10 47 59 -1 9 17 67 84 -1 2 -1 -2
26 -1 36 -1 34 56 69 76 -1 -2
27 -1 65 76 100 -1 42 98 -1 -2
8 58 88 -1 12 37 86 -1 2 70 76 92 -1 -2
84 92 -1 43 98 -1 17 31 76 -1 -2
38 82 -1 14 20 25 62 -1 22 61 -1 -2
9 28 41 78 -1 81 89 -1 97 -1 -2
55 -1 14 42 49 57 -1 53 58 68 80 -1 -2
56 -1 19 52 95 -1 9 -1 -2
89 100 -1 25 27 -1 79 -1 -2
36 60 83 -1 26 66 74 -1 43 54 -1 -2
23 50 65 -1 39 -1 42 74 92 94 -1 -2
31 33 54 -1 9 65 67 -1 25 44 57 61 -1 -2
30 -1 9 29 31 48 -1 60 71 -1 -2
2 6 -1 13 36 91 93 -1 35 46 -1 -2
46 -1 31 61 76 -1 23 39 97 -1 -2
33 -1 93 -1 20 25 34 84 -1 -2
83 -1 14 15 51 64 -1 12 18 23 25 -1 -2
14 -1 17 32 57 84 -1 13 82 93 -1 -2
47 77 85 -1 6 39 60 64 -1 16 21 55 -1 -2
11 63 -1 45 55 72 78 -1 39 71 83 94 -1 -2
46 60 79 92 -1 24 42 47 -1 11 40 -1 -2
11 22 26 62 -1 14 51 92 -1 7 29 50 99 -1 -2
96 -1 5 36 70 -1 24 41 -1 -2
34 60 80 -1 21 24 62 -1 76 88 -1 -2
40 48 76 -1 11 42 91 -1 24 31 45 53 -1 -2
51 77 -1 11 56 68 94 -1 17 22 -1 -2
31 78 92 -1 20 24 27 89 -1 39 -1 -2
1 62 -1 7 23 72 93 -1 79 -1 -2
7 46 97 -1 13 60 77 90 -1 14 87 -1 -2
15 62 71 75 -1 17 39 65 -1 46 -1 -2
10 24 60 97 -1 34 76 86 97 -1 10 24 -1 -2
68 -1 58 82 -1 70 89 -1 -2
61 62 100 -1 17 39 42 61 -1 13 -1 -2
15 99 -1 37 90 -1 8 16 68 -1 -2
54 59 79 91 -1 9 54 -1 35 48 82 83 -1 -2
9 60 75 99 -1 37 61 94 97 -1 8 14 17 33 -1 -2
18 35 -1 19 77 -1 87 -1 -2
57 66 83 -1 19 35 36 75 -1 79 -1 -2
75 88 -1 32 -1 21 43 73 -1 -2
19 75 94 -1 48 58 77 81 -1 4 -1 -2
25 49 79 -1 62 86 89 97 -1 7 42 63 -1 -2
13 17 37 -1 13 17 69 -1 1 42 48 63 -1 -2
17 -1 3 13 74 -1 6 66 -1 -2
52 -1 3 73 76 -1 5 20 71 99 -1 -2
40 44 85 95 -1 15 23 35 99 -1 38 45 -1 -2
3 27 28 -1 95 -1 76 92 98 -1 -2
18 49 53 54 -1 3 10 25 61 -1 67 -1 -2
6 7 34 69 -1 19 58 -1 5 -1 -2
69 -1 18 49 58 63 -1 11 41 -1 -2
85 -1 49 79 86 -1 45 51 69 81 -1 -2
7 -1 5 44 82 -1 21 -1 -2
20 95 -1 27 40 78 98 -1 33 -1 -2
9 74 92 -1 22 23 52 75 -1 90 -1 -2
30 -1 4 46 54 98 -1 14 78 -1 -2
86 -1 37 98 -1 20 21 92 95 -1 -2
9 51 -1 24 35 93 -1 97 -1 -2
25 26 58 95 -1 48 75 86 -1 18 19 48 72 -1 -2
6 34 72 93 -1 24 49 85 -1 3 11 -1 -2
42 73 81 100 -1 17 66 73 -1 17 -1 -2
18 25 27 40 -1 14 24 54 94 -1 25 86 94 99 -1 -2
12 59 65 -1 3 73 -1 45 83 86 95 -1 -2
23 64 -1 46 51 67 -1 46 62 -1 -2
66 -1 56 59 61 -1 19 29 -1 -2
14 45 48 -1 13 -1 22 -1 -2
65 66 -1 55 -1 10 84 91 92 -1 -2
8 39 44 81 -1 94 -1 66 -1 -2
5 45 83 -1 41 56 83 86 -1 8 22 31 -1 -2
31 58 93 -1 31 89 -1 47 91 -1 -2
83 99 -1 38 54 82 -1 78 90 -1 -2
10 43 89 91 -1 36 -1 9 29 94 -1 -2
74 -1 16 80 86 -1 9 32 37 -1 -2
16 34 63 86 -1 99 -1 14 63 -1 -2
33 47 69 -1 14 33 79 95 -1 10 13 87 -1 -2
94 -1 23 -1 36 58 -1 -2
17 53 87 -1 41 81 94 -1 40 78 85 -1 -2
12 -1 66 -1 75 -1 -2
16 -1 37 52 79 85 -1 72 82 -1 -2
90 -1 91 -1 73 93 -1 -2
33 52 70 -1 56 75 94 97 -1 84 85 -1 -2
11 24 -1 14 72 -1 34 59 79 -1 -2
94 -1 35 46 -1 2 15 46 75 -1 -2
46 86 -1 18 23 65 -1 18 67 84 -1 -2
3 -1 55 56 89 96 -1 89 -1 -2
20 55 90 -1 52 97 -1 19 96 -1 -2
4 45 46 62 -1 44 -1 81 -1 -2
45 72 73 81 -1 56 57 -1 44 -1 -2
30 39 75 87 -1 2 13 27 -1 34 48 51 53 -1 -2
13 -1 47 59 60 88 -1 31 -1 -2
34 47 80 -1 46 -1 2 11 -1 -2
58 -1 38 86 98 -1 63 81 -1 -2
65 77 -1 53 75 77 100 -1 6 36 -1 -2
23 27 56 94 -1 11 -1 18 40 50 78 -1 -2
8 10 27 51 -1 37 53 59 -1 34 73 83 -1 -2
62 -1 8 75 86 -1 35 92 -1 -2
62 93 -1 37 40 68 92 -1 3 9 93 99 -1 -2
13 61 81 -1 8 9 -1 16 22 32 73 -1 -2
73 -1 32 42 54 59 -1 41 60 87 -1 -2
42 49 57 -1 8 18 82 90 -1 4 20 29 92 -1 -2
59 79 -1 17 -1 18 43 63 -1 -2
74 -1 20 33 80 -1 45 71 83 94 -1 -2
49 70 -1 6 63 65 88 -1 35 84 -1 -2
18 85 -1 42 63 -1 12 49 52 -1 -2
21 33 63 -1 59 78 -1 34 53 -1 -2
29 51 78 89 -1 35 -1 6 75 -1 -2
53 69 75 93 -1 39 -1 58 -1 -2
10 20 23 87 -1 12 -1 44 72 -1 -2
70 -1 40 90 -1 100 -1 -2
15 25 67 -1 15 23 -1 32 76 81 94 -1 -2
70 -1 88 -1 46 -1 -2
36 54 76 -1 19 26 27 -1 11 24 54 94 -1 -2
11 23 -1 15 29 33 35 -1 21 54 79 -1 -2
59 100 -1 74 -1 54 -1 -2
43 92 -1 26 37 66 85 -1 5 16 -1 -2
2 29 76 -1 54 -1 39 94 -1 -2
84 -1 3 4 49 57 -1 58 67 -1 -2
35 87 -1 57 66 69 -1 28 48 55 90 -1 -2
10 84 96 -1 46 51 66 75 -1 19 46 53 62 -1 -2
12 31 42 92 -1 32 77 -1 11 56 63 72 -1 -2
3 23 -1 37 49 71 77 -1 51 55 63 91 -1 -2
1 20 -1 21 56 61 90 -1 10 18 33 -1 -2
18 61 62 -1 82 93 -1 3 5 32 84 -1 -2
84 94 -1 42 73 -1 49 90 94 -1 -2
5 22 43 76 -1 43 68 74 -1 42 59 -1 -2
15 55 72 -1 75 -1 43 95 -1 -2
1 10 19 100 -1 32 44 53 -1 18 30 32 51 -1 -2
69 -1 14 51 85 93 -1 46 60 81 -1 -2
9 12 21 60 -1 41 72 78 100 -1 10 18 -1 -2
2 51 90 92 -1 55 -1 15 21 91 -1 -2
42 90 -1 51 62 -1 87 -1 -2
16 65 85 91 -1 2 25 42 71 -1 15 -1 -2
10 -1 5 29 71 100 -1 89 90 -1 -2
20 62 90 -1 23 26 68 -1 15 -1 -2
58 78 94 -1 12 24 -1 64 92 -1 -2
79 92 -1 39 45 51 -1 6 82 -1 -2
11 -1 19 73 -1 7 88 92 -1 -2
10 41 -1 62 -1 19 36 72 -1 -2
88 -1 31 43 52 -1 35 -1 -2
22 95 -1 86 -1 55 -1 -2
37 63 79 -1 3 16 62 -1 13 58 60 91 -1 -2
13 18 93 -1 8 15 -1 9 85 -1 -2
32 72 -1 30 -1 5 -1 -2
31 76 -1 50 -1 4 42 -1 -2
9 58 72 85 -1 31 60 73 -1 33 51 -1 -2
43 90 -1 14 36 41 75 -1 23 79 -1 -2
19 60 86 -1 59 -1 94 -1 -2
72 -1 25 -1 36 42 -1 -2
29 32 48 49 -1 31 -1 36 93 100 -1 -2
60 95 -1 32 54 78 -1 44 -1 -2
40 44 47 91 -1 84 -1 53 -1 -2
37 74 -1 21 63 94 -1 38 62 72 87 -1 -2
29 80 92 -1 69 85 -1 33 -1 -2
31 -1 21 -1 17 -1 -2
4 41 56 68 -1 5 -1 87 -1 -2
41 62 82 90 -1 8 70 92 -1 20 -1 -2
26 27 35 -1 70 -1 38 -1 -2
7 19 20 80 -1 17 38 51 94 -1 22 28 66 -1 -2
4 67 -1 47 48 50 80 -1 18 83 91 -1 -2
37 95 -1 27 51 -1 23 59 -1 -2
64 -1 13 36 77 -1 74 85 92 -1 -2
36 41 42 87 -1 99 -1 72 -1 -2
65 -1 27 51 71 -1 32 42 -1 -2
47 53 81 89 -1 33 -1 46 -1 -2
15 -1 19 40 61 -1 9 26 50 -1 -2
68 71 -1 62 78 85 93 -1 36 -1 -2
24 74 97 -1 16 -1 38 61 -1 -2
37 -1 35 83 -1 12 -1 -2
21 50 -1 12 73 100 -1 93 100 -1 -2
61 86 -1 8 -1 92 -1 -2
35 51 -1 32 76 84 -1 38 45 -1 -2
91 -1 84 -1 36 85 -1 -2
18 80 -1 31 -1 17 44 77 -1 -2
3 23 25 38 -1 68 -1 10 37 -1 -2
86 -1 53 75 87 98 -1 82 -1 -2
15 100 -1 42 68 83 -1 48 78 87 98 -1 -2
44 -1 86 -1 30 40 48 -1 -2
8 43 58 -1 62 -1 59 -1 -2
2 68 71 -1 28 30 32 46 -1 65 78 -1 -2
67 -1 49 59 71 -1 66 85 -1 -2
59 97 -1 4 42 63 84 -1 68 72 76 -1 -2
80 -1 38 -1 29 -1 -2
7 -1 29 30 40 -1 50 77 93 -1 -2
11 27 32 86 -1 35 51 55 83 -1 81 87 88 -1 -2
34 -1 13 58 86 -1 27 32 88 -1 -2
24 77 92 -1 12 34 80 90 -1 18 26 94 -1 -2
74 -1 41 -1 60 -1 -2
90 -1 5 11 42 58 -1 6 64 78 79 -1 -2
4 34 68 77 -1 59 61 92 -1 42 53 79 -1 -2
43 -1 7 -1 4 9 10 55 -1 -2
89 -1 64 98 -1 18 21 34 36 -1 -2
5 35 67 -1 25 75 78 -1 44 74 -1 -2
5 49 77 89 -1 7 -1 20 55 63 78 -1 -2
4 21 63 96 -1 86 -1 71 -1 -2
29 -1 47 66 92 -1 62 -1 -2
87 -1 32 60 -1 33 63 100 -1 -2
15 -1 73 -1 60 -1 -2
80 -1 36 75 94 -1 4 11 81 94 -1 -2
37 72 75 83 -1 20 -1 76 -1 -2
41 77 93 -1 4 71 83 86 -1 26 -1 -2
2 13 26 70 -1 70 -1 77 -1 -2
22 -1 8 -1 8 -1 -2
25 88 -1 54 -1 14 32 58 69 -1 -2
27 39 46 -1 21 -1 44 76 -1 -2
69 77 -1 14 64 75 93 -1 1 43 -1 -2
64 94 -1 14 37 54 61 -1 10 65 96 -1 -2
33 58 60 95 -1 26 35 75 -1 23 31 72 92 -1 -2
5 54 78 86 -1 10 12 53 80 -1 20 45 96 -1 -2
28 44 45 56 -1 14 30 95 99 -1 41 98 -1 -2
47 60 -1 26 32 81 -1 19 76 -1 -2
86 -1 58 77 -1 22 41 -1 -2
31 37 -1 35 58 83 87 -1 90 -1 -2
2 -1 16 23 75 81 -1 72 73 -1 -2
29 57 -1 9 14 19 92 -1 42 75 -1 -2
19 25 48 50 -1 75 79 -1 33 35 40 93 -1 -2
4 7 47 -1 20 47 49 58 -1 21 60 82 91 -1 -2
40 91 94 -1 32 58 88 -1 5 32 91 95 -1 -2
40 56 -1 7 11 12 48 -1 85 -1 -2
5 -1 5 8 16 99 -1 25 56 79 -1 -2
24 60 61 -1 22 28 90 -1 20 27 61 -1 -2
56 90 -1 16 -1 42 -1 -2
6 52 -1 26 52 64 -1 58 -1 -2
27 -1 50 -1 4 12 33 63 -1 -2
22 44 73 -1 89 -1 43 45 71 -1 -2
52 66 77 -1 37 38 82 86 -1 73 75 99 -1 -2
20 67 77 -1 75 -1 84 -1 -2
7 9 73 94 -1 45 63 91 -1 51 62 -1 -2
1 -1 5 11 26 -1 4 10 58 82 -1 -2
48 100 -1 28 73 76 -1 50 61 97 -1 -2
59 -1 39 -1 17 65 71 -1 -2
29 95 -1 32 50 93 -1 6 17 62 -1 -2
39 78 -1 53 69 90 99 -1 22 25 76 92 -1 -2
6 15 95 -1 34 39 66 -1 51 74 75 -1 -2
37 70 83 -1 21 25 37 95 -1 69 70 -1 -2
40 68 -1 20 63 -1 98 -1 -2
83 -1 14 23 63 -1 38 83 -1 -2
4 46 62 63 -1 13 14 37 -1 33 44 80 98 -1 -2
1 15 58 -1 16 35 84 87 -1 24 37 88 -1 -2
19 55 -1 1 45 -1 2 86 -1 -2
18 35 64 74 -1 18 59 68 -1 12 80 -1 -2
30 88 -1 6 7 22 43 -1 3 55 57 70 -1 -2
4 9 26 100 -1 95 100 -1 4 50 74 85 -1 -2
63 -1 21 87 88 94 -1 77 97 -1 -2
22 -1 8 87 -1 36 43 -1 -2
18 44 60 86 -1 89 98 -1 47 -1 -2
80 -1 49 -1 15 -1 -2
29 35 68 -1 26 -1 62 -1 -2
66 85 91 -1 31 43 73 79 -1 49 80 -1 -2
22 45 86 98 -1 66 69 -1 21 26 -1 -2
61 72 -1 73 -1 19 40 88 100 -1 -2
33 44 80 -1 15 70 -1 38 71 -1 -2
8 35 71 -1 78 -1 19 43 -1 -2
22 45 57 67 -1 28 57 -1 95 -1 -2
15 69 -1 5 -1 20 32 79 -1 -2
11 13 67 -1 41 60 64 -1 46 68 88 96 -1 -2
8 66 80 -1 24 76 -1 56 64 79 -1 -2
16 -1 91 -1 19 63 -1 -2
9 64 69 77 -1 15 18 26 44 -1 61 100 -1 -2
18 63 79 93 -1 21 53 81 -1 7 45 47 -1 -2
94 -1 42 -1 62 -1 -2
23 58 86 -1 11 -1 27 -1 -2
10 80 -1 19 48 -1 45 -1 -2
48 84 -1 26 70 86 -1 8 -1 -2
78 -1 1 13 68 -1 25 -1 -2
32 49 76 95 -1 6 51 92 -1 17 31 97 -1 -2
1 34 50 55 -1 46 -1 29 58 68 83 -1 -2
2 3 57 74 -1 17 19 61 99 -1 12 17 49 84 -1 -2
5 -1 41 53 71 -1 18 19 54 89 -1 -2
9 24 25 82 -1 20 52 76 -1 53 59 61 70 -1 -2
30 44 -1 23 44 61 66 -1 6 15 26 44 -1 -2
20 -1 11 40 64 -1 55 97 -1 -2
39 52 90 -1 18 29 39 -1 2 54 64 93 -1 -2
2 22 59 -1 7 18 34 80 -1 17 85 -1 -2
35 38 66 -1 69 -1 4 82 -1 -2
43 70 -1 74 -1 20 48 72 97 -1 -2
26 -1 21 51 55 94 -1 26 30 -1 -2
22 70 -1 40 71 74 81 -1 54 67 69 -1 -2
53 97 99 -1 2 15 78 80 -1 11 31 88 -1 -2
20 33 62 100 -1 2 46 55 79 -1 6 -1 -2
64 95 100 -1 24 75 -1 6 60 70 -1 -2
9 25 -1 42 -1 51 -1 -2
3 56 64 -1 58 -1 19 62 80 -1 -2
3 37 38 78 -1 2 6 91 -1 34 76 99 -1 -2
17 79 98 -1 80 -1 2 45 63 99 -1 -2
43 52 53 -1 15 16 29 80 -1 7 -1 -2
45 93 -1 13 33 61 79 -1 2 28 -1 -2
66 89 -1 46 48 59 61 -1 46 55 56 -1 -2
36 70 82 -1 27 49 56 96 -1 27 36 -1 -2
29 61 85 90 -1 5 50 64 92 -1 8 40 -1 -2
55 78 -1 21 48 55 -1 46 81 -1 -2
43 92 -1 89 -1 16 -1 -2
10 70 92 -1 29 57 72 -1 59 61 63 -1 -2
6 42 53 89 -1 13 31 40 83 -1 6 -1 -2
2 68 80 -1 21 42 90 -1 98 -1 -2
8 31 40 -1 16 54 -1 11 47 60 92 -1 -2
66 72 -1 94 -1 72 -1 -2
36 80 -1 36 44 -1 39 64 70 95 -1 -2
27 -1 30 99 -1 15 -1 -2
15 58 60 87 -1 17 42 -1 41 43 50 92 -1 -2
70 82 -1 17 66 94 -1 54 58 67 -1 -2
20 22 50 76 -1 14 -1 25 -1 -2
9 38 53 78 -1 11 59 63 89 -1 24 29 69 -1 -2
34 39 62 -1 37 53 92 95 -1 64 -1 -2
4 52 63 99 -1 11 60 65 91 -1 19 -1 -2
1 -1 36 -1 10 19 23 -1 -2
21 28 55 73 -1 14 26 -1 21 -1 -2
31 76 79 91 -1 69 87 -1 12 24 53 70 -1 -2
46 67 -1 39 52 -1 57 77 79 92 -1 -2
59 73 76 83 -1 55 -1 33 55 56 -1 -2
11 29 69 78 -1 32 51 74 -1 41 -1 -2
60 -1 18 47 91 -1 49 85 100 -1 -2
20 29 92 -1 7 40 62 -1 9 90 -1 -2
34 67 -1 18 25 39 46 -1 52 68 -1 -2
95 96 -1 2 40 53 96 -1 41 97 -1 -2
6 37 73 98 -1 49 -1 5 31 68 87 -1 -2
33 48 81 -1 60 64 74 88 -1 2 64 96 98 -1 -2
62 64 99 -1 43 57 -1 26 89 -1 -2
47 48 -1 33 52 86 100 -1 86 -1 -2
35 65 92 98 -1 83 -1 49 -1 -2
2 33 69 -1 27 -1 26 48 66 -1 -2
7 44 62 85 -1 10 33 85 -1 17 45 99 -1 -2
62 80 92 -1 20 34 -1 22 45 -1 -2
17 34 97 -1 19 -1 25 80 93 100 -1 -2
21 48 60 99 -1 17 -1 9 76 92 -1 -2
26 81 -1 54 99 -1 62 -1 -2
17 -1 19 -1 18 29 72 93 -1 -2
18 42 100 -1 90 -1 44 45 58 -1 -2
11 -1 6 30 41 -1 41 48 70 -1 -2
18 52 84 100 -1 63 -1 6 17 80 89 -1 -2
58 64 73 -1 73 81 -1 64 74 -1 -2
88 91 93 -1 67 83 84 -1 13 87 -1 -2
66 -1 49 65 70 93 -1 32 -1 -2
76 -1 1 60 84 87 -1 9 12 17 68 -1 -2
51 54 -1 19 -1 61 -1 -2
14 86 -1 11 34 79 -1 27 36 41 -1 -2
4 10 30 68 -1 32 42 70 -1 28 61 74 -1 -2
46 61 89 -1 16 41 48 62 -1 10 44 70 86 -1 -2
29 63 82 -1 25 67 74 -1 9 65 89 91 -1 -2
36 71 77 -1 6 65 -1 84 -1 -2
44 91 -1 29 58 72 88 -1 8 -1 -2
69 88 -1 82 -1 68 72 -1 -2
54 69 99 -1 30 48 61 -1 37 -1 -2
13 -1 64 84 -1 66 -1 -2
43 65 80 -1 21 24 96 -1 1 6 22 84 -1 -2
23 -1 49 -1 58 -1 -2
14 21 64 65 -1 19 33 44 68 -1 59 -1 -2
29 -1 20 -1 49 67 81 83 -1 -2
79 -1 20 65 -1 13 75 -1 -2
27 58 59 87 -1 13 37 43 94 -1 25 58 -1 -2
25 76 79 -1 33 45 52 83 -1 40 61 89 99 -1 -2
5 73 -1 42 79 -1 8 22 85 89 -1 -2
22 53 72 85 -1 46 72 73 -1 38 -1 -2
18 74 81 -1 77 -1 31 64 77 -1 -2
16 52 64 -1 17 18 58 -1 30 52 -1 -2
23 97 -1 10 22 -1 90 -1 -2
25 33 -1 7 9 45 84 -1 69 81 84 -1 -2
19 53 70 -1 52 -1 8 67 -1 -2
57 74 77 82 -1 1 22 -1 2 8 68 82 -1 -2
85 92 -1 83 -1 56 -1 -2
62 91 93 -1 57 -1 23 43 -1 -2
2 44 100 -1 43 55 -1 17 -1 -2
7 82 -1 24 66 76 -1 20 51 -1 -2
8 42 -1 94 -1 47 -1 -2
43 -1 75 -1 35 67 -1 -2
7 45 63 -1 4 18 80 83 -1 18 25 30 31 -1 -2
32 52 71 84 -1 69 73 89 91 -1 53 64 82 -1 -2
23 42 71 -1 52 97 -1 4 30 33 83 -1 -2
84 -1 20 50 75 99 -1 2 5 81 99 -1 -2
21 80 -1 46 51 65 76 -1 42 44 80 -1 -2
20 24 -1 31 51 57 70 -1 26 -1 -2
64 67 69 80 -1 16 64 85 -1 4 49 -1 -2
59 82 83 99 -1 8 50 -1 22 35 99 -1 -2
57 -1 47 76 -1 43 -1 -2
15 39 45 72 -1 13 67 87 -1 20 22 54 70 -1 -2
27 34 83 -1 3 50 -1 15 -1 -2
45 -1 21 62 81 -1 10 21 53 65 -1 -2
20 27 80 -1 22 28 37 -1 57 78 80 93 -1 -2
45 49 83 -1 34 71 -1 6 13 78 82 -1 -2
35 -1 9 32 65 81 -1 55 -1 -2
18 88 -1 39 -1 22 35 63 88 -1 -2
28 -1 2 40 45 49 -1 48 79 90 94 -1 -2
51 78 -1 21 38 59 97 -1 88 -1 -2
2 90 -1 14 -1 77 -1 -2
63 -1 2 -1 21 57 67 70 -1 -2
29 47 97 100 -1 37 93 -1 37 39 -1 -2
85 -1 21 85 -1 95 -1 -2
47 58 -1 40 -1 65 79 -1 -2
63 -1 31 98 -1 17 37 97 -1 -2
48 -1 2 69 96 -1 30 44 74 100 -1 -2
7 51 60 -1 18 43 46 55 -1 41 48 67 82 -1 -2
74 77 80 97 -1 5 24 28 -1 7 13 40 72 -1 -2
27 57 62 75 -1 74 -1 8 18 58 -1 -2
80 99 -1 23 -1 29 50 -1 -2
45 46 75 -1 46 88 -1 36 -1 -2
26 -1 13 84 96 98 -1 18 56 84 92 -1 -2
38 -1 25 69 88 97 -1 45 46 -1 -2
42 59 84 -1 80 81 -1 42 68 92 -1 -2
6 21 98 -1 35 -1 75 85 91 -1 -2
36 46 -1 2 33 82 -1 5 28 92 -1 -2
4 32 49 89 -1 48 50 58 -1 43 -1 -2
52 -1 28 -1 4 7 -1 -2
45 -1 50 73 -1 38 58 91 -1 -2
25 -1 53 -1 66 -1 -2
28 77 -1 25 30 73 93 -1 41 -1 -2
63 77 82 -1 23 53 85 98 -1 23 35 -1 -2
71 82 -1 26 43 45 81 -1 13 -1 -2
17 30 94 -1 92 -1 73 -1 -2
1 84 90 -1 2 89 -1 42 98 100 -1 -2
95 -1 76 80 85 88 -1 16 46 80 98 -1 -2
19 33 48 69 -1 6 26 45 72 -1 11 60 67 97 -1 -2
90 98 -1 31 50 71 90 -1 95 -1 -2
17 43 65 99 -1 16 -1 63 -1 -2
8 47 56 62 -1 14 -1 54 58 91 98 -1 -2
44 46 65 -1 38 64 94 -1 47 -1 -2
68 -1 1 36 65 -1 27 62 93 100 -1 -2
1 -1 91 -1 46 73 81 94 -1 -2
44 62 71 91 -1 2 62 91 -1 11 23 27 38 -1 -2
14 37 73 92 -1 75 -1 79 85 -1 -2
8 21 30 -1 12 74 -1 17 54 -1 -2
14 -1 6 45 68 -1 12 27 58 65 -1 -2
15 40 53 -1 3 6 11 -1 15 58 63 91 -1 -2
43 76 82 -1 37 53 56 67 -1 58 76 80 89 -1 -2
17 78 -1 19 59 -1 95 -1 -2
2 45 59 -1 13 60 64 86 -1 12 17 19 97 -1 -2
39 62 94 -1 27 76 93 -1 5 -1 -2
34 72 -1 51 -1 11 35 57 62 -1 -2
100 -1 83 90 -1 71 -1 -2
36 38 -1 42 44 92 -1 26 89 93 98 -1 -2
23 67 72 76 -1 50 -1 49 -1 -2
50 86 -1 28 -1 22 77 87 93 -1 -2
10 11 84 87 -1 86 -1 30 63 80 85 -1 -2
16 -1 22 57 99 -1 77 -1 -2
44 53 78 79 -1 36 85 -1 22 44 50 53 -1 -2
22 -1 23 25 30 76 -1 28 44 57 -1 -2
51 -1 51 65 -1 14 58 -1 -2
14 -1 12 -1 22 23 55 80 -1 -2
8 91 -1 32 98 -1 4 9 62 -1 -2
23 56 68 89 -1 31 -1 45 55 -1 -2
21 38 90 -1 24 -1 22 -1 -2
11 32 65 79 -1 45 -1 24 -1 -2
10 22 43 87 -1 32 -1 6 25 -1 -2
5 24 79 -1 77 -1 5 -1 -2
16 42 -1 6 15 40 62 -1 63 75 100 -1 -2
3 11 62 76 -1 7 30 99 -1 79 91 -1 -2
57 -1 18 44 -1 39 65 -1 -2
55 84 -1 51 96 -1 88 -1 -2
16 -1 52 84 -1 75 91 -1 -2
54 91 -1 37 -1 6 77 87 -1 -2
10 16 38 -1 4 -1 53 58 -1 -2
82 -1 27 66 -1 7 18 51 80 -1 -2
33 59 67 73 -1 28 36 46 61 -1 15 59 65 -1 -2
79 80 91 99 -1 65 91 -1 58 81 93 98 -1 -2
8 64 -1 13 30 -1 27 34 75 76 -1 -2
27 51 -1 14 57 66 -1 7 85 93 -1 -2
60 -1 2 7 42 62 -1 25 29 -1 -2
69 -1 32 54 65 97 -1 4 54 85 -1 -2
26 -1 36 38 44 71 -1 23 41 71 -1 -2
16 45 -1 42 44 69 70 -1 3 6 23 53 -1 -2
3 89 100 -1 45 85 -1 2 25 61 74 -1 -2
18 75 -1 46 -1 57 87 -1 -2
66 94 -1 21 43 65 84 -1 72 84 97 -1 -2
25 42 65 -1 7 25 57 89 -1 26 56 79 -1 -2
66 98 -1 39 -1 50 -1 -2
15 -1 31 34 -1 30 31 79 89 -1 -2
100 -1 83 -1 58 -1 -2
13 65 96 -1 15 99 -1 2 76 92 -1 -2
56 61 63 87 -1 8 38 40 78 -1 65 -1 -2
62 76 -1 6 53 -1 28 45 63 -1 -2
27 32 -1 3 54 90 -1 42 78 86 -1 -2
6 10 63 79 -1 12 33 -1 67 68 74 85 -1 -2
27 59 -1 74 -1 8 43 59 68 -1 -2
52 96 -1 50 53 66 -1 64 -1 -2
7 12 -1 2 80 96 -1 34 71 87 -1 -2
5 82 -1 18 25 70 97 -1 26 -1 -2
11 33 -1 83 -1 29 49 69 -1 -2
1 9 -1 25 56 -1 13 41 51 54 -1 -2
7 15 94 100 -1 39 42 66 -1 13 16 22 -1 -2
11 -1 56 -1 5 57 78 79 -1 -2
17 33 77 -1 92 -1 66 -1 -2
9 48 -1 25 61 -1 13 -1 -2
14 69 81 -1 17 44 89 90 -1 4 10 60 -1 -2
36 40 -1 69 94 -1 82 92 -1 -2
62 -1 11 -1 69 -1 -2
10 75 -1 1 6 9 21 -1 31 80 82 89 -1 -2
75 -1 11 71 94 95 -1 83 91 -1 -2
12 -1 14 30 44 62 -1 43 57 -1 -2
23 29 54 -1 67 81 87 99 -1 6 22 24 78 -1 -2
7 12 30 46 -1 23 71 -1 19 66 -1 -2
59 68 -1 1 51 84 87 -1 7 13 32 82 -1 -2
53 -1 8 44 71 93 -1 55 66 -1 -2
38 53 -1 11 55 69 -1 70 72 96 -1 -2
14 74 76 -1 36 48 -1 37 -1 -2
64 -1 80 84 -1 57 70 -1 -2
47 -1 58 62 -1 14 18 30 43 -1 -2
22 70 85 93 -1 35 56 84 -1 91 93 -1 -2
10 41 67 71 -1 6 11 64 98 -1 26 82 -1 -2
20 38 54 -1 36 61 77 -1 25 42 -1 -2
98 -1 35 45 53 69 -1 2 36 -1 -2
38 -1 12 33 48 87 -1 60 64 -1 -2
1 6 56 77 -1 15 33 57 71 -1 61 -1 -2
18 76 -1 5 60 90 -1 20 23 -1 -2
15 -1 6 38 71 100 -1 33 -1 -2
51 85 100 -1 44 55 -1 86 -1 -2
30 36 -1 29 50 55 -1 31 82 84 -1 -2
11 54 77 92 -1 24 30 48 -1 97 -1 -2
30 69 91 -1 2 80 82 -1 34 78 89 -1 -2
30 99 -1 20 55 -1 18 52 70 94 -1 -2
3 -1 18 69 -1 18 56 -1 -2
81 -1 24 30 53 72 -1 32 38 44 84 -1 -2
92 -1 64 -1 48 50 91 -1 -2
4 36 37 88 -1 10 22 78 95 -1 17 26 73 88 -1 -2
42 60 90 -1 45 60 70 -1 23 24 -1 -2
61 77 95 -1 24 30 33 53 -1 35 56 92 -1 -2
16 20 50 -1 16 44 -1 25 28 89 -1 -2
31 99 -1 38 -1 29 45 -1 -2
14 -1 66 69 82 95 -1 13 -1 -2
11 21 56 69 -1 61 -1 26 35 40 87 -1 -2
29 34 41 76 -1 71 89 -1 50 66 -1 -2
55 87 -1 7 72 -1 9 -1 -2
24 50 83 99 -1 75 -1 60 -1 -2
7 56 59 94 -1 70 90 -1 33 85 91 -1 -2
16 18 30 93 -1 59 87 90 -1 34 41 55 67 -1 -2
36 -1 11 16 24 90 -1 19 -1 -2
62 67 77 -1 66 -1 3 8 31 53 -1 -2
86 93 -1 12 -1 8 42 100 -1 -2
98 -1 25 -1 44 57 69 -1 -2
2 89 -1 25 81 86 92 -1 24 40 65 -1 -2
14 16 71 91 -1 90 -1 18 19 31 -1 -2
15 58 64 -1 23 27 -1 77 -1 -2
23 -1 24 30 95 -1 5 45 87 -1 -2
3 12 83 -1 58 71 -1 12 93 99 -1 -2
58 -1 87 -1 26 92 -1 -2
1 26 28 63 -1 8 16 31 69 -1 43 45 66 -1 -2
29 48 71 99 -1 49 94 -1 6 39 91 -1 -2
28 42 64 77 -1 42 57 71 98 -1 81 88 -1 -2
100 -1 17 54 76 -1 52 -1 -2
75 -1 9 24 54 -1 4 5 28 41 -1 -2
68 -1 33 -1 17 84 -1 -2
4 23 46 48 -1 13 83 -1 51 99 -1 -2
16 -1 85 -1 79 -1 -2
37 62 -1 2 10 26 38 -1 62 97 -1 -2
36 -1 62 92 -1 1 22 -1 -2
43 61 -1 14 91 -1 45 63 83 -1 -2
6 44 56 89 -1 5 53 61 63 -1 11 14 17 92 -1 -2
37 82 85 -1 17 59 90 -1 11 34 84 -1 -2
46 -1 21 51 69 -1 63 82 -1 -2
28 -1 70 -1 3 15 78 81 -1 -2
92 -1 15 81 85 -1 73 -1 -2
9 57 76 -1 54 61 62 64 -1 13 21 -1 -2
38 89 -1 2 3 93 96 -1 50 -1 -2
16 17 -1 19 26 39 91 -1 2 -1 -2
82 -1 49 -1 7 33 44 83 -1 -2
61 67 97 -1 21 69 71 -1 100 -1 -2
8 22 -1 7 -1 33 35 68 -1 -2
35 42 55 83 -1 47 66 83 -1 31 37 48 61 -1 -2
33 60 84 -1 45 98 -1 4 7 -1 -2
65 84 -1 76 -1 11 42 52 -1 -2
94 -1 8 -1 4 26 39 85 -1 -2
36 84 -1 8 75 81 96 -1 45 83 87 -1 -2
15 63 96 -1 90 -1 12 68 -1 -2
53 72 -1 83 -1 48 54 57 78 -1 -2
12 -1 2 26 62 -1 21 54 87 -1 -2
32 34 -1 20 97 -1 21 64 -1 -2
43 -1 41 53 83 -1 35 39 -1 -2
22 -1 80 -1 32 -1 -2
59 -1 13 96 -1 58 62 99 -1 -2
28 54 78 -1 86 -1 6 18 100 -1 -2
17 42 62 -1 25 33 54 63 -1 80 -1 -2
13 24 26 -1 33 -1 6 -1 -2
10 17 28 48 -1 4 15 80 -1 68 81 -1 -2
12 19 85 99 -1 40 41 -1 31 43 -1 -2
16 40 48 92 -1 20 -1 61 -1 -2
18 22 -1 23 39 -1 8 68 90 -1 -2
95 -1 21 -1 15 32 44 64 -1 -2
1 69 88 -1 1 80 -1 9 -1 -2
1 -1 33 86 -1 13 47 74 79 -1 -2
68 -1 6 54 98 -1 52 -1 -2
54 93 -1 53 67 71 79 -1 19 35 99 -1 -2
13 16 34 45 -1 9 12 16 67 -1 90 -1 -2
69 -1 98 -1 59 84 96 98 -1 -2
13 30 55 60 -1 2 47 70 91 -1 13 26 48 78 -1 -2
17 18 70 80 -1 70 88 -1 6 52 68 -1 -2
25 63 94 98 -1 31 79 97 -1 24 64 -1 -2
35 -1 23 54 -1 1 24 29 63 -1 -2
70 -1 90 -1 33 75 -1 -2
42 50 55 72 -1 77 -1 27 36 59 78 -1 -2
15 32 79 -1 27 48 57 87 -1 18 81 100 -1 -2
37 -1 22 54 81 95 -1 18 34 99 -1 -2
13 -1 3 -1 18 46 89 -1 -2
8 -1 4 38 53 67 -1 5 49 51 64 -1 -2
35 76 92 -1 10 24 38 84 -1 44 -1 -2
32 35 100 -1 82 -1 60 99 -1 -2
24 27 -1 9 31 86 88 -1 67 -1 -2
21 39 90 -1 19 40 47 86 -1 77 -1 -2
44 62 -1 19 -1 4 38 39 -1 -2
2 24 42 47 -1 16 29 36 79 -1 36 44 51 91 -1 -2
7 25 30 93 -1 28 54 73 95 -1 21 -1 -2
48 74 92 -1 21 59 61 70 -1 15 91 99 -1 -2
8 13 69 98 -1 35 48 68 74 -1 32 -1 -2
34 -1 70 73 92 -1 33 67 81 93 -1 -2
35 38 42 72 -1 53 63 85 86 -1 40 80 -1 -2
37 42 45 75 -1 31 85 -1 5 16 -1 -2
7 14 38 84 -1 74 -1 20 -1 -2
18 43 -1 62 100 -1 37 44 65 81 -1 -2
31 32 69 -1 10 39 -1 5 43 74 -1 -2
68 87 89 -1 27 36 66 97 -1 94 96 -1 -2
61 84 -1 17 41 -1 7 13 33 -1 -2
3 5 90 -1 1 55 -1 5 32 66 77 -1 -2
14 -1 49 -1 32 41 -1 -2
96 -1 36 69 85 -1 88 -1 -2
13 -1 65 -1 8 9 38 -1 -2
6 67 75 91 -1 9 64 93 -1 70 -1 -2
5 46 97 -1 7 16 98 -1 9 70 -1 -2
29 47 94 98 -1 31 69 85 -1 21 32 90 -1 -2
37 72 99 -1 11 92 -1 75 -1 -2
25 54 57 -1 30 36 63 77 -1 60 -1 -2
1 65 -1 88 -1 40 43 52 99 -1 -2
96 -1 12 17 -1 10 94 -1 -2
49 58 -1 18 58 -1 16 27 86 -1 -2
9 90 -1 5 11 -1 47 60 -1 -2
3 11 85 -1 29 39 -1 99 -1 -2
16 -1 35 52 83 -1 7 -1 -2
5 39 -1 100 -1 17 -1 -2
24 32 65 70 -1 7 29 58 71 -1 4 20 61 -1 -2
32 59 -1 21 23 27 46 -1 9 17 76 -1 -2
36 63 72 -1 14 81 92 94 -1 88 97 -1 -2
15 16 33 53 -1 9 43 -1 29 81 -1 -2
1 30 68 80 -1 10 -1 21 55 -1 -2
28 46 78 98 -1 78 -1 33 50 89 99 -1 -2
51 -1 8 -1 45 58 82 86 -1 -2
5 46 59 -1 46 73 85 -1 14 -1 -2
41 80 -1 5 30 99 -1 53 -1 -2
39 62 69 81 -1 88 -1 63 87 95 -1 -2
83 -1 7 38 79 82 -1 8 58 60 -1 -2
60 -1 19 83 -1 28 70 -1 -2
59 -1 85 91 100 -1 96 -1 -2
7 56 78 88 -1 6 56 84 -1 36 83 -1 -2
18 67 94 -1 55 91 98 -1 50 53 -1 -2
66 -1 26 98 100 -1 38 43 74 93 -1 -2
30 41 59 73 -1 23 29 46 -1 63 -1 -2
22 89 -1 8 12 30 65 -1 11 20 72 -1 -2
34 69 74 91 -1 54 -1 26 91 98 -1 -2
41 55 100 -1 21 45 74 78 -1 43 46 70 95 -1 -2
63 67 78 -1 2 83 -1 24 46 -1 -2
9 58 88 92 -1 23 40 61 -1 69 80 88 -1 -2
36 79 -1 6 -1 17 41 55 -1 -2
47 -1 68 -1 50 77 84 96 -1 -2
57 74 86 -1 11 12 21 -1 8 40 52 -1 -2
37 62 -1 20 -1 73 -1 -2
34 60 -1 44 77 -1 28 89 -1 -2
21 49 -1 55 98 -1 9 37 95 96 -1 -2
40 54 59 -1 96 -1 18 57 80 98 -1 -2
19 69 -1 53 -1 22 29 52 -1 -2
3 14 71 97 -1 65 85 -1 8 97 -1 -2
12 74 82 -1 22 34 76 -1 1 57 71 -1 -2
63 77 -1 25 37 -1 28 55 91 94 -1 -2
34 -1 43 44 -1 71 83 -1 -2
92 100 -1 21 54 62 -1 5 15 37 -1 -2
17 53 60 72 -1 23 75 91 -1 31 40 61 84 -1 -2
9 39 81 -1 17 51 -1 73 83 92 98 -1 -2
43 91 -1 58 76 85 88 -1 26 -1 -2
12 40 -1 45 49 -1 58 74 -1 -2
56 57 96 -1 7 48 -1 42 93 -1 -2
33 -1 2 8 33 39 -1 14 46 78 98 -1 -2
84 -1 29 72 83 -1 49 -1 -2
44 53 66 73 -1 48 99 -1 19 -1 -2
9 64 -1 32 74 -1 39 49 79 -1 -2
76 -1 12 96 -1 71 -1 -2
11 52 73 89 -1 24 32 53 62 -1 37 45 71 90 -1 -2
45 -1 7 62 75 -1 67 76 85 -1 -2
83 -1 77 -1 13 49 79 92 -1 -2
46 62 96 -1 1 6 19 -1 26 36 86 95 -1 -2
6 45 54 -1 48 86 -1 33 75 99 -1 -2
34 54 59 95 -1 17 -1 24 28 -1 -2
19 44 90 91 -1 6 68 85 -1 27 44 56 -1 -2
42 56 89 94 -1 21 34 72 -1 58 -1 -2
36 -1 28 -1 5 -1 -2
32 63 78 84 -1 78 88 -1 12 35 99 -1 -2
92 -1 18 21 -1 42 91 -1 -2
22 66 -1 65 -1 22 31 70 81 -1 -2
67 -1 56 77 -1 32 51 -1 -2
1 18 40 71 -1 32 42 53 -1 51 71 77 85 -1 -2
38 -1 34 52 88 100 -1 17 99 -1 -2
28 33 47 57 -1 49 -1 13 -1 -2
2 52 95 -1 26 -1 77 -1 -2
5 -1 76 -1 41 79 88 96 -1 -2
68 91 94 -1 14 65 66 -1 29 87 -1 -2
63 76 94 -1 44 98 -1 36 100 -1 -2
2 11 66 -1 83 -1 7 84 -1 -2
69 -1 9 11 32 46 -1 28 29 67 -1 -2
40 -1 52 -1 37 54 77 -1 -2
21 32 61 64 -1 45 53 64 -1 29 -1 -2
48 51 60 70 -1 41 53 65 96 -1 23 24 34 84 -1 -2
51 79 -1 28 68 -1 18 45 61 -1 -2
7 10 -1 84 -1 35 67 -1 -2
46 -1 54 64 80 -1 38 47 66 69 -1 -2
73 -1 23 66 -1 19 59 78 -1 -2
2 12 -1 40 56 75 95 -1 62 92 -1 -2
75 -1 9 68 76 -1 93 -1 -2
96 99 -1 15 27 -1 41 -1 -2
3 26 60 -1 15 43 51 -1 27 30 31 -1 -2
18 33 35 81 -1 45 57 75 -1 13 38 -1 -2
52 -1 37 39 59 93 -1 11 14 69 -1 -2
61 -1 21 30 40 78 -1 65 -1 -2
21 27 28 39 -1 35 66 -1 17 47 -1 -2
96 -1 18 -1 6 31 -1 -2
22 56 66 -1 14 53 -1 37 75 -1 -2
69 74 -1 13 40 -1 12 -1 -2
32 80 92 -1 67 -1 79 99 -1 -2
17 38 93 -1 7 25 66 -1 7 52 67 -1 -2
13 52 69 -1 26 37 47 87 -1 93 -1 -2
20 55 -1 14 36 63 -1 8 78 -1 -2
24 26 -1 11 32 91 -1 32 -1 -2
10 19 28 -1 36 -1 8 50 89 -1 -2
55 93 -1 2 49 -1 20 61 97 -1 -2
33 64 66 -1 20 80 -1 49 -1 -2
17 20 100 -1 32 80 87 -1 25 81 -1 -2
6 -1 26 -1 7 -1 -2
6 21 33 72 -1 43 65 67 70 -1 54 56 -1 -2
16 27 -1 87 89 -1 16 23 30 49 -1 -2
53 59 68 73 -1 18 30 41 98 -1 13 27 71 -1 -2
95 -1 100 -1 24 -1 -2
23 58 87 -1 25 -1 25 48 65 -1 -2
86 -1 25 39 66 -1 25 39 53 96 -1 -2
69 76 -1 12 50 -1 31 54 -1 -2
4 11 73 -1 64 -1 10 -1 -2
55 66 -1 63 -1 13 50 -1 -2
36 49 71 -1 81 -1 1 33 84 -1 -2
86 -1 5 15 34 64 -1 47 83 -1 -2
54 74 80 -1 43 -1 95 -1 -2
14 -1 21 -1 2 49 66 99 -1 -2
22 29 -1 42 -1 40 48 68 89 -1 -2
10 60 100 -1 65 96 -1 36 47 -1 -2
37 -1 29 38 48 53 -1 85 -1 -2
43 72 89 -1 1 51 55 -1 12 17 31 72 -1 -2
66 95 -1 19 65 67 91 -1 83 -1 -2
77 -1 9 55 68 70 -1 33 43 63 -1 -2
12 13 24 68 -1 55 -1 87 -1 -2
35 78 -1 61 84 -1 50 77 91 -1 -2
27 84 94 100 -1 51 -1 4 9 33 52 -1 -2
47 -1 31 -1 43 90 -1 -2
26 45 59 90 -1 5 29 99 -1 8 28 29 32 -1 -2
9 -1 9 66 82 -1 49 -1 -2
70 -1 67 -1 27 49 -1 -2
23 25 56 -1 41 -1 34 -1 -2
91 -1 29 32 43 -1 26 59 -1 -2
8 -1 6 9 47 50 -1 77 -1 -2
21 40 50 80 -1 10 51 60 -1 10 20 38 54 -1 -2
16 30 -1 1 36 58 -1 54 95 -1 -2
2 43 50 66 -1 44 78 79 91 -1 65 -1 -2
10 37 69 86 -1 4 75 -1 55 -1 -2
3 70 -1 31 94 -1 31 57 93 -1 -2
3 100 -1 24 -1 38 78 99 -1 -2
62 69 -1 83 -1 94 97 -1 -2
41 66 -1 34 36 39 69 -1 58 80 -1 -2
12 38 60 82 -1 81 -1 25 33 80 -1 -2
5 23 48 49 -1 13 63 97 -1 33 -1 -2
45 67 90 -1 36 47 68 -1 19 26 64 66 -1 -2
5 7 -1 88 -1 83 -1 -2
79 85 -1 13 25 -1 3 65 91 -1 -2
3 37 94 96 -1 41 48 62 -1 35 46 92 -1 -2
2 41 84 89 -1 29 78 -1 1 8 34 76 -1 -2
2 -1 47 -1 20 30 37 57 -1 -2
16 27 41 -1 25 27 43 48 -1 16 42 -1 -2
25 85 -1 24 -1 14 27 75 -1 -2
18 27 34 -1 9 -1 37 42 76 96 -1 -2
10 19 -1 38 87 -1 30 41 45 69 -1 -2
96 -1 43 79 89 -1 27 44 74 77 -1 -2
94 -1 14 26 35 41 -1 11 18 83 -1 -2
1 -1 66 77 -1 41 -1 -2
18 43 -1 61 69 74 81 -1 37 53 -1 -2
65 67 -1 31 41 52 85 -1 76 87 -1 -2
32 -1 87 -1 11 35 47 81 -1 -2
2 13 28 -1 87 94 -1 32 43 93 97 -1 -2
4 12 37 49 -1 44 95 99 -1 49 52 -1 -2
99 -1 22 73 93 94 -1 9 48 65 99 -1 -2
12 22 76 92 -1 1 7 79 80 -1 29 63 69 80 -1 -2
58 84 89 -1 1 56 -1 42 54 56 79 -1 -2
91 92 -1 15 44 59 67 -1 83 -1 -2
24 -1 25 28 55 73 -1 26 54 -1 -2
70 94 -1 63 -1 26 53 70 86 -1 -2
18 88 -1 5 25 61 71 -1 24 41 85 -1 -2
32 59 65 -1 52 -1 65 69 93 -1 -2
11 78 86 -1 49 58 60 85 -1 28 65 -1 -2
63 76 -1 20 -1 40 -1 -2
30 36 -1 13 -1 3 80 -1 -2
9 45 61 93 -1 56 100 -1 12 79 -1 -2
77 -1 47 96 -1 29 -1 -2
54 65 91 99 -1 14 46 85 -1 22 52 61 85 -1 -2
81 -1 4 -1 33 98 -1 -2
11 37 85 94 -1 56 -1 10 21 22 27 -1 -2
41 85 97 -1 28 36 -1 91 -1 -2
26 35 42 -1 5 64 79 85 -1 32 59 79 -1 -2
39 76 88 91 -1 17 47 89 -1 31 62 -1 -2
16 88 -1 87 99 -1 14 85 91 -1 -2
29 30 -1 95 -1 24 37 76 -1 -2
14 36 -1 25 -1 12 81 -1 -2
49 52 96 -1 27 40 -1 41 44 55 59 -1 -2
80 -1 15 59 75 -1 59 93 -1 -2
3 32 36 -1 55 64 -1 19 55 68 75 -1 -2
48 -1 54 72 -1 1 24 64 -1 -2
4 44 48 -1 68 -1 55 -1 -2
58 -1 75 87 -1 63 85 90 -1 -2
85 -1 3 10 47 -1 5 9 35 63 -1 -2
75 84 -1 50 -1 49 60 75 84 -1 -2
42 -1 13 -1 73 84 -1 -2
40 54 -1 9 -1 7 11 29 38 -1 -2
25 100 -1 8 -1 46 52 63 77 -1 -2
16 40 76 95 -1 31 76 -1 37 40 61 65 -1 -2
2 -1 20 39 80 88 -1 25 90 -1 -2
31 -1 37 -1 96 -1 -2
37 54 55 -1 34 86 -1 29 34 48 -1 -2
3 30 70 -1 55 87 -1 21 25 81 -1 -2
3 -1 6 54 90 -1 35 -1 -2
39 49 -1 40 43 92 98 -1 3 30 95 -1 -2
23 29 -1 71 -1 36 58 -1 -2
58 78 -1 19 21 30 -1 22 47 73 -1 -2
74 -1 26 48 -1 33 89 91 -1 -2
15 -1 34 51 55 -1 19 31 51 97 -1 -2
55 62 -1 5 49 -1 13 18 -1 -2
17 32 45 52 -1 20 53 -1 11 17 26 61 -1 -2
98 -1 12 21 -1 44 77 -1 -2
44 -1 6 14 40 81 -1 35 90 -1 -2
81 -1 47 -1 5 37 -1 -2
95 -1 40 97 -1 12 19 20 72 -1 -2
15 -1 73 78 -1 31 40 76 -1 -2
49 59 80 98 -1 39 82 -1 50 -1 -2
52 58 93 -1 34 89 98 -1 76 -1 -2
21 26 52 -1 18 98 -1 20 -1 -2
12 31 81 96 -1 50 -1 6 16 62 -1 -2
18 -1 33 -1 48 53 -1 -2
10 11 -1 13 22 35 -1 24 42 90 -1 -2
43 64 89 97 -1 84 -1 62 78 83 96 -1 -2
10 24 54 91 -1 7 73 -1 60 70 73 81 -1 -2
81 -1 69 91 93 -1 95 -1 -2
15 64 89 -1 15 32 54 -1 14 22 46 61 -1 -2
28 60 -1 6 23 30 75 -1 25 29 62 64 -1 -2
2 74 -1 56 63 -1 35 85 97 -1 -2
3 99 -1 12 28 75 97 -1 31 71 -1 -2
27 100 -1 9 91 -1 9 38 53 -1 -2
2 91 -1 80 -1 94 -1 -2
8 19 -1 14 28 44 78 -1 3 25 42 78 -1 -2
2 80 86 87 -1 24 35 -1 4 -1 -2
4 51 94 -1 14 20 -1 33 36 38 45 -1 -2
53 67 70 -1 50 72 82 -1 74 -1 -2
79 -1 59 61 93 -1 44 84 -1 -2
35 51 66 79 -1 42 44 64 -1 44 57 73 -1 -2
66 -1 6 17 22 66 -1 29 90 -1 -2
8 11 100 -1 36 49 96 -1 7 66 88 -1 -2
17 18 54 -1 75 86 -1 17 -1 -2
54 -1 25 41 52 -1 22 46 79 -1 -2
57 -1 73 81 -1 1 25 59 88 -1 -2
39 -1 62 84 -1 33 79 -1 -2
55 -1 19 58 87 -1 51 58 68 100 -1 -2
57 72 -1 58 79 -1 20 58 -1 -2
1 23 80 -1 17 29 54 59 -1 23 80 91 -1 -2
3 15 19 -1 35 44 60 95 -1 65 75 -1 -2
10 65 86 -1 9 69 -1 2 20 70 92 -1 -2
3 91 -1 3 52 58 85 -1 1 59 71 99 -1 -2
13 46 64 80 -1 19 47 -1 16 21 54 98 -1 -2
5 27 77 99 -1 18 24 45 96 -1 2 75 85 -1 -2
82 -1 13 98 -1 55 67 88 -1 -2
24 29 -1 69 -1 27 48 49 53 -1 -2
39 52 67 68 -1 24 48 81 -1 4 48 50 84 -1 -2
16 43 72 83 -1 22 60 -1 5 34 73 94 -1 -2
85 -1 18 21 86 95 -1 15 56 -1 -2
26 47 84 96 -1 9 32 54 -1 21 -1 -2
55 67 68 -1 6 -1 41 56 -1 -2
18 27 98 -1 68 93 -1 7 -1 -2
8 63 83 -1 21 35 54 93 -1 73 100 -1 -2
57 80 97 -1 4 7 14 71 -1 21 58 94 -1 -2
27 -1 30 34 72 94 -1 3 51 79 -1 -2
4 43 47 -1 54 -1 40 45 62 -1 -2
31 69 76 98 -1 26 63 75 76 -1 19 53 58 84 -1 -2
21 65 -1 65 -1 10 14 -1 -2
52 88 -1 1 4 44 86 -1 13 46 -1 -2
65 77 -1 12 29 92 -1 96 -1 -2
3 13 55 60 -1 9 75 -1 12 -1 -2
83 97 -1 34 -1 81 -1 -2
25 40 -1 38 48 100 -1 48 -1 -2
61 69 97 -1 7 14 71 -1 21 -1 -2
62 -1 42 87 -1 37 70 78 100 -1 -2
55 69 -1 10 37 59 -1 18 58 -1 -2
6 77 -1 30 36 -1 93 -1 -2
15 70 75 -1 65 88 -1 6 12 -1 -2
9 45 48 -1 17 42 59 70 -1 51 80 -1 -2
21 99 -1 24 69 91 -1 38 71 74 -1 -2
3 4 20 27 -1 1 42 53 -1 53 75 -1 -2
64 -1 14 54 -1 7 42 43 69 -1 -2
49 51 78 -1 10 38 39 -1 14 26 88 -1 -2
25 27 48 88 -1 3 16 56 63 -1 31 33 -1 -2
80 83 -1 77 -1 10 25 27 71 -1 -2
50 72 96 -1 30 53 60 -1 35 56 84 -1 -2
10 38 -1 10 -1 26 29 -1 -2
1 16 -1 14 38 100 -1 90 91 96 -1 -2
13 42 67 82 -1 7 31 55 95 -1 11 22 42 95 -1 -2
6 63 -1 66 -1 32 48 89 90 -1 -2
18 34 66 -1 29 75 89 -1 25 75 -1 -2
34 -1 52 -1 48 -1 -2
30 71 93 -1 94 -1 15 24 55 95 -1 -2
27 28 54 93 -1 79 -1 11 -1 -2
62 70 97 -1 98 -1 4 25 -1 -2
33 46 99 -1 56 91 -1 7 13 49 94 -1 -2
10 28 39 -1 70 95 -1 2 41 84 87 -1 -2
20 59 73 82 -1 84 -1 9 40 64 -1 -2
81 91 -1 16 56 -1 26 40 -1 -2
20 -1 86 -1 10 23 53 85 -1 -2
14 85 -1 4 20 28 97 -1 30 51 95 -1 -2
97 -1 52 57 88 -1 61 70 78 -1 -2
4 24 46 -1 85 -1 33 63 72 95 -1 -2
69 77 -1 21 40 -1 28 42 72 87 -1 -2
58 89 -1 3 60 95 100 -1 98 -1 -2
75 -1 76 97 -1 6 37 95 -1 -2
3 87 92 -1 12 74 88 -1 48 68 71 81 -1 -2
81 -1 78 92 94 96 -1 89 99 -1 -2
15 62 94 -1 8 16 65 66 -1 46 67 68 95 -1 -2
32 35 59 63 -1 12 14 44 49 -1 16 43 49 -1 -2
13 51 71 98 -1 16 23 28 47 -1 2 34 86 -1 -2
8 15 63 100 -1 69 -1 14 72 84 -1 -2
31 34 86 91 -1 6 31 45 -1 9 30 -1 -2
65 -1 35 67 -1 30 43 62 74 -1 -2
13 20 56 -1 82 -1 27 63 67 69 -1 -2
21 37 68 -1 11 57 83 100 -1 20 28 35 92 -1 -2
26 40 65 -1 5 7 51 98 -1 43 -1 -2
42 57 79 -1 23 -1 9 46 67 -1 -2
9 69 -1 33 75 77 -1 97 -1 -2
2 27 -1 2 -1 32 37 -1 -2
68 -1 56 -1 2 85 -1 -2
18 37 38 92 -1 6 11 43 -1 23 54 63 76 -1 -2
10 23 -1 84 -1 96 -1 -2
18 29 54 100 -1 53 69 86 93 -1 56 61 87 96 -1 -2
33 -1 12 -1 22 62 -1 -2
57 79 90 98 -1 9 11 51 -1 7 12 45 72 -1 -2
22 45 -1 24 25 -1 36 63 -1 -2
34 -1 15 41 65 -1 24 72 81 87 -1 -2
54 -1 25 66 90 -1 44 78 98 -1 -2
55 73 98 -1 42 69 76 -1 43 -1 -2
21 72 88 91 -1 19 43 58 79 -1 8 33 96 -1 -2
8 33 -1 9 18 30 66 -1 1 14 20 -1 -2
21 39 -1 39 52 72 -1 8 -1 -2
97 -1 69 72 97 -1 36 91 99 -1 -2
69 75 -1 6 38 -1 38 79 -1 -2
33 51 92 95 -1 36 80 83 -1 19 48 64 94 -1 -2
28 37 -1 71 -1 16 -1 -2
59 86 -1 4 6 8 58 -1 5 -1 -2
37 48 89 100 -1 60 -1 17 38 82 86 -1 -2
47 54 77 84 -1 10 -1 4 35 52 78 -1 -2
45 67 -1 5 27 40 -1 53 68 75 97 -1 -2
32 34 50 79 -1 3 53 -1 28 -1 -2
33 56 90 -1 40 -1 34 -1 -2
18 23 33 86 -1 25 90 -1 72 82 85 96 -1 -2
50 60 98 -1 2 60 77 99 -1 7 22 51 -1 -2
22 37 -1 63 -1 33 -1 -2
81 87 98 99 -1 57 -1 2 -1 -2
16 -1 98 -1 70 -1 -2
94 -1 14 -1 1 34 66 81 -1 -2
17 63 74 -1 14 -1 7 -1 -2
12 24 45 64 -1 11 15 83 -1 13 27 29 -1 -2
10 15 57 60 -1 12 -1 28 -1 -2
29 63 72 -1 56 78 -1 69 85 -1 -2
14 64 98 -1 38 39 66 83 -1 6 -1 -2
15 26 42 -1 10 26 -1 22 35 88 100 -1 -2
37 64 77 -1 41 -1 10 27 33 -1 -2
10 27 -1 47 61 86 -1 32 42 45 64 -1 -2
9 11 16 -1 31 92 -1 38 92 -1 -2
54 -1 43 46 -1 13 56 70 -1 -2
1 3 85 87 -1 10 63 -1 50 58 82 -1 -2
10 65 75 76 -1 76 77 -1 18 46 -1 -2
4 43 84 94 -1 91 -1 26 71 82 -1 -2
23 53 58 -1 17 27 50 -1 90 -1 -2
11 20 86 92 -1 59 -1 39 -1 -2
22 -1 53 -1 20 45 53 80 -1 -2
62 -1 26 33 36 -1 19 35 93 -1 -2
7 12 29 98 -1 29 43 60 68 -1 1 -1 -2
15 98 -1 64 -1 33 48 80 -1 -2
62 64 -1 84 -1 61 66 -1 -2
8 59 -1 41 70 77 93 -1 25 55 -1 -2
36 42 97 -1 10 26 -1 3 39 67 98 -1 -2
4 90 -1 23 65 88 -1 13 15 47 58 -1 -2
51 79 81 -1 15 42 -1 39 48 79 -1 -2
90 -1 39 42 64 -1 5 18 25 -1 -2
41 48 64 84 -1 34 46 77 82 -1 1 7 63 91 -1 -2
98 -1 29 79 84 -1 81 -1 -2
23 83 -1 13 58 60 62 -1 6 47 99 100 -1 -2
23 -1 39 54 -1 36 -1 -2
11 39 69 75 -1 37 42 66 -1 59 -1 -2
10 53 54 83 -1 29 33 50 100 -1 73 78 -1 -2
12 58 69 -1 47 94 -1 3 30 33 35 -1 -2
47 98 -1 5 8 32 61 -1 31 38 53 -1 -2
17 36 -1 1 25 76 93 -1 31 60 81 85 -1 -2
87 -1 76 86 89 91 -1 5 18 40 -1 -2
58 -1 42 69 76 82 -1 13 41 58 76 -1 -2
4 11 34 51 -1 13 36 73 100 -1 55 73 83 96 -1 -2
37 42 46 69 -1 37 68 -1 14 -1 -2
29 -1 17 -1 100 -1 -2
18 40 79 -1 36 84 -1 7 12 -1 -2
59 -1 3 23 -1 16 -1 -2
75 -1 21 60 81 -1 14 32 76 87 -1 -2
29 64 86 -1 14 46 77 78 -1 63 -1 -2
6 46 57 71 -1 55 -1 13 47 50 70 -1 -2
8 74 -1 22 42 74 93 -1 23 80 92 100 -1 -2
56 86 -1 1 13 -1 31 63 -1 -2
22 45 72 74 -1 64 89 -1 32 37 45 90 -1 -2
3 10 17 28 -1 19 27 32 43 -1 60 66 95 -1 -2
3 -1 20 47 49 86 -1 22 83 -1 -2
13 -1 55 56 65 -1 54 69 -1 -2
3 19 28 38 -1 2 58 -1 44 -1 -2
72 74 -1 31 53 -1 13 37 62 -1 -2
14 28 66 -1 12 40 49 92 -1 11 80 -1 -2
72 -1 94 -1 21 90 -1 -2
33 34 40 46 -1 19 65 -1 19 27 78 -1 -2
82 96 -1 75 79 -1 23 69 81 -1 -2
14 80 100 -1 21 -1 88 -1 -2
52 53 64 76 -1 73 -1 32 59 -1 -2
71 96 -1 7 82 -1 34 51 53 95 -1 -2
27 59 -1 27 31 57 75 -1 90 99 -1 -2
1 -1 63 74 84 91 -1 26 33 42 -1 -2
34 91 98 -1 2 13 29 -1 18 28 40 49 -1 -2
43 75 88 -1 46 -1 14 56 80 91 -1 -2
45 52 84 -1 9 28 46 100 -1 5 84 -1 -2
66 99 -1 46 -1 46 77 -1 -2
71 73 89 -1 30 87 -1 14 -1 -2
10 12 34 48 -1 34 62 -1 6 63 -1 -2
20 43 -1 8 22 38 86 -1 6 34 -1 -2
34 -1 2 16 70 87 -1 77 -1 -2
3 56 70 -1 31 47 78 -1 25 -1 -2
15 39 43 -1 2 87 92 -1 25 38 53 70 -1 -2
36 53 70 -1 5 18 24 -1 86 -1 -2
56 63 -1 10 17 41 68 -1 78 -1 -2
46 62 79 93 -1 13 68 -1 2 27 49 -1 -2
18 66 -1 16 32 63 76 -1 62 83 97 -1 -2
42 61 63 -1 16 33 51 82 -1 41 -1 -2
17 24 -1 19 75 -1 34 56 -1 -2
94 -1 14 77 89 92 -1 22 46 62 71 -1 -2
11 41 45 -1 57 59 64 -1 1 42 -1 -2
56 80 -1 1 40 -1 8 34 49 63 -1 -2
29 41 46 57 -1 57 91 -1 12 40 65 -1 -2
2 39 47 -1 2 28 33 82 -1 15 25 33 65 -1 -2
18 35 54 -1 15 22 29 54 -1 6 -1 -2
28 -1 33 -1 82 -1 -2
14 26 92 -1 25 87 -1 26 -1 -2
17 21 44 72 -1 16 30 82 -1 6 22 31 44 -1 -2
16 56 57 97 -1 38 67 76 79 -1 10 71 91 -1 -2
25 39 81 100 -1 84 -1 59 -1 -2
25 -1 5 -1 25 84 -1 -2
20 -1 4 47 88 97 -1 55 56 75 -1 -2
12 22 52 -1 2 39 -1 26 29 -1 -2
38 49 77 -1 46 60 -1 37 58 65 -1 -2
23 39 66 -1 24 95 -1 14 23 38 41 -1 -2
2 76 -1 9 25 37 72 -1 16 39 92 -1 -2
97 -1 20 -1 18 54 85 -1 -2
44 49 -1 27 -1 55 83 -1 -2
88 -1 1 15 -1 2 -1 -2
70 75 84 87 -1 16 20 38 -1 16 17 22 35 -1 -2
25 76 -1 57 -1 19 43 79 96 -1 -2
14 47 58 -1 2 33 58 65 -1 33 89 -1 -2
9 28 -1 18 -1 26 72 -1 -2
91 -1 31 57 -1 62 -1 -2
57 -1 13 -1 20 62 78 87 -1 -2
27 30 -1 17 35 37 -1 5 52 58 -1 -2
29 57 89 -1 1 4 81 -1 28 76 -1 -2
32 45 59 92 -1 72 -1 3 -1 -2
38 89 97 -1 36 58 -1 1 -1 -2
37 87 -1 42 100 -1 50 95 -1 -2
31 44 -1 22 88 -1 16 39 80 -1 -2
14 74 93 -1 74 -1 35 43 53 -1 -2
29 83 85 91 -1 37 90 -1 23 70 82 95 -1 -2
59 69 95 -1 77 -1 30 52 -1 -2
22 46 93 94 -1 6 61 -1 89 100 -1 -2
7 19 -1 83 89 99 -1 22 23 29 98 -1 -2
18 39 53 -1 63 80 -1 19 -1 -2
5 7 44 68 -1 26 63 96 -1 20 39 85 94 -1 -2
60 -1 13 -1 8 -1 -2
77 89 -1 47 83 92 -1 18 25 48 -1 -2
26 44 -1 45 68 -1 20 24 50 99 -1 -2
73 -1 67 87 -1 75 -1 -2
15 19 92 -1 30 57 -1 34 69 98 -1 -2
14 75 -1 70 -1 23 46 50 78 -1 -2
76 82 -1 1 24 35 55 -1 3 29 78 91 -1 -2
11 15 -1 20 26 69 -1 12 24 57 76 -1 -2
8 21 26 42 -1 11 46 55 -1 14 65 83 -1 -2
3 34 57 -1 3 -1 17 -1 -2
5 27 50 -1 91 -1 52 85 -1 -2
22 86 -1 41 -1 14 63 79 -1 -2
90 -1 14 18 29 85 -1 73 -1 -2
8 16 91 -1 15 -1 47 -1 -2
48 -1 40 -1 36 -1 -2
31 -1 51 -1 11 16 31 83 -1 -2
44 -1 57 70 84 -1 5 9 -1 -2
61 66 -1 75 81 -1 26 49 59 -1 -2
37 69 74 -1 50 57 59 -1 4 33 47 -1 -2
17 52 -1 15 30 42 -1 20 -1 -2
17 44 55 88 -1 1 44 58 -1 10 38 91 -1 -2
35 40 47 63 -1 44 66 77 -1 7 61 67 90 -1 -2
22 48 69 -1 52 65 79 -1 29 44 46 -1 -2
12 43 -1 12 52 69 86 -1 42 -1 -2
37 64 78 88 -1 3 7 -1 27 54 69 -1 -2
35 40 45 -1 35 83 -1 14 28 38 47 -1 -2
24 42 64 88 -1 87 -1 29 -1 -2
9 49 98 -1 68 92 -1 33 59 86 97 -1 -2
17 67 99 -1 47 50 63 76 -1 67 91 -1 -2
11 28 34 64 -1 29 73 -1 58 78 93 -1 -2
70 -1 85 90 -1 26 31 48 86 -1 -2
30 -1 34 83 -1 22 -1 -2
66 -1 9 -1 5 16 66 -1 -2
21 46 57 80 -1 52 80 92 -1 13 20 66 -1 -2
22 66 69 82 -1 11 68 -1 31 -1 -2
84 -1 40 55 -1 44 56 85 -1 -2
43 47 -1 81 86 -1 13 44 93 95 -1 -2
34 72 79 -1 32 76 85 100 -1 6 86 91 -1 -2
23 -1 17 57 77 78 -1 74 -1 -2
41 72 -1 29 44 -1 34 -1 -2
18 27 57 -1 67 72 -1 63 -1 -2
9 26 -1 75 -1 13 72 -1 -2
6 44 -1 21 67 97 -1 42 66 67 -1 -2
51 54 55 -1 16 -1 21 27 70 -1 -2
51 61 68 80 -1 29 39 -1 46 86 -1 -2
9 88 -1 16 -1 68 81 -1 -2
77 79 -1 5 70 -1 36 54 64 -1 -2
28 80 89 -1 79 86 -1 25 -1 -2
12 26 74 -1 30 36 -1 16 47 78 -1 -2
11 60 66 100 -1 62 99 -1 76 89 -1 -2
7 96 -1 43 -1 41 84 -1 -2
38 77 96 -1 4 21 82 -1 28 58 72 100 -1 -2
9 15 -1 60 83 -1 11 27 39 -1 -2
4 14 25 63 -1 65 71 87 -1 21 62 82 -1 -2
27 46 73 74 -1 1 78 99 100 -1 77 97 -1 -2
76 90 -1 15 27 51 100 -1 23 -1 -2
1 38 47 62 -1 16 -1 8 83 -1 -2
15 45 77 81 -1 58 61 90 -1 50 60 63 -1 -2
11 25 41 57 -1 28 -1 26 82 92 98 -1 -2
57 -1 39 60 73 85 -1 16 71 81 94 -1 -2
11 16 53 99 -1 12 -1 66 77 91 92 -1 -2
7 28 70 -1 24 62 -1 1 34 70 -1 -2
1 34 53 72 -1 34 42 44 -1 6 47 68 -1 -2
55 -1 4 7 28 51 -1 47 66 81 82 -1 -2
69 73 -1 4 81 95 -1 95 -1 -2
22 49 65 87 -1 10 28 -1 54 -1 -2
24 86 -1 11 36 58 73 -1 88 -1 -2
2 42 66 87 -1 59 73 97 -1 5 27 42 -1 -2
1 36 -1 1 22 58 99 -1 94 -1 -2
16 82 85 95 -1 36 42 -1 10 70 -1 -2
56 67 99 -1 3 8 -1 6 -1 -2
6 9 72 -1 26 50 -1 25 33 65 97 -1 -2
18 58 92 -1 39 41 -1 32 44 60 94 -1 -2
18 87 -1 3 47 -1 28 62 100 -1 -2
34 59 -1 41 -1 31 -1 -2
27 30 84 -1 65 -1 91 -1 -2
11 34 36 94 -1 90 -1 6 9 12 -1 -2
33 58 -1 20 76 -1 15 30 84 97 -1 -2
68 99 -1 22 40 -1 77 89 -1 -2
10 35 49 79 -1 7 51 60 -1 32 77 100 -1 -2
17 21 36 65 -1 13 40 45 -1 43 63 71 82 -1 -2
3 28 -1 63 -1 46 67 95 -1 -2
29 57 64 99 -1 16 45 75 79 -1 14 45 -1 -2
31 49 -1 2 21 87 -1 42 62 96 -1 -2
7 36 49 96 -1 1 73 85 -1 4 -1 -2
95 -1 3 51 -1 31 -1 -2
14 19 53 83 -1 37 61 -1 15 18 -1 -2
71 74 -1 84 -1 3 14 31 94 -1 -2
42 -1 53 96 -1 30 48 -1 -2
59 64 -1 20 82 -1 28 30 75 -1 -2
36 76 -1 8 12 59 -1 28 30 60 81 -1 -2
34 39 -1 56 60 95 -1 8 11 40 69 -1 -2
42 -1 63 74 -1 4 29 37 58 -1 -2
2 -1 3 42 98 -1 10 22 78 99 -1 -2
11 27 42 -1 41 49 86 -1 39 65 70 73 -1 -2
21 55 86 97 -1 29 64 -1 4 21 59 63 -1 -2
32 44 -1 8 12 78 -1 69 79 -1 -2
77 85 89 -1 78 -1 68 76 -1 -2
38 -1 2 -1 42 58 92 -1 -2
34 58 100 -1 67 90 -1 40 86 -1 -2
31 47 73 98 -1 22 -1 11 -1 -2
7 33 76 98 -1 7 42 46 86 -1 2 5 26 84 -1 -2
14 61 81 83 -1 14 21 55 -1 28 68 -1 -2
5 49 76 -1 72 -1 13 81 94 -1 -2
34 38 41 76 -1 4 21 91 -1 60 63 -1 -2
49 -1 13 43 75 99 -1 4 19 97 -1 -2
55 89 -1 37 45 81 -1 65 77 95 100 -1 -2
31 83 -1 17 41 -1 35 36 92 -1 -2
94 -1 19 -1 11 22 60 -1 -2
17 84 -1 26 38 80 -1 67 79 -1 -2
51 -1 25 70 75 -1 3 56 81 -1 -2
46 75 83 100 -1 24 -1 35 -1 -2
23 26 30 64 -1 32 95 -1 11 90 91 -1 -2
3 49 59 64 -1 46 63 72 82 -1 5 10 32 98 -1 -2
47 56 64 -1 9 88 -1 64 -1 -2
33 49 -1 55 -1 43 96 -1 -2
44 64 66 73 -1 2 37 79 91 -1 23 49 56 100 -1 -2
26 -1 53 54 82 -1 18 84 89 92 -1 -2
1 -1 34 -1 8 -1 -2
4 9 76 97 -1 94 -1 48 85 -1 -2
26 60 -1 53 -1 48 65 77 83 -1 -2
31 65 88 -1 3 52 -1 42 63 -1 -2
21 24 25 99 -1 70 -1 49 57 -1 -2
4 8 20 56 -1 12 68 -1 20 43 50 80 -1 -2
1 62 73 97 -1 39 76 81 97 -1 40 77 -1 -2
55 70 85 -1 14 37 72 99 -1 9 22 38 -1 -2
46 50 -1 2 73 83 -1 44 46 78 -1 -2
66 -1 40 87 -1 6 18 70 -1 -2
32 42 47 -1 1 48 -1 1 47 58 -1 -2
59 -1 53 -1 7 45 -1 -2
6 17 20 63 -1 5 36 81 -1 22 25 53 62 -1 -2
20 68 -1 27 45 67 76 -1 100 -1 -2
89 -1 56 97 -1 67 70 -1 -2
3 25 26 28 -1 17 21 46 65 -1 64 -1 -2
26 82 -1 29 -1 3 11 34 71 -1 -2
43 -1 46 64 -1 71 99 -1 -2
41 48 82 -1 35 -1 2 57 93 -1 -2
1 47 -1 18 53 95 -1 2 4 7 69 -1 -2
1 11 84 -1 79 -1 27 -1 -2
10 12 75 -1 21 -1 16 48 86 88 -1 -2
6 15 52 -1 5 33 76 92 -1 30 44 89 97 -1 -2
19 22 49 -1 20 22 35 -1 51 79 -1 -2
6 63 -1 32 -1 4 39 47 -1 -2
14 59 -1 48 92 99 -1 41 55 -1 -2
1 4 73 -1 62 -1 48 -1 -2
50 61 66 -1 46 71 -1 11 -1 -2
3 16 19 62 -1 4 95 -1 27 -1 -2
36 78 -1 30 31 95 99 -1 75 97 -1 -2
15 57 84 -1 39 57 74 -1 87 89 -1 -2
9 20 47 -1 80 -1 87 -1 -2
28 65 -1 18 -1 17 54 83 96 -1 -2
1 24 52 76 -1 49 95 -1 72 -1 -2
23 26 32 -1 27 47 -1 33 34 69 94 -1 -2
42 43 45 78 -1 35 64 69 72 -1 82 -1 -2
35 47 72 -1 54 80 -1 11 14 45 62 -1 -2
30 78 97 -1 53 92 96 99 -1 13 29 60 71 -1 -2
11 75 93 -1 66 74 -1 55 -1 -2
15 29 57 99 -1 33 91 -1 8 -1 -2
83 97 -1 13 -1 9 41 80 84 -1 -2
46 97 -1 19 34 85 100 -1 5 42 46 -1 -2
43 44 85 -1 12 22 31 85 -1 7 45 57 81 -1 -2
43 100 -1 19 58 67 92 -1 46 81 93 -1 -2
6 -1 12 80 -1 36 -1 -2
27 84 -1 4 21 94 -1 6 37 66 -1 -2
3 28 65 67 -1 51 55 75 -1 12 73 -1 -2
12 43 -1 10 60 83 100 -1 2 9 29 67 -1 -2
5 68 83 99 -1 49 50 87 -1 77 -1 -2
23 46 55 64 -1 2 14 -1 67 -1 -2
1 -1 16 -1 4 63 -1 -2
39 46 60 -1 74 80 -1 92 -1 -2
7 13 44 59 -1 3 40 47 -1 81 -1 -2
11 24 56 -1 34 64 70 72 -1 86 -1 -2
50 -1 10 -1 49 -1 -2
36 -1 11 21 60 67 -1 33 38 42 -1 -2
95 -1 9 62 64 82 -1 10 38 49 -1 -2
1 43 61 -1 41 51 81 -1 12 -1 -2
45 55 74 -1 2 -1 54 -1 -2
31 -1 5 52 53 86 -1 3 31 74 -1 -2
30 -1 46 -1 69 -1 -2
44 -1 56 -1 40 46 60 -1 -2
58 60 62 70 -1 8 -1 51 -1 -2
74 -1 30 74 94 -1 21 63 67 80 -1 -2
84 -1 9 -1 81 -1 -2
46 86 -1 85 -1 62 -1 -2
46 -1 39 41 47 95 -1 48 62 -1 -2
20 45 80 -1 15 34 89 -1 2 20 -1 -2
31 -1 12 24 -1 25 91 -1 -2
17 -1 56 -1 34 80 94 -1 -2
27 69 87 93 -1 92 98 -1 42 -1 -2
54 74 97 -1 17 27 55 -1 52 -1 -2
4 84 95 -1 61 81 95 -1 11 77 87 89 -1 -2
25 32 37 53 -1 18 -1 98 -1 -2
38 71 -1 36 71 82 96 -1 29 -1 -2
33 -1 28 67 -1 62 96 -1 -2
73 -1 32 83 -1 44 -1 -2
62 69 -1 42 65 -1 10 35 77 94 -1 -2
5 59 79 -1 53 -1 91 -1 -2
56 65 69 -1 33 39 45 52 -1 46 58 86 -1 -2
7 17 51 -1 21 39 48 87 -1 7 22 -1 -2
78 -1 77 96 -1 67 88 -1 -2
3 54 -1 26 46 71 89 -1 19 23 26 28 -1 -2
23 34 47 60 -1 32 75 -1 9 51 75 -1 -2
14 27 37 -1 8 -1 4 19 77 89 -1 -2
30 55 74 86 -1 25 52 -1 3 17 24 -1 -2
89 -1 52 83 89 -1 2 15 84 -1 -2
8 37 39 66 -1 17 -1 11 40 67 85 -1 -2
23 78 82 -1 27 40 50 68 -1 36 90 -1 -2
8 24 51 -1 5 8 -1 79 -1 -2
42 57 61 -1 26 84 -1 28 40 91 -1 -2
42 60 76 -1 75 95 -1 44 -1 -2
40 43 47 73 -1 3 7 66 -1 10 25 79 -1 -2
6 16 37 -1 45 -1 3 12 27 68 -1 -2
1 -1 1 20 -1 53 76 -1 -2
27 54 59 61 -1 13 26 40 -1 20 28 89 96 -1 -2
39 -1 80 -1 55 66 -1 -2
4 27 38 40 -1 9 48 81 98 -1 94 -1 -2
28 75 -1 51 91 -1 30 85 99 -1 -2
8 31 60 73 -1 16 22 62 65 -1 72 90 -1 -2
57 85 -1 81 -1 55 67 68 72 -1 -2
9 100 -1 3 14 -1 1 12 -1 -2
42 -1 45 83 97 -1 70 -1 -2
58 -1 34 84 93 -1 5 51 75 -1 -2
15 82 -1 17 69 73 -1 62 78 -1 -2
21 60 -1 5 78 -1 22 43 47 49 -1 -2
71 99 -1 16 35 47 88 -1 61 86 -1 -2
62 65 -1 14 90 98 -1 62 83 -1 -2
19 29 39 -1 71 -1 29 53 63 -1 -2
85 90 -1 77 -1 72 80 -1 -2
7 12 86 -1 63 -1 14 29 85 -1 -2
50 81 86 95 -1 47 64 81 -1 32 -1 -2
68 95 -1 85 -1 31 -1 -2
22 87 -1 68 74 76 -1 8 22 35 -1 -2
70 79 -1 8 61 -1 57 69 82 96 -1 -2
1 16 61 -1 13 21 84 -1 98 -1 -2
10 28 -1 67 -1 56 -1 -2
12 19 24 70 -1 85 -1 4 52 -1 -2
33 85 -1 32 -1 30 74 92 -1 -2
11 -1 16 59 69 72 -1 11 47 93 -1 -2
13 32 -1 22 46 63 73 -1 22 33 51 -1 -2
31 72 -1 23 52 71 94 -1 24 59 -1 -2
48 -1 46 78 88 -1 6 -1 -2
56 77 91 -1 30 45 99 -1 47 67 69 76 -1 -2
40 -1 58 91 -1 37 66 75 82 -1 -2
19 44 100 -1 31 77 -1 2 7 37 94 -1 -2
24 95 -1 64 90 -1 56 -1 -2
43 77 -1 20 22 42 83 -1 17 -1 -2
34 50 -1 15 40 -1 48 -1 -2
47 70 72 -1 14 41 -1 17 44 48 -1 -2
62 -1 21 46 57 88 -1 31 38 91 -1 -2
27 47 59 -1 11 26 35 38 -1 35 -1 -2
61 -1 7 15 46 95 -1 63 66 -1 -2
6 87 -1 40 42 64 86 -1 21 80 94 -1 -2
42 46 -1 49 97 -1 98 -1 -2
7 72 -1 19 59 91 -1 33 49 72 92 -1 -2
22 31 65 -1 60 65 67 73 -1 3 26 -1 -2
40 -1 16 89 -1 50 -1 -2
12 29 37 78 -1 1 53 86 -1 6 14 49 89 -1 -2
28 77 -1 82 87 89 -1 5 46 91 -1 -2
40 -1 15 26 66 -1 4 58 76 99 -1 -2
3 11 57 83 -1 13 51 65 92 -1 35 37 61 -1 -2
5 16 36 -1 9 83 -1 30 -1 -2
61 -1 2 34 71 96 -1 40 54 79 99 -1 -2
28 61 67 -1 7 37 -1 3 18 81 97 -1 -2
7 21 25 54 -1 63 70 82 -1 9 51 74 81 -1 -2
2 19 58 -1 75 -1 49 -1 -2
1 25 74 -1 24 40 49 57 -1 19 -1 -2
23 68 77 90 -1 93 -1 16 -1 -2
3 62 90 95 -1 16 21 24 92 -1 15 83 -1 -2
97 -1 51 71 -1 43 81 -1 -2
3 25 41 83 -1 6 -1 33 57 60 82 -1 -2
31 35 86 -1 4 33 60 -1 42 100 -1 -2
49 98 -1 26 54 83 -1 65 88 -1 -2
4 8 11 49 -1 2 5 11 45 -1 9 38 65 67 -1 -2
59 83 96 -1 44 49 94 -1 12 48 52 97 -1 -2
18 -1 66 69 -1 47 -1 -2
6 33 53 64 -1 1 4 87 -1 1 21 34 72 -1 -2
43 53 84 98 -1 81 -1 53 -1 -2
7 50 -1 23 42 55 77 -1 18 51 -1 -2
37 -1 35 75 85 -1 44 46 71 -1 -2
30 63 77 -1 22 46 69 97 -1 40 68 -1 -2
23 49 91 -1 19 76 -1 17 35 64 98 -1 -2
10 -1 53 -1 24 54 -1 -2
25 55 99 -1 36 53 92 -1 18 49 65 76 -1 -2
4 32 95 98 -1 7 24 32 54 -1 15 36 66 -1 -2
88 -1 49 -1 40 75 87 -1 -2
16 56 85 -1 26 31 -1 4 89 -1 -2
64 68 -1 7 75 86 -1 27 96 -1 -2
35 77 -1 19 60 98 100 -1 17 70 71 -1 -2
6 16 20 -1 40 76 78 -1 10 27 44 57 -1 -2
41 44 -1 90 -1 4 30 33 67 -1 -2
11 76 93 -1 6 42 -1 24 32 87 -1 -2
81 95 -1 31 42 86 -1 35 -1 -2
34 53 63 83 -1 68 100 -1 91 -1 -2
33 42 57 70 -1 26 27 61 63 -1 9 53 84 99 -1 -2
3 12 -1 4 -1 11 54 89 -1 -2
82 -1 77 -1 16 30 72 95 -1 -2
26 74 85 92 -1 45 78 -1 36 -1 -2
60 81 -1 14 91 -1 58 70 75 -1 -2
75 90 -1 59 63 -1 4 14 49 -1 -2
5 -1 52 58 100 -1 64 -1 -2
88 -1 5 14 26 97 -1 85 91 98 -1 -2
82 -1 14 41 52 69 -1 11 38 57 60 -1 -2
7 11 23 28 -1 15 31 43 98 -1 13 36 53 -1 -2
4 27 -1 17 73 -1 29 34 50 72 -1 -2
3 32 34 -1 36 43 70 97 -1 2 41 74 85 -1 -2
13 38 59 -1 3 14 43 63 -1 94 -1 -2
13 14 59 72 -1 32 -1 42 68 -1 -2
73 80 86 -1 18 92 -1 22 34 43 -1 -2
29 32 68 86 -1 29 34 -1 2 3 -1 -2
6 20 -1 88 -1 4 22 58 64 -1 -2
45 -1 43 -1 37 39 -1 -2
73 -1 66 73 77 -1 55 65 -1 -2
11 25 46 84 -1 84 90 92 98 -1 29 69 76 77 -1 -2
18 39 -1 93 -1 61 72 85 -1 -2
8 28 60 80 -1 13 24 42 55 -1 17 27 44 54 -1 -2
85 96 -1 52 95 -1 79 -1 -2
17 47 61 70 -1 26 36 45 100 -1 9 -1 -2
9 59 83 94 -1 27 37 -1 3 90 -1 -2
84 -1 22 39 -1 33 39 80 100 -1 -2
60 71 77 80 -1 51 -1 36 42 82 -1 -2
18 39 85 89 -1 55 -1 21 47 -1 -2
36 -1 27 65 73 -1 76 -1 -2
34 79 -1 85 -1 30 44 92 -1 -2
18 28 79 -1 16 38 54 98 -1 33 55 74 92 -1 -2
100 -1 28 -1 54 -1 -2
43 73 -1 88 -1 22 38 85 -1 -2
28 88 -1 44 89 -1 34 -1 -2
55 64 73 97 -1 5 51 61 68 -1 58 69 -1 -2
19 32 -1 51 72 88 91 -1 8 15 36 96 -1 -2
21 58 99 -1 75 -1 12 77 -1 -2
19 29 92 -1 33 47 -1 15 77 81 96 -1 -2
31 57 64 94 -1 17 -1 87 -1 -2
22 30 35 -1 1 15 34 69 -1 3 12 79 -1 -2
52 92 -1 14 44 49 86 -1 6 36 88 -1 -2
24 64 75 -1 38 -1 14 35 59 88 -1 -2
66 -1 19 27 52 58 -1 25 86 -1 -2
6 27 46 60 -1 27 90 -1 18 35 -1 -2
30 87 -1 13 -1 24 30 -1 -2
74 -1 10 63 84 -1 28 93 -1 -2
86 -1 88 -1 52 78 86 -1 -2
44 -1 21 91 -1 46 91 92 -1 -2
42 75 81 -1 33 53 69 79 -1 6 -1 -2
98 -1 55 -1 7 56 91 97 -1 -2
77 -1 8 -1 6 30 95 -1 -2
14 45 62 -1 10 64 76 -1 12 17 22 -1 -2
30 68 -1 32 -1 37 38 56 71 -1 -2
5 10 31 37 -1 8 13 75 80 -1 42 84 93 -1 -2
5 13 58 -1 25 -1 17 32 -1 -2
5 49 -1 14 16 42 61 -1 52 75 87 -1 -2
3 7 18 23 -1 4 9 33 48 -1 15 -1 -2
73 -1 1 85 -1 31 32 87 -1 -2
5 10 86 -1 61 -1 16 37 55 84 -1 -2
9 32 59 -1 17 76 -1 4 14 64 72 -1 -2
12 33 48 66 -1 11 83 -1 61 69 -1 -2
54 72 76 79 -1 27 52 -1 20 36 -1 -2
17 33 39 -1 89 -1 13 -1 -2
64 -1 3 67 73 -1 31 60 61 96 -1 -2
16 -1 11 38 83 92 -1 1 35 60 66 -1 -2
37 85 -1 34 89 -1 97 -1 -2
20 34 58 68 -1 39 59 -1 13 71 -1 -2
35 62 97 -1 36 -1 37 -1 -2
6 8 32 -1 34 47 97 -1 77 -1 -2
57 -1 8 54 67 70 -1 68 69 -1 -2
56 76 91 -1 51 92 -1 6 72 86 -1 -2
45 -1 94 -1 80 -1 -2
19 74 -1 31 39 43 -1 59 -1 -2
11 51 77 93 -1 43 89 -1 41 -1 -2
13 94 -1 28 39 45 -1 1 64 -1 -2
31 84 -1 18 35 73 -1 36 60 64 78 -1 -2
16 18 80 85 -1 2 25 -1 47 68 99 -1 -2
76 87 95 -1 42 -1 15 22 55 97 -1 -2
26 93 -1 18 34 82 100 -1 4 85 -1 -2
20 68 -1 26 31 49 63 -1 58 60 82 91 -1 -2
38 -1 70 -1 63 77 -1 -2
25 68 -1 24 78 95 96 -1 17 53 -1 -2
27 59 60 -1 94 -1 6 8 97 -1 -2
47 -1 95 -1 15 37 55 93 -1 -2
14 65 93 -1 83 -1 30 -1 -2
20 86 -1 5 6 -1 7 11 12 81 -1 -2
10 22 40 50 -1 89 -1 60 68 72 79 -1 -2
11 77 -1 35 97 -1 42 56 -1 -2
1 -1 2 4 84 -1 6 77 -1 -2
59 91 -1 66 -1 6 36 -1 -2
37 54 -1 39 47 88 91 -1 14 26 61 -1 -2
17 23 -1 13 30 34 -1 19 65 78 83 -1 -2
40 53 70 81 -1 47 57 76 90 -1 42 59 87 -1 -2
92 -1 1 27 -1 88 100 -1 -2
9 15 65 -1 57 61 -1 16 50 54 99 -1 -2
66 -1 10 14 17 42 -1 87 92 -1 -2
53 -1 3 49 -1 28 39 63 91 -1 -2
26 60 -1 60 84 -1 73 -1 -2
16 91 94 -1 1 7 54 -1 75 87 93 95 -1 -2
40 50 -1 31 -1 12 100 -1 -2
85 -1 40 41 -1 12 27 48 61 -1 -2
31 37 58 -1 29 36 45 -1 83 -1 -2
50 77 -1 4 40 85 96 -1 74 -1 -2
29 75 -1 61 82 -1 75 99 -1 -2
24 55 65 70 -1 45 49 -1 27 74 87 -1 -2
64 -1 44 83 -1 57 82 -1 -2
5 35 39 44 -1 3 17 86 99 -1 29 39 -1 -2
13 43 -1 74 -1 27 96 -1 -2
39 -1 22 -1 40 -1 -2
58 84 90 -1 21 33 -1 2 9 18 98 -1 -2
5 7 -1 10 25 48 60 -1 30 -1 -2
32 70 -1 1 40 45 -1 95 -1 -2
48 81 -1 54 -1 67 78 80 -1 -2
88 -1 25 28 31 -1 26 35 79 81 -1 -2
22 44 67 -1 5 32 75 79 -1 14 20 42 61 -1 -2
12 24 -1 8 18 64 72 -1 90 97 -1 -2
19 33 -1 35 90 -1 1 34 75 99 -1 -2
17 31 98 -1 54 -1 31 -1 -2
26 34 -1 42 48 88 -1 9 31 66 71 -1 -2
33 64 -1 24 46 -1 59 78 -1 -2
21 50 -1 8 44 70 -1 41 47 59 83 -1 -2
53 54 97 -1 4 8 33 57 -1 53 -1 -2
1 6 10 94 -1 26 60 -1 27 -1 -2
27 -1 6 54 -1 58 79 -1 -2
84 -1 38 45 73 80 -1 1 38 73 -1 -2
2 14 17 -1 3 53 54 95 -1 1 3 50 52 -1 -2
24 34 37 77 -1 27 39 77 89 -1 97 -1 -2
52 91 93 -1 64 76 90 99 -1 7 33 49 93 -1 -2
18 27 55 100 -1 1 5 34 87 -1 57 -1 -2
14 52 -1 28 45 95 -1 6 63 79 -1 -2
1 37 54 62 -1 39 70 -1 9 82 -1 -2
18 55 71 -1 3 52 -1 17 43 80 90 -1 -2
56 -1 5 11 64 -1 26 45 61 77 -1 -2
60 73 80 -1 4 8 67 -1 3 -1 -2
61 -1 24 73 82 94 -1 21 25 26 66 -1 -2
6 75 83 -1 19 43 83 84 -1 4 72 -1 -2
8 13 57 91 -1 28 60 83 -1 8 11 15 -1 -2
57 90 -1 8 10 31 55 -1 4 61 81 88 -1 -2
3 27 55 83 -1 71 -1 10 13 56 63 -1 -2
17 39 -1 49 -1 45 -1 -2
26 39 -1 13 40 -1 45 47 52 78 -1 -2
17 60 73 -1 8 93 99 -1 72 -1 -2
17 56 -1 3 43 -1 19 -1 -2
18 -1 38 41 -1 2 13 21 83 -1 -2
16 24 28 -1 35 80 -1 16 49 61 -1 -2
18 54 100 -1 21 32 70 76 -1 50 52 -1 -2
8 13 29 -1 54 79 -1 5 44 60 100 -1 -2
87 -1 6 83 -1 1 15 21 36 -1 -2
64 100 -1 70 76 -1 99 -1 -2
5 25 80 -1 11 23 59 68 -1 92 100 -1 -2
78 -1 56 93 -1 12 41 -1 -2
59 67 68 88 -1 68 84 -1 17 69 76 81 -1 -2
48 64 65 89 -1 53 55 73 83 -1 27 -1 -2
7 -1 97 -1 3 -1 -2
71 73 -1 59 -1 44 69 74 -1 -2
16 48 60 69 -1 2 100 -1 32 44 55 75 -1 -2
19 41 -1 54 78 -1 38 41 56 84 -1 -2
4 63 75 80 -1 6 30 34 -1 61 94 -1 -2
72 -1 53 -1 76 -1 -2
8 43 49 59 -1 16 27 28 39 -1 14 19 50 51 -1 -2
2 -1 67 91 -1 20 58 90 95 -1 -2
24 64 67 -1 18 55 73 88 -1 11 40 -1 -2
31 -1 14 72 93 -1 49 63 92 -1 -2
82 91 -1 20 -1 31 50 86 -1 -2
2 7 79 92 -1 16 29 31 42 -1 10 85 -1 -2
92 -1 70 77 -1 97 -1 -2
74 86 -1 80 93 -1 50 84 -1 -2
84 -1 16 -1 33 43 72 -1 -2
5 22 82 100 -1 1 18 70 -1 45 54 88 -1 -2
26 28 71 79 -1 10 61 85 94 -1 34 47 -1 -2
66 84 -1 10 84 -1 13 -1 -2
29 43 48 83 -1 5 23 57 94 -1 39 -1 -2
3 43 69 -1 28 38 -1 34 40 99 -1 -2
65 93 -1 11 28 49 -1 90 -1 -2
53 -1 42 79 96 98 -1 26 27 64 91 -1 -2
6 39 98 -1 22 91 100 -1 20 43 90 -1 -2
13 92 -1 13 -1 58 75 -1 -2
10 62 -1 80 94 -1 16 93 96 -1 -2
13 35 44 47 -1 40 66 -1 94 -1 -2
92 -1 20 59 61 75 -1 42 -1 -2
2 40 67 89 -1 48 62 79 -1 13 22 25 72 -1 -2
51 -1 22 31 71 81 -1 23 58 70 -1 -2
15 51 66 -1 14 54 84 -1 33 62 69 -1 -2
10 74 84 -1 7 -1 90 97 -1 -2
43 48 83 -1 36 46 -1 49 70 -1 -2
3 8 12 49 -1 85 100 -1 3 21 61 -1 -2
9 80 -1 59 -1 7 64 69 84 -1 -2
82 -1 40 56 -1 43 -1 -2
8 19 36 78 -1 52 -1 4 15 93 99 -1 -2
15 24 -1 6 24 -1 19 52 -1 -2
2 34 47 90 -1 49 82 96 -1 1 52 -1 -2
28 -1 72 -1 68 -1 -2
15 51 87 95 -1 54 97 -1 46 -1 -2
75 -1 49 -1 11 -1 -2
48 -1 47 55 73 -1 80 -1 -2
32 43 94 -1 71 97 -1 59 -1 -2
15 84 -1 2 13 -1 6 50 -1 -2
9 88 -1 3 24 -1 19 51 77 93 -1 -2
4 25 31 65 -1 23 47 66 -1 6 43 46 92 -1 -2
42 61 65 -1 64 85 -1 15 39 55 64 -1 -2
10 76 -1 41 56 97 100 -1 1 87 -1 -2
67 77 80 -1 5 -1 57 86 -1 -2
35 76 -1 56 67 93 95 -1 65 -1 -2
75 -1 25 -1 60 98 100 -1 -2
14 -1 23 27 62 78 -1 2 40 52 -1 -2
35 63 -1 24 -1 59 68 -1 -2
49 78 88 94 -1 14 19 36 -1 7 30 59 66 -1 -2
23 34 72 -1 22 31 -1 7 12 44 60 -1 -2
9 31 58 94 -1 38 -1 43 -1 -2
71 81 83 99 -1 61 -1 75 -1 -2
64 -1 39 -1 25 -1 -2
4 28 36 -1 5 -1 53 97 -1 -2
41 55 96 -1 2 16 54 69 -1 70 -1 -2
69 88 -1 6 48 64 -1 54 66 90 -1 -2
89 -1 56 68 -1 3 18 57 -1 -2
30 38 45 93 -1 24 36 39 82 -1 27 -1 -2
42 87 -1 48 -1 9 17 25 46 -1 -2
17 58 85 89 -1 22 89 -1 57 -1 -2
42 48 72 -1 8 63 -1 23 -1 -2
30 83 95 -1 57 68 73 -1 7 66 -1 -2
8 42 57 79 -1 21 31 -1 61 -1 -2
31 100 -1 64 -1 66 91 -1 -2
40 98 99 -1 14 67 -1 11 53 59 -1 -2
11 19 54 99 -1 13 48 -1 3 86 -1 -2
22 23 -1 14 88 91 -1 66 -1 -2
42 74 75 -1 69 -1 90 -1 -2
24 60 76 -1 66 78 -1 18 81 -1 -2
12 -1 16 -1 4 83 -1 -2
57 81 -1 28 52 62 -1 30 60 -1 -2
11 -1 29 35 52 54 -1 43 57 70 99 -1 -2
11 91 -1 32 -1 18 51 53 76 -1 -2
58 -1 63 78 79 -1 62 -1 -2
26 30 38 77 -1 12 34 72 84 -1 36 43 70 -1 -2
6 24 47 83 -1 26 52 72 -1 6 60 -1 -2
20 25 46 92 -1 48 56 -1 6 51 57 69 -1 -2
7 47 77 -1 5 66 92 -1 31 -1 -2
12 49 -1 27 86 -1 32 33 44 -1 -2
27 -1 22 -1 41 -1 -2
22 28 -1 4 23 -1 28 36 79 -1 -2
22 29 79 -1 34 49 84 96 -1 21 22 25 52 -1 -2
55 72 -1 19 96 -1 38 90 -1 -2
23 71 76 80 -1 24 28 61 -1 34 40 65 -1 -2
32 95 100 -1 34 85 -1 6 96 -1 -2
12 33 83 85 -1 50 88 96 -1 15 41 89 -1 -2
4 58 -1 15 -1 48 91 97 -1 -2
42 43 70 -1 51 68 -1 4 16 74 -1 -2
30 56 70 -1 34 -1 52 75 -1 -2
80 -1 54 -1 5 17 20 68 -1 -2
36 60 67 93 -1 2 21 -1 85 -1 -2
18 20 39 80 -1 40 52 61 80 -1 90 -1 -2
3 8 18 49 -1 30 45 -1 1 3 78 -1 -2
26 27 -1 18 71 87 -1 17 39 75 83 -1 -2
62 75 -1 46 49 59 66 -1 3 -1 -2
61 70 -1 29 34 38 -1 11 46 -1 -2
51 -1 4 26 -1 32 -1 -2
28 40 83 -1 1 88 -1 76 -1 -2
47 -1 20 46 56 -1 10 78 -1 -2
35 76 -1 2 69 71 -1 19 40 59 -1 -2
70 -1 5 42 -1 61 96 -1 -2
34 71 -1 60 71 89 -1 44 49 95 -1 -2
76 89 -1 28 89 -1 89 -1 -2
14 91 -1 30 72 82 -1 15 57 -1 -2
19 78 -1 12 50 -1 64 74 93 -1 -2
14 -1 85 -1 24 31 62 82 -1 -2
32 -1 34 54 75 -1 8 38 49 -1 -2
20 33 98 -1 13 49 58 86 -1 3 31 68 72 -1 -2
3 20 35 94 -1 50 -1 80 -1 -2
1 89 92 -1 31 56 -1 15 49 87 -1 -2
21 36 56 90 -1 5 29 70 78 -1 50 71 92 -1 -2
6 -1 22 79 -1 35 -1 -2
41 57 60 88 -1 34 41 54 62 -1 1 23 -1 -2
72 97 -1 12 46 55 -1 74 -1 -2
86 -1 37 45 -1 7 28 33 78 -1 -2
34 -1 30 47 82 100 -1 40 41 94 -1 -2
70 71 86 99 -1 46 47 83 95 -1 35 85 -1 -2
5 7 50 79 -1 3 -1 31 43 100 -1 -2
1 -1 30 64 -1 34 65 67 80 -1 -2
26 42 72 -1 12 29 55 -1 44 51 64 96 -1 -2
19 48 70 -1 4 40 78 -1 14 56 92 -1 -2
10 -1 93 -1 3 65 100 -1 -2
48 -1 58 78 90 -1 58 69 81 99 -1 -2
18 -1 21 27 -1 20 -1 -2
60 99 -1 8 34 40 99 -1 14 -1 -2
39 43 59 81 -1 30 -1 65 86 92 -1 -2
5 72 -1 16 32 66 -1 16 24 29 32 -1 -2
36 40 -1 63 100 -1 7 25 49 -1 -2
17 -1 99 -1 21 -1 -2
2 31 77 91 -1 24 -1 3 45 85 88 -1 -2
19 41 59 61 -1 71 76 82 -1 39 57 61 79 -1 -2
2 19 77 -1 8 14 24 81 -1 86 -1 -2
5 18 -1 42 -1 14 15 34 -1 -2
72 -1 11 94 -1 61 -1 -2
36 53 88 -1 15 66 -1 41 44 63 -1 -2
6 39 41 93 -1 91 -1 26 62 -1 -2
4 90 100 -1 79 83 -1 10 90 -1 -2
7 23 44 62 -1 28 75 94 100 -1 12 -1 -2
6 88 90 -1 49 57 96 -1 3 36 68 -1 -2
37 89 -1 17 28 62 92 -1 76 77 -1 -2
24 37 82 -1 35 51 70 97 -1 8 88 -1 -2
24 56 72 77 -1 56 58 85 -1 6 24 28 65 -1 -2
25 29 98 -1 6 28 49 64 -1 20 60 61 -1 -2
10 49 58 82 -1 46 59 -1 40 77 -1 -2
82 84 -1 90 -1 20 49 60 98 -1 -2
92 -1 45 87 -1 19 36 97 -1 -2
28 60 67 82 -1 61 70 -1 9 18 21 50 -1 -2
83 97 -1 26 -1 14 15 65 100 -1 -2
2 5 88 89 -1 5 88 -1 38 85 -1 -2
33 -1 18 85 90 -1 56 -1 -2
50 -1 14 -1 37 -1 -2
17 42 -1 16 63 100 -1 2 42 -1 -2
51 -1 15 -1 64 67 90 -1 -2
29 43 45 74 -1 66 67 -1 14 34 44 91 -1 -2
95 -1 10 29 -1 34 54 73 75 -1 -2
17 76 -1 46 70 -1 73 77 -1 -2
4 14 41 75 -1 2 -1 21 33 82 98 -1 -2
38 70 -1 4 9 62 95 -1 53 93 97 100 -1 -2
79 -1 49 60 83 90 -1 58 62 89 -1 -2
39 76 85 -1 16 40 -1 1 18 57 -1 -2
4 7 62 74 -1 52 75 99 -1 37 42 61 -1 -2
72 91 -1 6 27 37 85 -1 25 56 88 -1 -2
32 58 -1 16 57 68 -1 27 89 -1 -2
9 41 52 -1 22 39 -1 5 6 35 82 -1 -2
44 86 91 98 -1 52 -1 26 37 -1 -2
77 93 -1 26 34 79 89 -1 23 72 -1 -2
13 -1 21 31 -1 43 96 -1 -2
64 -1 32 83 -1 7 17 70 -1 -2
30 58 59 79 -1 35 -1 3 93 -1 -2
9 27 62 77 -1 76 -1 15 50 55 -1 -2
46 -1 42 -1 19 -1 -2
52 -1 60 -1 43 62 81 99 -1 -2
71 78 -1 2 46 60 -1 9 31 -1 -2
19 56 -1 13 45 -1 10 61 93 -1 -2
62 71 -1 30 -1 8 11 55 -1 -2
44 -1 11 17 22 80 -1 46 72 83 -1 -2
77 -1 63 -1 3 34 45 77 -1 -2
29 39 78 90 -1 10 34 -1 18 26 -1 -2
26 41 -1 13 97 -1 5 19 69 99 -1 -2
10 64 76 -1 84 -1 9 27 34 99 -1 -2
60 -1 58 79 93 -1 54 75 -1 -2
42 66 75 93 -1 14 48 58 -1 23 25 26 92 -1 -2
93 -1 58 71 -1 54 -1 -2
29 46 -1 12 43 61 -1 8 46 81 -1 -2
47 -1 51 -1 19 45 -1 -2
15 64 70 71 -1 11 -1 17 -1 -2
31 46 57 -1 35 42 57 67 -1 3 51 72 88 -1 -2
34 -1 3 99 -1 74 -1 -2
25 33 77 -1 55 -1 8 10 -1 -2
25 35 44 94 -1 19 -1 23 67 -1 -2
13 -1 54 -1 58 -1 -2
23 34 84 86 -1 8 39 -1 76 83 -1 -2
39 51 60 100 -1 66 100 -1 1 -1 -2
31 65 -1 6 -1 45 48 -1 -2
98 -1 30 -1 9 15 69 95 -1 -2
68 76 98 -1 8 11 79 82 -1 9 66 78 92 -1 -2
3 34 -1 72 -1 36 69 70 -1 -2
39 59 -1 19 49 74 95 -1 37 74 89 -1 -2
22 68 72 -1 55 92 -1 2 81 -1 -2
100 -1 4 -1 42 -1 -2
30 53 61 68 -1 44 60 64 85 -1 1 -1 -2
48 81 97 -1 23 24 76 90 -1 14 88 -1 -2
83 -1 17 22 49 -1 38 51 70 93 -1 -2
58 -1 11 29 63 90 -1 15 38 40 82 -1 -2
26 72 -1 38 -1 73 -1 -2
60 -1 16 48 -1 95 -1 -2
29 -1 17 -1 32 48 66 69 -1 -2
20 77 -1 15 40 72 96 -1 7 20 63 -1 -2
5 9 -1 25 56 73 -1 17 48 49 57 -1 -2
66 89 96 98 -1 83 -1 9 15 52 87 -1 -2
1 69 78 84 -1 19 29 75 94 -1 2 43 92 -1 -2
4 55 77 80 -1 40 42 68 87 -1 27 -1 -2
25 40 -1 64 84 92 -1 26 52 74 95 -1 -2
36 58 63 -1 15 65 71 75 -1 64 -1 -2
9 65 78 -1 24 41 71 -1 9 39 41 43 -1 -2
48 90 -1 7 19 63 -1 24 33 89 97 -1 -2
72 -1 88 92 -1 6 11 65 90 -1 -2
39 84 -1 6 56 -1 29 48 -1 -2
1 -1 36 -1 5 41 93 -1 -2
43 -1 55 -1 98 -1 -2
15 42 69 -1 62 86 100 -1 9 -1 -2
52 54 76 94 -1 12 59 -1 10 99 -1 -2
57 -1 7 29 -1 90 99 -1 -2
25 72 79 94 -1 13 68 -1 34 36 40 -1 -2
18 23 76 -1 30 55 -1 2 5 93 97 -1 -2
70 -1 4 -1 5 36 96 -1 -2
35 39 60 -1 98 -1 45 -1 -2
15 58 -1 88 -1 64 93 -1 -2
51 55 74 -1 90 95 99 -1 1 18 66 97 -1 -2
5 72 73 98 -1 15 67 78 -1 61 -1 -2
20 27 -1 1 23 40 69 -1 40 74 82 -1 -2
21 22 28 -1 36 46 97 -1 23 45 -1 -2
2 52 89 -1 13 16 36 56 -1 30 81 -1 -2
2 30 54 -1 41 60 85 -1 82 -1 -2
53 97 -1 15 28 36 -1 80 91 -1 -2
26 29 75 82 -1 25 41 77 96 -1 18 46 54 97 -1 -2
18 33 69 -1 46 49 79 -1 41 54 79 83 -1 -2
27 49 66 74 -1 52 72 -1 1 56 -1 -2
4 21 39 78 -1 10 -1 42 54 99 -1 -2
13 40 84 -1 66 -1 7 31 -1 -2
15 37 61 71 -1 21 65 -1 19 20 74 79 -1 -2
28 86 100 -1 18 61 77 -1 93 -1 -2
88 -1 27 47 82 -1 2 34 92 -1 -2
92 -1 20 -1 49 54 78 81 -1 -2
17 25 93 -1 11 33 -1 44 -1 -2
37 70 81 91 -1 100 -1 5 17 83 -1 -2
28 41 98 -1 44 70 96 -1 8 41 94 -1 -2
1 51 -1 17 38 76 95 -1 45 100 -1 -2
32 46 66 88 -1 12 -1 9 88 -1 -2
37 40 -1 1 4 41 58 -1 4 23 28 -1 -2
24 45 77 -1 48 80 -1 48 -1 -2
35 -1 5 65 -1 7 9 52 80 -1 -2
12 37 47 77 -1 63 74 -1 63 -1 -2
26 75 77 -1 46 -1 67 81 82 -1 -2
8 35 83 86 -1 4 30 38 79 -1 67 89 -1 -2
33 65 73 81 -1 24 31 61 73 -1 2 26 -1 -2
3 43 72 -1 23 -1 16 30 97 -1 -2
13 37 77 -1 13 22 24 -1 21 34 36 62 -1 -2
100 -1 7 48 59 79 -1 32 73 -1 -2
86 -1 45 56 62 80 -1 38 77 -1 -2
68 70 83 88 -1 15 21 48 50 -1 34 89 -1 -2
23 -1 53 96 -1 69 83 89 -1 -2
38 44 99 -1 16 31 -1 20 21 35 61 -1 -2
69 74 -1 6 78 -1 28 61 77 93 -1 -2
7 20 41 55 -1 13 28 42 -1 12 14 -1 -2
12 23 46 63 -1 73 78 -1 8 25 37 44 -1 -2
31 41 71 90 -1 66 70 83 -1 21 25 29 -1 -2
39 51 91 -1 30 52 62 73 -1 44 81 -1 -2
1 32 -1 28 65 97 -1 9 17 57 97 -1 -2
8 24 -1 34 63 84 -1 4 15 -1 -2
5 68 86 -1 25 -1 4 42 68 -1 -2
41 89 -1 20 30 53 -1 1 42 81 87 -1 -2
73 100 -1 18 40 56 57 -1 17 32 -1 -2
11 24 39 92 -1 33 37 -1 14 61 93 -1 -2
40 -1 41 55 -1 34 93 -1 -2
11 13 73 -1 2 -1 12 13 14 41 -1 -2
83 -1 8 38 43 82 -1 5 11 47 56 -1 -2
3 28 67 94 -1 43 -1 11 64 82 -1 -2
11 40 61 -1 30 36 40 95 -1 91 -1 -2
85 -1 89 -1 94 -1 -2
12 46 81 -1 32 37 42 80 -1 16 78 -1 -2
6 85 -1 92 -1 29 74 -1 -2
55 94 99 -1 5 43 54 91 -1 90 -1 -2
46 80 91 -1 75 -1 32 57 80 -1 -2
7 10 96 -1 42 52 -1 29 35 54 87 -1 -2
92 -1 5 26 49 -1 37 71 73 -1 -2
77 -1 27 39 70 81 -1 52 82 -1 -2
15 32 38 80 -1 8 26 36 49 -1 87 -1 -2
57 98 -1 25 77 78 84 -1 32 47 -1 -2
43 45 60 67 -1 58 68 69 -1 2 39 52 91 -1 -2
87 -1 44 47 55 61 -1 18 57 81 91 -1 -2
32 91 -1 50 -1 75 -1 -2
18 32 48 55 -1 35 86 92 99 -1 94 -1 -2
62 67 -1 64 66 83 -1 1 17 -1 -2
88 -1 34 45 49 -1 51 -1 -2
26 -1 2 21 32 93 -1 19 75 91 -1 -2
9 67 -1 9 43 70 -1 7 50 -1 -2
37 66 -1 50 96 -1 21 77 -1 -2
15 60 100 -1 61 87 -1 96 -1 -2
21 25 79 -1 1 6 55 63 -1 1 33 64 75 -1 -2
38 -1 66 95 -1 91 -1 -2
10 -1 23 -1 47 -1 -2
38 52 60 -1 55 80 -1 9 40 89 -1 -2
93 -1 3 7 31 62 -1 69 85 -1 -2
29 97 -1 10 48 92 -1 51 78 93 -1 -2
12 42 69 93 -1 29 58 93 -1 8 73 -1 -2
13 83 95 -1 96 -1 14 53 70 81 -1 -2
14 84 89 -1 66 70 75 -1 42 -1 -2
49 52 69 79 -1 23 47 70 -1 1 25 77 -1 -2
76 -1 39 61 -1 31 39 -1 -2
17 21 72 -1 44 97 -1 43 49 77 100 -1 -2
56 59 -1 30 -1 1 30 54 59 -1 -2
1 15 34 59 -1 17 64 -1 14 81 85 -1 -2
14 38 -1 4 62 91 -1 44 93 96 -1 -2
60 97 -1 35 47 -1 4 -1 -2
2 -1 5 45 62 -1 15 57 68 -1 -2
17 60 66 -1 3 26 55 -1 69 79 -1 -2
89 -1 100 -1 74 84 87 -1 -2
22 59 68 -1 47 48 87 -1 79 -1 -2
9 47 99 -1 23 67 74 -1 3 94 -1 -2
80 -1 1 19 30 62 -1 13 18 91 -1 -2
10 -1 2 22 -1 56 64 68 82 -1 -2
3 33 58 65 -1 87 96 -1 81 -1 -2
5 26 58 -1 33 50 67 98 -1 4 6 -1 -2
11 22 62 -1 10 61 -1 33 85 -1 -2
8 52 86 -1 18 36 -1 70 -1 -2
55 77 100 -1 28 43 57 98 -1 6 65 67 99 -1 -2
33 50 79 -1 61 88 -1 89 -1 -2
21 26 86 88 -1 20 -1 3 -1 -2
11 -1 1 12 80 83 -1 9 74 76 -1 -2
50 51 83 -1 30 81 -1 30 39 77 -1 -2
88 -1 23 30 65 83 -1 14 48 70 -1 -2
5 43 71 72 -1 3 55 71 80 -1 49 -1 -2
21 95 -1 91 -1 76 78 98 -1 -2
54 -1 16 36 -1 42 54 89 -1 -2
2 30 87 91 -1 28 32 53 71 -1 38 63 -1 -2
1 38 86 -1 95 -1 5 7 35 95 -1 -2
6 -1 96 -1 41 42 91 -1 -2
53 -1 31 -1 24 66 72 -1 -2
48 96 -1 7 45 -1 36 -1 -2
9 81 83 -1 6 8 10 73 -1 23 55 80 -1 -2
32 44 88 -1 18 74 93 -1 52 80 96 -1 -2
5 16 38 -1 14 89 91 93 -1 81 98 -1 -2
45 88 -1 21 22 64 87 -1 43 -1 -2
19 40 45 53 -1 26 32 74 96 -1 33 90 -1 -2
94 -1 54 -1 1 34 49 72 -1 -2
8 25 27 67 -1 37 49 66 -1 13 -1 -2
3 37 -1 32 39 63 94 -1 33 66 -1 -2
68 95 98 -1 1 32 33 84 -1 56 -1 -2
34 65 73 -1 5 38 62 -1 66 67 -1 -2
17 27 58 -1 6 60 90 -1 3 44 78 -1 -2
77 -1 52 -1 38 -1 -2
21 95 96 98 -1 8 43 78 81 -1 15 90 -1 -2
18 37 45 -1 29 -1 53 78 -1 -2
9 80 -1 20 25 -1 22 47 -1 -2
73 -1 37 -1 73 74 85 -1 -2
50 58 -1 42 65 76 89 -1 52 67 71 78 -1 -2
20 -1 91 -1 88 92 -1 -2
9 52 95 -1 6 42 -1 6 63 -1 -2
51 53 90 -1 93 -1 32 -1 -2
40 47 71 90 -1 4 46 63 89 -1 38 59 -1 -2
3 29 77 86 -1 6 33 54 70 -1 43 47 70 -1 -2
24 -1 16 38 67 -1 41 80 -1 -2
16 55 94 -1 18 66 76 -1 11 13 31 48 -1 -2
21 84 -1 32 51 70 89 -1 16 -1 -2
53 80 91 97 -1 18 49 70 -1 16 26 -1 -2
65 -1 18 23 -1 1 37 -1 -2
22 32 56 68 -1 35 -1 50 70 -1 -2
19 27 45 46 -1 45 94 -1 63 69 86 -1 -2
12 17 83 -1 68 91 -1 43 66 95 -1 -2
25 28 -1 90 -1 24 35 58 75 -1 -2
29 87 -1 1 32 -1 5 63 66 -1 -2
11 51 71 -1 3 7 87 -1 51 64 -1 -2
26 61 -1 47 93 -1 70 -1 -2
75 -1 4 -1 30 40 93 99 -1 -2
97 -1 39 -1 56 85 93 98 -1 -2
81 -1 89 -1 21 36 -1 -2
51 75 -1 24 93 98 -1 26 27 74 75 -1 -2
53 54 -1 46 49 -1 42 75 -1 -2
1 56 89 97 -1 5 92 -1 86 92 94 -1 -2
35 37 -1 47 -1 4 36 51 79 -1 -2
61 -1 24 54 -1 8 77 94 -1 -2
33 -1 58 -1 97 -1 -2
2 16 54 93 -1 7 19 25 42 -1 2 20 -1 -2
70 99 -1 10 55 74 93 -1 27 -1 -2
67 -1 25 31 54 -1 64 -1 -2
85 93 94 -1 6 30 47 55 -1 24 67 -1 -2
20 21 25 73 -1 3 22 24 75 -1 23 -1 -2
22 35 67 97 -1 10 20 -1 57 67 81 -1 -2
2 48 52 90 -1 47 74 88 -1 82 -1 -2
6 72 78 94 -1 99 -1 23 86 94 -1 -2
14 39 -1 24 27 58 -1 13 -1 -2
56 -1 16 17 -1 32 36 54 75 -1 -2
42 62 81 -1 68 -1 22 -1 -2
18 22 46 -1 31 91 -1 3 -1 -2
14 33 52 -1 12 37 81 -1 1 -1 -2
22 25 58 85 -1 28 -1 34 -1 -2
61 94 -1 29 49 79 -1 44 58 68 -1 -2
23 74 76 86 -1 15 33 43 66 -1 59 -1 -2
29 73 -1 68 73 85 99 -1 27 46 72 81 -1 -2
2 17 59 85 -1 69 -1 26 53 73 -1 -2
37 -1 33 37 73 -1 25 62 87 90 -1 -2
72 -1 39 53 -1 57 -1 -2
54 -1 19 27 64 92 -1 27 52 -1 -2
16 24 79 86 -1 8 60 -1 70 -1 -2
32 99 -1 35 48 93 -1 11 22 52 69 -1 -2
5 12 20 93 -1 1 38 -1 28 29 61 99 -1 -2
15 32 -1 62 83 -1 17 -1 -2
33 57 97 -1 43 57 74 80 -1 19 -1 -2
67 97 -1 1 39 -1 52 -1 -2
6 33 100 -1 5 46 75 81 -1 62 75 77 -1 -2
34 58 80 86 -1 55 86 89 -1 41 66 -1 -2
68 -1 91 -1 80 -1 -2
12 16 -1 19 83 -1 5 28 39 87 -1 -2
12 42 -1 100 -1 27 74 78 -1 -2
33 57 58 -1 37 62 64 77 -1 16 69 -1 -2
81 -1 66 -1 4 5 78 96 -1 -2
30 74 95 -1 5 86 -1 15 19 89 90 -1 -2
5 13 18 68 -1 54 -1 14 47 52 -1 -2
12 35 93 -1 55 -1 2 57 88 -1 -2
10 71 100 -1 29 81 -1 44 -1 -2
1 30 64 100 -1 76 98 -1 78 97 -1 -2
10 84 88 97 -1 21 -1 23 44 -1 -2
28 36 41 95 -1 42 -1 14 -1 -2
30 -1 93 -1 39 -1 -2
21 64 -1 51 97 -1 17 41 67 -1 -2
57 66 85 -1 34 -1 21 76 -1 -2
42 60 63 -1 25 62 70 82 -1 43 80 -1 -2
23 -1 12 28 34 88 -1 36 57 -1 -2
20 -1 57 -1 32 -1 -2
20 47 65 86 -1 3 62 91 -1 32 49 55 83 -1 -2
17 45 64 -1 69 81 93 -1 79 -1 -2
18 22 38 -1 14 62 -1 80 -1 -2
31 35 65 -1 60 61 -1 18 52 -1 -2
34 37 52 82 -1 10 13 40 55 -1 6 -1 -2
40 -1 40 54 84 -1 9 40 -1 -2
6 8 80 -1 24 28 52 -1 85 99 -1 -2
15 29 62 -1 11 19 49 71 -1 8 78 -1 -2
19 -1 35 56 65 -1 78 79 -1 -2
2 5 -1 7 15 80 82 -1 9 50 52 77 -1 -2
44 49 -1 3 85 -1 25 -1 -2
44 48 60 -1 50 81 91 -1 34 -1 -2
1 6 50 52 -1 19 46 53 -1 17 23 32 72 -1 -2
12 26 45 65 -1 86 -1 23 38 59 80 -1 -2
31 47 49 88 -1 7 19 32 -1 54 -1 -2
12 15 71 -1 41 -1 22 30 45 56 -1 -2
10 69 87 -1 77 -1 23 34 63 98 -1 -2
48 95 -1 59 73 -1 9 13 40 81 -1 -2
5 79 81 -1 27 63 66 74 -1 67 -1 -2
14 44 66 85 -1 46 58 99 -1 15 -1 -2
18 54 -1 31 -1 42 72 91 -1 -2
74 -1 5 16 71 -1 40 61 -1 -2
12 14 54 -1 42 89 -1 95 100 -1 -2
53 80 96 -1 40 58 81 -1 10 11 -1 -2
2 45 93 -1 84 91 -1 49 85 97 -1 -2
25 36 38 53 -1 1 14 32 94 -1 6 9 22 38 -1 -2
41 77 89 -1 7 79 -1 5 40 -1 -2
56 89 -1 18 57 76 -1 2 3 49 -1 -2
99 -1 16 22 32 -1 30 31 37 -1 -2
70 -1 41 43 86 91 -1 14 92 96 -1 -2
17 37 83 -1 4 5 64 -1 7 11 65 -1 -2
12 51 76 -1 50 -1 7 65 -1 -2
47 54 85 -1 15 77 88 -1 5 63 65 77 -1 -2
28 52 63 80 -1 56 -1 64 97 -1 -2
11 19 49 50 -1 11 52 83 -1 1 49 75 -1 -2
4 18 26 98 -1 14 67 74 -1 8 56 -1 -2
79 100 -1 10 60 87 -1 25 42 100 -1 -2
38 57 61 80 -1 27 66 85 -1 50 80 -1 -2
12 40 41 -1 23 42 89 -1 68 -1 -2
76 -1 18 75 76 88 -1 28 86 -1 -2
30 39 54 59 -1 3 29 36 -1 34 41 44 75 -1 -2
28 71 -1 11 20 75 -1 57 61 82 -1 -2
24 27 49 -1 10 46 -1 21 33 66 81 -1 -2
62 83 93 -1 15 -1 15 20 27 -1 -2
57 -1 45 47 78 -1 41 -1 -2
59 60 83 -1 44 -1 42 50 73 81 -1 -2
5 14 70 79 -1 10 -1 13 38 71 81 -1 -2
64 75 -1 61 67 -1 7 35 47 100 -1 -2
22 24 60 71 -1 29 42 51 -1 7 17 93 96 -1 -2
12 43 64 68 -1 41 52 81 -1 8 26 34 83 -1 -2
56 81 88 -1 22 45 64 72 -1 53 68 75 84 -1 -2
78 -1 17 83 -1 63 80 -1 -2
31 34 63 -1 46 -1 41 84 -1 -2
28 -1 85 -1 24 44 -1 -2
11 -1 98 -1 24 41 56 -1 -2
42 47 51 -1 18 51 -1 13 20 34 54 -1 -2
81 -1 27 56 59 74 -1 35 -1 -2
94 99 -1 8 85 -1 22 25 35 82 -1 -2
27 59 -1 35 77 79 -1 77 -1 -2
15 19 71 -1 2 89 -1 34 85 -1 -2
58 -1 27 71 -1 31 97 -1 -2
61 -1 48 67 -1 11 18 24 29 -1 -2
59 61 92 -1 3 48 55 98 -1 32 60 -1 -2
24 -1 10 -1 35 90 -1 -2
93 -1 27 42 94 -1 12 28 40 76 -1 -2
35 85 -1 7 68 74 -1 45 95 -1 -2
74 -1 71 -1 5 42 76 -1 -2
8 15 18 20 -1 6 44 75 -1 85 96 -1 -2
54 78 79 -1 47 54 86 96 -1 26 30 60 95 -1 -2
7 10 13 100 -1 9 -1 59 -1 -2
7 12 59 79 -1 98 -1 38 -1 -2
56 81 -1 47 76 -1 39 -1 -2
9 82 97 -1 13 55 -1 56 -1 -2
37 -1 54 -1 12 17 86 99 -1 -2
70 -1 12 80 -1 20 81 91 96 -1 -2
22 -1 23 -1 21 34 76 99 -1 -2
4 51 64 93 -1 39 49 50 53 -1 29 30 90 92 -1 -2
53 60 74 -1 7 29 40 -1 58 70 -1 -2
14 61 -1 87 -1 33 68 91 -1 -2
27 66 79 -1 12 14 36 89 -1 71 -1 -2
84 85 -1 31 100 -1 64 -1 -2
51 -1 7 26 75 95 -1 2 -1 -2
77 -1 31 63 91 -1 9 -1 -2
36 76 91 96 -1 2 20 46 98 -1 45 -1 -2
58 83 86 91 -1 17 -1 9 16 93 -1 -2
37 53 65 96 -1 2 43 52 71 -1 24 36 65 -1 -2
34 55 97 -1 46 55 73 -1 15 45 46 61 -1 -2
26 29 34 70 -1 15 84 93 97 -1 1 3 -1 -2
13 42 44 100 -1 3 7 30 35 -1 76 -1 -2
14 20 42 48 -1 1 9 64 94 -1 10 55 56 59 -1 -2
42 88 -1 53 55 79 -1 29 45 63 69 -1 -2
85 -1 32 42 97 -1 26 -1 -2
8 99 -1 52 83 98 -1 8 20 44 -1 -2
22 89 -1 7 11 16 44 -1 16 36 58 68 -1 -2
49 -1 16 49 57 62 -1 36 45 79 97 -1 -2
81 -1 34 -1 47 98 -1 -2
10 21 45 66 -1 6 11 27 42 -1 21 50 68 87 -1 -2
7 9 -1 39 45 47 60 -1 11 15 30 71 -1 -2
4 18 68 -1 52 75 91 -1 48 -1 -2
2 8 24 25 -1 84 -1 35 -1 -2
31 -1 37 72 -1 23 28 88 -1 -2
4 8 36 91 -1 56 84 -1 18 -1 -2
17 45 58 80 -1 4 -1 7 45 49 93 -1 -2
78 89 -1 20 78 -1 62 72 -1 -2
5 66 68 -1 22 -1 45 -1 -2
10 20 -1 52 77 99 -1 71 78 91 -1 -2
82 88 -1 51 59 99 -1 60 -1 -2
62 69 75 84 -1 8 67 85 -1 36 76 -1 -2
18 52 -1 12 -1 58 66 -1 -2
14 57 -1 6 41 54 65 -1 58 -1 -2
15 -1 9 48 52 54 -1 2 37 68 -1 -2
21 49 68 -1 93 -1 62 86 -1 -2
20 26 74 86 -1 29 59 69 83 -1 29 37 81 -1 -2
10 19 47 98 -1 40 57 86 -1 44 46 -1 -2
28 -1 21 68 -1 34 38 96 -1 -2
51 55 62 70 -1 52 61 79 83 -1 26 89 -1 -2
10 12 18 -1 64 82 -1 27 28 36 53 -1 -2
3 65 -1 43 46 85 92 -1 24 91 -1 -2
19 36 91 -1 93 -1 32 35 38 46 -1 -2
21 42 95 96 -1 98 -1 17 50 57 77 -1 -2
2 93 -1 1 13 34 -1 36 39 86 -1 -2
26 73 81 100 -1 18 39 92 -1 13 29 -1 -2
49 57 59 66 -1 51 99 -1 28 92 -1 -2
19 27 34 -1 18 63 -1 68 -1 -2
93 -1 24 79 90 -1 45 78 85 99 -1 -2
8 14 50 -1 34 55 94 -1 16 56 68 98 -1 -2
96 -1 27 47 69 86 -1 36 74 -1 -2
85 -1 51 94 -1 63 -1 -2
67 -1 16 72 -1 61 66 -1 -2
1 75 95 -1 34 61 -1 34 53 58 82 -1 -2
7 90 97 -1 68 76 -1 17 67 72 98 -1 -2
45 89 -1 62 79 80 100 -1 4 10 42 83 -1 -2
11 51 83 -1 32 37 59 -1 8 30 88 -1 -2
8 42 53 82 -1 9 60 68 -1 11 19 96 -1 -2
26 30 76 -1 33 69 71 91 -1 54 68 92 -1 -2
44 -1 8 30 -1 29 -1 -2
19 82 83 90 -1 21 65 -1 15 38 100 -1 -2
3 89 -1 5 50 67 72 -1 64 -1 -2
43 -1 6 7 21 83 -1 22 43 50 98 -1 -2
10 96 100 -1 83 -1 40 48 -1 -2
62 -1 1 24 81 -1 4 26 81 85 -1 -2
12 -1 15 19 61 -1 6 -1 -2
1 20 57 72 -1 12 33 92 97 -1 97 -1 -2
11 -1 49 -1 24 52 98 -1 -2
85 -1 30 32 79 -1 44 -1 -2
64 -1 6 52 72 89 -1 18 44 -1 -2
19 81 94 100 -1 3 8 71 74 -1 70 91 -1 -2
31 90 97 99 -1 26 57 96 -1 32 58 -1 -2
53 -1 10 18 30 70 -1 74 -1 -2
69 94 99 -1 12 -1 64 -1 -2
45 81 -1 25 -1 10 15 61 82 -1 -2
13 47 49 -1 28 32 78 -1 69 83 -1 -2
28 76 100 -1 6 29 56 -1 13 20 34 38 -1 -2
85 94 -1 55 89 -1 94 -1 -2
10 -1 100 -1 14 56 59 -1 -2
77 -1 50 96 100 -1 12 21 30 -1 -2
32 58 68 91 -1 21 43 80 -1 91 -1 -2
16 34 63 67 -1 87 90 94 -1 8 75 -1 -2
94 -1 13 47 51 -1 5 -1 -2
51 65 -1 8 -1 22 -1 -2
82 -1 19 26 37 -1 9 11 31 34 -1 -2
28 61 -1 39 80 -1 76 92 -1 -2
65 66 81 96 -1 10 29 37 -1 5 33 78 -1 -2
77 87 90 -1 12 37 48 95 -1 30 48 -1 -2
25 27 95 -1 58 -1 43 -1 -2
49 -1 36 -1 32 53 -1 -2
76 90 -1 4 10 55 65 -1 55 62 92 99 -1 -2
8 45 54 -1 5 -1 9 -1 -2
54 -1 33 47 55 95 -1 7 44 69 89 -1 -2
5 11 54 -1 31 -1 5 22 -1 -2
12 34 45 -1 90 -1 19 28 52 -1 -2
9 76 80 81 -1 26 35 48 -1 10 20 73 -1 -2
28 37 57 71 -1 22 52 59 -1 40 93 -1 -2
57 -1 47 80 -1 14 92 -1 -2
2 9 22 57 -1 96 -1 10 25 86 96 -1 -2
72 -1 8 37 67 73 -1 32 -1 -2
48 -1 12 17 -1 47 50 -1 -2
2 35 54 71 -1 83 -1 7 63 -1 -2
53 60 72 78 -1 34 35 -1 95 -1 -2
27 99 -1 3 52 89 90 -1 27 -1 -2
4 69 82 -1 90 -1 94 -1 -2
10 22 73 -1 1 19 89 -1 7 37 81 -1 -2
96 -1 57 92 -1 40 -1 -2
16 36 83 -1 27 70 -1 82 -1 -2
29 32 39 -1 52 71 72 -1 29 59 79 -1 -2
52 76 85 -1 45 48 77 87 -1 47 66 -1 -2
4 29 84 -1 12 29 47 48 -1 61 73 -1 -2
17 35 49 -1 22 33 -1 15 67 78 87 -1 -2
13 45 48 72 -1 24 33 48 50 -1 47 -1 -2
5 32 59 -1 16 18 51 -1 13 15 28 50 -1 -2
87 -1 24 64 80 100 -1 15 63 86 95 -1 -2
14 36 45 68 -1 4 81 -1 12 56 80 -1 -2
9 27 39 -1 20 42 70 90 -1 5 19 30 81 -1 -2
17 31 53 -1 16 43 48 53 -1 54 -1 -2
22 33 42 74 -1 21 51 87 -1 17 -1 -2
9 -1 42 61 -1 4 86 90 -1 -2
5 32 67 -1 31 32 61 62 -1 17 22 84 -1 -2
93 -1 1 52 61 75 -1 8 21 76 -1 -2
16 41 52 -1 40 -1 18 -1 -2
56 -1 18 -1 2 42 85 -1 -2
30 -1 59 64 76 86 -1 11 94 -1 -2
16 41 46 54 -1 80 -1 13 56 74 -1 -2
49 -1 54 83 90 -1 24 44 65 90 -1 -2
15 43 44 -1 97 -1 10 50 91 100 -1 -2
77 80 93 -1 26 34 46 -1 22 28 46 76 -1 -2
9 28 -1 55 83 -1 34 41 99 -1 -2
11 14 53 -1 43 60 81 90 -1 45 53 91 -1 -2
24 49 54 72 -1 48 57 70 79 -1 24 40 79 -1 -2
17 34 45 93 -1 57 79 -1 54 -1 -2
20 21 85 -1 27 39 57 74 -1 53 91 -1 -2
7 32 47 62 -1 23 -1 13 54 63 73 -1 -2
8 66 86 90 -1 46 78 -1 25 29 85 99 -1 -2
76 94 -1 2 15 -1 44 85 -1 -2
26 27 61 81 -1 23 33 76 -1 13 71 75 -1 -2
39 99 -1 91 -1 72 -1 -2
2 85 -1 18 22 32 68 -1 63 -1 -2
12 72 75 85 -1 24 36 -1 69 -1 -2
8 58 -1 37 -1 89 -1 -2
99 100 -1 9 -1 25 37 -1 -2
6 12 24 67 -1 15 55 80 -1 3 31 46 84 -1 -2
12 29 -1 20 54 -1 24 -1 -2
1 4 42 55 -1 65 -1 48 50 57 88 -1 -2
64 -1 37 76 -1 6 13 27 35 -1 -2
6 59 85 -1 45 55 68 94 -1 10 13 64 92 -1 -2
84 -1 1 61 -1 34 95 -1 -2
65 76 -1 63 84 -1 12 27 33 64 -1 -2
1 41 65 73 -1 36 -1 20 78 87 -1 -2
63 71 89 98 -1 44 -1 60 75 80 84 -1 -2
30 -1 19 -1 13 36 69 89 -1 -2
59 71 -1 80 -1 53 56 72 83 -1 -2
39 68 77 -1 77 78 -1 16 25 44 -1 -2
13 42 59 -1 37 -1 36 85 86 -1 -2
44 66 75 83 -1 11 37 -1 15 -1 -2
6 43 59 85 -1 85 96 -1 42 60 84 87 -1 -2
7 33 91 96 -1 7 -1 82 84 -1 -2
19 81 -1 6 90 93 -1 23 62 -1 -2
15 47 98 -1 17 30 64 89 -1 74 -1 -2
18 -1 17 39 88 91 -1 34 39 50 93 -1 -2
10 75 79 -1 28 34 74 83 -1 1 4 47 -1 -2
28 43 -1 43 69 82 96 -1 77 -1 -2
3 74 81 97 -1 50 51 57 86 -1 60 -1 -2
97 -1 28 58 -1 19 75 -1 -2
22 91 -1 15 31 57 85 -1 12 37 45 50 -1 -2
9 44 55 76 -1 37 45 61 90 -1 25 28 49 76 -1 -2
7 49 64 88 -1 10 65 100 -1 24 82 -1 -2
58 75 92 -1 2 7 12 -1 3 5 83 90 -1 -2
9 20 -1 61 70 -1 40 53 57 -1 -2
55 -1 7 18 64 75 -1 36 46 51 69 -1 -2
38 46 61 99 -1 15 28 54 91 -1 56 -1 -2
13 83 -1 54 70 91 -1 20 40 42 56 -1 -2
30 66 93 -1 6 22 76 -1 65 85 -1 -2
90 -1 80 -1 39 51 57 94 -1 -2
10 60 91 -1 26 35 60 -1 1 17 65 95 -1 -2
18 -1 7 21 25 -1 36 49 -1 -2
99 -1 22 43 65 68 -1 9 84 86 -1 -2
6 17 94 -1 9 27 -1 31 71 -1 -2
34 -1 28 98 -1 1 23 73 98 -1 -2
13 38 41 84 -1 19 40 -1 4 35 40 81 -1 -2
35 -1 38 67 -1 6 46 -1 -2
18 27 77 81 -1 78 -1 25 37 65 -1 -2
89 94 -1 26 44 61 -1 24 55 93 -1 -2
23 24 81 -1 51 -1 8 92 -1 -2
1 -1 6 34 78 -1 25 48 -1 -2
74 84 -1 38 74 83 97 -1 2 -1 -2
54 84 87 93 -1 26 95 -1 6 38 80 93 -1 -2
85 -1 51 -1 61 68 80 82 -1 -2
12 74 89 -1 52 96 -1 64 -1 -2
13 88 -1 90 -1 77 -1 -2
2 96 -1 6 12 27 50 -1 12 42 86 -1 -2
31 77 -1 43 63 -1 2 10 38 86 -1 -2
11 89 96 -1 62 94 -1 12 37 75 -1 -2
18 70 82 97 -1 10 25 -1 100 -1 -2
17 18 82 93 -1 5 28 32 57 -1 25 60 66 -1 -2
40 44 70 -1 25 56 60 69 -1 14 27 53 83 -1 -2
6 24 74 -1 26 47 92 97 -1 15 30 48 -1 -2
65 73 -1 79 -1 1 25 40 87 -1 -2
3 -1 39 -1 21 36 76 -1 -2
49 52 86 97 -1 83 -1 13 96 100 -1 -2
77 -1 62 -1 49 60 -1 -2
11 19 61 74 -1 30 35 -1 6 9 88 -1 -2
54 67 82 88 -1 5 33 40 -1 22 90 -1 -2
40 70 -1 17 -1 47 -1 -2
4 48 76 -1 70 -1 54 88 -1 -2
45 54 63 72 -1 52 61 93 94 -1 2 5 -1 -2
67 -1 1 13 22 59 -1 27 -1 -2
95 98 -1 3 72 -1 7 92 -1 -2
53 -1 6 39 87 92 -1 14 19 64 -1 -2
27 42 63 100 -1 67 -1 27 39 -1 -2
9 66 94 -1 8 13 55 -1 15 -1 -2
28 -1 1 41 93 -1 69 87 -1 -2
71 76 -1 2 64 94 -1 21 -1 -2
1 96 -1 41 -1 60 64 76 -1 -2
36 48 64 73 -1 23 25 26 29 -1 42 63 -1 -2
36 39 76 95 -1 51 63 96 98 -1 90 -1 -2
42 52 68 -1 11 56 -1 49 55 -1 -2
8 37 42 49 -1 36 93 -1 37 -1 -2
10 75 78 81 -1 54 79 -1 43 53 77 -1 -2
51 -1 6 59 -1 31 56 65 -1 -2
35 54 61 91 -1 69 77 -1 13 35 38 55 -1 -2
66 97 -1 12 28 32 47 -1 43 67 80 -1 -2
64 74 90 -1 59 60 79 89 -1 8 11 80 100 -1 -2
60 93 -1 7 9 33 -1 10 -1 -2
3 8 98 -1 28 40 70 -1 17 18 67 -1 -2
4 11 27 67 -1 24 28 75 90 -1 9 21 81 94 -1 -2
50 -1 49 -1 25 36 -1 -2
98 -1 53 69 76 -1 26 34 -1 -2
1 27 33 37 -1 12 86 90 -1 32 66 -1 -2
18 71 -1 12 41 63 -1 9 60 -1 -2
27 80 84 -1 78 -1 40 93 -1 -2
38 79 83 99 -1 39 70 -1 54 97 -1 -2
16 31 -1 2 75 -1 11 90 96 -1 -2
59 -1 7 16 27 72 -1 20 26 76 -1 -2
19 35 74 -1 12 55 59 -1 32 -1 -2
39 -1 13 33 45 62 -1 68 72 90 99 -1 -2
29 74 80 -1 15 24 64 -1 15 -1 -2
47 67 95 -1 32 48 -1 6 -1 -2
43 72 96 98 -1 37 -1 4 -1 -2
2 -1 94 -1 22 67 97 -1 -2
78 -1 39 41 59 69 -1 14 37 39 83 -1 -2
1 60 77 -1 46 69 70 85 -1 29 -1 -2
18 -1 47 61 65 80 -1 46 -1 -2
15 49 53 -1 26 70 -1 39 41 89 -1 -2
2 4 -1 24 43 48 98 -1 18 38 83 -1 -2
90 -1 53 58 93 -1 4 -1 -2
30 34 -1 15 44 62 99 -1 6 65 80 -1 -2
27 -1 25 77 -1 100 -1 -2
3 21 34 96 -1 14 67 -1 27 -1 -2
26 37 -1 7 40 44 -1 49 76 -1 -2
9 65 -1 11 47 76 -1 9 -1 -2
17 33 50 97 -1 21 -1 30 53 60 -1 -2
4 44 57 80 -1 8 17 26 -1 23 29 50 79 -1 -2
9 45 63 -1 9 21 81 -1 16 17 21 59 -1 -2
34 -1 77 -1 2 -1 -2
3 25 92 -1 3 61 -1 20 57 81 -1 -2
6 25 51 53 -1 11 32 79 -1 3 45 56 79 -1 -2
20 95 96 -1 72 -1 26 -1 -2
61 67 -1 91 -1 21 36 45 72 -1 -2
54 -1 11 24 54 87 -1 7 22 42 89 -1 -2
80 -1 8 59 -1 27 34 39 63 -1 -2
10 37 43 47 -1 9 52 61 72 -1 68 70 97 -1 -2
34 -1 4 6 58 72 -1 53 -1 -2
45 75 80 85 -1 20 39 -1 44 45 -1 -2
22 61 92 -1 63 82 -1 24 61 83 -1 -2
21 -1 32 50 54 100 -1 73 77 -1 -2
46 -1 7 29 84 97 -1 6 -1 -2
20 45 68 73 -1 17 56 82 -1 22 46 75 -1 -2
9 -1 9 12 18 42 -1 75 -1 -2
6 60 88 -1 21 64 68 76 -1 30 69 -1 -2
71 -1 24 -1 25 -1 -2
4 11 32 47 -1 44 76 -1 23 -1 -2
22 56 63 -1 77 -1 40 80 98 -1 -2
85 -1 1 34 40 66 -1 19 39 53 58 -1 -2
7 31 65 -1 33 47 -1 5 69 -1 -2
9 20 26 66 -1 53 -1 19 -1 -2
83 -1 81 -1 64 80 -1 -2
21 30 44 -1 4 29 37 53 -1 9 96 100 -1 -2
43 77 79 96 -1 1 -1 16 66 78 79 -1 -2
54 -1 10 38 69 87 -1 59 -1 -2
21 33 -1 15 53 -1 15 35 100 -1 -2
19 -1 50 -1 70 71 -1 -2
63 69 82 83 -1 16 47 63 68 -1 28 -1 -2
1 64 71 87 -1 61 69 -1 76 100 -1 -2
8 11 -1 27 36 77 92 -1 4 87 -1 -2
16 54 -1 48 68 77 95 -1 48 54 -1 -2
100 -1 74 98 -1 28 61 66 -1 -2
78 -1 14 -1 51 81 -1 -2
2 -1 9 77 -1 32 34 62 99 -1 -2
89 -1 26 58 -1 8 27 71 72 -1 -2
32 37 84 99 -1 27 -1 34 77 80 -1 -2
34 52 -1 12 15 33 -1 18 -1 -2
12 57 69 -1 12 38 69 -1 10 -1 -2
73 87 -1 1 65 68 90 -1 42 60 -1 -2
2 5 71 -1 20 79 95 -1 7 98 -1 -2
28 -1 96 100 -1 22 26 79 86 -1 -2
2 13 48 -1 27 40 99 -1 63 -1 -2
40 -1 47 63 65 96 -1 29 75 -1 -2
65 -1 51 54 -1 29 64 65 97 -1 -2
1 20 58 87 -1 66 -1 88 -1 -2
29 36 71 -1 3 44 -1 32 81 -1 -2
1 42 96 -1 48 -1 4 19 34 -1 -2
7 33 46 65 -1 83 -1 51 -1 -2
22 48 75 -1 48 99 -1 9 10 21 57 -1 -2
76 -1 11 80 86 -1 45 58 86 -1 -2
61 -1 72 -1 29 65 73 -1 -2
34 55 -1 74 -1 1 86 96 99 -1 -2
18 53 -1 40 84 -1 38 67 -1 -2
28 42 79 97 -1 6 9 57 70 -1 17 29 32 36 -1 -2
6 11 88 90 -1 70 -1 44 86 94 100 -1 -2
47 50 62 -1 32 56 64 86 -1 30 -1 -2
14 35 63 79 -1 37 87 -1 46 63 -1 -2
10 17 39 71 -1 1 55 -1 89 -1 -2
5 58 -1 12 24 32 84 -1 13 27 -1 -2
4 35 75 -1 92 -1 59 65 71 -1 -2
15 19 100 -1 37 62 -1 33 74 93 -1 -2
1 27 32 -1 57 69 73 -1 8 26 78 79 -1 -2
13 38 48 50 -1 29 31 33 63 -1 36 73 -1 -2
32 -1 28 76 -1 2 30 56 99 -1 -2
32 43 56 78 -1 65 86 -1 12 27 50 71 -1 -2
64 77 -1 14 15 41 -1 47 92 95 -1 -2
8 16 51 82 -1 47 58 81 -1 31 41 93 -1 -2
1 -1 18 44 45 59 -1 12 72 86 99 -1 -2
25 85 96 -1 21 40 -1 16 39 -1 -2
17 33 -1 22 -1 60 -1 -2
49 -1 26 -1 82 -1 -2
33 40 -1 91 -1 76 -1 -2
17 38 40 47 -1 16 83 91 -1 1 74 76 -1 -2
26 30 58 -1 78 89 -1 65 90 92 -1 -2
31 -1 1 -1 7 60 63 -1 -2
4 60 -1 49 57 67 81 -1 15 21 -1 -2
31 33 98 -1 54 -1 20 23 -1 -2
55 76 78 -1 13 76 87 96 -1 48 -1 -2
21 23 40 -1 54 83 89 98 -1 40 48 95 98 -1 -2
16 -1 2 25 68 70 -1 25 31 68 -1 -2
35 -1 22 36 -1 11 -1 -2
34 83 -1 55 75 86 -1 14 49 79 94 -1 -2
8 64 -1 30 77 -1 18 19 63 -1 -2
14 57 -1 23 70 -1 56 -1 -2
1 5 64 -1 31 40 66 72 -1 13 -1 -2
35 65 71 97 -1 11 -1 68 94 -1 -2
22 27 73 -1 32 87 -1 36 -1 -2
34 82 87 -1 4 77 -1 37 51 69 -1 -2
27 60 91 95 -1 5 7 13 68 -1 10 -1 -2
10 43 44 -1 1 24 31 -1 28 43 -1 -2
53 90 -1 27 33 39 -1 65 -1 -2
34 73 84 -1 9 19 -1 4 47 -1 -2
24 -1 16 27 45 85 -1 10 14 26 83 -1 -2
50 56 62 99 -1 17 75 96 -1 25 76 -1 -2
34 37 65 74 -1 77 78 -1 30 62 64 93 -1 -2
14 59 70 74 -1 17 76 87 -1 5 49 -1 -2
83 100 -1 38 46 74 96 -1 4 9 -1 -2
15 67 71 -1 28 40 53 86 -1 24 -1 -2
10 63 -1 4 20 32 54 -1 20 52 -1 -2
1 61 -1 70 78 -1 54 94 -1 -2
68 -1 74 -1 31 36 80 95 -1 -2
76 -1 3 13 54 64 -1 2 -1 -2
39 54 89 -1 53 -1 29 46 64 -1 -2
2 76 86 -1 68 74 -1 42 43 98 -1 -2
34 -1 35 49 50 -1 57 -1 -2
7 -1 16 26 34 -1 2 17 18 24 -1 -2
10 22 67 96 -1 26 41 82 -1 25 43 49 83 -1 -2
14 49 53 -1 4 40 46 96 -1 79 -1 -2
9 31 88 100 -1 27 43 92 -1 16 23 37 70 -1 -2
71 72 95 -1 29 32 77 -1 3 38 44 84 -1 -2
11 43 61 -1 31 50 68 -1 9 49 62 91 -1 -2
35 57 67 -1 31 66 -1 6 55 83 92 -1 -2
19 25 53 78 -1 54 75 -1 82 -1 -2
11 -1 8 37 38 -1 50 63 73 76 -1 -2
2 24 53 72 -1 33 37 71 -1 73 -1 -2
35 61 79 94 -1 17 -1 26 96 -1 -2
86 -1 6 11 36 39 -1 37 46 48 -1 -2
66 87 -1 38 60 82 -1 17 38 42 97 -1 -2
11 32 37 80 -1 3 28 32 39 -1 35 68 -1 -2
11 38 60 99 -1 41 83 98 -1 18 31 60 80 -1 -2
1 41 -1 18 -1 10 28 55 69 -1 -2
42 72 80 -1 34 65 86 -1 12 42 69 -1 -2
10 31 -1 30 56 73 80 -1 73 -1 -2
21 94 -1 45 47 55 -1 24 26 -1 -2
76 -1 7 35 37 42 -1 6 45 47 65 -1 -2
3 43 86 97 -1 40 55 -1 49 -1 -2
21 58 63 76 -1 3 63 -1 89 -1 -2
18 27 48 -1 16 50 57 -1 11 77 81 -1 -2
14 -1 64 80 83 -1 20 75 -1 -2
31 53 84 -1 35 51 74 -1 55 63 -1 -2
31 76 78 -1 27 35 76 87 -1 7 9 52 80 -1 -2
39 -1 2 -1 80 98 -1 -2
14 -1 13 72 88 98 -1 5 24 57 -1 -2
36 -1 56 -1 20 57 73 -1 -2
34 -1 11 13 57 -1 33 85 91 -1 -2
44 73 94 -1 98 -1 82 -1 -2
4 36 72 97 -1 13 28 34 75 -1 13 41 85 -1 -2
27 93 -1 3 32 -1 5 76 84 92 -1 -2
41 -1 5 70 -1 18 59 77 100 -1 -2
16 50 57 -1 9 38 -1 65 74 85 -1 -2
68 -1 43 70 93 -1 60 -1 -2
36 76 -1 17 54 -1 15 19 -1 -2
24 39 55 -1 19 76 -1 20 30 50 76 -1 -2
37 87 94 97 -1 30 80 -1 5 79 -1 -2
24 36 38 83 -1 49 -1 39 48 79 -1 -2
39 50 53 73 -1 85 -1 23 -1 -2
13 24 92 -1 50 58 77 -1 27 54 63 81 -1 -2
6 7 11 71 -1 81 -1 8 20 54 65 -1 -2
49 73 -1 9 12 50 87 -1 20 48 73 94 -1 -2
14 60 -1 15 33 48 83 -1 57 -1 -2
74 -1 55 74 77 -1 1 95 -1 -2
1 42 85 -1 5 59 91 -1 23 33 -1 -2
69 -1 79 -1 19 88 99 -1 -2
7 40 56 80 -1 59 91 -1 1 19 -1 -2
41 75 83 95 -1 58 83 100 -1 38 -1 -2
31 35 56 93 -1 77 -1 97 -1 -2
41 50 77 -1 4 38 55 78 -1 26 89 -1 -2
39 -1 50 72 -1 34 59 75 -1 -2
28 32 85 95 -1 34 72 92 -1 51 -1 -2
13 99 -1 46 50 57 71 -1 5 67 76 81 -1 -2
55 96 -1 78 -1 32 47 66 78 -1 -2
46 -1 36 75 77 -1 7 29 49 66 -1 -2
18 43 72 95 -1 12 27 62 98 -1 27 57 86 89 -1 -2
25 -1 67 93 -1 4 35 39 -1 -2
88 -1 23 67 78 -1 27 28 96 -1 -2
2 3 10 79 -1 9 -1 46 -1 -2
81 -1 5 31 50 94 -1 47 65 89 -1 -2
9 70 99 -1 50 -1 41 -1 -2
44 59 98 -1 22 48 52 67 -1 61 69 -1 -2
26 -1 58 90 -1 31 67 75 -1 -2
69 86 -1 38 43 68 -1 21 91 -1 -2
84 -1 16 26 -1 24 -1 -2
7 24 59 -1 41 60 100 -1 68 98 -1 -2
10 49 96 -1 8 57 84 -1 41 74 -1 -2
36 90 93 96 -1 11 -1 1 17 -1 -2
81 -1 51 -1 52 92 -1 -2
37 77 -1 13 70 79 -1 30 66 98 -1 -2
78 85 87 -1 37 -1 41 64 71 95 -1 -2
35 50 56 91 -1 33 70 86 -1 11 45 50 53 -1 -2
26 27 93 -1 43 52 68 92 -1 19 37 39 -1 -2
36 93 -1 26 43 65 98 -1 4 16 26 -1 -2
62 -1 9 15 62 81 -1 3 68 95 -1 -2
43 -1 46 -1 2 -1 -2
46 59 90 -1 37 89 -1 6 51 71 89 -1 -2
75 95 -1 44 85 -1 34 62 86 -1 -2
17 79 89 -1 41 97 -1 5 -1 -2
24 28 49 -1 37 62 69 86 -1 56 58 74 -1 -2
10 15 30 -1 1 34 43 67 -1 23 24 -1 -2
29 33 66 98 -1 15 72 86 -1 16 58 68 94 -1 -2
9 18 80 -1 10 89 -1 43 44 80 -1 -2
13 55 59 69 -1 1 53 64 75 -1 25 42 -1 -2
74 -1 26 36 71 88 -1 44 86 98 -1 -2
28 -1 67 69 81 98 -1 70 -1 -2
19 42 50 52 -1 82 85 86 -1 22 34 72 -1 -2
1 4 37 78 -1 83 -1 22 36 -1 -2
19 68 82 88 -1 10 35 -1 44 65 -1 -2
29 37 74 -1 38 61 100 -1 17 -1 -2
6 58 88 -1 53 71 -1 48 50 -1 -2
19 43 -1 17 73 -1 57 -1 -2
82 -1 42 58 82 88 -1 27 -1 -2
3 5 -1 24 -1 57 72 84 -1 -2
19 62 -1 24 42 55 -1 18 53 91 -1 -2
69 -1 26 -1 10 40 66 -1 -2
31 46 -1 20 30 46 50 -1 23 53 -1 -2
23 33 45 65 -1 4 24 78 97 -1 18 95 -1 -2
1 31 59 92 -1 78 -1 71 -1 -2
60 -1 16 24 35 -1 1 50 57 84 -1 -2
42 55 -1 28 29 86 96 -1 72 -1 -2
25 -1 30 80 95 -1 16 23 26 -1 -2
13 -1 32 41 80 88 -1 4 55 96 -1 -2
23 62 -1 11 39 41 64 -1 2 11 26 29 -1 -2
76 77 -1 18 36 53 78 -1 31 43 80 -1 -2
74 96 99 -1 54 75 82 -1 21 38 -1 -2
59 64 78 81 -1 30 -1 46 -1 -2
15 -1 35 36 48 70 -1 29 -1 -2
2 24 -1 42 51 82 -1 24 -1 -2
4 70 -1 68 -1 22 29 44 -1 -2
52 78 94 -1 27 45 47 53 -1 11 75 -1 -2
44 -1 31 71 -1 83 86 95 -1 -2
14 16 -1 13 26 41 43 -1 66 -1 -2
20 36 -1 54 60 67 75 -1 42 63 74 83 -1 -2
5 56 74 99 -1 79 93 -1 22 24 41 69 -1 -2
60 100 -1 44 49 86 92 -1 7 9 45 64 -1 -2
19 59 69 -1 43 51 -1 58 77 -1 -2
2 58 64 97 -1 15 30 36 53 -1 95 96 -1 -2
19 -1 6 37 -1 39 41 95 -1 -2
4 71 -1 8 33 -1 48 -1 -2
3 66 -1 51 53 -1 37 44 83 -1 -2
31 75 -1 31 -1 91 -1 -2
28 69 85 -1 5 65 73 -1 29 78 83 -1 -2
89 -1 3 75 83 -1 61 -1 -2
2 37 46 87 -1 47 -1 56 -1 -2
2 15 27 98 -1 68 -1 25 47 70 -1 -2
23 84 -1 93 -1 29 36 -1 -2
3 16 37 42 -1 4 9 41 -1 13 26 49 -1 -2
2 20 22 81 -1 26 60 69 -1 44 89 -1 -2
60 74 90 -1 29 54 75 -1 91 93 -1 -2
12 15 96 -1 52 -1 96 -1 -2
14 29 50 57 -1 46 59 97 -1 15 98 -1 -2
2 40 98 -1 2 23 36 77 -1 17 26 69 80 -1 -2
20 51 81 88 -1 31 74 77 -1 36 -1 -2
28 67 -1 11 24 -1 94 -1 -2
8 93 98 99 -1 75 -1 10 -1 -2
3 66 74 -1 63 80 -1 25 45 81 -1 -2
20 43 55 79 -1 86 96 -1 57 -1 -2
44 69 98 -1 11 71 -1 17 97 -1 -2
87 -1 19 20 48 -1 48 93 97 -1 -2
78 -1 85 -1 13 -1 -2
24 32 83 -1 32 53 -1 49 57 64 -1 -2
51 -1 31 -1 18 28 95 -1 -2
13 50 -1 2 53 83 -1 14 38 43 79 -1 -2
55 69 -1 40 57 67 -1 4 38 69 -1 -2
31 85 -1 30 33 81 -1 23 39 66 86 -1 -2
83 95 -1 50 -1 3 27 70 -1 -2
3 20 -1 5 8 80 -1 2 49 87 -1 -2
49 77 95 -1 77 -1 37 -1 -2
27 30 -1 13 -1 44 67 93 -1 -2
39 41 63 96 -1 42 83 -1 92 94 -1 -2
71 91 -1 15 66 70 74 -1 91 -1 -2
26 -1 8 56 86 -1 78 96 -1 -2
28 34 68 70 -1 29 49 77 -1 84 -1 -2
30 51 78 85 -1 38 62 77 -1 27 37 74 -1 -2
16 61 78 86 -1 49 62 80 90 -1 60 74 -1 -2
12 -1 22 -1 14 39 49 -1 -2
9 12 28 85 -1 96 -1 12 37 55 70 -1 -2
16 42 -1 59 -1 65 -1 -2
71 98 -1 42 47 50 64 -1 68 -1 -2
57 58 69 -1 23 59 73 90 -1 17 58 -1 -2
14 -1 43 69 -1 59 61 98 -1 -2
52 56 -1 48 61 85 -1 1 23 58 76 -1 -2
78 92 99 -1 18 19 39 41 -1 52 57 -1 -2
2 29 35 -1 22 -1 27 46 87 99 -1 -2
15 20 72 97 -1 9 33 41 100 -1 26 -1 -2
9 17 24 42 -1 3 74 96 -1 3 65 84 -1 -2
92 93 -1 32 34 64 -1 59 78 88 97 -1 -2
16 71 -1 81 -1 86 96 -1 -2
72 -1 7 46 -1 6 30 49 74 -1 -2
17 77 100 -1 8 42 97 -1 42 60 61 -1 -2
43 76 91 -1 1 21 -1 49 -1 -2
2 33 60 81 -1 22 -1 44 51 99 -1 -2
31 64 65 77 -1 1 53 60 73 -1 49 92 -1 -2
75 -1 28 34 -1 12 -1 -2
40 67 76 -1 10 14 25 98 -1 64 69 -1 -2
7 10 23 71 -1 50 68 -1 8 53 -1 -2
22 75 98 -1 83 90 -1 20 32 -1 -2
42 96 -1 68 -1 19 67 -1 -2
46 -1 21 88 -1 11 28 75 -1 -2
25 39 41 99 -1 5 27 60 -1 18 23 -1 -2
37 -1 25 82 100 -1 28 31 46 81 -1 -2
17 66 -1 33 52 93 -1 3 33 48 97 -1 -2
34 36 70 96 -1 37 -1 34 45 61 80 -1 -2
6 7 21 77 -1 7 22 29 35 -1 46 79 98 100 -1 -2
14 17 67 -1 11 48 -1 13 88 100 -1 -2
66 68 -1 70 97 -1 2 80 -1 -2
35 85 -1 4 26 72 -1 3 6 12 28 -1 -2
25 -1 10 18 51 57 -1 11 42 99 -1 -2
5 11 48 77 -1 4 13 20 -1 18 21 45 90 -1 -2
55 65 98 -1 5 23 32 48 -1 46 76 80 -1 -2
2 55 90 -1 19 21 23 98 -1 27 30 47 52 -1 -2
59 -1 25 51 52 99 -1 2 -1 -2
31 41 60 -1 25 42 45 83 -1 60 -1 -2
18 19 81 -1 7 31 38 73 -1 73 76 85 -1 -2
46 -1 4 11 12 -1 6 34 46 64 -1 -2
21 33 66 73 -1 22 31 63 -1 15 70 74 -1 -2
7 48 79 -1 3 -1 23 48 50 99 -1 -2
73 -1 63 69 -1 22 77 -1 -2
40 54 66 82 -1 6 9 27 93 -1 14 25 74 95 -1 -2
31 50 74 95 -1 33 58 -1 14 26 35 -1 -2
66 70 80 87 -1 12 33 -1 40 -1 -2
32 65 70 -1 1 32 51 -1 2 27 32 38 -1 -2
65 -1 4 -1 8 13 -1 -2
6 17 54 -1 47 93 -1 7 50 75 99 -1 -2
22 24 -1 7 32 63 97 -1 29 92 -1 -2
3 33 -1 11 37 94 95 -1 80 -1 -2
63 -1 4 52 91 -1 11 30 55 87 -1 -2
14 75 -1 50 57 -1 2 54 -1 -2
58 -1 16 54 91 -1 10 -1 -2
39 -1 6 42 90 -1 36 -1 -2
9 38 77 -1 4 40 73 -1 24 62 90 -1 -2
6 50 68 -1 51 -1 22 90 -1 -2
76 88 -1 28 -1 11 13 23 31 -1 -2
18 99 -1 13 47 48 91 -1 23 61 -1 -2
17 76 94 -1 53 -1 2 45 56 93 -1 -2
9 -1 17 23 47 51 -1 50 51 58 74 -1 -2
35 51 86 -1 18 82 -1 40 79 -1 -2
32 73 93 96 -1 15 38 44 -1 29 61 88 -1 -2
29 93 -1 33 67 83 -1 5 26 79 -1 -2
22 65 72 -1 42 48 86 -1 1 64 -1 -2
8 33 37 48 -1 12 -1 67 -1 -2
4 41 45 98 -1 51 -1 89 -1 -2
3 13 14 -1 24 43 -1 6 69 -1 -2
35 53 76 -1 75 77 -1 27 42 -1 -2
2 34 41 -1 22 34 50 98 -1 71 91 99 -1 -2
28 -1 5 69 -1 43 77 -1 -2
19 37 43 94 -1 2 73 95 -1 89 -1 -2
86 -1 73 80 88 -1 7 75 -1 -2
82 84 88 -1 90 -1 58 97 98 100 -1 -2
79 86 -1 17 61 87 -1 52 -1 -2
47 81 -1 9 18 -1 83 91 -1 -2
95 -1 67 88 -1 4 29 48 100 -1 -2
65 80 -1 38 -1 24 89 -1 -2
66 -1 46 59 67 -1 3 11 17 -1 -2
12 21 48 -1 1 19 25 42 -1 4 28 31 41 -1 -2
34 -1 16 24 -1 12 14 26 30 -1 -2
60 77 100 -1 5 11 19 -1 57 -1 -2
29 44 51 -1 34 43 90 -1 3 40 42 99 -1 -2
85 -1 40 71 76 90 -1 31 56 -1 -2
16 47 95 -1 97 99 -1 84 -1 -2
75 -1 35 49 87 90 -1 6 46 -1 -2
11 43 59 -1 39 61 83 95 -1 10 43 -1 -2
60 -1 87 -1 2 71 -1 -2
11 63 72 -1 56 74 94 98 -1 31 43 91 -1 -2
76 -1 5 74 94 -1 57 -1 -2
60 70 85 -1 37 -1 24 53 -1 -2
87 -1 33 36 49 64 -1 8 59 80 95 -1 -2
54 71 -1 63 74 80 -1 23 68 76 -1 -2
3 10 37 -1 40 -1 1 65 -1 -2
97 -1 79 97 -1 23 34 60 -1 -2
77 98 -1 23 89 -1 16 18 75 89 -1 -2
38 69 -1 4 75 -1 32 37 44 -1 -2
5 93 95 -1 45 -1 17 -1 -2
7 44 81 84 -1 27 98 -1 25 59 96 -1 -2
10 31 51 52 -1 6 -1 61 99 -1 -2
65 76 80 -1 5 47 51 -1 73 94 -1 -2
8 38 -1 5 26 71 -1 9 26 44 -1 -2
28 29 -1 21 69 75 97 -1 5 84 -1 -2
65 91 94 -1 35 -1 57 -1 -2
82 84 91 -1 12 46 73 83 -1 21 32 50 86 -1 -2
61 -1 2 12 68 75 -1 41 68 84 -1 -2
17 22 34 42 -1 12 76 78 97 -1 58 60 94 -1 -2
1 -1 80 84 98 -1 34 66 78 -1 -2
3 35 -1 13 43 98 -1 23 39 93 -1 -2
10 62 64 -1 93 -1 61 -1 -2
12 86 99 -1 40 41 48 -1 35 56 74 -1 -2
5 9 79 -1 60 66 90 -1 2 35 53 -1 -2
6 33 88 -1 5 93 -1 7 21 42 72 -1 -2
66 92 -1 33 66 76 82 -1 62 70 77 100 -1 -2
19 26 51 86 -1 51 -1 2 20 -1 -2
35 39 60 91 -1 48 55 74 -1 8 55 85 -1 -2
32 43 53 64 -1 58 60 66 74 -1 8 18 35 75 -1 -2
16 -1 1 -1 8 38 81 96 -1 -2
35 -1 14 29 -1 2 19 37 -1 -2
34 40 -1 72 84 -1 42 -1 -2
42 64 -1 47 58 74 -1 15 20 68 97 -1 -2
9 -1 1 81 -1 51 53 -1 -2
76 77 -1 82 -1 42 95 -1 -2
2 40 57 93 -1 15 25 66 75 -1 58 73 83 100 -1 -2
11 88 -1 41 45 86 87 -1 45 -1 -2
85 97 -1 74 -1 2 12 27 39 -1 -2
95 -1 47 -1 3 46 63 -1 -2
28 48 56 -1 33 35 42 -1 15 55 62 -1 -2
2 13 -1 3 27 46 -1 73 93 -1 -2
24 34 62 -1 23 -1 4 10 72 82 -1 -2
55 74 -1 20 21 -1 10 58 100 -1 -2
27 31 87 93 -1 99 -1 2 31 58 61 -1 -2
45 92 -1 15 36 48 87 -1 71 75 97 -1 -2
58 -1 1 61 -1 53 -1 -2
12 96 -1 40 60 -1 20 21 -1 -2
60 76 77 -1 19 48 53 -1 35 91 -1 -2
14 30 -1 54 -1 79 80 88 -1 -2
6 28 -1 40 44 -1 37 -1 -2
44 67 82 -1 22 45 80 -1 16 84 87 -1 -2
93 -1 28 39 66 -1 1 2 61 -1 -2
7 66 78 -1 27 79 -1 64 81 100 -1 -2
14 91 -1 34 53 62 82 -1 8 36 38 49 -1 -2
19 60 65 71 -1 3 10 86 -1 35 49 -1 -2
3 33 65 95 -1 12 33 35 69 -1 78 93 -1 -2
25 43 64 -1 39 -1 77 -1 -2
26 60 -1 20 24 64 -1 69 -1 -2
80 -1 1 48 77 82 -1 35 -1 -2
82 -1 15 29 -1 12 60 67 -1 -2
7 86 94 -1 11 70 90 -1 57 90 -1 -2
14 47 63 -1 31 43 -1 23 49 100 -1 -2
52 -1 25 59 -1 14 27 35 75 -1 -2
54 75 -1 41 67 -1 28 51 -1 -2
35 -1 16 89 -1 69 -1 -2
36 -1 26 30 40 74 -1 34 -1 -2
6 33 52 -1 17 98 -1 99 -1 -2
32 83 95 96 -1 19 59 -1 27 55 -1 -2
44 98 -1 81 91 -1 69 -1 -2
28 38 61 94 -1 57 -1 37 70 -1 -2
20 27 29 40 -1 63 77 -1 38 60 -1 -2
40 44 68 95 -1 95 -1 23 61 -1 -2
2 29 92 97 -1 50 56 -1 38 40 -1 -2
13 32 83 100 -1 2 32 -1 34 39 -1 -2
41 53 79 87 -1 34 39 65 97 -1 10 -1 -2
72 73 84 -1 4 7 54 87 -1 9 54 75 -1 -2
97 -1 14 33 63 -1 21 50 -1 -2
6 10 33 58 -1 4 27 92 97 -1 28 60 62 84 -1 -2
95 -1 10 75 89 100 -1 39 54 -1 -2
45 -1 48 -1 44 47 -1 -2
64 -1 36 69 85 -1 7 19 -1 -2
12 26 62 98 -1 3 6 30 34 -1 2 3 14 37 -1 -2
19 97 -1 1 2 19 47 -1 77 -1 -2
19 -1 33 45 -1 21 58 -1 -2
33 51 63 71 -1 40 76 -1 19 93 -1 -2
62 -1 1 11 41 95 -1 17 31 77 -1 -2
3 38 -1 4 49 81 -1 70 -1 -2
11 52 69 -1 3 42 79 92 -1 19 51 88 -1 -2
11 67 99 -1 42 72 99 -1 1 44 53 63 -1 -2
5 24 38 65 -1 49 -1 33 52 -1 -2
18 22 43 99 -1 35 -1 32 52 -1 -2
19 50 100 -1 99 -1 2 93 -1 -2
57 93 -1 12 61 -1 22 50 52 72 -1 -2
18 -1 52 -1 38 94 -1 -2
21 77 -1 39 73 94 -1 62 -1 -2
40 71 -1 55 -1 97 -1 -2
14 21 42 54 -1 15 66 77 -1 38 85 -1 -2
77 -1 61 96 98 -1 21 65 67 91 -1 -2
45 69 93 -1 88 -1 26 54 -1 -2
56 -1 6 83 -1 36 45 -1 -2
88 94 -1 53 80 -1 51 55 -1 -2
12 42 88 -1 9 81 87 -1 40 84 -1 -2
54 -1 16 29 38 66 -1 38 60 68 87 -1 -2
45 -1 5 -1 32 -1 -2
29 -1 10 29 33 34 -1 44 -1 -2
4 37 88 -1 4 21 -1 11 23 26 75 -1 -2
83 -1 15 26 73 78 -1 88 93 99 -1 -2
27 -1 6 24 51 52 -1 12 23 88 93 -1 -2
3 21 -1 92 -1 27 55 56 -1 -2
54 66 93 97 -1 33 60 -1 61 74 82 -1 -2
20 71 -1 37 69 86 -1 24 97 -1 -2
17 43 -1 50 76 -1 20 37 83 94 -1 -2
50 98 -1 13 36 95 -1 31 82 85 -1 -2
44 55 74 85 -1 60 88 -1 9 23 58 85 -1 -2
46 90 -1 44 -1 47 57 -1 -2
71 -1 12 -1 64 -1 -2
94 98 -1 9 18 24 44 -1 18 22 -1 -2
6 56 -1 30 -1 13 23 36 68 -1 -2
35 -1 2 53 55 62 -1 30 62 66 -1 -2
23 27 37 59 -1 1 38 69 -1 64 67 92 -1 -2
40 84 -1 62 81 -1 67 -1 -2
49 61 90 -1 3 39 61 74 -1 57 91 100 -1 -2
52 92 -1 20 -1 70 86 -1 -2
18 83 -1 15 57 87 -1 51 -1 -2
45 54 63 73 -1 29 51 -1 18 69 88 -1 -2
40 42 96 -1 28 -1 54 -1 -2
31 62 -1 39 -1 29 33 37 52 -1 -2
48 58 -1 13 63 -1 66 -1 -2
15 32 39 -1 34 -1 90 -1 -2
85 -1 66 -1 7 23 -1 -2
26 71 -1 17 37 51 89 -1 3 12 35 97 -1 -2
8 33 48 100 -1 31 92 -1 14 -1 -2
