2 8 10 -1 9 12 -1 12 -1 -2
4 -1 7 8 9 12 -1 4 8 -1 -2
3 -1 3 6 -1 4 -1 -2
1 -1 1 16 -1 1 6 13 -1 -2
4 9 15 -1 5 6 11 14 -1 6 12 14 15 -1 -2
8 -1 4 7 8 16 -1 1 -1 -2
7 9 11 -1 11 -1 1 11 -1 -2
13 15 -1 7 10 12 13 -1 1 2 5 -1 -2
13 -1 10 -1 1 3 4 13 -1 -2
1 2 11 14 -1 1 3 -1 6 7 11 13 -1 -2
7 12 15 -1 5 10 14 15 -1 2 7 9 -1 -2
7 10 16 -1 12 -1 3 8 11 -1 -2
3 7 13 16 -1 1 4 12 14 -1 2 4 7 13 -1 -2
5 -1 2 5 6 16 -1 9 11 13 -1 -2
5 12 15 16 -1 3 -1 5 7 -1 -2
7 12 14 -1 1 3 -1 2 4 -1 -2
2 -1 5 9 10 -1 12 -1 -2
8 10 16 -1 9 14 -1 12 -1 -2
8 -1 5 -1 3 6 8 13 -1 -2
8 11 12 -1 1 3 4 12 -1 2 -1 -2
3 4 9 11 -1 5 7 12 13 -1 15 -1 -2
6 7 13 14 -1 9 -1 11 -1 -2
3 5 8 11 -1 9 11 12 14 -1 3 10 12 -1 -2
1 3 14 -1 8 -1 1 5 9 14 -1 -2
4 -1 2 3 11 -1 10 12 15 16 -1 -2
6 11 -1 3 5 10 14 -1 3 -1 -2
7 -1 13 -1 1 -1 -2
12 13 -1 6 8 13 14 -1 5 6 -1 -2
5 15 16 -1 1 15 16 -1 3 5 6 11 -1 -2
4 9 -1 4 5 8 -1 1 5 12 14 -1 -2
7 13 -1 14 -1 8 -1 -2
6 13 15 -1 12 14 15 -1 5 6 10 15 -1 -2
6 12 16 -1 1 4 12 15 -1 5 -1 -2
9 10 15 -1 7 10 -1 3 8 -1 -2
2 5 -1 7 14 -1 1 4 6 13 -1 -2
1 9 13 -1 4 -1 5 -1 -2
15 -1 10 -1 1 15 -1 -2
4 9 14 -1 4 -1 5 7 16 -1 -2
6 16 -1 2 -1 1 2 5 7 -1 -2
6 9 14 -1 1 12 13 14 -1 5 6 8 -1 -2
3 -1 3 11 15 -1 1 3 8 -1 -2
1 10 -1 5 13 -1 14 -1 -2
8 10 12 13 -1 3 5 10 15 -1 5 6 15 -1 -2
3 -1 6 7 8 11 -1 11 -1 -2
5 -1 1 -1 11 -1 -2
5 -1 7 9 11 16 -1 5 12 14 16 -1 -2
3 7 8 9 -1 15 -1 2 10 16 -1 -2
5 7 14 -1 1 15 -1 8 9 -1 -2
3 -1 11 14 -1 4 -1 -2
3 7 9 13 -1 1 13 -1 2 -1 -2
5 8 -1 12 -1 7 8 14 15 -1 -2
4 9 11 -1 14 -1 6 11 13 -1 -2
10 -1 1 6 -1 3 8 10 -1 -2
4 8 15 16 -1 1 8 10 13 -1 6 16 -1 -2
3 9 11 15 -1 7 9 14 15 -1 12 -1 -2
1 6 9 14 -1 3 14 15 -1 1 15 -1 -2
6 11 13 -1 5 -1 4 -1 -2
7 -1 4 8 -1 7 10 13 16 -1 -2
2 8 9 10 -1 3 9 -1 2 5 7 9 -1 -2
4 13 -1 12 -1 2 12 15 -1 -2
8 9 -1 2 12 -1 7 -1 -2
2 15 -1 3 6 7 -1 7 12 15 -1 -2
3 12 16 -1 1 4 15 -1 1 3 4 5 -1 -2
10 14 16 -1 15 -1 6 8 -1 -2
1 3 9 -1 1 6 15 -1 1 2 9 16 -1 -2
1 10 16 -1 7 -1 14 -1 -2
15 -1 9 11 15 -1 16 -1 -2
2 8 9 13 -1 2 6 13 -1 5 12 -1 -2
9 12 14 15 -1 2 -1 8 12 -1 -2
2 11 -1 9 16 -1 6 11 15 -1 -2
8 -1 9 -1 2 6 10 -1 -2
6 7 13 -1 4 -1 2 5 9 13 -1 -2
1 14 -1 4 -1 4 5 -1 -2
2 6 7 12 -1 1 11 12 -1 6 14 -1 -2
2 6 9 14 -1 6 9 -1 2 3 4 13 -1 -2
1 11 13 15 -1 1 12 13 16 -1 1 5 12 -1 -2
4 6 12 14 -1 7 15 -1 2 8 -1 -2
5 13 14 -1 10 14 -1 12 15 -1 -2
2 5 13 -1 2 8 -1 5 8 9 -1 -2
1 5 7 -1 1 4 9 14 -1 7 -1 -2
3 6 8 12 -1 4 6 9 13 -1 14 -1 -2
3 9 10 12 -1 4 8 -1 5 8 10 -1 -2
6 8 14 -1 2 -1 8 10 -1 -2
9 14 16 -1 5 8 10 -1 1 7 -1 -2
2 11 15 -1 7 8 9 11 -1 1 3 10 -1 -2
2 15 16 -1 1 -1 3 5 9 14 -1 -2
15 -1 4 15 -1 7 9 -1 -2
6 -1 4 15 16 -1 1 5 10 -1 -2
3 -1 1 2 6 7 -1 6 10 13 14 -1 -2
3 7 11 -1 3 7 11 15 -1 9 -1 -2
14 15 -1 15 -1 1 2 5 -1 -2
11 15 -1 15 -1 15 -1 -2
1 7 10 -1 2 11 14 -1 15 16 -1 -2
2 11 -1 14 -1 2 7 10 -1 -2
1 13 15 -1 16 -1 2 4 6 -1 -2
5 8 11 -1 4 -1 7 -1 -2
2 7 -1 11 -1 4 15 -1 -2
13 -1 2 3 4 -1 3 -1 -2
6 9 -1 7 11 14 -1 2 4 6 14 -1 -2
10 13 14 -1 2 -1 3 -1 -2
1 3 4 14 -1 3 14 16 -1 4 7 8 12 -1 -2
4 16 -1 4 6 -1 11 -1 -2
6 7 12 -1 2 13 14 -1 6 10 11 16 -1 -2
5 12 14 -1 2 -1 9 12 -1 -2
1 4 16 -1 3 4 9 -1 11 -1 -2
6 11 -1 2 9 -1 3 9 12 -1 -2
4 5 6 16 -1 2 5 7 -1 4 11 12 -1 -2
2 3 4 -1 2 4 5 9 -1 2 7 14 -1 -2
15 -1 9 -1 11 -1 -2
7 8 10 16 -1 15 -1 10 13 16 -1 -2
10 -1 2 6 10 -1 2 8 13 -1 -2
11 -1 7 11 15 -1 2 13 16 -1 -2
3 7 15 -1 7 9 14 -1 10 -1 -2
11 -1 11 -1 3 11 -1 -2
4 -1 4 15 -1 6 11 -1 -2
1 -1 2 13 -1 1 9 11 -1 -2
2 13 14 -1 9 11 -1 16 -1 -2
5 15 -1 12 14 -1 9 -1 -2
6 9 13 -1 5 13 -1 1 10 13 -1 -2
3 11 -1 8 -1 4 15 -1 -2
2 9 13 14 -1 13 -1 4 14 16 -1 -2
5 8 -1 4 6 -1 6 13 15 -1 -2
2 6 10 -1 4 7 13 16 -1 3 -1 -2
1 2 13 16 -1 1 11 13 -1 7 8 -1 -2
2 7 12 -1 3 12 16 -1 1 -1 -2
4 5 7 13 -1 7 12 -1 8 12 14 16 -1 -2
1 11 12 15 -1 14 16 -1 2 4 12 15 -1 -2
3 6 8 9 -1 9 11 -1 4 12 -1 -2
5 7 13 16 -1 8 11 14 -1 5 7 15 -1 -2
3 12 13 16 -1 3 6 10 11 -1 7 11 12 -1 -2
3 13 -1 5 7 13 -1 12 15 -1 -2
5 -1 4 12 -1 2 6 8 -1 -2
5 14 15 -1 10 -1 4 5 6 10 -1 -2
10 -1 12 16 -1 2 11 15 -1 -2
3 -1 3 8 14 -1 6 10 15 -1 -2
10 14 16 -1 13 -1 14 -1 -2
5 12 -1 1 6 11 -1 5 6 12 -1 -2
1 9 14 16 -1 7 10 -1 10 11 14 -1 -2
12 -1 2 8 16 -1 2 9 11 15 -1 -2
1 5 -1 16 -1 3 6 11 -1 -2
3 10 13 15 -1 4 7 11 -1 12 -1 -2
1 8 -1 5 10 -1 6 12 13 -1 -2
16 -1 1 3 4 -1 16 -1 -2
14 -1 2 4 10 13 -1 3 5 14 -1 -2
2 6 9 15 -1 8 12 -1 8 11 -1 -2
2 3 6 10 -1 9 -1 6 9 10 -1 -2
2 11 16 -1 7 13 -1 4 7 8 14 -1 -2
4 9 10 13 -1 4 7 12 16 -1 13 -1 -2
13 15 -1 7 16 -1 4 14 -1 -2
5 6 11 -1 3 8 16 -1 7 8 16 -1 -2
8 9 13 16 -1 7 -1 3 8 9 -1 -2
6 -1 6 9 12 -1 11 -1 -2
5 9 -1 15 -1 15 -1 -2
1 4 -1 2 13 16 -1 10 -1 -2
2 9 -1 1 4 8 9 -1 8 -1 -2
4 -1 1 4 7 11 -1 2 6 8 11 -1 -2
6 12 -1 6 7 13 15 -1 2 11 13 -1 -2
2 8 12 -1 8 -1 4 10 -1 -2
2 5 12 13 -1 8 10 -1 9 10 -1 -2
6 9 14 -1 1 4 -1 2 5 10 12 -1 -2
3 -1 1 7 12 -1 13 -1 -2
14 -1 3 5 -1 4 6 10 12 -1 -2
2 6 -1 9 14 16 -1 3 4 -1 -2
3 15 -1 1 2 6 7 -1 1 5 13 -1 -2
1 6 -1 13 -1 13 -1 -2
2 8 11 -1 1 -1 2 6 14 -1 -2
3 4 -1 2 11 12 16 -1 2 7 15 -1 -2
5 11 13 -1 8 -1 1 9 13 -1 -2
8 -1 9 10 -1 1 5 12 -1 -2
1 15 -1 3 9 -1 2 7 8 9 -1 -2
7 9 11 13 -1 1 -1 14 16 -1 -2
1 6 10 -1 3 4 -1 6 -1 -2
9 11 14 -1 7 14 -1 5 -1 -2
4 6 14 16 -1 3 9 10 -1 3 4 14 16 -1 -2
3 8 15 16 -1 2 4 7 14 -1 7 9 -1 -2
5 6 12 16 -1 5 7 8 12 -1 5 -1 -2
5 -1 2 9 12 -1 3 -1 -2
2 3 8 15 -1 1 3 -1 3 6 -1 -2
5 -1 3 8 -1 12 13 16 -1 -2
3 4 8 9 -1 5 9 10 11 -1 1 8 9 -1 -2
1 4 -1 5 14 -1 10 -1 -2
12 -1 10 -1 1 7 -1 -2
10 -1 5 15 -1 6 9 -1 -2
13 15 16 -1 13 15 -1 4 15 -1 -2
4 10 -1 9 -1 10 -1 -2
1 8 13 -1 9 15 -1 3 8 -1 -2
8 9 15 16 -1 1 10 -1 1 2 15 -1 -2
4 7 13 15 -1 1 10 15 -1 15 16 -1 -2
3 5 8 -1 5 16 -1 4 7 8 -1 -2
6 11 -1 7 8 9 13 -1 1 5 6 16 -1 -2
3 5 11 14 -1 1 4 6 10 -1 13 14 16 -1 -2
5 9 15 16 -1 3 9 11 -1 2 5 8 -1 -2
3 12 13 -1 2 4 -1 2 -1 -2
2 6 9 10 -1 3 9 15 16 -1 1 2 4 10 -1 -2
6 16 -1 5 6 12 -1 5 6 14 -1 -2
6 13 15 -1 10 12 15 -1 3 5 -1 -2
3 -1 6 -1 5 7 8 -1 -2
9 11 14 -1 6 7 -1 1 6 7 16 -1 -2
1 11 -1 14 -1 11 16 -1 -2
11 -1 4 9 10 13 -1 8 11 14 -1 -2
3 5 15 -1 4 9 11 -1 2 -1 -2
7 8 10 14 -1 2 13 -1 1 10 12 -1 -2
5 -1 9 13 15 16 -1 4 5 7 11 -1 -2
2 7 9 -1 10 15 16 -1 11 13 -1 -2
1 16 -1 1 5 14 16 -1 5 10 11 16 -1 -2
12 -1 14 -1 7 10 11 15 -1 -2
7 8 10 -1 3 7 -1 6 8 9 10 -1 -2
1 2 3 12 -1 1 9 11 15 -1 12 15 -1 -2
2 12 14 -1 4 9 12 15 -1 8 -1 -2
12 13 15 -1 9 12 -1 1 8 -1 -2
4 8 9 11 -1 1 6 10 14 -1 2 3 4 -1 -2
2 3 4 11 -1 3 6 7 -1 3 7 9 12 -1 -2
6 -1 2 11 12 16 -1 5 -1 -2
8 11 -1 10 14 16 -1 1 6 9 -1 -2
9 12 14 -1 2 5 7 14 -1 1 16 -1 -2
5 9 13 14 -1 1 4 6 11 -1 7 8 -1 -2
2 4 6 7 -1 1 8 10 11 -1 1 4 -1 -2
2 3 6 -1 8 9 10 -1 3 8 -1 -2
3 -1 1 5 10 -1 2 15 -1 -2
8 13 14 15 -1 10 11 15 16 -1 4 8 13 14 -1 -2
12 -1 15 -1 1 5 12 14 -1 -2
7 10 12 15 -1 4 -1 4 11 -1 -2
13 -1 1 5 6 14 -1 5 10 14 -1 -2
1 8 -1 8 -1 16 -1 -2
10 16 -1 2 6 14 16 -1 6 7 8 13 -1 -2
5 10 11 12 -1 7 -1 8 9 15 -1 -2
4 8 -1 7 16 -1 2 4 12 15 -1 -2
6 -1 5 7 8 16 -1 2 14 -1 -2
11 -1 3 7 15 -1 5 -1 -2
14 -1 1 4 6 10 -1 1 6 12 16 -1 -2
12 -1 5 6 15 -1 9 -1 -2
1 16 -1 9 10 15 -1 1 5 -1 -2
4 6 9 12 -1 1 6 11 13 -1 2 -1 -2
11 16 -1 7 8 9 10 -1 7 -1 -2
16 -1 6 -1 4 14 -1 -2
2 14 -1 3 9 10 15 -1 2 11 16 -1 -2
1 12 15 -1 7 14 16 -1 1 11 15 -1 -2
5 12 -1 1 8 -1 2 11 15 -1 -2
10 11 16 -1 1 16 -1 2 -1 -2
8 -1 6 -1 16 -1 -2
2 -1 1 -1 2 10 12 14 -1 -2
12 -1 2 -1 5 9 -1 -2
10 11 12 -1 7 9 10 15 -1 11 12 -1 -2
4 6 12 -1 1 15 -1 4 12 -1 -2
4 5 13 14 -1 11 -1 1 16 -1 -2
14 -1 4 7 10 -1 5 -1 -2
2 5 7 -1 6 -1 11 13 14 16 -1 -2
7 10 16 -1 6 11 13 14 -1 9 -1 -2
7 -1 3 8 9 -1 5 7 12 -1 -2
10 13 14 16 -1 4 15 -1 1 -1 -2
4 11 -1 3 -1 14 16 -1 -2
5 7 14 -1 8 13 -1 5 10 12 -1 -2
2 13 -1 6 7 10 16 -1 13 -1 -2
1 6 13 15 -1 16 -1 1 7 -1 -2
3 12 13 16 -1 8 15 16 -1 10 11 15 -1 -2
14 -1 10 -1 14 -1 -2
2 8 11 14 -1 1 10 11 -1 6 7 12 13 -1 -2
3 9 13 -1 2 5 12 14 -1 7 8 10 -1 -2
6 -1 5 7 -1 7 10 12 -1 -2
1 10 15 -1 12 15 -1 14 -1 -2
1 14 15 -1 2 3 12 -1 11 -1 -2
4 -1 5 -1 5 -1 -2
3 10 15 -1 6 10 -1 2 6 14 15 -1 -2
11 16 -1 6 11 12 15 -1 2 4 -1 -2
5 8 -1 2 4 7 13 -1 6 7 -1 -2
4 7 16 -1 1 4 5 -1 10 12 15 -1 -2
2 12 -1 13 -1 2 -1 -2
4 6 10 -1 11 12 15 -1 2 10 14 16 -1 -2
1 5 6 -1 2 3 5 -1 1 3 5 8 -1 -2
4 7 -1 9 -1 5 14 -1 -2
5 -1 7 9 11 -1 1 8 15 -1 -2
4 -1 7 8 13 -1 6 -1 -2
12 -1 4 13 -1 3 6 10 14 -1 -2
3 8 13 15 -1 2 14 -1 15 -1 -2
1 6 -1 11 13 -1 4 8 15 -1 -2
3 8 10 -1 7 11 14 16 -1 5 16 -1 -2
4 12 14 -1 11 13 14 16 -1 14 -1 -2
1 3 4 10 -1 1 6 12 15 -1 5 6 11 12 -1 -2
3 -1 4 11 13 15 -1 16 -1 -2
11 -1 9 -1 3 7 10 -1 -2
10 -1 4 7 13 16 -1 13 -1 -2
6 8 -1 1 4 6 -1 9 10 12 -1 -2
2 9 14 16 -1 4 11 16 -1 11 13 -1 -2
16 -1 5 7 9 -1 1 8 12 -1 -2
2 10 16 -1 7 -1 6 11 13 -1 -2
1 2 3 5 -1 2 4 10 13 -1 4 10 11 13 -1 -2
15 -1 5 7 13 14 -1 16 -1 -2
5 6 8 10 -1 4 10 16 -1 8 10 -1 -2
7 -1 5 14 -1 5 9 15 -1 -2
3 9 10 16 -1 1 9 12 16 -1 5 13 -1 -2
4 -1 10 14 -1 2 8 14 -1 -2
5 14 -1 1 6 -1 6 8 -1 -2
2 9 13 -1 14 -1 2 6 -1 -2
7 11 12 15 -1 3 5 7 14 -1 3 5 12 -1 -2
7 -1 2 7 9 15 -1 3 8 11 -1 -2
8 9 11 -1 11 -1 9 11 12 13 -1 -2
2 6 9 12 -1 1 -1 4 7 12 16 -1 -2
11 12 14 -1 1 15 -1 2 13 14 -1 -2
8 -1 10 -1 7 14 -1 -2
16 -1 7 13 -1 4 -1 -2
4 13 15 -1 4 5 -1 6 16 -1 -2
6 -1 6 13 -1 14 16 -1 -2
4 6 13 15 -1 2 11 16 -1 3 4 7 8 -1 -2
5 13 15 16 -1 1 4 12 -1 10 14 -1 -2
1 9 -1 14 -1 1 3 6 11 -1 -2
4 6 12 -1 11 -1 2 3 4 8 -1 -2
2 3 9 11 -1 8 -1 4 5 13 -1 -2
4 5 7 12 -1 1 3 12 -1 10 -1 -2
4 13 -1 9 -1 8 13 16 -1 -2
8 10 12 14 -1 4 8 12 14 -1 3 6 -1 -2
2 -1 12 -1 1 -1 -2
4 -1 1 7 15 -1 2 13 -1 -2
3 15 -1 13 -1 15 -1 -2
9 15 -1 7 9 -1 1 -1 -2
1 2 7 14 -1 7 -1 1 -1 -2
15 -1 1 12 -1 11 14 16 -1 -2
16 -1 2 7 -1 5 7 12 -1 -2
8 14 -1 13 -1 7 -1 -2
3 10 -1 4 10 12 14 -1 16 -1 -2
3 7 11 -1 1 9 14 -1 4 5 14 -1 -2
4 5 7 11 -1 2 5 8 12 -1 5 -1 -2
8 -1 2 4 9 10 -1 3 9 11 16 -1 -2
1 9 16 -1 2 6 7 8 -1 1 11 14 15 -1 -2
4 10 -1 13 16 -1 3 11 12 -1 -2
13 -1 11 13 -1 1 12 -1 -2
7 -1 7 10 11 -1 1 10 12 -1 -2
2 4 5 -1 15 -1 3 10 12 13 -1 -2
1 5 -1 6 -1 14 -1 -2
11 12 -1 1 4 11 13 -1 12 -1 -2
1 3 7 12 -1 8 12 15 -1 1 5 16 -1 -2
1 6 7 -1 11 -1 3 4 11 16 -1 -2
13 16 -1 1 2 4 -1 5 12 13 -1 -2
12 13 -1 9 -1 3 6 9 13 -1 -2
1 11 -1 2 -1 4 7 12 -1 -2
8 13 -1 1 9 -1 4 10 11 -1 -2
5 8 11 16 -1 2 4 7 14 -1 11 13 -1 -2
4 6 12 -1 6 -1 1 6 -1 -2
11 12 13 -1 8 9 13 -1 2 5 16 -1 -2
4 14 15 -1 7 8 15 -1 8 11 -1 -2
2 6 13 -1 10 -1 3 5 8 10 -1 -2
1 3 7 13 -1 6 -1 2 15 -1 -2
8 12 15 -1 2 6 9 16 -1 2 4 7 -1 -2
5 7 9 10 -1 2 13 -1 4 16 -1 -2
2 8 14 -1 8 9 -1 9 14 -1 -2
7 11 14 -1 3 13 15 -1 4 14 -1 -2
4 -1 6 11 12 14 -1 7 10 11 13 -1 -2
16 -1 9 -1 8 11 15 -1 -2
2 8 13 -1 2 5 10 16 -1 4 15 16 -1 -2
5 -1 9 14 16 -1 9 10 12 -1 -2
6 11 13 -1 9 11 -1 10 11 12 -1 -2
1 5 -1 1 14 -1 1 5 11 12 -1 -2
1 3 6 13 -1 1 2 11 15 -1 7 8 15 16 -1 -2
3 4 9 12 -1 1 2 10 -1 8 12 13 -1 -2
2 4 5 -1 2 -1 1 -1 -2
8 15 -1 10 12 14 16 -1 6 11 14 15 -1 -2
5 12 16 -1 2 -1 8 -1 -2
2 3 5 -1 1 13 16 -1 10 14 -1 -2
5 11 -1 12 -1 2 -1 -2
3 6 10 -1 4 6 11 16 -1 3 14 -1 -2
5 8 -1 1 4 7 -1 1 2 3 7 -1 -2
3 4 -1 5 9 -1 2 -1 -2
1 3 11 13 -1 6 11 14 -1 4 5 15 -1 -2
1 -1 5 7 14 15 -1 7 -1 -2
8 10 14 15 -1 1 5 11 14 -1 12 -1 -2
15 -1 6 9 15 -1 4 -1 -2
3 6 16 -1 8 16 -1 6 7 10 -1 -2
5 -1 5 -1 2 9 12 14 -1 -2
3 16 -1 2 10 -1 7 15 -1 -2
4 6 9 15 -1 8 -1 1 6 11 16 -1 -2
7 8 -1 2 -1 4 13 -1 -2
3 12 14 -1 3 7 10 -1 3 11 15 -1 -2
9 14 -1 2 7 -1 4 7 -1 -2
1 3 8 11 -1 3 12 -1 2 9 -1 -2
3 9 12 -1 10 12 -1 2 8 14 -1 -2
5 6 13 -1 1 9 13 15 -1 5 10 15 16 -1 -2
12 -1 2 -1 4 13 16 -1 -2
1 5 7 12 -1 2 4 8 14 -1 5 7 -1 -2
1 11 15 -1 2 4 -1 3 14 -1 -2
6 16 -1 4 6 12 16 -1 4 10 12 15 -1 -2
3 12 14 15 -1 3 5 11 -1 16 -1 -2
2 9 10 -1 4 -1 3 -1 -2
14 -1 1 3 12 13 -1 16 -1 -2
2 5 15 -1 2 7 8 -1 14 -1 -2
5 8 14 15 -1 9 12 13 16 -1 7 11 -1 -2
10 13 15 -1 3 8 10 -1 13 16 -1 -2
4 6 8 -1 1 6 12 -1 3 13 -1 -2
10 -1 2 10 -1 3 5 -1 -2
14 -1 10 -1 3 6 7 16 -1 -2
13 -1 4 9 10 13 -1 7 -1 -2
7 13 -1 13 -1 5 12 -1 -2
10 12 -1 15 -1 2 -1 -2
16 -1 5 9 14 -1 2 10 16 -1 -2
2 12 15 -1 2 4 7 11 -1 3 8 10 -1 -2
1 8 12 -1 9 14 -1 5 6 11 16 -1 -2
3 -1 12 -1 5 7 9 -1 -2
3 10 13 16 -1 9 -1 1 4 10 -1 -2
11 14 -1 2 3 5 -1 5 6 8 -1 -2
8 10 -1 8 14 -1 3 -1 -2
5 6 7 8 -1 7 10 12 14 -1 8 -1 -2
5 10 12 -1 6 14 15 -1 10 12 -1 -2
2 16 -1 15 16 -1 2 9 15 -1 -2
2 10 15 -1 2 16 -1 3 5 -1 -2
1 15 16 -1 5 6 -1 5 8 10 -1 -2
1 7 9 -1 2 12 15 16 -1 1 10 16 -1 -2
3 9 -1 7 -1 6 10 -1 -2
3 8 9 16 -1 2 10 -1 3 4 6 16 -1 -2
3 5 6 -1 11 12 16 -1 4 9 15 -1 -2
1 5 7 13 -1 2 11 -1 12 -1 -2
3 9 16 -1 4 -1 4 11 13 15 -1 -2
4 10 -1 9 13 -1 2 7 10 11 -1 -2
12 -1 3 7 -1 6 7 -1 -2
4 9 16 -1 5 7 15 -1 4 -1 -2
1 3 6 9 -1 6 10 12 16 -1 1 2 4 8 -1 -2
5 10 -1 6 7 8 14 -1 6 -1 -2
6 11 -1 1 5 -1 5 -1 -2
4 5 13 15 -1 10 14 -1 1 4 9 13 -1 -2
3 8 9 -1 8 16 -1 14 -1 -2
9 -1 2 6 15 -1 3 15 -1 -2
1 -1 7 -1 5 14 16 -1 -2
3 -1 4 7 13 16 -1 6 7 12 15 -1 -2
4 7 12 -1 2 -1 2 4 -1 -2
10 13 -1 3 4 5 -1 4 10 -1 -2
1 4 5 6 -1 3 6 13 -1 4 5 10 -1 -2
11 -1 4 6 14 16 -1 5 15 16 -1 -2
13 15 -1 1 10 -1 3 4 6 13 -1 -2
7 -1 6 -1 2 11 12 16 -1 -2
6 8 10 13 -1 8 14 15 -1 16 -1 -2
2 7 12 14 -1 3 11 -1 11 -1 -2
15 -1 5 8 -1 5 7 12 13 -1 -2
1 3 5 11 -1 4 9 11 14 -1 6 -1 -2
3 16 -1 2 15 -1 1 3 -1 -2
3 12 13 16 -1 2 3 5 16 -1 4 -1 -2
16 -1 8 9 11 -1 1 -1 -2
5 6 7 -1 9 -1 8 -1 -2
3 5 7 13 -1 1 5 6 11 -1 11 14 -1 -2
2 12 13 -1 11 -1 10 -1 -2
16 -1 12 16 -1 6 14 -1 -2
1 11 -1 1 2 7 -1 3 -1 -2
2 4 9 15 -1 5 -1 2 3 5 9 -1 -2
4 15 -1 1 13 -1 10 14 -1 -2
2 16 -1 14 -1 1 2 9 15 -1 -2
7 16 -1 3 6 8 12 -1 15 -1 -2
1 5 6 10 -1 11 -1 2 7 8 16 -1 -2
11 13 15 -1 11 14 -1 6 -1 -2
5 6 7 9 -1 7 12 13 16 -1 8 9 -1 -2
1 9 12 15 -1 11 -1 4 9 -1 -2
5 8 9 14 -1 10 -1 4 5 14 -1 -2
5 6 8 15 -1 4 6 -1 2 -1 -2
2 6 8 10 -1 6 7 8 10 -1 11 16 -1 -2
4 11 -1 4 5 -1 1 -1 -2
1 5 7 12 -1 3 7 9 10 -1 16 -1 -2
5 15 -1 10 13 15 16 -1 2 8 14 -1 -2
6 8 11 -1 11 -1 6 8 12 -1 -2
2 -1 5 6 8 -1 2 4 13 15 -1 -2
1 7 15 16 -1 3 6 8 15 -1 5 12 13 16 -1 -2
4 9 -1 2 4 10 13 -1 3 9 11 12 -1 -2
6 13 15 -1 5 15 -1 3 10 11 -1 -2
10 11 -1 3 -1 1 -1 -2
4 -1 8 -1 3 11 16 -1 -2
2 7 14 15 -1 5 6 7 15 -1 5 10 13 -1 -2
6 12 14 -1 6 8 16 -1 1 7 -1 -2
4 8 9 12 -1 3 11 -1 11 12 -1 -2
10 -1 14 15 -1 8 16 -1 -2
3 7 12 -1 8 15 16 -1 4 -1 -2
4 -1 10 12 15 16 -1 9 -1 -2
3 4 5 6 -1 1 -1 3 8 -1 -2
5 6 9 15 -1 1 8 15 -1 3 -1 -2
8 -1 4 8 9 -1 1 7 -1 -2
12 -1 7 9 -1 3 4 6 -1 -2
9 -1 4 -1 5 6 16 -1 -2
2 6 14 -1 2 4 5 10 -1 5 13 -1 -2
6 8 14 -1 7 9 15 16 -1 5 10 13 -1 -2
4 9 10 -1 1 15 -1 4 13 -1 -2
10 13 16 -1 1 3 8 13 -1 3 4 5 6 -1 -2
2 6 -1 2 11 -1 6 -1 -2
6 -1 16 -1 9 -1 -2
8 12 -1 7 -1 16 -1 -2
4 9 11 -1 5 7 12 -1 2 5 7 12 -1 -2
1 9 -1 4 10 16 -1 3 4 11 -1 -2
8 14 -1 10 15 -1 16 -1 -2
15 16 -1 4 -1 1 3 12 16 -1 -2
11 -1 3 12 -1 1 -1 -2
6 7 -1 2 10 14 -1 1 13 -1 -2
5 9 16 -1 2 3 8 14 -1 6 -1 -2
4 8 -1 4 9 10 12 -1 1 3 12 -1 -2
5 7 -1 1 3 11 -1 7 9 13 15 -1 -2
5 11 16 -1 2 11 -1 4 7 10 -1 -2
6 7 14 -1 12 14 16 -1 10 13 14 -1 -2
9 11 13 14 -1 2 12 13 -1 2 3 -1 -2
4 10 15 16 -1 3 12 15 -1 4 9 15 -1 -2
11 12 -1 6 10 -1 4 5 8 10 -1 -2
2 6 8 14 -1 6 14 -1 11 -1 -2
12 13 -1 5 14 -1 3 12 15 16 -1 -2
3 13 15 -1 1 2 6 13 -1 2 5 -1 -2
4 5 13 15 -1 5 9 12 16 -1 3 5 14 -1 -2
3 -1 5 6 15 -1 16 -1 -2
12 16 -1 2 5 6 -1 2 3 15 -1 -2
5 7 8 -1 2 10 12 13 -1 2 11 15 -1 -2
15 -1 3 4 6 7 -1 2 4 -1 -2
14 -1 2 3 6 7 -1 3 6 -1 -2
1 3 9 -1 14 -1 4 6 11 -1 -2
1 9 12 -1 1 6 16 -1 7 16 -1 -2
11 13 -1 14 -1 4 16 -1 -2
7 16 -1 1 15 -1 5 16 -1 -2
4 8 10 -1 7 15 -1 11 -1 -2
4 10 16 -1 10 11 16 -1 1 2 9 -1 -2
14 15 -1 8 10 15 -1 10 12 -1 -2
3 8 14 -1 2 4 6 7 -1 8 12 -1 -2
6 7 8 -1 1 12 13 -1 4 -1 -2
3 13 -1 12 -1 13 -1 -2
8 -1 14 15 -1 5 7 15 -1 -2
3 -1 11 -1 9 14 -1 -2
5 -1 3 12 -1 15 -1 -2
8 13 14 15 -1 3 -1 8 12 15 -1 -2
1 6 8 13 -1 16 -1 2 4 12 13 -1 -2
2 3 -1 6 -1 1 7 -1 -2
8 11 -1 2 8 16 -1 7 8 15 -1 -2
5 13 -1 7 -1 4 -1 -2
10 -1 5 -1 3 16 -1 -2
7 10 11 16 -1 4 6 9 14 -1 12 -1 -2
15 16 -1 5 -1 3 -1 -2
8 12 14 -1 2 9 12 -1 8 10 15 -1 -2
16 -1 3 15 -1 1 3 11 -1 -2
7 -1 1 3 5 10 -1 3 4 14 -1 -2
3 4 8 10 -1 2 16 -1 7 8 15 16 -1 -2
16 -1 3 7 15 -1 3 13 15 -1 -2
8 16 -1 8 10 -1 2 5 8 12 -1 -2
2 5 12 14 -1 7 13 -1 10 -1 -2
11 -1 3 9 -1 15 -1 -2
2 9 16 -1 3 -1 12 14 -1 -2
15 -1 1 -1 5 9 11 12 -1 -2
3 8 13 15 -1 11 13 15 -1 6 9 10 16 -1 -2
6 -1 13 -1 12 -1 -2
16 -1 8 -1 6 14 -1 -2
9 14 15 16 -1 3 6 8 -1 3 16 -1 -2
1 3 -1 7 8 -1 4 5 8 -1 -2
5 10 -1 1 3 5 13 -1 14 -1 -2
4 -1 3 8 -1 12 -1 -2
3 7 9 -1 7 -1 10 12 -1 -2
1 6 7 -1 3 7 10 12 -1 14 -1 -2
7 -1 5 11 12 14 -1 13 15 -1 -2
4 7 10 -1 1 4 8 11 -1 8 14 -1 -2
1 9 -1 3 4 14 -1 5 11 -1 -2
2 -1 3 4 -1 11 -1 -2
2 5 10 12 -1 9 -1 5 12 14 -1 -2
12 -1 9 11 16 -1 2 10 -1 -2
3 7 10 -1 13 16 -1 6 -1 -2
4 10 12 15 -1 16 -1 2 5 8 -1 -2
3 4 8 -1 1 2 9 15 -1 7 9 16 -1 -2
2 10 12 14 -1 10 -1 14 -1 -2
14 15 16 -1 2 3 13 16 -1 12 14 -1 -2
6 -1 12 -1 3 4 9 -1 -2
2 12 -1 2 5 10 16 -1 3 13 -1 -2
4 -1 3 -1 8 13 -1 -2
4 8 12 -1 4 11 12 -1 5 -1 -2
4 10 13 -1 5 -1 7 15 -1 -2
14 16 -1 5 -1 1 4 8 15 -1 -2
12 -1 3 12 -1 3 12 -1 -2
1 4 9 13 -1 2 12 13 -1 6 9 13 14 -1 -2
6 9 12 -1 5 12 16 -1 3 9 11 14 -1 -2
1 2 12 14 -1 8 -1 13 14 16 -1 -2
3 14 -1 1 13 15 -1 1 6 9 10 -1 -2
8 10 13 15 -1 8 12 16 -1 5 9 11 15 -1 -2
13 -1 5 7 10 -1 6 8 9 -1 -2
8 13 -1 4 7 14 -1 6 8 -1 -2
7 10 12 13 -1 1 6 15 -1 4 11 12 13 -1 -2
8 11 15 -1 11 15 -1 1 6 -1 -2
3 9 -1 9 14 -1 3 -1 -2
8 14 -1 2 4 -1 9 -1 -2
6 12 14 -1 2 -1 3 6 -1 -2
6 7 -1 7 13 15 -1 11 12 15 -1 -2
2 11 -1 8 9 -1 11 -1 -2
13 15 16 -1 4 8 12 14 -1 10 14 -1 -2
2 4 13 -1 15 -1 2 5 13 15 -1 -2
10 -1 3 7 -1 8 15 -1 -2
5 7 10 13 -1 7 -1 3 9 10 12 -1 -2
13 -1 7 -1 1 3 4 8 -1 -2
7 8 -1 3 6 13 15 -1 4 9 -1 -2
5 -1 1 3 4 8 -1 10 13 -1 -2
6 9 15 -1 1 4 9 14 -1 3 4 -1 -2
3 4 5 13 -1 13 15 16 -1 2 4 11 -1 -2
2 5 14 -1 7 8 10 14 -1 3 5 10 -1 -2
7 15 -1 3 12 15 16 -1 5 14 -1 -2
12 15 -1 4 -1 14 -1 -2
2 14 -1 6 10 12 -1 4 -1 -2
4 6 16 -1 9 -1 5 7 9 -1 -2
7 9 10 13 -1 4 5 13 -1 3 6 -1 -2
8 -1 1 7 13 14 -1 3 7 11 12 -1 -2
2 9 10 12 -1 10 16 -1 7 11 16 -1 -2
10 -1 6 13 -1 4 5 6 7 -1 -2
4 -1 9 10 -1 1 9 14 15 -1 -2
3 8 9 13 -1 11 -1 1 -1 -2
10 16 -1 12 15 -1 7 12 13 15 -1 -2
2 3 10 14 -1 13 15 -1 6 14 -1 -2
9 13 -1 5 7 8 -1 5 7 14 15 -1 -2
1 3 12 -1 9 13 -1 1 9 14 -1 -2
8 -1 1 9 12 14 -1 5 7 9 15 -1 -2
11 -1 6 9 11 -1 2 -1 -2
1 7 9 11 -1 9 -1 1 5 6 -1 -2
1 -1 7 -1 5 11 15 16 -1 -2
5 7 13 -1 5 15 -1 2 7 8 16 -1 -2
4 6 9 -1 4 13 14 15 -1 6 -1 -2
3 10 11 13 -1 7 15 -1 7 9 12 15 -1 -2
1 2 3 6 -1 3 12 15 -1 6 10 -1 -2
5 6 13 15 -1 1 4 8 12 -1 2 -1 -2
3 13 -1 4 11 12 -1 4 6 7 -1 -2
9 -1 16 -1 8 10 16 -1 -2
1 5 10 11 -1 6 9 11 -1 1 2 9 -1 -2
2 10 11 -1 7 8 12 15 -1 3 4 7 -1 -2
10 -1 2 3 9 -1 5 8 15 -1 -2
4 -1 5 8 13 -1 14 -1 -2
3 7 16 -1 3 11 15 -1 9 13 -1 -2
10 16 -1 4 7 -1 1 2 12 15 -1 -2
5 16 -1 10 -1 2 3 11 16 -1 -2
7 12 14 -1 4 5 6 -1 2 -1 -2
7 12 -1 1 4 6 12 -1 12 14 16 -1 -2
8 10 13 -1 2 4 -1 2 3 8 -1 -2
4 -1 4 15 16 -1 3 7 13 15 -1 -2
6 11 16 -1 8 10 12 -1 2 16 -1 -2
10 11 15 -1 7 8 9 -1 1 4 16 -1 -2
7 12 -1 4 13 -1 5 -1 -2
7 -1 2 5 6 16 -1 4 14 -1 -2
2 8 12 -1 7 10 14 -1 1 4 10 15 -1 -2
4 8 13 -1 4 8 12 14 -1 4 5 -1 -2
6 9 12 -1 7 8 15 -1 7 -1 -2
6 -1 10 -1 3 -1 -2
5 -1 2 3 9 -1 9 10 13 -1 -2
2 10 12 14 -1 2 -1 2 -1 -2
2 16 -1 2 9 12 -1 5 6 -1 -2
2 9 12 -1 3 10 -1 4 12 -1 -2
3 7 -1 5 6 7 9 -1 2 -1 -2
2 -1 4 7 11 13 -1 3 -1 -2
10 -1 8 12 -1 7 9 10 16 -1 -2
5 8 -1 1 -1 16 -1 -2
2 9 -1 15 -1 1 2 -1 -2
3 8 11 13 -1 1 5 -1 7 16 -1 -2
12 14 15 -1 1 2 14 -1 1 4 10 14 -1 -2
11 12 13 -1 11 -1 11 -1 -2
2 14 -1 7 11 -1 2 8 12 -1 -2
2 9 -1 6 9 -1 2 14 -1 -2
10 13 16 -1 16 -1 10 -1 -2
2 8 -1 4 8 11 12 -1 3 4 9 14 -1 -2
4 5 9 -1 3 7 14 16 -1 2 11 12 14 -1 -2
2 8 10 16 -1 7 9 14 -1 9 10 14 16 -1 -2
1 7 14 -1 2 8 10 12 -1 2 4 8 10 -1 -2
5 -1 5 6 -1 6 9 10 -1 -2
11 15 16 -1 5 -1 9 -1 -2
3 7 8 -1 2 5 14 16 -1 3 8 10 13 -1 -2
8 -1 3 4 13 15 -1 14 -1 -2
9 15 -1 9 15 16 -1 4 5 -1 -2
1 -1 4 7 8 12 -1 1 8 10 12 -1 -2
9 16 -1 11 -1 2 -1 -2
9 -1 5 14 -1 9 14 -1 -2
12 -1 9 -1 2 7 10 -1 -2
13 14 -1 2 14 -1 16 -1 -2
3 5 13 16 -1 2 5 -1 2 13 -1 -2
1 3 6 16 -1 9 12 -1 2 11 13 16 -1 -2
3 12 -1 6 11 15 -1 3 9 -1 -2
1 2 10 11 -1 3 13 -1 6 13 14 -1 -2
2 3 7 -1 13 -1 12 14 -1 -2
5 16 -1 2 7 9 12 -1 3 16 -1 -2
10 -1 4 7 -1 4 -1 -2
2 6 9 -1 1 9 10 -1 2 3 6 9 -1 -2
4 12 13 14 -1 4 7 11 13 -1 3 4 -1 -2
4 7 -1 1 5 10 11 -1 1 2 -1 -2
10 -1 1 2 6 7 -1 9 10 11 14 -1 -2
5 6 10 -1 2 9 13 14 -1 10 11 14 -1 -2
2 -1 7 8 16 -1 6 -1 -2
2 7 9 12 -1 2 15 -1 5 16 -1 -2
12 -1 2 13 -1 6 9 13 -1 -2
4 5 14 16 -1 6 8 9 15 -1 1 2 8 -1 -2
11 -1 5 11 13 -1 5 -1 -2
1 2 8 12 -1 1 7 -1 4 7 13 -1 -2
1 3 8 15 -1 4 12 14 -1 8 9 10 15 -1 -2
3 5 -1 6 11 -1 4 8 12 13 -1 -2
7 15 -1 2 4 10 -1 2 3 12 13 -1 -2
5 10 13 16 -1 6 8 16 -1 1 11 -1 -2
5 14 15 16 -1 1 10 11 16 -1 2 16 -1 -2
1 5 13 15 -1 8 15 -1 13 -1 -2
1 5 11 16 -1 1 2 6 12 -1 7 15 -1 -2
12 -1 13 16 -1 4 7 10 -1 -2
5 8 -1 5 15 -1 13 -1 -2
2 7 -1 13 16 -1 5 7 10 14 -1 -2
3 8 13 15 -1 14 -1 11 -1 -2
3 6 14 15 -1 12 -1 4 11 12 15 -1 -2
12 -1 6 9 16 -1 3 7 8 12 -1 -2
1 6 13 15 -1 16 -1 6 7 8 -1 -2
5 6 12 -1 12 -1 3 7 -1 -2
10 -1 9 -1 7 9 14 -1 -2
9 10 15 16 -1 1 2 -1 2 9 13 -1 -2
3 -1 3 8 -1 4 7 -1 -2
2 5 16 -1 4 10 12 -1 6 9 14 -1 -2
2 8 12 -1 3 6 10 14 -1 8 11 12 -1 -2
15 -1 15 -1 5 10 15 -1 -2
4 9 11 -1 4 6 9 14 -1 3 8 -1 -2
4 15 -1 1 7 8 14 -1 12 -1 -2
4 14 -1 5 6 -1 4 16 -1 -2
8 12 -1 7 11 13 16 -1 5 8 12 -1 -2
6 11 14 -1 3 7 -1 8 -1 -2
3 8 -1 3 5 7 -1 12 13 -1 -2
3 8 10 14 -1 2 5 9 -1 6 -1 -2
7 8 -1 1 10 13 14 -1 4 8 -1 -2
1 5 10 -1 4 6 13 14 -1 2 5 7 11 -1 -2
6 13 -1 1 4 -1 8 14 16 -1 -2
3 4 7 -1 4 -1 2 3 5 15 -1 -2
2 -1 1 6 15 16 -1 3 -1 -2
4 -1 3 5 6 15 -1 4 7 -1 -2
2 16 -1 3 9 13 -1 6 10 13 -1 -2
14 16 -1 10 -1 3 4 8 10 -1 -2
3 4 7 -1 10 -1 6 -1 -2
2 11 -1 2 5 -1 4 10 11 16 -1 -2
5 6 11 13 -1 7 13 -1 6 7 8 13 -1 -2
3 6 8 15 -1 15 -1 1 7 -1 -2
7 12 15 -1 11 15 -1 3 -1 -2
14 15 16 -1 4 8 -1 2 8 9 15 -1 -2
7 13 -1 2 12 -1 11 -1 -2
3 10 14 -1 7 -1 1 9 10 -1 -2
6 -1 2 6 8 -1 3 4 5 -1 -2
8 -1 13 -1 3 10 13 16 -1 -2
2 -1 5 -1 12 -1 -2
5 7 16 -1 2 3 -1 2 10 13 -1 -2
2 3 13 -1 2 16 -1 1 3 7 -1 -2
5 14 -1 9 -1 1 16 -1 -2
2 3 11 15 -1 2 4 5 12 -1 4 -1 -2
9 -1 2 3 -1 5 -1 -2
2 7 -1 2 6 10 11 -1 5 10 15 16 -1 -2
16 -1 1 2 7 9 -1 4 15 16 -1 -2
1 15 -1 6 9 11 -1 6 7 -1 -2
6 10 -1 3 5 -1 1 3 8 -1 -2
12 -1 8 -1 4 13 -1 -2
14 -1 2 3 9 -1 2 3 6 13 -1 -2
5 8 11 -1 4 13 -1 1 2 -1 -2
3 4 13 -1 8 12 13 15 -1 5 12 -1 -2
8 10 -1 2 8 9 -1 5 7 9 13 -1 -2
4 5 12 -1 5 -1 4 11 14 16 -1 -2
2 3 10 12 -1 6 -1 6 13 16 -1 -2
1 2 9 11 -1 1 2 10 -1 1 8 9 16 -1 -2
8 16 -1 7 12 -1 1 7 -1 -2
4 6 7 13 -1 12 -1 5 6 10 -1 -2
4 5 7 -1 14 15 16 -1 6 7 10 15 -1 -2
8 14 -1 15 -1 1 12 -1 -2
7 -1 2 10 14 16 -1 13 16 -1 -2
8 13 16 -1 4 -1 5 6 15 -1 -2
5 6 7 13 -1 2 11 14 16 -1 6 14 -1 -2
11 -1 1 2 14 15 -1 5 16 -1 -2
3 7 13 16 -1 12 -1 6 7 10 11 -1 -2
9 10 15 -1 7 11 -1 6 9 12 -1 -2
2 10 14 -1 14 -1 2 7 11 16 -1 -2
14 -1 3 -1 4 10 14 -1 -2
1 2 15 -1 7 -1 10 -1 -2
1 4 7 13 -1 5 8 9 14 -1 1 7 9 15 -1 -2
9 13 -1 1 10 -1 9 11 14 16 -1 -2
8 9 10 16 -1 6 12 13 -1 1 5 -1 -2
12 -1 3 10 13 -1 2 4 -1 -2
2 6 8 -1 3 6 14 -1 8 16 -1 -2
6 7 13 -1 2 15 -1 4 -1 -2
10 15 -1 5 13 14 -1 6 -1 -2
2 4 16 -1 6 14 16 -1 5 8 -1 -2
5 7 -1 10 11 14 15 -1 13 14 -1 -2
6 14 16 -1 3 8 10 12 -1 9 -1 -2
5 6 8 10 -1 2 5 6 -1 2 5 15 -1 -2
5 -1 15 -1 5 10 13 -1 -2
2 3 7 9 -1 13 -1 4 6 14 16 -1 -2
3 7 9 14 -1 3 6 10 -1 1 3 11 16 -1 -2
1 5 14 16 -1 4 6 -1 5 14 -1 -2
1 8 9 -1 8 10 11 14 -1 3 12 -1 -2
11 13 -1 14 -1 2 -1 -2
12 15 -1 12 16 -1 6 -1 -2
4 7 -1 2 8 11 -1 9 -1 -2
4 10 13 -1 6 13 -1 8 -1 -2
3 -1 4 5 -1 15 16 -1 -2
2 4 9 11 -1 16 -1 13 -1 -2
2 8 -1 5 6 11 15 -1 7 10 -1 -2
16 -1 5 10 -1 7 -1 -2
3 -1 12 -1 4 -1 -2
3 -1 3 12 14 -1 12 16 -1 -2
1 3 -1 3 6 11 -1 3 -1 -2
5 6 12 16 -1 12 -1 7 11 -1 -2
9 -1 2 -1 2 13 -1 -2
1 6 9 -1 6 12 14 -1 14 -1 -2
2 6 12 16 -1 7 -1 12 13 -1 -2
3 -1 4 7 -1 5 -1 -2
2 8 -1 2 3 8 9 -1 7 -1 -2
4 9 13 -1 15 -1 1 4 8 12 -1 -2
1 7 12 13 -1 5 11 -1 4 7 10 13 -1 -2
8 -1 1 4 12 -1 1 -1 -2
4 7 8 -1 2 12 -1 1 -1 -2
4 12 -1 5 -1 7 -1 -2
5 8 12 13 -1 15 16 -1 12 -1 -2
3 5 6 13 -1 3 -1 6 15 16 -1 -2
8 -1 1 5 13 14 -1 8 16 -1 -2
1 4 16 -1 1 2 10 13 -1 2 5 10 14 -1 -2
2 15 16 -1 10 11 -1 5 6 7 -1 -2
5 8 12 -1 7 10 15 -1 9 12 14 -1 -2
5 9 13 14 -1 5 10 -1 1 14 -1 -2
2 -1 8 9 10 15 -1 1 9 -1 -2
4 6 12 -1 2 6 10 14 -1 1 13 15 16 -1 -2
6 8 13 -1 1 4 8 -1 1 8 -1 -2
14 -1 12 13 -1 3 12 14 -1 -2
1 2 5 11 -1 11 15 -1 2 8 12 15 -1 -2
1 15 -1 2 9 14 -1 13 15 -1 -2
4 9 11 13 -1 13 -1 4 14 15 -1 -2
2 -1 2 -1 8 -1 -2
2 12 -1 3 12 -1 7 -1 -2
10 -1 1 3 -1 9 -1 -2
7 11 14 -1 1 5 10 16 -1 13 -1 -2
15 -1 4 7 -1 4 5 10 16 -1 -2
1 2 10 -1 1 11 13 15 -1 6 15 -1 -2
7 15 -1 8 -1 4 9 13 -1 -2
2 6 9 13 -1 9 12 15 -1 1 14 -1 -2
6 -1 5 -1 2 8 13 15 -1 -2
3 4 6 -1 7 8 -1 5 10 -1 -2
1 15 16 -1 1 14 -1 4 -1 -2
6 -1 13 -1 2 5 6 10 -1 -2
2 4 14 -1 15 -1 2 4 -1 -2
1 5 -1 9 -1 6 -1 -2
8 13 -1 5 6 7 -1 1 6 13 -1 -2
2 5 10 11 -1 3 11 15 16 -1 5 6 -1 -2
8 -1 4 5 12 13 -1 4 7 8 15 -1 -2
12 -1 10 12 -1 1 2 12 -1 -2
7 8 -1 2 5 10 -1 5 7 -1 -2
2 3 7 12 -1 3 14 -1 6 10 13 -1 -2
2 10 13 -1 3 4 7 16 -1 11 13 -1 -2
5 12 -1 3 10 -1 3 -1 -2
1 -1 2 7 8 -1 10 -1 -2
4 -1 10 11 15 16 -1 2 4 12 16 -1 -2
3 -1 9 13 -1 16 -1 -2
5 12 -1 3 11 -1 15 -1 -2
16 -1 3 4 6 11 -1 9 13 14 -1 -2
2 5 11 -1 1 10 12 -1 5 8 9 15 -1 -2
3 13 -1 6 8 -1 4 11 -1 -2
2 5 9 12 -1 3 4 8 10 -1 4 16 -1 -2
1 7 10 16 -1 1 2 16 -1 1 2 7 11 -1 -2
1 5 8 -1 3 -1 3 7 13 16 -1 -2
11 13 -1 3 -1 3 8 -1 -2
12 -1 14 -1 2 5 8 10 -1 -2
9 -1 8 14 15 -1 1 -1 -2
4 10 -1 5 6 9 -1 16 -1 -2
9 15 -1 3 10 12 -1 1 9 10 16 -1 -2
8 11 12 15 -1 6 7 -1 3 -1 -2
8 -1 4 12 14 -1 6 7 -1 -2
3 11 13 16 -1 3 9 12 16 -1 10 13 15 -1 -2
3 12 13 -1 4 5 7 -1 4 9 13 16 -1 -2
4 8 14 16 -1 2 16 -1 11 12 15 -1 -2
11 -1 2 11 -1 2 8 -1 -2
3 4 6 10 -1 5 8 -1 9 -1 -2
3 9 -1 6 10 -1 1 3 5 9 -1 -2
1 6 8 15 -1 2 7 13 14 -1 5 7 8 15 -1 -2
2 -1 2 6 10 15 -1 8 12 13 -1 -2
4 5 11 -1 4 9 16 -1 2 3 9 11 -1 -2
3 6 -1 1 14 16 -1 4 7 8 10 -1 -2
10 13 -1 2 4 8 -1 10 16 -1 -2
8 13 14 -1 5 7 -1 2 6 -1 -2
5 16 -1 13 14 -1 6 7 8 13 -1 -2
13 16 -1 3 8 13 -1 16 -1 -2
5 6 11 16 -1 3 12 -1 13 -1 -2
3 7 10 13 -1 2 6 10 14 -1 12 -1 -2
3 11 -1 2 4 10 15 -1 12 -1 -2
7 -1 2 -1 3 -1 -2
3 -1 9 16 -1 3 -1 -2
2 4 5 14 -1 10 -1 11 14 16 -1 -2
7 12 -1 5 10 15 16 -1 14 16 -1 -2
9 -1 4 9 14 -1 8 9 10 12 -1 -2
10 12 -1 1 16 -1 12 -1 -2
1 2 5 -1 6 8 11 12 -1 4 5 -1 -2
4 10 14 15 -1 6 12 16 -1 3 7 11 13 -1 -2
14 -1 11 -1 1 9 13 -1 -2
3 -1 2 3 12 16 -1 7 10 12 -1 -2
2 8 -1 3 7 12 -1 1 8 10 -1 -2
5 -1 16 -1 4 6 7 16 -1 -2
5 14 -1 2 7 9 14 -1 2 8 12 -1 -2
1 7 10 -1 5 9 11 14 -1 2 3 5 11 -1 -2
10 11 14 15 -1 8 -1 2 -1 -2
10 11 -1 9 -1 8 -1 -2
3 8 11 16 -1 3 9 14 -1 9 15 -1 -2
10 -1 14 -1 2 -1 -2
9 12 -1 3 7 -1 1 5 6 10 -1 -2
9 11 13 -1 6 8 10 15 -1 10 -1 -2
6 13 -1 3 -1 6 14 15 -1 -2
8 12 -1 3 12 -1 3 10 -1 -2
4 8 12 15 -1 7 -1 13 -1 -2
6 7 8 9 -1 7 12 -1 2 3 4 15 -1 -2
3 13 16 -1 1 3 4 13 -1 16 -1 -2
3 8 12 -1 2 4 14 15 -1 2 6 -1 -2
3 11 -1 1 8 11 -1 9 -1 -2
2 12 -1 6 9 11 12 -1 8 -1 -2
2 3 8 9 -1 3 -1 2 6 12 -1 -2
6 -1 2 4 -1 8 11 13 -1 -2
8 15 -1 7 13 14 16 -1 13 -1 -2
6 8 -1 8 -1 2 6 10 16 -1 -2
11 16 -1 11 13 16 -1 5 9 11 13 -1 -2
6 16 -1 6 13 16 -1 9 -1 -2
4 -1 9 10 14 16 -1 10 12 14 -1 -2
2 10 15 16 -1 15 -1 2 4 8 10 -1 -2
2 3 5 15 -1 1 3 12 13 -1 4 14 -1 -2
4 5 -1 5 12 -1 10 -1 -2
11 13 16 -1 4 13 -1 7 9 10 13 -1 -2
5 13 -1 9 -1 12 -1 -2
6 7 13 -1 3 13 -1 5 13 16 -1 -2
13 -1 7 -1 10 13 16 -1 -2
4 6 13 -1 9 11 12 13 -1 2 3 -1 -2
8 -1 4 6 -1 1 2 4 -1 -2
2 5 11 16 -1 1 6 8 -1 5 7 11 -1 -2
16 -1 2 3 16 -1 2 3 8 -1 -2
4 12 14 -1 1 3 10 16 -1 5 7 11 15 -1 -2
4 16 -1 1 10 -1 9 -1 -2
8 11 15 16 -1 7 8 -1 5 12 -1 -2
1 6 -1 2 5 15 -1 3 -1 -2
1 6 13 -1 16 -1 3 14 -1 -2
12 -1 1 3 8 13 -1 3 -1 -2
1 8 -1 1 6 9 13 -1 5 6 14 -1 -2
12 -1 7 -1 1 11 13 14 -1 -2
11 -1 15 -1 2 -1 -2
8 11 12 -1 8 -1 4 6 13 16 -1 -2
2 3 15 -1 8 -1 9 12 13 14 -1 -2
14 -1 6 7 -1 4 -1 -2
10 -1 2 -1 3 8 9 -1 -2
3 16 -1 5 -1 5 9 10 -1 -2
4 7 8 9 -1 9 10 12 13 -1 16 -1 -2
3 7 9 14 -1 7 14 15 16 -1 12 15 -1 -2
4 16 -1 14 15 -1 3 8 9 14 -1 -2
3 5 15 -1 11 12 13 -1 5 8 -1 -2
5 -1 5 7 -1 10 14 -1 -2
9 14 -1 2 9 -1 3 14 -1 -2
9 -1 4 16 -1 3 7 10 15 -1 -2
9 11 14 -1 4 12 15 -1 11 13 -1 -2
3 4 12 14 -1 3 11 -1 7 11 -1 -2
6 9 14 -1 2 12 -1 8 9 12 15 -1 -2
4 11 -1 10 11 -1 8 11 -1 -2
6 -1 7 8 14 -1 12 13 -1 -2
2 4 5 8 -1 12 -1 6 10 -1 -2
4 6 10 -1 12 -1 5 6 -1 -2
4 8 9 15 -1 16 -1 7 -1 -2
2 7 13 14 -1 2 4 7 -1 4 7 8 -1 -2
6 -1 4 8 -1 2 3 6 16 -1 -2
1 9 10 -1 10 12 14 15 -1 1 2 9 14 -1 -2
11 -1 1 4 7 8 -1 6 16 -1 -2
6 9 10 11 -1 2 3 6 -1 11 13 16 -1 -2
5 8 -1 1 2 -1 4 -1 -2
15 -1 2 7 11 12 -1 1 8 15 -1 -2
2 3 4 -1 13 -1 4 8 11 -1 -2
8 9 -1 1 11 -1 14 15 -1 -2
2 9 14 -1 5 7 10 15 -1 1 2 14 15 -1 -2
2 11 -1 10 12 13 15 -1 5 12 -1 -2
2 9 -1 12 -1 1 7 10 14 -1 -2
1 2 13 14 -1 1 3 9 -1 5 10 16 -1 -2
5 10 14 15 -1 4 -1 3 7 -1 -2
1 7 9 15 -1 4 11 -1 13 16 -1 -2
3 7 9 -1 11 -1 1 4 5 13 -1 -2
15 -1 1 -1 16 -1 -2
3 10 -1 2 11 -1 1 5 -1 -2
1 6 -1 3 -1 3 9 11 15 -1 -2
7 8 -1 2 3 9 11 -1 2 6 12 16 -1 -2
5 -1 3 6 11 13 -1 8 10 -1 -2
1 5 10 -1 2 6 11 -1 4 6 7 13 -1 -2
6 -1 8 -1 5 -1 -2
6 12 13 15 -1 1 2 8 9 -1 3 13 16 -1 -2
13 -1 5 10 14 15 -1 8 -1 -2
6 -1 8 14 15 -1 1 8 9 11 -1 -2
7 9 -1 12 -1 2 14 -1 -2
2 9 -1 4 6 11 14 -1 8 -1 -2
5 -1 1 5 6 7 -1 4 15 -1 -2
3 5 15 16 -1 2 8 12 -1 5 6 15 16 -1 -2
2 8 -1 1 2 7 16 -1 1 -1 -2
2 8 11 -1 11 12 13 -1 4 6 -1 -2
8 9 12 14 -1 2 13 15 -1 3 15 -1 -2
2 4 15 16 -1 5 10 14 16 -1 14 -1 -2
14 -1 3 4 6 7 -1 4 6 9 16 -1 -2
2 6 9 10 -1 6 8 13 16 -1 16 -1 -2
4 15 -1 1 14 -1 1 12 14 16 -1 -2
16 -1 3 11 13 -1 4 8 -1 -2
2 15 -1 9 -1 9 10 -1 -2
1 4 11 -1 8 -1 7 14 -1 -2
1 5 9 16 -1 3 5 -1 7 8 -1 -2
14 -1 5 -1 1 9 14 15 -1 -2
6 11 -1 2 3 6 16 -1 2 8 15 -1 -2
7 8 9 13 -1 4 5 -1 8 -1 -2
12 13 -1 5 -1 1 4 12 14 -1 -2
7 9 11 -1 8 -1 3 -1 -2
2 3 4 9 -1 4 7 15 16 -1 3 -1 -2
1 12 -1 12 14 -1 5 14 16 -1 -2
15 -1 4 9 11 12 -1 16 -1 -2
8 -1 5 6 9 11 -1 1 15 -1 -2
3 14 -1 1 8 10 -1 1 9 11 -1 -2
1 5 10 14 -1 1 -1 1 16 -1 -2
9 11 14 -1 11 -1 3 11 12 -1 -2
4 13 14 16 -1 10 -1 1 -1 -2
2 8 14 -1 2 4 16 -1 8 16 -1 -2
2 12 14 -1 7 10 12 -1 4 -1 -2
13 -1 1 5 8 9 -1 1 6 10 -1 -2
1 4 14 16 -1 3 5 8 -1 4 -1 -2
11 12 -1 3 4 7 8 -1 10 -1 -2
6 13 -1 9 -1 1 7 8 -1 -2
16 -1 3 6 10 12 -1 1 -1 -2
2 9 -1 8 11 -1 4 9 -1 -2
2 13 14 -1 8 -1 7 10 13 15 -1 -2
3 8 11 12 -1 7 11 15 16 -1 8 11 15 16 -1 -2
1 4 -1 4 10 12 16 -1 6 13 14 15 -1 -2
4 12 -1 15 -1 5 -1 -2
1 5 9 12 -1 14 -1 13 -1 -2
4 10 13 -1 4 9 -1 1 2 6 9 -1 -2
2 5 10 -1 4 -1 5 11 -1 -2
5 -1 2 10 11 16 -1 1 5 14 16 -1 -2
3 4 6 -1 5 9 10 16 -1 13 16 -1 -2
3 14 -1 2 4 -1 4 7 12 16 -1 -2
1 6 9 13 -1 14 -1 3 6 11 12 -1 -2
1 9 13 -1 5 6 -1 2 5 7 16 -1 -2
3 7 11 14 -1 8 -1 3 7 8 10 -1 -2
7 14 -1 6 -1 1 6 8 12 -1 -2
1 12 15 -1 1 6 8 -1 10 11 -1 -2
14 -1 10 14 -1 3 5 12 -1 -2
7 8 10 13 -1 6 13 -1 3 11 -1 -2
6 8 13 16 -1 2 4 9 -1 4 11 14 -1 -2
11 14 16 -1 5 7 11 15 -1 5 -1 -2
2 4 13 15 -1 3 -1 1 4 5 10 -1 -2
5 8 -1 5 9 12 13 -1 2 -1 -2
8 -1 3 -1 2 8 16 -1 -2
4 5 7 11 -1 1 4 8 -1 7 -1 -2
7 -1 1 8 9 -1 10 13 -1 -2
4 15 16 -1 13 -1 15 -1 -2
3 4 16 -1 7 -1 3 6 8 12 -1 -2
2 -1 15 -1 3 11 13 14 -1 -2
8 10 16 -1 7 -1 1 2 3 11 -1 -2
8 14 -1 2 11 13 -1 9 10 16 -1 -2
2 3 5 -1 5 8 -1 2 3 -1 -2
1 8 13 -1 6 9 12 -1 2 4 8 -1 -2
13 15 -1 14 16 -1 5 -1 -2
3 5 9 15 -1 2 11 -1 2 10 -1 -2
3 6 11 15 -1 16 -1 6 13 -1 -2
5 6 -1 4 6 14 16 -1 2 4 -1 -2
1 3 11 16 -1 16 -1 1 2 4 12 -1 -2
4 9 16 -1 1 2 13 -1 1 2 3 10 -1 -2
2 4 13 14 -1 2 -1 7 -1 -2
2 5 9 13 -1 7 8 15 -1 8 10 -1 -2
5 10 12 14 -1 1 8 9 12 -1 4 11 13 -1 -2
10 11 14 -1 13 -1 4 8 -1 -2
2 15 -1 3 8 10 14 -1 3 -1 -2
4 6 9 -1 3 13 -1 11 13 -1 -2
3 15 16 -1 7 15 -1 13 16 -1 -2
8 -1 8 9 10 13 -1 4 14 -1 -2
2 7 -1 7 9 -1 9 -1 -2
12 -1 6 7 11 13 -1 3 4 7 12 -1 -2
12 -1 5 -1 10 -1 -2
3 -1 16 -1 13 15 -1 -2
1 5 16 -1 3 6 8 15 -1 7 13 -1 -2
4 5 12 14 -1 2 8 9 -1 7 8 11 16 -1 -2
4 9 16 -1 6 7 16 -1 5 -1 -2
4 10 16 -1 4 -1 2 13 16 -1 -2
11 12 13 15 -1 7 9 -1 1 9 -1 -2
10 -1 13 -1 6 8 11 15 -1 -2
7 -1 5 -1 9 12 13 -1 -2
1 3 16 -1 3 16 -1 5 -1 -2
6 8 11 -1 5 6 13 15 -1 4 10 11 -1 -2
3 9 12 13 -1 8 -1 1 2 9 14 -1 -2
10 -1 7 16 -1 14 -1 -2
8 14 15 -1 1 2 8 13 -1 9 16 -1 -2
4 10 14 -1 1 3 16 -1 4 -1 -2
1 7 9 15 -1 4 6 16 -1 12 -1 -2
12 -1 2 3 12 13 -1 3 10 13 -1 -2
3 6 11 13 -1 4 -1 4 9 -1 -2
3 9 -1 1 8 10 14 -1 3 15 -1 -2
2 4 9 10 -1 6 11 12 16 -1 3 4 9 -1 -2
1 9 -1 2 3 4 14 -1 2 6 -1 -2
7 -1 7 11 -1 3 10 -1 -2
1 6 8 9 -1 2 8 10 13 -1 3 5 16 -1 -2
2 3 9 14 -1 8 15 -1 5 6 10 -1 -2
16 -1 5 10 11 15 -1 4 10 13 15 -1 -2
1 12 15 -1 11 14 -1 2 5 10 16 -1 -2
2 3 5 -1 4 8 10 13 -1 1 -1 -2
4 8 11 14 -1 10 12 -1 1 9 12 -1 -2
5 7 14 15 -1 9 11 12 15 -1 3 5 6 12 -1 -2
5 -1 13 16 -1 1 5 15 -1 -2
9 -1 16 -1 4 13 16 -1 -2
10 14 15 -1 7 9 11 12 -1 2 8 -1 -2
5 9 -1 1 9 15 -1 16 -1 -2
5 11 15 16 -1 2 12 -1 1 10 14 -1 -2
5 -1 9 -1 4 11 -1 -2
2 14 -1 7 8 12 -1 12 -1 -2
3 8 12 -1 7 13 -1 4 6 7 8 -1 -2
1 -1 2 9 16 -1 3 10 -1 -2
5 6 11 16 -1 4 5 10 14 -1 12 -1 -2
1 2 3 16 -1 4 6 10 -1 2 3 13 -1 -2
4 -1 9 12 -1 2 10 11 -1 -2
3 9 16 -1 6 10 -1 3 5 6 9 -1 -2
6 -1 4 11 12 -1 2 13 -1 -2
2 6 15 -1 2 10 12 16 -1 3 7 11 14 -1 -2
2 5 13 16 -1 10 -1 3 6 -1 -2
10 12 13 16 -1 4 -1 9 15 -1 -2
3 5 9 -1 7 14 -1 3 5 11 -1 -2
1 3 5 15 -1 5 10 13 15 -1 1 2 4 6 -1 -2
4 8 11 15 -1 13 -1 2 5 11 14 -1 -2
2 5 7 11 -1 7 11 13 -1 2 9 10 -1 -2
10 13 -1 2 16 -1 1 5 15 -1 -2
1 5 8 -1 1 4 5 15 -1 5 8 11 15 -1 -2
9 14 -1 1 14 -1 7 8 -1 -2
4 9 12 13 -1 6 7 11 16 -1 9 12 -1 -2
12 14 -1 2 8 10 13 -1 2 3 10 11 -1 -2
16 -1 8 9 -1 1 6 8 16 -1 -2
1 6 9 14 -1 14 -1 5 10 16 -1 -2
8 10 16 -1 10 13 -1 1 6 -1 -2
1 7 11 -1 7 8 12 -1 10 15 -1 -2
3 4 11 12 -1 14 -1 10 -1 -2
5 9 11 -1 10 -1 2 7 14 -1 -2
8 -1 10 -1 5 6 7 10 -1 -2
7 10 12 15 -1 1 3 7 16 -1 9 -1 -2
10 -1 4 11 14 15 -1 9 -1 -2
1 5 -1 14 -1 8 12 -1 -2
15 -1 5 8 11 -1 1 15 -1 -2
4 5 16 -1 1 2 10 11 -1 16 -1 -2
1 2 3 -1 1 11 -1 6 14 15 -1 -2
4 5 16 -1 3 5 -1 3 9 -1 -2
11 -1 1 3 6 -1 8 15 -1 -2
2 8 -1 6 7 -1 16 -1 -2
5 9 10 15 -1 2 15 -1 12 16 -1 -2
2 8 9 -1 1 4 5 -1 1 4 -1 -2
5 9 11 14 -1 3 7 13 15 -1 14 -1 -2
2 8 9 10 -1 13 -1 15 -1 -2
3 -1 10 -1 8 11 13 -1 -2
4 6 12 13 -1 3 9 15 -1 2 4 7 13 -1 -2
3 -1 10 11 14 16 -1 1 6 10 -1 -2
2 12 -1 5 9 -1 6 13 16 -1 -2
2 3 -1 16 -1 10 -1 -2
6 11 15 -1 15 -1 3 -1 -2
5 7 14 -1 1 4 13 -1 4 9 16 -1 -2
4 -1 1 -1 16 -1 -2
9 -1 1 4 5 8 -1 10 13 -1 -2
1 5 10 13 -1 9 14 -1 9 10 12 -1 -2
8 9 11 -1 6 -1 1 3 5 6 -1 -2
9 -1 2 11 12 14 -1 2 -1 -2
5 7 8 9 -1 16 -1 1 2 13 16 -1 -2
3 5 7 -1 4 -1 4 12 15 -1 -2
1 14 15 -1 5 7 11 -1 7 9 10 -1 -2
1 3 8 13 -1 2 8 12 -1 3 14 -1 -2
3 11 12 13 -1 9 -1 1 2 5 12 -1 -2
11 13 -1 2 11 -1 14 -1 -2
2 3 10 16 -1 5 13 -1 9 13 -1 -2
1 -1 4 13 -1 12 15 -1 -2
13 -1 9 -1 6 15 16 -1 -2
6 -1 4 6 9 11 -1 7 9 13 14 -1 -2
7 8 10 11 -1 1 4 13 -1 16 -1 -2
8 9 15 16 -1 5 8 16 -1 16 -1 -2
2 8 10 16 -1 5 6 8 -1 13 -1 -2
4 10 13 16 -1 11 14 -1 1 6 15 -1 -2
6 7 9 11 -1 3 5 10 15 -1 12 16 -1 -2
4 8 -1 10 -1 1 2 15 -1 -2
1 3 9 15 -1 10 -1 7 -1 -2
2 6 9 12 -1 2 6 10 -1 11 14 -1 -2
1 4 9 14 -1 8 -1 1 7 14 15 -1 -2
8 14 -1 2 10 -1 9 -1 -2
9 -1 1 -1 8 11 -1 -2
3 4 14 -1 13 -1 5 -1 -2
2 -1 1 6 15 -1 1 10 16 -1 -2
5 10 -1 13 -1 10 14 15 -1 -2
7 9 13 -1 2 15 -1 3 13 14 15 -1 -2
12 15 16 -1 11 16 -1 6 10 15 -1 -2
1 4 -1 1 3 10 11 -1 13 -1 -2
5 13 16 -1 5 9 10 15 -1 9 -1 -2
7 15 -1 7 14 16 -1 14 -1 -2
6 -1 3 6 7 13 -1 5 11 15 -1 -2
10 11 12 16 -1 4 7 9 12 -1 1 10 -1 -2
3 8 11 12 -1 8 -1 14 -1 -2
12 -1 6 9 11 13 -1 13 15 -1 -2
5 8 16 -1 5 6 9 15 -1 3 7 11 12 -1 -2
10 -1 5 6 9 15 -1 6 10 14 -1 -2
1 2 14 15 -1 2 4 9 11 -1 4 -1 -2
2 8 9 14 -1 2 8 -1 2 3 -1 -2
6 -1 4 9 11 12 -1 3 8 9 15 -1 -2
2 -1 2 3 8 11 -1 1 6 11 14 -1 -2
6 10 -1 12 16 -1 2 6 10 -1 -2
3 6 14 -1 10 11 13 14 -1 4 11 -1 -2
3 5 6 -1 11 -1 1 3 14 15 -1 -2
1 3 5 16 -1 2 14 16 -1 1 12 -1 -2
6 13 14 -1 1 2 6 -1 1 3 7 10 -1 -2
5 -1 8 14 -1 1 2 14 15 -1 -2
4 12 -1 6 11 14 -1 7 13 -1 -2
2 -1 11 -1 1 7 9 -1 -2
1 8 11 15 -1 6 -1 9 10 12 16 -1 -2
10 13 -1 8 12 -1 3 -1 -2
9 12 14 15 -1 1 7 11 16 -1 9 12 -1 -2
12 -1 2 -1 6 8 -1 -2
2 8 -1 9 10 11 15 -1 8 11 -1 -2
2 6 8 9 -1 11 13 15 -1 1 7 15 16 -1 -2
12 -1 2 4 7 12 -1 1 7 11 13 -1 -2
6 -1 7 11 -1 3 12 13 14 -1 -2
6 -1 8 10 -1 4 -1 -2
6 15 -1 2 4 10 -1 4 6 7 16 -1 -2
12 -1 2 9 10 13 -1 4 8 -1 -2
5 8 12 -1 2 5 -1 6 -1 -2
2 9 11 -1 12 13 -1 4 5 -1 -2
8 13 -1 12 -1 2 3 9 16 -1 -2
1 3 16 -1 15 -1 4 14 16 -1 -2
7 11 -1 2 6 9 14 -1 9 10 13 14 -1 -2
7 -1 10 14 -1 4 15 -1 -2
7 13 16 -1 4 6 8 14 -1 2 9 10 16 -1 -2
14 -1 1 9 -1 2 6 12 15 -1 -2
8 10 -1 7 -1 6 7 -1 -2
1 9 12 -1 2 9 15 -1 1 3 10 -1 -2
8 -1 2 -1 2 -1 -2
1 3 13 -1 1 -1 2 -1 -2
1 16 -1 15 -1 5 6 7 8 -1 -2
15 -1 6 10 14 15 -1 10 -1 -2
3 4 13 14 -1 6 13 14 -1 4 6 8 -1 -2
8 13 -1 9 11 12 14 -1 8 9 -1 -2
3 7 8 10 -1 2 6 11 -1 11 13 15 -1 -2
3 4 11 13 -1 5 6 7 -1 1 10 13 15 -1 -2
2 4 5 9 -1 2 4 7 9 -1 1 14 -1 -2
8 -1 12 -1 9 13 16 -1 -2
11 12 14 16 -1 5 9 -1 5 -1 -2
2 7 12 15 -1 13 14 -1 1 4 14 15 -1 -2
8 -1 15 16 -1 3 4 14 -1 -2
9 10 15 16 -1 11 -1 11 -1 -2
6 -1 1 2 4 14 -1 12 -1 -2
5 13 14 -1 4 10 14 16 -1 13 14 16 -1 -2
3 4 15 -1 3 7 8 12 -1 1 3 -1 -2
5 6 8 9 -1 10 16 -1 2 12 13 -1 -2
1 3 11 14 -1 2 3 4 6 -1 3 8 11 -1 -2
2 6 7 -1 5 15 -1 2 6 11 14 -1 -2
12 -1 9 -1 15 -1 -2
7 -1 14 16 -1 10 11 12 15 -1 -2
2 7 -1 4 10 12 -1 6 -1 -2
13 -1 1 8 11 14 -1 2 5 16 -1 -2
7 -1 7 8 -1 10 11 -1 -2
5 8 10 11 -1 3 10 11 12 -1 2 -1 -2
1 4 9 -1 14 15 -1 11 14 -1 -2
2 11 -1 2 10 -1 2 3 8 13 -1 -2
1 5 6 14 -1 1 5 6 15 -1 2 5 12 16 -1 -2
8 -1 3 -1 2 13 -1 -2
2 -1 5 7 9 -1 3 5 11 -1 -2
11 14 -1 1 2 8 12 -1 7 10 13 14 -1 -2
7 10 11 -1 5 6 10 13 -1 2 9 10 -1 -2
3 14 -1 5 10 -1 1 8 11 14 -1 -2
10 -1 13 -1 1 9 -1 -2
14 15 16 -1 15 -1 13 -1 -2
5 -1 1 11 13 -1 1 6 -1 -2
15 -1 11 -1 3 11 12 -1 -2
1 2 15 -1 7 11 -1 5 6 10 12 -1 -2
9 15 -1 5 8 16 -1 5 11 15 16 -1 -2
5 6 7 14 -1 3 4 -1 3 4 5 12 -1 -2
14 15 -1 1 3 6 10 -1 2 4 10 14 -1 -2
1 2 9 -1 1 8 -1 5 -1 -2
2 13 15 -1 8 9 10 12 -1 2 9 12 14 -1 -2
9 -1 10 16 -1 3 -1 -2
6 13 -1 8 11 -1 11 15 -1 -2
4 7 8 -1 1 7 12 15 -1 5 -1 -2
5 9 -1 10 11 12 -1 3 7 -1 -2
14 -1 1 7 -1 4 -1 -2
6 10 12 -1 1 5 9 16 -1 6 -1 -2
3 9 13 14 -1 1 11 -1 4 7 -1 -2
15 16 -1 8 -1 3 4 5 7 -1 -2
5 13 16 -1 13 -1 15 16 -1 -2
4 15 -1 7 8 -1 10 11 14 -1 -2
1 6 11 15 -1 1 8 -1 4 5 15 -1 -2
3 4 9 12 -1 11 16 -1 1 7 16 -1 -2
4 5 15 -1 4 6 8 14 -1 1 8 13 -1 -2
2 8 -1 7 9 14 15 -1 16 -1 -2
6 10 -1 7 8 16 -1 2 9 12 -1 -2
2 8 16 -1 9 10 15 16 -1 5 -1 -2
1 4 6 16 -1 8 -1 3 15 -1 -2
4 11 -1 11 12 13 -1 7 -1 -2
5 7 -1 8 12 -1 2 3 10 -1 -2
8 9 16 -1 2 7 12 15 -1 1 5 10 -1 -2
6 12 -1 3 5 9 16 -1 4 6 -1 -2
13 14 -1 3 14 -1 6 10 -1 -2
8 14 -1 3 11 12 14 -1 4 14 -1 -2
3 5 -1 5 10 13 14 -1 5 8 15 -1 -2
4 9 14 16 -1 10 11 -1 9 11 14 15 -1 -2
8 10 11 12 -1 11 -1 2 7 10 -1 -2
2 8 9 -1 13 14 15 -1 1 2 9 -1 -2
7 -1 5 8 10 -1 6 7 12 -1 -2
16 -1 10 12 13 16 -1 5 -1 -2
4 10 -1 10 -1 2 4 9 13 -1 -2
3 4 6 7 -1 2 14 -1 7 10 -1 -2
11 16 -1 3 5 8 10 -1 2 5 13 -1 -2
3 10 11 13 -1 10 16 -1 4 5 6 12 -1 -2
6 -1 3 6 9 11 -1 3 4 11 -1 -2
2 9 11 12 -1 14 15 -1 4 7 10 11 -1 -2
9 13 -1 1 7 8 16 -1 6 16 -1 -2
10 12 16 -1 12 -1 7 15 -1 -2
6 -1 12 -1 3 6 9 12 -1 -2
1 3 11 16 -1 1 4 -1 1 4 6 14 -1 -2
6 11 15 -1 4 -1 2 9 -1 -2
1 8 12 16 -1 1 2 -1 4 13 15 -1 -2
5 6 -1 7 -1 1 2 6 7 -1 -2
13 -1 5 6 9 -1 7 8 -1 -2
3 7 -1 7 10 11 -1 3 -1 -2
9 11 14 -1 12 -1 7 8 12 14 -1 -2
9 -1 1 3 13 16 -1 2 6 8 -1 -2
15 -1 10 -1 11 -1 -2
7 8 9 -1 16 -1 14 -1 -2
2 -1 3 4 10 14 -1 2 8 11 16 -1 -2
7 16 -1 7 -1 9 -1 -2
5 6 8 9 -1 4 6 -1 2 6 12 -1 -2
13 -1 1 14 -1 4 7 10 14 -1 -2
14 -1 2 14 -1 8 9 12 16 -1 -2
11 16 -1 16 -1 7 10 -1 -2
3 4 10 12 -1 9 -1 11 -1 -2
2 5 10 16 -1 7 9 13 14 -1 11 16 -1 -2
11 12 13 15 -1 9 -1 15 -1 -2
14 -1 8 -1 10 11 -1 -2
6 -1 5 -1 6 9 10 13 -1 -2
14 -1 1 -1 4 8 15 -1 -2
4 -1 11 12 14 -1 15 -1 -2
5 6 13 16 -1 5 14 -1 4 5 6 16 -1 -2
15 -1 2 11 -1 4 13 -1 -2
8 9 -1 3 10 14 -1 3 -1 -2
14 16 -1 3 9 10 -1 1 5 -1 -2
11 -1 7 11 13 16 -1 3 5 9 13 -1 -2
7 10 11 14 -1 6 10 -1 5 11 -1 -2
2 4 13 -1 1 2 5 16 -1 2 5 6 11 -1 -2
14 -1 4 5 11 -1 14 -1 -2
6 11 12 14 -1 2 4 -1 8 9 16 -1 -2
1 3 4 7 -1 4 -1 3 -1 -2
13 -1 6 -1 7 9 13 -1 -2
1 -1 13 -1 5 -1 -2
3 4 10 16 -1 5 8 -1 6 8 -1 -2
3 15 -1 5 9 16 -1 2 10 -1 -2
14 -1 2 5 10 -1 9 -1 -2
11 -1 15 16 -1 5 -1 -2
1 4 5 8 -1 4 9 -1 5 13 14 -1 -2
3 9 13 -1 2 3 -1 9 16 -1 -2
2 3 11 -1 1 4 -1 1 12 -1 -2
8 -1 6 9 10 16 -1 6 7 9 16 -1 -2
1 10 14 -1 1 7 10 15 -1 13 15 -1 -2
12 15 -1 5 6 15 16 -1 4 -1 -2
6 9 12 -1 10 11 13 15 -1 1 10 14 -1 -2
15 -1 9 -1 4 15 -1 -2
3 7 8 14 -1 1 -1 9 11 -1 -2
3 10 15 -1 3 16 -1 2 6 7 8 -1 -2
5 -1 1 4 5 6 -1 9 10 15 16 -1 -2
3 -1 1 11 13 -1 9 11 15 -1 -2
14 -1 8 9 13 -1 12 -1 -2
6 8 15 16 -1 2 9 -1 3 10 -1 -2
1 8 15 16 -1 4 6 -1 2 5 11 -1 -2
5 -1 12 -1 2 6 11 12 -1 -2
15 -1 1 4 13 14 -1 1 12 -1 -2
7 9 15 16 -1 1 9 11 -1 3 14 -1 -2
3 -1 4 5 16 -1 1 3 11 13 -1 -2
7 -1 2 4 16 -1 8 10 12 13 -1 -2
1 12 -1 3 13 14 16 -1 10 12 13 -1 -2
9 -1 7 11 -1 4 12 -1 -2
2 -1 5 13 -1 2 5 7 -1 -2
2 8 11 12 -1 2 4 10 -1 1 3 8 15 -1 -2
9 12 16 -1 7 11 -1 4 12 -1 -2
1 15 -1 8 -1 3 14 15 16 -1 -2
4 6 7 13 -1 9 12 15 -1 4 6 9 12 -1 -2
5 8 9 -1 2 5 -1 6 10 12 -1 -2
12 13 14 -1 3 7 14 -1 6 8 11 12 -1 -2
1 3 6 16 -1 10 -1 1 16 -1 -2
9 15 -1 5 13 14 -1 14 -1 -2
11 15 -1 3 9 -1 7 -1 -2
7 15 -1 4 7 9 13 -1 3 12 -1 -2
2 -1 1 9 16 -1 5 7 -1 -2
6 7 9 15 -1 6 -1 6 15 16 -1 -2
5 9 11 -1 16 -1 5 7 13 14 -1 -2
5 6 9 15 -1 7 8 16 -1 2 3 -1 -2
3 5 7 -1 5 6 -1 3 15 -1 -2
5 6 8 15 -1 3 4 6 8 -1 5 -1 -2
13 -1 3 5 8 -1 1 6 13 16 -1 -2
7 11 16 -1 2 -1 2 9 -1 -2
15 -1 1 7 14 -1 2 3 8 -1 -2
11 14 -1 2 16 -1 4 7 15 -1 -2
7 9 -1 6 16 -1 4 6 -1 -2
5 6 12 -1 1 2 5 14 -1 8 9 12 -1 -2
7 10 14 16 -1 3 8 -1 8 9 10 15 -1 -2
5 6 10 14 -1 1 2 9 12 -1 6 9 -1 -2
1 10 12 -1 9 11 -1 2 12 16 -1 -2
13 -1 5 12 14 -1 8 11 -1 -2
1 7 -1 10 12 -1 2 -1 -2
6 11 -1 13 -1 5 14 15 -1 -2
1 15 -1 12 -1 3 9 10 -1 -2
4 -1 1 3 9 13 -1 2 6 12 -1 -2
5 6 13 16 -1 1 7 9 16 -1 2 12 15 16 -1 -2
2 7 -1 15 -1 1 3 6 13 -1 -2
12 14 -1 7 11 13 -1 4 8 10 -1 -2
1 16 -1 11 -1 15 16 -1 -2
3 4 6 13 -1 16 -1 3 4 15 16 -1 -2
13 -1 3 9 -1 1 5 14 15 -1 -2
5 -1 4 -1 11 -1 -2
4 11 -1 2 10 16 -1 4 6 8 16 -1 -2
7 12 14 16 -1 4 9 13 -1 7 11 13 -1 -2
1 4 11 -1 3 5 10 -1 2 3 4 9 -1 -2
13 14 -1 2 9 -1 13 -1 -2
1 11 13 -1 1 3 -1 4 11 16 -1 -2
8 -1 1 -1 4 8 9 12 -1 -2
1 12 16 -1 3 15 -1 1 9 13 14 -1 -2
7 12 14 -1 10 11 15 -1 7 -1 -2
4 7 12 -1 8 13 -1 6 13 -1 -2
10 -1 1 5 13 -1 5 8 15 16 -1 -2
12 -1 1 2 3 15 -1 1 8 9 13 -1 -2
10 12 14 15 -1 9 11 13 -1 5 12 16 -1 -2
14 -1 2 6 16 -1 4 -1 -2
6 -1 14 -1 2 9 11 16 -1 -2
1 3 -1 3 10 11 15 -1 6 9 11 12 -1 -2
1 4 10 13 -1 8 11 14 -1 8 14 -1 -2
5 11 -1 5 8 10 14 -1 9 10 -1 -2
3 11 -1 5 16 -1 5 12 14 15 -1 -2
7 16 -1 11 15 -1 13 15 16 -1 -2
5 16 -1 9 -1 4 15 -1 -2
2 5 7 11 -1 1 2 3 7 -1 8 10 12 16 -1 -2
1 2 5 15 -1 12 -1 2 8 12 14 -1 -2
13 16 -1 3 4 7 15 -1 5 8 10 11 -1 -2
7 9 10 16 -1 4 10 11 12 -1 2 10 12 15 -1 -2
3 10 15 -1 3 14 -1 11 -1 -2
7 10 -1 2 3 10 12 -1 11 15 -1 -2
6 7 -1 2 8 -1 10 16 -1 -2
11 13 14 16 -1 14 -1 6 12 14 -1 -2
1 8 13 16 -1 1 3 5 7 -1 13 14 -1 -2
10 11 12 16 -1 2 5 -1 2 4 11 14 -1 -2
7 13 -1 9 11 14 -1 3 8 12 -1 -2
1 5 10 13 -1 4 -1 10 -1 -2
1 12 -1 4 -1 7 13 15 16 -1 -2
1 3 9 -1 2 5 8 11 -1 9 14 -1 -2
12 -1 10 11 12 -1 5 9 -1 -2
5 11 14 -1 14 16 -1 1 9 13 16 -1 -2
3 8 9 -1 10 -1 1 7 10 13 -1 -2
8 -1 5 15 -1 10 -1 -2
7 15 -1 4 10 11 14 -1 10 12 -1 -2
1 8 -1 7 -1 9 10 12 16 -1 -2
2 8 -1 2 4 7 14 -1 1 12 13 14 -1 -2
3 9 11 14 -1 4 -1 8 -1 -2
4 5 15 16 -1 2 3 7 -1 14 16 -1 -2
7 -1 1 6 14 -1 1 11 12 15 -1 -2
1 8 9 16 -1 1 8 9 16 -1 10 16 -1 -2
1 4 13 14 -1 2 6 16 -1 5 15 -1 -2
3 8 13 14 -1 2 5 6 8 -1 5 7 -1 -2
3 14 -1 9 11 -1 5 -1 -2
11 15 -1 9 11 15 -1 7 -1 -2
2 3 -1 4 10 14 15 -1 11 16 -1 -2
8 10 13 15 -1 5 9 10 -1 1 3 16 -1 -2
5 10 -1 1 5 6 -1 2 9 -1 -2
10 -1 15 -1 7 10 13 -1 -2
8 11 15 -1 15 -1 10 -1 -2
9 11 13 -1 4 6 9 -1 5 -1 -2
3 11 16 -1 6 9 10 12 -1 11 -1 -2
16 -1 2 12 16 -1 12 16 -1 -2
8 15 -1 5 12 -1 1 2 7 10 -1 -2
2 9 -1 1 2 -1 7 13 14 15 -1 -2
9 -1 3 5 -1 3 7 9 -1 -2
10 15 -1 1 3 -1 4 -1 -2
11 -1 2 4 10 14 -1 3 6 9 16 -1 -2
7 -1 6 -1 9 -1 -2
11 -1 2 -1 7 12 -1 -2
4 -1 7 11 -1 2 7 8 -1 -2
11 13 -1 14 -1 1 7 10 14 -1 -2
3 11 -1 15 -1 10 -1 -2
6 8 12 -1 2 6 12 -1 4 11 14 -1 -2
5 14 -1 1 -1 5 9 10 14 -1 -2
2 4 -1 8 -1 7 9 13 14 -1 -2
15 16 -1 5 7 14 -1 2 12 13 14 -1 -2
8 16 -1 3 12 14 15 -1 1 9 -1 -2
7 -1 3 9 12 13 -1 2 6 13 -1 -2
5 12 -1 5 -1 2 10 13 -1 -2
6 -1 4 15 -1 6 11 -1 -2
7 9 11 16 -1 6 13 -1 9 10 11 -1 -2
1 3 10 12 -1 7 10 15 -1 2 7 8 -1 -2
4 7 10 -1 5 10 11 14 -1 16 -1 -2
3 4 8 -1 1 2 3 12 -1 8 -1 -2
3 -1 5 7 15 -1 5 -1 -2
2 -1 7 9 -1 4 12 13 -1 -2
2 16 -1 3 6 12 16 -1 1 4 -1 -2
2 8 -1 1 -1 1 9 16 -1 -2
5 7 9 15 -1 15 -1 3 4 13 -1 -2
13 -1 1 2 14 -1 1 13 -1 -2
4 5 8 16 -1 3 8 10 -1 1 4 15 16 -1 -2
2 3 13 -1 2 6 12 13 -1 6 13 -1 -2
2 -1 3 5 6 12 -1 1 12 -1 -2
13 -1 8 -1 3 -1 -2
1 2 3 16 -1 8 9 10 12 -1 2 6 10 -1 -2
1 9 -1 2 3 16 -1 8 15 -1 -2
3 -1 2 7 11 13 -1 9 -1 -2
5 8 14 -1 8 12 -1 6 15 -1 -2
5 -1 1 8 -1 6 9 10 -1 -2
8 -1 7 -1 5 6 -1 -2
4 6 9 -1 10 -1 6 9 10 16 -1 -2
4 9 -1 1 5 10 12 -1 8 9 10 -1 -2
2 7 -1 2 3 12 -1 1 8 15 -1 -2
8 -1 3 7 -1 6 10 13 16 -1 -2
3 8 -1 3 11 -1 12 -1 -2
7 -1 3 7 -1 3 11 -1 -2
1 3 8 15 -1 3 -1 1 8 13 -1 -2
15 16 -1 7 10 12 16 -1 13 -1 -2
1 7 10 16 -1 2 5 6 8 -1 4 8 9 13 -1 -2
5 -1 8 15 16 -1 8 -1 -2
2 15 16 -1 8 -1 3 -1 -2
1 6 7 15 -1 2 14 16 -1 3 -1 -2
2 4 -1 11 -1 6 16 -1 -2
7 -1 6 8 9 13 -1 6 10 -1 -2
2 9 -1 5 6 15 -1 3 10 11 -1 -2
3 7 9 13 -1 10 16 -1 3 -1 -2
9 12 -1 10 11 16 -1 4 7 9 -1 -2
5 9 13 14 -1 16 -1 11 -1 -2
3 -1 15 -1 8 12 15 -1 -2
1 6 11 14 -1 1 9 14 15 -1 7 11 -1 -2
6 -1 8 -1 11 -1 -2
7 9 11 -1 3 12 16 -1 1 2 7 13 -1 -2
4 7 16 -1 4 6 -1 4 -1 -2
1 4 15 -1 7 12 -1 7 8 11 -1 -2
1 4 13 -1 5 8 9 11 -1 7 14 -1 -2
6 10 12 -1 12 -1 6 -1 -2
3 14 15 -1 4 6 8 9 -1 5 11 -1 -2
1 10 13 -1 4 16 -1 16 -1 -2
4 10 -1 3 9 -1 5 -1 -2
5 7 9 10 -1 10 13 16 -1 5 6 8 14 -1 -2
13 14 15 16 -1 2 12 13 -1 1 4 5 8 -1 -2
1 3 -1 2 8 14 -1 3 4 8 12 -1 -2
6 7 8 13 -1 3 4 11 -1 2 -1 -2
2 -1 2 6 7 14 -1 10 11 12 15 -1 -2
10 14 -1 4 12 -1 15 -1 -2
4 9 16 -1 4 5 11 -1 4 7 10 16 -1 -2
11 -1 10 -1 5 12 15 -1 -2
6 8 9 11 -1 1 7 10 15 -1 5 6 7 15 -1 -2
1 3 7 -1 3 7 8 16 -1 6 7 -1 -2
7 10 13 -1 5 10 -1 5 -1 -2
7 -1 5 6 7 9 -1 15 -1 -2
3 -1 2 -1 10 11 14 -1 -2
3 9 10 15 -1 5 8 14 16 -1 14 16 -1 -2
5 7 9 13 -1 6 7 14 16 -1 1 11 13 14 -1 -2
6 8 10 -1 4 6 7 14 -1 1 -1 -2
5 10 12 13 -1 2 5 10 -1 6 7 10 15 -1 -2
5 12 -1 15 -1 4 16 -1 -2
6 13 14 -1 1 2 3 -1 4 14 -1 -2
3 5 7 -1 16 -1 3 -1 -2
8 14 -1 11 16 -1 2 4 -1 -2
9 -1 2 15 -1 9 11 16 -1 -2
9 10 13 15 -1 2 4 5 15 -1 10 12 13 16 -1 -2
3 7 16 -1 4 -1 5 8 12 -1 -2
14 -1 1 5 8 10 -1 12 -1 -2
4 7 8 -1 6 15 -1 9 -1 -2
1 8 -1 12 -1 3 5 8 14 -1 -2
2 10 11 14 -1 6 8 12 -1 12 -1 -2
1 3 5 12 -1 4 14 -1 6 13 -1 -2
11 12 -1 1 8 -1 1 5 8 16 -1 -2
6 10 12 15 -1 12 -1 2 5 12 13 -1 -2
4 8 -1 1 13 -1 4 9 -1 -2
3 -1 12 -1 7 12 -1 -2
2 5 10 11 -1 1 -1 9 10 14 -1 -2
4 5 -1 4 6 -1 3 5 -1 -2
12 -1 1 11 12 -1 2 6 7 -1 -2
3 -1 1 -1 3 10 13 -1 -2
2 8 11 14 -1 2 3 13 -1 12 14 16 -1 -2
2 10 12 14 -1 9 -1 5 8 -1 -2
3 9 14 15 -1 3 6 11 -1 1 7 9 -1 -2
8 13 -1 8 11 -1 6 12 14 -1 -2
1 14 -1 7 -1 12 14 -1 -2
8 13 -1 5 10 11 -1 7 15 -1 -2
9 16 -1 6 7 12 -1 10 14 -1 -2
15 16 -1 8 13 -1 1 12 15 16 -1 -2
14 -1 7 9 14 -1 3 4 10 -1 -2
2 10 13 -1 1 6 7 -1 7 9 13 14 -1 -2
1 4 -1 6 8 13 14 -1 5 8 11 13 -1 -2
4 6 9 15 -1 3 7 11 -1 2 12 -1 -2
4 15 -1 5 11 -1 3 8 -1 -2
5 13 14 -1 3 4 6 10 -1 7 13 -1 -2
4 11 13 16 -1 2 8 9 14 -1 3 8 -1 -2
6 7 -1 3 9 -1 16 -1 -2
6 -1 4 6 10 -1 1 2 9 11 -1 -2
3 5 7 -1 7 11 12 -1 13 -1 -2
7 10 11 16 -1 7 -1 1 6 7 10 -1 -2
2 10 16 -1 5 8 9 10 -1 6 7 16 -1 -2
4 8 10 -1 12 -1 1 8 12 -1 -2
3 16 -1 2 13 15 16 -1 2 12 13 15 -1 -2
9 -1 1 4 10 16 -1 6 8 11 -1 -2
2 3 4 11 -1 1 -1 3 14 -1 -2
1 4 -1 6 11 13 16 -1 7 -1 -2
2 6 10 -1 4 5 11 14 -1 6 13 -1 -2
7 12 14 16 -1 12 15 -1 6 7 10 13 -1 -2
4 -1 1 14 -1 5 10 -1 -2
6 7 11 15 -1 13 -1 3 15 -1 -2
3 4 7 16 -1 2 5 12 14 -1 8 11 15 -1 -2
10 -1 12 15 16 -1 2 13 14 15 -1 -2
7 15 16 -1 1 11 15 -1 3 6 12 -1 -2
1 2 11 -1 8 11 14 -1 5 8 10 14 -1 -2
2 9 11 -1 8 14 -1 7 -1 -2
6 -1 1 11 15 -1 5 11 -1 -2
6 7 -1 2 3 13 -1 6 11 12 -1 -2
12 -1 4 9 13 16 -1 14 -1 -2
1 10 11 14 -1 8 -1 1 -1 -2
1 2 10 -1 6 8 9 12 -1 8 16 -1 -2
3 8 13 -1 3 6 12 16 -1 11 -1 -2
6 9 15 -1 1 2 3 11 -1 2 9 -1 -2
2 8 11 16 -1 8 10 12 16 -1 12 -1 -2
3 13 -1 1 13 15 -1 6 7 9 15 -1 -2
5 -1 3 6 -1 5 10 -1 -2
6 13 -1 11 -1 3 4 10 16 -1 -2
9 12 -1 3 8 -1 9 10 -1 -2
4 5 13 -1 5 12 15 16 -1 7 13 14 16 -1 -2
1 3 5 11 -1 4 6 13 16 -1 9 10 13 -1 -2
2 5 -1 14 16 -1 11 14 -1 -2
2 12 14 16 -1 1 2 6 -1 4 8 14 -1 -2
7 8 11 13 -1 15 -1 1 6 -1 -2
5 13 -1 10 12 14 -1 2 9 12 15 -1 -2
1 8 9 15 -1 1 8 9 -1 7 -1 -2
2 -1 16 -1 1 -1 -2
1 -1 8 -1 6 7 9 15 -1 -2
9 10 16 -1 1 6 13 16 -1 4 11 -1 -2
4 6 10 -1 3 5 -1 12 15 -1 -2
13 -1 1 3 12 14 -1 4 6 -1 -2
12 13 14 -1 2 7 12 14 -1 15 16 -1 -2
14 -1 1 2 -1 3 9 14 -1 -2
9 13 -1 2 8 -1 3 9 -1 -2
2 10 11 -1 11 -1 4 15 -1 -2
6 8 -1 15 -1 12 15 -1 -2
2 5 -1 5 12 13 -1 7 8 -1 -2
3 11 16 -1 2 12 13 -1 3 -1 -2
2 11 13 15 -1 4 5 16 -1 1 9 -1 -2
11 12 13 15 -1 4 7 13 -1 15 -1 -2
2 -1 9 12 16 -1 4 6 7 16 -1 -2
7 8 13 -1 3 4 10 15 -1 7 -1 -2
3 14 15 -1 7 15 -1 9 -1 -2
1 3 13 15 -1 6 12 -1 4 -1 -2
3 10 15 -1 1 6 9 -1 4 11 13 16 -1 -2
7 -1 2 4 7 9 -1 13 -1 -2
1 10 -1 4 8 14 -1 5 8 10 -1 -2
3 -1 2 4 -1 6 -1 -2
9 12 14 16 -1 7 -1 12 16 -1 -2
7 -1 5 9 -1 1 3 4 12 -1 -2
8 13 -1 4 14 -1 10 -1 -2
2 12 16 -1 6 7 12 -1 5 7 16 -1 -2
3 12 15 -1 7 10 13 -1 3 4 8 16 -1 -2
2 6 -1 5 11 -1 14 -1 -2
4 -1 7 9 13 -1 14 -1 -2
5 8 15 -1 4 11 14 15 -1 7 8 11 -1 -2
2 6 10 -1 5 -1 6 -1 -2
2 12 13 16 -1 1 12 14 -1 3 11 12 13 -1 -2
1 3 8 -1 4 6 -1 3 16 -1 -2
13 -1 8 10 11 -1 3 4 13 -1 -2
3 8 10 14 -1 15 -1 3 5 7 9 -1 -2
2 8 9 14 -1 3 -1 4 9 -1 -2
6 9 -1 1 3 13 -1 6 7 9 -1 -2
11 14 16 -1 2 -1 6 -1 -2
13 -1 9 11 -1 11 -1 -2
7 8 9 14 -1 2 11 15 16 -1 1 2 -1 -2
4 9 13 -1 5 12 -1 5 6 11 15 -1 -2
7 12 -1 12 -1 7 8 -1 -2
10 -1 2 6 7 13 -1 1 3 5 15 -1 -2
2 5 -1 14 -1 4 6 11 -1 -2
5 14 -1 1 3 11 15 -1 2 -1 -2
2 3 6 -1 1 13 14 -1 2 5 10 11 -1 -2
14 -1 2 4 9 10 -1 7 9 13 -1 -2
3 14 -1 4 15 -1 6 7 13 16 -1 -2
3 4 -1 3 13 -1 1 3 10 -1 -2
16 -1 10 -1 3 8 -1 -2
6 12 15 -1 5 7 9 -1 4 7 -1 -2
6 10 12 15 -1 1 2 8 10 -1 11 13 -1 -2
2 3 10 -1 6 8 9 10 -1 13 14 16 -1 -2
8 9 10 15 -1 7 16 -1 5 8 12 13 -1 -2
16 -1 13 16 -1 2 8 11 12 -1 -2
3 5 15 -1 4 5 8 14 -1 3 5 9 -1 -2
16 -1 3 5 11 14 -1 7 13 -1 -2
15 -1 9 10 15 -1 3 6 12 -1 -2
3 7 13 14 -1 6 -1 1 8 -1 -2
1 8 -1 16 -1 2 6 -1 -2
14 -1 9 12 13 14 -1 2 10 12 13 -1 -2
13 -1 2 6 12 -1 7 10 12 13 -1 -2
1 3 13 -1 6 10 -1 7 9 11 15 -1 -2
7 14 -1 8 10 11 13 -1 4 -1 -2
2 8 10 11 -1 5 13 14 -1 3 -1 -2
9 -1 8 -1 5 16 -1 -2
1 5 15 -1 3 9 14 -1 8 12 14 15 -1 -2
1 4 14 -1 7 -1 9 15 -1 -2
5 -1 1 13 -1 2 7 11 -1 -2
3 4 6 7 -1 2 7 8 -1 8 -1 -2
4 16 -1 11 -1 4 8 10 15 -1 -2
3 4 13 15 -1 16 -1 2 15 -1 -2
5 7 10 13 -1 3 5 14 -1 13 16 -1 -2
6 -1 3 6 9 -1 2 4 9 -1 -2
10 -1 8 11 13 -1 7 -1 -2
7 8 10 13 -1 3 7 14 -1 8 -1 -2
1 8 9 15 -1 5 8 -1 4 -1 -2
11 -1 6 14 16 -1 4 8 11 15 -1 -2
1 6 10 11 -1 16 -1 4 9 10 14 -1 -2
3 14 -1 1 11 12 -1 4 -1 -2
7 15 -1 2 8 10 15 -1 5 8 14 16 -1 -2
4 15 -1 6 15 -1 3 4 8 14 -1 -2
3 4 6 11 -1 2 8 11 15 -1 1 2 -1 -2
3 12 16 -1 16 -1 4 7 13 15 -1 -2
8 13 -1 5 13 16 -1 7 9 11 -1 -2
8 -1 9 -1 1 8 9 10 -1 -2
11 15 -1 4 11 12 -1 9 13 -1 -2
5 -1 1 5 10 -1 3 8 9 16 -1 -2
1 15 -1 8 -1 8 9 -1 -2
7 -1 9 12 -1 5 12 14 -1 -2
11 12 16 -1 1 5 13 15 -1 4 10 12 15 -1 -2
3 6 7 16 -1 6 8 12 13 -1 12 -1 -2
4 7 12 -1 2 4 8 11 -1 1 16 -1 -2
12 13 -1 1 15 -1 2 5 6 16 -1 -2
8 12 15 -1 11 -1 2 3 -1 -2
16 -1 10 -1 2 5 -1 -2
2 4 10 -1 1 7 8 9 -1 6 7 12 -1 -2
13 15 -1 8 9 -1 5 7 11 16 -1 -2
5 12 14 16 -1 10 -1 3 4 13 -1 -2
1 2 9 14 -1 3 9 15 16 -1 4 10 13 15 -1 -2
6 -1 8 10 11 16 -1 2 5 -1 -2
1 7 -1 3 15 -1 4 5 -1 -2
5 -1 2 7 9 13 -1 10 14 15 -1 -2
2 4 5 7 -1 5 16 -1 4 10 14 -1 -2
1 2 6 14 -1 13 16 -1 5 10 -1 -2
8 10 13 16 -1 12 16 -1 6 10 16 -1 -2
10 -1 3 10 16 -1 6 -1 -2
2 6 10 16 -1 6 -1 5 6 -1 -2
2 13 14 16 -1 5 6 10 14 -1 5 6 7 10 -1 -2
6 9 15 -1 2 6 7 10 -1 1 5 11 -1 -2
6 -1 2 12 13 15 -1 3 -1 -2
13 -1 2 9 10 16 -1 1 10 -1 -2
5 16 -1 5 6 13 16 -1 15 -1 -2
2 3 4 11 -1 4 -1 2 5 -1 -2
11 -1 6 12 14 16 -1 1 10 16 -1 -2
2 12 15 -1 3 5 7 13 -1 1 2 16 -1 -2
2 15 -1 4 -1 2 3 8 10 -1 -2
6 11 13 14 -1 7 15 -1 3 4 8 15 -1 -2
12 -1 5 -1 1 13 16 -1 -2
7 9 12 15 -1 8 11 -1 11 -1 -2
4 -1 7 8 -1 3 6 7 10 -1 -2
6 7 12 13 -1 16 -1 6 11 -1 -2
7 10 -1 1 5 8 11 -1 2 -1 -2
12 -1 6 11 16 -1 5 13 -1 -2
15 -1 15 -1 5 8 11 15 -1 -2
12 16 -1 13 -1 1 8 -1 -2
7 -1 4 8 10 15 -1 15 -1 -2
1 2 -1 2 5 10 14 -1 5 8 16 -1 -2
4 7 12 16 -1 12 -1 2 3 6 11 -1 -2
4 -1 16 -1 1 2 8 -1 -2
5 15 -1 6 8 -1 3 8 9 13 -1 -2
16 -1 14 15 -1 10 14 -1 -2
8 10 12 -1 7 10 -1 1 3 11 14 -1 -2
1 3 7 11 -1 1 5 8 -1 3 7 10 -1 -2
9 -1 1 4 5 -1 5 7 -1 -2
8 10 12 -1 7 12 -1 1 5 12 14 -1 -2
2 8 11 -1 8 10 11 -1 1 2 3 -1 -2
1 3 8 -1 6 11 16 -1 5 9 10 15 -1 -2
7 12 -1 4 6 9 14 -1 10 13 14 15 -1 -2
13 -1 2 5 7 9 -1 3 4 10 14 -1 -2
2 5 6 13 -1 1 7 -1 10 -1 -2
7 13 -1 1 2 9 15 -1 11 16 -1 -2
3 4 8 11 -1 1 2 13 -1 4 15 -1 -2
2 7 16 -1 4 7 -1 7 -1 -2
1 2 6 11 -1 4 7 12 -1 6 10 14 -1 -2
7 10 11 -1 1 12 -1 1 8 10 13 -1 -2
2 -1 6 -1 2 13 16 -1 -2
3 10 11 -1 4 8 14 16 -1 1 3 13 -1 -2
13 -1 3 11 16 -1 9 12 15 -1 -2
12 15 -1 6 12 14 -1 9 12 13 16 -1 -2
8 9 13 14 -1 4 9 -1 3 7 8 -1 -2
3 -1 7 9 12 16 -1 2 8 10 11 -1 -2
14 15 -1 2 9 11 -1 10 11 12 -1 -2
6 9 12 -1 4 6 10 12 -1 5 6 13 15 -1 -2
14 -1 15 -1 4 11 13 15 -1 -2
1 3 5 12 -1 1 4 12 13 -1 13 15 -1 -2
2 -1 1 5 -1 7 -1 -2
4 13 -1 4 11 12 15 -1 3 5 12 16 -1 -2
3 4 13 -1 14 -1 1 3 13 -1 -2
7 10 -1 2 9 11 13 -1 4 12 14 16 -1 -2
3 10 11 -1 3 5 10 -1 3 12 -1 -2
2 9 10 -1 3 7 10 13 -1 9 -1 -2
3 11 14 -1 2 10 11 -1 10 12 -1 -2
5 10 -1 9 13 -1 3 -1 -2
6 13 14 16 -1 4 -1 3 16 -1 -2
4 7 -1 2 11 12 -1 2 8 -1 -2
1 14 15 -1 1 3 9 15 -1 4 5 12 16 -1 -2
1 6 14 -1 5 9 14 -1 6 9 14 -1 -2
6 11 -1 1 15 -1 6 7 -1 -2
3 9 -1 1 4 9 14 -1 2 -1 -2
10 -1 2 8 14 15 -1 1 5 -1 -2
3 5 6 16 -1 4 7 11 15 -1 4 9 13 16 -1 -2
12 13 -1 14 -1 10 11 14 -1 -2
11 -1 9 13 16 -1 1 7 -1 -2
4 7 12 13 -1 1 -1 10 -1 -2
6 -1 5 9 13 -1 4 5 6 -1 -2
1 8 13 14 -1 5 7 8 16 -1 4 -1 -2
5 -1 6 8 13 -1 6 -1 -2
12 -1 3 9 13 15 -1 2 15 16 -1 -2
10 13 -1 3 10 -1 5 9 11 15 -1 -2
1 11 -1 9 -1 6 15 -1 -2
2 12 -1 5 8 9 15 -1 14 -1 -2
7 11 -1 3 5 13 -1 10 -1 -2
5 15 -1 3 4 9 10 -1 6 -1 -2
1 14 -1 1 4 5 10 -1 2 3 4 9 -1 -2
3 12 14 -1 10 -1 8 -1 -2
10 -1 9 -1 1 2 -1 -2
7 14 -1 7 9 10 12 -1 7 16 -1 -2
2 -1 2 4 13 16 -1 4 7 13 15 -1 -2
2 10 11 16 -1 9 11 -1 8 16 -1 -2
3 5 9 15 -1 2 4 13 14 -1 6 11 -1 -2
4 -1 8 15 -1 1 4 12 -1 -2
13 -1 5 7 11 15 -1 1 3 14 -1 -2
10 -1 6 -1 9 11 -1 -2
7 16 -1 2 12 13 -1 2 4 7 15 -1 -2
2 6 7 -1 14 -1 4 7 10 13 -1 -2
10 16 -1 6 8 13 -1 2 8 10 -1 -2
8 -1 6 7 13 16 -1 1 2 4 5 -1 -2
1 7 11 -1 3 15 -1 5 6 9 11 -1 -2
6 13 -1 6 11 13 -1 10 -1 -2
2 3 8 11 -1 5 11 14 -1 15 -1 -2
7 -1 7 9 15 -1 1 7 -1 -2
3 9 -1 3 6 8 12 -1 8 14 -1 -2
4 13 15 -1 5 14 -1 8 -1 -2
3 10 -1 11 14 -1 11 14 15 -1 -2
1 4 13 14 -1 7 12 -1 4 -1 -2
15 16 -1 1 4 13 -1 10 16 -1 -2
1 3 5 12 -1 3 7 13 16 -1 5 -1 -2
3 10 12 14 -1 13 -1 3 11 15 -1 -2
4 15 -1 3 4 11 14 -1 6 16 -1 -2
7 -1 7 13 15 16 -1 1 2 5 10 -1 -2
2 11 12 -1 4 7 -1 11 14 15 16 -1 -2
3 4 -1 7 8 9 -1 11 12 -1 -2
4 5 10 13 -1 10 16 -1 4 6 9 16 -1 -2
3 10 -1 6 11 15 -1 13 -1 -2
3 12 -1 10 -1 1 5 6 9 -1 -2
7 8 -1 3 10 -1 6 16 -1 -2
5 -1 1 4 -1 4 -1 -2
5 11 15 -1 8 11 -1 2 10 -1 -2
8 -1 5 7 14 16 -1 4 5 15 -1 -2
7 9 -1 4 5 16 -1 3 -1 -2
2 4 -1 3 9 -1 4 5 9 -1 -2
10 -1 2 3 8 16 -1 10 -1 -2
7 13 -1 14 -1 9 12 13 -1 -2
8 13 -1 4 5 11 -1 2 4 16 -1 -2
4 5 10 -1 5 -1 14 -1 -2
1 9 10 -1 2 3 4 10 -1 2 16 -1 -2
2 3 8 11 -1 8 10 14 16 -1 6 13 16 -1 -2
10 12 14 -1 7 12 16 -1 16 -1 -2
2 3 5 10 -1 5 -1 2 11 12 13 -1 -2
5 14 -1 3 11 12 -1 5 6 12 -1 -2
7 -1 3 11 -1 1 2 9 14 -1 -2
2 11 -1 12 13 -1 9 10 -1 -2
3 -1 12 13 -1 1 2 14 -1 -2
4 13 -1 4 -1 7 11 -1 -2
12 -1 16 -1 4 10 11 15 -1 -2
11 -1 4 10 15 -1 4 11 13 16 -1 -2
1 7 8 -1 14 -1 13 -1 -2
7 15 -1 11 14 -1 1 13 15 -1 -2
1 3 5 6 -1 7 -1 2 11 12 16 -1 -2
4 7 11 -1 15 -1 2 13 -1 -2
14 -1 2 -1 5 11 -1 -2
10 -1 2 5 10 15 -1 8 10 -1 -2
2 -1 14 -1 5 9 12 14 -1 -2
7 9 15 16 -1 1 15 -1 9 -1 -2
2 6 9 15 -1 8 12 -1 1 6 10 15 -1 -2
2 7 11 12 -1 8 10 14 -1 13 -1 -2
7 8 9 13 -1 2 7 10 11 -1 11 13 -1 -2
9 13 -1 3 6 -1 5 -1 -2
1 7 9 16 -1 8 11 14 16 -1 15 -1 -2
2 7 9 10 -1 1 3 14 15 -1 2 5 6 11 -1 -2
6 10 11 -1 3 7 15 16 -1 16 -1 -2
8 15 -1 5 9 14 -1 4 16 -1 -2
3 5 13 -1 4 10 14 -1 4 13 -1 -2
3 10 11 16 -1 3 13 -1 2 5 13 -1 -2
7 16 -1 9 12 15 16 -1 7 9 -1 -2
1 3 7 -1 1 2 7 -1 7 9 14 16 -1 -2
10 -1 1 6 8 12 -1 15 -1 -2
4 7 11 -1 6 7 9 12 -1 2 10 15 -1 -2
6 12 -1 10 15 -1 3 -1 -2
1 3 7 -1 4 10 -1 4 11 -1 -2
1 12 14 16 -1 2 14 -1 3 7 -1 -2
4 5 10 12 -1 15 -1 2 5 9 -1 -2
5 6 -1 4 6 9 14 -1 1 6 -1 -2
16 -1 16 -1 2 -1 -2
9 -1 1 2 8 -1 3 4 9 10 -1 -2
1 3 11 -1 4 7 12 16 -1 5 16 -1 -2
5 14 -1 4 -1 6 11 16 -1 -2
1 4 6 -1 12 -1 1 -1 -2
6 16 -1 12 -1 10 11 -1 -2
1 2 5 8 -1 5 8 11 16 -1 2 11 -1 -2
8 9 11 -1 1 2 9 12 -1 3 9 10 16 -1 -2
3 8 11 15 -1 7 10 11 15 -1 7 10 12 14 -1 -2
1 8 13 14 -1 8 16 -1 7 13 -1 -2
3 5 13 15 -1 5 8 -1 8 13 -1 -2
5 9 -1 5 10 16 -1 1 3 11 -1 -2
5 7 13 15 -1 1 2 -1 4 12 14 -1 -2
8 -1 1 12 14 -1 8 10 12 15 -1 -2
4 -1 3 -1 1 11 12 13 -1 -2
7 12 -1 7 15 -1 9 -1 -2
4 -1 1 6 11 -1 6 11 13 16 -1 -2
7 11 14 15 -1 7 9 -1 1 10 13 15 -1 -2
2 3 7 -1 1 15 -1 4 5 14 -1 -2
6 -1 1 10 -1 8 15 -1 -2
11 15 -1 2 4 8 11 -1 7 8 10 13 -1 -2
7 10 12 13 -1 3 -1 4 6 -1 -2
6 -1 3 7 -1 3 7 15 -1 -2
9 12 16 -1 6 8 -1 12 13 -1 -2
5 12 13 14 -1 6 8 15 -1 7 13 15 -1 -2
3 5 7 14 -1 11 -1 4 7 14 15 -1 -2
2 7 9 16 -1 2 4 5 -1 2 14 15 -1 -2
10 11 13 -1 4 7 8 11 -1 16 -1 -2
3 5 7 9 -1 2 -1 3 11 -1 -2
3 14 -1 6 8 12 16 -1 9 -1 -2
14 16 -1 1 2 5 10 -1 5 -1 -2
8 16 -1 4 12 -1 6 16 -1 -2
8 13 15 -1 8 -1 2 7 10 -1 -2
1 -1 4 13 -1 3 4 7 -1 -2
14 -1 4 7 14 16 -1 16 -1 -2
4 -1 3 8 10 12 -1 5 -1 -2
2 5 6 -1 8 10 -1 1 13 -1 -2
3 14 -1 6 11 -1 2 15 -1 -2
1 10 15 -1 5 10 -1 4 12 15 -1 -2
3 11 15 16 -1 14 -1 3 8 11 15 -1 -2
1 6 9 10 -1 2 10 14 15 -1 2 6 12 -1 -2
5 9 12 13 -1 2 11 16 -1 12 14 -1 -2
7 9 13 -1 4 9 13 -1 4 8 11 15 -1 -2
1 5 16 -1 7 8 10 -1 2 12 -1 -2
11 13 -1 2 -1 10 16 -1 -2
1 -1 10 -1 1 9 14 -1 -2
4 11 -1 1 2 3 5 -1 1 3 8 -1 -2
7 -1 1 -1 1 3 10 -1 -2
1 8 -1 7 11 -1 6 9 13 -1 -2
5 7 13 14 -1 5 12 14 -1 1 3 10 14 -1 -2
6 11 -1 5 10 -1 15 -1 -2
7 8 10 -1 1 2 8 -1 6 10 15 -1 -2
11 13 -1 15 -1 1 6 11 13 -1 -2
5 9 10 -1 5 12 -1 5 11 16 -1 -2
2 7 8 14 -1 1 -1 2 11 15 -1 -2
11 -1 6 8 14 -1 1 4 -1 -2
12 -1 5 8 9 15 -1 2 -1 -2
2 4 12 -1 1 3 8 11 -1 6 8 -1 -2
3 -1 4 6 10 14 -1 3 4 16 -1 -2
13 -1 1 5 15 -1 2 -1 -2
12 14 -1 3 6 14 16 -1 9 -1 -2
5 -1 7 9 10 -1 4 10 -1 -2
1 -1 4 -1 3 -1 -2
5 -1 3 8 9 10 -1 4 6 12 -1 -2
3 -1 1 2 -1 3 7 -1 -2
11 -1 5 6 11 -1 7 10 -1 -2
1 6 12 -1 7 10 11 12 -1 2 3 6 13 -1 -2
7 9 12 13 -1 5 12 14 15 -1 2 8 9 -1 -2
5 8 15 -1 2 9 -1 4 11 14 -1 -2
8 -1 12 -1 2 6 7 -1 -2
12 16 -1 1 11 16 -1 8 13 -1 -2
3 5 12 -1 5 -1 4 6 13 15 -1 -2
4 7 -1 1 2 4 9 -1 15 -1 -2
1 15 16 -1 2 6 10 -1 10 15 -1 -2
4 8 13 16 -1 1 2 8 -1 4 8 15 16 -1 -2
1 3 5 9 -1 2 -1 4 9 10 -1 -2
1 7 9 -1 11 12 14 -1 1 -1 -2
10 12 13 -1 5 9 -1 1 3 7 13 -1 -2
5 7 13 16 -1 5 8 13 14 -1 9 -1 -2
6 7 10 14 -1 1 -1 2 12 -1 -2
2 3 10 -1 9 -1 2 5 7 12 -1 -2
7 -1 1 2 12 -1 10 -1 -2
15 -1 16 -1 10 -1 -2
3 5 13 14 -1 7 14 -1 4 5 7 -1 -2
11 -1 5 -1 4 13 15 -1 -2
1 2 7 -1 1 2 10 16 -1 4 5 13 16 -1 -2
4 5 9 -1 1 11 12 -1 2 6 8 -1 -2
9 11 14 -1 4 9 11 14 -1 1 3 10 -1 -2
1 8 9 11 -1 6 12 15 -1 4 11 14 -1 -2
5 16 -1 6 7 -1 14 -1 -2
8 -1 6 13 15 -1 1 14 -1 -2
4 7 12 16 -1 4 8 13 -1 3 13 15 16 -1 -2
2 6 11 15 -1 6 -1 5 7 13 -1 -2
7 8 -1 11 -1 1 4 6 13 -1 -2
1 5 9 -1 5 12 -1 13 14 -1 -2
5 6 9 12 -1 7 10 15 -1 4 8 13 16 -1 -2
1 2 -1 6 13 -1 16 -1 -2
2 4 -1 12 14 -1 3 5 10 14 -1 -2
4 6 8 -1 2 11 16 -1 4 5 8 15 -1 -2
2 3 7 -1 16 -1 2 5 7 8 -1 -2
8 -1 4 5 10 13 -1 3 7 -1 -2
6 14 -1 3 -1 14 -1 -2
2 12 -1 2 3 4 -1 3 -1 -2
1 5 -1 3 13 -1 3 5 9 -1 -2
11 14 -1 7 -1 8 12 13 -1 -2
16 -1 2 3 -1 15 -1 -2
11 -1 1 8 9 -1 6 8 15 -1 -2
5 8 9 16 -1 3 5 14 -1 2 10 -1 -2
1 3 5 10 -1 1 13 -1 1 5 -1 -2
1 10 13 16 -1 9 12 15 -1 4 8 -1 -2
13 -1 7 8 10 -1 3 -1 -2
7 11 15 16 -1 5 14 -1 5 -1 -2
4 10 16 -1 1 9 14 15 -1 2 3 5 8 -1 -2
4 7 14 -1 16 -1 3 5 12 13 -1 -2
3 14 -1 1 4 10 -1 7 -1 -2
5 7 10 11 -1 5 6 12 16 -1 5 7 -1 -2
13 -1 13 14 -1 6 8 9 16 -1 -2
3 6 7 11 -1 1 6 8 -1 2 9 10 12 -1 -2
7 12 16 -1 1 2 5 -1 1 -1 -2
3 7 -1 10 11 13 -1 1 6 9 11 -1 -2
6 12 -1 1 11 -1 6 10 11 -1 -2
15 -1 12 15 16 -1 12 13 -1 -2
12 -1 3 -1 4 15 16 -1 -2
4 -1 1 7 12 -1 9 11 16 -1 -2
5 7 -1 7 13 16 -1 3 12 -1 -2
2 6 9 -1 6 9 14 -1 1 -1 -2
12 15 16 -1 8 12 15 16 -1 2 -1 -2
5 9 10 13 -1 5 10 15 16 -1 10 -1 -2
3 10 14 -1 4 -1 7 12 15 -1 -2
7 13 14 16 -1 3 4 8 -1 5 -1 -2
16 -1 10 15 16 -1 8 -1 -2
3 4 8 12 -1 7 13 -1 2 10 16 -1 -2
5 8 11 -1 2 12 14 15 -1 1 9 -1 -2
12 -1 11 -1 1 8 16 -1 -2
1 8 16 -1 2 15 -1 12 13 -1 -2
7 9 12 14 -1 6 -1 13 14 -1 -2
1 4 5 6 -1 5 8 -1 2 7 13 16 -1 -2
4 9 10 -1 4 -1 7 14 -1 -2
6 10 11 16 -1 7 9 11 12 -1 1 -1 -2
11 -1 1 5 7 15 -1 3 4 6 13 -1 -2
3 13 16 -1 1 4 10 16 -1 4 -1 -2
8 -1 8 -1 11 12 14 -1 -2
2 6 10 -1 6 -1 7 10 11 12 -1 -2
8 10 14 15 -1 2 11 16 -1 11 14 -1 -2
7 -1 4 10 -1 3 12 -1 -2
1 6 -1 1 11 -1 13 -1 -2
2 -1 11 12 -1 15 -1 -2
5 6 14 15 -1 8 9 15 -1 2 12 14 15 -1 -2
1 2 9 10 -1 9 -1 3 13 -1 -2
15 -1 8 -1 10 14 -1 -2
4 7 13 15 -1 6 -1 7 14 -1 -2
6 -1 15 -1 2 4 10 11 -1 -2
2 6 -1 1 3 15 -1 4 10 14 -1 -2
2 10 -1 3 7 9 10 -1 1 5 9 16 -1 -2
8 -1 12 -1 1 4 9 15 -1 -2
4 13 -1 9 13 -1 9 -1 -2
3 7 8 10 -1 7 9 11 13 -1 2 7 10 14 -1 -2
4 6 8 -1 7 12 -1 4 5 9 14 -1 -2
11 -1 3 7 14 -1 3 5 14 16 -1 -2
5 16 -1 6 7 12 -1 4 15 -1 -2
9 -1 13 -1 6 9 -1 -2
8 14 -1 2 6 -1 2 -1 -2
11 -1 9 13 16 -1 1 11 13 16 -1 -2
5 -1 2 6 8 9 -1 2 5 12 -1 -2
7 15 -1 4 15 16 -1 7 9 -1 -2
4 6 10 13 -1 2 5 11 -1 5 -1 -2
1 3 7 15 -1 9 12 13 14 -1 8 16 -1 -2
10 -1 4 6 13 14 -1 3 5 11 -1 -2
4 12 13 -1 9 11 15 -1 2 14 15 -1 -2
6 13 -1 2 5 9 -1 1 2 12 -1 -2
2 7 14 -1 4 13 16 -1 13 14 -1 -2
5 6 8 -1 1 6 15 -1 3 -1 -2
5 8 9 11 -1 3 11 13 -1 6 9 -1 -2
9 12 14 -1 5 7 16 -1 1 2 9 -1 -2
7 10 12 -1 1 8 13 14 -1 5 10 11 -1 -2
2 4 7 12 -1 7 8 11 13 -1 1 4 15 -1 -2
8 -1 1 4 7 -1 1 4 -1 -2
7 9 -1 9 12 15 -1 3 11 13 -1 -2
3 5 7 -1 4 9 13 16 -1 11 -1 -2
11 14 16 -1 3 4 6 7 -1 4 9 16 -1 -2
6 10 11 -1 4 6 -1 16 -1 -2
5 8 -1 6 8 16 -1 1 5 16 -1 -2
5 -1 8 14 -1 2 6 14 -1 -2
10 13 -1 14 -1 6 7 10 12 -1 -2
5 11 13 -1 1 6 7 16 -1 2 7 9 10 -1 -2
4 5 7 -1 9 -1 5 11 14 -1 -2
7 14 -1 4 6 -1 7 11 -1 -2
7 8 13 14 -1 1 4 11 -1 5 6 14 16 -1 -2
15 -1 3 4 13 -1 1 5 14 15 -1 -2
1 14 15 -1 2 -1 5 16 -1 -2
9 -1 8 -1 9 14 15 -1 -2
5 -1 9 10 13 15 -1 3 6 16 -1 -2
1 5 7 16 -1 15 16 -1 5 6 -1 -2
1 3 14 15 -1 3 14 -1 7 -1 -2
1 -1 4 6 -1 3 11 -1 -2
10 13 -1 2 8 10 11 -1 4 14 -1 -2
1 -1 2 10 15 -1 5 13 16 -1 -2
1 7 10 16 -1 1 13 15 16 -1 6 12 -1 -2
4 12 -1 3 6 12 15 -1 6 7 16 -1 -2
5 7 8 -1 7 8 -1 1 5 11 16 -1 -2
1 6 11 -1 12 15 16 -1 6 -1 -2
5 -1 7 12 13 15 -1 1 11 15 -1 -2
11 12 -1 1 13 15 -1 4 6 -1 -2
13 -1 7 -1 5 -1 -2
2 5 -1 13 -1 3 4 9 -1 -2
10 -1 14 -1 2 9 13 16 -1 -2
1 6 9 11 -1 11 -1 6 7 9 16 -1 -2
7 10 13 -1 4 5 6 -1 1 -1 -2
1 4 15 16 -1 9 -1 6 -1 -2
4 -1 10 -1 9 -1 -2
9 -1 9 -1 1 4 15 -1 -2
9 14 15 -1 7 8 11 16 -1 8 12 15 -1 -2
4 7 12 15 -1 13 15 -1 4 14 15 -1 -2
10 14 15 -1 3 7 9 -1 2 -1 -2
3 10 -1 2 8 12 14 -1 5 -1 -2
7 -1 1 4 13 -1 1 5 8 10 -1 -2
10 11 12 15 -1 13 -1 4 5 13 -1 -2
1 3 12 -1 4 8 9 13 -1 3 -1 -2
9 11 -1 9 -1 2 10 12 14 -1 -2
4 15 -1 3 8 13 14 -1 3 11 -1 -2
7 11 12 -1 7 10 12 15 -1 10 14 15 -1 -2
13 -1 11 15 16 -1 3 7 11 -1 -2
11 15 -1 1 10 13 16 -1 7 8 14 15 -1 -2
5 -1 8 11 13 -1 4 6 12 -1 -2
7 9 13 -1 2 -1 14 -1 -2
1 15 -1 12 -1 3 4 10 -1 -2
1 10 13 -1 2 4 12 15 -1 3 4 14 16 -1 -2
8 9 -1 2 4 11 -1 4 12 13 -1 -2
1 4 5 12 -1 1 13 14 16 -1 6 10 13 14 -1 -2
5 6 10 15 -1 1 10 13 -1 7 13 15 -1 -2
15 16 -1 1 9 12 -1 2 16 -1 -2
15 -1 2 6 -1 12 -1 -2
10 16 -1 3 8 12 15 -1 2 13 15 16 -1 -2
4 7 12 14 -1 4 6 10 14 -1 3 8 9 -1 -2
11 -1 7 13 -1 5 14 -1 -2
3 15 -1 7 -1 2 14 15 -1 -2
8 10 -1 3 4 11 15 -1 6 -1 -2
5 -1 12 -1 5 8 11 -1 -2
4 5 7 10 -1 3 7 -1 8 14 15 16 -1 -2
1 6 8 11 -1 4 -1 11 13 -1 -2
4 12 16 -1 1 3 8 -1 4 15 -1 -2
7 11 12 14 -1 9 14 -1 4 6 10 -1 -2
4 7 8 9 -1 14 -1 4 5 6 11 -1 -2
4 5 14 15 -1 5 9 12 -1 12 13 -1 -2
8 10 12 14 -1 5 7 8 13 -1 13 -1 -2
1 8 -1 4 10 -1 3 -1 -2
1 4 7 11 -1 7 -1 6 7 12 -1 -2
3 6 -1 3 5 8 9 -1 4 9 13 -1 -2
8 16 -1 7 14 15 -1 5 7 10 -1 -2
6 11 12 -1 3 8 10 -1 3 15 -1 -2
8 16 -1 7 8 13 -1 1 5 10 13 -1 -2
2 5 14 16 -1 13 -1 4 5 13 -1 -2
9 11 -1 10 -1 1 2 3 13 -1 -2
7 -1 1 2 13 -1 1 3 13 -1 -2
1 3 4 13 -1 7 -1 1 2 -1 -2
6 14 -1 3 14 -1 7 -1 -2
11 13 -1 7 9 -1 1 6 -1 -2
1 7 -1 8 -1 1 11 14 -1 -2
10 11 12 13 -1 4 6 14 -1 5 8 9 14 -1 -2
7 12 -1 2 8 -1 3 4 -1 -2
6 -1 7 14 15 -1 4 9 14 16 -1 -2
2 -1 5 10 15 -1 1 10 11 -1 -2
3 -1 5 7 -1 14 15 -1 -2
6 7 9 -1 3 9 10 15 -1 4 -1 -2
3 8 14 -1 1 8 9 13 -1 1 2 13 -1 -2
8 -1 2 16 -1 3 -1 -2
4 7 8 -1 1 16 -1 11 -1 -2
11 -1 15 -1 4 -1 -2
4 5 13 -1 7 -1 2 10 15 -1 -2
7 -1 4 11 13 14 -1 12 15 -1 -2
4 -1 9 -1 7 12 16 -1 -2
2 9 14 16 -1 2 -1 4 8 16 -1 -2
10 -1 1 -1 6 16 -1 -2
7 -1 7 9 -1 5 7 11 -1 -2
1 -1 7 9 -1 9 11 -1 -2
1 10 -1 7 10 -1 5 7 8 -1 -2
4 8 -1 1 5 10 12 -1 3 -1 -2
1 3 12 13 -1 5 -1 2 6 13 15 -1 -2
4 7 -1 4 5 10 14 -1 1 2 15 -1 -2
5 12 -1 1 -1 3 10 13 -1 -2
4 16 -1 13 14 -1 1 4 9 16 -1 -2
4 8 15 -1 7 11 14 -1 1 10 14 -1 -2
9 -1 1 5 10 12 -1 7 11 -1 -2
1 2 5 10 -1 3 5 7 -1 8 11 13 15 -1 -2
1 11 -1 2 6 -1 10 -1 -2
3 4 10 12 -1 7 -1 3 5 11 -1 -2
16 -1 3 8 9 16 -1 5 6 9 11 -1 -2
3 9 -1 2 7 13 -1 8 11 -1 -2
2 5 13 -1 13 15 -1 11 16 -1 -2
9 15 -1 4 8 10 -1 15 -1 -2
3 -1 12 -1 5 8 13 -1 -2
4 14 -1 13 15 -1 7 10 14 15 -1 -2
4 10 -1 5 6 11 14 -1 6 8 -1 -2
5 -1 6 -1 1 9 13 14 -1 -2
6 -1 2 14 15 16 -1 3 15 -1 -2
3 7 13 -1 1 8 -1 4 11 -1 -2
1 8 9 12 -1 1 9 -1 8 16 -1 -2
2 -1 6 7 10 -1 1 10 11 16 -1 -2
4 10 12 15 -1 1 7 10 14 -1 9 15 -1 -2
10 12 13 -1 3 -1 10 15 -1 -2
3 9 -1 1 5 -1 5 12 15 -1 -2
3 9 11 13 -1 4 -1 6 -1 -2
2 6 13 14 -1 2 6 11 -1 9 12 -1 -2
1 9 -1 3 7 11 15 -1 8 13 -1 -2
2 5 9 14 -1 5 7 9 13 -1 5 6 7 -1 -2
9 15 -1 8 14 -1 2 10 11 -1 -2
11 12 -1 5 6 11 15 -1 7 14 -1 -2
8 13 16 -1 3 5 -1 1 5 11 16 -1 -2
1 13 15 -1 4 6 15 16 -1 7 16 -1 -2
15 16 -1 8 -1 13 -1 -2
8 11 12 13 -1 6 8 -1 6 8 -1 -2
1 3 12 13 -1 3 12 15 -1 2 4 -1 -2
5 13 -1 1 3 8 13 -1 11 -1 -2
5 9 13 -1 6 12 14 -1 4 12 -1 -2
14 -1 5 8 11 13 -1 9 10 -1 -2
1 5 15 -1 4 7 9 -1 10 11 15 -1 -2
12 -1 3 7 10 15 -1 13 -1 -2
1 -1 9 10 13 15 -1 10 -1 -2
5 -1 5 8 13 14 -1 13 -1 -2
5 16 -1 5 7 16 -1 1 7 9 13 -1 -2
15 -1 3 4 -1 7 8 11 16 -1 -2
1 -1 3 13 -1 1 5 6 -1 -2
6 13 14 -1 12 -1 2 7 12 15 -1 -2
3 16 -1 2 12 13 16 -1 1 3 14 -1 -2
5 10 -1 1 5 9 12 -1 1 4 12 -1 -2
3 6 8 -1 15 -1 2 4 9 -1 -2
1 2 9 15 -1 3 -1 2 11 14 -1 -2
1 3 6 13 -1 4 9 -1 3 6 7 8 -1 -2
9 14 -1 1 -1 11 16 -1 -2
4 5 11 14 -1 3 4 10 -1 9 -1 -2
1 4 11 16 -1 11 -1 2 13 -1 -2
2 7 -1 7 8 13 16 -1 9 -1 -2
5 11 14 -1 1 2 13 -1 4 -1 -2
2 5 15 16 -1 1 9 13 15 -1 4 -1 -2
6 12 -1 1 5 -1 1 3 16 -1 -2
3 4 9 -1 6 8 13 -1 3 13 14 -1 -2
7 16 -1 4 5 13 -1 15 -1 -2
1 11 12 13 -1 9 -1 8 10 -1 -2
5 8 14 -1 15 -1 16 -1 -2
7 11 -1 1 11 -1 12 -1 -2
7 10 13 14 -1 4 5 13 -1 11 12 -1 -2
5 12 -1 1 6 12 14 -1 12 -1 -2
6 -1 1 -1 8 11 -1 -2
6 12 13 -1 6 8 11 13 -1 2 7 9 15 -1 -2
1 5 13 15 -1 3 4 7 -1 2 8 11 15 -1 -2
13 -1 10 13 -1 9 16 -1 -2
2 -1 4 5 11 13 -1 13 -1 -2
3 -1 4 7 8 13 -1 1 -1 -2
7 9 12 14 -1 15 -1 5 15 -1 -2
12 -1 10 12 16 -1 4 6 10 -1 -2
4 15 16 -1 4 -1 15 -1 -2
3 9 15 -1 5 12 -1 3 12 14 -1 -2
6 12 -1 2 7 13 15 -1 1 7 12 -1 -2
3 5 6 14 -1 1 4 13 16 -1 2 7 11 16 -1 -2
3 9 11 -1 15 -1 1 6 9 -1 -2
2 9 15 -1 2 8 16 -1 5 9 -1 -2
12 14 -1 6 -1 4 5 -1 -2
5 7 15 -1 8 10 11 13 -1 2 11 12 -1 -2
9 -1 3 4 7 16 -1 6 7 8 13 -1 -2
14 -1 1 2 3 9 -1 3 10 -1 -2
1 3 -1 4 13 14 -1 4 11 16 -1 -2
15 -1 3 6 9 12 -1 3 -1 -2
2 16 -1 3 -1 2 16 -1 -2
1 9 14 15 -1 6 12 -1 10 -1 -2
14 -1 5 7 9 -1 16 -1 -2
2 8 9 11 -1 5 6 8 -1 2 5 -1 -2
16 -1 7 8 9 12 -1 4 14 -1 -2
5 8 11 -1 1 9 15 -1 2 9 -1 -2
14 -1 12 -1 5 9 11 12 -1 -2
5 -1 9 13 -1 1 4 14 -1 -2
4 -1 12 15 -1 2 4 10 14 -1 -2
8 12 13 15 -1 7 10 13 -1 2 6 14 -1 -2
5 6 8 9 -1 2 5 -1 2 7 -1 -2
2 5 6 7 -1 6 8 11 -1 4 16 -1 -2
16 -1 3 13 -1 1 9 -1 -2
1 6 11 13 -1 2 4 10 14 -1 3 -1 -2
9 11 12 -1 9 10 -1 5 11 14 15 -1 -2
6 -1 1 2 11 -1 7 -1 -2
10 -1 7 10 11 -1 2 11 13 -1 -2
4 7 12 -1 7 12 -1 2 5 6 8 -1 -2
7 12 13 -1 12 -1 4 7 10 11 -1 -2
6 8 12 -1 1 3 16 -1 9 10 11 -1 -2
2 -1 11 -1 4 6 12 -1 -2
2 -1 7 10 11 -1 9 -1 -2
5 13 -1 2 7 16 -1 4 -1 -2
4 8 12 15 -1 1 9 13 16 -1 5 -1 -2
2 4 6 12 -1 3 4 15 -1 1 4 10 -1 -2
1 2 11 -1 11 14 -1 16 -1 -2
16 -1 10 -1 4 8 10 12 -1 -2
8 16 -1 13 14 -1 1 5 9 12 -1 -2
3 5 7 11 -1 13 14 -1 1 2 11 15 -1 -2
8 15 -1 14 15 -1 11 16 -1 -2
1 13 14 16 -1 10 -1 6 7 8 13 -1 -2
2 6 11 14 -1 4 5 11 -1 5 11 13 -1 -2
6 8 9 -1 4 5 15 16 -1 11 -1 -2
4 7 15 -1 3 10 14 16 -1 15 -1 -2
1 7 11 -1 3 -1 11 15 -1 -2
4 7 -1 2 5 6 7 -1 2 6 16 -1 -2
2 5 6 9 -1 7 13 -1 5 9 11 16 -1 -2
11 -1 1 6 8 -1 6 10 13 -1 -2
1 2 10 16 -1 1 2 6 13 -1 8 11 12 14 -1 -2
11 -1 3 6 11 15 -1 11 16 -1 -2
5 7 13 -1 10 -1 1 4 7 -1 -2
1 16 -1 6 13 -1 12 14 -1 -2
2 9 13 -1 5 7 9 11 -1 2 4 5 -1 -2
1 7 12 -1 1 -1 1 7 10 -1 -2
2 6 -1 6 -1 1 4 10 11 -1 -2
7 13 14 -1 3 8 -1 3 8 9 12 -1 -2
4 6 12 16 -1 2 5 8 10 -1 12 -1 -2
5 7 16 -1 4 -1 12 16 -1 -2
4 7 10 -1 1 7 10 16 -1 14 -1 -2
1 2 4 13 -1 1 9 12 16 -1 12 13 -1 -2
3 14 15 -1 3 4 13 -1 3 9 11 13 -1 -2
6 8 15 -1 2 3 6 16 -1 6 10 11 16 -1 -2
4 5 7 -1 2 -1 11 16 -1 -2
15 -1 4 5 10 15 -1 8 10 15 -1 -2
6 11 13 -1 3 8 11 15 -1 3 11 13 -1 -2
6 -1 1 4 12 14 -1 1 -1 -2
7 -1 1 -1 1 6 7 -1 -2
5 12 15 16 -1 1 9 -1 4 14 -1 -2
2 3 12 14 -1 1 10 11 -1 13 15 -1 -2
3 4 8 -1 7 -1 9 12 15 16 -1 -2
9 10 12 -1 9 14 -1 5 6 -1 -2
1 5 -1 5 13 -1 8 14 -1 -2
2 13 -1 5 9 13 14 -1 11 -1 -2
13 -1 5 -1 4 5 9 -1 -2
11 13 -1 8 -1 2 6 10 -1 -2
1 8 12 -1 7 12 15 -1 1 8 11 16 -1 -2
7 -1 2 5 13 -1 6 11 13 15 -1 -2
1 7 13 -1 9 11 15 -1 1 6 12 15 -1 -2
4 6 10 -1 6 10 16 -1 9 13 -1 -2
12 -1 1 2 -1 1 5 10 13 -1 -2
6 -1 6 11 15 -1 8 14 15 -1 -2
1 2 -1 3 7 14 15 -1 4 10 14 15 -1 -2
16 -1 11 -1 5 12 14 -1 -2
11 -1 5 6 9 -1 2 3 -1 -2
5 -1 6 9 16 -1 11 12 14 15 -1 -2
3 8 9 -1 1 7 8 16 -1 2 12 -1 -2
1 2 10 11 -1 15 -1 5 13 -1 -2
6 11 -1 1 6 7 -1 13 14 16 -1 -2
11 12 -1 6 12 -1 1 2 9 -1 -2
3 6 10 -1 1 -1 3 6 8 -1 -2
2 5 8 10 -1 6 9 12 13 -1 1 8 15 16 -1 -2
5 -1 2 7 -1 4 -1 -2
1 2 7 16 -1 2 5 11 14 -1 3 4 7 8 -1 -2
2 6 10 -1 2 -1 9 -1 -2
1 8 12 -1 7 9 14 16 -1 1 2 5 -1 -2
6 7 8 12 -1 12 -1 7 9 14 -1 -2
3 -1 1 10 14 15 -1 5 -1 -2
5 12 15 -1 8 12 -1 4 5 -1 -2
5 8 -1 13 -1 4 14 -1 -2
8 10 13 -1 12 -1 4 7 14 16 -1 -2
6 7 9 -1 5 7 11 -1 3 13 14 16 -1 -2
13 15 -1 13 -1 1 3 8 15 -1 -2
1 8 -1 3 7 16 -1 7 -1 -2
10 12 -1 10 14 -1 9 13 -1 -2
3 4 10 16 -1 2 3 15 -1 7 13 15 16 -1 -2
2 3 9 -1 11 15 -1 11 13 16 -1 -2
2 4 15 -1 5 6 8 -1 8 -1 -2
8 -1 3 4 8 11 -1 8 14 -1 -2
2 3 10 13 -1 4 -1 3 10 15 16 -1 -2
1 5 6 10 -1 4 15 -1 12 -1 -2
6 7 9 -1 4 -1 2 3 11 12 -1 -2
3 4 6 10 -1 3 12 14 15 -1 4 6 11 -1 -2
4 11 16 -1 6 -1 11 -1 -2
3 -1 3 15 -1 2 10 16 -1 -2
3 -1 4 12 13 15 -1 3 -1 -2
1 3 6 15 -1 11 13 15 -1 3 4 7 -1 -2
14 -1 9 13 14 16 -1 3 14 -1 -2
5 8 15 -1 4 8 14 16 -1 13 14 16 -1 -2
14 15 16 -1 13 14 -1 3 5 11 12 -1 -2
3 5 7 14 -1 6 7 -1 4 9 -1 -2
5 9 12 16 -1 1 5 12 14 -1 6 -1 -2
2 10 -1 1 2 3 -1 5 10 -1 -2
3 11 16 -1 2 3 7 15 -1 7 15 -1 -2
14 16 -1 3 7 15 -1 6 14 -1 -2
1 5 7 -1 1 4 5 7 -1 1 2 8 13 -1 -2
14 -1 11 -1 7 14 -1 -2
8 -1 1 3 9 12 -1 3 5 6 -1 -2
1 2 3 11 -1 6 8 9 13 -1 3 11 -1 -2
7 -1 9 13 15 16 -1 11 12 13 -1 -2
2 9 12 14 -1 1 4 6 14 -1 6 7 15 -1 -2
13 -1 5 -1 12 -1 -2
4 10 -1 1 -1 6 -1 -2
3 5 7 16 -1 2 5 12 13 -1 2 9 13 -1 -2
6 12 -1 3 5 9 14 -1 1 4 -1 -2
12 13 -1 3 4 5 14 -1 3 12 -1 -2
16 -1 4 9 12 -1 3 8 15 -1 -2
12 -1 15 -1 5 14 -1 -2
3 6 7 14 -1 2 9 10 -1 5 7 12 -1 -2
2 5 8 13 -1 4 7 16 -1 5 10 11 15 -1 -2
3 5 -1 3 11 -1 4 14 -1 -2
4 8 9 13 -1 1 5 6 16 -1 5 14 -1 -2
12 -1 1 -1 3 9 11 -1 -2
16 -1 1 11 -1 11 13 14 15 -1 -2
3 5 9 13 -1 4 12 13 -1 1 10 14 -1 -2
2 3 8 16 -1 5 15 -1 4 5 8 -1 -2
4 8 -1 5 7 -1 13 -1 -2
11 -1 5 7 11 -1 8 10 -1 -2
1 4 11 -1 4 10 11 14 -1 6 14 -1 -2
4 16 -1 2 3 7 13 -1 1 9 10 16 -1 -2
1 9 -1 6 7 9 -1 14 -1 -2
11 -1 4 6 8 12 -1 4 10 11 12 -1 -2
11 -1 7 11 -1 4 13 16 -1 -2
2 3 -1 9 12 16 -1 8 13 16 -1 -2
1 -1 2 -1 11 -1 -2
3 10 12 -1 4 11 12 13 -1 1 2 9 12 -1 -2
8 10 16 -1 10 12 13 16 -1 9 13 -1 -2
13 15 -1 5 8 12 16 -1 2 4 8 9 -1 -2
7 13 16 -1 1 2 13 16 -1 1 3 16 -1 -2
4 5 14 -1 13 -1 2 6 10 -1 -2
2 7 12 15 -1 5 9 10 15 -1 11 -1 -2
9 -1 9 -1 10 -1 -2
7 -1 8 -1 14 -1 -2
3 8 9 11 -1 13 16 -1 15 -1 -2
2 13 -1 3 5 7 15 -1 1 6 15 -1 -2
1 4 -1 3 7 14 -1 8 9 12 -1 -2
4 5 12 -1 4 8 -1 6 11 14 -1 -2
2 7 9 14 -1 2 5 9 12 -1 7 9 13 -1 -2
2 14 15 -1 7 10 14 -1 6 8 10 16 -1 -2
4 7 -1 4 -1 3 4 10 -1 -2
2 9 -1 1 9 -1 8 9 -1 -2
8 9 12 14 -1 2 -1 3 16 -1 -2
1 3 16 -1 10 -1 1 5 14 -1 -2
1 6 10 -1 5 16 -1 6 16 -1 -2
1 6 9 13 -1 3 4 6 12 -1 7 11 13 -1 -2
1 -1 10 -1 1 -1 -2
10 13 14 -1 5 -1 4 8 12 -1 -2
4 10 -1 11 -1 1 2 4 11 -1 -2
10 13 16 -1 2 -1 5 8 10 13 -1 -2
4 5 7 -1 2 9 11 16 -1 3 9 -1 -2
3 6 11 14 -1 1 8 -1 12 -1 -2
2 4 9 13 -1 3 12 15 -1 6 -1 -2
3 15 -1 5 6 -1 11 -1 -2
6 7 13 16 -1 9 -1 3 7 8 16 -1 -2
15 -1 9 14 16 -1 8 -1 -2
11 -1 4 15 -1 9 -1 -2
3 -1 15 -1 9 13 15 16 -1 -2
5 6 9 16 -1 13 -1 11 -1 -2
15 -1 4 -1 7 -1 -2
3 6 7 13 -1 5 10 11 12 -1 11 -1 -2
2 6 16 -1 2 3 11 -1 4 10 15 -1 -2
2 -1 9 16 -1 1 -1 -2
2 5 11 -1 8 14 -1 1 4 6 11 -1 -2
2 5 10 -1 1 5 9 -1 1 5 13 16 -1 -2
3 9 14 15 -1 1 5 10 14 -1 2 9 14 -1 -2
8 -1 2 9 -1 4 7 16 -1 -2
3 6 7 11 -1 15 -1 1 3 8 11 -1 -2
1 3 -1 1 2 12 14 -1 7 -1 -2
3 -1 4 -1 16 -1 -2
7 16 -1 13 15 -1 10 16 -1 -2
4 9 13 -1 5 12 13 14 -1 1 5 -1 -2
4 10 12 13 -1 3 4 7 -1 7 -1 -2
1 14 -1 12 -1 2 4 9 -1 -2
1 5 14 -1 2 -1 7 8 10 11 -1 -2
8 -1 1 15 -1 13 -1 -2
10 -1 15 -1 13 15 -1 -2
3 6 8 11 -1 2 -1 5 11 12 -1 -2
9 12 13 -1 2 3 5 12 -1 2 16 -1 -2
4 7 -1 2 3 9 16 -1 7 8 11 -1 -2
2 6 8 9 -1 1 8 -1 3 11 12 16 -1 -2
2 6 7 -1 10 -1 3 -1 -2
3 4 8 14 -1 4 8 14 15 -1 4 9 15 -1 -2
2 6 14 -1 3 7 10 15 -1 2 4 14 16 -1 -2
11 -1 14 16 -1 1 -1 -2
4 10 13 -1 3 5 14 15 -1 2 5 6 13 -1 -2
10 -1 1 3 12 -1 2 5 8 10 -1 -2
1 4 10 15 -1 2 11 -1 9 15 -1 -2
14 15 -1 13 14 16 -1 4 11 -1 -2
6 12 -1 15 -1 4 7 -1 -2
1 7 14 -1 1 2 13 14 -1 16 -1 -2
1 2 10 -1 2 12 14 15 -1 8 -1 -2
7 9 14 16 -1 12 -1 3 5 14 15 -1 -2
2 14 -1 11 12 16 -1 3 7 -1 -2
4 9 10 -1 2 3 7 13 -1 7 -1 -2
11 15 16 -1 1 -1 1 7 11 -1 -2
1 3 7 14 -1 4 8 -1 3 4 14 -1 -2
2 8 11 12 -1 1 5 10 13 -1 5 8 13 -1 -2
9 -1 4 6 -1 12 13 -1 -2
2 6 10 -1 4 7 10 14 -1 3 9 16 -1 -2
12 13 16 -1 7 15 16 -1 10 13 14 16 -1 -2
7 8 10 16 -1 4 7 8 14 -1 8 -1 -2
1 16 -1 2 5 6 16 -1 1 -1 -2
3 7 -1 9 -1 14 15 -1 -2
8 10 16 -1 7 10 -1 10 -1 -2
5 11 13 16 -1 12 -1 12 15 16 -1 -2
4 8 9 -1 2 11 12 16 -1 10 -1 -2
3 11 -1 10 -1 3 6 12 -1 -2
1 6 7 13 -1 2 7 11 15 -1 1 2 3 6 -1 -2
1 6 -1 5 7 13 -1 2 6 8 9 -1 -2
5 11 15 -1 4 7 14 16 -1 8 -1 -2
2 -1 7 14 -1 1 15 16 -1 -2
7 12 -1 12 15 -1 2 8 12 14 -1 -2
1 3 7 12 -1 15 -1 1 4 16 -1 -2
1 9 13 -1 2 4 12 15 -1 7 16 -1 -2
12 -1 4 6 16 -1 1 7 -1 -2
13 15 -1 5 12 15 -1 8 -1 -2
13 -1 5 -1 14 15 -1 -2
7 11 15 -1 3 5 -1 13 14 -1 -2
3 4 5 -1 6 7 12 -1 2 5 -1 -2
7 -1 12 -1 4 7 -1 -2
10 14 -1 5 14 -1 8 10 15 16 -1 -2
1 10 11 12 -1 2 -1 13 14 -1 -2
4 11 -1 6 8 13 -1 4 -1 -2
6 11 -1 3 15 16 -1 12 -1 -2
6 11 12 14 -1 9 10 -1 6 9 10 14 -1 -2
3 -1 1 7 10 -1 1 4 16 -1 -2
3 6 10 12 -1 1 2 -1 1 4 15 -1 -2
1 2 16 -1 15 -1 9 12 13 -1 -2
2 6 12 16 -1 12 16 -1 2 11 -1 -2
1 -1 3 14 -1 9 -1 -2
5 -1 6 -1 4 5 8 13 -1 -2
9 12 14 -1 4 -1 12 -1 -2
2 5 -1 3 7 13 -1 12 -1 -2
13 -1 16 -1 1 7 -1 -2
11 12 15 -1 5 15 -1 5 6 9 -1 -2
5 -1 1 6 7 -1 2 11 13 16 -1 -2
6 9 15 -1 8 15 -1 1 5 10 11 -1 -2
1 6 7 9 -1 1 5 10 -1 2 3 5 6 -1 -2
15 -1 1 6 -1 9 13 14 15 -1 -2
6 -1 3 12 -1 6 11 14 15 -1 -2
1 -1 3 5 8 12 -1 3 13 14 -1 -2
6 11 12 16 -1 1 2 12 -1 1 8 -1 -2
13 -1 3 5 6 14 -1 11 16 -1 -2
7 10 14 15 -1 2 5 11 -1 3 4 5 -1 -2
4 10 11 12 -1 10 -1 9 12 14 -1 -2
4 10 14 -1 1 4 6 11 -1 1 8 12 -1 -2
6 16 -1 3 10 11 12 -1 3 4 -1 -2
2 3 12 -1 8 -1 1 9 13 14 -1 -2
2 -1 4 -1 1 -1 -2
1 3 5 15 -1 1 12 13 16 -1 10 11 12 13 -1 -2
15 -1 3 4 6 15 -1 6 14 -1 -2
12 -1 3 6 14 -1 1 10 14 -1 -2
10 -1 1 8 13 15 -1 10 12 -1 -2
10 16 -1 5 9 16 -1 4 14 -1 -2
6 -1 3 7 13 16 -1 2 10 12 15 -1 -2
7 -1 1 13 -1 2 8 11 -1 -2
4 6 13 -1 2 -1 1 3 -1 -2
9 -1 2 9 16 -1 13 -1 -2
2 6 10 14 -1 4 11 13 -1 4 8 -1 -2
2 5 6 8 -1 5 9 11 12 -1 3 13 -1 -2
2 -1 5 8 9 14 -1 12 13 -1 -2
1 10 16 -1 6 -1 3 -1 -2
4 7 -1 6 13 -1 8 -1 -2
7 10 -1 9 12 15 -1 2 3 7 11 -1 -2
15 -1 2 3 11 -1 1 2 4 6 -1 -2
13 -1 4 15 -1 2 6 13 -1 -2
2 6 13 -1 9 12 14 -1 1 -1 -2
1 5 6 10 -1 2 4 14 16 -1 7 12 14 -1 -2
3 9 15 -1 2 5 8 -1 5 14 16 -1 -2
7 -1 1 3 7 -1 11 15 -1 -2
4 13 16 -1 1 11 13 -1 5 6 9 15 -1 -2
14 -1 3 7 13 -1 1 2 4 6 -1 -2
8 13 14 16 -1 2 8 -1 2 4 -1 -2
9 -1 1 4 6 -1 8 12 14 16 -1 -2
2 5 8 -1 6 11 14 -1 16 -1 -2
3 -1 2 6 9 -1 2 10 13 14 -1 -2
3 14 -1 4 13 -1 1 5 -1 -2
5 14 -1 3 11 13 14 -1 8 9 16 -1 -2
4 5 9 12 -1 3 6 8 -1 13 -1 -2
15 -1 3 4 7 8 -1 1 11 14 -1 -2
10 15 -1 4 8 9 15 -1 3 6 -1 -2
6 8 9 -1 1 2 12 -1 2 4 8 9 -1 -2
4 -1 1 3 13 -1 2 3 10 12 -1 -2
11 -1 3 8 11 -1 3 4 -1 -2
1 3 12 -1 3 6 7 15 -1 3 7 -1 -2
3 13 15 16 -1 7 12 15 -1 14 -1 -2
3 9 15 -1 11 12 -1 7 -1 -2
1 3 12 -1 6 10 15 16 -1 2 8 -1 -2
1 -1 13 -1 2 10 13 -1 -2
11 -1 4 6 10 14 -1 2 3 6 15 -1 -2
1 15 16 -1 1 2 4 6 -1 2 9 -1 -2
4 -1 5 -1 5 -1 -2
4 9 15 -1 1 3 13 15 -1 5 8 9 -1 -2
1 -1 1 10 -1 12 13 -1 -2
9 10 12 -1 5 12 -1 14 -1 -2
6 7 11 16 -1 1 4 11 16 -1 2 10 16 -1 -2
9 11 15 -1 6 -1 1 2 12 15 -1 -2
5 14 16 -1 7 -1 13 -1 -2
5 10 12 16 -1 14 -1 3 -1 -2
6 -1 4 12 -1 1 -1 -2
4 6 13 -1 2 4 5 -1 2 3 12 16 -1 -2
10 15 -1 5 -1 3 6 7 -1 -2
2 3 8 14 -1 9 10 -1 2 4 13 15 -1 -2
4 16 -1 1 3 9 -1 1 10 -1 -2
1 2 6 9 -1 8 10 -1 3 -1 -2
1 -1 12 16 -1 4 -1 -2
6 -1 6 8 11 14 -1 9 -1 -2
13 15 16 -1 1 2 6 -1 3 10 -1 -2
6 13 16 -1 12 -1 11 -1 -2
5 9 -1 1 8 9 -1 10 -1 -2
10 11 -1 4 9 12 13 -1 2 12 13 -1 -2
2 5 6 12 -1 6 7 8 15 -1 1 5 6 9 -1 -2
6 11 14 15 -1 1 3 5 13 -1 1 13 14 -1 -2
7 14 -1 8 -1 10 -1 -2
1 10 11 -1 1 11 15 -1 1 4 8 16 -1 -2
1 2 7 13 -1 14 15 -1 4 5 11 12 -1 -2
7 10 12 14 -1 5 -1 7 9 11 -1 -2
2 9 -1 8 12 16 -1 8 10 12 -1 -2
16 -1 16 -1 4 5 8 14 -1 -2
12 -1 7 9 12 16 -1 1 -1 -2
9 -1 7 9 16 -1 6 8 10 16 -1 -2
1 -1 14 -1 6 7 15 -1 -2
1 7 -1 1 5 -1 6 13 -1 -2
5 8 15 -1 1 4 12 14 -1 7 11 -1 -2
5 9 11 -1 11 -1 7 -1 -2
13 14 -1 1 6 7 15 -1 10 -1 -2
7 8 -1 1 4 8 -1 3 6 11 -1 -2
2 15 -1 6 9 -1 1 11 14 15 -1 -2
10 -1 7 -1 3 7 15 16 -1 -2
1 5 7 12 -1 3 7 11 12 -1 11 -1 -2
16 -1 3 6 11 16 -1 3 6 11 15 -1 -2
4 10 15 -1 10 -1 4 7 13 -1 -2
13 14 -1 7 16 -1 7 11 12 -1 -2
7 12 -1 5 16 -1 5 15 -1 -2
2 3 14 -1 6 10 -1 4 5 -1 -2
11 -1 12 -1 8 9 -1 -2
2 13 -1 5 -1 5 -1 -2
1 4 8 -1 7 -1 5 14 -1 -2
8 12 -1 5 8 -1 3 6 11 12 -1 -2
11 -1 11 14 -1 8 11 -1 -2
3 14 -1 11 -1 2 5 15 -1 -2
4 5 9 13 -1 5 6 9 -1 1 14 15 -1 -2
1 -1 6 13 -1 12 -1 -2
3 -1 4 8 10 13 -1 3 11 14 -1 -2
5 -1 2 5 14 16 -1 6 14 16 -1 -2
6 -1 6 8 16 -1 1 7 10 -1 -2
2 3 5 15 -1 4 14 -1 12 15 -1 -2
3 4 11 16 -1 8 13 15 -1 12 13 14 -1 -2
5 7 -1 8 -1 12 13 -1 -2
2 6 10 11 -1 2 11 -1 4 6 -1 -2
2 9 11 12 -1 6 -1 15 -1 -2
4 14 -1 14 -1 2 10 11 16 -1 -2
8 11 12 -1 5 15 -1 10 13 -1 -2
11 15 16 -1 5 7 16 -1 1 2 14 -1 -2
2 4 6 -1 4 -1 6 10 15 -1 -2
2 3 4 -1 7 10 13 -1 2 3 9 -1 -2
4 8 11 13 -1 8 10 -1 1 -1 -2
1 -1 2 3 10 -1 11 14 -1 -2
5 10 16 -1 9 14 15 -1 2 6 10 15 -1 -2
7 16 -1 2 7 9 14 -1 2 12 15 -1 -2
3 9 12 -1 14 15 16 -1 8 10 12 13 -1 -2
3 -1 8 -1 5 6 8 16 -1 -2
5 9 14 -1 5 -1 8 -1 -2
1 5 12 -1 15 -1 4 -1 -2
14 -1 1 4 9 -1 3 4 5 16 -1 -2
9 14 15 -1 3 15 -1 1 7 -1 -2
3 8 10 -1 2 15 -1 2 3 13 -1 -2
5 -1 9 11 16 -1 6 14 -1 -2
1 5 12 -1 8 10 16 -1 7 -1 -2
5 9 10 12 -1 5 6 14 -1 2 11 15 -1 -2
3 12 -1 1 3 -1 3 14 16 -1 -2
9 10 -1 2 5 9 15 -1 11 -1 -2
5 -1 5 6 15 -1 13 14 15 16 -1 -2
9 10 13 -1 3 11 -1 1 8 9 15 -1 -2
3 4 12 13 -1 3 11 13 14 -1 3 7 9 12 -1 -2
14 -1 2 3 8 16 -1 6 -1 -2
3 8 10 13 -1 2 5 14 -1 3 4 11 13 -1 -2
4 10 12 -1 14 -1 3 4 13 14 -1 -2
6 8 11 -1 14 -1 15 -1 -2
2 9 10 13 -1 3 8 14 16 -1 5 -1 -2
8 14 16 -1 5 6 -1 1 3 9 -1 -2
5 7 8 -1 4 7 10 -1 2 6 9 -1 -2
2 6 10 11 -1 5 11 -1 4 -1 -2
1 6 15 16 -1 1 8 -1 7 8 -1 -2
2 10 13 -1 5 -1 2 -1 -2
4 8 14 -1 2 6 14 16 -1 4 5 13 15 -1 -2
3 5 -1 6 10 12 16 -1 10 11 12 -1 -2
2 4 5 9 -1 3 6 10 14 -1 2 8 12 14 -1 -2
1 3 -1 3 9 12 14 -1 10 12 13 -1 -2
2 7 11 15 -1 7 14 15 -1 6 7 8 9 -1 -2
13 -1 11 -1 2 4 5 10 -1 -2
14 -1 6 10 12 15 -1 5 -1 -2
9 12 14 15 -1 1 5 13 -1 3 -1 -2
2 5 15 -1 8 11 -1 4 5 8 15 -1 -2
1 -1 3 4 11 -1 3 9 13 15 -1 -2
3 8 13 -1 1 13 16 -1 6 9 -1 -2
11 12 14 -1 3 14 -1 9 11 -1 -2
8 10 -1 1 4 -1 5 8 12 15 -1 -2
12 13 14 15 -1 4 7 8 16 -1 1 2 6 14 -1 -2
6 7 9 -1 3 9 15 16 -1 9 13 14 16 -1 -2
13 16 -1 1 -1 3 -1 -2
4 10 12 15 -1 3 4 -1 10 15 -1 -2
5 16 -1 11 13 15 -1 11 15 -1 -2
1 3 4 -1 12 15 -1 13 16 -1 -2
5 14 16 -1 1 9 13 14 -1 9 -1 -2
1 2 6 16 -1 14 -1 3 8 -1 -2
12 -1 1 2 4 9 -1 5 16 -1 -2
1 5 7 -1 9 16 -1 13 14 -1 -2
7 -1 6 7 11 14 -1 11 14 -1 -2
7 12 13 -1 2 -1 2 -1 -2
6 16 -1 2 5 7 13 -1 1 11 13 16 -1 -2
2 -1 9 10 -1 2 5 10 12 -1 -2
10 -1 3 6 8 10 -1 4 8 9 11 -1 -2
6 -1 16 -1 7 -1 -2
2 4 8 13 -1 1 11 -1 7 8 15 -1 -2
5 7 13 15 -1 6 11 12 16 -1 6 -1 -2
5 6 9 -1 12 -1 12 -1 -2
6 7 14 -1 12 -1 3 4 6 16 -1 -2
3 4 9 16 -1 8 13 -1 4 8 -1 -2
6 9 11 15 -1 4 5 -1 9 11 -1 -2
3 11 14 16 -1 2 7 11 15 -1 1 2 -1 -2
10 15 -1 1 2 5 12 -1 11 -1 -2
13 16 -1 10 13 16 -1 4 -1 -2
12 -1 3 4 11 -1 7 11 -1 -2
9 13 14 -1 1 2 7 -1 3 7 10 14 -1 -2
3 12 -1 7 14 -1 6 16 -1 -2
7 -1 7 8 13 15 -1 15 -1 -2
11 -1 11 -1 3 5 7 9 -1 -2
2 8 16 -1 4 6 10 13 -1 8 11 14 -1 -2
3 4 13 14 -1 8 9 -1 12 14 -1 -2
2 14 -1 4 11 15 16 -1 5 -1 -2
10 -1 1 3 11 -1 5 -1 -2
1 12 -1 1 4 6 7 -1 10 11 16 -1 -2
8 12 -1 15 -1 3 15 -1 -2
6 7 15 -1 1 3 13 16 -1 16 -1 -2
1 16 -1 4 -1 3 10 12 15 -1 -2
4 15 -1 16 -1 8 11 12 14 -1 -2
8 -1 7 -1 14 -1 -2
5 7 11 -1 3 11 -1 2 5 11 16 -1 -2
6 7 11 -1 7 -1 5 -1 -2
2 6 8 11 -1 4 5 -1 2 -1 -2
4 8 10 11 -1 2 14 15 -1 8 11 14 -1 -2
16 -1 4 15 -1 1 -1 -2
16 -1 8 11 14 -1 6 7 10 11 -1 -2
3 4 7 15 -1 6 -1 4 5 10 13 -1 -2
7 13 -1 2 3 11 16 -1 5 9 -1 -2
4 5 12 -1 3 7 12 14 -1 3 7 9 12 -1 -2
15 -1 15 -1 5 8 15 -1 -2
1 2 16 -1 2 8 10 16 -1 7 9 12 14 -1 -2
6 10 -1 5 -1 12 -1 -2
4 8 14 16 -1 1 3 11 -1 11 -1 -2
1 4 9 -1 1 6 -1 6 9 12 15 -1 -2
7 9 11 -1 6 14 -1 3 9 12 14 -1 -2
1 14 -1 3 10 12 -1 4 -1 -2
1 4 -1 9 -1 7 9 10 12 -1 -2
3 14 -1 5 8 11 14 -1 2 13 -1 -2
15 16 -1 2 6 12 -1 3 4 15 -1 -2
3 6 8 16 -1 4 6 10 15 -1 3 9 14 16 -1 -2
4 -1 3 6 -1 1 2 -1 -2
3 5 6 -1 1 -1 1 7 10 -1 -2
6 10 -1 7 -1 11 -1 -2
15 -1 7 13 -1 8 -1 -2
7 8 12 -1 12 14 15 -1 1 6 11 15 -1 -2
2 4 8 14 -1 4 10 11 15 -1 4 -1 -2
5 6 11 -1 4 5 6 16 -1 1 3 14 16 -1 -2
9 -1 8 11 -1 1 7 15 -1 -2
2 5 9 -1 6 12 13 -1 1 2 6 8 -1 -2
3 6 10 13 -1 2 7 9 11 -1 15 -1 -2
7 13 15 -1 1 5 16 -1 3 7 16 -1 -2
14 -1 5 -1 1 6 9 -1 -2
5 9 10 15 -1 2 8 -1 4 10 12 14 -1 -2
2 11 14 -1 12 -1 3 6 -1 -2
6 14 -1 4 7 8 -1 2 5 7 12 -1 -2
3 5 9 -1 2 3 6 9 -1 16 -1 -2
2 13 16 -1 5 8 13 -1 1 5 10 13 -1 -2
11 -1 2 14 15 16 -1 11 -1 -2
7 8 11 -1 10 -1 1 8 11 15 -1 -2
13 15 -1 2 5 8 12 -1 2 4 6 16 -1 -2
1 -1 3 4 8 9 -1 5 10 16 -1 -2
4 9 11 16 -1 5 7 9 -1 2 3 7 9 -1 -2
12 -1 10 14 15 -1 6 14 -1 -2
10 15 -1 12 15 16 -1 14 -1 -2
4 7 -1 8 10 14 16 -1 1 4 5 -1 -2
5 8 12 14 -1 1 3 8 10 -1 1 5 9 13 -1 -2
2 7 14 -1 6 8 10 -1 2 -1 -2
1 5 8 15 -1 3 8 9 -1 12 -1 -2
6 -1 7 -1 4 12 14 -1 -2
4 5 12 -1 8 11 14 15 -1 4 6 10 -1 -2
5 7 9 -1 12 -1 5 -1 -2
4 -1 2 11 14 15 -1 4 8 9 11 -1 -2
6 11 14 15 -1 5 8 10 13 -1 6 -1 -2
12 -1 2 7 -1 1 2 15 -1 -2
1 12 -1 10 16 -1 1 5 11 15 -1 -2
4 10 16 -1 1 7 12 13 -1 2 11 12 15 -1 -2
13 -1 4 -1 15 -1 -2
12 -1 1 10 11 14 -1 2 4 8 14 -1 -2
9 13 -1 1 3 14 15 -1 7 11 -1 -2
10 -1 4 13 -1 2 14 -1 -2
2 8 10 16 -1 3 13 -1 1 12 -1 -2
6 -1 11 13 -1 4 16 -1 -2
8 -1 1 2 -1 8 -1 -2
8 10 -1 4 6 -1 3 5 8 9 -1 -2
5 7 15 -1 5 8 13 16 -1 4 8 14 -1 -2
1 6 7 -1 1 6 11 12 -1 1 -1 -2
6 8 11 14 -1 1 -1 6 12 16 -1 -2
1 2 14 16 -1 12 -1 2 -1 -2
2 4 11 12 -1 1 2 12 16 -1 1 3 -1 -2
7 8 13 16 -1 1 6 -1 4 10 14 16 -1 -2
2 6 15 -1 5 9 15 -1 4 -1 -2
5 9 -1 1 5 11 -1 4 6 -1 -2
15 -1 8 -1 4 7 13 -1 -2
1 -1 2 -1 7 11 13 16 -1 -2
13 -1 2 -1 1 5 8 14 -1 -2
1 2 6 16 -1 3 6 7 -1 2 10 11 -1 -2
6 -1 11 12 -1 10 -1 -2
1 16 -1 13 16 -1 1 6 11 13 -1 -2
4 5 12 -1 13 14 15 -1 1 -1 -2
7 9 16 -1 3 8 9 12 -1 10 -1 -2
4 5 12 14 -1 1 9 -1 7 11 12 14 -1 -2
3 -1 9 11 -1 15 -1 -2
12 -1 5 8 16 -1 1 6 9 15 -1 -2
10 16 -1 14 16 -1 6 -1 -2
12 -1 4 14 -1 4 11 -1 -2
11 12 -1 12 16 -1 3 14 -1 -2
13 16 -1 7 -1 3 7 9 14 -1 -2
1 7 11 14 -1 1 10 12 13 -1 10 15 -1 -2
9 11 16 -1 2 4 7 10 -1 3 -1 -2
8 11 14 -1 2 9 15 -1 2 9 15 16 -1 -2
13 -1 9 -1 2 -1 -2
7 -1 11 12 -1 2 10 14 15 -1 -2
11 -1 1 14 -1 6 7 8 16 -1 -2
5 6 -1 1 7 -1 8 9 -1 -2
1 -1 14 15 -1 5 7 8 12 -1 -2
1 8 11 -1 2 6 -1 11 13 16 -1 -2
1 7 -1 16 -1 6 10 11 16 -1 -2
6 15 -1 2 8 11 -1 13 -1 -2
15 -1 3 4 5 -1 2 5 -1 -2
13 16 -1 6 16 -1 5 7 11 15 -1 -2
2 7 8 13 -1 4 7 15 -1 1 5 8 12 -1 -2
2 7 -1 15 -1 8 10 -1 -2
4 -1 11 14 -1 6 -1 -2
2 -1 1 5 11 15 -1 1 7 8 9 -1 -2
2 9 12 -1 6 10 11 -1 5 14 -1 -2
11 -1 4 8 15 -1 2 5 13 15 -1 -2
6 7 13 -1 11 -1 4 8 10 -1 -2
8 -1 6 13 -1 2 7 8 15 -1 -2
13 -1 16 -1 7 9 12 -1 -2
3 14 -1 4 8 9 -1 6 14 15 -1 -2
10 -1 1 16 -1 1 11 13 -1 -2
5 9 13 15 -1 5 -1 4 7 11 14 -1 -2
5 8 13 16 -1 11 -1 5 11 -1 -2
10 13 16 -1 2 -1 3 5 8 -1 -2
5 8 13 -1 3 9 -1 5 -1 -2
2 3 7 -1 8 -1 2 12 15 -1 -2
2 11 12 13 -1 11 -1 6 11 -1 -2
9 -1 7 -1 7 8 14 -1 -2
10 14 16 -1 4 8 -1 6 15 -1 -2
2 3 5 -1 2 7 13 -1 11 -1 -2
2 6 12 -1 3 12 13 16 -1 2 11 13 -1 -2
1 -1 2 3 -1 14 -1 -2
4 10 13 -1 2 16 -1 7 9 -1 -2
6 7 10 -1 11 12 -1 10 14 -1 -2
9 11 15 16 -1 3 9 13 14 -1 10 -1 -2
6 -1 6 8 13 -1 6 8 13 -1 -2
7 -1 10 12 -1 1 4 6 9 -1 -2
4 13 -1 8 -1 6 7 15 -1 -2
4 6 -1 2 -1 2 9 10 -1 -2
3 15 -1 9 -1 13 -1 -2
1 14 -1 7 8 14 16 -1 11 15 -1 -2
10 -1 11 -1 6 7 10 16 -1 -2
3 8 -1 5 13 -1 1 12 -1 -2
1 4 16 -1 3 11 -1 6 9 12 -1 -2
6 9 12 -1 3 7 9 15 -1 5 -1 -2
3 6 9 16 -1 6 -1 8 11 -1 -2
6 9 10 12 -1 2 4 6 -1 5 10 13 -1 -2
4 8 -1 3 9 13 -1 14 -1 -2
5 14 -1 3 10 15 -1 1 2 8 11 -1 -2
4 7 10 -1 2 3 6 11 -1 8 14 -1 -2
7 15 16 -1 5 8 -1 1 -1 -2
9 -1 10 -1 13 -1 -2
2 7 12 13 -1 3 13 -1 3 13 -1 -2
14 -1 2 12 14 -1 5 -1 -2
2 4 8 9 -1 1 3 10 12 -1 7 9 16 -1 -2
1 6 13 14 -1 3 6 12 -1 1 16 -1 -2
10 11 -1 12 15 -1 1 8 11 16 -1 -2
3 6 10 -1 3 9 14 -1 4 7 10 11 -1 -2
8 -1 13 -1 1 2 10 11 -1 -2
2 7 10 -1 1 2 5 16 -1 9 16 -1 -2
1 2 11 16 -1 9 16 -1 5 6 12 -1 -2
2 7 -1 4 8 -1 12 15 -1 -2
8 12 13 -1 2 -1 2 4 13 16 -1 -2
3 11 -1 5 -1 2 10 14 -1 -2
12 13 14 15 -1 2 16 -1 7 9 12 -1 -2
13 -1 9 14 15 -1 1 5 14 -1 -2
2 3 6 12 -1 12 16 -1 5 6 9 -1 -2
6 10 11 13 -1 2 7 -1 6 9 -1 -2
3 6 14 -1 4 7 -1 4 13 14 -1 -2
4 8 12 16 -1 15 -1 1 10 13 16 -1 -2
9 16 -1 4 6 9 13 -1 16 -1 -2
1 14 -1 1 3 6 13 -1 16 -1 -2
1 4 6 7 -1 8 9 13 -1 3 8 11 16 -1 -2
4 6 12 -1 9 12 -1 2 3 7 -1 -2
2 8 9 -1 11 14 16 -1 15 -1 -2
5 13 -1 1 7 11 -1 11 16 -1 -2
9 -1 4 -1 6 10 11 16 -1 -2
1 9 -1 4 15 -1 2 3 10 -1 -2
2 7 14 -1 1 6 13 -1 2 -1 -2
6 11 14 16 -1 5 6 14 -1 11 -1 -2
12 13 16 -1 7 8 -1 10 -1 -2
2 3 9 12 -1 3 13 15 -1 11 -1 -2
1 4 -1 4 14 15 -1 2 4 8 10 -1 -2
6 8 9 13 -1 13 -1 9 15 -1 -2
7 11 14 15 -1 8 16 -1 2 -1 -2
6 7 11 -1 11 12 -1 5 8 -1 -2
7 9 10 11 -1 10 12 13 15 -1 2 3 4 14 -1 -2
2 4 14 -1 3 5 7 9 -1 3 10 13 14 -1 -2
6 11 13 -1 2 13 -1 9 12 -1 -2
6 9 15 16 -1 8 15 -1 1 7 10 16 -1 -2
8 10 -1 2 5 8 -1 5 6 15 -1 -2
3 6 10 -1 1 4 6 16 -1 8 15 16 -1 -2
2 4 8 -1 1 5 11 13 -1 1 6 -1 -2
1 6 12 15 -1 5 -1 10 13 -1 -2
5 8 15 -1 7 12 13 14 -1 13 -1 -2
1 7 -1 3 5 6 12 -1 1 8 9 16 -1 -2
4 -1 12 13 -1 3 6 -1 -2
2 9 14 15 -1 5 15 -1 1 2 3 9 -1 -2
7 11 15 16 -1 6 8 14 15 -1 5 -1 -2
1 5 6 12 -1 3 5 -1 1 9 12 15 -1 -2
5 14 -1 1 5 9 -1 7 9 -1 -2
5 15 -1 3 -1 6 15 -1 -2
3 7 -1 6 9 -1 4 8 -1 -2
3 4 -1 12 -1 1 3 12 13 -1 -2
3 14 -1 15 -1 2 -1 -2
11 -1 12 14 -1 4 10 11 -1 -2
5 11 14 15 -1 9 10 13 -1 7 9 13 16 -1 -2
1 14 16 -1 2 9 13 -1 2 4 8 -1 -2
2 4 14 16 -1 4 -1 6 -1 -2
3 5 13 -1 9 -1 8 11 13 14 -1 -2
15 -1 6 10 -1 4 13 15 16 -1 -2
3 4 6 9 -1 1 2 -1 5 9 -1 -2
2 3 10 16 -1 5 7 12 -1 2 3 4 8 -1 -2
5 6 -1 6 8 12 -1 2 5 -1 -2
4 10 -1 1 3 13 -1 7 13 16 -1 -2
8 9 14 -1 4 11 -1 4 8 9 16 -1 -2
1 11 13 -1 6 14 -1 1 7 9 11 -1 -2
6 13 15 -1 14 16 -1 3 5 10 11 -1 -2
12 -1 15 -1 4 7 10 15 -1 -2
2 4 12 15 -1 2 7 -1 1 2 6 7 -1 -2
2 11 14 16 -1 2 9 13 -1 4 10 14 -1 -2
3 -1 3 5 9 11 -1 2 11 13 15 -1 -2
4 -1 3 9 13 -1 8 10 11 16 -1 -2
3 4 8 16 -1 2 7 -1 13 -1 -2
10 11 -1 6 -1 5 10 13 -1 -2
13 -1 7 9 13 -1 2 4 12 -1 -2
1 9 14 -1 6 8 9 10 -1 2 9 -1 -2
3 4 8 11 -1 2 4 11 15 -1 1 14 15 -1 -2
9 -1 6 10 -1 6 7 -1 -2
2 8 -1 3 5 -1 5 13 -1 -2
3 11 12 -1 9 14 -1 13 15 -1 -2
1 5 7 -1 11 14 15 16 -1 16 -1 -2
3 7 13 -1 10 -1 13 -1 -2
3 9 15 -1 4 8 13 -1 10 -1 -2
5 9 10 12 -1 3 11 -1 9 16 -1 -2
1 6 8 16 -1 16 -1 1 3 7 15 -1 -2
12 -1 4 8 10 -1 3 10 12 -1 -2
3 13 -1 2 14 15 -1 5 8 15 -1 -2
7 11 15 -1 11 15 -1 2 6 12 15 -1 -2
2 3 12 15 -1 1 11 -1 4 13 14 -1 -2
7 -1 1 2 4 7 -1 3 5 6 15 -1 -2
1 11 -1 15 -1 11 13 -1 -2
1 5 -1 3 7 8 10 -1 2 3 5 15 -1 -2
3 8 12 15 -1 7 10 -1 4 7 12 14 -1 -2
15 -1 3 -1 15 -1 -2
10 -1 7 -1 6 15 -1 -2
3 15 16 -1 6 -1 11 14 -1 -2
8 10 -1 3 4 -1 3 6 10 13 -1 -2
3 4 5 -1 1 5 7 12 -1 3 6 10 14 -1 -2
2 7 16 -1 8 10 12 13 -1 12 -1 -2
4 8 -1 11 13 -1 6 -1 -2
6 9 12 -1 2 7 9 16 -1 3 6 11 16 -1 -2
15 -1 4 6 9 11 -1 8 14 -1 -2
11 -1 10 15 -1 2 -1 -2
7 13 16 -1 5 -1 1 8 13 -1 -2
10 16 -1 1 3 4 11 -1 9 13 14 -1 -2
3 7 9 12 -1 11 14 -1 7 11 -1 -2
1 2 3 12 -1 1 9 12 16 -1 4 -1 -2
1 2 7 9 -1 12 -1 1 12 -1 -2
2 4 11 15 -1 7 16 -1 9 13 -1 -2
10 -1 4 10 -1 1 4 12 13 -1 -2
5 10 -1 3 9 10 11 -1 1 2 7 12 -1 -2
8 13 -1 7 12 -1 7 9 -1 -2
3 -1 5 10 16 -1 3 8 15 -1 -2
8 16 -1 14 15 -1 11 16 -1 -2
6 10 -1 6 7 15 -1 8 15 -1 -2
4 11 15 16 -1 6 11 14 -1 2 3 13 14 -1 -2
11 -1 7 13 14 16 -1 7 15 16 -1 -2
8 15 -1 7 9 -1 15 -1 -2
15 -1 16 -1 4 10 12 -1 -2
9 16 -1 2 4 14 -1 9 13 -1 -2
7 -1 7 -1 4 6 -1 -2
9 -1 2 -1 5 7 8 9 -1 -2
10 13 16 -1 7 -1 5 -1 -2
6 -1 3 10 16 -1 7 12 13 -1 -2
4 14 16 -1 4 5 10 14 -1 1 6 7 10 -1 -2
6 9 11 -1 3 12 13 -1 4 10 -1 -2
6 8 11 14 -1 15 -1 11 15 -1 -2
5 -1 8 12 13 -1 6 9 10 -1 -2
3 -1 3 -1 4 10 13 -1 -2
9 15 -1 3 7 14 15 -1 5 10 -1 -2
2 5 6 12 -1 13 -1 2 7 8 11 -1 -2
3 -1 6 11 -1 9 11 -1 -2
2 7 10 15 -1 4 6 9 -1 2 11 -1 -2
7 -1 1 3 14 15 -1 11 -1 -2
6 7 8 12 -1 1 5 10 13 -1 10 -1 -2
1 4 5 15 -1 9 10 12 -1 4 -1 -2
2 6 8 -1 8 10 16 -1 1 10 12 -1 -2
8 -1 1 3 4 9 -1 3 -1 -2
3 11 15 -1 9 11 13 16 -1 1 2 11 -1 -2
5 10 14 -1 10 11 12 16 -1 2 9 10 -1 -2
3 4 11 -1 6 -1 3 4 9 -1 -2
2 13 -1 1 13 -1 3 4 -1 -2
6 8 9 -1 7 15 -1 1 5 7 15 -1 -2
2 7 9 14 -1 1 5 6 8 -1 2 10 14 16 -1 -2
2 10 -1 15 16 -1 5 8 15 16 -1 -2
8 16 -1 9 11 -1 1 6 7 14 -1 -2
3 12 -1 3 8 11 -1 13 -1 -2
9 16 -1 13 -1 5 14 -1 -2
5 -1 16 -1 2 15 -1 -2
11 15 -1 16 -1 7 12 15 -1 -2
7 11 12 13 -1 7 16 -1 9 10 15 -1 -2
10 -1 15 16 -1 7 13 14 -1 -2
8 12 -1 9 -1 2 11 -1 -2
5 11 -1 1 3 7 11 -1 1 10 -1 -2
6 10 12 -1 4 -1 3 -1 -2
3 10 -1 5 15 -1 14 -1 -2
2 -1 3 13 -1 5 6 12 15 -1 -2
11 -1 1 -1 8 14 -1 -2
3 6 11 16 -1 3 12 14 -1 3 -1 -2
3 6 7 16 -1 5 7 14 15 -1 2 3 4 11 -1 -2
14 -1 7 9 12 -1 2 9 -1 -2
7 8 -1 6 13 -1 1 3 13 -1 -2
4 5 6 14 -1 6 -1 2 8 -1 -2
12 13 16 -1 13 14 -1 5 12 -1 -2
11 -1 6 10 -1 1 3 12 14 -1 -2
4 7 10 -1 8 -1 2 6 13 -1 -2
10 13 -1 15 -1 10 13 -1 -2
9 11 -1 10 11 -1 4 9 11 -1 -2
6 11 15 -1 13 -1 1 3 6 -1 -2
4 5 10 13 -1 3 6 7 -1 4 6 16 -1 -2
9 -1 2 16 -1 8 10 -1 -2
5 -1 10 -1 8 10 11 14 -1 -2
2 -1 7 8 11 14 -1 3 7 8 -1 -2
1 2 6 10 -1 8 10 14 -1 1 4 9 11 -1 -2
7 9 16 -1 5 7 -1 9 14 -1 -2
1 -1 6 10 11 12 -1 3 12 13 -1 -2
8 -1 15 -1 6 -1 -2
5 7 -1 11 15 -1 6 8 15 16 -1 -2
2 12 15 16 -1 2 7 -1 1 3 12 -1 -2
3 4 7 13 -1 4 15 -1 9 13 -1 -2
2 4 11 12 -1 10 13 -1 7 10 13 -1 -2
3 14 -1 3 11 16 -1 13 14 16 -1 -2
2 -1 7 10 11 -1 5 6 7 13 -1 -2
1 11 12 13 -1 3 10 13 -1 8 10 14 -1 -2
4 6 9 16 -1 7 10 -1 3 4 7 13 -1 -2
3 4 7 9 -1 5 7 9 11 -1 12 -1 -2
13 -1 12 13 15 -1 13 -1 -2
3 5 10 -1 3 9 15 16 -1 2 11 -1 -2
3 9 15 -1 13 -1 6 8 10 12 -1 -2
2 4 10 12 -1 2 4 7 10 -1 7 8 16 -1 -2
3 4 9 14 -1 13 -1 16 -1 -2
6 -1 2 15 -1 5 7 14 -1 -2
16 -1 2 11 -1 2 12 14 -1 -2
3 -1 4 8 10 16 -1 6 8 -1 -2
10 15 -1 2 9 11 -1 12 13 -1 -2
11 -1 5 16 -1 7 14 -1 -2
1 3 -1 4 11 13 14 -1 10 -1 -2
11 -1 1 5 11 -1 5 -1 -2
15 -1 6 10 15 -1 2 3 12 -1 -2
4 -1 2 9 14 -1 5 -1 -2
1 7 10 -1 3 -1 6 11 12 -1 -2
3 4 12 -1 2 12 15 -1 2 8 -1 -2
7 13 14 -1 1 6 7 10 -1 3 10 15 16 -1 -2
7 8 10 14 -1 8 12 -1 2 8 12 -1 -2
2 4 6 14 -1 1 6 10 13 -1 4 7 -1 -2
2 9 -1 6 11 -1 8 -1 -2
4 8 14 16 -1 1 8 -1 6 10 11 13 -1 -2
7 13 -1 13 15 -1 3 -1 -2
11 12 -1 1 4 9 -1 1 -1 -2
2 7 14 16 -1 2 6 11 14 -1 6 9 10 -1 -2
13 -1 3 4 7 14 -1 9 14 16 -1 -2
2 16 -1 11 16 -1 10 11 13 14 -1 -2
5 10 15 -1 5 10 16 -1 5 7 15 -1 -2
2 4 8 13 -1 4 9 11 12 -1 15 -1 -2
3 11 -1 10 12 16 -1 7 9 12 15 -1 -2
1 11 12 -1 2 9 14 -1 2 14 -1 -2
5 14 -1 15 -1 4 7 12 -1 -2
4 5 12 14 -1 10 13 -1 10 -1 -2
12 -1 3 -1 2 5 9 -1 -2
10 -1 1 5 7 -1 6 7 11 -1 -2
6 7 10 14 -1 4 -1 7 13 -1 -2
2 -1 3 14 15 -1 5 13 14 16 -1 -2
5 11 16 -1 14 -1 4 13 -1 -2
4 6 15 -1 7 10 12 16 -1 14 15 -1 -2
8 -1 3 -1 1 12 -1 -2
3 4 9 10 -1 1 3 4 11 -1 2 8 16 -1 -2
7 10 12 -1 1 3 14 -1 2 13 14 -1 -2
4 16 -1 10 14 -1 7 14 -1 -2
7 8 10 16 -1 7 11 14 15 -1 10 -1 -2
4 9 -1 2 10 14 16 -1 10 -1 -2
1 -1 5 12 16 -1 10 13 -1 -2
1 15 -1 5 9 12 13 -1 7 12 15 -1 -2
2 5 9 14 -1 4 10 13 -1 4 9 13 -1 -2
7 -1 2 15 -1 13 -1 -2
4 7 8 15 -1 1 5 8 11 -1 1 6 13 -1 -2
5 10 12 15 -1 11 13 -1 10 15 -1 -2
1 6 -1 2 9 11 16 -1 2 14 -1 -2
3 14 -1 3 9 14 -1 10 16 -1 -2
3 13 -1 3 4 9 13 -1 1 3 14 -1 -2
2 9 -1 9 12 -1 10 12 -1 -2
6 9 13 15 -1 2 10 -1 3 -1 -2
4 7 -1 5 -1 3 7 8 -1 -2
4 5 -1 1 9 13 -1 1 7 10 13 -1 -2
6 9 12 -1 14 -1 7 -1 -2
11 15 -1 3 11 12 14 -1 12 13 -1 -2
8 -1 2 5 14 -1 12 -1 -2
2 11 -1 6 8 15 16 -1 4 7 8 13 -1 -2
6 11 13 16 -1 4 10 -1 4 13 15 -1 -2
10 -1 2 4 5 13 -1 8 11 -1 -2
5 11 14 -1 7 13 -1 9 14 -1 -2
10 14 15 16 -1 3 4 -1 9 16 -1 -2
1 10 15 16 -1 3 5 6 15 -1 1 10 -1 -2
2 6 13 15 -1 8 -1 11 16 -1 -2
5 11 -1 3 4 -1 3 6 11 -1 -2
2 14 -1 3 13 -1 11 -1 -2
3 7 -1 5 8 -1 1 13 -1 -2
8 15 -1 4 7 9 11 -1 2 8 14 -1 -2
4 -1 3 7 -1 5 10 -1 -2
3 6 10 12 -1 2 4 16 -1 11 13 -1 -2
3 9 11 16 -1 3 7 14 16 -1 3 15 -1 -2
2 5 6 15 -1 7 11 -1 2 13 -1 -2
15 -1 3 4 9 15 -1 13 -1 -2
2 3 -1 5 8 -1 3 6 12 14 -1 -2
2 8 -1 5 10 13 -1 12 -1 -2
2 8 12 -1 5 7 8 -1 1 3 7 8 -1 -2
8 15 -1 7 11 14 -1 4 8 10 11 -1 -2
2 11 15 -1 1 7 14 15 -1 5 9 15 -1 -2
6 8 16 -1 1 14 15 -1 5 6 9 12 -1 -2
3 7 8 16 -1 4 7 15 16 -1 1 4 10 16 -1 -2
9 15 16 -1 3 -1 6 7 15 -1 -2
7 -1 4 14 15 -1 2 4 13 16 -1 -2
3 12 -1 8 9 15 -1 1 6 15 -1 -2
1 2 9 12 -1 1 3 5 -1 2 4 -1 -2
2 5 -1 6 11 12 16 -1 6 12 -1 -2
2 11 -1 1 5 9 10 -1 16 -1 -2
5 7 12 14 -1 5 11 -1 9 11 16 -1 -2
11 -1 4 -1 2 4 12 15 -1 -2
7 13 15 -1 6 -1 5 10 16 -1 -2
3 -1 8 9 12 -1 1 9 13 -1 -2
2 6 8 10 -1 9 13 14 16 -1 4 6 10 -1 -2
2 6 -1 11 15 16 -1 5 7 -1 -2
6 -1 1 7 10 -1 1 7 11 12 -1 -2
8 9 12 -1 5 7 15 16 -1 3 -1 -2
6 13 -1 6 9 10 12 -1 6 14 -1 -2
7 -1 15 -1 5 15 -1 -2
1 7 8 13 -1 14 -1 2 3 8 -1 -2
10 -1 13 -1 8 11 -1 -2
2 11 -1 8 -1 2 9 16 -1 -2
2 4 16 -1 4 -1 14 -1 -2
12 -1 1 3 5 9 -1 2 3 5 11 -1 -2
4 6 16 -1 16 -1 10 -1 -2
1 7 14 16 -1 7 15 -1 11 -1 -2
1 2 -1 5 16 -1 1 -1 -2
9 10 13 16 -1 4 7 15 -1 1 11 12 14 -1 -2
5 12 -1 4 8 9 12 -1 9 -1 -2
1 8 13 -1 3 6 7 8 -1 12 -1 -2
4 7 16 -1 3 6 11 14 -1 2 4 11 15 -1 -2
1 5 7 -1 16 -1 10 15 -1 -2
3 8 9 10 -1 5 -1 2 13 -1 -2
3 9 15 -1 14 15 -1 2 16 -1 -2
6 -1 4 11 -1 8 13 16 -1 -2
2 7 10 14 -1 2 4 6 10 -1 10 12 13 -1 -2
14 -1 4 7 -1 2 6 11 12 -1 -2
6 10 -1 1 2 5 7 -1 3 12 15 -1 -2
2 4 10 -1 1 4 9 16 -1 2 4 5 11 -1 -2
3 5 13 15 -1 4 7 8 16 -1 1 5 9 15 -1 -2
1 3 9 11 -1 11 -1 9 14 15 -1 -2
4 5 15 -1 2 4 9 15 -1 1 -1 -2
8 11 12 16 -1 5 6 9 -1 4 5 10 -1 -2
2 14 -1 3 6 9 15 -1 6 7 14 15 -1 -2
4 9 10 13 -1 7 10 15 16 -1 12 -1 -2
2 -1 3 4 8 -1 3 -1 -2
3 8 9 11 -1 11 -1 4 -1 -2
2 3 9 -1 1 4 10 -1 2 9 11 -1 -2
1 4 8 -1 4 8 13 -1 3 10 -1 -2
1 13 -1 4 -1 4 10 14 -1 -2
2 10 -1 2 6 -1 12 -1 -2
2 12 -1 4 9 -1 5 -1 -2
6 9 13 15 -1 13 16 -1 11 16 -1 -2
1 10 12 -1 1 6 9 -1 13 -1 -2
2 12 -1 1 10 16 -1 5 11 14 15 -1 -2
13 -1 2 8 14 -1 7 -1 -2
1 5 11 -1 2 16 -1 11 12 -1 -2
14 -1 2 4 13 -1 1 2 4 13 -1 -2
5 10 13 14 -1 2 4 10 -1 1 4 9 -1 -2
5 13 -1 2 4 6 -1 6 16 -1 -2
4 5 6 -1 8 11 -1 1 -1 -2
11 -1 9 -1 4 5 14 -1 -2
1 3 11 13 -1 3 -1 11 -1 -2
6 11 14 15 -1 12 14 15 -1 3 11 14 -1 -2
4 12 -1 2 3 11 -1 9 16 -1 -2
2 -1 1 4 9 -1 10 16 -1 -2
2 -1 3 6 11 14 -1 3 12 13 15 -1 -2
4 12 -1 6 9 10 11 -1 13 15 -1 -2
1 9 15 16 -1 8 14 15 -1 2 5 -1 -2
5 -1 4 6 -1 8 15 -1 -2
10 -1 5 11 14 16 -1 4 8 12 14 -1 -2
10 13 -1 10 14 -1 7 16 -1 -2
1 11 13 15 -1 4 -1 4 15 -1 -2
5 14 15 -1 1 3 9 14 -1 4 7 9 12 -1 -2
16 -1 9 11 14 -1 2 6 8 11 -1 -2
9 11 13 -1 12 -1 7 8 16 -1 -2
2 3 9 -1 2 4 11 -1 1 2 -1 -2
4 -1 4 -1 12 13 16 -1 -2
7 15 16 -1 9 -1 6 7 -1 -2
10 -1 4 7 -1 4 12 -1 -2
3 -1 1 3 11 12 -1 2 6 10 12 -1 -2
4 6 10 12 -1 10 11 15 -1 6 -1 -2
3 -1 5 -1 7 10 15 16 -1 -2
12 14 -1 2 3 8 9 -1 3 5 -1 -2
2 8 -1 10 13 -1 11 -1 -2
1 10 14 -1 10 11 -1 4 5 -1 -2
8 16 -1 6 9 16 -1 2 3 -1 -2
5 9 11 -1 6 7 -1 3 15 -1 -2
4 11 -1 9 -1 2 5 11 14 -1 -2
6 11 12 -1 1 5 10 16 -1 3 4 11 15 -1 -2
1 6 7 -1 4 13 16 -1 3 5 13 16 -1 -2
3 4 7 8 -1 14 -1 15 -1 -2
3 6 -1 4 16 -1 4 -1 -2
1 10 13 -1 9 11 12 13 -1 2 3 15 -1 -2
7 -1 12 -1 5 6 13 14 -1 -2
9 14 -1 13 15 -1 4 10 13 -1 -2
7 10 12 14 -1 6 8 12 14 -1 2 11 12 -1 -2
2 3 7 -1 2 5 6 10 -1 14 15 -1 -2
4 5 -1 2 3 9 11 -1 1 2 15 -1 -2
11 -1 1 16 -1 7 8 12 -1 -2
5 8 11 15 -1 7 14 15 -1 7 -1 -2
2 9 11 13 -1 2 6 16 -1 7 -1 -2
1 12 14 -1 1 3 9 11 -1 2 -1 -2
2 9 -1 6 8 9 11 -1 9 10 13 -1 -2
2 3 4 10 -1 2 -1 1 3 7 16 -1 -2
3 4 -1 4 14 15 -1 8 -1 -2
11 13 -1 4 12 15 -1 5 6 9 16 -1 -2
9 10 13 -1 6 -1 1 4 9 12 -1 -2
4 7 -1 4 6 -1 11 -1 -2
2 5 -1 2 4 9 14 -1 2 12 -1 -2
10 -1 5 -1 4 5 14 15 -1 -2
6 10 -1 1 2 14 -1 3 9 14 15 -1 -2
3 11 12 13 -1 7 9 11 14 -1 4 11 -1 -2
11 -1 3 13 -1 6 13 15 16 -1 -2
10 -1 3 8 16 -1 13 -1 -2
9 10 -1 15 -1 1 6 9 -1 -2
6 8 15 16 -1 1 5 12 15 -1 2 5 14 16 -1 -2
1 2 -1 1 10 15 -1 13 -1 -2
8 16 -1 13 -1 4 11 12 16 -1 -2
7 13 14 -1 12 -1 2 8 9 -1 -2
7 8 14 -1 4 15 -1 3 -1 -2
5 7 9 16 -1 2 6 14 -1 13 -1 -2
3 11 -1 7 16 -1 2 3 4 5 -1 -2
1 5 9 14 -1 2 10 -1 9 10 13 15 -1 -2
6 10 14 -1 3 13 -1 1 6 16 -1 -2
6 8 10 13 -1 2 10 12 -1 12 -1 -2
2 12 16 -1 5 6 10 -1 5 -1 -2
1 9 11 -1 3 13 -1 3 13 -1 -2
3 11 12 -1 9 16 -1 7 -1 -2
4 8 16 -1 1 -1 6 -1 -2
2 3 7 13 -1 3 12 -1 5 12 15 -1 -2
4 8 10 -1 6 -1 11 -1 -2
4 8 13 15 -1 6 11 -1 1 7 12 13 -1 -2
1 2 11 13 -1 4 7 13 -1 9 12 14 15 -1 -2
2 4 5 7 -1 8 16 -1 3 12 -1 -2
10 13 -1 4 7 10 12 -1 2 15 16 -1 -2
4 8 14 -1 2 5 8 14 -1 9 14 -1 -2
14 15 -1 6 9 10 14 -1 1 -1 -2
4 5 -1 3 4 -1 1 2 12 -1 -2
1 7 10 14 -1 6 10 15 -1 8 11 -1 -2
10 11 12 -1 13 -1 6 13 14 -1 -2
2 3 7 9 -1 10 -1 10 12 -1 -2
12 15 -1 3 10 15 -1 4 6 -1 -2
8 12 -1 7 10 -1 1 3 7 -1 -2
1 4 6 14 -1 6 13 14 -1 2 3 8 13 -1 -2
5 8 -1 2 3 5 -1 9 -1 -2
1 -1 2 11 12 16 -1 6 7 10 15 -1 -2
11 -1 1 4 7 -1 6 -1 -2
2 4 -1 11 15 -1 1 -1 -2
8 12 15 -1 5 12 14 -1 12 -1 -2
1 2 6 -1 4 10 12 14 -1 4 5 9 16 -1 -2
1 7 9 11 -1 5 16 -1 2 3 5 13 -1 -2
3 12 14 -1 6 9 15 -1 7 11 -1 -2
1 2 5 11 -1 6 10 11 -1 2 5 7 11 -1 -2
3 14 15 -1 3 8 -1 2 -1 -2
12 14 -1 6 9 12 -1 3 -1 -2
6 -1 3 5 9 -1 1 4 9 -1 -2
2 8 16 -1 6 8 10 -1 16 -1 -2
1 9 -1 1 8 15 -1 4 14 -1 -2
1 3 13 14 -1 16 -1 15 -1 -2
3 10 15 -1 3 -1 4 6 14 -1 -2
4 -1 4 6 13 -1 6 7 12 -1 -2
5 10 -1 4 -1 16 -1 -2
2 3 10 12 -1 4 11 16 -1 2 4 9 -1 -2
9 -1 9 10 -1 6 8 -1 -2
6 12 -1 3 5 6 10 -1 15 -1 -2
5 11 14 -1 13 -1 6 7 -1 -2
2 -1 8 16 -1 6 10 15 -1 -2
1 2 6 -1 14 -1 4 8 -1 -2
14 -1 13 14 -1 8 9 10 13 -1 -2
4 -1 4 5 14 15 -1 6 7 12 -1 -2
16 -1 5 -1 5 11 15 -1 -2
9 11 14 15 -1 3 12 13 -1 3 5 7 14 -1 -2
2 -1 10 12 14 -1 1 -1 -2
11 16 -1 6 12 15 -1 1 2 -1 -2
3 4 7 12 -1 1 4 6 7 -1 6 12 -1 -2
3 6 9 -1 8 -1 6 11 -1 -2
5 9 13 16 -1 2 5 -1 2 9 -1 -2
3 6 10 12 -1 2 5 7 10 -1 12 13 -1 -2
1 9 10 -1 1 4 5 12 -1 9 12 14 -1 -2
4 7 9 16 -1 6 7 10 15 -1 6 7 12 -1 -2
16 -1 2 4 8 9 -1 14 -1 -2
1 5 -1 3 7 10 -1 2 6 -1 -2
8 11 -1 6 11 15 -1 6 -1 -2
1 2 -1 12 13 14 16 -1 3 7 8 -1 -2
5 6 -1 3 8 15 16 -1 8 11 -1 -2
14 -1 4 8 12 -1 4 12 -1 -2
7 -1 15 -1 12 -1 -2
5 -1 2 3 16 -1 7 9 15 -1 -2
10 -1 8 15 -1 1 5 6 12 -1 -2
2 7 8 9 -1 12 -1 5 9 -1 -2
8 10 13 16 -1 3 -1 4 11 13 14 -1 -2
3 15 -1 4 12 -1 8 9 15 -1 -2
7 -1 1 3 10 -1 14 -1 -2
4 11 13 15 -1 5 -1 14 -1 -2
5 10 13 15 -1 1 3 8 13 -1 3 5 -1 -2
2 -1 16 -1 7 9 -1 -2
3 5 9 12 -1 4 -1 4 -1 -2
10 12 13 -1 3 10 13 16 -1 2 4 8 16 -1 -2
5 14 15 -1 4 6 9 -1 2 11 -1 -2
15 -1 6 10 12 -1 8 11 12 -1 -2
4 5 13 -1 4 11 15 -1 3 15 -1 -2
2 3 5 7 -1 2 5 6 16 -1 3 5 8 -1 -2
5 -1 7 9 13 14 -1 15 -1 -2
8 10 -1 9 15 -1 2 5 10 -1 -2
3 13 -1 13 14 -1 3 4 5 16 -1 -2
3 9 10 -1 8 15 -1 4 6 14 15 -1 -2
9 12 13 -1 1 2 13 -1 5 9 -1 -2
1 4 9 14 -1 1 4 -1 4 7 8 9 -1 -2
7 8 13 15 -1 2 -1 6 7 12 13 -1 -2
8 -1 9 -1 6 7 -1 -2
4 13 14 -1 3 10 14 -1 3 6 10 11 -1 -2
9 11 14 -1 7 -1 16 -1 -2
4 6 10 11 -1 1 7 9 -1 4 12 -1 -2
2 4 5 -1 5 7 10 14 -1 1 10 11 13 -1 -2
2 12 -1 4 7 11 -1 4 16 -1 -2
4 -1 12 -1 7 13 -1 -2
7 10 14 -1 9 12 14 -1 5 15 -1 -2
4 5 14 -1 9 12 16 -1 11 12 13 16 -1 -2
9 11 -1 1 2 3 11 -1 4 9 -1 -2
1 9 12 -1 5 6 11 15 -1 8 -1 -2
1 14 -1 4 11 14 -1 8 10 13 -1 -2
2 3 13 14 -1 4 15 -1 5 10 12 15 -1 -2
7 -1 1 3 16 -1 7 10 12 16 -1 -2
1 3 5 16 -1 7 8 11 -1 15 -1 -2
1 10 14 -1 1 -1 1 -1 -2
8 15 -1 6 10 11 -1 2 11 12 -1 -2
1 -1 3 8 -1 4 -1 -2
1 7 14 -1 5 7 -1 6 14 15 -1 -2
2 9 15 -1 4 6 9 12 -1 6 14 -1 -2
6 9 14 -1 12 13 14 16 -1 7 10 -1 -2
10 12 16 -1 4 11 15 -1 10 16 -1 -2
3 15 -1 3 6 10 14 -1 5 -1 -2
5 6 7 11 -1 6 11 14 15 -1 10 12 15 16 -1 -2
3 10 -1 2 9 15 -1 7 9 -1 -2
1 5 7 12 -1 2 -1 3 10 14 -1 -2
5 8 10 15 -1 3 12 14 -1 2 6 14 -1 -2
10 16 -1 1 3 10 12 -1 12 -1 -2
2 8 -1 12 15 16 -1 11 12 16 -1 -2
8 -1 16 -1 8 9 10 -1 -2
1 2 6 8 -1 4 7 8 -1 3 9 -1 -2
4 -1 1 16 -1 1 6 -1 -2
6 11 -1 4 6 9 16 -1 9 10 11 12 -1 -2
7 -1 3 -1 2 7 -1 -2
12 15 -1 1 2 15 -1 3 4 9 13 -1 -2
3 6 9 12 -1 8 10 16 -1 6 7 13 -1 -2
10 11 13 -1 5 13 14 16 -1 6 7 8 16 -1 -2
12 -1 5 8 14 -1 3 6 -1 -2
13 -1 1 10 -1 2 5 9 13 -1 -2
9 -1 11 15 -1 3 14 -1 -2
8 12 16 -1 7 16 -1 3 16 -1 -2
13 -1 2 9 -1 2 4 11 16 -1 -2
4 -1 1 2 9 14 -1 6 11 -1 -2
6 13 14 16 -1 8 12 -1 8 -1 -2
4 6 13 14 -1 5 8 10 12 -1 3 12 -1 -2
8 11 15 16 -1 1 10 14 16 -1 11 -1 -2
1 -1 1 12 13 16 -1 8 -1 -2
1 2 16 -1 6 -1 2 -1 -2
1 4 7 9 -1 4 -1 1 3 6 9 -1 -2
2 12 13 -1 13 -1 3 4 8 14 -1 -2
11 -1 3 7 8 12 -1 4 6 13 14 -1 -2
7 -1 2 9 -1 2 3 5 13 -1 -2
1 7 -1 8 9 10 -1 4 5 11 -1 -2
8 10 14 15 -1 1 9 12 -1 2 3 16 -1 -2
5 6 10 13 -1 5 8 11 13 -1 2 8 11 12 -1 -2
2 8 9 11 -1 9 16 -1 16 -1 -2
14 15 -1 12 -1 2 4 12 -1 -2
2 -1 1 4 5 13 -1 1 2 8 -1 -2
11 13 -1 7 9 11 16 -1 3 13 -1 -2
7 8 -1 1 6 16 -1 2 3 4 9 -1 -2
9 -1 3 5 6 7 -1 2 -1 -2
1 9 14 -1 10 14 -1 5 14 -1 -2
1 -1 6 7 13 -1 3 12 -1 -2
10 -1 1 2 8 16 -1 4 13 15 -1 -2
4 6 -1 4 8 14 -1 3 11 13 -1 -2
6 10 13 -1 7 10 -1 10 -1 -2
3 10 14 -1 5 -1 1 6 7 -1 -2
1 6 15 -1 4 8 9 -1 4 9 15 -1 -2
4 11 13 15 -1 4 8 9 -1 1 7 14 -1 -2
4 6 15 -1 3 16 -1 11 12 14 -1 -2
1 2 7 11 -1 2 14 -1 9 12 -1 -2
1 5 11 -1 6 7 8 9 -1 2 3 7 -1 -2
5 7 9 10 -1 5 9 11 12 -1 13 -1 -2
5 14 16 -1 6 7 9 -1 5 15 -1 -2
14 -1 1 5 6 15 -1 10 16 -1 -2
3 5 9 10 -1 7 8 13 14 -1 2 -1 -2
5 9 13 -1 2 -1 4 15 -1 -2
3 7 15 -1 7 -1 3 11 -1 -2
8 16 -1 8 -1 3 10 12 16 -1 -2
1 11 13 -1 3 16 -1 7 8 -1 -2
6 7 12 -1 1 -1 1 3 5 -1 -2
1 15 -1 7 12 14 -1 4 7 11 12 -1 -2
13 -1 2 8 9 16 -1 4 5 8 10 -1 -2
5 7 14 -1 8 9 12 13 -1 6 8 10 14 -1 -2
11 -1 3 9 13 15 -1 2 6 8 16 -1 -2
1 3 6 15 -1 4 8 12 16 -1 4 -1 -2
16 -1 9 15 -1 8 9 -1 -2
2 -1 1 2 4 -1 2 6 16 -1 -2
6 10 -1 10 -1 2 3 11 16 -1 -2
7 11 14 15 -1 5 12 -1 9 10 12 -1 -2
14 16 -1 4 5 9 12 -1 3 6 16 -1 -2
13 -1 1 5 9 13 -1 13 -1 -2
7 14 -1 14 -1 5 9 11 -1 -2
7 10 12 14 -1 6 9 13 15 -1 1 8 -1 -2
8 11 -1 2 -1 5 -1 -2
8 15 -1 7 -1 8 -1 -2
3 12 13 16 -1 3 16 -1 5 6 15 -1 -2
12 -1 2 5 -1 1 5 6 12 -1 -2
2 7 -1 15 -1 6 11 -1 -2
6 8 14 15 -1 5 10 15 -1 6 13 -1 -2
3 7 8 9 -1 4 6 8 -1 11 15 -1 -2
5 12 -1 9 12 16 -1 1 2 16 -1 -2
7 12 -1 2 7 13 -1 5 6 12 -1 -2
12 15 -1 1 4 7 -1 2 6 -1 -2
6 9 13 -1 8 10 -1 3 -1 -2
1 9 12 14 -1 9 -1 1 2 6 -1 -2
3 -1 2 6 8 11 -1 3 10 15 -1 -2
3 -1 9 10 -1 2 10 -1 -2
3 7 12 13 -1 3 12 -1 10 -1 -2
1 16 -1 6 12 -1 2 5 10 11 -1 -2
8 14 -1 3 8 9 14 -1 1 6 16 -1 -2
1 4 9 -1 4 6 9 14 -1 1 6 13 15 -1 -2
2 3 5 10 -1 4 9 15 16 -1 8 16 -1 -2
16 -1 4 15 -1 5 -1 -2
2 11 14 -1 12 15 16 -1 3 6 11 12 -1 -2
1 10 13 14 -1 13 -1 1 2 9 10 -1 -2
7 -1 4 6 10 -1 2 5 11 13 -1 -2
1 -1 6 14 -1 7 10 16 -1 -2
2 9 -1 1 14 -1 2 -1 -2
1 10 -1 2 3 8 13 -1 1 7 8 15 -1 -2
12 -1 1 2 6 9 -1 2 3 -1 -2
5 13 16 -1 3 10 -1 1 4 13 14 -1 -2
4 11 14 -1 3 8 -1 1 4 15 16 -1 -2
12 -1 3 6 13 15 -1 9 -1 -2
5 7 -1 2 10 12 16 -1 3 5 10 -1 -2
2 -1 3 4 5 11 -1 7 9 12 16 -1 -2
6 9 -1 5 9 14 15 -1 1 12 15 -1 -2
8 11 -1 5 9 11 16 -1 5 -1 -2
7 -1 11 12 15 -1 13 -1 -2
5 -1 7 9 12 14 -1 3 4 -1 -2
5 10 16 -1 12 16 -1 5 -1 -2
2 6 8 13 -1 13 -1 2 13 -1 -2
9 -1 13 -1 3 7 11 15 -1 -2
1 13 14 -1 8 -1 10 12 14 16 -1 -2
7 8 10 -1 1 4 6 11 -1 1 10 15 -1 -2
3 4 9 16 -1 3 4 7 12 -1 1 10 13 -1 -2
3 9 -1 1 5 14 -1 5 10 11 16 -1 -2
9 16 -1 7 -1 6 9 15 -1 -2
4 7 10 15 -1 1 8 -1 4 5 -1 -2
3 8 11 13 -1 9 -1 1 11 13 15 -1 -2
6 12 13 -1 5 11 13 -1 2 7 10 -1 -2
3 4 7 -1 6 7 -1 10 12 -1 -2
4 6 13 15 -1 1 10 16 -1 4 15 -1 -2
3 11 15 -1 4 8 11 -1 4 7 14 -1 -2
5 9 12 14 -1 10 -1 16 -1 -2
16 -1 2 11 -1 5 9 14 -1 -2
4 9 13 14 -1 8 11 -1 11 -1 -2
1 -1 1 6 11 -1 2 7 8 16 -1 -2
3 6 8 -1 8 10 -1 2 -1 -2
1 3 4 15 -1 1 4 7 9 -1 8 11 -1 -2
10 -1 8 -1 5 10 16 -1 -2
6 7 10 11 -1 10 14 15 -1 7 -1 -2
7 9 10 11 -1 3 8 10 12 -1 3 -1 -2
4 -1 1 9 -1 2 11 -1 -2
8 11 -1 15 -1 2 11 -1 -2
15 -1 13 -1 2 5 -1 -2
6 10 13 -1 6 -1 2 4 5 10 -1 -2
5 6 7 -1 14 -1 7 9 13 15 -1 -2
6 12 14 16 -1 2 -1 2 13 -1 -2
11 12 -1 12 -1 6 10 15 -1 -2
15 -1 6 16 -1 4 9 10 13 -1 -2
1 -1 9 -1 3 -1 -2
14 16 -1 8 -1 14 -1 -2
5 9 -1 8 11 16 -1 5 16 -1 -2
6 7 9 14 -1 2 3 14 -1 5 9 12 16 -1 -2
2 9 14 -1 10 -1 11 -1 -2
3 9 14 16 -1 4 10 13 15 -1 1 2 10 -1 -2
1 2 -1 1 5 16 -1 3 -1 -2
2 3 5 8 -1 7 11 15 -1 3 11 12 13 -1 -2
5 -1 1 4 9 16 -1 5 15 -1 -2
1 -1 7 10 -1 10 12 -1 -2
3 10 14 -1 10 12 13 -1 3 4 9 11 -1 -2
16 -1 11 -1 3 -1 -2
1 -1 16 -1 4 7 10 -1 -2
4 9 10 -1 2 10 16 -1 3 -1 -2
14 -1 3 4 7 12 -1 3 11 12 -1 -2
3 -1 2 11 13 -1 13 -1 -2
2 3 8 12 -1 2 11 -1 2 3 6 7 -1 -2
1 6 8 12 -1 1 2 6 13 -1 3 8 9 14 -1 -2
5 -1 1 5 11 14 -1 14 16 -1 -2
2 4 10 15 -1 4 -1 2 12 14 15 -1 -2
1 15 -1 4 -1 11 -1 -2
8 14 -1 15 -1 3 7 -1 -2
10 14 -1 4 15 -1 3 13 16 -1 -2
8 -1 14 -1 6 12 -1 -2
4 6 13 -1 11 13 -1 13 14 -1 -2
4 6 7 14 -1 3 -1 2 8 14 -1 -2
3 -1 3 4 8 13 -1 14 16 -1 -2
5 10 14 -1 2 11 13 -1 2 15 -1 -2
15 -1 5 12 -1 2 6 11 14 -1 -2
5 7 11 -1 3 7 -1 7 14 15 -1 -2
2 8 9 16 -1 7 12 -1 2 13 -1 -2
8 9 -1 10 13 -1 15 -1 -2
9 12 -1 3 4 6 10 -1 3 9 10 -1 -2
3 4 6 14 -1 16 -1 5 6 9 -1 -2
13 -1 3 13 -1 4 16 -1 -2
1 3 11 14 -1 2 13 -1 10 12 15 -1 -2
7 -1 2 4 14 -1 4 10 12 -1 -2
2 -1 8 11 -1 14 -1 -2
2 8 11 15 -1 4 7 8 -1 4 6 10 -1 -2
10 12 -1 6 8 11 -1 10 -1 -2
3 8 16 -1 11 15 -1 4 5 7 9 -1 -2
3 4 14 -1 10 11 13 -1 5 13 -1 -2
2 7 8 10 -1 2 5 12 -1 11 -1 -2
3 13 -1 1 5 11 15 -1 1 2 4 7 -1 -2
7 8 15 -1 13 16 -1 4 5 11 13 -1 -2
5 14 -1 9 12 -1 1 16 -1 -2
12 -1 3 12 -1 8 12 14 -1 -2
5 11 -1 10 14 -1 1 3 8 -1 -2
8 10 14 15 -1 3 10 15 -1 3 4 10 15 -1 -2
5 8 9 12 -1 1 2 12 -1 4 5 -1 -2
10 14 -1 8 -1 15 -1 -2
12 16 -1 3 4 9 12 -1 2 4 15 -1 -2
7 -1 4 9 14 -1 2 10 -1 -2
8 -1 12 -1 3 10 16 -1 -2
5 -1 3 4 12 14 -1 1 16 -1 -2
4 6 11 15 -1 8 13 -1 6 -1 -2
11 12 -1 10 -1 2 11 -1 -2
1 3 9 11 -1 15 16 -1 9 -1 -2
4 6 11 12 -1 2 -1 11 12 -1 -2
6 15 -1 14 -1 6 10 -1 -2
11 12 -1 10 -1 2 3 14 -1 -2
6 9 13 -1 8 11 15 -1 1 3 15 -1 -2
3 15 -1 5 13 16 -1 7 9 -1 -2
4 9 -1 3 7 -1 11 -1 -2
11 -1 8 -1 6 -1 -2
10 11 13 16 -1 3 7 11 -1 2 7 -1 -2
8 -1 4 -1 13 -1 -2
1 8 10 16 -1 15 -1 5 8 12 15 -1 -2
9 11 13 14 -1 2 12 -1 8 13 -1 -2
2 3 14 -1 2 6 16 -1 2 4 12 -1 -2
1 9 -1 2 3 -1 2 11 13 16 -1 -2
9 11 -1 3 -1 6 8 15 -1 -2
1 3 13 -1 9 13 15 -1 11 -1 -2
1 3 7 12 -1 6 7 14 -1 1 2 7 8 -1 -2
4 10 15 -1 2 15 -1 4 10 11 -1 -2
8 13 14 15 -1 9 12 15 -1 7 12 -1 -2
5 6 7 16 -1 11 -1 5 7 -1 -2
9 13 15 16 -1 3 9 -1 15 -1 -2
3 8 9 16 -1 5 6 10 -1 1 -1 -2
1 2 12 13 -1 11 -1 16 -1 -2
9 10 -1 5 8 12 15 -1 13 -1 -2
3 15 -1 6 7 15 16 -1 16 -1 -2
15 -1 5 8 14 16 -1 3 5 9 11 -1 -2
7 15 -1 9 13 -1 1 3 11 15 -1 -2
6 -1 8 10 11 13 -1 2 4 5 16 -1 -2
1 2 3 7 -1 8 11 -1 3 5 16 -1 -2
4 15 -1 10 -1 16 -1 -2
8 12 13 -1 2 4 10 -1 3 10 -1 -2
5 6 13 -1 2 -1 1 -1 -2
7 11 13 14 -1 4 6 7 -1 1 2 4 7 -1 -2
7 10 11 14 -1 1 -1 7 9 11 15 -1 -2
3 15 -1 1 2 7 -1 1 12 13 15 -1 -2
5 7 -1 10 11 12 -1 3 6 8 11 -1 -2
2 4 10 -1 5 13 15 16 -1 4 9 13 14 -1 -2
13 -1 1 2 8 11 -1 1 8 13 -1 -2
7 -1 4 7 9 12 -1 6 8 9 14 -1 -2
1 5 15 16 -1 2 9 -1 2 11 13 -1 -2
1 3 7 8 -1 1 -1 2 5 8 -1 -2
8 9 13 -1 10 11 15 -1 2 8 11 -1 -2
5 14 -1 1 5 -1 13 -1 -2
3 9 14 16 -1 15 -1 4 5 6 -1 -2
7 9 -1 1 2 5 14 -1 7 8 14 15 -1 -2
1 -1 1 3 12 -1 2 8 16 -1 -2
8 14 -1 6 7 -1 10 12 -1 -2
10 15 16 -1 6 8 -1 2 8 10 15 -1 -2
1 5 11 12 -1 9 12 16 -1 1 -1 -2
10 14 -1 12 -1 7 8 13 -1 -2
7 10 12 15 -1 15 -1 5 6 10 -1 -2
4 14 15 16 -1 4 5 -1 10 -1 -2
4 -1 2 3 8 10 -1 15 -1 -2
4 5 9 14 -1 3 14 -1 15 -1 -2
4 9 10 -1 10 -1 3 13 14 -1 -2
10 14 -1 1 3 6 -1 5 -1 -2
5 8 11 16 -1 5 10 11 -1 12 14 -1 -2
7 8 13 -1 3 13 14 16 -1 8 13 16 -1 -2
15 -1 2 8 -1 14 -1 -2
3 4 6 -1 1 3 10 -1 2 13 16 -1 -2
13 15 16 -1 4 9 15 -1 7 -1 -2
7 13 -1 8 9 -1 2 3 8 10 -1 -2
3 10 13 -1 1 3 4 15 -1 7 8 12 13 -1 -2
6 11 16 -1 2 6 13 -1 5 12 -1 -2
10 -1 1 7 15 -1 4 12 15 -1 -2
3 9 13 14 -1 13 -1 3 5 7 16 -1 -2
2 3 5 16 -1 2 10 12 16 -1 1 7 -1 -2
9 12 14 -1 2 11 12 -1 3 7 13 -1 -2
11 12 -1 16 -1 2 3 10 13 -1 -2
7 10 14 -1 5 16 -1 1 5 16 -1 -2
1 7 9 -1 3 11 13 -1 10 13 -1 -2
1 9 11 -1 3 12 13 16 -1 4 10 13 -1 -2
6 -1 3 -1 7 -1 -2
3 -1 11 -1 8 11 -1 -2
2 -1 1 3 5 12 -1 3 4 7 -1 -2
15 -1 3 7 12 15 -1 1 2 14 15 -1 -2
14 -1 5 8 14 -1 8 -1 -2
16 -1 3 4 15 -1 2 9 10 -1 -2
1 5 10 14 -1 5 13 -1 1 11 -1 -2
15 -1 3 12 15 -1 5 7 8 11 -1 -2
1 3 5 7 -1 9 -1 11 16 -1 -2
2 9 -1 1 6 8 10 -1 3 11 13 -1 -2
3 -1 3 4 5 12 -1 8 -1 -2
6 -1 6 14 -1 13 -1 -2
8 12 -1 5 -1 7 9 12 -1 -2
1 11 -1 9 13 16 -1 1 12 -1 -2
1 2 8 16 -1 5 14 -1 1 13 15 -1 -2
5 -1 5 7 11 15 -1 2 4 7 -1 -2
2 13 -1 3 4 11 16 -1 3 6 9 16 -1 -2
5 12 14 -1 9 10 11 14 -1 2 6 12 16 -1 -2
10 -1 1 11 13 15 -1 15 -1 -2
15 -1 9 10 14 -1 13 -1 -2
10 12 14 -1 1 6 -1 5 9 -1 -2
4 15 -1 8 -1 7 12 -1 -2
1 3 -1 1 4 13 15 -1 6 7 -1 -2
11 15 16 -1 2 4 11 12 -1 2 8 12 14 -1 -2
16 -1 6 14 -1 8 12 -1 -2
15 -1 16 -1 3 8 12 16 -1 -2
10 -1 2 3 5 11 -1 11 15 -1 -2
6 8 10 -1 4 6 15 -1 7 10 11 -1 -2
1 10 11 16 -1 8 14 -1 10 13 -1 -2
3 8 10 -1 6 10 14 -1 7 14 -1 -2
3 10 12 14 -1 2 15 -1 3 11 14 16 -1 -2
4 10 -1 2 10 -1 3 11 -1 -2
5 8 10 11 -1 10 15 -1 4 12 16 -1 -2
1 3 8 -1 3 10 14 -1 7 9 -1 -2
7 -1 2 3 5 8 -1 1 8 12 -1 -2
2 8 9 10 -1 14 -1 2 6 8 12 -1 -2
5 11 -1 3 -1 2 4 11 13 -1 -2
8 11 15 -1 1 -1 7 14 -1 -2
1 9 -1 3 5 8 15 -1 12 16 -1 -2
1 7 13 -1 2 -1 10 -1 -2
1 10 11 -1 4 5 15 16 -1 6 14 15 16 -1 -2
3 8 15 16 -1 6 10 -1 5 13 14 -1 -2
9 10 12 13 -1 16 -1 2 3 4 5 -1 -2
13 -1 13 -1 4 10 14 -1 -2
1 3 7 12 -1 3 15 -1 4 5 8 -1 -2
8 9 16 -1 4 8 -1 5 11 -1 -2
11 13 -1 12 16 -1 1 9 15 -1 -2
2 4 -1 6 10 14 -1 5 12 -1 -2
1 14 16 -1 13 -1 4 -1 -2
13 -1 4 6 7 9 -1 12 -1 -2
3 4 6 15 -1 12 16 -1 2 8 14 -1 -2
16 -1 12 13 14 -1 7 11 13 -1 -2
3 13 -1 9 15 -1 5 12 13 -1 -2
16 -1 2 3 -1 2 4 5 -1 -2
5 10 14 16 -1 8 14 16 -1 4 9 12 16 -1 -2
6 -1 1 9 14 15 -1 7 -1 -2
1 3 8 -1 8 9 -1 2 15 16 -1 -2
7 -1 16 -1 5 12 -1 -2
3 16 -1 8 11 14 -1 12 -1 -2
1 4 14 15 -1 1 6 16 -1 3 4 6 15 -1 -2
11 -1 8 9 11 12 -1 6 13 -1 -2
12 -1 2 10 11 12 -1 16 -1 -2
5 10 12 -1 2 11 -1 2 6 14 15 -1 -2
3 6 13 -1 9 12 14 -1 11 -1 -2
5 7 9 -1 3 4 9 -1 6 8 9 12 -1 -2
12 15 -1 6 8 14 -1 3 4 7 10 -1 -2
11 16 -1 13 -1 3 15 -1 -2
1 4 10 11 -1 5 9 -1 3 4 8 12 -1 -2
9 16 -1 5 -1 11 14 -1 -2
9 -1 1 5 8 10 -1 2 5 8 9 -1 -2
6 8 9 12 -1 5 8 10 -1 2 7 9 10 -1 -2
2 -1 7 16 -1 8 13 -1 -2
2 13 -1 11 13 15 -1 6 11 -1 -2
2 16 -1 1 14 -1 3 -1 -2
4 7 14 15 -1 5 -1 1 13 -1 -2
4 11 -1 8 9 15 -1 11 -1 -2
5 7 9 -1 16 -1 6 8 14 -1 -2
1 4 9 13 -1 2 3 12 14 -1 4 8 10 14 -1 -2
1 13 14 16 -1 5 16 -1 2 7 11 -1 -2
8 -1 6 10 13 15 -1 5 9 16 -1 -2
4 9 -1 6 13 14 -1 9 11 -1 -2
2 4 -1 1 8 11 -1 11 12 -1 -2
3 6 7 9 -1 1 3 4 14 -1 5 11 14 16 -1 -2
1 2 9 10 -1 4 7 10 -1 3 7 12 13 -1 -2
7 11 -1 1 7 14 -1 14 -1 -2
4 8 14 -1 4 11 -1 11 -1 -2
1 8 14 -1 3 12 15 -1 3 12 13 -1 -2
2 7 12 15 -1 9 12 -1 11 -1 -2
4 9 14 -1 4 12 -1 7 -1 -2
8 13 -1 2 3 4 16 -1 13 14 15 -1 -2
2 -1 7 9 12 16 -1 4 -1 -2
8 10 15 -1 4 -1 2 8 11 -1 -2
12 -1 3 11 14 15 -1 2 6 9 -1 -2
13 -1 2 -1 2 6 12 13 -1 -2
7 9 -1 1 6 -1 2 9 -1 -2
12 -1 1 5 7 13 -1 1 2 15 -1 -2
14 16 -1 1 -1 12 -1 -2
14 -1 2 3 4 -1 6 10 14 16 -1 -2
2 -1 6 10 12 16 -1 4 6 -1 -2
4 14 -1 5 6 7 11 -1 2 10 15 -1 -2
11 14 15 -1 5 7 9 -1 5 6 16 -1 -2
5 15 16 -1 10 14 16 -1 14 -1 -2
5 6 10 12 -1 15 -1 1 3 7 8 -1 -2
6 7 -1 16 -1 4 14 16 -1 -2
3 5 12 15 -1 3 6 7 8 -1 7 9 -1 -2
7 8 12 -1 2 6 7 10 -1 1 4 7 8 -1 -2
4 7 13 -1 1 7 15 16 -1 5 7 12 15 -1 -2
7 8 9 15 -1 6 9 16 -1 15 -1 -2
7 13 14 16 -1 5 7 11 -1 4 5 12 -1 -2
16 -1 12 14 15 -1 4 -1 -2
3 5 8 16 -1 4 -1 2 5 -1 -2
6 7 -1 4 5 16 -1 6 15 -1 -2
3 8 -1 15 -1 2 4 6 -1 -2
1 4 5 15 -1 1 10 12 14 -1 9 13 16 -1 -2
8 12 13 -1 14 15 -1 15 -1 -2
2 4 11 16 -1 9 -1 9 -1 -2
4 7 13 -1 9 10 12 13 -1 3 -1 -2
10 -1 1 7 9 15 -1 3 -1 -2
1 8 14 -1 2 4 6 9 -1 1 -1 -2
7 14 16 -1 8 10 12 14 -1 11 15 -1 -2
11 -1 5 6 7 10 -1 1 6 11 -1 -2
12 16 -1 6 -1 6 8 9 15 -1 -2
4 -1 1 4 7 13 -1 5 -1 -2
2 3 8 11 -1 6 -1 4 7 12 -1 -2
3 7 -1 3 6 12 -1 11 12 15 16 -1 -2
3 5 8 14 -1 10 12 16 -1 2 7 14 16 -1 -2
3 9 14 16 -1 1 3 4 8 -1 9 -1 -2
5 -1 4 8 14 -1 2 5 16 -1 -2
1 -1 13 15 16 -1 2 3 10 15 -1 -2
5 8 -1 6 10 11 15 -1 4 -1 -2
16 -1 3 11 -1 4 5 8 15 -1 -2
1 8 -1 2 7 9 -1 7 8 15 -1 -2
7 8 9 13 -1 7 11 15 -1 9 10 16 -1 -2
2 3 4 6 -1 9 10 16 -1 1 7 14 -1 -2
13 15 -1 13 -1 4 6 7 8 -1 -2
13 -1 9 15 -1 15 -1 -2
6 -1 2 16 -1 1 -1 -2
1 3 12 -1 6 -1 3 11 -1 -2
4 8 -1 10 -1 10 11 -1 -2
5 13 -1 1 4 15 -1 2 13 -1 -2
7 8 12 -1 14 -1 14 -1 -2
9 14 -1 7 12 -1 4 16 -1 -2
5 6 -1 2 3 5 16 -1 6 15 -1 -2
4 6 9 10 -1 4 -1 6 8 -1 -2
10 -1 11 -1 1 6 8 -1 -2
5 -1 2 -1 2 -1 -2
2 -1 6 -1 1 13 -1 -2
1 6 9 16 -1 1 3 6 13 -1 13 16 -1 -2
2 6 12 -1 4 11 14 16 -1 8 -1 -2
16 -1 4 5 12 -1 2 7 10 15 -1 -2
1 7 10 -1 5 7 12 -1 13 -1 -2
6 8 12 -1 4 -1 4 -1 -2
3 7 12 13 -1 5 13 -1 4 9 13 14 -1 -2
5 7 11 -1 3 13 -1 2 3 11 12 -1 -2
2 9 13 -1 16 -1 10 12 15 -1 -2
13 16 -1 7 11 12 -1 4 10 13 -1 -2
8 11 -1 7 8 10 14 -1 8 -1 -2
2 11 14 -1 6 7 -1 8 10 12 14 -1 -2
14 -1 1 -1 9 10 12 14 -1 -2
1 8 -1 6 11 12 16 -1 10 12 -1 -2
7 9 -1 5 8 -1 6 -1 -2
5 14 -1 6 8 -1 3 -1 -2
4 6 11 -1 16 -1 6 7 15 16 -1 -2
5 12 -1 2 3 6 15 -1 6 -1 -2
1 4 9 13 -1 12 -1 5 -1 -2
7 -1 16 -1 5 10 11 15 -1 -2
1 3 13 16 -1 1 5 7 9 -1 10 -1 -2
1 12 -1 1 11 -1 4 7 15 -1 -2
15 -1 5 6 10 16 -1 6 11 -1 -2
1 2 4 7 -1 7 -1 4 5 10 -1 -2
14 -1 2 12 14 -1 4 -1 -2
6 11 15 -1 11 13 -1 1 5 10 -1 -2
3 15 16 -1 7 -1 2 4 9 -1 -2
3 9 10 -1 2 5 6 -1 5 7 8 16 -1 -2
4 6 7 13 -1 2 7 9 -1 15 -1 -2
2 9 12 16 -1 1 5 9 10 -1 14 15 -1 -2
15 16 -1 1 7 -1 10 -1 -2
1 7 9 15 -1 2 3 12 15 -1 6 8 9 10 -1 -2
12 -1 7 8 12 14 -1 1 4 12 16 -1 -2
2 -1 7 -1 3 10 -1 -2
12 -1 6 7 15 16 -1 3 4 7 14 -1 -2
5 11 -1 6 8 16 -1 8 10 12 -1 -2
2 6 9 -1 2 14 -1 5 6 7 -1 -2
1 -1 6 9 12 -1 6 -1 -2
8 -1 11 -1 6 -1 -2
2 7 -1 1 2 3 16 -1 2 -1 -2
2 6 -1 2 4 12 -1 1 2 -1 -2
6 9 11 12 -1 15 -1 2 7 -1 -2
7 8 15 -1 9 -1 1 14 -1 -2
1 7 -1 4 10 -1 2 10 -1 -2
9 10 12 -1 5 -1 6 14 15 16 -1 -2
12 -1 7 11 12 14 -1 13 -1 -2
4 12 -1 6 13 -1 7 8 16 -1 -2
2 7 -1 13 -1 5 7 -1 -2
3 6 14 -1 7 -1 6 14 15 -1 -2
3 9 -1 10 13 -1 5 11 13 -1 -2
8 12 14 -1 12 -1 1 8 10 13 -1 -2
2 5 7 13 -1 11 -1 6 15 16 -1 -2
8 13 -1 9 14 -1 9 -1 -2
3 5 16 -1 2 4 9 10 -1 7 9 10 14 -1 -2
5 -1 3 4 14 16 -1 7 -1 -2
16 -1 1 4 10 -1 1 2 4 15 -1 -2
3 5 9 15 -1 5 13 16 -1 5 -1 -2
8 -1 4 10 -1 7 -1 -2
7 13 -1 8 9 -1 6 7 12 14 -1 -2
7 12 15 -1 10 14 -1 3 11 12 -1 -2
13 16 -1 6 12 14 -1 8 9 -1 -2
5 -1 3 9 16 -1 7 12 15 16 -1 -2
6 8 -1 4 8 14 -1 4 5 -1 -2
9 -1 3 11 -1 1 15 -1 -2
1 12 16 -1 2 14 -1 15 -1 -2
7 11 13 15 -1 3 5 11 -1 3 9 -1 -2
11 13 16 -1 4 5 -1 9 10 -1 -2
3 7 8 13 -1 16 -1 1 5 9 -1 -2
11 14 -1 8 11 12 14 -1 3 5 -1 -2
1 10 16 -1 12 16 -1 4 -1 -2
1 5 9 14 -1 4 13 14 15 -1 2 7 13 -1 -2
4 5 11 -1 2 3 7 9 -1 9 12 15 -1 -2
4 11 -1 8 10 12 14 -1 7 8 14 -1 -2
3 5 8 12 -1 3 7 8 15 -1 3 5 12 16 -1 -2
1 10 13 14 -1 2 10 14 -1 2 8 14 -1 -2
2 4 14 -1 5 8 11 -1 3 12 -1 -2
6 -1 5 7 13 16 -1 1 4 8 -1 -2
15 -1 11 14 16 -1 1 -1 -2
9 -1 4 7 13 -1 8 11 -1 -2
6 15 -1 1 5 -1 2 14 -1 -2
8 -1 4 15 -1 6 8 -1 -2
3 9 -1 1 13 14 -1 3 6 13 14 -1 -2
8 10 11 -1 3 5 6 7 -1 7 8 10 14 -1 -2
11 12 -1 14 -1 12 -1 -2
3 5 9 10 -1 1 9 12 16 -1 6 14 -1 -2
4 5 14 -1 15 -1 11 -1 -2
10 14 -1 1 10 -1 11 -1 -2
2 7 9 16 -1 4 13 16 -1 5 7 9 10 -1 -2
1 10 15 -1 2 9 -1 2 3 7 -1 -2
4 7 8 15 -1 11 -1 15 16 -1 -2
5 15 -1 10 12 -1 4 9 13 15 -1 -2
7 9 -1 7 -1 5 10 -1 -2
8 10 12 -1 4 6 10 16 -1 1 3 6 8 -1 -2
1 4 10 13 -1 6 10 15 -1 8 9 12 13 -1 -2
8 10 -1 13 16 -1 16 -1 -2
10 12 -1 2 7 9 -1 2 14 -1 -2
3 9 11 -1 1 5 9 11 -1 3 5 13 15 -1 -2
2 16 -1 7 -1 5 8 10 12 -1 -2
10 -1 5 8 11 15 -1 5 10 12 -1 -2
7 11 15 -1 1 6 7 -1 11 14 -1 -2
13 -1 3 7 -1 3 10 11 15 -1 -2
1 8 -1 10 -1 6 8 9 -1 -2
2 4 5 12 -1 1 5 9 -1 2 -1 -2
7 10 11 15 -1 8 12 13 16 -1 12 13 -1 -2
3 10 11 12 -1 3 5 7 13 -1 7 10 12 -1 -2
2 7 -1 11 12 -1 8 9 -1 -2
14 -1 1 2 3 14 -1 4 8 -1 -2
9 -1 3 8 10 -1 3 7 10 11 -1 -2
1 10 13 15 -1 5 8 12 -1 9 -1 -2
1 4 8 -1 1 -1 5 9 13 14 -1 -2
9 -1 6 11 14 16 -1 2 7 -1 -2
4 11 -1 1 8 -1 8 -1 -2
1 7 9 10 -1 13 15 -1 1 8 11 -1 -2
3 8 15 -1 8 9 10 14 -1 3 5 11 -1 -2
3 7 -1 6 7 8 13 -1 4 6 10 -1 -2
5 12 -1 2 3 15 -1 9 -1 -2
5 11 12 16 -1 7 -1 6 8 9 16 -1 -2
2 4 6 16 -1 1 8 13 16 -1 5 8 -1 -2
1 8 11 13 -1 12 -1 10 -1 -2
1 6 7 9 -1 3 4 9 12 -1 8 11 -1 -2
5 13 15 -1 8 12 13 15 -1 4 7 14 -1 -2
6 14 -1 1 -1 9 14 15 -1 -2
4 7 10 13 -1 2 15 -1 2 4 -1 -2
1 2 -1 11 -1 6 7 16 -1 -2
9 15 -1 4 -1 1 4 6 16 -1 -2
3 4 6 13 -1 6 -1 5 11 13 -1 -2
1 3 9 12 -1 1 5 15 -1 1 16 -1 -2
6 7 11 14 -1 4 -1 2 6 8 16 -1 -2
3 8 13 -1 4 8 13 16 -1 15 16 -1 -2
3 -1 5 15 -1 3 6 8 -1 -2
4 7 11 16 -1 4 9 16 -1 10 16 -1 -2
5 15 -1 9 10 -1 6 11 15 -1 -2
7 -1 2 6 12 16 -1 6 -1 -2
5 7 10 16 -1 8 14 16 -1 3 9 15 -1 -2
7 9 13 14 -1 6 10 -1 6 -1 -2
2 7 9 13 -1 5 6 7 -1 1 5 9 15 -1 -2
13 16 -1 8 9 10 14 -1 12 15 -1 -2
2 14 16 -1 10 11 15 -1 6 14 -1 -2
4 10 11 -1 2 6 11 14 -1 5 -1 -2
5 10 15 -1 5 9 11 13 -1 11 -1 -2
10 13 15 -1 4 6 7 12 -1 3 4 11 -1 -2
2 5 11 -1 3 4 5 15 -1 6 12 13 -1 -2
2 10 11 13 -1 3 -1 3 6 10 -1 -2
7 8 12 13 -1 4 -1 2 6 9 10 -1 -2
7 8 15 -1 3 5 16 -1 7 12 -1 -2
5 12 -1 1 2 -1 1 5 10 15 -1 -2
2 5 11 14 -1 6 9 14 -1 5 6 -1 -2
4 11 -1 3 12 16 -1 7 9 13 -1 -2
12 13 14 -1 4 -1 7 8 10 14 -1 -2
3 -1 1 -1 4 16 -1 -2
7 -1 10 11 -1 6 10 13 -1 -2
5 14 -1 3 9 16 -1 2 11 -1 -2
9 15 -1 5 -1 12 -1 -2
1 5 12 -1 3 4 7 9 -1 1 2 9 -1 -2
3 12 14 15 -1 1 7 12 -1 6 8 13 16 -1 -2
4 12 16 -1 15 16 -1 1 -1 -2
1 5 10 12 -1 12 -1 9 -1 -2
2 4 10 11 -1 1 2 8 -1 6 16 -1 -2
5 15 -1 3 5 8 13 -1 1 16 -1 -2
9 12 15 -1 9 10 11 13 -1 6 14 16 -1 -2
7 11 12 -1 3 -1 4 6 -1 -2
14 15 -1 6 8 15 -1 2 4 12 13 -1 -2
10 12 15 -1 10 -1 1 14 -1 -2
10 16 -1 10 15 -1 7 11 -1 -2
3 -1 3 12 -1 2 -1 -2
2 4 10 -1 9 10 14 -1 4 -1 -2
1 12 -1 9 15 -1 1 2 8 11 -1 -2
7 12 14 -1 9 -1 5 -1 -2
4 14 16 -1 12 13 14 -1 2 -1 -2
11 -1 3 6 9 13 -1 16 -1 -2
1 6 8 10 -1 1 -1 3 4 12 -1 -2
8 -1 13 -1 1 5 6 16 -1 -2
11 12 -1 6 8 16 -1 10 -1 -2
5 8 -1 9 15 -1 5 6 7 9 -1 -2
3 14 16 -1 2 3 5 -1 5 9 11 -1 -2
15 -1 6 8 9 -1 1 5 7 10 -1 -2
6 -1 9 12 13 14 -1 1 5 6 14 -1 -2
4 9 10 -1 2 10 -1 12 -1 -2
1 3 16 -1 16 -1 2 6 11 -1 -2
3 14 -1 3 8 12 -1 12 -1 -2
5 9 15 -1 12 -1 3 5 12 -1 -2
5 6 11 -1 4 -1 8 9 12 -1 -2
1 4 8 -1 3 13 -1 1 8 -1 -2
8 14 -1 4 7 10 11 -1 2 6 9 -1 -2
14 -1 5 13 14 16 -1 8 16 -1 -2
10 14 -1 3 7 9 16 -1 1 8 -1 -2
7 9 10 12 -1 15 -1 6 -1 -2
9 -1 6 7 13 14 -1 4 6 7 -1 -2
12 13 -1 8 13 14 -1 1 12 -1 -2
1 10 14 -1 8 9 10 14 -1 5 -1 -2
6 -1 3 4 12 16 -1 6 12 -1 -2
16 -1 9 10 16 -1 11 -1 -2
5 10 11 -1 2 10 14 -1 1 3 16 -1 -2
2 10 12 14 -1 11 15 -1 13 14 -1 -2
8 9 10 13 -1 6 -1 3 4 -1 -2
2 5 11 -1 9 -1 9 15 16 -1 -2
2 6 14 15 -1 9 -1 8 -1 -2
6 -1 15 -1 9 -1 -2
2 10 11 15 -1 4 6 9 -1 3 8 9 14 -1 -2
10 -1 3 13 -1 12 16 -1 -2
1 4 7 12 -1 3 13 -1 7 9 12 15 -1 -2
7 -1 9 -1 5 10 12 -1 -2
4 15 -1 1 13 14 15 -1 3 7 14 15 -1 -2
3 10 16 -1 6 7 8 -1 2 4 8 11 -1 -2
11 13 -1 3 5 6 7 -1 9 10 -1 -2
2 8 10 13 -1 6 8 -1 3 12 15 -1 -2
3 12 -1 2 6 14 -1 16 -1 -2
12 16 -1 4 5 -1 3 13 -1 -2
10 -1 3 4 -1 2 3 8 10 -1 -2
3 4 14 -1 4 9 16 -1 1 3 5 7 -1 -2
6 -1 10 11 12 16 -1 2 10 13 14 -1 -2
16 -1 11 -1 1 7 14 -1 -2
13 -1 3 6 8 16 -1 2 5 8 -1 -2
7 9 10 15 -1 5 -1 11 -1 -2
1 6 7 12 -1 6 -1 6 -1 -2
15 -1 4 14 -1 2 9 -1 -2
1 7 10 -1 2 -1 3 11 -1 -2
5 9 -1 2 -1 7 9 -1 -2
3 13 14 -1 11 12 -1 7 14 16 -1 -2
16 -1 4 6 11 -1 1 3 9 12 -1 -2
11 -1 10 -1 10 11 16 -1 -2
10 -1 5 10 13 16 -1 9 12 16 -1 -2
3 6 -1 2 3 10 -1 4 5 6 11 -1 -2
8 12 -1 15 -1 10 -1 -2
4 5 12 14 -1 1 4 7 -1 2 9 14 16 -1 -2
16 -1 4 12 -1 2 7 9 -1 -2
11 15 -1 5 -1 8 16 -1 -2
2 -1 1 5 9 16 -1 16 -1 -2
7 11 13 -1 1 11 12 16 -1 12 13 -1 -2
8 -1 3 5 10 13 -1 11 12 16 -1 -2
2 12 -1 6 15 -1 11 16 -1 -2
9 -1 4 5 8 -1 3 -1 -2
4 9 -1 8 -1 4 6 7 14 -1 -2
1 9 10 15 -1 16 -1 2 6 15 -1 -2
3 -1 1 3 12 -1 4 -1 -2
4 10 11 -1 2 -1 1 7 9 -1 -2
6 9 10 13 -1 6 9 -1 3 5 15 -1 -2
8 14 -1 5 16 -1 4 12 14 16 -1 -2
3 13 -1 9 11 -1 2 -1 -2
3 4 5 -1 5 10 13 -1 3 4 5 -1 -2
6 11 -1 7 8 9 -1 2 -1 -2
9 13 -1 1 2 15 -1 5 -1 -2
1 3 -1 1 2 4 10 -1 9 13 15 -1 -2
11 -1 7 12 15 -1 1 3 5 -1 -2
3 -1 2 3 -1 7 11 15 -1 -2
3 5 9 -1 10 16 -1 2 10 14 -1 -2
4 15 -1 2 4 16 -1 13 -1 -2
9 -1 4 9 -1 3 8 16 -1 -2
8 12 -1 1 10 11 -1 5 9 10 -1 -2
10 12 15 -1 3 4 -1 5 6 8 11 -1 -2
1 3 12 -1 5 8 -1 16 -1 -2
2 9 13 -1 13 -1 1 4 6 11 -1 -2
6 14 15 16 -1 2 13 -1 1 7 -1 -2
3 7 14 -1 14 16 -1 12 -1 -2
1 9 10 -1 13 -1 3 4 15 -1 -2
2 5 -1 2 5 8 -1 3 7 12 15 -1 -2
8 -1 7 8 9 -1 11 12 15 -1 -2
5 10 13 16 -1 5 10 14 15 -1 3 14 15 -1 -2
3 5 11 -1 10 -1 2 -1 -2
2 3 9 10 -1 1 12 16 -1 5 -1 -2
10 -1 6 13 -1 1 4 -1 -2
16 -1 1 5 9 -1 3 6 9 -1 -2
4 12 15 -1 6 9 11 -1 2 5 6 -1 -2
3 12 15 -1 3 7 16 -1 2 10 -1 -2
7 12 -1 8 16 -1 1 6 13 -1 -2
10 13 -1 2 3 -1 3 4 5 7 -1 -2
1 7 12 -1 3 9 -1 4 10 14 -1 -2
8 9 15 -1 1 3 8 -1 7 9 15 -1 -2
8 15 -1 2 6 7 14 -1 1 8 13 15 -1 -2
8 11 12 -1 3 4 9 11 -1 5 7 11 12 -1 -2
13 -1 14 -1 12 -1 -2
4 15 -1 1 3 -1 1 7 11 16 -1 -2
4 5 14 -1 7 13 -1 2 -1 -2
11 12 15 -1 4 5 -1 2 6 11 15 -1 -2
4 5 12 14 -1 4 5 -1 5 7 10 16 -1 -2
3 -1 3 6 16 -1 5 9 15 -1 -2
4 9 16 -1 1 15 16 -1 3 4 8 11 -1 -2
3 8 12 13 -1 2 8 -1 1 3 9 11 -1 -2
11 -1 12 -1 6 7 -1 -2
1 6 8 15 -1 5 12 -1 9 14 -1 -2
5 9 -1 10 12 -1 6 12 14 -1 -2
7 14 -1 5 -1 4 7 -1 -2
3 5 -1 3 5 10 -1 3 8 11 -1 -2
12 -1 3 6 -1 4 5 6 16 -1 -2
11 -1 4 6 15 -1 2 4 10 16 -1 -2
1 4 5 -1 9 12 13 14 -1 7 13 15 -1 -2
2 6 15 16 -1 3 5 10 16 -1 3 5 7 13 -1 -2
2 5 15 -1 1 6 -1 1 11 12 13 -1 -2
1 4 12 -1 10 13 14 -1 1 4 5 7 -1 -2
4 6 -1 4 8 13 16 -1 4 16 -1 -2
3 6 -1 1 2 8 -1 1 4 6 -1 -2
4 11 12 -1 7 9 12 -1 6 9 14 16 -1 -2
15 -1 14 16 -1 3 5 -1 -2
6 -1 6 12 14 16 -1 1 9 11 -1 -2
1 3 7 14 -1 11 14 -1 10 13 15 -1 -2
3 8 11 -1 1 2 7 9 -1 6 10 11 13 -1 -2
4 5 -1 3 8 -1 12 -1 -2
2 6 11 -1 7 8 9 11 -1 12 16 -1 -2
13 -1 1 15 -1 3 10 15 16 -1 -2
13 -1 12 14 -1 5 7 13 -1 -2
12 15 -1 5 7 -1 7 11 -1 -2
12 15 -1 8 11 12 14 -1 4 15 -1 -2
5 12 -1 12 16 -1 7 8 -1 -2
1 -1 16 -1 1 3 -1 -2
7 8 -1 2 7 9 -1 7 12 -1 -2
3 8 15 16 -1 4 -1 4 7 12 14 -1 -2
2 5 10 -1 4 8 9 -1 1 11 -1 -2
1 12 -1 5 6 13 16 -1 1 6 14 15 -1 -2
5 -1 6 7 14 -1 1 -1 -2
2 3 16 -1 16 -1 7 -1 -2
8 9 11 12 -1 2 3 9 10 -1 5 7 10 11 -1 -2
6 7 11 -1 14 -1 8 10 -1 -2
16 -1 4 6 15 -1 3 10 -1 -2
3 -1 2 7 12 -1 6 7 16 -1 -2
6 -1 12 15 -1 9 12 16 -1 -2
8 -1 2 12 13 -1 5 7 -1 -2
3 7 13 -1 2 5 6 15 -1 15 16 -1 -2
14 -1 4 7 13 -1 10 16 -1 -2
10 11 12 14 -1 12 -1 5 8 -1 -2
4 6 12 14 -1 2 5 6 7 -1 3 11 15 16 -1 -2
3 7 9 10 -1 9 -1 6 13 15 -1 -2
11 -1 3 8 10 -1 7 14 15 -1 -2
8 11 12 -1 2 6 10 12 -1 6 7 10 15 -1 -2
16 -1 5 9 14 -1 2 14 -1 -2
7 -1 10 11 16 -1 2 4 7 10 -1 -2
11 15 -1 1 3 7 10 -1 5 11 -1 -2
5 12 -1 13 16 -1 7 15 -1 -2
4 8 10 11 -1 9 11 -1 1 3 5 14 -1 -2
14 -1 1 8 12 16 -1 2 3 12 16 -1 -2
3 4 14 -1 3 13 -1 4 5 14 -1 -2
1 4 8 -1 2 6 11 15 -1 5 -1 -2
11 -1 5 10 14 16 -1 5 -1 -2
6 12 -1 10 12 -1 2 -1 -2
1 5 16 -1 8 9 -1 9 10 11 -1 -2
9 13 -1 4 7 15 -1 2 11 14 -1 -2
5 6 13 -1 10 11 -1 3 8 12 -1 -2
7 10 16 -1 2 -1 2 6 12 16 -1 -2
13 -1 8 9 -1 8 9 16 -1 -2
10 -1 5 6 10 -1 2 -1 -2
1 8 10 12 -1 5 16 -1 9 15 -1 -2
2 4 9 -1 7 10 12 15 -1 1 2 9 15 -1 -2
4 15 -1 8 -1 5 -1 -2
11 16 -1 9 10 13 -1 5 15 16 -1 -2
7 11 16 -1 9 11 -1 4 15 -1 -2
7 13 -1 12 14 -1 2 4 9 16 -1 -2
13 16 -1 4 7 12 -1 1 2 5 16 -1 -2
3 6 -1 12 -1 1 -1 -2
2 -1 2 5 9 16 -1 8 -1 -2
6 -1 7 8 -1 2 10 11 15 -1 -2
3 -1 8 9 11 -1 1 10 -1 -2
12 14 15 -1 11 -1 6 7 12 -1 -2
3 9 -1 3 -1 16 -1 -2
3 4 5 11 -1 3 11 14 15 -1 5 -1 -2
9 -1 4 9 16 -1 1 3 6 11 -1 -2
5 8 15 16 -1 12 16 -1 1 2 7 16 -1 -2
3 14 15 16 -1 4 7 13 -1 13 -1 -2
12 -1 8 9 12 16 -1 3 12 13 -1 -2
4 7 10 -1 2 12 13 15 -1 15 -1 -2
2 7 13 16 -1 5 9 14 -1 1 14 -1 -2
8 10 13 15 -1 6 -1 3 10 16 -1 -2
8 12 16 -1 5 10 12 -1 3 -1 -2
6 7 -1 11 16 -1 2 7 14 -1 -2
4 -1 2 8 9 12 -1 3 4 16 -1 -2
2 11 12 16 -1 3 10 11 16 -1 4 6 9 13 -1 -2
12 -1 4 8 -1 14 -1 -2
7 -1 1 -1 9 -1 -2
3 4 7 12 -1 8 -1 11 -1 -2
4 7 -1 4 15 -1 6 12 15 -1 -2
2 9 15 -1 2 6 12 -1 10 11 15 -1 -2
4 6 7 14 -1 10 -1 2 3 10 -1 -2
3 7 12 -1 4 10 -1 4 -1 -2
4 7 12 -1 3 5 10 14 -1 13 -1 -2
6 7 -1 1 5 -1 14 -1 -2
1 11 14 -1 2 3 5 -1 9 12 14 16 -1 -2
1 2 14 16 -1 12 -1 9 16 -1 -2
2 15 -1 14 -1 2 4 15 -1 -2
2 8 -1 2 -1 1 8 15 -1 -2
7 10 -1 10 11 13 16 -1 7 -1 -2
2 3 13 15 -1 2 8 10 14 -1 2 -1 -2
7 12 -1 1 2 9 -1 6 10 12 -1 -2
5 8 9 11 -1 6 11 -1 7 9 12 15 -1 -2
9 10 -1 2 4 9 -1 6 16 -1 -2
12 -1 8 -1 5 6 7 9 -1 -2
4 6 14 16 -1 12 15 -1 2 13 15 -1 -2
2 5 9 16 -1 2 7 9 12 -1 2 4 -1 -2
6 8 10 14 -1 1 4 7 8 -1 4 -1 -2
1 3 -1 12 -1 4 7 14 -1 -2
1 5 8 15 -1 3 -1 6 8 10 -1 -2
3 7 -1 9 -1 1 -1 -2
13 -1 2 3 15 -1 7 12 -1 -2
2 7 8 15 -1 3 -1 4 11 -1 -2
2 5 8 16 -1 12 -1 6 -1 -2
2 13 15 16 -1 11 -1 11 -1 -2
3 7 -1 1 2 -1 6 -1 -2
2 5 -1 4 7 10 12 -1 1 9 -1 -2
6 14 -1 9 16 -1 11 -1 -2
3 4 -1 5 13 16 -1 2 3 7 14 -1 -2
8 9 10 12 -1 9 10 13 15 -1 4 12 16 -1 -2
3 9 11 -1 13 -1 3 5 8 13 -1 -2
9 12 14 16 -1 2 -1 6 7 9 15 -1 -2
6 11 13 16 -1 2 5 6 11 -1 4 7 9 12 -1 -2
7 -1 7 -1 15 -1 -2
16 -1 3 -1 7 8 9 14 -1 -2
6 8 13 15 -1 4 9 15 -1 9 11 12 -1 -2
4 8 11 16 -1 6 -1 2 4 6 -1 -2
3 10 -1 13 14 -1 5 10 -1 -2
2 8 13 14 -1 7 12 13 15 -1 6 12 -1 -2
5 -1 2 5 9 10 -1 2 4 13 16 -1 -2
7 8 9 11 -1 2 3 5 16 -1 1 -1 -2
7 13 14 -1 12 -1 4 5 13 14 -1 -2
3 9 15 -1 5 -1 8 -1 -2
1 8 11 13 -1 13 15 -1 4 6 14 15 -1 -2
6 9 -1 15 -1 2 5 -1 -2
3 5 -1 7 -1 2 3 8 10 -1 -2
4 10 12 -1 5 7 12 16 -1 1 -1 -2
1 8 16 -1 3 9 10 11 -1 6 9 10 -1 -2
1 13 15 -1 2 -1 9 -1 -2
4 10 -1 4 16 -1 10 -1 -2
4 13 -1 5 7 11 -1 13 14 -1 -2
6 11 16 -1 8 -1 14 -1 -2
8 10 14 -1 15 -1 1 -1 -2
13 -1 2 7 12 -1 3 7 15 16 -1 -2
2 3 6 14 -1 2 -1 8 13 -1 -2
1 7 10 11 -1 5 11 14 16 -1 4 14 -1 -2
1 3 15 16 -1 2 4 5 -1 2 -1 -2
3 8 11 16 -1 9 -1 1 5 -1 -2
10 -1 2 4 12 -1 3 10 11 16 -1 -2
4 5 14 16 -1 7 8 10 14 -1 2 9 -1 -2
3 -1 8 11 -1 3 7 -1 -2
1 6 7 14 -1 6 7 12 15 -1 9 -1 -2
9 -1 8 12 -1 1 9 15 16 -1 -2
6 7 15 -1 10 -1 9 10 14 16 -1 -2
1 3 13 14 -1 5 16 -1 2 5 11 12 -1 -2
3 6 15 -1 7 11 13 14 -1 8 -1 -2
2 6 8 10 -1 4 6 -1 1 5 11 -1 -2
10 14 -1 5 6 15 16 -1 5 14 15 16 -1 -2
2 -1 7 11 15 -1 12 -1 -2
16 -1 2 15 16 -1 7 10 -1 -2
4 -1 3 7 15 16 -1 11 13 14 15 -1 -2
7 12 13 15 -1 1 4 14 16 -1 1 -1 -2
9 -1 2 12 -1 7 8 11 16 -1 -2
8 10 14 -1 2 15 -1 10 -1 -2
5 7 -1 3 6 7 14 -1 4 6 8 13 -1 -2
9 14 -1 3 12 13 -1 2 7 9 -1 -2
3 4 -1 2 12 -1 12 -1 -2
12 -1 4 6 -1 2 13 16 -1 -2
2 10 12 15 -1 3 7 9 15 -1 2 9 -1 -2
5 8 11 -1 9 10 -1 15 -1 -2
10 -1 10 -1 7 -1 -2
1 14 15 16 -1 2 3 8 9 -1 5 11 13 15 -1 -2
2 3 7 -1 15 -1 13 -1 -2
10 -1 3 12 -1 16 -1 -2
6 -1 1 -1 5 -1 -2
2 8 10 12 -1 1 2 10 -1 7 10 -1 -2
1 2 16 -1 2 8 9 10 -1 15 -1 -2
2 3 -1 13 -1 8 11 -1 -2
8 -1 1 2 5 8 -1 6 7 15 -1 -2
3 9 10 12 -1 1 3 9 -1 6 7 15 -1 -2
14 -1 3 4 9 12 -1 7 10 -1 -2
2 4 11 12 -1 1 12 13 16 -1 2 14 -1 -2
4 6 10 14 -1 6 12 13 14 -1 14 15 -1 -2
5 7 10 -1 7 -1 1 4 10 11 -1 -2
10 12 13 -1 3 6 -1 5 8 -1 -2
1 10 13 -1 1 2 13 14 -1 11 14 15 -1 -2
7 9 13 14 -1 1 3 6 10 -1 11 13 -1 -2
4 10 -1 4 13 -1 9 10 15 -1 -2
8 -1 4 5 6 -1 3 8 13 -1 -2
2 3 6 15 -1 10 15 16 -1 10 11 -1 -2
3 5 11 -1 10 13 14 -1 1 11 15 16 -1 -2
3 4 -1 1 10 14 -1 9 10 14 16 -1 -2
4 -1 6 10 -1 1 11 12 14 -1 -2
7 12 -1 9 15 -1 4 6 14 -1 -2
2 9 12 13 -1 8 15 -1 7 11 -1 -2
4 7 8 16 -1 6 11 16 -1 2 9 -1 -2
9 13 -1 4 -1 6 13 14 -1 -2
4 -1 5 11 12 -1 8 12 -1 -2
9 10 13 15 -1 3 15 -1 13 -1 -2
6 -1 3 11 -1 2 3 14 -1 -2
6 -1 2 8 14 15 -1 8 -1 -2
2 4 7 11 -1 4 11 13 15 -1 1 11 15 -1 -2
4 5 10 11 -1 4 12 14 -1 6 -1 -2
2 16 -1 11 -1 2 5 8 13 -1 -2
9 -1 2 6 7 15 -1 1 12 13 -1 -2
4 15 -1 6 16 -1 3 7 8 -1 -2
1 3 7 11 -1 11 13 -1 8 10 15 -1 -2
1 7 14 16 -1 4 6 -1 5 10 -1 -2
2 -1 2 3 7 -1 15 -1 -2
8 9 13 -1 6 12 -1 1 2 6 14 -1 -2
3 11 -1 1 3 8 10 -1 6 -1 -2
4 6 7 10 -1 9 -1 16 -1 -2
3 4 7 -1 1 2 5 -1 1 5 -1 -2
1 6 12 14 -1 3 8 -1 7 -1 -2
3 4 10 -1 3 4 8 16 -1 8 -1 -2
11 12 14 -1 3 5 9 -1 12 16 -1 -2
16 -1 6 -1 4 7 14 -1 -2
9 -1 7 9 11 14 -1 5 12 15 16 -1 -2
4 8 9 -1 4 5 7 -1 2 7 8 13 -1 -2
8 13 -1 7 10 15 -1 8 11 14 -1 -2
2 7 8 -1 6 15 -1 9 12 16 -1 -2
1 5 9 16 -1 9 -1 2 6 -1 -2
13 -1 7 15 16 -1 6 16 -1 -2
2 7 11 -1 6 15 16 -1 7 8 -1 -2
2 6 13 -1 2 3 10 14 -1 16 -1 -2
2 7 8 9 -1 3 4 5 -1 3 8 -1 -2
4 -1 12 -1 8 12 14 -1 -2
6 14 16 -1 7 -1 8 15 -1 -2
6 11 15 -1 1 14 -1 3 7 8 -1 -2
14 -1 5 6 8 -1 4 15 -1 -2
3 9 14 -1 2 8 -1 2 5 10 15 -1 -2
2 9 13 -1 14 -1 6 11 -1 -2
6 15 -1 13 -1 7 14 -1 -2
5 7 10 12 -1 2 3 11 -1 1 7 10 14 -1 -2
11 -1 2 4 9 10 -1 12 -1 -2
8 10 13 15 -1 3 12 16 -1 15 -1 -2
3 11 16 -1 3 9 11 13 -1 4 10 -1 -2
7 8 14 16 -1 7 -1 16 -1 -2
7 9 12 16 -1 2 3 4 10 -1 1 2 -1 -2
9 11 -1 15 -1 4 5 -1 -2
1 5 6 11 -1 11 12 -1 3 5 -1 -2
3 16 -1 13 -1 6 7 10 13 -1 -2
6 9 14 -1 8 9 -1 4 -1 -2
7 -1 5 7 11 15 -1 4 6 16 -1 -2
2 3 11 -1 9 12 13 15 -1 1 7 14 -1 -2
5 14 -1 7 -1 3 5 -1 -2
1 11 14 -1 6 11 13 14 -1 10 -1 -2
14 -1 4 5 11 -1 5 7 8 9 -1 -2
16 -1 4 8 16 -1 8 10 -1 -2
12 -1 9 13 16 -1 15 -1 -2
3 5 7 -1 1 4 -1 9 -1 -2
10 14 -1 10 -1 8 11 -1 -2
5 11 12 -1 4 11 12 16 -1 7 -1 -2
13 -1 5 6 -1 5 8 15 -1 -2
3 -1 8 11 12 16 -1 3 8 9 -1 -2
2 5 11 14 -1 4 5 11 14 -1 1 14 -1 -2
1 4 6 7 -1 4 -1 7 14 15 -1 -2
12 -1 2 14 16 -1 1 12 -1 -2
2 6 8 14 -1 2 3 5 -1 1 4 8 13 -1 -2
15 -1 4 6 12 -1 2 5 8 -1 -2
7 9 -1 8 11 -1 13 -1 -2
6 12 -1 1 3 4 5 -1 10 16 -1 -2
4 9 14 -1 13 14 -1 13 -1 -2
8 9 -1 2 11 13 16 -1 1 8 12 14 -1 -2
1 12 -1 11 -1 6 15 -1 -2
1 4 15 16 -1 10 11 15 -1 9 12 -1 -2
4 -1 1 7 13 14 -1 3 6 8 -1 -2
1 15 -1 1 5 13 -1 1 7 9 13 -1 -2
1 6 11 -1 2 11 -1 1 -1 -2
9 -1 13 -1 13 -1 -2
9 11 12 -1 1 6 12 15 -1 3 8 10 16 -1 -2
6 -1 1 13 -1 9 -1 -2
8 12 13 15 -1 11 -1 4 7 13 14 -1 -2
9 15 -1 7 -1 4 7 10 -1 -2
1 6 12 14 -1 3 9 14 -1 1 -1 -2
15 -1 6 -1 7 10 -1 -2
5 10 11 12 -1 3 8 11 16 -1 8 14 16 -1 -2
2 5 -1 7 8 13 16 -1 5 11 -1 -2
7 -1 5 7 9 -1 12 13 -1 -2
9 10 -1 8 -1 2 6 10 11 -1 -2
3 -1 12 16 -1 6 12 15 -1 -2
2 4 8 11 -1 4 5 14 -1 4 9 10 13 -1 -2
6 7 9 15 -1 1 4 -1 2 6 7 -1 -2
5 8 -1 14 15 16 -1 7 -1 -2
11 -1 1 9 16 -1 1 3 -1 -2
15 -1 2 7 11 -1 4 -1 -2
2 5 10 -1 1 -1 2 8 10 16 -1 -2
4 8 11 -1 4 14 -1 8 -1 -2
3 9 10 11 -1 3 5 9 -1 3 8 12 16 -1 -2
7 -1 4 6 7 8 -1 5 8 15 -1 -2
3 16 -1 15 16 -1 1 3 16 -1 -2
1 10 -1 5 6 15 16 -1 1 4 9 -1 -2
1 5 9 -1 10 16 -1 2 -1 -2
13 14 16 -1 16 -1 15 -1 -2
5 -1 5 14 -1 3 10 11 16 -1 -2
4 7 8 15 -1 12 13 -1 12 -1 -2
3 5 9 -1 4 5 -1 5 -1 -2
8 11 -1 7 9 -1 4 6 7 9 -1 -2
9 13 15 -1 11 -1 10 14 -1 -2
2 7 -1 2 7 -1 9 14 -1 -2
4 6 8 13 -1 8 -1 6 11 -1 -2
2 5 16 -1 4 15 -1 4 -1 -2
1 3 4 13 -1 1 4 -1 5 10 13 14 -1 -2
1 4 14 -1 4 10 12 14 -1 14 -1 -2
14 -1 3 5 13 -1 2 13 14 -1 -2
14 -1 6 9 -1 1 6 9 10 -1 -2
3 6 11 16 -1 2 8 9 16 -1 3 6 12 -1 -2
8 12 -1 7 -1 9 11 -1 -2
8 -1 12 13 14 -1 1 11 12 -1 -2
4 8 9 15 -1 1 5 -1 2 4 13 16 -1 -2
6 16 -1 9 -1 3 9 14 -1 -2
2 13 -1 7 9 -1 14 15 -1 -2
4 8 9 -1 8 9 10 -1 1 11 -1 -2
3 -1 12 13 -1 4 6 -1 -2
4 5 14 16 -1 11 -1 5 -1 -2
6 -1 1 3 6 8 -1 5 13 -1 -2
2 4 5 -1 16 -1 10 12 14 -1 -2
4 11 -1 8 13 -1 2 4 5 16 -1 -2
3 14 -1 2 7 9 15 -1 7 10 11 -1 -2
1 10 -1 6 -1 16 -1 -2
4 8 15 -1 1 5 9 -1 3 14 16 -1 -2
4 7 14 -1 14 15 -1 2 4 7 -1 -2
8 -1 3 8 -1 3 -1 -2
7 9 10 15 -1 5 10 -1 6 13 -1 -2
16 -1 2 4 9 -1 1 2 11 13 -1 -2
3 7 13 14 -1 3 11 -1 2 4 5 7 -1 -2
2 6 11 16 -1 4 7 9 -1 3 12 -1 -2
2 7 10 15 -1 7 9 12 -1 12 14 -1 -2
9 11 15 -1 2 4 11 -1 6 9 16 -1 -2
14 16 -1 9 11 12 -1 6 7 9 -1 -2
5 7 16 -1 9 -1 6 11 -1 -2
6 14 15 16 -1 2 8 -1 6 9 -1 -2
1 11 14 15 -1 10 12 13 -1 2 -1 -2
4 9 10 -1 4 7 15 -1 5 12 -1 -2
8 -1 7 11 14 16 -1 6 -1 -2
1 2 4 8 -1 9 -1 6 -1 -2
6 11 12 13 -1 1 5 12 -1 1 8 14 -1 -2
8 -1 1 -1 15 -1 -2
11 12 13 -1 9 10 15 -1 4 15 16 -1 -2
5 9 -1 8 9 10 16 -1 13 14 -1 -2
1 12 13 14 -1 9 -1 15 -1 -2
3 5 6 -1 6 15 -1 2 -1 -2
4 7 14 -1 1 5 6 -1 14 -1 -2
16 -1 9 13 -1 7 10 11 13 -1 -2
11 12 13 -1 9 11 -1 5 -1 -2
1 -1 3 -1 9 -1 -2
6 12 -1 1 2 3 -1 5 -1 -2
12 -1 1 8 9 10 -1 4 -1 -2
2 11 -1 6 10 13 16 -1 11 -1 -2
4 8 9 10 -1 6 -1 8 11 16 -1 -2
8 16 -1 3 9 14 -1 11 15 16 -1 -2
5 6 9 14 -1 2 8 14 -1 16 -1 -2
7 13 15 -1 1 -1 1 3 8 -1 -2
13 15 -1 2 3 8 16 -1 1 -1 -2
6 8 -1 8 16 -1 5 8 12 14 -1 -2
5 11 14 15 -1 2 3 16 -1 7 10 -1 -2
4 8 15 -1 2 3 12 13 -1 8 9 12 14 -1 -2
8 10 11 13 -1 4 -1 6 13 14 -1 -2
1 -1 1 2 6 -1 13 14 16 -1 -2
4 8 9 15 -1 1 5 10 12 -1 2 8 12 13 -1 -2
3 -1 5 7 12 16 -1 3 9 11 13 -1 -2
1 3 4 -1 7 -1 3 6 10 -1 -2
5 8 9 -1 2 3 7 15 -1 9 -1 -2
1 13 -1 6 -1 2 -1 -2
4 16 -1 2 7 11 15 -1 15 -1 -2
11 -1 4 5 8 11 -1 4 -1 -2
2 6 9 10 -1 8 -1 2 4 15 -1 -2
2 14 15 -1 3 4 -1 5 -1 -2
1 7 15 16 -1 10 -1 12 15 -1 -2
7 -1 4 15 -1 7 -1 -2
9 10 -1 14 -1 13 16 -1 -2
5 15 -1 3 8 13 -1 1 2 3 12 -1 -2
6 7 14 -1 1 2 12 -1 7 13 14 -1 -2
4 7 11 14 -1 2 -1 2 7 10 -1 -2
1 2 -1 2 14 -1 12 16 -1 -2
5 8 11 -1 2 4 8 11 -1 3 5 10 13 -1 -2
1 9 -1 2 5 13 15 -1 2 7 -1 -2
13 -1 9 -1 7 8 10 12 -1 -2
12 -1 5 -1 1 -1 -2
13 14 15 -1 2 7 9 16 -1 14 -1 -2
5 6 13 16 -1 2 -1 8 -1 -2
4 9 15 -1 6 10 11 15 -1 2 3 7 10 -1 -2
4 13 -1 1 8 13 -1 4 8 -1 -2
2 10 12 14 -1 2 3 12 15 -1 14 -1 -2
5 7 12 15 -1 10 13 -1 4 10 14 15 -1 -2
11 -1 7 -1 8 -1 -2
8 12 15 16 -1 2 4 7 -1 5 -1 -2
2 4 5 15 -1 6 7 14 15 -1 4 11 12 14 -1 -2
1 3 12 -1 2 3 15 -1 10 -1 -2
1 2 4 7 -1 3 12 13 -1 4 8 10 15 -1 -2
9 -1 3 5 7 11 -1 6 10 14 16 -1 -2
4 13 15 -1 1 8 15 -1 3 5 12 13 -1 -2
3 14 -1 6 -1 3 4 9 10 -1 -2
3 8 14 -1 14 16 -1 3 -1 -2
4 13 15 -1 3 -1 5 -1 -2
1 3 -1 5 9 -1 1 -1 -2
1 8 10 12 -1 5 9 13 -1 4 6 10 11 -1 -2
11 -1 1 3 11 -1 12 -1 -2
16 -1 2 5 9 15 -1 9 15 -1 -2
7 8 13 15 -1 2 9 15 -1 2 15 -1 -2
3 10 11 14 -1 5 8 13 -1 7 -1 -2
3 5 9 15 -1 6 -1 2 11 15 -1 -2
4 6 15 -1 3 -1 7 14 -1 -2
9 10 12 -1 13 -1 11 14 16 -1 -2
8 -1 13 15 -1 5 7 9 12 -1 -2
1 2 8 13 -1 4 5 10 13 -1 6 8 9 -1 -2
4 6 10 16 -1 2 11 14 16 -1 6 9 12 13 -1 -2
1 5 9 -1 5 10 15 16 -1 3 6 10 11 -1 -2
11 -1 1 -1 6 9 13 -1 -2
8 -1 15 -1 1 7 11 -1 -2
6 14 -1 5 -1 4 6 -1 -2
1 3 9 16 -1 2 3 5 9 -1 3 6 10 13 -1 -2
1 4 8 16 -1 2 8 15 -1 3 5 -1 -2
9 12 -1 10 -1 2 3 13 -1 -2
16 -1 2 5 10 12 -1 6 9 16 -1 -2
8 -1 1 8 13 -1 8 9 -1 -2
4 -1 4 9 16 -1 3 9 13 -1 -2
4 -1 4 5 10 14 -1 3 11 12 16 -1 -2
8 14 -1 5 -1 2 7 9 13 -1 -2
1 3 -1 2 4 8 11 -1 3 12 13 14 -1 -2
4 -1 7 -1 16 -1 -2
8 16 -1 3 4 14 16 -1 1 4 5 10 -1 -2
6 10 -1 2 3 10 -1 1 4 9 -1 -2
1 9 -1 3 -1 12 -1 -2
4 -1 1 2 14 -1 11 16 -1 -2
4 10 14 -1 13 15 -1 6 8 14 16 -1 -2
5 8 12 13 -1 2 10 11 13 -1 7 13 15 -1 -2
5 -1 3 5 8 12 -1 16 -1 -2
1 -1 5 6 12 13 -1 9 16 -1 -2
4 8 11 14 -1 4 13 -1 1 3 8 -1 -2
3 11 15 -1 10 -1 5 6 12 15 -1 -2
6 -1 4 6 14 -1 7 10 12 -1 -2
11 -1 11 15 -1 4 7 8 13 -1 -2
6 14 -1 15 -1 2 4 6 9 -1 -2
1 7 8 13 -1 12 -1 1 4 7 11 -1 -2
2 3 7 15 -1 10 -1 14 -1 -2
6 11 12 13 -1 2 -1 2 15 -1 -2
6 16 -1 4 6 7 13 -1 5 8 9 -1 -2
6 12 -1 2 3 15 -1 8 -1 -2
2 -1 6 8 9 -1 6 12 13 15 -1 -2
4 9 -1 5 15 -1 14 -1 -2
3 14 16 -1 4 -1 6 7 15 -1 -2
8 -1 7 10 -1 4 8 11 16 -1 -2
5 8 9 14 -1 5 8 15 -1 5 7 16 -1 -2
1 6 -1 9 13 -1 10 -1 -2
5 9 10 15 -1 6 -1 15 -1 -2
1 4 8 -1 16 -1 9 16 -1 -2
5 6 8 12 -1 3 6 15 -1 3 10 14 -1 -2
7 8 -1 8 10 -1 2 4 12 -1 -2
2 5 12 -1 5 6 -1 2 9 10 -1 -2
1 11 -1 4 10 -1 8 10 13 16 -1 -2
4 16 -1 2 6 8 15 -1 12 -1 -2
1 5 8 11 -1 2 5 -1 2 16 -1 -2
6 -1 8 13 -1 3 11 12 -1 -2
4 5 11 -1 10 -1 3 5 -1 -2
6 -1 5 8 -1 8 12 -1 -2
4 5 7 16 -1 7 9 13 16 -1 5 8 -1 -2
6 9 -1 5 -1 8 15 -1 -2
2 10 14 -1 5 6 16 -1 13 -1 -2
5 11 -1 7 10 13 -1 6 7 8 -1 -2
8 -1 5 -1 10 -1 -2
9 10 15 -1 10 -1 14 16 -1 -2
8 9 11 14 -1 4 5 15 -1 3 -1 -2
3 7 12 15 -1 7 -1 9 14 -1 -2
6 8 12 14 -1 9 16 -1 1 2 12 -1 -2
3 5 10 13 -1 1 14 -1 1 16 -1 -2
1 14 15 -1 6 8 9 12 -1 2 8 12 -1 -2
10 14 -1 2 4 14 16 -1 9 -1 -2
4 7 -1 7 9 12 -1 3 11 12 14 -1 -2
3 15 16 -1 6 16 -1 3 6 8 -1 -2
12 15 -1 14 15 16 -1 3 7 9 15 -1 -2
3 4 16 -1 13 16 -1 4 16 -1 -2
1 2 -1 1 6 8 12 -1 1 6 8 -1 -2
3 8 -1 1 -1 1 5 14 15 -1 -2
2 4 9 14 -1 15 -1 1 -1 -2
2 12 -1 2 4 -1 10 11 13 -1 -2
10 -1 3 8 11 15 -1 4 5 9 12 -1 -2
3 5 14 15 -1 3 4 8 14 -1 1 6 8 10 -1 -2
5 16 -1 2 14 -1 3 11 14 15 -1 -2
16 -1 6 16 -1 8 10 11 -1 -2
1 3 12 14 -1 8 12 13 14 -1 8 -1 -2
7 8 12 16 -1 8 13 16 -1 8 10 -1 -2
2 5 10 -1 5 12 15 16 -1 3 11 -1 -2
3 8 9 -1 4 -1 4 10 13 16 -1 -2
3 5 10 12 -1 4 6 -1 3 4 10 16 -1 -2
2 4 6 10 -1 1 3 7 11 -1 3 12 -1 -2
3 4 12 14 -1 5 -1 3 7 9 -1 -2
2 13 -1 3 6 9 10 -1 1 8 10 14 -1 -2
1 7 -1 15 -1 3 6 12 13 -1 -2
15 16 -1 10 15 -1 2 5 -1 -2
9 12 15 -1 2 11 15 -1 7 13 14 -1 -2
15 -1 6 8 -1 14 -1 -2
1 12 -1 4 11 14 -1 2 4 5 13 -1 -2
3 6 11 13 -1 8 11 12 14 -1 1 3 16 -1 -2
9 -1 13 -1 5 13 -1 -2
2 4 7 11 -1 8 15 -1 1 6 11 12 -1 -2
15 -1 2 4 6 9 -1 2 4 -1 -2
13 -1 3 4 14 16 -1 7 9 -1 -2
3 5 9 14 -1 2 12 -1 2 3 14 -1 -2
5 -1 4 5 10 14 -1 6 16 -1 -2
2 15 -1 2 4 6 8 -1 4 -1 -2
13 -1 3 12 14 15 -1 16 -1 -2
12 -1 6 11 -1 4 8 13 -1 -2
4 10 -1 7 12 13 15 -1 9 11 -1 -2
1 10 11 13 -1 1 7 15 -1 2 8 10 12 -1 -2
6 8 14 -1 7 -1 15 -1 -2
7 -1 1 15 -1 1 2 -1 -2
3 9 13 -1 9 16 -1 1 -1 -2
3 11 -1 4 8 11 -1 13 14 15 16 -1 -2
1 10 14 16 -1 4 5 -1 4 9 15 -1 -2
1 7 13 16 -1 1 2 6 10 -1 3 7 14 16 -1 -2
3 9 12 16 -1 9 10 -1 5 -1 -2
11 -1 1 -1 2 -1 -2
6 -1 5 9 14 -1 2 7 11 12 -1 -2
6 9 13 -1 1 10 11 14 -1 4 8 10 11 -1 -2
3 5 6 -1 7 -1 6 -1 -2
4 7 9 -1 14 15 -1 2 6 -1 -2
16 -1 7 -1 1 2 3 14 -1 -2
4 5 12 13 -1 4 6 13 -1 5 13 -1 -2
4 10 -1 5 8 12 14 -1 8 13 16 -1 -2
4 7 15 -1 10 -1 2 4 7 14 -1 -2
4 5 -1 2 -1 2 -1 -2
13 -1 4 5 12 -1 7 10 13 15 -1 -2
2 3 5 9 -1 15 -1 1 4 5 12 -1 -2
8 15 -1 6 9 16 -1 3 7 11 -1 -2
3 7 13 -1 9 10 12 14 -1 14 -1 -2
6 11 -1 8 14 -1 6 8 13 -1 -2
11 15 -1 1 3 7 10 -1 13 -1 -2
11 -1 11 -1 1 8 -1 -2
2 5 7 -1 5 6 12 -1 4 5 -1 -2
14 15 16 -1 1 -1 9 -1 -2
1 13 -1 2 16 -1 1 2 3 -1 -2
4 8 11 -1 2 3 9 10 -1 3 4 5 14 -1 -2
3 7 12 13 -1 10 14 -1 6 15 -1 -2
3 14 -1 4 5 14 16 -1 6 7 15 -1 -2
6 8 -1 5 8 14 -1 12 14 -1 -2
3 6 -1 9 12 -1 6 7 13 -1 -2
7 11 13 -1 1 13 -1 4 8 10 -1 -2
9 12 -1 2 11 -1 16 -1 -2
3 6 8 12 -1 2 -1 1 13 -1 -2
7 12 15 -1 4 5 15 -1 4 6 9 -1 -2
10 14 -1 3 6 10 -1 2 -1 -2
5 6 7 11 -1 10 -1 3 -1 -2
9 11 15 16 -1 15 -1 3 6 8 -1 -2
6 -1 9 14 16 -1 12 14 16 -1 -2
8 9 -1 7 14 -1 1 -1 -2
6 13 16 -1 10 11 12 -1 9 16 -1 -2
6 7 9 12 -1 3 6 12 16 -1 3 4 10 11 -1 -2
6 -1 2 11 14 16 -1 3 4 5 12 -1 -2
9 10 12 -1 4 11 -1 4 12 -1 -2
5 6 9 12 -1 1 13 -1 1 4 -1 -2
2 6 9 10 -1 1 11 16 -1 2 6 11 14 -1 -2
2 5 -1 14 -1 7 -1 -2
5 -1 8 14 -1 5 8 -1 -2
2 13 -1 15 -1 2 -1 -2
8 9 11 14 -1 5 8 15 -1 2 8 12 -1 -2
4 8 -1 8 11 13 16 -1 5 6 -1 -2
1 6 9 10 -1 7 11 12 -1 14 -1 -2
6 10 -1 15 -1 9 12 13 -1 -2
1 13 16 -1 8 10 14 16 -1 5 -1 -2
3 9 11 16 -1 1 5 12 16 -1 10 11 14 15 -1 -2
4 6 10 13 -1 8 14 15 -1 1 6 11 -1 -2
6 7 8 16 -1 7 -1 2 6 16 -1 -2
13 14 16 -1 5 10 -1 3 6 10 13 -1 -2
2 3 10 13 -1 4 5 6 10 -1 5 6 10 -1 -2
4 8 9 14 -1 13 -1 5 11 15 -1 -2
14 -1 1 2 16 -1 1 9 16 -1 -2
13 -1 13 -1 8 13 -1 -2
11 13 16 -1 4 -1 2 10 -1 -2
5 7 9 -1 3 9 -1 1 9 10 15 -1 -2
10 11 12 13 -1 1 9 10 16 -1 5 13 15 -1 -2
4 6 15 -1 6 9 15 -1 1 8 14 16 -1 -2
4 10 12 -1 7 -1 1 3 11 -1 -2
8 10 -1 5 7 10 16 -1 1 5 9 10 -1 -2
5 8 14 -1 3 11 15 -1 8 15 -1 -2
4 5 14 -1 4 15 -1 11 15 -1 -2
3 7 -1 1 5 9 -1 14 -1 -2
9 13 -1 10 12 15 -1 2 4 10 11 -1 -2
3 6 7 -1 3 11 14 15 -1 16 -1 -2
1 12 -1 1 2 11 -1 4 10 -1 -2
8 12 13 15 -1 7 10 16 -1 6 14 -1 -2
2 5 12 -1 6 10 11 -1 4 13 16 -1 -2
3 -1 8 11 15 -1 3 7 8 12 -1 -2
10 13 -1 1 10 11 -1 4 -1 -2
2 9 14 -1 3 5 11 12 -1 15 -1 -2
4 6 10 14 -1 3 8 10 15 -1 2 3 7 -1 -2
3 4 6 9 -1 2 6 7 -1 5 11 15 -1 -2
5 7 -1 1 14 -1 2 5 9 12 -1 -2
14 16 -1 7 13 -1 4 12 13 -1 -2
1 3 8 15 -1 7 9 -1 4 11 13 -1 -2
14 16 -1 9 -1 4 6 7 9 -1 -2
7 9 10 11 -1 7 9 14 -1 15 -1 -2
8 12 16 -1 6 11 -1 4 -1 -2
11 -1 7 11 -1 5 13 -1 -2
7 9 14 -1 12 13 14 -1 10 12 14 -1 -2
10 11 -1 5 8 -1 11 -1 -2
6 10 15 -1 2 14 -1 4 9 12 -1 -2
1 -1 1 6 13 14 -1 11 15 16 -1 -2
2 4 9 16 -1 10 -1 1 9 11 15 -1 -2
6 13 -1 1 7 8 -1 1 3 9 10 -1 -2
11 16 -1 10 14 15 -1 6 11 -1 -2
9 10 -1 2 3 4 12 -1 11 -1 -2
9 12 16 -1 6 14 16 -1 2 5 -1 -2
2 11 -1 1 9 10 -1 5 14 16 -1 -2
1 15 -1 2 6 10 -1 15 -1 -2
2 10 14 15 -1 5 9 13 15 -1 10 -1 -2
4 6 12 -1 3 4 14 -1 12 15 16 -1 -2
8 -1 2 12 13 -1 8 11 14 16 -1 -2
1 2 9 11 -1 11 13 15 16 -1 5 -1 -2
1 10 16 -1 8 9 10 -1 6 -1 -2
2 3 6 -1 6 13 -1 9 -1 -2
6 13 14 16 -1 4 10 14 -1 14 -1 -2
3 6 11 -1 6 9 -1 16 -1 -2
6 9 16 -1 3 15 16 -1 5 10 -1 -2
1 15 -1 8 14 -1 2 5 -1 -2
4 6 11 12 -1 1 12 -1 4 15 -1 -2
3 -1 10 14 -1 3 8 13 -1 -2
1 4 8 -1 4 5 7 -1 7 -1 -2
6 10 12 -1 5 7 8 13 -1 14 -1 -2
1 3 6 9 -1 2 -1 3 7 9 13 -1 -2
3 12 -1 1 5 6 7 -1 7 -1 -2
2 7 8 -1 5 10 14 -1 15 -1 -2
1 11 -1 1 2 3 5 -1 14 -1 -2
3 11 -1 10 12 -1 12 -1 -2
5 10 -1 3 -1 1 6 12 15 -1 -2
6 -1 14 -1 11 -1 -2
3 10 13 -1 6 -1 16 -1 -2
1 16 -1 6 8 -1 4 -1 -2
1 5 7 -1 5 6 11 -1 11 14 -1 -2
14 -1 1 10 11 13 -1 4 6 -1 -2
3 6 13 -1 11 -1 3 13 -1 -2
6 9 -1 7 -1 2 11 12 -1 -2
5 -1 1 9 11 13 -1 5 16 -1 -2
6 7 8 9 -1 7 10 11 -1 1 6 14 16 -1 -2
15 -1 5 8 10 11 -1 2 6 9 14 -1 -2
13 -1 2 10 13 14 -1 11 13 14 -1 -2
2 10 -1 2 5 10 15 -1 4 12 15 -1 -2
3 -1 8 -1 5 -1 -2
4 -1 15 -1 3 6 7 -1 -2
5 12 13 15 -1 1 2 -1 4 12 14 15 -1 -2
14 -1 15 -1 1 -1 -2
9 10 13 16 -1 9 10 13 14 -1 3 13 14 -1 -2
1 6 10 -1 4 5 6 10 -1 12 -1 -2
1 5 7 12 -1 1 -1 1 5 -1 -2
4 5 7 12 -1 16 -1 7 14 15 16 -1 -2
6 15 16 -1 8 9 16 -1 6 9 10 14 -1 -2
10 -1 15 -1 3 13 -1 -2
3 6 13 15 -1 4 13 -1 5 10 15 -1 -2
1 10 15 -1 11 -1 15 -1 -2
7 15 -1 2 -1 5 13 15 16 -1 -2
1 4 9 12 -1 9 10 15 -1 2 9 13 16 -1 -2
5 8 -1 2 4 8 9 -1 1 3 -1 -2
9 -1 3 4 10 -1 15 -1 -2
5 14 -1 1 11 14 16 -1 10 11 15 -1 -2
2 5 13 -1 2 9 12 16 -1 4 6 11 15 -1 -2
4 -1 5 -1 2 14 15 -1 -2
10 -1 1 3 -1 4 9 15 16 -1 -2
1 -1 2 3 4 12 -1 7 -1 -2
4 12 -1 2 -1 3 9 13 -1 -2
1 2 6 8 -1 3 5 -1 4 6 9 11 -1 -2
1 8 13 14 -1 15 -1 7 12 -1 -2
8 -1 16 -1 1 7 12 -1 -2
2 6 -1 7 13 -1 2 12 15 -1 -2
7 16 -1 5 8 -1 7 11 13 -1 -2
4 -1 1 14 -1 1 8 10 12 -1 -2
3 7 14 -1 1 9 13 15 -1 1 11 -1 -2
4 13 14 15 -1 1 13 16 -1 4 5 12 13 -1 -2
7 12 -1 8 -1 11 -1 -2
2 7 -1 2 11 14 -1 10 11 -1 -2
7 9 10 -1 9 10 -1 3 11 -1 -2
10 -1 2 11 13 16 -1 4 5 8 -1 -2
1 3 9 10 -1 1 4 9 -1 1 -1 -2
1 4 6 13 -1 3 15 -1 3 6 10 -1 -2
4 5 6 15 -1 4 7 13 -1 7 8 -1 -2
8 10 -1 5 6 8 10 -1 2 7 12 -1 -2
4 6 8 9 -1 4 8 14 -1 9 10 12 -1 -2
1 2 -1 12 16 -1 4 5 10 11 -1 -2
2 7 8 9 -1 2 3 4 -1 1 13 -1 -2
5 15 -1 9 14 -1 3 9 12 -1 -2
1 4 5 -1 7 15 -1 5 9 12 -1 -2
7 10 15 -1 9 11 14 -1 5 7 -1 -2
3 -1 2 3 10 -1 10 -1 -2
6 -1 11 14 15 -1 2 7 -1 -2
13 16 -1 7 11 -1 2 9 11 14 -1 -2
3 12 -1 2 8 9 -1 1 5 9 11 -1 -2
8 -1 1 11 13 14 -1 5 -1 -2
7 13 14 16 -1 4 9 13 15 -1 1 15 -1 -2
9 -1 12 -1 3 9 10 12 -1 -2
2 -1 2 -1 2 16 -1 -2
14 -1 6 11 15 -1 7 14 -1 -2
9 16 -1 1 10 -1 16 -1 -2
8 -1 8 11 13 -1 1 9 13 -1 -2
3 6 12 -1 2 4 7 8 -1 1 7 8 14 -1 -2
6 -1 2 -1 1 4 7 12 -1 -2
4 5 10 16 -1 10 15 -1 3 4 7 12 -1 -2
7 12 -1 2 -1 3 12 -1 -2
5 9 12 -1 4 8 15 -1 2 5 -1 -2
4 5 -1 7 -1 10 13 16 -1 -2
3 4 6 -1 11 -1 11 13 -1 -2
9 10 13 15 -1 1 2 -1 1 10 11 12 -1 -2
8 9 -1 4 7 13 15 -1 8 9 10 -1 -2
16 -1 3 6 8 11 -1 2 3 11 -1 -2
1 5 10 15 -1 2 10 12 14 -1 14 15 -1 -2
9 -1 8 10 16 -1 6 11 12 14 -1 -2
3 5 8 12 -1 3 4 5 6 -1 14 -1 -2
2 -1 6 -1 2 7 9 15 -1 -2
2 10 -1 2 8 14 -1 11 13 14 15 -1 -2
2 12 -1 1 6 7 8 -1 6 10 12 16 -1 -2
1 8 -1 1 -1 2 13 15 16 -1 -2
10 -1 8 12 16 -1 3 6 7 15 -1 -2
5 16 -1 1 3 12 15 -1 2 9 14 -1 -2
8 12 13 -1 11 14 15 -1 9 16 -1 -2
1 4 14 -1 2 3 10 -1 5 6 7 15 -1 -2
12 -1 2 9 11 13 -1 4 6 9 16 -1 -2
7 11 15 -1 7 -1 2 6 -1 -2
6 8 14 -1 4 8 9 -1 12 15 16 -1 -2
2 -1 9 -1 15 -1 -2
2 -1 4 13 -1 3 -1 -2
2 11 14 -1 1 7 16 -1 3 13 -1 -2
2 15 -1 8 10 11 12 -1 7 10 15 -1 -2
8 15 -1 6 9 10 16 -1 3 13 -1 -2
3 6 15 -1 8 11 15 16 -1 7 8 11 -1 -2
5 6 9 -1 2 3 5 14 -1 1 4 6 10 -1 -2
10 14 -1 2 3 9 -1 4 -1 -2
4 5 9 11 -1 4 11 16 -1 1 7 11 -1 -2
5 7 13 -1 7 -1 4 9 16 -1 -2
1 4 6 16 -1 3 4 -1 10 -1 -2
10 -1 2 10 -1 2 13 16 -1 -2
1 11 12 -1 8 9 15 -1 1 7 8 12 -1 -2
1 7 -1 2 11 12 14 -1 3 8 10 14 -1 -2
6 16 -1 1 11 15 -1 4 5 6 10 -1 -2
1 8 -1 11 -1 3 16 -1 -2
4 8 16 -1 6 11 15 16 -1 8 12 -1 -2
15 16 -1 2 5 9 -1 2 11 12 -1 -2
5 -1 1 7 13 14 -1 7 13 14 -1 -2
1 8 10 13 -1 7 9 13 16 -1 1 5 13 -1 -2
14 -1 7 -1 1 3 4 14 -1 -2
1 3 8 10 -1 12 14 -1 4 12 -1 -2
2 11 15 -1 7 12 13 16 -1 10 12 -1 -2
2 10 -1 10 13 -1 6 11 12 16 -1 -2
5 -1 3 9 10 -1 4 5 11 14 -1 -2
2 8 9 -1 7 8 15 -1 6 -1 -2
4 -1 1 9 13 14 -1 7 14 -1 -2
8 14 -1 4 13 -1 1 12 14 -1 -2
1 6 11 14 -1 5 9 -1 8 -1 -2
1 5 8 -1 1 3 8 -1 1 -1 -2
2 5 11 14 -1 15 -1 3 -1 -2
2 14 16 -1 9 12 -1 6 10 11 15 -1 -2
3 13 15 -1 4 10 -1 2 3 -1 -2
4 10 15 -1 7 -1 5 13 15 -1 -2
2 4 11 -1 9 10 15 -1 2 4 5 14 -1 -2
2 -1 10 13 -1 2 3 15 -1 -2
1 11 13 14 -1 1 3 4 -1 5 11 15 16 -1 -2
9 12 -1 3 4 11 -1 1 6 7 -1 -2
10 -1 2 7 12 -1 4 -1 -2
7 14 15 16 -1 2 15 -1 10 14 -1 -2
4 10 -1 1 12 15 -1 16 -1 -2
8 -1 10 -1 5 10 13 16 -1 -2
7 11 14 -1 4 -1 10 -1 -2
2 5 9 10 -1 3 -1 9 13 14 -1 -2
1 5 8 -1 4 12 -1 3 15 -1 -2
2 -1 2 3 6 12 -1 3 6 13 16 -1 -2
4 -1 2 5 12 15 -1 15 -1 -2
1 2 8 -1 3 7 8 13 -1 2 8 9 13 -1 -2
3 6 11 13 -1 14 -1 5 6 12 -1 -2
1 -1 5 8 12 15 -1 5 16 -1 -2
5 11 12 15 -1 5 6 10 13 -1 16 -1 -2
7 16 -1 14 15 16 -1 1 2 4 13 -1 -2
5 -1 4 9 13 14 -1 1 3 7 9 -1 -2
1 10 11 -1 2 5 9 -1 3 6 -1 -2
1 6 -1 4 -1 2 3 -1 -2
9 -1 3 -1 1 10 -1 -2
3 12 14 16 -1 4 -1 2 12 14 -1 -2
6 9 15 -1 9 16 -1 2 3 5 15 -1 -2
5 9 12 -1 2 5 -1 1 8 12 13 -1 -2
1 6 -1 7 -1 3 4 9 15 -1 -2
1 2 12 -1 14 -1 5 12 15 -1 -2
2 5 12 16 -1 2 -1 10 12 -1 -2
6 11 14 -1 1 3 11 12 -1 4 9 10 12 -1 -2
1 11 15 16 -1 3 -1 5 -1 -2
10 12 13 16 -1 8 9 12 15 -1 14 -1 -2
4 -1 1 3 10 13 -1 14 -1 -2
3 -1 7 13 -1 3 5 7 8 -1 -2
5 10 11 14 -1 3 4 -1 3 9 12 -1 -2
12 -1 7 13 -1 6 -1 -2
2 5 8 -1 13 14 -1 5 8 -1 -2
2 12 -1 3 4 13 -1 1 2 3 12 -1 -2
3 8 -1 4 12 16 -1 11 -1 -2
11 12 13 -1 2 13 -1 7 9 10 -1 -2
1 15 -1 6 8 9 10 -1 3 5 12 -1 -2
5 6 10 13 -1 6 9 10 12 -1 2 5 14 15 -1 -2
6 7 13 16 -1 6 16 -1 5 12 13 -1 -2
1 9 10 16 -1 2 7 -1 2 13 14 -1 -2
1 2 10 11 -1 3 8 15 16 -1 4 10 11 -1 -2
9 -1 2 3 5 6 -1 2 7 -1 -2
1 -1 12 -1 4 6 10 -1 -2
4 6 10 -1 1 5 10 15 -1 6 8 12 16 -1 -2
10 -1 5 13 -1 15 -1 -2
4 5 12 -1 3 4 5 6 -1 5 6 13 -1 -2
2 14 -1 7 14 -1 2 -1 -2
2 12 13 -1 2 4 12 16 -1 5 8 11 12 -1 -2
8 10 12 -1 1 10 12 -1 1 3 12 16 -1 -2
9 12 14 15 -1 2 13 -1 2 4 10 -1 -2
3 -1 1 5 6 10 -1 10 -1 -2
5 6 -1 2 6 11 14 -1 4 15 16 -1 -2
1 4 12 16 -1 7 11 13 -1 3 -1 -2
3 7 -1 5 7 13 14 -1 11 -1 -2
5 15 -1 7 -1 2 6 -1 -2
4 -1 1 4 13 -1 2 15 -1 -2
2 6 9 -1 6 -1 2 6 11 12 -1 -2
1 -1 11 -1 3 10 12 -1 -2
14 -1 11 -1 7 8 10 13 -1 -2
10 14 -1 9 14 -1 14 -1 -2
9 10 12 14 -1 5 7 -1 8 12 -1 -2
5 6 11 16 -1 5 6 -1 4 8 12 15 -1 -2
4 5 9 12 -1 12 -1 8 14 -1 -2
1 15 -1 2 6 -1 6 9 -1 -2
2 3 7 10 -1 11 -1 13 14 -1 -2
8 16 -1 1 2 5 16 -1 1 4 10 -1 -2
5 7 15 -1 8 13 15 -1 3 7 8 13 -1 -2
16 -1 1 4 10 16 -1 3 9 15 -1 -2
2 7 9 10 -1 7 15 -1 11 12 -1 -2
5 10 -1 9 12 -1 15 -1 -2
2 10 -1 1 8 9 11 -1 6 11 12 13 -1 -2
6 10 11 -1 4 7 11 14 -1 1 7 11 12 -1 -2
6 15 -1 4 6 14 15 -1 6 14 15 -1 -2
5 7 9 -1 9 -1 10 13 -1 -2
2 6 12 14 -1 3 -1 2 6 13 -1 -2
9 -1 2 3 12 -1 3 -1 -2
4 8 11 14 -1 7 -1 4 10 12 -1 -2
3 14 15 -1 14 -1 5 -1 -2
2 -1 6 -1 10 -1 -2
4 -1 1 2 4 11 -1 4 5 8 9 -1 -2
1 8 11 14 -1 5 7 10 -1 5 6 10 -1 -2
6 8 11 -1 2 8 11 -1 3 6 16 -1 -2
7 -1 1 8 12 14 -1 5 10 14 -1 -2
3 -1 1 -1 1 2 9 12 -1 -2
8 -1 1 10 12 -1 9 13 16 -1 -2
1 7 9 11 -1 4 8 11 16 -1 4 9 16 -1 -2
5 -1 1 7 8 15 -1 5 6 -1 -2
2 -1 3 4 14 -1 3 10 11 -1 -2
4 12 14 15 -1 13 15 16 -1 9 -1 -2
5 -1 3 6 10 14 -1 3 12 14 -1 -2
12 -1 1 2 5 15 -1 1 -1 -2
2 7 9 14 -1 4 7 12 -1 2 10 16 -1 -2
10 11 12 14 -1 3 4 12 -1 8 10 12 13 -1 -2
15 -1 3 -1 2 14 -1 -2
3 5 6 14 -1 7 8 9 10 -1 2 7 11 12 -1 -2
3 6 7 15 -1 2 10 -1 8 -1 -2
2 8 12 -1 2 4 12 15 -1 8 11 -1 -2
3 -1 11 -1 1 3 6 15 -1 -2
3 5 9 -1 2 7 10 16 -1 2 7 14 -1 -2
6 9 11 -1 3 5 9 14 -1 3 10 12 -1 -2
10 14 15 -1 1 9 -1 1 8 14 -1 -2
14 -1 6 -1 16 -1 -2
15 16 -1 3 8 15 -1 2 7 -1 -2
3 6 15 -1 1 7 8 -1 6 8 -1 -2
3 -1 6 15 -1 11 -1 -2
7 10 -1 7 8 -1 10 12 13 16 -1 -2
4 10 14 15 -1 9 14 -1 2 7 -1 -2
12 15 -1 6 7 16 -1 3 -1 -2
12 14 16 -1 2 -1 11 -1 -2
10 -1 1 4 11 -1 3 7 10 11 -1 -2
7 14 -1 2 3 6 -1 3 13 14 -1 -2
1 2 12 -1 5 16 -1 5 9 13 15 -1 -2
12 -1 10 11 16 -1 5 6 8 15 -1 -2
15 -1 5 12 16 -1 3 6 12 16 -1 -2
5 6 -1 3 6 9 15 -1 8 -1 -2
2 6 8 -1 8 13 15 16 -1 10 12 15 -1 -2
6 9 13 -1 3 8 -1 13 15 16 -1 -2
4 9 14 15 -1 6 8 9 10 -1 6 8 16 -1 -2
1 12 13 15 -1 3 6 9 16 -1 3 8 -1 -2
10 12 -1 8 10 13 -1 7 16 -1 -2
9 -1 8 14 -1 8 -1 -2
1 4 15 -1 3 4 7 13 -1 4 -1 -2
2 8 -1 2 15 -1 7 -1 -2
5 6 7 12 -1 12 -1 1 -1 -2
3 11 15 16 -1 6 10 16 -1 6 9 11 -1 -2
1 7 14 -1 3 4 -1 2 -1 -2
1 5 7 13 -1 2 8 9 -1 9 -1 -2
8 -1 1 9 15 16 -1 3 8 14 -1 -2
8 10 13 16 -1 4 10 15 -1 3 -1 -2
3 4 11 -1 2 14 15 -1 13 14 -1 -2
13 -1 13 -1 1 5 7 -1 -2
1 5 9 -1 9 -1 7 10 14 15 -1 -2
2 -1 1 16 -1 11 14 -1 -2
5 8 13 -1 2 6 -1 4 -1 -2
3 7 12 -1 2 4 15 16 -1 8 -1 -2
8 11 -1 2 6 14 16 -1 4 16 -1 -2
12 -1 1 6 8 9 -1 2 7 16 -1 -2
1 5 7 14 -1 5 6 12 14 -1 3 -1 -2
2 14 -1 2 7 8 12 -1 2 6 9 16 -1 -2
6 9 11 12 -1 7 -1 5 11 -1 -2
15 -1 7 -1 3 5 7 8 -1 -2
16 -1 4 -1 3 5 8 -1 -2
4 5 7 10 -1 3 9 15 -1 12 -1 -2
7 9 15 -1 3 5 6 -1 1 8 15 -1 -2
12 -1 1 6 12 15 -1 2 3 13 -1 -2
1 5 7 11 -1 16 -1 8 -1 -2
13 -1 16 -1 6 -1 -2
4 7 13 -1 2 10 13 -1 5 9 -1 -2
4 8 9 13 -1 2 13 -1 3 5 -1 -2
10 11 15 -1 9 10 -1 2 14 15 -1 -2
1 16 -1 1 4 11 14 -1 3 -1 -2
2 3 13 -1 3 13 14 -1 2 8 -1 -2
7 -1 3 14 16 -1 3 11 -1 -2
2 5 10 15 -1 6 7 10 12 -1 1 8 13 -1 -2
10 12 -1 1 5 9 -1 8 9 14 -1 -2
12 -1 1 5 6 11 -1 2 12 13 15 -1 -2
3 14 -1 1 10 -1 6 8 11 12 -1 -2
8 -1 5 11 -1 6 7 12 -1 -2
10 12 15 -1 4 10 16 -1 9 10 12 -1 -2
12 13 -1 6 14 -1 5 8 9 12 -1 -2
2 15 -1 1 5 8 14 -1 10 -1 -2
9 10 11 13 -1 5 10 13 16 -1 5 9 15 -1 -2
3 4 12 16 -1 1 2 12 14 -1 5 7 9 10 -1 -2
1 2 3 5 -1 9 -1 3 5 7 -1 -2
2 5 16 -1 1 12 -1 5 6 10 -1 -2
6 7 9 15 -1 13 16 -1 6 -1 -2
4 6 14 -1 2 3 4 8 -1 8 14 -1 -2
3 6 -1 1 9 -1 4 -1 -2
10 16 -1 2 9 -1 2 6 8 10 -1 -2
2 8 11 -1 6 12 14 -1 3 5 8 -1 -2
2 12 14 -1 5 6 13 -1 6 13 15 -1 -2
2 6 12 -1 6 10 -1 14 -1 -2
8 16 -1 6 10 13 -1 12 13 -1 -2
12 -1 1 2 -1 2 -1 -2
11 -1 2 4 7 -1 10 -1 -2
11 -1 9 10 13 14 -1 6 9 13 -1 -2
6 12 -1 3 4 10 12 -1 1 2 4 8 -1 -2
5 7 9 11 -1 2 3 8 -1 4 6 11 15 -1 -2
3 6 10 15 -1 7 11 -1 6 -1 -2
8 9 11 16 -1 7 8 -1 5 13 14 -1 -2
11 -1 5 10 -1 6 11 14 -1 -2
7 9 -1 11 12 -1 2 4 5 16 -1 -2
1 12 -1 5 -1 6 -1 -2
6 10 14 -1 6 8 15 -1 1 9 11 15 -1 -2
5 6 13 -1 6 -1 12 -1 -2
9 11 15 -1 8 12 -1 4 7 -1 -2
6 -1 9 10 12 -1 13 -1 -2
2 -1 4 13 14 -1 2 6 8 -1 -2
1 11 14 -1 3 8 9 -1 7 10 12 14 -1 -2
9 13 -1 3 -1 3 -1 -2
14 -1 1 9 -1 14 -1 -2
6 -1 3 10 15 -1 2 12 13 -1 -2
5 10 12 14 -1 2 3 8 -1 7 13 -1 -2
6 7 9 -1 5 8 10 12 -1 5 -1 -2
7 10 13 16 -1 3 5 15 16 -1 2 5 8 -1 -2
2 4 16 -1 13 15 16 -1 4 8 15 -1 -2
4 9 15 16 -1 4 -1 5 -1 -2
1 7 12 -1 2 16 -1 3 4 11 -1 -2
6 7 12 -1 9 10 13 -1 11 13 -1 -2
9 -1 7 16 -1 9 -1 -2
4 -1 4 6 11 13 -1 16 -1 -2
5 9 12 -1 5 8 13 -1 9 -1 -2
13 -1 4 5 7 -1 6 16 -1 -2
7 12 -1 9 10 14 15 -1 2 3 11 -1 -2
1 10 -1 2 6 -1 1 7 11 -1 -2
1 14 16 -1 13 14 16 -1 4 15 -1 -2
15 16 -1 7 8 -1 2 12 15 -1 -2
2 4 7 8 -1 1 -1 14 -1 -2
2 8 -1 4 5 7 14 -1 7 -1 -2
15 -1 3 -1 2 7 13 15 -1 -2
3 10 13 14 -1 6 10 16 -1 4 10 14 -1 -2
2 13 16 -1 7 9 -1 8 15 -1 -2
6 7 10 15 -1 4 14 -1 3 11 -1 -2
3 6 10 15 -1 2 13 -1 4 13 -1 -2
6 13 -1 6 -1 10 16 -1 -2
5 10 13 -1 5 7 8 16 -1 10 12 14 -1 -2
2 13 -1 5 14 -1 8 12 16 -1 -2
5 15 16 -1 2 10 11 12 -1 11 -1 -2
9 -1 4 8 13 14 -1 4 -1 -2
1 4 6 9 -1 1 9 13 -1 7 15 -1 -2
7 14 15 -1 9 13 14 -1 9 11 14 16 -1 -2
10 12 14 -1 3 8 -1 1 5 8 16 -1 -2
11 14 16 -1 3 7 9 13 -1 8 10 15 -1 -2
1 -1 13 -1 1 5 6 11 -1 -2
10 13 -1 5 6 7 -1 2 6 11 12 -1 -2
9 11 15 -1 3 4 -1 2 4 6 10 -1 -2
3 7 9 -1 3 5 6 9 -1 7 10 16 -1 -2
11 12 -1 1 3 6 -1 12 -1 -2
14 -1 7 -1 7 9 12 -1 -2
5 7 8 -1 1 5 13 15 -1 7 12 14 -1 -2
3 4 12 -1 9 15 -1 2 3 4 6 -1 -2
11 12 16 -1 8 13 -1 10 13 -1 -2
10 13 16 -1 11 16 -1 1 6 8 16 -1 -2
2 9 -1 4 9 -1 2 6 7 13 -1 -2
2 13 16 -1 12 15 -1 11 16 -1 -2
1 6 16 -1 2 3 -1 15 -1 -2
8 12 -1 13 14 16 -1 12 -1 -2
2 3 4 13 -1 2 3 11 -1 7 9 10 -1 -2
3 10 15 16 -1 4 9 10 -1 2 6 7 8 -1 -2
2 3 12 15 -1 2 6 10 13 -1 4 -1 -2
1 9 15 -1 5 6 7 9 -1 1 5 -1 -2
16 -1 4 6 11 -1 3 8 12 -1 -2
4 6 -1 3 7 13 16 -1 2 8 10 14 -1 -2
2 8 10 15 -1 9 -1 1 2 13 -1 -2
2 12 14 -1 1 14 15 16 -1 1 6 11 13 -1 -2
9 -1 5 6 16 -1 3 8 13 16 -1 -2
4 7 -1 10 -1 8 -1 -2
8 9 12 14 -1 9 13 -1 3 4 5 -1 -2
5 14 -1 5 6 13 -1 3 6 10 12 -1 -2
3 14 -1 8 10 11 -1 1 11 14 16 -1 -2
2 -1 3 5 10 -1 10 12 15 -1 -2
4 7 10 13 -1 9 11 12 -1 1 14 -1 -2
9 11 12 -1 3 11 15 -1 10 13 -1 -2
3 12 16 -1 7 11 14 16 -1 8 9 15 -1 -2
4 -1 7 11 -1 8 10 14 -1 -2
3 -1 16 -1 3 9 14 -1 -2
4 5 9 -1 5 10 14 16 -1 3 5 12 16 -1 -2
1 6 14 15 -1 5 9 -1 4 6 -1 -2
1 6 13 14 -1 3 -1 5 7 8 12 -1 -2
4 9 12 -1 6 -1 1 2 10 -1 -2
4 -1 11 13 -1 2 4 9 14 -1 -2
4 11 12 -1 1 -1 3 8 11 -1 -2
4 7 13 14 -1 2 5 15 -1 4 -1 -2
8 9 13 -1 5 13 15 -1 3 4 6 -1 -2
6 12 16 -1 8 11 15 -1 14 15 16 -1 -2
12 16 -1 3 -1 1 7 8 -1 -2
2 -1 2 5 13 15 -1 1 9 -1 -2
9 12 13 -1 1 2 8 -1 14 -1 -2
13 -1 1 3 14 -1 11 15 16 -1 -2
3 13 14 -1 9 10 -1 3 8 16 -1 -2
6 15 -1 3 -1 3 9 11 15 -1 -2
1 8 9 12 -1 2 8 10 11 -1 7 8 -1 -2
2 13 -1 1 8 -1 11 -1 -2
2 4 9 -1 1 3 5 13 -1 3 7 16 -1 -2
7 -1 2 11 14 -1 3 5 6 -1 -2
7 8 12 13 -1 1 7 11 15 -1 1 4 15 -1 -2
2 6 12 14 -1 5 7 8 13 -1 6 10 11 13 -1 -2
6 9 -1 1 6 -1 10 -1 -2
11 14 16 -1 1 7 -1 12 -1 -2
13 16 -1 3 6 9 -1 1 5 9 15 -1 -2
2 15 -1 7 11 15 16 -1 4 5 7 14 -1 -2
1 -1 6 10 15 -1 1 5 7 -1 -2
7 -1 5 6 12 -1 7 8 -1 -2
1 2 7 -1 15 16 -1 2 10 15 -1 -2
4 15 -1 15 -1 5 7 -1 -2
6 8 11 13 -1 7 9 12 -1 4 14 16 -1 -2
10 13 14 16 -1 16 -1 2 8 -1 -2
11 -1 3 6 12 14 -1 5 6 -1 -2
4 15 -1 8 9 13 -1 1 3 -1 -2
13 -1 4 11 -1 5 6 7 -1 -2
1 4 -1 4 5 12 14 -1 11 13 16 -1 -2
3 -1 9 -1 1 -1 -2
4 5 14 -1 4 16 -1 15 -1 -2
4 9 13 15 -1 4 7 9 15 -1 11 -1 -2
3 5 13 -1 1 5 9 12 -1 6 7 14 -1 -2
5 6 9 -1 5 7 8 -1 1 7 9 11 -1 -2
1 3 4 5 -1 2 10 -1 4 12 14 -1 -2
4 6 7 14 -1 1 4 7 16 -1 12 13 -1 -2
7 10 -1 5 10 15 16 -1 5 12 14 -1 -2
3 6 -1 7 11 15 16 -1 4 5 -1 -2
3 -1 7 -1 6 9 15 16 -1 -2
7 -1 2 7 10 13 -1 5 8 13 -1 -2
2 10 -1 4 12 13 16 -1 7 15 16 -1 -2
1 12 -1 2 16 -1 4 8 15 -1 -2
1 -1 14 -1 5 -1 -2
3 5 10 16 -1 4 8 -1 2 -1 -2
3 -1 7 -1 6 9 10 16 -1 -2
5 7 -1 13 16 -1 4 6 7 16 -1 -2
3 4 8 16 -1 5 8 9 13 -1 2 5 8 9 -1 -2
14 -1 4 9 13 16 -1 1 4 11 14 -1 -2
14 -1 3 4 5 12 -1 3 -1 -2
11 -1 6 8 12 15 -1 1 -1 -2
8 14 -1 1 13 -1 4 6 9 -1 -2
13 -1 11 -1 8 10 12 -1 -2
4 6 9 -1 12 -1 3 6 9 -1 -2
12 14 16 -1 8 9 14 15 -1 5 10 -1 -2
1 -1 10 16 -1 14 -1 -2
2 9 11 14 -1 10 13 16 -1 8 9 15 16 -1 -2
3 4 13 -1 1 3 12 15 -1 16 -1 -2
3 4 9 -1 3 6 9 13 -1 10 -1 -2
3 9 10 15 -1 3 14 -1 6 -1 -2
8 -1 1 2 6 13 -1 2 -1 -2
6 12 15 -1 8 -1 3 12 14 -1 -2
6 -1 12 -1 6 -1 -2
7 11 12 15 -1 10 14 -1 5 7 -1 -2
8 10 12 -1 9 10 14 -1 2 9 -1 -2
5 -1 2 10 12 -1 10 -1 -2
6 -1 7 10 11 12 -1 5 10 16 -1 -2
3 7 16 -1 8 9 11 -1 1 15 -1 -2
12 -1 2 3 13 -1 13 -1 -2
2 10 -1 1 2 12 14 -1 7 -1 -2
13 16 -1 1 -1 8 9 15 -1 -2
4 14 -1 1 3 13 15 -1 7 -1 -2
11 15 -1 6 7 -1 5 14 -1 -2
13 -1 1 5 10 12 -1 10 11 12 16 -1 -2
16 -1 2 8 13 16 -1 6 8 10 16 -1 -2
5 10 11 -1 8 -1 1 7 11 14 -1 -2
3 4 6 14 -1 6 -1 7 11 12 16 -1 -2
9 13 -1 7 11 15 -1 7 12 13 -1 -2
9 -1 2 9 -1 7 -1 -2
2 15 -1 3 8 16 -1 11 -1 -2
4 11 -1 1 2 3 12 -1 3 5 15 -1 -2
6 7 14 -1 4 12 -1 11 16 -1 -2
7 -1 15 -1 1 3 15 16 -1 -2
11 -1 11 -1 4 6 9 12 -1 -2
9 13 -1 1 2 11 -1 4 9 -1 -2
5 9 -1 9 12 -1 4 7 14 -1 -2
5 6 12 13 -1 5 6 8 -1 15 -1 -2
3 4 -1 5 13 -1 3 12 14 -1 -2
4 5 8 16 -1 15 -1 2 4 5 12 -1 -2
6 8 11 14 -1 1 4 -1 6 7 10 11 -1 -2
9 -1 1 4 10 -1 3 6 -1 -2
2 11 15 16 -1 3 12 -1 7 8 11 15 -1 -2
15 -1 4 11 14 -1 2 7 12 13 -1 -2
13 -1 2 5 10 11 -1 5 8 9 13 -1 -2
7 -1 3 6 9 14 -1 7 11 -1 -2
8 9 16 -1 2 15 -1 1 -1 -2
5 6 9 13 -1 2 8 10 11 -1 13 -1 -2
14 16 -1 3 6 15 16 -1 3 4 11 14 -1 -2
2 8 -1 5 6 -1 4 5 10 13 -1 -2
14 -1 5 15 16 -1 2 4 7 10 -1 -2
11 -1 6 14 -1 2 10 -1 -2
1 5 13 16 -1 2 8 13 -1 5 11 12 -1 -2
10 12 -1 6 10 14 -1 9 -1 -2
12 -1 2 -1 2 8 9 13 -1 -2
8 9 -1 6 7 -1 2 -1 -2
8 9 16 -1 1 3 6 8 -1 1 9 13 -1 -2
14 16 -1 1 9 11 12 -1 1 3 5 7 -1 -2
5 6 -1 4 5 12 13 -1 6 12 14 -1 -2
8 16 -1 14 15 16 -1 7 8 15 -1 -2
9 -1 3 5 10 11 -1 1 2 14 -1 -2
1 3 14 15 -1 6 15 -1 4 11 14 -1 -2
1 7 9 10 -1 9 -1 11 13 -1 -2
5 14 16 -1 1 -1 7 8 -1 -2
2 5 13 15 -1 1 5 6 10 -1 10 -1 -2
1 -1 6 -1 1 9 10 -1 -2
3 13 16 -1 6 8 10 14 -1 9 10 -1 -2
6 8 9 12 -1 1 9 -1 11 15 -1 -2
7 12 15 -1 4 12 -1 8 10 12 15 -1 -2
16 -1 1 14 -1 4 8 13 -1 -2
3 -1 13 16 -1 1 5 7 13 -1 -2
14 -1 3 9 11 14 -1 3 7 13 16 -1 -2
4 8 13 14 -1 5 15 16 -1 3 9 11 -1 -2
10 13 -1 4 10 13 15 -1 1 8 14 -1 -2
1 3 7 10 -1 9 13 -1 9 13 -1 -2
2 3 8 11 -1 8 13 15 16 -1 1 2 -1 -2
5 -1 8 -1 6 13 15 -1 -2
4 9 13 -1 2 -1 2 9 12 -1 -2
15 -1 9 -1 1 9 12 -1 -2
6 10 11 15 -1 10 11 14 15 -1 1 16 -1 -2
10 11 13 -1 9 -1 1 3 8 11 -1 -2
5 15 -1 7 16 -1 7 12 -1 -2
1 4 7 10 -1 7 8 14 16 -1 5 12 -1 -2
10 11 12 16 -1 1 7 11 12 -1 16 -1 -2
9 16 -1 1 2 3 14 -1 3 -1 -2
6 9 15 -1 6 12 -1 4 9 -1 -2
1 11 -1 9 15 -1 13 -1 -2
9 -1 4 9 -1 9 11 16 -1 -2
8 13 -1 2 10 -1 4 -1 -2
11 14 -1 5 10 12 -1 1 3 10 14 -1 -2
10 13 -1 13 -1 4 -1 -2
1 16 -1 2 15 -1 7 8 10 15 -1 -2
5 12 -1 7 8 13 16 -1 2 11 14 15 -1 -2
1 4 7 15 -1 3 8 14 -1 3 4 7 -1 -2
4 6 10 11 -1 1 2 6 13 -1 4 6 12 13 -1 -2
1 3 -1 10 11 -1 3 6 7 16 -1 -2
16 -1 11 -1 7 -1 -2
4 5 14 -1 1 7 -1 15 -1 -2
2 -1 8 10 13 -1 2 5 8 -1 -2
15 16 -1 15 -1 12 14 15 -1 -2
16 -1 13 -1 10 -1 -2
9 -1 3 7 9 12 -1 3 13 -1 -2
2 3 7 9 -1 9 -1 8 10 12 15 -1 -2
3 4 13 16 -1 2 10 11 13 -1 1 4 7 -1 -2
14 -1 8 -1 9 -1 -2
2 9 12 16 -1 10 13 -1 9 10 -1 -2
3 6 8 14 -1 7 15 -1 5 13 14 16 -1 -2
1 9 12 14 -1 9 16 -1 6 15 -1 -2
4 6 9 -1 9 16 -1 5 12 -1 -2
1 5 16 -1 16 -1 2 12 -1 -2
5 14 -1 2 7 11 15 -1 4 7 -1 -2
4 -1 9 12 15 -1 3 4 6 13 -1 -2
10 12 -1 5 8 12 14 -1 10 -1 -2
3 -1 14 -1 1 5 6 8 -1 -2
5 10 11 -1 3 11 13 16 -1 4 10 -1 -2
14 -1 13 15 16 -1 7 8 16 -1 -2
5 10 -1 2 3 4 8 -1 3 -1 -2
6 -1 10 14 -1 2 3 16 -1 -2
8 -1 15 -1 1 8 14 -1 -2
5 11 15 16 -1 15 16 -1 12 16 -1 -2
6 7 9 -1 1 5 16 -1 1 12 -1 -2
3 4 -1 9 -1 6 7 8 15 -1 -2
4 12 15 -1 7 -1 3 8 15 16 -1 -2
13 14 -1 13 -1 3 4 8 15 -1 -2
3 8 15 -1 7 9 11 -1 7 12 16 -1 -2
5 7 10 16 -1 15 -1 10 -1 -2
12 13 -1 1 3 14 -1 2 11 13 16 -1 -2
4 6 8 15 -1 6 9 14 -1 9 11 14 -1 -2
4 6 8 11 -1 11 14 -1 1 11 16 -1 -2
14 -1 6 -1 4 5 -1 -2
12 15 16 -1 9 -1 4 10 12 -1 -2
11 -1 12 14 15 -1 2 5 -1 -2
4 9 13 -1 7 16 -1 12 -1 -2
7 10 -1 3 4 5 -1 4 6 7 12 -1 -2
5 10 16 -1 7 10 11 -1 5 7 14 -1 -2
1 4 5 -1 1 4 5 11 -1 2 3 15 -1 -2
2 7 12 16 -1 5 12 16 -1 1 2 5 -1 -2
13 -1 2 -1 4 6 7 -1 -2
3 8 13 -1 2 13 -1 2 3 8 12 -1 -2
11 12 -1 4 8 13 14 -1 4 -1 -2
2 3 4 6 -1 1 7 8 14 -1 5 12 -1 -2
12 14 -1 7 10 13 -1 1 8 9 13 -1 -2
5 7 9 -1 11 -1 10 12 13 -1 -2
1 4 11 15 -1 1 2 15 -1 2 7 -1 -2
12 -1 7 11 -1 9 -1 -2
5 8 -1 4 8 9 -1 1 8 11 12 -1 -2
3 5 13 -1 3 10 -1 4 6 -1 -2
12 13 -1 9 14 15 -1 5 9 16 -1 -2
13 -1 2 3 5 15 -1 2 5 8 -1 -2
4 -1 2 -1 5 -1 -2
2 4 14 -1 1 6 -1 2 8 12 16 -1 -2
2 9 15 -1 2 11 -1 1 5 -1 -2
3 5 6 7 -1 3 6 -1 13 14 16 -1 -2
5 6 9 15 -1 8 12 14 16 -1 10 -1 -2
15 -1 1 5 7 12 -1 4 6 10 14 -1 -2
11 12 -1 12 15 -1 10 -1 -2
6 -1 2 3 6 14 -1 7 12 -1 -2
4 -1 11 -1 1 2 15 16 -1 -2
7 9 -1 4 6 14 16 -1 1 2 14 15 -1 -2
2 10 11 16 -1 4 -1 1 4 5 -1 -2
2 14 15 -1 13 -1 2 -1 -2
7 8 13 14 -1 2 9 15 -1 2 4 14 -1 -2
15 16 -1 1 3 10 -1 13 -1 -2
6 11 14 15 -1 2 7 8 -1 3 11 12 13 -1 -2
1 11 16 -1 3 -1 12 15 -1 -2
6 14 15 -1 8 9 12 -1 4 5 10 11 -1 -2
8 16 -1 16 -1 13 -1 -2
3 6 7 13 -1 2 4 -1 10 -1 -2
2 5 9 10 -1 6 7 13 16 -1 2 3 12 15 -1 -2
2 -1 10 13 -1 7 15 16 -1 -2
1 5 6 12 -1 1 4 11 12 -1 7 8 14 -1 -2
15 -1 6 10 12 14 -1 5 8 14 15 -1 -2
1 3 4 14 -1 2 10 12 14 -1 2 3 -1 -2
8 16 -1 5 12 13 -1 2 8 11 -1 -2
5 6 16 -1 12 -1 1 8 12 -1 -2
1 3 10 -1 4 8 -1 2 9 12 13 -1 -2
6 7 8 14 -1 4 8 9 12 -1 3 6 8 13 -1 -2
12 -1 2 3 11 15 -1 2 6 12 -1 -2
2 4 5 13 -1 1 10 13 -1 7 9 15 -1 -2
9 12 13 16 -1 9 10 16 -1 3 5 7 10 -1 -2
1 2 3 8 -1 6 9 -1 9 10 11 14 -1 -2
1 -1 12 -1 6 12 15 16 -1 -2
3 5 9 15 -1 4 7 16 -1 10 15 -1 -2
4 9 14 15 -1 3 4 11 -1 14 -1 -2
1 5 6 -1 6 8 11 -1 8 10 11 14 -1 -2
8 -1 5 15 -1 1 4 7 14 -1 -2
4 6 11 16 -1 1 6 10 -1 11 12 -1 -2
2 3 5 -1 6 12 14 -1 9 -1 -2
4 -1 3 5 -1 12 13 14 15 -1 -2
5 16 -1 1 2 5 13 -1 4 8 11 13 -1 -2
2 6 7 16 -1 13 16 -1 6 9 -1 -2
1 4 5 11 -1 1 9 -1 6 14 -1 -2
4 7 8 -1 1 -1 7 13 15 16 -1 -2
1 10 -1 1 3 6 12 -1 3 -1 -2
12 15 16 -1 3 8 14 -1 4 7 -1 -2
1 4 10 15 -1 9 -1 12 -1 -2
5 10 12 15 -1 13 -1 6 -1 -2
3 7 15 -1 10 12 -1 3 5 12 -1 -2
13 -1 16 -1 7 9 14 -1 -2
2 4 6 16 -1 3 6 7 -1 5 8 9 -1 -2
7 -1 13 -1 1 5 13 16 -1 -2
7 8 11 13 -1 16 -1 11 14 16 -1 -2
3 4 11 -1 1 4 5 16 -1 4 8 10 15 -1 -2
7 11 -1 8 13 16 -1 5 10 -1 -2
8 -1 4 5 14 -1 1 9 -1 -2
12 -1 3 8 -1 1 3 11 15 -1 -2
2 -1 8 10 12 15 -1 1 3 6 -1 -2
2 -1 1 7 10 14 -1 12 15 -1 -2
10 12 16 -1 4 -1 1 4 7 10 -1 -2
6 8 9 16 -1 3 4 7 16 -1 1 5 13 15 -1 -2
3 7 13 14 -1 7 16 -1 9 -1 -2
2 11 15 -1 3 6 10 -1 10 -1 -2
2 7 -1 3 4 10 -1 14 -1 -2
2 4 8 13 -1 4 9 11 12 -1 7 8 11 12 -1 -2
12 -1 15 -1 4 8 12 14 -1 -2
4 10 11 -1 13 -1 9 14 -1 -2
14 -1 5 11 -1 2 3 -1 -2
4 11 12 -1 10 13 -1 6 8 9 16 -1 -2
2 -1 1 5 13 -1 5 8 10 12 -1 -2
1 2 10 11 -1 7 8 10 12 -1 2 -1 -2
10 16 -1 12 14 -1 3 -1 -2
2 8 16 -1 1 7 10 11 -1 4 9 10 11 -1 -2
12 13 -1 1 12 15 16 -1 8 9 16 -1 -2
16 -1 1 2 5 -1 4 8 14 15 -1 -2
5 6 -1 9 -1 1 7 10 -1 -2
6 10 13 14 -1 4 11 12 -1 12 16 -1 -2
5 13 -1 1 5 10 12 -1 8 9 -1 -2
2 5 6 11 -1 5 9 12 -1 3 4 -1 -2
7 8 -1 5 12 -1 9 11 12 14 -1 -2
1 5 10 16 -1 6 7 14 -1 4 8 10 -1 -2
4 9 10 12 -1 1 16 -1 1 -1 -2
12 -1 11 -1 4 5 6 13 -1 -2
2 -1 2 13 -1 1 3 -1 -2
1 10 14 -1 4 12 -1 1 12 -1 -2
10 16 -1 6 14 -1 9 14 -1 -2
7 9 -1 16 -1 5 15 -1 -2
4 5 6 -1 6 10 11 15 -1 6 -1 -2
12 16 -1 2 9 -1 10 -1 -2
7 11 -1 7 9 -1 9 13 -1 -2
9 -1 1 2 8 12 -1 2 4 7 14 -1 -2
7 9 10 15 -1 8 10 12 16 -1 3 7 15 16 -1 -2
4 5 9 14 -1 2 14 -1 1 3 -1 -2
13 14 -1 7 10 14 16 -1 6 -1 -2
4 13 -1 2 7 8 11 -1 3 6 11 12 -1 -2
2 -1 14 -1 2 3 7 14 -1 -2
1 6 11 13 -1 4 -1 7 8 16 -1 -2
2 13 15 -1 1 10 15 -1 6 -1 -2
4 16 -1 4 7 11 -1 3 10 12 15 -1 -2
14 -1 4 10 16 -1 7 -1 -2
4 11 16 -1 2 7 10 15 -1 3 7 8 9 -1 -2
10 -1 7 10 -1 2 9 10 14 -1 -2
8 14 16 -1 15 -1 1 3 4 13 -1 -2
3 8 14 -1 2 9 -1 1 4 13 14 -1 -2
9 16 -1 6 8 15 -1 7 9 11 16 -1 -2
7 9 -1 1 3 4 11 -1 13 15 16 -1 -2
2 5 9 11 -1 1 14 16 -1 3 7 9 13 -1 -2
13 -1 6 12 16 -1 5 13 16 -1 -2
4 14 -1 2 7 -1 5 12 -1 -2
1 10 15 -1 10 -1 1 5 6 -1 -2
2 16 -1 8 16 -1 6 -1 -2
2 9 10 -1 1 6 -1 4 -1 -2
7 10 15 -1 16 -1 1 2 16 -1 -2
1 13 -1 11 13 -1 13 -1 -2
1 -1 1 6 -1 13 -1 -2
8 11 15 -1 3 8 -1 9 11 -1 -2
10 -1 4 9 10 13 -1 14 -1 -2
6 11 13 -1 1 -1 7 -1 -2
1 3 13 -1 6 7 -1 1 6 11 -1 -2
9 13 14 -1 8 14 15 16 -1 3 5 11 -1 -2
16 -1 10 15 16 -1 1 7 -1 -2
7 8 -1 2 6 8 13 -1 1 3 15 -1 -2
1 5 -1 2 -1 7 15 -1 -2
8 12 16 -1 2 5 7 -1 8 10 14 16 -1 -2
10 -1 15 -1 1 10 16 -1 -2
7 -1 1 -1 2 9 11 -1 -2
2 14 -1 2 -1 1 7 10 11 -1 -2
5 -1 2 -1 5 15 -1 -2
5 6 7 16 -1 1 2 3 8 -1 16 -1 -2
16 -1 7 8 14 15 -1 4 16 -1 -2
8 11 14 15 -1 6 7 8 12 -1 13 -1 -2
3 -1 2 -1 10 12 14 -1 -2
5 -1 1 7 10 11 -1 9 10 -1 -2
3 5 8 16 -1 4 16 -1 6 7 11 -1 -2
2 3 10 -1 4 7 11 -1 2 8 11 -1 -2
1 3 4 16 -1 1 10 13 -1 2 5 15 -1 -2
3 10 13 14 -1 2 3 7 8 -1 9 -1 -2
1 5 8 12 -1 5 7 11 14 -1 1 4 15 16 -1 -2
5 10 13 -1 4 5 13 -1 11 -1 -2
1 6 7 8 -1 1 -1 13 -1 -2
3 11 12 16 -1 2 3 6 -1 3 12 -1 -2
4 15 -1 3 11 12 -1 5 7 8 -1 -2
1 3 7 12 -1 5 13 14 -1 5 6 15 -1 -2
6 13 14 -1 3 -1 2 6 9 16 -1 -2
7 8 9 11 -1 4 6 -1 6 9 -1 -2
9 15 16 -1 3 9 12 13 -1 9 -1 -2
1 7 -1 1 9 13 15 -1 5 14 -1 -2
4 9 -1 1 -1 9 -1 -2
2 4 -1 1 12 -1 6 12 -1 -2
2 12 14 15 -1 2 4 6 -1 5 14 -1 -2
2 7 11 -1 10 14 -1 2 6 13 14 -1 -2
3 8 10 14 -1 2 5 7 11 -1 15 -1 -2
11 -1 9 -1 3 -1 -2
11 -1 1 6 9 13 -1 2 3 14 -1 -2
2 4 7 12 -1 6 -1 5 13 -1 -2
1 7 10 13 -1 5 6 16 -1 10 11 16 -1 -2
1 3 15 -1 3 -1 5 6 9 12 -1 -2
9 12 -1 4 13 -1 2 14 -1 -2
1 12 15 -1 15 -1 2 -1 -2
9 14 -1 2 -1 3 10 11 16 -1 -2
12 -1 2 7 9 16 -1 1 10 -1 -2
11 12 13 -1 3 5 -1 4 5 7 16 -1 -2
7 11 14 16 -1 5 15 -1 6 7 8 14 -1 -2
9 -1 1 3 14 -1 1 2 -1 -2
12 -1 3 6 8 -1 4 8 11 -1 -2
7 9 -1 4 11 -1 5 9 13 -1 -2
6 14 15 -1 1 12 -1 6 7 -1 -2
15 -1 8 -1 4 6 12 -1 -2
3 4 -1 2 3 10 11 -1 5 6 10 13 -1 -2
4 5 12 -1 1 5 11 -1 5 6 11 13 -1 -2
1 7 11 -1 5 6 -1 3 -1 -2
2 3 4 13 -1 1 5 8 16 -1 2 14 -1 -2
3 8 9 14 -1 2 4 6 -1 4 7 -1 -2
10 13 14 -1 4 12 -1 7 12 14 -1 -2
1 -1 3 4 5 11 -1 6 -1 -2
11 13 15 -1 1 3 -1 3 5 -1 -2
5 9 15 16 -1 8 -1 8 13 14 -1 -2
1 8 9 -1 3 7 8 13 -1 8 10 13 -1 -2
1 14 -1 15 -1 13 16 -1 -2
4 6 11 -1 14 -1 11 12 -1 -2
1 4 9 -1 3 5 7 16 -1 11 12 15 -1 -2
2 6 9 14 -1 8 10 -1 10 11 15 16 -1 -2
7 -1 6 8 9 10 -1 2 6 7 -1 -2
8 -1 1 11 -1 6 9 -1 -2
9 -1 2 7 -1 4 6 9 10 -1 -2
4 -1 6 8 -1 3 11 14 -1 -2
8 10 11 13 -1 2 5 11 -1 8 -1 -2
3 5 -1 10 16 -1 1 9 14 -1 -2
4 6 16 -1 5 -1 2 12 14 -1 -2
4 5 7 -1 5 10 -1 7 8 13 14 -1 -2
3 11 -1 13 16 -1 4 14 15 -1 -2
7 10 13 16 -1 10 -1 2 5 13 -1 -2
11 -1 1 -1 5 9 10 11 -1 -2
7 14 -1 7 14 -1 9 16 -1 -2
6 12 16 -1 11 -1 2 7 8 15 -1 -2
2 6 8 -1 5 8 12 13 -1 4 14 15 -1 -2
2 11 -1 2 7 9 -1 2 9 10 -1 -2
8 9 -1 2 8 11 -1 10 13 15 -1 -2
11 -1 2 5 7 14 -1 2 4 15 16 -1 -2
2 7 11 -1 8 -1 7 14 -1 -2
1 7 8 16 -1 4 -1 8 11 -1 -2
4 8 11 -1 2 -1 11 16 -1 -2
5 -1 4 9 14 -1 2 14 15 -1 -2
6 7 16 -1 6 12 -1 15 16 -1 -2
13 -1 14 -1 1 2 5 16 -1 -2
8 9 15 16 -1 7 -1 1 5 12 14 -1 -2
1 2 12 15 -1 5 6 13 -1 3 9 -1 -2
3 4 11 -1 2 -1 5 9 -1 -2
7 14 -1 3 -1 15 -1 -2
1 5 -1 4 15 -1 3 8 14 16 -1 -2
1 11 -1 7 -1 4 10 13 -1 -2
15 -1 6 7 -1 8 -1 -2
12 -1 6 -1 13 -1 -2
2 11 12 15 -1 4 7 -1 4 12 15 -1 -2
13 -1 1 12 -1 1 11 14 -1 -2
10 -1 3 4 5 8 -1 10 -1 -2
5 12 13 16 -1 3 4 8 9 -1 7 12 -1 -2
1 5 7 9 -1 5 7 8 12 -1 8 9 11 16 -1 -2
1 5 12 13 -1 3 12 -1 3 7 9 13 -1 -2
11 -1 8 10 11 12 -1 9 15 -1 -2
7 -1 13 -1 5 11 16 -1 -2
5 15 -1 3 4 15 -1 13 -1 -2
2 10 -1 2 3 14 -1 3 6 13 15 -1 -2
1 15 16 -1 13 -1 8 -1 -2
13 15 16 -1 5 6 -1 6 9 11 14 -1 -2
5 7 9 -1 4 7 -1 3 11 13 -1 -2
1 11 15 16 -1 2 9 11 -1 7 14 15 16 -1 -2
5 8 -1 8 16 -1 3 9 11 -1 -2
8 -1 8 10 15 -1 2 14 16 -1 -2
11 -1 6 9 10 16 -1 5 13 15 -1 -2
1 -1 16 -1 10 -1 -2
1 7 -1 3 5 8 9 -1 4 6 8 12 -1 -2
1 4 12 -1 2 7 -1 3 4 11 14 -1 -2
5 -1 9 10 -1 5 6 -1 -2
3 5 8 -1 7 15 16 -1 6 14 15 -1 -2
4 -1 9 12 13 15 -1 5 8 -1 -2
8 13 15 -1 14 -1 3 9 13 -1 -2
7 13 16 -1 7 13 -1 3 9 10 15 -1 -2
9 16 -1 5 7 13 -1 3 5 -1 -2
3 11 14 16 -1 2 -1 5 12 14 15 -1 -2
7 9 -1 8 10 11 -1 1 10 13 -1 -2
11 -1 5 -1 3 4 5 -1 -2
9 11 12 15 -1 5 7 8 -1 9 -1 -2
7 11 13 -1 9 13 15 -1 4 6 9 11 -1 -2
2 -1 9 13 16 -1 9 -1 -2
9 13 -1 8 -1 16 -1 -2
1 -1 5 8 10 16 -1 3 5 13 15 -1 -2
8 -1 10 -1 7 8 -1 -2
2 3 -1 5 8 10 15 -1 4 5 12 -1 -2
8 9 -1 2 6 10 16 -1 8 9 12 16 -1 -2
2 3 -1 7 -1 8 9 12 -1 -2
7 9 10 11 -1 12 14 -1 11 12 15 16 -1 -2
1 3 8 13 -1 2 -1 1 6 9 11 -1 -2
6 9 12 15 -1 4 -1 13 -1 -2
3 4 9 12 -1 1 5 -1 2 9 -1 -2
1 8 16 -1 6 15 -1 8 14 -1 -2
10 14 -1 2 7 11 -1 3 8 16 -1 -2
1 7 12 15 -1 1 2 9 13 -1 4 12 -1 -2
8 -1 6 -1 3 -1 -2
3 -1 8 14 -1 1 10 14 16 -1 -2
10 -1 9 13 -1 3 7 -1 -2
1 13 -1 2 3 4 12 -1 6 -1 -2
11 14 16 -1 14 -1 12 -1 -2
1 3 6 14 -1 6 10 15 -1 3 13 -1 -2
14 -1 5 8 -1 3 5 12 -1 -2
4 -1 13 -1 7 9 -1 -2
1 2 12 13 -1 2 9 14 -1 9 -1 -2
1 6 14 -1 1 12 -1 4 10 12 -1 -2
4 13 -1 2 6 9 10 -1 3 8 13 -1 -2
5 7 -1 2 4 8 -1 1 9 12 -1 -2
13 -1 1 7 -1 3 10 13 14 -1 -2
2 6 8 16 -1 3 11 -1 3 8 15 -1 -2
1 7 -1 9 -1 6 9 16 -1 -2
7 12 -1 12 -1 2 11 16 -1 -2
4 6 11 16 -1 12 -1 4 6 7 10 -1 -2
6 15 -1 3 6 8 15 -1 4 7 14 15 -1 -2
4 11 -1 6 -1 3 8 15 -1 -2
4 5 -1 3 4 16 -1 5 7 9 13 -1 -2
2 -1 6 7 14 -1 7 11 -1 -2
3 5 8 13 -1 2 5 8 14 -1 3 4 6 14 -1 -2
3 -1 3 14 -1 6 13 -1 -2
1 12 15 -1 3 7 13 16 -1 5 7 10 -1 -2
11 13 -1 9 11 -1 8 9 10 -1 -2
4 -1 5 6 7 -1 4 11 -1 -2
3 5 -1 6 11 -1 2 9 15 -1 -2
9 10 -1 13 -1 2 -1 -2
3 -1 6 -1 2 15 -1 -2
6 8 9 10 -1 3 12 -1 1 3 6 -1 -2
5 7 9 16 -1 1 2 13 -1 2 -1 -2
12 13 -1 2 13 -1 7 12 -1 -2
3 8 11 12 -1 6 8 10 -1 1 2 6 14 -1 -2
4 5 6 -1 9 16 -1 3 11 12 16 -1 -2
16 -1 7 -1 13 -1 -2
1 8 12 15 -1 9 10 -1 3 4 10 16 -1 -2
4 8 15 -1 8 11 14 -1 2 6 -1 -2
10 15 -1 11 -1 7 -1 -2
8 9 -1 4 -1 4 13 15 -1 -2
3 14 -1 3 5 -1 9 -1 -2
3 9 12 13 -1 7 -1 4 -1 -2
6 8 12 -1 2 5 13 -1 3 7 14 -1 -2
12 15 -1 2 12 15 -1 11 -1 -2
1 8 10 -1 7 9 -1 9 -1 -2
8 9 16 -1 2 3 15 -1 3 14 -1 -2
1 4 -1 3 7 -1 10 -1 -2
7 10 -1 6 7 13 -1 8 -1 -2
11 13 14 -1 2 6 10 15 -1 5 -1 -2
13 -1 14 16 -1 4 8 -1 -2
8 10 -1 2 -1 2 7 9 16 -1 -2
7 9 13 15 -1 4 11 16 -1 4 8 9 -1 -2
13 15 16 -1 5 6 7 13 -1 6 9 11 15 -1 -2
2 8 9 16 -1 2 -1 13 15 -1 -2
5 -1 15 -1 10 16 -1 -2
3 11 12 15 -1 1 3 6 9 -1 6 8 12 -1 -2
4 13 -1 3 -1 9 16 -1 -2
1 2 10 15 -1 6 -1 8 10 -1 -2
3 6 7 13 -1 3 8 12 16 -1 4 -1 -2
3 4 9 13 -1 10 14 16 -1 1 -1 -2
5 6 8 13 -1 4 5 8 9 -1 2 6 -1 -2
6 10 11 12 -1 3 4 8 15 -1 7 14 -1 -2
6 8 12 13 -1 2 5 8 9 -1 11 -1 -2
10 -1 3 -1 1 11 15 -1 -2
14 -1 1 11 -1 3 11 12 -1 -2
11 -1 8 12 15 -1 8 9 10 -1 -2
2 12 14 -1 3 4 8 -1 2 6 10 11 -1 -2
3 14 16 -1 15 -1 4 9 16 -1 -2
1 2 4 13 -1 5 13 -1 15 -1 -2
9 -1 2 8 11 12 -1 9 16 -1 -2
11 15 -1 5 9 14 -1 5 7 8 11 -1 -2
7 11 12 16 -1 9 14 -1 8 -1 -2
10 14 16 -1 5 6 14 15 -1 1 4 11 -1 -2
6 -1 8 12 -1 2 7 12 -1 -2
4 5 6 12 -1 10 -1 3 5 -1 -2
6 7 12 -1 4 8 13 -1 16 -1 -2
5 9 13 14 -1 4 11 16 -1 9 13 -1 -2
5 10 12 -1 2 9 -1 6 11 15 16 -1 -2
5 -1 10 16 -1 8 13 14 -1 -2
2 9 13 -1 2 6 -1 16 -1 -2
3 8 13 -1 1 -1 3 4 14 -1 -2
7 12 -1 14 -1 5 7 9 10 -1 -2
2 15 16 -1 1 -1 6 -1 -2
11 12 14 -1 8 11 12 -1 4 6 16 -1 -2
6 10 -1 1 7 11 -1 8 -1 -2
15 16 -1 4 8 15 -1 3 4 -1 -2
15 -1 4 16 -1 2 5 13 -1 -2
4 -1 7 8 -1 4 9 15 16 -1 -2
1 7 -1 2 15 16 -1 1 5 12 13 -1 -2
13 -1 3 8 16 -1 10 -1 -2
6 7 15 16 -1 4 9 13 -1 10 -1 -2
11 12 16 -1 2 -1 8 11 14 -1 -2
7 9 11 12 -1 4 5 11 15 -1 10 13 -1 -2
2 7 8 -1 5 6 -1 2 14 -1 -2
6 -1 2 5 7 -1 2 11 12 13 -1 -2
1 2 4 12 -1 7 9 -1 3 4 5 -1 -2
7 11 14 16 -1 3 8 -1 16 -1 -2
3 13 16 -1 11 16 -1 2 -1 -2
3 13 -1 4 -1 3 12 13 16 -1 -2
2 13 15 -1 3 10 11 -1 4 6 7 14 -1 -2
3 7 12 -1 13 -1 4 7 15 -1 -2
8 13 16 -1 1 5 11 -1 9 10 16 -1 -2
4 6 12 16 -1 3 4 5 9 -1 6 -1 -2
11 -1 2 7 16 -1 1 7 11 12 -1 -2
6 -1 3 9 14 -1 12 -1 -2
14 -1 15 -1 15 -1 -2
10 16 -1 1 12 16 -1 7 10 12 14 -1 -2
5 6 9 -1 4 5 -1 1 6 14 15 -1 -2
7 -1 6 -1 1 2 9 15 -1 -2
7 15 -1 6 -1 2 7 8 14 -1 -2
11 13 -1 5 7 9 11 -1 5 7 10 -1 -2
2 16 -1 1 8 9 12 -1 2 13 -1 -2
13 -1 2 15 -1 5 15 -1 -2
9 -1 1 4 9 11 -1 5 6 8 -1 -2
1 10 15 16 -1 2 8 12 -1 12 14 16 -1 -2
4 7 14 16 -1 10 13 -1 12 -1 -2
3 15 -1 8 15 -1 10 11 12 -1 -2
10 -1 16 -1 5 16 -1 -2
7 13 15 -1 2 15 16 -1 3 5 7 -1 -2
10 12 13 16 -1 14 -1 6 10 11 15 -1 -2
2 -1 13 -1 4 13 -1 -2
3 4 7 12 -1 1 -1 15 -1 -2
6 13 -1 5 9 12 13 -1 6 7 11 13 -1 -2
6 7 14 16 -1 1 6 12 -1 3 11 14 -1 -2
8 -1 10 14 -1 5 9 14 -1 -2
5 10 -1 12 15 -1 4 12 -1 -2
6 13 15 16 -1 6 11 13 -1 1 -1 -2
2 5 12 16 -1 2 -1 5 7 15 -1 -2
1 5 7 16 -1 3 12 -1 9 11 -1 -2
6 8 14 -1 1 12 -1 10 12 16 -1 -2
9 11 13 -1 4 8 10 -1 2 3 11 12 -1 -2
5 6 9 14 -1 7 11 -1 4 -1 -2
10 -1 2 6 -1 7 -1 -2
9 -1 8 15 -1 4 8 14 -1 -2
3 7 14 15 -1 5 -1 5 9 14 -1 -2
13 -1 10 -1 1 5 8 9 -1 -2
10 -1 1 2 7 10 -1 4 6 7 10 -1 -2
2 13 15 -1 5 8 12 15 -1 2 3 6 -1 -2
4 15 -1 1 5 10 15 -1 3 9 14 -1 -2
4 5 8 -1 5 10 11 -1 3 6 7 16 -1 -2
1 12 14 -1 3 15 -1 5 15 -1 -2
7 9 10 14 -1 6 10 12 -1 6 8 -1 -2
1 5 12 13 -1 1 14 -1 3 5 7 -1 -2
3 4 10 11 -1 6 7 10 -1 4 9 -1 -2
15 -1 1 -1 6 -1 -2
13 16 -1 16 -1 4 6 11 13 -1 -2
1 2 8 12 -1 7 8 -1 7 10 15 -1 -2
13 -1 3 12 -1 4 15 -1 -2
6 -1 6 8 9 15 -1 1 -1 -2
10 -1 15 -1 4 5 11 14 -1 -2
1 12 -1 1 8 11 12 -1 8 11 -1 -2
1 4 -1 5 15 -1 1 5 -1 -2
3 7 12 14 -1 2 4 8 12 -1 4 -1 -2
1 6 13 -1 1 2 3 15 -1 13 14 -1 -2
1 2 -1 1 -1 2 -1 -2
7 -1 5 11 14 -1 5 8 13 -1 -2
7 9 -1 9 -1 9 10 -1 -2
1 9 15 -1 1 6 13 15 -1 7 8 10 14 -1 -2
9 11 -1 5 10 14 -1 11 14 16 -1 -2
4 6 11 -1 2 14 15 -1 9 11 12 -1 -2
4 6 10 12 -1 9 -1 16 -1 -2
2 12 13 15 -1 1 13 -1 10 -1 -2
1 9 16 -1 7 10 11 12 -1 7 9 16 -1 -2
15 -1 2 5 12 -1 9 -1 -2
5 8 9 12 -1 13 -1 1 9 10 12 -1 -2
2 4 7 16 -1 3 13 -1 16 -1 -2
13 -1 1 9 11 16 -1 2 3 -1 -2
12 15 -1 1 12 -1 6 10 -1 -2
5 8 12 16 -1 7 9 -1 8 13 -1 -2
6 7 14 -1 4 5 10 11 -1 2 6 15 -1 -2
2 5 12 -1 6 9 10 15 -1 2 9 -1 -2
2 13 14 -1 16 -1 1 12 13 -1 -2
2 8 15 -1 1 2 5 -1 5 6 -1 -2
6 9 12 -1 3 -1 3 -1 -2
14 -1 5 8 9 13 -1 1 -1 -2
9 -1 10 -1 2 9 11 13 -1 -2
2 -1 9 -1 1 4 16 -1 -2
2 4 5 -1 1 -1 8 12 -1 -2
2 8 -1 11 12 -1 3 5 10 16 -1 -2
14 -1 16 -1 2 13 -1 -2
6 10 -1 2 5 9 11 -1 14 -1 -2
1 14 -1 6 7 16 -1 6 11 14 16 -1 -2
3 4 6 16 -1 5 10 11 12 -1 10 -1 -2
13 -1 3 5 8 -1 1 8 -1 -2
2 7 -1 8 13 16 -1 3 4 10 13 -1 -2
1 -1 1 -1 7 11 12 -1 -2
3 9 11 13 -1 8 14 -1 4 9 10 13 -1 -2
4 5 7 15 -1 3 9 10 -1 4 13 14 16 -1 -2
5 15 -1 1 -1 2 3 4 13 -1 -2
7 12 14 16 -1 1 2 9 -1 2 11 -1 -2
6 12 -1 7 14 16 -1 15 -1 -2
3 12 13 -1 4 7 -1 1 14 -1 -2
3 6 16 -1 7 11 -1 4 9 15 -1 -2
12 13 -1 8 13 14 -1 2 4 8 15 -1 -2
11 -1 2 4 15 16 -1 3 10 -1 -2
5 13 16 -1 1 2 8 10 -1 15 -1 -2
13 -1 13 -1 2 6 13 -1 -2
6 9 12 -1 2 3 -1 1 5 7 10 -1 -2
3 8 9 -1 7 15 -1 6 9 16 -1 -2
6 -1 1 7 13 16 -1 6 7 16 -1 -2
8 14 -1 6 10 15 16 -1 10 12 -1 -2
1 2 12 16 -1 5 10 14 16 -1 3 6 8 -1 -2
3 4 9 15 -1 11 -1 1 5 8 14 -1 -2
5 -1 8 11 13 16 -1 7 8 11 -1 -2
5 10 11 15 -1 3 7 8 -1 4 8 -1 -2
1 3 7 -1 6 -1 1 -1 -2
2 4 13 15 -1 12 16 -1 3 6 7 15 -1 -2
13 -1 1 7 12 -1 2 3 9 12 -1 -2
1 3 6 13 -1 5 10 -1 1 2 3 13 -1 -2
5 7 -1 16 -1 1 6 15 -1 -2
7 14 -1 1 3 -1 1 16 -1 -2
1 13 -1 5 14 15 16 -1 4 12 -1 -2
3 7 14 -1 2 7 13 -1 7 10 -1 -2
14 -1 14 16 -1 3 11 13 16 -1 -2
3 6 11 16 -1 14 16 -1 4 13 14 -1 -2
8 13 16 -1 6 8 14 -1 16 -1 -2
2 7 9 11 -1 9 -1 11 -1 -2
11 15 -1 1 -1 3 4 14 -1 -2
1 3 10 13 -1 6 -1 13 -1 -2
7 10 -1 1 -1 2 6 12 -1 -2
5 6 9 14 -1 5 11 13 15 -1 2 7 14 -1 -2
14 16 -1 11 -1 3 5 13 15 -1 -2
2 4 9 -1 12 13 14 16 -1 5 -1 -2
10 -1 1 3 5 7 -1 6 7 14 16 -1 -2
10 13 14 16 -1 11 12 13 -1 7 12 -1 -2
10 12 15 -1 1 8 9 -1 1 11 -1 -2
14 -1 4 5 10 11 -1 7 10 -1 -2
8 11 14 -1 12 -1 1 2 -1 -2
7 10 -1 10 11 -1 7 9 13 14 -1 -2
1 15 -1 1 5 14 -1 2 4 5 7 -1 -2
2 16 -1 1 -1 1 13 -1 -2
5 9 10 15 -1 3 4 5 15 -1 6 -1 -2
7 12 16 -1 1 3 -1 8 13 -1 -2
1 -1 12 13 15 -1 7 15 -1 -2
8 -1 11 -1 11 15 16 -1 -2
5 -1 4 9 15 -1 1 4 10 -1 -2
8 11 -1 6 7 16 -1 4 -1 -2
3 7 11 -1 7 15 -1 10 -1 -2
2 10 11 14 -1 8 9 10 16 -1 2 5 8 10 -1 -2
1 2 9 -1 4 7 -1 15 -1 -2
1 10 11 -1 3 6 13 -1 1 6 11 -1 -2
4 11 13 14 -1 4 7 8 -1 2 7 -1 -2
6 12 -1 1 6 -1 4 15 -1 -2
7 16 -1 5 11 14 15 -1 15 -1 -2
5 8 9 12 -1 3 13 -1 2 7 9 14 -1 -2
12 -1 1 9 11 13 -1 10 -1 -2
1 7 8 -1 3 5 6 9 -1 5 14 15 -1 -2
1 6 14 16 -1 1 6 8 12 -1 11 -1 -2
13 -1 8 9 11 -1 5 12 -1 -2
3 5 15 -1 14 16 -1 7 12 13 -1 -2
6 7 9 -1 13 -1 2 6 8 9 -1 -2
3 -1 11 16 -1 2 12 -1 -2
5 -1 5 11 12 16 -1 4 6 -1 -2
4 7 11 -1 8 9 13 -1 9 -1 -2
9 14 -1 5 -1 3 7 13 14 -1 -2
7 -1 15 -1 5 12 14 -1 -2
7 10 -1 2 4 -1 1 2 9 -1 -2
4 11 -1 9 12 -1 1 9 -1 -2
4 11 14 15 -1 1 -1 7 12 -1 -2
11 -1 16 -1 3 7 10 16 -1 -2
2 -1 4 15 16 -1 6 -1 -2
5 13 -1 7 11 13 -1 5 6 7 12 -1 -2
1 5 14 -1 9 13 -1 4 7 8 9 -1 -2
10 11 -1 5 6 7 11 -1 13 -1 -2
14 -1 3 6 7 15 -1 2 3 -1 -2
12 16 -1 1 3 8 10 -1 8 14 15 -1 -2
7 -1 6 8 13 -1 6 10 11 15 -1 -2
4 5 6 8 -1 5 6 -1 1 2 -1 -2
1 3 10 15 -1 13 16 -1 7 11 12 14 -1 -2
1 5 10 14 -1 10 -1 4 8 -1 -2
5 8 12 16 -1 5 6 12 -1 3 -1 -2
4 -1 8 11 -1 3 5 6 12 -1 -2
13 14 -1 2 3 4 14 -1 1 4 14 -1 -2
3 -1 1 5 11 13 -1 2 8 -1 -2
8 11 15 -1 7 13 -1 1 5 11 -1 -2
5 9 11 -1 5 9 15 -1 4 9 -1 -2
13 -1 2 -1 2 9 -1 -2
1 3 5 8 -1 8 -1 11 12 13 -1 -2
15 -1 13 -1 12 13 -1 -2
2 4 13 -1 1 4 5 12 -1 7 9 -1 -2
4 5 7 -1 11 14 -1 1 3 4 -1 -2
10 -1 3 4 7 -1 1 3 5 10 -1 -2
1 5 8 -1 9 -1 2 5 10 14 -1 -2
13 -1 1 4 14 15 -1 1 2 12 16 -1 -2
5 6 -1 6 10 -1 13 -1 -2
3 -1 8 -1 2 3 13 -1 -2
3 9 11 -1 8 -1 2 5 14 -1 -2
2 8 9 16 -1 2 -1 7 9 12 -1 -2
7 -1 3 9 11 14 -1 1 2 9 15 -1 -2
8 -1 7 8 -1 6 12 16 -1 -2
7 13 -1 8 16 -1 9 12 15 -1 -2
3 11 -1 1 8 9 11 -1 7 13 15 -1 -2
4 15 -1 1 6 -1 1 8 11 13 -1 -2
3 8 10 13 -1 2 12 -1 1 -1 -2
8 14 16 -1 3 4 10 -1 9 13 14 -1 -2
1 3 12 -1 2 14 15 16 -1 3 4 12 -1 -2
1 3 7 14 -1 9 -1 2 9 10 14 -1 -2
4 -1 1 13 -1 4 7 11 14 -1 -2
9 -1 5 6 9 -1 4 6 8 -1 -2
5 10 13 14 -1 11 15 -1 11 -1 -2
15 -1 8 -1 8 10 12 -1 -2
9 10 16 -1 3 4 11 12 -1 6 9 10 -1 -2
1 13 -1 16 -1 1 4 8 -1 -2
6 -1 12 -1 12 -1 -2
2 4 14 -1 1 8 -1 2 10 -1 -2
4 -1 6 10 13 -1 4 -1 -2
1 3 6 16 -1 12 16 -1 2 -1 -2
4 14 -1 3 8 9 16 -1 2 7 10 11 -1 -2
14 -1 1 5 6 -1 8 10 14 -1 -2
1 2 13 16 -1 1 16 -1 9 12 14 -1 -2
3 10 -1 3 4 12 -1 7 -1 -2
3 -1 1 12 -1 1 12 13 -1 -2
1 10 11 14 -1 9 -1 3 4 7 14 -1 -2
6 -1 4 9 13 -1 2 6 15 16 -1 -2
9 11 15 -1 2 11 -1 3 8 12 -1 -2
16 -1 2 5 9 14 -1 1 7 13 -1 -2
10 -1 8 -1 2 7 16 -1 -2
3 5 9 -1 2 13 -1 2 3 4 14 -1 -2
3 9 15 -1 8 -1 5 11 -1 -2
4 5 6 -1 5 9 13 -1 7 11 -1 -2
1 4 5 7 -1 1 4 14 -1 7 16 -1 -2
7 11 15 -1 10 -1 5 6 7 8 -1 -2
11 -1 15 16 -1 3 11 14 -1 -2
10 -1 2 11 16 -1 2 16 -1 -2
1 13 14 15 -1 3 5 9 16 -1 1 -1 -2
4 7 11 15 -1 2 -1 6 11 -1 -2
3 -1 6 14 -1 7 15 -1 -2
3 4 6 12 -1 1 11 12 14 -1 10 12 -1 -2
8 -1 4 5 9 13 -1 5 6 12 -1 -2
4 -1 1 3 8 9 -1 9 -1 -2
1 13 -1 3 -1 7 -1 -2
7 -1 4 11 16 -1 11 14 -1 -2
8 9 -1 7 13 15 -1 4 8 14 -1 -2
4 -1 3 5 8 14 -1 7 -1 -2
3 5 7 -1 10 11 12 15 -1 3 14 -1 -2
1 6 7 9 -1 1 3 10 12 -1 6 10 15 -1 -2
2 4 5 -1 14 -1 15 -1 -2
10 -1 11 -1 1 7 13 -1 -2
5 9 -1 16 -1 7 9 -1 -2
5 7 16 -1 1 8 9 16 -1 3 -1 -2
2 11 14 16 -1 2 3 6 -1 5 15 -1 -2
1 6 13 -1 1 -1 4 8 15 -1 -2
2 5 8 -1 15 -1 9 13 16 -1 -2
10 -1 4 12 -1 11 -1 -2
6 15 16 -1 1 6 9 10 -1 5 8 11 -1 -2
3 4 5 -1 15 -1 7 8 14 -1 -2
5 7 8 13 -1 10 14 -1 2 5 -1 -2
1 11 -1 5 12 -1 6 -1 -2
3 5 7 -1 5 6 -1 6 7 8 13 -1 -2
7 -1 5 9 10 12 -1 4 7 10 15 -1 -2
2 9 -1 13 15 -1 2 4 7 9 -1 -2
1 7 12 16 -1 10 -1 15 -1 -2
1 -1 2 -1 13 -1 -2
16 -1 3 8 11 -1 3 12 -1 -2
3 7 -1 8 11 13 -1 6 9 13 15 -1 -2
1 8 9 16 -1 8 9 -1 12 13 15 16 -1 -2
6 11 12 13 -1 2 4 12 14 -1 1 11 -1 -2
6 -1 1 9 11 15 -1 2 4 6 8 -1 -2
2 9 -1 1 5 8 -1 5 11 -1 -2
2 7 16 -1 9 -1 2 8 -1 -2
2 10 14 15 -1 1 7 16 -1 2 3 4 5 -1 -2
10 -1 7 -1 14 -1 -2
6 7 10 16 -1 5 12 -1 2 8 10 16 -1 -2
2 6 13 -1 2 8 10 12 -1 5 7 11 -1 -2
3 4 15 16 -1 11 -1 10 14 15 -1 -2
6 11 14 -1 3 11 13 -1 4 12 -1 -2
6 13 -1 10 -1 16 -1 -2
1 3 7 -1 1 2 9 -1 5 12 13 15 -1 -2
3 8 10 -1 10 12 -1 5 13 -1 -2
4 12 16 -1 2 5 7 8 -1 8 10 13 15 -1 -2
5 -1 6 12 -1 1 3 15 16 -1 -2
7 12 -1 3 7 13 16 -1 15 -1 -2
1 5 13 -1 14 -1 2 3 5 -1 -2
4 5 11 -1 6 7 10 15 -1 4 14 -1 -2
9 12 13 -1 5 9 -1 12 -1 -2
4 -1 2 7 12 14 -1 5 -1 -2
7 16 -1 4 7 11 16 -1 2 5 12 -1 -2
5 -1 3 5 8 -1 13 -1 -2
4 -1 1 3 11 -1 1 -1 -2
13 -1 6 7 8 14 -1 1 9 -1 -2
2 5 11 15 -1 9 -1 11 -1 -2
7 8 9 -1 1 9 10 11 -1 1 6 16 -1 -2
4 9 11 -1 13 15 -1 4 5 6 15 -1 -2
8 14 -1 6 10 13 15 -1 1 11 15 16 -1 -2
6 10 12 16 -1 2 -1 6 16 -1 -2
7 14 -1 5 7 8 15 -1 6 12 13 -1 -2
6 7 -1 5 -1 5 -1 -2
4 15 16 -1 4 -1 4 11 12 16 -1 -2
1 3 13 -1 1 2 9 14 -1 2 10 13 14 -1 -2
1 -1 4 7 8 9 -1 1 9 14 -1 -2
13 -1 4 12 13 14 -1 1 2 13 16 -1 -2
3 5 13 15 -1 1 3 14 -1 1 8 13 14 -1 -2
7 14 15 -1 5 10 12 14 -1 2 7 10 16 -1 -2
3 4 -1 6 7 9 -1 1 8 10 16 -1 -2
7 11 -1 12 -1 11 12 15 -1 -2
12 14 -1 4 11 13 -1 2 3 4 11 -1 -2
2 6 15 16 -1 4 9 10 -1 10 11 16 -1 -2
10 -1 4 8 -1 2 3 15 16 -1 -2
11 13 -1 10 11 -1 6 13 -1 -2
1 6 13 -1 1 5 -1 10 11 -1 -2
11 13 -1 3 8 12 13 -1 10 15 16 -1 -2
2 -1 4 7 13 15 -1 10 -1 -2
13 -1 4 13 15 -1 14 -1 -2
1 -1 3 4 9 13 -1 6 8 11 13 -1 -2
4 8 -1 3 15 16 -1 6 12 -1 -2
3 9 -1 10 -1 3 12 13 -1 -2
5 9 -1 1 7 -1 7 12 -1 -2
7 16 -1 13 15 -1 5 7 -1 -2
6 12 13 -1 8 -1 2 6 14 16 -1 -2
4 10 13 -1 9 11 -1 1 -1 -2
6 10 11 -1 5 6 8 10 -1 16 -1 -2
1 3 4 9 -1 5 -1 1 6 7 14 -1 -2
2 4 15 16 -1 3 5 9 13 -1 2 7 8 11 -1 -2
6 -1 1 -1 3 4 -1 -2
1 13 14 -1 10 -1 1 5 11 14 -1 -2
8 -1 7 9 13 15 -1 9 13 15 16 -1 -2
2 4 11 -1 1 2 10 -1 9 -1 -2
8 -1 9 11 12 16 -1 1 10 14 -1 -2
13 -1 1 9 14 -1 6 13 15 -1 -2
3 4 6 10 -1 4 8 11 16 -1 4 8 10 16 -1 -2
3 4 6 9 -1 9 15 16 -1 1 5 -1 -2
13 -1 6 8 -1 14 -1 -2
10 12 15 -1 7 8 -1 5 9 14 15 -1 -2
3 15 16 -1 13 -1 3 -1 -2
4 12 -1 6 -1 2 3 8 13 -1 -2
8 9 10 15 -1 5 9 -1 10 13 14 -1 -2
2 13 15 -1 7 13 16 -1 5 8 11 14 -1 -2
3 10 -1 4 11 14 -1 3 14 -1 -2
3 8 16 -1 4 6 -1 1 14 -1 -2
3 7 9 12 -1 1 15 16 -1 1 8 10 16 -1 -2
4 9 -1 10 -1 1 3 14 -1 -2
10 -1 7 8 13 16 -1 1 5 9 11 -1 -2
14 -1 4 5 -1 11 12 -1 -2
2 3 8 11 -1 2 3 15 16 -1 5 9 10 13 -1 -2
1 10 -1 9 -1 4 5 10 11 -1 -2
1 9 10 12 -1 3 9 12 14 -1 2 4 12 16 -1 -2
12 -1 2 11 -1 3 6 10 -1 -2
1 9 -1 4 7 12 15 -1 1 14 16 -1 -2
1 5 9 16 -1 4 7 9 11 -1 14 -1 -2
12 -1 9 11 15 -1 1 6 7 14 -1 -2
4 5 13 16 -1 7 -1 4 6 7 -1 -2
9 -1 14 -1 13 -1 -2
5 -1 1 14 -1 5 6 16 -1 -2
5 8 12 -1 2 6 8 10 -1 9 -1 -2
4 -1 1 3 -1 1 5 14 16 -1 -2
1 4 11 16 -1 5 7 11 13 -1 2 6 8 -1 -2
4 6 11 13 -1 1 3 12 -1 2 10 12 14 -1 -2
4 5 9 15 -1 1 5 6 7 -1 13 -1 -2
8 12 14 16 -1 1 10 11 13 -1 2 6 -1 -2
13 -1 3 11 13 16 -1 3 -1 -2
3 4 13 15 -1 15 -1 1 3 8 15 -1 -2
2 8 9 13 -1 5 13 -1 9 13 -1 -2
13 -1 4 13 -1 7 11 -1 -2
3 8 -1 4 6 12 15 -1 11 16 -1 -2
1 15 -1 6 9 -1 2 15 -1 -2
1 2 16 -1 6 15 16 -1 6 10 -1 -2
3 -1 6 -1 16 -1 -2
8 -1 7 11 15 -1 10 -1 -2
10 14 -1 1 6 13 16 -1 15 -1 -2
1 5 10 -1 3 8 10 12 -1 8 13 -1 -2
16 -1 10 -1 3 4 11 -1 -2
4 6 -1 2 6 11 15 -1 11 -1 -2
9 14 -1 6 12 15 -1 1 6 -1 -2
4 -1 3 8 9 12 -1 1 -1 -2
1 3 4 10 -1 2 12 -1 5 15 -1 -2
13 -1 2 4 13 15 -1 5 7 14 16 -1 -2
5 -1 13 -1 10 11 -1 -2
4 -1 8 14 -1 6 -1 -2
6 9 -1 10 13 -1 5 15 -1 -2
1 8 11 14 -1 9 13 14 15 -1 5 -1 -2
2 4 6 9 -1 3 -1 3 5 7 16 -1 -2
5 11 12 15 -1 1 12 13 -1 5 8 14 15 -1 -2
1 6 8 12 -1 11 -1 3 5 7 -1 -2
3 10 16 -1 14 -1 1 3 11 13 -1 -2
14 -1 10 -1 3 10 14 15 -1 -2
3 11 15 -1 15 -1 4 12 -1 -2
5 -1 7 8 14 -1 4 7 15 -1 -2
8 12 -1 9 14 -1 1 10 15 16 -1 -2
1 9 -1 10 -1 2 8 14 16 -1 -2
5 15 -1 9 10 14 -1 1 2 12 13 -1 -2
4 9 11 13 -1 1 5 7 13 -1 5 7 13 15 -1 -2
1 13 14 -1 3 5 13 16 -1 1 2 6 13 -1 -2
1 -1 1 13 -1 1 4 -1 -2
1 2 -1 15 -1 16 -1 -2
9 14 15 -1 3 -1 11 12 -1 -2
5 9 10 16 -1 2 7 16 -1 1 9 -1 -2
3 9 11 -1 1 2 4 10 -1 11 14 -1 -2
7 9 11 -1 1 3 16 -1 2 12 -1 -2
1 2 15 -1 3 9 -1 6 7 10 14 -1 -2
4 5 10 14 -1 5 12 13 -1 2 16 -1 -2
5 -1 4 8 12 14 -1 1 -1 -2
12 -1 2 4 8 -1 15 -1 -2
13 -1 8 16 -1 1 4 5 -1 -2
7 12 -1 8 -1 1 5 8 15 -1 -2
6 8 -1 9 -1 1 10 11 -1 -2
2 12 -1 5 -1 3 16 -1 -2
5 -1 1 5 6 14 -1 9 -1 -2
6 14 -1 7 10 11 15 -1 11 -1 -2
3 4 5 8 -1 4 9 -1 7 10 14 16 -1 -2
1 10 15 -1 2 -1 3 15 -1 -2
6 7 13 -1 5 8 -1 6 -1 -2
11 16 -1 10 -1 8 13 -1 -2
1 12 -1 5 -1 5 9 12 14 -1 -2
2 5 10 14 -1 1 11 -1 13 -1 -2
5 6 12 13 -1 14 16 -1 4 -1 -2
5 12 -1 7 -1 1 5 -1 -2
10 -1 3 5 7 15 -1 13 -1 -2
7 -1 1 12 -1 1 2 -1 -2
1 6 14 -1 6 8 9 16 -1 3 5 -1 -2
2 11 -1 7 8 16 -1 2 3 4 5 -1 -2
7 -1 1 10 13 -1 6 16 -1 -2
7 8 15 -1 3 8 -1 2 -1 -2
1 6 -1 3 -1 2 -1 -2
4 8 11 12 -1 3 10 11 12 -1 2 6 -1 -2
1 3 13 -1 1 11 13 -1 1 16 -1 -2
3 4 16 -1 3 11 13 15 -1 5 10 -1 -2
9 16 -1 3 4 5 11 -1 7 8 10 15 -1 -2
7 -1 2 3 14 -1 2 5 6 14 -1 -2
1 2 5 7 -1 9 11 16 -1 10 13 -1 -2
2 9 -1 1 10 11 -1 3 10 11 -1 -2
4 9 10 16 -1 7 -1 8 9 10 -1 -2
5 14 -1 2 4 10 16 -1 14 -1 -2
13 15 -1 3 14 -1 2 8 15 16 -1 -2
3 -1 7 10 15 -1 1 2 7 12 -1 -2
4 13 -1 8 10 -1 1 7 14 -1 -2
7 -1 3 -1 4 -1 -2
2 12 -1 2 -1 5 15 -1 -2
7 16 -1 12 -1 1 -1 -2
2 11 15 16 -1 2 6 15 -1 3 5 11 14 -1 -2
2 3 8 14 -1 14 -1 12 -1 -2
8 10 13 14 -1 1 3 4 12 -1 9 14 16 -1 -2
2 7 -1 11 -1 2 7 -1 -2
13 -1 1 4 9 -1 1 8 -1 -2
3 7 8 -1 16 -1 15 -1 -2
1 2 13 -1 10 -1 3 15 -1 -2
9 -1 1 8 14 16 -1 7 12 -1 -2
6 12 13 -1 5 -1 3 5 9 16 -1 -2
3 14 -1 2 16 -1 2 8 11 -1 -2
15 -1 9 -1 3 5 -1 -2
8 10 16 -1 7 -1 13 16 -1 -2
11 12 -1 7 9 14 16 -1 2 7 8 11 -1 -2
6 7 12 -1 3 8 10 15 -1 14 -1 -2
2 13 14 -1 13 -1 3 4 11 -1 -2
13 -1 11 -1 2 5 12 16 -1 -2
1 10 12 14 -1 1 -1 3 4 7 11 -1 -2
1 3 4 13 -1 5 6 -1 6 13 -1 -2
4 6 10 -1 1 16 -1 2 -1 -2
12 -1 4 -1 9 14 15 16 -1 -2
1 6 10 -1 5 7 11 13 -1 1 3 4 -1 -2
12 -1 2 15 -1 3 9 13 -1 -2
11 -1 4 6 8 12 -1 9 -1 -2
2 12 -1 4 6 12 -1 4 5 13 -1 -2
8 9 14 -1 5 -1 1 5 16 -1 -2
4 6 7 9 -1 8 9 12 13 -1 14 -1 -2
9 11 15 -1 1 3 8 12 -1 8 9 10 -1 -2
5 6 12 14 -1 4 6 8 -1 7 8 11 15 -1 -2
7 16 -1 8 11 14 -1 2 5 14 16 -1 -2
1 4 12 13 -1 3 7 -1 10 11 -1 -2
9 -1 14 15 -1 7 10 16 -1 -2
14 16 -1 5 6 13 14 -1 1 4 -1 -2
7 -1 8 9 -1 4 7 15 -1 -2
4 11 -1 12 -1 1 4 10 -1 -2
7 15 -1 7 -1 5 12 13 -1 -2
3 8 11 16 -1 6 8 11 -1 1 9 10 14 -1 -2
11 -1 8 10 -1 15 -1 -2
6 -1 6 8 13 -1 2 4 11 -1 -2
4 10 13 -1 6 -1 2 10 -1 -2
3 -1 4 5 -1 10 14 15 -1 -2
1 6 -1 9 -1 14 -1 -2
2 8 12 16 -1 4 10 11 12 -1 11 -1 -2
1 7 11 13 -1 4 -1 10 16 -1 -2
11 12 13 16 -1 7 14 -1 1 -1 -2
3 6 13 -1 3 4 11 14 -1 7 11 15 -1 -2
4 11 -1 3 4 12 -1 1 11 -1 -2
3 5 -1 14 -1 2 11 -1 -2
1 6 15 -1 4 13 -1 5 -1 -2
9 11 13 -1 1 -1 1 2 13 15 -1 -2
1 12 15 -1 1 4 12 14 -1 4 6 -1 -2
1 14 -1 11 -1 2 6 13 -1 -2
1 6 14 -1 7 -1 8 11 15 -1 -2
10 -1 3 16 -1 4 7 12 -1 -2
2 -1 4 -1 1 14 -1 -2
1 8 -1 1 10 -1 8 -1 -2
11 14 16 -1 10 12 13 14 -1 1 6 7 11 -1 -2
4 7 9 14 -1 2 7 16 -1 9 13 16 -1 -2
3 -1 1 2 5 -1 12 14 -1 -2
16 -1 8 9 14 -1 2 -1 -2
11 13 -1 4 5 16 -1 2 -1 -2
7 11 15 16 -1 3 8 9 10 -1 2 6 -1 -2
6 -1 3 -1 13 16 -1 -2
11 -1 3 5 8 16 -1 16 -1 -2
5 6 13 -1 11 -1 5 7 12 -1 -2
1 -1 14 -1 4 -1 -2
1 4 10 16 -1 4 16 -1 5 11 15 -1 -2
14 -1 3 5 12 14 -1 4 8 -1 -2
3 4 -1 1 8 12 -1 1 12 15 -1 -2
6 12 -1 1 12 13 16 -1 4 6 8 10 -1 -2
6 -1 7 -1 3 12 -1 -2
10 -1 2 8 14 -1 1 4 6 -1 -2
10 14 16 -1 16 -1 6 7 8 11 -1 -2
5 10 -1 8 -1 9 11 15 16 -1 -2
13 -1 1 8 9 -1 14 -1 -2
9 -1 8 -1 5 8 12 16 -1 -2
7 13 -1 2 5 11 -1 6 10 13 14 -1 -2
5 6 -1 1 8 11 14 -1 5 11 15 -1 -2
13 -1 3 8 10 13 -1 4 8 14 -1 -2
4 6 7 -1 3 5 -1 5 12 15 -1 -2
1 6 11 -1 16 -1 8 16 -1 -2
1 5 -1 12 14 15 -1 8 13 14 -1 -2
2 6 7 15 -1 4 -1 8 9 13 -1 -2
1 4 10 -1 5 14 -1 15 -1 -2
1 3 6 16 -1 12 -1 16 -1 -2
5 15 -1 1 4 11 15 -1 3 -1 -2
11 16 -1 7 11 15 -1 2 5 11 13 -1 -2
2 3 6 10 -1 6 12 15 -1 11 12 13 14 -1 -2
4 11 15 -1 4 11 -1 1 7 9 -1 -2
13 -1 4 -1 2 15 16 -1 -2
7 15 -1 6 12 -1 5 11 -1 -2
4 5 10 14 -1 6 14 15 -1 2 8 11 -1 -2
3 11 -1 3 6 9 14 -1 4 7 12 14 -1 -2
4 5 7 10 -1 4 5 14 15 -1 3 9 13 -1 -2
10 -1 4 11 -1 7 -1 -2
7 -1 8 -1 9 -1 -2
9 10 14 -1 1 13 15 -1 6 12 -1 -2
12 13 14 16 -1 6 -1 1 2 15 -1 -2
10 -1 14 -1 1 16 -1 -2
1 4 8 9 -1 1 2 9 -1 12 15 -1 -2
15 -1 1 8 14 -1 8 10 14 -1 -2
4 12 -1 4 7 9 11 -1 6 13 -1 -2
1 8 16 -1 8 11 12 -1 5 10 16 -1 -2
8 11 -1 3 4 5 7 -1 5 6 8 -1 -2
5 10 15 -1 16 -1 1 9 15 16 -1 -2
7 14 -1 2 -1 4 9 10 -1 -2
3 4 5 14 -1 1 2 5 -1 12 -1 -2
2 3 7 14 -1 3 13 -1 5 7 11 -1 -2
5 13 -1 1 8 -1 4 10 -1 -2
2 4 6 15 -1 10 -1 3 11 -1 -2
1 -1 2 4 5 16 -1 4 9 16 -1 -2
1 4 9 10 -1 1 -1 6 8 11 -1 -2
2 -1 1 6 8 13 -1 3 7 11 -1 -2
8 12 15 16 -1 2 3 12 15 -1 7 10 -1 -2
4 -1 8 9 -1 2 5 7 9 -1 -2
16 -1 2 -1 9 11 -1 -2
5 10 15 -1 2 8 -1 1 4 5 13 -1 -2
10 -1 14 15 -1 1 3 12 15 -1 -2
9 10 11 14 -1 1 3 8 16 -1 2 10 15 -1 -2
13 15 16 -1 3 11 -1 3 5 7 -1 -2
2 8 -1 12 -1 1 7 15 -1 -2
6 -1 2 4 7 11 -1 1 10 -1 -2
16 -1 12 -1 3 4 8 15 -1 -2
12 -1 9 -1 4 -1 -2
1 6 -1 5 -1 6 16 -1 -2
3 4 11 13 -1 16 -1 3 4 -1 -2
5 16 -1 1 2 12 -1 5 16 -1 -2
7 8 10 -1 10 -1 10 15 16 -1 -2
7 -1 9 13 -1 2 3 13 15 -1 -2
8 -1 2 4 13 -1 12 -1 -2
1 4 8 -1 1 3 14 -1 14 16 -1 -2
6 -1 7 -1 2 14 -1 -2
8 -1 5 6 13 -1 1 12 -1 -2
2 4 -1 2 12 16 -1 9 10 11 -1 -2
1 7 -1 3 7 8 14 -1 2 11 14 16 -1 -2
1 4 5 14 -1 9 -1 4 -1 -2
1 10 13 15 -1 10 -1 4 7 -1 -2
2 11 15 16 -1 2 -1 2 3 5 14 -1 -2
12 14 -1 8 15 -1 5 11 13 16 -1 -2
2 11 12 16 -1 7 9 10 11 -1 16 -1 -2
6 15 -1 10 11 -1 1 2 3 8 -1 -2
11 -1 3 5 6 -1 9 16 -1 -2
9 14 -1 6 15 -1 10 14 -1 -2
16 -1 7 12 14 -1 5 12 16 -1 -2
3 6 10 11 -1 1 7 15 16 -1 10 -1 -2
1 -1 11 13 -1 2 3 5 -1 -2
6 10 13 -1 7 -1 2 4 9 -1 -2
4 9 11 15 -1 8 -1 13 14 -1 -2
7 11 -1 7 10 -1 5 8 12 16 -1 -2
3 -1 7 9 10 11 -1 1 -1 -2
16 -1 5 9 14 15 -1 10 11 15 -1 -2
1 4 16 -1 2 4 7 8 -1 4 11 15 -1 -2
12 -1 6 11 15 -1 10 16 -1 -2
10 -1 4 6 7 13 -1 1 6 7 16 -1 -2
7 10 11 15 -1 1 -1 1 2 4 13 -1 -2
1 9 12 16 -1 12 14 -1 9 11 16 -1 -2
2 7 8 -1 6 11 -1 13 -1 -2
2 4 -1 2 10 12 -1 3 12 -1 -2
2 -1 10 -1 3 8 11 -1 -2
16 -1 1 5 6 15 -1 1 6 13 -1 -2
2 11 14 -1 12 15 -1 2 6 15 -1 -2
12 14 15 -1 3 9 10 -1 1 8 14 15 -1 -2
1 2 7 10 -1 10 11 13 15 -1 1 2 6 9 -1 -2
3 -1 5 -1 13 16 -1 -2
6 12 -1 3 10 12 15 -1 1 8 11 16 -1 -2
8 11 12 16 -1 1 13 14 -1 2 9 16 -1 -2
12 -1 11 -1 3 8 15 -1 -2
3 6 7 13 -1 2 3 12 -1 9 11 15 16 -1 -2
1 2 14 15 -1 5 -1 3 6 14 16 -1 -2
5 9 10 16 -1 3 -1 16 -1 -2
4 5 8 15 -1 1 4 -1 10 -1 -2
5 12 -1 3 5 9 -1 12 -1 -2
7 10 -1 1 3 6 15 -1 5 -1 -2
2 10 14 -1 14 16 -1 7 8 15 -1 -2
6 7 12 15 -1 3 14 -1 9 15 16 -1 -2
2 6 15 -1 6 -1 5 -1 -2
9 -1 6 13 -1 3 9 12 15 -1 -2
3 13 -1 1 5 7 11 -1 2 12 -1 -2
7 14 15 -1 1 3 6 16 -1 6 -1 -2
6 8 11 12 -1 6 8 11 -1 1 3 -1 -2
3 5 9 -1 4 12 -1 3 5 10 -1 -2
7 9 -1 6 10 -1 4 13 15 -1 -2
7 9 10 12 -1 7 8 10 16 -1 11 -1 -2
5 12 14 15 -1 1 7 8 11 -1 4 6 12 14 -1 -2
2 5 6 13 -1 15 -1 1 9 14 -1 -2
2 3 4 -1 2 5 7 15 -1 7 10 16 -1 -2
12 -1 2 9 11 15 -1 6 15 -1 -2
3 8 -1 13 -1 8 -1 -2
2 9 -1 3 10 11 14 -1 3 12 14 -1 -2
13 -1 2 8 13 16 -1 2 5 6 9 -1 -2
1 3 -1 8 9 14 -1 1 13 -1 -2
13 -1 16 -1 4 9 15 -1 -2
2 6 7 -1 2 11 12 -1 1 5 6 -1 -2
1 12 -1 6 -1 9 -1 -2
4 11 -1 2 4 11 -1 4 8 9 13 -1 -2
11 -1 5 16 -1 3 9 -1 -2
5 10 -1 1 4 -1 1 11 13 14 -1 -2
2 4 7 14 -1 1 8 11 13 -1 1 12 -1 -2
3 7 9 16 -1 7 -1 2 6 -1 -2
8 -1 5 7 15 -1 2 3 7 -1 -2
14 -1 13 -1 8 14 -1 -2
9 -1 1 8 12 13 -1 1 4 6 7 -1 -2
13 14 -1 12 -1 4 8 -1 -2
3 6 10 -1 6 13 -1 9 13 -1 -2
5 12 -1 5 12 13 -1 11 -1 -2
6 -1 4 -1 2 5 -1 -2
1 5 12 14 -1 10 -1 8 9 -1 -2
8 9 -1 3 8 9 -1 1 5 9 12 -1 -2
2 4 8 16 -1 1 11 13 -1 2 5 10 -1 -2
4 -1 5 7 11 15 -1 3 15 -1 -2
8 10 14 15 -1 16 -1 9 15 -1 -2
3 5 6 15 -1 1 4 5 12 -1 5 -1 -2
3 10 13 -1 1 -1 2 4 11 14 -1 -2
5 7 12 -1 2 6 8 -1 1 4 -1 -2
5 10 16 -1 4 14 -1 1 5 9 13 -1 -2
1 12 -1 1 4 11 -1 7 14 -1 -2
4 7 12 -1 6 7 10 12 -1 5 7 -1 -2
1 15 -1 6 9 16 -1 4 5 8 11 -1 -2
3 8 15 -1 12 16 -1 2 3 14 -1 -2
3 13 14 -1 3 4 7 8 -1 15 -1 -2
8 -1 11 -1 4 5 -1 -2
1 4 10 15 -1 9 11 14 15 -1 10 -1 -2
5 7 13 -1 10 -1 6 8 9 -1 -2
3 11 12 15 -1 10 -1 5 7 13 -1 -2
4 6 -1 10 -1 6 7 10 15 -1 -2
3 13 14 15 -1 7 9 10 -1 11 12 13 15 -1 -2
2 5 12 -1 1 7 -1 5 6 8 9 -1 -2
10 11 -1 5 9 14 16 -1 2 -1 -2
4 8 13 -1 2 5 7 15 -1 5 6 7 8 -1 -2
7 10 12 14 -1 2 10 11 14 -1 1 -1 -2
6 12 15 -1 7 9 15 -1 7 9 10 -1 -2
3 16 -1 7 11 -1 16 -1 -2
1 5 7 -1 2 10 -1 3 7 11 -1 -2
3 6 7 13 -1 13 14 -1 7 9 10 -1 -2
6 14 15 -1 4 7 9 -1 1 10 16 -1 -2
5 -1 11 14 16 -1 6 -1 -2
15 -1 2 6 9 16 -1 3 10 14 16 -1 -2
5 6 7 11 -1 9 11 -1 2 11 -1 -2
4 16 -1 13 -1 14 16 -1 -2
5 7 12 -1 4 -1 2 11 12 13 -1 -2
4 9 14 -1 10 11 -1 3 7 13 16 -1 -2
3 -1 1 12 -1 1 15 -1 -2
11 -1 1 10 12 14 -1 12 -1 -2
6 -1 3 7 16 -1 3 4 -1 -2
5 8 -1 6 10 -1 2 7 9 -1 -2
12 13 14 -1 6 9 12 15 -1 2 5 11 -1 -2
8 13 -1 3 8 10 -1 14 -1 -2
1 7 15 -1 2 3 4 6 -1 1 3 8 15 -1 -2
14 -1 3 12 13 16 -1 1 4 10 -1 -2
15 16 -1 3 4 9 13 -1 1 11 16 -1 -2
1 8 13 -1 7 11 15 -1 1 3 -1 -2
11 15 -1 1 2 12 13 -1 3 11 -1 -2
2 5 9 -1 7 -1 4 -1 -2
1 -1 5 6 9 -1 6 9 14 15 -1 -2
9 -1 4 5 6 11 -1 6 13 16 -1 -2
2 3 -1 2 11 -1 2 4 -1 -2
8 14 16 -1 5 10 13 15 -1 4 5 -1 -2
1 6 8 -1 5 9 -1 5 16 -1 -2
3 12 16 -1 13 -1 13 16 -1 -2
8 12 -1 10 13 -1 7 9 10 15 -1 -2
8 13 -1 7 -1 5 -1 -2
3 12 13 -1 4 5 -1 2 9 10 -1 -2
3 7 13 -1 10 -1 6 -1 -2
3 5 8 16 -1 8 14 -1 10 14 15 -1 -2
10 -1 9 14 15 -1 4 -1 -2
7 -1 2 4 10 -1 1 6 7 10 -1 -2
9 -1 12 15 -1 4 -1 -2
3 6 14 16 -1 16 -1 8 12 15 -1 -2
8 -1 5 8 9 16 -1 4 9 -1 -2
1 12 15 -1 3 -1 2 10 16 -1 -2
13 -1 2 5 -1 8 -1 -2
2 3 5 12 -1 5 6 10 15 -1 2 8 12 13 -1 -2
2 15 -1 1 3 4 9 -1 2 10 -1 -2
16 -1 9 11 -1 11 16 -1 -2
8 15 16 -1 3 8 16 -1 6 10 16 -1 -2
4 10 14 -1 1 9 -1 13 -1 -2
10 -1 4 -1 5 -1 -2
5 6 8 13 -1 1 7 9 -1 1 8 16 -1 -2
8 10 -1 3 -1 10 15 -1 -2
2 7 -1 2 8 10 -1 8 14 16 -1 -2
5 6 8 13 -1 2 6 14 -1 10 -1 -2
4 -1 9 12 13 -1 13 -1 -2
7 -1 4 6 16 -1 5 6 7 -1 -2
1 7 9 14 -1 5 -1 2 3 12 16 -1 -2
3 9 -1 3 9 11 -1 3 5 12 13 -1 -2
8 -1 2 -1 7 9 12 16 -1 -2
13 14 -1 1 14 -1 1 -1 -2
13 -1 3 4 9 11 -1 7 9 12 16 -1 -2
8 10 -1 3 4 -1 7 8 13 -1 -2
5 10 -1 3 6 13 14 -1 1 6 13 -1 -2
7 8 11 -1 4 12 -1 10 -1 -2
2 4 6 13 -1 5 14 15 -1 5 16 -1 -2
6 7 8 15 -1 5 9 -1 9 -1 -2
4 7 16 -1 5 6 -1 2 3 4 -1 -2
8 13 -1 4 8 14 -1 10 14 -1 -2
6 14 16 -1 11 16 -1 2 4 11 -1 -2
5 15 16 -1 6 7 9 -1 12 -1 -2
1 3 8 -1 1 11 12 16 -1 3 7 -1 -2
6 11 13 16 -1 6 7 8 -1 5 10 12 16 -1 -2
9 10 -1 1 10 12 15 -1 6 -1 -2
2 6 15 -1 2 -1 2 -1 -2
1 -1 1 12 -1 2 14 15 -1 -2
3 7 8 12 -1 3 -1 12 13 -1 -2
5 8 9 11 -1 2 5 9 13 -1 6 -1 -2
12 -1 6 8 15 -1 2 10 16 -1 -2
7 14 -1 1 2 14 -1 1 14 -1 -2
3 -1 1 7 14 -1 1 9 15 -1 -2
1 14 -1 10 12 -1 15 16 -1 -2
9 12 -1 15 16 -1 6 8 13 14 -1 -2
3 -1 11 13 -1 1 8 9 11 -1 -2
1 2 13 16 -1 4 8 15 16 -1 1 15 -1 -2
6 9 12 15 -1 3 5 14 -1 7 -1 -2
1 7 11 -1 5 11 12 -1 3 6 16 -1 -2
7 -1 2 6 7 -1 3 4 12 -1 -2
1 -1 3 10 16 -1 1 8 14 15 -1 -2
7 -1 10 13 -1 1 3 12 -1 -2
6 -1 2 14 16 -1 4 -1 -2
9 15 -1 4 7 11 16 -1 1 4 7 9 -1 -2
2 13 14 -1 12 -1 11 16 -1 -2
4 12 -1 1 5 13 14 -1 15 -1 -2
6 16 -1 1 9 -1 5 -1 -2
2 -1 4 8 12 -1 2 6 16 -1 -2
2 -1 1 -1 2 4 10 -1 -2
6 8 16 -1 10 12 14 -1 15 -1 -2
9 -1 11 14 -1 1 -1 -2
2 8 -1 7 14 -1 2 13 16 -1 -2
2 8 9 12 -1 2 4 6 7 -1 2 3 7 16 -1 -2
5 -1 7 -1 5 6 -1 -2
1 7 16 -1 2 3 8 12 -1 4 12 -1 -2
7 -1 2 7 10 -1 8 9 14 -1 -2
8 -1 8 11 -1 3 4 5 8 -1 -2
2 8 12 -1 4 5 11 -1 7 9 -1 -2
11 12 -1 4 10 14 -1 1 11 15 -1 -2
2 8 10 -1 5 -1 6 7 16 -1 -2
5 8 -1 2 5 7 9 -1 10 15 -1 -2
4 6 -1 3 -1 2 -1 -2
8 15 -1 7 -1 6 10 -1 -2
1 12 16 -1 12 -1 7 13 -1 -2
6 8 9 -1 12 -1 15 -1 -2
10 -1 8 15 -1 1 16 -1 -2
2 4 10 15 -1 9 -1 2 9 10 -1 -2
1 10 14 -1 3 6 8 15 -1 5 7 8 12 -1 -2
7 -1 1 -1 2 5 6 -1 -2
4 7 8 11 -1 1 4 12 16 -1 8 10 12 16 -1 -2
5 8 11 12 -1 7 9 15 -1 3 6 8 16 -1 -2
6 8 -1 10 -1 13 -1 -2
8 11 -1 8 10 16 -1 6 -1 -2
4 5 7 8 -1 6 -1 5 15 -1 -2
8 -1 2 6 9 -1 12 13 14 15 -1 -2
5 10 13 15 -1 1 2 13 -1 6 -1 -2
4 6 -1 4 8 13 14 -1 7 10 11 -1 -2
6 8 9 12 -1 8 -1 15 -1 -2
7 8 10 -1 9 13 -1 10 11 -1 -2
4 5 -1 16 -1 6 8 -1 -2
1 8 -1 1 5 -1 8 -1 -2
5 11 -1 5 11 12 -1 6 8 11 -1 -2
12 -1 1 12 13 16 -1 8 10 12 14 -1 -2
1 10 -1 4 13 14 15 -1 4 10 11 -1 -2
1 2 7 8 -1 15 16 -1 14 -1 -2
5 6 7 12 -1 4 10 12 16 -1 11 15 16 -1 -2
2 6 10 16 -1 2 7 11 -1 3 10 11 14 -1 -2
9 15 16 -1 8 -1 12 14 -1 -2
13 -1 2 6 -1 1 2 3 -1 -2
1 5 11 15 -1 6 -1 9 13 14 -1 -2
1 8 9 -1 5 12 -1 8 -1 -2
6 -1 11 16 -1 1 8 -1 -2
2 9 -1 5 14 16 -1 2 6 7 8 -1 -2
7 8 11 16 -1 9 -1 1 5 11 14 -1 -2
3 11 15 -1 1 13 14 16 -1 6 9 12 -1 -2
5 6 16 -1 5 11 13 -1 4 5 7 10 -1 -2
3 5 9 15 -1 4 6 14 -1 1 6 15 -1 -2
3 7 13 14 -1 5 -1 11 15 -1 -2
4 10 16 -1 7 8 12 13 -1 2 9 -1 -2
12 -1 1 6 11 -1 2 4 -1 -2
15 -1 2 4 5 10 -1 9 -1 -2
2 13 -1 1 10 12 -1 1 2 12 14 -1 -2
7 -1 11 14 -1 7 -1 -2
6 9 -1 2 3 16 -1 1 8 -1 -2
1 5 -1 8 10 11 -1 6 11 13 -1 -2
3 -1 2 6 -1 12 14 -1 -2
6 13 14 -1 5 -1 12 -1 -2
9 12 13 16 -1 13 14 -1 4 10 -1 -2
3 4 11 14 -1 8 14 -1 7 9 -1 -2
3 5 7 8 -1 2 6 13 14 -1 8 -1 -2
2 8 10 15 -1 6 7 14 -1 2 3 -1 -2
2 11 12 16 -1 4 7 15 -1 7 8 16 -1 -2
1 -1 11 -1 4 7 11 16 -1 -2
5 9 10 -1 4 14 -1 5 14 16 -1 -2
9 13 14 16 -1 1 9 -1 7 9 16 -1 -2
5 11 -1 8 10 16 -1 1 -1 -2
3 6 -1 4 6 9 10 -1 5 11 -1 -2
6 7 13 16 -1 9 -1 7 11 -1 -2
11 16 -1 8 15 -1 1 9 10 -1 -2
16 -1 8 13 16 -1 1 4 -1 -2
2 13 -1 1 11 16 -1 8 9 11 13 -1 -2
3 14 15 -1 5 -1 4 9 15 -1 -2
9 10 -1 2 5 -1 2 4 11 -1 -2
7 12 13 -1 1 4 14 -1 1 4 6 16 -1 -2
6 9 -1 3 7 15 -1 4 5 12 13 -1 -2
10 -1 6 -1 5 10 14 16 -1 -2
5 6 7 -1 2 5 10 -1 2 3 13 15 -1 -2
4 -1 1 4 13 -1 4 7 8 -1 -2
6 11 12 13 -1 2 9 13 15 -1 2 -1 -2
1 3 9 12 -1 15 16 -1 3 4 6 12 -1 -2
1 7 10 -1 10 11 -1 4 -1 -2
15 -1 8 16 -1 16 -1 -2
10 11 16 -1 1 3 4 6 -1 1 2 15 -1 -2
9 -1 3 5 6 -1 1 7 11 13 -1 -2
7 10 -1 3 4 9 -1 8 11 12 13 -1 -2
6 11 -1 1 13 16 -1 8 -1 -2
7 -1 8 -1 9 15 -1 -2
6 7 12 16 -1 2 15 -1 4 9 -1 -2
1 4 11 14 -1 10 -1 6 -1 -2
14 -1 5 12 -1 8 -1 -2
1 10 -1 15 -1 12 -1 -2
4 5 -1 5 16 -1 6 11 13 -1 -2
2 5 13 -1 15 -1 1 13 15 -1 -2
3 -1 2 7 11 15 -1 4 16 -1 -2
5 -1 4 9 10 -1 10 15 -1 -2
5 7 -1 5 9 13 16 -1 8 10 -1 -2
2 6 8 -1 13 -1 3 6 16 -1 -2
8 13 15 -1 11 14 15 -1 3 7 12 13 -1 -2
2 6 -1 1 5 12 15 -1 4 -1 -2
5 10 11 -1 10 -1 5 6 -1 -2
7 -1 1 3 -1 9 15 -1 -2
11 -1 1 5 15 -1 6 14 16 -1 -2
6 10 12 -1 4 5 13 15 -1 9 10 -1 -2
5 10 -1 8 10 12 -1 2 7 8 -1 -2
4 7 16 -1 1 9 12 -1 9 15 -1 -2
7 9 11 -1 2 -1 2 12 -1 -2
13 14 -1 1 2 8 15 -1 1 7 14 -1 -2
11 -1 1 -1 6 14 -1 -2
7 11 12 -1 12 -1 13 -1 -2
16 -1 7 14 -1 1 3 10 16 -1 -2
2 5 14 -1 4 6 14 16 -1 3 7 12 15 -1 -2
2 15 -1 2 9 -1 6 8 -1 -2
2 12 15 16 -1 8 11 -1 8 -1 -2
2 11 -1 13 -1 7 16 -1 -2
1 6 9 -1 2 3 16 -1 13 15 -1 -2
8 9 14 -1 3 11 14 -1 14 -1 -2
2 3 6 7 -1 4 7 8 -1 3 4 5 7 -1 -2
7 -1 6 -1 2 6 9 10 -1 -2
1 3 12 13 -1 10 11 15 -1 5 6 15 -1 -2
11 -1 1 9 -1 10 14 -1 -2
4 11 -1 3 4 12 -1 2 7 8 -1 -2
4 7 -1 2 4 -1 2 7 12 13 -1 -2
8 10 15 -1 2 5 13 16 -1 2 3 7 -1 -2
5 9 12 15 -1 6 9 14 -1 4 -1 -2
5 13 -1 5 10 14 16 -1 2 6 11 12 -1 -2
1 3 7 14 -1 2 11 13 14 -1 2 10 -1 -2
1 -1 7 12 13 14 -1 2 3 11 12 -1 -2
1 6 -1 1 4 11 -1 2 15 -1 -2
12 -1 3 8 11 13 -1 10 15 -1 -2
6 8 12 16 -1 16 -1 1 2 4 11 -1 -2
5 -1 14 -1 1 8 11 15 -1 -2
8 14 -1 3 10 13 -1 2 6 7 -1 -2
1 3 6 13 -1 6 -1 1 9 -1 -2
4 10 12 -1 6 10 -1 2 3 5 14 -1 -2
13 14 16 -1 7 14 -1 10 11 12 -1 -2
1 7 9 -1 2 7 9 12 -1 3 11 12 16 -1 -2
13 14 -1 9 -1 4 10 12 -1 -2
8 13 -1 8 10 16 -1 6 12 13 16 -1 -2
3 7 13 14 -1 8 10 15 -1 3 11 15 -1 -2
3 7 -1 2 7 8 16 -1 2 11 15 -1 -2
1 4 12 15 -1 1 3 7 -1 7 -1 -2
13 -1 1 2 10 16 -1 5 10 16 -1 -2
3 8 9 15 -1 2 10 11 13 -1 1 11 12 13 -1 -2
6 -1 2 5 -1 3 14 -1 -2
3 4 7 -1 7 -1 13 15 16 -1 -2
3 8 13 -1 2 4 6 14 -1 3 14 16 -1 -2
2 -1 5 8 13 -1 10 -1 -2
2 3 5 -1 8 9 12 -1 2 3 6 11 -1 -2
8 9 -1 8 -1 2 -1 -2
4 6 8 -1 8 -1 5 7 -1 -2
8 11 -1 1 -1 6 -1 -2
6 8 11 -1 6 -1 12 -1 -2
4 6 8 13 -1 4 -1 2 13 -1 -2
5 10 13 -1 1 12 -1 2 13 14 -1 -2
6 11 -1 9 -1 7 -1 -2
1 6 14 -1 5 7 15 -1 5 7 -1 -2
4 -1 1 2 9 15 -1 2 7 -1 -2
6 9 -1 2 8 14 16 -1 5 9 -1 -2
4 7 8 -1 14 -1 7 13 16 -1 -2
7 12 -1 8 15 -1 6 7 13 -1 -2
4 9 14 16 -1 1 4 14 15 -1 6 7 12 16 -1 -2
5 15 -1 5 9 -1 1 7 15 16 -1 -2
2 9 11 13 -1 6 16 -1 7 12 -1 -2
7 -1 4 6 7 14 -1 8 16 -1 -2
1 5 12 15 -1 10 13 16 -1 1 6 14 16 -1 -2
3 15 16 -1 4 5 14 -1 3 7 9 15 -1 -2
7 9 12 14 -1 11 -1 3 5 9 16 -1 -2
7 16 -1 16 -1 1 13 -1 -2
10 12 16 -1 2 8 11 16 -1 1 6 12 16 -1 -2
4 11 16 -1 1 4 14 16 -1 6 9 10 -1 -2
2 6 11 -1 3 4 13 16 -1 7 -1 -2
3 15 -1 1 6 10 16 -1 3 4 6 12 -1 -2
3 6 -1 1 11 13 -1 2 -1 -2
3 8 11 15 -1 4 9 11 -1 12 -1 -2
1 4 6 15 -1 1 5 7 15 -1 3 11 12 13 -1 -2
3 6 8 13 -1 6 10 15 -1 1 2 3 6 -1 -2
4 6 13 -1 8 -1 4 7 8 11 -1 -2
6 7 15 -1 2 10 12 16 -1 4 8 10 16 -1 -2
6 10 15 -1 8 10 11 16 -1 3 -1 -2
7 -1 8 9 12 -1 14 -1 -2
3 12 13 14 -1 4 6 -1 6 12 -1 -2
8 10 15 -1 1 2 6 -1 6 16 -1 -2
3 6 -1 9 -1 4 7 11 -1 -2
3 11 12 -1 3 8 12 -1 2 5 10 15 -1 -2
3 9 -1 3 11 16 -1 9 15 -1 -2
3 10 11 16 -1 4 -1 1 4 16 -1 -2
2 5 6 8 -1 2 13 14 -1 4 5 -1 -2
13 -1 1 4 7 8 -1 1 3 13 -1 -2
8 13 -1 6 10 11 12 -1 10 13 -1 -2
4 -1 1 4 5 -1 9 -1 -2
1 9 14 15 -1 5 -1 1 11 12 -1 -2
3 7 9 12 -1 1 9 12 15 -1 6 9 16 -1 -2
4 -1 2 4 6 -1 9 11 16 -1 -2
1 10 15 -1 1 4 8 13 -1 2 8 14 -1 -2
3 -1 3 12 -1 6 -1 -2
6 -1 10 13 16 -1 12 -1 -2
2 9 10 12 -1 11 -1 1 15 -1 -2
3 5 15 16 -1 3 9 -1 12 15 -1 -2
11 12 15 -1 9 12 13 14 -1 4 10 16 -1 -2
6 13 15 -1 12 -1 2 5 -1 -2
1 6 11 -1 11 12 14 -1 1 11 -1 -2
3 12 14 -1 12 -1 2 6 13 -1 -2
3 5 6 -1 4 16 -1 9 16 -1 -2
2 -1 11 14 -1 10 -1 -2
4 12 -1 1 5 8 15 -1 8 -1 -2
4 5 13 -1 6 8 -1 8 15 -1 -2
10 11 14 -1 2 4 11 13 -1 8 12 16 -1 -2
1 3 4 15 -1 13 -1 9 -1 -2
1 11 -1 7 10 13 -1 5 6 -1 -2
8 9 12 14 -1 15 -1 6 9 12 -1 -2
4 7 12 -1 8 9 16 -1 12 -1 -2
1 4 -1 3 8 15 -1 10 -1 -2
11 12 15 -1 11 12 15 16 -1 7 -1 -2
5 14 16 -1 2 7 8 16 -1 5 -1 -2
1 5 15 -1 2 3 8 -1 16 -1 -2
6 -1 2 4 11 13 -1 4 15 16 -1 -2
13 14 -1 7 8 9 -1 2 4 7 -1 -2
3 8 10 12 -1 2 16 -1 3 9 13 15 -1 -2
2 7 12 -1 2 6 8 9 -1 2 9 13 -1 -2
10 11 12 -1 2 14 -1 8 11 15 16 -1 -2
9 11 13 15 -1 12 -1 5 10 13 16 -1 -2
4 6 16 -1 2 3 9 -1 5 14 -1 -2
5 8 10 12 -1 3 5 -1 16 -1 -2
7 14 -1 16 -1 3 14 15 -1 -2
13 14 -1 2 11 13 -1 3 12 13 15 -1 -2
1 6 16 -1 3 12 -1 5 6 13 -1 -2
8 10 16 -1 2 7 -1 9 -1 -2
9 12 14 -1 11 14 -1 6 11 -1 -2
9 14 -1 8 10 12 14 -1 13 -1 -2
4 -1 3 4 5 8 -1 6 10 15 -1 -2
13 -1 3 5 9 16 -1 4 7 12 -1 -2
15 -1 9 10 -1 6 11 12 16 -1 -2
1 2 7 -1 1 3 4 8 -1 11 15 16 -1 -2
1 9 14 16 -1 6 7 11 16 -1 8 -1 -2
4 5 14 -1 1 4 6 -1 10 -1 -2
4 5 -1 2 13 16 -1 11 -1 -2
7 9 10 -1 1 2 10 16 -1 9 -1 -2
6 15 -1 4 9 -1 1 3 5 -1 -2
1 9 -1 10 11 -1 2 7 11 15 -1 -2
4 6 7 8 -1 3 11 13 -1 1 6 9 14 -1 -2
4 8 13 15 -1 3 5 11 12 -1 2 -1 -2
11 -1 1 12 -1 2 8 11 15 -1 -2
16 -1 8 10 12 -1 1 4 6 15 -1 -2
7 10 -1 9 11 -1 1 4 -1 -2
1 6 7 12 -1 4 8 9 10 -1 3 5 9 -1 -2
1 13 -1 2 6 13 -1 1 13 15 -1 -2
11 -1 10 11 -1 1 3 5 10 -1 -2
6 -1 2 7 8 14 -1 2 10 13 14 -1 -2
9 10 -1 6 9 13 14 -1 2 3 -1 -2
2 7 9 12 -1 1 -1 4 5 8 11 -1 -2
11 -1 1 9 -1 2 -1 -2
2 12 13 -1 16 -1 1 9 14 -1 -2
6 -1 5 6 12 16 -1 2 10 13 -1 -2
6 10 11 -1 2 7 16 -1 4 8 12 15 -1 -2
2 -1 4 5 9 -1 4 14 -1 -2
1 -1 1 13 14 16 -1 2 3 13 16 -1 -2
7 8 -1 2 3 4 12 -1 1 6 -1 -2
10 13 15 -1 9 11 -1 1 8 16 -1 -2
1 5 11 -1 12 13 -1 9 16 -1 -2
3 7 15 16 -1 5 7 15 16 -1 9 -1 -2
2 4 7 -1 2 10 11 13 -1 5 10 14 -1 -2
9 11 -1 2 10 -1 4 12 14 15 -1 -2
2 3 -1 13 15 -1 9 -1 -2
14 -1 3 4 12 -1 6 9 -1 -2
3 16 -1 6 11 -1 2 16 -1 -2
2 11 -1 15 -1 1 15 16 -1 -2
3 12 -1 1 -1 7 12 16 -1 -2
9 11 16 -1 5 11 -1 9 10 14 -1 -2
8 -1 4 8 14 -1 3 6 8 -1 -2
2 3 4 -1 3 4 -1 4 10 -1 -2
2 3 9 16 -1 6 7 10 -1 8 14 -1 -2
6 8 11 14 -1 4 12 -1 1 -1 -2
13 15 -1 2 3 -1 1 4 13 -1 -2
10 12 -1 7 15 -1 2 3 9 12 -1 -2
9 -1 9 14 15 16 -1 2 3 14 16 -1 -2
6 -1 11 -1 1 3 11 -1 -2
10 -1 7 8 -1 1 2 11 15 -1 -2
1 4 13 -1 3 4 13 -1 11 -1 -2
5 -1 13 -1 3 7 9 -1 -2
2 6 10 15 -1 6 14 -1 1 7 8 16 -1 -2
10 12 15 16 -1 6 7 12 -1 3 8 -1 -2
4 5 12 14 -1 5 6 11 -1 1 -1 -2
4 5 6 16 -1 10 -1 6 8 13 16 -1 -2
1 3 4 14 -1 1 2 15 16 -1 1 9 11 15 -1 -2
9 16 -1 10 15 -1 1 11 13 -1 -2
4 7 12 13 -1 13 -1 8 -1 -2
2 8 11 12 -1 5 8 -1 2 4 9 13 -1 -2
4 5 6 13 -1 3 11 14 -1 1 15 -1 -2
5 6 10 12 -1 3 9 -1 11 -1 -2
5 -1 4 -1 3 7 -1 -2
1 14 -1 11 -1 10 12 -1 -2
10 11 14 16 -1 4 10 13 -1 3 8 12 -1 -2
7 14 -1 9 12 -1 12 15 -1 -2
9 10 15 16 -1 3 4 5 11 -1 1 7 -1 -2
7 14 15 -1 1 -1 5 -1 -2
1 5 12 -1 13 -1 4 5 16 -1 -2
11 13 15 -1 7 -1 4 8 -1 -2
6 16 -1 4 7 11 -1 4 10 11 13 -1 -2
5 11 16 -1 7 8 14 15 -1 11 13 -1 -2
9 -1 1 4 10 12 -1 4 6 12 16 -1 -2
1 4 10 13 -1 1 3 -1 4 14 16 -1 -2
3 9 11 16 -1 5 -1 3 6 11 13 -1 -2
2 12 16 -1 16 -1 8 13 14 -1 -2
3 10 11 -1 4 10 -1 16 -1 -2
3 -1 1 2 9 15 -1 2 3 -1 -2
1 7 10 11 -1 4 9 11 -1 2 5 -1 -2
16 -1 14 -1 5 6 7 9 -1 -2
1 3 6 10 -1 7 -1 7 8 -1 -2
9 14 -1 3 7 13 16 -1 5 11 -1 -2
4 5 12 15 -1 3 6 8 11 -1 12 -1 -2
3 7 16 -1 2 -1 3 9 -1 -2
1 12 -1 3 5 15 -1 5 6 7 11 -1 -2
8 9 -1 6 8 9 -1 5 16 -1 -2
1 3 6 11 -1 6 -1 9 -1 -2
2 11 14 15 -1 3 7 -1 4 10 -1 -2
4 -1 4 7 16 -1 10 11 -1 -2
4 6 9 14 -1 3 13 -1 4 5 11 -1 -2
9 10 14 -1 4 5 8 14 -1 3 6 14 15 -1 -2
6 12 14 -1 7 9 11 13 -1 2 14 15 -1 -2
2 3 12 -1 8 -1 12 -1 -2
1 3 -1 6 8 13 -1 7 14 15 -1 -2
11 14 16 -1 6 12 -1 1 3 12 15 -1 -2
2 8 14 -1 9 -1 3 10 -1 -2
1 11 -1 1 6 8 -1 4 5 12 13 -1 -2
2 8 10 12 -1 1 2 4 7 -1 1 2 10 12 -1 -2
14 -1 5 9 16 -1 11 12 -1 -2
4 5 10 -1 9 -1 14 -1 -2
9 13 -1 2 3 5 14 -1 2 3 16 -1 -2
4 8 11 16 -1 4 9 13 16 -1 7 16 -1 -2
1 7 11 13 -1 8 9 -1 1 -1 -2
2 7 12 -1 14 -1 1 9 10 12 -1 -2
9 14 -1 2 4 14 -1 2 6 10 15 -1 -2
11 16 -1 6 15 -1 6 9 10 13 -1 -2
14 -1 7 11 13 15 -1 3 15 -1 -2
2 9 -1 4 13 15 -1 4 5 11 -1 -2
9 11 15 16 -1 10 -1 1 3 7 -1 -2
1 8 -1 3 8 -1 8 13 -1 -2
1 4 5 -1 7 10 -1 1 3 9 -1 -2
10 -1 1 6 12 -1 1 4 9 15 -1 -2
13 15 16 -1 8 16 -1 5 13 -1 -2
14 -1 16 -1 10 -1 -2
4 6 8 -1 8 11 -1 13 -1 -2
14 -1 11 -1 1 9 11 -1 -2
4 -1 5 9 -1 8 9 10 -1 -2
1 12 -1 4 15 -1 2 12 15 -1 -2
7 11 -1 12 -1 2 5 16 -1 -2
13 -1 3 6 -1 2 7 9 16 -1 -2
8 12 13 -1 3 4 11 16 -1 9 15 16 -1 -2
6 12 -1 4 -1 2 5 7 12 -1 -2
4 5 15 -1 1 -1 3 5 7 -1 -2
5 -1 9 11 13 -1 4 -1 -2
8 12 13 -1 2 5 6 -1 1 2 7 -1 -2
6 -1 2 12 14 15 -1 7 13 16 -1 -2
6 -1 10 -1 7 -1 -2
1 8 9 10 -1 2 12 13 14 -1 7 13 14 16 -1 -2
13 14 -1 1 5 16 -1 13 16 -1 -2
10 15 -1 2 3 8 15 -1 1 2 -1 -2
3 5 9 13 -1 5 -1 8 -1 -2
2 13 16 -1 6 9 13 -1 1 9 -1 -2
1 11 -1 4 5 8 -1 7 11 16 -1 -2
2 5 10 12 -1 2 12 13 16 -1 1 3 5 7 -1 -2
4 6 11 15 -1 1 2 13 -1 6 -1 -2
3 13 -1 11 16 -1 2 4 6 8 -1 -2
15 -1 11 16 -1 6 15 16 -1 -2
8 11 16 -1 4 5 9 -1 1 6 8 15 -1 -2
5 7 13 14 -1 1 4 6 -1 1 6 9 -1 -2
7 8 10 12 -1 3 10 12 -1 2 11 13 14 -1 -2
7 10 11 -1 2 11 13 16 -1 10 13 -1 -2
2 6 16 -1 9 -1 3 -1 -2
5 10 16 -1 1 5 10 -1 3 4 16 -1 -2
5 11 13 -1 7 9 14 -1 8 -1 -2
10 -1 12 13 15 -1 9 -1 -2
3 5 7 10 -1 9 -1 4 9 13 -1 -2
11 -1 8 10 14 -1 1 2 10 13 -1 -2
4 5 14 16 -1 2 15 -1 11 -1 -2
2 11 -1 8 -1 8 9 -1 -2
1 15 16 -1 3 7 10 15 -1 3 -1 -2
6 -1 1 -1 3 4 7 16 -1 -2
14 -1 1 -1 8 10 12 -1 -2
10 14 16 -1 3 14 -1 1 6 13 15 -1 -2
5 -1 2 6 7 8 -1 1 -1 -2
12 13 -1 12 -1 7 -1 -2
7 12 -1 12 -1 1 4 9 -1 -2
1 5 7 16 -1 6 -1 3 8 15 -1 -2
1 -1 2 11 14 16 -1 12 -1 -2
10 12 14 16 -1 9 -1 2 -1 -2
6 13 -1 16 -1 5 9 13 16 -1 -2
5 8 -1 3 5 -1 2 -1 -2
2 6 16 -1 8 -1 8 11 15 16 -1 -2
6 7 10 -1 1 11 -1 5 12 13 -1 -2
3 7 8 -1 5 9 14 -1 6 11 12 13 -1 -2
1 -1 3 13 -1 2 5 14 -1 -2
2 4 11 16 -1 10 -1 13 16 -1 -2
3 4 -1 1 11 -1 3 8 10 14 -1 -2
2 -1 12 13 14 16 -1 8 10 -1 -2
9 12 13 -1 9 -1 1 14 -1 -2
8 14 15 -1 7 10 11 12 -1 2 13 16 -1 -2
6 14 -1 10 15 -1 6 -1 -2
8 13 16 -1 2 7 10 -1 3 4 5 15 -1 -2
11 15 -1 1 4 13 -1 1 6 7 10 -1 -2
1 13 -1 8 -1 4 5 6 -1 -2
2 5 7 11 -1 1 7 -1 4 6 8 12 -1 -2
6 16 -1 16 -1 2 3 5 -1 -2
6 8 10 -1 1 6 -1 7 14 -1 -2
1 2 5 13 -1 5 6 11 -1 1 5 12 -1 -2
5 7 11 13 -1 1 9 12 16 -1 13 -1 -2
6 9 12 -1 2 6 -1 6 9 -1 -2
2 12 -1 2 3 13 -1 1 13 -1 -2
1 7 -1 1 2 15 -1 15 -1 -2
5 10 15 -1 4 6 14 16 -1 2 3 -1 -2
1 16 -1 5 8 10 16 -1 3 14 -1 -2
3 7 -1 3 6 12 16 -1 7 -1 -2
15 -1 1 2 11 16 -1 6 12 -1 -2
3 11 13 -1 3 8 -1 7 12 -1 -2
5 9 13 -1 3 7 12 -1 8 9 -1 -2
14 -1 6 13 -1 4 8 14 15 -1 -2
10 -1 3 9 -1 1 13 -1 -2
1 6 11 16 -1 3 12 -1 1 2 -1 -2
12 13 14 15 -1 12 13 -1 9 15 16 -1 -2
3 -1 11 12 -1 15 -1 -2
1 7 -1 4 -1 2 8 16 -1 -2
8 14 16 -1 3 9 14 15 -1 5 -1 -2
4 9 11 -1 6 8 11 12 -1 6 -1 -2
1 3 4 15 -1 10 11 16 -1 4 5 -1 -2
8 11 -1 3 8 12 -1 10 -1 -2
8 13 15 -1 1 9 10 -1 4 9 12 13 -1 -2
16 -1 3 6 8 9 -1 2 6 11 14 -1 -2
7 13 14 -1 3 10 14 -1 1 4 6 15 -1 -2
6 8 13 14 -1 4 5 6 8 -1 7 13 -1 -2
11 12 13 15 -1 14 16 -1 7 16 -1 -2
1 -1 1 6 9 16 -1 1 8 13 15 -1 -2
7 8 13 15 -1 1 3 9 -1 4 13 -1 -2
14 -1 4 16 -1 4 6 8 16 -1 -2
1 11 14 -1 1 -1 11 15 -1 -2
6 16 -1 10 -1 12 13 16 -1 -2
7 8 11 -1 3 4 8 15 -1 4 15 -1 -2
3 11 13 14 -1 14 15 16 -1 2 -1 -2
7 8 14 -1 2 10 -1 1 3 4 10 -1 -2
1 2 4 5 -1 1 3 6 -1 1 9 11 -1 -2
10 -1 15 -1 3 14 -1 -2
6 7 -1 3 4 10 -1 3 6 10 15 -1 -2
8 -1 13 -1 2 5 13 -1 -2
6 8 10 -1 11 -1 2 3 11 -1 -2
8 -1 3 8 12 13 -1 3 12 -1 -2
4 5 10 12 -1 4 -1 4 8 11 16 -1 -2
6 16 -1 6 10 15 16 -1 3 8 16 -1 -2
4 -1 8 9 -1 3 6 11 13 -1 -2
9 12 15 16 -1 3 6 9 -1 4 7 -1 -2
2 3 6 9 -1 5 15 -1 2 -1 -2
4 7 10 -1 2 5 -1 4 9 -1 -2
12 -1 2 5 8 11 -1 2 6 -1 -2
16 -1 1 2 4 9 -1 5 13 -1 -2
13 -1 6 7 11 15 -1 8 9 -1 -2
15 -1 2 8 15 16 -1 4 8 10 -1 -2
4 8 9 10 -1 4 16 -1 1 11 12 -1 -2
14 -1 4 -1 1 8 12 -1 -2
9 -1 1 11 12 -1 2 7 15 -1 -2
1 2 14 -1 3 -1 6 7 14 -1 -2
16 -1 3 14 -1 10 -1 -2
7 8 13 -1 3 -1 9 12 -1 -2
3 9 12 -1 9 11 -1 3 4 14 -1 -2
4 -1 14 -1 1 2 5 7 -1 -2
14 -1 2 9 14 16 -1 9 11 13 -1 -2
2 -1 1 2 16 -1 5 10 11 14 -1 -2
2 5 6 10 -1 9 14 -1 5 10 -1 -2
1 9 -1 2 3 13 15 -1 7 8 10 16 -1 -2
5 7 8 12 -1 1 4 8 16 -1 9 -1 -2
3 5 12 13 -1 10 -1 3 -1 -2
13 -1 13 15 16 -1 6 8 14 -1 -2
12 16 -1 1 6 11 -1 3 9 11 -1 -2
15 -1 5 6 14 -1 2 -1 -2
8 11 -1 5 15 -1 7 -1 -2
4 7 12 -1 5 8 9 15 -1 2 -1 -2
1 4 6 13 -1 5 11 12 -1 9 12 -1 -2
1 11 -1 14 -1 4 -1 -2
2 3 4 -1 4 7 9 13 -1 9 -1 -2
7 -1 5 10 12 -1 4 12 13 16 -1 -2
8 13 -1 12 14 16 -1 16 -1 -2
7 13 14 15 -1 5 9 -1 2 11 15 -1 -2
3 8 11 -1 2 3 10 11 -1 10 13 -1 -2
7 8 12 -1 7 -1 11 16 -1 -2
10 16 -1 4 -1 12 -1 -2
5 -1 1 9 -1 1 2 3 15 -1 -2
1 11 14 -1 7 10 -1 10 15 -1 -2
16 -1 8 12 13 14 -1 3 8 10 16 -1 -2
1 6 8 -1 1 8 9 15 -1 13 -1 -2
7 12 -1 5 6 8 11 -1 5 10 15 -1 -2
10 -1 5 10 12 15 -1 12 -1 -2
1 3 6 11 -1 2 3 6 14 -1 8 16 -1 -2
1 4 15 -1 3 9 15 16 -1 11 -1 -2
6 14 16 -1 2 8 13 15 -1 9 -1 -2
4 11 16 -1 4 6 7 14 -1 6 9 10 16 -1 -2
1 4 7 14 -1 1 4 12 -1 2 9 -1 -2
1 8 -1 4 5 8 12 -1 3 12 16 -1 -2
13 14 -1 2 4 16 -1 4 -1 -2
3 7 9 -1 2 9 13 14 -1 6 7 13 -1 -2
2 10 13 14 -1 2 3 4 8 -1 5 -1 -2
7 8 9 10 -1 1 9 -1 8 12 -1 -2
4 8 -1 3 -1 3 4 10 11 -1 -2
7 -1 4 -1 9 -1 -2
2 7 15 -1 2 6 10 12 -1 6 8 16 -1 -2
2 16 -1 4 -1 9 11 15 -1 -2
8 14 -1 4 15 -1 7 16 -1 -2
2 14 -1 2 4 -1 3 -1 -2
4 5 11 -1 9 15 -1 1 3 8 15 -1 -2
5 7 8 11 -1 4 5 13 -1 1 5 8 16 -1 -2
2 8 -1 1 9 16 -1 4 7 -1 -2
1 13 14 15 -1 5 9 12 16 -1 5 7 10 -1 -2
4 -1 1 6 8 14 -1 4 8 9 11 -1 -2
4 -1 5 6 10 -1 3 7 11 15 -1 -2
1 9 -1 3 5 16 -1 9 15 -1 -2
12 14 -1 4 7 11 12 -1 4 15 -1 -2
1 6 12 14 -1 4 5 8 15 -1 2 5 16 -1 -2
8 12 -1 12 14 15 -1 8 16 -1 -2
4 -1 5 6 14 15 -1 6 7 11 14 -1 -2
7 8 -1 2 4 11 -1 6 15 -1 -2
11 -1 1 6 7 13 -1 13 -1 -2
1 10 12 15 -1 1 8 13 15 -1 1 -1 -2
15 16 -1 4 9 15 -1 1 12 -1 -2
13 -1 4 8 11 12 -1 5 10 -1 -2
1 7 9 10 -1 8 11 15 -1 3 -1 -2
2 6 -1 7 16 -1 9 12 14 -1 -2
7 12 14 16 -1 6 -1 2 13 14 16 -1 -2
16 -1 11 15 -1 2 8 16 -1 -2
2 -1 3 7 9 16 -1 9 12 14 -1 -2
4 5 7 -1 6 -1 13 -1 -2
9 14 -1 8 -1 1 2 7 8 -1 -2
1 8 9 10 -1 1 -1 4 6 10 13 -1 -2
2 13 -1 7 10 11 14 -1 2 9 -1 -2
4 8 10 -1 1 10 -1 8 11 16 -1 -2
10 11 13 14 -1 8 9 14 -1 3 4 15 16 -1 -2
2 7 8 16 -1 3 15 16 -1 6 -1 -2
1 5 7 -1 8 11 13 -1 1 14 15 -1 -2
1 5 -1 16 -1 1 2 6 15 -1 -2
3 5 8 11 -1 9 -1 6 11 -1 -2
2 10 16 -1 3 5 10 14 -1 7 11 13 -1 -2
1 2 -1 3 4 7 16 -1 1 3 10 13 -1 -2
4 8 11 15 -1 1 7 11 14 -1 1 -1 -2
8 10 13 15 -1 1 2 -1 9 -1 -2
1 2 4 15 -1 1 4 7 -1 1 4 15 -1 -2
10 13 -1 1 7 -1 8 14 -1 -2
5 -1 9 -1 2 5 13 -1 -2
11 -1 8 -1 7 12 -1 -2
11 -1 8 10 13 -1 2 11 13 -1 -2
16 -1 13 14 -1 1 4 5 7 -1 -2
1 5 15 -1 11 12 -1 1 7 11 -1 -2
2 4 5 7 -1 3 -1 13 -1 -2
10 14 -1 9 14 -1 2 -1 -2
6 -1 2 3 14 -1 4 15 -1 -2
3 4 6 -1 12 -1 14 -1 -2
1 5 -1 1 4 9 12 -1 2 -1 -2
13 -1 14 15 -1 5 12 16 -1 -2
2 5 -1 13 14 -1 8 10 15 16 -1 -2
5 9 11 16 -1 9 -1 2 9 14 -1 -2
13 15 16 -1 11 12 16 -1 10 -1 -2
8 9 13 -1 2 8 16 -1 2 5 8 15 -1 -2
1 14 15 -1 10 15 -1 11 12 -1 -2
2 -1 6 8 -1 3 11 13 -1 -2
2 4 16 -1 2 5 7 -1 2 3 5 13 -1 -2
13 -1 1 8 11 12 -1 2 -1 -2
7 -1 3 13 -1 1 3 5 11 -1 -2
3 6 7 15 -1 3 7 9 15 -1 8 9 12 -1 -2
4 9 -1 1 7 9 14 -1 6 -1 -2
9 10 14 -1 3 9 10 16 -1 7 14 -1 -2
1 4 -1 2 5 7 14 -1 1 -1 -2
1 4 8 -1 3 7 11 14 -1 13 16 -1 -2
2 3 6 -1 12 -1 4 12 15 16 -1 -2
13 -1 2 8 11 -1 1 2 4 9 -1 -2
5 6 7 -1 6 7 16 -1 1 14 -1 -2
16 -1 3 5 8 15 -1 11 -1 -2
2 15 -1 11 13 16 -1 3 13 16 -1 -2
2 4 -1 8 12 13 16 -1 6 10 12 13 -1 -2
2 9 11 13 -1 11 -1 2 -1 -2
2 13 -1 2 5 6 -1 11 -1 -2
4 -1 5 -1 1 9 12 -1 -2
12 15 16 -1 2 -1 14 -1 -2
1 13 -1 2 10 15 -1 1 2 3 11 -1 -2
8 9 14 -1 6 -1 6 7 12 16 -1 -2
9 -1 2 3 16 -1 4 14 16 -1 -2
13 -1 1 2 13 -1 2 -1 -2
3 9 -1 11 -1 12 -1 -2
12 -1 4 7 9 13 -1 13 15 -1 -2
2 6 15 -1 12 16 -1 12 15 -1 -2
3 -1 4 7 12 14 -1 1 12 -1 -2
3 5 7 14 -1 4 15 -1 3 -1 -2
1 2 10 -1 3 5 12 -1 3 -1 -2
3 4 5 9 -1 3 4 5 7 -1 7 -1 -2
11 -1 6 13 16 -1 11 12 14 -1 -2
3 6 11 14 -1 4 5 12 -1 5 12 14 -1 -2
8 11 -1 7 15 -1 1 2 8 -1 -2
6 -1 2 9 15 -1 12 -1 -2
6 11 -1 8 10 14 16 -1 5 -1 -2
8 -1 1 5 6 10 -1 6 11 13 14 -1 -2
1 12 -1 2 10 -1 2 7 8 13 -1 -2
5 11 -1 9 16 -1 8 10 -1 -2
2 3 6 12 -1 3 5 10 11 -1 1 12 13 15 -1 -2
3 6 10 -1 5 10 -1 11 12 13 16 -1 -2
6 9 -1 1 7 13 14 -1 2 4 7 -1 -2
2 5 7 12 -1 3 14 -1 2 4 10 -1 -2
9 -1 2 6 -1 3 8 9 -1 -2
5 9 13 16 -1 5 6 -1 11 14 -1 -2
10 -1 11 16 -1 4 5 6 7 -1 -2
8 -1 3 -1 2 5 10 11 -1 -2
1 8 -1 15 -1 2 14 15 -1 -2
1 10 11 12 -1 12 -1 5 9 14 -1 -2
5 8 -1 2 16 -1 10 -1 -2
6 13 -1 5 13 15 -1 4 -1 -2
1 6 8 14 -1 2 -1 5 10 14 -1 -2
2 5 -1 3 6 8 9 -1 5 6 8 10 -1 -2
4 -1 12 -1 3 15 -1 -2
4 15 -1 4 11 12 16 -1 8 9 14 -1 -2
9 12 15 -1 16 -1 1 -1 -2
11 -1 3 14 -1 3 9 10 15 -1 -2
3 10 12 14 -1 4 -1 9 16 -1 -2
12 15 16 -1 1 -1 2 5 9 10 -1 -2
1 16 -1 8 16 -1 3 4 -1 -2
3 -1 13 -1 3 12 -1 -2
2 10 13 16 -1 12 -1 7 16 -1 -2
5 7 -1 2 6 7 -1 7 15 -1 -2
1 2 4 -1 3 4 7 12 -1 5 13 -1 -2
9 10 -1 4 11 12 -1 9 13 14 -1 -2
5 -1 6 7 -1 10 -1 -2
15 -1 5 6 14 15 -1 7 8 15 -1 -2
2 -1 2 10 14 -1 2 -1 -2
2 3 12 -1 5 -1 3 -1 -2
2 -1 2 14 -1 7 12 -1 -2
1 8 -1 15 -1 4 6 7 15 -1 -2
1 7 12 15 -1 5 7 9 15 -1 4 9 -1 -2
6 10 12 13 -1 6 9 -1 4 -1 -2
5 9 14 15 -1 3 8 11 -1 4 -1 -2
6 -1 2 8 -1 4 6 16 -1 -2
3 6 12 13 -1 16 -1 1 8 10 -1 -2
3 7 13 16 -1 12 15 -1 2 4 7 -1 -2
8 -1 1 9 -1 6 7 -1 -2
3 8 12 15 -1 4 13 -1 1 2 9 -1 -2
7 8 11 15 -1 5 10 -1 6 7 12 13 -1 -2
3 6 15 -1 2 8 -1 3 9 -1 -2
8 10 14 -1 15 -1 2 9 -1 -2
16 -1 1 2 -1 1 -1 -2
7 15 -1 1 3 5 6 -1 7 13 -1 -2
3 4 6 13 -1 1 -1 1 6 15 -1 -2
5 9 14 -1 1 16 -1 2 9 12 -1 -2
11 13 -1 4 5 6 7 -1 2 9 14 -1 -2
13 -1 8 10 11 13 -1 4 13 -1 -2
3 8 12 -1 13 16 -1 5 8 -1 -2
9 16 -1 3 10 -1 6 15 16 -1 -2
1 2 12 14 -1 9 -1 10 15 -1 -2
2 11 12 -1 4 15 -1 2 4 5 -1 -2
2 9 11 12 -1 5 13 -1 2 6 7 13 -1 -2
7 15 -1 5 9 -1 5 11 -1 -2
8 -1 2 10 -1 14 16 -1 -2
5 9 13 16 -1 2 5 9 14 -1 2 3 6 9 -1 -2
1 -1 5 6 7 10 -1 3 9 11 15 -1 -2
3 11 -1 13 -1 2 -1 -2
8 10 14 16 -1 13 14 15 -1 6 -1 -2
5 6 12 -1 6 8 14 16 -1 4 13 14 15 -1 -2
8 -1 8 -1 1 4 -1 -2
7 10 -1 2 5 8 -1 2 13 14 -1 -2
1 5 9 -1 9 14 -1 2 4 8 16 -1 -2
5 8 12 -1 2 8 14 -1 2 10 13 -1 -2
1 8 9 10 -1 8 15 16 -1 1 10 11 -1 -2
8 13 14 -1 5 8 -1 1 -1 -2
1 -1 1 5 14 -1 5 7 -1 -2
11 -1 4 13 -1 4 13 -1 -2
9 -1 11 -1 8 11 16 -1 -2
4 6 11 15 -1 5 6 15 16 -1 2 6 10 -1 -2
2 10 15 -1 1 4 -1 6 9 13 15 -1 -2
7 8 10 -1 1 6 14 16 -1 3 -1 -2
3 16 -1 2 5 9 -1 3 12 -1 -2
3 4 16 -1 15 -1 7 9 11 -1 -2
2 4 -1 4 7 12 15 -1 8 -1 -2
2 -1 1 3 8 15 -1 1 3 6 13 -1 -2
3 10 -1 13 16 -1 12 15 -1 -2
14 15 16 -1 1 11 13 16 -1 2 -1 -2
6 14 -1 3 4 15 -1 1 2 7 14 -1 -2
7 8 9 -1 3 5 12 -1 16 -1 -2
7 9 -1 2 7 15 -1 12 15 16 -1 -2
3 -1 9 15 -1 10 -1 -2
14 -1 9 12 -1 2 14 -1 -2
6 8 14 -1 1 14 -1 7 13 15 16 -1 -2
5 8 9 11 -1 3 10 11 13 -1 8 9 -1 -2
2 -1 3 5 11 12 -1 7 -1 -2
11 -1 6 7 10 12 -1 7 13 -1 -2
1 14 -1 12 -1 3 10 15 16 -1 -2
1 2 9 12 -1 4 6 -1 1 6 7 11 -1 -2
2 -1 5 16 -1 13 -1 -2
6 8 -1 13 -1 11 12 15 -1 -2
4 7 -1 1 9 14 -1 6 7 -1 -2
4 12 -1 10 11 13 15 -1 9 13 -1 -2
3 5 8 13 -1 9 10 11 -1 12 -1 -2
13 -1 3 9 16 -1 16 -1 -2
3 7 11 15 -1 4 14 -1 2 5 10 15 -1 -2
5 14 -1 1 5 6 10 -1 4 6 12 16 -1 -2
5 6 7 -1 2 5 14 -1 11 -1 -2
1 3 13 -1 15 16 -1 1 13 -1 -2
1 9 12 13 -1 7 -1 1 13 -1 -2
6 7 -1 7 11 13 16 -1 4 8 12 13 -1 -2
1 6 7 16 -1 6 -1 6 8 -1 -2
3 6 13 -1 9 12 -1 13 -1 -2
5 7 13 -1 1 11 12 -1 2 11 15 -1 -2
3 5 14 -1 11 -1 2 9 14 -1 -2
2 8 -1 3 5 6 14 -1 2 3 6 -1 -2
3 10 12 16 -1 5 9 12 14 -1 9 -1 -2
3 4 16 -1 12 -1 4 14 -1 -2
3 10 14 15 -1 4 -1 10 14 -1 -2
3 4 10 11 -1 6 -1 14 -1 -2
9 13 16 -1 3 5 11 -1 1 3 5 15 -1 -2
9 14 -1 1 -1 10 -1 -2
9 14 -1 4 11 -1 1 6 -1 -2
9 14 -1 1 10 12 13 -1 4 15 -1 -2
1 10 12 -1 7 -1 1 3 4 -1 -2
2 7 11 15 -1 13 -1 6 8 12 -1 -2
2 4 15 -1 4 10 -1 1 5 10 -1 -2
9 13 15 -1 4 16 -1 11 12 14 16 -1 -2
6 16 -1 12 -1 1 13 14 -1 -2
10 15 -1 3 9 12 14 -1 2 5 13 -1 -2
12 -1 6 -1 5 8 12 -1 -2
2 11 12 -1 8 11 13 15 -1 10 13 14 -1 -2
6 7 11 -1 6 -1 3 5 6 8 -1 -2
3 -1 9 14 -1 2 7 9 -1 -2
16 -1 7 15 -1 3 8 15 -1 -2
3 9 10 16 -1 4 6 9 -1 1 6 -1 -2
1 11 15 16 -1 6 11 -1 1 4 -1 -2
8 10 13 15 -1 3 4 -1 1 11 -1 -2
5 8 9 -1 4 15 -1 1 6 14 15 -1 -2
4 6 14 -1 5 10 14 16 -1 2 -1 -2
11 -1 1 2 3 13 -1 3 4 9 16 -1 -2
7 8 -1 3 5 -1 5 13 -1 -2
2 11 15 -1 7 10 14 -1 4 14 -1 -2
2 10 -1 6 -1 16 -1 -2
1 5 -1 3 4 10 15 -1 14 -1 -2
7 12 -1 3 10 13 -1 12 -1 -2
2 3 -1 1 6 7 12 -1 3 10 12 -1 -2
15 -1 3 4 15 -1 9 10 -1 -2
11 15 -1 6 10 -1 1 8 12 -1 -2
2 4 6 -1 7 11 -1 6 -1 -2
4 5 12 14 -1 3 4 12 16 -1 8 9 -1 -2
12 16 -1 1 9 12 -1 7 11 -1 -2
1 9 10 -1 3 -1 8 -1 -2
13 -1 9 -1 2 7 -1 -2
1 15 -1 15 -1 1 2 8 13 -1 -2
4 12 -1 3 10 12 -1 11 14 -1 -2
9 14 -1 11 16 -1 6 9 13 16 -1 -2
14 -1 8 12 13 15 -1 2 11 -1 -2
6 9 11 12 -1 3 8 10 13 -1 2 7 9 -1 -2
4 7 11 -1 1 2 10 -1 2 6 10 -1 -2
2 -1 8 -1 5 6 8 -1 -2
2 -1 12 -1 9 10 13 -1 -2
5 9 -1 3 15 -1 12 -1 -2
8 10 -1 16 -1 2 4 10 15 -1 -2
4 12 13 -1 10 -1 1 3 5 12 -1 -2
12 13 14 -1 2 4 -1 3 -1 -2
1 8 14 -1 3 10 13 14 -1 4 6 10 15 -1 -2
7 -1 7 10 -1 2 5 11 16 -1 -2
5 -1 4 6 9 13 -1 5 -1 -2
13 15 -1 5 -1 10 -1 -2
2 3 4 9 -1 5 -1 3 -1 -2
4 8 10 16 -1 1 -1 4 -1 -2
2 5 14 16 -1 5 -1 2 9 -1 -2
13 -1 10 -1 5 10 -1 -2
5 8 12 13 -1 2 5 7 10 -1 2 4 16 -1 -2
3 5 14 16 -1 5 11 15 -1 2 3 7 13 -1 -2
3 10 -1 5 6 11 -1 6 9 -1 -2
4 6 7 12 -1 3 7 16 -1 1 5 13 -1 -2
3 4 10 15 -1 16 -1 16 -1 -2
6 7 11 15 -1 7 -1 6 13 -1 -2
4 5 11 -1 3 8 14 15 -1 1 6 -1 -2
3 4 -1 5 8 12 14 -1 5 7 8 14 -1 -2
3 11 -1 7 9 10 -1 8 9 -1 -2
8 -1 2 12 13 -1 12 -1 -2
3 7 9 13 -1 16 -1 4 -1 -2
3 15 -1 6 12 16 -1 8 10 -1 -2
1 -1 15 -1 4 10 -1 -2
3 4 7 9 -1 8 15 16 -1 1 4 6 7 -1 -2
3 10 11 -1 4 6 14 -1 3 4 9 14 -1 -2
3 4 14 -1 12 15 -1 1 8 9 11 -1 -2
14 -1 6 7 12 -1 14 -1 -2
3 -1 11 14 -1 11 -1 -2
2 5 9 -1 5 9 10 14 -1 4 13 -1 -2
15 -1 1 9 13 -1 2 7 -1 -2
7 8 9 12 -1 2 16 -1 1 6 7 14 -1 -2
3 10 -1 10 -1 5 -1 -2
7 -1 1 -1 16 -1 -2
9 -1 2 11 -1 2 9 13 16 -1 -2
7 -1 6 -1 4 -1 -2
6 12 -1 11 12 15 -1 5 -1 -2
5 13 16 -1 7 -1 16 -1 -2
12 -1 2 8 9 16 -1 5 9 11 -1 -2
1 6 10 -1 16 -1 1 11 12 14 -1 -2
1 13 -1 13 -1 10 -1 -2
3 12 14 16 -1 8 10 13 -1 5 7 9 15 -1 -2
6 10 -1 3 11 -1 3 4 12 15 -1 -2
1 5 7 15 -1 8 -1 1 6 8 -1 -2
2 8 9 -1 2 12 13 15 -1 2 5 -1 -2
2 5 6 -1 5 12 16 -1 3 4 5 14 -1 -2
4 8 13 -1 2 6 -1 5 7 16 -1 -2
5 -1 16 -1 2 9 15 -1 -2
10 -1 1 6 11 -1 6 10 14 15 -1 -2
5 9 12 15 -1 7 -1 6 10 13 16 -1 -2
16 -1 7 -1 2 -1 -2
9 12 14 15 -1 8 13 -1 10 -1 -2
6 8 14 -1 13 -1 2 13 -1 -2
11 13 -1 4 10 13 16 -1 2 3 12 14 -1 -2
5 12 -1 7 -1 9 14 -1 -2
5 7 9 14 -1 5 -1 4 9 10 15 -1 -2
9 14 -1 7 10 13 -1 13 -1 -2
6 9 15 -1 10 16 -1 7 8 -1 -2
4 16 -1 15 16 -1 5 6 9 -1 -2
10 16 -1 12 -1 4 7 11 -1 -2
6 9 10 -1 4 6 7 14 -1 2 -1 -2
7 8 9 16 -1 2 9 13 15 -1 7 8 16 -1 -2
11 13 16 -1 1 5 6 7 -1 2 -1 -2
5 16 -1 2 7 11 -1 1 2 3 12 -1 -2
5 10 16 -1 5 -1 1 5 7 12 -1 -2
11 15 -1 6 9 11 -1 3 5 12 13 -1 -2
1 7 11 -1 7 8 12 16 -1 8 -1 -2
4 6 7 -1 10 14 -1 7 9 -1 -2
13 -1 3 6 8 14 -1 2 4 13 15 -1 -2
13 -1 2 8 -1 1 9 -1 -2
9 12 16 -1 11 -1 1 12 -1 -2
9 15 -1 1 5 14 -1 10 -1 -2
11 -1 3 4 12 -1 5 9 13 14 -1 -2
13 -1 8 -1 13 -1 -2
3 4 5 -1 8 10 16 -1 1 5 8 13 -1 -2
13 15 -1 1 10 11 -1 11 15 16 -1 -2
14 -1 6 -1 2 8 15 -1 -2
8 11 13 15 -1 12 16 -1 8 14 -1 -2
2 3 15 16 -1 5 6 12 -1 4 11 12 13 -1 -2
5 8 -1 3 -1 1 -1 -2
10 13 14 15 -1 2 4 6 10 -1 6 12 14 16 -1 -2
7 9 13 16 -1 3 -1 5 6 -1 -2
4 5 11 14 -1 2 3 -1 5 11 16 -1 -2
6 14 -1 3 14 -1 3 4 9 10 -1 -2
11 -1 6 10 12 16 -1 2 5 -1 -2
10 -1 3 9 -1 10 15 -1 -2
1 6 11 16 -1 3 16 -1 6 11 -1 -2
5 -1 3 9 10 16 -1 2 10 11 -1 -2
6 12 -1 3 12 -1 10 -1 -2
15 -1 2 5 7 15 -1 4 7 10 14 -1 -2
1 12 13 -1 11 -1 7 13 -1 -2
2 9 15 -1 6 16 -1 7 10 -1 -2
11 -1 11 16 -1 4 7 10 12 -1 -2
5 6 10 -1 3 4 13 15 -1 7 -1 -2
2 5 7 -1 9 13 14 15 -1 9 -1 -2
13 -1 8 11 -1 5 12 -1 -2
3 8 15 16 -1 5 -1 1 5 13 -1 -2
1 4 5 -1 6 -1 1 3 6 -1 -2
2 16 -1 1 -1 5 -1 -2
7 14 -1 4 5 8 10 -1 2 11 15 -1 -2
5 6 8 15 -1 5 10 11 13 -1 5 12 -1 -2
1 2 -1 5 6 13 -1 7 11 16 -1 -2
3 6 9 -1 2 4 11 14 -1 2 10 16 -1 -2
4 8 -1 11 -1 12 15 -1 -2
1 4 -1 6 16 -1 1 2 10 -1 -2
3 10 -1 2 9 13 15 -1 4 12 15 -1 -2
9 11 -1 9 -1 1 6 11 -1 -2
6 7 10 -1 4 -1 3 8 13 -1 -2
1 8 11 -1 3 8 9 12 -1 2 5 14 -1 -2
11 15 -1 9 -1 6 7 11 16 -1 -2
8 12 -1 8 12 -1 1 3 4 6 -1 -2
14 -1 7 8 -1 13 -1 -2
3 16 -1 13 14 -1 5 7 9 10 -1 -2
12 -1 9 10 11 13 -1 2 5 8 13 -1 -2
7 -1 11 15 -1 12 -1 -2
10 13 14 -1 14 -1 1 2 3 -1 -2
3 13 14 15 -1 5 15 -1 7 -1 -2
14 -1 1 -1 11 15 -1 -2
5 7 14 -1 12 -1 1 5 -1 -2
13 -1 13 -1 4 5 9 12 -1 -2
4 9 14 -1 3 -1 10 -1 -2
16 -1 2 3 14 -1 6 9 -1 -2
8 9 11 -1 1 3 14 15 -1 10 12 -1 -2
6 7 13 -1 9 -1 6 7 -1 -2
4 14 -1 7 15 -1 11 -1 -2
2 4 -1 1 3 7 14 -1 1 12 -1 -2
7 -1 5 16 -1 2 -1 -2
4 7 8 16 -1 4 8 16 -1 1 5 9 15 -1 -2
3 7 15 -1 4 6 9 -1 1 9 15 16 -1 -2
9 -1 3 -1 5 6 -1 -2
2 9 12 14 -1 1 4 -1 5 15 -1 -2
3 5 10 16 -1 8 -1 6 9 12 15 -1 -2
13 -1 2 3 8 -1 8 9 11 -1 -2
14 -1 16 -1 1 3 -1 -2
9 11 -1 1 2 3 -1 16 -1 -2
4 8 -1 4 9 16 -1 2 7 8 -1 -2
7 15 -1 3 8 9 -1 2 3 8 -1 -2
1 5 -1 4 7 -1 4 6 -1 -2
3 4 9 -1 4 7 16 -1 2 6 8 16 -1 -2
3 6 9 -1 3 5 12 -1 3 4 8 13 -1 -2
3 12 14 -1 2 5 13 16 -1 7 13 -1 -2
6 -1 12 -1 14 16 -1 -2
3 5 -1 5 9 11 14 -1 5 -1 -2
4 8 11 14 -1 2 5 7 15 -1 2 5 11 15 -1 -2
16 -1 4 7 -1 15 -1 -2
4 14 15 -1 2 6 7 12 -1 1 3 -1 -2
6 -1 6 12 14 15 -1 13 -1 -2
8 9 10 15 -1 1 4 5 16 -1 12 13 -1 -2
3 4 -1 5 -1 7 -1 -2
1 4 8 10 -1 1 12 -1 11 -1 -2
4 7 14 15 -1 2 -1 10 -1 -2
10 12 14 -1 11 -1 4 6 -1 -2
13 -1 14 -1 12 13 -1 -2
4 6 7 13 -1 2 3 8 11 -1 10 -1 -2
11 -1 2 5 7 8 -1 8 11 15 -1 -2
6 16 -1 1 7 13 -1 9 -1 -2
2 8 -1 7 9 12 14 -1 8 9 12 -1 -2
6 -1 1 4 -1 3 14 -1 -2
8 12 14 -1 3 5 10 -1 2 9 10 13 -1 -2
1 -1 2 5 8 -1 13 14 16 -1 -2
2 -1 11 16 -1 2 6 15 -1 -2
10 15 -1 14 -1 14 16 -1 -2
1 -1 2 5 -1 1 4 6 9 -1 -2
6 8 9 -1 13 -1 8 11 14 16 -1 -2
3 4 10 15 -1 3 5 -1 4 -1 -2
4 6 12 14 -1 16 -1 3 9 15 -1 -2
4 7 10 -1 3 9 10 -1 4 7 10 14 -1 -2
4 6 16 -1 2 4 5 10 -1 8 -1 -2
1 7 11 15 -1 5 7 10 12 -1 1 -1 -2
6 10 16 -1 4 7 11 14 -1 8 9 10 13 -1 -2
1 3 4 12 -1 2 3 4 -1 3 5 7 -1 -2
1 2 7 9 -1 3 4 10 13 -1 3 5 10 12 -1 -2
1 -1 2 3 13 16 -1 8 9 10 12 -1 -2
15 -1 3 14 15 -1 3 4 6 15 -1 -2
3 14 -1 1 5 8 -1 2 -1 -2
2 4 -1 3 9 10 15 -1 3 8 15 16 -1 -2
9 -1 9 -1 5 6 7 12 -1 -2
10 -1 6 14 -1 1 5 7 -1 -2
2 14 -1 5 6 -1 16 -1 -2
2 -1 10 15 -1 1 10 -1 -2
6 7 12 15 -1 1 11 14 -1 9 12 14 16 -1 -2
6 9 14 -1 2 9 11 13 -1 10 -1 -2
6 7 -1 10 -1 7 11 14 -1 -2
3 -1 4 5 13 15 -1 4 8 -1 -2
2 4 13 16 -1 4 -1 10 -1 -2
15 -1 3 6 8 12 -1 5 -1 -2
3 7 8 16 -1 6 -1 1 6 -1 -2
4 5 8 11 -1 13 16 -1 1 3 7 12 -1 -2
1 11 -1 1 3 10 15 -1 7 9 16 -1 -2
8 9 11 -1 12 13 15 -1 9 11 13 14 -1 -2
7 -1 3 9 -1 3 -1 -2
1 -1 9 -1 1 -1 -2
6 12 -1 6 -1 2 -1 -2
6 10 12 15 -1 10 15 -1 12 -1 -2
15 -1 5 15 -1 2 8 10 -1 -2
4 7 11 -1 4 7 -1 8 -1 -2
2 13 -1 2 3 7 14 -1 3 -1 -2
10 -1 9 14 16 -1 16 -1 -2
1 6 8 10 -1 4 7 14 16 -1 5 9 16 -1 -2
3 -1 1 3 6 -1 2 10 12 -1 -2
6 8 10 14 -1 3 15 -1 1 8 -1 -2
1 4 15 16 -1 8 10 13 16 -1 4 6 8 14 -1 -2
12 -1 3 5 6 9 -1 2 10 15 -1 -2
2 5 8 -1 15 -1 4 8 14 15 -1 -2
5 7 9 16 -1 11 16 -1 1 13 14 16 -1 -2
13 -1 10 12 13 15 -1 2 13 14 16 -1 -2
12 -1 4 7 11 -1 1 8 14 16 -1 -2
3 10 12 15 -1 14 -1 9 16 -1 -2
3 4 12 -1 5 6 12 -1 5 10 11 14 -1 -2
7 8 14 16 -1 8 10 16 -1 5 8 14 -1 -2
4 6 12 15 -1 4 7 10 12 -1 16 -1 -2
5 11 14 -1 1 2 9 15 -1 6 13 15 -1 -2
8 13 -1 5 6 7 8 -1 15 -1 -2
8 -1 1 5 9 -1 15 -1 -2
1 -1 9 -1 8 12 -1 -2
8 14 -1 2 8 13 16 -1 2 6 -1 -2
5 6 7 -1 4 7 12 13 -1 3 7 8 11 -1 -2
1 4 7 15 -1 3 8 12 16 -1 2 11 14 16 -1 -2
7 -1 7 8 12 13 -1 2 8 10 13 -1 -2
1 2 8 10 -1 1 5 9 -1 5 15 -1 -2
5 6 11 12 -1 1 -1 1 5 -1 -2
5 9 11 14 -1 1 11 15 16 -1 16 -1 -2
1 7 11 -1 2 7 13 -1 10 -1 -2
2 8 11 13 -1 1 9 -1 6 10 -1 -2
6 10 -1 1 -1 16 -1 -2
1 3 14 16 -1 14 16 -1 10 -1 -2
3 4 -1 14 -1 5 -1 -2
2 14 -1 14 15 16 -1 1 2 9 11 -1 -2
2 12 14 -1 13 -1 1 13 14 16 -1 -2
3 5 6 10 -1 5 7 -1 2 3 5 10 -1 -2
1 6 9 -1 3 6 11 -1 1 6 -1 -2
5 -1 4 16 -1 3 13 15 16 -1 -2
8 9 13 -1 7 9 -1 3 5 6 13 -1 -2
9 -1 6 8 10 13 -1 2 5 6 8 -1 -2
1 8 -1 1 6 14 -1 9 -1 -2
2 7 -1 8 12 -1 10 16 -1 -2
6 8 13 16 -1 9 12 14 15 -1 9 16 -1 -2
8 -1 9 12 15 -1 2 -1 -2
13 -1 10 12 -1 7 12 16 -1 -2
4 16 -1 9 12 -1 3 6 11 14 -1 -2
3 6 9 12 -1 10 11 -1 3 -1 -2
15 -1 6 14 16 -1 12 -1 -2
1 4 7 -1 7 -1 1 5 11 16 -1 -2
6 11 -1 12 13 14 -1 5 7 10 -1 -2
10 15 -1 4 5 8 12 -1 2 5 -1 -2
3 6 12 -1 6 -1 7 8 9 -1 -2
1 8 10 -1 2 -1 1 9 11 -1 -2
9 -1 1 7 11 12 -1 1 -1 -2
2 3 5 -1 11 -1 1 10 11 -1 -2
1 5 8 15 -1 4 -1 3 13 -1 -2
13 14 -1 8 -1 3 13 -1 -2
8 9 -1 9 15 -1 10 13 -1 -2
7 8 9 10 -1 12 13 -1 5 12 -1 -2
15 -1 6 13 -1 3 16 -1 -2
14 15 -1 4 6 8 12 -1 1 2 6 8 -1 -2
4 7 16 -1 7 8 -1 2 4 -1 -2
13 -1 9 11 -1 7 8 13 -1 -2
6 8 16 -1 2 4 11 14 -1 1 9 11 -1 -2
10 -1 4 12 15 16 -1 2 8 12 13 -1 -2
3 6 7 13 -1 2 8 14 -1 2 6 15 -1 -2
3 16 -1 3 -1 1 6 13 16 -1 -2
3 12 -1 6 11 14 -1 5 6 10 15 -1 -2
2 14 -1 6 16 -1 5 6 11 12 -1 -2
7 9 12 16 -1 6 10 13 -1 3 5 10 -1 -2
5 -1 5 -1 16 -1 -2
3 10 -1 11 -1 1 10 -1 -2
1 4 7 16 -1 11 14 15 -1 1 5 9 -1 -2
2 13 -1 12 -1 9 -1 -2
7 9 14 15 -1 1 6 11 -1 1 3 6 -1 -2
3 -1 3 4 14 -1 12 14 -1 -2
5 9 10 14 -1 1 7 12 13 -1 13 -1 -2
1 5 6 8 -1 10 11 12 14 -1 2 4 10 13 -1 -2
14 16 -1 2 14 -1 1 5 12 -1 -2
10 -1 2 4 13 -1 6 7 -1 -2
1 9 13 -1 6 -1 2 5 6 16 -1 -2
2 11 -1 2 10 -1 8 11 12 13 -1 -2
1 7 9 13 -1 2 7 16 -1 2 5 8 14 -1 -2
6 12 -1 3 6 7 -1 10 14 -1 -2
11 -1 5 6 -1 1 5 -1 -2
14 -1 15 -1 4 6 16 -1 -2
5 6 10 11 -1 5 6 13 -1 5 -1 -2
3 -1 1 13 -1 9 -1 -2
1 11 14 15 -1 4 10 12 -1 3 9 15 -1 -2
16 -1 1 8 12 -1 9 -1 -2
4 7 12 -1 8 12 13 -1 1 2 11 -1 -2
3 11 -1 1 4 14 16 -1 2 9 13 16 -1 -2
11 14 16 -1 3 7 12 -1 4 5 10 12 -1 -2
8 -1 7 14 -1 8 -1 -2
2 15 -1 15 -1 1 4 8 -1 -2
5 9 10 13 -1 1 3 15 -1 6 13 -1 -2
1 3 9 15 -1 8 12 16 -1 6 8 11 13 -1 -2
2 8 9 16 -1 3 -1 2 10 11 12 -1 -2
9 10 16 -1 10 16 -1 2 11 14 -1 -2
9 10 15 -1 4 7 11 13 -1 1 7 13 -1 -2
6 10 -1 2 6 16 -1 2 13 -1 -2
7 9 13 -1 9 -1 16 -1 -2
1 4 -1 3 8 -1 10 -1 -2
6 -1 8 -1 1 3 8 9 -1 -2
4 5 12 -1 7 10 12 16 -1 8 16 -1 -2
7 8 10 -1 3 -1 9 13 16 -1 -2
6 10 -1 3 15 -1 8 9 15 16 -1 -2
3 5 9 10 -1 3 -1 10 11 12 -1 -2
2 9 16 -1 8 11 -1 2 -1 -2
5 10 11 12 -1 4 6 13 14 -1 4 10 13 14 -1 -2
3 13 -1 4 8 11 13 -1 3 10 13 -1 -2
15 -1 2 7 8 -1 5 15 -1 -2
12 13 15 -1 3 -1 6 7 10 16 -1 -2
1 6 12 14 -1 1 16 -1 3 4 7 16 -1 -2
3 13 16 -1 6 15 -1 2 4 11 16 -1 -2
3 -1 1 2 15 -1 4 6 8 -1 -2
1 8 9 -1 4 6 13 -1 2 3 9 -1 -2
3 8 -1 1 -1 2 10 -1 -2
2 10 -1 1 4 -1 9 10 12 15 -1 -2
7 -1 2 3 9 10 -1 5 -1 -2
12 13 -1 7 10 -1 4 6 -1 -2
2 10 11 -1 4 10 13 -1 9 11 14 -1 -2
7 8 -1 4 5 -1 1 2 4 8 -1 -2
14 -1 4 -1 3 9 -1 -2
1 15 16 -1 6 8 15 16 -1 7 10 12 -1 -2
2 3 6 -1 1 2 -1 1 3 7 12 -1 -2
4 -1 9 -1 1 4 5 13 -1 -2
14 -1 8 10 12 -1 12 13 -1 -2
2 7 -1 2 8 -1 3 -1 -2
6 12 -1 5 10 11 16 -1 7 14 16 -1 -2
3 4 7 13 -1 8 16 -1 15 -1 -2
11 15 -1 5 10 14 -1 4 6 12 16 -1 -2
14 16 -1 10 14 -1 1 2 9 -1 -2
7 -1 13 -1 4 7 11 12 -1 -2
6 11 16 -1 13 16 -1 3 6 12 13 -1 -2
4 11 15 -1 2 8 9 16 -1 5 -1 -2
4 12 16 -1 9 11 -1 9 10 -1 -2
1 11 -1 3 -1 13 -1 -2
8 -1 9 11 -1 4 10 11 -1 -2
6 10 11 -1 4 10 -1 6 14 -1 -2
3 9 12 13 -1 1 6 8 14 -1 5 7 12 -1 -2
9 -1 8 10 15 16 -1 7 -1 -2
13 -1 9 11 13 14 -1 2 -1 -2
6 15 -1 1 8 -1 9 16 -1 -2
15 -1 4 9 14 -1 16 -1 -2
4 6 8 12 -1 1 4 5 6 -1 3 14 -1 -2
9 13 -1 6 12 13 -1 4 5 6 8 -1 -2
2 3 10 -1 5 12 14 15 -1 2 5 11 16 -1 -2
2 5 12 -1 2 9 14 16 -1 1 6 7 10 -1 -2
15 -1 1 9 -1 3 16 -1 -2
1 6 -1 7 10 -1 3 10 11 14 -1 -2
7 13 14 -1 3 9 10 11 -1 4 11 -1 -2
2 13 -1 11 -1 4 9 16 -1 -2
6 8 10 14 -1 1 5 15 -1 5 7 8 15 -1 -2
8 -1 15 -1 14 15 -1 -2
1 6 8 14 -1 3 9 -1 13 -1 -2
10 13 -1 3 -1 1 4 7 10 -1 -2
4 6 -1 5 12 -1 10 11 12 -1 -2
12 13 16 -1 4 -1 6 7 8 11 -1 -2
1 11 15 -1 8 9 11 16 -1 13 -1 -2
1 2 3 9 -1 5 10 14 -1 2 7 9 14 -1 -2
6 7 12 13 -1 1 2 10 12 -1 6 10 -1 -2
4 16 -1 2 16 -1 2 10 -1 -2
5 7 -1 2 9 12 -1 3 4 5 13 -1 -2
1 2 7 -1 14 -1 5 6 12 -1 -2
6 10 11 -1 12 -1 9 -1 -2
2 5 8 13 -1 3 7 8 9 -1 2 7 15 -1 -2
5 9 -1 2 -1 15 16 -1 -2
1 8 -1 16 -1 4 8 9 14 -1 -2
3 4 14 -1 5 -1 3 8 9 -1 -2
1 12 -1 6 7 -1 8 9 10 14 -1 -2
1 3 7 16 -1 6 8 10 16 -1 3 -1 -2
1 2 7 11 -1 2 9 -1 2 3 13 14 -1 -2
4 -1 5 10 -1 8 12 15 -1 -2
3 13 14 -1 1 15 -1 10 12 -1 -2
4 13 16 -1 1 2 8 12 -1 1 3 -1 -2
7 -1 2 10 -1 6 9 11 16 -1 -2
1 -1 1 13 -1 2 4 -1 -2
10 11 -1 2 3 11 -1 11 -1 -2
10 -1 2 6 9 13 -1 10 -1 -2
3 7 9 14 -1 6 12 14 16 -1 2 9 -1 -2
4 5 14 16 -1 2 -1 4 10 14 16 -1 -2
11 14 -1 6 10 12 -1 2 9 11 13 -1 -2
7 -1 1 5 9 11 -1 11 12 15 -1 -2
1 6 7 8 -1 4 8 9 15 -1 4 12 -1 -2
1 6 14 -1 7 -1 2 6 12 15 -1 -2
3 7 15 -1 3 -1 4 13 15 -1 -2
5 -1 1 -1 1 16 -1 -2
3 8 12 13 -1 1 2 4 15 -1 10 -1 -2
5 8 14 -1 1 16 -1 8 15 -1 -2
8 16 -1 4 8 10 -1 16 -1 -2
7 8 9 16 -1 1 3 4 14 -1 1 9 -1 -2
14 -1 2 9 10 12 -1 10 -1 -2
3 5 15 -1 1 3 7 14 -1 3 5 10 12 -1 -2
6 9 10 16 -1 1 7 10 -1 15 -1 -2
2 3 9 -1 8 11 -1 3 14 16 -1 -2
14 -1 8 -1 10 12 13 -1 -2
3 10 11 -1 7 11 15 -1 1 5 14 -1 -2
7 8 10 -1 2 5 9 12 -1 4 5 14 -1 -2
1 7 11 -1 8 -1 6 -1 -2
2 16 -1 2 4 16 -1 2 4 5 11 -1 -2
7 10 12 -1 8 11 13 16 -1 5 9 14 15 -1 -2
8 -1 15 16 -1 3 14 -1 -2
14 -1 1 2 9 -1 6 16 -1 -2
11 -1 3 9 12 16 -1 1 4 9 -1 -2
3 4 11 14 -1 5 8 10 13 -1 8 9 14 -1 -2
6 -1 1 -1 2 9 14 -1 -2
6 14 -1 6 7 11 -1 1 5 11 -1 -2
6 -1 3 7 12 15 -1 1 6 -1 -2
1 4 12 -1 11 -1 10 11 -1 -2
4 7 15 16 -1 3 13 -1 4 11 12 16 -1 -2
3 -1 5 6 10 -1 8 -1 -2
4 8 11 -1 10 11 -1 5 10 11 13 -1 -2
5 9 14 16 -1 3 -1 2 6 7 -1 -2
7 8 -1 12 16 -1 1 9 13 -1 -2
12 -1 2 -1 5 8 11 14 -1 -2
3 14 -1 5 6 9 15 -1 5 12 -1 -2
8 14 15 -1 2 4 12 15 -1 10 -1 -2
3 5 13 -1 3 16 -1 12 15 16 -1 -2
9 -1 2 4 11 15 -1 2 4 -1 -2
8 10 -1 2 11 16 -1 1 3 6 -1 -2
1 7 16 -1 2 6 9 -1 1 3 10 12 -1 -2
13 -1 5 11 -1 1 4 9 12 -1 -2
3 13 -1 11 16 -1 4 10 15 -1 -2
11 -1 11 16 -1 2 4 5 10 -1 -2
7 8 9 14 -1 5 10 14 -1 7 15 -1 -2
4 -1 15 -1 6 -1 -2
6 8 9 -1 4 8 9 -1 14 -1 -2
8 13 15 16 -1 3 9 12 16 -1 3 14 15 -1 -2
10 -1 1 5 10 13 -1 10 -1 -2
3 4 5 16 -1 1 8 13 -1 1 3 12 -1 -2
1 11 -1 1 2 4 5 -1 3 -1 -2
7 10 14 15 -1 4 -1 10 16 -1 -2
3 9 -1 4 16 -1 2 -1 -2
1 9 10 14 -1 3 15 -1 2 -1 -2
4 8 16 -1 2 11 16 -1 6 8 10 -1 -2
1 15 16 -1 5 16 -1 4 6 7 -1 -2
2 8 12 15 -1 1 6 8 10 -1 5 8 9 -1 -2
5 16 -1 3 4 13 -1 7 9 11 -1 -2
12 -1 12 14 -1 4 6 16 -1 -2
5 8 10 12 -1 11 -1 1 3 9 15 -1 -2
9 -1 3 7 -1 2 3 9 -1 -2
2 -1 5 14 16 -1 12 -1 -2
9 11 -1 2 5 16 -1 6 -1 -2
8 12 13 -1 9 13 -1 1 10 13 -1 -2
14 -1 14 -1 6 10 13 14 -1 -2
6 7 10 -1 7 13 -1 16 -1 -2
1 2 4 -1 6 7 10 12 -1 5 9 11 12 -1 -2
2 11 16 -1 5 9 -1 7 10 -1 -2
3 8 9 14 -1 1 8 -1 1 -1 -2
3 6 7 10 -1 6 15 16 -1 2 8 -1 -2
15 -1 4 13 14 15 -1 7 -1 -2
2 5 7 -1 1 2 10 -1 5 7 -1 -2
4 9 10 -1 2 -1 1 3 13 15 -1 -2
3 6 13 14 -1 12 -1 1 7 8 15 -1 -2
4 6 11 -1 2 7 14 15 -1 10 13 15 -1 -2
8 16 -1 8 10 -1 7 9 -1 -2
7 13 15 -1 1 13 -1 6 -1 -2
2 8 13 14 -1 13 -1 7 10 14 15 -1 -2
4 8 -1 5 8 10 15 -1 7 9 11 -1 -2
2 8 13 15 -1 3 16 -1 5 -1 -2
1 2 10 14 -1 4 -1 16 -1 -2
2 9 -1 2 5 13 15 -1 4 8 -1 -2
6 8 9 10 -1 3 8 14 -1 4 6 11 16 -1 -2
1 10 14 -1 2 4 6 11 -1 2 -1 -2
3 10 13 15 -1 1 10 11 13 -1 1 4 8 16 -1 -2
5 8 13 -1 9 10 11 -1 3 5 7 9 -1 -2
4 -1 4 -1 14 -1 -2
4 5 -1 7 10 14 15 -1 3 -1 -2
4 6 13 -1 2 -1 3 8 12 -1 -2
2 5 8 14 -1 3 6 8 -1 6 9 -1 -2
6 15 16 -1 7 12 13 -1 4 6 -1 -2
4 14 -1 5 8 10 12 -1 5 8 9 15 -1 -2
16 -1 11 16 -1 4 -1 -2
2 9 12 -1 9 -1 5 11 -1 -2
5 6 10 15 -1 7 9 12 13 -1 3 6 11 16 -1 -2
11 -1 12 -1 3 10 16 -1 -2
9 -1 2 3 6 10 -1 2 3 6 -1 -2
3 9 -1 2 4 5 -1 1 7 8 15 -1 -2
6 9 16 -1 4 5 10 11 -1 6 10 -1 -2
3 7 12 13 -1 5 6 14 16 -1 2 4 13 16 -1 -2
6 8 -1 9 11 12 13 -1 4 10 11 14 -1 -2
10 -1 6 7 12 13 -1 1 5 8 16 -1 -2
3 -1 5 9 10 12 -1 1 5 8 16 -1 -2
2 3 12 14 -1 2 6 -1 11 -1 -2
3 6 8 -1 15 -1 4 8 -1 -2
1 7 -1 2 3 -1 1 6 11 16 -1 -2
4 14 15 -1 13 -1 1 3 6 16 -1 -2
1 8 12 16 -1 8 12 -1 1 2 10 14 -1 -2
13 16 -1 1 5 6 10 -1 1 6 8 10 -1 -2
5 9 10 15 -1 5 6 10 11 -1 8 -1 -2
1 -1 4 6 -1 1 6 9 -1 -2
4 -1 10 -1 3 -1 -2
2 7 8 15 -1 9 -1 13 -1 -2
13 16 -1 2 4 12 15 -1 13 14 -1 -2
16 -1 2 7 8 -1 4 8 9 11 -1 -2
2 10 12 14 -1 4 5 9 14 -1 1 5 8 -1 -2
1 2 16 -1 3 14 -1 8 14 -1 -2
1 -1 3 6 10 -1 2 10 11 14 -1 -2
13 15 -1 1 4 7 13 -1 6 -1 -2
12 -1 1 6 8 16 -1 3 8 9 12 -1 -2
4 14 -1 1 4 6 10 -1 3 10 14 -1 -2
2 12 13 15 -1 1 9 15 -1 5 -1 -2
4 5 6 -1 1 -1 4 11 12 15 -1 -2
4 14 16 -1 10 12 15 -1 4 12 -1 -2
9 -1 12 -1 8 9 12 14 -1 -2
4 13 14 -1 5 12 -1 1 -1 -2
12 14 -1 4 10 -1 4 9 12 15 -1 -2
6 7 -1 6 12 -1 5 6 11 16 -1 -2
5 6 12 15 -1 1 2 9 12 -1 3 4 9 12 -1 -2
4 11 -1 5 7 8 14 -1 16 -1 -2
13 -1 8 14 -1 9 10 11 -1 -2
4 7 -1 1 7 12 13 -1 5 10 12 -1 -2
4 13 -1 6 9 -1 5 7 11 12 -1 -2
3 4 6 10 -1 9 -1 2 12 -1 -2
8 9 -1 1 3 15 -1 1 7 10 11 -1 -2
2 13 -1 6 -1 4 12 -1 -2
16 -1 2 10 12 15 -1 6 9 16 -1 -2
8 9 16 -1 6 15 -1 1 5 -1 -2
7 -1 7 11 -1 9 12 13 15 -1 -2
1 2 13 16 -1 12 -1 1 11 14 15 -1 -2
8 10 11 -1 11 -1 15 -1 -2
1 6 12 -1 6 15 -1 3 -1 -2
6 -1 1 7 9 14 -1 1 3 -1 -2
3 7 9 12 -1 1 2 5 -1 6 9 -1 -2
12 15 -1 5 8 13 16 -1 13 -1 -2
7 12 13 15 -1 13 -1 2 9 -1 -2
6 7 9 -1 13 -1 16 -1 -2
16 -1 8 10 -1 12 -1 -2
14 -1 14 -1 1 -1 -2
14 -1 9 -1 1 3 6 11 -1 -2
10 11 15 -1 2 7 10 14 -1 3 -1 -2
6 9 10 -1 4 7 9 12 -1 7 10 -1 -2
6 9 12 15 -1 3 6 12 13 -1 5 -1 -2
11 12 -1 10 -1 2 3 -1 -2
10 -1 1 13 16 -1 5 8 -1 -2
8 -1 1 6 14 -1 5 -1 -2
4 6 16 -1 2 14 -1 9 -1 -2
3 13 15 -1 2 9 10 -1 8 16 -1 -2
13 -1 1 7 -1 2 4 -1 -2
14 -1 3 8 -1 8 10 -1 -2
1 3 9 11 -1 1 11 14 -1 2 4 14 16 -1 -2
14 -1 2 9 13 16 -1 1 3 11 -1 -2
3 -1 8 9 -1 7 10 15 16 -1 -2
2 4 14 -1 1 9 10 -1 6 10 12 15 -1 -2
4 16 -1 2 4 -1 15 -1 -2
1 6 -1 5 6 9 11 -1 6 -1 -2
1 -1 3 9 12 14 -1 1 9 -1 -2
1 -1 1 3 5 -1 4 12 14 -1 -2
2 4 -1 1 4 7 -1 10 12 -1 -2
11 13 -1 1 3 7 -1 2 4 8 11 -1 -2
7 13 14 16 -1 1 12 16 -1 1 6 9 10 -1 -2
6 -1 3 13 -1 5 6 15 -1 -2
14 16 -1 6 -1 7 -1 -2
1 3 11 15 -1 1 4 7 9 -1 7 -1 -2
1 4 6 -1 8 -1 1 -1 -2
2 5 15 -1 8 9 13 -1 4 8 10 16 -1 -2
4 7 -1 13 15 -1 9 -1 -2
2 5 7 -1 8 -1 11 -1 -2
3 4 10 16 -1 9 13 15 16 -1 5 16 -1 -2
14 -1 1 4 6 14 -1 4 10 15 -1 -2
6 7 -1 5 7 8 -1 1 4 5 7 -1 -2
2 7 11 14 -1 11 -1 7 8 13 -1 -2
2 7 13 -1 4 14 -1 4 12 -1 -2
12 16 -1 5 6 8 9 -1 2 12 16 -1 -2
2 11 16 -1 7 16 -1 6 -1 -2
1 10 12 14 -1 7 13 14 -1 1 7 11 13 -1 -2
3 5 16 -1 4 7 8 10 -1 10 -1 -2
6 -1 4 9 10 12 -1 8 10 13 -1 -2
7 -1 2 9 16 -1 10 12 14 -1 -2
9 14 15 -1 7 13 15 -1 6 11 14 16 -1 -2
1 6 14 -1 14 -1 9 12 15 16 -1 -2
1 4 10 13 -1 9 11 -1 6 9 16 -1 -2
1 2 11 -1 1 2 5 9 -1 7 11 13 14 -1 -2
3 5 16 -1 1 6 10 -1 8 10 16 -1 -2
10 -1 3 11 13 14 -1 10 13 -1 -2
5 -1 3 6 9 -1 2 3 6 -1 -2
6 10 11 12 -1 13 -1 1 3 6 -1 -2
4 6 15 -1 4 5 14 -1 12 -1 -2
8 -1 6 9 -1 3 10 -1 -2
2 9 -1 13 -1 5 11 13 -1 -2
4 -1 2 10 12 16 -1 1 6 -1 -2
1 7 14 -1 4 -1 7 9 12 -1 -2
9 -1 9 -1 3 -1 -2
1 14 15 -1 8 9 12 -1 6 11 14 16 -1 -2
4 12 14 15 -1 1 6 15 -1 14 -1 -2
4 6 8 9 -1 7 -1 10 -1 -2
2 3 5 6 -1 12 -1 6 7 8 -1 -2
4 14 -1 6 10 11 16 -1 2 10 16 -1 -2
4 -1 2 10 15 -1 7 15 -1 -2
4 5 9 -1 4 9 14 -1 2 9 11 14 -1 -2
12 16 -1 5 7 9 -1 5 10 14 -1 -2
13 16 -1 7 -1 1 11 12 -1 -2
3 9 13 16 -1 9 14 16 -1 3 7 10 15 -1 -2
4 16 -1 1 6 -1 6 -1 -2
3 4 10 15 -1 11 12 14 -1 1 5 8 11 -1 -2
14 -1 9 10 -1 9 11 13 -1 -2
11 -1 11 -1 9 -1 -2
1 3 7 12 -1 1 15 -1 6 14 -1 -2
5 8 11 -1 1 7 8 14 -1 4 10 12 -1 -2
6 8 15 -1 1 2 8 15 -1 2 4 11 13 -1 -2
5 6 11 12 -1 4 13 -1 4 11 15 -1 -2
1 3 -1 13 -1 4 10 11 -1 -2
11 12 13 -1 10 -1 3 -1 -2
1 -1 13 15 -1 6 14 -1 -2
9 10 16 -1 9 -1 6 -1 -2
2 -1 14 16 -1 4 12 13 -1 -2
7 13 -1 8 9 14 -1 3 -1 -2
7 12 15 -1 9 13 14 -1 3 7 15 -1 -2
2 9 -1 5 16 -1 5 15 -1 -2
12 14 15 16 -1 12 15 -1 10 -1 -2
2 5 6 12 -1 3 4 11 15 -1 1 4 6 8 -1 -2
13 -1 6 13 -1 8 10 13 -1 -2
1 -1 1 12 -1 3 8 -1 -2
7 8 9 14 -1 15 -1 2 8 -1 -2
1 -1 2 7 9 -1 2 5 10 12 -1 -2
1 13 14 -1 8 9 11 14 -1 7 9 10 13 -1 -2
5 10 -1 1 7 9 13 -1 8 10 15 -1 -2
2 9 11 -1 12 -1 1 2 11 -1 -2
5 12 15 -1 1 5 10 -1 6 7 14 16 -1 -2
6 9 -1 2 5 7 11 -1 2 14 15 -1 -2
7 -1 7 9 10 -1 7 -1 -2
1 5 13 -1 5 -1 10 11 -1 -2
2 5 10 11 -1 15 -1 5 11 13 -1 -2
1 6 -1 1 7 13 15 -1 9 10 12 15 -1 -2
1 4 13 16 -1 1 3 9 15 -1 1 7 10 -1 -2
1 5 6 -1 3 7 -1 7 10 12 15 -1 -2
9 12 14 -1 8 10 -1 2 8 11 -1 -2
12 14 -1 16 -1 1 3 8 12 -1 -2
14 -1 3 4 5 6 -1 7 -1 -2
10 -1 5 7 10 13 -1 8 16 -1 -2
4 7 13 14 -1 1 9 -1 10 12 -1 -2
1 6 -1 2 7 16 -1 10 11 16 -1 -2
6 -1 4 8 12 13 -1 2 3 13 16 -1 -2
3 12 14 15 -1 2 9 -1 3 -1 -2
1 4 5 6 -1 10 11 -1 11 -1 -2
1 11 -1 10 11 12 -1 2 -1 -2
5 -1 3 8 11 -1 4 7 12 -1 -2
5 11 12 -1 6 10 13 14 -1 3 -1 -2
3 7 8 -1 7 15 -1 8 -1 -2
5 11 15 16 -1 5 -1 3 -1 -2
7 -1 4 6 12 15 -1 9 10 15 -1 -2
2 9 -1 1 7 13 -1 5 -1 -2
2 3 4 -1 1 -1 10 13 -1 -2
3 6 14 15 -1 3 11 13 -1 9 13 -1 -2
12 -1 3 5 8 11 -1 8 -1 -2
1 15 -1 6 -1 2 14 -1 -2
7 -1 14 -1 2 5 6 11 -1 -2
9 10 12 13 -1 4 15 -1 1 6 12 15 -1 -2
1 7 14 15 -1 6 9 13 14 -1 1 14 15 -1 -2
5 8 -1 14 -1 10 -1 -2
1 2 12 15 -1 4 11 -1 1 9 -1 -2
8 12 14 -1 3 6 -1 16 -1 -2
4 9 -1 4 12 -1 2 7 11 -1 -2
2 -1 1 5 10 -1 8 -1 -2
10 -1 2 5 15 -1 4 13 -1 -2
1 3 15 -1 4 8 -1 2 6 8 -1 -2
3 4 8 11 -1 10 -1 12 -1 -2
7 -1 6 -1 6 12 -1 -2
4 -1 2 7 -1 10 -1 -2
11 15 -1 1 3 5 14 -1 2 5 12 -1 -2
4 15 -1 2 11 -1 12 -1 -2
2 9 12 15 -1 3 5 -1 7 15 16 -1 -2
1 5 -1 1 4 7 16 -1 7 8 11 14 -1 -2
2 8 9 11 -1 2 3 4 7 -1 1 7 9 12 -1 -2
3 4 10 16 -1 9 15 -1 6 9 10 -1 -2
8 9 11 -1 3 6 8 -1 2 14 -1 -2
6 10 15 -1 5 6 9 13 -1 11 -1 -2
8 9 -1 2 16 -1 4 7 -1 -2
11 -1 9 14 16 -1 4 10 14 -1 -2
1 -1 3 12 -1 3 8 -1 -2
13 -1 4 -1 6 7 9 -1 -2
2 3 16 -1 2 -1 11 15 16 -1 -2
5 9 12 -1 7 12 -1 8 12 -1 -2
5 8 -1 1 5 12 -1 1 12 13 15 -1 -2
14 15 16 -1 3 9 15 16 -1 1 6 7 12 -1 -2
5 9 12 -1 9 -1 13 15 16 -1 -2
1 2 8 -1 4 6 10 16 -1 1 3 9 15 -1 -2
11 -1 1 8 11 16 -1 12 13 -1 -2
11 13 14 16 -1 1 7 15 16 -1 5 10 14 16 -1 -2
10 15 16 -1 8 9 12 13 -1 3 5 6 15 -1 -2
1 7 13 15 -1 14 -1 15 -1 -2
2 4 16 -1 8 13 -1 6 9 15 16 -1 -2
6 14 16 -1 5 -1 2 4 7 12 -1 -2
1 16 -1 3 5 15 -1 1 2 5 13 -1 -2
4 6 14 -1 1 9 11 12 -1 2 12 15 -1 -2
3 5 9 -1 16 -1 5 -1 -2
1 4 6 -1 3 15 -1 3 9 13 14 -1 -2
6 8 9 14 -1 1 11 12 -1 2 9 11 12 -1 -2
2 11 12 -1 2 10 -1 1 8 10 -1 -2
2 6 11 16 -1 5 8 13 15 -1 3 9 -1 -2
8 15 -1 16 -1 7 11 16 -1 -2
4 12 16 -1 4 5 16 -1 3 6 12 -1 -2
2 12 13 14 -1 5 7 -1 11 -1 -2
4 6 -1 5 10 -1 4 6 11 13 -1 -2
1 4 5 10 -1 7 11 14 -1 8 12 14 16 -1 -2
6 9 -1 1 6 -1 1 4 11 -1 -2
3 5 9 -1 1 9 13 16 -1 14 15 -1 -2
5 -1 3 5 7 -1 8 -1 -2
13 15 16 -1 4 5 -1 10 -1 -2
2 12 -1 10 -1 3 12 -1 -2
4 7 12 14 -1 5 10 -1 15 -1 -2
6 11 14 -1 9 10 12 -1 13 -1 -2
11 -1 3 6 -1 9 15 -1 -2
2 4 8 13 -1 2 13 -1 2 5 8 11 -1 -2
7 8 11 -1 4 13 14 -1 2 10 14 -1 -2
12 -1 14 -1 1 4 7 11 -1 -2
12 16 -1 3 6 11 14 -1 11 12 -1 -2
5 -1 3 -1 4 8 9 16 -1 -2
6 15 -1 6 7 -1 4 5 -1 -2
14 16 -1 12 16 -1 7 -1 -2
5 7 14 -1 5 12 13 15 -1 2 3 13 -1 -2
1 14 -1 3 9 15 -1 2 5 -1 -2
3 13 14 -1 4 9 10 12 -1 9 11 13 -1 -2
14 -1 9 13 -1 1 9 10 12 -1 -2
10 -1 16 -1 9 12 -1 -2
1 11 12 -1 1 9 10 12 -1 6 10 16 -1 -2
2 10 -1 7 -1 8 12 -1 -2
5 11 15 -1 3 -1 9 13 -1 -2
6 -1 5 10 15 16 -1 3 -1 -2
4 6 15 -1 3 13 14 -1 2 8 10 -1 -2
2 13 16 -1 6 14 16 -1 10 11 13 -1 -2
4 8 11 -1 6 11 14 16 -1 6 -1 -2
5 6 9 -1 3 16 -1 1 12 13 14 -1 -2
4 13 -1 7 10 12 16 -1 8 15 16 -1 -2
1 7 -1 3 6 16 -1 4 -1 -2
3 8 9 12 -1 7 15 -1 5 10 12 14 -1 -2
3 9 15 -1 9 11 12 15 -1 3 -1 -2
8 10 12 13 -1 4 -1 2 10 -1 -2
6 10 12 -1 4 7 8 13 -1 7 11 15 -1 -2
7 8 -1 5 8 15 -1 7 10 14 -1 -2
2 8 11 16 -1 10 11 -1 6 8 9 14 -1 -2
3 8 10 -1 1 7 16 -1 7 -1 -2
6 11 -1 5 11 -1 5 15 -1 -2
1 5 11 -1 14 -1 7 13 16 -1 -2
12 -1 3 9 -1 4 5 7 10 -1 -2
10 14 15 16 -1 3 -1 11 13 14 -1 -2
5 7 -1 3 12 -1 9 -1 -2
5 11 -1 1 7 8 12 -1 3 5 7 -1 -2
8 14 15 -1 4 5 12 -1 4 13 -1 -2
4 -1 10 11 -1 7 11 16 -1 -2
4 11 -1 6 -1 3 4 7 8 -1 -2
15 -1 11 13 16 -1 6 13 15 -1 -2
8 13 14 -1 3 8 12 13 -1 2 5 -1 -2
9 16 -1 7 16 -1 5 6 10 14 -1 -2
5 7 11 14 -1 9 13 15 16 -1 2 5 12 14 -1 -2
14 -1 1 2 8 16 -1 11 -1 -2
3 9 14 -1 3 10 -1 11 13 15 -1 -2
15 -1 1 2 5 12 -1 8 11 12 13 -1 -2
2 8 10 -1 4 5 8 13 -1 1 2 7 13 -1 -2
8 -1 13 -1 1 2 12 14 -1 -2
12 14 15 -1 11 12 15 16 -1 11 -1 -2
6 12 15 -1 3 -1 1 10 -1 -2
8 -1 2 4 5 10 -1 5 6 -1 -2
10 -1 7 -1 9 12 16 -1 -2
11 -1 1 8 13 -1 10 -1 -2
15 -1 1 11 15 16 -1 2 3 -1 -2
1 -1 1 7 11 12 -1 1 10 -1 -2
10 14 16 -1 3 -1 6 -1 -2
16 -1 2 4 8 10 -1 1 -1 -2
3 10 12 16 -1 1 9 10 16 -1 10 -1 -2
7 15 -1 6 -1 3 -1 -2
5 8 10 12 -1 11 -1 3 11 15 -1 -2
5 8 13 -1 1 6 -1 6 12 13 -1 -2
12 16 -1 4 11 -1 7 -1 -2
9 10 -1 15 -1 9 -1 -2
8 14 -1 3 7 8 15 -1 2 10 11 -1 -2
3 8 11 12 -1 16 -1 5 6 -1 -2
4 8 11 16 -1 5 10 11 -1 7 -1 -2
6 8 10 12 -1 4 15 -1 13 -1 -2
6 10 13 -1 7 16 -1 16 -1 -2
5 12 16 -1 9 12 -1 8 13 14 15 -1 -2
11 12 -1 3 11 14 -1 7 14 -1 -2
10 -1 4 9 11 16 -1 14 -1 -2
10 11 -1 3 4 6 -1 5 -1 -2
5 11 -1 4 8 -1 2 5 9 -1 -2
10 16 -1 2 -1 2 4 6 14 -1 -2
9 10 -1 2 8 12 16 -1 2 4 6 15 -1 -2
16 -1 2 14 -1 3 13 15 -1 -2
4 13 15 16 -1 1 8 11 -1 8 12 14 -1 -2
13 -1 4 6 8 15 -1 5 -1 -2
5 -1 2 5 6 8 -1 4 10 13 15 -1 -2
4 8 11 -1 7 9 -1 14 15 -1 -2
4 13 15 -1 6 -1 10 -1 -2
5 -1 3 5 12 13 -1 1 12 -1 -2
2 11 -1 10 -1 3 4 5 14 -1 -2
1 3 8 10 -1 1 7 10 14 -1 4 5 15 -1 -2
2 8 -1 1 3 8 16 -1 6 16 -1 -2
6 14 -1 2 9 11 16 -1 7 11 -1 -2
3 9 -1 6 8 12 15 -1 7 -1 -2
7 -1 3 7 -1 5 11 12 15 -1 -2
13 -1 2 3 11 -1 1 4 8 -1 -2
1 6 13 15 -1 1 5 10 14 -1 1 6 13 16 -1 -2
2 4 15 16 -1 1 2 4 -1 5 8 -1 -2
4 15 -1 7 -1 1 2 12 15 -1 -2
7 10 -1 9 -1 7 9 -1 -2
2 7 16 -1 15 -1 1 14 -1 -2
9 14 15 -1 13 -1 6 11 14 -1 -2
4 7 -1 15 -1 5 -1 -2
6 15 -1 3 9 11 14 -1 3 8 12 15 -1 -2
7 -1 8 -1 2 7 16 -1 -2
3 4 10 14 -1 4 6 11 -1 8 11 16 -1 -2
5 6 9 11 -1 5 11 15 -1 2 5 7 9 -1 -2
2 10 13 16 -1 8 -1 14 -1 -2
1 6 8 11 -1 1 3 10 12 -1 16 -1 -2
6 10 11 15 -1 2 3 5 12 -1 4 6 14 15 -1 -2
2 13 14 -1 1 13 -1 12 -1 -2
6 -1 2 9 15 -1 4 7 12 -1 -2
1 11 12 15 -1 1 5 6 8 -1 1 8 15 16 -1 -2
2 9 11 -1 13 15 -1 7 8 15 -1 -2
5 6 9 -1 2 15 -1 1 10 12 -1 -2
5 -1 6 8 11 14 -1 1 -1 -2
1 3 15 -1 16 -1 8 -1 -2
3 6 10 14 -1 6 9 11 -1 5 14 15 16 -1 -2
6 12 -1 10 11 -1 8 11 14 16 -1 -2
1 2 11 14 -1 5 9 16 -1 10 -1 -2
7 10 12 -1 1 9 14 15 -1 10 14 15 -1 -2
3 13 15 -1 1 5 9 -1 2 11 12 -1 -2
13 -1 10 11 14 -1 5 8 11 16 -1 -2
3 16 -1 3 6 11 16 -1 8 9 11 12 -1 -2
6 16 -1 6 -1 7 10 13 -1 -2
1 3 9 12 -1 8 9 -1 6 8 -1 -2
1 4 5 9 -1 3 4 9 10 -1 1 3 9 -1 -2
4 5 7 -1 5 7 16 -1 3 8 -1 -2
2 7 8 -1 8 9 10 -1 11 -1 -2
8 16 -1 8 -1 1 2 3 7 -1 -2
10 14 16 -1 11 -1 4 11 12 14 -1 -2
2 7 -1 1 7 8 10 -1 8 10 13 -1 -2
5 13 16 -1 7 9 -1 2 3 6 10 -1 -2
10 11 12 13 -1 5 11 12 13 -1 7 12 -1 -2
4 16 -1 6 -1 1 7 12 16 -1 -2
1 4 8 14 -1 10 12 14 -1 12 -1 -2
3 -1 3 12 -1 3 5 10 11 -1 -2
4 6 10 11 -1 1 7 -1 3 5 7 8 -1 -2
12 16 -1 6 -1 2 4 11 -1 -2
10 14 -1 5 11 -1 15 -1 -2
2 7 14 16 -1 3 -1 1 7 9 -1 -2
10 -1 9 15 -1 15 -1 -2
2 4 -1 14 -1 15 -1 -2
4 8 15 -1 16 -1 14 -1 -2
8 -1 13 -1 4 5 10 15 -1 -2
5 6 16 -1 6 16 -1 10 11 13 16 -1 -2
6 10 13 15 -1 6 11 -1 13 -1 -2
5 12 14 -1 14 -1 1 -1 -2
6 -1 4 6 -1 2 7 -1 -2
4 12 -1 14 -1 7 10 13 -1 -2
4 14 -1 4 12 16 -1 2 6 10 12 -1 -2
2 4 16 -1 5 8 -1 1 3 10 15 -1 -2
3 11 12 14 -1 5 7 -1 11 -1 -2
4 -1 1 3 -1 4 -1 -2
2 4 9 -1 10 14 -1 2 9 13 -1 -2
1 4 16 -1 15 -1 13 -1 -2
15 -1 1 4 9 -1 4 5 -1 -2
4 -1 12 -1 4 12 16 -1 -2
3 4 10 14 -1 2 4 6 13 -1 12 -1 -2
4 -1 8 10 -1 13 16 -1 -2
5 11 -1 3 5 10 13 -1 9 12 15 -1 -2
2 -1 4 -1 8 -1 -2
2 12 15 -1 2 3 6 13 -1 6 7 10 -1 -2
13 15 -1 11 -1 6 11 12 -1 -2
2 6 11 14 -1 7 8 14 -1 1 4 9 16 -1 -2
11 -1 6 8 11 12 -1 6 8 15 -1 -2
6 7 11 16 -1 2 9 10 12 -1 1 12 15 16 -1 -2
11 -1 5 -1 3 10 12 -1 -2
2 3 4 -1 1 16 -1 9 -1 -2
12 -1 4 9 16 -1 3 13 -1 -2
3 7 10 13 -1 4 6 14 -1 2 3 8 14 -1 -2
4 7 16 -1 1 8 9 -1 9 13 -1 -2
2 3 11 14 -1 2 10 -1 3 8 13 -1 -2
2 8 -1 3 -1 7 13 16 -1 -2
6 12 16 -1 8 10 11 -1 2 5 10 -1 -2
8 16 -1 1 6 13 16 -1 1 6 13 16 -1 -2
4 5 8 15 -1 15 -1 6 7 8 14 -1 -2
3 5 15 -1 8 14 -1 11 12 -1 -2
1 11 15 -1 12 -1 3 4 6 16 -1 -2
3 7 13 16 -1 3 5 -1 8 -1 -2
1 -1 1 4 8 14 -1 1 3 9 14 -1 -2
14 -1 14 -1 13 14 -1 -2
12 -1 4 -1 3 -1 -2
3 6 13 15 -1 14 -1 6 7 9 -1 -2
1 6 8 12 -1 1 8 14 -1 1 -1 -2
5 10 -1 9 11 -1 2 13 14 -1 -2
5 -1 4 7 9 10 -1 4 9 10 14 -1 -2
16 -1 4 5 -1 9 16 -1 -2
3 14 15 16 -1 9 11 -1 10 -1 -2
3 -1 2 -1 2 7 15 -1 -2
16 -1 3 9 13 16 -1 2 -1 -2
16 -1 3 -1 4 5 7 -1 -2
2 15 16 -1 7 9 16 -1 8 16 -1 -2
5 9 10 -1 1 7 14 -1 2 6 9 -1 -2
2 5 7 -1 16 -1 2 5 13 -1 -2
6 15 -1 3 12 16 -1 6 7 9 -1 -2
2 8 9 15 -1 10 12 14 -1 5 10 15 16 -1 -2
15 -1 11 14 -1 5 7 8 9 -1 -2
15 -1 6 -1 10 -1 -2
4 -1 13 -1 1 -1 -2
5 8 10 13 -1 1 7 -1 10 -1 -2
11 -1 13 -1 7 15 -1 -2
5 7 13 -1 2 6 -1 13 15 -1 -2
5 -1 4 11 -1 2 -1 -2
6 16 -1 5 6 11 -1 10 -1 -2
1 8 9 16 -1 2 8 12 14 -1 2 4 11 -1 -2
5 11 -1 4 9 10 14 -1 1 3 14 15 -1 -2
7 15 -1 3 5 7 12 -1 2 9 14 15 -1 -2
6 8 -1 7 8 9 -1 3 13 -1 -2
4 7 15 -1 8 12 15 16 -1 1 -1 -2
5 16 -1 1 3 5 -1 1 3 -1 -2
9 -1 3 4 11 15 -1 12 14 -1 -2
1 4 5 -1 3 6 9 -1 3 16 -1 -2
2 5 9 15 -1 7 9 12 -1 4 9 15 -1 -2
1 2 -1 14 15 -1 3 13 14 -1 -2
4 10 -1 2 4 6 12 -1 4 -1 -2
2 12 13 -1 16 -1 10 -1 -2
2 6 10 15 -1 3 12 15 16 -1 3 14 -1 -2
5 10 13 -1 6 9 -1 1 8 10 16 -1 -2
4 -1 1 9 12 -1 6 10 12 -1 -2
5 6 7 8 -1 1 3 10 11 -1 3 5 12 15 -1 -2
4 5 8 -1 4 11 12 15 -1 2 7 11 13 -1 -2
2 15 -1 9 -1 5 11 -1 -2
3 10 15 16 -1 1 8 -1 3 16 -1 -2
12 14 15 -1 1 3 15 -1 1 9 15 -1 -2
1 2 5 -1 15 -1 2 12 -1 -2
2 7 9 10 -1 3 5 -1 2 -1 -2
4 11 -1 4 16 -1 12 13 15 -1 -2
1 4 12 13 -1 5 12 -1 5 7 11 -1 -2
3 10 12 16 -1 6 13 -1 9 -1 -2
5 8 12 13 -1 2 4 8 12 -1 10 -1 -2
11 15 -1 5 6 7 -1 3 4 12 14 -1 -2
2 7 11 12 -1 4 -1 12 14 -1 -2
8 11 -1 6 10 13 -1 2 9 -1 -2
8 10 -1 6 -1 3 4 16 -1 -2
12 13 -1 3 4 6 8 -1 10 12 -1 -2
3 7 12 16 -1 3 7 13 -1 7 9 -1 -2
2 8 16 -1 8 16 -1 4 13 14 16 -1 -2
6 7 12 16 -1 4 5 10 16 -1 3 8 10 12 -1 -2
2 6 11 -1 2 5 10 16 -1 1 6 11 -1 -2
9 -1 9 13 -1 6 15 -1 -2
2 16 -1 5 11 -1 2 -1 -2
5 7 11 -1 2 3 -1 5 6 7 15 -1 -2
1 4 5 15 -1 2 12 13 -1 3 -1 -2
1 9 -1 2 10 11 16 -1 9 10 -1 -2
1 3 10 -1 3 4 -1 2 4 5 7 -1 -2
14 -1 1 8 13 15 -1 1 6 -1 -2
2 13 -1 5 14 -1 16 -1 -2
2 8 15 -1 2 14 -1 2 9 -1 -2
1 2 -1 1 4 6 12 -1 1 14 15 16 -1 -2
1 9 -1 5 7 12 -1 8 15 -1 -2
2 10 -1 7 9 11 -1 6 9 10 -1 -2
5 6 13 -1 2 -1 8 9 -1 -2
4 6 -1 1 6 9 13 -1 1 5 13 14 -1 -2
5 -1 11 -1 5 9 -1 -2
4 9 13 15 -1 9 -1 2 8 9 15 -1 -2
1 3 7 -1 1 3 14 -1 8 10 13 15 -1 -2
9 13 -1 12 -1 4 11 -1 -2
1 5 11 -1 5 10 13 -1 13 -1 -2
5 9 10 15 -1 2 7 11 14 -1 1 4 -1 -2
1 11 -1 1 3 13 -1 6 15 -1 -2
3 7 8 12 -1 1 8 -1 4 15 -1 -2
4 6 9 13 -1 1 6 9 16 -1 7 11 12 -1 -2
1 9 15 -1 15 -1 7 9 12 -1 -2
1 3 8 10 -1 1 2 8 14 -1 1 6 8 14 -1 -2
9 16 -1 7 -1 3 15 -1 -2
9 -1 8 -1 1 3 8 -1 -2
2 10 11 -1 1 3 8 -1 1 16 -1 -2
8 9 13 15 -1 2 10 11 14 -1 9 14 16 -1 -2
11 13 14 15 -1 11 -1 1 11 -1 -2
8 -1 12 -1 1 2 5 8 -1 -2
2 3 4 -1 11 12 -1 12 16 -1 -2
8 14 15 16 -1 2 3 13 -1 6 16 -1 -2
15 -1 5 8 11 13 -1 1 -1 -2
1 4 6 16 -1 11 -1 4 6 7 16 -1 -2
1 4 11 -1 2 3 6 -1 6 7 10 -1 -2
1 14 16 -1 3 14 -1 2 -1 -2
7 -1 11 13 -1 2 8 -1 -2
1 -1 2 -1 3 7 8 14 -1 -2
3 10 -1 3 6 15 16 -1 1 -1 -2
1 6 13 -1 5 11 -1 14 -1 -2
9 11 -1 8 11 -1 2 4 16 -1 -2
7 14 -1 3 6 11 -1 4 -1 -2
3 10 12 -1 1 2 15 -1 1 12 16 -1 -2
7 10 14 -1 3 9 -1 3 4 7 -1 -2
1 7 11 -1 7 8 13 14 -1 2 -1 -2
5 6 8 13 -1 10 11 12 16 -1 4 11 14 -1 -2
2 4 5 6 -1 5 11 -1 9 -1 -2
4 10 15 -1 5 7 10 11 -1 3 4 6 12 -1 -2
1 14 16 -1 13 -1 6 -1 -2
3 6 9 16 -1 3 13 16 -1 8 -1 -2
1 -1 6 -1 5 7 -1 -2
2 8 13 -1 2 4 5 7 -1 7 -1 -2
5 7 14 -1 14 -1 1 9 13 16 -1 -2
2 4 -1 3 9 -1 6 7 13 -1 -2
2 5 6 10 -1 1 3 4 -1 13 -1 -2
3 14 -1 2 -1 1 2 4 16 -1 -2
9 -1 5 -1 7 13 -1 -2
8 14 -1 6 7 12 -1 7 11 16 -1 -2
13 -1 2 7 -1 5 8 10 15 -1 -2
10 12 -1 15 -1 4 7 12 14 -1 -2
3 -1 1 6 7 15 -1 14 -1 -2
4 5 16 -1 1 7 8 15 -1 8 11 -1 -2
11 16 -1 2 7 16 -1 2 7 13 15 -1 -2
1 3 8 -1 2 9 13 16 -1 1 -1 -2
2 7 14 -1 12 14 -1 4 8 -1 -2
3 -1 12 -1 5 13 -1 -2
3 -1 1 -1 1 -1 -2
2 15 -1 5 11 14 16 -1 1 11 13 14 -1 -2
15 -1 4 8 12 -1 1 10 13 16 -1 -2
4 10 13 -1 14 -1 1 2 10 11 -1 -2
1 7 10 -1 2 10 -1 13 -1 -2
6 -1 2 10 -1 1 3 12 16 -1 -2
3 16 -1 1 8 16 -1 2 3 8 16 -1 -2
3 -1 7 12 -1 9 10 -1 -2
3 9 13 14 -1 13 -1 1 -1 -2
16 -1 1 2 8 13 -1 4 5 9 15 -1 -2
4 6 11 -1 5 10 -1 9 -1 -2
5 -1 3 15 -1 11 14 16 -1 -2
1 5 7 -1 11 -1 4 9 -1 -2
2 10 14 16 -1 4 8 9 13 -1 11 15 -1 -2
10 -1 8 -1 11 -1 -2
6 15 -1 10 -1 6 9 13 16 -1 -2
11 12 15 -1 8 13 14 16 -1 1 -1 -2
8 11 -1 2 7 15 16 -1 7 14 -1 -2
11 -1 1 7 -1 14 -1 -2
1 4 8 11 -1 10 11 14 -1 5 10 11 -1 -2
6 7 10 -1 2 -1 5 6 9 -1 -2
14 -1 2 6 -1 3 13 -1 -2
5 10 12 -1 14 -1 8 12 -1 -2
1 -1 2 7 13 15 -1 4 -1 -2
1 3 7 9 -1 6 11 12 -1 3 10 -1 -2
1 2 14 16 -1 3 4 -1 3 8 11 14 -1 -2
12 -1 8 10 12 16 -1 8 -1 -2
5 7 9 12 -1 4 13 -1 8 10 -1 -2
3 11 -1 3 6 12 -1 8 9 -1 -2
1 -1 1 5 14 -1 7 8 16 -1 -2
1 -1 4 8 9 13 -1 1 2 5 8 -1 -2
1 11 12 -1 6 9 15 -1 3 5 12 -1 -2
9 15 -1 8 -1 1 7 16 -1 -2
5 9 11 15 -1 10 -1 5 9 -1 -2
8 9 10 12 -1 4 -1 4 9 12 -1 -2
3 11 13 16 -1 4 7 10 12 -1 2 -1 -2
9 10 -1 9 13 -1 1 -1 -2
2 12 13 -1 9 15 16 -1 2 4 14 16 -1 -2
3 8 12 -1 10 -1 3 -1 -2
5 12 -1 6 11 13 14 -1 1 8 10 16 -1 -2
3 -1 3 7 15 -1 4 5 6 7 -1 -2
3 6 15 -1 5 11 15 -1 7 -1 -2
4 13 -1 1 3 6 7 -1 1 7 -1 -2
5 -1 9 10 -1 2 5 7 -1 -2
4 14 -1 1 -1 7 9 11 13 -1 -2
3 5 8 16 -1 5 15 -1 2 3 14 -1 -2
4 8 -1 2 8 -1 16 -1 -2
9 11 14 -1 7 11 13 -1 6 13 -1 -2
6 -1 13 -1 8 -1 -2
2 8 11 -1 1 4 -1 1 4 7 -1 -2
15 -1 2 3 12 15 -1 4 5 -1 -2
5 15 16 -1 5 7 -1 11 14 16 -1 -2
5 16 -1 2 5 14 16 -1 12 -1 -2
1 5 8 16 -1 6 7 10 -1 3 11 14 -1 -2
1 7 14 15 -1 11 -1 10 11 16 -1 -2
14 -1 7 13 -1 2 3 15 -1 -2
4 13 -1 6 -1 3 5 -1 -2
5 -1 3 8 -1 2 3 12 15 -1 -2
5 9 16 -1 6 16 -1 1 9 15 -1 -2
3 -1 5 7 13 -1 5 9 14 15 -1 -2
5 -1 4 6 8 -1 7 9 -1 -2
11 -1 2 7 13 -1 16 -1 -2
2 11 13 16 -1 11 15 -1 4 12 15 -1 -2
3 7 15 -1 1 11 16 -1 10 -1 -2
7 8 11 14 -1 3 7 13 -1 2 3 4 6 -1 -2
1 5 15 -1 6 -1 16 -1 -2
4 8 11 13 -1 3 8 -1 5 6 15 -1 -2
5 -1 2 10 11 15 -1 4 -1 -2
7 13 -1 3 4 11 -1 6 -1 -2
4 13 15 -1 4 8 11 13 -1 2 4 5 -1 -2
12 -1 8 -1 6 15 -1 -2
2 6 7 16 -1 15 16 -1 6 -1 -2
8 -1 4 6 9 16 -1 2 5 7 16 -1 -2
6 9 -1 3 6 10 13 -1 10 13 -1 -2
8 16 -1 1 2 12 -1 9 10 11 -1 -2
1 13 -1 4 5 13 15 -1 3 6 -1 -2
4 9 -1 4 14 -1 8 11 -1 -2
3 10 16 -1 9 -1 9 -1 -2
1 2 7 8 -1 2 8 13 -1 2 6 11 -1 -2
1 7 10 13 -1 2 9 14 -1 4 6 8 10 -1 -2
2 3 7 12 -1 3 5 7 -1 1 7 -1 -2
5 9 14 -1 3 4 11 13 -1 9 10 -1 -2
5 7 8 -1 1 13 14 -1 10 11 -1 -2
4 7 16 -1 1 2 7 -1 14 -1 -2
1 16 -1 6 9 12 -1 6 12 14 16 -1 -2
2 11 -1 9 12 -1 4 -1 -2
8 11 14 16 -1 1 10 12 13 -1 4 9 14 -1 -2
5 7 13 14 -1 10 15 -1 10 -1 -2
3 16 -1 2 11 13 -1 7 -1 -2
1 6 10 -1 14 -1 3 -1 -2
3 5 13 -1 11 12 -1 7 -1 -2
3 10 12 -1 1 2 4 12 -1 2 4 9 11 -1 -2
7 8 14 -1 2 4 7 15 -1 1 4 7 -1 -2
11 -1 14 -1 1 8 -1 -2
2 10 14 -1 8 9 12 16 -1 15 -1 -2
6 9 11 12 -1 3 -1 2 3 13 15 -1 -2
10 11 12 15 -1 10 -1 1 2 6 -1 -2
7 -1 8 13 -1 7 8 12 15 -1 -2
3 -1 5 -1 14 16 -1 -2
2 -1 4 8 15 -1 5 8 11 14 -1 -2
1 15 -1 3 10 15 16 -1 5 7 10 -1 -2
2 12 14 -1 1 5 11 -1 5 12 13 15 -1 -2
1 2 3 14 -1 9 11 14 15 -1 10 15 -1 -2
5 -1 11 -1 1 4 10 -1 -2
4 11 12 -1 1 6 13 -1 1 5 10 -1 -2
7 15 -1 1 6 13 -1 2 3 16 -1 -2
4 14 16 -1 9 12 -1 1 10 -1 -2
13 16 -1 2 9 15 -1 8 12 14 -1 -2
1 -1 2 11 -1 2 8 -1 -2
4 8 11 -1 5 7 14 -1 1 3 4 13 -1 -2
3 -1 7 8 16 -1 2 3 10 -1 -2
10 12 14 -1 6 8 13 16 -1 3 5 12 13 -1 -2
3 4 14 -1 1 3 -1 1 14 15 -1 -2
2 3 4 5 -1 8 14 -1 12 -1 -2
7 12 -1 6 8 -1 1 -1 -2
1 6 12 14 -1 11 15 -1 11 -1 -2
8 -1 14 -1 10 -1 -2
11 -1 3 5 12 -1 4 -1 -2
3 6 -1 12 13 14 16 -1 5 16 -1 -2
9 10 11 12 -1 3 9 -1 4 11 -1 -2
14 -1 5 9 12 15 -1 12 13 15 -1 -2
8 10 -1 10 14 -1 13 -1 -2
6 13 16 -1 3 4 13 15 -1 7 8 13 -1 -2
4 6 9 -1 12 -1 5 7 -1 -2
9 12 15 -1 5 6 13 16 -1 6 15 -1 -2
3 12 14 -1 1 11 -1 9 12 16 -1 -2
5 11 -1 11 -1 3 6 15 -1 -2
1 9 10 -1 11 -1 3 9 10 -1 -2
1 8 11 14 -1 13 -1 1 8 10 12 -1 -2
2 11 14 -1 1 -1 8 9 -1 -2
2 12 -1 4 5 13 -1 7 14 15 -1 -2
3 5 16 -1 14 -1 8 12 16 -1 -2
15 -1 2 11 -1 4 7 16 -1 -2
9 10 -1 6 15 -1 2 8 -1 -2
3 16 -1 7 12 -1 12 -1 -2
7 9 -1 1 16 -1 3 9 16 -1 -2
1 -1 2 3 8 14 -1 1 5 -1 -2
2 6 7 -1 2 6 -1 4 5 15 -1 -2
3 13 -1 1 3 7 8 -1 10 15 -1 -2
4 9 -1 2 5 7 12 -1 3 11 14 -1 -2
2 5 -1 6 -1 1 5 8 9 -1 -2
10 -1 9 16 -1 14 -1 -2
2 4 7 8 -1 1 5 8 16 -1 3 11 16 -1 -2
5 7 -1 1 -1 15 -1 -2
2 4 8 -1 2 11 14 16 -1 2 8 11 -1 -2
4 13 -1 15 -1 5 14 -1 -2
2 8 13 -1 2 6 9 14 -1 9 15 -1 -2
4 8 -1 9 13 16 -1 12 15 -1 -2
1 4 -1 2 -1 8 -1 -2
9 15 16 -1 14 -1 5 6 -1 -2
2 6 -1 6 12 13 -1 1 -1 -2
1 16 -1 7 12 -1 1 8 -1 -2
3 8 -1 9 -1 5 -1 -2
2 3 -1 2 -1 1 2 8 13 -1 -2
8 9 12 -1 1 4 -1 2 4 6 9 -1 -2
1 9 14 -1 3 -1 10 -1 -2
4 11 -1 1 6 -1 3 4 10 -1 -2
5 10 -1 4 6 12 -1 8 12 -1 -2
14 16 -1 3 10 16 -1 3 14 -1 -2
1 11 -1 5 11 -1 3 11 14 -1 -2
11 14 15 -1 2 11 -1 1 6 12 13 -1 -2
1 4 5 16 -1 13 -1 6 7 11 -1 -2
14 -1 2 3 5 8 -1 6 10 13 15 -1 -2
3 6 11 14 -1 2 4 -1 4 14 -1 -2
6 -1 2 4 12 -1 3 9 10 11 -1 -2
7 8 14 15 -1 8 14 -1 8 11 13 -1 -2
8 11 -1 11 -1 14 -1 -2
4 5 7 9 -1 4 11 13 -1 5 -1 -2
3 8 12 -1 5 -1 14 -1 -2
2 -1 1 -1 3 4 -1 -2
2 -1 4 12 -1 11 16 -1 -2
2 6 9 13 -1 4 9 13 16 -1 7 9 10 16 -1 -2
10 -1 4 -1 6 -1 -2
4 5 12 14 -1 1 8 10 -1 5 12 13 15 -1 -2
2 3 8 14 -1 2 9 -1 16 -1 -2
1 -1 1 2 6 -1 14 16 -1 -2
4 11 -1 2 6 8 12 -1 7 9 11 12 -1 -2
5 -1 11 15 16 -1 2 -1 -2
4 7 10 11 -1 14 15 16 -1 7 -1 -2
3 8 14 16 -1 5 6 14 -1 4 6 15 -1 -2
1 11 -1 6 13 -1 5 6 8 14 -1 -2
3 12 -1 7 8 15 16 -1 8 10 11 13 -1 -2
3 10 11 14 -1 6 12 15 -1 10 16 -1 -2
16 -1 6 -1 9 14 -1 -2
3 8 14 -1 5 -1 2 3 8 11 -1 -2
13 -1 3 12 -1 5 12 -1 -2
7 9 14 16 -1 12 -1 6 -1 -2
9 13 14 -1 12 -1 5 13 15 16 -1 -2
3 -1 5 8 11 -1 2 8 10 15 -1 -2
1 2 11 -1 16 -1 14 -1 -2
16 -1 1 -1 10 12 13 -1 -2
2 -1 2 -1 6 8 16 -1 -2
2 3 13 -1 1 10 11 14 -1 7 12 13 14 -1 -2
2 -1 7 9 -1 1 6 10 11 -1 -2
2 7 12 13 -1 5 8 16 -1 6 10 16 -1 -2
2 8 -1 3 4 8 10 -1 10 12 14 15 -1 -2
3 4 6 7 -1 2 3 10 16 -1 7 8 11 -1 -2
3 5 -1 11 15 16 -1 13 15 -1 -2
1 4 8 11 -1 10 11 -1 4 8 12 -1 -2
2 13 -1 2 5 12 16 -1 4 10 -1 -2
1 2 4 7 -1 11 -1 2 8 -1 -2
2 -1 9 -1 1 4 8 -1 -2
4 6 13 -1 1 13 -1 3 -1 -2
1 6 7 10 -1 7 -1 10 -1 -2
11 -1 15 -1 1 4 13 -1 -2
5 8 9 10 -1 2 8 11 16 -1 10 12 14 15 -1 -2
7 -1 1 6 15 16 -1 8 -1 -2
5 7 13 -1 1 -1 7 -1 -2
6 8 9 -1 5 9 -1 3 16 -1 -2
5 7 -1 5 10 12 14 -1 1 9 14 -1 -2
1 2 6 14 -1 5 6 12 -1 10 -1 -2
3 6 8 -1 7 -1 4 8 11 12 -1 -2
5 9 13 -1 1 -1 12 -1 -2
12 -1 11 -1 3 7 8 -1 -2
5 8 -1 4 11 12 -1 7 8 10 16 -1 -2
2 5 7 14 -1 16 -1 4 5 13 -1 -2
3 11 -1 7 8 13 -1 8 -1 -2
5 7 11 15 -1 10 -1 11 13 15 -1 -2
12 15 -1 5 15 -1 10 16 -1 -2
10 -1 4 7 10 13 -1 2 8 9 13 -1 -2
6 15 -1 3 5 9 14 -1 4 8 12 14 -1 -2
1 -1 7 8 15 -1 1 5 8 13 -1 -2
2 10 15 -1 1 9 -1 4 11 12 -1 -2
6 -1 1 2 4 -1 14 -1 -2
1 6 7 8 -1 9 -1 1 8 -1 -2
14 -1 1 8 11 -1 4 6 13 16 -1 -2
16 -1 2 -1 12 -1 -2
5 16 -1 1 3 10 14 -1 5 8 -1 -2
4 16 -1 1 5 7 13 -1 1 -1 -2
1 6 9 10 -1 3 6 15 -1 9 -1 -2
16 -1 11 12 -1 5 -1 -2
3 6 9 -1 8 16 -1 10 12 13 -1 -2
6 13 16 -1 1 9 -1 8 9 14 15 -1 -2
10 12 -1 3 11 -1 5 9 12 -1 -2
3 4 15 16 -1 1 -1 1 7 13 -1 -2
9 15 -1 3 5 9 13 -1 7 8 -1 -2
5 -1 5 10 14 -1 1 6 9 13 -1 -2
10 15 16 -1 10 14 -1 6 -1 -2
3 8 11 -1 11 -1 14 -1 -2
8 9 10 -1 2 7 8 15 -1 4 6 10 13 -1 -2
8 13 -1 9 12 15 -1 7 10 15 -1 -2
2 4 7 15 -1 1 5 15 -1 1 8 14 -1 -2
3 8 12 -1 2 7 10 11 -1 2 4 10 15 -1 -2
2 3 7 9 -1 5 8 12 14 -1 5 9 14 -1 -2
15 -1 6 -1 1 -1 -2
2 16 -1 12 14 -1 1 3 4 -1 -2
2 5 9 13 -1 9 12 16 -1 4 -1 -2
6 7 10 -1 3 -1 1 4 7 14 -1 -2
6 9 11 -1 1 13 16 -1 3 -1 -2
4 8 9 10 -1 7 11 -1 7 10 -1 -2
1 6 -1 8 13 -1 4 6 8 13 -1 -2
5 7 9 14 -1 6 14 -1 1 14 -1 -2
4 8 12 -1 16 -1 5 9 13 -1 -2
1 -1 9 -1 6 8 15 -1 -2
1 10 -1 1 14 16 -1 3 9 11 13 -1 -2
1 2 5 7 -1 1 -1 6 8 -1 -2
2 12 14 -1 8 9 13 -1 10 -1 -2
14 -1 3 5 11 -1 1 2 5 15 -1 -2
3 4 12 16 -1 12 -1 5 10 14 15 -1 -2
6 10 -1 1 9 14 16 -1 3 5 11 13 -1 -2
8 11 16 -1 2 5 9 16 -1 3 9 15 16 -1 -2
2 9 11 15 -1 6 11 -1 6 -1 -2
3 7 16 -1 3 -1 12 -1 -2
9 -1 9 14 -1 7 11 -1 -2
12 -1 2 9 -1 14 -1 -2
1 4 6 11 -1 1 2 14 -1 3 7 10 16 -1 -2
2 5 8 -1 5 11 12 16 -1 9 10 12 13 -1 -2
14 -1 3 12 -1 7 10 16 -1 -2
1 9 10 16 -1 7 9 16 -1 1 14 16 -1 -2
16 -1 9 -1 16 -1 -2
3 6 8 15 -1 7 9 10 16 -1 2 3 -1 -2
2 5 14 -1 14 -1 5 12 15 -1 -2
7 10 15 -1 6 12 14 -1 10 -1 -2
5 13 16 -1 7 -1 3 7 10 13 -1 -2
2 -1 3 7 13 16 -1 12 -1 -2
3 10 13 16 -1 6 15 -1 5 6 9 11 -1 -2
4 6 11 15 -1 5 10 -1 4 8 9 10 -1 -2
4 6 12 -1 7 10 13 14 -1 1 3 7 16 -1 -2
10 -1 3 8 14 16 -1 4 11 -1 -2
5 13 -1 2 12 13 -1 12 13 14 -1 -2
3 4 9 10 -1 7 -1 12 -1 -2
1 9 16 -1 4 9 16 -1 2 6 -1 -2
1 4 14 -1 1 -1 9 16 -1 -2
8 -1 5 7 12 16 -1 3 5 8 12 -1 -2
2 9 -1 9 11 12 -1 7 12 -1 -2
1 8 -1 8 11 -1 10 -1 -2
2 13 16 -1 5 8 9 11 -1 11 -1 -2
2 5 7 -1 8 10 -1 2 3 -1 -2
10 -1 16 -1 3 4 -1 -2
5 9 -1 16 -1 1 2 4 9 -1 -2
5 12 -1 3 9 -1 8 14 -1 -2
2 6 10 -1 5 12 -1 3 -1 -2
4 5 7 -1 1 2 8 9 -1 13 -1 -2
15 -1 3 9 -1 16 -1 -2
2 4 7 13 -1 6 7 15 -1 5 13 -1 -2
1 14 15 -1 1 11 12 -1 4 5 14 -1 -2
3 6 15 16 -1 2 4 7 13 -1 1 9 13 -1 -2
6 10 13 -1 2 -1 4 7 8 -1 -2
3 8 -1 4 15 -1 3 13 -1 -2
3 6 7 13 -1 1 -1 6 -1 -2
7 11 15 -1 6 10 16 -1 13 -1 -2
8 15 -1 4 9 -1 5 9 10 15 -1 -2
6 9 10 16 -1 14 -1 4 -1 -2
2 7 -1 3 8 10 11 -1 7 15 -1 -2
5 7 14 -1 3 8 -1 1 2 10 11 -1 -2
15 -1 5 7 -1 7 9 -1 -2
10 -1 8 13 14 16 -1 1 16 -1 -2
2 4 7 -1 11 15 -1 2 12 16 -1 -2
2 3 9 10 -1 11 -1 1 11 14 -1 -2
1 8 -1 3 -1 16 -1 -2
14 -1 6 8 9 -1 10 13 -1 -2
4 12 14 16 -1 6 9 14 16 -1 1 3 7 -1 -2
12 -1 7 -1 5 6 11 16 -1 -2
7 10 12 16 -1 2 4 11 16 -1 7 -1 -2
4 12 13 -1 3 10 14 -1 4 10 -1 -2
3 7 -1 1 11 14 15 -1 13 -1 -2
8 15 -1 4 16 -1 11 12 14 -1 -2
13 -1 15 -1 3 -1 -2
5 7 -1 9 -1 10 -1 -2
2 4 14 -1 8 -1 10 -1 -2
4 5 9 10 -1 1 13 -1 6 7 -1 -2
8 -1 5 10 13 -1 1 2 3 7 -1 -2
1 7 8 15 -1 1 11 -1 1 6 11 -1 -2
8 13 14 -1 4 12 -1 2 6 10 16 -1 -2
10 14 16 -1 7 -1 3 5 12 -1 -2
10 -1 1 6 7 16 -1 11 -1 -2
4 7 9 11 -1 6 11 -1 8 -1 -2
6 14 -1 6 11 -1 9 14 15 -1 -2
1 9 -1 7 11 16 -1 1 11 14 -1 -2
4 8 15 16 -1 4 5 13 -1 6 -1 -2
2 5 8 15 -1 13 14 -1 1 8 11 15 -1 -2
3 6 7 8 -1 5 6 15 16 -1 6 14 -1 -2
1 4 15 -1 12 -1 2 5 14 15 -1 -2
4 -1 5 -1 7 15 16 -1 -2
4 9 -1 1 2 10 12 -1 14 -1 -2
10 12 15 -1 14 -1 6 8 -1 -2
5 11 13 14 -1 5 10 -1 4 -1 -2
2 5 13 15 -1 3 4 10 11 -1 4 13 14 -1 -2
4 8 10 13 -1 7 11 16 -1 5 -1 -2
5 -1 4 8 15 -1 13 -1 -2
6 -1 2 3 8 16 -1 7 12 13 -1 -2
2 6 12 -1 7 11 13 -1 3 7 10 11 -1 -2
16 -1 10 15 -1 2 9 -1 -2
14 -1 10 12 14 -1 5 7 12 14 -1 -2
1 3 4 -1 1 2 3 9 -1 7 14 -1 -2
4 5 11 -1 1 2 13 14 -1 7 12 16 -1 -2
15 -1 4 -1 1 2 -1 -2
9 -1 1 2 4 8 -1 6 -1 -2
10 15 -1 2 6 10 16 -1 11 -1 -2
2 6 16 -1 1 8 10 13 -1 1 8 10 16 -1 -2
4 15 -1 5 7 8 14 -1 8 -1 -2
8 11 12 13 -1 3 4 6 11 -1 1 4 5 -1 -2
14 15 -1 12 15 16 -1 4 9 15 -1 -2
12 -1 3 6 10 16 -1 10 14 -1 -2
9 -1 8 -1 4 14 -1 -2
1 4 6 12 -1 10 11 14 -1 11 14 -1 -2
4 9 -1 2 -1 8 10 11 12 -1 -2
4 7 10 13 -1 4 11 14 -1 1 7 9 -1 -2
4 10 16 -1 9 14 15 -1 10 12 -1 -2
7 15 -1 3 15 16 -1 2 3 8 -1 -2
9 -1 2 5 6 13 -1 6 12 13 -1 -2
1 6 11 -1 7 9 -1 4 -1 -2
10 15 16 -1 4 6 -1 3 5 12 13 -1 -2
16 -1 6 8 -1 1 5 -1 -2
1 8 9 12 -1 4 6 15 16 -1 16 -1 -2
8 9 11 15 -1 13 16 -1 3 -1 -2
2 3 5 -1 7 15 -1 2 3 5 16 -1 -2
1 6 -1 2 5 13 -1 1 6 12 -1 -2
7 -1 2 6 8 11 -1 5 13 -1 -2
2 7 11 -1 7 12 13 -1 7 11 -1 -2
2 13 14 -1 4 12 -1 15 -1 -2
3 5 10 13 -1 3 11 -1 4 -1 -2
8 15 -1 8 12 13 -1 5 9 12 14 -1 -2
3 4 14 -1 1 5 6 11 -1 4 11 14 -1 -2
3 8 -1 6 14 16 -1 2 7 14 -1 -2
2 7 -1 5 7 13 15 -1 16 -1 -2
5 11 15 -1 6 16 -1 3 9 11 15 -1 -2
8 10 15 16 -1 2 12 -1 10 -1 -2
7 -1 6 -1 10 -1 -2
6 9 10 -1 4 14 15 -1 2 4 5 10 -1 -2
11 -1 2 5 10 -1 1 4 7 10 -1 -2
11 14 -1 3 9 -1 2 9 11 -1 -2
3 5 8 14 -1 9 11 16 -1 1 4 -1 -2
3 4 11 13 -1 3 5 10 16 -1 5 6 15 16 -1 -2
1 3 13 15 -1 9 -1 3 9 13 -1 -2
4 -1 3 8 9 -1 16 -1 -2
9 12 -1 1 5 9 16 -1 5 9 10 16 -1 -2
5 10 -1 1 3 5 -1 2 11 13 -1 -2
10 13 14 -1 1 2 10 -1 1 -1 -2
1 9 -1 2 15 -1 15 -1 -2
5 13 -1 5 -1 7 10 14 -1 -2
16 -1 2 8 9 -1 6 14 15 16 -1 -2
14 -1 2 9 11 15 -1 10 13 -1 -2
8 -1 4 11 12 14 -1 7 10 -1 -2
11 13 15 -1 1 -1 5 -1 -2
9 12 13 -1 12 -1 2 5 10 14 -1 -2
3 15 -1 3 6 9 11 -1 5 15 -1 -2
5 12 16 -1 1 8 13 16 -1 2 11 12 15 -1 -2
10 -1 4 7 10 11 -1 3 -1 -2
2 5 6 11 -1 10 -1 15 -1 -2
2 5 -1 12 -1 1 5 6 12 -1 -2
4 7 10 15 -1 2 12 15 -1 1 9 12 -1 -2
1 8 12 15 -1 4 10 11 -1 1 -1 -2
10 14 15 -1 3 7 10 -1 2 7 -1 -2
7 15 -1 4 12 14 15 -1 10 13 -1 -2
1 3 10 14 -1 9 12 -1 2 -1 -2
1 6 7 10 -1 3 7 8 13 -1 8 -1 -2
4 6 11 15 -1 7 8 10 -1 4 5 6 -1 -2
2 16 -1 1 4 8 9 -1 9 -1 -2
2 3 14 -1 1 9 10 14 -1 2 12 -1 -2
14 -1 12 -1 14 -1 -2
1 11 14 16 -1 2 4 5 16 -1 13 -1 -2
10 12 15 16 -1 1 4 11 -1 1 2 6 16 -1 -2
3 8 16 -1 9 11 14 -1 15 -1 -2
9 12 -1 9 10 -1 8 -1 -2
6 -1 12 -1 1 3 4 9 -1 -2
10 14 -1 1 2 14 -1 1 6 13 -1 -2
5 6 14 -1 2 4 -1 4 7 15 -1 -2
2 4 -1 7 8 13 -1 2 9 -1 -2
7 12 15 -1 5 8 16 -1 9 16 -1 -2
6 -1 2 -1 11 13 15 -1 -2
4 11 13 -1 11 -1 9 -1 -2
4 7 13 -1 1 5 6 -1 3 5 11 14 -1 -2
11 12 -1 1 2 4 15 -1 5 6 11 12 -1 -2
6 13 15 -1 2 5 6 10 -1 3 5 10 11 -1 -2
4 16 -1 5 13 16 -1 2 -1 -2
10 -1 4 5 12 14 -1 1 7 12 -1 -2
5 12 -1 16 -1 7 8 14 -1 -2
3 12 16 -1 3 13 14 -1 3 6 8 -1 -2
7 -1 5 9 10 -1 2 13 -1 -2
3 5 9 16 -1 4 7 12 13 -1 1 6 -1 -2
2 4 5 7 -1 7 8 9 14 -1 8 10 16 -1 -2
6 13 14 -1 5 7 11 16 -1 15 -1 -2
3 -1 4 -1 9 -1 -2
5 10 -1 2 -1 1 11 12 -1 -2
12 13 -1 1 5 7 13 -1 7 13 -1 -2
2 9 14 -1 6 -1 2 5 6 15 -1 -2
5 -1 6 11 -1 12 -1 -2
10 -1 16 -1 1 16 -1 -2
7 11 -1 1 14 -1 4 5 11 -1 -2
6 -1 3 5 12 -1 3 4 5 -1 -2
2 -1 3 7 11 -1 5 7 -1 -2
11 -1 6 10 11 -1 3 7 14 -1 -2
7 -1 1 6 16 -1 7 12 15 16 -1 -2
6 9 13 -1 4 -1 4 8 -1 -2
2 8 12 16 -1 4 14 15 -1 3 9 -1 -2
8 10 16 -1 15 -1 4 12 -1 -2
11 16 -1 3 7 12 -1 1 4 11 -1 -2
2 14 -1 3 7 13 15 -1 3 13 -1 -2
1 2 8 11 -1 6 15 -1 2 5 13 -1 -2
3 13 14 16 -1 1 9 12 -1 12 -1 -2
15 -1 9 16 -1 16 -1 -2
4 8 10 13 -1 5 8 13 16 -1 8 -1 -2
1 3 -1 1 13 14 16 -1 9 -1 -2
16 -1 7 9 -1 1 3 12 -1 -2
5 -1 3 5 12 14 -1 11 12 14 -1 -2
2 12 15 -1 14 -1 6 7 11 -1 -2
9 11 15 -1 10 -1 12 -1 -2
5 -1 10 11 -1 13 15 16 -1 -2
5 6 9 12 -1 7 9 -1 8 11 14 -1 -2
11 -1 8 10 13 -1 1 2 4 -1 -2
1 9 16 -1 6 7 13 -1 4 10 -1 -2
11 13 -1 3 7 11 13 -1 3 -1 -2
9 10 -1 3 -1 1 6 11 16 -1 -2
1 5 13 16 -1 3 5 6 -1 3 4 11 14 -1 -2
5 12 14 -1 4 5 7 13 -1 3 11 -1 -2
2 3 15 16 -1 10 11 -1 1 2 9 13 -1 -2
1 3 12 -1 4 10 15 -1 3 13 -1 -2
3 6 12 -1 12 -1 6 -1 -2
1 3 14 15 -1 4 9 10 -1 3 4 -1 -2
1 3 8 15 -1 3 5 14 -1 5 6 13 -1 -2
7 12 -1 13 -1 1 8 9 -1 -2
2 7 -1 1 -1 8 15 -1 -2
3 5 12 -1 1 3 -1 7 16 -1 -2
9 -1 6 11 12 13 -1 2 3 8 9 -1 -2
5 10 15 -1 6 15 -1 8 13 14 15 -1 -2
2 9 13 15 -1 12 -1 7 9 -1 -2
2 4 -1 15 -1 1 5 -1 -2
4 10 -1 5 6 9 15 -1 3 12 13 -1 -2
1 10 16 -1 5 6 11 16 -1 3 16 -1 -2
8 -1 1 -1 3 5 10 14 -1 -2
6 8 -1 2 -1 8 -1 -2
5 7 10 12 -1 5 11 12 16 -1 1 2 14 -1 -2
9 -1 1 10 13 -1 4 8 -1 -2
3 16 -1 7 -1 4 12 -1 -2
6 8 10 15 -1 2 -1 5 -1 -2
6 8 15 -1 4 7 14 -1 3 -1 -2
1 -1 9 -1 8 12 15 -1 -2
7 11 16 -1 2 10 11 -1 9 13 -1 -2
7 16 -1 9 12 13 15 -1 11 -1 -2
2 5 9 14 -1 5 9 -1 7 9 -1 -2
1 3 6 16 -1 5 8 14 -1 6 8 -1 -2
3 5 6 16 -1 1 2 16 -1 7 14 15 -1 -2
5 8 9 10 -1 10 11 14 -1 4 9 12 -1 -2
2 4 7 13 -1 1 -1 1 -1 -2
10 15 -1 10 11 -1 6 -1 -2
4 5 9 11 -1 2 11 -1 7 9 -1 -2
2 8 -1 1 -1 3 13 -1 -2
2 5 6 10 -1 6 7 9 16 -1 12 -1 -2
1 5 7 12 -1 5 7 8 10 -1 3 6 7 13 -1 -2
3 5 9 -1 3 9 11 15 -1 3 -1 -2
11 -1 10 -1 2 7 11 -1 -2
2 8 -1 1 12 -1 10 13 14 15 -1 -2
3 6 7 -1 2 6 11 -1 6 13 -1 -2
13 -1 8 9 10 16 -1 3 7 16 -1 -2
2 6 8 13 -1 3 -1 3 11 12 15 -1 -2
6 8 -1 11 13 14 -1 1 2 10 -1 -2
8 14 -1 1 7 12 -1 3 -1 -2
1 5 12 15 -1 2 -1 5 9 11 -1 -2
1 14 -1 8 14 16 -1 9 -1 -2
7 -1 4 6 14 -1 4 8 13 -1 -2
2 3 6 -1 8 14 -1 1 9 10 11 -1 -2
1 2 7 10 -1 2 11 -1 2 13 -1 -2
2 4 5 12 -1 2 7 8 -1 10 -1 -2
7 9 10 12 -1 9 -1 1 12 -1 -2
3 5 14 -1 7 9 10 15 -1 3 9 11 13 -1 -2
3 7 15 -1 5 9 -1 2 3 10 11 -1 -2
3 5 10 -1 5 11 -1 7 12 -1 -2
4 11 12 -1 5 15 -1 12 13 15 16 -1 -2
5 -1 4 5 10 -1 7 10 -1 -2
1 2 4 16 -1 6 10 13 -1 1 -1 -2
1 9 -1 7 8 10 14 -1 1 2 6 -1 -2
1 2 14 15 -1 8 12 -1 4 11 -1 -2
2 3 13 -1 13 14 -1 3 -1 -2
2 15 -1 9 12 14 -1 6 14 15 16 -1 -2
2 5 11 -1 4 -1 11 -1 -2
9 -1 5 9 14 -1 9 -1 -2
1 3 -1 2 15 -1 2 6 10 14 -1 -2
11 -1 2 6 8 -1 3 5 10 14 -1 -2
10 -1 2 5 13 15 -1 15 -1 -2
6 10 14 -1 1 4 6 11 -1 13 -1 -2
2 16 -1 5 6 -1 1 6 10 13 -1 -2
5 7 10 13 -1 2 9 13 14 -1 2 12 -1 -2
5 10 11 13 -1 2 4 5 11 -1 14 -1 -2
3 16 -1 7 10 15 -1 2 6 8 9 -1 -2
4 6 16 -1 12 -1 13 -1 -2
8 9 10 -1 2 5 10 -1 2 -1 -2
6 8 9 16 -1 1 -1 4 -1 -2
13 14 -1 1 3 6 12 -1 4 9 14 15 -1 -2
4 7 14 -1 10 -1 12 -1 -2
2 8 13 -1 2 5 10 -1 4 -1 -2
2 5 14 -1 2 9 10 -1 1 7 12 -1 -2
1 7 9 13 -1 4 12 -1 7 8 -1 -2
12 13 14 -1 3 4 5 16 -1 2 3 13 15 -1 -2
3 5 14 -1 2 5 11 -1 5 -1 -2
3 -1 1 4 10 11 -1 11 12 13 -1 -2
10 14 -1 4 6 10 -1 15 -1 -2
11 14 15 -1 10 14 -1 2 9 15 -1 -2
10 -1 10 13 -1 10 -1 -2
2 3 4 13 -1 4 7 13 14 -1 10 11 15 -1 -2
4 5 -1 3 11 15 -1 3 -1 -2
3 10 14 -1 4 11 12 -1 3 11 -1 -2
5 10 12 15 -1 7 8 12 -1 6 9 -1 -2
14 -1 14 -1 5 7 8 10 -1 -2
13 16 -1 3 10 15 16 -1 8 11 14 16 -1 -2
5 -1 6 8 11 -1 3 12 16 -1 -2
7 11 13 14 -1 11 12 -1 15 -1 -2
9 15 -1 15 -1 1 10 15 -1 -2
6 15 -1 2 12 13 14 -1 12 -1 -2
4 9 -1 2 8 11 15 -1 1 12 -1 -2
13 16 -1 8 10 12 15 -1 1 9 11 15 -1 -2
1 15 -1 1 6 13 -1 5 7 -1 -2
8 12 -1 12 -1 2 4 8 16 -1 -2
7 12 16 -1 4 6 13 15 -1 6 12 16 -1 -2
1 6 8 -1 13 -1 2 7 -1 -2
3 14 15 -1 8 9 15 -1 3 12 -1 -2
4 -1 3 6 7 -1 2 12 -1 -2
2 7 8 14 -1 4 5 12 14 -1 9 14 15 -1 -2
15 -1 4 15 -1 14 -1 -2
2 11 -1 10 -1 7 16 -1 -2
2 9 -1 12 15 -1 3 5 12 13 -1 -2
4 11 -1 2 13 14 16 -1 3 4 9 16 -1 -2
11 14 -1 14 -1 1 9 11 14 -1 -2
7 10 13 -1 3 6 10 12 -1 4 8 9 -1 -2
1 6 15 -1 13 15 -1 15 -1 -2
6 9 10 -1 5 7 15 -1 9 -1 -2
2 13 -1 4 11 15 -1 7 12 13 -1 -2
3 6 10 12 -1 3 9 12 16 -1 4 11 12 -1 -2
1 4 -1 3 -1 6 11 16 -1 -2
1 4 11 -1 2 -1 4 5 10 11 -1 -2
1 -1 12 -1 11 -1 -2
8 -1 4 5 9 -1 13 16 -1 -2
1 5 -1 4 15 16 -1 14 -1 -2
5 10 -1 15 -1 10 15 -1 -2
1 -1 4 12 13 -1 1 6 8 16 -1 -2
2 9 -1 3 8 11 14 -1 1 12 -1 -2
8 10 12 -1 5 6 13 -1 4 11 -1 -2
10 -1 15 -1 1 5 12 -1 -2
1 6 14 -1 8 11 -1 4 12 15 16 -1 -2
3 14 16 -1 7 -1 11 12 14 -1 -2
15 -1 2 4 5 9 -1 1 3 7 -1 -2
6 9 14 16 -1 5 8 12 -1 3 6 9 13 -1 -2
2 3 7 -1 1 -1 3 7 10 -1 -2
2 6 15 -1 5 6 11 -1 1 6 -1 -2
11 -1 3 10 14 -1 16 -1 -2
2 4 9 -1 5 7 12 16 -1 7 14 15 -1 -2
13 -1 15 16 -1 3 9 11 -1 -2
2 -1 12 -1 10 16 -1 -2
16 -1 6 -1 3 11 15 -1 -2
1 6 -1 9 -1 7 -1 -2
4 8 -1 2 6 11 15 -1 5 9 15 -1 -2
3 10 12 -1 8 14 16 -1 1 6 9 13 -1 -2
5 15 -1 4 7 13 14 -1 6 12 13 -1 -2
3 4 6 14 -1 5 6 15 16 -1 2 12 14 16 -1 -2
6 8 -1 4 14 -1 8 -1 -2
2 4 7 -1 1 6 -1 11 -1 -2
1 2 4 6 -1 10 -1 4 7 8 16 -1 -2
5 16 -1 3 15 -1 6 14 -1 -2
5 9 11 14 -1 1 5 7 9 -1 9 -1 -2
8 12 -1 2 5 10 11 -1 6 8 10 -1 -2
3 16 -1 1 -1 3 14 -1 -2
2 4 16 -1 15 -1 1 3 5 12 -1 -2
2 12 -1 1 3 -1 1 9 16 -1 -2
8 11 -1 15 -1 16 -1 -2
4 8 11 14 -1 15 -1 1 6 14 16 -1 -2
4 8 -1 4 7 9 13 -1 3 12 14 -1 -2
10 -1 5 -1 7 8 15 -1 -2
5 16 -1 2 9 13 -1 9 12 13 -1 -2
3 5 11 13 -1 3 11 16 -1 5 6 7 -1 -2
7 12 13 15 -1 8 -1 1 14 -1 -2
11 -1 2 11 -1 6 12 15 16 -1 -2
7 -1 1 3 16 -1 8 9 -1 -2
2 4 14 15 -1 1 4 11 13 -1 9 10 -1 -2
9 -1 13 15 -1 4 6 11 -1 -2
6 10 -1 2 6 16 -1 4 -1 -2
3 6 13 -1 11 16 -1 1 2 10 11 -1 -2
1 7 10 -1 3 -1 1 9 10 16 -1 -2
4 9 10 -1 3 4 13 -1 1 5 -1 -2
5 8 -1 12 -1 7 8 13 15 -1 -2
3 4 13 -1 7 9 16 -1 5 9 13 -1 -2
7 8 11 13 -1 1 8 11 16 -1 5 11 12 15 -1 -2
8 10 13 -1 4 -1 7 8 -1 -2
2 13 15 -1 3 7 10 14 -1 9 10 -1 -2
3 -1 2 15 -1 1 9 13 14 -1 -2
11 15 -1 12 15 -1 2 7 10 11 -1 -2
6 7 14 16 -1 12 16 -1 14 16 -1 -2
7 14 16 -1 8 13 -1 7 11 13 -1 -2
6 14 -1 10 -1 6 7 8 -1 -2
1 9 15 -1 3 10 11 -1 14 -1 -2
7 -1 2 12 14 -1 1 16 -1 -2
3 9 14 16 -1 3 8 10 15 -1 4 6 7 -1 -2
8 -1 3 6 16 -1 11 -1 -2
16 -1 14 16 -1 1 3 13 16 -1 -2
9 13 14 16 -1 3 6 7 13 -1 4 9 15 -1 -2
5 9 10 -1 2 15 -1 6 8 11 13 -1 -2
1 4 5 13 -1 3 -1 5 10 12 15 -1 -2
3 11 12 15 -1 7 11 14 -1 4 6 16 -1 -2
3 6 9 10 -1 4 8 9 -1 4 6 10 -1 -2
4 5 6 11 -1 1 3 -1 9 15 -1 -2
3 6 7 -1 8 -1 2 15 -1 -2
4 6 15 -1 13 -1 3 7 9 15 -1 -2
12 -1 5 8 12 14 -1 7 11 16 -1 -2
2 8 14 -1 13 -1 10 -1 -2
12 -1 3 8 14 -1 2 4 13 14 -1 -2
14 -1 5 -1 5 11 14 15 -1 -2
5 15 -1 7 -1 2 7 11 16 -1 -2
4 6 -1 1 3 7 11 -1 13 -1 -2
8 12 14 16 -1 3 4 10 -1 6 7 9 14 -1 -2
1 7 16 -1 3 7 8 13 -1 1 3 4 15 -1 -2
3 5 8 -1 1 -1 5 11 16 -1 -2
4 6 7 9 -1 4 12 15 -1 6 -1 -2
13 -1 3 7 10 -1 1 -1 -2
5 13 -1 5 6 -1 2 10 -1 -2
10 16 -1 6 7 -1 9 10 12 16 -1 -2
8 9 12 16 -1 3 12 13 -1 9 16 -1 -2
14 -1 5 -1 2 3 8 14 -1 -2
8 13 15 -1 7 10 15 -1 3 6 7 9 -1 -2
3 4 5 12 -1 1 4 9 10 -1 6 12 -1 -2
5 11 13 -1 4 7 11 -1 14 -1 -2
2 5 9 -1 11 15 -1 1 7 -1 -2
1 10 11 16 -1 7 -1 4 10 -1 -2
4 7 -1 16 -1 1 10 11 16 -1 -2
12 -1 5 7 13 16 -1 1 2 4 6 -1 -2
1 2 9 -1 6 14 -1 4 -1 -2
15 -1 6 -1 7 10 12 -1 -2
3 8 11 16 -1 8 9 15 -1 13 14 -1 -2
1 4 6 15 -1 6 7 11 14 -1 1 13 14 -1 -2
2 11 12 14 -1 4 11 -1 1 2 -1 -2
1 7 11 14 -1 2 5 13 -1 6 8 15 -1 -2
5 7 11 13 -1 16 -1 15 -1 -2
2 5 6 11 -1 1 7 10 -1 7 10 -1 -2
11 14 -1 15 -1 12 16 -1 -2
9 -1 7 9 13 15 -1 3 -1 -2
2 7 -1 4 16 -1 3 7 12 15 -1 -2
14 -1 2 11 -1 4 -1 -2
2 4 9 13 -1 4 7 9 -1 11 -1 -2
4 -1 1 6 9 11 -1 12 14 -1 -2
5 14 -1 8 -1 5 6 9 -1 -2
4 8 9 11 -1 9 14 -1 3 5 7 16 -1 -2
9 12 15 -1 1 9 12 -1 13 14 -1 -2
3 7 -1 1 13 -1 2 13 14 16 -1 -2
4 7 8 15 -1 12 -1 2 11 -1 -2
1 5 15 -1 5 9 14 -1 2 -1 -2
5 11 16 -1 4 5 6 13 -1 1 13 14 15 -1 -2
2 -1 3 -1 3 14 -1 -2
2 4 -1 3 7 14 -1 15 -1 -2
3 13 14 -1 16 -1 4 11 13 16 -1 -2
1 -1 3 5 6 12 -1 4 6 16 -1 -2
12 16 -1 5 -1 3 4 -1 -2
5 11 15 -1 7 10 12 -1 9 16 -1 -2
12 -1 2 4 9 -1 3 5 6 12 -1 -2
4 9 -1 9 -1 2 5 -1 -2
1 7 11 15 -1 2 4 9 12 -1 8 10 14 -1 -2
4 -1 10 14 -1 9 13 14 -1 -2
8 11 -1 2 -1 4 7 9 16 -1 -2
4 -1 10 11 12 14 -1 11 13 14 15 -1 -2
1 4 -1 9 -1 8 10 13 -1 -2
1 4 5 15 -1 5 9 14 -1 3 4 9 12 -1 -2
5 -1 6 13 -1 7 15 -1 -2
3 7 8 15 -1 11 15 -1 1 4 7 13 -1 -2
16 -1 2 7 12 -1 2 12 -1 -2
8 13 -1 8 -1 11 -1 -2
12 13 16 -1 3 4 5 11 -1 13 -1 -2
8 10 13 -1 16 -1 9 -1 -2
1 8 -1 1 2 11 13 -1 5 12 14 -1 -2
11 16 -1 9 -1 5 7 8 12 -1 -2
8 13 16 -1 3 6 10 14 -1 1 4 -1 -2
2 4 9 14 -1 2 9 10 15 -1 7 8 15 -1 -2
1 4 5 -1 2 7 16 -1 5 10 12 14 -1 -2
4 12 14 -1 9 10 12 13 -1 2 3 7 -1 -2
2 11 16 -1 6 13 -1 1 3 4 10 -1 -2
2 4 15 16 -1 7 8 -1 6 12 14 -1 -2
8 -1 3 8 -1 6 13 14 -1 -2
2 9 15 -1 4 5 11 15 -1 4 8 -1 -2
4 6 10 -1 4 10 -1 4 -1 -2
1 2 11 15 -1 3 -1 2 7 10 14 -1 -2
3 5 14 -1 2 12 13 -1 3 12 -1 -2
12 16 -1 6 8 -1 2 7 11 -1 -2
11 -1 4 8 13 14 -1 1 7 11 -1 -2
4 11 12 16 -1 1 5 13 16 -1 7 -1 -2
12 13 -1 1 13 14 16 -1 2 8 16 -1 -2
4 -1 4 -1 1 7 -1 -2
8 13 -1 3 -1 5 6 -1 -2
1 3 13 -1 1 10 13 14 -1 2 5 6 11 -1 -2
1 10 14 -1 4 10 -1 6 7 13 -1 -2
11 12 14 -1 3 4 7 -1 4 6 7 -1 -2
3 8 12 -1 6 11 -1 1 3 4 14 -1 -2
1 -1 2 16 -1 8 11 13 15 -1 -2
4 7 14 16 -1 9 -1 10 -1 -2
1 2 15 -1 3 7 8 14 -1 3 6 7 16 -1 -2
13 14 -1 16 -1 2 3 9 -1 -2
11 -1 1 9 12 -1 5 6 16 -1 -2
1 8 9 16 -1 9 11 13 -1 6 -1 -2
2 5 -1 2 5 15 -1 3 13 -1 -2
3 10 13 -1 5 -1 4 6 7 9 -1 -2
3 7 9 -1 7 13 14 -1 10 -1 -2
9 11 13 -1 2 3 5 -1 1 7 12 -1 -2
8 11 15 -1 4 13 15 -1 3 4 12 13 -1 -2
7 -1 1 2 7 9 -1 14 -1 -2
6 8 13 -1 6 7 13 16 -1 3 10 13 15 -1 -2
2 4 14 -1 1 4 14 -1 10 -1 -2
3 9 10 -1 1 8 11 12 -1 8 -1 -2
1 9 13 15 -1 5 9 12 13 -1 5 6 -1 -2
3 8 -1 13 16 -1 11 13 -1 -2
7 9 11 15 -1 1 5 14 16 -1 3 7 9 12 -1 -2
11 13 -1 4 15 -1 4 9 12 -1 -2
6 9 13 15 -1 5 -1 1 2 6 9 -1 -2
1 4 5 10 -1 8 -1 2 4 5 14 -1 -2
5 7 13 16 -1 14 -1 2 8 15 -1 -2
5 -1 1 -1 7 8 -1 -2
3 5 8 -1 16 -1 4 -1 -2
16 -1 2 4 11 12 -1 3 10 12 16 -1 -2
12 -1 11 -1 12 16 -1 -2
2 11 12 -1 1 -1 6 7 13 -1 -2
2 3 10 -1 14 16 -1 4 7 10 15 -1 -2
5 6 7 13 -1 1 14 15 -1 15 -1 -2
9 10 13 -1 14 16 -1 2 -1 -2
4 5 8 12 -1 6 7 9 -1 10 14 -1 -2
6 14 -1 9 -1 10 11 16 -1 -2
1 4 -1 5 6 7 13 -1 2 4 10 15 -1 -2
7 9 10 13 -1 4 8 13 14 -1 9 12 15 -1 -2
2 5 6 9 -1 4 -1 4 11 12 16 -1 -2
5 14 15 16 -1 9 -1 8 -1 -2
4 12 15 -1 9 -1 3 12 13 14 -1 -2
2 9 10 13 -1 2 5 10 15 -1 8 12 13 -1 -2
6 8 9 11 -1 3 5 -1 1 3 9 -1 -2
12 16 -1 11 -1 2 11 15 -1 -2
2 4 10 -1 7 9 15 -1 12 -1 -2
4 7 -1 8 9 10 14 -1 7 8 -1 -2
3 4 14 15 -1 15 -1 1 6 13 16 -1 -2
1 3 8 11 -1 11 -1 7 8 14 -1 -2
4 5 10 -1 3 9 11 -1 8 10 12 13 -1 -2
3 12 -1 11 -1 9 10 11 -1 -2
2 5 10 11 -1 1 10 12 -1 6 8 10 15 -1 -2
6 7 15 -1 1 -1 1 5 9 -1 -2
1 14 16 -1 5 8 9 11 -1 4 7 -1 -2
5 9 14 -1 3 6 11 14 -1 2 3 -1 -2
7 -1 6 -1 2 3 4 -1 -2
12 -1 4 12 -1 1 7 16 -1 -2
4 15 -1 1 7 8 16 -1 10 11 13 16 -1 -2
7 -1 2 -1 11 -1 -2
3 -1 8 -1 2 3 6 12 -1 -2
2 4 9 13 -1 2 14 -1 2 5 7 -1 -2
9 11 16 -1 8 15 -1 16 -1 -2
2 -1 2 -1 3 5 13 14 -1 -2
5 9 -1 5 10 -1 3 11 15 16 -1 -2
1 8 11 -1 3 4 6 9 -1 1 -1 -2
15 -1 1 8 15 -1 10 -1 -2
2 9 10 14 -1 3 4 -1 7 14 -1 -2
3 7 12 -1 1 7 10 12 -1 2 6 8 15 -1 -2
12 -1 5 -1 3 -1 -2
2 10 12 -1 3 7 8 -1 6 12 -1 -2
5 9 11 16 -1 5 10 12 15 -1 9 12 13 16 -1 -2
7 13 15 16 -1 11 -1 7 -1 -2
5 8 -1 1 3 -1 3 11 -1 -2
1 3 4 13 -1 11 12 16 -1 10 12 -1 -2
3 4 8 13 -1 5 13 15 -1 3 8 15 -1 -2
7 10 12 15 -1 7 8 9 11 -1 7 8 11 -1 -2
7 10 14 -1 4 -1 4 9 12 13 -1 -2
2 7 12 13 -1 5 9 14 -1 4 10 13 -1 -2
2 6 9 15 -1 15 -1 3 5 -1 -2
14 -1 3 15 -1 3 6 12 -1 -2
1 7 12 -1 3 5 -1 4 12 -1 -2
5 -1 2 4 12 15 -1 9 -1 -2
4 5 11 15 -1 7 9 10 16 -1 6 -1 -2
2 -1 6 11 14 -1 13 14 -1 -2
15 -1 1 2 5 8 -1 6 11 13 14 -1 -2
2 6 8 -1 4 15 16 -1 10 11 -1 -2
15 -1 11 12 13 -1 1 15 -1 -2
5 9 16 -1 8 9 11 -1 10 14 -1 -2
11 14 -1 1 2 9 14 -1 6 16 -1 -2
2 4 5 -1 1 4 11 -1 5 10 16 -1 -2
1 6 11 -1 5 13 14 15 -1 8 16 -1 -2
3 8 13 -1 14 -1 5 14 -1 -2
2 5 6 -1 5 -1 2 16 -1 -2
6 8 10 11 -1 7 -1 4 5 9 -1 -2
6 11 14 15 -1 1 4 12 -1 11 12 16 -1 -2
4 10 -1 1 5 14 -1 16 -1 -2
3 4 8 11 -1 4 5 6 -1 3 -1 -2
2 3 -1 3 5 9 -1 1 5 7 11 -1 -2
3 6 14 -1 3 -1 16 -1 -2
1 3 7 15 -1 3 -1 10 -1 -2
2 6 7 15 -1 7 -1 12 -1 -2
13 15 16 -1 1 -1 2 4 -1 -2
12 -1 6 7 -1 2 6 -1 -2
12 15 -1 10 -1 1 4 -1 -2
8 9 12 14 -1 2 11 13 -1 2 4 9 -1 -2
1 4 -1 7 8 -1 13 -1 -2
6 8 -1 14 -1 2 3 9 12 -1 -2
16 -1 4 5 16 -1 7 -1 -2
2 3 4 16 -1 2 3 11 -1 7 14 -1 -2
4 6 -1 6 11 -1 2 3 12 -1 -2
2 13 -1 4 15 -1 12 15 -1 -2
6 11 15 16 -1 4 6 9 12 -1 11 13 -1 -2
2 11 15 -1 9 16 -1 5 13 -1 -2
7 9 -1 5 6 12 15 -1 6 13 -1 -2
10 -1 1 5 11 -1 9 -1 -2
2 4 12 -1 3 6 7 8 -1 12 14 -1 -2
12 15 -1 1 12 13 15 -1 4 6 13 15 -1 -2
2 16 -1 10 -1 1 -1 -2
1 11 12 13 -1 9 -1 7 -1 -2
2 10 11 -1 5 8 -1 6 10 13 -1 -2
7 -1 1 4 7 13 -1 10 -1 -2
9 -1 3 14 -1 5 6 13 14 -1 -2
8 9 -1 4 -1 1 7 11 13 -1 -2
2 6 8 -1 4 5 9 13 -1 2 6 8 -1 -2
6 14 -1 5 -1 2 12 16 -1 -2
1 11 14 -1 15 -1 13 -1 -2
1 7 9 10 -1 1 -1 13 -1 -2
4 5 10 -1 16 -1 2 3 8 -1 -2
8 -1 16 -1 9 10 13 -1 -2
11 14 -1 2 6 12 16 -1 6 11 15 -1 -2
4 10 12 -1 6 7 8 12 -1 2 3 12 -1 -2
2 6 9 -1 9 -1 10 14 15 -1 -2
1 9 12 13 -1 12 15 16 -1 4 5 8 -1 -2
4 11 -1 4 -1 9 15 -1 -2
2 5 12 15 -1 4 -1 8 9 -1 -2
5 10 -1 7 11 12 15 -1 7 8 12 13 -1 -2
6 14 -1 2 11 -1 3 5 8 -1 -2
2 3 16 -1 2 -1 6 8 10 -1 -2
11 -1 1 2 12 14 -1 5 -1 -2
5 -1 7 9 11 14 -1 8 12 -1 -2
2 9 14 15 -1 1 3 9 13 -1 5 7 13 -1 -2
16 -1 3 -1 1 16 -1 -2
4 6 13 -1 1 2 9 15 -1 2 8 9 -1 -2
7 14 -1 2 8 16 -1 1 6 11 12 -1 -2
1 4 7 9 -1 11 15 -1 3 -1 -2
1 -1 4 5 14 15 -1 2 3 7 15 -1 -2
1 8 -1 3 7 11 13 -1 4 13 -1 -2
4 6 8 13 -1 11 -1 2 11 14 -1 -2
2 5 15 -1 2 3 7 12 -1 2 9 12 15 -1 -2
5 10 13 -1 12 -1 1 5 -1 -2
1 11 -1 11 -1 5 10 -1 -2
8 10 13 -1 8 13 14 -1 16 -1 -2
3 8 11 -1 11 15 -1 7 10 -1 -2
3 -1 13 -1 4 -1 -2
5 10 14 16 -1 5 -1 1 6 10 -1 -2
1 -1 2 14 -1 5 7 13 -1 -2
1 4 -1 2 6 11 13 -1 2 6 11 -1 -2
4 10 -1 11 13 14 -1 7 10 15 16 -1 -2
3 11 -1 1 -1 5 11 14 -1 -2
1 7 13 -1 4 -1 10 -1 -2
4 6 -1 3 -1 4 5 8 13 -1 -2
5 9 -1 6 9 10 14 -1 10 12 13 -1 -2
2 5 -1 7 8 9 11 -1 6 10 11 -1 -2
1 11 -1 11 12 13 15 -1 8 12 -1 -2
8 11 -1 4 -1 1 2 14 -1 -2
7 -1 6 9 11 12 -1 3 9 14 16 -1 -2
2 12 14 15 -1 10 12 13 -1 4 5 12 -1 -2
9 -1 3 9 11 15 -1 3 10 -1 -2
3 4 10 -1 2 -1 6 13 15 -1 -2
2 6 15 16 -1 1 10 12 -1 3 6 12 13 -1 -2
2 8 14 -1 6 7 10 -1 8 10 -1 -2
13 -1 2 -1 3 -1 -2
8 10 11 16 -1 9 -1 6 12 -1 -2
1 -1 11 12 14 -1 1 -1 -2
3 4 12 15 -1 3 11 14 15 -1 7 -1 -2
11 16 -1 3 10 12 16 -1 6 8 14 16 -1 -2
6 8 13 -1 5 6 15 -1 3 9 12 14 -1 -2
5 8 -1 9 -1 12 -1 -2
2 9 12 16 -1 6 15 -1 1 11 16 -1 -2
5 10 16 -1 2 5 9 15 -1 1 6 8 10 -1 -2
8 10 12 -1 10 11 16 -1 1 5 6 -1 -2
3 5 14 -1 11 -1 11 -1 -2
2 -1 3 13 15 -1 2 12 -1 -2
1 10 13 15 -1 1 5 11 16 -1 2 7 -1 -2
5 -1 1 10 16 -1 5 6 -1 -2
14 -1 12 -1 1 7 -1 -2
3 11 -1 3 14 16 -1 3 11 14 15 -1 -2
9 16 -1 10 15 -1 15 16 -1 -2
1 2 -1 7 9 -1 1 3 6 -1 -2
2 5 7 -1 1 10 16 -1 2 8 12 -1 -2
1 11 -1 7 9 14 -1 4 6 8 -1 -2
2 4 12 14 -1 7 -1 8 10 12 16 -1 -2
1 -1 6 8 9 14 -1 1 11 -1 -2
8 -1 8 9 12 16 -1 8 -1 -2
2 7 8 -1 8 10 -1 1 3 14 -1 -2
1 5 12 15 -1 4 8 -1 1 2 11 15 -1 -2
4 -1 3 12 -1 2 7 12 -1 -2
4 10 12 15 -1 7 11 12 -1 10 11 12 -1 -2
5 7 9 -1 13 -1 9 16 -1 -2
13 -1 14 -1 16 -1 -2
6 9 16 -1 9 -1 1 11 13 -1 -2
4 13 -1 12 13 -1 6 10 16 -1 -2
5 11 -1 15 -1 2 3 6 -1 -2
6 9 11 16 -1 7 -1 15 -1 -2
1 2 11 14 -1 3 -1 4 5 -1 -2
2 6 -1 3 6 -1 4 -1 -2
8 16 -1 1 2 8 11 -1 6 9 12 15 -1 -2
13 15 -1 13 -1 1 12 13 -1 -2
16 -1 5 12 13 16 -1 10 -1 -2
4 6 12 14 -1 3 5 13 -1 7 16 -1 -2
13 -1 1 13 -1 1 5 6 -1 -2
4 10 11 16 -1 1 2 4 11 -1 9 10 -1 -2
1 7 -1 3 5 11 15 -1 1 14 16 -1 -2
9 -1 4 -1 5 14 -1 -2
3 10 -1 5 8 10 11 -1 3 6 16 -1 -2
2 6 9 10 -1 8 -1 2 -1 -2
10 -1 14 -1 7 -1 -2
8 -1 6 8 12 14 -1 13 -1 -2
14 16 -1 1 3 7 11 -1 4 6 11 -1 -2
6 9 12 15 -1 3 -1 10 -1 -2
5 7 8 -1 4 5 11 -1 2 3 4 9 -1 -2
3 13 -1 2 13 -1 2 11 13 -1 -2
2 -1 12 -1 1 2 7 9 -1 -2
4 5 7 11 -1 1 5 15 -1 14 -1 -2
2 -1 8 11 13 -1 15 -1 -2
4 10 12 16 -1 3 9 14 -1 8 16 -1 -2
4 -1 3 9 12 13 -1 7 8 -1 -2
3 5 15 -1 3 12 15 16 -1 2 9 10 -1 -2
4 13 -1 14 16 -1 6 -1 -2
6 8 12 -1 8 13 15 16 -1 3 9 13 -1 -2
5 6 7 12 -1 13 14 -1 5 15 -1 -2
6 16 -1 3 5 6 7 -1 10 -1 -2
4 7 8 15 -1 6 8 9 -1 13 -1 -2
12 13 -1 8 10 -1 2 8 13 14 -1 -2
11 -1 1 5 9 16 -1 12 14 -1 -2
3 6 -1 10 11 -1 1 6 10 14 -1 -2
16 -1 6 11 15 -1 7 12 13 16 -1 -2
2 3 8 -1 2 15 -1 7 11 14 16 -1 -2
8 16 -1 3 -1 2 -1 -2
5 16 -1 13 16 -1 1 6 7 13 -1 -2
1 6 12 -1 6 -1 14 -1 -2
3 12 -1 2 -1 16 -1 -2
11 -1 13 -1 5 9 -1 -2
2 -1 8 11 13 -1 8 10 -1 -2
15 -1 11 15 16 -1 4 11 13 -1 -2
10 15 16 -1 8 10 -1 4 -1 -2
4 9 15 -1 7 11 14 -1 7 9 13 -1 -2
4 6 14 -1 10 -1 2 6 7 -1 -2
5 9 12 15 -1 4 7 12 13 -1 11 -1 -2
2 4 -1 13 -1 2 6 10 -1 -2
7 16 -1 2 9 -1 1 3 11 -1 -2
14 -1 1 7 8 11 -1 4 -1 -2
6 7 8 12 -1 15 -1 1 16 -1 -2
12 -1 7 -1 1 6 7 8 -1 -2
3 8 9 -1 8 -1 4 5 10 15 -1 -2
11 14 16 -1 1 13 -1 3 13 -1 -2
5 6 13 -1 2 -1 3 6 7 -1 -2
9 -1 12 16 -1 7 9 16 -1 -2
1 7 11 14 -1 13 16 -1 2 7 9 -1 -2
6 8 -1 16 -1 11 16 -1 -2
1 10 13 -1 2 4 10 -1 1 3 9 -1 -2
7 -1 4 7 -1 3 6 16 -1 -2
4 -1 6 15 -1 2 3 8 12 -1 -2
16 -1 6 11 16 -1 6 16 -1 -2
13 16 -1 8 14 16 -1 2 10 13 16 -1 -2
1 5 11 14 -1 6 10 13 15 -1 4 12 13 -1 -2
11 -1 5 -1 1 4 5 -1 -2
2 14 -1 2 4 5 9 -1 1 6 12 -1 -2
1 4 -1 2 15 -1 8 16 -1 -2
1 3 11 13 -1 8 12 13 -1 9 -1 -2
2 4 5 13 -1 7 12 16 -1 8 -1 -2
1 5 10 12 -1 4 9 14 16 -1 12 -1 -2
6 11 14 -1 12 -1 6 7 9 10 -1 -2
4 12 -1 1 2 11 12 -1 5 -1 -2
10 -1 8 11 -1 12 15 -1 -2
4 14 -1 16 -1 9 15 -1 -2
2 3 4 -1 2 -1 4 5 9 16 -1 -2
7 -1 10 -1 2 14 15 16 -1 -2
2 3 4 11 -1 5 6 16 -1 4 6 14 16 -1 -2
4 10 13 16 -1 13 16 -1 5 6 9 -1 -2
1 7 9 12 -1 12 -1 1 2 9 15 -1 -2
4 13 -1 10 -1 8 11 14 -1 -2
2 3 11 14 -1 1 11 16 -1 15 -1 -2
11 -1 1 4 5 13 -1 10 -1 -2
1 3 7 10 -1 1 4 10 14 -1 2 3 5 -1 -2
3 5 9 12 -1 2 3 10 -1 6 11 15 -1 -2
15 -1 1 9 16 -1 8 11 14 -1 -2
3 5 6 7 -1 1 5 8 -1 3 7 -1 -2
2 7 16 -1 13 14 -1 1 2 14 15 -1 -2
10 11 -1 1 5 12 -1 8 12 16 -1 -2
2 11 -1 1 11 -1 9 16 -1 -2
6 7 8 -1 4 -1 6 11 15 -1 -2
2 9 -1 1 6 13 -1 8 15 -1 -2
1 3 13 16 -1 6 9 14 -1 15 -1 -2
4 9 13 -1 5 7 12 -1 9 10 11 -1 -2
4 8 12 14 -1 9 11 14 -1 8 -1 -2
13 -1 2 -1 3 10 11 14 -1 -2
1 -1 6 8 9 -1 16 -1 -2
1 3 11 15 -1 3 4 14 -1 9 15 -1 -2
9 -1 12 16 -1 4 8 9 10 -1 -2
9 14 -1 15 -1 3 6 8 -1 -2
2 3 4 5 -1 2 5 9 10 -1 6 13 -1 -2
3 11 -1 1 13 -1 3 9 10 16 -1 -2
8 -1 3 7 15 16 -1 10 13 -1 -2
3 12 15 -1 8 -1 3 4 15 -1 -2
16 -1 1 2 9 13 -1 2 10 13 -1 -2
4 9 16 -1 7 10 -1 10 12 14 -1 -2
5 7 15 16 -1 16 -1 3 -1 -2
9 -1 10 12 -1 2 7 12 14 -1 -2
12 16 -1 1 4 8 -1 4 5 7 -1 -2
8 -1 4 13 -1 6 7 8 9 -1 -2
10 -1 6 10 11 -1 10 11 13 -1 -2
1 5 8 15 -1 6 11 12 16 -1 5 12 -1 -2
2 10 14 15 -1 11 -1 3 4 7 -1 -2
4 -1 2 3 5 16 -1 10 -1 -2
11 14 -1 1 7 12 -1 10 -1 -2
1 8 9 -1 1 3 11 -1 12 -1 -2
5 7 14 -1 5 -1 1 5 8 12 -1 -2
7 12 -1 3 10 14 16 -1 1 4 6 -1 -2
13 -1 2 9 -1 12 14 -1 -2
14 -1 6 14 -1 4 5 16 -1 -2
3 11 14 -1 5 -1 14 15 -1 -2
7 8 11 12 -1 1 4 14 -1 3 7 -1 -2
5 9 14 -1 5 -1 2 9 15 16 -1 -2
9 14 -1 8 15 -1 2 6 15 -1 -2
1 5 14 -1 7 10 11 -1 1 7 13 15 -1 -2
1 7 10 11 -1 2 3 8 15 -1 9 -1 -2
8 -1 11 -1 7 11 12 13 -1 -2
5 12 -1 1 8 11 12 -1 1 8 14 15 -1 -2
7 10 11 -1 1 2 7 11 -1 13 -1 -2
6 9 -1 12 13 -1 2 7 11 -1 -2
7 10 16 -1 1 4 7 10 -1 7 -1 -2
4 15 -1 7 9 -1 4 6 14 -1 -2
1 11 -1 4 10 12 -1 3 -1 -2
4 5 13 -1 8 10 12 -1 1 3 10 -1 -2
1 2 5 15 -1 3 4 6 10 -1 1 8 10 -1 -2
1 9 14 15 -1 6 -1 1 6 11 -1 -2
1 2 9 -1 1 4 9 10 -1 1 3 -1 -2
9 10 -1 7 14 15 -1 2 16 -1 -2
6 8 -1 1 3 7 13 -1 1 3 7 8 -1 -2
1 2 10 -1 2 10 14 -1 4 -1 -2
4 8 9 14 -1 7 11 12 -1 12 13 16 -1 -2
4 7 16 -1 9 -1 15 -1 -2
1 6 -1 3 7 9 14 -1 5 8 11 13 -1 -2
2 -1 3 -1 12 15 -1 -2
2 11 13 14 -1 3 11 12 14 -1 2 -1 -2
4 6 8 16 -1 4 11 16 -1 1 -1 -2
13 -1 14 -1 2 3 7 -1 -2
6 7 8 12 -1 4 -1 13 -1 -2
13 -1 6 -1 5 14 -1 -2
7 -1 2 3 11 -1 4 9 14 -1 -2
3 6 14 -1 5 11 -1 8 10 11 -1 -2
3 5 8 -1 15 16 -1 3 6 10 14 -1 -2
4 7 15 16 -1 1 4 8 16 -1 3 6 10 -1 -2
3 13 -1 9 -1 5 9 10 13 -1 -2
4 9 -1 3 5 11 14 -1 6 7 9 -1 -2
7 9 -1 6 12 -1 3 4 6 12 -1 -2
3 15 -1 14 -1 10 14 -1 -2
1 10 11 16 -1 2 5 12 -1 5 13 15 -1 -2
4 -1 3 9 13 14 -1 7 9 11 -1 -2
2 7 -1 4 15 -1 8 9 13 16 -1 -2
5 11 14 15 -1 8 -1 10 14 -1 -2
9 15 -1 6 -1 5 10 16 -1 -2
10 -1 10 -1 4 6 7 -1 -2
2 8 9 10 -1 3 12 14 -1 8 -1 -2
5 9 -1 4 -1 4 11 -1 -2
3 6 7 15 -1 4 6 9 11 -1 15 -1 -2
3 6 11 15 -1 6 7 13 15 -1 12 -1 -2
13 14 -1 3 13 14 -1 13 -1 -2
5 -1 14 -1 4 -1 -2
2 9 -1 1 5 9 16 -1 8 9 -1 -2
4 5 6 -1 6 14 -1 6 13 16 -1 -2
1 4 11 -1 3 -1 3 12 13 -1 -2
1 8 12 -1 1 4 -1 10 11 13 16 -1 -2
13 16 -1 3 5 11 15 -1 1 5 -1 -2
3 15 -1 1 -1 3 9 14 15 -1 -2
1 5 9 11 -1 3 7 8 10 -1 3 13 14 15 -1 -2
16 -1 2 14 -1 8 10 -1 -2
5 9 10 -1 14 16 -1 7 8 9 10 -1 -2
1 6 -1 6 8 16 -1 4 7 15 16 -1 -2
6 7 14 -1 14 -1 2 16 -1 -2
3 14 -1 4 -1 7 -1 -2
14 -1 8 9 12 15 -1 10 15 16 -1 -2
3 -1 2 3 13 -1 1 7 10 16 -1 -2
9 12 -1 3 13 14 -1 11 15 -1 -2
14 -1 2 4 8 -1 1 4 15 16 -1 -2
7 14 -1 11 12 16 -1 7 10 14 -1 -2
2 -1 11 -1 11 -1 -2
1 5 9 15 -1 1 2 9 -1 1 4 9 12 -1 -2
12 16 -1 4 12 14 -1 2 5 11 14 -1 -2
3 5 6 12 -1 1 2 13 -1 2 3 4 15 -1 -2
16 -1 13 -1 10 15 -1 -2
9 -1 2 16 -1 1 6 8 15 -1 -2
1 3 -1 1 3 5 -1 4 8 12 13 -1 -2
1 11 15 -1 7 -1 4 8 10 -1 -2
4 9 10 14 -1 11 12 -1 7 8 11 16 -1 -2
6 16 -1 7 -1 1 5 9 12 -1 -2
7 -1 2 10 12 -1 1 9 -1 -2
6 9 10 15 -1 5 -1 3 5 7 11 -1 -2
1 14 -1 4 5 7 11 -1 3 7 15 -1 -2
4 11 13 14 -1 12 -1 5 15 -1 -2
5 -1 9 16 -1 2 4 8 -1 -2
2 5 -1 3 6 7 11 -1 4 -1 -2
16 -1 9 -1 14 -1 -2
6 13 16 -1 1 7 8 16 -1 2 -1 -2
2 4 -1 14 -1 15 -1 -2
4 6 9 15 -1 9 10 11 16 -1 8 12 -1 -2
2 8 -1 8 11 15 -1 11 13 16 -1 -2
4 9 11 -1 1 9 15 -1 2 8 -1 -2
13 -1 16 -1 3 7 9 -1 -2
1 10 -1 8 9 -1 2 3 5 14 -1 -2
15 16 -1 1 4 12 15 -1 10 12 14 16 -1 -2
1 15 16 -1 8 -1 6 8 -1 -2
4 7 9 10 -1 9 10 11 -1 2 3 8 14 -1 -2
2 13 -1 2 4 14 -1 3 14 15 -1 -2
7 10 13 14 -1 2 4 14 16 -1 2 10 -1 -2
3 8 12 16 -1 1 4 8 11 -1 1 7 14 -1 -2
1 6 12 -1 2 8 13 16 -1 3 5 -1 -2
5 -1 4 8 13 -1 3 6 10 -1 -2
3 11 14 -1 10 -1 10 -1 -2
1 -1 6 7 15 -1 1 4 9 -1 -2
3 9 10 -1 4 6 7 -1 2 -1 -2
1 2 6 8 -1 4 5 6 10 -1 8 10 15 -1 -2
6 12 16 -1 9 12 13 -1 9 13 14 -1 -2
9 14 16 -1 4 9 11 -1 1 8 16 -1 -2
1 3 7 10 -1 11 -1 3 5 7 -1 -2
9 16 -1 5 6 10 13 -1 3 14 -1 -2
6 -1 10 13 16 -1 4 -1 -2
3 14 -1 1 13 15 -1 1 5 7 12 -1 -2
5 6 12 13 -1 5 8 12 14 -1 5 -1 -2
1 3 6 8 -1 3 7 14 -1 4 7 14 -1 -2
13 -1 7 -1 3 4 9 12 -1 -2
13 -1 3 11 12 14 -1 2 4 7 -1 -2
1 3 14 15 -1 1 11 -1 3 9 -1 -2
12 14 16 -1 3 8 -1 2 4 11 -1 -2
11 13 14 15 -1 4 5 12 14 -1 7 10 -1 -2
2 4 14 -1 11 14 -1 1 4 10 -1 -2
10 -1 10 -1 3 8 12 -1 -2
2 7 10 15 -1 7 11 16 -1 13 -1 -2
3 9 15 -1 8 10 -1 2 13 15 -1 -2
4 5 11 15 -1 11 13 14 16 -1 4 6 16 -1 -2
7 10 -1 3 4 8 15 -1 2 4 10 -1 -2
2 6 14 -1 6 12 15 -1 3 16 -1 -2
13 -1 4 7 16 -1 5 12 15 -1 -2
9 13 -1 4 -1 9 11 13 -1 -2
6 -1 1 16 -1 4 7 14 -1 -2
7 9 12 -1 4 12 13 15 -1 5 -1 -2
4 16 -1 9 -1 1 3 4 11 -1 -2
5 15 -1 4 8 10 12 -1 10 -1 -2
10 14 16 -1 6 8 -1 3 7 10 13 -1 -2
3 11 14 -1 5 9 13 15 -1 2 5 8 12 -1 -2
11 -1 7 -1 13 15 -1 -2
13 -1 8 12 -1 2 -1 -2
6 8 14 -1 4 7 13 -1 13 -1 -2
6 12 -1 1 3 13 -1 5 12 13 -1 -2
7 12 -1 4 5 6 11 -1 10 11 -1 -2
2 3 14 16 -1 3 13 15 -1 2 5 9 -1 -2
12 -1 7 8 15 -1 8 11 -1 -2
10 12 16 -1 3 7 11 16 -1 1 4 10 -1 -2
3 6 11 -1 8 -1 7 -1 -2
10 11 16 -1 2 13 -1 2 3 7 11 -1 -2
12 13 -1 16 -1 4 8 11 -1 -2
6 11 -1 2 6 11 15 -1 2 8 9 -1 -2
1 12 -1 3 7 10 14 -1 4 8 -1 -2
1 4 14 16 -1 15 -1 1 15 -1 -2
12 13 -1 4 7 14 -1 8 -1 -2
3 10 11 -1 4 16 -1 9 13 15 16 -1 -2
1 7 14 15 -1 1 9 -1 7 8 12 13 -1 -2
10 14 16 -1 1 4 -1 1 2 4 14 -1 -2
10 16 -1 5 -1 2 10 14 -1 -2
4 6 8 9 -1 5 13 -1 2 -1 -2
5 7 -1 3 8 -1 12 -1 -2
12 -1 3 4 11 -1 9 10 -1 -2
1 2 3 4 -1 7 -1 5 10 -1 -2
14 -1 2 7 10 13 -1 1 -1 -2
12 15 -1 1 2 -1 3 14 15 16 -1 -2
1 -1 10 15 16 -1 2 12 -1 -2
10 12 14 -1 1 4 9 13 -1 3 4 11 16 -1 -2
11 12 15 -1 4 5 12 16 -1 6 13 15 -1 -2
2 -1 1 2 4 -1 2 11 14 -1 -2
4 10 12 13 -1 7 -1 8 -1 -2
2 10 11 15 -1 4 6 7 13 -1 1 11 -1 -2
1 10 11 -1 8 -1 3 9 12 -1 -2
5 6 13 -1 10 -1 2 3 8 13 -1 -2
5 -1 11 14 -1 15 -1 -2
5 13 -1 15 -1 11 14 -1 -2
13 16 -1 5 7 8 -1 2 4 6 11 -1 -2
2 4 9 14 -1 5 7 8 10 -1 7 16 -1 -2
4 7 -1 2 13 15 -1 1 10 11 15 -1 -2
16 -1 4 -1 7 11 15 -1 -2
6 12 14 16 -1 14 -1 6 11 13 15 -1 -2
14 -1 1 8 11 12 -1 2 12 13 16 -1 -2
1 -1 8 9 12 13 -1 7 8 9 -1 -2
2 5 13 -1 1 10 14 -1 1 -1 -2
6 7 9 15 -1 9 14 -1 3 7 8 14 -1 -2
4 7 10 -1 1 6 9 -1 4 5 -1 -2
5 12 -1 3 4 13 16 -1 1 4 8 14 -1 -2
7 13 -1 2 10 13 -1 16 -1 -2
9 -1 2 7 -1 4 15 -1 -2
10 12 -1 2 3 9 10 -1 3 -1 -2
4 7 12 16 -1 6 8 14 -1 2 6 10 -1 -2
5 9 12 -1 5 -1 5 -1 -2
5 8 10 -1 10 13 -1 1 3 9 16 -1 -2
10 -1 4 7 9 -1 3 9 11 -1 -2
13 -1 2 6 7 9 -1 1 5 15 -1 -2
8 12 -1 12 -1 2 4 8 11 -1 -2
4 6 9 -1 7 -1 13 -1 -2
7 9 12 -1 3 -1 5 12 14 16 -1 -2
11 14 -1 8 -1 6 7 8 15 -1 -2
8 12 15 -1 1 3 9 15 -1 2 -1 -2
6 15 -1 3 4 11 14 -1 6 8 15 -1 -2
6 12 14 16 -1 7 13 14 15 -1 6 7 15 16 -1 -2
9 10 15 -1 9 14 -1 2 4 8 9 -1 -2
11 -1 5 11 14 -1 6 14 15 -1 -2
12 14 -1 1 6 12 -1 7 8 11 16 -1 -2
7 10 12 13 -1 3 5 -1 6 -1 -2
1 3 4 13 -1 16 -1 5 6 -1 -2
9 12 15 -1 10 -1 10 -1 -2
2 9 -1 8 11 12 -1 14 -1 -2
4 8 -1 6 -1 4 12 -1 -2
5 11 -1 1 2 3 6 -1 5 10 15 -1 -2
10 12 -1 13 -1 7 9 14 -1 -2
3 5 8 9 -1 2 9 -1 4 12 14 15 -1 -2
2 3 8 -1 7 -1 2 4 9 10 -1 -2
4 5 13 16 -1 2 5 12 14 -1 3 8 9 -1 -2
3 7 12 -1 7 10 12 16 -1 2 8 11 -1 -2
1 -1 2 14 15 -1 2 4 15 -1 -2
2 7 16 -1 8 14 -1 13 -1 -2
1 -1 2 10 12 14 -1 4 6 7 8 -1 -2
3 10 15 -1 12 16 -1 1 -1 -2
10 11 13 15 -1 5 6 7 -1 4 6 -1 -2
16 -1 3 -1 10 -1 -2
13 -1 10 -1 3 8 13 -1 -2
1 7 8 13 -1 3 9 15 -1 6 9 -1 -2
7 8 12 -1 10 13 14 15 -1 7 8 11 13 -1 -2
6 12 -1 7 -1 11 14 -1 -2
3 -1 7 9 14 -1 7 8 11 16 -1 -2
9 15 -1 6 7 11 -1 10 13 -1 -2
10 -1 15 -1 5 12 -1 -2
4 -1 1 14 -1 4 5 13 -1 -2
11 -1 8 9 10 16 -1 14 -1 -2
1 6 11 15 -1 2 6 7 13 -1 2 9 -1 -2
16 -1 2 9 11 15 -1 1 3 8 -1 -2
4 15 16 -1 6 12 -1 2 12 -1 -2
1 10 -1 2 9 -1 13 -1 -2
1 8 16 -1 12 14 -1 2 7 -1 -2
3 8 15 -1 1 -1 8 13 16 -1 -2
7 -1 4 13 15 -1 3 4 16 -1 -2
2 16 -1 10 12 13 -1 1 -1 -2
1 7 10 16 -1 4 7 9 -1 10 -1 -2
2 5 -1 1 5 7 8 -1 3 -1 -2
6 12 -1 2 3 10 15 -1 5 9 13 15 -1 -2
4 13 15 -1 8 9 13 -1 4 9 -1 -2
10 -1 1 3 4 14 -1 2 -1 -2
1 2 4 13 -1 3 6 -1 6 14 -1 -2
1 7 13 16 -1 8 -1 9 10 -1 -2
2 3 -1 3 5 8 14 -1 4 5 7 9 -1 -2
1 13 -1 1 13 -1 8 -1 -2
6 13 16 -1 5 -1 1 3 14 -1 -2
2 10 15 -1 3 9 10 12 -1 4 7 15 -1 -2
5 12 13 -1 9 -1 12 -1 -2
5 -1 13 -1 14 -1 -2
3 4 6 12 -1 4 9 11 12 -1 4 15 -1 -2
1 7 8 -1 1 13 16 -1 3 11 -1 -2
1 -1 10 -1 5 6 7 -1 -2
1 2 -1 2 -1 2 4 8 14 -1 -2
11 -1 4 16 -1 12 -1 -2
6 16 -1 6 11 14 15 -1 8 -1 -2
4 5 10 -1 6 12 -1 5 9 -1 -2
1 8 13 -1 1 6 7 -1 3 5 9 -1 -2
1 12 14 -1 1 4 -1 6 11 -1 -2
5 12 14 -1 5 8 16 -1 1 2 7 -1 -2
6 7 9 13 -1 2 12 16 -1 11 15 16 -1 -2
3 12 14 15 -1 2 4 7 -1 4 5 6 16 -1 -2
2 6 11 13 -1 3 -1 3 7 13 16 -1 -2
6 8 -1 3 6 13 16 -1 3 13 15 -1 -2
6 -1 5 7 13 15 -1 3 11 13 15 -1 -2
1 3 13 14 -1 8 -1 4 6 -1 -2
1 2 4 16 -1 9 11 12 15 -1 5 13 -1 -2
5 7 13 -1 8 9 -1 4 7 8 -1 -2
7 -1 6 9 11 -1 4 6 9 -1 -2
1 9 13 -1 2 15 -1 3 4 5 10 -1 -2
3 -1 2 11 -1 9 -1 -2
7 14 16 -1 9 14 -1 3 8 12 -1 -2
9 15 -1 1 9 13 14 -1 6 15 -1 -2
8 11 16 -1 5 15 -1 11 -1 -2
6 13 -1 3 -1 3 5 7 10 -1 -2
2 5 -1 9 -1 5 -1 -2
7 -1 6 15 -1 3 10 11 -1 -2
1 7 9 10 -1 3 5 6 12 -1 2 4 15 -1 -2
7 9 10 14 -1 7 12 -1 10 -1 -2
4 -1 4 5 8 9 -1 4 15 -1 -2
10 -1 3 5 13 16 -1 1 2 7 10 -1 -2
3 7 14 -1 3 -1 12 13 15 -1 -2
1 5 7 12 -1 5 -1 4 9 16 -1 -2
12 -1 8 12 16 -1 1 5 6 -1 -2
3 4 -1 3 10 16 -1 3 6 13 -1 -2
6 8 -1 9 12 -1 2 8 -1 -2
13 -1 5 -1 10 11 13 15 -1 -2
15 -1 7 11 15 -1 5 13 -1 -2
8 13 -1 3 12 -1 2 12 13 -1 -2
9 11 16 -1 7 -1 1 6 12 15 -1 -2
1 4 -1 1 5 11 -1 4 14 15 -1 -2
4 -1 5 12 -1 4 7 8 14 -1 -2
2 7 16 -1 9 11 14 -1 3 5 10 13 -1 -2
1 10 14 -1 1 12 15 -1 1 2 5 11 -1 -2
4 14 15 -1 10 14 -1 7 11 12 -1 -2
7 9 15 -1 4 5 11 14 -1 10 12 -1 -2
3 10 13 -1 1 3 4 14 -1 6 8 16 -1 -2
2 12 13 -1 8 -1 2 4 9 12 -1 -2
1 14 -1 7 -1 1 4 6 -1 -2
8 -1 1 3 7 -1 5 -1 -2
10 13 -1 4 5 14 -1 1 5 15 -1 -2
1 10 11 14 -1 2 6 -1 1 3 8 -1 -2
2 15 16 -1 3 6 14 16 -1 8 9 12 16 -1 -2
1 12 -1 2 3 8 -1 1 14 15 -1 -2
4 8 11 -1 10 13 14 -1 5 12 13 -1 -2
12 -1 3 4 11 -1 6 8 10 15 -1 -2
1 -1 3 10 12 -1 5 -1 -2
8 13 -1 3 10 13 -1 1 8 13 16 -1 -2
9 10 14 -1 3 -1 1 3 4 14 -1 -2
2 7 -1 3 9 14 15 -1 15 16 -1 -2
7 9 11 12 -1 3 4 12 -1 10 11 -1 -2
4 14 16 -1 1 8 -1 11 -1 -2
14 -1 3 9 -1 1 13 -1 -2
8 15 16 -1 14 -1 8 9 11 -1 -2
8 13 -1 5 -1 6 10 11 12 -1 -2
1 10 12 -1 3 -1 4 8 -1 -2
5 -1 10 14 16 -1 4 -1 -2
5 7 11 -1 2 5 -1 3 5 -1 -2
3 7 -1 1 2 6 13 -1 2 -1 -2
4 6 -1 3 6 15 -1 1 8 13 14 -1 -2
8 13 16 -1 2 9 16 -1 6 7 9 -1 -2
11 -1 6 -1 8 10 -1 -2
5 13 14 16 -1 2 12 14 -1 5 11 14 -1 -2
13 -1 4 5 10 -1 2 -1 -2
6 8 -1 16 -1 2 6 14 -1 -2
3 16 -1 1 3 15 16 -1 15 -1 -2
7 -1 2 11 -1 2 15 -1 -2
2 6 13 -1 4 8 11 -1 2 4 7 15 -1 -2
6 10 14 -1 2 9 11 12 -1 3 6 -1 -2
3 -1 1 8 -1 1 11 -1 -2
2 5 10 13 -1 12 -1 9 11 13 16 -1 -2
5 -1 2 3 10 15 -1 9 10 11 -1 -2
6 11 12 15 -1 9 -1 2 3 11 -1 -2
2 8 12 13 -1 2 3 14 15 -1 8 13 15 -1 -2
14 -1 3 10 -1 1 7 14 -1 -2
2 3 4 -1 3 4 8 15 -1 3 16 -1 -2
7 -1 12 -1 15 -1 -2
5 7 12 15 -1 1 3 -1 2 8 11 16 -1 -2
2 -1 10 12 -1 6 12 14 -1 -2
7 8 12 15 -1 1 11 -1 12 -1 -2
3 -1 14 15 -1 7 11 15 -1 -2
1 3 5 15 -1 1 4 8 -1 1 3 10 -1 -2
3 4 -1 3 6 12 -1 8 10 13 16 -1 -2
5 -1 1 8 14 16 -1 5 9 10 12 -1 -2
2 6 7 8 -1 3 -1 3 -1 -2
8 11 16 -1 3 9 13 -1 5 -1 -2
5 14 -1 7 8 -1 8 16 -1 -2
2 6 8 11 -1 3 4 8 -1 5 13 -1 -2
5 6 -1 4 5 10 15 -1 8 -1 -2
5 7 8 -1 8 -1 8 12 -1 -2
15 -1 2 8 -1 5 9 15 -1 -2
3 6 7 -1 2 7 10 16 -1 1 4 6 14 -1 -2
6 -1 3 11 -1 9 12 13 -1 -2
5 10 15 -1 1 5 6 12 -1 15 -1 -2
5 9 -1 1 7 9 16 -1 2 3 10 -1 -2
9 12 14 15 -1 3 15 16 -1 6 8 10 14 -1 -2
1 6 9 14 -1 1 9 -1 2 8 13 -1 -2
15 16 -1 3 4 -1 1 2 -1 -2
2 3 -1 3 6 8 16 -1 5 6 9 14 -1 -2
3 -1 6 -1 5 7 13 -1 -2
7 10 13 -1 7 14 15 -1 1 3 9 14 -1 -2
4 5 -1 8 11 -1 15 -1 -2
7 10 -1 4 5 8 15 -1 4 6 14 16 -1 -2
9 -1 1 15 -1 4 8 -1 -2
3 4 6 8 -1 3 7 -1 10 -1 -2
4 15 16 -1 1 4 6 8 -1 11 -1 -2
2 3 -1 10 -1 5 -1 -2
15 16 -1 7 11 15 -1 4 5 -1 -2
3 5 7 15 -1 16 -1 6 16 -1 -2
4 -1 13 14 15 -1 4 6 7 15 -1 -2
9 10 -1 2 13 15 16 -1 16 -1 -2
5 6 -1 5 7 9 -1 3 4 6 15 -1 -2
1 11 16 -1 2 6 11 -1 15 -1 -2
3 7 -1 11 13 15 -1 14 -1 -2
3 4 9 12 -1 7 10 15 -1 9 12 -1 -2
3 6 8 10 -1 4 8 9 11 -1 3 5 8 13 -1 -2
8 10 -1 1 2 3 16 -1 7 15 16 -1 -2
5 15 -1 15 -1 3 11 12 14 -1 -2
3 8 15 16 -1 2 7 -1 3 7 13 -1 -2
8 16 -1 9 10 -1 8 15 -1 -2
8 11 -1 9 11 14 15 -1 4 12 13 16 -1 -2
6 8 11 -1 3 7 -1 6 10 12 13 -1 -2
6 11 15 -1 3 10 15 -1 3 5 10 13 -1 -2
7 14 -1 8 9 12 13 -1 3 12 13 16 -1 -2
9 -1 5 -1 2 3 5 13 -1 -2
4 5 13 -1 3 -1 3 5 9 11 -1 -2
4 6 -1 4 8 11 14 -1 2 11 16 -1 -2
10 15 -1 3 15 -1 12 13 -1 -2
4 -1 3 10 15 -1 6 -1 -2
1 3 9 15 -1 5 6 10 13 -1 1 4 7 11 -1 -2
14 -1 10 -1 12 -1 -2
7 8 14 -1 3 10 -1 3 10 -1 -2
14 -1 1 5 -1 10 15 -1 -2
6 11 14 -1 5 6 8 10 -1 8 -1 -2
4 5 9 -1 2 6 10 12 -1 2 7 8 -1 -2
4 5 16 -1 4 8 14 15 -1 3 12 15 -1 -2
5 6 8 -1 8 11 14 -1 2 -1 -2
2 7 8 15 -1 12 -1 3 10 -1 -2
2 9 -1 4 12 16 -1 4 7 13 15 -1 -2
2 -1 2 8 13 14 -1 13 16 -1 -2
8 -1 3 6 8 16 -1 6 15 -1 -2
8 10 15 -1 2 6 7 -1 1 4 15 -1 -2
4 10 -1 4 7 8 9 -1 1 4 8 11 -1 -2
9 10 13 -1 1 5 14 -1 4 5 11 13 -1 -2
5 13 15 -1 3 -1 5 12 13 -1 -2
3 -1 2 3 -1 1 5 -1 -2
7 -1 5 7 9 13 -1 1 2 13 15 -1 -2
2 7 8 13 -1 9 -1 9 16 -1 -2
3 5 10 12 -1 3 12 -1 6 -1 -2
9 11 15 -1 2 8 11 12 -1 2 8 9 13 -1 -2
1 13 16 -1 5 -1 7 10 14 15 -1 -2
4 6 15 -1 11 -1 2 16 -1 -2
2 12 -1 4 7 14 -1 10 -1 -2
6 8 10 13 -1 6 -1 8 14 -1 -2
2 -1 6 8 -1 4 10 -1 -2
9 -1 2 6 7 -1 10 15 -1 -2
2 8 14 -1 3 10 14 15 -1 6 -1 -2
5 13 16 -1 2 14 -1 12 13 -1 -2
4 -1 3 -1 13 -1 -2
2 13 -1 7 10 -1 6 -1 -2
6 11 14 16 -1 2 4 6 12 -1 3 8 11 14 -1 -2
13 15 -1 3 4 11 -1 5 12 -1 -2
5 10 -1 1 2 6 -1 1 6 -1 -2
3 6 -1 7 14 -1 4 -1 -2
3 9 16 -1 2 -1 1 6 9 10 -1 -2
12 -1 10 -1 2 3 8 9 -1 -2
1 2 10 -1 3 7 11 15 -1 4 9 14 -1 -2
6 -1 11 -1 10 -1 -2
1 4 -1 7 14 16 -1 9 10 11 15 -1 -2
5 13 -1 15 -1 2 16 -1 -2
6 -1 1 5 16 -1 6 15 -1 -2
6 8 10 -1 3 13 -1 2 11 -1 -2
7 -1 1 10 11 15 -1 16 -1 -2
3 6 7 11 -1 8 9 -1 5 6 10 12 -1 -2
1 5 7 14 -1 1 14 -1 3 -1 -2
9 10 14 -1 1 6 7 -1 5 10 12 -1 -2
1 2 5 16 -1 10 14 -1 7 13 14 -1 -2
14 -1 2 7 14 -1 1 8 10 12 -1 -2
2 11 15 -1 9 -1 3 14 -1 -2
2 3 -1 2 8 15 16 -1 3 15 -1 -2
1 4 7 -1 5 9 -1 1 7 14 16 -1 -2
4 6 10 12 -1 5 7 -1 4 7 -1 -2
8 12 15 -1 2 3 14 -1 3 9 14 -1 -2
2 5 10 14 -1 2 9 -1 1 -1 -2
3 5 12 16 -1 4 7 9 -1 3 11 12 -1 -2
8 9 11 -1 1 10 12 13 -1 14 16 -1 -2
6 7 10 -1 3 14 -1 3 12 14 16 -1 -2
12 16 -1 7 -1 1 8 -1 -2
6 12 -1 2 5 7 10 -1 6 13 -1 -2
1 4 15 -1 4 9 -1 9 -1 -2
1 3 5 12 -1 1 5 13 15 -1 3 -1 -2
3 5 10 12 -1 5 14 -1 5 7 11 -1 -2
2 3 8 10 -1 3 10 -1 10 11 14 -1 -2
5 9 10 11 -1 14 -1 8 10 14 16 -1 -2
7 12 14 15 -1 9 -1 2 4 -1 -2
16 -1 1 16 -1 4 9 -1 -2
7 8 14 16 -1 5 12 16 -1 3 12 -1 -2
6 7 8 10 -1 10 13 -1 4 10 -1 -2
3 -1 12 -1 8 -1 -2
8 -1 3 -1 4 11 13 -1 -2
1 4 10 13 -1 2 7 12 -1 9 11 -1 -2
11 -1 15 -1 12 15 -1 -2
3 6 7 15 -1 12 16 -1 3 8 -1 -2
1 11 14 15 -1 10 -1 1 10 11 12 -1 -2
4 5 12 -1 1 8 9 12 -1 10 13 -1 -2
2 11 -1 1 6 -1 6 9 10 12 -1 -2
2 3 5 -1 7 10 11 16 -1 10 16 -1 -2
1 11 -1 11 15 16 -1 1 7 8 16 -1 -2
1 7 11 13 -1 1 7 16 -1 2 -1 -2
7 9 11 13 -1 5 6 10 12 -1 9 13 -1 -2
1 10 13 -1 2 13 16 -1 7 -1 -2
1 9 12 15 -1 12 13 -1 3 5 13 14 -1 -2
13 -1 4 7 15 -1 12 -1 -2
2 4 6 -1 8 10 16 -1 8 -1 -2
8 9 15 -1 4 5 7 -1 3 4 7 15 -1 -2
1 5 15 -1 4 13 -1 10 -1 -2
9 11 14 16 -1 5 10 14 -1 3 5 10 11 -1 -2
1 8 -1 6 9 12 15 -1 10 13 15 16 -1 -2
10 -1 6 12 -1 1 11 13 14 -1 -2
10 12 14 16 -1 14 -1 1 -1 -2
3 8 13 14 -1 5 9 12 -1 5 7 -1 -2
11 12 14 -1 2 4 5 -1 15 -1 -2
9 12 16 -1 5 6 -1 1 9 14 -1 -2
1 3 11 12 -1 1 3 13 15 -1 4 16 -1 -2
5 -1 2 5 9 16 -1 3 9 15 -1 -2
5 7 -1 6 10 -1 1 -1 -2
8 13 -1 11 15 16 -1 9 -1 -2
14 -1 6 16 -1 2 6 12 -1 -2
10 12 -1 2 -1 16 -1 -2
14 -1 3 4 8 10 -1 1 2 12 -1 -2
16 -1 1 4 6 12 -1 4 11 13 14 -1 -2
5 15 -1 2 3 5 9 -1 10 -1 -2
2 3 13 -1 4 6 -1 3 7 15 16 -1 -2
10 11 12 -1 15 -1 3 -1 -2
1 14 15 -1 7 -1 3 4 9 10 -1 -2
5 9 13 14 -1 4 11 14 15 -1 1 5 7 11 -1 -2
6 11 -1 5 9 12 -1 4 9 14 16 -1 -2
4 11 14 16 -1 1 7 10 12 -1 9 10 13 15 -1 -2
4 8 14 15 -1 1 8 9 12 -1 7 -1 -2
6 8 14 -1 1 6 8 -1 11 -1 -2
3 6 11 12 -1 3 14 -1 4 7 16 -1 -2
15 -1 1 4 6 10 -1 2 -1 -2
7 -1 1 -1 13 14 -1 -2
7 -1 2 6 15 -1 5 -1 -2
4 10 11 15 -1 7 8 10 -1 15 -1 -2
4 12 14 -1 12 -1 8 10 -1 -2
10 11 12 -1 12 14 -1 7 9 12 16 -1 -2
8 11 -1 15 -1 4 6 7 15 -1 -2
2 12 14 -1 1 13 -1 11 16 -1 -2
5 12 15 -1 2 -1 9 11 -1 -2
14 -1 3 -1 6 16 -1 -2
9 13 -1 13 -1 10 -1 -2
4 15 -1 6 9 -1 6 8 -1 -2
7 13 -1 11 16 -1 1 10 -1 -2
1 7 -1 13 15 -1 2 4 15 -1 -2
2 6 10 13 -1 6 10 12 -1 3 10 11 -1 -2
2 3 10 16 -1 2 3 10 16 -1 6 9 11 14 -1 -2
1 2 9 14 -1 2 4 -1 1 5 -1 -2
2 9 -1 5 9 12 -1 1 15 16 -1 -2
15 -1 4 -1 6 7 13 -1 -2
2 7 15 -1 9 -1 8 14 -1 -2
3 4 9 14 -1 11 15 -1 1 7 13 -1 -2
1 2 8 9 -1 1 8 9 -1 1 9 -1 -2
7 10 13 -1 1 6 -1 12 -1 -2
12 16 -1 2 3 14 -1 5 14 -1 -2
7 16 -1 7 9 -1 4 -1 -2
1 12 -1 2 3 14 15 -1 1 6 -1 -2
1 3 5 15 -1 7 11 14 15 -1 1 3 8 15 -1 -2
2 3 8 12 -1 14 -1 3 8 15 -1 -2
1 2 3 14 -1 3 9 11 16 -1 2 5 -1 -2
14 -1 3 6 13 -1 1 7 10 -1 -2
14 -1 3 16 -1 7 10 11 15 -1 -2
14 -1 2 15 -1 3 4 6 -1 -2
8 13 -1 8 10 12 -1 13 -1 -2
3 -1 11 12 13 14 -1 2 -1 -2
15 -1 14 -1 3 13 14 15 -1 -2
8 16 -1 9 16 -1 3 11 15 -1 -2
13 -1 4 7 14 -1 5 8 -1 -2
13 -1 4 5 12 14 -1 12 -1 -2
6 11 -1 3 12 -1 5 -1 -2
4 5 12 15 -1 4 -1 11 15 -1 -2
1 7 14 16 -1 9 11 14 -1 4 -1 -2
6 -1 4 -1 1 7 -1 -2
3 5 9 13 -1 4 5 7 15 -1 1 3 11 -1 -2
1 -1 15 -1 12 -1 -2
3 7 16 -1 5 7 -1 13 14 -1 -2
1 4 -1 2 4 14 16 -1 5 -1 -2
15 -1 3 6 8 9 -1 6 9 14 -1 -2
2 5 8 10 -1 1 -1 2 9 11 14 -1 -2
1 -1 8 10 -1 7 16 -1 -2
2 9 -1 4 5 -1 5 -1 -2
11 -1 8 13 16 -1 6 13 16 -1 -2
2 16 -1 3 5 7 -1 1 3 5 7 -1 -2
5 6 16 -1 5 6 16 -1 2 6 8 12 -1 -2
11 -1 2 -1 1 10 -1 -2
10 -1 8 13 -1 1 12 -1 -2
3 15 -1 10 11 -1 6 13 -1 -2
9 14 -1 1 6 -1 13 -1 -2
11 15 -1 6 10 15 -1 7 9 -1 -2
1 -1 1 2 7 11 -1 5 16 -1 -2
8 11 15 -1 11 16 -1 3 8 -1 -2
16 -1 2 9 10 11 -1 1 7 -1 -2
1 9 -1 7 10 11 13 -1 3 8 13 16 -1 -2
9 -1 1 2 -1 4 12 14 -1 -2
4 5 12 16 -1 2 8 10 -1 3 8 -1 -2
5 8 -1 3 5 8 -1 3 6 -1 -2
1 3 15 -1 8 11 -1 7 8 13 -1 -2
3 7 9 16 -1 5 12 14 15 -1 1 6 10 -1 -2
6 -1 14 16 -1 8 10 12 14 -1 -2
6 9 13 14 -1 10 13 14 15 -1 2 8 -1 -2
14 -1 4 -1 1 11 13 14 -1 -2
10 -1 16 -1 3 15 -1 -2
1 7 9 15 -1 5 9 14 -1 12 -1 -2
10 14 -1 3 -1 6 12 -1 -2
8 13 14 -1 14 -1 6 11 12 13 -1 -2
1 8 -1 10 16 -1 2 4 5 15 -1 -2
6 -1 5 6 14 16 -1 5 11 14 -1 -2
6 14 -1 3 10 16 -1 7 16 -1 -2
2 16 -1 5 12 -1 3 5 8 12 -1 -2
4 14 -1 1 2 3 -1 4 -1 -2
8 -1 7 8 12 13 -1 2 -1 -2
2 5 6 14 -1 3 -1 1 7 9 -1 -2
6 -1 8 14 -1 4 -1 -2
9 -1 7 8 9 -1 5 -1 -2
1 10 14 -1 11 -1 4 11 16 -1 -2
6 8 10 14 -1 2 6 13 14 -1 8 10 11 15 -1 -2
3 10 14 -1 3 14 -1 2 4 9 10 -1 -2
3 7 9 11 -1 12 15 -1 12 -1 -2
2 12 14 16 -1 2 13 14 16 -1 6 14 -1 -2
10 14 15 -1 16 -1 8 11 15 -1 -2
4 12 15 -1 14 -1 5 12 16 -1 -2
1 7 8 16 -1 4 13 16 -1 3 7 -1 -2
4 9 14 16 -1 1 4 7 -1 2 5 13 -1 -2
4 6 -1 11 -1 5 6 -1 -2
4 -1 13 -1 4 9 11 -1 -2
3 -1 8 12 13 -1 10 -1 -2
5 9 13 -1 7 10 -1 6 8 13 -1 -2
3 -1 8 -1 4 6 10 -1 -2
3 9 10 11 -1 8 16 -1 9 -1 -2
8 16 -1 4 7 9 -1 8 11 -1 -2
7 9 13 16 -1 5 6 8 16 -1 7 -1 -2
3 4 8 13 -1 7 -1 2 7 8 -1 -2
5 8 11 14 -1 5 6 11 14 -1 6 13 -1 -2
8 11 12 16 -1 2 5 -1 3 4 16 -1 -2
2 -1 1 -1 5 -1 -2
4 12 13 -1 6 7 11 13 -1 8 10 12 -1 -2
13 -1 2 3 -1 2 3 7 9 -1 -2
12 -1 7 10 14 -1 6 7 8 16 -1 -2
2 6 7 15 -1 6 7 13 16 -1 2 -1 -2
8 -1 1 2 12 16 -1 2 3 10 15 -1 -2
1 6 7 -1 2 10 12 13 -1 8 -1 -2
6 -1 12 -1 15 -1 -2
4 9 12 15 -1 5 -1 6 11 -1 -2
4 5 11 -1 2 3 16 -1 9 12 16 -1 -2
3 7 10 14 -1 3 15 -1 1 -1 -2
8 -1 3 11 16 -1 3 14 -1 -2
3 11 12 15 -1 3 4 6 -1 6 13 -1 -2
3 5 10 16 -1 2 10 11 16 -1 10 11 14 -1 -2
7 9 10 13 -1 6 -1 5 11 -1 -2
3 4 9 11 -1 11 -1 1 2 3 16 -1 -2
3 6 8 10 -1 3 10 11 -1 5 10 -1 -2
9 -1 1 6 9 -1 15 -1 -2
1 4 15 -1 2 4 6 7 -1 7 10 11 -1 -2
5 13 14 -1 5 -1 13 16 -1 -2
2 11 12 -1 11 -1 8 13 15 16 -1 -2
1 10 -1 2 4 9 -1 8 -1 -2
8 10 14 -1 9 13 -1 1 8 10 15 -1 -2
14 -1 5 7 -1 1 3 5 13 -1 -2
9 -1 7 9 13 16 -1 3 6 7 13 -1 -2
1 2 4 10 -1 13 -1 5 -1 -2
1 4 8 14 -1 2 3 5 8 -1 1 3 9 -1 -2
3 7 -1 3 8 9 10 -1 7 8 -1 -2
6 7 10 13 -1 7 11 12 16 -1 14 15 -1 -2
8 -1 6 11 13 14 -1 3 7 8 9 -1 -2
6 10 12 -1 2 4 6 14 -1 5 13 -1 -2
2 -1 5 8 16 -1 3 4 13 -1 -2
1 3 -1 5 7 15 -1 2 -1 -2
3 7 9 -1 3 9 11 14 -1 1 4 9 -1 -2
1 8 -1 13 -1 2 4 12 -1 -2
3 10 11 16 -1 4 7 8 14 -1 1 7 -1 -2
7 8 11 15 -1 1 4 -1 1 8 9 -1 -2
1 12 14 -1 16 -1 2 5 12 -1 -2
6 8 15 -1 15 -1 2 6 10 15 -1 -2
8 10 13 14 -1 2 12 -1 5 10 -1 -2
7 13 15 -1 2 -1 5 6 10 14 -1 -2
2 8 11 12 -1 4 -1 4 13 -1 -2
6 -1 2 7 -1 10 16 -1 -2
1 16 -1 5 9 10 -1 2 3 6 7 -1 -2
4 8 13 14 -1 10 -1 3 4 7 15 -1 -2
15 16 -1 1 3 4 12 -1 4 13 16 -1 -2
1 3 9 -1 9 -1 7 -1 -2
3 -1 1 -1 5 15 -1 -2
1 10 -1 16 -1 7 11 14 -1 -2
9 10 -1 6 12 14 -1 10 15 -1 -2
5 10 16 -1 14 -1 16 -1 -2
2 11 -1 2 4 13 -1 6 9 14 -1 -2
1 2 5 15 -1 3 7 -1 7 14 15 -1 -2
15 -1 4 8 10 -1 2 4 9 16 -1 -2
12 -1 2 3 5 8 -1 4 6 11 13 -1 -2
11 -1 2 16 -1 7 -1 -2
9 12 -1 7 9 11 -1 6 10 11 16 -1 -2
5 10 13 14 -1 2 -1 5 10 15 -1 -2
1 10 11 -1 12 -1 5 -1 -2
14 -1 15 -1 2 10 13 -1 -2
4 11 -1 7 13 -1 10 16 -1 -2
1 15 -1 1 10 12 -1 2 14 -1 -2
2 -1 5 9 10 12 -1 12 -1 -2
5 10 -1 3 15 16 -1 2 3 10 11 -1 -2
5 15 -1 3 7 12 16 -1 4 6 8 -1 -2
7 10 16 -1 11 -1 3 7 -1 -2
2 10 16 -1 2 6 9 -1 16 -1 -2
2 3 13 -1 10 -1 14 16 -1 -2
1 -1 6 15 -1 2 8 15 -1 -2
2 4 -1 1 8 13 -1 4 7 9 10 -1 -2
7 -1 1 3 9 12 -1 4 8 -1 -2
2 3 -1 3 -1 9 12 13 -1 -2
12 -1 10 11 12 15 -1 7 -1 -2
4 13 -1 1 3 13 16 -1 10 11 13 -1 -2
4 11 -1 7 9 10 16 -1 2 4 12 -1 -2
3 5 10 15 -1 6 9 12 -1 10 12 14 16 -1 -2
2 -1 1 2 4 9 -1 4 -1 -2
6 15 -1 1 5 6 14 -1 4 8 16 -1 -2
1 6 -1 1 7 -1 11 -1 -2
6 12 -1 2 13 -1 1 4 9 -1 -2
5 14 15 16 -1 7 8 9 -1 13 16 -1 -2
9 15 -1 2 7 -1 5 12 16 -1 -2
10 11 12 14 -1 5 6 11 13 -1 4 7 10 -1 -2
10 11 13 -1 4 5 9 14 -1 4 13 15 -1 -2
10 -1 5 10 12 -1 4 6 7 8 -1 -2
1 4 -1 6 9 -1 3 -1 -2
2 9 -1 2 6 13 16 -1 4 7 13 16 -1 -2
5 16 -1 11 -1 4 8 -1 -2
7 11 14 -1 8 9 10 -1 1 5 9 12 -1 -2
2 5 8 12 -1 1 4 14 -1 1 7 -1 -2
3 -1 11 -1 10 -1 -2
13 -1 10 13 16 -1 7 -1 -2
15 -1 2 11 12 13 -1 13 -1 -2
1 3 4 13 -1 4 11 14 -1 5 -1 -2
1 14 16 -1 1 4 -1 8 -1 -2
5 9 12 -1 5 12 -1 1 4 15 -1 -2
3 4 11 16 -1 6 -1 1 -1 -2
2 5 6 -1 12 -1 3 7 -1 -2
4 -1 9 -1 15 -1 -2
8 -1 1 9 16 -1 1 4 7 15 -1 -2
8 9 -1 1 2 3 -1 9 16 -1 -2
9 -1 1 3 13 -1 9 -1 -2
1 3 12 -1 2 6 8 16 -1 1 7 16 -1 -2
2 3 7 15 -1 1 8 11 12 -1 3 5 6 14 -1 -2
5 10 12 -1 5 -1 14 -1 -2
7 10 -1 1 5 6 9 -1 7 8 15 16 -1 -2
8 -1 1 2 -1 2 6 12 15 -1 -2
1 -1 9 10 12 -1 15 -1 -2
4 7 -1 8 10 14 15 -1 2 10 16 -1 -2
10 13 -1 7 10 -1 8 12 15 16 -1 -2
7 10 11 16 -1 1 5 6 12 -1 10 13 -1 -2
5 6 11 12 -1 1 4 -1 1 5 13 16 -1 -2
2 6 15 -1 7 8 14 16 -1 2 9 11 15 -1 -2
9 10 -1 2 13 -1 6 7 16 -1 -2
8 13 15 16 -1 3 10 12 16 -1 2 -1 -2
1 -1 1 3 -1 15 -1 -2
1 3 6 14 -1 3 8 11 -1 4 9 -1 -2
7 -1 7 16 -1 16 -1 -2
10 13 -1 4 13 -1 8 -1 -2
4 -1 2 3 11 13 -1 10 11 13 15 -1 -2
4 8 11 -1 2 4 12 13 -1 1 2 6 13 -1 -2
14 -1 10 16 -1 10 12 -1 -2
5 9 14 -1 13 -1 8 9 14 15 -1 -2
1 7 8 10 -1 3 11 14 15 -1 13 -1 -2
9 11 15 16 -1 7 8 9 11 -1 1 5 10 -1 -2
6 8 12 16 -1 5 10 15 -1 10 -1 -2
7 13 15 -1 4 8 12 -1 3 8 10 11 -1 -2
2 5 12 14 -1 9 14 -1 4 11 12 -1 -2
13 -1 7 11 12 -1 1 3 -1 -2
7 8 13 14 -1 4 5 9 11 -1 2 3 7 15 -1 -2
3 4 7 12 -1 2 12 15 16 -1 6 -1 -2
3 16 -1 2 -1 8 11 -1 -2
7 8 9 16 -1 9 -1 5 10 11 -1 -2
6 7 14 15 -1 2 11 14 15 -1 13 -1 -2
10 11 15 -1 9 13 -1 12 13 14 -1 -2
5 7 8 10 -1 5 8 12 -1 5 15 -1 -2
1 9 13 15 -1 5 10 15 -1 1 10 -1 -2
6 8 16 -1 6 10 13 -1 2 7 -1 -2
4 7 13 14 -1 1 4 6 11 -1 16 -1 -2
2 6 13 15 -1 3 -1 14 -1 -2
4 6 7 12 -1 6 9 12 -1 2 7 -1 -2
3 -1 2 4 7 12 -1 2 3 4 11 -1 -2
10 14 -1 3 4 12 -1 7 12 14 -1 -2
9 13 14 -1 2 14 16 -1 10 11 16 -1 -2
1 5 14 -1 2 12 -1 7 8 10 -1 -2
2 4 5 14 -1 1 7 12 13 -1 2 -1 -2
3 9 12 -1 8 14 -1 6 10 12 16 -1 -2
6 10 -1 7 13 -1 4 8 12 -1 -2
4 14 -1 9 14 -1 1 4 15 -1 -2
1 3 5 6 -1 2 3 10 11 -1 4 9 10 12 -1 -2
1 5 6 12 -1 4 15 -1 6 -1 -2
7 13 15 -1 2 9 15 16 -1 1 -1 -2
2 6 8 -1 9 -1 2 7 12 15 -1 -2
2 5 13 15 -1 2 12 -1 1 11 -1 -2
5 6 -1 4 8 15 16 -1 9 11 -1 -2
6 9 -1 5 9 -1 2 6 -1 -2
3 7 11 14 -1 6 -1 3 6 13 16 -1 -2
5 9 11 -1 3 5 -1 9 11 12 15 -1 -2
1 9 -1 7 9 12 -1 7 -1 -2
13 -1 13 -1 2 3 14 15 -1 -2
2 3 -1 4 5 6 14 -1 2 3 15 16 -1 -2
4 8 10 16 -1 6 15 -1 11 -1 -2
8 10 16 -1 13 -1 4 12 13 -1 -2
6 16 -1 5 6 16 -1 3 8 10 -1 -2
2 9 10 -1 2 3 -1 5 7 9 10 -1 -2
5 12 -1 2 3 12 -1 6 9 13 16 -1 -2
16 -1 10 -1 1 6 12 -1 -2
1 10 13 -1 1 4 5 14 -1 4 6 10 -1 -2
13 16 -1 2 3 11 16 -1 10 13 -1 -2
2 6 14 -1 1 3 -1 2 10 -1 -2
14 -1 1 2 7 14 -1 2 4 15 -1 -2
14 -1 14 -1 14 -1 -2
1 5 13 -1 1 3 14 -1 3 13 14 -1 -2
16 -1 16 -1 1 -1 -2
5 7 16 -1 8 11 12 15 -1 3 6 12 -1 -2
2 -1 1 -1 11 -1 -2
1 5 9 14 -1 3 5 6 7 -1 2 5 8 10 -1 -2
3 -1 4 5 11 -1 14 -1 -2
1 9 10 -1 1 5 8 14 -1 5 12 -1 -2
1 9 13 -1 2 4 10 11 -1 3 5 6 11 -1 -2
3 9 15 -1 8 10 13 -1 3 16 -1 -2
5 10 11 14 -1 1 4 13 15 -1 5 -1 -2
5 15 -1 4 -1 7 9 -1 -2
13 -1 3 8 9 14 -1 1 8 10 12 -1 -2
3 12 15 -1 6 10 13 16 -1 1 15 -1 -2
3 7 11 -1 5 6 13 16 -1 5 9 -1 -2
4 -1 9 13 14 -1 2 3 4 6 -1 -2
14 -1 4 6 7 11 -1 8 -1 -2
1 6 10 -1 4 15 16 -1 5 -1 -2
3 7 -1 3 5 7 -1 4 7 9 13 -1 -2
4 -1 2 3 -1 6 10 14 15 -1 -2
1 2 -1 7 14 -1 1 -1 -2
13 -1 6 9 13 -1 5 12 13 -1 -2
9 -1 6 7 -1 3 -1 -2
2 11 -1 13 -1 2 5 -1 -2
6 10 13 15 -1 6 11 15 -1 2 6 -1 -2
1 -1 3 4 14 15 -1 1 8 11 15 -1 -2
7 -1 1 -1 5 11 -1 -2
9 11 12 16 -1 1 -1 7 14 -1 -2
8 -1 8 15 16 -1 6 13 -1 -2
3 4 5 -1 5 -1 3 6 12 16 -1 -2
1 5 14 -1 3 11 12 -1 1 2 -1 -2
1 9 11 15 -1 7 9 15 -1 4 7 13 14 -1 -2
2 12 -1 9 -1 4 11 12 15 -1 -2
4 7 -1 5 6 15 16 -1 2 14 -1 -2
2 6 9 16 -1 5 6 9 14 -1 10 15 -1 -2
8 -1 11 12 13 16 -1 1 2 9 11 -1 -2
2 11 16 -1 1 2 6 14 -1 4 -1 -2
2 5 6 7 -1 2 -1 12 -1 -2
10 -1 10 -1 11 13 15 -1 -2
10 13 -1 8 -1 2 3 5 -1 -2
5 6 12 -1 2 4 -1 6 10 13 -1 -2
6 9 11 14 -1 13 16 -1 15 -1 -2
3 11 14 16 -1 2 5 8 11 -1 5 7 9 16 -1 -2
12 -1 2 4 8 12 -1 6 -1 -2
12 -1 7 8 12 16 -1 3 10 -1 -2
1 7 14 -1 1 5 10 12 -1 1 9 13 -1 -2
1 11 15 -1 3 7 9 13 -1 9 10 -1 -2
3 8 10 13 -1 1 4 11 13 -1 9 -1 -2
6 7 15 -1 1 2 3 9 -1 3 8 9 -1 -2
5 14 16 -1 2 10 -1 2 11 14 16 -1 -2
5 -1 4 10 -1 4 7 13 -1 -2
4 5 14 15 -1 6 -1 4 8 -1 -2
8 -1 10 -1 2 5 8 14 -1 -2
7 -1 8 10 13 16 -1 2 8 13 -1 -2
2 7 9 10 -1 1 14 -1 4 5 6 -1 -2
1 9 -1 6 9 12 14 -1 2 -1 -2
6 11 13 -1 4 -1 15 -1 -2
1 16 -1 14 -1 1 11 13 14 -1 -2
1 5 11 14 -1 5 -1 12 -1 -2
3 6 16 -1 1 5 -1 11 -1 -2
2 5 8 11 -1 1 6 11 -1 10 -1 -2
4 6 11 14 -1 6 13 -1 4 5 8 10 -1 -2
3 6 8 9 -1 4 13 -1 4 9 13 16 -1 -2
5 8 10 13 -1 1 16 -1 5 12 -1 -2
7 14 15 -1 2 15 -1 5 8 -1 -2
9 -1 10 12 14 15 -1 5 -1 -2
5 6 -1 4 -1 1 8 13 16 -1 -2
4 -1 5 13 -1 1 13 -1 -2
4 -1 13 -1 8 -1 -2
12 -1 6 7 13 -1 1 11 15 16 -1 -2
7 16 -1 9 12 -1 1 5 -1 -2
6 8 12 -1 2 3 13 -1 3 6 10 14 -1 -2
4 11 -1 14 -1 4 -1 -2
4 5 13 -1 10 12 16 -1 2 5 6 -1 -2
6 8 14 -1 1 2 6 12 -1 14 -1 -2
2 6 8 -1 11 -1 2 7 8 15 -1 -2
1 -1 16 -1 3 11 12 14 -1 -2
7 10 13 -1 6 -1 3 -1 -2
2 5 11 12 -1 8 9 16 -1 10 15 -1 -2
13 -1 1 -1 11 -1 -2
4 6 13 -1 2 8 13 -1 5 9 10 -1 -2
2 -1 6 7 12 16 -1 9 10 -1 -2
2 -1 6 -1 5 14 -1 -2
7 15 -1 1 2 9 14 -1 2 6 10 15 -1 -2
9 10 13 -1 3 5 16 -1 2 8 15 -1 -2
6 14 -1 1 7 10 11 -1 7 9 -1 -2
5 8 -1 7 8 15 -1 10 13 -1 -2
3 -1 2 5 8 16 -1 14 -1 -2
13 15 -1 11 13 14 16 -1 5 9 14 15 -1 -2
1 10 15 -1 3 10 11 -1 2 6 10 14 -1 -2
7 9 10 13 -1 2 6 -1 8 15 -1 -2
3 8 11 15 -1 6 -1 1 11 14 -1 -2
10 -1 1 3 -1 10 -1 -2
10 11 12 15 -1 4 8 11 16 -1 5 -1 -2
1 3 8 -1 3 8 13 -1 1 11 -1 -2
6 8 10 11 -1 3 6 -1 4 -1 -2
7 11 -1 10 -1 3 6 -1 -2
2 3 8 16 -1 5 10 -1 9 -1 -2
1 3 -1 1 5 13 -1 1 7 8 11 -1 -2
5 -1 6 14 -1 6 9 -1 -2
2 9 -1 4 5 6 10 -1 2 6 12 14 -1 -2
15 -1 4 9 15 -1 1 5 -1 -2
9 -1 10 -1 15 -1 -2
2 4 -1 2 4 9 14 -1 5 6 7 12 -1 -2
1 7 -1 3 13 -1 2 3 10 12 -1 -2
4 5 -1 13 14 -1 4 14 -1 -2
1 -1 11 12 16 -1 9 -1 -2
8 14 -1 1 10 13 -1 4 8 10 12 -1 -2
11 -1 3 -1 2 12 16 -1 -2
