9 12 63 93 -1 -2
8 11 36 56 -1 19 39 46 73 -1 1 3 25 84 -1 3 4 31 95 -1 11 52 62 95 -1 28 29 41 87 -1 62 73 97 100 -1 15 33 52 95 -1 -2
5 65 66 100 -1 31 57 61 68 -1 1 69 72 88 -1 8 36 39 48 -1 -2
34 63 65 87 -1 2 31 59 66 -1 15 33 77 80 -1 -2
9 12 24 71 -1 56 67 85 86 -1 1 29 37 50 -1 -2
6 31 46 61 -1 15 17 39 57 -1 10 23 66 68 -1 22 49 66 91 -1 36 50 51 55 -1 26 37 39 81 -1 14 16 27 33 -1 16 20 47 79 -1 20 28 78 94 -1 -2
4 32 36 46 -1 3 37 60 98 -1 14 17 77 95 -1 -2
39 41 48 74 -1 2 6 57 71 -1 -2
11 36 39 66 -1 3 20 58 63 -1 9 28 45 74 -1 5 45 54 73 -1 20 82 92 98 -1 69 71 93 94 -1 6 28 53 86 -1 16 47 51 82 -1 -2
31 51 57 66 -1 38 48 52 95 -1 12 13 52 100 -1 28 34 72 95 -1 40 64 69 83 -1 -2
33 77 83 97 -1 9 41 94 95 -1 2 13 59 69 -1 12 26 44 91 -1 6 31 51 71 -1 3 24 27 46 -1 14 48 54 73 -1 7 32 35 73 -1 -2
14 30 40 95 -1 12 15 20 97 -1 24 45 91 99 -1 46 68 71 94 -1 12 39 77 82 -1 52 67 75 87 -1 12 32 54 83 -1 21 25 59 78 -1 37 48 49 73 -1 -2
13 29 38 54 -1 7 61 62 97 -1 12 33 88 98 -1 2 7 48 96 -1 8 37 51 66 -1 13 41 65 98 -1 8 31 42 94 -1 -2
6 23 31 43 -1 4 40 66 78 -1 16 21 73 94 -1 -2
14 42 60 97 -1 -2
29 42 54 99 -1 8 48 55 93 -1 68 77 83 85 -1 3 69 76 81 -1 19 45 71 90 -1 20 50 54 76 -1 30 34 51 81 -1 -2
7 25 67 88 -1 7 8 15 66 -1 11 25 58 79 -1 16 46 49 91 -1 18 66 74 94 -1 5 21 50 74 -1 -2
22 27 36 57 -1 26 46 52 71 -1 -2
19 44 52 58 -1 13 27 76 92 -1 3 75 76 86 -1 12 16 33 35 -1 41 58 62 79 -1 26 34 46 67 -1 -2
15 30 67 75 -1 44 47 64 69 -1 3 68 85 89 -1 -2
17 21 31 74 -1 15 49 57 75 -1 2 3 45 49 -1 53 74 77 96 -1 31 32 33 53 -1 35 41 87 98 -1 33 59 87 89 -1 -2
5 11 37 64 -1 18 56 64 86 -1 1 16 21 92 -1 15 48 57 82 -1 4 44 88 95 -1 26 27 66 75 -1 11 22 59 93 -1 29 34 80 88 -1 52 66 77 94 -1 -2
55 64 86 95 -1 7 14 68 72 -1 7 25 52 55 -1 45 59 63 95 -1 22 53 63 81 -1 32 34 62 93 -1 -2
9 44 45 57 -1 18 43 50 55 -1 5 30 52 56 -1 26 40 47 97 -1 8 39 67 73 -1 25 54 96 97 -1 7 17 21 48 -1 9 25 41 95 -1 36 39 64 67 -1 8 20 34 94 -1 -2
8 32 65 86 -1 42 54 56 61 -1 28 46 61 90 -1 -2
25 31 32 48 -1 67 87 88 94 -1 49 69 85 100 -1 4 21 80 92 -1 2 30 62 74 -1 3 4 9 73 -1 -2
8 24 37 42 -1 -2
6 11 32 92 -1 12 49 72 95 -1 29 40 53 73 -1 19 22 74 76 -1 47 70 78 94 -1 10 35 42 75 -1 -2
14 38 43 44 -1 49 61 87 96 -1 20 38 71 95 -1 7 32 36 87 -1 2 34 53 91 -1 22 44 91 92 -1 -2
17 37 41 72 -1 5 26 65 84 -1 17 52 69 81 -1 45 53 72 79 -1 1 32 46 72 -1 23 24 48 53 -1 4 47 55 83 -1 -2
39 69 70 94 -1 1 61 64 70 -1 17 31 57 85 -1 -2
3 28 59 81 -1 12 43 86 90 -1 -2
7 32 74 84 -1 40 48 62 85 -1 2 47 55 82 -1 58 73 93 100 -1 -2
51 80 81 83 -1 21 25 42 92 -1 37 62 70 79 -1 15 20 26 42 -1 -2
4 41 51 67 -1 46 90 94 97 -1 11 28 65 72 -1 -2
21 56 57 67 -1 18 25 48 55 -1 15 16 27 64 -1 43 45 63 74 -1 21 27 50 94 -1 -2
14 29 38 73 -1 55 81 89 96 -1 20 44 66 90 -1 6 30 39 59 -1 6 20 61 98 -1 25 67 74 77 -1 20 41 66 78 -1 4 70 89 100 -1 8 11 26 100 -1 1 9 35 59 -1 -2
3 25 34 51 -1 18 51 75 79 -1 1 64 69 71 -1 28 29 77 92 -1 16 27 62 74 -1 26 36 48 57 -1 22 64 68 76 -1 -2
5 6 35 87 -1 37 42 56 66 -1 9 25 27 60 -1 30 39 69 77 -1 2 70 84 99 -1 11 13 65 88 -1 8 32 40 80 -1 -2
75 86 90 98 -1 45 57 82 88 -1 8 47 50 61 -1 8 55 60 85 -1 10 14 75 79 -1 41 57 63 98 -1 -2
4 35 40 73 -1 38 42 43 83 -1 -2
8 23 33 91 -1 6 16 27 51 -1 21 27 46 88 -1 20 46 80 87 -1 9 14 26 81 -1 40 41 56 72 -1 -2
8 24 37 43 -1 21 68 83 94 -1 28 50 85 89 -1 43 57 68 85 -1 5 27 35 65 -1 -2
7 34 70 94 -1 29 30 77 94 -1 -2
2 54 89 96 -1 43 46 64 78 -1 31 33 57 69 -1 4 10 25 72 -1 8 33 44 69 -1 28 41 66 93 -1 14 16 43 44 -1 16 38 96 98 -1 19 32 80 90 -1 23 62 66 83 -1 -2
11 13 19 75 -1 58 64 73 83 -1 -2
13 29 56 96 -1 9 11 75 99 -1 20 35 79 81 -1 23 63 92 95 -1 10 27 29 59 -1 21 29 34 91 -1 5 13 56 61 -1 38 58 69 94 -1 -2
37 40 68 98 -1 24 41 54 72 -1 7 80 96 97 -1 -2
3 6 25 32 -1 9 18 56 69 -1 34 59 78 79 -1 58 68 93 94 -1 9 67 76 80 -1 22 68 79 94 -1 13 53 61 93 -1 7 31 33 54 -1 11 36 66 70 -1 -2
9 37 79 94 -1 2 8 40 88 -1 7 33 56 66 -1 34 37 67 89 -1 -2
45 68 79 98 -1 8 17 27 81 -1 32 72 75 86 -1 19 44 55 81 -1 32 35 77 83 -1 45 77 91 95 -1 -2
34 81 96 97 -1 24 72 84 97 -1 12 32 35 63 -1 11 28 35 41 -1 11 26 51 98 -1 27 34 41 86 -1 14 19 60 79 -1 27 38 84 94 -1 -2
59 60 70 100 -1 1 6 17 93 -1 2 5 54 68 -1 9 15 16 70 -1 -2
15 50 71 86 -1 5 9 84 86 -1 11 59 61 85 -1 -2
20 42 48 82 -1 16 56 61 87 -1 43 45 47 76 -1 -2
13 42 54 65 -1 10 41 69 79 -1 -2
16 40 58 70 -1 14 20 41 66 -1 15 41 54 70 -1 8 42 59 83 -1 22 51 89 92 -1 6 30 44 48 -1 43 53 56 92 -1 -2
20 38 76 78 -1 29 64 86 94 -1 42 48 80 96 -1 8 44 54 58 -1 5 10 58 67 -1 18 50 54 76 -1 15 32 33 73 -1 2 8 35 75 -1 -2
24 41 43 65 -1 21 29 38 93 -1 3 16 20 91 -1 9 27 72 91 -1 10 36 73 95 -1 20 47 53 71 -1 -2
4 54 69 72 -1 40 63 79 86 -1 38 49 55 76 -1 25 26 53 68 -1 18 36 41 64 -1 15 45 64 73 -1 8 28 86 95 -1 1 43 44 53 -1 16 36 53 69 -1 3 43 66 72 -1 -2
2 4 45 62 -1 -2
19 38 43 77 -1 17 27 35 40 -1 23 27 71 75 -1 8 12 38 78 -1 -2
45 54 60 76 -1 3 14 33 51 -1 -2
23 48 49 73 -1 12 32 72 76 -1 1 30 41 83 -1 22 42 92 95 -1 14 76 96 99 -1 49 72 83 88 -1 24 61 62 97 -1 21 65 80 89 -1 -2
1 46 83 98 -1 9 42 75 98 -1 36 84 86 97 -1 41 50 76 95 -1 -2
6 10 39 51 -1 11 64 73 78 -1 42 44 83 84 -1 14 49 55 84 -1 10 19 57 82 -1 34 54 77 79 -1 52 58 88 91 -1 24 43 69 72 -1 -2
25 41 53 64 -1 20 26 55 60 -1 5 19 57 70 -1 29 32 40 69 -1 5 35 65 87 -1 3 40 63 82 -1 -2
20 21 53 60 -1 8 45 56 89 -1 4 18 35 46 -1 12 30 49 96 -1 3 24 53 62 -1 38 42 65 78 -1 6 45 49 84 -1 23 26 80 83 -1 20 41 71 75 -1 28 55 70 75 -1 -2
40 53 60 96 -1 22 38 56 82 -1 29 35 73 90 -1 -2
25 61 65 94 -1 12 48 55 88 -1 15 56 61 77 -1 21 29 52 79 -1 15 19 66 74 -1 -2
27 69 80 95 -1 18 41 43 86 -1 29 75 80 82 -1 8 16 27 68 -1 52 68 76 93 -1 -2
38 52 77 94 -1 20 35 38 43 -1 30 45 50 60 -1 4 37 52 75 -1 55 66 74 79 -1 14 38 51 92 -1 30 70 76 90 -1 7 54 71 77 -1 34 42 45 100 -1 -2
55 61 68 95 -1 8 38 68 87 -1 15 18 39 47 -1 24 71 76 94 -1 38 69 75 91 -1 -2
61 73 77 87 -1 7 47 58 66 -1 43 62 81 100 -1 21 51 56 92 -1 11 32 67 76 -1 10 31 72 74 -1 49 50 93 98 -1 14 21 27 48 -1 -2
11 50 56 72 -1 13 17 24 99 -1 15 22 59 95 -1 1 95 97 98 -1 26 65 77 82 -1 27 51 53 64 -1 -2
14 26 52 97 -1 4 41 50 76 -1 -2
2 50 68 70 -1 14 17 24 58 -1 18 22 30 91 -1 14 43 46 63 -1 9 69 81 92 -1 13 78 80 85 -1 20 33 79 82 -1 20 63 91 96 -1 -2
3 6 30 49 -1 10 32 46 50 -1 11 65 68 94 -1 -2
7 32 76 99 -1 29 32 53 76 -1 8 18 65 78 -1 5 28 35 45 -1 33 45 71 87 -1 9 14 34 39 -1 2 24 35 83 -1 32 38 40 67 -1 10 50 85 89 -1 20 42 65 73 -1 -2
20 64 76 88 -1 9 25 27 85 -1 50 59 67 92 -1 12 26 35 90 -1 35 81 85 87 -1 13 43 66 90 -1 15 60 61 88 -1 -2
3 38 65 90 -1 40 52 72 73 -1 3 36 49 88 -1 32 45 51 62 -1 7 25 64 78 -1 19 26 38 39 -1 -2
3 13 69 72 -1 -2
31 44 45 70 -1 35 46 47 49 -1 5 43 65 71 -1 46 56 65 73 -1 19 35 68 94 -1 -2
22 23 73 91 -1 22 29 42 87 -1 35 49 54 96 -1 -2
4 44 78 81 -1 9 28 88 97 -1 26 51 80 88 -1 21 24 37 53 -1 14 15 40 42 -1 21 33 37 83 -1 4 25 42 49 -1 -2
39 54 78 87 -1 23 27 39 94 -1 7 23 75 85 -1 8 28 74 75 -1 2 8 14 41 -1 61 71 77 84 -1 -2
22 27 37 67 -1 26 36 43 58 -1 -2
23 50 75 97 -1 13 65 76 81 -1 -2
1 72 94 98 -1 7 9 13 50 -1 19 22 62 74 -1 5 25 43 96 -1 37 55 65 88 -1 -2
11 34 76 83 -1 11 18 37 88 -1 5 18 24 45 -1 9 30 65 90 -1 29 44 64 90 -1 15 38 46 100 -1 8 17 37 40 -1 -2
12 20 76 99 -1 2 22 33 53 -1 -2
30 46 65 88 -1 12 23 35 79 -1 5 13 15 86 -1 13 48 74 76 -1 -2
8 47 67 78 -1 6 10 44 65 -1 5 61 71 84 -1 12 66 78 81 -1 61 86 92 97 -1 -2
18 21 26 86 -1 28 32 41 68 -1 7 66 78 93 -1 11 68 80 85 -1 29 50 83 94 -1 7 12 14 23 -1 28 55 56 71 -1 6 13 68 69 -1 9 16 22 28 -1 -2
20 37 41 71 -1 16 36 72 86 -1 31 46 58 73 -1 12 19 40 66 -1 -2
11 44 61 97 -1 6 11 30 82 -1 2 46 83 98 -1 27 46 59 90 -1 5 64 69 98 -1 10 27 33 72 -1 18 66 77 97 -1 5 18 50 82 -1 13 32 37 71 -1 5 38 63 83 -1 -2
29 47 52 83 -1 10 26 64 68 -1 51 60 61 94 -1 11 32 36 97 -1 13 29 42 100 -1 6 7 86 94 -1 3 7 9 82 -1 17 23 24 65 -1 58 68 79 93 -1 3 22 69 74 -1 -2
31 52 81 99 -1 46 56 92 99 -1 -2
81 85 90 92 -1 11 50 75 78 -1 -2
14 32 91 95 -1 8 47 92 99 -1 2 12 16 58 -1 23 34 66 68 -1 1 16 21 90 -1 41 58 88 93 -1 8 11 35 69 -1 30 34 66 82 -1 12 26 88 89 -1 -2
16 23 56 61 -1 10 27 66 81 -1 17 59 61 73 -1 3 10 31 92 -1 14 23 47 96 -1 49 57 93 97 -1 8 15 31 50 -1 -2
9 23 48 89 -1 16 36 87 97 -1 4 20 43 92 -1 30 44 65 99 -1 -2
26 67 70 100 -1 2 11 20 53 -1 -2
18 72 76 87 -1 12 34 65 85 -1 2 6 18 39 -1 4 27 67 100 -1 8 34 44 53 -1 21 65 75 78 -1 -2
8 25 31 52 -1 6 14 40 43 -1 11 26 41 53 -1 21 31 39 82 -1 25 41 81 86 -1 1 7 48 69 -1 2 16 29 30 -1 -2
27 76 83 91 -1 1 31 81 99 -1 37 57 78 85 -1 39 50 64 86 -1 21 47 72 79 -1 6 25 27 95 -1 23 30 64 97 -1 4 12 35 57 -1 1 31 51 67 -1 -2
15 29 66 96 -1 2 43 45 50 -1 11 19 56 83 -1 19 57 70 88 -1 2 22 42 57 -1 8 9 57 82 -1 44 48 78 82 -1 8 13 18 42 -1 22 37 53 60 -1 1 3 54 86 -1 -2
10 62 64 94 -1 55 77 83 94 -1 28 63 81 87 -1 3 7 46 78 -1 3 54 70 73 -1 -2
14 39 90 95 -1 2 14 22 100 -1 13 89 96 98 -1 -2
53 64 69 93 -1 19 32 34 45 -1 13 71 73 86 -1 9 57 69 82 -1 2 6 42 100 -1 12 27 33 56 -1 -2
5 20 21 97 -1 -2
45 64 66 91 -1 -2
12 49 53 74 -1 4 59 70 92 -1 12 65 76 92 -1 35 47 75 85 -1 71 86 90 96 -1 -2
46 73 85 100 -1 28 31 63 71 -1 17 46 47 84 -1 35 38 87 99 -1 35 59 66 97 -1 15 73 87 100 -1 11 50 70 94 -1 -2
16 36 44 77 -1 6 12 20 63 -1 40 52 75 96 -1 -2
23 27 30 68 -1 14 19 67 73 -1 26 54 59 78 -1 7 47 75 100 -1 23 75 89 99 -1 26 30 43 67 -1 8 28 38 81 -1 14 27 60 87 -1 28 47 58 70 -1 2 6 20 36 -1 -2
1 17 60 98 -1 15 79 89 96 -1 5 34 66 94 -1 8 11 44 85 -1 -2
16 22 29 87 -1 41 51 74 84 -1 -2
54 92 95 100 -1 19 28 39 91 -1 10 24 59 78 -1 21 51 58 89 -1 41 56 64 86 -1 8 22 49 98 -1 2 18 74 90 -1 -2
25 29 88 90 -1 4 31 47 66 -1 43 50 71 86 -1 11 53 80 84 -1 2 8 19 82 -1 17 22 28 84 -1 5 24 35 59 -1 11 51 87 91 -1 1 43 68 74 -1 -2
41 65 89 98 -1 2 10 55 100 -1 6 27 54 69 -1 -2
12 47 85 100 -1 -2
11 38 41 78 -1 10 25 40 63 -1 16 50 64 75 -1 3 18 92 93 -1 62 64 73 85 -1 38 45 64 77 -1 -2
41 44 58 95 -1 10 22 36 54 -1 -2
15 46 88 93 -1 -2
44 55 56 66 -1 20 27 47 65 -1 29 58 73 91 -1 20 56 77 90 -1 16 47 51 100 -1 14 35 66 86 -1 -2
24 66 69 91 -1 -2
1 50 82 93 -1 43 44 51 65 -1 57 70 74 81 -1 10 16 44 86 -1 15 57 83 98 -1 3 16 46 78 -1 30 39 63 66 -1 63 81 83 94 -1 -2
26 33 47 63 -1 33 49 84 98 -1 3 64 79 90 -1 24 25 28 57 -1 7 19 28 68 -1 27 31 69 94 -1 8 29 34 86 -1 5 15 34 76 -1 -2
21 30 59 88 -1 15 83 85 87 -1 19 31 64 81 -1 19 62 93 95 -1 -2
9 54 57 99 -1 43 89 92 99 -1 21 42 71 81 -1 9 22 65 95 -1 43 60 77 82 -1 24 75 90 97 -1 2 13 29 35 -1 33 64 74 83 -1 -2
11 37 44 48 -1 31 39 89 99 -1 9 29 34 67 -1 27 58 65 84 -1 2 29 33 76 -1 21 79 83 86 -1 8 12 34 49 -1 -2
8 18 36 57 -1 39 53 79 94 -1 1 7 19 64 -1 5 6 47 92 -1 -2
24 55 76 95 -1 -2
33 59 66 75 -1 3 25 27 65 -1 -2
16 31 38 95 -1 6 13 44 93 -1 2 11 13 81 -1 45 59 66 95 -1 17 23 54 92 -1 14 54 58 95 -1 14 31 33 46 -1 12 58 75 77 -1 35 43 45 64 -1 -2
8 41 49 55 -1 8 16 34 98 -1 3 26 41 63 -1 12 26 53 65 -1 17 32 63 86 -1 25 49 80 84 -1 27 68 70 100 -1 17 20 27 98 -1 42 80 81 84 -1 -2
42 45 66 100 -1 13 14 70 80 -1 58 60 66 77 -1 -2
38 45 61 67 -1 26 31 33 92 -1 2 21 51 71 -1 7 57 62 67 -1 7 9 16 97 -1 6 21 38 79 -1 12 55 62 93 -1 13 43 67 100 -1 -2
2 12 72 81 -1 21 64 77 95 -1 3 42 64 95 -1 -2
28 40 43 67 -1 2 16 32 61 -1 10 11 23 84 -1 13 24 66 80 -1 10 21 58 65 -1 8 9 52 92 -1 45 76 78 91 -1 43 67 71 73 -1 -2
13 20 95 100 -1 20 62 66 69 -1 -2
8 27 28 97 -1 -2
24 34 66 75 -1 53 58 77 97 -1 10 25 83 85 -1 5 82 88 94 -1 82 87 92 99 -1 45 50 65 94 -1 6 18 69 73 -1 -2
33 44 45 58 -1 16 23 70 78 -1 32 72 80 82 -1 59 68 74 78 -1 12 84 97 98 -1 7 30 59 98 -1 1 66 88 95 -1 -2
1 6 18 53 -1 41 73 80 83 -1 24 30 44 72 -1 1 55 65 84 -1 11 22 24 55 -1 1 58 87 94 -1 20 42 45 91 -1 18 32 66 75 -1 17 21 36 56 -1 1 25 45 91 -1 -2
27 52 60 75 -1 36 63 65 81 -1 8 11 39 89 -1 20 28 33 81 -1 29 45 65 92 -1 35 63 76 87 -1 63 70 76 85 -1 -2
7 65 86 95 -1 1 49 66 91 -1 14 51 52 70 -1 32 58 66 82 -1 -2
8 44 82 86 -1 21 32 52 92 -1 1 31 72 92 -1 21 33 42 58 -1 27 59 75 82 -1 16 20 25 83 -1 28 43 66 78 -1 -2
43 56 69 97 -1 27 33 54 99 -1 2 9 52 92 -1 3 8 35 74 -1 -2
30 73 83 93 -1 19 32 81 89 -1 34 61 87 94 -1 13 62 82 90 -1 24 53 82 98 -1 6 10 35 99 -1 1 30 33 75 -1 15 45 69 73 -1 3 28 72 77 -1 33 61 78 96 -1 -2
27 32 58 93 -1 -2
20 67 72 87 -1 45 48 64 81 -1 30 80 81 86 -1 5 15 21 52 -1 24 42 50 67 -1 13 22 82 84 -1 16 28 34 55 -1 3 38 54 66 -1 -2
2 81 85 89 -1 23 40 79 85 -1 8 54 68 78 -1 46 70 83 96 -1 10 22 48 83 -1 52 63 71 74 -1 56 59 85 92 -1 8 22 39 69 -1 -2
4 21 28 69 -1 29 30 55 96 -1 1 53 59 71 -1 23 51 54 82 -1 7 28 77 79 -1 5 14 52 100 -1 57 79 84 90 -1 12 15 39 77 -1 24 42 57 61 -1 -2
4 29 32 95 -1 18 64 79 97 -1 16 80 87 98 -1 50 76 78 91 -1 2 38 56 94 -1 6 14 46 86 -1 23 30 85 97 -1 8 72 75 90 -1 48 59 75 91 -1 -2
65 69 94 98 -1 3 71 74 92 -1 19 67 79 99 -1 41 51 69 82 -1 3 10 38 78 -1 9 25 37 82 -1 26 53 61 87 -1 19 71 83 87 -1 -2
31 33 56 85 -1 17 48 66 97 -1 37 51 82 98 -1 34 61 69 76 -1 16 27 33 38 -1 4 24 38 70 -1 10 24 31 82 -1 -2
16 52 81 91 -1 19 29 82 92 -1 -2
7 35 62 90 -1 11 20 53 72 -1 52 54 63 78 -1 3 41 44 63 -1 43 49 61 78 -1 -2
41 57 58 88 -1 4 44 94 98 -1 -2
37 52 83 91 -1 4 16 37 69 -1 6 21 26 58 -1 13 20 64 87 -1 -2
1 27 66 87 -1 23 30 94 100 -1 8 33 77 82 -1 28 66 67 91 -1 2 71 75 98 -1 20 21 76 86 -1 17 40 62 100 -1 -2
24 54 64 69 -1 9 15 17 42 -1 6 45 47 88 -1 -2
24 28 76 95 -1 11 51 61 77 -1 4 47 56 88 -1 -2
24 28 55 78 -1 -2
5 44 55 84 -1 39 54 61 67 -1 38 39 89 91 -1 5 14 32 71 -1 1 38 92 93 -1 -2
11 71 83 98 -1 2 28 89 98 -1 -2
1 29 83 95 -1 17 44 60 83 -1 13 18 78 91 -1 -2
13 20 76 83 -1 26 43 45 67 -1 3 41 71 84 -1 42 44 77 90 -1 22 61 63 68 -1 22 67 76 78 -1 29 73 79 88 -1 45 52 72 92 -1 24 42 45 67 -1 -2
17 27 32 65 -1 23 52 83 94 -1 23 37 42 68 -1 4 53 76 87 -1 4 11 13 59 -1 6 53 74 80 -1 -2
16 54 63 79 -1 14 49 79 88 -1 1 6 44 74 -1 61 81 86 96 -1 -2
5 16 35 48 -1 2 58 68 84 -1 8 44 76 99 -1 39 42 73 96 -1 -2
22 51 60 84 -1 7 45 50 60 -1 8 25 26 54 -1 2 13 69 89 -1 13 51 85 96 -1 7 20 56 99 -1 8 12 62 69 -1 -2
10 40 44 64 -1 -2
51 70 82 89 -1 2 3 34 44 -1 43 46 55 75 -1 34 36 43 100 -1 13 15 39 62 -1 5 30 44 100 -1 -2
29 57 81 95 -1 9 54 84 91 -1 25 71 79 89 -1 -2
10 42 73 90 -1 27 79 85 92 -1 10 13 42 54 -1 14 45 75 85 -1 25 63 65 71 -1 29 72 84 98 -1 3 42 52 86 -1 21 48 51 65 -1 -2
27 39 66 69 -1 5 22 58 98 -1 26 71 80 87 -1 23 40 51 100 -1 29 35 78 84 -1 16 46 63 69 -1 15 21 24 35 -1 10 45 59 97 -1 -2
3 42 45 98 -1 18 23 30 95 -1 15 57 76 78 -1 11 19 78 80 -1 5 57 79 83 -1 7 13 41 88 -1 -2
33 50 60 83 -1 -2
54 70 74 92 -1 29 52 56 97 -1 40 83 84 100 -1 8 51 56 68 -1 -2
3 13 63 78 -1 1 17 59 65 -1 7 18 31 64 -1 15 43 81 90 -1 18 23 32 33 -1 2 38 76 80 -1 17 37 42 85 -1 -2
26 48 60 96 -1 15 20 26 34 -1 15 47 55 97 -1 39 41 53 100 -1 27 33 40 73 -1 17 39 40 99 -1 50 68 70 73 -1 30 50 68 69 -1 1 5 14 17 -1 8 12 17 81 -1 -2
49 79 83 95 -1 12 41 59 87 -1 -2
38 42 63 74 -1 25 48 55 96 -1 -2
47 51 64 76 -1 11 28 78 86 -1 35 54 57 97 -1 2 10 24 83 -1 21 24 39 94 -1 4 18 20 23 -1 -2
33 42 62 95 -1 26 57 66 94 -1 2 14 60 68 -1 29 48 98 100 -1 61 66 76 89 -1 15 76 88 99 -1 4 15 42 88 -1 21 65 75 78 -1 33 41 79 83 -1 35 47 51 60 -1 -2
13 81 94 96 -1 17 31 45 99 -1 21 27 36 100 -1 4 20 74 97 -1 -2
21 22 76 84 -1 6 37 62 70 -1 19 58 88 95 -1 16 40 77 94 -1 12 30 69 95 -1 15 49 81 82 -1 45 50 53 87 -1 -2
5 26 32 94 -1 2 8 9 64 -1 10 26 36 61 -1 3 6 51 62 -1 24 30 37 96 -1 27 34 46 50 -1 25 28 58 69 -1 22 36 54 91 -1 3 25 58 100 -1 -2
2 7 45 71 -1 3 51 74 100 -1 30 36 50 72 -1 4 16 41 89 -1 3 7 50 81 -1 7 28 55 78 -1 33 41 65 82 -1 -2
52 56 59 64 -1 34 37 38 39 -1 40 53 94 100 -1 16 19 59 78 -1 14 31 45 97 -1 15 38 57 91 -1 13 56 82 95 -1 19 23 42 100 -1 -2
50 54 57 95 -1 10 50 52 66 -1 -2
70 74 82 93 -1 -2
33 50 61 94 -1 9 59 73 93 -1 2 35 44 52 -1 -2
54 60 75 92 -1 12 32 50 92 -1 12 16 60 94 -1 11 13 17 47 -1 8 49 60 91 -1 29 30 73 80 -1 46 56 91 97 -1 49 64 68 81 -1 24 44 55 88 -1 6 16 59 61 -1 -2
11 17 27 50 -1 23 38 42 44 -1 16 32 39 69 -1 -2
26 35 73 86 -1 11 15 36 99 -1 21 50 70 91 -1 1 19 20 89 -1 9 66 78 82 -1 -2
3 18 22 97 -1 16 18 44 74 -1 46 49 73 95 -1 15 61 95 96 -1 5 63 66 80 -1 9 13 26 83 -1 15 32 75 96 -1 -2
18 42 73 86 -1 -2
29 46 49 70 -1 4 7 43 72 -1 47 87 96 99 -1 5 40 63 74 -1 19 32 40 59 -1 -2
34 36 38 80 -1 1 25 26 78 -1 18 47 61 66 -1 -2
4 18 57 100 -1 22 23 37 96 -1 20 71 76 93 -1 30 38 52 60 -1 2 19 46 52 -1 23 46 54 59 -1 7 37 80 82 -1 9 35 81 97 -1 11 42 69 75 -1 11 24 52 72 -1 -2
24 57 91 93 -1 22 43 46 83 -1 15 19 27 59 -1 1 37 77 100 -1 18 26 70 75 -1 17 26 43 56 -1 13 69 78 86 -1 6 67 76 84 -1 47 61 64 98 -1 42 77 78 86 -1 -2
23 28 30 34 -1 35 36 45 63 -1 4 10 25 64 -1 14 41 74 97 -1 31 63 77 94 -1 -2
24 36 47 49 -1 9 10 24 68 -1 9 59 60 88 -1 12 48 81 86 -1 43 64 77 84 -1 -2
9 43 57 72 -1 17 21 37 98 -1 17 31 50 86 -1 55 65 76 81 -1 1 24 51 86 -1 4 28 41 54 -1 33 44 54 63 -1 -2
40 71 82 97 -1 17 42 49 62 -1 -2
1 15 30 52 -1 4 11 79 81 -1 62 67 70 82 -1 39 41 42 70 -1 1 3 94 96 -1 1 34 71 83 -1 43 59 64 88 -1 39 55 74 95 -1 30 35 58 70 -1 -2
18 28 30 77 -1 35 64 71 99 -1 19 34 68 77 -1 10 11 12 14 -1 6 32 56 82 -1 6 53 73 92 -1 -2
12 33 34 52 -1 32 82 83 96 -1 38 44 56 63 -1 28 39 68 97 -1 38 52 64 93 -1 20 83 87 100 -1 8 33 91 97 -1 39 44 89 91 -1 8 67 78 100 -1 -2
3 61 83 100 -1 -2
49 65 73 87 -1 -2
7 29 54 93 -1 7 48 57 86 -1 -2
14 20 92 100 -1 66 82 83 100 -1 14 24 87 95 -1 2 66 93 95 -1 28 33 79 94 -1 -2
3 33 38 83 -1 29 62 65 85 -1 50 54 57 94 -1 11 59 75 86 -1 1 15 27 55 -1 66 84 95 98 -1 14 20 53 58 -1 -2
5 24 40 80 -1 -2
19 24 43 68 -1 40 44 65 66 -1 -2
35 55 57 99 -1 18 30 40 91 -1 20 39 56 80 -1 12 23 25 87 -1 3 7 51 87 -1 2 9 11 73 -1 32 69 90 94 -1 -2
12 27 87 100 -1 10 40 47 52 -1 17 64 65 89 -1 49 51 59 75 -1 49 57 66 100 -1 8 36 48 60 -1 56 57 64 74 -1 5 55 74 98 -1 54 57 60 81 -1 -2
27 49 90 93 -1 6 10 53 76 -1 8 12 17 42 -1 27 46 60 97 -1 60 64 69 97 -1 21 38 62 68 -1 13 21 30 56 -1 26 45 65 85 -1 27 43 52 93 -1 -2
24 74 92 100 -1 37 82 83 100 -1 -2
3 15 57 86 -1 16 39 68 97 -1 28 31 80 88 -1 3 45 66 97 -1 17 24 50 72 -1 -2
44 60 82 96 -1 11 46 70 86 -1 23 28 64 92 -1 12 19 29 61 -1 25 63 73 94 -1 9 52 79 88 -1 -2
8 27 33 96 -1 22 45 64 82 -1 6 12 37 71 -1 1 26 41 69 -1 -2
16 22 82 99 -1 31 44 68 69 -1 5 59 60 73 -1 1 41 74 100 -1 6 35 70 94 -1 -2
6 17 34 80 -1 25 53 87 94 -1 27 49 86 91 -1 5 31 63 86 -1 7 15 27 92 -1 -2
18 19 46 66 -1 11 13 14 84 -1 50 60 68 94 -1 9 53 54 100 -1 -2
14 27 37 58 -1 7 61 62 68 -1 6 68 69 100 -1 5 7 43 99 -1 7 16 20 23 -1 9 13 26 80 -1 7 47 63 64 -1 5 22 62 79 -1 -2
2 25 74 81 -1 2 40 50 55 -1 20 26 40 92 -1 34 67 81 82 -1 4 51 67 80 -1 15 36 68 95 -1 -2
45 70 78 84 -1 4 40 78 84 -1 13 32 80 92 -1 34 73 86 99 -1 13 17 43 57 -1 28 29 60 76 -1 7 20 48 70 -1 51 69 81 97 -1 12 54 82 88 -1 -2
3 14 44 75 -1 11 37 53 87 -1 15 22 66 89 -1 10 36 82 96 -1 15 42 58 95 -1 18 35 40 65 -1 38 82 87 89 -1 41 88 93 99 -1 31 59 80 91 -1 -2
10 36 61 72 -1 2 34 59 66 -1 59 65 79 88 -1 39 44 85 98 -1 18 25 41 66 -1 18 24 58 86 -1 17 41 46 69 -1 3 79 85 93 -1 46 54 67 92 -1 1 13 58 69 -1 -2
3 55 68 77 -1 6 71 90 98 -1 24 25 48 54 -1 20 59 85 87 -1 -2
11 29 92 98 -1 16 32 43 78 -1 2 8 22 74 -1 6 21 41 82 -1 6 33 91 97 -1 13 21 77 80 -1 10 43 71 98 -1 -2
12 14 17 82 -1 38 44 63 64 -1 16 35 43 69 -1 9 24 54 61 -1 7 39 43 85 -1 2 19 62 87 -1 20 28 45 56 -1 1 37 70 77 -1 29 62 70 71 -1 -2
16 50 55 69 -1 19 21 41 42 -1 43 47 51 76 -1 13 21 28 51 -1 2 80 87 96 -1 37 48 59 71 -1 11 45 53 67 -1 26 32 55 56 -1 -2
14 57 59 76 -1 -2
8 53 70 78 -1 41 42 50 59 -1 11 18 64 71 -1 40 41 71 74 -1 6 16 71 100 -1 29 56 95 98 -1 1 30 31 48 -1 62 66 74 81 -1 -2
15 35 69 81 -1 34 56 70 97 -1 16 80 99 100 -1 31 37 76 77 -1 37 51 65 90 -1 1 19 39 45 -1 6 41 45 75 -1 13 56 64 94 -1 26 58 71 95 -1 16 60 63 83 -1 -2
24 45 46 99 -1 -2
6 12 33 47 -1 17 25 55 81 -1 23 52 83 94 -1 8 21 51 86 -1 48 49 84 92 -1 78 85 91 100 -1 38 52 86 92 -1 2 5 42 89 -1 4 19 51 57 -1 9 12 51 58 -1 -2
2 20 26 100 -1 4 5 20 44 -1 12 37 81 99 -1 39 72 85 91 -1 5 18 55 59 -1 4 6 43 44 -1 32 43 45 64 -1 -2
7 25 88 94 -1 7 22 44 77 -1 4 24 72 92 -1 71 84 92 96 -1 10 16 62 70 -1 41 47 80 98 -1 -2
3 11 57 100 -1 15 40 50 84 -1 29 51 84 91 -1 1 92 96 97 -1 18 33 74 81 -1 -2
5 17 38 64 -1 13 14 23 81 -1 2 19 57 96 -1 4 21 77 94 -1 8 30 52 98 -1 21 59 71 93 -1 17 30 50 57 -1 9 15 47 87 -1 15 26 36 96 -1 -2
16 19 53 92 -1 78 82 94 100 -1 -2
8 39 41 67 -1 53 60 62 100 -1 27 28 73 74 -1 38 43 55 67 -1 52 60 69 71 -1 14 20 45 74 -1 20 36 53 72 -1 3 5 15 56 -1 25 45 56 71 -1 33 63 90 93 -1 -2
16 20 36 91 -1 1 37 41 61 -1 4 31 46 97 -1 40 61 64 95 -1 58 87 91 99 -1 10 69 70 92 -1 4 16 45 81 -1 -2
10 27 42 44 -1 19 43 54 61 -1 1 63 75 97 -1 4 28 30 40 -1 25 71 73 85 -1 10 28 45 89 -1 8 18 34 75 -1 -2
4 46 51 92 -1 9 65 90 98 -1 20 32 85 87 -1 21 23 77 97 -1 6 7 71 79 -1 6 62 81 100 -1 17 45 51 60 -1 20 31 60 88 -1 27 51 57 59 -1 -2
5 43 59 77 -1 28 45 57 86 -1 3 39 48 92 -1 1 7 20 24 -1 -2
4 19 67 94 -1 -2
5 76 95 98 -1 10 11 49 61 -1 31 33 35 93 -1 28 36 55 87 -1 27 28 56 58 -1 24 37 59 76 -1 35 56 62 69 -1 4 33 35 50 -1 19 20 34 66 -1 -2
1 21 66 92 -1 5 7 67 77 -1 13 26 50 77 -1 -2
1 6 9 83 -1 42 58 81 95 -1 24 56 78 95 -1 -2
34 51 54 63 -1 24 29 59 60 -1 -2
42 85 86 99 -1 33 48 58 69 -1 6 12 46 92 -1 13 32 40 89 -1 -2
6 46 48 52 -1 13 38 42 48 -1 -2
22 30 56 99 -1 12 42 52 74 -1 42 73 82 94 -1 14 34 86 99 -1 16 23 44 74 -1 21 44 65 66 -1 -2
48 62 65 72 -1 18 27 78 100 -1 6 49 55 69 -1 1 64 86 90 -1 26 73 93 95 -1 33 72 76 90 -1 4 9 29 78 -1 -2
23 36 71 78 -1 9 12 13 78 -1 57 81 89 90 -1 8 51 71 89 -1 9 16 37 75 -1 -2
29 32 57 96 -1 48 69 76 92 -1 18 22 43 92 -1 -2
19 49 54 56 -1 5 15 31 39 -1 -2
15 46 63 97 -1 22 30 38 62 -1 2 9 49 56 -1 2 26 47 81 -1 -2
25 28 38 87 -1 15 20 85 92 -1 29 66 67 83 -1 9 11 18 59 -1 12 27 29 30 -1 2 52 71 96 -1 37 60 76 89 -1 36 71 78 91 -1 -2
20 30 50 99 -1 3 5 10 46 -1 6 13 79 81 -1 32 49 81 82 -1 7 15 39 95 -1 9 18 33 85 -1 -2
25 31 32 79 -1 4 24 57 93 -1 73 74 81 95 -1 -2
16 65 88 94 -1 24 27 60 69 -1 10 32 63 70 -1 11 24 43 61 -1 15 71 77 88 -1 6 8 12 32 -1 20 70 92 95 -1 -2
12 28 45 88 -1 7 18 81 96 -1 12 27 55 63 -1 27 59 70 93 -1 19 20 38 66 -1 -2
30 36 93 100 -1 35 42 56 80 -1 48 51 56 96 -1 21 78 90 91 -1 8 30 61 91 -1 -2
27 29 34 70 -1 16 86 88 98 -1 18 24 39 47 -1 7 27 36 44 -1 12 23 64 85 -1 -2
51 52 82 99 -1 15 35 43 83 -1 -2
25 70 87 89 -1 6 57 63 97 -1 -2
67 77 81 91 -1 59 77 89 94 -1 40 63 80 88 -1 15 21 67 72 -1 5 28 59 72 -1 2 7 94 99 -1 1 4 5 75 -1 16 19 39 93 -1 4 12 33 36 -1 8 52 53 81 -1 -2
2 44 54 89 -1 1 12 18 76 -1 11 42 55 60 -1 10 68 96 97 -1 23 25 45 55 -1 15 64 71 96 -1 3 8 13 18 -1 48 55 57 59 -1 40 57 58 64 -1 4 8 42 88 -1 -2
2 16 55 94 -1 26 41 51 60 -1 26 37 56 74 -1 18 45 54 90 -1 6 38 47 55 -1 11 19 45 57 -1 11 30 45 60 -1 5 17 24 44 -1 5 12 76 84 -1 -2
57 58 70 93 -1 11 17 20 69 -1 18 73 75 92 -1 27 58 74 77 -1 26 30 58 97 -1 34 46 76 88 -1 12 36 50 62 -1 2 42 77 89 -1 -2
45 66 76 96 -1 17 25 27 56 -1 -2
27 43 88 89 -1 22 24 60 100 -1 20 27 83 96 -1 4 18 24 59 -1 12 33 64 87 -1 -2
42 50 70 84 -1 50 81 88 97 -1 13 24 83 95 -1 30 59 66 73 -1 4 23 52 66 -1 30 38 39 71 -1 12 33 55 96 -1 54 58 59 95 -1 15 22 37 74 -1 39 43 62 68 -1 -2
6 39 53 89 -1 6 12 32 73 -1 -2
15 32 58 72 -1 6 26 36 47 -1 1 5 77 93 -1 25 31 74 86 -1 1 11 47 84 -1 2 8 9 56 -1 32 58 98 99 -1 80 94 95 99 -1 17 52 75 91 -1 30 46 70 87 -1 -2
45 62 81 94 -1 6 7 27 61 -1 28 44 72 97 -1 17 62 77 87 -1 16 45 51 75 -1 -2
8 69 77 81 -1 35 86 94 95 -1 15 29 32 49 -1 -2
9 26 52 98 -1 33 34 74 86 -1 18 27 86 87 -1 48 73 78 100 -1 -2
36 39 56 89 -1 23 27 66 95 -1 3 9 18 78 -1 9 76 91 98 -1 13 30 48 89 -1 18 27 42 90 -1 19 36 59 96 -1 -2
19 35 48 49 -1 3 67 75 85 -1 14 24 56 57 -1 10 52 74 100 -1 57 77 94 97 -1 28 50 58 85 -1 12 23 62 97 -1 -2
4 14 52 69 -1 8 39 61 90 -1 30 47 51 79 -1 8 36 63 75 -1 19 37 46 88 -1 5 6 9 12 -1 19 58 90 91 -1 9 14 18 83 -1 -2
25 33 55 74 -1 28 48 53 76 -1 24 43 74 75 -1 8 17 31 97 -1 10 39 49 96 -1 22 35 46 76 -1 10 32 35 36 -1 28 58 87 97 -1 19 57 59 76 -1 13 14 26 99 -1 -2
33 52 81 91 -1 1 19 69 100 -1 4 28 78 79 -1 20 28 72 74 -1 77 79 84 95 -1 -2
23 63 82 84 -1 1 21 42 74 -1 49 69 70 77 -1 -2
18 19 68 91 -1 20 45 60 64 -1 9 26 32 96 -1 34 63 79 87 -1 2 40 50 78 -1 -2
13 18 41 72 -1 -2
39 40 75 79 -1 11 26 53 85 -1 7 32 73 92 -1 1 17 54 68 -1 12 30 38 55 -1 7 18 32 36 -1 1 12 66 72 -1 -2
31 77 79 84 -1 18 46 90 97 -1 7 85 95 99 -1 23 55 70 84 -1 36 57 60 71 -1 34 50 52 84 -1 -2
3 15 53 100 -1 6 39 57 71 -1 5 13 75 90 -1 41 86 93 99 -1 1 40 69 87 -1 43 49 52 60 -1 1 64 89 96 -1 -2
70 89 91 97 -1 6 20 36 53 -1 44 59 68 87 -1 12 25 57 69 -1 36 37 87 100 -1 1 15 49 61 -1 -2
15 42 43 46 -1 27 62 76 82 -1 27 78 87 99 -1 11 16 36 89 -1 -2
40 42 55 58 -1 11 12 20 42 -1 -2
15 43 45 64 -1 51 58 67 96 -1 12 15 76 93 -1 58 66 71 74 -1 2 18 48 86 -1 20 29 83 86 -1 -2
58 63 91 96 -1 11 37 50 77 -1 20 21 45 52 -1 9 21 75 95 -1 46 50 69 89 -1 3 37 92 94 -1 9 19 32 34 -1 -2
6 8 58 77 -1 26 28 66 93 -1 3 18 30 48 -1 13 28 31 82 -1 7 11 40 81 -1 -2
1 44 54 75 -1 60 68 80 86 -1 14 43 63 68 -1 23 35 54 82 -1 39 45 62 74 -1 36 43 71 89 -1 6 64 80 97 -1 16 65 66 78 -1 28 42 44 47 -1 -2
17 55 75 86 -1 9 24 46 86 -1 -2
12 16 19 30 -1 1 35 61 99 -1 6 33 48 53 -1 34 36 67 88 -1 3 19 42 76 -1 22 24 45 57 -1 -2
33 58 72 76 -1 24 33 66 71 -1 37 56 81 88 -1 12 29 45 85 -1 42 58 77 90 -1 7 46 63 97 -1 35 49 64 88 -1 -2
10 63 69 84 -1 24 31 45 64 -1 10 24 73 89 -1 31 58 61 80 -1 26 30 61 80 -1 33 45 53 83 -1 -2
43 45 85 95 -1 6 37 75 100 -1 21 32 77 98 -1 21 31 50 59 -1 48 49 77 100 -1 25 58 71 73 -1 -2
27 35 56 99 -1 3 19 63 92 -1 -2
20 54 73 93 -1 10 12 18 19 -1 49 82 86 96 -1 7 33 56 79 -1 2 3 14 85 -1 -2
29 42 66 82 -1 24 40 55 89 -1 -2
21 22 65 75 -1 12 73 81 96 -1 44 69 85 87 -1 8 9 26 77 -1 12 50 52 90 -1 31 42 62 83 -1 43 65 76 92 -1 -2
10 33 69 72 -1 -2
46 72 82 92 -1 24 32 56 92 -1 15 54 87 91 -1 40 55 61 100 -1 42 61 69 70 -1 15 45 92 100 -1 15 29 69 96 -1 2 6 37 53 -1 -2
20 60 78 97 -1 11 60 83 85 -1 12 51 55 83 -1 62 70 81 91 -1 6 26 35 93 -1 1 46 72 77 -1 8 50 87 94 -1 39 45 58 90 -1 16 73 88 89 -1 4 30 63 99 -1 -2
7 11 50 61 -1 12 69 70 85 -1 43 51 60 87 -1 9 37 50 94 -1 42 59 70 86 -1 30 41 51 94 -1 42 83 85 100 -1 52 57 59 86 -1 -2
31 43 64 96 -1 5 23 73 84 -1 -2
3 17 30 51 -1 43 59 87 99 -1 6 58 68 79 -1 23 24 37 74 -1 -2
15 57 60 87 -1 -2
29 53 66 81 -1 45 47 51 81 -1 1 15 34 56 -1 11 38 84 92 -1 -2
36 41 43 77 -1 13 15 20 35 -1 17 26 62 64 -1 38 65 98 100 -1 30 51 52 89 -1 11 46 68 71 -1 11 16 55 73 -1 1 30 33 72 -1 17 25 58 98 -1 45 54 69 97 -1 -2
13 65 72 99 -1 34 56 96 99 -1 32 45 74 93 -1 3 5 6 95 -1 29 53 55 86 -1 16 36 75 81 -1 29 34 66 92 -1 23 32 51 60 -1 34 78 86 93 -1 -2
20 43 68 74 -1 12 22 35 78 -1 19 55 62 88 -1 3 15 34 93 -1 39 49 75 94 -1 1 50 71 74 -1 -2
21 36 47 57 -1 10 18 21 69 -1 36 41 45 94 -1 2 15 31 45 -1 38 58 93 100 -1 8 16 70 89 -1 36 42 63 81 -1 -2
5 52 85 97 -1 50 67 69 82 -1 -2
5 49 72 88 -1 23 39 46 57 -1 6 52 59 86 -1 -2
7 53 79 96 -1 13 49 68 85 -1 7 20 33 87 -1 -2
4 57 77 92 -1 4 8 56 74 -1 29 30 58 93 -1 6 27 28 61 -1 15 35 64 73 -1 12 18 71 72 -1 18 50 62 63 -1 -2
5 12 34 58 -1 29 39 56 62 -1 11 24 50 61 -1 18 35 69 71 -1 25 42 59 98 -1 12 73 79 81 -1 3 5 68 80 -1 7 52 60 66 -1 -2
19 32 62 96 -1 33 40 65 81 -1 13 45 74 82 -1 11 21 25 63 -1 4 8 87 90 -1 -2
60 68 77 83 -1 14 43 58 59 -1 56 66 75 93 -1 -2
24 39 71 86 -1 15 22 55 98 -1 1 23 42 68 -1 9 18 45 90 -1 51 53 70 99 -1 -2
18 33 52 94 -1 13 41 53 73 -1 -2
2 22 38 73 -1 5 24 81 93 -1 11 45 70 98 -1 14 18 80 81 -1 -2
74 76 77 88 -1 26 46 55 73 -1 5 12 56 80 -1 27 37 59 86 -1 12 20 47 87 -1 -2
48 55 72 78 -1 -2
8 29 30 42 -1 14 16 38 49 -1 25 54 62 97 -1 -2
11 28 32 44 -1 8 34 42 54 -1 9 49 51 60 -1 12 18 38 47 -1 3 20 70 100 -1 -2
23 60 71 98 -1 -2
6 36 64 83 -1 -2
7 21 56 81 -1 20 36 82 97 -1 2 4 20 100 -1 -2
18 23 58 90 -1 21 48 50 71 -1 21 25 49 93 -1 55 63 71 91 -1 24 30 36 41 -1 46 47 87 99 -1 13 65 81 87 -1 5 20 87 91 -1 8 23 68 79 -1 -2
25 50 62 68 -1 -2
20 24 29 79 -1 43 74 79 80 -1 16 27 54 61 -1 18 52 60 62 -1 1 29 41 82 -1 24 27 32 98 -1 41 80 89 97 -1 8 15 57 58 -1 -2
28 35 38 79 -1 5 24 70 96 -1 -2
5 19 44 47 -1 48 60 74 94 -1 9 28 34 56 -1 11 24 51 100 -1 14 59 94 97 -1 -2
7 58 83 88 -1 11 54 59 99 -1 29 75 81 94 -1 10 71 75 88 -1 3 35 57 85 -1 10 12 26 34 -1 17 23 26 84 -1 26 32 50 82 -1 14 32 55 86 -1 -2
15 50 55 95 -1 7 11 61 64 -1 41 69 92 100 -1 1 28 31 63 -1 -2
3 33 37 61 -1 57 68 74 84 -1 5 30 36 69 -1 -2
14 31 54 86 -1 32 37 44 95 -1 11 18 57 80 -1 19 43 59 90 -1 20 79 82 90 -1 -2
15 27 36 64 -1 5 15 16 93 -1 1 33 53 59 -1 14 34 48 68 -1 8 19 37 40 -1 -2
28 38 54 81 -1 60 78 80 93 -1 58 71 95 98 -1 1 36 71 92 -1 8 48 85 95 -1 7 43 60 97 -1 -2
4 10 83 86 -1 24 45 62 86 -1 8 38 41 46 -1 29 33 56 61 -1 29 58 64 77 -1 14 22 62 91 -1 37 41 68 70 -1 15 65 69 79 -1 -2
50 53 62 93 -1 35 62 63 80 -1 50 53 56 88 -1 38 46 78 84 -1 4 6 27 81 -1 8 39 91 96 -1 26 35 36 47 -1 17 31 80 93 -1 39 46 67 80 -1 19 51 52 94 -1 -2
28 64 71 98 -1 5 6 71 96 -1 11 39 49 69 -1 -2
18 41 45 66 -1 38 68 89 90 -1 24 38 43 71 -1 12 13 18 40 -1 2 30 35 50 -1 54 81 85 94 -1 29 38 51 74 -1 3 31 76 82 -1 13 30 42 99 -1 1 23 55 98 -1 -2
41 68 93 98 -1 -2
11 36 55 87 -1 31 38 58 86 -1 31 45 55 72 -1 19 21 66 92 -1 6 51 60 76 -1 17 26 67 71 -1 3 29 46 56 -1 19 21 46 60 -1 7 21 91 93 -1 13 19 64 99 -1 -2
12 22 80 86 -1 4 17 21 49 -1 66 67 80 84 -1 2 6 16 61 -1 12 17 71 81 -1 36 38 58 62 -1 -2
6 23 62 91 -1 -2
37 43 55 85 -1 13 51 72 100 -1 14 55 61 88 -1 -2
4 44 69 97 -1 35 44 64 87 -1 28 49 91 95 -1 -2
70 74 75 88 -1 28 36 44 91 -1 26 51 59 68 -1 12 20 60 89 -1 15 20 38 89 -1 4 43 51 68 -1 16 18 42 68 -1 -2
36 50 74 75 -1 45 47 64 100 -1 31 35 46 63 -1 16 23 44 56 -1 61 67 86 88 -1 59 60 67 98 -1 2 16 51 96 -1 20 24 45 73 -1 17 22 51 56 -1 -2
4 8 58 77 -1 19 41 82 86 -1 11 88 90 95 -1 52 69 73 87 -1 7 17 19 58 -1 6 8 28 29 -1 -2
40 74 93 98 -1 37 59 61 92 -1 56 64 71 89 -1 25 39 67 72 -1 6 36 66 70 -1 -2
36 48 65 73 -1 6 14 17 87 -1 13 51 59 70 -1 -2
34 69 76 84 -1 13 25 42 78 -1 7 47 52 71 -1 15 18 33 77 -1 21 26 28 51 -1 29 36 76 85 -1 11 30 80 92 -1 1 14 70 78 -1 -2
26 37 61 63 -1 7 50 68 87 -1 32 37 53 72 -1 59 61 86 100 -1 -2
7 15 38 77 -1 24 36 42 92 -1 27 49 63 83 -1 6 22 28 88 -1 32 44 66 100 -1 49 80 93 97 -1 13 27 45 80 -1 11 16 17 45 -1 -2
41 43 49 57 -1 45 68 70 86 -1 10 51 59 98 -1 8 22 62 82 -1 3 59 75 80 -1 -2
4 11 21 51 -1 3 19 70 87 -1 7 68 78 87 -1 22 48 82 95 -1 46 64 75 82 -1 5 17 79 94 -1 60 75 79 84 -1 -2
19 20 57 66 -1 34 60 66 77 -1 13 43 44 48 -1 26 53 69 88 -1 4 21 44 60 -1 16 56 86 92 -1 12 24 28 86 -1 10 24 36 99 -1 5 22 56 60 -1 -2
2 22 60 87 -1 42 50 64 86 -1 7 49 77 79 -1 7 23 69 84 -1 7 10 37 84 -1 20 24 90 94 -1 -2
4 41 68 98 -1 46 78 88 90 -1 6 19 22 89 -1 6 11 16 61 -1 14 62 69 91 -1 18 58 84 93 -1 63 92 96 98 -1 -2
27 42 46 81 -1 10 56 62 100 -1 61 68 73 84 -1 19 43 63 65 -1 65 71 81 87 -1 43 46 58 70 -1 67 82 87 91 -1 1 2 32 63 -1 -2
41 56 58 83 -1 -2
27 35 40 99 -1 4 27 33 84 -1 26 46 54 93 -1 8 10 11 90 -1 31 62 76 84 -1 5 10 41 64 -1 21 69 93 96 -1 7 10 26 69 -1 17 19 53 89 -1 -2
3 26 66 97 -1 2 11 87 96 -1 -2
32 70 84 96 -1 6 44 70 99 -1 14 58 89 99 -1 52 86 89 98 -1 17 36 39 51 -1 -2
21 51 78 95 -1 15 21 23 64 -1 41 48 66 74 -1 22 27 87 89 -1 24 66 81 95 -1 -2
5 26 35 63 -1 55 56 62 78 -1 7 37 42 51 -1 58 70 91 94 -1 18 22 62 80 -1 13 32 45 78 -1 -2
43 68 96 100 -1 10 52 81 99 -1 8 23 57 74 -1 50 61 74 81 -1 33 39 69 78 -1 38 70 74 90 -1 12 21 66 82 -1 -2
9 49 61 71 -1 49 58 59 96 -1 11 69 75 94 -1 65 75 77 87 -1 38 50 56 70 -1 29 33 39 71 -1 -2
24 53 64 81 -1 12 31 40 94 -1 8 40 47 63 -1 16 21 33 73 -1 23 25 29 35 -1 6 8 64 100 -1 18 38 74 100 -1 -2
12 24 38 77 -1 2 55 62 99 -1 -2
29 41 43 44 -1 20 44 45 59 -1 1 75 77 78 -1 22 39 67 78 -1 -2
7 60 77 89 -1 6 56 59 92 -1 12 17 33 48 -1 17 62 72 91 -1 7 52 72 84 -1 16 38 61 86 -1 -2
33 39 49 87 -1 7 30 52 88 -1 7 25 44 71 -1 2 23 61 65 -1 2 40 82 88 -1 14 22 64 67 -1 8 15 41 99 -1 11 17 19 51 -1 30 55 57 99 -1 -2
5 38 87 98 -1 11 15 21 34 -1 -2
17 42 45 57 -1 22 26 84 92 -1 41 53 60 62 -1 48 61 76 86 -1 2 52 68 97 -1 -2
1 58 75 88 -1 29 31 42 70 -1 55 57 63 75 -1 26 28 39 48 -1 1 15 30 89 -1 5 48 51 55 -1 4 12 21 86 -1 1 22 45 73 -1 51 69 73 98 -1 -2
6 53 58 81 -1 24 54 60 64 -1 22 26 39 48 -1 53 68 83 93 -1 20 26 66 80 -1 28 59 74 99 -1 48 51 82 95 -1 31 61 62 100 -1 -2
34 41 56 68 -1 -2
44 53 55 93 -1 34 46 51 96 -1 1 12 75 79 -1 47 67 95 97 -1 25 28 67 89 -1 -2
51 70 91 95 -1 67 77 79 82 -1 12 15 64 72 -1 23 39 47 52 -1 26 48 77 87 -1 -2
3 5 11 44 -1 34 36 55 72 -1 18 31 59 80 -1 -2
28 37 41 62 -1 13 41 45 91 -1 13 28 35 99 -1 15 17 23 95 -1 19 30 32 44 -1 -2
38 79 80 81 -1 22 30 55 60 -1 24 57 68 72 -1 1 89 95 96 -1 12 30 58 98 -1 -2
4 81 93 97 -1 13 73 90 100 -1 8 22 84 91 -1 18 63 67 69 -1 33 35 57 60 -1 2 23 46 88 -1 19 37 46 95 -1 3 17 41 65 -1 28 33 78 96 -1 52 67 86 98 -1 -2
35 36 51 79 -1 23 75 89 98 -1 26 33 50 96 -1 38 53 60 66 -1 10 19 36 56 -1 4 8 42 60 -1 6 13 39 93 -1 -2
5 6 12 83 -1 16 36 42 46 -1 74 79 85 87 -1 15 19 28 100 -1 22 26 58 90 -1 14 23 38 49 -1 3 52 81 90 -1 10 26 32 99 -1 12 61 63 80 -1 16 24 29 44 -1 -2
2 13 73 100 -1 -2
9 11 13 81 -1 26 38 80 100 -1 76 79 91 95 -1 -2
16 64 82 97 -1 3 35 55 88 -1 5 27 59 72 -1 45 47 92 93 -1 10 39 69 80 -1 9 11 41 53 -1 44 65 70 79 -1 8 22 38 70 -1 3 13 32 100 -1 2 59 90 96 -1 -2
16 40 58 62 -1 31 40 41 100 -1 18 21 77 85 -1 7 27 46 87 -1 16 18 30 77 -1 9 38 47 87 -1 -2
6 37 61 98 -1 19 46 87 91 -1 52 71 85 94 -1 25 39 60 86 -1 19 42 52 75 -1 11 20 38 62 -1 18 25 63 65 -1 -2
19 24 38 58 -1 38 47 61 67 -1 23 49 57 94 -1 24 36 64 92 -1 32 46 68 78 -1 8 77 87 94 -1 10 52 71 82 -1 15 24 76 87 -1 6 11 19 95 -1 2 31 77 96 -1 -2
22 47 56 60 -1 18 30 46 54 -1 4 40 76 92 -1 11 50 76 81 -1 21 42 69 88 -1 -2
12 20 47 79 -1 17 45 75 80 -1 47 52 75 76 -1 43 57 84 100 -1 13 44 51 90 -1 3 13 62 79 -1 28 60 62 75 -1 16 40 50 54 -1 -2
7 41 62 87 -1 30 42 59 86 -1 19 22 53 89 -1 -2
7 20 63 80 -1 4 49 62 86 -1 14 23 94 97 -1 3 43 70 86 -1 41 66 79 90 -1 26 30 49 97 -1 -2
3 6 38 92 -1 4 33 76 95 -1 -2
23 38 44 85 -1 50 53 59 94 -1 21 29 47 66 -1 29 60 80 81 -1 45 46 61 95 -1 -2
23 33 50 97 -1 20 25 54 95 -1 34 70 83 89 -1 18 19 51 73 -1 -2
18 35 53 65 -1 5 10 40 100 -1 3 9 29 66 -1 22 40 41 75 -1 24 65 77 94 -1 23 66 73 96 -1 7 14 49 67 -1 16 57 58 81 -1 4 5 47 50 -1 18 19 30 69 -1 -2
27 48 64 68 -1 21 26 27 43 -1 66 67 69 88 -1 -2
10 40 52 69 -1 7 47 77 88 -1 10 35 46 81 -1 7 51 58 63 -1 12 17 18 19 -1 -2
31 42 65 70 -1 10 76 88 92 -1 34 63 80 85 -1 18 57 80 91 -1 6 51 89 91 -1 14 53 78 91 -1 37 39 50 98 -1 7 8 19 79 -1 21 63 84 86 -1 67 74 78 81 -1 -2
4 5 29 43 -1 48 61 80 90 -1 35 40 83 87 -1 58 69 88 95 -1 -2
15 22 26 75 -1 13 44 64 78 -1 9 42 51 64 -1 7 51 56 99 -1 5 55 59 67 -1 3 31 67 86 -1 -2
22 61 76 90 -1 15 31 74 95 -1 17 23 34 84 -1 17 33 50 81 -1 16 57 59 87 -1 -2
36 78 97 100 -1 6 38 41 100 -1 -2
74 86 89 97 -1 24 54 95 97 -1 57 59 66 95 -1 19 64 81 87 -1 5 15 56 83 -1 4 61 80 83 -1 8 12 38 62 -1 17 46 61 63 -1 19 78 99 100 -1 12 52 62 86 -1 -2
7 11 59 88 -1 16 42 58 87 -1 42 49 50 58 -1 92 93 94 100 -1 -2
22 43 64 71 -1 23 38 42 78 -1 3 59 60 68 -1 43 47 52 88 -1 5 20 39 96 -1 7 29 56 84 -1 1 15 78 84 -1 1 63 65 73 -1 6 17 39 64 -1 64 75 98 100 -1 -2
7 77 88 98 -1 20 21 26 91 -1 12 23 24 62 -1 40 49 65 81 -1 42 45 64 100 -1 -2
47 48 76 98 -1 2 21 37 74 -1 12 37 80 93 -1 1 61 74 89 -1 44 59 89 100 -1 25 26 56 66 -1 -2
12 45 61 69 -1 3 14 38 60 -1 4 35 54 61 -1 42 43 84 96 -1 26 58 71 73 -1 13 21 57 81 -1 32 37 47 72 -1 1 17 62 69 -1 21 87 89 98 -1 -2
11 28 33 89 -1 21 23 30 70 -1 36 47 49 77 -1 2 6 10 32 -1 50 69 81 96 -1 3 13 50 84 -1 17 31 76 91 -1 14 19 26 76 -1 30 41 50 76 -1 1 6 27 46 -1 -2
8 60 64 79 -1 7 9 11 62 -1 27 47 80 91 -1 23 67 80 95 -1 34 39 44 58 -1 16 21 47 96 -1 13 53 64 86 -1 12 23 28 91 -1 -2
41 91 92 95 -1 -2
2 6 34 66 -1 20 26 36 68 -1 8 33 49 82 -1 14 37 88 97 -1 28 41 58 62 -1 12 17 56 81 -1 13 25 30 56 -1 9 45 69 99 -1 59 64 90 97 -1 19 40 49 80 -1 -2
14 33 53 100 -1 43 75 79 83 -1 30 53 78 80 -1 7 15 21 34 -1 6 14 31 93 -1 4 31 92 98 -1 26 75 97 100 -1 47 71 73 89 -1 -2
1 34 52 79 -1 7 46 69 89 -1 5 26 38 55 -1 30 72 80 90 -1 21 58 62 80 -1 20 31 63 99 -1 34 36 48 76 -1 42 77 79 82 -1 -2
11 15 30 99 -1 13 17 49 95 -1 50 52 61 74 -1 6 57 61 73 -1 -2
17 37 57 89 -1 5 14 30 45 -1 15 34 78 96 -1 6 7 63 71 -1 24 36 73 87 -1 20 32 59 63 -1 16 27 40 85 -1 24 50 52 61 -1 14 21 42 78 -1 17 29 74 76 -1 -2
27 31 47 97 -1 9 25 69 86 -1 -2
8 41 69 75 -1 42 58 83 92 -1 1 17 41 97 -1 73 87 89 97 -1 14 19 21 72 -1 30 45 85 92 -1 37 55 63 69 -1 25 45 72 73 -1 -2
7 69 70 83 -1 30 68 69 86 -1 -2
13 29 40 97 -1 9 33 35 57 -1 -2
47 50 67 81 -1 25 36 38 78 -1 10 23 26 29 -1 -2
1 20 54 82 -1 44 51 52 77 -1 -2
34 56 77 81 -1 18 21 51 88 -1 50 59 60 81 -1 17 21 87 89 -1 16 20 44 65 -1 22 49 84 92 -1 17 41 46 96 -1 -2
42 60 66 79 -1 29 53 61 95 -1 -2
34 55 73 93 -1 -2
26 27 56 90 -1 5 39 51 99 -1 -2
2 6 19 31 -1 11 35 40 72 -1 32 53 77 81 -1 36 43 45 62 -1 7 25 58 63 -1 13 18 24 66 -1 10 17 21 84 -1 -2
7 37 73 76 -1 57 89 93 95 -1 9 20 32 52 -1 6 15 17 94 -1 8 45 80 94 -1 46 52 75 98 -1 5 40 70 81 -1 12 29 36 80 -1 -2
45 52 83 96 -1 64 82 88 92 -1 4 8 24 73 -1 3 27 90 93 -1 7 19 52 77 -1 31 75 89 98 -1 -2
10 68 76 87 -1 -2
31 58 87 96 -1 10 36 77 100 -1 2 12 15 93 -1 3 24 52 92 -1 31 46 80 84 -1 1 16 19 41 -1 26 43 49 90 -1 17 42 73 78 -1 19 60 85 91 -1 1 27 39 59 -1 -2
35 44 91 99 -1 15 21 23 32 -1 2 61 81 88 -1 32 50 64 85 -1 8 34 59 71 -1 5 54 93 95 -1 14 64 75 94 -1 -2
54 56 67 95 -1 17 19 51 79 -1 57 62 63 80 -1 5 42 60 87 -1 39 73 75 98 -1 3 55 67 98 -1 5 6 14 43 -1 45 57 73 76 -1 7 23 51 84 -1 -2
30 45 47 99 -1 49 53 54 70 -1 2 59 63 70 -1 35 55 93 100 -1 -2
14 96 99 100 -1 6 80 81 93 -1 3 28 33 92 -1 -2
2 11 20 49 -1 20 21 23 51 -1 -2
26 30 93 97 -1 18 39 62 92 -1 34 36 39 54 -1 26 35 56 62 -1 40 46 72 87 -1 7 28 51 84 -1 8 15 43 84 -1 5 17 44 51 -1 10 44 92 96 -1 -2
21 32 85 90 -1 1 23 70 96 -1 44 64 82 93 -1 20 31 72 83 -1 3 28 34 49 -1 10 55 67 86 -1 -2
15 20 25 35 -1 43 44 90 98 -1 6 22 68 81 -1 9 13 22 43 -1 17 25 39 95 -1 8 44 70 81 -1 2 14 29 34 -1 33 38 51 76 -1 15 32 40 53 -1 -2
8 19 50 93 -1 15 31 43 98 -1 3 49 57 86 -1 46 48 51 78 -1 -2
6 8 9 63 -1 15 41 74 81 -1 7 21 50 81 -1 21 75 94 99 -1 2 3 53 95 -1 12 34 42 96 -1 25 74 84 95 -1 30 38 58 90 -1 -2
38 60 67 72 -1 6 58 64 91 -1 21 24 73 93 -1 15 17 35 70 -1 -2
13 19 49 75 -1 16 46 58 79 -1 20 55 69 99 -1 3 4 61 93 -1 32 57 62 86 -1 6 8 53 78 -1 11 67 72 76 -1 18 34 47 93 -1 14 63 85 96 -1 1 3 53 83 -1 -2
6 50 70 91 -1 14 50 86 87 -1 19 52 66 83 -1 -2
5 33 53 63 -1 2 45 71 94 -1 37 61 83 88 -1 4 11 13 54 -1 8 56 58 70 -1 12 51 53 97 -1 21 36 81 83 -1 -2
19 61 74 99 -1 17 40 47 86 -1 13 48 75 93 -1 22 74 77 99 -1 24 30 59 93 -1 16 32 47 78 -1 39 52 53 61 -1 -2
31 35 43 73 -1 1 42 88 90 -1 27 36 58 59 -1 18 23 45 56 -1 14 37 45 68 -1 12 40 51 71 -1 10 15 16 27 -1 -2
34 45 65 95 -1 25 75 84 96 -1 35 44 67 81 -1 22 45 47 79 -1 -2
7 8 40 52 -1 14 42 46 88 -1 24 33 52 76 -1 2 16 17 100 -1 37 52 66 86 -1 16 21 45 97 -1 10 28 35 74 -1 29 37 82 91 -1 8 50 75 90 -1 -2
52 55 69 99 -1 29 37 58 75 -1 38 44 69 87 -1 1 29 56 80 -1 2 40 90 91 -1 24 40 62 95 -1 -2
7 32 58 85 -1 -2
27 29 36 51 -1 17 65 81 83 -1 -2
21 58 68 98 -1 1 54 60 94 -1 18 74 81 92 -1 22 39 53 78 -1 3 38 93 95 -1 21 41 59 72 -1 14 79 90 100 -1 3 58 59 93 -1 12 49 58 95 -1 -2
1 20 46 60 -1 20 67 90 94 -1 7 15 36 73 -1 -2
11 30 34 37 -1 -2
13 17 54 69 -1 15 50 61 63 -1 9 13 70 75 -1 19 62 66 75 -1 33 51 68 96 -1 17 44 81 92 -1 2 54 60 66 -1 38 63 93 100 -1 8 37 42 60 -1 -2
18 26 71 94 -1 25 47 52 83 -1 12 27 31 32 -1 56 58 67 85 -1 -2
3 4 42 66 -1 11 14 44 69 -1 33 39 57 91 -1 10 64 71 82 -1 1 38 46 80 -1 7 38 59 97 -1 4 66 94 97 -1 5 60 82 95 -1 2 6 15 95 -1 -2
13 19 41 88 -1 -2
4 60 62 96 -1 -2
14 42 87 96 -1 42 65 68 98 -1 53 58 60 99 -1 8 30 42 98 -1 -2
9 24 86 93 -1 -2
20 90 91 97 -1 3 11 57 71 -1 15 60 61 85 -1 27 29 63 69 -1 4 13 58 79 -1 8 33 55 69 -1 28 32 53 88 -1 9 20 86 96 -1 28 58 89 97 -1 -2
4 8 16 54 -1 8 10 77 84 -1 3 41 47 56 -1 -2
9 18 51 86 -1 29 37 41 78 -1 -2
4 8 15 47 -1 25 31 75 77 -1 50 59 60 69 -1 56 61 68 78 -1 23 36 47 51 -1 -2
6 20 48 72 -1 15 41 67 81 -1 25 66 84 85 -1 13 47 68 72 -1 34 72 83 99 -1 3 66 84 91 -1 27 63 71 94 -1 63 82 84 97 -1 -2
29 61 90 97 -1 46 84 97 100 -1 41 54 82 89 -1 19 58 61 86 -1 46 64 65 73 -1 -2
2 38 50 71 -1 14 42 46 99 -1 -2
6 16 72 89 -1 -2
34 66 78 89 -1 29 56 70 91 -1 55 71 73 88 -1 51 66 67 75 -1 6 23 48 57 -1 2 16 69 90 -1 19 36 57 73 -1 -2
52 56 87 97 -1 9 56 66 96 -1 16 47 56 88 -1 8 38 73 74 -1 3 17 32 85 -1 1 30 76 92 -1 31 56 83 86 -1 2 7 9 19 -1 8 38 84 100 -1 -2
16 35 44 72 -1 54 61 70 97 -1 2 18 39 53 -1 -2
20 52 67 70 -1 -2
6 14 20 70 -1 29 39 43 88 -1 46 79 81 87 -1 5 39 60 91 -1 34 52 58 88 -1 37 63 74 99 -1 41 44 61 73 -1 11 39 52 88 -1 22 37 54 82 -1 -2
21 41 46 51 -1 -2
56 69 86 96 -1 1 5 68 78 -1 32 39 73 79 -1 23 36 37 90 -1 1 3 41 75 -1 19 40 53 73 -1 2 17 81 91 -1 -2
28 61 80 94 -1 1 63 66 93 -1 17 36 74 86 -1 29 57 61 93 -1 -2
1 82 83 95 -1 7 31 37 52 -1 9 27 65 79 -1 10 20 66 78 -1 23 41 75 76 -1 -2
9 18 39 54 -1 6 14 47 71 -1 2 40 63 83 -1 10 44 82 85 -1 14 17 46 82 -1 13 17 57 71 -1 -2
2 3 20 83 -1 14 28 61 77 -1 10 31 72 81 -1 24 34 58 71 -1 -2
6 18 72 79 -1 14 17 23 87 -1 1 24 48 64 -1 41 64 66 75 -1 9 45 95 97 -1 -2
9 29 78 85 -1 9 84 91 94 -1 5 9 78 80 -1 9 35 86 96 -1 42 51 96 98 -1 21 49 60 76 -1 36 39 71 77 -1 11 36 47 60 -1 -2
46 54 79 82 -1 24 27 33 72 -1 25 35 53 80 -1 33 40 56 79 -1 5 25 59 99 -1 17 35 58 68 -1 37 61 81 94 -1 -2
4 10 30 31 -1 33 58 87 99 -1 1 35 80 86 -1 14 30 38 46 -1 1 29 70 86 -1 13 46 56 97 -1 6 23 26 48 -1 -2
22 46 62 77 -1 22 59 62 65 -1 54 57 70 86 -1 12 39 48 77 -1 -2
32 49 52 99 -1 13 26 34 89 -1 21 22 23 34 -1 13 27 49 97 -1 28 30 73 81 -1 5 62 63 91 -1 15 28 29 59 -1 20 48 49 63 -1 -2
17 33 61 92 -1 19 43 50 62 -1 72 83 96 97 -1 36 42 55 60 -1 8 22 37 89 -1 9 26 35 79 -1 -2
1 2 71 78 -1 22 45 69 91 -1 14 25 42 59 -1 -2
73 82 93 97 -1 1 63 65 95 -1 33 43 52 55 -1 62 79 81 92 -1 3 54 83 90 -1 2 11 37 76 -1 8 26 37 71 -1 -2
9 31 69 77 -1 23 30 65 76 -1 18 27 57 74 -1 52 72 81 83 -1 1 22 69 76 -1 26 46 48 95 -1 2 46 56 82 -1 -2
14 45 72 75 -1 28 40 69 80 -1 12 34 63 70 -1 1 12 52 61 -1 16 36 85 90 -1 32 37 40 59 -1 31 38 85 92 -1 21 75 90 100 -1 -2
20 25 30 96 -1 47 51 75 96 -1 18 51 72 97 -1 5 28 34 45 -1 -2
12 31 81 88 -1 35 39 44 81 -1 6 48 54 73 -1 6 30 64 90 -1 -2
5 59 75 95 -1 9 52 65 88 -1 8 62 76 94 -1 -2
4 54 59 66 -1 6 42 63 89 -1 -2
16 22 52 74 -1 40 72 98 100 -1 18 35 71 92 -1 10 24 33 59 -1 11 26 49 66 -1 6 74 90 95 -1 19 63 77 89 -1 7 64 70 74 -1 -2
47 73 74 96 -1 28 60 79 96 -1 20 21 68 82 -1 -2
11 12 34 55 -1 22 28 34 70 -1 20 57 67 88 -1 6 64 70 77 -1 6 49 84 99 -1 1 7 51 62 -1 3 19 66 95 -1 32 59 73 95 -1 17 41 58 83 -1 -2
13 52 56 84 -1 17 69 70 79 -1 43 59 62 87 -1 8 19 40 59 -1 22 34 56 73 -1 13 32 46 66 -1 3 54 90 91 -1 14 15 19 30 -1 46 55 64 84 -1 -2
9 47 60 93 -1 2 57 61 73 -1 1 65 86 94 -1 3 7 12 36 -1 14 49 72 99 -1 1 14 41 72 -1 15 27 62 67 -1 10 33 47 80 -1 4 16 37 84 -1 -2
19 52 75 76 -1 15 59 97 98 -1 -2
1 10 36 63 -1 52 63 66 76 -1 14 33 45 74 -1 -2
29 41 64 97 -1 26 36 68 85 -1 1 3 29 59 -1 19 49 74 99 -1 42 46 74 92 -1 9 28 45 75 -1 -2
66 74 85 87 -1 68 72 83 91 -1 17 30 72 79 -1 24 27 28 47 -1 14 95 96 98 -1 68 69 90 92 -1 -2
35 42 73 97 -1 13 47 66 90 -1 3 25 31 74 -1 48 52 87 93 -1 13 16 28 55 -1 9 16 68 88 -1 13 50 78 79 -1 11 29 34 35 -1 2 6 43 64 -1 41 53 58 77 -1 -2
12 16 42 60 -1 -2
3 6 19 93 -1 13 21 30 40 -1 30 33 56 91 -1 42 43 70 81 -1 10 27 64 79 -1 24 30 69 83 -1 17 18 34 50 -1 7 20 56 64 -1 10 13 41 54 -1 -2
14 80 83 97 -1 -2
3 26 48 77 -1 27 47 84 99 -1 8 30 63 79 -1 -2
33 55 66 98 -1 21 37 53 55 -1 32 74 75 96 -1 4 34 37 53 -1 9 36 49 76 -1 36 37 47 56 -1 12 13 21 24 -1 49 58 66 83 -1 51 61 69 75 -1 -2
15 27 49 60 -1 62 64 65 98 -1 22 40 56 96 -1 6 25 64 93 -1 44 56 83 89 -1 3 9 65 96 -1 -2
15 69 79 86 -1 22 23 50 93 -1 3 65 83 98 -1 22 62 67 71 -1 12 34 51 94 -1 -2
7 69 87 98 -1 13 54 80 89 -1 2 30 52 98 -1 -2
11 19 52 96 -1 26 34 83 86 -1 3 29 49 55 -1 -2
6 8 61 88 -1 67 74 84 97 -1 7 19 46 89 -1 10 62 64 80 -1 43 66 95 96 -1 14 21 53 61 -1 9 40 66 96 -1 -2
14 34 45 59 -1 76 77 90 98 -1 44 75 93 94 -1 -2
6 28 35 39 -1 6 16 56 81 -1 12 36 40 64 -1 10 15 74 86 -1 4 18 48 91 -1 36 51 52 86 -1 11 14 21 23 -1 -2
26 75 76 86 -1 33 40 92 99 -1 -2
3 46 76 98 -1 12 17 31 73 -1 34 55 59 67 -1 52 65 67 78 -1 25 26 42 53 -1 54 63 91 92 -1 12 30 58 87 -1 38 39 53 62 -1 4 39 48 84 -1 -2
1 8 27 81 -1 31 42 87 100 -1 10 19 29 71 -1 17 30 53 70 -1 18 39 67 68 -1 10 28 50 53 -1 -2
6 37 44 57 -1 8 10 24 27 -1 5 7 36 46 -1 10 11 13 23 -1 41 58 69 89 -1 11 49 90 92 -1 25 53 57 90 -1 4 8 15 49 -1 23 63 67 71 -1 -2
11 12 14 94 -1 6 24 36 63 -1 -2
39 45 69 81 -1 6 20 28 100 -1 19 35 42 67 -1 43 72 95 100 -1 28 30 51 63 -1 -2
49 68 77 83 -1 16 19 71 99 -1 7 17 47 62 -1 -2
9 73 78 93 -1 20 57 60 87 -1 2 69 78 85 -1 32 37 57 96 -1 32 42 52 55 -1 -2
31 47 50 67 -1 18 38 82 95 -1 8 37 59 76 -1 17 33 41 44 -1 18 39 64 76 -1 -2
42 56 60 76 -1 1 19 67 85 -1 -2
9 20 36 91 -1 40 41 60 83 -1 10 38 76 86 -1 6 20 76 81 -1 26 41 43 94 -1 5 20 33 81 -1 18 44 65 77 -1 1 29 41 61 -1 51 55 64 82 -1 -2
31 34 45 97 -1 5 11 91 98 -1 29 76 91 92 -1 -2
42 48 56 100 -1 2 68 83 100 -1 -2
8 10 44 68 -1 21 22 24 85 -1 20 55 60 63 -1 59 71 85 91 -1 42 67 72 82 -1 38 52 53 80 -1 1 25 45 98 -1 2 12 22 37 -1 10 14 25 63 -1 -2
42 64 76 89 -1 28 65 78 81 -1 21 42 86 87 -1 17 18 26 97 -1 14 15 81 97 -1 -2
3 52 54 78 -1 6 18 40 73 -1 47 66 88 91 -1 4 54 59 87 -1 6 8 29 95 -1 2 12 43 48 -1 -2
7 30 87 89 -1 6 15 39 99 -1 1 27 42 50 -1 44 48 53 56 -1 -2
24 29 59 80 -1 18 23 78 81 -1 -2
9 64 69 85 -1 -2
43 70 71 83 -1 9 11 16 98 -1 18 29 52 72 -1 -2
20 58 61 83 -1 9 33 34 59 -1 10 35 49 62 -1 13 34 54 60 -1 5 7 45 47 -1 11 25 32 35 -1 -2
19 32 50 75 -1 10 14 19 53 -1 32 56 62 74 -1 18 28 39 100 -1 16 25 41 64 -1 1 20 75 91 -1 55 60 73 90 -1 6 11 45 58 -1 35 37 67 100 -1 -2
14 23 56 89 -1 38 68 87 97 -1 2 35 58 93 -1 25 71 91 97 -1 -2
13 27 89 93 -1 -2
42 48 85 95 -1 15 23 42 78 -1 14 33 47 80 -1 20 48 74 100 -1 9 50 55 94 -1 29 49 59 87 -1 17 29 49 60 -1 27 29 30 68 -1 33 36 47 69 -1 32 47 69 99 -1 -2
13 14 17 67 -1 17 36 39 67 -1 26 62 66 89 -1 24 32 50 78 -1 7 60 68 79 -1 11 83 91 94 -1 44 45 82 92 -1 2 54 62 80 -1 -2
1 5 21 41 -1 2 26 40 99 -1 19 38 63 77 -1 40 62 72 84 -1 14 53 75 93 -1 -2
4 17 88 90 -1 7 17 21 51 -1 28 50 54 83 -1 7 23 91 97 -1 42 47 59 61 -1 30 62 73 96 -1 28 31 37 72 -1 -2
39 46 75 89 -1 14 27 83 94 -1 3 33 35 46 -1 16 21 76 83 -1 2 23 87 88 -1 19 27 34 75 -1 8 25 62 73 -1 2 20 53 81 -1 8 26 47 98 -1 45 48 57 85 -1 -2
14 38 86 100 -1 5 9 42 96 -1 12 19 20 28 -1 3 4 34 38 -1 45 75 95 98 -1 -2
36 54 56 80 -1 12 44 50 56 -1 21 23 60 62 -1 13 37 68 82 -1 82 92 93 100 -1 -2
17 36 66 71 -1 15 32 35 75 -1 14 71 72 89 -1 13 20 33 52 -1 18 28 60 65 -1 13 37 64 93 -1 12 67 76 97 -1 32 60 88 98 -1 -2
10 54 59 84 -1 31 49 86 87 -1 7 8 69 82 -1 67 70 79 93 -1 -2
19 75 76 92 -1 20 43 45 53 -1 -2
25 41 79 97 -1 -2
13 24 39 48 -1 20 22 32 90 -1 41 58 66 97 -1 1 19 64 86 -1 35 45 84 85 -1 1 3 52 63 -1 5 30 56 82 -1 25 56 65 99 -1 45 46 71 94 -1 -2
16 35 80 90 -1 5 15 66 94 -1 6 29 56 64 -1 18 33 79 84 -1 23 93 94 97 -1 32 63 83 97 -1 -2
13 27 36 71 -1 4 25 68 89 -1 31 60 64 87 -1 18 33 43 97 -1 22 60 81 83 -1 3 25 37 46 -1 16 26 35 92 -1 -2
52 92 97 98 -1 12 61 62 100 -1 34 83 95 99 -1 -2
24 50 56 77 -1 10 25 30 45 -1 50 63 70 88 -1 35 70 88 96 -1 2 38 76 90 -1 -2
20 21 29 49 -1 39 52 65 67 -1 12 40 91 98 -1 51 57 75 95 -1 5 28 84 97 -1 26 35 66 80 -1 56 57 81 93 -1 61 70 79 81 -1 2 10 38 66 -1 10 27 56 72 -1 -2
14 92 96 99 -1 23 65 69 95 -1 7 32 68 88 -1 -2
26 51 55 62 -1 23 39 76 82 -1 9 27 65 75 -1 25 30 63 78 -1 4 25 49 93 -1 5 28 48 89 -1 11 45 59 88 -1 -2
12 77 85 87 -1 10 13 67 97 -1 12 32 73 74 -1 23 44 63 98 -1 28 35 43 84 -1 7 72 91 95 -1 5 6 27 55 -1 -2
50 51 60 83 -1 2 9 23 50 -1 8 44 66 81 -1 -2
11 31 45 60 -1 39 93 96 99 -1 18 34 40 85 -1 25 64 70 87 -1 18 31 50 98 -1 1 28 65 79 -1 16 23 52 68 -1 28 39 67 80 -1 35 73 92 98 -1 13 28 46 52 -1 -2
3 44 45 81 -1 10 29 34 50 -1 48 67 98 100 -1 50 64 86 96 -1 48 52 74 91 -1 -2
15 22 35 79 -1 26 54 56 58 -1 11 34 56 87 -1 4 49 62 88 -1 35 38 40 80 -1 7 18 36 53 -1 -2
28 37 52 100 -1 14 36 75 99 -1 62 75 96 100 -1 10 31 36 87 -1 29 43 81 96 -1 13 31 37 83 -1 31 54 61 81 -1 -2
50 56 67 71 -1 11 21 39 57 -1 22 59 77 89 -1 12 36 51 73 -1 10 35 39 71 -1 17 25 71 84 -1 17 33 42 93 -1 7 23 36 70 -1 -2
40 45 48 81 -1 6 24 81 94 -1 12 33 43 90 -1 5 34 73 92 -1 -2
6 18 74 100 -1 28 44 86 89 -1 19 29 45 64 -1 31 38 72 77 -1 43 47 83 94 -1 19 53 56 68 -1 -2
17 44 50 81 -1 19 49 63 97 -1 35 76 82 85 -1 -2
8 31 39 93 -1 11 20 87 93 -1 15 28 61 76 -1 5 13 60 62 -1 8 12 22 29 -1 42 71 87 93 -1 3 32 33 45 -1 -2
5 40 95 100 -1 10 47 52 97 -1 20 60 62 80 -1 52 64 66 89 -1 -2
34 37 61 64 -1 28 37 40 88 -1 19 38 78 89 -1 10 24 63 75 -1 -2
29 40 86 97 -1 5 26 47 48 -1 5 19 64 65 -1 10 23 72 86 -1 14 30 31 90 -1 -2
4 5 12 84 -1 37 42 53 73 -1 17 29 30 97 -1 45 70 76 89 -1 19 45 80 94 -1 38 42 70 75 -1 33 46 65 96 -1 5 18 36 91 -1 22 33 64 66 -1 -2
32 40 62 97 -1 -2
7 67 83 95 -1 15 77 93 95 -1 53 63 73 85 -1 20 27 30 39 -1 43 44 58 80 -1 16 19 42 68 -1 24 27 44 99 -1 60 62 79 96 -1 33 46 48 58 -1 25 34 68 79 -1 -2
2 70 91 97 -1 -2
45 53 55 69 -1 7 20 85 94 -1 9 12 26 81 -1 -2
8 14 33 97 -1 22 29 30 76 -1 36 44 54 66 -1 5 58 64 71 -1 -2
29 53 69 96 -1 36 37 71 94 -1 26 31 87 95 -1 6 17 58 96 -1 6 19 33 63 -1 29 51 87 93 -1 -2
4 13 64 91 -1 45 58 66 70 -1 -2
34 54 81 98 -1 4 45 62 68 -1 29 39 88 96 -1 14 26 58 78 -1 11 14 23 32 -1 4 39 78 96 -1 49 77 80 97 -1 19 27 81 86 -1 11 28 54 83 -1 -2
21 69 87 98 -1 26 67 88 93 -1 27 56 89 90 -1 11 38 60 67 -1 9 75 79 95 -1 3 41 60 70 -1 28 32 66 82 -1 -2
19 31 57 63 -1 3 9 41 44 -1 58 70 76 91 -1 34 55 75 81 -1 5 14 51 74 -1 9 42 74 78 -1 6 15 77 81 -1 8 55 61 81 -1 17 45 48 54 -1 -2
59 61 69 80 -1 7 30 57 65 -1 2 27 62 73 -1 38 69 88 92 -1 43 71 77 91 -1 16 52 69 98 -1 -2
32 41 66 99 -1 11 22 67 98 -1 6 25 57 68 -1 -2
31 35 57 62 -1 14 49 61 86 -1 -2
53 54 55 93 -1 61 63 66 77 -1 6 17 57 96 -1 9 60 66 78 -1 11 19 75 84 -1 -2
9 85 97 98 -1 -2
81 82 87 88 -1 5 27 31 73 -1 26 29 76 94 -1 52 76 90 98 -1 8 25 56 84 -1 -2
7 15 43 94 -1 4 17 43 54 -1 9 41 58 80 -1 12 63 75 87 -1 -2
9 64 70 83 -1 -2
47 63 69 77 -1 40 64 70 76 -1 17 22 35 68 -1 37 53 62 91 -1 9 60 63 67 -1 21 58 79 98 -1 4 24 28 78 -1 17 74 81 100 -1 -2
14 39 68 91 -1 -2
3 35 47 59 -1 28 73 74 91 -1 45 58 66 97 -1 6 22 23 63 -1 20 21 52 94 -1 -2
22 31 51 52 -1 22 43 74 83 -1 25 26 45 54 -1 15 20 21 36 -1 14 65 72 95 -1 -2
2 10 73 94 -1 10 30 61 79 -1 10 34 49 84 -1 2 23 26 55 -1 -2
3 5 31 56 -1 17 54 72 90 -1 46 87 90 100 -1 -2
29 55 58 70 -1 29 32 48 89 -1 6 34 49 60 -1 19 70 91 97 -1 -2
9 16 29 56 -1 6 21 23 69 -1 32 46 47 84 -1 46 48 49 54 -1 -2
23 45 71 96 -1 41 54 81 83 -1 28 34 70 73 -1 10 11 14 97 -1 4 15 80 85 -1 57 65 72 90 -1 22 46 60 63 -1 9 24 81 100 -1 -2
30 36 40 92 -1 -2
24 48 81 84 -1 24 37 43 98 -1 23 26 27 69 -1 -2
3 16 68 98 -1 23 28 64 91 -1 6 14 18 88 -1 19 50 57 66 -1 16 35 45 63 -1 16 67 75 78 -1 -2
4 35 52 94 -1 13 20 37 76 -1 32 48 76 81 -1 41 60 70 79 -1 12 13 49 73 -1 8 31 53 76 -1 21 35 53 54 -1 -2
27 45 72 87 -1 10 11 80 97 -1 47 75 83 88 -1 17 44 50 87 -1 58 66 84 86 -1 5 15 62 79 -1 15 59 67 77 -1 13 32 33 90 -1 10 18 64 83 -1 -2
1 36 68 72 -1 17 60 79 100 -1 4 14 39 63 -1 9 38 40 62 -1 28 38 56 65 -1 25 58 67 87 -1 1 51 58 98 -1 9 13 48 49 -1 8 80 89 93 -1 44 48 77 98 -1 -2
12 48 61 65 -1 -2
5 29 49 93 -1 29 32 63 74 -1 4 45 62 65 -1 4 24 68 71 -1 63 66 71 98 -1 17 83 94 97 -1 12 52 53 92 -1 28 63 67 96 -1 10 14 54 83 -1 9 15 46 54 -1 -2
36 48 72 96 -1 50 86 93 94 -1 7 10 26 51 -1 1 37 42 64 -1 19 41 65 96 -1 44 54 60 83 -1 32 61 85 96 -1 41 86 90 94 -1 4 7 34 88 -1 6 8 36 54 -1 -2
26 40 71 79 -1 49 79 83 99 -1 11 16 33 56 -1 5 32 62 88 -1 25 80 83 94 -1 12 43 50 95 -1 -2
12 36 51 94 -1 6 16 35 93 -1 22 32 61 77 -1 6 27 31 54 -1 4 25 75 88 -1 -2
48 51 59 98 -1 6 49 64 73 -1 6 14 23 92 -1 36 42 47 77 -1 12 28 34 74 -1 38 41 61 70 -1 19 33 54 67 -1 25 43 53 98 -1 -2
15 51 53 97 -1 13 52 96 100 -1 2 57 58 65 -1 49 75 94 99 -1 -2
13 46 81 91 -1 34 37 57 88 -1 1 81 92 93 -1 28 63 83 85 -1 8 60 87 88 -1 3 39 57 93 -1 26 47 72 82 -1 13 21 67 94 -1 1 10 15 48 -1 -2
18 23 61 71 -1 47 50 55 100 -1 -2
14 23 36 68 -1 50 78 91 92 -1 5 33 36 62 -1 21 79 96 99 -1 17 45 46 93 -1 49 50 58 66 -1 35 68 87 88 -1 -2
13 15 20 38 -1 7 50 56 58 -1 9 39 46 68 -1 -2
25 38 39 55 -1 3 8 14 16 -1 8 28 38 50 -1 44 56 79 98 -1 -2
2 68 86 88 -1 39 55 81 91 -1 13 26 58 66 -1 15 19 30 84 -1 5 60 61 89 -1 29 62 69 86 -1 15 33 53 59 -1 -2
20 30 69 74 -1 28 37 63 67 -1 22 43 60 83 -1 34 44 79 94 -1 10 51 64 72 -1 -2
9 56 57 60 -1 34 42 56 78 -1 16 33 80 94 -1 27 42 83 85 -1 6 55 66 96 -1 -2
5 33 40 63 -1 13 19 34 61 -1 40 47 48 83 -1 17 44 64 96 -1 -2
35 76 97 98 -1 15 24 29 96 -1 24 35 53 55 -1 -2
7 83 95 98 -1 27 90 93 96 -1 9 66 78 90 -1 10 18 66 75 -1 29 43 48 99 -1 11 29 75 80 -1 25 53 72 91 -1 -2
2 27 68 77 -1 15 59 62 88 -1 29 79 82 90 -1 -2
13 30 44 99 -1 19 39 46 69 -1 24 46 48 80 -1 20 34 88 92 -1 7 8 15 78 -1 18 69 72 80 -1 -2
13 33 39 54 -1 1 27 72 82 -1 7 21 52 68 -1 21 76 81 89 -1 2 27 60 82 -1 -2
6 14 46 61 -1 9 14 41 100 -1 -2
42 47 62 68 -1 20 41 93 97 -1 23 40 82 94 -1 -2
20 51 68 70 -1 22 27 62 72 -1 -2
7 37 41 65 -1 6 40 64 72 -1 8 9 41 85 -1 2 13 79 100 -1 5 38 88 90 -1 -2
46 65 74 93 -1 12 16 31 44 -1 3 41 67 96 -1 30 44 82 85 -1 9 42 55 74 -1 -2
32 57 76 88 -1 9 60 90 91 -1 28 35 39 43 -1 9 18 66 95 -1 4 6 8 14 -1 9 11 13 34 -1 14 25 35 78 -1 11 27 34 46 -1 4 21 56 71 -1 13 33 48 52 -1 -2
5 13 40 49 -1 1 33 42 98 -1 30 63 69 74 -1 57 67 82 87 -1 12 39 70 78 -1 3 51 53 84 -1 34 60 65 77 -1 16 38 52 83 -1 12 24 32 87 -1 32 62 86 87 -1 -2
27 30 33 61 -1 -2
7 57 78 98 -1 56 65 75 88 -1 8 39 93 96 -1 4 37 71 98 -1 58 79 95 96 -1 28 55 64 75 -1 30 44 47 48 -1 44 52 63 84 -1 -2
8 23 24 38 -1 18 60 62 74 -1 11 47 56 94 -1 -2
22 24 39 40 -1 1 15 35 61 -1 20 24 42 68 -1 35 48 74 76 -1 23 24 81 96 -1 35 63 80 96 -1 42 84 88 89 -1 -2
4 32 85 89 -1 40 43 48 70 -1 15 63 80 82 -1 9 63 64 91 -1 -2
9 56 82 88 -1 -2
7 30 46 74 -1 8 25 64 75 -1 18 34 47 60 -1 10 37 47 98 -1 15 30 61 63 -1 -2
4 18 56 61 -1 28 31 47 84 -1 5 9 87 100 -1 23 84 91 97 -1 37 73 76 88 -1 75 80 85 100 -1 69 70 74 79 -1 41 70 79 100 -1 -2
6 42 75 82 -1 2 3 14 56 -1 39 79 90 98 -1 -2
9 39 61 90 -1 8 21 22 46 -1 8 33 69 77 -1 11 59 66 100 -1 13 23 32 97 -1 19 30 34 39 -1 31 48 64 84 -1 34 48 67 95 -1 26 28 33 87 -1 -2
15 30 40 85 -1 5 12 15 98 -1 -2
15 20 51 54 -1 11 24 74 100 -1 4 65 66 95 -1 -2
1 33 86 88 -1 8 28 33 71 -1 16 29 32 63 -1 32 46 49 66 -1 43 53 58 97 -1 2 55 62 95 -1 24 26 60 68 -1 49 53 68 85 -1 31 62 74 76 -1 7 15 36 74 -1 -2
49 62 95 99 -1 -2
34 37 71 86 -1 10 42 69 91 -1 15 52 77 82 -1 3 39 84 92 -1 10 29 56 76 -1 22 53 65 83 -1 20 29 41 51 -1 2 16 39 93 -1 3 49 51 59 -1 -2
12 22 71 80 -1 3 34 54 78 -1 -2
42 82 85 99 -1 19 36 59 63 -1 19 41 48 100 -1 1 7 54 55 -1 15 44 50 75 -1 17 22 34 66 -1 13 51 72 93 -1 3 23 49 81 -1 -2
2 30 57 98 -1 -2
52 83 88 89 -1 -2
2 18 34 40 -1 -2
12 18 22 30 -1 11 24 78 85 -1 -2
33 74 76 99 -1 8 22 35 73 -1 15 20 57 97 -1 13 29 37 95 -1 -2
14 38 74 75 -1 26 55 71 96 -1 44 56 67 77 -1 6 20 21 61 -1 10 63 74 86 -1 3 13 58 86 -1 10 38 96 100 -1 23 61 70 99 -1 -2
12 22 55 82 -1 2 47 85 100 -1 11 15 32 58 -1 8 23 30 41 -1 22 35 52 84 -1 5 17 23 79 -1 11 14 52 58 -1 8 23 34 97 -1 23 40 65 95 -1 10 51 58 62 -1 -2
30 65 66 98 -1 17 30 37 60 -1 34 66 76 94 -1 1 39 71 82 -1 29 59 70 92 -1 10 31 58 96 -1 31 35 44 96 -1 8 53 75 77 -1 38 62 68 98 -1 -2
39 48 66 94 -1 10 33 50 59 -1 60 83 90 97 -1 21 35 69 77 -1 26 55 72 77 -1 12 52 62 73 -1 4 34 38 89 -1 -2
35 59 66 93 -1 29 41 91 94 -1 17 34 40 83 -1 6 27 38 95 -1 23 29 87 90 -1 39 68 78 95 -1 40 45 69 95 -1 -2
8 24 32 78 -1 5 9 20 76 -1 7 13 40 75 -1 -2
9 45 76 95 -1 -2
39 71 72 75 -1 1 9 38 45 -1 -2
8 9 14 59 -1 30 55 73 95 -1 20 32 80 88 -1 -2
2 37 60 90 -1 7 20 31 100 -1 6 43 79 97 -1 12 23 52 96 -1 16 23 67 72 -1 14 46 80 86 -1 3 21 40 79 -1 21 40 56 81 -1 7 25 41 52 -1 47 54 70 89 -1 -2
2 43 67 91 -1 15 27 60 99 -1 -2
22 74 82 99 -1 29 84 91 99 -1 11 75 90 100 -1 -2
4 40 58 67 -1 55 64 74 94 -1 31 51 52 90 -1 16 28 63 91 -1 -2
49 56 76 79 -1 19 22 39 88 -1 15 24 65 84 -1 -2
1 37 52 64 -1 -2
43 64 83 85 -1 10 29 76 80 -1 2 10 58 84 -1 9 25 86 91 -1 38 81 85 87 -1 15 29 77 96 -1 -2
21 77 89 95 -1 -2
22 47 63 64 -1 14 32 64 90 -1 2 3 11 85 -1 18 34 47 70 -1 61 69 84 90 -1 -2
7 40 51 69 -1 15 30 35 99 -1 21 55 70 72 -1 11 27 49 100 -1 29 65 84 98 -1 1 8 30 42 -1 39 64 66 79 -1 -2
43 54 70 75 -1 43 45 67 97 -1 11 88 93 95 -1 38 40 67 96 -1 17 25 79 90 -1 43 50 51 89 -1 18 61 63 92 -1 14 17 53 81 -1 3 7 37 86 -1 42 64 85 100 -1 -2
16 67 75 100 -1 19 44 52 63 -1 22 42 60 67 -1 24 50 69 76 -1 2 11 38 55 -1 15 18 63 91 -1 23 26 36 88 -1 -2
16 25 51 52 -1 24 46 68 98 -1 1 18 73 97 -1 64 67 71 95 -1 6 37 65 81 -1 -2
20 35 44 99 -1 -2
7 22 52 80 -1 25 56 72 94 -1 12 57 70 75 -1 20 21 45 87 -1 -2
23 47 66 88 -1 40 44 66 81 -1 -2
8 66 91 97 -1 29 30 60 78 -1 30 59 62 93 -1 18 20 30 67 -1 2 16 20 30 -1 -2
42 44 61 73 -1 9 23 32 74 -1 28 37 80 99 -1 1 35 67 69 -1 14 35 47 63 -1 2 72 90 100 -1 17 37 59 93 -1 3 22 35 95 -1 1 58 70 75 -1 -2
3 27 65 81 -1 49 54 71 88 -1 -2
4 10 57 61 -1 10 28 66 67 -1 8 31 78 93 -1 -2
5 59 75 82 -1 44 48 60 85 -1 32 70 85 88 -1 4 9 37 76 -1 10 14 22 68 -1 22 46 55 61 -1 39 51 57 66 -1 11 33 46 98 -1 23 52 65 76 -1 11 29 65 82 -1 -2
19 48 73 100 -1 34 62 64 75 -1 -2
13 37 41 85 -1 -2
9 60 71 95 -1 6 28 62 66 -1 3 31 41 68 -1 23 33 49 59 -1 72 75 79 81 -1 14 39 71 91 -1 10 36 47 61 -1 42 46 52 54 -1 2 37 76 85 -1 -2
26 77 81 94 -1 17 46 65 97 -1 5 25 64 70 -1 44 62 76 95 -1 -2
9 44 59 99 -1 28 30 52 98 -1 3 7 32 73 -1 36 49 60 76 -1 12 21 24 86 -1 16 76 88 94 -1 8 18 26 46 -1 21 54 55 93 -1 8 34 45 94 -1 -2
26 48 62 92 -1 4 79 81 93 -1 -2
36 68 77 78 -1 -2
44 58 70 100 -1 42 46 59 100 -1 -2
20 29 75 98 -1 47 79 87 90 -1 17 23 86 97 -1 10 36 38 71 -1 2 68 71 94 -1 39 52 56 68 -1 35 47 77 90 -1 85 86 97 99 -1 41 47 90 98 -1 3 40 69 76 -1 -2
1 71 72 87 -1 54 57 81 87 -1 51 78 87 96 -1 23 24 47 81 -1 21 67 73 96 -1 -2
11 26 34 58 -1 55 61 62 68 -1 35 80 94 97 -1 42 66 97 100 -1 47 49 51 60 -1 10 46 52 87 -1 15 24 63 84 -1 10 32 40 49 -1 21 23 44 80 -1 7 24 42 80 -1 -2
14 50 66 87 -1 -2
27 49 71 76 -1 33 40 71 98 -1 9 11 38 56 -1 10 45 46 76 -1 30 40 50 79 -1 24 67 76 92 -1 -2
1 46 57 88 -1 4 5 12 44 -1 25 26 54 64 -1 21 59 79 93 -1 1 17 35 94 -1 34 42 50 55 -1 60 73 75 78 -1 23 55 69 98 -1 22 33 62 86 -1 6 46 61 80 -1 -2
8 37 55 95 -1 48 50 54 99 -1 22 65 72 88 -1 35 60 71 95 -1 41 63 76 85 -1 23 53 83 98 -1 2 27 56 67 -1 8 16 24 98 -1 -2
31 40 83 91 -1 22 50 72 80 -1 17 24 47 94 -1 15 66 74 75 -1 3 6 67 87 -1 14 21 54 86 -1 3 42 58 61 -1 12 55 60 83 -1 15 37 59 80 -1 -2
2 19 20 82 -1 1 2 45 82 -1 2 3 51 55 -1 10 75 78 99 -1 -2
16 32 58 86 -1 7 8 55 88 -1 14 30 44 73 -1 39 49 64 74 -1 -2
46 55 59 73 -1 10 42 49 76 -1 15 45 47 75 -1 -2
38 44 52 97 -1 3 48 86 99 -1 2 25 51 60 -1 40 71 84 85 -1 16 44 70 77 -1 12 34 38 56 -1 16 42 74 99 -1 -2
6 35 64 71 -1 20 31 39 44 -1 -2
44 76 78 81 -1 11 31 44 93 -1 39 67 72 79 -1 42 44 58 73 -1 -2
8 10 21 56 -1 8 90 94 100 -1 13 49 64 89 -1 -2
41 48 65 79 -1 4 17 26 69 -1 -2
1 22 55 65 -1 15 47 50 66 -1 -2
42 47 48 62 -1 19 42 49 72 -1 33 67 83 99 -1 32 75 79 91 -1 69 76 87 88 -1 26 30 67 95 -1 19 27 30 81 -1 30 52 70 86 -1 -2
4 8 44 54 -1 20 55 63 93 -1 19 37 60 78 -1 9 52 57 76 -1 -2
32 33 36 49 -1 33 36 52 71 -1 23 60 93 99 -1 12 26 86 97 -1 12 36 41 98 -1 49 61 67 90 -1 16 23 24 59 -1 10 51 97 99 -1 17 42 48 71 -1 34 57 69 87 -1 -2
2 35 71 77 -1 41 48 95 99 -1 11 55 77 83 -1 27 48 57 60 -1 -2
27 29 37 69 -1 3 17 43 94 -1 7 15 51 53 -1 47 50 58 87 -1 9 11 44 63 -1 32 41 48 63 -1 40 69 71 75 -1 -2
27 48 53 99 -1 4 36 60 62 -1 27 48 73 76 -1 10 19 52 88 -1 62 64 90 95 -1 10 22 72 96 -1 6 29 37 52 -1 -2
47 59 68 89 -1 -2
26 40 59 99 -1 4 48 78 80 -1 24 29 35 45 -1 14 36 39 90 -1 33 62 90 100 -1 24 27 48 58 -1 3 9 31 73 -1 -2
7 53 83 88 -1 17 63 68 80 -1 29 62 67 82 -1 8 62 74 90 -1 45 66 68 70 -1 -2
29 59 72 98 -1 11 31 84 89 -1 13 38 63 86 -1 11 20 28 84 -1 8 31 49 50 -1 7 59 67 98 -1 24 43 47 78 -1 16 68 72 84 -1 27 32 39 94 -1 -2
33 42 58 87 -1 27 55 68 99 -1 70 73 80 83 -1 -2
6 33 50 91 -1 15 23 34 65 -1 31 59 87 99 -1 31 51 61 69 -1 5 12 70 95 -1 28 44 78 94 -1 20 37 61 85 -1 2 11 43 50 -1 -2
29 57 66 72 -1 22 51 54 96 -1 22 23 27 100 -1 25 62 64 70 -1 11 37 84 86 -1 21 24 87 90 -1 14 22 35 83 -1 8 14 59 60 -1 15 35 58 88 -1 -2
39 47 54 65 -1 35 46 70 86 -1 30 32 81 94 -1 8 41 45 53 -1 13 19 43 95 -1 10 27 32 33 -1 6 48 53 57 -1 53 54 83 85 -1 78 80 81 88 -1 -2
25 27 68 81 -1 -2
12 45 87 91 -1 41 47 65 75 -1 6 40 48 69 -1 43 82 90 94 -1 2 52 75 96 -1 8 39 51 62 -1 -2
8 13 44 83 -1 12 20 28 67 -1 19 20 28 97 -1 28 71 77 78 -1 12 37 45 48 -1 63 68 95 96 -1 -2
38 78 86 94 -1 27 29 40 52 -1 2 31 46 66 -1 6 44 71 81 -1 16 33 51 96 -1 -2
3 21 22 34 -1 23 29 51 99 -1 23 59 79 83 -1 24 25 45 78 -1 34 43 58 96 -1 3 18 35 78 -1 51 53 79 89 -1 5 41 60 61 -1 -2
29 35 52 80 -1 27 41 46 91 -1 34 36 56 59 -1 83 96 98 99 -1 20 63 86 97 -1 14 16 93 96 -1 -2
22 38 64 75 -1 42 52 59 70 -1 24 58 74 89 -1 6 35 71 92 -1 11 18 33 74 -1 12 85 91 92 -1 -2
4 60 74 93 -1 7 12 32 89 -1 5 17 49 68 -1 1 33 70 100 -1 21 22 61 68 -1 31 38 83 95 -1 2 7 30 63 -1 49 69 74 85 -1 16 25 29 70 -1 -2
23 26 57 60 -1 1 35 70 73 -1 14 19 28 68 -1 9 23 29 57 -1 9 44 49 96 -1 6 8 50 70 -1 31 48 49 64 -1 4 18 23 90 -1 -2
49 62 69 78 -1 10 32 51 85 -1 18 35 57 74 -1 20 48 68 95 -1 7 19 51 61 -1 38 54 72 79 -1 20 35 77 84 -1 17 38 77 89 -1 46 71 86 92 -1 -2
40 78 80 90 -1 17 24 25 29 -1 15 29 38 87 -1 30 37 47 54 -1 14 43 48 74 -1 28 30 37 77 -1 6 72 82 99 -1 30 39 83 97 -1 -2
38 50 55 62 -1 2 40 66 78 -1 12 20 23 47 -1 5 15 45 49 -1 23 25 61 76 -1 61 64 82 92 -1 21 61 69 83 -1 -2
7 10 50 94 -1 20 51 78 100 -1 54 61 65 69 -1 -2
6 10 51 86 -1 6 15 67 89 -1 38 49 81 86 -1 10 19 63 98 -1 14 38 55 80 -1 3 18 75 96 -1 35 57 60 70 -1 9 10 16 36 -1 -2
6 18 26 53 -1 2 42 54 66 -1 28 37 59 73 -1 30 32 34 46 -1 -2
13 21 22 42 -1 1 15 34 53 -1 11 25 69 76 -1 25 30 59 60 -1 34 35 44 100 -1 67 78 83 92 -1 1 16 83 100 -1 6 16 31 42 -1 -2
17 38 62 96 -1 20 40 47 85 -1 -2
40 59 64 67 -1 37 49 68 90 -1 6 63 84 97 -1 -2
11 27 62 73 -1 46 62 86 99 -1 30 34 75 79 -1 -2
52 62 69 75 -1 18 35 50 98 -1 8 48 65 85 -1 14 43 60 78 -1 21 33 86 94 -1 32 34 61 80 -1 1 15 59 86 -1 34 71 76 79 -1 13 17 49 51 -1 -2
12 48 84 87 -1 59 63 95 98 -1 32 39 46 92 -1 10 36 57 60 -1 49 50 57 78 -1 1 25 86 89 -1 -2
7 52 71 99 -1 43 74 76 83 -1 17 18 62 76 -1 18 35 45 88 -1 -2
48 74 81 85 -1 -2
25 35 74 98 -1 1 14 22 54 -1 4 5 82 89 -1 30 41 53 88 -1 28 49 85 88 -1 27 67 69 75 -1 41 47 51 54 -1 3 26 39 93 -1 -2
4 22 56 65 -1 5 39 78 96 -1 -2
4 18 53 56 -1 11 34 62 77 -1 1 70 76 84 -1 4 22 73 79 -1 -2
6 28 45 85 -1 -2
18 31 71 83 -1 48 66 73 99 -1 20 60 61 69 -1 -2
11 36 58 81 -1 66 79 88 89 -1 8 22 77 89 -1 6 24 53 100 -1 11 15 50 70 -1 24 74 80 97 -1 28 48 54 89 -1 -2
33 48 61 66 -1 26 32 55 78 -1 7 23 24 57 -1 5 50 52 74 -1 4 29 35 57 -1 -2
26 62 75 88 -1 33 36 59 67 -1 40 57 64 77 -1 24 73 87 100 -1 4 29 53 70 -1 3 36 37 39 -1 11 15 46 60 -1 18 19 33 54 -1 15 67 82 88 -1 -2
26 35 42 50 -1 11 18 42 89 -1 4 28 49 51 -1 -2
1 19 49 82 -1 36 71 83 98 -1 34 37 59 75 -1 12 52 57 78 -1 52 53 56 94 -1 5 29 73 96 -1 11 15 19 33 -1 29 73 81 84 -1 20 23 34 83 -1 11 26 51 68 -1 -2
8 48 57 83 -1 44 53 58 64 -1 -2
1 32 69 77 -1 13 23 93 95 -1 15 30 79 83 -1 22 68 76 81 -1 11 47 63 83 -1 10 66 82 89 -1 5 10 53 65 -1 18 55 79 95 -1 55 68 69 84 -1 -2
9 38 50 73 -1 31 57 60 64 -1 31 52 67 80 -1 34 62 69 95 -1 11 58 91 95 -1 30 54 66 87 -1 27 78 79 88 -1 -2
43 53 59 86 -1 13 62 73 93 -1 6 35 70 95 -1 40 42 90 96 -1 -2
43 52 56 85 -1 20 37 85 87 -1 4 33 70 90 -1 1 20 87 93 -1 14 39 63 91 -1 14 28 62 97 -1 -2
9 30 34 53 -1 9 63 66 78 -1 11 52 82 100 -1 11 51 68 86 -1 1 42 51 61 -1 11 26 49 86 -1 1 13 37 70 -1 16 35 39 60 -1 2 16 65 86 -1 -2
28 37 42 54 -1 6 17 65 89 -1 -2
12 51 58 73 -1 42 66 73 92 -1 3 21 26 61 -1 26 61 88 95 -1 6 16 21 28 -1 25 56 64 87 -1 14 23 63 81 -1 4 68 79 89 -1 2 23 47 74 -1 -2
31 49 53 91 -1 -2
7 44 51 85 -1 27 42 59 61 -1 17 46 47 81 -1 36 41 54 55 -1 -2
13 18 45 81 -1 8 19 27 30 -1 7 34 47 96 -1 38 45 46 72 -1 -2
14 25 36 92 -1 9 11 32 40 -1 19 21 73 81 -1 4 25 31 50 -1 18 35 54 60 -1 -2
30 80 83 95 -1 9 16 48 85 -1 7 10 31 73 -1 26 43 69 82 -1 -2
7 43 49 81 -1 18 28 44 97 -1 38 39 60 71 -1 24 37 78 93 -1 14 18 62 74 -1 26 65 75 97 -1 -2
24 29 73 74 -1 1 16 28 29 -1 27 33 70 98 -1 19 31 59 70 -1 2 31 40 96 -1 12 14 16 37 -1 -2
38 63 67 75 -1 18 20 56 76 -1 33 59 85 95 -1 4 22 78 88 -1 5 25 38 55 -1 33 62 91 97 -1 -2
7 12 47 77 -1 53 76 82 89 -1 7 29 32 62 -1 1 23 41 76 -1 12 33 44 100 -1 20 71 73 91 -1 11 18 76 84 -1 12 33 38 84 -1 10 31 57 94 -1 28 46 48 95 -1 -2
35 67 73 92 -1 18 33 62 71 -1 2 62 84 91 -1 12 14 27 50 -1 57 61 90 91 -1 -2
10 19 37 42 -1 21 27 71 74 -1 42 46 50 57 -1 14 64 70 83 -1 12 47 74 78 -1 -2
42 55 68 96 -1 19 51 67 77 -1 18 31 68 84 -1 4 16 32 97 -1 2 36 58 79 -1 12 51 94 98 -1 43 80 81 98 -1 37 59 61 87 -1 21 29 37 89 -1 -2
34 39 63 66 -1 13 29 51 77 -1 44 53 68 80 -1 21 38 48 75 -1 -2
60 69 77 85 -1 -2
48 56 74 89 -1 17 41 74 84 -1 3 14 81 98 -1 17 31 41 44 -1 12 30 39 73 -1 43 72 93 97 -1 -2
6 68 78 86 -1 18 22 72 80 -1 -2
27 73 76 99 -1 2 16 18 51 -1 58 61 69 81 -1 -2
6 46 72 91 -1 34 65 71 75 -1 16 22 25 55 -1 27 31 42 48 -1 23 82 90 96 -1 20 69 81 95 -1 2 7 39 89 -1 -2
20 37 56 93 -1 3 9 44 93 -1 -2
3 47 52 99 -1 27 33 58 91 -1 43 62 67 77 -1 25 49 56 81 -1 9 17 31 39 -1 11 66 78 90 -1 2 31 39 100 -1 23 24 50 59 -1 -2
2 23 70 78 -1 36 40 49 59 -1 66 67 72 82 -1 30 55 72 90 -1 24 48 75 77 -1 69 80 87 97 -1 3 11 27 91 -1 8 36 47 53 -1 23 33 42 57 -1 8 17 62 73 -1 -2
31 53 84 95 -1 38 78 82 87 -1 14 53 81 92 -1 4 43 84 86 -1 48 49 87 92 -1 8 12 60 97 -1 17 34 45 79 -1 -2
27 39 63 80 -1 43 44 48 95 -1 -2
22 53 79 92 -1 34 66 86 90 -1 40 69 88 99 -1 -2
19 44 64 75 -1 1 63 73 78 -1 11 57 76 84 -1 -2
9 19 38 63 -1 24 56 69 78 -1 17 23 36 42 -1 20 86 90 100 -1 -2
10 41 59 83 -1 28 51 64 73 -1 -2
2 85 94 97 -1 42 52 86 100 -1 3 72 73 75 -1 11 22 53 67 -1 17 74 92 94 -1 5 19 56 79 -1 14 58 66 92 -1 -2
2 26 27 38 -1 2 5 35 69 -1 56 71 81 84 -1 10 39 45 64 -1 13 15 40 79 -1 12 13 24 99 -1 9 36 46 79 -1 -2
30 42 49 81 -1 8 30 62 94 -1 -2
8 30 64 67 -1 30 52 60 75 -1 4 47 52 66 -1 53 54 72 79 -1 30 52 55 76 -1 30 39 44 47 -1 34 53 76 99 -1 -2
36 48 61 63 -1 26 30 68 89 -1 13 26 74 88 -1 22 23 36 38 -1 -2
20 64 84 86 -1 33 45 46 71 -1 -2
24 31 60 87 -1 -2
3 37 71 98 -1 4 22 48 74 -1 3 23 84 91 -1 51 70 89 95 -1 12 18 45 99 -1 12 30 45 69 -1 35 82 93 100 -1 1 2 29 88 -1 -2
24 28 30 47 -1 18 47 70 100 -1 13 35 74 78 -1 4 22 34 39 -1 2 15 31 98 -1 13 41 51 74 -1 22 67 80 85 -1 -2
19 23 39 41 -1 13 32 57 93 -1 8 22 37 86 -1 28 53 83 88 -1 1 27 41 71 -1 13 37 87 95 -1 30 77 83 89 -1 6 7 29 30 -1 16 28 43 48 -1 -2
15 61 75 86 -1 5 14 41 92 -1 10 44 49 85 -1 13 32 88 89 -1 28 32 56 66 -1 3 21 45 100 -1 -2
16 38 43 59 -1 15 77 79 92 -1 9 52 53 59 -1 -2
27 31 43 87 -1 4 10 12 48 -1 10 64 79 98 -1 1 20 37 55 -1 41 48 61 74 -1 2 10 61 90 -1 1 19 72 99 -1 33 47 55 88 -1 21 30 68 97 -1 20 38 58 80 -1 -2
1 26 42 52 -1 20 34 55 63 -1 14 22 45 57 -1 7 15 19 96 -1 2 41 80 85 -1 44 56 58 86 -1 24 40 59 72 -1 5 11 15 97 -1 -2
11 17 67 98 -1 11 38 78 89 -1 12 48 76 84 -1 22 32 54 89 -1 32 44 62 92 -1 45 47 69 75 -1 1 67 70 87 -1 19 24 63 74 -1 13 95 96 98 -1 13 25 74 84 -1 -2
7 29 31 64 -1 -2
12 30 47 77 -1 4 30 82 98 -1 3 4 6 9 -1 -2
1 15 29 60 -1 4 27 60 87 -1 48 77 91 100 -1 16 30 69 75 -1 59 64 75 80 -1 5 56 69 91 -1 15 34 67 89 -1 62 66 72 98 -1 -2
76 77 96 97 -1 1 68 75 96 -1 4 27 76 100 -1 7 12 46 80 -1 9 32 39 82 -1 7 19 73 99 -1 43 61 63 69 -1 30 32 57 63 -1 48 63 65 91 -1 1 54 83 94 -1 -2
16 24 26 76 -1 51 61 71 94 -1 2 25 68 73 -1 1 23 59 94 -1 -2
61 74 79 88 -1 26 54 74 79 -1 42 73 74 93 -1 9 12 36 46 -1 15 63 78 100 -1 35 82 87 90 -1 26 45 74 86 -1 12 21 69 78 -1 -2
17 70 85 92 -1 10 17 20 85 -1 31 36 68 83 -1 19 24 80 87 -1 23 81 89 93 -1 43 62 82 98 -1 2 40 55 60 -1 10 28 46 72 -1 61 63 71 76 -1 -2
46 48 69 70 -1 21 53 90 100 -1 -2
40 74 91 100 -1 29 32 90 93 -1 3 8 45 70 -1 53 77 84 97 -1 21 31 45 79 -1 58 73 89 93 -1 16 57 89 96 -1 27 28 47 84 -1 46 58 60 89 -1 -2
27 52 62 75 -1 14 20 77 79 -1 37 48 72 74 -1 18 34 67 91 -1 9 15 29 55 -1 -2
40 46 52 89 -1 28 37 64 81 -1 9 31 46 54 -1 1 26 72 79 -1 3 24 25 28 -1 7 19 46 59 -1 6 20 59 77 -1 23 24 61 79 -1 13 15 32 73 -1 -2
19 36 81 92 -1 1 43 47 50 -1 3 6 83 94 -1 2 53 54 96 -1 4 31 80 96 -1 42 59 77 83 -1 29 34 68 99 -1 3 48 89 94 -1 10 17 29 30 -1 34 43 85 99 -1 -2
30 43 45 59 -1 2 6 58 97 -1 -2
9 41 54 64 -1 58 72 79 88 -1 7 16 55 77 -1 6 22 34 74 -1 -2
6 61 94 95 -1 36 69 88 100 -1 22 50 61 82 -1 20 37 54 74 -1 7 29 79 98 -1 5 12 29 63 -1 10 20 46 94 -1 27 74 78 80 -1 1 14 44 57 -1 -2
37 57 92 95 -1 2 38 57 76 -1 4 63 71 78 -1 3 52 58 76 -1 18 33 50 52 -1 6 56 65 90 -1 25 32 62 67 -1 -2
28 32 43 47 -1 -2
2 12 41 81 -1 40 42 56 67 -1 24 41 47 73 -1 42 52 78 79 -1 20 21 69 75 -1 -2
2 44 84 98 -1 3 8 30 100 -1 -2
20 58 79 96 -1 24 37 55 85 -1 21 34 46 61 -1 2 58 80 95 -1 1 18 38 97 -1 24 39 40 61 -1 -2
11 27 28 60 -1 2 29 49 56 -1 21 27 40 65 -1 9 63 75 82 -1 18 35 41 60 -1 27 42 58 86 -1 56 57 64 86 -1 48 77 81 92 -1 27 42 45 87 -1 16 30 39 58 -1 -2
45 55 77 100 -1 3 18 42 78 -1 22 29 87 100 -1 4 51 78 81 -1 38 39 58 100 -1 2 3 45 73 -1 2 39 60 76 -1 44 51 95 96 -1 5 11 45 92 -1 8 9 41 80 -1 -2
37 51 66 87 -1 32 55 81 98 -1 46 63 88 100 -1 14 41 60 98 -1 36 39 45 68 -1 8 13 56 95 -1 18 43 45 88 -1 38 40 47 62 -1 -2
8 17 20 48 -1 2 5 35 38 -1 45 56 91 94 -1 26 57 79 92 -1 40 58 86 95 -1 31 54 77 100 -1 -2
4 24 51 58 -1 31 59 69 70 -1 10 32 82 95 -1 23 31 71 91 -1 4 19 30 81 -1 9 10 43 91 -1 32 60 63 92 -1 -2
34 52 64 88 -1 12 43 44 68 -1 11 32 61 69 -1 32 38 84 91 -1 18 20 37 65 -1 12 22 68 86 -1 -2
3 4 56 73 -1 17 22 42 92 -1 12 26 95 98 -1 11 14 43 99 -1 38 68 71 91 -1 8 38 64 89 -1 -2
3 43 44 51 -1 3 5 10 94 -1 3 64 90 95 -1 -2
8 12 68 97 -1 13 69 79 96 -1 -2
45 70 82 93 -1 36 46 79 92 -1 40 55 56 95 -1 4 13 27 30 -1 26 53 68 90 -1 54 60 62 99 -1 23 26 76 100 -1 12 24 63 100 -1 5 11 62 92 -1 1 2 47 56 -1 -2
33 45 65 81 -1 33 49 57 88 -1 6 21 50 56 -1 23 34 76 96 -1 61 76 81 91 -1 -2
3 13 39 58 -1 6 12 21 63 -1 9 37 43 50 -1 5 51 64 79 -1 13 39 80 97 -1 9 18 85 87 -1 11 50 65 88 -1 36 54 61 82 -1 7 17 48 65 -1 -2
16 71 78 89 -1 30 87 89 99 -1 24 39 55 76 -1 40 54 59 90 -1 19 63 87 99 -1 5 63 93 99 -1 17 41 90 94 -1 35 49 56 77 -1 28 42 61 80 -1 -2
23 53 60 63 -1 9 10 20 92 -1 18 28 77 93 -1 29 31 33 73 -1 27 49 53 59 -1 33 52 73 94 -1 11 44 53 92 -1 33 39 45 71 -1 1 11 95 96 -1 32 35 82 94 -1 -2
25 64 87 100 -1 -2
46 54 68 82 -1 47 62 78 82 -1 32 52 73 74 -1 3 12 73 78 -1 5 13 49 63 -1 50 56 69 92 -1 3 35 44 70 -1 25 28 53 89 -1 -2
43 56 62 99 -1 5 52 53 69 -1 65 69 70 99 -1 19 23 39 90 -1 49 51 74 92 -1 -2
3 37 41 85 -1 51 57 89 96 -1 -2
3 18 45 49 -1 28 38 65 99 -1 17 59 83 87 -1 23 59 75 91 -1 55 64 71 93 -1 10 23 29 82 -1 8 28 30 52 -1 26 57 66 78 -1 -2
51 84 92 97 -1 -2
42 51 71 88 -1 27 35 55 88 -1 25 29 49 74 -1 55 56 88 92 -1 -2
3 53 84 86 -1 13 25 33 47 -1 17 57 59 63 -1 43 53 75 91 -1 14 41 42 64 -1 10 39 67 98 -1 14 37 47 52 -1 59 67 91 95 -1 10 21 34 94 -1 -2
3 50 65 77 -1 10 39 42 81 -1 -2
46 75 82 88 -1 33 53 76 97 -1 20 24 66 74 -1 14 53 77 82 -1 4 55 61 66 -1 13 76 84 92 -1 26 37 65 92 -1 33 54 82 91 -1 3 15 54 68 -1 30 31 49 67 -1 -2
2 38 49 56 -1 14 48 56 63 -1 40 59 69 80 -1 21 37 53 60 -1 20 25 58 73 -1 17 37 57 82 -1 -2
53 81 83 84 -1 5 59 76 91 -1 65 74 78 88 -1 4 9 19 93 -1 29 50 78 89 -1 25 35 36 83 -1 40 42 59 73 -1 56 64 71 87 -1 12 28 55 100 -1 11 15 42 78 -1 -2
4 10 27 67 -1 31 44 68 80 -1 6 35 38 39 -1 19 28 30 77 -1 13 41 54 78 -1 12 32 62 91 -1 20 72 77 83 -1 27 31 74 96 -1 13 28 38 45 -1 13 17 87 89 -1 -2
8 38 71 94 -1 30 76 89 97 -1 36 39 88 97 -1 5 16 19 68 -1 32 56 76 88 -1 18 19 39 68 -1 -2
13 45 81 83 -1 15 19 55 78 -1 10 38 49 91 -1 1 11 22 55 -1 18 29 44 75 -1 -2
6 42 51 60 -1 16 31 32 76 -1 28 35 68 79 -1 13 26 40 52 -1 8 35 40 93 -1 8 34 66 75 -1 35 63 66 87 -1 19 21 29 70 -1 28 61 69 82 -1 -2
1 12 16 85 -1 10 26 39 62 -1 8 89 90 97 -1 14 16 25 78 -1 -2
34 56 74 86 -1 11 70 81 91 -1 42 72 82 96 -1 8 20 33 67 -1 1 50 82 89 -1 14 36 84 91 -1 4 54 83 95 -1 14 31 50 95 -1 -2
31 49 55 60 -1 46 60 68 95 -1 1 17 19 77 -1 43 48 58 59 -1 29 38 41 63 -1 13 67 93 100 -1 21 45 48 51 -1 28 46 94 99 -1 7 28 58 82 -1 -2
10 27 55 58 -1 30 54 63 88 -1 26 41 73 98 -1 29 43 57 81 -1 17 23 82 98 -1 29 46 61 100 -1 3 64 75 90 -1 3 7 22 64 -1 4 45 69 84 -1 -2
25 31 56 90 -1 21 54 62 87 -1 2 5 25 34 -1 35 53 54 59 -1 1 10 59 72 -1 30 45 55 95 -1 11 22 38 91 -1 68 70 79 96 -1 -2
44 53 91 95 -1 -2
25 48 67 84 -1 37 58 77 89 -1 29 32 57 60 -1 11 20 64 77 -1 25 43 45 93 -1 40 57 75 86 -1 10 40 47 78 -1 13 34 71 98 -1 30 55 70 74 -1 -2
3 50 63 85 -1 33 51 74 75 -1 27 32 42 43 -1 47 50 51 86 -1 15 52 68 88 -1 12 21 22 91 -1 6 21 75 97 -1 -2
9 40 58 81 -1 27 60 83 84 -1 15 21 38 45 -1 5 20 21 44 -1 4 59 80 82 -1 8 29 33 34 -1 -2
11 12 29 54 -1 -2
15 37 79 94 -1 38 49 58 93 -1 7 65 77 90 -1 53 58 84 99 -1 13 65 88 95 -1 4 12 68 84 -1 30 36 42 92 -1 17 30 66 92 -1 4 5 17 61 -1 -2
10 56 75 87 -1 32 38 57 63 -1 20 37 45 94 -1 -2
18 24 29 46 -1 6 37 47 69 -1 4 16 79 97 -1 38 57 94 98 -1 49 55 58 97 -1 51 71 93 95 -1 17 28 38 87 -1 -2
6 32 36 46 -1 9 33 54 97 -1 2 43 53 68 -1 14 19 52 57 -1 22 52 93 94 -1 4 15 73 100 -1 14 43 45 63 -1 31 54 64 69 -1 14 24 25 78 -1 -2
72 76 78 88 -1 19 27 57 69 -1 27 66 84 85 -1 46 71 87 97 -1 40 60 81 99 -1 10 15 56 97 -1 4 32 47 73 -1 52 71 89 99 -1 1 2 19 100 -1 19 53 55 91 -1 -2
14 17 54 60 -1 -2
16 45 63 95 -1 16 74 83 99 -1 12 20 68 89 -1 8 19 39 51 -1 16 60 94 99 -1 5 19 83 90 -1 -2
16 50 67 88 -1 32 57 79 94 -1 81 87 95 96 -1 14 24 30 71 -1 44 46 59 100 -1 4 48 68 72 -1 4 38 68 86 -1 11 36 51 71 -1 18 29 77 78 -1 -2
15 46 75 77 -1 51 52 95 97 -1 1 20 32 53 -1 16 47 51 60 -1 3 17 42 67 -1 21 40 83 97 -1 6 15 24 45 -1 17 40 46 54 -1 -2
3 47 71 83 -1 11 44 56 57 -1 -2
10 13 31 75 -1 3 25 34 88 -1 13 56 59 96 -1 6 61 64 81 -1 16 83 87 96 -1 42 59 67 73 -1 -2
2 40 52 82 -1 40 75 80 83 -1 19 30 32 76 -1 20 46 71 100 -1 -2
16 19 24 60 -1 11 72 87 90 -1 52 69 74 82 -1 15 58 60 66 -1 27 40 63 64 -1 20 24 25 99 -1 22 35 48 72 -1 5 9 27 36 -1 -2
31 41 67 70 -1 26 28 38 69 -1 44 76 98 99 -1 52 67 87 89 -1 11 30 41 42 -1 12 41 72 100 -1 13 27 40 75 -1 3 28 67 82 -1 2 54 75 98 -1 6 23 67 73 -1 -2
11 28 39 64 -1 -2
5 41 62 64 -1 2 5 12 61 -1 3 32 68 72 -1 -2
13 52 71 78 -1 7 12 48 94 -1 17 33 51 77 -1 58 63 77 94 -1 -2
5 10 25 39 -1 2 3 63 70 -1 29 78 89 93 -1 -2
4 29 34 39 -1 16 28 60 61 -1 29 44 67 70 -1 23 40 42 62 -1 -2
14 20 43 85 -1 6 75 83 95 -1 6 46 57 92 -1 19 41 68 99 -1 48 50 72 74 -1 62 82 89 100 -1 4 47 52 74 -1 34 43 78 96 -1 30 60 63 93 -1 6 20 22 93 -1 -2
14 43 74 92 -1 2 27 38 61 -1 4 45 75 97 -1 19 39 59 95 -1 31 64 70 79 -1 2 17 37 85 -1 13 50 84 93 -1 30 32 36 86 -1 -2
15 28 40 59 -1 11 51 58 59 -1 61 66 91 92 -1 34 67 76 99 -1 13 49 67 98 -1 66 75 97 98 -1 18 46 87 89 -1 38 57 65 72 -1 -2
17 48 49 51 -1 -2
10 19 57 78 -1 9 12 19 24 -1 15 21 60 96 -1 22 28 45 66 -1 39 73 76 93 -1 24 39 81 93 -1 35 43 62 69 -1 -2
4 15 61 63 -1 3 31 72 83 -1 -2
31 63 66 92 -1 29 44 65 98 -1 3 27 36 38 -1 24 49 51 59 -1 16 17 28 69 -1 3 8 45 93 -1 7 22 44 55 -1 14 62 88 91 -1 28 88 89 96 -1 -2
9 29 91 97 -1 36 56 63 96 -1 -2
6 55 64 93 -1 74 81 91 99 -1 14 22 50 71 -1 24 55 57 71 -1 2 8 51 84 -1 -2
32 67 84 99 -1 44 54 65 89 -1 15 60 80 89 -1 17 20 53 83 -1 6 9 25 73 -1 3 27 72 84 -1 39 53 57 88 -1 32 64 69 83 -1 19 44 62 70 -1 2 37 50 95 -1 -2
22 32 53 88 -1 1 4 81 87 -1 15 32 39 56 -1 3 79 81 94 -1 14 26 45 47 -1 -2
10 12 35 95 -1 27 39 49 66 -1 3 19 34 76 -1 -2
11 29 45 47 -1 40 51 56 73 -1 25 57 64 98 -1 7 53 76 99 -1 -2
43 48 50 67 -1 15 56 80 90 -1 -2
7 49 78 94 -1 28 34 49 79 -1 48 53 99 100 -1 41 57 74 84 -1 8 42 45 73 -1 10 28 29 97 -1 60 67 69 89 -1 -2
6 55 66 71 -1 18 41 52 83 -1 28 45 57 65 -1 9 28 96 97 -1 10 30 47 50 -1 20 61 76 79 -1 5 30 48 76 -1 6 66 77 89 -1 44 52 57 88 -1 33 43 48 93 -1 -2
2 43 61 69 -1 18 25 62 90 -1 21 88 94 98 -1 6 9 21 40 -1 6 25 54 99 -1 9 20 43 98 -1 28 35 56 76 -1 6 28 41 72 -1 3 26 50 71 -1 3 54 88 98 -1 -2
12 45 53 63 -1 32 41 76 91 -1 52 76 89 100 -1 34 67 91 100 -1 8 22 87 93 -1 4 17 21 65 -1 37 83 89 100 -1 3 69 83 84 -1 21 72 79 80 -1 -2
6 15 34 39 -1 13 57 81 99 -1 28 35 46 91 -1 4 63 91 100 -1 30 45 62 94 -1 39 41 46 84 -1 6 18 84 95 -1 -2
7 26 36 71 -1 -2
12 44 57 86 -1 31 37 60 75 -1 20 47 62 65 -1 8 43 50 78 -1 -2
13 37 46 77 -1 5 10 40 77 -1 26 50 72 82 -1 1 25 83 92 -1 26 40 89 98 -1 24 41 60 72 -1 -2
12 32 71 85 -1 -2
30 34 38 60 -1 -2
8 23 81 89 -1 21 61 75 77 -1 33 59 64 98 -1 8 21 40 75 -1 40 52 64 82 -1 25 29 31 65 -1 8 18 57 61 -1 51 54 59 84 -1 -2
9 14 24 63 -1 27 60 86 87 -1 10 57 68 93 -1 19 28 42 63 -1 17 33 63 71 -1 11 29 37 78 -1 8 33 57 70 -1 3 32 54 91 -1 9 20 65 79 -1 18 26 34 74 -1 -2
3 30 42 56 -1 -2
21 34 42 86 -1 1 16 57 62 -1 37 38 78 98 -1 7 37 51 56 -1 -2
25 29 34 89 -1 32 46 54 100 -1 50 70 78 79 -1 19 28 36 77 -1 17 25 30 53 -1 9 35 38 86 -1 -2
14 20 24 40 -1 44 90 97 100 -1 -2
14 31 33 56 -1 39 81 88 90 -1 18 29 32 92 -1 6 25 62 73 -1 1 8 25 35 -1 46 61 63 74 -1 7 21 24 67 -1 15 33 44 69 -1 -2
25 34 43 50 -1 41 43 75 78 -1 15 18 21 84 -1 13 28 60 72 -1 13 20 37 64 -1 51 53 58 60 -1 -2
41 43 54 82 -1 28 58 71 75 -1 27 45 61 79 -1 23 72 86 96 -1 41 69 70 78 -1 -2
17 22 32 33 -1 43 56 87 100 -1 8 50 61 94 -1 36 56 64 70 -1 31 76 99 100 -1 1 24 26 92 -1 21 38 67 68 -1 -2
19 30 34 59 -1 12 48 50 53 -1 40 69 83 94 -1 23 45 61 92 -1 -2
9 26 41 99 -1 15 43 51 67 -1 6 26 60 61 -1 1 7 19 83 -1 12 33 43 65 -1 37 38 52 99 -1 32 64 71 77 -1 3 12 30 34 -1 16 56 66 75 -1 -2
35 80 92 94 -1 17 31 75 85 -1 6 26 35 67 -1 39 58 65 78 -1 -2
11 42 57 87 -1 9 13 20 65 -1 39 62 86 88 -1 -2
52 72 77 96 -1 9 34 44 52 -1 43 50 53 83 -1 8 33 43 65 -1 5 24 55 83 -1 13 34 74 92 -1 3 12 96 98 -1 -2
64 65 70 78 -1 46 71 81 86 -1 13 34 65 73 -1 -2
13 14 71 79 -1 17 29 40 87 -1 21 61 63 92 -1 15 29 85 95 -1 9 51 54 95 -1 1 22 39 93 -1 30 39 94 97 -1 7 80 83 96 -1 -2
48 73 89 91 -1 56 78 87 88 -1 4 8 16 22 -1 12 13 61 83 -1 25 31 55 81 -1 -2
12 50 53 64 -1 10 26 35 69 -1 4 16 27 30 -1 26 52 87 97 -1 52 53 75 94 -1 -2
25 28 37 86 -1 8 14 19 94 -1 40 42 51 89 -1 21 25 57 83 -1 7 17 40 75 -1 31 33 36 74 -1 7 35 61 75 -1 -2
35 36 53 70 -1 6 40 73 93 -1 1 14 19 29 -1 46 49 89 94 -1 8 33 74 87 -1 23 37 66 86 -1 20 60 73 89 -1 -2
6 29 52 78 -1 15 20 29 57 -1 2 32 46 96 -1 4 60 70 79 -1 5 35 49 57 -1 37 42 76 91 -1 19 21 38 73 -1 19 49 71 79 -1 -2
31 38 45 74 -1 12 22 53 57 -1 10 33 45 100 -1 -2
5 50 86 96 -1 17 47 52 85 -1 26 47 65 69 -1 8 37 91 93 -1 21 26 42 45 -1 -2
54 75 86 93 -1 2 3 86 88 -1 24 40 52 56 -1 17 54 65 68 -1 26 58 59 94 -1 3 13 81 99 -1 5 13 30 59 -1 -2
35 39 66 74 -1 5 45 68 69 -1 21 22 43 49 -1 -2
5 69 74 85 -1 -2
15 58 93 95 -1 -2
32 50 53 58 -1 18 75 88 89 -1 57 66 85 94 -1 17 20 66 96 -1 3 7 47 86 -1 20 50 69 76 -1 7 64 70 74 -1 18 23 43 50 -1 6 19 41 65 -1 -2
7 25 36 61 -1 -2
5 38 86 90 -1 43 55 62 84 -1 37 64 78 86 -1 16 32 65 77 -1 10 21 32 46 -1 5 50 58 81 -1 46 57 66 87 -1 17 43 75 76 -1 56 62 68 83 -1 -2
3 28 34 72 -1 1 2 7 93 -1 33 35 49 96 -1 13 18 78 90 -1 5 21 41 80 -1 -2
1 33 34 71 -1 49 50 69 86 -1 11 23 85 99 -1 1 25 70 92 -1 7 11 79 86 -1 28 37 62 73 -1 26 60 61 86 -1 -2
14 24 30 36 -1 60 61 83 94 -1 -2
36 42 60 87 -1 22 25 83 88 -1 7 22 41 99 -1 31 39 74 78 -1 38 69 70 75 -1 14 32 37 93 -1 11 34 35 79 -1 9 36 71 78 -1 2 6 56 65 -1 9 17 19 54 -1 -2
15 34 43 48 -1 31 44 81 93 -1 36 47 78 90 -1 22 81 83 95 -1 12 46 79 81 -1 24 46 68 77 -1 5 11 20 36 -1 -2
38 61 72 89 -1 35 38 82 95 -1 22 34 75 100 -1 25 53 65 80 -1 -2
16 21 25 62 -1 5 40 64 100 -1 6 74 80 86 -1 -2
12 15 68 98 -1 -2
19 22 51 96 -1 1 24 46 81 -1 16 29 70 73 -1 3 27 77 82 -1 -2
20 28 48 64 -1 19 49 67 75 -1 33 38 79 87 -1 8 9 37 42 -1 7 23 30 47 -1 32 38 45 74 -1 10 77 89 96 -1 11 37 85 89 -1 -2
4 35 51 99 -1 22 61 83 90 -1 4 59 79 92 -1 -2
37 43 61 83 -1 12 34 52 84 -1 8 9 13 38 -1 -2
14 48 69 85 -1 10 46 48 64 -1 53 54 94 100 -1 22 81 90 92 -1 30 50 81 91 -1 91 95 96 100 -1 4 26 38 89 -1 24 71 88 89 -1 19 21 28 77 -1 30 35 61 68 -1 -2
36 63 67 89 -1 13 67 80 87 -1 -2
33 44 84 99 -1 7 14 33 77 -1 7 8 72 91 -1 -2
52 69 86 94 -1 40 64 85 90 -1 12 32 56 64 -1 48 77 88 97 -1 4 29 61 73 -1 8 21 79 86 -1 19 73 76 82 -1 2 33 58 59 -1 -2
22 25 26 68 -1 -2
3 17 28 94 -1 47 62 93 97 -1 41 42 51 70 -1 29 33 47 57 -1 2 21 29 96 -1 14 35 52 72 -1 27 83 94 100 -1 6 12 37 42 -1 25 32 42 82 -1 9 25 75 78 -1 -2
56 57 60 64 -1 14 24 29 53 -1 37 66 90 95 -1 37 53 61 78 -1 56 63 80 92 -1 47 81 87 94 -1 15 40 44 89 -1 5 77 85 100 -1 11 21 39 53 -1 4 19 36 76 -1 -2
3 28 81 88 -1 13 37 55 96 -1 25 32 48 90 -1 36 49 71 95 -1 11 20 46 50 -1 17 39 42 79 -1 16 29 38 45 -1 55 78 82 83 -1 -2
4 18 30 82 -1 14 25 58 83 -1 1 11 68 78 -1 -2
39 51 53 93 -1 16 45 66 82 -1 14 26 59 78 -1 9 37 77 94 -1 -2
7 8 27 94 -1 6 13 23 80 -1 -2
17 33 55 71 -1 13 20 23 92 -1 -2
16 24 38 45 -1 7 41 75 95 -1 3 23 70 88 -1 6 7 28 29 -1 24 30 37 92 -1 14 22 36 96 -1 8 9 32 77 -1 2 65 94 98 -1 -2
12 23 28 73 -1 2 33 72 87 -1 -2
25 50 88 91 -1 11 17 21 99 -1 -2
40 69 79 90 -1 2 7 20 67 -1 8 50 69 85 -1 4 20 44 68 -1 18 19 60 67 -1 4 13 32 50 -1 39 92 97 100 -1 -2
39 60 62 80 -1 25 40 74 77 -1 24 26 55 88 -1 29 37 47 82 -1 29 76 77 100 -1 -2
11 48 75 85 -1 13 16 91 93 -1 22 38 68 85 -1 4 5 37 94 -1 10 45 61 74 -1 29 39 91 94 -1 1 13 22 50 -1 -2
10 41 59 67 -1 30 53 57 66 -1 1 66 85 88 -1 13 29 72 80 -1 -2
4 21 90 95 -1 1 17 64 70 -1 1 10 15 93 -1 23 34 42 79 -1 -2
47 53 76 80 -1 17 68 71 81 -1 39 63 77 84 -1 -2
2 27 60 66 -1 5 37 48 87 -1 2 46 54 60 -1 66 71 76 78 -1 23 53 64 81 -1 -2
10 27 31 99 -1 -2
7 31 68 90 -1 19 24 29 82 -1 38 65 74 99 -1 39 51 60 85 -1 6 26 39 63 -1 15 27 52 59 -1 14 32 51 64 -1 20 24 25 76 -1 33 56 99 100 -1 27 71 79 90 -1 -2
15 24 75 95 -1 13 31 42 54 -1 71 90 98 100 -1 32 37 70 100 -1 2 11 33 56 -1 6 44 48 89 -1 -2
27 34 85 90 -1 1 10 40 89 -1 37 44 56 60 -1 4 13 28 84 -1 50 61 70 89 -1 38 80 95 97 -1 20 32 53 61 -1 27 28 77 94 -1 -2
2 28 48 87 -1 28 30 43 85 -1 1 27 69 74 -1 1 22 38 68 -1 15 73 76 93 -1 18 57 75 93 -1 61 65 89 90 -1 24 29 54 73 -1 -2
30 54 83 86 -1 17 52 66 71 -1 19 37 63 89 -1 26 68 77 85 -1 26 38 49 81 -1 30 49 56 87 -1 -2
41 53 58 76 -1 3 4 33 56 -1 11 24 30 70 -1 11 17 35 82 -1 23 26 85 92 -1 7 14 37 96 -1 49 61 73 98 -1 17 59 69 77 -1 15 16 18 33 -1 39 66 78 81 -1 -2
58 61 76 80 -1 2 66 73 76 -1 55 74 76 93 -1 19 73 85 88 -1 26 55 68 72 -1 4 27 33 72 -1 8 52 66 83 -1 3 12 22 33 -1 40 49 61 70 -1 -2
21 50 87 95 -1 -2
15 18 64 93 -1 8 23 74 79 -1 31 66 72 74 -1 16 78 86 89 -1 3 21 40 60 -1 5 27 77 98 -1 -2
68 70 81 90 -1 10 21 48 87 -1 25 38 75 83 -1 7 45 83 89 -1 -2
16 25 59 72 -1 8 23 40 51 -1 6 34 64 83 -1 28 41 70 80 -1 16 18 63 79 -1 23 25 82 87 -1 13 30 49 62 -1 4 57 69 82 -1 -2
28 55 76 96 -1 5 6 16 99 -1 15 18 30 84 -1 29 41 55 98 -1 -2
18 72 94 100 -1 4 27 37 90 -1 2 31 62 81 -1 14 65 71 76 -1 -2
17 28 33 41 -1 26 43 47 94 -1 37 72 97 98 -1 51 54 79 89 -1 -2
24 37 67 82 -1 -2
49 77 86 87 -1 21 38 47 86 -1 18 63 83 95 -1 9 24 68 92 -1 22 25 80 83 -1 8 36 48 76 -1 38 42 52 98 -1 16 52 55 89 -1 26 40 56 86 -1 -2
52 64 85 87 -1 2 71 82 84 -1 3 44 91 98 -1 18 30 62 94 -1 22 54 74 93 -1 1 46 63 75 -1 7 54 79 97 -1 20 43 53 81 -1 36 64 78 94 -1 -2
21 43 54 91 -1 5 15 75 82 -1 30 40 55 65 -1 12 24 57 92 -1 5 12 85 91 -1 37 81 92 96 -1 66 74 88 99 -1 40 48 60 92 -1 -2
21 25 51 67 -1 4 30 57 97 -1 27 38 61 64 -1 4 39 74 81 -1 28 38 47 67 -1 3 44 58 76 -1 10 25 35 39 -1 26 40 49 54 -1 -2
10 11 14 24 -1 4 5 62 92 -1 7 32 43 84 -1 15 53 54 85 -1 39 55 75 77 -1 31 36 42 44 -1 17 34 81 87 -1 37 76 84 94 -1 -2
5 52 54 60 -1 19 23 36 68 -1 -2
6 27 38 76 -1 -2
1 42 55 85 -1 7 24 58 74 -1 24 28 43 58 -1 1 40 61 100 -1 -2
19 34 76 98 -1 3 6 17 75 -1 24 35 89 91 -1 1 45 47 73 -1 11 28 39 44 -1 24 43 44 63 -1 27 37 70 84 -1 36 46 51 55 -1 26 79 90 99 -1 -2
14 72 79 85 -1 46 91 95 96 -1 21 55 90 93 -1 13 44 56 70 -1 4 27 61 68 -1 -2
53 67 71 97 -1 15 32 40 86 -1 6 13 85 99 -1 5 12 16 60 -1 17 38 60 96 -1 -2
18 41 70 72 -1 30 79 85 88 -1 3 22 44 100 -1 -2
1 13 31 38 -1 53 54 73 90 -1 21 40 73 83 -1 7 10 49 54 -1 4 9 89 97 -1 61 68 91 97 -1 29 43 48 90 -1 13 38 70 80 -1 11 17 58 84 -1 -2
34 80 90 94 -1 10 20 60 84 -1 11 94 95 97 -1 23 24 70 78 -1 38 55 84 94 -1 40 68 72 79 -1 4 12 26 31 -1 25 55 59 99 -1 9 27 48 53 -1 -2
1 7 15 37 -1 -2
20 72 78 99 -1 23 57 77 81 -1 4 26 31 39 -1 31 35 37 48 -1 28 35 46 50 -1 15 26 27 100 -1 5 12 40 83 -1 32 43 88 97 -1 7 9 70 80 -1 38 39 53 80 -1 -2
42 54 55 70 -1 6 18 38 89 -1 66 76 79 90 -1 9 37 71 99 -1 46 52 79 86 -1 8 71 72 75 -1 83 84 85 89 -1 -2
4 62 64 82 -1 2 12 30 94 -1 16 37 42 55 -1 8 66 77 80 -1 -2
24 27 39 52 -1 5 29 37 87 -1 19 46 59 88 -1 23 57 61 64 -1 13 41 44 92 -1 28 40 44 50 -1 3 12 44 69 -1 2 10 53 94 -1 13 37 96 97 -1 -2
64 66 72 79 -1 -2
10 14 60 99 -1 22 60 62 84 -1 22 29 55 61 -1 24 25 63 100 -1 2 33 34 98 -1 38 54 67 83 -1 6 13 60 86 -1 1 35 66 69 -1 34 54 56 83 -1 -2
14 50 54 64 -1 24 66 73 80 -1 28 74 81 89 -1 3 5 48 84 -1 16 72 75 89 -1 20 32 40 97 -1 -2
14 43 61 83 -1 3 21 40 85 -1 2 22 25 62 -1 38 40 75 97 -1 6 23 50 97 -1 -2
6 44 67 81 -1 11 67 70 92 -1 14 48 69 78 -1 21 31 87 92 -1 28 63 92 100 -1 9 14 79 85 -1 11 19 58 88 -1 -2
2 37 54 85 -1 12 38 45 87 -1 4 55 58 64 -1 29 35 56 60 -1 8 16 44 52 -1 69 76 82 97 -1 30 63 69 93 -1 25 58 64 75 -1 -2
34 36 64 81 -1 12 39 61 93 -1 10 48 78 80 -1 23 59 66 82 -1 25 31 64 75 -1 34 44 78 83 -1 32 66 82 94 -1 18 35 73 100 -1 3 7 18 34 -1 35 36 50 55 -1 -2
7 27 71 84 -1 2 57 78 86 -1 1 2 3 31 -1 45 50 84 96 -1 12 14 51 76 -1 -2
44 50 74 95 -1 4 6 63 92 -1 8 23 53 95 -1 14 44 54 64 -1 29 36 37 50 -1 9 32 65 96 -1 9 18 22 32 -1 -2
21 35 49 73 -1 51 79 87 92 -1 -2
2 16 73 92 -1 31 64 75 100 -1 34 59 72 83 -1 4 5 41 64 -1 12 22 57 77 -1 53 66 78 100 -1 50 54 73 90 -1 -2
1 21 27 91 -1 30 43 81 82 -1 14 77 82 89 -1 -2
3 13 18 85 -1 1 43 72 90 -1 5 14 30 48 -1 -2
34 59 64 66 -1 23 32 77 83 -1 9 75 84 92 -1 17 18 47 69 -1 15 22 45 76 -1 1 29 37 62 -1 3 30 99 100 -1 24 78 99 100 -1 5 57 86 95 -1 15 77 85 99 -1 -2
28 37 42 99 -1 11 34 62 97 -1 11 68 69 87 -1 14 17 27 55 -1 16 30 31 35 -1 7 55 56 60 -1 5 30 38 69 -1 -2
6 48 56 76 -1 39 61 63 82 -1 47 54 82 87 -1 20 21 74 83 -1 25 44 53 93 -1 -2
26 35 41 99 -1 12 15 34 82 -1 -2
10 19 42 71 -1 -2
5 26 37 49 -1 7 27 33 79 -1 27 64 77 79 -1 7 35 58 87 -1 7 8 70 72 -1 4 33 76 78 -1 20 82 90 93 -1 27 54 56 71 -1 24 40 47 77 -1 -2
49 50 58 95 -1 -2
28 42 48 56 -1 40 60 79 80 -1 15 20 59 65 -1 21 31 76 85 -1 21 49 62 75 -1 -2
7 20 45 90 -1 11 48 73 86 -1 37 72 92 96 -1 51 61 67 69 -1 1 17 46 88 -1 20 60 72 78 -1 46 50 90 92 -1 14 27 90 97 -1 28 59 60 72 -1 14 24 51 57 -1 -2
1 6 43 52 -1 8 22 49 86 -1 18 35 36 64 -1 34 58 61 80 -1 4 43 51 57 -1 10 21 45 68 -1 20 55 58 74 -1 18 61 72 74 -1 2 11 12 69 -1 40 41 83 90 -1 -2
31 32 84 87 -1 42 60 64 91 -1 -2
13 86 87 100 -1 -2
8 15 96 97 -1 19 54 77 88 -1 24 67 69 100 -1 30 35 83 97 -1 -2
16 56 74 88 -1 4 11 21 32 -1 37 49 66 96 -1 6 12 26 53 -1 52 53 62 93 -1 -2
15 32 42 49 -1 32 50 56 63 -1 11 27 60 95 -1 23 53 84 100 -1 13 22 39 64 -1 2 9 49 52 -1 -2
42 69 84 90 -1 46 72 96 97 -1 -2
3 9 52 56 -1 -2
22 40 89 96 -1 7 15 61 81 -1 20 63 69 95 -1 20 36 52 74 -1 28 47 49 79 -1 24 43 57 97 -1 6 21 69 76 -1 25 28 56 94 -1 14 37 40 54 -1 12 24 62 84 -1 -2
31 48 60 81 -1 5 7 43 58 -1 59 85 90 97 -1 66 87 91 97 -1 -2
21 27 42 100 -1 -2
39 57 59 91 -1 -2
24 31 89 98 -1 -2
41 72 79 86 -1 8 38 64 71 -1 7 27 37 90 -1 60 64 73 94 -1 18 28 44 54 -1 23 46 62 94 -1 19 35 39 91 -1 -2
29 40 62 82 -1 3 43 66 91 -1 34 49 57 82 -1 28 69 90 91 -1 20 25 59 84 -1 18 34 36 85 -1 4 62 63 85 -1 12 14 60 61 -1 39 64 69 82 -1 31 53 56 90 -1 -2
6 33 58 91 -1 52 53 61 67 -1 28 42 47 59 -1 1 58 77 93 -1 20 21 35 98 -1 3 47 66 99 -1 47 82 93 98 -1 -2
13 68 88 95 -1 36 54 83 86 -1 13 29 39 75 -1 45 70 75 99 -1 -2
8 45 64 90 -1 -2
20 50 52 81 -1 29 55 60 92 -1 2 7 45 74 -1 14 34 48 95 -1 9 30 43 85 -1 22 36 62 82 -1 18 20 33 42 -1 23 44 87 88 -1 2 15 37 53 -1 7 31 80 84 -1 -2
7 44 46 93 -1 63 67 81 99 -1 24 70 75 95 -1 37 40 59 88 -1 24 41 48 64 -1 6 10 69 85 -1 -2
46 47 52 65 -1 11 29 33 66 -1 50 82 93 95 -1 45 46 77 85 -1 59 61 68 82 -1 67 69 79 90 -1 22 35 54 71 -1 52 54 80 90 -1 42 43 71 76 -1 4 20 26 83 -1 -2
10 16 30 64 -1 45 59 86 92 -1 10 24 51 54 -1 3 7 16 98 -1 20 39 41 43 -1 40 51 62 70 -1 23 71 94 96 -1 25 36 50 81 -1 -2
14 32 41 80 -1 26 42 72 78 -1 -2
9 16 27 92 -1 1 19 49 94 -1 2 33 46 64 -1 9 13 19 83 -1 30 32 81 94 -1 34 37 42 89 -1 19 52 59 96 -1 32 59 87 94 -1 26 61 78 100 -1 39 60 65 98 -1 -2
14 74 77 80 -1 16 29 44 54 -1 -2
34 66 77 85 -1 20 28 53 98 -1 24 27 75 81 -1 31 42 75 77 -1 47 74 78 92 -1 -2
12 56 59 74 -1 -2
27 33 83 86 -1 32 33 69 87 -1 22 60 66 96 -1 42 58 74 87 -1 7 23 97 100 -1 52 57 62 89 -1 1 9 76 90 -1 23 48 79 99 -1 7 18 62 65 -1 -2
20 78 83 97 -1 -2
11 26 37 64 -1 72 76 77 91 -1 16 24 82 93 -1 14 28 55 85 -1 -2
54 56 89 95 -1 17 35 46 97 -1 21 53 66 79 -1 30 59 81 88 -1 -2
13 25 46 84 -1 13 56 62 92 -1 17 49 53 59 -1 -2
9 27 62 89 -1 -2
4 24 59 98 -1 8 22 38 71 -1 46 64 75 81 -1 26 38 44 52 -1 66 79 80 83 -1 33 44 55 60 -1 11 48 72 99 -1 -2
63 64 85 96 -1 22 75 97 99 -1 29 40 58 81 -1 8 20 26 50 -1 41 61 83 91 -1 43 75 86 99 -1 13 24 29 54 -1 4 59 72 79 -1 -2
27 28 65 93 -1 -2
2 63 66 81 -1 10 14 23 32 -1 32 37 56 86 -1 54 75 83 87 -1 -2
17 55 66 89 -1 6 32 41 86 -1 12 67 72 83 -1 20 33 39 77 -1 56 65 81 85 -1 5 25 38 46 -1 17 46 75 87 -1 12 16 44 86 -1 13 41 91 94 -1 37 40 72 90 -1 -2
13 27 57 99 -1 4 68 69 80 -1 6 13 72 79 -1 31 44 67 87 -1 30 41 45 47 -1 6 51 53 66 -1 6 30 49 80 -1 -2
29 56 65 87 -1 7 12 58 71 -1 7 48 72 91 -1 35 48 50 64 -1 1 29 39 42 -1 19 53 69 74 -1 25 41 68 93 -1 -2
4 64 70 74 -1 42 85 97 99 -1 29 60 75 97 -1 6 22 61 70 -1 34 56 65 92 -1 19 23 30 36 -1 11 61 68 90 -1 5 60 69 81 -1 -2
6 27 40 41 -1 16 42 45 86 -1 41 53 68 72 -1 37 40 48 96 -1 12 31 41 58 -1 -2
13 18 34 70 -1 31 32 63 87 -1 24 35 46 50 -1 7 14 47 62 -1 -2
21 49 56 81 -1 81 89 95 96 -1 54 88 90 91 -1 26 57 85 86 -1 76 81 92 96 -1 -2
17 69 71 90 -1 23 31 89 93 -1 9 31 32 65 -1 17 49 76 96 -1 18 29 68 83 -1 4 12 35 54 -1 4 51 75 93 -1 57 58 81 91 -1 8 22 30 91 -1 4 15 72 75 -1 -2
5 52 63 85 -1 9 48 58 90 -1 32 66 71 92 -1 28 51 74 93 -1 43 68 78 86 -1 40 42 69 86 -1 -2
20 25 36 61 -1 22 36 84 87 -1 5 37 76 81 -1 -2
54 55 69 73 -1 32 48 61 74 -1 15 18 81 100 -1 43 55 77 80 -1 -2
37 44 58 84 -1 5 41 52 82 -1 3 16 43 85 -1 31 50 99 100 -1 -2
44 45 46 85 -1 34 61 63 69 -1 4 5 9 63 -1 34 46 62 66 -1 23 71 86 87 -1 31 33 39 77 -1 19 46 62 78 -1 -2
10 18 49 81 -1 12 25 27 32 -1 23 73 78 91 -1 7 38 60 65 -1 5 6 25 91 -1 33 34 73 87 -1 17 22 28 56 -1 9 63 84 97 -1 -2
5 6 48 51 -1 -2
34 63 72 81 -1 -2
16 47 56 87 -1 15 39 59 75 -1 10 11 18 48 -1 -2
10 13 24 79 -1 10 33 52 77 -1 15 45 63 96 -1 15 54 85 86 -1 41 76 86 97 -1 3 40 52 79 -1 11 67 73 82 -1 21 56 70 80 -1 25 46 73 88 -1 6 19 35 63 -1 -2
20 24 53 94 -1 -2
2 15 44 92 -1 19 42 62 96 -1 28 29 59 63 -1 2 7 31 95 -1 15 26 51 65 -1 26 57 64 70 -1 16 40 44 54 -1 -2
6 10 28 44 -1 4 24 60 95 -1 40 49 74 99 -1 29 30 35 84 -1 52 84 87 89 -1 41 48 54 61 -1 31 48 65 83 -1 42 54 83 89 -1 24 35 45 51 -1 18 37 44 46 -1 -2
5 18 85 99 -1 55 60 88 94 -1 1 53 64 93 -1 16 27 75 94 -1 52 75 77 92 -1 -2
56 57 94 100 -1 44 69 75 80 -1 14 21 56 100 -1 30 47 61 90 -1 39 52 58 94 -1 12 19 37 94 -1 30 58 61 84 -1 26 38 49 52 -1 -2
7 19 34 100 -1 28 32 44 69 -1 19 55 86 93 -1 32 45 68 94 -1 9 38 55 100 -1 44 90 91 96 -1 36 47 49 60 -1 -2
12 20 75 94 -1 23 53 75 79 -1 11 49 72 86 -1 41 64 82 98 -1 -2
25 34 79 97 -1 3 18 35 58 -1 15 41 67 92 -1 4 16 25 86 -1 5 17 24 43 -1 31 63 75 87 -1 16 40 95 99 -1 -2
1 10 11 44 -1 11 47 48 84 -1 -2
40 41 44 99 -1 23 43 45 85 -1 6 21 59 92 -1 -2
7 18 40 61 -1 46 57 69 95 -1 2 23 33 88 -1 10 16 63 94 -1 4 36 42 70 -1 -2
2 24 52 88 -1 8 15 68 74 -1 -2
52 69 76 99 -1 23 42 58 87 -1 8 51 64 69 -1 26 57 64 69 -1 26 31 44 92 -1 19 36 37 69 -1 6 35 82 98 -1 -2
9 49 51 59 -1 3 67 75 79 -1 25 38 45 61 -1 4 45 84 97 -1 67 69 79 97 -1 1 35 57 100 -1 10 33 66 88 -1 4 49 77 87 -1 2 3 9 46 -1 13 40 50 77 -1 -2
22 28 39 68 -1 10 21 52 71 -1 10 72 75 80 -1 -2
8 44 56 73 -1 41 75 81 93 -1 13 22 24 97 -1 -2
15 25 48 59 -1 4 12 50 69 -1 40 45 71 82 -1 14 36 42 78 -1 3 17 40 58 -1 -2
4 35 43 67 -1 21 42 92 97 -1 7 15 19 52 -1 10 14 23 61 -1 41 56 66 99 -1 21 22 46 89 -1 5 57 63 82 -1 12 30 79 89 -1 50 54 68 94 -1 -2
33 38 63 88 -1 15 19 24 44 -1 39 70 76 95 -1 19 36 41 46 -1 5 29 45 78 -1 12 39 42 56 -1 -2
22 49 51 94 -1 3 34 37 92 -1 2 6 9 59 -1 6 16 87 99 -1 38 52 78 79 -1 31 50 77 90 -1 5 7 8 58 -1 1 65 76 98 -1 37 48 61 72 -1 -2
18 39 45 74 -1 11 43 69 70 -1 14 17 25 72 -1 6 25 64 69 -1 42 80 83 93 -1 21 44 65 80 -1 34 56 67 97 -1 45 46 64 73 -1 46 65 73 89 -1 -2
22 78 83 100 -1 4 37 63 71 -1 3 8 12 58 -1 27 43 84 93 -1 -2
8 51 87 89 -1 11 46 80 87 -1 -2
14 16 30 87 -1 13 61 77 86 -1 23 50 65 91 -1 10 26 38 97 -1 46 77 88 91 -1 -2
18 26 37 38 -1 8 40 70 87 -1 2 36 41 72 -1 24 65 67 74 -1 7 13 80 89 -1 16 47 63 76 -1 57 68 75 97 -1 10 14 40 80 -1 14 55 58 95 -1 1 22 29 60 -1 -2
10 19 91 92 -1 7 24 40 52 -1 -2
26 29 64 100 -1 -2
1 25 66 100 -1 37 70 80 98 -1 11 45 86 94 -1 14 27 44 46 -1 11 22 58 86 -1 13 17 64 100 -1 7 21 28 73 -1 12 56 65 70 -1 33 44 65 67 -1 -2
9 14 32 49 -1 20 33 74 81 -1 56 89 95 100 -1 2 35 39 43 -1 35 52 56 93 -1 10 34 49 70 -1 23 28 81 85 -1 23 71 86 92 -1 33 61 79 94 -1 -2
30 59 62 92 -1 42 45 72 86 -1 -2
72 73 82 84 -1 14 33 74 93 -1 -2
5 10 36 98 -1 31 45 82 98 -1 24 38 40 80 -1 12 37 51 61 -1 3 60 73 74 -1 2 17 24 81 -1 35 54 73 75 -1 -2
27 49 76 88 -1 78 86 96 97 -1 -2
24 25 30 50 -1 -2
6 51 80 92 -1 6 18 88 99 -1 64 71 77 93 -1 1 22 41 65 -1 5 40 42 62 -1 39 67 69 74 -1 19 48 70 100 -1 3 68 85 88 -1 15 56 62 65 -1 -2
18 33 50 82 -1 19 79 85 98 -1 14 48 74 86 -1 7 12 84 97 -1 2 20 54 91 -1 2 23 50 61 -1 -2
3 18 23 58 -1 35 43 61 82 -1 26 46 49 77 -1 4 13 26 36 -1 24 25 48 84 -1 -2
9 21 73 85 -1 56 71 72 99 -1 2 3 57 72 -1 22 25 85 97 -1 19 47 81 86 -1 6 7 14 28 -1 1 15 17 46 -1 13 90 96 98 -1 20 21 34 39 -1 26 52 80 89 -1 -2
14 19 93 94 -1 11 12 51 93 -1 39 46 52 68 -1 16 35 76 77 -1 -2
40 63 73 80 -1 5 36 87 94 -1 15 57 89 92 -1 7 45 54 94 -1 -2
24 52 61 92 -1 20 32 73 96 -1 11 16 39 52 -1 2 5 38 60 -1 18 21 49 72 -1 4 16 59 83 -1 24 26 71 83 -1 2 45 79 94 -1 2 23 39 83 -1 -2
3 42 46 55 -1 20 22 31 47 -1 28 29 38 52 -1 33 43 57 72 -1 16 21 73 79 -1 39 57 80 83 -1 1 20 65 96 -1 68 71 78 83 -1 4 23 73 83 -1 19 37 73 95 -1 -2
11 43 88 97 -1 3 6 21 92 -1 21 40 42 85 -1 7 14 27 57 -1 2 35 38 96 -1 35 41 65 82 -1 -2
23 56 65 93 -1 6 49 65 74 -1 -2
3 14 24 59 -1 28 37 39 88 -1 20 29 45 74 -1 27 48 59 97 -1 8 30 37 67 -1 4 16 58 61 -1 -2
5 67 75 93 -1 37 48 75 79 -1 17 43 52 91 -1 10 20 51 98 -1 6 34 60 92 -1 40 47 77 78 -1 23 39 65 71 -1 28 68 92 93 -1 32 71 87 91 -1 4 81 83 89 -1 -2
28 52 70 98 -1 39 43 53 77 -1 -2
52 55 72 84 -1 13 45 61 76 -1 12 51 62 81 -1 48 52 70 72 -1 7 57 65 95 -1 30 48 59 90 -1 35 55 67 91 -1 8 32 87 95 -1 -2
26 30 74 95 -1 17 29 44 63 -1 6 34 46 48 -1 34 59 64 74 -1 -2
10 12 32 87 -1 7 9 54 89 -1 2 10 19 81 -1 2 77 92 93 -1 28 76 83 97 -1 4 31 41 94 -1 3 28 30 57 -1 45 47 66 86 -1 -2
27 29 47 51 -1 58 60 79 85 -1 61 86 97 98 -1 27 32 42 87 -1 -2
44 47 72 77 -1 13 14 15 70 -1 18 27 31 58 -1 3 25 34 66 -1 7 48 57 97 -1 -2
35 52 54 63 -1 55 57 80 92 -1 6 14 18 83 -1 7 51 63 93 -1 -2
3 40 47 83 -1 35 45 57 87 -1 15 20 59 97 -1 16 30 45 82 -1 -2
4 36 46 88 -1 6 18 53 91 -1 1 26 76 93 -1 20 22 24 59 -1 31 55 57 65 -1 23 42 66 78 -1 14 25 71 89 -1 7 73 75 95 -1 -2
17 48 62 73 -1 4 61 76 87 -1 4 13 38 56 -1 5 19 37 39 -1 18 51 72 73 -1 34 37 43 58 -1 19 48 53 64 -1 4 20 87 97 -1 5 26 57 75 -1 21 22 71 88 -1 -2
29 57 73 77 -1 -2
30 47 85 90 -1 7 86 95 97 -1 13 68 69 71 -1 -2
1 58 80 82 -1 13 20 67 96 -1 9 32 37 88 -1 68 73 81 100 -1 7 17 38 94 -1 8 17 30 33 -1 24 30 75 89 -1 -2
6 30 63 85 -1 9 35 43 82 -1 14 19 41 72 -1 28 32 50 64 -1 4 44 64 88 -1 7 10 14 60 -1 19 40 55 81 -1 1 19 60 80 -1 -2
42 48 57 71 -1 -2
31 34 47 72 -1 3 69 73 80 -1 16 60 69 73 -1 7 26 51 78 -1 13 42 43 77 -1 8 60 70 90 -1 17 43 44 77 -1 25 73 78 80 -1 -2
20 41 67 86 -1 2 12 21 100 -1 5 10 35 67 -1 17 29 38 68 -1 11 12 58 69 -1 26 59 70 99 -1 38 51 64 98 -1 4 30 79 99 -1 21 45 49 64 -1 -2
5 17 30 100 -1 24 51 62 96 -1 17 55 65 68 -1 -2
25 37 55 56 -1 11 22 23 81 -1 13 69 73 99 -1 44 50 68 98 -1 4 28 52 98 -1 11 22 50 79 -1 -2
9 16 25 56 -1 7 48 58 98 -1 17 21 33 97 -1 16 33 70 73 -1 55 61 69 84 -1 34 44 50 96 -1 9 66 70 74 -1 48 71 81 97 -1 -2
8 36 56 94 -1 27 32 35 50 -1 38 54 64 66 -1 -2
2 11 38 80 -1 -2
12 47 74 99 -1 7 39 40 41 -1 -2
30 50 80 88 -1 15 44 80 92 -1 5 9 18 58 -1 15 60 70 91 -1 -2
36 43 69 73 -1 26 49 76 99 -1 6 55 64 82 -1 17 19 63 65 -1 34 49 76 95 -1 39 47 49 98 -1 72 88 94 96 -1 32 84 89 97 -1 20 80 85 93 -1 56 84 91 95 -1 -2
41 69 75 80 -1 42 68 74 84 -1 28 29 54 91 -1 27 33 66 78 -1 8 39 51 53 -1 -2
43 50 54 59 -1 19 47 49 75 -1 18 19 59 85 -1 14 31 35 59 -1 20 24 41 53 -1 28 49 50 69 -1 6 8 13 26 -1 -2
20 31 59 69 -1 19 20 46 64 -1 34 36 38 64 -1 16 52 72 82 -1 -2
28 52 60 70 -1 50 55 79 90 -1 5 81 82 92 -1 10 26 50 90 -1 11 27 41 61 -1 2 15 26 94 -1 1 9 31 98 -1 45 47 49 91 -1 12 35 60 92 -1 -2
3 11 58 68 -1 34 37 48 91 -1 9 47 75 81 -1 11 25 68 81 -1 9 17 21 77 -1 20 44 57 59 -1 6 33 34 52 -1 -2
15 53 65 94 -1 36 47 57 65 -1 -2
5 39 41 43 -1 61 92 94 99 -1 25 27 57 58 -1 6 13 75 78 -1 -2
6 32 47 70 -1 -2
8 31 51 88 -1 19 27 57 60 -1 12 24 42 87 -1 15 41 52 67 -1 52 54 82 94 -1 21 31 64 69 -1 28 34 83 93 -1 57 67 69 91 -1 2 14 26 76 -1 47 60 96 99 -1 -2
35 39 76 84 -1 10 16 30 94 -1 9 24 36 81 -1 1 35 44 90 -1 16 68 80 89 -1 26 44 48 67 -1 11 48 58 61 -1 16 47 60 61 -1 -2
4 89 91 92 -1 5 23 58 83 -1 7 43 72 90 -1 29 30 76 94 -1 19 29 41 49 -1 14 17 86 97 -1 20 33 60 84 -1 -2
8 26 65 89 -1 11 37 39 95 -1 25 26 50 85 -1 22 38 57 85 -1 47 56 77 91 -1 23 31 72 91 -1 4 8 65 93 -1 -2
4 11 22 70 -1 28 35 41 54 -1 31 52 80 95 -1 -2
5 26 32 59 -1 24 29 34 59 -1 26 29 67 78 -1 9 60 77 85 -1 -2
7 9 15 35 -1 -2
66 72 88 90 -1 4 19 34 58 -1 18 25 82 92 -1 39 69 77 100 -1 14 25 62 80 -1 10 21 50 69 -1 5 26 49 60 -1 3 39 51 80 -1 -2
24 38 52 75 -1 49 62 87 94 -1 9 23 60 67 -1 11 44 47 98 -1 3 9 39 59 -1 6 8 15 58 -1 -2
24 56 63 100 -1 47 59 60 66 -1 6 26 32 44 -1 16 28 56 79 -1 4 38 60 81 -1 3 29 75 97 -1 23 56 74 95 -1 -2
9 65 70 88 -1 38 41 73 82 -1 3 46 74 83 -1 20 39 71 98 -1 14 78 80 86 -1 16 61 74 80 -1 16 74 81 98 -1 27 38 46 77 -1 -2
18 23 53 89 -1 17 33 80 88 -1 50 57 79 80 -1 6 8 80 94 -1 -2
11 49 60 94 -1 1 14 41 81 -1 4 7 35 77 -1 57 77 80 98 -1 18 51 73 77 -1 40 55 59 67 -1 23 42 50 64 -1 -2
12 28 33 98 -1 12 60 69 86 -1 5 33 39 59 -1 5 6 56 93 -1 3 29 93 100 -1 18 47 85 91 -1 12 83 86 87 -1 1 17 80 84 -1 9 11 54 99 -1 -2
3 38 88 97 -1 3 8 21 39 -1 -2
21 24 31 73 -1 13 20 35 71 -1 7 11 43 78 -1 -2
22 23 46 88 -1 5 60 79 88 -1 5 66 70 76 -1 16 22 42 79 -1 14 28 45 69 -1 28 45 53 87 -1 5 23 54 72 -1 16 18 53 66 -1 24 28 47 98 -1 16 60 74 87 -1 -2
1 22 30 94 -1 37 52 79 93 -1 54 60 65 69 -1 8 36 80 94 -1 5 16 28 99 -1 21 35 61 84 -1 9 30 84 87 -1 17 41 52 59 -1 -2
26 36 44 61 -1 14 41 69 83 -1 31 38 51 71 -1 27 33 75 91 -1 18 19 44 61 -1 47 83 85 96 -1 -2
8 25 55 65 -1 6 21 30 84 -1 28 30 41 87 -1 5 22 33 45 -1 -2
9 29 58 74 -1 31 43 50 62 -1 19 37 39 98 -1 5 25 28 74 -1 47 62 67 68 -1 -2
19 27 32 52 -1 25 34 45 78 -1 19 21 40 87 -1 10 71 85 88 -1 28 35 51 98 -1 21 39 42 58 -1 32 41 68 88 -1 1 46 51 89 -1 -2
8 35 54 82 -1 23 27 50 99 -1 66 76 90 96 -1 24 58 64 96 -1 8 30 38 99 -1 -2
1 11 42 75 -1 9 37 61 94 -1 43 49 51 82 -1 17 45 47 51 -1 17 27 30 51 -1 48 49 89 98 -1 6 50 61 100 -1 20 49 58 65 -1 -2
42 80 95 97 -1 4 67 73 91 -1 59 79 94 98 -1 3 11 42 75 -1 4 17 23 50 -1 11 62 72 74 -1 14 38 46 88 -1 41 45 52 57 -1 -2
3 12 31 64 -1 5 60 76 89 -1 15 36 53 91 -1 1 19 45 63 -1 -2
7 23 58 70 -1 11 38 64 92 -1 26 51 56 98 -1 11 32 77 90 -1 33 81 90 98 -1 5 38 50 86 -1 28 33 57 67 -1 3 30 65 75 -1 -2
31 32 74 91 -1 13 55 80 81 -1 12 13 29 92 -1 1 9 44 89 -1 44 62 63 73 -1 31 45 47 50 -1 4 20 47 74 -1 7 30 68 81 -1 20 22 32 89 -1 -2
5 17 49 86 -1 2 16 25 75 -1 29 55 84 98 -1 2 60 75 93 -1 -2
23 43 60 91 -1 30 56 89 90 -1 15 32 51 66 -1 6 22 29 31 -1 28 42 50 68 -1 -2
47 49 68 89 -1 26 59 74 84 -1 24 79 91 94 -1 18 50 84 100 -1 8 11 19 45 -1 -2
7 60 63 88 -1 25 41 57 66 -1 16 60 64 67 -1 4 38 96 99 -1 4 17 59 75 -1 11 57 85 99 -1 20 49 88 95 -1 11 52 59 76 -1 -2
1 24 38 55 -1 27 36 89 100 -1 6 56 81 94 -1 7 18 22 43 -1 13 59 60 96 -1 33 37 51 98 -1 65 67 83 93 -1 19 69 72 90 -1 70 80 83 91 -1 -2
15 45 65 83 -1 32 61 77 92 -1 34 43 72 78 -1 26 55 58 82 -1 4 37 74 81 -1 2 33 67 90 -1 2 22 33 37 -1 12 20 31 78 -1 -2
13 28 34 64 -1 -2
19 88 95 99 -1 7 25 54 74 -1 33 55 66 85 -1 30 44 48 77 -1 37 71 89 100 -1 72 82 86 90 -1 18 43 54 79 -1 -2
11 13 23 42 -1 -2
2 50 55 86 -1 13 36 65 88 -1 -2
6 31 71 89 -1 9 15 70 80 -1 -2
12 28 95 98 -1 37 38 50 66 -1 48 68 80 87 -1 58 81 86 91 -1 29 34 49 90 -1 28 35 43 44 -1 -2
37 54 66 68 -1 -2
13 15 35 55 -1 2 14 38 62 -1 8 11 25 40 -1 1 58 67 79 -1 69 78 81 93 -1 6 7 8 69 -1 18 23 75 89 -1 15 34 50 87 -1 -2
8 10 34 97 -1 37 68 82 100 -1 9 28 74 77 -1 15 32 53 55 -1 53 57 82 99 -1 2 42 63 79 -1 17 19 75 84 -1 23 35 61 90 -1 -2
7 37 51 70 -1 46 57 58 88 -1 11 22 63 89 -1 37 55 68 78 -1 66 89 91 92 -1 21 53 66 87 -1 4 16 46 93 -1 11 25 49 65 -1 15 29 35 55 -1 -2
40 47 77 86 -1 7 30 46 56 -1 7 26 72 95 -1 1 5 82 95 -1 21 57 76 91 -1 -2
8 19 30 93 -1 6 47 58 94 -1 25 33 45 74 -1 37 52 81 94 -1 12 27 34 58 -1 -2
9 13 42 90 -1 17 33 58 84 -1 33 49 87 99 -1 30 67 89 92 -1 22 31 46 49 -1 1 5 16 96 -1 -2
36 60 66 78 -1 32 54 58 77 -1 59 68 74 91 -1 8 15 76 80 -1 19 51 63 67 -1 18 64 83 84 -1 42 47 82 91 -1 -2
3 36 81 83 -1 39 49 75 99 -1 4 81 91 95 -1 28 37 70 85 -1 -2
19 39 68 86 -1 29 59 71 85 -1 26 42 43 99 -1 -2
1 12 16 94 -1 5 27 51 63 -1 17 48 61 79 -1 26 38 80 91 -1 8 21 50 86 -1 19 45 70 91 -1 16 42 49 57 -1 40 74 83 87 -1 -2
19 53 69 75 -1 19 24 78 90 -1 5 14 90 92 -1 71 79 83 90 -1 7 42 71 96 -1 57 65 86 98 -1 -2
35 86 95 96 -1 17 38 59 72 -1 32 43 45 70 -1 -2
43 64 85 92 -1 14 42 59 65 -1 9 36 53 76 -1 6 9 27 40 -1 21 44 59 75 -1 22 30 40 50 -1 -2
33 45 73 93 -1 1 9 29 64 -1 17 57 74 97 -1 30 66 84 86 -1 23 26 44 85 -1 -2
14 35 40 99 -1 26 38 46 62 -1 43 66 87 91 -1 21 25 70 75 -1 17 26 52 93 -1 1 6 64 82 -1 47 60 87 98 -1 -2
39 85 94 99 -1 7 10 42 86 -1 17 18 31 54 -1 19 42 51 97 -1 17 35 62 69 -1 44 49 63 91 -1 2 25 40 50 -1 -2
42 43 47 51 -1 -2
13 52 72 76 -1 61 62 92 97 -1 50 56 82 99 -1 37 47 71 93 -1 22 59 60 96 -1 1 34 36 71 -1 3 59 81 89 -1 -2
15 28 68 74 -1 25 41 85 92 -1 24 40 71 78 -1 7 34 44 76 -1 -2
29 48 53 91 -1 7 42 83 98 -1 -2
18 50 52 84 -1 15 53 70 94 -1 12 20 58 84 -1 3 42 88 100 -1 37 41 47 48 -1 9 17 86 94 -1 3 40 70 93 -1 25 32 37 64 -1 28 77 83 86 -1 -2
17 59 75 98 -1 -2
48 49 65 71 -1 2 45 58 75 -1 21 67 82 89 -1 2 18 79 81 -1 39 41 54 73 -1 15 27 48 78 -1 29 44 76 97 -1 -2
51 54 90 93 -1 23 60 64 77 -1 47 58 79 87 -1 44 52 85 99 -1 3 18 40 93 -1 7 18 62 76 -1 18 21 22 77 -1 31 53 63 86 -1 4 18 22 74 -1 -2
22 31 62 64 -1 7 14 43 86 -1 35 67 89 92 -1 1 46 58 77 -1 17 18 32 54 -1 59 75 88 97 -1 10 70 85 96 -1 5 9 64 89 -1 34 60 61 81 -1 9 11 31 98 -1 -2
35 46 63 96 -1 2 27 36 78 -1 21 41 64 88 -1 11 21 55 91 -1 28 33 43 49 -1 49 55 81 98 -1 24 45 78 86 -1 15 22 24 49 -1 3 6 17 40 -1 -2
58 79 95 96 -1 52 55 81 93 -1 64 87 90 97 -1 5 9 25 29 -1 13 39 54 90 -1 17 36 46 72 -1 4 13 20 38 -1 -2
68 72 76 91 -1 32 63 84 98 -1 18 35 57 81 -1 31 69 70 81 -1 -2
52 65 82 96 -1 7 17 29 90 -1 51 52 98 100 -1 46 58 61 79 -1 2 48 82 91 -1 41 55 78 99 -1 -2
37 43 85 97 -1 34 44 87 98 -1 8 68 78 83 -1 1 70 82 100 -1 49 57 60 70 -1 29 38 63 94 -1 38 45 47 81 -1 24 29 48 81 -1 15 28 80 92 -1 -2
5 13 33 72 -1 -2
24 25 30 44 -1 4 11 60 67 -1 14 18 56 78 -1 5 7 10 87 -1 42 69 92 100 -1 -2
4 16 63 87 -1 17 30 37 53 -1 4 64 95 96 -1 33 35 51 61 -1 32 37 44 67 -1 -2
1 5 32 52 -1 35 36 45 68 -1 1 5 9 16 -1 9 58 61 96 -1 1 83 85 99 -1 -2
34 76 90 93 -1 14 31 32 99 -1 33 88 92 97 -1 22 30 47 91 -1 50 60 75 94 -1 -2
1 41 97 100 -1 35 51 55 92 -1 -2
16 32 44 98 -1 31 39 42 49 -1 4 27 30 65 -1 13 67 94 96 -1 14 25 91 100 -1 9 37 90 92 -1 57 65 75 88 -1 9 44 83 85 -1 56 65 68 100 -1 -2
44 66 74 78 -1 2 45 77 95 -1 26 39 86 96 -1 47 72 90 95 -1 20 24 51 62 -1 39 52 76 94 -1 -2
9 17 39 70 -1 10 25 88 98 -1 -2
1 37 72 81 -1 17 24 43 85 -1 5 59 73 76 -1 19 25 37 78 -1 18 31 78 86 -1 39 63 78 97 -1 44 48 84 87 -1 -2
74 83 94 99 -1 57 68 85 96 -1 4 53 63 69 -1 -2
2 10 58 82 -1 51 81 83 97 -1 30 35 48 65 -1 -2
8 57 81 86 -1 19 54 70 74 -1 6 16 57 67 -1 4 64 78 93 -1 9 58 60 96 -1 15 55 61 98 -1 -2
31 51 64 66 -1 22 36 98 100 -1 23 34 47 83 -1 20 30 35 89 -1 60 69 74 86 -1 17 36 77 80 -1 11 39 76 96 -1 22 26 42 69 -1 42 68 71 83 -1 23 46 81 82 -1 -2
30 59 74 77 -1 69 74 81 96 -1 52 73 96 97 -1 9 12 41 73 -1 21 39 53 73 -1 -2
61 72 78 85 -1 -2
27 34 72 99 -1 82 84 87 91 -1 26 52 55 66 -1 68 69 76 80 -1 64 72 81 91 -1 22 49 58 96 -1 50 58 68 79 -1 23 35 47 70 -1 34 39 76 98 -1 -2
12 13 77 98 -1 5 17 29 48 -1 9 84 85 96 -1 4 33 40 100 -1 7 9 37 93 -1 21 24 26 52 -1 9 32 37 38 -1 28 48 92 97 -1 10 16 41 87 -1 37 46 69 88 -1 -2
10 28 52 85 -1 39 46 55 96 -1 7 17 41 60 -1 18 34 38 86 -1 1 42 58 59 -1 -2
19 23 34 82 -1 55 77 88 92 -1 11 28 53 62 -1 14 32 73 82 -1 5 53 58 79 -1 28 40 86 88 -1 20 42 81 92 -1 19 39 72 73 -1 22 29 90 94 -1 -2
10 34 65 93 -1 57 66 70 89 -1 6 62 67 84 -1 16 28 53 71 -1 8 13 32 90 -1 -2
14 47 68 82 -1 10 16 20 54 -1 29 45 50 100 -1 9 27 62 93 -1 10 55 90 96 -1 15 27 80 83 -1 16 30 43 62 -1 21 31 69 79 -1 42 78 84 97 -1 31 43 76 92 -1 -2
21 37 43 73 -1 13 49 52 83 -1 4 48 60 80 -1 6 38 45 51 -1 47 52 73 91 -1 -2
40 65 67 88 -1 35 39 51 70 -1 19 53 58 90 -1 45 55 79 99 -1 23 66 67 76 -1 27 74 98 99 -1 7 9 27 60 -1 5 6 75 91 -1 -2
25 67 91 93 -1 -2
2 23 33 41 -1 22 28 65 98 -1 15 26 96 99 -1 40 75 78 86 -1 48 66 68 97 -1 37 40 58 77 -1 12 34 54 69 -1 11 51 67 89 -1 7 9 38 44 -1 35 76 86 94 -1 -2
33 57 58 66 -1 1 43 50 65 -1 29 38 62 100 -1 3 20 70 71 -1 20 45 56 78 -1 29 39 63 79 -1 14 31 64 66 -1 8 49 59 61 -1 46 53 64 89 -1 8 67 85 91 -1 -2
5 14 57 60 -1 12 20 57 64 -1 26 41 62 73 -1 40 56 68 79 -1 21 52 68 88 -1 11 34 46 71 -1 39 53 62 77 -1 -2
20 69 70 79 -1 1 50 69 98 -1 30 61 85 94 -1 13 18 41 76 -1 25 43 81 83 -1 24 29 40 88 -1 1 30 59 76 -1 38 54 72 90 -1 38 84 86 93 -1 9 33 36 71 -1 -2
45 47 68 86 -1 2 15 67 69 -1 4 20 28 31 -1 9 11 65 70 -1 4 36 69 87 -1 46 69 72 95 -1 14 70 90 91 -1 5 11 28 59 -1 6 50 61 96 -1 -2
21 29 34 65 -1 61 63 67 94 -1 40 43 63 79 -1 47 82 85 89 -1 5 38 48 66 -1 15 23 47 83 -1 13 27 81 98 -1 19 26 56 75 -1 15 40 61 87 -1 38 44 54 58 -1 -2
42 43 54 57 -1 1 18 25 59 -1 21 27 38 72 -1 19 58 62 100 -1 -2
52 60 83 98 -1 31 51 79 90 -1 3 4 19 57 -1 46 71 75 87 -1 38 55 60 92 -1 -2
7 44 57 75 -1 9 47 54 84 -1 73 80 89 92 -1 15 22 44 54 -1 1 17 27 47 -1 33 36 59 81 -1 23 25 59 84 -1 4 41 59 90 -1 -2
30 43 46 86 -1 12 15 63 100 -1 28 43 86 93 -1 34 54 59 83 -1 4 22 55 97 -1 15 32 75 96 -1 23 36 53 95 -1 -2
39 68 77 97 -1 42 45 84 91 -1 4 52 56 70 -1 -2
4 47 60 87 -1 16 27 67 88 -1 20 36 88 91 -1 3 27 41 56 -1 9 65 72 87 -1 8 20 34 44 -1 2 4 8 10 -1 30 37 71 84 -1 12 15 88 91 -1 -2
3 60 62 74 -1 38 52 61 83 -1 43 68 79 92 -1 7 13 24 91 -1 1 58 61 81 -1 -2
13 40 47 96 -1 29 93 96 100 -1 -2
74 81 85 86 -1 41 44 62 72 -1 20 23 48 74 -1 30 45 46 73 -1 15 21 85 88 -1 34 48 64 99 -1 29 33 39 89 -1 -2
58 78 84 95 -1 12 13 64 80 -1 -2
26 34 36 63 -1 -2
11 54 85 86 -1 48 64 82 86 -1 20 44 79 97 -1 10 50 54 78 -1 23 53 56 92 -1 39 40 63 74 -1 11 49 80 95 -1 43 58 77 87 -1 9 31 91 96 -1 -2
27 33 80 99 -1 6 14 21 62 -1 57 75 82 94 -1 4 23 26 29 -1 14 39 55 89 -1 9 21 31 49 -1 23 54 70 87 -1 15 20 47 67 -1 28 46 62 85 -1 52 58 65 84 -1 -2
5 47 80 98 -1 25 33 53 64 -1 23 42 49 52 -1 6 13 40 91 -1 10 52 77 94 -1 41 63 90 95 -1 53 59 64 96 -1 1 42 57 87 -1 -2
28 36 58 67 -1 3 29 80 92 -1 17 65 70 87 -1 4 24 67 77 -1 25 27 39 69 -1 21 63 87 96 -1 46 51 53 58 -1 29 37 51 92 -1 22 30 66 94 -1 14 53 80 89 -1 -2
21 46 51 59 -1 40 63 83 89 -1 45 52 79 90 -1 3 13 27 69 -1 5 47 48 96 -1 6 60 68 87 -1 22 28 72 79 -1 42 46 74 100 -1 9 29 36 57 -1 1 23 39 56 -1 -2
33 74 78 80 -1 23 53 57 79 -1 34 59 87 96 -1 26 48 66 99 -1 14 27 48 63 -1 3 25 60 90 -1 8 13 18 35 -1 17 64 70 82 -1 -2
11 15 66 73 -1 21 53 93 94 -1 1 15 20 68 -1 27 31 39 72 -1 3 11 86 90 -1 9 68 90 97 -1 31 46 52 84 -1 1 46 86 87 -1 -2
1 21 43 62 -1 -2
40 54 72 87 -1 3 55 57 86 -1 43 77 88 91 -1 46 64 76 97 -1 29 80 92 97 -1 -2
37 65 73 100 -1 13 32 64 67 -1 33 51 82 98 -1 14 31 79 100 -1 19 31 34 84 -1 29 47 79 90 -1 -2
8 11 73 78 -1 5 35 68 71 -1 41 66 81 85 -1 -2
65 90 93 96 -1 40 43 53 87 -1 20 74 82 96 -1 69 76 88 94 -1 3 36 39 87 -1 -2
5 51 56 93 -1 32 56 76 96 -1 31 87 98 100 -1 15 81 93 97 -1 5 35 49 81 -1 2 31 65 68 -1 49 62 78 81 -1 2 3 10 77 -1 -2
52 60 81 99 -1 15 29 36 85 -1 41 55 78 96 -1 5 30 78 88 -1 82 86 87 89 -1 30 32 51 82 -1 29 32 61 64 -1 18 49 52 62 -1 13 58 61 64 -1 -2
34 36 47 74 -1 8 28 48 90 -1 32 61 81 99 -1 19 52 87 88 -1 -2
33 46 93 94 -1 3 30 80 97 -1 10 63 69 78 -1 4 34 67 92 -1 3 49 56 70 -1 -2
51 56 70 87 -1 -2
31 52 63 96 -1 -2
38 74 90 95 -1 4 7 11 63 -1 10 13 76 82 -1 4 24 38 96 -1 1 18 26 85 -1 5 14 26 57 -1 9 49 56 80 -1 -2
20 24 81 86 -1 14 17 69 98 -1 35 45 46 94 -1 13 73 80 98 -1 2 16 20 97 -1 -2
28 51 69 96 -1 53 60 71 72 -1 38 43 63 83 -1 -2
29 33 42 54 -1 -2
7 57 91 100 -1 56 62 71 74 -1 -2
1 5 19 41 -1 2 8 9 24 -1 5 52 68 92 -1 26 75 99 100 -1 16 54 74 82 -1 16 60 63 80 -1 45 47 54 92 -1 24 34 67 99 -1 -2
52 87 92 96 -1 17 46 51 89 -1 31 72 87 91 -1 52 57 68 96 -1 26 45 48 50 -1 72 77 84 94 -1 39 50 53 89 -1 23 26 34 99 -1 35 62 65 95 -1 -2
60 66 73 89 -1 29 37 42 93 -1 67 70 76 80 -1 14 36 75 94 -1 2 21 65 83 -1 9 12 20 65 -1 25 33 62 84 -1 -2
29 40 72 89 -1 1 23 40 84 -1 1 20 75 95 -1 -2
20 22 64 100 -1 18 34 47 55 -1 38 41 64 95 -1 7 12 22 53 -1 52 63 66 73 -1 32 41 48 61 -1 35 68 70 94 -1 13 23 67 86 -1 -2
28 38 64 90 -1 2 5 6 62 -1 2 10 46 71 -1 52 54 67 78 -1 31 63 82 99 -1 15 26 50 77 -1 -2
12 40 67 89 -1 9 28 64 97 -1 9 18 41 59 -1 8 16 38 95 -1 1 2 9 57 -1 5 61 91 93 -1 29 31 37 91 -1 -2
11 26 64 82 -1 -2
13 38 47 52 -1 27 30 36 47 -1 2 57 79 87 -1 16 33 48 91 -1 5 35 52 88 -1 2 14 46 100 -1 11 41 75 92 -1 -2
2 10 24 49 -1 40 47 61 93 -1 11 16 52 59 -1 15 35 43 86 -1 12 13 79 96 -1 32 52 65 74 -1 1 5 46 73 -1 4 6 70 96 -1 25 60 67 79 -1 -2
22 38 50 93 -1 -2
39 54 58 60 -1 6 40 77 92 -1 15 32 48 91 -1 13 63 65 98 -1 -2
46 69 91 98 -1 15 32 41 69 -1 6 20 73 74 -1 23 25 31 92 -1 4 8 45 67 -1 38 46 52 94 -1 2 25 57 86 -1 3 21 39 96 -1 9 23 37 94 -1 -2
43 46 57 77 -1 18 40 88 90 -1 4 33 40 54 -1 25 29 43 66 -1 5 29 39 67 -1 4 26 55 70 -1 5 17 49 81 -1 12 19 73 79 -1 51 71 74 93 -1 -2
3 65 77 99 -1 9 36 45 56 -1 20 36 82 96 -1 45 53 67 82 -1 -2
1 72 80 97 -1 14 26 30 97 -1 20 23 45 63 -1 -2
25 29 51 96 -1 28 40 50 74 -1 25 48 67 95 -1 25 55 70 88 -1 26 50 54 70 -1 52 61 66 98 -1 23 30 38 62 -1 6 9 12 76 -1 -2
7 67 73 83 -1 14 31 49 72 -1 51 57 84 94 -1 3 10 65 72 -1 3 39 54 61 -1 14 33 40 87 -1 -2
35 64 73 74 -1 71 83 93 99 -1 22 39 53 100 -1 23 60 66 92 -1 5 13 34 40 -1 -2
25 31 54 91 -1 7 45 48 81 -1 13 20 90 99 -1 2 38 73 78 -1 13 14 30 97 -1 35 42 45 93 -1 -2
6 22 65 82 -1 1 52 56 95 -1 2 14 45 48 -1 14 73 80 99 -1 3 15 38 94 -1 -2
39 85 98 99 -1 1 17 75 92 -1 45 64 73 95 -1 10 21 89 90 -1 13 20 58 69 -1 9 13 45 95 -1 -2
33 68 69 86 -1 15 43 51 93 -1 32 39 57 60 -1 34 45 56 89 -1 17 34 41 74 -1 -2
3 5 22 62 -1 5 50 57 95 -1 9 10 40 54 -1 47 51 66 71 -1 46 51 83 86 -1 2 16 33 37 -1 24 58 76 95 -1 18 32 73 97 -1 5 6 53 59 -1 12 43 54 97 -1 -2
50 78 80 96 -1 62 80 89 100 -1 4 8 21 52 -1 8 16 51 99 -1 20 87 90 91 -1 15 17 28 58 -1 42 68 79 84 -1 27 41 66 78 -1 4 5 41 85 -1 5 49 59 93 -1 -2
6 29 33 76 -1 13 19 69 84 -1 30 36 71 95 -1 15 29 57 82 -1 48 54 56 67 -1 7 15 21 98 -1 13 39 68 84 -1 -2
34 37 84 99 -1 21 64 82 95 -1 3 53 59 99 -1 4 10 68 79 -1 29 53 63 94 -1 13 29 57 76 -1 27 53 57 99 -1 10 21 34 36 -1 18 20 32 100 -1 4 70 73 89 -1 -2
13 50 73 86 -1 37 45 46 65 -1 -2
3 23 29 90 -1 43 47 89 95 -1 -2
24 49 66 95 -1 24 35 40 60 -1 16 62 77 87 -1 12 51 69 71 -1 61 62 83 89 -1 33 42 46 85 -1 6 12 17 66 -1 -2
3 28 37 78 -1 9 58 68 73 -1 18 47 61 85 -1 63 74 88 93 -1 29 41 56 89 -1 13 25 33 42 -1 -2
35 52 74 91 -1 19 22 31 98 -1 8 23 43 67 -1 8 9 34 35 -1 31 39 69 82 -1 2 15 31 90 -1 50 55 70 72 -1 -2
14 17 96 100 -1 19 37 38 57 -1 21 45 62 75 -1 45 72 73 95 -1 3 24 85 92 -1 3 7 57 72 -1 -2
46 52 68 77 -1 18 26 60 70 -1 1 4 51 76 -1 17 43 75 86 -1 29 69 70 85 -1 25 60 74 97 -1 32 38 64 68 -1 21 48 80 89 -1 -2
1 12 59 85 -1 9 36 50 59 -1 8 12 62 89 -1 8 13 20 57 -1 6 31 32 36 -1 61 76 83 92 -1 19 22 25 36 -1 13 29 35 46 -1 -2
1 7 18 44 -1 -2
17 37 38 59 -1 23 42 57 71 -1 7 21 25 35 -1 5 14 63 78 -1 29 68 71 76 -1 9 72 74 89 -1 6 20 54 83 -1 -2
8 47 62 69 -1 3 22 87 96 -1 26 42 73 86 -1 4 14 31 53 -1 44 45 74 90 -1 2 59 64 71 -1 40 52 80 94 -1 -2
24 30 51 55 -1 6 92 95 96 -1 1 33 38 50 -1 3 37 38 68 -1 -2
61 74 75 90 -1 2 20 61 67 -1 16 49 73 99 -1 4 31 57 72 -1 12 21 34 89 -1 1 2 28 90 -1 43 46 62 84 -1 -2
41 51 78 79 -1 19 47 49 96 -1 30 60 64 89 -1 -2
27 33 70 86 -1 33 34 55 87 -1 21 22 65 80 -1 -2
14 37 42 90 -1 8 28 50 73 -1 12 15 18 99 -1 58 77 89 99 -1 29 41 56 83 -1 18 58 64 82 -1 2 27 71 97 -1 59 64 74 81 -1 -2
1 9 17 67 -1 8 14 68 71 -1 17 62 67 94 -1 15 17 23 24 -1 46 79 80 94 -1 6 24 37 70 -1 29 62 70 86 -1 28 68 74 99 -1 21 25 41 64 -1 13 80 92 95 -1 -2
16 83 92 94 -1 24 55 69 87 -1 19 65 88 98 -1 18 24 34 50 -1 4 37 39 70 -1 15 27 41 63 -1 -2
7 12 20 29 -1 42 44 47 69 -1 12 14 24 41 -1 49 79 88 96 -1 3 59 95 97 -1 49 71 74 86 -1 2 23 35 65 -1 -2
17 37 38 51 -1 17 45 81 87 -1 7 48 50 54 -1 8 19 60 64 -1 4 22 64 65 -1 47 50 51 88 -1 43 52 53 100 -1 28 50 69 70 -1 14 20 30 67 -1 -2
23 41 83 97 -1 3 33 43 81 -1 4 45 82 94 -1 18 45 50 67 -1 4 23 47 53 -1 57 58 63 74 -1 -2
11 31 35 41 -1 10 60 65 69 -1 8 67 71 81 -1 -2
40 50 61 63 -1 36 68 82 92 -1 31 54 59 95 -1 4 27 56 60 -1 -2
16 22 68 76 -1 31 35 44 61 -1 33 50 70 89 -1 2 13 76 97 -1 15 20 23 48 -1 23 66 89 93 -1 1 22 59 64 -1 -2
2 10 40 99 -1 -2
1 15 18 36 -1 6 66 89 99 -1 1 5 57 95 -1 9 36 60 83 -1 1 31 45 56 -1 2 7 32 53 -1 34 37 54 55 -1 -2
45 46 96 99 -1 1 38 62 76 -1 7 9 70 71 -1 5 76 81 83 -1 5 56 91 96 -1 43 66 80 91 -1 -2
20 43 48 59 -1 34 41 46 78 -1 44 65 78 99 -1 2 22 49 53 -1 20 24 65 74 -1 21 36 53 63 -1 -2
12 31 79 97 -1 45 81 84 93 -1 5 23 31 75 -1 2 16 28 70 -1 54 65 92 97 -1 13 19 21 83 -1 27 47 85 92 -1 5 73 77 93 -1 48 59 73 84 -1 12 17 21 87 -1 -2
27 61 69 85 -1 40 79 93 98 -1 40 50 88 94 -1 23 46 84 97 -1 2 9 41 56 -1 10 38 51 98 -1 38 41 90 93 -1 1 34 39 85 -1 -2
13 19 55 74 -1 54 60 88 93 -1 7 14 23 38 -1 33 53 55 66 -1 32 38 74 89 -1 43 50 55 97 -1 14 19 85 99 -1 20 37 91 94 -1 4 49 78 80 -1 -2
41 46 60 72 -1 2 23 34 99 -1 20 45 46 50 -1 6 7 18 81 -1 61 67 75 99 -1 -2
19 40 69 86 -1 -2
39 73 94 100 -1 78 88 90 92 -1 3 14 21 85 -1 6 19 25 51 -1 27 50 92 100 -1 8 26 33 45 -1 17 46 66 68 -1 56 72 73 78 -1 -2
16 22 28 40 -1 46 57 82 87 -1 19 21 43 83 -1 12 29 34 99 -1 31 56 73 86 -1 2 3 20 38 -1 11 38 64 100 -1 27 73 85 99 -1 -2
27 57 62 94 -1 32 34 54 74 -1 44 63 64 87 -1 21 37 73 85 -1 49 51 55 85 -1 18 51 62 82 -1 4 6 17 93 -1 13 45 61 80 -1 16 19 66 85 -1 -2
3 24 37 44 -1 53 72 75 97 -1 16 21 27 94 -1 25 43 63 64 -1 13 16 23 89 -1 9 19 21 81 -1 54 82 88 98 -1 33 75 76 88 -1 -2
5 16 57 99 -1 6 25 64 95 -1 15 42 68 70 -1 3 22 57 59 -1 18 25 39 79 -1 2 19 56 88 -1 16 20 28 42 -1 -2
11 61 79 84 -1 5 53 79 89 -1 40 49 61 68 -1 -2
47 85 93 96 -1 12 13 35 52 -1 43 55 69 75 -1 10 26 69 71 -1 -2
10 31 77 94 -1 65 79 81 87 -1 10 14 61 70 -1 23 27 60 95 -1 14 24 35 81 -1 13 19 47 65 -1 19 74 79 84 -1 5 30 32 39 -1 -2
49 55 82 84 -1 11 32 39 77 -1 3 43 72 91 -1 21 40 75 100 -1 29 55 70 93 -1 -2
56 67 89 91 -1 37 40 50 91 -1 22 30 75 77 -1 4 7 83 92 -1 45 48 59 64 -1 -2
8 16 86 98 -1 18 54 61 83 -1 12 86 91 94 -1 29 58 63 93 -1 35 42 53 94 -1 -2
26 57 59 100 -1 38 62 71 95 -1 9 14 39 68 -1 39 53 54 60 -1 31 42 76 99 -1 41 50 57 65 -1 45 49 85 93 -1 -2
2 3 91 92 -1 39 48 59 89 -1 26 31 37 61 -1 28 39 45 96 -1 -2
3 31 48 74 -1 1 27 54 99 -1 35 41 44 80 -1 5 48 50 75 -1 33 66 75 99 -1 25 61 69 87 -1 49 56 58 97 -1 39 48 91 100 -1 19 77 81 98 -1 -2
2 83 89 98 -1 14 34 56 85 -1 12 45 49 82 -1 25 35 48 66 -1 -2
17 54 66 72 -1 22 45 47 93 -1 14 52 79 80 -1 11 38 52 86 -1 -2
2 12 45 60 -1 3 5 26 31 -1 -2
3 17 37 59 -1 30 37 51 86 -1 -2
9 14 37 66 -1 32 47 83 86 -1 9 13 45 50 -1 33 80 83 92 -1 20 25 79 89 -1 14 42 48 80 -1 25 28 88 92 -1 33 36 55 91 -1 4 44 62 93 -1 6 16 24 42 -1 -2
11 30 58 77 -1 6 21 48 68 -1 4 28 68 72 -1 -2
10 64 85 97 -1 21 44 49 60 -1 34 68 76 88 -1 29 69 72 95 -1 16 40 56 93 -1 43 53 62 89 -1 40 58 73 100 -1 33 52 54 80 -1 13 30 37 65 -1 28 53 85 92 -1 -2
12 55 88 92 -1 51 84 92 100 -1 12 70 92 99 -1 9 12 76 89 -1 21 66 86 87 -1 21 45 95 98 -1 -2
5 53 74 95 -1 3 10 26 36 -1 17 20 61 83 -1 23 33 81 97 -1 10 56 68 74 -1 15 49 91 92 -1 48 54 70 99 -1 26 57 61 83 -1 26 30 48 83 -1 9 22 59 63 -1 -2
63 81 96 98 -1 21 26 41 55 -1 29 51 77 95 -1 9 40 81 99 -1 15 39 50 59 -1 12 74 75 87 -1 9 23 35 57 -1 -2
51 53 57 94 -1 37 60 71 92 -1 22 65 86 90 -1 -2
33 35 43 93 -1 28 39 80 91 -1 4 26 51 56 -1 6 79 82 95 -1 4 13 46 91 -1 7 12 47 64 -1 47 52 55 90 -1 -2
11 12 17 57 -1 2 33 40 55 -1 14 17 33 43 -1 21 39 56 59 -1 51 53 75 93 -1 25 57 58 68 -1 -2
12 33 55 90 -1 2 12 32 83 -1 17 26 32 34 -1 32 56 72 80 -1 -2
14 25 31 89 -1 11 19 36 81 -1 58 73 82 86 -1 -2
7 8 53 90 -1 27 45 77 93 -1 10 42 77 87 -1 8 11 80 92 -1 49 57 62 94 -1 33 79 87 89 -1 30 65 70 79 -1 -2
35 48 71 75 -1 2 10 69 92 -1 20 22 32 46 -1 1 12 68 81 -1 19 27 30 42 -1 44 49 82 92 -1 8 54 75 82 -1 13 17 36 84 -1 -2
19 40 58 78 -1 1 6 42 95 -1 21 29 31 67 -1 23 75 86 91 -1 3 26 32 43 -1 5 10 14 72 -1 -2
2 41 57 63 -1 12 38 40 64 -1 28 72 73 94 -1 1 17 20 59 -1 3 20 24 31 -1 48 52 72 80 -1 -2
5 20 31 99 -1 34 63 75 93 -1 -2
18 59 62 92 -1 14 28 47 60 -1 10 49 77 90 -1 37 43 64 77 -1 32 34 73 82 -1 6 23 30 92 -1 11 23 31 78 -1 45 62 65 96 -1 33 34 53 64 -1 5 13 38 62 -1 -2
32 47 62 81 -1 51 56 82 94 -1 39 43 56 84 -1 30 58 71 91 -1 21 28 43 100 -1 -2
58 60 86 89 -1 20 29 67 92 -1 11 30 72 100 -1 8 26 45 48 -1 4 23 37 39 -1 -2
4 32 46 84 -1 12 42 67 80 -1 24 63 69 100 -1 1 13 16 35 -1 3 30 49 80 -1 -2
12 13 38 99 -1 21 36 45 57 -1 29 62 84 85 -1 1 37 49 66 -1 22 73 76 85 -1 24 35 74 84 -1 20 25 31 83 -1 27 43 75 90 -1 7 37 82 88 -1 -2
16 18 87 95 -1 -2
7 28 88 95 -1 39 41 80 94 -1 27 71 85 95 -1 -2
14 76 79 81 -1 15 39 46 63 -1 61 85 90 91 -1 3 43 50 80 -1 -2
53 75 89 97 -1 5 26 30 84 -1 41 63 80 85 -1 54 55 85 91 -1 26 69 79 90 -1 20 55 61 87 -1 13 56 81 94 -1 -2
37 38 91 99 -1 39 50 86 88 -1 15 32 49 59 -1 2 3 16 25 -1 13 21 50 64 -1 16 18 24 48 -1 7 20 77 90 -1 33 55 77 89 -1 2 23 35 61 -1 9 18 51 58 -1 -2
6 38 50 66 -1 -2
1 14 66 85 -1 7 30 65 98 -1 -2
16 42 56 88 -1 -2
21 51 53 96 -1 19 30 35 43 -1 8 35 51 93 -1 20 21 85 92 -1 -2
6 16 56 64 -1 20 73 80 92 -1 -2
12 31 55 84 -1 34 36 68 76 -1 18 69 97 98 -1 13 41 90 98 -1 -2
16 31 75 100 -1 1 38 44 88 -1 37 46 79 95 -1 12 26 42 43 -1 -2
6 9 44 70 -1 30 46 51 63 -1 8 11 19 80 -1 36 38 42 96 -1 10 30 38 61 -1 1 69 81 91 -1 38 47 51 81 -1 -2
17 51 81 100 -1 14 41 75 79 -1 -2
34 36 77 99 -1 4 23 28 51 -1 15 36 62 86 -1 -2
24 25 59 92 -1 -2
36 61 75 76 -1 13 25 64 66 -1 9 37 67 80 -1 12 54 83 86 -1 70 77 83 98 -1 11 42 59 70 -1 23 36 51 97 -1 8 24 83 96 -1 25 29 52 100 -1 12 17 55 98 -1 -2
4 13 30 61 -1 33 60 83 88 -1 3 61 71 91 -1 13 48 60 62 -1 -2
11 18 24 33 -1 12 53 70 80 -1 9 43 66 85 -1 13 17 40 46 -1 2 24 31 78 -1 -2
7 14 25 69 -1 2 34 61 92 -1 5 37 63 76 -1 12 57 64 99 -1 1 30 79 97 -1 18 21 70 86 -1 11 21 24 94 -1 37 66 85 100 -1 87 92 93 98 -1 11 69 81 85 -1 -2
27 32 72 78 -1 17 44 62 100 -1 -2
5 30 78 95 -1 30 38 76 98 -1 16 32 76 82 -1 60 61 94 97 -1 12 28 36 85 -1 14 34 59 92 -1 11 56 66 90 -1 2 4 46 86 -1 -2
22 33 61 68 -1 20 58 86 96 -1 9 67 72 86 -1 39 50 74 94 -1 22 26 47 84 -1 25 34 39 57 -1 3 29 42 65 -1 71 83 94 99 -1 -2
25 48 72 74 -1 37 42 67 90 -1 25 36 45 70 -1 33 42 52 92 -1 12 14 15 42 -1 15 23 24 96 -1 26 57 75 85 -1 7 36 44 77 -1 1 36 83 98 -1 25 29 92 97 -1 -2
8 79 95 97 -1 15 32 43 99 -1 32 49 61 85 -1 2 52 68 82 -1 12 76 84 96 -1 1 13 34 51 -1 7 24 65 72 -1 5 10 80 83 -1 12 72 73 82 -1 78 88 91 93 -1 -2
14 15 23 60 -1 -2
19 26 44 60 -1 10 24 41 50 -1 12 63 76 97 -1 -2
16 53 57 95 -1 30 62 87 91 -1 10 18 21 87 -1 4 47 78 93 -1 27 37 40 42 -1 46 82 85 89 -1 18 25 27 99 -1 3 18 50 98 -1 32 44 65 90 -1 18 23 86 96 -1 -2
4 11 53 64 -1 -2
3 18 23 91 -1 -2
18 25 53 93 -1 3 9 18 100 -1 33 61 91 92 -1 18 24 64 95 -1 -2
15 89 93 99 -1 27 31 32 37 -1 -2
23 54 64 77 -1 15 39 56 63 -1 24 50 57 99 -1 -2
12 15 29 59 -1 1 27 69 96 -1 -2
19 41 64 97 -1 15 27 63 76 -1 19 52 59 92 -1 58 60 61 78 -1 54 56 65 76 -1 39 53 63 84 -1 26 88 89 98 -1 63 93 94 98 -1 8 12 32 51 -1 -2
29 36 82 97 -1 2 36 71 94 -1 42 58 71 85 -1 7 20 25 64 -1 -2
35 61 80 99 -1 1 19 53 98 -1 7 12 47 53 -1 45 67 74 93 -1 40 80 85 86 -1 -2
46 64 89 91 -1 24 77 81 85 -1 7 43 58 93 -1 18 32 40 84 -1 5 29 70 73 -1 18 29 31 65 -1 -2
47 58 67 97 -1 5 27 39 47 -1 24 34 63 93 -1 30 39 44 47 -1 3 7 72 76 -1 19 51 73 87 -1 12 67 69 80 -1 10 29 43 69 -1 -2
6 12 39 48 -1 21 32 47 48 -1 55 60 71 85 -1 8 20 44 58 -1 -2
9 20 24 60 -1 32 33 66 92 -1 -2
6 44 48 56 -1 17 74 75 94 -1 25 53 89 99 -1 40 42 82 91 -1 14 17 38 60 -1 17 59 82 93 -1 22 23 33 78 -1 43 53 63 65 -1 -2
24 27 53 67 -1 20 52 56 85 -1 21 96 97 100 -1 36 78 98 100 -1 7 43 49 87 -1 -2
10 22 73 81 -1 59 60 87 99 -1 28 30 36 89 -1 39 66 82 96 -1 19 20 21 90 -1 70 82 90 94 -1 10 16 54 83 -1 -2
43 70 92 93 -1 39 48 80 85 -1 35 72 92 99 -1 22 34 47 85 -1 -2
48 58 75 90 -1 3 8 19 24 -1 4 5 36 63 -1 9 57 75 89 -1 5 16 30 49 -1 1 36 45 82 -1 18 37 49 67 -1 7 8 31 65 -1 15 38 40 96 -1 -2
12 18 81 82 -1 11 50 84 99 -1 19 33 65 80 -1 5 10 15 97 -1 3 24 68 74 -1 3 29 41 89 -1 24 25 71 77 -1 15 43 64 78 -1 17 38 48 99 -1 18 24 29 79 -1 -2
33 64 68 77 -1 9 25 68 75 -1 19 29 61 76 -1 15 18 43 91 -1 16 21 23 90 -1 -2
14 34 55 61 -1 9 40 48 96 -1 10 31 75 95 -1 -2
51 63 68 85 -1 36 43 55 72 -1 -2
6 34 39 51 -1 -2
1 7 47 52 -1 35 48 58 62 -1 -2
3 16 36 69 -1 13 43 48 74 -1 59 95 97 98 -1 3 41 45 50 -1 66 68 70 86 -1 16 49 80 83 -1 7 66 86 92 -1 15 37 48 55 -1 5 67 91 92 -1 -2
46 47 54 90 -1 7 8 57 77 -1 1 19 86 100 -1 1 35 46 49 -1 8 23 61 78 -1 13 26 56 94 -1 6 10 18 85 -1 45 54 79 96 -1 27 30 38 40 -1 -2
7 11 33 40 -1 8 51 68 74 -1 3 9 21 89 -1 21 33 47 56 -1 7 32 39 58 -1 -2
12 43 77 96 -1 24 71 93 99 -1 23 39 85 98 -1 31 32 42 100 -1 28 73 84 93 -1 6 68 71 75 -1 1 70 73 90 -1 41 54 67 81 -1 30 52 72 89 -1 25 32 35 50 -1 -2
6 30 91 96 -1 -2
14 32 33 55 -1 31 41 59 62 -1 2 18 44 62 -1 28 57 93 98 -1 16 32 48 77 -1 12 44 71 100 -1 22 55 82 98 -1 1 2 61 99 -1 27 67 72 78 -1 16 57 58 78 -1 -2
18 46 48 57 -1 17 59 84 85 -1 54 56 68 88 -1 17 38 85 94 -1 45 46 75 92 -1 5 36 41 46 -1 2 68 79 93 -1 25 32 68 91 -1 5 23 80 85 -1 -2
25 48 72 89 -1 49 50 77 95 -1 36 39 56 87 -1 -2
41 69 88 93 -1 10 13 78 96 -1 2 33 57 82 -1 30 35 94 100 -1 -2
45 85 95 98 -1 18 30 49 94 -1 43 58 82 90 -1 2 19 50 75 -1 -2
28 69 72 80 -1 6 33 80 97 -1 32 63 72 86 -1 8 30 42 56 -1 23 43 45 66 -1 9 41 50 98 -1 30 54 97 100 -1 25 35 41 58 -1 2 34 45 77 -1 -2
8 17 35 48 -1 39 84 94 99 -1 20 50 64 82 -1 17 21 36 96 -1 33 38 79 100 -1 2 23 31 55 -1 3 47 59 81 -1 53 58 68 84 -1 21 45 72 79 -1 26 33 63 74 -1 -2
16 28 34 86 -1 44 58 65 83 -1 4 19 43 65 -1 3 17 18 84 -1 18 47 67 71 -1 22 26 37 98 -1 8 53 90 95 -1 -2
79 84 86 87 -1 -2
30 39 42 63 -1 17 19 59 71 -1 45 62 70 77 -1 14 38 63 89 -1 22 43 44 96 -1 27 65 66 76 -1 6 20 24 86 -1 18 41 71 81 -1 -2
25 46 69 70 -1 29 56 77 95 -1 -2
1 15 22 33 -1 11 14 19 49 -1 5 7 74 96 -1 7 15 33 50 -1 23 40 57 61 -1 43 53 65 80 -1 -2
24 52 53 61 -1 2 12 41 72 -1 10 32 91 97 -1 14 16 19 75 -1 36 47 81 92 -1 35 90 93 96 -1 -2
1 37 59 100 -1 -2
7 34 37 59 -1 14 20 27 86 -1 17 43 77 92 -1 32 42 52 58 -1 5 11 13 53 -1 48 49 60 72 -1 -2
7 24 26 46 -1 4 64 82 85 -1 11 44 61 85 -1 9 42 72 79 -1 -2
45 69 83 90 -1 -2
7 22 56 84 -1 17 27 30 81 -1 1 2 8 80 -1 20 55 70 93 -1 18 23 32 62 -1 20 30 66 85 -1 19 44 66 93 -1 12 27 73 87 -1 -2
19 55 59 86 -1 13 34 37 42 -1 9 45 59 73 -1 7 17 87 100 -1 29 54 68 99 -1 -2
21 60 74 79 -1 38 39 48 49 -1 31 54 72 95 -1 5 51 63 94 -1 5 19 66 72 -1 31 43 71 92 -1 14 41 69 96 -1 47 57 64 83 -1 -2
28 75 86 89 -1 41 52 56 72 -1 42 51 97 98 -1 11 43 65 75 -1 23 45 90 91 -1 14 29 57 80 -1 63 69 78 90 -1 63 64 70 78 -1 -2
12 61 70 87 -1 6 15 22 52 -1 10 20 25 90 -1 50 65 72 81 -1 48 52 61 62 -1 2 28 84 100 -1 -2
12 50 78 88 -1 5 8 15 34 -1 9 34 47 66 -1 3 42 52 95 -1 36 57 67 88 -1 21 89 98 100 -1 39 40 42 88 -1 57 58 65 67 -1 -2
6 35 42 57 -1 19 25 55 57 -1 17 21 78 88 -1 -2
19 49 77 92 -1 65 86 90 91 -1 19 29 45 59 -1 3 40 85 99 -1 3 68 81 100 -1 1 48 54 79 -1 -2
53 90 91 96 -1 2 30 34 49 -1 9 56 76 79 -1 12 43 53 93 -1 32 33 52 68 -1 31 81 84 89 -1 39 57 65 87 -1 27 44 69 95 -1 12 63 91 96 -1 35 39 62 71 -1 -2
25 26 51 99 -1 16 24 45 94 -1 12 13 16 23 -1 4 87 89 98 -1 -2
25 27 49 72 -1 13 14 20 34 -1 16 53 63 77 -1 27 50 69 95 -1 35 63 67 84 -1 20 28 64 91 -1 1 11 34 58 -1 9 21 63 98 -1 8 33 71 78 -1 -2
22 24 57 95 -1 5 8 27 66 -1 3 75 80 91 -1 9 33 66 70 -1 -2
18 39 58 98 -1 31 39 44 97 -1 2 7 99 100 -1 46 74 76 89 -1 54 70 93 95 -1 15 69 75 100 -1 13 43 45 88 -1 7 14 24 63 -1 29 30 81 98 -1 15 62 71 92 -1 -2
15 29 59 90 -1 18 32 49 95 -1 13 24 53 65 -1 6 17 59 86 -1 37 50 86 88 -1 17 29 92 97 -1 8 31 61 93 -1 16 32 49 96 -1 -2
29 47 60 77 -1 38 41 87 89 -1 63 65 70 82 -1 34 41 49 89 -1 35 43 60 96 -1 2 53 62 83 -1 43 44 72 76 -1 16 42 47 64 -1 60 83 91 95 -1 4 19 22 38 -1 -2
20 30 68 76 -1 15 17 37 76 -1 24 29 33 75 -1 25 47 53 100 -1 54 62 83 94 -1 16 25 59 60 -1 49 64 67 76 -1 36 61 68 96 -1 14 64 75 77 -1 9 71 76 80 -1 -2
19 31 41 81 -1 17 69 72 84 -1 20 25 57 84 -1 38 60 63 85 -1 18 31 60 76 -1 4 27 54 80 -1 19 24 33 51 -1 5 18 55 80 -1 3 4 22 74 -1 15 27 74 76 -1 -2
19 58 69 86 -1 -2
37 38 70 77 -1 39 62 80 85 -1 -2
32 43 64 98 -1 11 62 75 98 -1 -2
12 32 38 45 -1 23 41 49 86 -1 23 44 68 81 -1 32 55 64 77 -1 20 42 78 96 -1 16 35 94 95 -1 17 47 94 96 -1 -2
28 31 39 44 -1 6 61 71 82 -1 28 36 70 81 -1 56 66 78 82 -1 37 54 55 98 -1 15 21 77 90 -1 3 33 47 92 -1 -2
11 15 23 61 -1 28 48 75 99 -1 6 48 62 98 -1 -2
14 43 77 80 -1 2 14 31 70 -1 18 80 93 95 -1 27 38 79 88 -1 44 45 55 68 -1 -2
10 57 84 98 -1 22 31 35 85 -1 23 32 83 84 -1 48 52 61 90 -1 36 42 45 82 -1 -2
26 28 49 77 -1 3 54 69 79 -1 9 35 51 63 -1 11 82 87 95 -1 29 37 67 87 -1 25 35 49 81 -1 4 29 54 64 -1 80 84 93 95 -1 -2
3 40 55 84 -1 -2
23 30 39 70 -1 54 55 60 62 -1 -2
14 24 32 50 -1 -2
17 20 43 63 -1 6 21 57 84 -1 1 38 54 58 -1 32 42 47 82 -1 4 9 64 70 -1 14 40 80 99 -1 13 56 59 94 -1 -2
16 62 63 86 -1 3 23 25 37 -1 39 76 81 85 -1 23 55 89 98 -1 -2
15 21 67 86 -1 12 41 85 94 -1 37 70 77 85 -1 27 38 51 90 -1 43 73 75 95 -1 1 40 56 72 -1 40 58 59 96 -1 12 27 87 98 -1 37 47 51 74 -1 -2
40 54 59 69 -1 8 34 36 66 -1 44 70 89 99 -1 2 13 21 92 -1 5 7 19 92 -1 25 52 59 84 -1 22 25 67 80 -1 14 25 45 78 -1 4 18 65 79 -1 -2
16 31 35 59 -1 25 30 41 90 -1 8 54 55 73 -1 9 50 57 63 -1 -2
3 10 69 99 -1 -2
7 33 59 68 -1 8 10 32 61 -1 31 39 56 77 -1 6 41 64 80 -1 38 58 77 87 -1 -2
54 68 90 97 -1 22 66 76 82 -1 48 66 82 88 -1 2 39 56 98 -1 16 53 77 98 -1 46 72 77 83 -1 70 81 84 91 -1 16 23 66 99 -1 14 45 78 99 -1 -2
14 29 65 72 -1 2 23 76 99 -1 1 2 29 97 -1 3 8 14 74 -1 14 19 37 72 -1 2 20 26 67 -1 12 38 75 99 -1 6 22 58 60 -1 2 35 51 55 -1 20 41 60 77 -1 -2
26 27 84 91 -1 46 94 95 100 -1 21 32 33 97 -1 14 23 65 100 -1 21 31 34 40 -1 7 15 23 85 -1 6 47 53 96 -1 9 28 67 89 -1 5 24 52 89 -1 -2
37 39 53 61 -1 29 55 62 94 -1 -2
3 30 35 81 -1 14 27 33 62 -1 45 53 58 95 -1 35 36 49 84 -1 -2
35 81 94 96 -1 8 18 41 46 -1 15 35 45 58 -1 18 23 59 99 -1 29 53 60 78 -1 14 40 74 82 -1 13 16 41 44 -1 -2
20 21 61 88 -1 7 19 27 75 -1 13 21 32 53 -1 1 9 30 57 -1 66 71 72 97 -1 22 45 69 97 -1 14 19 39 57 -1 2 25 26 74 -1 32 34 43 69 -1 20 32 39 54 -1 -2
10 54 72 97 -1 70 88 91 97 -1 7 74 81 97 -1 4 10 41 56 -1 25 41 55 78 -1 5 35 83 88 -1 12 58 60 80 -1 -2
23 29 64 93 -1 10 13 76 99 -1 -2
29 46 74 75 -1 22 55 67 71 -1 22 24 77 80 -1 16 60 75 86 -1 70 71 92 93 -1 8 11 70 87 -1 30 33 66 90 -1 19 49 60 70 -1 41 45 77 97 -1 30 67 72 81 -1 -2
20 30 39 52 -1 6 42 90 93 -1 7 30 40 97 -1 46 59 64 90 -1 12 60 73 76 -1 -2
5 13 35 56 -1 -2
29 42 48 100 -1 12 67 73 88 -1 20 40 70 84 -1 -2
7 53 79 80 -1 29 64 92 95 -1 3 35 63 68 -1 -2
7 20 49 82 -1 10 23 68 81 -1 42 43 57 99 -1 12 16 32 48 -1 42 61 65 88 -1 29 66 72 86 -1 41 48 56 96 -1 20 24 67 78 -1 -2
16 30 36 38 -1 28 32 54 65 -1 3 7 89 91 -1 31 36 39 50 -1 11 70 73 91 -1 59 61 66 97 -1 13 58 76 83 -1 38 41 54 99 -1 -2
14 19 74 89 -1 6 15 57 80 -1 7 16 44 91 -1 22 48 80 96 -1 2 8 16 87 -1 15 43 83 92 -1 13 26 39 45 -1 28 31 49 82 -1 17 29 44 91 -1 -2
20 36 45 98 -1 37 43 56 84 -1 19 45 76 98 -1 19 44 67 73 -1 19 24 53 100 -1 25 49 51 78 -1 6 49 65 99 -1 19 49 69 74 -1 4 17 56 90 -1 16 24 59 95 -1 -2
16 29 79 100 -1 21 38 40 80 -1 52 56 76 78 -1 21 24 59 61 -1 14 52 63 84 -1 7 49 52 99 -1 2 16 31 39 -1 14 27 81 95 -1 20 26 33 34 -1 5 15 48 85 -1 -2
57 62 77 83 -1 42 58 64 75 -1 10 70 75 86 -1 13 21 27 31 -1 7 16 59 63 -1 33 35 45 74 -1 18 57 60 80 -1 4 7 74 93 -1 2 77 81 100 -1 -2
47 53 70 92 -1 25 46 62 63 -1 -2
2 46 65 75 -1 4 12 44 56 -1 3 10 50 57 -1 4 35 45 53 -1 2 49 59 93 -1 3 38 77 86 -1 -2
1 31 55 71 -1 31 56 73 96 -1 30 52 56 64 -1 8 16 32 60 -1 38 65 86 94 -1 10 15 50 92 -1 1 18 39 56 -1 3 9 60 78 -1 -2
33 41 43 56 -1 14 25 40 86 -1 6 26 30 33 -1 41 68 80 92 -1 40 59 70 92 -1 10 13 16 80 -1 37 63 79 82 -1 7 26 59 76 -1 -2
10 60 62 77 -1 23 51 80 92 -1 2 34 55 90 -1 26 60 63 87 -1 18 34 65 84 -1 65 69 72 83 -1 6 12 25 79 -1 14 27 73 83 -1 -2
25 54 68 83 -1 42 76 77 95 -1 24 50 75 83 -1 29 33 68 88 -1 3 11 80 83 -1 12 44 57 81 -1 -2
6 25 81 91 -1 5 40 59 60 -1 -2
43 52 80 97 -1 1 28 40 79 -1 15 47 53 69 -1 30 34 66 76 -1 -2
5 8 55 86 -1 17 41 70 72 -1 3 73 79 98 -1 4 25 50 60 -1 18 38 58 62 -1 5 33 49 75 -1 26 46 59 79 -1 -2
35 37 64 75 -1 68 87 93 97 -1 3 77 92 100 -1 34 51 61 95 -1 70 71 89 90 -1 27 41 47 64 -1 49 60 69 91 -1 10 75 88 96 -1 7 16 48 75 -1 -2
26 68 90 96 -1 10 37 52 92 -1 8 9 11 100 -1 15 55 71 86 -1 3 5 81 96 -1 9 17 67 72 -1 53 72 77 80 -1 26 33 36 86 -1 23 38 73 94 -1 -2
65 87 97 100 -1 47 80 88 99 -1 8 49 72 85 -1 9 15 33 34 -1 39 55 79 89 -1 3 13 60 90 -1 18 66 68 82 -1 13 27 41 65 -1 33 74 78 94 -1 -2
27 32 39 43 -1 3 33 85 93 -1 33 35 38 63 -1 41 42 75 98 -1 9 18 22 27 -1 36 47 67 70 -1 26 38 77 78 -1 14 29 80 91 -1 -2
27 37 71 85 -1 36 38 69 82 -1 45 50 63 86 -1 38 70 74 86 -1 -2
21 85 89 96 -1 3 43 45 76 -1 40 58 79 92 -1 6 9 16 78 -1 15 28 68 80 -1 -2
2 14 40 51 -1 -2
30 33 42 61 -1 15 53 55 74 -1 2 9 23 26 -1 34 48 75 96 -1 10 22 56 60 -1 1 66 67 80 -1 41 54 58 63 -1 44 63 70 82 -1 15 23 63 98 -1 -2
12 25 37 95 -1 7 14 34 46 -1 41 83 94 95 -1 29 34 76 98 -1 13 19 43 48 -1 6 17 31 49 -1 -2
42 56 92 94 -1 3 22 59 88 -1 31 58 64 79 -1 23 37 54 63 -1 10 14 76 89 -1 16 38 47 98 -1 1 7 16 94 -1 18 28 92 97 -1 12 18 42 49 -1 -2
5 69 91 100 -1 59 77 83 99 -1 30 32 59 64 -1 5 53 57 75 -1 26 73 77 91 -1 -2
17 21 71 76 -1 3 16 75 98 -1 -2
60 73 77 82 -1 9 13 17 19 -1 18 25 57 88 -1 13 29 55 90 -1 5 6 36 50 -1 -2
7 60 82 98 -1 26 52 60 90 -1 2 52 76 86 -1 6 46 76 87 -1 10 70 71 80 -1 5 15 24 97 -1 20 26 53 64 -1 3 31 67 99 -1 14 43 62 95 -1 -2
8 36 45 71 -1 6 33 58 62 -1 12 16 20 80 -1 59 73 95 97 -1 54 60 95 99 -1 -2
2 77 98 99 -1 5 49 68 86 -1 5 46 74 83 -1 49 51 60 73 -1 -2
7 72 82 88 -1 18 44 77 97 -1 9 51 99 100 -1 -2
37 63 85 88 -1 7 19 22 41 -1 7 12 67 88 -1 35 76 83 94 -1 -2
47 49 65 98 -1 44 81 96 100 -1 18 46 58 98 -1 29 61 79 95 -1 54 65 83 84 -1 30 69 77 80 -1 3 11 23 25 -1 31 39 76 100 -1 18 52 66 74 -1 1 42 66 99 -1 -2
13 15 32 90 -1 18 19 28 33 -1 12 33 94 95 -1 4 39 40 87 -1 2 33 86 98 -1 48 55 59 92 -1 4 19 34 37 -1 9 50 73 94 -1 42 64 98 100 -1 31 62 74 86 -1 -2
14 19 49 50 -1 4 8 33 44 -1 30 35 40 50 -1 1 32 69 93 -1 -2
5 10 63 90 -1 6 10 59 77 -1 -2
35 41 46 49 -1 26 33 75 83 -1 17 69 81 92 -1 -2
12 19 69 88 -1 75 80 82 96 -1 8 17 77 95 -1 -2
5 42 57 66 -1 1 18 46 90 -1 50 57 84 98 -1 -2
35 37 42 44 -1 16 61 85 88 -1 17 60 82 89 -1 21 44 66 90 -1 -2
35 61 88 94 -1 13 42 63 93 -1 58 91 97 99 -1 72 82 86 97 -1 -2
2 16 18 44 -1 11 18 77 87 -1 17 19 22 63 -1 3 13 32 89 -1 45 56 75 94 -1 18 54 77 83 -1 35 43 46 58 -1 29 53 63 90 -1 6 15 80 96 -1 -2
22 24 76 93 -1 11 26 56 72 -1 4 22 61 72 -1 51 68 92 98 -1 3 38 49 64 -1 10 70 85 96 -1 3 11 49 81 -1 2 33 46 52 -1 43 49 60 83 -1 -2
43 78 80 97 -1 23 27 33 72 -1 10 26 58 100 -1 11 20 66 100 -1 10 56 65 93 -1 2 19 26 78 -1 16 56 76 98 -1 2 48 60 65 -1 13 37 66 80 -1 38 41 43 100 -1 -2
13 16 81 85 -1 2 32 46 92 -1 29 48 65 87 -1 10 32 34 89 -1 22 33 48 73 -1 -2
29 52 54 98 -1 15 25 59 78 -1 8 42 88 91 -1 37 74 80 97 -1 8 67 84 89 -1 -2
5 15 52 75 -1 9 41 60 79 -1 28 65 79 93 -1 17 29 58 63 -1 36 48 54 64 -1 -2
7 14 35 76 -1 -2
48 58 59 89 -1 6 9 29 49 -1 -2
20 57 91 94 -1 2 23 63 88 -1 22 45 61 80 -1 5 16 34 67 -1 -2
26 43 77 88 -1 11 23 38 53 -1 28 83 89 97 -1 -2
42 47 57 97 -1 11 64 81 94 -1 18 65 76 85 -1 7 53 59 65 -1 6 19 40 73 -1 35 37 50 64 -1 1 27 40 59 -1 30 58 71 96 -1 -2
12 14 21 100 -1 11 38 53 80 -1 5 9 13 58 -1 16 21 40 48 -1 16 41 58 92 -1 -2
25 31 37 77 -1 26 30 94 97 -1 33 37 44 75 -1 25 52 53 70 -1 53 68 69 88 -1 56 58 71 72 -1 34 55 65 68 -1 -2
50 56 64 72 -1 41 56 64 68 -1 16 21 70 81 -1 49 54 89 93 -1 21 25 32 81 -1 18 54 64 70 -1 21 26 28 82 -1 -2
14 18 52 91 -1 13 47 53 94 -1 12 66 89 96 -1 1 3 9 96 -1 17 22 53 58 -1 11 37 40 48 -1 14 31 37 74 -1 22 42 76 81 -1 -2
1 7 69 100 -1 35 50 92 96 -1 6 25 26 99 -1 19 48 79 98 -1 24 41 64 66 -1 33 59 63 91 -1 18 49 65 74 -1 54 70 73 81 -1 3 8 18 51 -1 -2
36 53 73 94 -1 -2
8 15 35 65 -1 17 33 43 62 -1 3 71 72 84 -1 19 57 62 66 -1 37 55 73 86 -1 6 40 75 88 -1 -2
5 12 44 60 -1 33 48 59 87 -1 9 17 57 100 -1 12 38 44 74 -1 7 23 76 78 -1 26 65 75 99 -1 46 66 67 77 -1 -2
7 21 75 96 -1 4 6 10 62 -1 22 29 37 81 -1 -2
1 39 63 92 -1 43 64 79 92 -1 3 62 90 94 -1 7 19 73 87 -1 18 28 52 69 -1 7 44 60 80 -1 2 18 47 86 -1 -2
19 30 35 60 -1 -2
41 44 59 65 -1 20 30 61 83 -1 25 56 58 74 -1 29 42 45 86 -1 18 62 74 93 -1 3 21 31 62 -1 -2
20 22 44 87 -1 48 77 84 86 -1 1 13 36 39 -1 45 81 84 94 -1 42 48 55 62 -1 21 44 68 95 -1 5 38 45 96 -1 44 63 72 83 -1 2 8 43 87 -1 34 51 70 85 -1 -2
28 68 83 93 -1 7 47 70 99 -1 -2
8 15 79 95 -1 2 65 78 87 -1 11 31 78 100 -1 36 50 67 96 -1 3 56 58 93 -1 27 62 68 88 -1 18 68 80 81 -1 8 69 74 75 -1 9 31 92 98 -1 -2
9 26 56 63 -1 9 14 69 77 -1 4 88 92 99 -1 44 61 78 92 -1 17 70 93 97 -1 10 50 88 98 -1 16 55 57 80 -1 17 30 48 64 -1 -2
48 70 77 98 -1 -2
20 46 68 87 -1 40 47 96 98 -1 42 58 78 97 -1 25 32 56 73 -1 -2
50 65 68 91 -1 7 29 58 78 -1 23 46 47 77 -1 2 35 39 52 -1 3 28 76 80 -1 1 36 68 99 -1 9 42 48 85 -1 16 27 42 92 -1 30 87 91 97 -1 -2
24 45 66 81 -1 -2
59 90 91 94 -1 15 30 42 47 -1 26 58 75 88 -1 12 40 44 89 -1 32 89 92 94 -1 43 47 71 78 -1 -2
23 57 67 84 -1 6 9 18 68 -1 43 47 65 83 -1 8 51 91 98 -1 5 36 53 59 -1 34 38 47 78 -1 22 76 82 88 -1 21 47 56 83 -1 -2
41 60 68 82 -1 25 37 82 83 -1 2 14 93 94 -1 2 48 58 100 -1 20 28 33 63 -1 13 17 38 50 -1 36 47 63 69 -1 -2
8 29 43 54 -1 24 32 50 55 -1 5 27 81 100 -1 55 75 80 96 -1 4 16 45 97 -1 18 27 53 56 -1 -2
14 37 55 91 -1 83 91 95 98 -1 -2
14 31 44 76 -1 2 32 58 74 -1 35 57 87 100 -1 24 25 67 75 -1 8 20 39 93 -1 3 21 36 97 -1 3 7 50 82 -1 8 63 81 87 -1 14 54 55 61 -1 7 17 27 58 -1 -2
1 24 84 98 -1 26 50 63 91 -1 8 43 54 73 -1 11 45 47 61 -1 22 53 68 73 -1 1 69 81 82 -1 25 71 86 90 -1 34 46 56 60 -1 -2
25 35 64 75 -1 1 9 16 48 -1 -2
53 60 80 88 -1 8 22 51 80 -1 35 36 44 84 -1 18 74 91 98 -1 8 20 33 92 -1 14 47 53 66 -1 3 5 74 91 -1 20 42 76 77 -1 11 31 87 97 -1 43 81 88 98 -1 -2
40 43 74 94 -1 32 45 60 73 -1 14 34 63 85 -1 24 42 51 75 -1 -2
6 10 16 35 -1 3 16 51 90 -1 16 25 26 99 -1 1 22 28 64 -1 8 14 25 78 -1 24 41 50 93 -1 64 66 70 82 -1 2 5 35 37 -1 35 67 72 93 -1 -2
20 34 51 79 -1 8 12 16 88 -1 2 51 68 94 -1 2 48 64 94 -1 30 36 54 75 -1 10 25 66 67 -1 11 14 33 93 -1 -2
14 53 60 88 -1 18 49 51 95 -1 7 14 24 67 -1 -2
2 47 61 80 -1 71 78 79 81 -1 28 50 61 81 -1 27 69 92 98 -1 24 68 87 99 -1 6 35 46 65 -1 8 41 57 68 -1 13 15 29 71 -1 24 38 94 96 -1 30 54 61 100 -1 -2
16 22 76 100 -1 29 62 81 86 -1 -2
36 38 75 92 -1 21 36 48 52 -1 2 43 74 89 -1 2 36 58 65 -1 9 76 90 100 -1 -2
2 14 44 74 -1 20 25 69 97 -1 -2
3 7 18 56 -1 8 16 57 79 -1 8 28 83 90 -1 4 19 60 99 -1 26 42 55 69 -1 68 79 84 85 -1 2 76 87 100 -1 10 38 63 73 -1 16 42 77 96 -1 18 43 74 96 -1 -2
2 62 76 77 -1 -2
16 33 37 60 -1 5 63 69 92 -1 30 35 54 55 -1 -2
2 13 23 65 -1 24 42 56 58 -1 22 31 77 90 -1 8 10 28 61 -1 5 20 63 71 -1 5 17 72 76 -1 -2
4 26 82 90 -1 -2
18 39 55 62 -1 5 27 76 97 -1 24 65 71 95 -1 15 18 64 96 -1 11 22 59 100 -1 3 39 81 95 -1 13 14 24 89 -1 6 15 24 83 -1 15 41 51 88 -1 -2
11 14 26 83 -1 40 65 86 89 -1 4 43 89 90 -1 10 24 47 51 -1 2 20 61 99 -1 6 7 80 92 -1 13 28 46 95 -1 5 21 32 43 -1 6 10 37 100 -1 -2
7 13 23 26 -1 36 81 89 100 -1 23 46 56 58 -1 16 18 41 97 -1 55 87 90 94 -1 18 32 40 80 -1 28 33 60 89 -1 2 8 35 40 -1 -2
17 33 84 94 -1 1 11 12 26 -1 18 39 41 44 -1 2 24 37 43 -1 26 27 37 96 -1 8 48 54 99 -1 16 24 29 33 -1 12 19 27 53 -1 18 21 35 90 -1 1 17 51 61 -1 -2
5 18 81 92 -1 9 25 27 34 -1 17 72 75 89 -1 31 44 89 95 -1 11 44 81 95 -1 17 34 45 49 -1 12 25 47 67 -1 26 33 79 100 -1 14 16 32 57 -1 -2
13 46 73 91 -1 25 40 69 77 -1 16 36 72 84 -1 15 29 37 40 -1 73 80 83 97 -1 -2
30 55 56 94 -1 17 46 53 69 -1 14 21 41 71 -1 5 57 60 66 -1 -2
9 17 79 92 -1 24 30 47 63 -1 8 33 41 58 -1 -2
6 13 46 65 -1 12 45 52 70 -1 6 72 92 93 -1 26 27 95 96 -1 -2
3 16 37 98 -1 11 35 50 59 -1 34 41 52 59 -1 13 53 62 88 -1 3 14 38 70 -1 -2
60 65 82 92 -1 21 32 34 49 -1 3 77 86 97 -1 19 24 26 61 -1 -2
1 8 45 46 -1 23 53 64 83 -1 4 27 32 46 -1 16 32 56 59 -1 2 8 10 29 -1 4 19 30 69 -1 10 25 32 75 -1 6 33 61 99 -1 -2
9 26 40 89 -1 68 80 83 95 -1 15 48 78 91 -1 37 47 51 77 -1 20 62 84 90 -1 -2
38 67 77 78 -1 15 23 30 73 -1 25 52 82 98 -1 -2
20 43 48 65 -1 30 50 88 97 -1 19 21 32 84 -1 -2
21 23 46 61 -1 17 34 41 98 -1 1 18 38 74 -1 7 26 46 64 -1 34 59 61 74 -1 5 30 91 100 -1 2 38 59 96 -1 -2
33 69 81 87 -1 15 24 57 91 -1 48 75 95 100 -1 29 55 57 68 -1 -2
1 16 19 39 -1 8 12 39 99 -1 -2
11 14 41 89 -1 -2
1 46 82 97 -1 11 12 19 67 -1 26 28 66 85 -1 21 48 65 84 -1 16 32 42 71 -1 -2
8 32 63 77 -1 21 59 67 99 -1 23 60 72 95 -1 26 34 43 81 -1 13 21 56 79 -1 8 40 61 96 -1 6 44 52 89 -1 -2
3 19 47 81 -1 2 73 97 100 -1 31 34 44 84 -1 15 71 78 84 -1 27 47 64 95 -1 21 27 38 39 -1 11 32 61 93 -1 14 17 78 87 -1 21 32 46 88 -1 4 11 66 92 -1 -2
7 18 55 67 -1 16 42 43 99 -1 8 61 77 98 -1 36 63 76 87 -1 5 44 83 84 -1 6 14 46 48 -1 -2
22 32 52 53 -1 3 12 78 89 -1 27 48 61 64 -1 28 55 67 88 -1 5 33 36 78 -1 10 27 33 84 -1 4 42 45 89 -1 -2
12 27 29 44 -1 3 36 59 69 -1 2 7 28 51 -1 14 69 70 76 -1 -2
2 24 25 55 -1 14 16 74 85 -1 -2
15 17 27 90 -1 -2
17 25 30 63 -1 16 52 57 89 -1 37 48 55 99 -1 11 44 70 77 -1 -2
8 49 73 85 -1 13 27 50 74 -1 3 8 46 81 -1 2 47 49 93 -1 8 18 31 88 -1 24 44 58 72 -1 15 29 39 92 -1 70 79 99 100 -1 78 82 85 86 -1 6 23 49 68 -1 -2
22 44 50 51 -1 8 10 69 73 -1 12 30 36 50 -1 4 27 37 45 -1 -2
15 18 74 82 -1 -2
26 47 79 88 -1 56 67 73 86 -1 6 36 63 74 -1 7 38 55 74 -1 6 42 60 96 -1 -2
5 41 66 86 -1 -2
11 28 74 88 -1 26 73 81 82 -1 39 54 84 96 -1 4 7 15 92 -1 11 26 75 76 -1 -2
2 36 63 87 -1 19 31 53 91 -1 -2
5 68 90 97 -1 23 41 54 89 -1 4 52 97 98 -1 47 52 53 99 -1 66 77 94 100 -1 -2
32 50 58 75 -1 26 51 61 80 -1 38 50 55 82 -1 37 40 41 50 -1 33 51 64 71 -1 41 52 70 86 -1 1 23 91 94 -1 17 73 84 88 -1 30 40 88 91 -1 -2
18 37 45 90 -1 25 33 36 95 -1 17 29 51 78 -1 10 13 44 59 -1 2 17 20 34 -1 43 48 89 97 -1 7 9 21 67 -1 -2
28 29 57 91 -1 14 31 79 97 -1 3 51 62 76 -1 14 25 68 79 -1 -2
16 42 55 94 -1 15 40 80 100 -1 30 42 59 99 -1 6 10 20 32 -1 35 37 89 94 -1 -2
23 30 39 49 -1 28 32 67 68 -1 1 42 45 72 -1 -2
23 27 32 84 -1 42 47 49 61 -1 8 54 69 92 -1 -2
22 34 51 60 -1 33 59 68 87 -1 17 26 30 82 -1 5 39 47 91 -1 25 37 64 99 -1 7 18 52 55 -1 6 28 57 77 -1 18 52 74 98 -1 28 30 56 70 -1 13 33 64 73 -1 -2
7 47 64 74 -1 13 19 56 68 -1 30 34 94 100 -1 25 43 44 72 -1 4 8 81 84 -1 70 89 91 98 -1 18 29 55 69 -1 42 44 68 89 -1 29 46 56 69 -1 17 32 73 89 -1 -2
18 38 51 90 -1 11 16 34 98 -1 8 47 54 87 -1 6 50 87 99 -1 8 9 46 99 -1 16 39 45 80 -1 25 76 80 87 -1 -2
11 16 79 94 -1 10 67 77 99 -1 -2
10 12 19 74 -1 -2
1 22 68 95 -1 6 38 59 99 -1 35 59 77 88 -1 7 13 40 62 -1 19 35 66 96 -1 8 35 76 96 -1 21 32 74 97 -1 43 51 77 79 -1 -2
30 37 64 69 -1 35 62 82 92 -1 56 63 69 73 -1 32 42 91 92 -1 14 29 41 90 -1 1 37 57 82 -1 10 37 40 97 -1 29 36 46 92 -1 8 15 16 41 -1 17 68 77 89 -1 -2
46 79 86 90 -1 10 63 92 96 -1 2 20 30 80 -1 -2
39 76 87 89 -1 19 20 40 45 -1 42 44 56 87 -1 44 50 75 98 -1 4 16 38 50 -1 18 38 42 83 -1 3 55 59 97 -1 21 23 24 81 -1 1 47 87 97 -1 3 15 30 89 -1 -2
13 25 28 43 -1 7 19 51 54 -1 4 44 91 94 -1 11 59 77 89 -1 34 52 53 62 -1 37 51 55 72 -1 25 27 62 96 -1 13 64 82 85 -1 32 85 86 98 -1 -2
12 20 53 92 -1 12 36 87 98 -1 13 18 68 85 -1 52 84 88 98 -1 7 34 47 88 -1 14 18 89 95 -1 -2
12 40 76 89 -1 3 24 56 82 -1 44 81 93 94 -1 4 26 34 68 -1 55 68 82 88 -1 10 29 90 96 -1 45 50 62 81 -1 -2
21 23 56 78 -1 13 61 75 92 -1 2 47 97 98 -1 20 34 48 55 -1 3 7 61 73 -1 -2
3 17 33 76 -1 23 33 47 63 -1 55 56 57 100 -1 36 59 90 96 -1 -2
25 74 78 82 -1 3 58 63 95 -1 55 60 76 93 -1 -2
11 15 51 67 -1 12 14 63 84 -1 5 13 41 93 -1 6 29 52 70 -1 12 47 63 80 -1 9 21 27 30 -1 -2
15 83 86 93 -1 41 52 68 93 -1 32 39 53 99 -1 29 50 57 96 -1 10 22 53 78 -1 20 77 87 88 -1 10 15 26 49 -1 39 41 48 92 -1 -2
4 25 35 86 -1 8 34 76 91 -1 25 37 42 99 -1 -2
5 50 75 84 -1 3 95 98 99 -1 -2
8 59 86 100 -1 -2
18 39 59 100 -1 12 14 64 84 -1 6 9 79 95 -1 14 45 48 87 -1 -2
9 12 38 81 -1 -2
30 39 44 84 -1 12 75 83 93 -1 11 23 71 99 -1 12 28 32 37 -1 14 36 43 56 -1 -2
11 65 87 89 -1 28 34 51 62 -1 51 60 62 96 -1 2 6 37 54 -1 -2
12 45 66 94 -1 27 32 53 71 -1 -2
7 12 14 97 -1 28 72 78 81 -1 25 55 62 98 -1 8 28 42 86 -1 -2
22 40 62 74 -1 31 34 80 81 -1 1 3 50 51 -1 54 63 73 90 -1 32 49 57 65 -1 12 24 37 62 -1 -2
30 32 54 80 -1 44 88 90 96 -1 9 25 26 74 -1 17 29 46 74 -1 -2
23 66 91 92 -1 8 23 25 84 -1 17 41 42 88 -1 17 32 66 85 -1 -2
24 33 51 74 -1 11 73 82 83 -1 6 23 83 87 -1 30 40 62 77 -1 37 52 54 80 -1 32 75 85 95 -1 -2
6 30 32 79 -1 -2
19 55 58 90 -1 14 15 59 73 -1 42 43 66 74 -1 -2
25 89 94 100 -1 29 35 55 70 -1 41 49 59 77 -1 3 10 55 63 -1 20 44 48 69 -1 18 29 40 91 -1 27 68 70 94 -1 6 22 24 92 -1 28 53 83 84 -1 40 82 86 93 -1 -2
36 52 66 69 -1 11 47 52 54 -1 51 73 83 95 -1 9 36 76 90 -1 11 33 88 95 -1 4 50 52 93 -1 9 46 76 95 -1 -2
12 24 55 70 -1 2 32 35 46 -1 16 34 68 82 -1 3 18 31 65 -1 30 48 65 67 -1 6 9 24 83 -1 44 51 89 95 -1 7 19 57 83 -1 18 28 80 100 -1 -2
2 22 88 99 -1 37 49 56 67 -1 22 60 71 95 -1 34 44 60 62 -1 7 46 53 58 -1 9 20 49 84 -1 8 14 34 54 -1 35 54 55 85 -1 7 11 58 71 -1 -2
10 43 76 84 -1 1 10 12 94 -1 42 61 71 73 -1 -2
3 36 62 86 -1 4 26 76 84 -1 -2
14 30 63 79 -1 22 30 34 43 -1 10 17 66 93 -1 23 57 84 87 -1 37 39 97 99 -1 20 70 84 94 -1 9 75 85 87 -1 -2
11 34 48 74 -1 14 22 34 79 -1 11 20 51 91 -1 10 14 44 66 -1 8 10 11 81 -1 5 24 29 73 -1 35 77 81 96 -1 38 66 84 89 -1 1 35 47 99 -1 -2
14 19 75 95 -1 6 42 62 67 -1 25 38 51 57 -1 18 36 54 90 -1 24 54 60 86 -1 49 50 83 97 -1 -2
1 40 68 98 -1 17 22 64 65 -1 8 49 51 55 -1 15 54 58 70 -1 18 54 83 91 -1 -2
2 20 25 38 -1 62 76 77 85 -1 29 33 75 78 -1 3 5 21 91 -1 3 6 14 29 -1 46 47 80 88 -1 -2
37 43 61 80 -1 9 33 68 97 -1 4 20 54 100 -1 8 42 72 77 -1 36 50 56 80 -1 20 48 73 97 -1 15 22 54 76 -1 19 51 65 69 -1 1 4 24 94 -1 -2
11 12 19 71 -1 39 68 82 97 -1 8 48 69 89 -1 -2
8 27 48 76 -1 41 62 81 88 -1 1 71 80 86 -1 26 35 85 92 -1 11 43 49 95 -1 1 39 73 88 -1 19 54 85 95 -1 -2
19 22 40 94 -1 10 45 48 76 -1 9 53 59 69 -1 13 27 71 99 -1 29 54 82 87 -1 13 34 42 55 -1 13 26 32 69 -1 -2
27 40 58 79 -1 -2
15 32 41 50 -1 61 73 90 100 -1 36 38 39 76 -1 30 40 42 100 -1 45 62 72 100 -1 4 10 21 49 -1 3 43 50 93 -1 -2
7 19 24 38 -1 16 50 60 78 -1 2 23 48 80 -1 16 20 41 52 -1 14 29 60 100 -1 37 65 67 78 -1 19 47 48 52 -1 12 67 92 94 -1 3 37 49 84 -1 4 13 55 68 -1 -2
12 51 73 76 -1 9 26 87 97 -1 13 43 66 81 -1 72 80 84 88 -1 -2
37 41 66 95 -1 -2
20 35 36 39 -1 27 47 52 67 -1 7 32 42 50 -1 24 59 73 86 -1 32 33 61 89 -1 19 31 55 92 -1 62 75 83 85 -1 41 55 56 76 -1 8 15 17 95 -1 4 31 65 77 -1 -2
6 16 22 89 -1 32 49 59 96 -1 23 73 86 93 -1 58 66 69 81 -1 -2
27 47 51 62 -1 1 2 80 89 -1 -2
22 41 56 89 -1 6 8 31 91 -1 14 33 73 97 -1 14 43 48 61 -1 -2
8 34 76 78 -1 9 12 40 78 -1 9 43 54 90 -1 28 31 54 65 -1 20 21 51 79 -1 35 56 78 95 -1 24 44 69 87 -1 28 65 71 92 -1 35 58 91 96 -1 4 20 39 44 -1 -2
6 29 52 60 -1 31 34 67 73 -1 38 72 82 84 -1 15 16 37 66 -1 6 37 60 91 -1 3 8 50 99 -1 -2
1 16 29 43 -1 5 15 18 93 -1 22 91 93 99 -1 21 26 76 77 -1 10 38 48 72 -1 11 31 44 74 -1 54 56 86 92 -1 12 48 58 62 -1 16 29 36 84 -1 8 28 32 100 -1 -2
25 27 43 86 -1 1 53 70 78 -1 -2
2 27 37 43 -1 42 47 67 91 -1 22 38 40 47 -1 1 13 45 92 -1 -2
36 70 87 95 -1 40 58 59 91 -1 68 77 88 97 -1 27 29 48 63 -1 12 26 77 85 -1 32 41 87 99 -1 12 34 92 99 -1 24 25 40 93 -1 13 54 86 92 -1 17 24 33 37 -1 -2
19 61 63 87 -1 15 26 27 38 -1 18 20 68 70 -1 38 70 81 99 -1 1 45 76 78 -1 10 25 30 93 -1 14 41 52 65 -1 5 42 88 98 -1 -2
15 26 40 93 -1 10 68 80 91 -1 44 57 70 83 -1 -2
1 15 23 59 -1 23 28 34 79 -1 3 33 73 97 -1 49 82 98 99 -1 -2
20 46 47 57 -1 20 26 28 79 -1 54 74 82 92 -1 1 37 68 80 -1 63 82 83 84 -1 10 58 76 96 -1 5 31 81 93 -1 18 22 26 53 -1 57 61 68 96 -1 4 17 77 82 -1 -2
30 43 66 100 -1 2 35 37 88 -1 7 13 22 60 -1 17 20 34 61 -1 11 14 17 61 -1 45 58 67 92 -1 2 39 53 98 -1 14 16 63 74 -1 -2
6 23 32 81 -1 47 76 93 97 -1 10 42 57 97 -1 35 46 75 91 -1 39 42 53 58 -1 4 45 70 95 -1 11 40 70 99 -1 25 38 74 96 -1 10 45 85 99 -1 -2
9 32 48 54 -1 2 16 17 42 -1 -2
2 24 45 60 -1 2 68 76 97 -1 33 70 78 89 -1 24 85 95 96 -1 36 44 52 78 -1 30 40 57 61 -1 8 18 43 44 -1 4 64 72 95 -1 42 51 71 95 -1 -2
13 22 69 86 -1 7 33 69 88 -1 10 23 24 34 -1 -2
35 70 92 96 -1 28 87 94 97 -1 6 31 65 88 -1 6 45 66 68 -1 4 8 15 35 -1 4 56 71 96 -1 27 31 44 53 -1 27 52 81 100 -1 -2
2 27 57 69 -1 -2
70 71 92 93 -1 43 53 55 61 -1 -2
37 47 61 93 -1 8 18 65 82 -1 30 56 82 93 -1 24 32 54 71 -1 14 22 27 32 -1 34 42 65 67 -1 40 50 98 100 -1 6 14 29 62 -1 5 6 89 94 -1 -2
2 28 36 68 -1 31 41 80 82 -1 40 42 85 89 -1 1 5 39 67 -1 22 44 67 93 -1 12 25 89 96 -1 9 25 40 66 -1 5 17 54 87 -1 -2
14 37 46 75 -1 20 54 98 99 -1 25 33 52 64 -1 -2
33 75 77 84 -1 15 72 81 95 -1 17 64 86 96 -1 6 48 85 98 -1 33 57 77 86 -1 34 41 58 91 -1 -2
24 49 65 73 -1 4 23 41 92 -1 26 47 61 73 -1 3 63 86 98 -1 19 38 79 100 -1 3 34 35 51 -1 16 29 38 56 -1 -2
11 59 62 77 -1 28 30 69 74 -1 6 34 43 54 -1 4 15 20 55 -1 7 29 61 64 -1 31 47 71 84 -1 2 12 21 87 -1 -2
37 79 90 98 -1 33 48 50 86 -1 29 54 63 99 -1 17 21 32 74 -1 -2
81 89 91 98 -1 21 63 83 87 -1 8 48 62 100 -1 39 50 90 94 -1 -2
4 24 38 49 -1 16 22 38 48 -1 1 24 39 94 -1 66 81 86 95 -1 2 14 16 41 -1 28 48 49 77 -1 28 41 63 100 -1 25 37 38 93 -1 48 67 71 89 -1 -2
8 16 72 76 -1 32 40 51 67 -1 5 31 51 66 -1 24 50 86 89 -1 23 47 65 100 -1 1 23 30 47 -1 10 29 59 72 -1 8 48 54 56 -1 -2
5 24 57 75 -1 27 35 67 72 -1 22 52 86 90 -1 19 29 44 62 -1 56 63 67 93 -1 35 36 56 94 -1 7 35 80 100 -1 -2
52 57 81 93 -1 60 78 81 85 -1 1 40 72 91 -1 53 65 72 97 -1 -2
26 76 78 83 -1 8 21 22 66 -1 16 62 94 96 -1 18 32 61 83 -1 6 9 53 79 -1 30 52 55 92 -1 44 68 74 84 -1 6 18 34 87 -1 1 9 82 95 -1 7 37 62 100 -1 -2
16 17 28 60 -1 14 38 48 79 -1 4 9 38 47 -1 7 22 64 92 -1 -2
6 32 66 87 -1 5 25 58 70 -1 17 46 70 87 -1 35 42 59 100 -1 10 39 77 90 -1 23 29 44 68 -1 14 21 55 72 -1 15 21 36 40 -1 -2
15 23 68 75 -1 7 15 66 79 -1 40 57 60 94 -1 16 17 97 98 -1 44 49 59 69 -1 31 49 76 83 -1 -2
22 39 66 88 -1 13 30 34 52 -1 9 14 37 95 -1 11 23 27 48 -1 14 20 46 91 -1 5 46 63 70 -1 24 27 72 94 -1 51 61 84 90 -1 20 64 81 83 -1 28 43 59 65 -1 -2
29 53 80 93 -1 25 31 68 92 -1 12 54 56 77 -1 18 32 36 52 -1 16 53 70 72 -1 27 46 59 84 -1 10 23 62 63 -1 -2
26 43 64 77 -1 -2
10 12 30 95 -1 35 53 81 100 -1 -2
8 65 77 91 -1 7 11 56 59 -1 28 30 80 94 -1 4 45 73 99 -1 11 15 31 77 -1 33 69 77 85 -1 13 19 62 92 -1 35 70 87 100 -1 1 52 81 100 -1 18 67 80 97 -1 -2
30 47 80 97 -1 2 20 56 68 -1 8 14 68 84 -1 32 39 43 45 -1 23 44 80 91 -1 46 50 75 85 -1 51 53 74 86 -1 48 54 81 86 -1 -2
47 53 58 94 -1 16 71 96 98 -1 13 48 72 88 -1 40 42 43 79 -1 15 56 82 87 -1 55 65 73 99 -1 10 21 42 46 -1 22 50 52 89 -1 -2
13 26 56 87 -1 30 64 92 95 -1 55 74 89 95 -1 2 16 28 49 -1 10 26 36 78 -1 2 28 74 100 -1 15 41 47 97 -1 3 17 57 58 -1 -2
18 33 45 69 -1 79 87 93 98 -1 19 35 36 54 -1 15 34 79 92 -1 7 29 51 78 -1 16 38 42 94 -1 46 67 76 92 -1 -2
23 41 77 89 -1 2 22 60 68 -1 8 28 30 31 -1 59 79 98 99 -1 75 80 82 99 -1 30 31 40 68 -1 18 68 80 100 -1 5 37 58 79 -1 -2
22 40 43 64 -1 6 24 60 87 -1 24 54 64 75 -1 32 34 40 87 -1 21 28 42 62 -1 33 40 65 77 -1 14 34 63 74 -1 -2
1 47 66 100 -1 31 38 85 98 -1 26 40 51 71 -1 2 22 71 96 -1 43 46 66 85 -1 -2
3 58 94 98 -1 4 19 47 65 -1 3 9 63 90 -1 21 51 71 87 -1 41 55 87 90 -1 5 25 27 88 -1 50 54 66 85 -1 9 25 89 93 -1 11 36 46 48 -1 51 57 60 76 -1 -2
21 67 79 97 -1 61 67 84 99 -1 1 15 41 77 -1 1 33 53 69 -1 36 41 45 53 -1 -2
30 31 60 80 -1 15 36 45 62 -1 12 16 53 88 -1 35 37 52 90 -1 2 16 22 29 -1 5 57 70 79 -1 28 46 57 78 -1 25 30 67 81 -1 60 76 77 91 -1 -2
21 39 61 77 -1 31 34 60 67 -1 7 35 45 52 -1 -2
6 10 26 57 -1 1 23 38 87 -1 -2
30 72 85 94 -1 45 52 61 63 -1 17 63 64 96 -1 36 52 61 81 -1 2 44 73 95 -1 1 46 76 98 -1 1 30 39 78 -1 67 76 88 94 -1 2 36 77 95 -1 50 60 61 93 -1 -2
11 42 52 65 -1 40 63 86 99 -1 3 22 70 93 -1 7 46 81 88 -1 43 83 96 98 -1 14 40 48 52 -1 -2
20 57 73 83 -1 2 27 61 85 -1 17 70 82 87 -1 7 52 64 86 -1 -2
8 60 71 87 -1 28 38 72 93 -1 9 12 13 38 -1 4 14 74 99 -1 64 67 87 97 -1 1 26 57 99 -1 -2
34 44 57 85 -1 6 50 92 99 -1 4 22 30 46 -1 26 39 71 84 -1 32 43 73 95 -1 10 22 25 58 -1 14 55 81 91 -1 -2
13 27 34 96 -1 13 20 32 50 -1 54 56 77 83 -1 39 67 68 98 -1 21 36 83 98 -1 29 38 49 67 -1 -2
10 48 69 97 -1 54 59 72 80 -1 7 8 15 40 -1 43 47 48 63 -1 -2
26 28 58 64 -1 3 16 83 84 -1 44 61 96 100 -1 8 20 42 83 -1 26 29 52 96 -1 -2
32 37 69 75 -1 7 64 65 90 -1 14 38 53 90 -1 9 45 80 81 -1 44 63 71 87 -1 -2
48 49 84 97 -1 59 60 84 90 -1 16 48 78 82 -1 57 59 79 88 -1 -2
23 67 88 92 -1 5 42 71 79 -1 -2
31 51 57 62 -1 11 61 66 90 -1 5 31 46 66 -1 6 88 90 99 -1 1 65 88 89 -1 19 25 30 50 -1 10 22 57 87 -1 -2
38 63 76 87 -1 5 6 69 88 -1 11 43 73 87 -1 43 44 80 84 -1 5 29 51 80 -1 6 16 20 36 -1 -2
35 44 53 61 -1 16 41 56 70 -1 6 23 59 93 -1 13 23 59 100 -1 -2
45 62 73 100 -1 7 11 52 93 -1 -2
37 39 54 76 -1 60 66 77 81 -1 16 31 37 89 -1 24 51 68 73 -1 23 51 66 83 -1 -2
43 49 72 94 -1 21 23 53 100 -1 42 47 78 81 -1 17 47 65 83 -1 5 10 26 34 -1 4 18 41 89 -1 44 49 67 71 -1 10 12 31 57 -1 25 50 64 76 -1 -2
20 61 64 66 -1 6 25 62 93 -1 21 37 68 94 -1 28 65 78 93 -1 12 27 37 85 -1 -2
7 9 50 83 -1 19 28 70 75 -1 20 38 67 84 -1 3 10 58 64 -1 -2
2 24 62 89 -1 7 14 63 91 -1 14 51 66 71 -1 26 30 40 48 -1 5 49 54 68 -1 2 5 42 58 -1 -2
31 62 66 67 -1 40 56 94 99 -1 74 79 87 91 -1 5 41 58 98 -1 2 33 52 77 -1 5 16 96 97 -1 23 31 41 98 -1 24 51 66 82 -1 76 83 92 98 -1 25 27 52 65 -1 -2
30 74 80 87 -1 -2
48 75 98 99 -1 20 50 89 91 -1 27 49 77 80 -1 12 44 46 73 -1 66 68 70 85 -1 30 32 56 64 -1 16 35 39 76 -1 9 68 78 80 -1 21 36 56 76 -1 -2
6 12 27 90 -1 31 32 34 56 -1 4 38 55 68 -1 4 53 66 80 -1 47 54 68 95 -1 4 8 61 90 -1 -2
20 31 34 95 -1 14 33 48 80 -1 13 29 41 64 -1 11 13 33 92 -1 7 25 30 68 -1 -2
13 32 36 84 -1 30 33 80 99 -1 38 44 79 88 -1 1 28 42 50 -1 18 45 70 76 -1 3 8 33 54 -1 21 55 81 99 -1 41 50 53 72 -1 10 53 66 67 -1 7 12 50 77 -1 -2
22 24 78 88 -1 14 18 38 51 -1 24 33 74 88 -1 -2
17 34 79 80 -1 27 59 65 77 -1 -2
38 59 70 71 -1 16 29 76 87 -1 54 57 64 92 -1 -2
4 17 19 26 -1 23 24 49 60 -1 25 45 61 80 -1 -2
3 15 73 97 -1 19 68 71 88 -1 14 21 48 52 -1 26 62 70 84 -1 9 11 27 100 -1 10 66 79 93 -1 11 32 74 82 -1 -2
4 28 54 73 -1 32 59 87 94 -1 15 25 54 74 -1 19 47 59 100 -1 15 21 32 40 -1 37 38 75 98 -1 -2
35 39 52 78 -1 -2
8 18 25 64 -1 20 29 48 54 -1 -2
40 42 66 92 -1 4 34 66 68 -1 38 69 71 77 -1 4 34 60 81 -1 64 66 86 97 -1 4 59 70 74 -1 31 62 72 85 -1 16 52 68 93 -1 43 47 56 79 -1 -2
10 15 28 40 -1 17 75 89 93 -1 33 84 94 97 -1 6 13 32 97 -1 40 60 64 70 -1 10 37 42 49 -1 7 18 51 92 -1 17 65 71 91 -1 32 35 42 77 -1 15 25 53 93 -1 -2
8 26 90 97 -1 11 21 27 82 -1 24 26 50 52 -1 21 26 69 76 -1 13 47 71 100 -1 -2
54 56 85 92 -1 9 38 53 97 -1 3 39 40 69 -1 2 59 73 90 -1 -2
40 76 78 92 -1 5 25 49 94 -1 36 60 78 94 -1 12 43 48 67 -1 26 45 55 100 -1 28 38 58 71 -1 4 56 71 87 -1 -2
16 28 45 96 -1 28 43 53 69 -1 17 36 72 79 -1 9 20 66 69 -1 1 11 34 79 -1 7 41 51 74 -1 -2
11 19 43 88 -1 10 41 45 51 -1 9 40 50 93 -1 9 55 62 100 -1 9 24 68 93 -1 -2
8 13 31 44 -1 26 87 97 100 -1 9 69 83 91 -1 -2
29 44 60 100 -1 50 54 58 92 -1 24 29 36 53 -1 3 5 40 65 -1 5 40 55 100 -1 7 24 68 88 -1 -2
22 28 35 79 -1 38 44 55 62 -1 19 21 62 71 -1 30 46 73 79 -1 22 46 60 99 -1 59 64 65 67 -1 17 57 76 89 -1 33 35 39 47 -1 23 37 60 82 -1 -2
32 75 84 95 -1 82 85 88 95 -1 29 50 51 99 -1 26 35 63 97 -1 19 75 92 95 -1 34 52 65 73 -1 11 12 28 85 -1 4 29 76 80 -1 -2
13 27 40 75 -1 10 49 64 89 -1 20 26 39 84 -1 14 38 75 90 -1 26 45 46 83 -1 11 23 74 99 -1 1 24 36 40 -1 4 35 56 68 -1 -2
5 56 68 96 -1 1 6 33 79 -1 1 12 38 87 -1 -2
10 16 36 44 -1 21 41 43 58 -1 8 15 90 99 -1 43 50 51 64 -1 33 64 71 97 -1 12 24 68 89 -1 23 26 43 53 -1 -2
10 22 34 100 -1 12 23 84 93 -1 15 33 52 94 -1 2 49 54 83 -1 21 30 82 92 -1 1 12 65 80 -1 -2
22 27 72 74 -1 3 66 69 98 -1 3 5 52 97 -1 13 17 33 69 -1 22 56 76 99 -1 30 80 83 92 -1 20 41 84 88 -1 18 26 59 84 -1 24 43 51 82 -1 -2
13 32 86 100 -1 32 55 61 72 -1 20 32 67 88 -1 28 50 52 57 -1 14 58 83 86 -1 9 18 56 66 -1 2 8 29 62 -1 -2
4 53 83 96 -1 57 58 72 81 -1 21 33 53 86 -1 8 38 68 100 -1 13 28 57 81 -1 57 70 72 80 -1 11 19 24 61 -1 13 23 43 56 -1 28 53 57 86 -1 7 31 34 82 -1 -2
37 42 62 81 -1 16 21 26 31 -1 1 3 48 92 -1 37 46 52 57 -1 15 43 94 95 -1 -2
12 19 68 89 -1 45 71 86 94 -1 11 40 64 69 -1 10 56 58 99 -1 25 64 67 97 -1 2 14 59 67 -1 63 77 79 98 -1 52 71 75 97 -1 14 53 78 88 -1 -2
30 69 93 94 -1 34 43 77 98 -1 38 70 81 98 -1 62 75 78 94 -1 11 30 47 72 -1 42 72 77 98 -1 8 51 69 70 -1 6 16 96 99 -1 68 71 78 84 -1 1 18 86 94 -1 -2
46 61 67 76 -1 18 66 67 93 -1 29 46 58 87 -1 3 33 74 94 -1 -2
31 34 35 79 -1 4 6 41 99 -1 51 63 87 94 -1 19 24 51 61 -1 26 52 73 75 -1 -2
6 31 65 92 -1 -2
45 56 69 72 -1 24 26 30 81 -1 12 43 58 80 -1 22 34 38 100 -1 3 14 21 94 -1 -2
8 26 38 65 -1 5 12 70 99 -1 -2
26 49 54 66 -1 37 51 75 78 -1 20 45 66 96 -1 -2
38 44 59 68 -1 5 40 44 65 -1 17 24 56 75 -1 10 41 56 83 -1 11 42 76 92 -1 21 24 52 70 -1 19 23 35 41 -1 1 43 90 97 -1 -2
19 27 46 75 -1 47 67 77 100 -1 27 41 70 79 -1 63 77 94 100 -1 4 18 59 96 -1 27 48 49 97 -1 5 28 32 82 -1 12 42 46 67 -1 26 45 58 87 -1 38 59 61 76 -1 -2
9 20 40 65 -1 13 20 50 67 -1 12 20 42 57 -1 -2
28 33 81 99 -1 27 34 93 97 -1 8 58 65 94 -1 33 55 75 99 -1 20 39 40 100 -1 58 65 72 87 -1 4 11 35 62 -1 -2
10 13 27 45 -1 -2
12 23 80 85 -1 40 46 67 78 -1 24 48 64 90 -1 10 44 54 97 -1 16 49 70 80 -1 55 62 72 99 -1 8 9 63 70 -1 30 55 68 71 -1 -2
51 60 64 75 -1 28 61 66 80 -1 9 38 90 95 -1 27 40 66 71 -1 12 41 55 97 -1 1 89 90 100 -1 5 26 61 86 -1 7 11 16 35 -1 3 11 31 38 -1 -2
6 32 51 52 -1 49 51 61 76 -1 46 58 84 87 -1 18 54 73 83 -1 12 41 57 71 -1 40 49 55 89 -1 16 30 47 91 -1 10 15 25 56 -1 29 32 62 75 -1 17 18 65 71 -1 -2
3 4 16 69 -1 6 9 23 72 -1 9 27 47 98 -1 37 48 71 89 -1 47 64 88 95 -1 14 25 87 96 -1 6 38 47 89 -1 1 27 66 88 -1 -2
11 37 49 77 -1 14 52 57 67 -1 1 17 26 56 -1 3 43 46 61 -1 39 48 79 85 -1 -2
5 20 41 63 -1 76 82 84 97 -1 18 36 49 55 -1 -2
29 33 40 61 -1 3 16 23 49 -1 17 30 41 52 -1 7 8 64 86 -1 19 29 74 100 -1 30 63 64 86 -1 21 42 78 96 -1 2 11 23 49 -1 10 18 29 69 -1 19 48 67 88 -1 -2
3 7 46 90 -1 41 64 67 94 -1 34 44 71 83 -1 21 44 76 92 -1 12 54 65 69 -1 15 61 64 84 -1 5 24 33 40 -1 -2
60 82 83 96 -1 32 56 58 74 -1 2 45 84 89 -1 24 36 43 54 -1 58 63 90 95 -1 -2
11 37 74 98 -1 36 46 54 59 -1 13 70 94 97 -1 -2
4 26 46 48 -1 15 22 27 80 -1 3 59 75 96 -1 24 65 74 75 -1 35 68 92 94 -1 29 32 56 64 -1 9 48 56 94 -1 15 36 66 75 -1 11 15 77 85 -1 -2
20 64 87 95 -1 49 59 61 95 -1 13 39 53 64 -1 6 30 38 51 -1 2 18 40 77 -1 9 17 71 94 -1 -2
11 43 58 64 -1 8 29 69 74 -1 11 53 56 63 -1 12 32 36 95 -1 5 21 51 79 -1 18 26 32 77 -1 -2
8 61 84 97 -1 21 49 57 89 -1 31 39 59 94 -1 2 20 79 83 -1 -2
6 15 51 96 -1 45 51 69 93 -1 52 62 65 89 -1 27 29 35 59 -1 13 21 81 94 -1 18 24 60 90 -1 31 41 55 94 -1 29 36 82 90 -1 4 70 75 81 -1 42 48 52 56 -1 -2
77 85 93 96 -1 22 49 67 97 -1 7 13 31 96 -1 13 27 71 76 -1 27 41 51 78 -1 17 37 41 47 -1 -2
3 14 47 74 -1 14 23 31 84 -1 33 63 79 81 -1 9 36 52 70 -1 6 24 50 87 -1 8 55 68 73 -1 20 39 61 96 -1 21 25 32 65 -1 9 10 14 32 -1 -2
37 49 59 98 -1 -2
50 58 65 73 -1 55 70 75 82 -1 30 41 93 98 -1 54 63 70 95 -1 2 52 75 96 -1 7 74 99 100 -1 -2
16 34 35 76 -1 13 22 29 97 -1 37 52 60 92 -1 39 57 79 80 -1 18 56 59 84 -1 27 53 63 93 -1 22 43 67 71 -1 36 44 86 90 -1 31 33 87 96 -1 -2
24 28 30 89 -1 9 10 48 68 -1 1 28 42 80 -1 1 2 11 25 -1 14 26 45 66 -1 48 66 82 98 -1 39 60 86 98 -1 3 30 57 71 -1 -2
4 5 9 96 -1 34 41 47 79 -1 21 41 55 60 -1 1 46 57 88 -1 -2
35 70 76 79 -1 23 44 69 79 -1 12 35 44 83 -1 16 22 59 66 -1 21 54 72 97 -1 -2
37 38 57 72 -1 15 43 50 75 -1 9 42 91 97 -1 -2
10 20 79 84 -1 32 52 73 100 -1 -2
23 24 51 85 -1 40 42 48 62 -1 12 38 60 81 -1 33 86 87 98 -1 23 48 80 87 -1 -2
4 8 17 39 -1 6 30 90 99 -1 9 16 24 46 -1 13 36 80 82 -1 13 23 25 58 -1 10 18 19 34 -1 66 88 92 100 -1 -2
15 27 46 92 -1 32 74 79 85 -1 34 35 37 75 -1 5 8 53 95 -1 -2
62 71 74 84 -1 -2
11 27 34 64 -1 3 19 66 67 -1 6 40 46 59 -1 25 31 52 73 -1 18 49 51 71 -1 6 21 45 56 -1 -2
4 14 46 88 -1 11 21 46 100 -1 12 37 40 41 -1 1 14 22 71 -1 -2
39 48 56 63 -1 34 35 73 81 -1 -2
7 18 49 100 -1 17 28 45 87 -1 10 67 79 98 -1 4 9 56 94 -1 -2
34 38 41 86 -1 21 52 56 73 -1 6 10 25 44 -1 1 6 12 72 -1 24 49 67 74 -1 2 24 71 78 -1 -2
17 26 29 56 -1 7 14 24 31 -1 52 76 89 99 -1 22 23 43 81 -1 -2
19 25 46 74 -1 1 6 42 56 -1 41 60 72 75 -1 -2
47 68 80 83 -1 -2
66 69 74 80 -1 5 68 72 76 -1 10 18 31 56 -1 7 12 32 56 -1 21 39 42 89 -1 35 46 74 97 -1 5 11 12 83 -1 17 42 61 97 -1 13 60 63 67 -1 -2
11 32 52 82 -1 14 29 67 78 -1 6 15 26 82 -1 -2
3 11 13 33 -1 1 32 51 95 -1 52 56 79 81 -1 -2
1 23 37 93 -1 15 20 44 69 -1 18 52 61 62 -1 1 52 73 76 -1 9 42 65 99 -1 51 58 79 100 -1 3 12 38 60 -1 52 85 86 88 -1 8 20 86 93 -1 1 6 64 72 -1 -2
9 51 78 96 -1 13 68 78 79 -1 19 20 21 54 -1 28 36 52 93 -1 4 15 57 95 -1 2 48 67 79 -1 -2
12 55 65 81 -1 3 15 46 71 -1 31 72 75 81 -1 -2
5 49 52 62 -1 10 30 33 50 -1 44 47 51 90 -1 11 45 89 92 -1 17 37 50 84 -1 12 68 70 77 -1 3 58 74 89 -1 68 77 78 80 -1 23 30 46 94 -1 25 31 51 65 -1 -2
8 42 49 82 -1 2 51 59 88 -1 36 67 72 81 -1 3 43 81 90 -1 39 61 67 100 -1 -2
35 59 74 84 -1 52 69 86 91 -1 17 61 79 82 -1 3 19 27 31 -1 5 38 39 92 -1 25 26 52 73 -1 40 45 83 91 -1 -2
13 20 62 100 -1 17 79 81 83 -1 14 23 44 95 -1 -2
8 41 76 84 -1 46 78 84 97 -1 22 29 34 98 -1 38 53 83 96 -1 40 51 64 68 -1 -2
50 62 65 98 -1 41 44 91 96 -1 -2
10 50 51 88 -1 21 24 68 69 -1 4 36 58 76 -1 29 62 74 79 -1 23 24 40 63 -1 40 92 93 100 -1 50 58 83 86 -1 -2
35 56 69 71 -1 67 68 77 91 -1 34 64 69 71 -1 -2
57 58 64 75 -1 9 74 85 94 -1 3 4 14 19 -1 10 64 82 97 -1 23 42 44 45 -1 -2
21 57 72 74 -1 12 48 68 98 -1 34 84 89 100 -1 -2
18 28 50 96 -1 13 26 37 99 -1 3 29 35 48 -1 2 44 54 77 -1 44 58 64 65 -1 42 59 68 90 -1 5 22 37 91 -1 52 65 88 98 -1 13 38 45 54 -1 14 18 47 100 -1 -2
13 16 25 98 -1 17 60 68 76 -1 3 7 55 94 -1 43 52 76 77 -1 19 29 68 85 -1 16 57 87 98 -1 -2
12 65 68 98 -1 11 59 75 89 -1 56 57 82 95 -1 9 46 85 97 -1 1 24 65 73 -1 13 15 25 86 -1 17 25 50 66 -1 58 59 75 79 -1 -2
15 41 43 67 -1 21 26 47 82 -1 38 48 54 80 -1 8 53 69 78 -1 3 10 53 96 -1 -2
28 37 58 98 -1 -2
7 37 55 60 -1 10 11 19 31 -1 35 42 60 83 -1 12 24 41 61 -1 4 64 66 98 -1 12 24 44 93 -1 18 21 43 48 -1 21 57 87 100 -1 15 20 81 98 -1 -2
3 88 91 97 -1 12 35 42 46 -1 20 55 67 88 -1 28 66 78 91 -1 30 45 58 72 -1 65 75 84 97 -1 13 24 62 95 -1 25 48 82 100 -1 10 24 44 87 -1 -2
31 59 78 91 -1 14 19 32 81 -1 18 59 67 71 -1 18 33 48 97 -1 26 60 88 92 -1 -2
5 9 66 76 -1 8 27 44 81 -1 13 55 73 94 -1 13 30 45 97 -1 27 44 80 93 -1 30 80 91 92 -1 27 33 50 89 -1 12 86 95 99 -1 -2
12 74 78 80 -1 29 34 69 72 -1 23 42 60 61 -1 22 79 95 100 -1 -2
10 30 74 83 -1 30 40 62 80 -1 33 55 57 75 -1 -2
61 71 81 94 -1 12 30 56 70 -1 37 43 54 88 -1 11 15 74 88 -1 -2
3 10 90 91 -1 36 45 65 81 -1 20 48 55 88 -1 13 21 26 78 -1 22 56 76 98 -1 41 62 66 67 -1 27 37 81 82 -1 31 78 85 98 -1 55 70 84 89 -1 -2
39 64 70 92 -1 1 4 8 77 -1 39 80 82 98 -1 -2
28 56 65 79 -1 6 51 65 74 -1 60 65 86 88 -1 62 71 96 98 -1 5 54 64 98 -1 -2
44 56 69 71 -1 4 13 26 95 -1 2 9 18 75 -1 1 16 30 35 -1 5 14 51 62 -1 25 33 49 83 -1 37 58 75 99 -1 57 70 82 97 -1 -2
38 41 69 87 -1 3 45 74 99 -1 20 42 50 66 -1 11 43 50 53 -1 16 45 83 93 -1 28 50 97 98 -1 25 47 55 89 -1 -2
9 71 80 90 -1 37 42 64 93 -1 6 33 62 100 -1 29 37 57 96 -1 4 29 46 59 -1 -2
8 26 87 95 -1 33 53 71 92 -1 17 36 79 98 -1 1 9 43 90 -1 8 20 66 75 -1 27 40 49 65 -1 14 47 85 94 -1 60 82 83 90 -1 -2
12 45 77 90 -1 9 28 73 90 -1 25 50 56 79 -1 34 48 90 98 -1 9 35 55 99 -1 3 44 55 78 -1 38 79 87 99 -1 28 75 87 95 -1 4 9 46 79 -1 -2
2 22 54 86 -1 29 56 78 88 -1 25 34 48 78 -1 8 38 44 68 -1 -2
4 41 56 71 -1 2 15 26 63 -1 4 8 20 39 -1 16 71 72 88 -1 -2
9 20 39 57 -1 3 16 68 84 -1 -2
18 21 87 100 -1 10 34 40 100 -1 -2
57 67 80 97 -1 11 14 40 64 -1 6 44 46 94 -1 36 43 61 72 -1 57 72 83 92 -1 6 8 51 59 -1 49 64 73 87 -1 -2
1 19 37 40 -1 -2
20 36 41 66 -1 21 30 43 74 -1 -2
1 82 89 93 -1 26 31 64 99 -1 4 39 66 76 -1 33 45 48 52 -1 -2
27 48 60 80 -1 15 41 57 66 -1 1 4 59 75 -1 57 91 93 94 -1 -2
5 45 47 76 -1 14 49 65 77 -1 5 31 36 74 -1 23 47 53 74 -1 1 3 31 66 -1 8 21 55 76 -1 2 72 81 100 -1 6 10 19 49 -1 12 19 47 99 -1 60 62 66 72 -1 -2
10 14 43 73 -1 2 4 65 91 -1 20 25 43 72 -1 52 62 71 74 -1 9 40 54 62 -1 6 35 58 90 -1 17 22 44 85 -1 24 76 84 88 -1 -2
3 57 67 83 -1 -2
7 14 19 70 -1 4 35 69 70 -1 6 32 75 97 -1 43 51 85 99 -1 49 57 74 87 -1 13 49 77 100 -1 10 29 51 55 -1 13 37 54 58 -1 38 42 45 51 -1 8 28 75 77 -1 -2
18 34 62 99 -1 8 38 81 94 -1 40 54 72 81 -1 3 68 85 94 -1 30 32 59 71 -1 16 74 79 86 -1 3 24 59 62 -1 2 48 54 73 -1 -2
14 61 71 73 -1 3 36 71 72 -1 -2
31 56 77 85 -1 25 41 42 83 -1 2 44 57 76 -1 17 39 81 88 -1 -2
43 63 68 81 -1 22 28 79 94 -1 -2
21 31 43 67 -1 1 25 30 70 -1 36 45 60 69 -1 24 67 84 99 -1 40 45 49 65 -1 -2
22 45 60 81 -1 -2
3 39 45 87 -1 8 12 28 81 -1 14 16 19 80 -1 8 16 25 74 -1 2 14 17 26 -1 60 65 92 98 -1 33 65 85 93 -1 17 25 68 85 -1 35 37 60 61 -1 -2
11 76 83 93 -1 39 44 55 89 -1 3 36 69 73 -1 -2
27 38 45 60 -1 27 77 83 94 -1 20 25 49 51 -1 17 25 61 78 -1 10 39 69 84 -1 11 19 66 74 -1 3 20 36 97 -1 -2
1 71 75 90 -1 29 32 77 89 -1 1 11 37 47 -1 17 56 58 73 -1 13 33 91 96 -1 15 52 92 93 -1 24 33 37 67 -1 12 29 55 90 -1 -2
49 56 65 77 -1 -2
9 57 70 76 -1 28 29 60 90 -1 4 13 31 96 -1 -2
16 37 79 90 -1 3 5 77 86 -1 9 14 73 100 -1 -2
59 61 93 98 -1 15 19 52 93 -1 3 59 65 95 -1 15 27 47 62 -1 15 35 56 83 -1 1 37 49 99 -1 -2
5 41 64 94 -1 -2
43 51 76 82 -1 -2
17 46 47 56 -1 53 58 91 95 -1 -2
9 20 42 68 -1 2 16 22 58 -1 26 57 95 98 -1 38 41 53 56 -1 14 33 63 88 -1 -2
4 11 85 95 -1 18 84 96 98 -1 15 19 23 27 -1 19 24 51 69 -1 8 13 26 62 -1 9 13 28 39 -1 54 58 59 95 -1 35 76 81 84 -1 -2
10 80 86 89 -1 6 51 59 71 -1 -2
13 20 31 50 -1 -2
31 32 76 89 -1 3 6 14 99 -1 44 47 73 82 -1 12 17 65 91 -1 6 7 21 32 -1 4 31 35 65 -1 11 39 63 97 -1 19 38 89 93 -1 11 29 69 93 -1 -2
13 26 46 92 -1 8 70 80 87 -1 25 57 85 88 -1 3 31 75 99 -1 40 48 89 98 -1 19 87 92 100 -1 -2
38 44 84 95 -1 23 63 68 95 -1 13 25 30 56 -1 13 14 16 64 -1 -2
9 13 67 74 -1 46 75 87 100 -1 17 44 45 76 -1 37 46 49 74 -1 16 43 52 73 -1 37 54 64 100 -1 -2
15 20 27 87 -1 19 49 70 86 -1 17 66 71 74 -1 6 10 20 94 -1 8 49 58 100 -1 1 71 77 90 -1 23 67 79 84 -1 23 40 72 99 -1 27 53 56 92 -1 -2
1 57 72 81 -1 13 34 40 71 -1 -2
67 69 79 99 -1 21 30 35 50 -1 12 17 24 80 -1 -2
49 59 71 96 -1 17 20 62 99 -1 10 32 48 88 -1 -2
22 42 82 90 -1 11 13 21 91 -1 -2
26 44 50 62 -1 11 44 56 70 -1 15 24 29 91 -1 -2
17 48 76 80 -1 -2
67 75 83 90 -1 7 8 86 88 -1 40 71 77 93 -1 11 16 18 76 -1 3 45 54 85 -1 31 34 91 95 -1 26 36 84 92 -1 -2
46 47 61 73 -1 7 24 46 88 -1 15 48 59 86 -1 4 52 82 85 -1 45 67 81 87 -1 28 30 66 91 -1 54 60 81 90 -1 2 13 30 69 -1 40 49 72 76 -1 3 15 62 79 -1 -2
38 42 46 90 -1 7 39 50 86 -1 36 39 59 66 -1 18 57 91 98 -1 8 19 65 83 -1 -2
10 81 89 98 -1 -2
27 51 61 100 -1 42 77 93 96 -1 7 11 46 90 -1 59 62 63 83 -1 -2
12 24 41 53 -1 51 64 89 98 -1 4 24 78 89 -1 26 40 63 85 -1 5 25 38 54 -1 -2
10 77 92 98 -1 40 47 49 51 -1 -2
46 49 60 86 -1 62 70 76 83 -1 13 16 49 74 -1 4 19 29 39 -1 11 34 42 49 -1 36 37 91 97 -1 8 32 70 83 -1 -2
49 55 72 85 -1 1 30 67 96 -1 22 27 46 63 -1 19 66 70 73 -1 3 43 58 78 -1 10 31 45 80 -1 24 32 57 88 -1 3 57 58 90 -1 -2
7 35 45 84 -1 22 45 71 80 -1 8 43 55 62 -1 18 25 68 72 -1 29 34 35 74 -1 1 5 50 93 -1 16 22 70 80 -1 38 50 80 88 -1 26 40 43 83 -1 6 18 77 93 -1 -2
12 35 54 57 -1 10 15 92 95 -1 14 43 58 84 -1 16 42 60 98 -1 9 31 53 70 -1 7 32 47 91 -1 45 52 76 84 -1 9 56 70 90 -1 3 11 13 30 -1 -2
26 50 52 58 -1 9 11 45 78 -1 26 51 54 73 -1 29 31 72 73 -1 20 46 50 56 -1 -2
3 28 70 74 -1 2 19 32 36 -1 11 20 85 92 -1 22 24 26 52 -1 25 42 45 65 -1 5 22 94 97 -1 25 46 65 74 -1 1 3 34 41 -1 -2
22 25 34 71 -1 3 32 57 61 -1 32 47 69 70 -1 -2
11 36 78 84 -1 27 41 43 44 -1 17 20 21 90 -1 60 76 82 91 -1 10 13 37 40 -1 21 22 32 82 -1 16 36 46 67 -1 -2
18 26 40 75 -1 -2
12 46 71 72 -1 47 80 83 88 -1 23 40 81 88 -1 -2
9 22 60 65 -1 25 34 76 85 -1 39 56 74 84 -1 17 25 31 41 -1 7 27 33 36 -1 -2
44 45 58 83 -1 -2
39 44 45 61 -1 41 61 69 92 -1 11 15 60 97 -1 32 34 59 92 -1 18 62 65 86 -1 27 29 48 94 -1 29 30 38 68 -1 5 24 27 91 -1 -2
9 27 47 63 -1 17 63 80 95 -1 -2
17 22 62 70 -1 24 45 54 64 -1 23 44 53 63 -1 1 30 33 94 -1 8 25 29 100 -1 -2
8 29 58 83 -1 -2
3 47 74 87 -1 24 69 71 88 -1 15 16 24 98 -1 2 30 87 94 -1 -2
24 42 61 82 -1 30 46 70 100 -1 5 7 33 97 -1 23 26 33 58 -1 38 39 81 99 -1 6 35 64 84 -1 15 65 76 93 -1 28 33 65 73 -1 -2
31 85 93 95 -1 51 55 71 73 -1 -2
1 19 41 54 -1 6 23 36 61 -1 -2
56 61 87 91 -1 -2
30 34 64 91 -1 -2
24 31 42 79 -1 -2
6 38 83 100 -1 -2
4 28 38 46 -1 4 21 27 99 -1 13 44 46 71 -1 5 63 72 85 -1 11 39 65 82 -1 12 15 25 50 -1 -2
21 38 45 47 -1 9 26 42 76 -1 -2
27 56 57 93 -1 18 29 44 77 -1 42 43 46 62 -1 25 34 80 84 -1 -2
46 66 82 85 -1 27 40 65 80 -1 18 32 49 75 -1 -2
25 50 80 91 -1 8 56 70 90 -1 58 69 75 88 -1 4 15 43 91 -1 5 16 83 87 -1 8 13 50 99 -1 -2
12 81 84 94 -1 3 12 38 42 -1 61 88 91 92 -1 16 48 89 95 -1 10 31 41 73 -1 24 34 66 86 -1 1 5 45 58 -1 22 75 76 87 -1 5 25 33 67 -1 -2
1 24 26 40 -1 17 26 50 84 -1 5 54 63 72 -1 3 20 30 95 -1 20 37 42 87 -1 3 8 19 74 -1 49 54 76 77 -1 -2
3 47 67 82 -1 -2
15 33 58 67 -1 47 52 70 72 -1 56 57 86 87 -1 36 41 49 51 -1 15 47 60 66 -1 25 46 80 97 -1 3 30 39 56 -1 1 56 61 98 -1 1 82 96 97 -1 -2
31 40 55 71 -1 57 72 74 89 -1 20 75 77 88 -1 9 12 27 66 -1 24 31 46 81 -1 23 30 73 96 -1 27 31 39 53 -1 22 25 31 81 -1 32 38 47 62 -1 -2
7 37 51 95 -1 9 17 38 84 -1 25 39 81 88 -1 13 33 47 74 -1 28 73 94 100 -1 42 58 88 93 -1 8 12 36 91 -1 -2
62 75 79 93 -1 5 16 47 97 -1 17 43 58 95 -1 8 24 29 54 -1 2 13 23 39 -1 35 51 65 82 -1 17 35 43 52 -1 9 15 32 36 -1 30 34 63 69 -1 -2
7 14 90 97 -1 17 50 53 87 -1 26 27 57 70 -1 -2
38 45 57 81 -1 16 43 51 59 -1 24 46 66 83 -1 59 67 78 96 -1 8 16 58 91 -1 8 17 79 90 -1 73 85 93 99 -1 -2
23 56 60 92 -1 43 45 70 89 -1 -2
38 44 68 82 -1 20 25 32 44 -1 55 79 84 92 -1 16 40 83 93 -1 11 25 30 32 -1 -2
18 24 29 96 -1 22 24 59 73 -1 5 18 33 52 -1 20 23 38 84 -1 8 21 24 58 -1 37 52 80 93 -1 39 57 65 68 -1 2 18 55 79 -1 20 29 42 90 -1 16 66 70 100 -1 -2
1 17 45 74 -1 9 13 34 64 -1 39 53 65 69 -1 14 18 26 30 -1 55 66 69 97 -1 43 45 47 76 -1 73 78 86 98 -1 -2
24 45 78 91 -1 25 32 74 77 -1 41 55 89 99 -1 17 20 67 75 -1 22 54 61 87 -1 -2
20 23 36 65 -1 13 47 62 97 -1 45 46 49 96 -1 8 13 20 38 -1 -2
4 8 63 85 -1 14 42 59 82 -1 3 27 66 93 -1 5 26 77 93 -1 41 46 65 85 -1 28 69 77 95 -1 84 92 96 98 -1 4 26 30 50 -1 -2
22 56 83 85 -1 7 29 69 79 -1 19 30 58 81 -1 7 39 58 59 -1 24 43 48 72 -1 10 29 35 68 -1 40 51 52 65 -1 31 62 89 98 -1 1 7 28 64 -1 -2
17 19 26 50 -1 11 29 34 99 -1 3 45 65 80 -1 27 33 55 66 -1 41 68 81 95 -1 25 42 51 66 -1 42 45 75 76 -1 11 36 48 71 -1 13 27 87 92 -1 -2
30 33 48 74 -1 3 23 43 87 -1 19 33 42 61 -1 9 23 55 92 -1 -2
9 51 89 93 -1 18 46 80 97 -1 2 14 34 71 -1 14 29 32 45 -1 8 29 40 91 -1 33 39 42 84 -1 46 73 86 92 -1 21 52 57 78 -1 -2
3 39 72 78 -1 9 14 17 55 -1 30 66 70 80 -1 4 42 46 70 -1 7 15 66 79 -1 44 53 75 91 -1 10 28 57 97 -1 24 51 54 83 -1 43 62 73 74 -1 40 47 66 86 -1 -2
13 16 77 96 -1 -2
1 11 47 54 -1 19 31 47 57 -1 14 74 85 90 -1 11 37 59 71 -1 18 22 45 76 -1 8 45 48 73 -1 70 75 87 91 -1 28 52 56 65 -1 17 60 70 71 -1 -2
27 34 58 73 -1 58 76 89 95 -1 38 43 75 87 -1 25 33 53 79 -1 6 27 79 100 -1 31 42 83 100 -1 -2
2 29 40 41 -1 17 25 36 99 -1 -2
34 45 64 81 -1 -2
6 11 45 68 -1 15 55 66 92 -1 5 43 80 92 -1 27 54 61 84 -1 12 16 76 88 -1 5 21 55 80 -1 1 3 4 15 -1 7 36 52 56 -1 -2
12 33 76 81 -1 -2
3 21 32 55 -1 21 34 72 80 -1 -2
10 54 60 84 -1 1 31 38 56 -1 35 46 51 91 -1 36 45 50 66 -1 24 25 49 86 -1 -2
30 31 46 94 -1 67 86 94 95 -1 39 59 65 69 -1 15 43 65 98 -1 -2
2 15 23 65 -1 41 43 45 47 -1 13 18 32 59 -1 -2
42 58 69 71 -1 -2
3 35 52 64 -1 8 15 20 43 -1 10 20 68 69 -1 14 24 44 74 -1 5 26 37 75 -1 -2
10 13 21 30 -1 8 25 37 99 -1 30 77 88 100 -1 18 34 37 46 -1 17 22 62 88 -1 -2
14 29 71 99 -1 19 40 56 83 -1 3 18 32 77 -1 24 25 33 74 -1 -2
9 25 51 80 -1 11 14 29 42 -1 7 13 41 87 -1 33 52 64 76 -1 -2
14 20 38 100 -1 18 24 35 89 -1 -2
31 57 73 100 -1 -2
11 49 54 65 -1 11 14 56 77 -1 3 26 49 91 -1 9 14 26 79 -1 2 42 49 99 -1 -2
31 53 59 96 -1 17 28 56 94 -1 -2
4 7 43 73 -1 1 26 39 83 -1 36 56 73 91 -1 21 24 66 68 -1 21 32 79 91 -1 30 54 76 79 -1 22 36 52 79 -1 8 67 68 99 -1 24 33 71 90 -1 35 53 86 99 -1 -2
15 53 55 88 -1 -2
28 41 55 91 -1 52 69 80 86 -1 4 67 85 89 -1 72 76 91 98 -1 -2
2 35 68 99 -1 45 67 80 99 -1 54 58 68 81 -1 11 28 33 44 -1 27 49 50 61 -1 33 42 80 87 -1 30 34 80 93 -1 4 19 50 90 -1 29 41 44 88 -1 22 38 44 68 -1 -2
34 54 60 92 -1 12 28 76 98 -1 4 32 44 57 -1 6 43 44 96 -1 2 12 65 82 -1 6 12 16 51 -1 26 40 76 80 -1 33 41 50 51 -1 18 43 51 85 -1 19 26 37 76 -1 -2
6 23 61 87 -1 8 54 57 80 -1 -2
5 14 73 76 -1 60 81 83 89 -1 10 34 42 43 -1 31 44 70 100 -1 7 31 44 79 -1 -2
9 41 51 69 -1 23 57 76 87 -1 23 70 91 98 -1 18 33 60 88 -1 10 17 21 79 -1 18 22 48 90 -1 51 71 72 77 -1 -2
30 36 38 39 -1 21 57 84 93 -1 48 70 79 89 -1 -2
15 20 63 92 -1 40 44 73 85 -1 -2
13 22 57 95 -1 8 36 45 69 -1 3 53 91 95 -1 -2
12 20 58 93 -1 4 25 43 48 -1 -2
58 60 73 89 -1 28 55 62 92 -1 1 26 51 56 -1 17 40 56 98 -1 27 31 72 74 -1 6 30 37 86 -1 4 19 63 74 -1 -2
22 33 42 95 -1 33 35 44 85 -1 2 9 64 81 -1 56 63 88 100 -1 10 11 67 89 -1 30 67 73 95 -1 20 49 59 97 -1 -2
7 11 35 91 -1 17 44 92 93 -1 61 75 86 95 -1 27 55 56 91 -1 1 11 22 97 -1 11 62 79 90 -1 12 15 34 98 -1 39 47 84 100 -1 -2
20 39 46 70 -1 38 43 53 98 -1 10 45 87 94 -1 26 34 45 79 -1 -2
13 17 19 90 -1 7 43 47 82 -1 -2
2 40 67 87 -1 47 70 77 85 -1 5 20 36 42 -1 29 51 83 86 -1 7 47 52 80 -1 -2
19 29 53 87 -1 -2
34 57 59 62 -1 11 33 43 71 -1 2 48 73 75 -1 6 11 25 39 -1 -2
21 29 41 63 -1 8 9 12 71 -1 45 55 73 100 -1 24 27 54 92 -1 22 56 73 77 -1 5 40 66 72 -1 -2
6 8 70 93 -1 26 37 80 82 -1 14 20 64 85 -1 25 46 59 64 -1 7 27 74 83 -1 2 7 21 92 -1 33 64 72 76 -1 6 44 52 57 -1 -2
28 47 76 98 -1 18 48 81 85 -1 55 66 67 71 -1 -2
42 60 65 96 -1 3 38 46 60 -1 -2
45 75 87 91 -1 12 31 44 91 -1 -2
41 42 49 53 -1 31 43 72 82 -1 -2
31 38 59 91 -1 14 40 74 84 -1 -2
26 45 50 56 -1 45 76 84 93 -1 46 55 66 96 -1 19 34 87 95 -1 36 40 48 67 -1 35 40 51 62 -1 2 5 31 84 -1 10 67 81 86 -1 1 9 78 92 -1 67 80 83 92 -1 -2
17 26 33 52 -1 17 20 23 28 -1 -2
48 52 58 65 -1 25 29 41 56 -1 5 27 89 98 -1 17 31 80 90 -1 18 21 44 92 -1 -2
40 50 70 89 -1 2 13 24 54 -1 10 14 87 98 -1 59 66 81 84 -1 19 51 73 86 -1 -2
21 44 72 84 -1 18 21 88 98 -1 28 40 47 48 -1 6 40 67 92 -1 -2
34 61 66 93 -1 39 44 66 99 -1 33 38 70 86 -1 24 43 57 91 -1 13 21 43 44 -1 -2
24 25 28 74 -1 35 69 72 78 -1 12 29 62 83 -1 10 17 28 44 -1 8 9 55 75 -1 48 65 81 88 -1 8 24 37 45 -1 12 56 66 89 -1 19 40 73 92 -1 6 30 64 86 -1 -2
1 28 61 79 -1 49 57 68 86 -1 10 15 55 99 -1 48 57 60 94 -1 -2
60 75 99 100 -1 1 26 42 55 -1 40 46 49 96 -1 14 57 71 86 -1 30 32 35 72 -1 -2
22 23 29 33 -1 -2
31 32 35 36 -1 36 38 51 69 -1 15 17 56 79 -1 11 28 68 77 -1 4 13 64 70 -1 -2
6 28 29 66 -1 7 9 33 56 -1 5 16 36 89 -1 1 2 55 61 -1 29 74 87 88 -1 11 13 43 85 -1 14 64 92 100 -1 1 11 42 86 -1 30 34 73 75 -1 -2
12 37 95 96 -1 1 7 37 92 -1 25 45 82 84 -1 10 31 35 95 -1 25 41 63 91 -1 24 31 56 75 -1 10 60 87 95 -1 14 52 91 98 -1 -2
63 76 79 92 -1 5 19 32 62 -1 13 39 67 97 -1 17 38 53 63 -1 6 24 40 81 -1 19 20 66 91 -1 -2
3 43 79 95 -1 66 69 72 73 -1 20 33 45 73 -1 27 40 44 99 -1 1 72 80 89 -1 13 47 61 96 -1 2 5 44 90 -1 21 50 78 86 -1 15 43 48 84 -1 -2
2 24 67 77 -1 55 64 91 97 -1 22 24 46 74 -1 4 24 79 80 -1 15 51 76 93 -1 13 15 35 84 -1 32 45 90 91 -1 16 22 66 93 -1 -2
19 25 31 82 -1 3 44 64 66 -1 -2
10 41 50 56 -1 9 56 69 87 -1 4 26 48 96 -1 -2
26 32 45 46 -1 26 27 32 99 -1 -2
27 34 42 51 -1 12 51 89 96 -1 32 55 90 99 -1 26 73 87 97 -1 20 25 58 96 -1 24 28 80 88 -1 69 84 86 88 -1 7 56 80 82 -1 17 25 37 89 -1 1 27 57 96 -1 -2
21 28 70 92 -1 22 66 79 95 -1 2 6 10 52 -1 2 42 43 52 -1 -2
45 52 54 82 -1 26 30 31 87 -1 1 3 23 82 -1 5 6 45 48 -1 2 31 53 96 -1 14 16 20 90 -1 54 59 90 95 -1 52 71 88 90 -1 -2
23 27 36 41 -1 30 45 68 99 -1 8 43 86 98 -1 27 49 60 83 -1 -2
1 11 28 84 -1 6 43 84 89 -1 4 21 30 40 -1 16 56 76 95 -1 -2
38 67 71 75 -1 17 30 57 79 -1 14 21 73 97 -1 -2
31 60 93 94 -1 12 38 39 98 -1 9 18 64 92 -1 26 28 48 67 -1 -2
15 44 79 95 -1 13 64 71 74 -1 32 50 79 86 -1 21 47 60 96 -1 32 79 91 97 -1 -2
21 34 67 92 -1 19 42 51 77 -1 35 39 45 61 -1 -2
27 73 87 88 -1 14 26 90 95 -1 31 68 87 88 -1 5 7 76 77 -1 -2
19 37 43 67 -1 13 24 47 94 -1 16 23 38 42 -1 19 20 22 56 -1 7 47 58 84 -1 24 50 70 84 -1 31 52 56 97 -1 74 78 98 99 -1 8 15 65 91 -1 1 11 13 56 -1 -2
52 67 70 78 -1 -2
45 51 61 87 -1 65 66 81 86 -1 69 78 79 89 -1 2 64 65 93 -1 3 13 19 48 -1 34 49 75 89 -1 17 76 80 84 -1 6 60 70 94 -1 13 58 87 95 -1 -2
11 35 80 81 -1 25 60 67 84 -1 34 40 47 93 -1 3 4 35 59 -1 -2
7 14 32 45 -1 45 55 59 63 -1 8 26 42 60 -1 1 10 17 19 -1 1 28 41 93 -1 1 38 53 85 -1 13 78 89 90 -1 16 23 36 78 -1 10 38 48 70 -1 40 42 71 85 -1 -2
17 59 83 84 -1 29 30 31 39 -1 28 66 67 89 -1 5 35 89 95 -1 -2
9 37 48 93 -1 28 48 61 99 -1 -2
20 26 82 90 -1 -2
2 37 76 83 -1 52 74 93 96 -1 15 22 34 87 -1 56 64 84 96 -1 25 29 51 89 -1 -2
28 51 63 97 -1 15 76 87 89 -1 20 68 77 95 -1 36 39 40 77 -1 45 58 78 83 -1 2 7 12 15 -1 3 4 39 48 -1 3 6 64 73 -1 26 38 39 87 -1 -2
18 27 46 49 -1 -2
6 7 35 100 -1 -2
3 8 19 25 -1 71 77 80 99 -1 19 24 69 80 -1 37 46 79 92 -1 2 9 37 76 -1 3 40 57 59 -1 -2
37 50 85 89 -1 22 32 68 81 -1 25 28 31 83 -1 -2
1 50 71 73 -1 29 30 63 98 -1 20 66 80 81 -1 8 49 71 96 -1 61 70 73 83 -1 9 12 34 95 -1 14 21 36 63 -1 18 28 32 34 -1 8 36 80 94 -1 -2
11 60 74 89 -1 1 20 31 58 -1 -2
31 84 85 98 -1 20 52 59 61 -1 -2
47 78 88 93 -1 25 32 35 81 -1 13 37 45 50 -1 23 24 75 78 -1 17 25 57 84 -1 40 72 74 87 -1 -2
3 11 85 87 -1 10 31 38 42 -1 34 48 82 90 -1 17 40 70 100 -1 19 22 32 43 -1 -2
2 20 33 69 -1 40 55 79 83 -1 30 54 64 80 -1 39 40 79 87 -1 16 39 60 61 -1 9 16 17 87 -1 21 48 50 79 -1 13 28 41 51 -1 50 64 73 77 -1 -2
48 49 64 68 -1 69 77 87 92 -1 5 9 59 70 -1 44 52 60 77 -1 -2
1 2 15 27 -1 10 28 78 92 -1 17 41 73 100 -1 9 14 62 72 -1 44 54 69 96 -1 24 47 66 83 -1 20 36 44 65 -1 4 18 23 92 -1 13 27 54 61 -1 -2
44 52 71 75 -1 4 24 37 79 -1 5 28 70 78 -1 1 29 40 70 -1 50 69 93 94 -1 1 39 72 88 -1 -2
2 23 75 78 -1 4 15 22 55 -1 5 10 57 95 -1 48 79 81 84 -1 11 37 52 66 -1 8 11 28 56 -1 -2
50 55 80 87 -1 3 81 85 91 -1 31 59 66 72 -1 -2
22 36 52 77 -1 2 5 37 96 -1 10 12 54 62 -1 3 18 72 92 -1 7 53 54 56 -1 12 32 41 99 -1 39 54 70 90 -1 51 67 71 98 -1 -2
44 55 68 90 -1 19 43 46 72 -1 10 15 39 66 -1 15 17 28 73 -1 1 5 19 89 -1 1 8 9 38 -1 -2
17 43 64 77 -1 -2
4 61 85 96 -1 -2
32 39 57 59 -1 -2
22 65 73 90 -1 3 9 16 44 -1 3 8 46 63 -1 22 61 85 92 -1 54 57 79 83 -1 -2
20 48 69 77 -1 -2
9 28 31 69 -1 37 53 80 87 -1 11 40 80 82 -1 1 43 83 92 -1 46 55 88 96 -1 17 21 28 84 -1 7 34 35 39 -1 10 25 69 83 -1 -2
4 51 77 92 -1 -2
35 66 70 93 -1 10 45 57 67 -1 3 4 25 78 -1 44 50 68 80 -1 19 39 78 85 -1 21 32 68 100 -1 -2
5 10 20 78 -1 10 54 56 77 -1 11 26 56 66 -1 20 32 37 38 -1 -2
49 52 72 78 -1 23 36 40 65 -1 -2
15 22 25 31 -1 32 63 67 74 -1 7 35 48 49 -1 10 20 30 63 -1 6 11 50 67 -1 6 49 85 97 -1 -2
15 41 59 88 -1 5 25 38 49 -1 7 8 10 48 -1 9 44 77 80 -1 53 71 85 93 -1 29 38 75 93 -1 18 37 41 90 -1 11 47 54 58 -1 -2
37 56 84 94 -1 -2
34 53 66 67 -1 15 16 27 28 -1 40 80 90 92 -1 11 36 74 90 -1 18 59 77 80 -1 14 44 46 70 -1 1 3 70 77 -1 24 37 69 90 -1 21 24 29 51 -1 8 31 58 96 -1 -2
6 23 24 89 -1 -2
15 33 53 82 -1 10 24 46 61 -1 33 68 92 97 -1 10 11 46 60 -1 10 30 90 91 -1 23 37 47 87 -1 1 44 75 83 -1 -2
48 74 85 91 -1 37 42 64 95 -1 32 42 44 58 -1 3 40 80 93 -1 5 29 32 68 -1 4 13 50 76 -1 -2
6 20 44 48 -1 3 6 32 63 -1 -2
6 13 57 89 -1 7 16 20 91 -1 4 18 55 96 -1 6 51 80 96 -1 2 23 35 90 -1 -2
19 25 27 79 -1 12 41 44 55 -1 5 8 55 93 -1 9 38 54 96 -1 -2
12 14 44 63 -1 34 52 75 81 -1 2 35 36 37 -1 -2
3 8 64 76 -1 1 22 78 94 -1 6 35 49 89 -1 49 51 66 76 -1 19 64 70 80 -1 38 67 76 78 -1 18 67 94 96 -1 -2
9 12 24 27 -1 25 43 44 64 -1 21 26 71 85 -1 -2
3 13 20 29 -1 1 22 80 98 -1 2 4 50 94 -1 1 11 30 38 -1 6 10 54 84 -1 56 66 86 93 -1 18 46 63 77 -1 12 19 25 74 -1 -2
1 22 81 94 -1 48 88 92 99 -1 11 57 78 92 -1 13 29 73 83 -1 -2
5 29 38 100 -1 42 57 70 94 -1 6 46 58 59 -1 13 24 42 66 -1 39 78 83 85 -1 11 26 88 98 -1 13 36 54 84 -1 25 71 74 81 -1 2 50 61 91 -1 -2
19 35 38 41 -1 7 56 57 73 -1 71 72 92 97 -1 15 32 41 43 -1 -2
16 34 71 76 -1 6 7 47 58 -1 19 43 70 99 -1 51 95 98 99 -1 9 16 22 78 -1 22 36 39 76 -1 64 68 69 83 -1 7 12 48 80 -1 23 26 74 97 -1 11 62 88 100 -1 -2
26 42 61 79 -1 37 69 86 99 -1 7 15 61 74 -1 14 43 63 64 -1 -2
7 77 87 99 -1 8 11 12 35 -1 3 26 79 87 -1 -2
26 65 66 93 -1 27 41 50 90 -1 18 73 96 99 -1 29 54 81 94 -1 51 63 72 95 -1 29 33 56 94 -1 39 48 60 71 -1 1 25 44 99 -1 11 50 56 84 -1 31 47 69 94 -1 -2
10 20 34 91 -1 48 54 59 83 -1 22 33 79 85 -1 -2
13 14 70 90 -1 40 46 64 74 -1 28 31 36 63 -1 43 51 56 85 -1 21 32 60 65 -1 45 61 75 93 -1 -2
15 47 80 88 -1 36 73 83 87 -1 23 75 79 86 -1 10 32 38 70 -1 4 10 12 38 -1 4 15 22 41 -1 20 24 76 92 -1 19 65 78 80 -1 24 52 58 64 -1 -2
82 91 92 96 -1 2 43 71 100 -1 -2
54 63 72 83 -1 3 5 20 88 -1 71 81 98 100 -1 6 31 36 65 -1 16 19 76 77 -1 13 25 66 72 -1 64 73 77 78 -1 -2
36 52 87 91 -1 12 39 77 100 -1 20 55 71 80 -1 31 55 87 90 -1 17 23 28 72 -1 46 55 78 99 -1 -2
8 18 90 98 -1 16 26 68 79 -1 -2
3 15 35 88 -1 25 27 81 98 -1 1 39 47 95 -1 48 54 93 99 -1 -2
16 17 65 66 -1 31 55 96 99 -1 14 32 54 67 -1 60 71 78 91 -1 41 47 81 87 -1 10 54 63 73 -1 42 56 64 69 -1 43 69 75 82 -1 44 46 64 85 -1 4 37 53 61 -1 -2
3 20 28 52 -1 4 23 32 48 -1 3 11 27 44 -1 8 17 54 57 -1 24 31 78 100 -1 -2
44 45 56 60 -1 17 33 34 87 -1 47 49 64 84 -1 5 7 8 97 -1 5 57 72 98 -1 14 21 38 76 -1 14 28 59 87 -1 11 17 34 44 -1 12 29 79 81 -1 5 39 59 97 -1 -2
3 10 83 100 -1 34 74 82 98 -1 -2
32 54 74 89 -1 16 23 56 93 -1 7 33 45 77 -1 26 27 85 96 -1 5 32 62 91 -1 -2
1 25 57 91 -1 2 5 25 31 -1 42 51 85 86 -1 35 74 85 86 -1 3 5 65 87 -1 14 19 77 78 -1 17 69 76 96 -1 3 59 65 76 -1 11 17 56 91 -1 -2
13 40 68 91 -1 15 17 29 100 -1 3 54 81 93 -1 10 45 92 100 -1 56 59 71 96 -1 9 69 98 99 -1 10 59 62 70 -1 28 92 95 96 -1 4 16 97 100 -1 16 35 62 73 -1 -2
35 70 90 98 -1 24 30 46 82 -1 3 35 39 97 -1 -2
53 64 68 71 -1 24 42 45 82 -1 2 48 77 84 -1 -2
41 51 74 86 -1 1 25 26 98 -1 4 25 44 81 -1 -2
14 26 67 86 -1 6 22 76 87 -1 18 22 59 78 -1 19 56 57 81 -1 45 53 69 70 -1 -2
11 33 83 98 -1 6 25 30 91 -1 46 47 56 87 -1 28 45 49 70 -1 23 27 64 68 -1 22 38 83 92 -1 4 60 67 90 -1 -2
11 25 43 84 -1 31 36 41 87 -1 -2
17 66 75 88 -1 4 21 49 88 -1 38 63 78 82 -1 12 32 41 91 -1 28 29 48 69 -1 3 4 42 49 -1 -2
24 57 76 95 -1 55 80 81 86 -1 6 46 60 85 -1 5 16 46 79 -1 6 24 28 89 -1 2 3 10 86 -1 24 32 51 58 -1 49 53 59 79 -1 30 55 58 68 -1 -2
3 6 19 20 -1 14 16 60 96 -1 26 55 58 76 -1 37 58 81 94 -1 1 11 56 77 -1 3 38 69 72 -1 34 76 82 95 -1 9 40 41 60 -1 38 56 58 71 -1 14 80 85 94 -1 -2
8 13 57 58 -1 -2
11 18 79 95 -1 21 41 42 48 -1 34 58 61 89 -1 56 76 79 90 -1 11 29 36 63 -1 24 50 58 80 -1 18 53 58 98 -1 16 20 91 95 -1 42 74 82 83 -1 -2
13 30 39 100 -1 -2
45 75 87 90 -1 41 51 70 74 -1 2 35 69 96 -1 8 32 39 41 -1 26 86 93 99 -1 23 37 75 93 -1 41 75 85 98 -1 6 12 56 93 -1 37 43 46 82 -1 -2
27 64 67 83 -1 1 15 35 62 -1 32 37 69 77 -1 -2
7 37 54 63 -1 -2
9 10 28 63 -1 47 55 93 100 -1 19 58 59 89 -1 13 43 45 66 -1 4 29 63 74 -1 13 30 57 90 -1 -2
30 40 65 66 -1 -2
31 52 53 95 -1 2 32 48 54 -1 15 44 51 98 -1 6 33 39 95 -1 23 27 46 58 -1 12 15 38 92 -1 12 44 61 88 -1 2 32 46 47 -1 23 60 81 88 -1 -2
17 34 41 49 -1 14 79 82 88 -1 8 40 61 85 -1 18 38 76 77 -1 55 71 80 95 -1 -2
8 10 29 53 -1 61 81 83 100 -1 17 20 35 67 -1 15 61 62 63 -1 13 25 60 96 -1 -2
2 88 89 95 -1 23 36 67 80 -1 29 41 47 85 -1 14 38 63 68 -1 43 49 68 93 -1 4 37 64 66 -1 -2
42 47 61 62 -1 31 33 76 79 -1 19 39 72 76 -1 11 18 50 93 -1 5 44 86 87 -1 10 32 86 90 -1 9 19 20 41 -1 9 56 59 71 -1 -2
83 91 95 98 -1 22 47 50 77 -1 14 25 73 82 -1 16 48 71 76 -1 6 16 21 65 -1 42 43 95 98 -1 9 20 32 97 -1 -2
30 60 77 79 -1 30 40 85 91 -1 11 41 59 90 -1 9 20 31 40 -1 26 30 44 48 -1 2 64 81 98 -1 -2
6 51 56 83 -1 -2
12 63 85 96 -1 30 46 53 62 -1 -2
39 47 90 100 -1 28 50 62 92 -1 50 63 84 92 -1 26 52 59 62 -1 1 4 23 84 -1 29 78 90 93 -1 13 31 66 90 -1 10 24 70 85 -1 21 73 74 95 -1 17 23 37 86 -1 -2
1 8 18 82 -1 30 48 91 98 -1 10 29 52 57 -1 3 59 70 98 -1 11 26 43 66 -1 -2
1 46 47 99 -1 17 69 77 87 -1 13 18 74 79 -1 37 63 80 84 -1 30 88 89 93 -1 -2
13 57 63 100 -1 1 12 59 78 -1 7 9 20 72 -1 10 20 36 59 -1 3 7 44 83 -1 -2
12 30 39 50 -1 18 24 82 98 -1 4 8 29 89 -1 3 43 54 68 -1 10 20 45 90 -1 24 57 58 98 -1 12 24 29 85 -1 -2
24 50 70 94 -1 1 3 12 74 -1 15 56 63 86 -1 2 30 63 96 -1 17 24 31 94 -1 36 51 76 94 -1 14 15 17 79 -1 4 49 62 68 -1 3 18 75 82 -1 -2
15 18 49 84 -1 6 25 74 97 -1 9 12 54 69 -1 15 32 69 71 -1 14 66 68 97 -1 14 40 43 58 -1 27 59 81 89 -1 26 38 51 97 -1 23 27 52 82 -1 -2
31 38 42 48 -1 12 34 69 86 -1 17 26 30 79 -1 -2
25 32 69 96 -1 7 19 61 84 -1 46 48 51 55 -1 30 36 44 74 -1 15 42 56 63 -1 -2
18 34 63 81 -1 5 16 63 93 -1 13 71 77 81 -1 26 70 73 85 -1 22 62 73 90 -1 23 27 66 81 -1 13 70 78 99 -1 38 44 47 74 -1 1 59 63 64 -1 48 64 66 93 -1 -2
43 56 70 86 -1 23 89 90 93 -1 -2
6 44 73 99 -1 1 43 62 92 -1 52 65 82 86 -1 63 70 83 100 -1 37 44 82 85 -1 6 69 77 85 -1 5 45 90 93 -1 5 15 85 88 -1 7 53 62 68 -1 -2
18 40 65 85 -1 1 23 47 73 -1 9 55 58 63 -1 9 11 58 82 -1 1 19 84 90 -1 31 35 43 64 -1 12 33 88 93 -1 11 96 97 98 -1 -2
19 50 51 83 -1 -2
5 45 81 99 -1 4 69 93 96 -1 24 42 97 99 -1 30 34 63 78 -1 3 13 25 97 -1 -2
6 12 62 72 -1 30 38 69 86 -1 16 19 49 72 -1 35 62 90 100 -1 41 48 72 96 -1 9 12 72 91 -1 5 56 68 81 -1 3 13 51 75 -1 40 65 84 87 -1 44 69 77 82 -1 -2
12 30 49 88 -1 13 30 49 69 -1 21 59 65 97 -1 -2
22 38 43 55 -1 20 71 75 92 -1 33 49 55 93 -1 15 26 38 50 -1 20 46 74 90 -1 17 35 53 63 -1 21 71 83 88 -1 44 56 83 90 -1 -2
41 44 87 93 -1 3 29 55 67 -1 20 36 73 88 -1 22 30 38 78 -1 -2
4 6 64 83 -1 55 74 84 96 -1 36 66 75 98 -1 1 2 26 58 -1 -2
46 49 78 96 -1 1 61 68 87 -1 4 22 40 55 -1 -2
49 64 79 88 -1 1 25 27 85 -1 2 55 73 82 -1 36 55 73 93 -1 14 18 31 45 -1 45 53 66 83 -1 -2
5 8 44 79 -1 34 55 64 81 -1 25 40 91 96 -1 34 38 71 94 -1 -2
75 81 87 97 -1 4 73 80 81 -1 31 37 61 72 -1 11 44 75 96 -1 -2
42 52 84 87 -1 13 46 62 69 -1 34 75 95 96 -1 15 66 73 98 -1 17 62 75 87 -1 11 84 99 100 -1 13 20 68 83 -1 1 3 70 87 -1 24 27 42 67 -1 22 54 56 82 -1 -2
14 61 63 69 -1 16 35 49 72 -1 20 30 74 93 -1 15 52 68 87 -1 4 52 58 92 -1 7 13 62 94 -1 47 75 79 84 -1 21 43 76 77 -1 -2
11 12 29 71 -1 3 9 47 81 -1 15 26 70 71 -1 5 13 26 44 -1 32 47 54 82 -1 72 77 88 100 -1 20 26 57 69 -1 30 69 91 100 -1 49 80 87 90 -1 3 4 10 72 -1 -2
33 69 73 79 -1 6 14 20 36 -1 29 42 71 100 -1 9 32 66 88 -1 13 37 54 95 -1 2 8 22 97 -1 9 13 22 56 -1 11 22 42 50 -1 -2
1 7 17 60 -1 17 24 64 74 -1 12 13 88 90 -1 19 57 95 97 -1 -2
2 76 88 98 -1 24 45 47 60 -1 -2
5 19 21 34 -1 42 51 91 95 -1 17 21 73 79 -1 19 39 65 68 -1 3 10 18 69 -1 21 77 78 91 -1 41 79 83 84 -1 5 38 40 69 -1 5 33 38 42 -1 15 32 50 92 -1 -2
3 21 55 99 -1 1 43 95 97 -1 8 32 59 88 -1 10 21 55 76 -1 10 34 38 62 -1 28 33 92 93 -1 6 33 50 59 -1 20 54 65 82 -1 -2
3 14 17 64 -1 2 20 71 72 -1 59 63 68 95 -1 19 57 67 81 -1 29 87 91 99 -1 9 17 37 63 -1 -2
7 8 24 82 -1 1 27 77 85 -1 11 41 66 75 -1 12 22 56 100 -1 -2
19 26 39 90 -1 27 30 35 100 -1 17 26 44 97 -1 38 58 64 73 -1 11 48 67 100 -1 -2
1 10 45 95 -1 10 37 66 89 -1 49 55 86 88 -1 6 16 20 83 -1 -2
38 45 74 82 -1 25 56 57 89 -1 36 51 55 65 -1 40 42 46 97 -1 3 61 71 96 -1 17 45 77 93 -1 17 23 51 63 -1 -2
10 37 59 69 -1 5 28 34 51 -1 6 52 56 67 -1 12 42 56 64 -1 -2
7 28 43 69 -1 39 42 75 91 -1 9 18 40 98 -1 12 13 65 99 -1 19 79 94 98 -1 20 51 85 93 -1 28 32 40 73 -1 4 62 64 65 -1 11 67 71 89 -1 1 43 45 85 -1 -2
17 29 51 86 -1 8 22 34 46 -1 7 17 26 74 -1 3 57 77 89 -1 -2
2 9 17 31 -1 36 55 62 98 -1 9 20 43 95 -1 -2
1 48 61 93 -1 -2
4 45 50 51 -1 23 27 71 99 -1 5 45 60 84 -1 24 32 49 73 -1 10 13 40 97 -1 7 23 41 86 -1 18 47 82 89 -1 7 14 26 43 -1 6 25 55 93 -1 -2
2 8 30 79 -1 11 22 69 83 -1 7 49 63 76 -1 -2
32 53 54 85 -1 63 82 95 98 -1 4 11 40 47 -1 33 45 65 68 -1 12 40 64 95 -1 37 60 70 83 -1 25 62 73 94 -1 40 46 78 90 -1 -2
40 62 65 86 -1 10 68 97 98 -1 33 78 79 89 -1 43 52 63 77 -1 19 86 93 95 -1 37 69 70 74 -1 12 86 87 100 -1 18 69 80 100 -1 -2
10 23 40 56 -1 54 64 89 97 -1 -2
38 51 55 69 -1 45 58 67 68 -1 59 60 77 82 -1 32 62 70 77 -1 16 18 47 66 -1 61 67 72 73 -1 2 63 87 90 -1 -2
5 33 39 68 -1 1 54 58 68 -1 12 55 98 99 -1 38 55 74 85 -1 22 29 50 54 -1 -2
14 43 45 85 -1 11 24 38 78 -1 16 39 40 61 -1 3 41 54 69 -1 20 74 84 98 -1 27 41 67 68 -1 17 32 84 90 -1 -2
19 63 98 99 -1 17 50 78 81 -1 21 35 86 96 -1 8 22 24 45 -1 14 30 69 86 -1 27 64 99 100 -1 8 12 69 73 -1 17 19 47 49 -1 45 48 82 99 -1 -2
7 40 56 76 -1 17 21 52 59 -1 24 71 80 85 -1 11 49 61 63 -1 17 35 81 83 -1 -2
10 45 70 87 -1 11 36 38 89 -1 19 50 81 90 -1 17 36 58 94 -1 20 22 50 91 -1 10 15 34 54 -1 -2
33 59 77 97 -1 12 44 80 81 -1 26 65 97 99 -1 -2
17 23 95 97 -1 5 54 73 100 -1 41 58 72 75 -1 16 31 50 98 -1 -2
22 23 55 57 -1 54 62 81 83 -1 1 56 64 70 -1 4 14 40 93 -1 -2
8 9 33 86 -1 -2
28 72 84 86 -1 19 46 48 64 -1 18 77 80 92 -1 15 16 48 77 -1 1 15 32 48 -1 30 56 63 70 -1 45 69 73 89 -1 -2
28 35 83 86 -1 6 8 31 78 -1 11 19 25 42 -1 29 64 83 88 -1 20 23 29 99 -1 13 14 94 95 -1 -2
7 39 42 51 -1 4 30 54 100 -1 19 65 70 86 -1 4 10 19 41 -1 33 36 74 87 -1 11 19 46 56 -1 -2
23 74 76 99 -1 10 67 68 98 -1 33 63 73 74 -1 42 54 65 98 -1 8 59 80 96 -1 40 49 58 95 -1 6 51 83 93 -1 9 40 47 65 -1 -2
1 37 58 79 -1 4 60 84 100 -1 15 48 60 90 -1 34 51 62 88 -1 30 52 60 80 -1 13 24 29 38 -1 -2
35 47 65 94 -1 13 71 87 97 -1 10 23 58 92 -1 -2
14 16 27 45 -1 5 10 70 77 -1 20 31 32 99 -1 9 77 83 86 -1 29 77 86 91 -1 24 32 70 92 -1 14 42 52 54 -1 4 5 31 76 -1 -2
20 51 55 62 -1 27 33 36 44 -1 14 41 83 93 -1 30 42 92 95 -1 27 41 77 81 -1 8 10 20 100 -1 -2
60 68 87 92 -1 62 71 76 92 -1 32 44 53 93 -1 32 37 47 70 -1 5 13 27 29 -1 2 30 46 83 -1 28 33 56 59 -1 38 66 68 77 -1 11 48 64 98 -1 5 6 22 45 -1 -2
65 69 74 91 -1 1 17 34 86 -1 6 12 76 96 -1 5 43 46 85 -1 10 44 58 96 -1 2 21 26 80 -1 31 41 83 95 -1 1 15 19 54 -1 31 82 86 99 -1 46 47 74 75 -1 -2
33 45 93 94 -1 12 22 55 69 -1 53 58 86 87 -1 61 74 85 91 -1 24 30 63 73 -1 9 26 34 48 -1 39 40 53 67 -1 13 23 95 100 -1 18 28 82 87 -1 15 28 36 91 -1 -2
30 62 72 93 -1 12 18 49 95 -1 14 15 48 85 -1 -2
52 57 60 85 -1 5 19 40 67 -1 20 22 62 65 -1 -2
8 15 66 100 -1 3 10 89 94 -1 25 35 56 70 -1 38 47 58 68 -1 19 73 86 99 -1 31 36 52 77 -1 10 38 50 59 -1 -2
13 21 55 79 -1 45 51 74 100 -1 27 50 52 54 -1 -2
25 26 32 42 -1 27 44 68 98 -1 9 67 87 97 -1 1 48 63 100 -1 10 42 45 69 -1 -2
56 67 71 89 -1 44 65 95 99 -1 48 55 82 97 -1 2 3 35 97 -1 9 23 24 71 -1 51 68 95 99 -1 25 27 42 92 -1 26 63 78 84 -1 11 14 16 52 -1 -2
28 34 55 96 -1 3 17 61 90 -1 -2
35 57 73 97 -1 9 27 68 90 -1 16 17 24 46 -1 21 34 47 76 -1 4 8 35 95 -1 7 10 71 90 -1 10 22 35 50 -1 18 44 68 80 -1 25 76 83 96 -1 -2
13 28 71 95 -1 16 39 59 93 -1 -2
25 61 84 90 -1 7 16 53 69 -1 21 24 35 71 -1 1 9 54 60 -1 46 53 97 99 -1 10 15 26 54 -1 17 78 88 99 -1 -2
9 56 63 96 -1 8 20 82 98 -1 30 58 71 77 -1 43 50 66 79 -1 7 8 23 44 -1 59 83 94 98 -1 42 78 86 88 -1 9 61 70 86 -1 -2
8 12 45 96 -1 -2
3 45 86 89 -1 46 47 49 80 -1 1 8 16 72 -1 13 48 66 86 -1 -2
17 58 86 94 -1 20 26 62 75 -1 64 69 73 75 -1 35 40 41 91 -1 22 36 51 96 -1 47 62 83 87 -1 25 35 56 72 -1 1 28 69 82 -1 49 78 90 97 -1 -2
15 63 82 96 -1 3 18 78 87 -1 8 27 29 95 -1 9 13 58 59 -1 10 14 30 60 -1 4 35 39 82 -1 39 46 53 80 -1 5 10 78 87 -1 4 60 69 85 -1 49 58 60 85 -1 -2
3 28 40 82 -1 32 59 72 81 -1 44 70 74 79 -1 2 31 45 48 -1 44 51 54 72 -1 1 46 53 67 -1 11 38 80 94 -1 21 64 71 93 -1 16 43 66 84 -1 7 13 66 69 -1 -2
42 54 78 90 -1 63 70 79 97 -1 2 32 81 89 -1 21 42 73 98 -1 28 37 78 96 -1 4 43 44 69 -1 2 5 76 84 -1 35 59 76 77 -1 6 7 62 66 -1 -2
17 39 66 89 -1 52 65 68 73 -1 34 44 48 74 -1 57 59 74 85 -1 19 20 23 58 -1 -2
32 50 70 90 -1 6 70 78 88 -1 6 79 88 92 -1 8 58 95 96 -1 20 40 42 95 -1 10 46 55 73 -1 -2
54 65 95 96 -1 8 64 85 97 -1 61 80 82 92 -1 -2
3 27 62 66 -1 4 20 33 80 -1 42 56 90 98 -1 49 58 59 68 -1 2 3 61 72 -1 24 55 69 78 -1 1 55 96 97 -1 4 31 66 95 -1 -2
2 20 29 53 -1 6 10 32 33 -1 18 45 79 92 -1 40 50 80 98 -1 22 39 82 93 -1 15 64 80 86 -1 3 85 96 98 -1 9 16 36 91 -1 25 30 39 61 -1 -2
19 42 59 77 -1 7 10 24 41 -1 39 70 71 100 -1 22 26 57 67 -1 5 60 73 75 -1 32 40 69 79 -1 29 42 79 81 -1 31 44 45 79 -1 -2
2 30 66 95 -1 16 17 58 100 -1 29 39 44 96 -1 14 27 66 100 -1 39 63 86 90 -1 -2
25 57 77 93 -1 -2
19 42 78 96 -1 5 26 64 99 -1 1 41 90 99 -1 30 38 39 97 -1 27 48 64 95 -1 26 33 42 85 -1 27 61 62 91 -1 7 22 55 66 -1 5 43 53 100 -1 13 43 55 76 -1 -2
2 46 50 98 -1 14 26 82 99 -1 41 63 79 94 -1 37 60 87 97 -1 -2
29 49 55 65 -1 9 55 74 94 -1 2 15 49 94 -1 26 78 79 90 -1 15 49 51 97 -1 10 27 50 73 -1 27 39 61 92 -1 12 33 89 93 -1 26 61 91 99 -1 -2
21 26 28 47 -1 6 59 85 87 -1 30 53 70 74 -1 12 18 43 51 -1 22 27 67 75 -1 7 31 32 76 -1 -2
11 37 42 47 -1 17 36 41 96 -1 -2
10 44 52 60 -1 10 34 58 72 -1 15 48 61 81 -1 15 26 33 87 -1 9 11 42 55 -1 27 46 64 72 -1 2 55 65 93 -1 -2
16 19 47 72 -1 32 49 53 87 -1 2 26 60 63 -1 9 39 68 70 -1 12 35 65 92 -1 35 61 63 96 -1 12 17 73 83 -1 -2
32 49 87 88 -1 57 62 71 86 -1 19 25 54 61 -1 18 28 55 78 -1 9 23 43 87 -1 27 60 81 94 -1 8 49 71 81 -1 24 26 48 63 -1 -2
54 69 77 84 -1 1 29 49 64 -1 4 51 54 80 -1 10 25 47 57 -1 1 10 31 68 -1 4 21 41 71 -1 25 30 91 99 -1 19 47 53 66 -1 26 40 46 48 -1 -2
24 38 57 73 -1 16 32 33 46 -1 70 72 89 92 -1 21 28 67 96 -1 15 36 68 75 -1 49 53 82 83 -1 37 40 61 65 -1 -2
26 34 52 64 -1 14 46 75 76 -1 5 31 44 97 -1 30 47 73 99 -1 30 35 59 79 -1 39 65 68 86 -1 15 23 63 77 -1 11 67 74 93 -1 3 15 35 36 -1 15 24 26 68 -1 -2
9 27 47 66 -1 22 45 69 95 -1 10 22 44 68 -1 5 24 57 93 -1 12 23 27 76 -1 11 15 35 78 -1 21 26 48 66 -1 16 23 30 74 -1 14 41 51 92 -1 -2
27 62 63 72 -1 25 70 76 79 -1 7 25 29 53 -1 32 59 63 100 -1 20 31 42 62 -1 21 57 64 73 -1 2 16 54 81 -1 3 24 68 95 -1 -2
21 75 81 99 -1 -2
51 79 81 86 -1 6 15 22 86 -1 40 50 76 84 -1 19 58 87 93 -1 49 59 61 97 -1 38 44 54 97 -1 13 30 56 81 -1 45 46 85 99 -1 2 11 38 93 -1 -2
17 40 43 96 -1 -2
20 28 73 76 -1 28 31 36 60 -1 20 45 60 90 -1 3 72 90 91 -1 19 26 37 79 -1 -2
33 46 49 54 -1 29 52 73 74 -1 4 30 40 79 -1 -2
42 48 62 66 -1 46 64 86 92 -1 7 77 92 98 -1 37 39 54 96 -1 17 42 87 100 -1 38 83 92 97 -1 4 16 55 71 -1 9 56 77 79 -1 13 74 86 87 -1 7 15 64 100 -1 -2
59 82 93 97 -1 5 27 51 77 -1 16 32 43 45 -1 36 39 69 75 -1 5 10 20 91 -1 18 29 73 94 -1 20 34 80 84 -1 10 14 27 69 -1 25 84 89 95 -1 -2
32 65 81 87 -1 47 48 49 59 -1 15 63 82 100 -1 1 27 33 99 -1 13 47 48 90 -1 30 63 91 92 -1 28 29 31 40 -1 -2
9 18 43 99 -1 33 57 72 83 -1 9 12 30 67 -1 11 31 63 67 -1 21 59 62 80 -1 1 74 91 98 -1 31 60 80 95 -1 22 49 94 99 -1 49 51 86 95 -1 -2
11 25 46 99 -1 6 15 61 100 -1 -2
28 53 57 67 -1 6 26 51 56 -1 33 50 75 95 -1 8 31 53 94 -1 12 18 44 98 -1 10 31 39 76 -1 5 52 79 82 -1 12 20 35 40 -1 -2
26 27 83 93 -1 1 38 39 63 -1 14 35 62 98 -1 19 25 43 90 -1 24 71 76 89 -1 21 38 69 85 -1 8 9 20 78 -1 20 59 69 81 -1 46 73 76 97 -1 3 8 67 94 -1 -2
4 21 92 95 -1 2 42 54 57 -1 58 60 64 79 -1 6 13 33 92 -1 4 22 94 98 -1 31 35 38 87 -1 17 64 92 94 -1 6 50 72 85 -1 50 76 79 99 -1 44 51 56 85 -1 -2
6 26 75 95 -1 3 46 59 79 -1 9 37 43 72 -1 -2
5 46 99 100 -1 2 24 29 88 -1 2 15 49 68 -1 20 38 61 100 -1 52 62 67 97 -1 25 27 47 74 -1 9 11 72 90 -1 9 19 28 49 -1 9 16 57 70 -1 -2
15 61 85 94 -1 17 21 71 87 -1 6 14 16 65 -1 4 39 47 85 -1 12 29 89 91 -1 24 37 64 88 -1 27 39 86 94 -1 15 33 52 72 -1 15 18 31 37 -1 17 49 53 61 -1 -2
16 31 36 42 -1 36 58 61 99 -1 5 68 83 93 -1 -2
8 19 21 78 -1 3 54 74 79 -1 23 27 37 62 -1 11 25 88 95 -1 24 25 64 90 -1 -2
1 25 34 81 -1 2 43 48 58 -1 17 35 38 77 -1 4 90 92 93 -1 12 80 88 89 -1 -2
3 9 56 93 -1 8 23 67 82 -1 -2
16 39 43 81 -1 -2
14 55 67 78 -1 21 24 75 89 -1 22 52 74 100 -1 3 14 29 60 -1 -2
13 28 34 88 -1 32 70 96 98 -1 28 46 69 98 -1 8 56 68 98 -1 20 43 48 54 -1 3 22 26 93 -1 20 38 49 74 -1 17 18 37 65 -1 -2
13 22 36 81 -1 34 50 69 99 -1 29 60 65 77 -1 10 47 64 96 -1 -2
19 45 52 65 -1 1 73 76 95 -1 24 27 39 52 -1 58 82 86 94 -1 -2
7 46 49 67 -1 2 48 55 74 -1 -2
14 26 53 83 -1 49 67 85 93 -1 -2
2 13 49 96 -1 15 25 48 93 -1 -2
2 7 8 78 -1 33 45 60 63 -1 19 42 50 56 -1 9 31 33 35 -1 35 61 72 73 -1 12 71 73 74 -1 11 14 60 83 -1 10 43 81 88 -1 1 17 30 40 -1 -2
33 36 89 90 -1 15 57 60 61 -1 6 36 80 83 -1 -2
3 31 64 93 -1 5 40 71 91 -1 15 35 71 86 -1 2 12 47 62 -1 19 20 70 88 -1 -2
7 14 36 42 -1 10 75 79 82 -1 53 54 92 95 -1 -2
12 16 41 87 -1 -2
10 33 36 88 -1 24 90 93 100 -1 8 28 78 84 -1 24 51 87 88 -1 54 56 93 95 -1 17 29 46 51 -1 8 29 40 83 -1 -2
6 63 70 88 -1 55 72 77 80 -1 10 35 52 85 -1 45 63 67 75 -1 28 66 75 93 -1 1 18 81 86 -1 -2
3 51 62 63 -1 31 41 65 79 -1 -2
50 60 86 96 -1 6 29 30 41 -1 2 54 56 84 -1 2 22 28 78 -1 -2
53 58 61 88 -1 19 69 74 97 -1 5 18 19 75 -1 20 37 92 96 -1 7 42 79 87 -1 7 16 77 94 -1 10 63 71 87 -1 3 72 89 90 -1 17 29 96 97 -1 -2
17 49 58 67 -1 3 7 26 29 -1 11 33 82 95 -1 19 28 47 91 -1 4 39 40 93 -1 45 55 67 95 -1 26 29 32 34 -1 24 29 49 75 -1 -2
14 17 46 49 -1 39 41 83 98 -1 1 45 69 77 -1 29 71 74 84 -1 14 15 57 77 -1 24 39 66 74 -1 60 75 81 85 -1 -2
4 16 92 99 -1 7 31 79 85 -1 11 37 47 66 -1 23 31 64 98 -1 60 68 70 77 -1 -2
53 59 70 94 -1 13 31 53 59 -1 14 18 21 26 -1 45 71 73 98 -1 30 47 69 79 -1 17 25 35 97 -1 17 39 66 97 -1 -2
17 20 61 99 -1 29 31 53 78 -1 35 36 58 88 -1 8 21 38 74 -1 7 38 51 89 -1 2 50 62 76 -1 14 30 60 94 -1 34 58 60 85 -1 55 69 80 95 -1 -2
17 27 61 88 -1 1 38 41 87 -1 8 15 46 66 -1 27 48 68 86 -1 2 70 80 93 -1 -2
37 49 84 86 -1 -2
22 37 39 51 -1 53 57 93 96 -1 49 69 74 86 -1 12 15 16 18 -1 30 50 78 97 -1 7 20 42 71 -1 15 63 69 85 -1 -2
15 49 87 94 -1 3 40 47 91 -1 34 38 62 82 -1 40 59 73 95 -1 -2
24 34 53 85 -1 22 30 37 49 -1 42 64 67 76 -1 16 17 24 55 -1 6 49 66 75 -1 54 88 91 93 -1 19 60 86 87 -1 2 27 35 49 -1 7 45 59 63 -1 22 62 86 98 -1 -2
3 17 18 70 -1 11 93 97 100 -1 26 40 52 78 -1 31 61 65 76 -1 38 68 98 99 -1 78 93 95 99 -1 11 38 41 45 -1 17 22 79 95 -1 39 64 86 98 -1 13 21 23 73 -1 -2
49 88 93 94 -1 18 19 46 84 -1 33 37 48 95 -1 14 18 28 76 -1 -2
3 45 52 97 -1 31 33 38 54 -1 1 5 24 64 -1 8 14 39 64 -1 34 39 78 79 -1 6 7 42 95 -1 -2
2 26 31 78 -1 31 36 53 58 -1 5 8 26 79 -1 12 13 43 88 -1 7 12 33 42 -1 30 40 47 76 -1 -2
46 53 76 97 -1 8 9 45 61 -1 4 11 13 24 -1 -2
10 27 83 93 -1 29 30 51 72 -1 34 56 57 83 -1 15 67 76 87 -1 24 26 54 87 -1 30 39 54 70 -1 -2
2 17 46 71 -1 13 60 81 95 -1 64 70 78 85 -1 3 7 43 48 -1 2 50 66 76 -1 14 27 59 76 -1 7 29 47 97 -1 -2
14 60 86 91 -1 30 67 73 76 -1 53 68 75 100 -1 9 21 39 61 -1 49 65 72 76 -1 53 57 66 92 -1 -2
7 8 18 30 -1 10 61 88 95 -1 25 41 80 82 -1 -2
8 46 64 70 -1 11 45 55 60 -1 30 51 83 89 -1 1 6 12 76 -1 -2
9 10 63 83 -1 3 21 84 94 -1 12 22 75 93 -1 53 64 66 71 -1 45 52 63 73 -1 6 18 59 93 -1 21 65 67 78 -1 -2
22 35 43 73 -1 19 25 33 89 -1 1 3 7 90 -1 48 52 90 99 -1 -2
16 24 48 74 -1 43 68 93 99 -1 15 57 59 64 -1 -2
12 32 74 78 -1 6 24 42 64 -1 47 71 72 99 -1 -2
7 18 62 83 -1 27 37 77 87 -1 47 56 57 94 -1 47 86 91 94 -1 16 73 77 82 -1 10 34 61 64 -1 9 42 47 88 -1 2 12 29 96 -1 17 42 51 59 -1 7 58 61 87 -1 -2
42 57 64 76 -1 3 40 68 82 -1 54 74 79 87 -1 2 39 97 98 -1 26 36 56 99 -1 1 43 83 96 -1 -2
3 16 80 83 -1 37 39 91 97 -1 -2
27 47 69 71 -1 28 39 89 97 -1 29 81 96 98 -1 30 33 58 98 -1 26 30 97 99 -1 -2
40 41 48 80 -1 10 45 58 70 -1 28 34 41 58 -1 -2
10 16 47 99 -1 3 10 47 60 -1 -2
31 39 91 99 -1 36 49 50 75 -1 5 14 36 40 -1 13 18 24 67 -1 -2
1 11 46 97 -1 -2
41 45 62 88 -1 40 56 72 85 -1 13 14 66 72 -1 43 54 56 90 -1 9 22 27 67 -1 58 74 78 91 -1 19 39 84 89 -1 2 11 69 71 -1 13 30 39 98 -1 -2
9 29 71 96 -1 32 54 64 73 -1 18 23 38 83 -1 24 38 70 100 -1 -2
40 52 79 96 -1 62 77 83 91 -1 15 42 67 93 -1 7 36 40 85 -1 -2
30 60 72 75 -1 -2
7 55 63 76 -1 18 19 31 98 -1 35 79 80 81 -1 6 9 46 79 -1 5 12 43 74 -1 15 28 45 93 -1 -2
12 48 54 77 -1 32 47 53 98 -1 12 17 42 70 -1 4 11 48 61 -1 17 67 81 95 -1 27 46 52 61 -1 28 30 47 71 -1 31 42 43 78 -1 -2
21 26 44 92 -1 8 13 92 97 -1 4 11 40 93 -1 28 52 83 94 -1 3 12 15 24 -1 30 37 80 95 -1 29 30 71 82 -1 20 40 82 100 -1 -2
49 73 77 89 -1 3 9 36 61 -1 5 17 20 72 -1 -2
9 42 46 83 -1 -2
8 40 66 70 -1 6 40 43 67 -1 32 34 60 62 -1 38 41 51 83 -1 38 39 82 84 -1 44 50 63 64 -1 14 16 47 62 -1 25 51 55 83 -1 -2
3 27 43 75 -1 9 28 32 53 -1 16 33 54 85 -1 39 64 70 91 -1 7 19 96 97 -1 -2
5 11 28 42 -1 9 37 77 91 -1 10 53 76 99 -1 3 29 86 98 -1 2 7 41 72 -1 17 33 56 62 -1 21 60 80 94 -1 1 21 94 99 -1 25 42 76 99 -1 1 24 28 92 -1 -2
8 57 62 81 -1 4 60 67 79 -1 46 60 80 85 -1 9 19 32 100 -1 19 29 50 80 -1 8 75 79 81 -1 37 72 90 93 -1 -2
10 54 61 94 -1 43 55 76 90 -1 3 52 63 78 -1 2 6 16 91 -1 14 16 56 70 -1 32 44 71 98 -1 66 67 84 98 -1 6 38 60 63 -1 -2
13 42 59 60 -1 35 53 66 95 -1 5 15 42 45 -1 52 87 88 100 -1 20 52 74 100 -1 11 34 57 89 -1 37 48 85 90 -1 27 60 63 94 -1 -2
35 47 75 99 -1 16 18 59 69 -1 9 39 58 60 -1 20 40 53 92 -1 24 50 84 98 -1 -2
2 42 66 86 -1 13 24 42 98 -1 2 51 85 88 -1 18 19 60 74 -1 3 28 97 100 -1 57 61 71 98 -1 23 47 82 96 -1 39 54 65 89 -1 -2
42 68 69 82 -1 -2
43 64 67 89 -1 41 42 63 72 -1 6 29 81 93 -1 15 36 47 71 -1 21 50 72 91 -1 3 68 80 94 -1 4 57 62 67 -1 10 59 68 92 -1 40 51 61 71 -1 3 4 49 76 -1 -2
35 46 56 86 -1 21 52 64 91 -1 4 33 55 76 -1 25 37 45 71 -1 12 26 39 42 -1 6 38 53 54 -1 34 74 92 97 -1 12 13 54 69 -1 34 51 64 66 -1 5 43 84 94 -1 -2
8 53 61 80 -1 15 37 82 87 -1 36 49 85 90 -1 6 16 46 97 -1 19 56 93 98 -1 23 33 58 99 -1 7 43 44 96 -1 10 58 73 74 -1 2 14 56 96 -1 17 53 56 76 -1 -2
4 28 57 80 -1 19 39 42 87 -1 16 45 82 86 -1 55 80 86 97 -1 13 60 91 98 -1 5 27 66 86 -1 2 18 35 83 -1 22 23 33 80 -1 1 11 17 84 -1 1 7 53 68 -1 -2
23 74 83 86 -1 25 42 56 75 -1 -2
5 7 51 64 -1 57 63 84 91 -1 8 50 55 69 -1 26 61 67 72 -1 11 52 64 98 -1 -2
6 12 15 51 -1 36 40 44 69 -1 31 52 61 83 -1 13 63 73 88 -1 -2
48 51 56 57 -1 24 50 93 100 -1 16 28 62 65 -1 34 36 71 92 -1 34 36 70 100 -1 38 59 66 80 -1 10 33 91 100 -1 56 60 66 81 -1 -2
1 5 75 83 -1 1 18 54 92 -1 26 49 59 94 -1 31 41 65 87 -1 7 16 68 71 -1 23 49 66 81 -1 39 61 62 87 -1 5 14 85 91 -1 30 40 58 86 -1 20 40 60 92 -1 -2
6 53 65 69 -1 -2
11 87 91 93 -1 9 11 20 25 -1 2 18 42 81 -1 27 53 54 58 -1 -2
7 9 32 69 -1 28 35 38 62 -1 14 31 47 94 -1 11 42 51 59 -1 21 22 95 97 -1 18 73 77 93 -1 3 20 40 60 -1 -2
34 67 83 91 -1 23 50 66 71 -1 2 22 32 83 -1 5 49 50 93 -1 24 27 64 98 -1 1 22 47 51 -1 -2
11 20 40 77 -1 41 43 97 98 -1 3 8 30 54 -1 2 20 38 99 -1 20 32 62 100 -1 10 26 35 79 -1 -2
19 42 61 83 -1 24 36 38 49 -1 6 28 71 76 -1 1 70 86 95 -1 5 12 55 97 -1 41 55 78 96 -1 26 28 99 100 -1 6 10 20 73 -1 20 55 65 79 -1 -2
69 88 95 98 -1 2 34 35 81 -1 -2
5 7 79 87 -1 10 60 85 98 -1 2 29 46 65 -1 5 22 77 80 -1 8 19 61 88 -1 44 48 53 80 -1 26 35 47 98 -1 30 60 75 79 -1 5 27 31 98 -1 5 9 38 47 -1 -2
51 53 72 91 -1 1 27 40 48 -1 41 85 87 95 -1 -2
8 30 45 88 -1 60 68 96 100 -1 14 16 48 100 -1 64 87 92 96 -1 -2
8 31 41 43 -1 20 29 33 80 -1 15 52 62 66 -1 5 25 27 78 -1 1 13 25 95 -1 37 50 55 95 -1 3 22 62 66 -1 8 27 74 87 -1 -2
31 58 61 100 -1 18 24 58 92 -1 46 54 60 77 -1 61 65 76 85 -1 16 32 48 55 -1 23 73 94 97 -1 23 38 82 83 -1 -2
2 49 78 81 -1 11 17 28 38 -1 33 71 91 98 -1 48 57 61 91 -1 12 29 33 57 -1 57 78 79 94 -1 13 37 45 87 -1 26 72 76 92 -1 29 41 63 64 -1 18 42 48 98 -1 -2
16 79 85 91 -1 14 22 36 44 -1 8 12 71 97 -1 19 46 52 91 -1 6 17 57 91 -1 28 38 78 86 -1 15 62 70 80 -1 -2
21 34 37 55 -1 -2
6 15 30 93 -1 51 52 78 90 -1 5 28 70 97 -1 39 50 92 100 -1 30 31 38 97 -1 -2
26 54 58 62 -1 13 43 56 61 -1 2 19 41 87 -1 7 40 94 97 -1 -2
39 67 80 90 -1 41 44 70 76 -1 30 55 86 99 -1 7 64 76 82 -1 10 44 47 68 -1 6 18 49 61 -1 -2
44 51 52 91 -1 18 22 31 56 -1 42 43 65 82 -1 19 22 74 75 -1 24 50 59 78 -1 20 27 77 82 -1 19 27 53 73 -1 -2
16 48 77 88 -1 13 39 45 83 -1 15 45 73 81 -1 -2
12 18 78 85 -1 27 58 60 65 -1 10 36 94 95 -1 8 23 52 82 -1 15 21 36 84 -1 25 33 61 70 -1 36 44 54 69 -1 19 36 52 54 -1 28 59 69 89 -1 -2
17 42 44 55 -1 2 40 58 80 -1 5 64 65 75 -1 37 49 65 71 -1 6 33 55 70 -1 46 62 71 72 -1 36 40 57 74 -1 30 32 47 50 -1 16 52 63 70 -1 20 31 54 68 -1 -2
24 42 56 96 -1 3 50 52 88 -1 6 7 96 99 -1 14 16 83 95 -1 15 46 65 79 -1 35 40 50 97 -1 14 22 81 86 -1 30 43 86 94 -1 -2
2 4 10 88 -1 6 42 54 69 -1 33 37 45 95 -1 15 67 85 92 -1 5 31 70 98 -1 5 65 79 80 -1 24 56 63 68 -1 11 32 37 87 -1 36 79 81 95 -1 -2
18 19 67 95 -1 8 25 39 85 -1 2 3 6 61 -1 19 25 27 80 -1 40 42 51 93 -1 54 68 71 87 -1 44 65 79 89 -1 -2
1 44 47 99 -1 8 29 33 91 -1 14 31 91 93 -1 12 49 50 88 -1 1 62 87 91 -1 21 25 64 72 -1 12 22 24 47 -1 3 21 66 90 -1 2 11 57 70 -1 -2
3 44 53 72 -1 8 66 73 92 -1 9 26 57 78 -1 9 13 27 68 -1 7 17 80 89 -1 64 82 92 97 -1 -2
2 4 60 78 -1 22 23 26 68 -1 2 5 43 61 -1 12 68 87 96 -1 18 33 54 69 -1 35 42 76 83 -1 21 46 81 85 -1 -2
10 11 36 70 -1 12 41 78 83 -1 17 30 57 89 -1 57 71 72 96 -1 2 10 37 60 -1 25 26 53 58 -1 40 49 52 63 -1 32 48 55 77 -1 29 36 56 65 -1 -2
14 17 25 46 -1 19 42 55 61 -1 6 20 33 85 -1 6 62 82 84 -1 8 45 74 75 -1 6 10 37 52 -1 1 4 54 92 -1 1 46 95 100 -1 29 46 72 98 -1 -2
8 9 13 81 -1 16 38 44 63 -1 31 52 77 87 -1 6 11 53 73 -1 1 5 82 89 -1 24 84 92 97 -1 -2
4 21 43 88 -1 17 38 63 80 -1 2 6 39 61 -1 45 87 98 99 -1 8 31 32 70 -1 14 46 58 72 -1 16 44 49 74 -1 5 10 33 64 -1 4 29 58 66 -1 -2
16 34 37 66 -1 19 26 71 77 -1 1 13 14 45 -1 5 32 43 99 -1 6 13 23 32 -1 8 52 86 100 -1 16 45 49 80 -1 -2
22 39 56 68 -1 9 36 50 93 -1 37 60 61 82 -1 11 18 32 52 -1 33 45 52 100 -1 17 18 38 72 -1 13 43 70 78 -1 -2
1 37 44 48 -1 35 61 71 84 -1 5 24 47 73 -1 15 48 91 93 -1 17 73 75 91 -1 31 66 93 95 -1 14 23 77 93 -1 4 5 22 75 -1 -2
31 40 85 93 -1 -2
37 49 71 76 -1 23 57 70 73 -1 33 34 57 76 -1 13 20 93 96 -1 -2
10 60 86 93 -1 -2
46 65 78 90 -1 9 40 77 91 -1 33 76 80 96 -1 39 68 74 98 -1 42 50 82 93 -1 4 55 61 81 -1 -2
29 41 57 97 -1 48 55 65 66 -1 -2
56 75 89 92 -1 42 61 70 73 -1 30 38 40 56 -1 22 23 52 77 -1 -2
25 58 71 76 -1 29 51 63 96 -1 11 47 72 86 -1 6 21 83 90 -1 16 32 44 51 -1 26 40 55 58 -1 27 71 87 91 -1 7 8 23 37 -1 -2
22 59 62 96 -1 43 70 97 99 -1 32 36 37 40 -1 9 69 81 91 -1 2 7 32 78 -1 19 80 81 97 -1 40 62 83 84 -1 7 10 27 40 -1 18 19 37 89 -1 -2
21 44 57 92 -1 15 38 52 72 -1 16 39 56 86 -1 18 42 43 77 -1 24 55 73 92 -1 29 61 80 96 -1 3 63 91 96 -1 -2
6 34 59 60 -1 5 12 31 50 -1 15 49 63 83 -1 67 81 91 100 -1 44 46 67 78 -1 54 70 82 95 -1 19 35 51 70 -1 33 58 65 86 -1 1 29 36 61 -1 -2
3 41 64 76 -1 6 13 34 52 -1 41 71 73 81 -1 55 70 74 98 -1 21 22 23 85 -1 44 45 75 97 -1 43 76 86 95 -1 19 26 28 88 -1 9 22 32 37 -1 -2
59 64 70 82 -1 14 59 65 90 -1 37 55 56 90 -1 26 47 58 93 -1 41 49 55 94 -1 6 59 72 85 -1 -2
17 37 57 61 -1 13 37 49 79 -1 20 26 35 67 -1 31 43 95 97 -1 5 65 80 82 -1 1 56 58 60 -1 -2
22 28 54 56 -1 3 15 50 82 -1 -2
23 44 87 95 -1 25 78 84 85 -1 26 49 64 92 -1 11 17 20 44 -1 5 15 50 95 -1 -2
27 70 78 100 -1 38 43 77 96 -1 26 50 75 89 -1 2 24 64 97 -1 4 38 66 96 -1 -2
8 34 61 92 -1 37 53 94 96 -1 4 17 27 58 -1 -2
12 58 61 68 -1 18 70 80 97 -1 -2
29 70 75 83 -1 7 8 62 66 -1 9 30 33 72 -1 21 36 73 100 -1 8 10 30 84 -1 51 71 72 84 -1 17 54 76 97 -1 1 6 10 67 -1 -2
13 57 62 92 -1 9 17 58 85 -1 25 43 66 77 -1 14 57 77 87 -1 7 51 86 99 -1 13 19 33 54 -1 -2
2 30 53 77 -1 33 76 84 85 -1 22 32 54 85 -1 46 47 78 92 -1 -2
6 61 62 80 -1 12 36 87 92 -1 5 6 25 81 -1 12 19 22 72 -1 -2
14 22 23 41 -1 70 83 98 99 -1 3 9 13 87 -1 12 43 77 87 -1 -2
16 34 39 92 -1 10 18 78 83 -1 14 42 53 76 -1 8 38 55 98 -1 32 41 76 81 -1 -2
12 51 57 62 -1 10 41 78 99 -1 10 20 41 69 -1 2 58 83 91 -1 10 31 51 87 -1 -2
36 38 57 89 -1 30 39 89 99 -1 36 49 78 84 -1 25 26 41 62 -1 16 18 33 54 -1 24 83 88 95 -1 3 54 77 87 -1 30 43 63 87 -1 -2
4 44 51 98 -1 13 19 89 96 -1 4 38 85 90 -1 51 55 57 79 -1 -2
10 18 29 36 -1 37 48 49 53 -1 4 40 51 81 -1 35 50 86 96 -1 6 23 25 93 -1 31 39 67 88 -1 16 65 70 95 -1 10 42 55 92 -1 20 32 49 58 -1 -2
7 21 52 86 -1 51 57 96 98 -1 29 46 64 74 -1 -2
11 15 21 66 -1 40 54 94 95 -1 18 72 89 99 -1 9 59 60 86 -1 29 93 98 99 -1 12 61 65 96 -1 -2
2 30 36 50 -1 19 20 41 72 -1 25 27 39 56 -1 18 42 62 65 -1 -2
40 63 66 96 -1 11 24 39 56 -1 18 21 36 74 -1 3 11 24 49 -1 18 31 89 94 -1 41 58 64 91 -1 57 69 95 96 -1 44 75 78 94 -1 -2
19 73 74 84 -1 45 56 61 91 -1 24 28 30 77 -1 27 46 54 88 -1 47 50 83 91 -1 11 42 92 95 -1 33 47 79 83 -1 -2
25 35 48 70 -1 7 31 64 84 -1 4 56 64 72 -1 3 43 78 95 -1 -2
9 29 49 78 -1 38 51 76 94 -1 9 18 60 62 -1 54 55 66 75 -1 56 73 91 97 -1 15 16 34 37 -1 -2
27 53 59 92 -1 24 43 67 99 -1 1 39 82 93 -1 26 57 72 92 -1 8 13 46 90 -1 11 27 67 79 -1 17 43 50 66 -1 -2
18 33 49 92 -1 6 9 42 91 -1 9 21 57 80 -1 -2
1 5 38 84 -1 11 54 74 88 -1 21 54 59 88 -1 11 42 65 76 -1 42 54 84 97 -1 1 40 47 71 -1 25 33 57 83 -1 30 77 94 97 -1 -2
7 38 46 81 -1 18 19 47 58 -1 1 21 25 76 -1 6 16 20 45 -1 9 33 41 49 -1 44 55 59 86 -1 6 42 50 75 -1 11 47 54 55 -1 5 14 71 72 -1 -2
30 67 69 72 -1 27 39 50 57 -1 21 36 76 83 -1 4 46 76 95 -1 8 56 78 97 -1 11 50 53 57 -1 3 76 84 91 -1 6 18 22 54 -1 -2
10 39 90 99 -1 11 28 32 97 -1 11 29 79 90 -1 10 35 87 88 -1 -2
23 36 40 48 -1 32 45 66 70 -1 7 14 76 78 -1 11 44 84 90 -1 61 89 90 91 -1 10 30 37 98 -1 3 69 77 91 -1 16 17 77 89 -1 9 21 27 93 -1 23 42 64 66 -1 -2
55 58 77 82 -1 8 32 55 73 -1 21 34 59 69 -1 10 41 77 100 -1 65 73 84 85 -1 5 6 13 93 -1 32 49 80 94 -1 12 40 54 72 -1 -2
30 45 50 88 -1 25 39 58 78 -1 15 33 65 73 -1 30 57 62 68 -1 7 47 58 95 -1 11 19 35 91 -1 8 60 70 98 -1 -2
2 49 63 98 -1 -2
3 9 35 75 -1 1 34 43 54 -1 46 58 62 64 -1 19 71 87 96 -1 19 23 30 48 -1 45 67 88 95 -1 16 35 69 90 -1 1 13 15 52 -1 -2
4 22 55 62 -1 29 35 43 97 -1 20 80 82 92 -1 14 41 74 84 -1 8 45 48 100 -1 6 11 18 78 -1 35 50 62 82 -1 -2
30 31 46 61 -1 21 68 77 100 -1 26 41 51 99 -1 11 39 42 98 -1 30 88 92 94 -1 -2
14 56 70 81 -1 62 77 78 85 -1 1 9 43 81 -1 -2
26 52 78 100 -1 11 17 20 36 -1 2 28 53 80 -1 29 41 57 95 -1 6 19 24 69 -1 -2
10 24 33 88 -1 28 63 75 79 -1 6 50 59 73 -1 17 47 52 92 -1 -2
34 38 76 86 -1 6 37 56 99 -1 15 59 62 85 -1 24 28 36 70 -1 2 19 57 81 -1 25 32 42 70 -1 14 30 90 91 -1 -2
22 24 52 83 -1 -2
2 62 86 91 -1 20 28 45 90 -1 8 32 58 85 -1 32 77 88 92 -1 16 48 62 100 -1 -2
20 21 30 79 -1 27 64 72 98 -1 -2
29 62 68 82 -1 2 46 61 86 -1 4 24 29 74 -1 23 40 45 99 -1 41 53 82 84 -1 24 35 56 97 -1 4 24 52 66 -1 7 13 45 60 -1 11 21 45 74 -1 6 10 57 82 -1 -2
1 15 75 81 -1 32 43 57 77 -1 40 78 81 95 -1 10 12 53 73 -1 14 31 59 66 -1 15 36 59 85 -1 48 59 83 94 -1 -2
3 7 59 76 -1 4 22 30 58 -1 1 29 85 87 -1 20 27 50 82 -1 6 23 63 66 -1 21 51 88 96 -1 10 15 20 87 -1 17 46 62 95 -1 40 55 83 97 -1 9 28 66 86 -1 -2
9 18 32 44 -1 21 36 58 97 -1 20 21 90 97 -1 56 64 65 85 -1 -2
43 62 68 79 -1 6 23 26 27 -1 -2
11 22 52 59 -1 35 39 47 81 -1 43 62 65 96 -1 55 72 79 89 -1 12 15 26 65 -1 38 55 78 79 -1 39 45 60 91 -1 4 8 62 68 -1 49 54 71 87 -1 39 45 77 95 -1 -2
1 2 12 71 -1 17 34 35 46 -1 56 60 72 98 -1 27 42 73 77 -1 20 36 52 81 -1 1 2 56 84 -1 -2
53 62 71 76 -1 64 65 69 72 -1 20 29 36 97 -1 14 63 72 92 -1 -2
19 43 53 75 -1 5 19 33 84 -1 34 38 42 66 -1 36 38 58 97 -1 24 26 49 94 -1 -2
53 55 67 98 -1 44 47 57 75 -1 6 20 65 69 -1 25 59 68 91 -1 6 7 70 85 -1 2 41 61 71 -1 18 64 95 98 -1 37 61 95 99 -1 20 62 67 70 -1 -2
4 41 58 95 -1 17 21 39 89 -1 52 57 85 90 -1 -2
41 54 96 98 -1 1 13 38 54 -1 43 52 65 86 -1 23 40 43 65 -1 2 59 62 74 -1 -2
13 35 36 81 -1 19 23 59 69 -1 9 31 37 61 -1 39 44 62 88 -1 3 12 25 39 -1 59 66 71 95 -1 38 59 72 75 -1 5 53 56 64 -1 -2
13 47 66 69 -1 16 48 53 64 -1 42 58 63 72 -1 17 68 84 94 -1 75 80 96 100 -1 13 15 87 89 -1 43 67 87 92 -1 -2
26 48 52 53 -1 20 22 67 98 -1 32 36 50 89 -1 42 43 46 82 -1 13 22 45 76 -1 15 29 80 87 -1 15 33 39 82 -1 32 33 47 84 -1 46 52 82 99 -1 -2
2 30 44 90 -1 10 26 30 68 -1 17 29 67 74 -1 37 62 72 82 -1 14 17 29 60 -1 -2
8 18 60 77 -1 48 64 79 100 -1 13 53 71 76 -1 -2
15 21 44 63 -1 52 71 72 84 -1 12 22 38 77 -1 19 46 52 63 -1 35 77 88 91 -1 16 68 88 96 -1 5 17 25 64 -1 9 14 53 85 -1 -2
12 31 46 63 -1 14 36 38 70 -1 9 31 43 66 -1 57 75 79 95 -1 35 36 61 82 -1 61 68 81 87 -1 18 49 68 94 -1 12 35 78 84 -1 10 27 33 72 -1 -2
39 74 87 98 -1 -2
21 54 64 78 -1 -2
20 42 81 96 -1 26 32 48 94 -1 29 41 75 86 -1 3 8 27 88 -1 -2
27 42 55 96 -1 9 29 35 70 -1 -2
2 11 38 77 -1 60 81 94 95 -1 23 54 68 91 -1 11 19 88 99 -1 33 39 62 64 -1 2 12 13 29 -1 3 41 75 98 -1 13 22 59 86 -1 -2
17 18 62 83 -1 -2
6 7 53 100 -1 16 17 64 83 -1 -2
16 52 57 79 -1 2 4 22 36 -1 44 51 56 76 -1 12 47 56 78 -1 13 79 81 98 -1 -2
11 43 75 80 -1 75 82 89 95 -1 64 65 70 86 -1 15 23 30 36 -1 12 28 30 42 -1 45 76 83 91 -1 4 16 39 96 -1 43 66 67 77 -1 3 9 37 38 -1 20 33 64 87 -1 -2
69 80 84 98 -1 15 81 86 99 -1 10 39 57 83 -1 44 45 64 66 -1 -2
68 96 98 99 -1 19 29 62 76 -1 17 87 89 97 -1 21 30 42 64 -1 56 78 79 89 -1 -2
1 13 87 96 -1 11 40 50 97 -1 10 22 52 69 -1 39 56 70 95 -1 14 40 81 88 -1 -2
1 5 29 48 -1 70 79 95 98 -1 21 31 49 88 -1 31 37 43 54 -1 8 10 16 77 -1 65 68 81 93 -1 3 13 25 35 -1 13 15 54 94 -1 38 45 56 61 -1 -2
21 36 77 92 -1 25 40 77 88 -1 6 13 16 93 -1 26 49 71 91 -1 12 13 39 49 -1 -2
65 66 73 74 -1 2 34 63 80 -1 5 6 61 99 -1 11 69 81 98 -1 2 13 52 97 -1 15 16 23 100 -1 7 46 61 65 -1 11 56 62 81 -1 -2
17 64 69 84 -1 32 48 68 71 -1 6 62 68 93 -1 2 41 42 74 -1 31 48 54 66 -1 32 37 65 79 -1 29 39 67 75 -1 33 63 79 92 -1 7 43 47 64 -1 -2
27 45 53 84 -1 20 30 45 52 -1 3 5 11 58 -1 1 32 63 100 -1 10 25 72 75 -1 13 20 29 67 -1 -2
7 29 40 100 -1 50 53 72 78 -1 4 29 39 61 -1 23 33 61 93 -1 -2
20 34 60 77 -1 9 22 38 47 -1 2 8 22 62 -1 70 75 77 93 -1 35 50 84 90 -1 15 31 78 85 -1 18 45 65 74 -1 4 18 49 69 -1 -2
38 51 69 77 -1 15 26 77 97 -1 8 29 63 87 -1 -2
38 71 75 87 -1 16 39 42 90 -1 8 47 67 96 -1 47 48 66 81 -1 19 28 76 94 -1 8 20 52 99 -1 14 20 35 56 -1 26 30 79 99 -1 -2
17 38 54 67 -1 10 60 82 86 -1 9 18 63 94 -1 10 17 49 75 -1 23 54 65 87 -1 48 49 62 85 -1 7 52 72 78 -1 17 70 90 92 -1 -2
30 50 78 79 -1 39 44 51 61 -1 2 5 73 94 -1 18 71 82 83 -1 35 58 78 87 -1 34 43 61 100 -1 -2
10 11 12 16 -1 4 12 21 85 -1 44 64 83 94 -1 7 27 33 77 -1 12 16 36 69 -1 1 10 14 22 -1 5 23 28 68 -1 -2
34 92 97 100 -1 9 36 52 54 -1 33 96 97 100 -1 17 38 43 57 -1 13 47 60 95 -1 52 64 80 94 -1 38 69 74 77 -1 1 4 7 73 -1 22 86 87 91 -1 17 53 89 93 -1 -2
14 44 56 78 -1 62 71 98 100 -1 -2
13 31 57 61 -1 3 17 43 69 -1 22 26 40 48 -1 -2
19 27 68 75 -1 10 56 62 81 -1 9 25 27 100 -1 47 92 93 95 -1 40 60 65 75 -1 17 43 55 77 -1 46 51 72 81 -1 13 27 44 75 -1 44 54 81 86 -1 21 25 78 96 -1 -2
16 44 86 89 -1 3 14 45 72 -1 -2
6 20 31 97 -1 26 34 46 65 -1 3 64 94 97 -1 52 81 82 96 -1 1 19 36 49 -1 40 42 75 97 -1 -2
5 16 71 95 -1 8 32 44 75 -1 33 43 68 85 -1 14 28 72 93 -1 9 17 18 35 -1 2 17 59 95 -1 20 39 57 63 -1 9 55 69 100 -1 34 50 53 76 -1 6 45 83 94 -1 -2
22 38 72 99 -1 22 40 49 98 -1 9 47 79 91 -1 6 47 81 82 -1 26 40 52 79 -1 8 9 71 90 -1 8 44 63 94 -1 30 53 58 64 -1 16 60 90 97 -1 -2
15 16 60 89 -1 68 86 90 92 -1 8 11 48 99 -1 5 46 59 66 -1 10 25 30 42 -1 3 9 35 54 -1 20 56 77 99 -1 27 54 56 73 -1 46 56 57 77 -1 10 27 39 77 -1 -2
4 62 84 92 -1 69 81 89 91 -1 31 33 72 97 -1 34 72 75 82 -1 1 63 68 81 -1 32 53 76 99 -1 8 18 34 37 -1 -2
3 22 43 53 -1 38 40 42 56 -1 2 60 68 74 -1 23 60 67 87 -1 24 57 81 87 -1 23 58 64 93 -1 -2
5 48 57 72 -1 1 26 28 45 -1 17 57 84 92 -1 13 46 55 76 -1 -2
45 60 89 96 -1 12 28 52 65 -1 63 74 91 99 -1 17 40 42 64 -1 14 45 60 75 -1 35 44 55 94 -1 59 66 68 78 -1 -2
17 62 71 81 -1 10 39 82 83 -1 7 8 30 88 -1 15 68 82 100 -1 55 84 85 100 -1 51 59 61 68 -1 -2
5 39 50 83 -1 23 55 72 95 -1 14 22 75 87 -1 9 43 45 55 -1 -2
25 28 82 85 -1 17 71 79 97 -1 29 46 62 79 -1 21 64 85 90 -1 7 20 33 55 -1 38 43 69 83 -1 19 63 70 72 -1 -2
48 50 66 70 -1 -2
59 61 65 94 -1 48 61 85 94 -1 48 51 72 76 -1 1 63 85 87 -1 -2
17 46 59 82 -1 24 27 35 36 -1 5 65 69 71 -1 58 67 69 95 -1 -2
30 52 55 88 -1 4 50 88 94 -1 4 16 55 75 -1 31 40 68 78 -1 -2
7 8 49 54 -1 -2
13 14 33 88 -1 18 64 69 89 -1 13 72 73 96 -1 28 35 52 69 -1 5 8 40 69 -1 -2
46 51 66 77 -1 5 12 49 58 -1 2 23 66 71 -1 4 31 40 47 -1 21 30 35 88 -1 13 15 29 77 -1 1 28 66 86 -1 3 54 63 65 -1 39 42 44 68 -1 -2
3 13 53 73 -1 16 67 78 90 -1 1 37 92 93 -1 45 47 90 100 -1 34 36 65 75 -1 -2
24 32 35 38 -1 -2
15 41 50 83 -1 6 29 56 63 -1 68 77 81 89 -1 32 71 86 94 -1 13 14 83 95 -1 11 52 63 90 -1 -2
41 42 46 57 -1 22 51 61 74 -1 4 38 44 65 -1 10 44 84 100 -1 8 16 61 75 -1 14 21 64 77 -1 12 29 77 93 -1 19 25 63 79 -1 23 41 52 96 -1 15 85 90 95 -1 -2
3 15 73 99 -1 24 38 39 45 -1 13 27 55 60 -1 12 17 19 60 -1 11 58 93 95 -1 24 31 77 98 -1 -2
20 32 42 83 -1 9 15 20 76 -1 -2
9 23 47 57 -1 47 65 66 74 -1 9 35 67 74 -1 8 21 44 56 -1 1 5 49 82 -1 9 62 71 94 -1 9 35 61 96 -1 51 66 85 87 -1 7 28 61 74 -1 -2
7 18 43 64 -1 40 53 54 97 -1 8 60 69 98 -1 28 42 46 79 -1 16 22 38 60 -1 2 35 54 81 -1 18 58 71 78 -1 60 75 78 99 -1 33 54 85 98 -1 -2
59 69 80 99 -1 -2
10 23 55 62 -1 12 21 35 51 -1 10 55 62 84 -1 17 58 91 93 -1 10 18 30 45 -1 7 12 24 57 -1 14 20 22 74 -1 13 33 52 97 -1 -2
28 64 81 97 -1 27 29 33 39 -1 41 74 75 93 -1 58 67 76 80 -1 50 51 75 88 -1 45 69 83 96 -1 3 17 33 47 -1 13 19 61 67 -1 36 37 58 78 -1 -2
22 61 76 91 -1 29 49 66 84 -1 54 77 90 100 -1 13 55 70 100 -1 32 51 53 90 -1 -2
4 43 61 73 -1 22 27 52 56 -1 13 32 89 90 -1 27 43 46 59 -1 12 16 37 66 -1 -2
7 22 73 94 -1 38 41 91 93 -1 45 88 90 91 -1 13 14 25 27 -1 -2
7 52 57 94 -1 -2
15 70 91 94 -1 82 93 94 95 -1 21 30 41 59 -1 5 45 66 93 -1 25 33 47 85 -1 -2
13 15 25 100 -1 7 52 76 87 -1 3 19 67 77 -1 -2
9 10 67 76 -1 25 50 53 92 -1 24 61 87 89 -1 -2
23 44 60 99 -1 13 19 34 68 -1 26 43 49 69 -1 5 57 61 72 -1 12 44 74 76 -1 35 36 73 79 -1 -2
35 41 48 61 -1 29 33 58 84 -1 4 32 63 66 -1 19 32 38 63 -1 31 44 47 55 -1 15 77 88 89 -1 -2
22 50 70 76 -1 41 46 70 99 -1 14 60 62 70 -1 9 57 69 75 -1 52 53 60 73 -1 1 45 51 84 -1 5 39 49 74 -1 10 29 34 100 -1 12 33 73 91 -1 36 48 68 92 -1 -2
9 39 66 92 -1 1 57 64 93 -1 -2
35 40 93 100 -1 59 69 87 93 -1 17 30 46 65 -1 26 28 60 61 -1 14 19 65 66 -1 1 24 66 77 -1 2 13 23 93 -1 3 65 69 96 -1 -2
10 38 76 91 -1 11 45 60 77 -1 7 32 52 67 -1 7 49 71 77 -1 34 40 79 99 -1 75 83 89 90 -1 23 61 74 93 -1 16 28 76 90 -1 41 45 77 96 -1 16 44 47 76 -1 -2
11 36 69 79 -1 24 65 95 99 -1 20 55 64 75 -1 12 43 63 80 -1 7 8 16 51 -1 20 24 25 38 -1 -2
8 36 44 68 -1 7 10 95 99 -1 25 30 55 75 -1 1 38 59 75 -1 32 59 69 99 -1 4 33 46 48 -1 49 58 59 64 -1 41 44 58 65 -1 19 51 66 85 -1 -2
28 51 64 73 -1 6 36 49 92 -1 27 83 84 100 -1 33 72 73 96 -1 25 30 56 71 -1 12 60 66 81 -1 49 69 80 95 -1 58 74 83 94 -1 21 66 76 94 -1 43 55 75 78 -1 -2
5 25 79 85 -1 42 62 66 95 -1 10 32 77 99 -1 11 31 56 58 -1 13 23 39 43 -1 2 6 10 52 -1 -2
27 77 85 90 -1 31 58 74 94 -1 21 23 65 72 -1 7 15 22 31 -1 7 59 89 91 -1 21 30 73 75 -1 -2
42 69 76 85 -1 5 20 37 49 -1 45 53 63 100 -1 -2
5 38 64 90 -1 9 48 54 88 -1 5 46 59 60 -1 -2
13 23 37 82 -1 47 87 93 96 -1 24 76 84 99 -1 20 50 53 95 -1 10 40 56 99 -1 9 38 42 71 -1 -2
2 32 41 73 -1 2 5 12 18 -1 6 32 93 98 -1 20 59 82 88 -1 6 14 58 76 -1 9 67 72 93 -1 -2
3 46 57 82 -1 10 45 52 79 -1 15 84 92 97 -1 6 8 10 40 -1 10 11 47 94 -1 1 22 36 65 -1 11 29 41 81 -1 11 21 89 95 -1 36 68 87 90 -1 -2
9 62 66 78 -1 2 4 14 28 -1 -2
7 11 24 94 -1 14 30 49 57 -1 25 31 36 49 -1 11 19 47 49 -1 43 83 96 99 -1 5 48 71 83 -1 13 62 81 82 -1 18 35 47 96 -1 -2
32 34 84 98 -1 5 62 63 98 -1 -2
6 24 35 62 -1 3 64 72 92 -1 31 58 68 82 -1 1 38 65 84 -1 27 70 78 89 -1 7 62 70 100 -1 5 37 63 65 -1 8 28 46 91 -1 19 32 42 99 -1 33 57 60 80 -1 -2
21 30 42 46 -1 56 62 73 78 -1 36 72 75 76 -1 2 7 37 60 -1 6 22 45 58 -1 49 51 54 93 -1 12 22 23 45 -1 65 70 89 97 -1 15 81 85 92 -1 63 78 88 96 -1 -2
11 31 71 97 -1 70 80 91 98 -1 16 37 56 79 -1 2 3 30 92 -1 21 59 64 95 -1 73 79 81 98 -1 47 67 80 87 -1 -2
55 67 95 100 -1 11 41 64 89 -1 -2
5 6 18 73 -1 8 22 54 100 -1 3 15 25 44 -1 19 86 87 99 -1 51 64 68 69 -1 29 51 75 98 -1 -2
41 48 50 74 -1 53 75 97 99 -1 14 17 80 88 -1 38 62 69 91 -1 23 24 77 94 -1 5 44 45 75 -1 27 29 44 81 -1 7 32 71 96 -1 -2
1 44 80 92 -1 26 32 36 75 -1 16 56 91 94 -1 1 42 74 85 -1 2 9 74 97 -1 39 72 74 99 -1 24 43 60 76 -1 -2
17 21 48 94 -1 7 26 28 71 -1 14 45 54 95 -1 -2
15 20 28 73 -1 15 41 61 87 -1 60 93 98 99 -1 33 45 49 68 -1 4 7 90 99 -1 34 50 53 95 -1 12 50 54 58 -1 3 27 35 39 -1 -2
22 26 79 96 -1 1 3 45 56 -1 8 23 39 66 -1 12 66 83 88 -1 -2
26 27 57 89 -1 53 69 78 82 -1 4 5 32 56 -1 24 34 77 86 -1 9 36 45 93 -1 8 28 45 96 -1 59 69 71 83 -1 -2
15 28 58 89 -1 21 29 56 96 -1 26 53 76 92 -1 1 13 18 83 -1 50 59 67 73 -1 9 42 58 84 -1 35 37 57 90 -1 -2
38 51 78 82 -1 41 44 66 86 -1 3 51 82 97 -1 29 60 62 88 -1 -2
9 15 77 80 -1 10 22 31 89 -1 5 47 80 96 -1 35 38 51 70 -1 20 35 36 39 -1 1 29 74 89 -1 -2
39 54 92 94 -1 23 66 83 97 -1 -2
1 31 74 79 -1 6 24 70 86 -1 17 20 26 35 -1 20 31 52 92 -1 47 53 68 75 -1 -2
1 23 35 69 -1 -2
38 47 86 92 -1 4 5 16 74 -1 23 46 48 100 -1 22 62 85 94 -1 28 56 58 89 -1 2 8 10 87 -1 -2
2 53 74 99 -1 -2
3 23 43 95 -1 31 34 38 62 -1 13 28 44 66 -1 2 85 86 90 -1 19 25 65 91 -1 4 23 50 64 -1 62 74 85 87 -1 7 28 63 100 -1 -2
30 49 91 95 -1 5 23 34 82 -1 -2
32 42 57 75 -1 22 39 68 73 -1 23 54 61 73 -1 34 38 59 80 -1 1 2 51 87 -1 28 35 64 77 -1 26 48 88 96 -1 55 61 76 89 -1 -2
2 12 40 80 -1 7 37 57 70 -1 -2
14 33 36 52 -1 7 10 17 52 -1 5 39 52 85 -1 14 25 58 88 -1 -2
20 58 60 65 -1 7 44 73 91 -1 4 45 69 73 -1 -2
8 42 43 96 -1 23 35 50 73 -1 20 43 48 86 -1 5 36 41 78 -1 71 75 79 100 -1 12 28 29 78 -1 60 64 93 99 -1 26 32 52 74 -1 1 11 54 91 -1 -2
4 17 26 96 -1 6 12 34 83 -1 43 59 83 96 -1 5 36 60 71 -1 16 22 25 71 -1 -2
3 7 17 38 -1 16 60 87 91 -1 24 26 34 74 -1 36 55 67 69 -1 24 28 58 91 -1 38 46 67 99 -1 -2
26 73 86 93 -1 3 15 30 47 -1 34 40 49 90 -1 6 47 65 84 -1 21 29 67 79 -1 24 39 85 92 -1 16 43 68 83 -1 2 37 72 88 -1 25 42 51 99 -1 -2
18 27 33 55 -1 46 55 59 97 -1 33 37 53 87 -1 37 82 89 99 -1 52 78 84 97 -1 18 20 61 90 -1 7 44 66 97 -1 15 23 54 82 -1 -2
71 82 87 96 -1 12 22 24 58 -1 14 29 92 93 -1 21 31 76 85 -1 21 56 68 94 -1 37 66 74 99 -1 11 67 94 97 -1 3 32 45 68 -1 -2
1 42 45 96 -1 24 37 62 75 -1 43 49 67 88 -1 5 41 98 100 -1 6 22 44 62 -1 65 77 78 91 -1 9 11 32 88 -1 -2
3 87 94 96 -1 51 72 81 91 -1 -2
1 61 64 90 -1 30 49 70 90 -1 4 52 85 99 -1 3 41 76 81 -1 35 49 76 80 -1 -2
33 58 71 83 -1 26 29 91 98 -1 40 64 71 83 -1 7 20 23 92 -1 13 68 82 100 -1 19 42 43 84 -1 -2
52 70 72 82 -1 20 52 53 73 -1 12 41 81 94 -1 14 26 46 97 -1 47 53 82 92 -1 12 52 82 100 -1 5 55 63 88 -1 12 15 17 45 -1 46 51 61 73 -1 71 81 86 88 -1 -2
8 31 88 94 -1 20 45 82 86 -1 -2
46 51 62 69 -1 4 17 45 86 -1 48 66 74 94 -1 12 27 37 96 -1 42 70 91 99 -1 1 30 75 89 -1 2 55 59 69 -1 38 57 72 90 -1 14 46 65 86 -1 -2
45 50 63 81 -1 62 63 90 100 -1 -2
7 8 29 68 -1 35 39 47 73 -1 -2
35 49 57 74 -1 2 8 40 68 -1 5 15 48 86 -1 5 28 44 81 -1 50 74 82 91 -1 10 14 43 74 -1 18 54 70 99 -1 -2
32 54 59 76 -1 -2
1 9 53 80 -1 -2
30 31 38 89 -1 22 35 55 57 -1 4 52 77 90 -1 45 59 60 67 -1 8 16 26 98 -1 10 21 52 59 -1 27 35 65 82 -1 29 51 70 90 -1 4 9 34 94 -1 45 62 91 100 -1 -2
10 22 96 100 -1 19 51 59 62 -1 3 33 66 94 -1 -2
6 17 63 78 -1 22 24 90 95 -1 60 82 87 91 -1 24 65 77 89 -1 17 44 52 74 -1 15 18 35 73 -1 -2
11 25 60 82 -1 16 25 31 92 -1 22 33 71 100 -1 2 48 57 60 -1 5 7 62 64 -1 22 33 69 96 -1 49 53 91 98 -1 34 49 78 84 -1 -2
19 39 50 87 -1 14 25 31 52 -1 36 53 71 91 -1 27 35 42 57 -1 7 8 23 38 -1 48 63 98 99 -1 29 41 46 58 -1 21 32 36 82 -1 25 54 93 98 -1 -2
27 34 71 87 -1 15 24 61 93 -1 19 38 47 64 -1 16 30 42 81 -1 11 15 35 98 -1 5 7 64 99 -1 7 45 54 62 -1 9 70 91 99 -1 13 38 49 86 -1 45 46 48 72 -1 -2
38 50 71 93 -1 -2
15 26 51 85 -1 11 36 45 54 -1 1 5 7 12 -1 10 41 56 57 -1 49 68 77 96 -1 13 21 35 39 -1 16 37 54 71 -1 9 30 34 76 -1 -2
6 32 89 98 -1 1 16 46 77 -1 31 39 60 74 -1 57 61 72 88 -1 27 89 96 99 -1 2 5 33 70 -1 56 57 70 77 -1 -2
18 20 51 57 -1 24 48 88 100 -1 23 67 75 95 -1 13 71 84 100 -1 -2
8 14 80 85 -1 31 41 82 96 -1 10 17 51 74 -1 2 74 79 85 -1 2 54 59 71 -1 4 17 74 85 -1 10 42 52 66 -1 15 16 32 46 -1 9 16 53 59 -1 19 90 92 94 -1 -2
9 41 88 98 -1 1 45 84 95 -1 9 70 80 83 -1 8 43 67 79 -1 10 63 68 88 -1 3 53 86 100 -1 1 17 70 87 -1 -2
70 75 97 100 -1 -2
8 18 67 99 -1 -2
16 18 63 66 -1 14 49 77 97 -1 4 36 72 98 -1 27 64 97 100 -1 5 46 62 80 -1 -2
6 14 25 48 -1 2 7 31 69 -1 -2
23 52 63 86 -1 21 31 59 67 -1 57 72 74 80 -1 -2
48 60 68 93 -1 5 16 21 60 -1 34 39 48 59 -1 -2
2 35 83 93 -1 -2
27 35 39 87 -1 35 47 89 90 -1 31 32 51 73 -1 10 42 50 55 -1 38 45 87 98 -1 13 18 58 93 -1 -2
32 49 59 88 -1 12 71 80 90 -1 35 46 49 100 -1 14 20 24 84 -1 37 52 73 94 -1 18 40 50 91 -1 9 34 47 77 -1 44 62 79 81 -1 26 46 50 76 -1 -2
18 27 44 74 -1 14 22 44 59 -1 6 46 74 86 -1 34 35 44 78 -1 25 27 38 48 -1 5 46 83 91 -1 44 67 87 99 -1 41 79 82 93 -1 -2
18 65 86 94 -1 25 28 48 90 -1 54 55 94 96 -1 -2
9 46 76 81 -1 1 50 74 99 -1 1 34 76 77 -1 3 24 34 90 -1 51 76 77 100 -1 -2
2 18 29 35 -1 25 40 78 95 -1 1 4 53 79 -1 2 27 60 79 -1 22 52 54 73 -1 2 18 43 58 -1 17 51 59 73 -1 68 82 85 89 -1 8 20 28 61 -1 -2
1 32 51 90 -1 25 37 59 74 -1 8 21 57 100 -1 46 51 58 87 -1 54 85 98 100 -1 29 49 67 89 -1 10 69 74 99 -1 -2
62 71 86 100 -1 10 14 25 50 -1 8 10 65 71 -1 20 21 40 49 -1 4 6 42 58 -1 32 58 69 79 -1 8 35 44 89 -1 -2
3 6 8 95 -1 47 70 76 89 -1 5 31 61 64 -1 24 25 37 64 -1 59 76 93 100 -1 8 11 67 82 -1 4 24 27 74 -1 53 86 89 98 -1 33 41 74 88 -1 13 67 74 87 -1 -2
24 57 94 99 -1 2 38 62 75 -1 8 9 17 60 -1 11 16 29 76 -1 46 60 74 77 -1 4 5 13 59 -1 39 83 84 89 -1 19 27 59 62 -1 2 32 48 78 -1 45 70 72 87 -1 -2
36 37 80 97 -1 52 63 71 91 -1 26 30 35 69 -1 17 26 46 85 -1 -2
25 45 54 56 -1 10 77 92 99 -1 1 13 15 70 -1 34 36 71 90 -1 -2
27 33 42 55 -1 21 32 41 50 -1 53 69 89 93 -1 8 40 88 100 -1 -2
16 39 85 99 -1 -2
42 73 74 97 -1 3 21 61 92 -1 52 58 82 83 -1 8 18 67 72 -1 11 30 56 92 -1 66 70 85 95 -1 33 35 47 59 -1 37 61 62 81 -1 -2
27 51 78 94 -1 7 57 59 89 -1 5 48 54 82 -1 26 62 66 69 -1 7 9 36 91 -1 55 62 83 85 -1 -2
11 74 81 98 -1 24 29 67 91 -1 15 32 35 56 -1 -2
18 24 41 52 -1 46 83 87 93 -1 24 61 69 80 -1 53 55 85 92 -1 39 52 58 85 -1 26 28 45 80 -1 -2
32 36 47 74 -1 23 28 49 51 -1 23 35 48 79 -1 25 34 38 74 -1 46 51 70 73 -1 -2
2 26 34 39 -1 -2
8 37 40 86 -1 39 59 69 75 -1 27 35 50 55 -1 17 24 36 66 -1 -2
22 25 28 36 -1 12 13 30 47 -1 18 19 50 95 -1 35 41 69 74 -1 13 30 85 99 -1 8 37 47 59 -1 21 66 70 83 -1 -2
6 10 83 86 -1 5 13 14 53 -1 20 43 51 56 -1 12 28 51 79 -1 -2
19 27 47 87 -1 4 6 80 84 -1 9 13 25 85 -1 49 50 78 95 -1 2 5 29 95 -1 -2
14 31 61 97 -1 17 19 41 88 -1 39 66 74 100 -1 5 20 28 51 -1 2 61 68 84 -1 18 23 70 87 -1 3 12 39 80 -1 1 38 43 97 -1 52 58 83 98 -1 -2
16 41 79 96 -1 6 65 72 75 -1 64 66 68 89 -1 -2
21 42 52 70 -1 39 42 84 87 -1 47 77 79 85 -1 10 11 32 67 -1 4 27 42 96 -1 2 7 52 88 -1 13 37 61 90 -1 12 48 73 86 -1 77 79 81 99 -1 -2
26 47 51 100 -1 3 71 79 96 -1 45 62 71 72 -1 18 25 29 70 -1 49 50 54 98 -1 8 22 63 90 -1 27 58 90 94 -1 6 12 49 85 -1 -2
20 25 37 86 -1 36 44 72 96 -1 42 90 93 94 -1 23 49 62 64 -1 -2
19 44 51 100 -1 28 32 51 89 -1 75 80 85 86 -1 1 11 34 77 -1 16 79 88 100 -1 -2
5 14 26 52 -1 9 15 21 91 -1 22 54 76 85 -1 29 41 58 60 -1 33 51 54 63 -1 32 39 70 85 -1 -2
10 24 81 83 -1 3 29 48 73 -1 38 55 74 83 -1 -2
6 8 59 79 -1 12 16 21 34 -1 37 51 57 75 -1 38 61 70 100 -1 -2
36 41 65 96 -1 23 26 29 98 -1 4 29 76 92 -1 20 70 81 95 -1 -2
8 28 86 98 -1 -2
10 19 60 70 -1 28 47 58 60 -1 2 43 56 61 -1 4 21 43 59 -1 5 28 82 96 -1 21 68 74 100 -1 26 44 57 92 -1 35 39 56 59 -1 8 35 51 62 -1 21 33 43 83 -1 -2
5 10 26 87 -1 -2
11 33 66 78 -1 27 36 82 85 -1 17 36 61 78 -1 19 43 52 67 -1 1 22 55 78 -1 64 68 87 99 -1 -2
5 31 41 97 -1 6 27 46 49 -1 46 68 69 75 -1 -2
2 32 81 85 -1 14 26 49 80 -1 5 20 53 75 -1 49 78 79 100 -1 3 32 45 95 -1 -2
19 32 34 36 -1 3 20 54 81 -1 42 44 54 66 -1 37 41 70 77 -1 52 62 68 90 -1 32 59 70 99 -1 4 19 27 84 -1 17 55 58 82 -1 -2
29 33 55 60 -1 13 35 46 49 -1 15 28 41 50 -1 30 60 90 100 -1 11 17 30 52 -1 15 18 50 66 -1 19 21 45 69 -1 4 7 46 65 -1 -2
11 22 53 90 -1 44 61 70 74 -1 -2
11 26 44 86 -1 -2
10 23 48 67 -1 -2
48 68 82 95 -1 50 54 77 98 -1 -2
33 49 57 89 -1 30 38 93 100 -1 28 91 96 98 -1 -2
52 67 74 75 -1 6 19 92 96 -1 59 86 97 99 -1 19 46 61 64 -1 11 18 60 82 -1 34 78 96 97 -1 20 28 41 94 -1 -2
45 55 86 92 -1 2 12 31 36 -1 1 13 27 30 -1 -2
55 67 79 93 -1 4 41 52 60 -1 1 9 40 53 -1 17 28 36 81 -1 26 47 59 67 -1 -2
11 32 38 67 -1 -2
51 57 89 99 -1 3 55 68 71 -1 12 25 33 86 -1 15 25 29 67 -1 -2
10 30 34 36 -1 76 81 83 92 -1 21 28 41 69 -1 23 51 55 99 -1 3 14 41 95 -1 11 17 30 33 -1 2 11 52 70 -1 2 35 58 59 -1 44 69 96 98 -1 -2
7 68 88 98 -1 31 48 74 80 -1 12 23 32 88 -1 6 24 62 69 -1 19 20 23 48 -1 -2
8 43 53 56 -1 26 40 51 62 -1 13 22 53 94 -1 19 54 86 94 -1 14 30 95 99 -1 31 38 61 86 -1 14 17 25 57 -1 17 67 82 85 -1 4 56 79 85 -1 -2
17 59 72 83 -1 16 40 72 94 -1 11 20 57 89 -1 41 53 56 86 -1 26 42 70 76 -1 22 30 46 56 -1 22 26 47 92 -1 33 71 78 87 -1 -2
15 26 51 98 -1 -2
21 28 90 98 -1 74 75 85 94 -1 -2
28 54 71 97 -1 22 46 85 93 -1 3 56 61 72 -1 29 33 36 60 -1 17 22 53 70 -1 52 53 64 86 -1 -2
32 39 41 56 -1 35 37 61 99 -1 19 43 53 67 -1 25 64 95 97 -1 1 5 7 37 -1 -2
35 60 61 95 -1 77 96 97 100 -1 50 59 62 95 -1 57 60 71 76 -1 35 46 68 82 -1 51 55 91 98 -1 28 29 43 49 -1 4 31 35 66 -1 10 19 24 56 -1 -2
7 34 48 83 -1 15 49 62 91 -1 8 14 59 75 -1 31 34 54 72 -1 -2
28 38 64 69 -1 -2
8 15 44 65 -1 25 33 44 63 -1 7 12 37 68 -1 7 32 46 62 -1 15 51 81 93 -1 6 8 48 62 -1 14 16 26 45 -1 25 32 57 86 -1 -2
36 40 57 96 -1 5 21 38 44 -1 25 26 60 96 -1 41 44 59 85 -1 15 71 81 88 -1 51 53 70 79 -1 18 25 76 81 -1 -2
16 20 24 25 -1 2 24 52 92 -1 1 36 65 67 -1 41 48 51 62 -1 1 52 57 97 -1 53 90 91 92 -1 45 69 87 94 -1 10 34 54 86 -1 9 60 62 95 -1 -2
4 54 90 95 -1 54 70 76 98 -1 8 25 31 34 -1 -2
21 35 42 75 -1 43 60 61 73 -1 13 22 29 99 -1 1 53 56 94 -1 82 88 93 96 -1 8 31 59 77 -1 8 13 61 88 -1 18 19 34 87 -1 4 41 57 81 -1 -2
13 38 72 74 -1 6 17 47 66 -1 67 71 76 83 -1 32 58 59 67 -1 3 10 30 85 -1 3 17 45 57 -1 14 75 79 85 -1 46 47 56 61 -1 20 43 61 79 -1 -2
44 73 74 95 -1 28 60 66 76 -1 8 10 16 19 -1 68 73 80 85 -1 -2
25 56 66 73 -1 41 62 75 92 -1 2 3 35 63 -1 -2
19 32 86 88 -1 2 47 71 87 -1 7 16 19 100 -1 16 17 49 65 -1 2 6 22 28 -1 3 45 47 86 -1 58 80 91 95 -1 22 35 52 91 -1 16 19 39 55 -1 11 42 65 73 -1 -2
20 39 53 63 -1 5 34 47 72 -1 7 25 27 40 -1 -2
48 54 58 77 -1 -2
12 31 55 93 -1 28 37 48 88 -1 -2
4 49 56 59 -1 38 59 67 91 -1 58 69 77 90 -1 17 30 39 46 -1 -2
16 31 93 96 -1 -2
15 38 44 87 -1 21 22 30 84 -1 26 47 81 94 -1 3 20 38 65 -1 8 21 29 76 -1 13 35 55 95 -1 31 54 63 98 -1 -2
25 61 83 87 -1 27 33 48 87 -1 13 29 37 49 -1 2 4 73 90 -1 22 27 36 85 -1 2 16 45 83 -1 32 46 91 93 -1 15 65 73 79 -1 27 28 43 65 -1 -2
20 35 49 54 -1 33 54 68 94 -1 24 51 68 76 -1 6 48 70 93 -1 11 16 25 58 -1 3 31 67 69 -1 19 40 88 90 -1 36 52 75 99 -1 -2
41 86 92 97 -1 3 5 6 63 -1 13 21 55 95 -1 -2
2 30 47 68 -1 9 24 46 75 -1 24 27 74 92 -1 6 12 28 59 -1 3 36 43 73 -1 1 68 71 76 -1 10 12 43 76 -1 20 74 82 98 -1 -2
13 19 77 96 -1 6 12 42 47 -1 10 31 64 81 -1 5 26 54 69 -1 7 26 41 69 -1 45 59 61 68 -1 34 55 89 98 -1 -2
2 13 75 86 -1 34 44 45 99 -1 -2
7 42 85 90 -1 38 40 56 60 -1 18 22 36 44 -1 46 63 86 88 -1 19 34 38 90 -1 27 33 44 52 -1 25 26 69 94 -1 2 14 43 85 -1 72 79 85 91 -1 4 40 57 98 -1 -2
26 35 40 77 -1 44 66 67 88 -1 52 69 71 73 -1 50 60 63 71 -1 -2
21 53 57 82 -1 6 33 78 96 -1 -2
10 31 45 63 -1 4 19 36 60 -1 1 63 85 87 -1 1 59 81 100 -1 9 13 21 100 -1 34 86 87 98 -1 2 11 24 72 -1 9 55 68 73 -1 -2
9 26 36 64 -1 -2
41 44 62 95 -1 10 29 31 73 -1 26 51 58 69 -1 -2
19 45 87 89 -1 44 48 77 99 -1 21 30 85 90 -1 21 51 94 99 -1 -2
13 27 71 84 -1 2 40 78 79 -1 -2
23 37 76 91 -1 30 35 54 57 -1 18 86 87 100 -1 19 23 51 98 -1 12 16 59 61 -1 35 47 67 93 -1 13 58 68 73 -1 16 42 58 95 -1 -2
12 17 63 94 -1 4 49 59 65 -1 3 66 76 89 -1 -2
21 24 28 63 -1 28 66 71 73 -1 -2
5 6 27 87 -1 44 55 78 84 -1 18 30 32 35 -1 4 56 71 84 -1 2 9 27 57 -1 -2
18 36 55 93 -1 -2
12 32 38 68 -1 -2
56 63 71 100 -1 4 27 43 73 -1 -2
11 30 71 91 -1 16 25 58 74 -1 40 47 53 89 -1 25 41 80 87 -1 -2
28 53 67 93 -1 22 32 42 67 -1 -2
8 37 69 76 -1 27 64 79 88 -1 10 14 63 72 -1 -2
29 46 48 100 -1 76 83 89 94 -1 3 9 23 27 -1 9 60 75 86 -1 37 70 80 82 -1 2 20 41 52 -1 64 65 75 93 -1 3 4 17 20 -1 31 40 53 90 -1 18 44 73 89 -1 -2
37 50 62 87 -1 34 36 43 49 -1 25 43 87 90 -1 10 36 74 89 -1 11 14 17 25 -1 15 31 74 77 -1 -2
51 80 87 96 -1 13 17 70 86 -1 50 82 87 94 -1 7 15 53 98 -1 11 75 77 85 -1 5 20 22 25 -1 -2
22 35 40 52 -1 3 45 58 65 -1 21 38 58 63 -1 35 64 77 92 -1 30 67 80 97 -1 6 19 32 88 -1 39 54 68 91 -1 10 28 53 69 -1 22 33 40 72 -1 -2
9 17 37 57 -1 20 58 72 78 -1 16 36 79 96 -1 -2
19 73 84 94 -1 28 41 49 80 -1 6 11 36 90 -1 -2
17 44 60 83 -1 9 11 63 100 -1 25 62 83 85 -1 2 14 39 69 -1 31 56 67 75 -1 4 24 43 62 -1 22 42 88 100 -1 12 27 57 98 -1 22 56 89 99 -1 -2
51 61 67 92 -1 3 27 34 45 -1 6 10 11 68 -1 -2
24 27 33 71 -1 11 29 70 86 -1 22 31 44 60 -1 12 37 91 98 -1 47 58 90 92 -1 10 26 85 99 -1 -2
8 63 64 88 -1 17 28 66 86 -1 17 44 60 78 -1 33 81 82 83 -1 -2
3 71 86 91 -1 7 42 54 79 -1 7 21 30 39 -1 39 66 67 99 -1 -2
34 84 86 98 -1 49 56 82 92 -1 9 66 85 90 -1 48 62 75 95 -1 23 27 72 73 -1 6 21 44 71 -1 37 39 61 91 -1 30 43 49 68 -1 5 28 50 56 -1 -2
46 61 65 76 -1 5 21 77 86 -1 1 6 46 61 -1 76 77 83 98 -1 24 46 67 97 -1 14 79 92 94 -1 28 42 47 83 -1 47 57 71 83 -1 9 15 21 100 -1 -2
13 17 27 33 -1 25 60 84 87 -1 15 42 46 49 -1 60 70 83 100 -1 18 36 51 73 -1 23 72 73 75 -1 49 50 65 71 -1 37 63 65 74 -1 6 58 67 70 -1 -2
25 26 51 61 -1 22 51 69 95 -1 28 38 77 81 -1 43 48 53 97 -1 15 30 36 97 -1 29 34 46 96 -1 11 32 43 85 -1 40 52 55 59 -1 3 29 37 43 -1 5 51 59 75 -1 -2
1 2 5 58 -1 14 23 60 61 -1 47 52 92 97 -1 6 10 12 29 -1 14 31 69 86 -1 12 41 47 52 -1 19 45 70 87 -1 -2
9 27 38 41 -1 12 19 64 67 -1 8 13 32 66 -1 1 2 12 82 -1 43 49 58 92 -1 19 21 69 84 -1 6 29 33 68 -1 -2
79 81 84 86 -1 15 30 77 93 -1 -2
35 50 65 79 -1 2 17 45 59 -1 3 27 32 94 -1 33 50 63 98 -1 29 48 50 93 -1 23 56 61 87 -1 12 55 80 95 -1 -2
10 29 73 90 -1 19 22 47 76 -1 21 45 56 76 -1 18 21 64 81 -1 10 63 68 76 -1 8 16 67 82 -1 12 72 74 91 -1 3 37 63 88 -1 -2
36 65 84 87 -1 40 58 73 80 -1 63 79 90 92 -1 23 69 95 96 -1 8 24 59 62 -1 9 79 98 100 -1 30 52 92 94 -1 -2
13 48 52 98 -1 -2
43 53 64 74 -1 7 26 52 93 -1 16 91 97 98 -1 7 16 38 100 -1 11 46 77 87 -1 23 31 66 86 -1 5 12 51 84 -1 50 53 55 86 -1 -2
11 21 23 61 -1 1 79 81 94 -1 -2
3 24 52 72 -1 -2
26 46 89 99 -1 52 62 65 71 -1 6 45 48 96 -1 1 38 62 78 -1 40 52 53 74 -1 14 27 42 47 -1 27 43 51 90 -1 9 45 66 80 -1 -2
4 10 80 100 -1 9 18 64 65 -1 26 35 70 97 -1 38 73 76 97 -1 79 82 86 92 -1 33 43 67 68 -1 11 82 83 87 -1 41 49 56 71 -1 -2
47 69 80 97 -1 42 66 80 97 -1 52 63 78 84 -1 35 53 90 98 -1 26 45 57 69 -1 3 11 30 34 -1 19 51 66 99 -1 29 36 64 66 -1 14 22 25 64 -1 8 12 22 71 -1 -2
1 24 26 54 -1 14 29 48 74 -1 10 40 47 54 -1 -2
20 28 42 54 -1 -2
27 39 41 68 -1 29 45 61 70 -1 11 32 37 77 -1 51 70 82 84 -1 42 53 72 76 -1 66 67 69 93 -1 -2
28 33 65 81 -1 32 48 76 80 -1 45 58 60 95 -1 7 36 50 73 -1 35 37 64 80 -1 45 81 91 95 -1 29 34 36 76 -1 14 27 81 90 -1 -2
45 51 53 99 -1 18 35 86 88 -1 43 65 72 92 -1 20 28 33 63 -1 11 35 50 78 -1 39 41 53 88 -1 67 81 82 99 -1 11 29 65 80 -1 -2
8 25 51 74 -1 10 32 50 68 -1 2 36 58 75 -1 10 40 74 100 -1 -2
60 64 67 85 -1 19 25 46 52 -1 26 64 82 93 -1 32 34 73 88 -1 -2
12 39 53 69 -1 9 25 71 96 -1 48 63 65 74 -1 40 55 79 80 -1 28 51 56 60 -1 67 69 70 95 -1 55 77 88 96 -1 41 63 84 85 -1 -2
4 41 51 89 -1 18 49 57 59 -1 66 74 87 95 -1 9 29 74 97 -1 8 15 79 87 -1 48 69 74 84 -1 -2
62 76 92 100 -1 28 72 91 96 -1 7 11 36 62 -1 4 18 35 62 -1 25 30 70 71 -1 22 30 36 55 -1 -2
15 19 58 87 -1 48 61 82 86 -1 1 2 23 48 -1 26 60 68 76 -1 50 67 96 98 -1 26 47 52 77 -1 -2
31 46 57 97 -1 18 39 65 93 -1 31 38 75 92 -1 -2
12 49 57 83 -1 10 42 46 95 -1 30 46 96 97 -1 2 12 25 52 -1 -2
4 28 62 68 -1 39 49 50 89 -1 21 51 72 86 -1 8 88 93 95 -1 30 80 84 85 -1 5 30 41 77 -1 1 5 80 97 -1 24 44 62 90 -1 -2
17 20 63 75 -1 22 39 43 59 -1 9 45 56 60 -1 -2
11 21 53 93 -1 63 64 65 71 -1 33 46 60 98 -1 9 21 48 87 -1 8 16 91 97 -1 -2
20 46 72 84 -1 56 90 92 93 -1 1 17 43 67 -1 -2
23 30 68 80 -1 52 59 80 85 -1 17 65 71 73 -1 17 28 59 87 -1 16 81 88 91 -1 -2
2 3 27 56 -1 12 57 71 100 -1 61 66 81 98 -1 38 61 64 93 -1 30 75 76 95 -1 11 31 57 98 -1 5 29 66 72 -1 1 20 30 76 -1 1 15 18 61 -1 6 56 72 83 -1 -2
3 25 28 100 -1 36 71 74 88 -1 40 42 58 85 -1 11 19 42 59 -1 37 43 91 99 -1 9 31 43 77 -1 49 62 85 89 -1 1 28 56 79 -1 19 34 36 85 -1 -2
4 36 74 87 -1 32 33 50 52 -1 16 50 77 83 -1 31 51 83 88 -1 30 50 57 87 -1 6 59 81 90 -1 2 20 32 34 -1 -2
20 23 53 80 -1 10 12 19 61 -1 18 46 75 94 -1 1 30 65 79 -1 23 29 40 96 -1 5 9 54 88 -1 32 59 74 98 -1 40 69 91 99 -1 9 31 59 61 -1 -2
11 29 66 69 -1 8 42 82 86 -1 52 65 91 99 -1 38 48 54 93 -1 2 36 44 81 -1 23 57 63 84 -1 -2
9 35 44 78 -1 4 8 77 86 -1 22 55 63 77 -1 46 48 74 85 -1 24 26 31 59 -1 14 29 66 97 -1 7 21 42 82 -1 -2
26 45 83 99 -1 38 64 65 81 -1 33 72 82 93 -1 14 15 35 60 -1 -2
20 36 51 77 -1 39 57 61 77 -1 44 89 90 94 -1 2 31 74 85 -1 -2
10 51 58 84 -1 3 25 67 77 -1 20 31 51 80 -1 6 12 40 49 -1 3 38 43 60 -1 27 49 62 77 -1 44 55 63 74 -1 37 72 96 99 -1 21 76 81 91 -1 1 12 39 44 -1 -2
48 49 90 97 -1 25 36 66 87 -1 8 10 36 73 -1 25 26 63 77 -1 43 51 55 56 -1 10 13 57 85 -1 2 20 28 99 -1 17 50 71 73 -1 -2
3 5 47 76 -1 51 65 66 99 -1 45 46 47 71 -1 16 42 67 83 -1 -2
2 16 36 90 -1 33 45 82 85 -1 27 42 50 73 -1 6 33 36 96 -1 4 22 36 38 -1 1 39 65 93 -1 -2
12 44 58 91 -1 10 27 69 100 -1 10 68 73 99 -1 7 22 64 71 -1 7 8 17 27 -1 20 86 93 94 -1 -2
26 68 88 92 -1 12 42 77 80 -1 -2
29 71 79 90 -1 -2
2 59 79 81 -1 19 29 70 94 -1 44 47 54 86 -1 30 31 42 68 -1 33 83 85 91 -1 24 60 62 70 -1 3 21 28 94 -1 27 46 59 96 -1 47 55 61 93 -1 56 57 58 81 -1 -2
5 13 60 73 -1 18 54 58 62 -1 6 23 24 63 -1 11 20 54 94 -1 5 26 49 76 -1 54 81 89 94 -1 34 38 71 73 -1 21 23 91 100 -1 -2
9 28 38 57 -1 7 18 33 97 -1 15 17 35 37 -1 28 49 75 76 -1 21 54 76 97 -1 12 39 81 91 -1 6 11 34 35 -1 13 32 57 93 -1 19 20 45 78 -1 19 23 53 82 -1 -2
14 58 73 98 -1 1 27 66 78 -1 4 27 56 67 -1 -2
17 52 94 99 -1 -2
25 59 89 96 -1 -2
32 62 69 93 -1 9 12 24 51 -1 1 5 72 83 -1 2 10 50 100 -1 13 17 70 86 -1 23 44 47 75 -1 3 44 48 53 -1 7 52 69 72 -1 16 31 72 75 -1 -2
2 18 89 99 -1 32 73 83 97 -1 8 15 24 63 -1 3 7 70 79 -1 1 25 51 64 -1 5 29 58 83 -1 4 12 89 94 -1 5 37 41 63 -1 -2
29 36 76 99 -1 3 68 69 96 -1 10 38 51 55 -1 45 46 47 85 -1 8 12 13 24 -1 21 31 37 92 -1 32 50 58 80 -1 1 4 46 52 -1 -2
37 48 58 64 -1 10 24 31 41 -1 64 67 68 93 -1 29 47 50 67 -1 4 20 60 97 -1 37 54 68 87 -1 23 28 37 72 -1 15 40 95 99 -1 -2
30 33 64 76 -1 -2
21 71 72 84 -1 12 48 68 79 -1 1 13 48 93 -1 41 44 81 92 -1 3 33 35 81 -1 35 67 79 85 -1 51 57 69 87 -1 4 52 70 100 -1 -2
13 34 64 96 -1 8 20 55 67 -1 11 14 22 65 -1 12 60 65 98 -1 -2
35 44 68 99 -1 10 58 77 86 -1 28 73 84 85 -1 19 35 44 52 -1 31 35 80 99 -1 22 50 59 70 -1 7 12 82 83 -1 7 12 50 56 -1 19 26 52 93 -1 -2
58 59 63 76 -1 28 33 57 92 -1 7 27 52 74 -1 -2
18 19 31 90 -1 6 38 44 71 -1 1 4 26 27 -1 25 84 90 97 -1 9 46 70 98 -1 -2
14 64 65 72 -1 36 85 96 100 -1 6 23 76 94 -1 9 22 41 78 -1 -2
6 17 60 88 -1 -2
7 62 78 99 -1 22 46 69 89 -1 -2
46 48 67 90 -1 12 49 79 83 -1 41 62 71 93 -1 21 33 39 55 -1 38 51 67 80 -1 8 33 37 70 -1 23 52 61 78 -1 42 46 49 100 -1 18 63 75 80 -1 -2
6 10 31 99 -1 7 19 64 86 -1 41 46 64 96 -1 11 49 78 98 -1 -2
30 37 70 76 -1 20 25 40 47 -1 34 44 87 92 -1 2 60 72 91 -1 12 22 41 71 -1 3 14 29 79 -1 5 14 48 92 -1 3 25 47 58 -1 -2
15 39 57 78 -1 51 79 86 98 -1 6 24 37 74 -1 6 45 58 100 -1 6 33 38 51 -1 -2
15 24 30 55 -1 17 20 52 66 -1 4 77 89 99 -1 17 51 69 92 -1 1 16 67 81 -1 -2
31 36 57 80 -1 4 8 15 58 -1 15 74 84 92 -1 7 24 36 77 -1 23 64 76 87 -1 15 46 52 54 -1 6 30 71 86 -1 21 24 56 61 -1 -2
3 24 36 96 -1 29 39 47 54 -1 2 11 47 57 -1 5 32 63 95 -1 42 46 55 80 -1 33 56 59 68 -1 2 3 10 45 -1 26 36 95 97 -1 1 76 91 95 -1 -2
41 65 73 76 -1 10 43 47 55 -1 10 38 57 64 -1 64 77 78 81 -1 23 35 60 87 -1 46 52 64 73 -1 -2
32 63 65 81 -1 -2
8 25 49 95 -1 29 34 92 99 -1 21 27 71 92 -1 15 20 77 93 -1 10 54 86 92 -1 2 27 51 92 -1 16 39 51 70 -1 11 28 36 40 -1 -2
42 45 46 58 -1 8 22 23 74 -1 15 20 46 55 -1 14 59 82 91 -1 8 36 64 87 -1 1 39 54 86 -1 15 19 74 91 -1 3 9 21 23 -1 -2
12 27 53 64 -1 37 53 60 76 -1 37 56 57 63 -1 14 34 52 61 -1 49 56 78 92 -1 18 30 52 82 -1 -2
10 33 80 90 -1 -2
2 23 33 36 -1 2 13 25 86 -1 12 34 35 76 -1 8 43 50 75 -1 29 57 81 94 -1 6 33 37 45 -1 8 10 53 81 -1 18 48 52 71 -1 -2
31 59 83 90 -1 15 16 41 81 -1 22 63 69 76 -1 -2
3 17 70 89 -1 6 8 75 80 -1 10 15 31 84 -1 43 63 66 97 -1 11 19 78 83 -1 10 13 16 60 -1 15 51 62 66 -1 20 30 54 99 -1 19 53 66 94 -1 -2
32 48 58 92 -1 50 77 80 90 -1 25 40 44 63 -1 -2
16 44 45 78 -1 42 56 68 87 -1 6 17 51 93 -1 22 39 59 99 -1 15 36 51 61 -1 14 20 50 91 -1 6 25 46 91 -1 54 62 86 92 -1 16 38 55 88 -1 19 66 74 92 -1 -2
36 50 67 68 -1 14 20 41 44 -1 6 20 84 88 -1 61 64 73 87 -1 3 23 34 49 -1 4 34 49 60 -1 12 25 47 59 -1 8 36 38 93 -1 54 70 71 85 -1 35 39 96 100 -1 -2
35 73 78 96 -1 13 32 46 96 -1 9 18 29 32 -1 11 64 71 80 -1 -2
54 64 82 96 -1 55 69 71 72 -1 4 16 77 86 -1 -2
8 37 62 95 -1 34 41 76 84 -1 57 60 66 99 -1 4 41 52 91 -1 9 12 35 94 -1 6 8 75 81 -1 18 27 63 64 -1 -2
8 10 90 92 -1 22 40 50 84 -1 11 56 85 94 -1 33 37 88 96 -1 16 32 33 83 -1 6 34 45 54 -1 28 60 71 76 -1 9 28 50 84 -1 79 86 92 97 -1 21 86 89 98 -1 -2
26 27 43 71 -1 11 47 90 99 -1 15 19 38 89 -1 10 65 70 91 -1 6 11 26 69 -1 14 35 65 94 -1 34 39 48 64 -1 11 17 20 36 -1 30 39 84 96 -1 8 44 66 90 -1 -2
2 8 29 35 -1 27 31 72 99 -1 1 6 18 76 -1 -2
1 9 14 99 -1 24 28 33 39 -1 48 52 77 81 -1 22 38 39 65 -1 39 57 72 90 -1 -2
10 38 55 56 -1 26 45 78 80 -1 18 46 91 97 -1 12 18 43 52 -1 -2
4 49 58 78 -1 13 41 54 92 -1 44 66 77 86 -1 23 27 55 88 -1 6 12 39 42 -1 36 41 52 65 -1 3 11 55 96 -1 40 65 81 84 -1 -2
30 37 62 86 -1 -2
10 45 64 95 -1 30 31 86 99 -1 29 40 41 48 -1 25 46 66 74 -1 52 59 69 77 -1 7 30 46 100 -1 30 45 46 85 -1 7 43 50 96 -1 30 62 70 96 -1 61 79 86 100 -1 -2
6 7 31 50 -1 7 47 75 81 -1 -2
59 61 67 98 -1 11 12 55 79 -1 6 17 76 79 -1 14 20 33 90 -1 33 58 87 100 -1 4 15 28 40 -1 -2
42 72 79 100 -1 32 72 84 98 -1 10 18 29 60 -1 -2
16 43 48 61 -1 14 46 62 94 -1 22 41 57 91 -1 5 39 63 72 -1 12 18 28 88 -1 14 19 79 94 -1 7 19 54 85 -1 1 29 30 60 -1 40 76 82 88 -1 -2
4 29 40 52 -1 8 51 68 87 -1 13 25 37 55 -1 17 25 30 63 -1 15 57 68 83 -1 36 51 57 91 -1 11 40 54 73 -1 49 63 73 75 -1 2 17 69 83 -1 -2
8 42 54 92 -1 22 50 53 66 -1 39 68 70 95 -1 14 21 25 28 -1 8 21 31 94 -1 -2
27 69 96 98 -1 7 18 21 22 -1 32 54 72 91 -1 3 19 58 74 -1 32 39 44 94 -1 14 87 92 100 -1 46 48 50 77 -1 -2
12 43 88 93 -1 13 62 73 96 -1 9 20 40 41 -1 -2
8 12 22 89 -1 25 47 58 67 -1 -2
8 16 84 89 -1 18 24 25 80 -1 42 48 52 73 -1 17 20 22 69 -1 4 49 97 98 -1 62 73 88 96 -1 -2
22 63 86 90 -1 4 48 65 78 -1 29 40 66 90 -1 -2
53 71 80 92 -1 12 27 33 51 -1 2 34 45 60 -1 13 50 81 90 -1 30 45 67 97 -1 6 39 42 48 -1 41 49 73 88 -1 61 65 68 86 -1 2 17 18 48 -1 -2
10 17 70 94 -1 24 47 64 69 -1 6 34 75 95 -1 19 30 73 88 -1 -2
7 17 59 70 -1 6 63 78 82 -1 -2
23 26 77 100 -1 13 50 66 91 -1 18 40 90 93 -1 41 45 92 97 -1 2 11 70 85 -1 26 58 86 97 -1 5 66 76 78 -1 41 51 65 80 -1 7 49 69 87 -1 -2
2 17 54 60 -1 24 81 98 99 -1 66 68 76 97 -1 -2
15 18 29 94 -1 15 28 47 100 -1 5 10 15 25 -1 24 25 57 74 -1 -2
3 9 32 92 -1 -2
17 28 66 80 -1 37 43 49 92 -1 5 42 63 64 -1 10 34 55 85 -1 -2
24 38 39 50 -1 53 68 73 86 -1 14 22 57 83 -1 61 77 87 88 -1 16 31 35 53 -1 33 44 91 96 -1 23 31 54 79 -1 2 21 70 95 -1 29 53 71 95 -1 -2
3 76 86 91 -1 30 38 47 74 -1 4 7 31 32 -1 19 34 81 91 -1 50 58 74 80 -1 7 69 79 100 -1 45 57 73 93 -1 6 55 70 90 -1 24 31 87 92 -1 -2
40 59 61 90 -1 20 39 42 77 -1 57 74 83 87 -1 13 46 63 65 -1 22 30 50 70 -1 17 29 50 86 -1 13 25 31 85 -1 2 9 27 72 -1 32 75 84 87 -1 5 20 27 82 -1 -2
7 14 38 85 -1 -2
6 9 30 31 -1 10 26 76 98 -1 -2
49 60 75 97 -1 -2
2 26 51 94 -1 49 57 79 92 -1 5 36 42 63 -1 25 51 68 95 -1 35 75 83 90 -1 -2
6 9 63 81 -1 9 10 23 95 -1 32 66 83 88 -1 3 7 9 46 -1 1 8 9 75 -1 14 44 63 78 -1 15 81 95 99 -1 1 26 34 46 -1 -2
32 38 71 90 -1 -2
16 44 67 87 -1 -2
23 39 76 86 -1 9 39 41 64 -1 42 58 65 96 -1 51 65 81 99 -1 12 14 60 68 -1 -2
18 35 43 50 -1 6 24 37 58 -1 43 58 72 76 -1 15 71 77 82 -1 -2
18 19 83 85 -1 -2
12 57 74 89 -1 16 30 71 84 -1 40 68 69 82 -1 21 48 54 58 -1 1 36 69 76 -1 5 61 85 88 -1 60 68 86 99 -1 50 66 71 76 -1 49 69 73 83 -1 -2
2 6 42 57 -1 22 23 30 71 -1 20 34 51 60 -1 -2
14 25 36 98 -1 21 23 28 60 -1 29 34 73 100 -1 33 48 88 100 -1 11 20 32 76 -1 21 47 81 83 -1 -2
1 8 56 89 -1 25 29 81 89 -1 -2
46 51 88 99 -1 5 88 89 91 -1 13 28 55 90 -1 42 53 67 92 -1 9 36 51 63 -1 -2
28 38 71 76 -1 12 33 63 68 -1 4 16 30 52 -1 -2
7 48 78 95 -1 2 15 16 99 -1 -2
35 89 93 100 -1 2 49 56 61 -1 23 61 63 73 -1 38 71 76 95 -1 31 49 64 99 -1 4 5 21 60 -1 55 61 62 84 -1 2 60 71 92 -1 -2
10 20 41 45 -1 8 15 17 93 -1 3 38 59 62 -1 4 38 78 85 -1 20 30 93 98 -1 20 23 24 26 -1 29 61 67 83 -1 -2
7 31 42 94 -1 1 17 44 60 -1 56 60 66 76 -1 46 67 75 78 -1 5 13 42 73 -1 -2
30 52 56 81 -1 8 23 56 71 -1 22 34 81 91 -1 -2
16 29 36 87 -1 3 27 30 82 -1 9 38 49 98 -1 12 62 93 94 -1 9 11 59 71 -1 48 57 60 61 -1 -2
28 54 74 75 -1 9 44 46 72 -1 49 53 82 91 -1 14 37 40 92 -1 30 36 80 93 -1 -2
22 26 61 94 -1 66 81 92 93 -1 12 20 77 93 -1 3 43 70 72 -1 -2
19 25 26 89 -1 30 52 57 85 -1 -2
22 29 61 94 -1 22 54 87 93 -1 -2
50 69 79 83 -1 46 69 73 74 -1 48 52 71 72 -1 11 16 17 97 -1 -2
34 74 83 98 -1 29 48 88 90 -1 39 70 89 99 -1 1 7 31 37 -1 4 13 62 99 -1 -2
44 46 51 68 -1 17 18 45 73 -1 4 10 35 83 -1 4 38 52 90 -1 -2
5 16 62 86 -1 13 57 81 85 -1 25 55 85 100 -1 12 31 49 86 -1 17 45 55 77 -1 16 26 56 84 -1 24 30 38 81 -1 17 31 59 61 -1 -2
28 49 52 58 -1 24 26 66 76 -1 32 53 85 96 -1 37 54 68 93 -1 29 44 51 64 -1 8 64 76 77 -1 21 43 85 100 -1 1 3 5 92 -1 24 47 51 85 -1 11 14 66 99 -1 -2
5 45 54 75 -1 16 18 23 54 -1 3 54 67 88 -1 5 42 43 77 -1 45 49 53 93 -1 4 63 69 97 -1 18 22 33 63 -1 7 24 31 84 -1 9 33 41 54 -1 -2
9 44 54 57 -1 22 26 53 96 -1 3 32 48 87 -1 -2
35 53 60 78 -1 12 58 77 88 -1 21 42 92 98 -1 -2
53 58 59 76 -1 19 21 90 100 -1 7 11 24 61 -1 29 63 70 93 -1 16 35 36 83 -1 8 21 59 61 -1 1 58 66 86 -1 12 17 24 37 -1 39 41 58 99 -1 -2
8 42 49 52 -1 26 55 67 80 -1 4 21 26 96 -1 42 55 77 93 -1 6 75 91 94 -1 1 53 79 89 -1 1 11 28 39 -1 24 25 38 74 -1 -2
13 36 49 53 -1 5 9 45 100 -1 1 40 68 80 -1 23 40 54 87 -1 21 38 52 93 -1 9 28 30 92 -1 13 45 84 86 -1 -2
26 33 69 79 -1 17 52 85 88 -1 54 56 60 77 -1 15 32 40 83 -1 1 29 93 98 -1 31 53 81 96 -1 57 70 77 85 -1 -2
12 29 42 51 -1 29 32 39 82 -1 -2
3 43 62 90 -1 33 36 59 99 -1 19 26 64 83 -1 31 43 78 92 -1 39 56 64 69 -1 3 36 38 57 -1 18 40 81 90 -1 25 66 68 100 -1 26 40 49 82 -1 3 4 38 49 -1 -2
19 42 63 74 -1 43 46 69 79 -1 -2
55 72 78 89 -1 56 64 68 71 -1 2 11 12 18 -1 24 62 79 93 -1 14 33 37 97 -1 55 58 77 95 -1 20 43 45 90 -1 2 21 44 56 -1 -2
8 70 79 80 -1 30 45 61 93 -1 7 34 48 57 -1 43 69 95 100 -1 33 40 50 51 -1 3 20 59 98 -1 39 67 73 76 -1 29 43 73 74 -1 7 35 54 76 -1 -2
19 56 64 98 -1 10 39 44 51 -1 30 38 64 83 -1 63 73 82 93 -1 -2
17 72 81 94 -1 9 50 59 66 -1 13 60 75 95 -1 1 27 35 99 -1 50 74 79 93 -1 16 54 61 86 -1 32 37 85 88 -1 -2
29 59 95 96 -1 41 47 71 81 -1 -2
27 32 53 82 -1 39 45 49 62 -1 18 39 66 67 -1 19 86 95 96 -1 4 8 15 32 -1 43 65 81 93 -1 -2
55 70 87 89 -1 -2
1 9 13 16 -1 10 11 40 66 -1 10 33 45 72 -1 4 46 93 97 -1 27 59 77 85 -1 5 65 66 96 -1 29 46 48 82 -1 -2
2 34 38 51 -1 1 20 55 69 -1 37 43 62 91 -1 -2
76 77 81 85 -1 7 23 40 79 -1 4 9 49 65 -1 11 44 57 71 -1 7 8 30 58 -1 2 29 31 91 -1 7 56 70 73 -1 -2
26 53 77 89 -1 -2
52 86 90 95 -1 68 76 89 93 -1 11 23 36 64 -1 14 29 45 86 -1 28 81 97 99 -1 3 44 50 90 -1 57 67 75 97 -1 10 12 23 96 -1 -2
75 76 86 96 -1 27 31 63 95 -1 -2
15 37 43 87 -1 6 56 63 66 -1 7 42 69 90 -1 26 63 70 77 -1 -2
8 14 60 98 -1 -2
9 14 60 91 -1 -2
23 32 34 85 -1 45 49 62 74 -1 6 22 25 67 -1 18 70 87 92 -1 26 49 69 74 -1 28 73 78 84 -1 6 30 57 76 -1 -2
16 71 76 98 -1 50 53 57 63 -1 -2
3 18 23 41 -1 24 65 72 85 -1 10 37 72 82 -1 13 28 59 91 -1 13 16 36 67 -1 22 30 43 87 -1 10 59 65 78 -1 27 38 41 48 -1 -2
15 16 49 62 -1 3 14 35 73 -1 8 28 43 95 -1 75 93 95 97 -1 24 26 74 95 -1 40 48 50 82 -1 19 30 97 98 -1 44 46 47 68 -1 -2
14 69 71 83 -1 10 29 90 95 -1 23 55 63 89 -1 18 42 64 79 -1 -2
24 27 34 97 -1 12 67 68 92 -1 37 49 56 57 -1 -2
31 60 61 66 -1 -2
28 71 74 99 -1 6 20 40 44 -1 20 25 58 64 -1 40 45 60 62 -1 47 81 97 98 -1 18 29 56 81 -1 1 92 94 96 -1 -2
3 9 17 63 -1 8 47 82 88 -1 14 34 49 60 -1 53 62 64 82 -1 5 16 53 54 -1 -2
31 34 57 59 -1 13 53 77 95 -1 7 56 70 83 -1 48 53 59 98 -1 72 80 86 89 -1 38 61 80 81 -1 -2
14 18 33 42 -1 -2
3 26 29 55 -1 52 63 78 90 -1 16 74 76 89 -1 2 33 40 87 -1 3 50 82 97 -1 56 82 95 98 -1 25 41 50 81 -1 -2
28 49 77 88 -1 7 57 70 85 -1 -2
17 33 61 86 -1 10 24 34 53 -1 2 11 42 69 -1 23 44 60 95 -1 4 80 91 96 -1 6 21 35 50 -1 3 49 94 98 -1 20 45 55 76 -1 9 54 62 63 -1 -2
7 20 54 67 -1 25 61 78 99 -1 6 46 78 81 -1 -2
3 74 75 92 -1 35 56 62 68 -1 17 39 46 56 -1 8 29 70 78 -1 40 53 67 75 -1 30 32 36 63 -1 35 69 96 100 -1 13 57 85 90 -1 9 46 84 94 -1 15 30 41 89 -1 -2
2 36 52 80 -1 3 58 65 74 -1 37 43 46 87 -1 17 42 46 47 -1 56 72 87 93 -1 7 70 71 87 -1 2 48 58 81 -1 23 31 60 63 -1 9 28 33 37 -1 3 14 47 95 -1 -2
31 35 39 63 -1 9 31 42 100 -1 29 43 46 95 -1 6 8 24 77 -1 13 22 27 31 -1 -2
45 65 69 84 -1 3 5 9 80 -1 31 54 76 97 -1 26 43 63 82 -1 41 70 77 94 -1 10 16 49 79 -1 5 17 20 25 -1 8 30 70 83 -1 25 51 83 88 -1 11 38 40 77 -1 -2
38 48 49 73 -1 13 50 74 81 -1 10 50 83 96 -1 19 45 50 52 -1 27 61 82 90 -1 39 67 74 79 -1 6 19 21 32 -1 49 50 79 97 -1 64 66 94 99 -1 48 49 65 71 -1 -2
12 47 86 93 -1 15 59 65 95 -1 28 34 43 70 -1 11 41 64 81 -1 12 24 30 38 -1 -2
35 38 54 70 -1 18 27 50 68 -1 3 26 54 78 -1 14 27 32 81 -1 12 16 68 93 -1 8 27 53 74 -1 14 46 64 70 -1 6 15 42 90 -1 23 40 42 65 -1 37 44 77 97 -1 -2
25 34 57 98 -1 36 78 81 90 -1 53 59 68 89 -1 39 54 92 94 -1 10 31 70 96 -1 11 33 41 99 -1 4 33 53 77 -1 10 21 28 51 -1 2 13 35 73 -1 -2
11 57 81 85 -1 25 38 41 53 -1 31 54 89 93 -1 36 85 87 94 -1 4 24 33 38 -1 19 71 72 83 -1 15 28 70 92 -1 -2
36 48 72 94 -1 20 27 81 95 -1 36 42 87 97 -1 41 53 56 92 -1 2 25 57 81 -1 12 15 16 71 -1 27 53 54 71 -1 -2
53 69 72 97 -1 43 55 58 85 -1 1 7 37 43 -1 -2
5 36 42 72 -1 2 7 77 89 -1 2 26 39 69 -1 8 22 46 80 -1 49 66 78 79 -1 8 49 52 71 -1 -2
8 43 64 71 -1 3 4 7 61 -1 -2
18 38 72 92 -1 31 41 54 97 -1 74 85 89 100 -1 -2
13 69 96 98 -1 22 25 34 100 -1 27 50 66 72 -1 22 35 57 99 -1 -2
21 64 82 93 -1 2 30 57 58 -1 16 43 59 76 -1 9 66 88 91 -1 4 21 22 75 -1 5 28 50 97 -1 16 33 84 94 -1 22 45 80 85 -1 28 50 80 85 -1 15 16 31 68 -1 -2
46 65 88 98 -1 1 55 58 81 -1 25 59 60 81 -1 1 59 70 85 -1 -2
10 52 61 73 -1 2 51 80 86 -1 38 46 84 97 -1 14 27 63 96 -1 49 56 60 72 -1 16 17 32 88 -1 38 79 93 99 -1 3 26 31 97 -1 40 57 69 87 -1 9 45 69 72 -1 -2
34 55 58 98 -1 -2
2 15 52 62 -1 29 31 48 85 -1 -2
6 33 98 100 -1 28 38 66 93 -1 20 67 94 100 -1 56 64 80 94 -1 20 36 53 58 -1 25 40 43 80 -1 15 61 83 98 -1 22 43 69 75 -1 1 71 75 80 -1 60 62 63 90 -1 -2
11 47 78 93 -1 20 81 88 97 -1 18 20 21 33 -1 1 3 20 68 -1 4 19 34 77 -1 2 6 52 86 -1 59 73 78 97 -1 4 25 79 80 -1 -2
5 13 22 44 -1 3 71 82 100 -1 43 56 85 86 -1 -2
24 59 63 99 -1 47 50 84 87 -1 17 22 49 60 -1 5 59 94 98 -1 11 14 29 59 -1 8 9 86 95 -1 28 37 57 87 -1 -2
21 41 87 89 -1 3 7 46 70 -1 -2
12 17 22 27 -1 11 46 62 74 -1 15 30 35 78 -1 14 20 26 55 -1 12 32 55 77 -1 4 34 37 38 -1 -2
47 89 92 98 -1 18 28 45 68 -1 18 32 63 85 -1 -2
6 41 47 73 -1 9 64 73 89 -1 26 32 33 49 -1 26 38 48 93 -1 30 46 62 77 -1 9 17 47 77 -1 9 37 52 95 -1 42 56 64 69 -1 45 55 62 71 -1 -2
4 22 28 29 -1 23 42 82 86 -1 10 13 15 91 -1 5 8 29 60 -1 7 24 89 96 -1 3 67 68 93 -1 10 27 60 79 -1 33 47 73 74 -1 20 35 73 79 -1 -2
5 9 41 80 -1 16 48 68 79 -1 9 26 32 75 -1 43 72 77 91 -1 23 45 79 85 -1 6 34 66 80 -1 2 12 35 66 -1 24 31 52 82 -1 7 18 76 93 -1 -2
8 36 82 85 -1 13 54 94 99 -1 56 60 88 93 -1 14 45 51 84 -1 -2
28 36 95 98 -1 26 38 44 87 -1 10 31 73 88 -1 6 55 64 84 -1 -2
57 72 80 95 -1 3 39 58 77 -1 -2
25 32 35 73 -1 -2
1 14 69 74 -1 27 38 53 78 -1 51 59 91 93 -1 17 50 56 95 -1 23 37 60 61 -1 -2
15 40 53 77 -1 19 50 74 78 -1 2 66 70 89 -1 17 31 85 88 -1 -2
31 88 97 99 -1 39 42 43 91 -1 34 36 51 60 -1 1 9 23 79 -1 28 44 47 69 -1 28 40 89 96 -1 5 59 74 90 -1 20 64 68 92 -1 29 33 44 68 -1 4 50 67 96 -1 -2
5 50 69 87 -1 36 43 51 98 -1 24 83 84 98 -1 8 20 73 85 -1 50 60 69 95 -1 19 36 55 96 -1 -2
31 46 62 78 -1 21 40 45 66 -1 23 38 80 95 -1 13 14 27 79 -1 26 70 80 83 -1 3 47 53 87 -1 13 51 57 67 -1 -2
23 53 57 78 -1 23 42 55 62 -1 13 65 76 99 -1 28 45 51 67 -1 21 32 42 99 -1 3 63 66 84 -1 2 48 64 92 -1 7 13 15 94 -1 2 8 56 92 -1 8 67 87 93 -1 -2
10 42 65 67 -1 6 57 59 72 -1 19 64 66 84 -1 5 44 62 87 -1 15 18 26 52 -1 2 7 86 100 -1 40 66 79 88 -1 27 34 45 77 -1 15 19 32 87 -1 -2
41 71 78 82 -1 11 39 72 84 -1 37 73 93 98 -1 6 36 55 89 -1 18 52 91 93 -1 46 64 84 92 -1 5 26 48 87 -1 30 37 47 71 -1 -2
20 47 67 96 -1 5 27 44 82 -1 5 28 65 70 -1 18 44 45 65 -1 52 53 62 83 -1 46 50 65 74 -1 3 52 73 75 -1 -2
7 8 67 86 -1 29 36 62 63 -1 15 25 28 88 -1 3 15 24 87 -1 11 37 70 82 -1 17 19 23 55 -1 -2
16 32 55 80 -1 58 66 68 90 -1 3 27 66 81 -1 53 54 60 89 -1 21 29 69 100 -1 11 37 75 76 -1 12 13 62 84 -1 45 50 71 93 -1 -2
23 41 42 91 -1 17 41 42 77 -1 4 22 26 82 -1 -2
7 25 65 67 -1 49 50 52 57 -1 50 59 67 96 -1 48 63 67 88 -1 5 30 50 56 -1 39 42 69 96 -1 7 16 40 70 -1 6 9 23 67 -1 7 21 61 81 -1 49 53 62 64 -1 -2
15 42 48 50 -1 -2
8 68 79 84 -1 4 8 81 86 -1 6 15 28 59 -1 41 61 84 96 -1 58 89 92 97 -1 -2
9 32 41 55 -1 14 30 58 99 -1 45 49 58 70 -1 39 46 71 74 -1 57 68 87 93 -1 11 27 75 97 -1 24 67 79 83 -1 36 46 62 76 -1 3 32 43 92 -1 4 56 73 94 -1 -2
3 4 47 64 -1 7 49 64 76 -1 3 36 80 88 -1 -2
62 64 76 93 -1 78 81 92 100 -1 7 33 69 77 -1 58 70 80 93 -1 1 40 70 98 -1 46 56 64 93 -1 2 68 87 97 -1 11 27 62 90 -1 -2
43 64 87 95 -1 4 22 35 36 -1 -2
13 65 72 79 -1 26 32 44 68 -1 28 37 46 94 -1 -2
30 38 78 85 -1 6 9 53 99 -1 4 38 53 76 -1 20 30 81 100 -1 29 37 38 86 -1 37 74 76 98 -1 45 75 87 97 -1 25 26 45 47 -1 -2
30 43 50 68 -1 6 52 81 100 -1 9 32 62 92 -1 34 38 67 90 -1 16 58 75 87 -1 -2
27 37 45 90 -1 32 48 94 98 -1 8 25 52 74 -1 11 55 73 77 -1 -2
12 67 74 96 -1 15 27 95 96 -1 17 30 71 94 -1 39 45 60 76 -1 49 54 69 78 -1 10 41 66 85 -1 -2
49 50 69 94 -1 28 60 69 79 -1 50 69 79 98 -1 37 63 93 96 -1 13 34 58 81 -1 11 24 76 99 -1 -2
10 51 83 86 -1 23 65 68 96 -1 10 19 41 86 -1 3 68 69 82 -1 2 43 70 90 -1 -2
2 14 40 76 -1 44 59 64 70 -1 5 35 36 50 -1 15 31 49 98 -1 24 49 67 68 -1 31 38 77 99 -1 25 42 81 98 -1 -2
33 50 66 91 -1 32 93 98 100 -1 -2
7 26 29 76 -1 13 31 54 80 -1 24 70 86 91 -1 3 23 36 39 -1 11 25 32 98 -1 52 60 94 96 -1 49 89 90 92 -1 11 24 48 67 -1 35 42 94 96 -1 -2
5 22 59 96 -1 4 26 32 40 -1 1 6 31 59 -1 1 65 86 92 -1 25 71 83 86 -1 -2
67 74 84 93 -1 9 83 88 94 -1 -2
3 15 66 78 -1 14 58 64 91 -1 36 48 64 83 -1 12 25 30 93 -1 17 76 93 94 -1 29 36 43 55 -1 -2
26 28 84 93 -1 5 9 24 65 -1 21 36 37 63 -1 12 61 80 98 -1 1 8 11 50 -1 20 54 56 76 -1 1 21 60 74 -1 10 27 32 42 -1 39 43 51 100 -1 -2
10 39 69 78 -1 35 42 60 62 -1 38 45 76 93 -1 62 66 70 82 -1 14 61 71 82 -1 40 53 64 81 -1 -2
1 5 71 94 -1 41 57 82 87 -1 2 48 55 64 -1 25 36 44 52 -1 -2
24 65 70 86 -1 -2
25 42 98 100 -1 9 11 22 37 -1 2 28 84 95 -1 4 46 49 98 -1 28 32 54 93 -1 48 67 91 100 -1 5 67 68 79 -1 31 62 78 98 -1 -2
83 84 87 98 -1 13 33 35 59 -1 17 39 94 96 -1 14 42 57 83 -1 31 43 54 69 -1 9 71 80 100 -1 73 84 93 100 -1 9 34 44 82 -1 13 33 50 65 -1 -2
7 10 13 57 -1 16 78 88 95 -1 9 19 91 100 -1 28 50 87 93 -1 44 69 86 96 -1 -2
12 35 54 97 -1 18 40 91 95 -1 10 16 33 97 -1 18 27 59 73 -1 3 5 27 77 -1 56 79 81 86 -1 1 41 47 71 -1 2 12 66 77 -1 63 72 76 78 -1 33 85 93 100 -1 -2
31 34 36 84 -1 19 21 30 88 -1 25 38 40 61 -1 36 57 71 80 -1 2 19 24 37 -1 8 14 57 86 -1 12 21 72 74 -1 9 49 54 56 -1 -2
3 48 73 88 -1 4 5 34 60 -1 18 35 47 67 -1 -2
3 19 46 47 -1 9 22 52 84 -1 15 26 59 71 -1 8 43 63 81 -1 11 58 78 84 -1 -2
6 50 81 86 -1 31 41 77 90 -1 19 49 65 89 -1 32 36 37 60 -1 56 67 72 78 -1 27 37 54 60 -1 -2
3 12 52 99 -1 71 72 87 97 -1 -2
16 33 73 84 -1 17 58 59 79 -1 -2
29 43 96 100 -1 28 39 68 77 -1 17 37 81 87 -1 31 78 93 97 -1 25 27 38 71 -1 4 8 13 24 -1 32 58 65 71 -1 23 29 63 72 -1 30 66 72 99 -1 33 47 48 52 -1 -2
14 40 84 100 -1 19 63 71 97 -1 4 38 77 84 -1 12 24 32 92 -1 22 39 67 81 -1 2 28 55 62 -1 25 57 63 66 -1 -2
11 12 37 93 -1 26 40 50 65 -1 3 10 21 86 -1 5 7 17 30 -1 18 64 78 92 -1 3 41 76 95 -1 34 45 54 61 -1 -2
43 77 84 97 -1 25 28 40 69 -1 28 44 52 65 -1 37 44 66 94 -1 6 32 58 90 -1 32 46 63 99 -1 18 38 80 90 -1 28 61 73 76 -1 -2
17 35 38 78 -1 -2
62 80 81 96 -1 3 9 47 100 -1 8 15 70 94 -1 16 33 58 89 -1 18 34 66 88 -1 14 60 73 88 -1 27 51 73 91 -1 14 51 62 77 -1 2 16 19 49 -1 20 21 25 43 -1 -2
6 37 88 98 -1 12 13 59 100 -1 37 48 81 95 -1 9 19 53 86 -1 37 56 61 78 -1 -2
27 46 87 95 -1 37 45 59 86 -1 52 55 71 99 -1 53 65 75 94 -1 22 54 74 80 -1 13 15 34 38 -1 9 28 33 58 -1 10 27 48 89 -1 -2
29 37 47 94 -1 15 21 33 84 -1 11 19 43 91 -1 8 46 72 89 -1 7 12 22 50 -1 -2
33 40 79 88 -1 -2
2 33 40 52 -1 31 45 48 69 -1 12 13 21 93 -1 20 24 67 90 -1 11 43 63 84 -1 35 48 70 79 -1 5 14 92 100 -1 40 54 80 85 -1 -2
17 47 77 84 -1 44 86 89 100 -1 9 14 19 23 -1 -2
51 54 64 81 -1 10 30 67 69 -1 8 13 52 96 -1 4 55 73 81 -1 14 28 65 80 -1 55 57 71 72 -1 -2
5 17 24 37 -1 17 78 96 100 -1 23 69 70 83 -1 8 23 68 76 -1 -2
15 19 62 96 -1 -2
25 33 37 96 -1 43 55 60 76 -1 4 11 84 89 -1 6 23 25 57 -1 41 59 64 80 -1 1 34 62 81 -1 3 40 65 88 -1 13 71 82 99 -1 17 19 34 79 -1 -2
11 16 32 41 -1 4 23 35 78 -1 39 52 71 97 -1 12 25 94 95 -1 45 50 54 90 -1 6 7 27 47 -1 2 5 29 48 -1 -2
27 29 46 54 -1 24 27 30 37 -1 23 35 54 58 -1 6 23 50 55 -1 35 48 68 97 -1 11 45 47 68 -1 4 9 18 77 -1 -2
14 25 42 75 -1 14 37 39 64 -1 4 7 62 65 -1 5 14 35 95 -1 -2
28 35 71 81 -1 22 45 51 85 -1 1 6 32 60 -1 5 17 29 45 -1 5 16 40 64 -1 1 24 32 71 -1 -2
36 38 74 90 -1 10 15 16 80 -1 33 66 75 79 -1 20 47 53 90 -1 17 20 33 37 -1 3 34 59 72 -1 3 40 53 87 -1 -2
21 42 90 99 -1 11 24 67 90 -1 3 11 46 52 -1 53 54 87 90 -1 12 16 20 78 -1 4 41 42 54 -1 6 21 86 89 -1 7 58 99 100 -1 46 87 89 90 -1 -2
15 40 48 62 -1 13 37 39 93 -1 45 78 85 87 -1 3 28 77 84 -1 46 61 78 91 -1 69 84 86 89 -1 22 43 57 66 -1 -2
10 11 39 50 -1 22 85 91 100 -1 25 57 60 85 -1 20 39 56 82 -1 23 41 59 92 -1 30 31 42 82 -1 -2
11 77 97 98 -1 62 69 89 97 -1 26 38 44 45 -1 -2
13 31 68 73 -1 20 25 75 79 -1 37 88 92 94 -1 -2
2 33 58 92 -1 2 61 71 84 -1 10 11 38 90 -1 28 31 46 77 -1 14 60 62 94 -1 5 19 40 69 -1 -2
13 28 42 52 -1 18 40 84 85 -1 40 64 68 69 -1 13 24 70 78 -1 12 22 43 78 -1 10 52 70 81 -1 23 59 82 99 -1 30 58 82 94 -1 53 54 71 92 -1 -2
7 14 21 60 -1 10 46 73 82 -1 34 48 66 93 -1 1 16 65 82 -1 26 32 65 77 -1 28 48 49 50 -1 16 44 84 89 -1 45 47 74 87 -1 22 25 26 84 -1 6 61 71 84 -1 -2
21 54 75 88 -1 23 51 89 93 -1 7 17 71 72 -1 8 17 52 86 -1 61 64 85 91 -1 24 65 93 100 -1 54 61 80 93 -1 34 42 55 75 -1 35 76 93 98 -1 2 23 28 74 -1 -2
13 14 80 81 -1 18 25 38 52 -1 15 16 36 80 -1 14 52 58 76 -1 37 54 59 93 -1 17 57 82 84 -1 47 71 74 95 -1 -2
5 18 21 62 -1 11 15 47 86 -1 4 31 49 84 -1 11 58 72 91 -1 55 58 92 99 -1 18 31 60 87 -1 7 34 75 90 -1 40 61 67 93 -1 -2
17 31 41 80 -1 5 27 29 68 -1 44 78 82 95 -1 25 33 36 49 -1 12 40 84 100 -1 33 57 68 75 -1 29 38 75 86 -1 -2
11 12 72 99 -1 24 27 42 63 -1 4 66 70 88 -1 11 13 24 87 -1 1 4 14 29 -1 25 40 89 90 -1 1 11 42 62 -1 21 47 50 53 -1 23 62 95 99 -1 31 44 75 85 -1 -2
17 45 58 99 -1 41 42 63 79 -1 37 51 64 90 -1 7 28 35 64 -1 44 64 89 94 -1 48 51 67 84 -1 37 40 59 68 -1 45 53 83 100 -1 -2
34 76 90 99 -1 74 76 82 99 -1 7 19 31 97 -1 2 76 88 100 -1 29 54 83 97 -1 37 41 58 93 -1 5 32 50 100 -1 17 18 62 86 -1 -2
51 61 89 93 -1 10 42 68 98 -1 8 48 58 83 -1 9 55 85 96 -1 2 4 84 87 -1 21 31 51 64 -1 34 35 39 42 -1 15 40 49 90 -1 7 42 56 71 -1 11 16 19 72 -1 -2
10 16 44 46 -1 -2
3 27 75 79 -1 -2
24 35 40 57 -1 33 61 62 92 -1 34 44 71 82 -1 4 29 72 100 -1 27 55 67 79 -1 27 46 68 80 -1 14 19 48 88 -1 -2
24 37 38 86 -1 42 58 75 93 -1 19 33 77 83 -1 2 21 51 55 -1 9 45 69 100 -1 2 5 38 97 -1 -2
30 53 59 61 -1 8 25 41 90 -1 7 17 22 38 -1 55 65 77 96 -1 8 39 78 96 -1 42 55 78 90 -1 9 65 78 82 -1 -2
12 32 70 98 -1 11 34 51 80 -1 -2
1 28 42 83 -1 8 61 71 81 -1 -2
5 12 18 91 -1 14 55 65 90 -1 4 72 83 85 -1 5 67 89 91 -1 9 25 44 49 -1 33 36 78 86 -1 20 21 84 97 -1 10 28 81 88 -1 19 53 75 83 -1 -2
1 45 69 70 -1 5 11 85 89 -1 13 19 48 57 -1 35 69 82 98 -1 7 9 28 41 -1 5 16 42 53 -1 45 65 87 91 -1 19 28 31 85 -1 12 35 84 88 -1 11 22 91 100 -1 -2
19 25 64 93 -1 1 11 48 90 -1 19 44 78 90 -1 9 10 16 79 -1 7 43 91 100 -1 30 51 53 75 -1 -2
4 20 34 95 -1 8 45 69 82 -1 58 64 73 86 -1 16 52 81 82 -1 1 31 33 60 -1 5 50 88 100 -1 9 81 90 99 -1 39 42 53 56 -1 64 68 82 93 -1 25 43 85 90 -1 -2
5 10 48 80 -1 5 48 61 82 -1 24 54 87 89 -1 9 26 34 53 -1 14 32 39 66 -1 8 24 60 64 -1 37 45 68 94 -1 29 83 92 100 -1 -2
12 20 39 75 -1 36 46 67 72 -1 5 70 72 87 -1 14 24 28 65 -1 18 23 27 97 -1 5 14 21 91 -1 -2
29 63 87 89 -1 14 81 86 96 -1 7 81 87 97 -1 37 72 84 90 -1 -2
1 21 57 60 -1 33 41 84 92 -1 27 53 60 61 -1 23 32 33 92 -1 6 14 58 83 -1 10 69 78 94 -1 13 47 69 99 -1 37 87 91 99 -1 15 78 88 95 -1 -2
57 59 78 98 -1 3 4 44 91 -1 35 36 63 75 -1 5 29 61 88 -1 20 52 71 76 -1 -2
1 3 76 79 -1 10 44 52 88 -1 2 12 43 45 -1 30 80 96 98 -1 2 17 36 50 -1 29 42 47 57 -1 2 59 61 78 -1 21 32 34 38 -1 52 83 96 99 -1 11 16 21 76 -1 -2
6 57 83 92 -1 24 27 50 96 -1 1 6 8 53 -1 10 13 21 28 -1 7 13 62 82 -1 1 5 48 58 -1 -2
20 42 69 75 -1 39 47 64 75 -1 32 48 52 94 -1 18 67 82 98 -1 53 59 64 94 -1 4 31 48 67 -1 15 35 52 57 -1 3 53 77 79 -1 12 18 73 85 -1 -2
9 37 95 97 -1 14 20 68 82 -1 -2
7 36 56 97 -1 62 81 88 95 -1 17 28 32 99 -1 41 42 54 60 -1 47 55 95 97 -1 15 76 78 100 -1 6 37 81 99 -1 30 48 68 69 -1 7 45 46 50 -1 -2
9 24 53 85 -1 46 63 69 82 -1 47 50 56 65 -1 34 40 68 89 -1 5 22 55 59 -1 9 13 54 64 -1 44 69 78 84 -1 10 41 43 60 -1 10 24 38 80 -1 10 34 79 86 -1 -2
20 38 52 68 -1 -2
6 43 87 94 -1 -2
3 73 75 82 -1 3 43 46 59 -1 13 15 41 85 -1 30 40 68 77 -1 -2
21 52 76 87 -1 16 19 59 100 -1 32 35 87 93 -1 1 55 74 87 -1 29 46 64 89 -1 41 45 61 71 -1 16 33 50 63 -1 17 18 20 62 -1 5 11 53 91 -1 -2
44 80 88 100 -1 18 24 34 51 -1 -2
44 55 62 64 -1 14 24 31 45 -1 52 59 66 81 -1 6 23 43 69 -1 4 23 40 60 -1 10 19 39 70 -1 37 45 71 89 -1 2 9 64 73 -1 11 26 59 72 -1 -2
1 36 81 100 -1 16 19 29 32 -1 5 50 61 100 -1 18 22 33 56 -1 11 22 28 37 -1 -2
11 13 36 87 -1 3 30 56 92 -1 34 45 50 70 -1 13 58 70 85 -1 -2
19 40 51 77 -1 20 40 67 71 -1 21 57 61 65 -1 13 14 19 35 -1 30 64 84 95 -1 18 36 59 84 -1 -2
20 21 41 51 -1 7 13 43 62 -1 28 71 94 98 -1 36 44 52 62 -1 40 50 77 83 -1 35 56 81 90 -1 6 43 47 75 -1 18 26 31 83 -1 4 60 69 78 -1 -2
2 31 65 94 -1 7 31 46 97 -1 44 53 54 100 -1 41 51 62 72 -1 4 17 39 53 -1 5 35 50 87 -1 27 48 50 53 -1 16 34 36 63 -1 42 69 76 87 -1 15 17 49 91 -1 -2
15 31 83 84 -1 -2
2 30 52 77 -1 3 16 68 79 -1 11 32 65 85 -1 27 65 91 94 -1 9 13 60 98 -1 5 15 56 63 -1 17 63 80 97 -1 10 62 66 88 -1 54 59 75 78 -1 8 39 82 100 -1 -2
13 17 32 57 -1 25 50 62 93 -1 4 5 58 98 -1 17 50 62 66 -1 26 45 84 95 -1 15 21 57 91 -1 38 40 66 68 -1 32 51 61 66 -1 1 35 59 96 -1 4 18 63 92 -1 -2
44 62 68 70 -1 24 45 76 88 -1 22 50 61 78 -1 11 24 66 98 -1 4 11 24 87 -1 21 54 58 72 -1 29 62 81 91 -1 10 42 92 93 -1 20 42 62 76 -1 26 43 58 86 -1 -2
15 21 49 78 -1 30 31 46 88 -1 2 14 61 96 -1 8 19 54 58 -1 33 49 74 75 -1 9 14 23 69 -1 32 60 84 86 -1 7 24 31 53 -1 -2
16 43 68 71 -1 43 45 56 64 -1 16 67 79 90 -1 20 56 61 73 -1 11 18 24 79 -1 19 29 48 90 -1 3 79 82 85 -1 -2
47 81 83 93 -1 -2
11 34 35 94 -1 8 47 63 77 -1 2 61 71 74 -1 -2
14 61 68 75 -1 17 20 47 86 -1 8 26 42 64 -1 41 61 83 97 -1 23 74 77 83 -1 5 17 96 98 -1 -2
34 42 43 88 -1 5 40 51 66 -1 -2
2 43 44 94 -1 6 29 70 89 -1 5 12 68 91 -1 3 11 32 100 -1 23 24 79 92 -1 3 46 59 85 -1 4 16 94 99 -1 20 22 49 53 -1 -2
36 38 71 78 -1 6 10 29 69 -1 48 50 57 90 -1 12 51 82 100 -1 5 9 33 66 -1 3 91 93 98 -1 11 20 42 64 -1 11 47 53 86 -1 -2
1 6 45 77 -1 7 19 75 96 -1 -2
37 38 43 84 -1 47 63 85 89 -1 40 45 51 98 -1 9 56 58 85 -1 15 19 70 96 -1 15 64 68 87 -1 -2
25 42 99 100 -1 -2
11 75 76 83 -1 14 67 84 99 -1 15 51 71 96 -1 5 40 83 94 -1 10 12 50 78 -1 -2
25 32 37 72 -1 12 21 25 32 -1 16 33 61 68 -1 14 45 57 91 -1 1 57 73 99 -1 18 30 32 58 -1 20 69 92 95 -1 12 13 69 78 -1 53 59 61 89 -1 7 20 45 88 -1 -2
8 9 56 74 -1 13 38 41 68 -1 17 30 39 88 -1 13 29 66 89 -1 43 48 77 86 -1 -2
24 30 52 96 -1 7 9 26 43 -1 -2
7 36 59 79 -1 18 28 48 78 -1 21 45 76 90 -1 11 46 69 76 -1 8 39 71 72 -1 7 42 63 81 -1 29 61 72 79 -1 2 41 71 80 -1 17 25 80 82 -1 23 87 90 94 -1 -2
29 42 75 83 -1 37 41 52 55 -1 37 38 44 77 -1 1 26 68 83 -1 -2
12 24 38 93 -1 28 37 55 94 -1 20 34 49 95 -1 2 3 65 79 -1 6 57 61 85 -1 23 39 49 69 -1 7 45 61 91 -1 15 27 35 44 -1 -2
32 35 80 88 -1 21 23 31 83 -1 5 7 63 99 -1 8 11 27 42 -1 29 47 93 100 -1 13 30 81 93 -1 -2
6 68 91 98 -1 69 74 83 86 -1 19 23 56 86 -1 8 13 16 91 -1 12 22 32 91 -1 -2
27 57 62 75 -1 12 21 49 86 -1 -2
16 37 39 59 -1 3 6 12 58 -1 23 24 54 57 -1 17 29 31 82 -1 18 24 47 55 -1 20 59 90 98 -1 13 17 30 65 -1 13 73 79 87 -1 20 48 55 75 -1 11 30 32 35 -1 -2
6 40 63 67 -1 19 42 58 65 -1 25 74 90 91 -1 61 67 69 93 -1 25 51 70 98 -1 3 8 34 49 -1 -2
15 26 44 84 -1 2 13 33 54 -1 7 31 51 82 -1 13 68 79 86 -1 25 35 78 88 -1 12 19 36 62 -1 8 40 44 83 -1 18 26 37 80 -1 25 68 72 73 -1 -2
36 61 64 70 -1 33 55 76 82 -1 1 37 53 79 -1 9 36 45 92 -1 17 22 71 98 -1 1 6 71 78 -1 24 25 65 95 -1 43 78 87 96 -1 -2
10 11 42 77 -1 3 17 22 81 -1 8 55 77 78 -1 7 15 72 92 -1 21 40 49 83 -1 46 69 79 82 -1 8 26 32 54 -1 6 45 63 69 -1 -2
4 11 23 71 -1 -2
14 26 70 98 -1 5 71 73 95 -1 9 51 83 94 -1 54 65 87 96 -1 29 46 78 93 -1 21 41 45 87 -1 17 61 64 76 -1 30 50 66 69 -1 -2
60 94 95 98 -1 15 30 70 99 -1 -2
21 24 63 65 -1 13 18 30 39 -1 28 50 52 62 -1 2 4 48 94 -1 26 29 41 95 -1 1 32 41 44 -1 40 65 95 99 -1 17 36 55 97 -1 16 30 78 94 -1 -2
34 35 70 92 -1 11 46 88 100 -1 -2
25 61 78 87 -1 14 38 65 96 -1 6 14 48 90 -1 16 66 69 85 -1 -2
27 34 40 70 -1 -2
24 63 76 86 -1 66 69 76 91 -1 20 37 74 97 -1 14 38 77 85 -1 14 49 60 95 -1 18 24 31 59 -1 13 14 54 65 -1 18 28 67 98 -1 21 24 36 83 -1 5 46 91 92 -1 -2
15 58 74 84 -1 17 42 81 87 -1 22 51 60 86 -1 2 12 54 62 -1 23 25 57 82 -1 5 28 35 73 -1 28 66 70 73 -1 35 39 87 96 -1 36 58 67 77 -1 15 21 48 56 -1 -2
1 58 68 86 -1 23 42 65 72 -1 9 16 39 96 -1 38 68 83 86 -1 32 69 76 77 -1 8 12 72 79 -1 15 31 60 74 -1 -2
7 23 36 97 -1 9 34 60 86 -1 5 50 61 92 -1 24 31 35 78 -1 52 82 87 94 -1 2 7 54 57 -1 16 35 49 86 -1 10 83 86 95 -1 10 64 77 84 -1 -2
38 79 80 98 -1 54 80 86 88 -1 26 33 48 52 -1 50 68 71 98 -1 -2
47 49 81 95 -1 15 35 58 100 -1 -2
20 34 87 99 -1 17 62 73 79 -1 6 12 84 98 -1 4 11 71 83 -1 4 43 74 78 -1 -2
14 19 33 89 -1 6 9 63 89 -1 20 36 40 72 -1 33 50 72 74 -1 9 45 75 80 -1 -2
7 39 43 65 -1 18 30 53 66 -1 -2
12 16 49 75 -1 41 43 90 92 -1 21 29 38 63 -1 23 27 67 92 -1 29 80 88 94 -1 3 23 57 97 -1 3 27 76 87 -1 17 44 59 91 -1 1 33 37 49 -1 38 53 61 63 -1 -2
39 47 65 99 -1 18 26 27 85 -1 12 19 26 75 -1 9 42 44 78 -1 13 15 27 84 -1 32 57 65 91 -1 34 64 72 77 -1 -2
1 45 49 98 -1 14 86 97 100 -1 20 57 69 98 -1 4 6 22 76 -1 22 39 41 61 -1 8 19 79 100 -1 40 52 70 96 -1 10 45 49 66 -1 31 39 41 42 -1 -2
22 50 85 92 -1 15 76 78 98 -1 1 69 76 77 -1 -2
8 39 68 73 -1 -2
32 38 59 100 -1 11 12 22 95 -1 4 29 51 54 -1 54 67 86 94 -1 -2
1 11 15 20 -1 7 25 27 53 -1 32 40 78 79 -1 41 64 81 94 -1 -2
27 33 77 87 -1 8 63 80 87 -1 8 29 64 65 -1 25 40 54 57 -1 15 29 80 88 -1 13 20 79 89 -1 30 40 63 87 -1 9 34 35 58 -1 14 22 57 83 -1 -2
21 51 76 79 -1 8 9 69 91 -1 13 38 39 53 -1 -2
21 22 26 87 -1 15 23 54 67 -1 -2
3 50 55 74 -1 3 28 36 52 -1 25 58 97 99 -1 29 33 47 77 -1 7 29 42 81 -1 3 32 61 80 -1 71 85 91 94 -1 18 24 67 83 -1 7 34 54 86 -1 19 30 74 76 -1 -2
38 56 80 100 -1 2 4 5 26 -1 45 87 88 89 -1 9 22 30 78 -1 25 70 77 91 -1 18 22 25 50 -1 36 38 46 88 -1 36 49 84 94 -1 15 61 62 78 -1 16 20 21 33 -1 -2
32 35 81 96 -1 2 52 79 82 -1 54 75 78 93 -1 -2
19 24 46 52 -1 10 13 25 97 -1 23 54 59 66 -1 19 34 65 73 -1 32 58 69 75 -1 44 69 80 97 -1 -2
13 58 60 71 -1 28 31 38 69 -1 19 34 39 56 -1 -2
7 33 50 54 -1 22 43 83 95 -1 4 75 80 93 -1 9 68 69 77 -1 1 34 48 81 -1 64 70 92 94 -1 1 64 71 99 -1 60 64 77 88 -1 36 38 41 74 -1 57 79 80 83 -1 -2
28 62 64 98 -1 23 34 78 81 -1 1 24 65 89 -1 4 36 46 94 -1 27 36 73 83 -1 -2
9 13 17 29 -1 32 34 46 81 -1 15 47 56 91 -1 20 29 57 87 -1 5 17 20 41 -1 34 49 79 92 -1 27 40 48 84 -1 14 50 66 68 -1 9 49 88 99 -1 34 35 42 55 -1 -2
4 18 61 68 -1 7 42 82 92 -1 24 36 64 66 -1 1 42 55 79 -1 7 36 91 100 -1 1 15 75 89 -1 3 24 43 53 -1 2 5 46 96 -1 13 32 47 69 -1 46 50 77 81 -1 -2
25 37 41 92 -1 11 28 90 92 -1 22 49 88 96 -1 5 17 82 89 -1 77 83 86 95 -1 29 31 48 66 -1 6 7 42 55 -1 7 10 49 76 -1 -2
24 41 84 88 -1 2 6 14 29 -1 12 25 39 52 -1 -2
18 26 28 32 -1 7 13 16 74 -1 1 54 71 91 -1 16 31 66 77 -1 1 12 49 51 -1 2 5 72 93 -1 3 42 49 50 -1 3 53 60 68 -1 2 3 44 92 -1 -2
66 67 70 78 -1 5 26 59 86 -1 4 23 55 95 -1 45 52 67 87 -1 35 56 69 98 -1 21 34 45 87 -1 -2
43 48 70 73 -1 39 47 49 78 -1 37 45 62 84 -1 -2
36 60 63 90 -1 6 58 68 78 -1 9 45 57 94 -1 2 87 90 95 -1 39 51 54 91 -1 11 23 80 94 -1 11 56 73 87 -1 1 20 25 26 -1 -2
42 82 91 94 -1 14 31 57 81 -1 -2
17 43 54 70 -1 1 6 35 98 -1 6 43 51 86 -1 12 14 64 98 -1 21 22 24 93 -1 64 73 83 96 -1 25 43 78 90 -1 40 70 76 85 -1 37 51 58 85 -1 -2
2 3 59 63 -1 76 78 80 87 -1 17 49 73 91 -1 5 40 55 87 -1 4 22 25 91 -1 27 40 71 72 -1 11 39 42 75 -1 -2
30 51 65 82 -1 -2
22 62 66 84 -1 2 3 31 86 -1 58 62 88 94 -1 37 45 70 76 -1 56 64 97 98 -1 22 26 84 94 -1 6 30 67 68 -1 3 24 27 40 -1 -2
15 18 49 51 -1 4 23 61 87 -1 -2
13 41 59 88 -1 -2
40 41 57 74 -1 1 47 66 83 -1 47 58 69 71 -1 15 22 39 74 -1 -2
2 14 47 94 -1 12 17 92 100 -1 23 26 28 29 -1 33 45 60 69 -1 41 51 59 99 -1 8 30 33 57 -1 14 18 22 48 -1 -2
24 45 89 96 -1 5 15 32 36 -1 5 6 68 97 -1 3 27 73 97 -1 -2
32 46 59 73 -1 -2
48 55 61 91 -1 15 65 70 85 -1 6 22 42 66 -1 2 18 74 99 -1 -2
47 52 55 65 -1 61 79 97 99 -1 5 26 35 87 -1 2 33 53 66 -1 7 20 32 37 -1 20 24 62 79 -1 28 49 74 98 -1 -2
2 7 35 74 -1 5 63 65 68 -1 3 34 37 79 -1 -2
11 43 52 56 -1 1 12 48 72 -1 38 68 69 76 -1 5 6 46 87 -1 43 51 55 71 -1 45 52 80 97 -1 49 78 81 87 -1 9 39 52 100 -1 22 40 62 68 -1 13 26 76 98 -1 -2
1 19 31 76 -1 3 28 61 77 -1 2 27 51 74 -1 5 43 44 66 -1 4 24 54 55 -1 11 40 71 76 -1 -2
19 76 77 79 -1 -2
47 59 78 93 -1 26 35 54 99 -1 59 75 87 91 -1 26 41 55 67 -1 50 64 67 79 -1 26 43 80 87 -1 14 38 48 71 -1 39 60 75 94 -1 -2
6 9 13 46 -1 40 57 74 93 -1 29 53 71 72 -1 8 25 60 95 -1 79 80 98 100 -1 -2
12 30 32 79 -1 8 25 31 63 -1 10 28 33 41 -1 13 38 39 57 -1 -2
2 13 83 84 -1 11 16 17 33 -1 13 38 55 89 -1 11 60 80 94 -1 28 41 49 59 -1 5 20 21 41 -1 -2
6 20 65 71 -1 48 71 89 95 -1 22 28 63 75 -1 11 29 37 66 -1 15 44 68 91 -1 41 66 68 73 -1 6 9 31 66 -1 29 36 84 90 -1 13 33 45 95 -1 65 71 81 100 -1 -2
13 19 24 46 -1 25 42 43 70 -1 2 16 48 65 -1 2 19 37 40 -1 -2
8 40 69 88 -1 5 34 58 78 -1 4 37 44 82 -1 16 34 49 58 -1 14 46 64 84 -1 46 50 67 83 -1 -2
11 50 87 89 -1 30 56 93 97 -1 11 21 54 100 -1 40 48 64 93 -1 5 10 31 93 -1 -2
2 70 80 95 -1 14 43 62 97 -1 5 37 56 93 -1 57 70 87 90 -1 8 12 30 96 -1 21 22 70 93 -1 48 54 78 91 -1 38 50 63 75 -1 39 55 64 78 -1 7 15 60 83 -1 -2
14 17 67 68 -1 24 69 72 79 -1 4 50 76 98 -1 4 66 67 86 -1 -2
29 43 60 93 -1 3 10 16 96 -1 53 65 82 95 -1 4 38 56 94 -1 14 32 44 50 -1 11 26 39 74 -1 29 32 77 100 -1 5 7 21 37 -1 58 61 86 92 -1 46 71 73 88 -1 -2
63 65 67 75 -1 -2
10 16 29 91 -1 37 59 74 96 -1 9 26 37 71 -1 1 6 77 97 -1 15 31 54 71 -1 35 47 58 76 -1 -2
15 72 75 100 -1 35 53 70 76 -1 1 71 78 79 -1 19 55 82 98 -1 18 49 85 86 -1 16 38 75 100 -1 3 6 22 24 -1 20 26 81 90 -1 43 81 88 99 -1 -2
15 19 39 66 -1 5 22 76 97 -1 40 47 67 96 -1 7 26 39 61 -1 1 5 41 84 -1 32 36 45 48 -1 -2
40 52 56 93 -1 7 27 33 83 -1 14 34 46 84 -1 14 28 51 52 -1 16 25 40 75 -1 -2
29 48 80 86 -1 -2
4 59 78 92 -1 -2
13 23 28 31 -1 26 45 82 98 -1 -2
7 13 27 95 -1 18 59 76 80 -1 2 29 46 86 -1 13 30 68 84 -1 5 39 56 75 -1 14 18 75 79 -1 15 57 65 89 -1 7 36 85 95 -1 20 33 50 97 -1 -2
35 51 57 65 -1 30 36 72 80 -1 36 56 65 90 -1 49 51 68 81 -1 34 72 77 87 -1 54 68 75 99 -1 34 39 74 98 -1 27 39 50 73 -1 28 67 75 90 -1 -2
12 25 31 67 -1 3 23 58 85 -1 19 67 82 99 -1 23 31 65 68 -1 5 64 73 80 -1 54 62 82 88 -1 25 42 86 88 -1 13 23 76 78 -1 19 28 39 67 -1 -2
11 39 83 98 -1 24 49 73 75 -1 26 69 78 92 -1 5 21 68 78 -1 -2
15 24 25 72 -1 19 32 86 93 -1 8 20 48 67 -1 3 16 89 95 -1 38 60 65 97 -1 16 25 78 82 -1 -2
8 52 71 80 -1 18 47 55 66 -1 47 89 95 97 -1 70 77 85 94 -1 28 65 68 76 -1 3 6 62 91 -1 5 13 27 99 -1 21 34 45 98 -1 -2
18 22 53 94 -1 1 32 51 88 -1 8 16 30 48 -1 7 26 69 96 -1 58 63 79 89 -1 4 51 72 88 -1 9 31 56 85 -1 42 62 66 67 -1 22 35 62 68 -1 -2
14 23 54 89 -1 39 45 46 81 -1 27 37 62 71 -1 2 11 41 49 -1 13 31 43 51 -1 12 35 36 93 -1 10 39 71 73 -1 -2
43 53 81 85 -1 34 71 72 81 -1 1 4 49 78 -1 11 23 67 84 -1 35 56 59 70 -1 3 19 59 67 -1 39 59 62 88 -1 -2
17 32 89 97 -1 -2
13 22 45 100 -1 14 33 60 83 -1 27 35 90 100 -1 55 72 78 96 -1 25 26 33 67 -1 -2
9 20 36 77 -1 32 36 78 94 -1 -2
6 24 26 65 -1 17 27 38 89 -1 12 15 23 50 -1 13 34 42 57 -1 2 47 65 82 -1 34 61 73 81 -1 34 52 67 77 -1 -2
37 45 51 93 -1 4 38 61 78 -1 30 44 57 67 -1 64 66 92 100 -1 27 68 75 97 -1 11 41 62 76 -1 6 16 72 89 -1 18 60 66 73 -1 60 62 64 75 -1 20 21 41 97 -1 -2
1 46 94 97 -1 20 25 32 72 -1 3 12 49 63 -1 3 42 71 86 -1 5 33 46 79 -1 -2
3 35 36 79 -1 6 8 28 84 -1 8 23 67 85 -1 19 33 56 67 -1 26 46 64 97 -1 -2
30 37 53 56 -1 7 25 38 72 -1 22 65 77 81 -1 12 64 85 87 -1 61 79 86 96 -1 14 22 25 74 -1 3 15 26 60 -1 5 9 20 98 -1 50 51 64 88 -1 -2
3 29 37 50 -1 34 37 40 59 -1 60 70 76 99 -1 21 34 44 66 -1 10 32 86 94 -1 2 10 23 68 -1 4 8 19 89 -1 29 34 38 63 -1 5 26 46 90 -1 6 11 51 79 -1 -2
57 61 63 64 -1 8 29 40 56 -1 3 17 66 93 -1 6 7 23 98 -1 -2
5 8 25 55 -1 19 32 40 60 -1 18 42 59 62 -1 27 31 41 79 -1 25 34 75 97 -1 44 49 79 85 -1 -2
62 70 76 84 -1 2 11 14 76 -1 25 77 79 81 -1 4 28 65 70 -1 42 80 87 99 -1 -2
1 46 58 91 -1 2 31 59 82 -1 -2
29 51 67 77 -1 39 52 89 93 -1 -2
12 28 33 71 -1 12 24 27 94 -1 -2
4 18 42 93 -1 33 45 67 82 -1 9 33 54 67 -1 8 50 55 73 -1 57 86 95 96 -1 30 41 65 100 -1 15 26 35 36 -1 39 41 54 90 -1 8 13 26 30 -1 15 22 56 64 -1 -2
55 82 91 100 -1 28 35 39 45 -1 7 58 61 76 -1 2 18 78 92 -1 27 29 52 92 -1 26 37 60 69 -1 53 55 67 83 -1 63 71 75 93 -1 -2
12 31 33 48 -1 1 35 36 78 -1 40 53 54 80 -1 29 58 65 89 -1 13 34 44 94 -1 -2
2 17 38 59 -1 8 61 69 90 -1 54 68 79 100 -1 19 28 50 98 -1 30 58 64 92 -1 9 24 56 60 -1 -2
2 4 46 73 -1 14 20 39 88 -1 1 44 67 97 -1 29 36 52 71 -1 13 23 27 84 -1 -2
11 12 38 89 -1 1 7 22 44 -1 11 16 55 90 -1 13 34 56 59 -1 22 28 39 46 -1 -2
17 22 54 68 -1 11 54 56 86 -1 3 71 79 91 -1 3 6 23 57 -1 8 55 86 94 -1 34 41 50 70 -1 32 55 57 72 -1 36 56 72 82 -1 3 9 49 58 -1 18 19 52 89 -1 -2
24 64 68 69 -1 30 56 80 100 -1 8 46 68 100 -1 4 61 62 97 -1 -2
41 46 88 97 -1 2 21 24 75 -1 -2
33 35 42 43 -1 3 69 78 79 -1 9 27 54 65 -1 -2
12 27 67 79 -1 27 62 63 93 -1 8 52 82 93 -1 12 44 53 99 -1 20 56 68 96 -1 -2
9 11 51 58 -1 1 2 9 31 -1 -2
1 23 35 36 -1 6 17 56 93 -1 2 4 27 28 -1 1 49 55 85 -1 27 54 77 94 -1 11 27 54 61 -1 2 12 94 99 -1 -2
41 57 79 81 -1 -2
1 40 50 52 -1 27 30 31 95 -1 9 21 27 81 -1 37 83 89 95 -1 15 22 26 88 -1 -2
29 36 65 95 -1 4 37 60 89 -1 42 45 62 64 -1 23 38 79 86 -1 -2
6 14 54 85 -1 24 29 47 53 -1 16 33 51 95 -1 54 56 78 94 -1 10 74 76 93 -1 18 23 56 61 -1 -2
12 73 76 82 -1 21 64 66 96 -1 15 19 44 78 -1 22 36 60 74 -1 12 50 78 97 -1 34 39 64 75 -1 36 68 85 97 -1 31 50 70 99 -1 16 23 41 54 -1 -2
15 39 61 90 -1 47 82 89 95 -1 -2
56 89 90 99 -1 15 63 83 93 -1 7 58 62 63 -1 8 23 32 95 -1 5 71 75 99 -1 20 49 85 95 -1 51 67 74 90 -1 18 55 63 94 -1 5 29 54 78 -1 3 20 50 86 -1 -2
11 36 77 93 -1 64 69 84 98 -1 25 45 52 83 -1 20 34 52 88 -1 15 34 43 70 -1 21 37 67 70 -1 45 47 57 88 -1 14 18 72 78 -1 -2
46 62 71 99 -1 6 15 16 92 -1 9 10 52 99 -1 76 77 78 94 -1 7 21 65 78 -1 6 41 54 92 -1 7 26 28 42 -1 56 58 66 86 -1 39 84 86 97 -1 25 39 68 81 -1 -2
2 57 63 69 -1 27 34 37 78 -1 -2
21 41 50 55 -1 -2
27 34 48 80 -1 33 66 72 88 -1 44 72 79 99 -1 26 61 75 76 -1 6 45 80 81 -1 14 18 45 85 -1 8 28 61 100 -1 -2
54 67 71 88 -1 6 10 51 56 -1 22 27 31 62 -1 14 26 60 78 -1 -2
7 16 23 38 -1 12 40 69 70 -1 14 15 78 81 -1 2 58 66 96 -1 32 40 71 81 -1 9 12 24 47 -1 -2
7 31 61 76 -1 -2
22 36 59 71 -1 14 48 56 92 -1 12 67 68 87 -1 5 9 60 69 -1 5 44 64 74 -1 39 43 66 87 -1 27 59 68 94 -1 34 45 51 87 -1 9 29 46 89 -1 -2
41 54 67 94 -1 62 70 80 85 -1 68 72 87 90 -1 71 77 81 100 -1 10 25 43 80 -1 6 52 60 77 -1 5 36 61 98 -1 37 53 55 66 -1 -2
32 36 77 83 -1 40 59 70 100 -1 54 70 74 76 -1 13 43 55 58 -1 32 40 59 79 -1 9 36 54 58 -1 -2
2 27 56 65 -1 3 22 73 97 -1 42 49 60 68 -1 25 28 73 99 -1 13 70 90 97 -1 -2
1 52 68 93 -1 62 65 68 74 -1 -2
12 58 72 96 -1 -2
1 20 74 80 -1 -2
11 14 43 63 -1 19 23 34 60 -1 2 15 36 88 -1 56 72 85 92 -1 -2
3 14 16 46 -1 1 16 43 47 -1 6 8 17 78 -1 11 15 79 96 -1 52 53 85 90 -1 12 27 49 69 -1 -2
17 33 49 85 -1 15 20 29 38 -1 31 48 78 92 -1 40 42 59 99 -1 11 27 60 85 -1 -2
15 36 66 73 -1 1 42 80 99 -1 28 39 46 59 -1 4 18 48 55 -1 22 26 54 66 -1 12 19 35 54 -1 35 44 54 79 -1 -2
20 46 54 60 -1 60 75 85 92 -1 6 16 48 63 -1 4 16 40 52 -1 13 84 92 98 -1 14 51 68 73 -1 44 61 76 100 -1 12 21 38 81 -1 -2
13 17 60 99 -1 3 12 30 53 -1 15 62 76 90 -1 5 8 76 83 -1 25 36 42 56 -1 -2
38 45 55 65 -1 29 32 67 81 -1 13 54 67 69 -1 2 22 53 82 -1 -2
8 12 22 38 -1 31 48 61 80 -1 8 29 47 70 -1 32 70 83 99 -1 21 40 82 90 -1 18 38 75 76 -1 16 32 46 84 -1 8 10 19 84 -1 -2
3 29 55 93 -1 -2
15 74 79 99 -1 3 49 61 71 -1 12 29 48 56 -1 17 42 53 60 -1 2 28 64 97 -1 1 10 29 67 -1 5 38 45 51 -1 -2
25 31 34 65 -1 2 12 41 97 -1 1 11 69 96 -1 -2
43 54 59 96 -1 29 35 36 85 -1 11 20 45 56 -1 34 41 57 84 -1 -2
17 40 47 76 -1 68 86 95 97 -1 5 22 50 72 -1 -2
23 35 74 90 -1 6 13 37 44 -1 11 17 32 42 -1 3 16 54 61 -1 3 30 50 61 -1 47 60 93 95 -1 -2
15 19 43 44 -1 22 24 34 76 -1 37 38 66 80 -1 -2
33 72 77 80 -1 12 41 64 83 -1 22 48 73 74 -1 4 48 83 87 -1 41 62 76 88 -1 10 17 70 83 -1 -2
15 26 42 49 -1 14 50 85 96 -1 13 20 93 98 -1 39 78 90 97 -1 7 28 80 100 -1 28 42 48 60 -1 -2
7 21 22 82 -1 25 46 50 61 -1 3 36 76 93 -1 26 49 65 68 -1 29 45 74 87 -1 70 71 89 96 -1 51 57 72 81 -1 -2
5 25 68 86 -1 29 42 63 72 -1 -2
74 83 86 91 -1 16 18 72 90 -1 7 42 68 72 -1 29 38 55 91 -1 11 21 36 96 -1 -2
13 55 60 98 -1 16 29 60 65 -1 1 36 52 76 -1 17 26 57 61 -1 -2
6 23 56 86 -1 71 73 83 84 -1 17 49 92 99 -1 21 60 68 73 -1 -2
25 29 33 57 -1 17 34 45 72 -1 9 42 59 67 -1 35 41 48 85 -1 2 8 78 99 -1 28 30 68 88 -1 71 79 88 99 -1 55 58 81 100 -1 16 27 57 86 -1 -2
4 17 50 65 -1 15 16 63 70 -1 26 69 90 98 -1 5 12 18 88 -1 14 43 75 76 -1 1 64 86 98 -1 22 41 56 68 -1 -2
39 55 62 89 -1 12 46 52 77 -1 25 43 79 83 -1 19 41 59 99 -1 11 17 29 96 -1 -2
22 52 84 99 -1 13 51 68 88 -1 15 18 26 48 -1 25 32 34 58 -1 33 36 80 81 -1 12 35 45 78 -1 27 85 88 94 -1 1 10 71 76 -1 33 44 63 67 -1 -2
15 42 64 88 -1 24 25 61 84 -1 14 40 50 89 -1 17 51 56 75 -1 21 42 74 78 -1 -2
19 40 88 98 -1 18 36 89 98 -1 4 54 92 94 -1 26 32 35 43 -1 2 76 87 93 -1 18 23 49 61 -1 20 38 60 89 -1 41 42 49 97 -1 31 50 70 84 -1 4 18 51 62 -1 -2
48 68 79 98 -1 43 64 67 86 -1 40 41 55 96 -1 22 24 40 73 -1 1 67 88 92 -1 -2
15 41 65 86 -1 11 19 48 98 -1 5 17 72 77 -1 31 40 46 86 -1 26 53 56 61 -1 -2
1 20 77 95 -1 22 31 57 98 -1 -2
30 41 87 94 -1 35 39 60 69 -1 34 35 58 69 -1 -2
12 49 93 98 -1 51 65 77 93 -1 29 46 63 87 -1 12 49 51 80 -1 21 74 78 93 -1 11 70 79 98 -1 3 22 77 85 -1 19 43 48 67 -1 57 74 81 90 -1 18 34 35 62 -1 -2
3 34 65 95 -1 57 78 84 100 -1 -2
36 38 44 76 -1 4 18 25 70 -1 2 47 64 88 -1 -2
1 25 29 46 -1 33 40 68 86 -1 8 23 30 98 -1 7 13 25 38 -1 38 46 86 99 -1 10 25 76 100 -1 10 22 36 86 -1 64 82 83 89 -1 -2
5 34 64 95 -1 61 71 83 90 -1 19 80 87 89 -1 25 37 43 92 -1 35 42 62 77 -1 20 23 50 86 -1 -2
20 39 46 52 -1 13 32 39 45 -1 3 24 58 91 -1 1 71 79 95 -1 1 22 44 93 -1 1 55 84 99 -1 10 18 25 54 -1 23 24 65 84 -1 -2
10 28 43 73 -1 36 48 78 99 -1 16 62 86 92 -1 8 28 33 95 -1 17 27 34 48 -1 25 29 52 54 -1 -2
40 62 73 77 -1 20 21 25 49 -1 3 18 32 88 -1 2 41 70 90 -1 4 11 32 93 -1 9 16 33 74 -1 -2
9 69 72 79 -1 34 36 50 53 -1 52 92 96 98 -1 25 50 52 78 -1 27 37 53 94 -1 33 73 94 96 -1 45 54 57 60 -1 15 23 43 74 -1 -2
13 16 75 98 -1 13 64 74 84 -1 9 43 58 95 -1 13 37 78 93 -1 8 16 53 75 -1 3 44 52 54 -1 9 28 40 63 -1 -2
2 15 66 96 -1 56 69 90 100 -1 24 44 68 84 -1 23 25 50 90 -1 36 42 59 95 -1 -2
30 34 39 42 -1 7 31 59 62 -1 8 67 78 82 -1 -2
33 83 95 99 -1 1 31 78 81 -1 36 66 88 100 -1 45 55 61 86 -1 26 37 48 68 -1 48 67 69 95 -1 36 70 79 96 -1 -2
4 18 34 99 -1 13 63 84 90 -1 6 47 60 74 -1 19 25 45 71 -1 1 11 19 26 -1 -2
28 30 71 74 -1 -2
11 24 51 68 -1 41 59 95 100 -1 10 69 77 92 -1 27 43 94 95 -1 2 17 19 41 -1 7 34 42 43 -1 60 73 84 98 -1 12 20 73 82 -1 -2
18 30 78 82 -1 14 47 58 61 -1 15 22 36 37 -1 -2
38 63 78 89 -1 17 41 54 74 -1 -2
14 57 72 80 -1 9 44 64 82 -1 -2
16 28 64 79 -1 5 13 73 85 -1 27 36 52 100 -1 18 23 39 67 -1 57 59 94 99 -1 -2
39 51 76 79 -1 61 64 67 68 -1 36 52 69 96 -1 8 12 64 79 -1 2 28 52 63 -1 5 17 50 54 -1 7 9 16 89 -1 74 81 83 100 -1 -2
13 74 92 94 -1 19 24 41 57 -1 48 54 57 78 -1 3 30 34 48 -1 2 24 55 63 -1 12 58 97 98 -1 27 39 81 100 -1 14 33 39 100 -1 -2
42 44 59 82 -1 45 52 66 71 -1 38 59 70 72 -1 -2
45 57 58 93 -1 32 41 86 91 -1 36 47 64 98 -1 6 9 22 30 -1 9 21 41 57 -1 -2
13 23 69 95 -1 29 41 73 79 -1 1 24 78 88 -1 11 18 33 87 -1 10 21 32 49 -1 23 53 69 91 -1 11 14 25 69 -1 -2
17 24 58 81 -1 5 35 84 100 -1 1 36 66 98 -1 23 77 94 100 -1 53 59 88 96 -1 72 85 90 92 -1 10 41 68 82 -1 2 3 41 43 -1 -2
24 52 85 92 -1 47 53 62 82 -1 1 35 45 98 -1 25 29 32 45 -1 13 25 93 95 -1 -2
67 68 84 92 -1 11 12 49 68 -1 33 69 88 97 -1 13 30 32 97 -1 18 26 42 47 -1 11 24 62 72 -1 35 50 68 87 -1 44 46 50 76 -1 -2
17 20 54 74 -1 18 21 30 41 -1 63 69 84 99 -1 -2
11 21 51 54 -1 4 15 16 100 -1 39 55 61 81 -1 30 53 81 87 -1 8 33 36 85 -1 -2
8 14 18 20 -1 38 57 86 88 -1 17 34 58 66 -1 -2
50 53 91 94 -1 27 32 38 48 -1 27 73 77 88 -1 1 29 65 86 -1 13 28 60 82 -1 27 29 49 61 -1 -2
10 63 82 89 -1 65 67 80 83 -1 13 51 61 92 -1 24 31 55 100 -1 45 47 48 82 -1 43 48 90 99 -1 3 42 54 95 -1 -2
5 34 71 89 -1 1 6 35 42 -1 -2
13 15 58 74 -1 2 30 48 85 -1 29 37 90 91 -1 17 39 79 86 -1 43 66 75 81 -1 -2
5 25 31 98 -1 -2
41 42 87 96 -1 6 64 67 74 -1 -2
20 27 39 62 -1 4 74 83 84 -1 21 40 63 77 -1 26 31 53 65 -1 6 15 64 93 -1 6 12 49 65 -1 8 12 49 97 -1 17 21 55 89 -1 7 14 35 44 -1 -2
47 64 75 82 -1 5 64 74 94 -1 23 39 72 99 -1 15 33 52 61 -1 17 18 37 47 -1 6 37 40 72 -1 46 53 84 89 -1 -2
19 34 68 69 -1 -2
32 35 41 78 -1 27 49 62 70 -1 7 22 32 57 -1 16 25 58 84 -1 2 13 48 51 -1 26 40 52 96 -1 7 59 67 81 -1 14 30 57 97 -1 -2
7 12 16 67 -1 13 62 79 88 -1 10 40 69 99 -1 43 75 92 99 -1 13 24 40 45 -1 29 40 75 91 -1 21 33 79 96 -1 12 30 42 98 -1 -2
21 43 95 99 -1 -2
52 66 71 86 -1 20 46 58 79 -1 1 39 48 63 -1 9 11 86 98 -1 10 27 52 94 -1 6 40 87 95 -1 -2
27 41 77 92 -1 2 10 21 95 -1 25 71 80 100 -1 26 36 73 86 -1 3 10 14 52 -1 22 51 75 100 -1 -2
11 25 85 89 -1 36 89 97 98 -1 21 66 67 68 -1 39 41 81 89 -1 -2
5 29 45 63 -1 1 27 36 89 -1 -2
12 39 85 89 -1 19 53 81 82 -1 26 29 60 93 -1 16 19 82 88 -1 4 17 63 83 -1 19 51 67 84 -1 22 55 97 98 -1 64 83 85 88 -1 41 70 73 80 -1 -2
61 69 85 87 -1 23 49 63 67 -1 21 33 90 100 -1 26 28 59 82 -1 13 59 72 90 -1 -2
28 47 63 82 -1 8 20 66 78 -1 15 32 37 93 -1 16 27 42 54 -1 8 21 45 47 -1 2 34 56 84 -1 -2
19 22 83 89 -1 2 46 47 54 -1 7 11 14 41 -1 2 24 37 68 -1 53 54 56 83 -1 -2
2 27 30 67 -1 22 32 52 82 -1 64 80 89 98 -1 2 5 58 98 -1 61 91 95 97 -1 35 47 81 99 -1 -2
10 25 35 51 -1 14 16 51 63 -1 5 54 77 99 -1 16 23 60 68 -1 48 58 61 96 -1 7 49 83 84 -1 14 42 67 84 -1 -2
23 46 67 69 -1 41 73 78 99 -1 13 18 35 53 -1 -2
1 15 29 47 -1 14 19 89 93 -1 8 10 20 85 -1 -2
13 45 51 54 -1 5 28 60 77 -1 21 28 74 88 -1 11 17 80 96 -1 6 18 27 33 -1 28 40 69 83 -1 19 58 68 78 -1 46 69 76 97 -1 9 16 73 84 -1 -2
36 42 67 94 -1 6 44 56 69 -1 16 24 40 50 -1 -2
9 17 42 63 -1 2 9 14 22 -1 42 50 94 95 -1 29 59 80 90 -1 1 4 62 73 -1 1 56 85 94 -1 4 32 62 88 -1 16 22 86 99 -1 -2
12 38 57 63 -1 3 4 31 44 -1 24 62 90 99 -1 4 9 30 79 -1 75 77 79 92 -1 15 33 84 85 -1 17 53 82 98 -1 10 22 37 90 -1 7 17 56 90 -1 -2
42 51 55 100 -1 -2
74 76 80 99 -1 59 61 75 80 -1 10 11 87 99 -1 4 11 12 60 -1 -2
21 42 65 90 -1 5 32 66 79 -1 9 30 83 89 -1 -2
5 21 37 77 -1 34 59 76 92 -1 2 10 57 60 -1 2 21 39 67 -1 24 27 36 44 -1 16 18 29 47 -1 48 54 58 93 -1 3 56 61 62 -1 28 29 48 90 -1 -2
34 43 58 69 -1 43 45 65 81 -1 8 53 69 83 -1 -2
21 33 79 90 -1 9 15 22 26 -1 -2
23 33 61 80 -1 5 15 58 97 -1 50 81 87 89 -1 30 39 70 96 -1 9 66 72 97 -1 -2
55 69 79 84 -1 25 27 53 70 -1 39 86 87 92 -1 72 82 87 92 -1 -2
3 26 77 88 -1 -2
46 53 59 80 -1 6 7 74 97 -1 -2
68 77 78 99 -1 9 11 81 85 -1 -2
17 34 90 93 -1 12 19 32 63 -1 28 72 79 91 -1 2 44 75 84 -1 -2
29 37 62 93 -1 6 32 64 100 -1 -2
57 58 67 72 -1 43 56 74 83 -1 10 19 34 74 -1 28 34 68 79 -1 13 37 76 96 -1 20 42 68 70 -1 33 35 53 65 -1 2 53 60 92 -1 -2
56 64 72 80 -1 9 24 48 61 -1 1 38 41 51 -1 10 40 60 85 -1 8 19 80 96 -1 31 48 52 70 -1 10 28 36 42 -1 -2
15 72 85 91 -1 5 23 55 61 -1 10 50 78 80 -1 -2
12 29 73 90 -1 2 19 43 55 -1 28 39 50 76 -1 -2
2 11 83 89 -1 30 47 67 92 -1 10 20 55 65 -1 7 32 37 95 -1 6 51 67 83 -1 21 54 87 97 -1 10 17 27 98 -1 3 19 32 60 -1 -2
3 61 80 86 -1 36 38 46 98 -1 6 8 50 59 -1 24 45 47 94 -1 6 22 55 98 -1 31 35 49 56 -1 65 71 77 85 -1 3 62 84 92 -1 2 44 69 98 -1 -2
18 31 81 90 -1 33 40 90 94 -1 22 70 79 82 -1 8 18 80 89 -1 -2
11 37 53 57 -1 24 48 49 71 -1 40 57 75 78 -1 11 48 91 99 -1 35 56 82 88 -1 47 59 87 91 -1 13 14 34 88 -1 16 32 46 56 -1 -2
10 11 16 50 -1 7 26 80 100 -1 11 27 36 63 -1 64 77 85 100 -1 6 12 27 89 -1 9 37 63 74 -1 2 23 50 70 -1 -2
23 24 77 94 -1 31 41 77 98 -1 14 16 83 89 -1 13 42 51 90 -1 13 15 47 49 -1 50 63 78 83 -1 22 38 49 58 -1 25 36 42 72 -1 -2
8 14 43 66 -1 6 45 70 89 -1 30 32 55 95 -1 8 36 53 82 -1 22 50 59 65 -1 18 45 61 96 -1 42 49 50 56 -1 11 40 96 100 -1 -2
26 62 71 92 -1 34 48 83 90 -1 16 25 26 96 -1 42 46 80 94 -1 11 19 39 91 -1 42 57 76 88 -1 27 48 52 88 -1 6 15 37 82 -1 11 43 69 99 -1 27 63 71 98 -1 -2
4 8 49 69 -1 11 51 90 97 -1 44 55 80 89 -1 -2
1 45 54 94 -1 1 12 23 81 -1 28 34 77 96 -1 50 71 86 94 -1 17 51 59 65 -1 11 33 45 80 -1 15 81 85 89 -1 -2
5 16 17 74 -1 2 42 74 83 -1 23 31 61 96 -1 11 15 85 99 -1 -2
2 4 7 17 -1 8 52 61 87 -1 23 26 60 64 -1 28 51 78 94 -1 42 46 54 100 -1 15 31 51 90 -1 35 53 71 100 -1 13 46 77 89 -1 37 45 51 66 -1 21 37 58 85 -1 -2
5 7 93 97 -1 33 76 82 86 -1 -2
31 50 68 85 -1 21 36 66 84 -1 -2
63 66 95 100 -1 39 41 87 98 -1 9 24 52 88 -1 20 47 69 80 -1 -2
49 75 93 100 -1 23 36 72 83 -1 25 75 89 98 -1 16 20 41 88 -1 -2
20 54 58 72 -1 53 56 71 97 -1 9 37 44 89 -1 5 46 80 92 -1 5 27 60 86 -1 14 15 38 80 -1 -2
16 19 73 87 -1 16 56 61 90 -1 5 48 67 76 -1 -2
43 58 78 89 -1 -2
20 61 75 84 -1 3 25 30 94 -1 12 20 85 86 -1 8 61 76 96 -1 33 45 54 87 -1 9 19 44 75 -1 8 22 24 70 -1 29 35 86 88 -1 -2
25 37 85 97 -1 10 31 43 98 -1 10 51 96 98 -1 12 67 71 83 -1 -2
50 52 53 63 -1 8 26 54 58 -1 6 32 40 74 -1 5 22 59 63 -1 34 72 77 82 -1 18 54 70 78 -1 67 80 82 90 -1 25 28 33 51 -1 58 77 82 99 -1 35 55 84 88 -1 -2
24 55 58 59 -1 4 10 12 100 -1 15 34 66 71 -1 18 27 53 96 -1 38 49 79 80 -1 5 42 44 96 -1 -2
12 42 61 98 -1 37 48 68 71 -1 38 42 79 82 -1 3 19 37 88 -1 51 58 73 81 -1 -2
3 41 55 62 -1 6 10 23 25 -1 -2
2 3 4 100 -1 26 53 67 79 -1 7 40 66 79 -1 15 18 32 35 -1 -2
24 31 46 98 -1 3 39 40 72 -1 11 28 56 93 -1 8 20 41 69 -1 3 51 93 94 -1 44 70 73 87 -1 1 3 46 96 -1 -2
21 70 90 93 -1 7 60 67 75 -1 39 78 85 99 -1 4 9 16 31 -1 36 57 63 73 -1 11 18 29 55 -1 56 57 68 91 -1 4 13 52 68 -1 21 37 58 98 -1 14 39 46 75 -1 -2
2 13 36 95 -1 2 7 59 89 -1 55 62 74 95 -1 6 48 85 92 -1 4 66 81 93 -1 6 28 42 87 -1 48 52 65 92 -1 19 62 76 83 -1 -2
5 10 72 96 -1 9 40 60 74 -1 5 12 26 78 -1 20 26 68 91 -1 22 34 73 82 -1 23 60 71 79 -1 37 54 88 99 -1 -2
19 37 59 76 -1 -2
10 20 50 75 -1 14 46 61 85 -1 18 60 65 86 -1 27 31 55 81 -1 17 52 58 62 -1 58 61 69 97 -1 72 77 83 94 -1 24 77 93 99 -1 23 35 40 59 -1 -2
17 60 63 65 -1 3 9 34 66 -1 20 46 48 69 -1 20 52 63 93 -1 4 19 66 68 -1 5 24 57 65 -1 -2
1 52 63 84 -1 11 20 21 30 -1 6 9 41 97 -1 29 41 59 81 -1 7 12 14 69 -1 21 69 79 100 -1 3 7 65 81 -1 11 80 92 97 -1 21 40 80 88 -1 -2
4 37 72 100 -1 15 20 21 70 -1 32 54 60 71 -1 2 33 48 50 -1 -2
8 20 62 75 -1 64 67 70 85 -1 15 28 49 57 -1 19 37 53 55 -1 11 35 38 77 -1 23 36 48 75 -1 2 3 38 94 -1 19 23 34 82 -1 21 30 60 95 -1 8 58 83 85 -1 -2
4 47 59 72 -1 6 26 58 97 -1 -2
8 24 42 65 -1 31 53 77 81 -1 50 75 81 97 -1 51 58 69 86 -1 11 34 48 91 -1 4 26 31 59 -1 1 22 33 83 -1 17 51 74 85 -1 7 20 26 83 -1 -2
37 53 57 74 -1 1 45 86 93 -1 52 62 69 70 -1 -2
37 49 83 86 -1 37 48 51 55 -1 12 16 79 80 -1 24 33 52 87 -1 25 26 51 78 -1 -2
48 62 65 93 -1 10 50 57 89 -1 10 12 56 69 -1 36 45 57 89 -1 43 45 67 85 -1 -2
21 33 63 93 -1 36 44 56 60 -1 3 50 79 90 -1 61 78 91 95 -1 17 59 76 77 -1 -2
35 63 82 89 -1 -2
9 53 94 100 -1 35 41 57 63 -1 -2
2 9 18 97 -1 32 41 87 88 -1 38 47 63 67 -1 45 54 55 73 -1 -2
11 14 25 74 -1 -2
68 78 94 99 -1 15 41 42 58 -1 -2
1 4 14 78 -1 -2
28 42 58 95 -1 49 57 78 82 -1 20 25 72 99 -1 15 26 67 96 -1 -2
19 28 39 87 -1 2 9 50 81 -1 -2
1 14 45 63 -1 14 45 47 97 -1 2 15 58 93 -1 11 20 39 80 -1 1 30 55 89 -1 -2
8 27 31 69 -1 4 58 72 93 -1 -2
9 25 71 94 -1 29 43 66 86 -1 6 8 15 97 -1 14 19 93 96 -1 41 54 57 72 -1 14 43 71 94 -1 21 31 38 49 -1 -2
6 16 32 82 -1 17 26 45 71 -1 22 32 54 55 -1 15 36 76 80 -1 16 29 42 88 -1 11 89 90 96 -1 3 14 21 91 -1 12 48 72 97 -1 13 14 42 81 -1 15 42 62 73 -1 -2
20 28 49 82 -1 46 49 85 90 -1 18 24 78 89 -1 25 49 73 76 -1 26 48 68 88 -1 26 32 58 62 -1 1 6 34 99 -1 -2
20 21 41 56 -1 26 52 61 72 -1 17 51 66 94 -1 -2
31 39 45 53 -1 18 58 84 95 -1 24 43 97 98 -1 9 26 40 48 -1 24 79 80 82 -1 6 66 83 93 -1 41 60 69 96 -1 29 38 74 96 -1 -2
16 43 46 93 -1 36 79 86 96 -1 38 44 58 85 -1 27 65 75 84 -1 20 27 61 66 -1 16 53 57 71 -1 19 25 56 81 -1 -2
12 37 42 59 -1 8 10 28 93 -1 26 48 63 95 -1 21 32 53 98 -1 26 27 55 63 -1 8 19 29 99 -1 4 18 19 85 -1 1 50 55 64 -1 9 12 43 44 -1 1 25 57 74 -1 -2
22 27 91 92 -1 27 90 91 92 -1 23 43 85 88 -1 -2
23 62 63 88 -1 8 42 50 61 -1 -2
37 40 51 84 -1 12 25 30 32 -1 2 18 45 80 -1 20 28 35 60 -1 -2
8 21 62 65 -1 35 39 95 97 -1 6 10 21 78 -1 48 63 80 95 -1 20 64 74 100 -1 6 30 45 62 -1 6 78 88 93 -1 13 26 45 73 -1 5 15 57 99 -1 -2
3 19 28 89 -1 4 20 24 72 -1 14 65 90 96 -1 14 24 69 95 -1 18 77 85 87 -1 -2
3 20 50 59 -1 7 30 48 92 -1 -2
10 44 68 87 -1 17 39 49 88 -1 27 34 44 71 -1 9 54 55 81 -1 17 56 67 80 -1 29 30 45 79 -1 -2
53 60 67 84 -1 12 21 28 49 -1 5 33 43 98 -1 23 28 39 40 -1 3 52 66 70 -1 21 55 74 95 -1 14 33 86 99 -1 12 41 57 76 -1 32 33 38 86 -1 17 59 84 93 -1 -2
11 17 33 98 -1 20 32 40 89 -1 9 10 41 45 -1 12 14 18 24 -1 63 71 75 90 -1 26 33 93 97 -1 11 35 49 99 -1 32 36 63 86 -1 -2
1 3 57 69 -1 8 70 92 100 -1 26 30 83 96 -1 12 21 30 59 -1 19 25 56 60 -1 32 35 39 57 -1 32 34 53 94 -1 1 6 62 87 -1 19 44 45 74 -1 -2
10 21 46 93 -1 4 5 66 77 -1 -2
23 31 55 61 -1 20 47 48 98 -1 38 48 63 80 -1 30 50 70 97 -1 12 54 57 78 -1 21 23 80 91 -1 4 34 47 85 -1 50 53 69 77 -1 30 33 44 97 -1 -2
24 51 56 90 -1 4 6 43 56 -1 18 32 41 88 -1 1 59 93 100 -1 4 12 22 99 -1 9 51 90 94 -1 5 34 45 56 -1 24 37 41 91 -1 -2
36 62 63 95 -1 62 86 91 100 -1 14 17 22 38 -1 1 63 96 99 -1 48 62 71 79 -1 2 10 49 66 -1 27 32 84 92 -1 26 53 62 81 -1 44 66 83 93 -1 4 25 82 83 -1 -2
5 14 23 62 -1 28 55 79 90 -1 14 28 70 92 -1 38 45 66 95 -1 -2
9 23 31 75 -1 5 33 36 53 -1 29 39 47 80 -1 21 60 62 78 -1 5 28 46 97 -1 59 64 81 83 -1 17 30 44 71 -1 3 28 77 83 -1 8 19 44 69 -1 -2
2 21 33 96 -1 9 27 57 86 -1 50 54 67 83 -1 6 49 68 82 -1 16 26 50 91 -1 16 20 26 46 -1 38 47 51 85 -1 27 37 50 74 -1 48 50 63 88 -1 -2
9 17 39 75 -1 8 11 89 93 -1 2 7 25 37 -1 6 25 27 60 -1 4 18 56 93 -1 5 29 33 73 -1 -2
64 69 74 80 -1 22 28 40 65 -1 66 88 92 94 -1 7 12 15 38 -1 28 31 56 89 -1 3 30 47 52 -1 -2
6 49 52 55 -1 12 30 73 82 -1 15 23 29 96 -1 -2
12 32 50 97 -1 13 25 71 78 -1 6 32 36 94 -1 8 56 71 75 -1 43 46 52 81 -1 2 8 43 83 -1 54 68 79 87 -1 33 50 59 73 -1 -2
16 31 64 69 -1 17 31 39 65 -1 26 29 38 70 -1 13 16 21 99 -1 6 22 40 43 -1 11 75 80 99 -1 63 80 83 98 -1 42 62 76 88 -1 17 50 56 69 -1 -2
62 70 91 100 -1 1 9 80 93 -1 38 68 96 99 -1 13 44 55 56 -1 4 52 62 85 -1 17 40 70 92 -1 -2
34 50 79 92 -1 3 11 28 48 -1 25 31 47 73 -1 12 38 69 76 -1 5 47 72 78 -1 4 54 78 98 -1 1 34 60 79 -1 42 63 66 76 -1 17 58 72 79 -1 3 6 42 46 -1 -2
38 56 79 96 -1 18 24 43 51 -1 70 73 84 85 -1 4 49 52 85 -1 3 14 61 90 -1 36 55 71 93 -1 16 56 59 95 -1 31 91 97 99 -1 -2
10 27 82 93 -1 27 33 89 94 -1 20 22 39 86 -1 7 39 48 97 -1 42 63 86 100 -1 56 59 82 86 -1 -2
11 21 59 97 -1 49 54 67 88 -1 26 40 76 82 -1 8 50 55 66 -1 50 65 74 86 -1 7 16 22 74 -1 11 12 14 59 -1 2 18 56 78 -1 14 19 43 46 -1 37 66 71 81 -1 -2
7 42 45 62 -1 6 17 22 64 -1 85 96 97 99 -1 3 41 43 78 -1 5 51 54 88 -1 -2
5 28 58 69 -1 -2
6 55 57 60 -1 7 20 48 65 -1 6 50 56 96 -1 24 30 71 95 -1 9 11 47 57 -1 7 60 62 83 -1 -2
34 40 44 46 -1 13 40 59 97 -1 21 28 56 92 -1 22 25 39 53 -1 30 32 42 74 -1 13 22 53 85 -1 3 18 65 73 -1 26 42 53 92 -1 -2
24 51 70 90 -1 2 7 26 57 -1 -2
31 35 51 61 -1 29 31 32 86 -1 15 37 47 51 -1 9 29 70 80 -1 30 41 59 91 -1 37 39 40 73 -1 -2
5 21 26 57 -1 29 37 75 89 -1 6 44 53 92 -1 9 14 20 21 -1 24 48 56 75 -1 2 25 71 87 -1 51 54 55 96 -1 -2
14 38 46 83 -1 24 32 49 71 -1 4 57 62 97 -1 9 14 41 94 -1 12 45 57 89 -1 25 60 65 71 -1 37 49 61 75 -1 5 30 39 81 -1 28 30 62 79 -1 -2
29 35 42 67 -1 6 29 54 87 -1 5 18 43 97 -1 15 30 47 93 -1 27 34 38 57 -1 6 32 74 89 -1 67 74 75 84 -1 7 63 73 92 -1 14 33 44 69 -1 -2
1 12 65 91 -1 5 62 64 95 -1 40 70 77 90 -1 57 76 80 84 -1 22 42 70 89 -1 25 40 67 86 -1 -2
3 26 34 99 -1 5 27 29 59 -1 13 83 85 99 -1 24 63 80 93 -1 1 9 39 47 -1 19 27 71 93 -1 30 63 90 94 -1 28 70 97 99 -1 20 51 65 71 -1 26 28 35 92 -1 -2
59 77 94 96 -1 1 59 64 78 -1 17 64 69 86 -1 -2
6 58 75 97 -1 23 34 74 99 -1 17 22 68 76 -1 -2
20 26 35 80 -1 3 44 45 51 -1 21 73 80 90 -1 7 34 41 63 -1 18 20 43 84 -1 -2
1 27 31 93 -1 -2
45 55 70 78 -1 69 76 82 95 -1 7 39 56 76 -1 2 63 69 95 -1 30 31 36 46 -1 13 14 63 79 -1 25 28 47 64 -1 6 70 79 97 -1 -2
8 12 15 70 -1 56 57 87 92 -1 25 47 51 60 -1 -2
19 28 33 89 -1 43 57 80 95 -1 14 22 36 74 -1 72 82 87 90 -1 -2
9 39 77 94 -1 59 89 91 95 -1 -2
16 19 25 81 -1 42 50 59 64 -1 31 34 67 94 -1 13 19 58 74 -1 -2
44 58 78 99 -1 18 21 57 78 -1 17 31 62 88 -1 3 12 41 47 -1 -2
22 31 61 65 -1 3 19 26 84 -1 1 10 14 17 -1 51 52 66 78 -1 5 38 66 96 -1 13 17 29 44 -1 26 37 65 66 -1 47 61 89 93 -1 -2
40 65 86 98 -1 14 43 50 74 -1 19 76 77 80 -1 5 7 66 98 -1 8 30 54 78 -1 14 65 83 97 -1 48 63 87 92 -1 1 24 34 56 -1 3 42 45 94 -1 -2
22 29 84 97 -1 13 20 38 73 -1 15 34 64 76 -1 19 22 30 92 -1 -2
40 50 54 74 -1 22 53 62 92 -1 10 36 40 61 -1 27 65 75 86 -1 -2
33 65 68 92 -1 1 10 32 73 -1 -2
11 34 38 97 -1 5 69 79 99 -1 25 38 95 98 -1 42 80 90 99 -1 23 31 61 84 -1 20 22 44 90 -1 30 64 71 83 -1 27 39 45 92 -1 -2
18 49 84 100 -1 26 28 36 55 -1 49 95 98 99 -1 46 70 96 98 -1 20 23 27 59 -1 76 79 80 97 -1 23 38 55 69 -1 3 10 60 85 -1 5 17 67 72 -1 40 47 49 67 -1 -2
20 53 96 98 -1 8 12 17 88 -1 2 18 19 35 -1 42 81 86 87 -1 7 38 62 83 -1 7 19 44 98 -1 31 39 68 78 -1 7 51 61 98 -1 6 68 85 86 -1 5 8 23 67 -1 -2
51 55 59 70 -1 35 38 84 95 -1 8 10 50 56 -1 18 80 83 86 -1 9 43 64 76 -1 17 58 68 84 -1 13 16 22 61 -1 58 59 85 95 -1 27 59 77 87 -1 24 63 69 75 -1 -2
14 16 37 74 -1 43 53 69 89 -1 27 28 58 80 -1 36 82 83 94 -1 36 37 42 77 -1 9 59 65 90 -1 13 44 94 98 -1 41 42 70 99 -1 17 52 60 90 -1 7 68 81 99 -1 -2
7 32 61 64 -1 20 30 47 72 -1 26 76 91 93 -1 12 53 91 98 -1 9 11 42 96 -1 21 63 69 78 -1 34 48 57 73 -1 26 37 72 93 -1 13 79 84 94 -1 43 51 70 90 -1 -2
29 46 59 82 -1 18 35 45 89 -1 2 9 30 59 -1 17 50 83 98 -1 32 54 78 90 -1 17 31 63 74 -1 -2
14 38 41 84 -1 3 34 75 88 -1 3 11 27 60 -1 16 42 63 65 -1 8 32 49 72 -1 6 21 79 100 -1 7 20 63 65 -1 12 32 72 90 -1 40 48 51 98 -1 9 11 49 62 -1 -2
48 54 62 67 -1 19 46 63 79 -1 52 59 75 89 -1 23 38 58 72 -1 11 83 93 98 -1 17 46 50 80 -1 11 19 96 99 -1 25 59 84 88 -1 4 6 26 72 -1 -2
29 74 86 89 -1 48 52 59 74 -1 31 78 86 90 -1 3 7 38 82 -1 13 17 55 90 -1 30 51 78 90 -1 25 28 85 90 -1 -2
14 20 92 99 -1 18 53 82 84 -1 45 68 76 77 -1 23 36 96 99 -1 27 55 62 94 -1 20 36 65 98 -1 -2
15 32 42 82 -1 16 24 27 75 -1 -2
12 39 60 91 -1 8 12 13 95 -1 22 23 25 30 -1 -2
12 16 26 50 -1 54 57 80 89 -1 18 56 91 99 -1 23 28 56 64 -1 -2
1 2 16 65 -1 41 44 59 87 -1 21 27 67 85 -1 -2
25 38 40 75 -1 46 76 78 96 -1 63 67 79 92 -1 54 66 67 100 -1 9 68 80 93 -1 -2
29 37 69 75 -1 5 13 86 99 -1 2 36 41 55 -1 19 24 81 83 -1 4 26 34 90 -1 26 48 52 63 -1 9 20 64 96 -1 21 55 75 97 -1 1 2 28 74 -1 -2
34 85 86 87 -1 34 55 63 82 -1 41 72 90 97 -1 3 40 67 72 -1 21 53 62 99 -1 4 24 51 52 -1 -2
40 41 70 85 -1 1 3 62 75 -1 14 43 74 93 -1 32 45 62 65 -1 29 30 45 51 -1 6 22 84 92 -1 28 34 49 96 -1 20 57 79 80 -1 41 70 86 91 -1 4 17 50 60 -1 -2
5 46 59 86 -1 6 8 22 61 -1 12 25 47 88 -1 15 31 35 38 -1 10 19 42 66 -1 -2
11 24 46 47 -1 14 40 41 100 -1 25 37 38 65 -1 32 41 56 95 -1 -2
4 15 17 57 -1 1 35 80 99 -1 7 25 38 54 -1 12 23 86 97 -1 51 57 78 89 -1 24 43 50 60 -1 -2
1 38 52 84 -1 11 53 65 97 -1 2 24 85 86 -1 13 31 47 57 -1 3 49 93 96 -1 -2
52 70 79 93 -1 4 33 67 68 -1 13 14 20 99 -1 2 18 80 82 -1 36 53 87 99 -1 -2
1 5 16 52 -1 16 53 56 58 -1 20 63 84 91 -1 -2
6 23 45 69 -1 40 73 90 93 -1 3 7 58 71 -1 1 11 84 87 -1 16 28 75 81 -1 13 57 92 96 -1 11 28 30 56 -1 14 26 27 76 -1 -2
7 30 51 63 -1 29 49 56 97 -1 55 78 88 94 -1 17 39 44 86 -1 47 77 83 97 -1 26 43 72 87 -1 13 62 69 75 -1 -2
13 16 18 20 -1 9 57 71 76 -1 48 65 66 93 -1 16 63 83 99 -1 -2
31 33 39 98 -1 -2
16 82 87 100 -1 30 36 41 61 -1 6 8 31 85 -1 25 67 85 88 -1 8 12 50 97 -1 17 24 33 40 -1 -2
65 77 82 91 -1 29 47 66 74 -1 15 41 77 86 -1 2 52 56 96 -1 7 44 74 96 -1 3 14 25 50 -1 17 31 72 83 -1 7 24 46 78 -1 3 28 64 68 -1 -2
8 13 26 62 -1 55 60 71 96 -1 37 49 69 95 -1 5 32 70 81 -1 -2
19 38 51 71 -1 34 67 80 98 -1 40 42 57 84 -1 23 28 44 92 -1 5 43 66 87 -1 -2
12 41 51 62 -1 5 28 30 38 -1 8 13 20 72 -1 31 40 81 88 -1 40 71 82 100 -1 15 21 80 86 -1 -2
20 57 96 99 -1 38 61 68 93 -1 19 27 44 87 -1 -2
20 33 67 94 -1 16 55 72 79 -1 12 36 45 74 -1 49 69 77 97 -1 5 31 72 74 -1 -2
10 50 63 67 -1 12 16 57 68 -1 20 43 50 67 -1 27 28 75 91 -1 6 53 87 93 -1 -2
10 20 36 64 -1 5 48 53 73 -1 1 62 66 91 -1 7 16 29 54 -1 30 34 62 74 -1 8 37 55 58 -1 19 57 58 88 -1 -2
7 42 46 94 -1 43 57 87 97 -1 56 67 72 97 -1 5 35 37 80 -1 1 5 84 92 -1 6 8 15 52 -1 74 81 93 94 -1 38 57 66 100 -1 -2
4 6 54 81 -1 30 35 55 59 -1 23 50 68 77 -1 35 51 97 99 -1 6 34 85 94 -1 18 59 85 91 -1 14 38 54 62 -1 14 48 54 63 -1 -2
17 43 45 70 -1 -2
11 16 53 77 -1 22 51 76 87 -1 30 34 37 94 -1 4 27 40 96 -1 14 21 95 98 -1 -2
1 4 8 61 -1 27 30 48 71 -1 -2
13 21 60 64 -1 -2
39 66 81 84 -1 9 41 66 81 -1 4 24 45 51 -1 34 45 70 85 -1 8 64 78 91 -1 8 40 50 95 -1 25 31 67 95 -1 19 34 53 92 -1 2 15 28 33 -1 10 39 50 85 -1 -2
30 34 80 87 -1 56 60 90 96 -1 47 85 97 99 -1 49 52 64 76 -1 30 45 59 93 -1 29 39 50 80 -1 13 56 71 99 -1 24 25 53 98 -1 17 19 36 75 -1 42 45 51 98 -1 -2
27 44 47 74 -1 36 75 86 91 -1 8 38 68 96 -1 25 58 84 98 -1 1 40 44 61 -1 21 31 39 88 -1 -2
17 39 73 89 -1 -2
19 25 31 93 -1 9 23 44 90 -1 15 49 56 97 -1 -2
22 25 39 67 -1 10 30 40 71 -1 41 78 92 93 -1 1 3 35 40 -1 4 6 20 82 -1 42 67 90 98 -1 21 46 51 79 -1 11 23 29 80 -1 3 46 75 91 -1 10 15 48 53 -1 -2
4 14 23 54 -1 30 43 60 78 -1 38 52 70 99 -1 2 35 89 90 -1 29 45 62 69 -1 32 56 69 92 -1 1 28 35 88 -1 52 74 78 98 -1 2 30 65 87 -1 -2
4 28 40 85 -1 35 57 67 93 -1 25 71 81 95 -1 16 21 65 81 -1 23 62 64 91 -1 -2
8 24 53 63 -1 52 57 65 76 -1 50 65 68 70 -1 9 70 83 98 -1 7 23 36 52 -1 19 27 69 74 -1 21 46 55 64 -1 27 58 91 97 -1 -2
9 11 30 83 -1 2 47 51 87 -1 8 27 60 65 -1 13 14 33 90 -1 38 49 63 75 -1 18 27 48 76 -1 35 46 47 78 -1 40 74 87 100 -1 5 37 38 52 -1 -2
36 44 67 82 -1 17 33 74 99 -1 67 70 78 89 -1 15 68 76 91 -1 18 52 72 95 -1 34 39 81 95 -1 -2
11 51 54 80 -1 13 24 27 85 -1 18 44 64 95 -1 2 24 26 62 -1 4 71 88 97 -1 31 42 46 74 -1 18 27 40 65 -1 7 9 30 52 -1 55 61 74 91 -1 -2
10 29 50 80 -1 -2
4 27 44 62 -1 58 73 87 91 -1 -2
37 66 71 88 -1 -2
56 63 68 88 -1 -2
11 23 32 52 -1 32 41 82 100 -1 18 38 77 78 -1 -2
14 27 39 90 -1 3 16 81 82 -1 9 13 17 85 -1 23 43 61 67 -1 24 48 74 85 -1 45 65 75 79 -1 17 42 73 93 -1 25 33 51 75 -1 19 24 70 94 -1 -2
30 35 50 95 -1 7 10 86 96 -1 18 44 66 88 -1 35 61 68 80 -1 22 40 51 64 -1 42 47 64 96 -1 -2
2 7 9 34 -1 9 46 83 85 -1 18 56 89 90 -1 3 10 21 94 -1 2 54 86 99 -1 12 50 74 76 -1 9 73 76 90 -1 4 45 68 71 -1 19 44 65 80 -1 21 40 72 88 -1 -2
70 88 94 99 -1 14 30 73 98 -1 11 42 52 70 -1 25 26 49 51 -1 -2
1 20 22 32 -1 18 34 47 99 -1 64 83 93 96 -1 19 28 68 78 -1 27 50 68 78 -1 26 57 98 100 -1 -2
15 21 67 70 -1 6 34 41 95 -1 -2
32 34 60 68 -1 -2
13 19 73 94 -1 22 47 68 83 -1 9 43 78 85 -1 55 61 66 97 -1 38 42 52 64 -1 4 26 49 92 -1 23 42 58 96 -1 14 18 19 80 -1 -2
16 24 64 93 -1 2 70 80 100 -1 29 61 76 90 -1 46 48 58 70 -1 -2
42 47 59 90 -1 8 37 40 48 -1 4 10 57 99 -1 11 44 84 91 -1 24 40 60 79 -1 18 21 63 71 -1 -2
4 28 50 62 -1 17 63 89 98 -1 9 36 71 75 -1 11 63 74 92 -1 5 15 39 65 -1 18 58 95 96 -1 -2
14 17 49 82 -1 3 10 32 70 -1 16 24 29 59 -1 2 21 49 67 -1 23 56 86 93 -1 7 73 81 94 -1 4 9 15 77 -1 1 45 69 86 -1 10 29 50 68 -1 21 37 40 42 -1 -2
12 44 87 98 -1 30 35 87 89 -1 25 71 78 89 -1 40 54 95 99 -1 4 19 20 23 -1 16 66 71 88 -1 -2
14 45 76 90 -1 17 70 82 84 -1 -2
11 41 46 93 -1 55 66 73 95 -1 9 22 59 61 -1 25 71 81 83 -1 22 52 74 79 -1 44 49 61 76 -1 1 57 76 92 -1 -2
34 47 56 86 -1 15 21 23 38 -1 28 31 37 90 -1 38 44 91 94 -1 39 67 69 83 -1 19 58 92 97 -1 37 52 71 83 -1 41 57 83 100 -1 -2
23 26 62 92 -1 -2
14 39 51 99 -1 15 49 54 64 -1 11 30 43 56 -1 7 63 64 68 -1 3 12 73 92 -1 17 28 62 83 -1 -2
33 69 72 93 -1 33 40 52 86 -1 35 57 82 100 -1 18 27 82 92 -1 3 9 30 44 -1 6 25 45 83 -1 41 47 75 99 -1 39 52 75 99 -1 27 43 54 82 -1 21 53 82 93 -1 -2
28 32 50 59 -1 44 71 91 97 -1 2 56 83 98 -1 8 18 23 100 -1 -2
12 18 51 61 -1 1 18 37 39 -1 24 48 69 95 -1 32 47 64 67 -1 16 29 42 57 -1 21 52 68 85 -1 -2
36 77 80 81 -1 4 13 61 67 -1 38 50 84 91 -1 -2
17 38 45 53 -1 16 35 36 58 -1 21 47 56 80 -1 4 14 19 35 -1 50 74 76 85 -1 23 34 46 71 -1 2 3 27 30 -1 30 36 65 74 -1 36 44 47 63 -1 5 22 40 57 -1 -2
11 41 50 84 -1 21 49 78 100 -1 20 35 38 40 -1 16 67 71 97 -1 39 54 83 89 -1 20 43 54 98 -1 -2
7 16 53 100 -1 43 61 77 81 -1 4 67 78 90 -1 15 40 44 66 -1 1 4 10 98 -1 6 29 85 89 -1 20 32 73 92 -1 4 5 43 76 -1 2 12 90 93 -1 74 77 82 91 -1 -2
25 46 54 86 -1 13 62 91 95 -1 9 17 54 65 -1 19 24 35 93 -1 3 28 70 75 -1 13 55 61 64 -1 14 31 35 63 -1 16 44 48 94 -1 -2
10 14 30 47 -1 19 52 82 96 -1 43 56 63 71 -1 -2
27 40 58 92 -1 21 26 35 54 -1 26 41 60 90 -1 5 70 85 90 -1 23 48 84 95 -1 43 52 63 85 -1 -2
7 17 77 99 -1 5 19 77 99 -1 30 35 46 59 -1 4 83 88 92 -1 10 22 29 34 -1 5 32 50 91 -1 21 72 95 99 -1 -2
14 20 25 72 -1 -2
46 59 63 94 -1 40 42 46 73 -1 9 10 17 59 -1 8 46 74 90 -1 29 34 41 89 -1 13 49 91 98 -1 30 34 88 91 -1 6 11 17 69 -1 -2
33 34 82 96 -1 5 61 66 72 -1 33 74 82 93 -1 2 3 39 92 -1 -2
38 62 65 99 -1 2 11 30 47 -1 40 50 81 83 -1 25 33 81 100 -1 20 28 78 94 -1 27 28 35 51 -1 11 36 80 84 -1 16 20 28 94 -1 -2
42 55 64 84 -1 10 32 39 59 -1 11 17 63 99 -1 4 35 65 100 -1 11 31 77 79 -1 -2
15 20 21 99 -1 23 31 47 57 -1 13 57 63 95 -1 9 41 52 74 -1 66 81 84 87 -1 8 20 90 94 -1 38 44 89 92 -1 27 31 42 91 -1 7 40 53 72 -1 2 16 17 71 -1 -2
43 46 54 65 -1 19 54 68 92 -1 41 55 76 91 -1 61 71 73 98 -1 11 42 78 80 -1 17 21 56 71 -1 59 69 78 91 -1 -2
54 57 73 85 -1 6 38 41 48 -1 3 45 57 83 -1 21 34 55 94 -1 -2
23 24 88 98 -1 1 3 44 87 -1 37 39 69 78 -1 45 58 64 100 -1 5 48 62 64 -1 31 35 55 74 -1 9 15 57 60 -1 13 62 65 89 -1 -2
27 60 78 100 -1 15 25 71 97 -1 -2
27 43 58 74 -1 18 62 67 77 -1 72 74 92 95 -1 9 60 87 92 -1 2 11 25 29 -1 6 51 54 63 -1 30 39 45 67 -1 46 60 93 98 -1 5 32 57 74 -1 41 85 93 98 -1 -2
36 46 57 76 -1 4 22 37 94 -1 10 12 53 76 -1 7 21 78 81 -1 35 86 87 91 -1 11 13 89 91 -1 -2
55 77 78 91 -1 9 11 48 51 -1 3 20 84 90 -1 17 30 94 100 -1 20 35 41 97 -1 11 22 67 93 -1 2 26 32 83 -1 17 61 63 79 -1 5 21 33 75 -1 6 9 41 82 -1 -2
1 26 89 96 -1 13 48 83 88 -1 12 30 45 76 -1 35 52 71 96 -1 12 49 59 61 -1 8 65 79 95 -1 6 78 81 83 -1 6 23 45 89 -1 -2
26 29 46 83 -1 14 15 53 59 -1 26 76 83 100 -1 59 65 74 100 -1 4 57 76 85 -1 22 70 87 94 -1 16 35 69 88 -1 -2
19 40 49 53 -1 10 73 85 93 -1 1 11 32 56 -1 21 39 47 89 -1 50 61 72 88 -1 52 53 82 89 -1 9 43 70 100 -1 -2
4 9 19 96 -1 26 42 56 93 -1 17 40 67 93 -1 27 29 75 80 -1 30 67 86 92 -1 12 22 59 93 -1 1 17 39 51 -1 40 59 61 72 -1 -2
25 31 39 43 -1 5 37 39 46 -1 11 21 49 60 -1 12 34 44 64 -1 18 71 84 87 -1 42 52 83 91 -1 19 43 45 96 -1 34 56 66 67 -1 9 51 57 79 -1 -2
49 76 80 92 -1 4 16 38 97 -1 33 47 66 73 -1 14 29 32 43 -1 1 18 42 50 -1 17 69 81 98 -1 5 12 21 91 -1 19 44 78 85 -1 -2
5 64 77 80 -1 12 22 29 70 -1 -2
47 55 63 81 -1 -2
70 89 93 99 -1 3 69 79 85 -1 49 61 76 79 -1 22 84 90 93 -1 18 46 56 88 -1 23 29 40 56 -1 3 18 25 87 -1 -2
34 47 65 82 -1 10 53 54 100 -1 2 43 64 80 -1 -2
23 53 93 98 -1 59 65 79 90 -1 -2
36 63 80 90 -1 -2
63 65 84 95 -1 14 25 43 89 -1 19 35 69 71 -1 3 9 23 50 -1 6 46 64 71 -1 17 33 42 77 -1 40 58 62 70 -1 17 35 70 91 -1 -2
23 25 26 50 -1 -2
7 35 63 82 -1 1 2 36 99 -1 29 82 84 86 -1 12 19 23 47 -1 36 41 56 79 -1 16 30 50 91 -1 54 56 78 97 -1 15 26 54 67 -1 23 68 83 91 -1 5 26 90 100 -1 -2
12 20 23 99 -1 47 49 67 94 -1 32 36 68 81 -1 25 48 69 72 -1 1 11 25 38 -1 17 22 38 39 -1 -2
6 26 59 63 -1 39 49 62 66 -1 18 40 81 86 -1 7 22 92 93 -1 21 77 93 97 -1 2 60 62 80 -1 2 20 25 79 -1 15 20 89 93 -1 13 25 26 88 -1 2 50 70 80 -1 -2
39 54 78 86 -1 -2
37 40 42 95 -1 12 34 39 66 -1 34 41 89 98 -1 27 41 53 84 -1 7 63 64 92 -1 5 11 87 97 -1 5 41 73 94 -1 5 42 48 73 -1 8 59 70 95 -1 -2
14 16 24 79 -1 7 43 74 99 -1 47 53 59 98 -1 40 41 62 86 -1 -2
51 70 75 79 -1 17 51 80 91 -1 1 6 85 97 -1 40 73 84 93 -1 19 31 70 81 -1 30 56 61 68 -1 -2
8 10 16 90 -1 27 32 33 97 -1 1 5 28 35 -1 4 40 63 67 -1 50 67 80 92 -1 4 16 17 91 -1 16 34 55 90 -1 25 63 70 80 -1 5 9 33 93 -1 -2
11 27 55 57 -1 15 55 68 74 -1 20 53 69 97 -1 48 60 67 84 -1 19 23 63 79 -1 13 18 25 87 -1 40 61 78 84 -1 45 51 58 85 -1 37 40 58 60 -1 15 21 27 99 -1 -2
35 53 62 94 -1 12 58 76 98 -1 2 10 30 86 -1 25 31 80 88 -1 8 31 35 54 -1 37 47 78 79 -1 24 71 75 90 -1 8 60 62 92 -1 -2
6 19 48 72 -1 12 13 30 73 -1 22 46 58 66 -1 20 26 44 83 -1 3 8 58 92 -1 55 74 80 84 -1 26 40 64 91 -1 -2
4 12 49 51 -1 50 54 59 67 -1 20 59 63 77 -1 9 18 40 74 -1 48 57 59 64 -1 -2
1 25 79 94 -1 7 20 61 82 -1 27 48 87 96 -1 9 22 61 87 -1 8 52 54 77 -1 2 70 80 100 -1 -2
24 42 54 87 -1 -2
60 64 68 81 -1 6 37 76 92 -1 15 66 78 83 -1 10 43 57 92 -1 -2
17 34 51 77 -1 48 58 68 81 -1 11 26 31 55 -1 51 82 88 97 -1 32 37 56 91 -1 26 55 77 81 -1 25 72 87 94 -1 6 11 72 94 -1 5 33 65 99 -1 21 47 48 65 -1 -2
40 41 81 83 -1 74 78 84 90 -1 22 42 52 86 -1 -2
24 86 89 91 -1 3 25 49 88 -1 12 61 62 99 -1 18 45 59 72 -1 30 31 37 74 -1 6 8 79 100 -1 8 25 50 67 -1 5 24 28 44 -1 3 44 56 73 -1 3 29 43 97 -1 -2
31 59 70 99 -1 2 10 60 74 -1 58 61 84 92 -1 14 78 81 93 -1 12 49 67 98 -1 28 41 90 94 -1 37 63 75 91 -1 30 81 82 84 -1 -2
47 74 95 97 -1 15 24 33 88 -1 3 59 64 69 -1 58 70 91 94 -1 15 27 64 86 -1 17 47 55 68 -1 78 87 89 98 -1 2 9 26 71 -1 4 31 48 50 -1 31 55 56 62 -1 -2
4 5 66 78 -1 42 61 66 74 -1 32 42 60 69 -1 43 89 96 97 -1 37 47 58 66 -1 -2
15 18 39 71 -1 -2
48 72 74 99 -1 58 59 92 97 -1 10 33 45 68 -1 25 39 60 91 -1 1 20 43 44 -1 8 45 47 56 -1 54 61 67 75 -1 30 52 77 96 -1 20 32 61 80 -1 16 32 48 95 -1 -2
4 10 81 93 -1 5 23 61 65 -1 1 5 74 97 -1 46 60 74 79 -1 8 35 51 58 -1 32 43 66 83 -1 23 40 60 70 -1 37 67 72 74 -1 41 49 82 97 -1 -2
11 16 24 68 -1 2 6 31 85 -1 -2
31 75 84 89 -1 15 17 24 38 -1 16 24 45 90 -1 19 34 39 64 -1 2 8 88 94 -1 2 23 27 51 -1 25 37 46 51 -1 9 23 42 91 -1 -2
66 70 81 84 -1 3 27 67 97 -1 48 81 94 99 -1 36 41 82 88 -1 -2
43 49 51 61 -1 2 30 38 75 -1 -2
9 25 51 69 -1 3 12 37 66 -1 2 28 41 43 -1 33 36 61 65 -1 31 48 77 93 -1 15 59 73 99 -1 12 46 79 100 -1 16 56 73 75 -1 -2
6 59 76 95 -1 18 24 43 78 -1 22 29 54 69 -1 39 51 67 94 -1 2 18 66 72 -1 15 28 43 48 -1 -2
6 22 66 94 -1 46 53 69 87 -1 30 50 83 100 -1 -2
23 56 65 87 -1 13 17 64 74 -1 49 54 64 86 -1 1 17 20 46 -1 44 70 81 93 -1 27 32 69 95 -1 12 38 75 86 -1 9 24 42 91 -1 19 28 42 44 -1 31 48 50 87 -1 -2
40 48 58 62 -1 19 64 71 100 -1 37 73 79 91 -1 4 39 64 90 -1 18 39 47 52 -1 29 49 75 100 -1 36 48 61 88 -1 9 43 83 84 -1 -2
3 33 58 84 -1 31 82 89 93 -1 14 54 81 100 -1 18 28 53 96 -1 43 51 84 96 -1 -2
10 13 74 76 -1 2 9 24 64 -1 44 48 53 73 -1 33 50 82 96 -1 17 53 76 100 -1 16 44 86 93 -1 17 60 68 85 -1 28 48 86 92 -1 38 41 50 79 -1 28 42 61 96 -1 -2
11 27 98 100 -1 8 9 65 96 -1 23 77 93 100 -1 25 26 62 80 -1 11 22 57 64 -1 18 19 22 70 -1 7 15 22 49 -1 33 50 54 65 -1 -2
31 53 56 85 -1 31 69 89 90 -1 25 72 79 98 -1 1 10 17 88 -1 7 57 60 98 -1 13 32 47 65 -1 4 54 68 95 -1 1 18 24 70 -1 35 61 92 100 -1 -2
41 60 71 96 -1 1 23 30 85 -1 1 6 81 100 -1 20 66 68 91 -1 14 43 45 67 -1 1 20 57 76 -1 18 35 41 76 -1 41 42 60 73 -1 6 44 59 100 -1 10 25 39 97 -1 -2
9 13 35 48 -1 22 30 47 67 -1 14 33 84 87 -1 24 39 78 96 -1 17 19 53 99 -1 -2
6 71 80 94 -1 16 32 45 50 -1 7 12 88 94 -1 18 65 85 89 -1 32 76 88 100 -1 4 20 47 84 -1 16 21 81 92 -1 36 66 78 96 -1 -2
7 17 48 83 -1 50 51 84 97 -1 2 9 11 27 -1 38 53 59 79 -1 12 86 90 97 -1 44 59 60 79 -1 52 67 69 85 -1 2 9 46 58 -1 39 63 70 76 -1 -2
3 9 13 35 -1 29 53 58 89 -1 25 34 36 45 -1 -2
44 65 66 71 -1 4 40 78 90 -1 17 33 36 67 -1 2 45 59 66 -1 31 71 73 76 -1 -2
16 42 69 91 -1 40 44 50 96 -1 23 50 68 99 -1 1 49 54 78 -1 18 60 85 97 -1 27 50 51 81 -1 -2
6 17 87 100 -1 9 31 47 69 -1 6 62 94 96 -1 6 43 54 56 -1 -2
29 35 55 70 -1 19 25 34 57 -1 17 22 45 64 -1 13 33 36 76 -1 11 45 82 85 -1 -2
22 28 34 88 -1 13 69 85 96 -1 52 74 77 86 -1 12 64 69 83 -1 14 23 33 51 -1 2 84 88 97 -1 26 52 64 92 -1 8 53 76 78 -1 53 68 82 90 -1 -2
10 50 54 98 -1 16 46 76 98 -1 44 75 88 92 -1 35 49 52 54 -1 -2
46 75 92 97 -1 23 38 64 82 -1 5 27 31 86 -1 11 54 85 91 -1 51 72 73 77 -1 8 14 20 83 -1 14 78 94 98 -1 5 28 81 98 -1 66 72 79 96 -1 -2
5 22 82 100 -1 3 55 69 97 -1 6 71 83 97 -1 1 10 25 98 -1 1 19 61 71 -1 5 19 27 92 -1 75 85 87 100 -1 29 36 43 72 -1 -2
12 42 44 58 -1 16 67 72 87 -1 14 17 22 90 -1 24 45 64 86 -1 31 52 76 89 -1 9 17 33 39 -1 2 13 27 75 -1 8 23 35 84 -1 11 12 18 29 -1 -2
53 63 87 94 -1 12 13 62 85 -1 18 39 59 88 -1 -2
6 57 74 93 -1 30 33 45 84 -1 29 53 71 87 -1 37 47 83 90 -1 16 53 62 97 -1 17 32 35 90 -1 7 19 31 42 -1 36 37 86 93 -1 7 31 70 95 -1 26 43 47 62 -1 -2
19 49 56 96 -1 10 13 29 59 -1 15 38 54 63 -1 4 52 53 61 -1 1 52 94 97 -1 4 14 17 62 -1 -2
2 21 56 62 -1 17 54 77 84 -1 38 40 73 79 -1 24 76 85 90 -1 -2
2 10 13 77 -1 7 15 88 96 -1 12 84 89 93 -1 28 46 69 71 -1 -2
17 32 39 49 -1 43 52 80 100 -1 14 15 17 87 -1 9 23 64 86 -1 40 52 82 96 -1 12 34 52 70 -1 21 24 38 40 -1 13 78 81 97 -1 11 29 42 64 -1 21 51 58 96 -1 -2
4 6 38 44 -1 62 63 64 73 -1 20 21 28 80 -1 26 45 79 86 -1 2 8 60 88 -1 40 49 54 91 -1 7 13 80 99 -1 18 50 61 96 -1 -2
10 16 31 48 -1 8 29 46 94 -1 10 56 72 98 -1 8 24 82 91 -1 26 63 65 88 -1 -2
20 34 35 91 -1 31 40 64 99 -1 26 57 59 92 -1 39 40 67 89 -1 16 24 33 63 -1 2 29 42 99 -1 2 77 81 95 -1 55 77 85 96 -1 13 24 42 95 -1 -2
21 30 55 70 -1 18 31 53 96 -1 4 17 18 28 -1 4 23 72 79 -1 9 15 60 90 -1 55 68 73 77 -1 -2
61 81 90 94 -1 9 27 34 69 -1 20 25 58 76 -1 -2
6 37 42 44 -1 7 25 50 83 -1 6 17 30 60 -1 28 45 66 70 -1 7 48 65 68 -1 38 84 85 98 -1 8 46 49 63 -1 1 13 30 64 -1 38 42 80 83 -1 34 40 94 99 -1 -2
8 42 64 75 -1 30 44 61 69 -1 60 63 67 70 -1 17 19 21 70 -1 24 50 57 63 -1 15 35 57 91 -1 11 49 65 74 -1 12 30 31 94 -1 -2
1 16 41 79 -1 12 21 53 67 -1 47 56 70 81 -1 24 27 50 76 -1 19 69 89 96 -1 13 55 76 82 -1 1 12 69 79 -1 -2
24 33 49 69 -1 40 42 81 94 -1 23 36 39 73 -1 33 40 58 82 -1 3 34 37 49 -1 27 41 58 63 -1 5 21 54 74 -1 16 65 89 96 -1 -2
7 60 76 98 -1 -2
6 15 66 79 -1 -2
10 27 74 89 -1 -2
20 27 68 91 -1 25 28 35 75 -1 8 41 62 65 -1 7 38 54 97 -1 32 89 96 99 -1 4 14 17 46 -1 -2
21 48 62 74 -1 27 28 59 80 -1 3 48 59 70 -1 24 49 71 82 -1 53 64 95 96 -1 15 50 79 86 -1 43 47 75 79 -1 -2
28 31 51 81 -1 2 46 61 92 -1 1 16 18 76 -1 12 17 27 40 -1 28 71 80 91 -1 9 12 21 41 -1 37 42 61 87 -1 7 54 62 99 -1 -2
13 43 69 74 -1 26 49 65 76 -1 11 18 62 98 -1 26 31 52 100 -1 -2
11 35 77 80 -1 9 33 73 87 -1 8 18 22 43 -1 -2
6 41 62 82 -1 24 79 83 88 -1 -2
1 4 39 49 -1 38 39 49 95 -1 -2
39 46 63 69 -1 5 8 10 22 -1 4 29 58 77 -1 50 56 76 80 -1 11 12 21 50 -1 26 27 36 38 -1 10 71 75 91 -1 71 74 83 85 -1 -2
30 52 78 80 -1 10 20 55 60 -1 59 83 86 87 -1 24 55 63 65 -1 39 53 66 69 -1 20 52 66 91 -1 30 37 55 99 -1 17 22 50 74 -1 13 20 41 96 -1 13 33 40 58 -1 -2
32 48 51 74 -1 3 60 93 98 -1 29 39 45 79 -1 -2
59 71 85 97 -1 25 46 53 96 -1 18 49 68 76 -1 1 25 76 83 -1 1 33 49 94 -1 7 10 69 96 -1 60 72 81 100 -1 20 23 85 89 -1 -2
77 85 86 89 -1 -2
31 37 70 88 -1 36 65 82 92 -1 9 41 71 77 -1 9 15 25 47 -1 -2
4 48 58 73 -1 42 61 73 86 -1 35 37 39 46 -1 84 86 92 100 -1 32 38 58 94 -1 61 79 84 85 -1 -2
48 64 88 92 -1 21 32 82 97 -1 26 72 87 92 -1 25 31 53 59 -1 12 88 93 94 -1 74 82 85 88 -1 25 52 66 93 -1 10 47 52 71 -1 20 22 31 38 -1 -2
13 46 47 68 -1 -2
2 15 71 86 -1 24 49 97 98 -1 33 34 45 50 -1 -2
14 43 58 98 -1 6 21 61 91 -1 39 67 85 90 -1 3 19 69 84 -1 -2
19 41 80 82 -1 23 83 99 100 -1 17 55 75 78 -1 -2
6 14 44 90 -1 -2
8 26 46 59 -1 5 22 30 55 -1 11 41 45 58 -1 -2
39 52 53 78 -1 24 27 31 84 -1 -2
3 17 20 53 -1 21 61 86 100 -1 8 28 41 71 -1 36 39 77 91 -1 40 52 74 78 -1 20 48 68 74 -1 12 41 58 85 -1 11 27 71 74 -1 1 60 64 95 -1 22 63 86 97 -1 -2
17 33 53 88 -1 27 30 39 84 -1 22 28 78 84 -1 4 23 34 93 -1 6 64 66 94 -1 37 64 98 100 -1 38 48 74 89 -1 39 47 71 95 -1 51 60 72 96 -1 57 70 87 96 -1 -2
5 41 57 89 -1 -2
41 49 63 72 -1 9 36 56 75 -1 25 45 53 93 -1 23 33 41 66 -1 2 29 46 98 -1 5 22 49 67 -1 52 60 78 91 -1 47 52 57 59 -1 -2
34 39 63 84 -1 37 62 64 77 -1 31 38 68 82 -1 31 46 65 93 -1 51 71 73 97 -1 -2
30 72 74 76 -1 16 31 44 83 -1 -2
27 30 72 85 -1 16 26 41 50 -1 37 39 50 86 -1 -2
20 70 96 100 -1 9 23 36 61 -1 9 25 26 98 -1 -2
46 54 96 98 -1 28 45 82 100 -1 33 54 81 88 -1 1 17 42 81 -1 13 15 21 65 -1 27 42 58 66 -1 1 9 21 58 -1 -2
46 47 72 100 -1 15 62 83 98 -1 16 21 25 26 -1 58 65 69 70 -1 34 38 41 90 -1 43 58 59 93 -1 40 51 89 100 -1 -2
2 38 90 91 -1 18 45 63 69 -1 11 27 86 87 -1 45 66 83 94 -1 3 52 60 72 -1 16 17 41 91 -1 44 77 80 97 -1 1 15 35 95 -1 15 25 69 78 -1 -2
12 17 23 94 -1 28 46 79 90 -1 24 60 89 91 -1 -2
12 54 90 100 -1 52 74 79 91 -1 6 39 42 87 -1 7 21 31 86 -1 -2
14 48 51 72 -1 -2
53 66 73 91 -1 3 12 43 87 -1 40 53 56 84 -1 11 23 43 73 -1 16 31 93 98 -1 38 62 94 95 -1 47 65 74 82 -1 13 43 69 72 -1 20 41 42 88 -1 23 82 93 97 -1 -2
33 58 84 97 -1 13 60 86 99 -1 26 34 95 98 -1 28 55 76 98 -1 1 41 49 85 -1 7 17 39 66 -1 2 15 26 50 -1 -2
39 63 73 90 -1 29 51 77 98 -1 -2
14 39 67 77 -1 2 33 47 83 -1 9 48 68 87 -1 10 50 90 92 -1 18 31 46 48 -1 7 43 55 81 -1 27 31 75 77 -1 42 66 69 96 -1 -2
19 30 54 70 -1 66 73 84 92 -1 32 36 38 93 -1 23 29 56 66 -1 29 51 91 95 -1 6 17 31 55 -1 27 29 44 53 -1 39 52 84 87 -1 4 46 68 90 -1 -2
11 30 32 60 -1 -2
21 40 55 85 -1 15 20 78 91 -1 20 45 81 100 -1 46 55 62 99 -1 -2
2 24 55 73 -1 2 8 13 47 -1 36 50 64 93 -1 32 67 86 98 -1 16 71 83 84 -1 6 19 43 67 -1 12 23 34 89 -1 -2
30 34 42 57 -1 2 15 39 58 -1 25 31 63 74 -1 29 60 61 75 -1 7 13 34 66 -1 5 31 49 59 -1 29 60 72 75 -1 -2
13 26 36 58 -1 53 59 92 96 -1 17 50 56 71 -1 30 41 69 93 -1 24 33 60 82 -1 -2
38 78 80 89 -1 9 22 23 70 -1 1 22 82 84 -1 14 15 33 35 -1 55 67 98 100 -1 13 28 56 72 -1 32 43 67 69 -1 15 16 40 60 -1 -2
1 10 63 73 -1 15 41 64 89 -1 38 69 79 82 -1 19 38 44 66 -1 20 55 72 73 -1 8 14 71 78 -1 29 34 81 91 -1 -2
2 48 55 89 -1 6 72 89 98 -1 4 77 94 100 -1 29 50 55 79 -1 -2
4 34 92 93 -1 13 22 82 84 -1 4 28 33 83 -1 9 16 26 50 -1 24 30 82 85 -1 4 6 76 91 -1 4 7 44 90 -1 10 42 46 57 -1 13 15 31 61 -1 -2
7 65 71 80 -1 12 31 39 87 -1 27 49 74 77 -1 3 17 19 84 -1 50 80 87 94 -1 -2
5 22 23 31 -1 22 54 75 96 -1 18 21 38 97 -1 35 57 85 91 -1 15 23 38 53 -1 5 12 88 90 -1 5 54 57 61 -1 33 39 80 96 -1 -2
34 38 60 70 -1 47 84 85 98 -1 41 53 66 97 -1 46 74 89 93 -1 -2
6 18 55 75 -1 37 46 87 89 -1 -2
6 9 40 65 -1 18 38 56 64 -1 6 56 77 84 -1 59 61 84 92 -1 -2
7 11 51 61 -1 8 25 68 73 -1 17 42 93 95 -1 33 48 73 81 -1 32 47 58 62 -1 -2
1 20 29 85 -1 11 29 35 97 -1 6 45 64 80 -1 26 44 62 99 -1 8 13 20 52 -1 25 41 42 57 -1 44 64 88 95 -1 3 69 88 98 -1 39 49 59 100 -1 -2
67 80 88 95 -1 10 11 51 69 -1 2 13 28 72 -1 9 10 48 90 -1 5 37 61 87 -1 13 46 85 98 -1 26 45 54 98 -1 31 36 45 66 -1 -2
44 54 70 92 -1 6 11 63 72 -1 1 66 83 95 -1 11 77 83 100 -1 -2
7 37 48 52 -1 1 6 34 75 -1 19 28 43 72 -1 8 12 42 74 -1 2 35 42 57 -1 50 76 82 89 -1 25 36 38 75 -1 -2
40 66 70 93 -1 30 38 84 93 -1 3 20 98 100 -1 17 45 52 75 -1 39 68 77 85 -1 13 37 52 63 -1 18 36 46 74 -1 -2
2 38 55 77 -1 16 43 69 98 -1 11 38 60 66 -1 4 16 31 60 -1 21 27 70 91 -1 -2
16 48 56 87 -1 42 45 71 94 -1 -2
46 50 76 91 -1 -2
39 55 73 88 -1 44 76 77 99 -1 22 28 50 91 -1 16 34 62 98 -1 58 63 75 94 -1 4 19 60 89 -1 -2
23 72 74 94 -1 8 13 65 97 -1 3 46 53 79 -1 15 63 82 98 -1 2 63 77 84 -1 9 21 27 85 -1 24 44 75 82 -1 5 42 45 51 -1 -2
12 17 25 54 -1 26 63 68 82 -1 32 53 92 94 -1 20 26 48 68 -1 11 36 42 94 -1 1 6 12 51 -1 5 19 27 94 -1 1 23 56 86 -1 -2
10 38 42 68 -1 1 47 76 93 -1 15 21 71 100 -1 10 27 28 78 -1 24 46 55 77 -1 5 42 47 48 -1 41 72 81 93 -1 18 23 50 61 -1 37 42 68 83 -1 -2
43 47 75 85 -1 47 63 68 78 -1 7 17 31 77 -1 26 43 68 76 -1 21 50 77 89 -1 28 31 35 37 -1 9 40 84 92 -1 8 35 65 88 -1 2 29 45 81 -1 15 26 45 55 -1 -2
13 28 41 64 -1 38 48 67 85 -1 23 26 48 76 -1 43 69 91 98 -1 36 43 67 81 -1 17 30 39 48 -1 14 57 68 78 -1 -2
7 15 55 75 -1 36 61 76 100 -1 -2
31 48 77 87 -1 10 56 84 93 -1 60 70 80 83 -1 29 36 75 82 -1 -2
33 51 58 80 -1 46 81 83 100 -1 46 47 53 96 -1 28 71 87 96 -1 17 25 35 97 -1 -2
61 63 64 95 -1 9 19 27 34 -1 33 81 98 100 -1 1 56 90 97 -1 8 45 55 97 -1 4 58 73 92 -1 9 55 90 96 -1 28 47 70 97 -1 50 69 71 92 -1 23 31 78 94 -1 -2
11 51 57 77 -1 -2
3 11 12 35 -1 3 18 50 88 -1 1 32 52 79 -1 -2
2 63 65 93 -1 -2
6 15 88 90 -1 31 36 45 88 -1 24 36 37 92 -1 12 27 59 73 -1 24 61 84 99 -1 7 17 70 72 -1 22 26 68 100 -1 2 37 68 79 -1 -2
71 76 88 96 -1 16 19 23 71 -1 4 20 80 83 -1 21 34 80 94 -1 -2
33 59 79 99 -1 24 32 39 41 -1 15 19 40 75 -1 3 77 92 94 -1 14 31 40 63 -1 7 18 87 96 -1 7 24 37 84 -1 24 38 60 71 -1 -2
41 50 85 89 -1 9 39 65 85 -1 28 29 47 67 -1 27 29 43 82 -1 11 81 85 99 -1 2 7 36 66 -1 41 49 63 83 -1 -2
10 49 62 88 -1 5 64 96 99 -1 37 42 61 73 -1 36 37 86 96 -1 12 62 71 96 -1 43 62 85 100 -1 12 58 67 72 -1 -2
15 54 70 96 -1 4 16 21 43 -1 4 25 42 68 -1 59 68 75 79 -1 18 39 54 61 -1 -2
38 40 60 74 -1 6 29 45 100 -1 4 11 34 93 -1 69 77 78 81 -1 13 33 47 98 -1 8 34 57 85 -1 1 11 41 59 -1 33 72 73 100 -1 -2
37 57 93 97 -1 43 76 84 92 -1 9 49 57 94 -1 -2
24 60 68 97 -1 2 23 55 79 -1 -2
2 38 67 93 -1 -2
13 17 30 73 -1 5 79 83 94 -1 -2
4 53 83 87 -1 15 24 69 88 -1 19 62 72 85 -1 -2
4 60 83 84 -1 46 51 76 83 -1 1 23 29 97 -1 11 34 43 44 -1 1 21 23 65 -1 43 66 70 91 -1 -2
11 77 92 94 -1 6 32 40 94 -1 36 57 65 77 -1 18 34 51 93 -1 -2
46 52 70 94 -1 10 76 78 85 -1 38 50 67 69 -1 11 72 86 87 -1 5 8 73 74 -1 -2
32 45 74 75 -1 22 48 59 90 -1 8 21 90 91 -1 24 42 75 82 -1 -2
19 26 28 82 -1 21 39 76 79 -1 -2
13 86 87 93 -1 -2
8 11 33 57 -1 22 50 64 83 -1 22 23 25 67 -1 30 32 35 36 -1 12 48 68 70 -1 5 23 26 44 -1 27 69 78 91 -1 -2
25 32 72 97 -1 1 37 77 88 -1 2 55 72 78 -1 4 32 74 83 -1 7 36 66 76 -1 11 49 60 86 -1 18 25 72 78 -1 18 38 41 92 -1 28 34 48 51 -1 26 78 96 97 -1 -2
42 44 72 96 -1 37 66 79 86 -1 29 42 43 97 -1 10 45 66 97 -1 7 32 50 85 -1 13 36 43 95 -1 24 38 52 58 -1 1 7 50 70 -1 4 15 24 26 -1 58 60 78 89 -1 -2
5 10 35 62 -1 -2
26 49 64 87 -1 18 66 70 100 -1 20 54 67 99 -1 19 21 29 92 -1 -2
47 48 67 86 -1 54 69 77 88 -1 25 32 79 94 -1 25 35 38 53 -1 10 32 42 65 -1 4 13 41 84 -1 21 27 34 48 -1 -2
5 25 72 80 -1 30 66 68 80 -1 12 18 51 98 -1 9 16 69 99 -1 38 81 84 89 -1 51 53 57 75 -1 -2
6 10 36 39 -1 2 46 71 92 -1 3 19 58 99 -1 18 50 66 91 -1 34 79 80 96 -1 9 30 64 93 -1 3 38 44 99 -1 9 12 58 91 -1 -2
22 26 87 91 -1 22 64 65 92 -1 77 79 86 97 -1 49 78 81 86 -1 3 51 88 99 -1 13 26 29 68 -1 21 63 72 99 -1 28 35 60 69 -1 14 19 24 48 -1 13 46 56 88 -1 -2
21 28 73 77 -1 2 33 67 79 -1 15 47 75 92 -1 10 50 59 92 -1 11 40 78 85 -1 2 62 66 83 -1 -2
4 29 37 53 -1 9 15 32 49 -1 30 51 72 94 -1 4 40 58 86 -1 43 66 70 89 -1 8 61 63 92 -1 2 5 20 94 -1 53 79 80 82 -1 -2
12 14 44 52 -1 -2
3 5 51 92 -1 15 28 79 84 -1 3 26 69 91 -1 -2
41 70 80 85 -1 13 16 55 64 -1 21 40 53 73 -1 22 53 86 94 -1 5 11 62 91 -1 77 87 88 89 -1 28 38 59 62 -1 46 65 76 90 -1 -2
9 40 41 45 -1 28 62 70 92 -1 17 54 77 78 -1 16 43 57 91 -1 -2
24 56 69 90 -1 13 23 71 88 -1 -2
18 38 72 96 -1 32 39 42 60 -1 -2
27 75 97 98 -1 14 22 53 89 -1 2 24 29 63 -1 12 34 49 75 -1 4 18 19 74 -1 -2
13 31 53 67 -1 7 11 15 44 -1 22 38 61 68 -1 11 17 21 66 -1 5 25 61 92 -1 43 71 82 88 -1 -2
5 20 30 63 -1 43 46 83 89 -1 28 55 91 97 -1 -2
33 49 66 73 -1 23 83 91 94 -1 35 45 57 75 -1 7 51 52 97 -1 14 24 38 93 -1 3 50 86 98 -1 16 24 47 85 -1 8 58 64 81 -1 -2
31 60 80 84 -1 1 25 29 99 -1 25 44 65 88 -1 2 23 59 76 -1 16 18 21 28 -1 21 38 58 71 -1 7 9 41 79 -1 -2
10 59 76 98 -1 22 34 36 90 -1 -2
8 21 30 99 -1 13 17 20 66 -1 1 9 65 95 -1 4 18 22 79 -1 52 57 93 95 -1 -2
4 38 47 100 -1 33 35 81 99 -1 6 12 25 37 -1 14 52 68 78 -1 6 38 60 84 -1 -2
45 46 68 71 -1 3 18 46 81 -1 37 77 94 96 -1 13 16 24 88 -1 -2
41 56 72 83 -1 23 53 59 72 -1 23 48 65 77 -1 3 10 17 79 -1 20 50 66 67 -1 44 59 74 75 -1 -2
19 30 62 95 -1 13 14 65 90 -1 8 72 84 94 -1 23 78 79 90 -1 12 13 68 74 -1 12 13 54 75 -1 5 9 32 78 -1 14 22 62 100 -1 15 62 85 94 -1 -2
37 76 80 97 -1 -2
11 13 22 82 -1 3 11 43 63 -1 4 9 23 25 -1 15 20 21 81 -1 7 22 77 84 -1 2 34 51 73 -1 -2
28 50 64 69 -1 6 11 26 66 -1 3 18 93 95 -1 27 49 75 84 -1 10 32 51 78 -1 39 59 63 80 -1 3 22 23 65 -1 53 78 83 96 -1 -2
18 33 48 74 -1 5 56 76 85 -1 18 29 37 43 -1 3 33 67 95 -1 2 55 85 89 -1 13 62 82 90 -1 38 45 49 70 -1 36 37 65 69 -1 41 76 78 88 -1 14 21 43 99 -1 -2
20 28 66 71 -1 27 28 83 91 -1 6 60 89 98 -1 -2
19 54 58 65 -1 13 44 73 87 -1 2 13 63 76 -1 1 15 43 50 -1 24 43 54 78 -1 -2
26 45 53 56 -1 5 40 51 57 -1 37 57 75 99 -1 65 68 89 99 -1 71 72 83 98 -1 40 53 65 71 -1 39 42 81 99 -1 30 37 41 96 -1 11 46 50 71 -1 10 16 19 22 -1 -2
8 14 37 45 -1 15 51 65 94 -1 31 46 79 98 -1 36 39 54 63 -1 -2
32 52 91 94 -1 12 60 86 97 -1 52 89 91 94 -1 -2
49 55 87 96 -1 21 46 54 68 -1 10 71 83 97 -1 16 74 85 86 -1 27 51 64 97 -1 2 37 50 82 -1 10 57 58 85 -1 7 51 57 99 -1 14 36 45 68 -1 -2
3 9 24 40 -1 47 60 61 68 -1 9 42 62 64 -1 53 76 80 90 -1 -2
6 28 58 71 -1 28 37 44 93 -1 2 20 60 92 -1 7 68 86 89 -1 1 61 71 99 -1 1 14 34 66 -1 24 45 47 82 -1 1 12 71 84 -1 7 14 65 78 -1 -2
29 40 46 92 -1 6 17 66 81 -1 33 44 52 91 -1 30 36 62 65 -1 12 27 42 62 -1 9 23 32 49 -1 -2
37 45 66 89 -1 48 60 81 87 -1 -2
29 57 74 76 -1 19 26 41 60 -1 26 48 50 74 -1 3 20 24 71 -1 29 34 40 57 -1 14 16 35 72 -1 28 51 83 97 -1 -2
10 18 36 46 -1 11 29 67 75 -1 18 50 81 95 -1 17 65 89 99 -1 -2
10 55 70 100 -1 8 39 81 93 -1 35 44 45 55 -1 -2
38 40 63 77 -1 21 44 54 57 -1 1 12 47 74 -1 19 48 54 71 -1 23 58 60 78 -1 47 55 94 99 -1 25 78 83 94 -1 4 31 91 93 -1 -2
10 65 72 97 -1 14 18 38 62 -1 51 61 74 100 -1 36 39 52 53 -1 17 27 32 74 -1 35 40 46 97 -1 36 56 71 93 -1 17 37 73 75 -1 13 53 59 70 -1 -2
39 58 71 93 -1 4 16 23 43 -1 -2
8 45 86 100 -1 13 25 59 96 -1 10 53 69 96 -1 45 69 75 87 -1 32 60 66 100 -1 10 23 53 66 -1 33 39 57 76 -1 -2
31 46 87 100 -1 52 75 78 79 -1 4 20 29 96 -1 -2
4 35 77 95 -1 42 61 76 88 -1 7 10 70 93 -1 -2
3 13 41 73 -1 36 37 40 83 -1 -2
20 31 45 60 -1 -2
5 48 53 89 -1 23 37 70 73 -1 12 30 31 80 -1 17 18 62 80 -1 8 11 23 95 -1 3 11 63 96 -1 5 13 62 92 -1 1 12 38 43 -1 4 27 72 87 -1 35 36 53 75 -1 -2
16 24 66 78 -1 -2
19 23 30 90 -1 32 45 48 50 -1 50 52 83 93 -1 -2
2 24 51 67 -1 -2
2 16 53 66 -1 24 48 49 75 -1 10 73 95 99 -1 -2
18 48 61 72 -1 37 46 67 98 -1 7 46 77 92 -1 16 40 47 51 -1 39 43 83 89 -1 -2
5 17 21 50 -1 1 29 68 79 -1 31 38 43 84 -1 31 60 62 74 -1 37 53 73 81 -1 26 76 79 91 -1 21 32 93 96 -1 28 72 73 83 -1 10 27 47 99 -1 25 27 30 51 -1 -2
40 56 63 73 -1 16 59 71 98 -1 49 68 72 92 -1 11 77 81 96 -1 13 17 30 76 -1 2 59 74 78 -1 -2
41 50 75 76 -1 37 70 76 93 -1 33 71 73 97 -1 -2
2 48 64 96 -1 21 46 69 90 -1 1 60 72 99 -1 10 41 77 99 -1 2 30 58 61 -1 20 56 58 89 -1 20 24 40 80 -1 -2
9 30 93 96 -1 9 21 78 79 -1 27 35 39 97 -1 16 51 73 96 -1 3 39 42 72 -1 -2
27 28 49 65 -1 33 35 56 90 -1 8 56 73 75 -1 27 49 53 80 -1 47 64 75 99 -1 9 38 49 85 -1 22 67 96 97 -1 5 9 32 59 -1 9 68 72 97 -1 -2
7 51 57 72 -1 15 61 90 93 -1 44 74 77 82 -1 15 44 80 82 -1 -2
41 60 91 100 -1 11 18 58 73 -1 14 37 52 90 -1 55 63 95 99 -1 52 82 86 100 -1 9 19 59 93 -1 8 42 78 88 -1 27 35 68 88 -1 6 21 89 91 -1 -2
4 20 34 80 -1 7 27 33 66 -1 9 22 70 82 -1 -2
9 13 24 61 -1 6 21 75 89 -1 8 39 65 89 -1 55 64 68 81 -1 21 26 35 94 -1 12 37 66 88 -1 -2
31 40 47 54 -1 42 49 70 79 -1 53 72 80 95 -1 10 21 68 79 -1 38 43 53 66 -1 25 27 50 89 -1 4 36 56 57 -1 37 53 60 80 -1 20 71 73 74 -1 -2
7 15 47 50 -1 11 14 33 75 -1 40 48 58 88 -1 2 44 95 100 -1 -2
7 9 19 57 -1 -2
15 25 38 60 -1 13 19 65 71 -1 4 29 47 52 -1 50 73 79 98 -1 4 20 53 91 -1 37 47 92 96 -1 18 40 48 58 -1 -2
49 76 77 98 -1 11 19 51 70 -1 17 32 38 41 -1 17 27 54 60 -1 3 34 62 100 -1 22 40 51 70 -1 12 25 29 54 -1 8 32 83 87 -1 8 51 53 66 -1 -2
2 24 36 100 -1 15 67 79 82 -1 25 86 99 100 -1 2 32 50 72 -1 2 61 91 100 -1 6 20 85 100 -1 24 46 76 100 -1 -2
35 82 91 96 -1 1 29 57 90 -1 35 68 70 87 -1 26 29 68 72 -1 9 47 51 76 -1 7 27 31 32 -1 36 65 78 83 -1 21 23 33 39 -1 1 18 20 40 -1 -2
3 16 19 93 -1 6 16 29 47 -1 -2
11 59 71 75 -1 24 37 91 95 -1 9 27 35 83 -1 12 36 40 44 -1 18 64 90 98 -1 19 62 92 94 -1 21 64 86 95 -1 41 59 65 79 -1 10 16 50 72 -1 -2
5 54 62 74 -1 22 39 70 75 -1 4 44 88 90 -1 42 54 59 74 -1 6 63 95 96 -1 40 48 65 81 -1 34 69 75 89 -1 9 11 46 93 -1 47 66 72 99 -1 -2
13 40 45 74 -1 45 58 61 66 -1 16 45 69 78 -1 1 68 70 71 -1 37 53 85 100 -1 29 41 70 84 -1 -2
13 16 26 55 -1 3 21 22 74 -1 31 35 65 92 -1 -2
39 42 97 99 -1 17 78 92 100 -1 18 24 31 53 -1 23 29 34 96 -1 10 15 41 90 -1 33 37 74 95 -1 76 79 81 90 -1 9 63 91 96 -1 3 4 23 37 -1 -2
54 62 67 94 -1 35 67 82 97 -1 24 37 59 66 -1 46 59 65 91 -1 45 46 72 96 -1 2 11 18 54 -1 21 22 28 65 -1 26 45 53 59 -1 11 13 31 90 -1 -2
38 43 59 95 -1 52 55 56 71 -1 1 13 77 83 -1 2 15 53 69 -1 28 53 78 99 -1 -2
26 66 74 100 -1 77 84 86 94 -1 8 35 54 73 -1 5 28 33 92 -1 60 81 91 98 -1 21 47 53 87 -1 27 44 60 63 -1 25 36 63 94 -1 18 24 32 37 -1 29 74 78 96 -1 -2
48 72 86 93 -1 18 50 82 90 -1 21 41 73 76 -1 38 39 45 80 -1 7 21 24 85 -1 4 13 37 94 -1 6 19 77 93 -1 26 42 71 82 -1 30 58 72 76 -1 -2
18 50 74 80 -1 4 37 70 80 -1 55 71 81 84 -1 5 30 76 96 -1 18 31 63 68 -1 -2
23 45 51 92 -1 -2
1 10 22 89 -1 1 25 76 79 -1 15 69 85 96 -1 23 46 68 96 -1 5 23 37 85 -1 -2
9 55 77 78 -1 4 39 77 87 -1 -2
4 89 92 95 -1 3 16 24 57 -1 9 12 15 67 -1 57 70 91 99 -1 10 25 77 98 -1 17 22 76 97 -1 15 46 52 66 -1 3 20 43 93 -1 30 53 61 66 -1 8 41 70 83 -1 -2
23 54 74 82 -1 48 49 56 67 -1 47 48 59 95 -1 17 60 85 98 -1 51 69 84 90 -1 29 34 38 55 -1 9 31 58 76 -1 2 42 79 92 -1 -2
11 72 78 89 -1 39 54 62 94 -1 -2
32 51 82 83 -1 -2
3 31 49 64 -1 22 43 54 78 -1 7 52 78 90 -1 36 45 66 89 -1 21 26 45 97 -1 11 15 16 81 -1 8 10 26 77 -1 12 13 30 44 -1 -2
23 37 42 96 -1 17 19 94 96 -1 20 48 55 73 -1 20 73 77 79 -1 3 56 80 97 -1 -2
25 28 92 98 -1 -2
12 23 32 93 -1 48 82 83 92 -1 38 61 85 94 -1 25 38 47 97 -1 49 58 79 80 -1 1 10 30 53 -1 20 28 37 97 -1 13 27 75 78 -1 -2
44 48 72 74 -1 29 48 62 63 -1 2 25 33 80 -1 16 61 65 82 -1 26 45 68 100 -1 8 18 43 85 -1 4 28 63 73 -1 37 39 47 96 -1 6 24 35 37 -1 -2
13 21 25 81 -1 12 45 50 65 -1 46 50 58 61 -1 -2
46 74 79 84 -1 -2
6 26 84 98 -1 4 49 68 100 -1 30 62 66 92 -1 55 60 74 90 -1 14 15 73 84 -1 -2
18 20 34 61 -1 11 32 51 71 -1 1 19 74 83 -1 20 72 88 95 -1 9 29 34 80 -1 36 50 81 98 -1 66 72 80 88 -1 31 35 86 96 -1 -2
19 22 68 71 -1 2 30 38 74 -1 -2
11 32 53 76 -1 34 53 78 96 -1 -2
38 40 53 72 -1 7 11 21 84 -1 27 31 45 61 -1 28 43 59 78 -1 72 88 95 100 -1 69 81 82 90 -1 -2
24 53 66 99 -1 11 35 75 87 -1 3 16 85 91 -1 19 57 66 72 -1 4 16 42 58 -1 46 63 66 89 -1 7 65 74 82 -1 23 26 46 81 -1 -2
24 47 62 70 -1 7 27 33 85 -1 21 48 50 68 -1 55 70 75 86 -1 9 11 28 45 -1 -2
3 22 41 79 -1 2 7 45 99 -1 13 18 51 53 -1 26 29 62 72 -1 44 81 94 99 -1 14 20 49 86 -1 -2
35 51 70 80 -1 41 59 82 91 -1 2 22 24 100 -1 12 47 48 60 -1 39 62 76 94 -1 -2
4 43 51 90 -1 -2
34 56 84 99 -1 10 78 87 93 -1 10 13 37 86 -1 38 39 66 79 -1 64 67 74 77 -1 -2
25 29 67 80 -1 -2
2 23 91 96 -1 6 68 74 92 -1 3 68 84 92 -1 48 60 83 100 -1 8 28 74 97 -1 11 24 77 97 -1 20 48 52 55 -1 4 58 62 70 -1 3 15 54 95 -1 -2
40 64 69 89 -1 8 9 13 65 -1 12 22 62 74 -1 2 18 41 71 -1 12 29 73 81 -1 2 17 44 60 -1 -2
36 82 97 98 -1 3 62 65 90 -1 -2
18 34 76 87 -1 29 93 96 99 -1 -2
10 44 57 83 -1 -2
24 25 47 81 -1 17 34 52 92 -1 13 24 45 80 -1 7 31 41 69 -1 2 3 15 54 -1 21 35 39 40 -1 -2
27 73 88 91 -1 -2
5 16 25 62 -1 16 36 37 77 -1 16 47 57 82 -1 30 61 67 70 -1 1 84 96 98 -1 -2
5 24 29 49 -1 14 19 23 57 -1 -2
8 48 88 98 -1 22 52 70 87 -1 14 35 51 100 -1 -2
15 62 85 97 -1 -2
3 8 9 23 -1 39 55 75 92 -1 1 72 87 99 -1 30 62 70 81 -1 -2
19 22 44 55 -1 12 17 31 73 -1 18 25 32 59 -1 38 53 76 86 -1 4 70 87 93 -1 -2
40 76 80 86 -1 7 18 29 95 -1 19 31 54 81 -1 1 64 75 79 -1 5 6 42 64 -1 36 45 68 95 -1 14 18 20 72 -1 -2
58 62 69 87 -1 -2
46 63 72 96 -1 9 14 50 60 -1 10 43 46 59 -1 -2
38 43 67 69 -1 46 52 80 94 -1 13 48 76 92 -1 26 63 75 100 -1 46 62 71 80 -1 4 20 38 97 -1 1 46 67 76 -1 4 16 19 48 -1 9 14 19 54 -1 10 79 85 98 -1 -2
29 40 51 82 -1 14 25 45 71 -1 13 15 37 97 -1 9 39 46 73 -1 11 14 46 67 -1 6 28 64 88 -1 -2
29 48 54 75 -1 -2
28 33 58 63 -1 -2
37 78 88 99 -1 -2
63 68 72 92 -1 27 49 53 56 -1 19 28 36 71 -1 23 65 73 75 -1 51 68 94 98 -1 2 31 64 83 -1 14 16 32 51 -1 43 60 70 97 -1 -2
31 39 81 88 -1 2 10 18 79 -1 12 31 34 96 -1 -2
11 46 63 86 -1 -2
18 23 27 79 -1 20 26 38 39 -1 -2
45 82 94 99 -1 23 34 56 79 -1 -2
7 19 23 74 -1 27 60 70 88 -1 16 43 89 93 -1 23 35 72 73 -1 5 39 82 95 -1 10 69 84 98 -1 18 29 45 73 -1 17 18 29 50 -1 9 17 42 47 -1 22 23 32 87 -1 -2
35 39 48 53 -1 -2
31 55 77 85 -1 22 29 44 65 -1 5 7 9 56 -1 -2
74 78 80 88 -1 28 30 36 55 -1 62 69 78 87 -1 24 30 77 84 -1 15 28 59 85 -1 27 39 43 75 -1 45 77 90 100 -1 36 73 79 81 -1 29 47 66 94 -1 6 23 42 50 -1 -2
25 32 52 93 -1 2 34 48 100 -1 21 27 72 98 -1 23 35 47 49 -1 24 59 63 98 -1 20 30 77 89 -1 19 23 28 97 -1 -2
13 53 58 99 -1 2 5 31 91 -1 13 17 45 55 -1 7 70 93 96 -1 1 5 34 73 -1 43 54 72 91 -1 -2
1 2 24 31 -1 4 46 58 79 -1 7 49 57 95 -1 33 72 73 74 -1 12 21 43 93 -1 22 42 64 67 -1 -2
26 73 92 95 -1 52 53 77 90 -1 2 3 68 80 -1 12 13 19 84 -1 30 63 88 98 -1 11 33 43 92 -1 16 43 67 70 -1 25 30 31 70 -1 5 10 21 22 -1 -2
2 33 66 74 -1 20 36 50 56 -1 23 65 66 89 -1 3 17 27 32 -1 29 39 53 63 -1 1 9 67 81 -1 25 36 77 99 -1 6 16 21 90 -1 28 31 47 87 -1 16 20 24 39 -1 -2
13 18 47 100 -1 21 27 78 91 -1 25 33 41 98 -1 2 43 76 81 -1 16 22 37 80 -1 33 48 77 90 -1 -2
31 63 86 100 -1 3 48 53 61 -1 14 29 57 58 -1 14 25 78 85 -1 -2
13 40 86 92 -1 2 12 58 69 -1 14 26 79 85 -1 2 27 28 78 -1 42 64 89 95 -1 10 31 36 79 -1 32 53 65 90 -1 -2
21 26 39 68 -1 16 23 63 87 -1 -2
5 11 14 96 -1 30 38 45 85 -1 -2
5 46 49 50 -1 -2
67 79 85 100 -1 16 48 59 75 -1 14 33 89 95 -1 11 15 74 86 -1 15 20 23 64 -1 18 40 51 92 -1 -2
8 45 55 97 -1 39 55 94 96 -1 20 30 43 59 -1 -2
29 33 48 84 -1 7 22 94 97 -1 35 43 73 79 -1 11 12 40 81 -1 42 48 59 72 -1 20 22 74 92 -1 32 56 80 85 -1 24 38 52 78 -1 -2
28 41 57 65 -1 42 65 67 70 -1 8 36 44 79 -1 45 67 76 95 -1 3 34 48 55 -1 12 19 53 95 -1 26 52 53 67 -1 37 64 76 93 -1 6 24 53 94 -1 -2
14 46 59 63 -1 6 50 79 97 -1 27 29 64 82 -1 14 18 43 85 -1 20 44 47 63 -1 3 23 85 96 -1 4 7 38 96 -1 15 23 61 66 -1 11 14 16 90 -1 3 10 66 86 -1 -2
8 9 12 17 -1 7 64 70 97 -1 42 56 81 95 -1 12 18 29 69 -1 12 29 48 70 -1 39 40 50 68 -1 10 45 58 66 -1 5 10 54 71 -1 -2
2 14 20 31 -1 6 16 38 75 -1 7 31 61 75 -1 39 45 53 63 -1 7 31 54 68 -1 28 36 84 100 -1 -2
3 49 56 63 -1 29 40 61 83 -1 3 34 70 80 -1 35 46 53 68 -1 1 24 41 55 -1 4 19 28 91 -1 27 28 30 71 -1 10 18 37 92 -1 34 41 54 63 -1 -2
26 57 60 100 -1 23 40 66 100 -1 36 57 60 81 -1 27 32 64 76 -1 60 67 68 84 -1 27 39 53 63 -1 22 23 35 91 -1 56 69 87 100 -1 16 33 54 75 -1 -2
27 70 73 97 -1 -2
26 50 60 71 -1 3 47 62 69 -1 5 74 85 93 -1 10 14 23 41 -1 3 56 64 95 -1 14 23 34 40 -1 33 35 70 71 -1 3 5 7 32 -1 -2
45 52 61 97 -1 1 22 29 59 -1 32 52 61 72 -1 22 28 39 81 -1 8 25 71 72 -1 10 19 24 71 -1 13 21 52 78 -1 20 50 70 99 -1 56 69 80 87 -1 -2
1 6 35 87 -1 59 68 75 77 -1 19 74 77 89 -1 -2
41 64 66 75 -1 20 41 45 69 -1 17 19 22 77 -1 12 32 41 80 -1 14 17 45 75 -1 17 46 64 82 -1 -2
15 53 73 94 -1 -2
9 40 91 92 -1 42 45 69 77 -1 5 41 66 70 -1 6 8 47 63 -1 2 5 66 70 -1 29 56 76 90 -1 34 49 51 68 -1 -2
36 38 46 94 -1 13 31 45 62 -1 17 34 48 65 -1 16 32 55 65 -1 -2
36 58 76 90 -1 26 52 70 79 -1 30 75 80 90 -1 -2
21 29 37 98 -1 2 44 49 83 -1 21 45 49 61 -1 18 22 30 84 -1 9 59 83 94 -1 4 19 22 32 -1 13 14 23 86 -1 27 33 70 99 -1 1 44 72 85 -1 8 22 79 95 -1 -2
30 48 57 63 -1 12 63 72 90 -1 63 69 80 98 -1 27 41 83 94 -1 2 8 48 63 -1 13 62 72 75 -1 11 18 20 37 -1 21 57 63 72 -1 48 67 82 89 -1 -2
38 53 79 87 -1 10 22 82 97 -1 -2
86 90 92 98 -1 9 51 62 64 -1 36 53 64 88 -1 31 69 80 88 -1 6 33 61 78 -1 7 14 24 67 -1 11 52 64 86 -1 12 39 69 92 -1 21 51 56 73 -1 3 62 81 94 -1 -2
39 63 64 90 -1 7 42 82 84 -1 11 33 67 70 -1 11 52 73 98 -1 12 17 25 56 -1 6 48 50 75 -1 9 51 67 84 -1 16 18 69 82 -1 -2
8 13 18 28 -1 57 64 70 77 -1 34 51 55 83 -1 6 21 86 97 -1 16 35 95 96 -1 31 46 57 65 -1 25 41 62 72 -1 8 37 53 98 -1 -2
42 62 63 96 -1 1 48 57 74 -1 31 60 72 89 -1 16 31 85 97 -1 5 45 62 68 -1 14 88 89 99 -1 18 22 58 62 -1 -2
11 21 63 89 -1 2 36 56 59 -1 -2
11 14 34 41 -1 32 62 85 93 -1 24 38 46 69 -1 -2
36 40 86 97 -1 42 60 68 94 -1 11 44 63 99 -1 4 12 31 43 -1 17 32 53 69 -1 11 27 33 50 -1 31 35 43 80 -1 39 60 62 65 -1 -2
29 72 84 87 -1 32 35 49 57 -1 6 20 48 93 -1 8 22 26 81 -1 23 39 50 95 -1 20 31 61 93 -1 -2
36 37 46 67 -1 13 17 39 50 -1 -2
15 26 56 74 -1 8 35 61 67 -1 5 24 75 80 -1 34 48 72 94 -1 20 44 61 87 -1 9 57 66 71 -1 1 33 87 90 -1 10 76 84 86 -1 31 54 71 80 -1 33 45 74 83 -1 -2
12 81 83 89 -1 59 67 90 93 -1 9 18 26 100 -1 -2
16 32 46 58 -1 36 54 73 93 -1 -2
17 41 50 55 -1 -2
51 80 85 90 -1 4 52 62 66 -1 11 16 84 97 -1 58 59 75 86 -1 60 65 80 90 -1 5 19 37 92 -1 26 74 82 98 -1 5 31 62 83 -1 40 76 85 89 -1 -2
15 19 64 80 -1 1 4 34 82 -1 4 15 16 25 -1 -2
25 63 66 94 -1 -2
6 27 47 72 -1 1 58 59 70 -1 42 67 68 78 -1 -2
12 58 59 93 -1 3 19 43 74 -1 1 2 29 62 -1 22 28 51 92 -1 34 36 55 75 -1 13 64 77 86 -1 13 25 63 88 -1 21 26 47 70 -1 -2
34 75 84 100 -1 6 12 20 83 -1 26 44 94 96 -1 11 26 46 59 -1 20 32 46 85 -1 14 36 83 84 -1 23 29 57 72 -1 22 49 66 98 -1 8 20 66 80 -1 -2
16 29 51 88 -1 28 49 58 64 -1 27 61 95 98 -1 24 25 46 100 -1 16 36 57 70 -1 1 14 20 98 -1 27 28 33 79 -1 26 28 63 89 -1 8 38 80 84 -1 -2
48 52 84 93 -1 34 47 88 100 -1 -2
18 32 52 60 -1 1 8 64 93 -1 23 48 56 78 -1 33 62 71 78 -1 27 40 52 54 -1 57 70 78 92 -1 -2
4 56 98 99 -1 59 69 70 74 -1 5 6 95 100 -1 -2
9 84 92 97 -1 39 56 95 100 -1 4 18 31 87 -1 36 42 53 56 -1 11 36 93 97 -1 3 36 48 53 -1 39 56 75 93 -1 6 17 41 60 -1 30 80 85 97 -1 7 21 36 89 -1 -2
6 40 55 72 -1 53 72 86 89 -1 10 35 64 65 -1 21 65 70 87 -1 24 49 83 84 -1 -2
2 46 67 78 -1 47 67 72 76 -1 -2
4 33 42 63 -1 -2
27 37 59 69 -1 51 54 96 99 -1 5 8 76 97 -1 -2
8 58 70 75 -1 6 13 91 98 -1 33 50 53 68 -1 7 29 53 98 -1 20 21 35 86 -1 6 55 64 65 -1 40 43 59 94 -1 -2
14 17 26 93 -1 4 20 31 37 -1 11 40 41 48 -1 6 43 66 92 -1 5 48 74 86 -1 9 54 95 99 -1 -2
5 19 32 40 -1 24 35 59 60 -1 1 68 84 87 -1 13 41 79 100 -1 12 52 57 76 -1 -2
5 33 34 57 -1 30 72 85 100 -1 12 50 62 79 -1 -2
29 43 65 78 -1 15 21 30 71 -1 -2
41 60 80 90 -1 10 43 62 80 -1 27 53 61 80 -1 10 56 70 100 -1 11 31 86 99 -1 42 66 72 87 -1 1 14 28 31 -1 14 54 81 98 -1 -2
14 21 37 75 -1 31 32 79 92 -1 36 45 86 98 -1 9 32 82 93 -1 11 70 84 94 -1 1 4 5 14 -1 15 34 38 48 -1 21 47 83 98 -1 -2
18 19 42 90 -1 1 7 49 89 -1 34 54 63 95 -1 26 31 47 62 -1 32 54 64 78 -1 14 40 73 79 -1 9 31 35 78 -1 35 45 60 61 -1 -2
1 36 50 86 -1 35 48 67 71 -1 -2
4 38 40 100 -1 -2
28 59 73 90 -1 8 17 59 98 -1 6 9 28 54 -1 61 64 65 72 -1 40 54 70 72 -1 4 49 53 95 -1 25 29 54 98 -1 2 56 60 64 -1 -2
30 48 54 94 -1 6 31 41 83 -1 44 82 89 90 -1 17 70 80 92 -1 -2
1 24 51 64 -1 35 76 84 96 -1 28 46 94 97 -1 7 48 64 97 -1 12 32 73 100 -1 8 45 48 90 -1 45 71 96 100 -1 9 13 55 56 -1 22 35 62 68 -1 -2
64 74 78 79 -1 22 52 96 99 -1 -2
7 39 48 87 -1 36 53 82 91 -1 4 36 59 86 -1 25 46 75 93 -1 34 42 79 98 -1 31 61 71 72 -1 -2
3 15 56 74 -1 17 36 45 56 -1 -2
53 54 89 92 -1 -2
23 31 35 91 -1 41 55 78 88 -1 -2
5 11 89 92 -1 -2
13 21 38 67 -1 16 24 50 68 -1 27 28 37 69 -1 24 34 45 83 -1 22 27 43 73 -1 39 63 74 88 -1 -2
3 26 29 39 -1 39 49 81 82 -1 13 18 20 56 -1 51 75 90 92 -1 45 46 48 50 -1 79 84 96 98 -1 10 20 49 84 -1 -2
57 81 87 93 -1 26 27 66 100 -1 11 23 57 87 -1 9 20 47 79 -1 2 14 64 89 -1 59 69 89 92 -1 14 37 42 77 -1 4 16 45 53 -1 21 22 61 65 -1 11 26 39 88 -1 -2
1 26 78 93 -1 27 31 38 76 -1 14 32 76 86 -1 8 58 69 88 -1 14 31 85 99 -1 -2
50 65 69 94 -1 3 23 73 85 -1 36 44 82 94 -1 25 45 48 96 -1 61 76 84 98 -1 10 37 58 77 -1 20 54 83 85 -1 13 25 38 92 -1 8 13 73 79 -1 20 31 85 93 -1 -2
12 47 59 79 -1 39 65 80 86 -1 39 51 79 80 -1 5 41 59 94 -1 15 40 79 84 -1 48 74 75 83 -1 5 36 57 58 -1 33 36 73 92 -1 23 49 59 93 -1 -2
11 16 28 84 -1 12 34 35 48 -1 2 43 84 97 -1 9 28 36 53 -1 6 24 39 41 -1 21 62 67 93 -1 13 37 52 88 -1 1 21 26 70 -1 5 19 20 49 -1 11 12 14 85 -1 -2
6 23 65 97 -1 18 44 62 82 -1 11 12 70 74 -1 30 44 57 71 -1 23 55 58 100 -1 15 43 45 49 -1 1 12 43 44 -1 -2
43 51 52 98 -1 28 40 63 99 -1 16 37 68 86 -1 13 17 19 56 -1 13 29 55 62 -1 33 36 40 77 -1 2 15 67 89 -1 -2
49 76 82 92 -1 12 24 37 57 -1 24 35 42 46 -1 7 39 45 54 -1 -2
9 12 62 66 -1 17 26 39 99 -1 9 44 90 99 -1 9 52 76 81 -1 2 17 34 70 -1 20 55 61 88 -1 -2
39 50 59 79 -1 14 18 23 79 -1 2 5 12 19 -1 10 22 44 96 -1 20 36 47 75 -1 -2
12 34 45 97 -1 12 27 43 72 -1 22 24 39 91 -1 23 27 83 84 -1 70 75 81 84 -1 11 36 80 97 -1 41 59 78 83 -1 39 58 82 99 -1 58 61 65 97 -1 -2
24 66 79 80 -1 19 74 86 95 -1 23 30 53 55 -1 1 80 90 98 -1 64 67 75 87 -1 -2
21 41 51 68 -1 24 30 73 92 -1 27 43 88 97 -1 -2
38 41 80 92 -1 9 23 53 70 -1 3 5 32 59 -1 12 14 16 85 -1 63 68 69 94 -1 3 7 50 95 -1 -2
14 42 85 97 -1 32 38 51 60 -1 18 55 67 93 -1 55 63 71 75 -1 8 34 63 89 -1 20 22 24 54 -1 -2
13 69 87 90 -1 50 58 67 99 -1 59 62 83 100 -1 29 43 92 100 -1 4 24 27 89 -1 4 50 60 81 -1 6 15 41 59 -1 24 26 29 57 -1 23 25 50 68 -1 3 38 45 59 -1 -2
43 87 88 90 -1 18 41 51 78 -1 15 60 75 95 -1 6 14 79 93 -1 10 17 46 88 -1 37 42 49 76 -1 40 41 59 81 -1 -2
36 51 60 73 -1 21 39 60 83 -1 38 53 79 83 -1 48 58 70 97 -1 21 23 45 88 -1 7 53 65 98 -1 21 37 38 75 -1 39 42 59 85 -1 8 51 56 59 -1 -2
6 39 53 98 -1 83 87 89 98 -1 51 58 83 91 -1 4 7 51 65 -1 23 41 57 80 -1 18 40 73 93 -1 -2
30 61 69 79 -1 4 7 20 91 -1 19 60 65 85 -1 30 39 99 100 -1 13 29 55 96 -1 -2
15 16 39 48 -1 -2
26 42 51 56 -1 31 34 65 90 -1 5 21 27 91 -1 38 50 52 98 -1 24 38 62 81 -1 53 56 59 100 -1 21 30 57 97 -1 21 53 60 72 -1 3 4 48 84 -1 -2
17 30 35 76 -1 39 86 92 95 -1 2 6 46 90 -1 17 29 41 71 -1 8 34 86 93 -1 64 68 91 100 -1 28 43 76 90 -1 -2
48 49 63 95 -1 3 7 38 43 -1 9 41 71 91 -1 39 50 60 94 -1 10 57 77 81 -1 18 42 45 84 -1 51 64 65 99 -1 19 21 53 55 -1 23 63 83 91 -1 36 44 90 93 -1 -2
16 26 43 77 -1 27 67 80 96 -1 10 30 82 93 -1 72 82 91 98 -1 25 40 66 88 -1 20 37 83 87 -1 3 38 55 95 -1 18 26 45 94 -1 -2
35 50 91 95 -1 2 3 15 26 -1 8 15 19 47 -1 8 56 74 76 -1 14 17 48 93 -1 22 25 38 83 -1 7 52 90 93 -1 33 40 75 78 -1 22 36 67 69 -1 1 28 47 59 -1 -2
6 17 35 91 -1 61 67 72 98 -1 9 39 62 100 -1 31 75 76 86 -1 1 45 50 74 -1 55 56 62 90 -1 36 82 88 99 -1 20 51 73 97 -1 -2
50 56 87 99 -1 5 49 94 96 -1 45 49 79 98 -1 24 65 66 95 -1 18 47 53 75 -1 5 21 38 100 -1 64 78 82 91 -1 15 76 86 98 -1 -2
12 16 17 72 -1 10 46 70 100 -1 -2
5 66 84 87 -1 -2
36 66 80 98 -1 8 10 65 77 -1 3 32 38 51 -1 5 54 88 95 -1 26 45 56 69 -1 32 67 77 82 -1 32 72 90 98 -1 13 25 78 85 -1 8 15 24 58 -1 -2
29 39 64 82 -1 3 30 38 73 -1 50 58 66 75 -1 20 22 52 74 -1 32 38 40 84 -1 8 51 74 88 -1 4 5 13 76 -1 14 51 63 91 -1 8 20 22 77 -1 -2
33 45 50 67 -1 28 41 52 91 -1 -2
48 69 71 79 -1 12 87 92 98 -1 7 30 41 87 -1 17 24 28 99 -1 44 53 54 99 -1 31 36 79 96 -1 9 20 81 88 -1 11 41 52 77 -1 21 39 45 72 -1 -2
3 25 69 80 -1 32 34 60 88 -1 8 36 48 89 -1 15 33 40 48 -1 4 22 41 84 -1 3 13 22 41 -1 15 51 76 93 -1 24 77 80 85 -1 6 16 48 51 -1 -2
8 19 56 94 -1 40 43 50 69 -1 8 43 44 53 -1 4 37 48 78 -1 23 32 35 73 -1 9 66 74 82 -1 -2
6 44 66 74 -1 -2
22 48 54 90 -1 16 26 32 52 -1 -2
11 16 30 93 -1 24 25 60 85 -1 18 47 50 61 -1 75 85 91 100 -1 -2
21 54 94 98 -1 54 65 79 92 -1 36 42 91 94 -1 14 44 72 93 -1 1 63 75 76 -1 65 66 88 98 -1 17 23 76 79 -1 37 65 80 98 -1 -2
15 55 59 99 -1 -2
3 6 59 97 -1 39 57 80 88 -1 11 25 64 75 -1 50 83 90 100 -1 13 67 77 91 -1 29 52 56 94 -1 15 26 60 81 -1 18 27 65 79 -1 30 52 62 88 -1 -2
41 45 72 77 -1 27 54 73 76 -1 3 37 69 85 -1 14 26 98 100 -1 -2
3 70 82 97 -1 14 21 33 63 -1 5 14 71 82 -1 6 13 29 69 -1 1 32 85 95 -1 29 41 88 97 -1 12 19 69 80 -1 36 51 53 54 -1 15 36 39 81 -1 46 50 60 87 -1 -2
31 47 65 71 -1 15 18 51 70 -1 18 25 53 79 -1 30 31 32 56 -1 65 73 81 87 -1 2 4 67 90 -1 11 53 67 69 -1 57 64 77 92 -1 8 23 39 81 -1 5 10 71 100 -1 -2
28 40 78 84 -1 31 38 45 70 -1 17 52 86 90 -1 -2
26 29 33 65 -1 1 35 42 53 -1 21 26 29 53 -1 25 38 63 100 -1 42 56 80 86 -1 15 39 59 77 -1 21 40 61 89 -1 18 64 75 91 -1 49 54 55 84 -1 16 74 76 99 -1 -2
2 44 70 83 -1 1 24 26 29 -1 1 9 18 36 -1 9 11 94 96 -1 39 79 90 92 -1 48 54 80 98 -1 -2
2 7 13 42 -1 -2
34 47 72 99 -1 21 47 83 100 -1 45 46 94 97 -1 37 62 69 76 -1 26 27 65 84 -1 5 21 59 79 -1 5 19 59 70 -1 41 59 67 68 -1 19 44 76 80 -1 -2
1 21 77 100 -1 11 28 45 100 -1 -2
54 70 84 95 -1 15 52 54 86 -1 32 36 80 96 -1 25 29 33 55 -1 7 16 65 100 -1 30 70 74 95 -1 7 16 21 90 -1 8 22 29 54 -1 -2
9 62 63 68 -1 11 33 43 58 -1 1 5 16 65 -1 56 68 73 77 -1 19 20 31 37 -1 1 10 76 86 -1 39 47 77 97 -1 2 3 57 75 -1 -2
31 41 45 68 -1 26 42 52 81 -1 2 57 72 95 -1 -2
23 31 55 65 -1 7 50 51 72 -1 14 44 57 76 -1 14 30 38 89 -1 16 19 54 96 -1 9 26 82 92 -1 10 32 53 84 -1 41 53 76 77 -1 30 50 63 98 -1 -2
19 59 64 79 -1 12 34 65 99 -1 23 74 92 93 -1 27 30 43 70 -1 5 17 51 56 -1 19 46 50 91 -1 2 26 49 56 -1 -2
8 12 37 89 -1 76 80 91 92 -1 14 35 54 79 -1 -2
20 31 69 100 -1 58 59 83 89 -1 51 61 69 78 -1 49 58 66 77 -1 14 17 34 67 -1 23 56 64 75 -1 -2
58 76 82 94 -1 15 64 82 93 -1 25 42 51 64 -1 -2
35 55 86 100 -1 4 18 27 32 -1 -2
51 57 70 98 -1 22 33 67 92 -1 5 37 74 89 -1 11 26 35 99 -1 14 69 95 98 -1 4 9 39 51 -1 30 36 89 92 -1 12 41 49 96 -1 28 69 86 88 -1 18 27 83 84 -1 -2
16 54 66 94 -1 34 55 79 99 -1 -2
37 57 91 96 -1 30 58 72 79 -1 11 23 38 44 -1 10 11 15 49 -1 51 63 73 100 -1 19 39 77 91 -1 -2
23 37 49 95 -1 38 85 86 90 -1 2 9 98 100 -1 16 48 73 92 -1 24 63 73 76 -1 -2
13 40 66 86 -1 2 16 17 56 -1 2 19 34 74 -1 33 78 88 97 -1 -2
7 20 46 62 -1 7 28 34 64 -1 12 47 50 88 -1 43 64 67 71 -1 1 6 26 91 -1 -2
42 50 79 89 -1 10 12 27 42 -1 46 67 77 81 -1 13 18 32 97 -1 18 20 48 76 -1 51 57 59 68 -1 -2
2 47 89 98 -1 14 19 61 66 -1 3 52 53 72 -1 12 77 79 87 -1 -2
25 35 60 78 -1 37 49 68 83 -1 23 26 56 85 -1 19 73 84 89 -1 40 62 81 87 -1 24 30 55 60 -1 41 47 67 78 -1 5 20 24 49 -1 32 52 66 80 -1 -2
16 31 36 60 -1 15 47 50 95 -1 8 62 71 75 -1 59 65 83 93 -1 74 77 85 97 -1 54 72 86 91 -1 2 55 73 77 -1 36 47 51 61 -1 -2
2 31 37 49 -1 35 41 61 75 -1 8 36 86 93 -1 18 31 40 99 -1 11 19 37 89 -1 4 9 28 54 -1 10 15 74 81 -1 6 38 82 83 -1 -2
10 20 24 80 -1 1 8 30 96 -1 11 15 32 80 -1 -2
34 59 82 95 -1 49 58 67 68 -1 23 44 62 63 -1 5 60 94 98 -1 7 36 61 73 -1 -2
7 30 45 71 -1 8 19 44 56 -1 3 56 73 86 -1 39 42 71 84 -1 4 30 61 62 -1 6 8 62 88 -1 -2
5 11 18 21 -1 44 50 55 61 -1 16 35 90 91 -1 33 52 61 89 -1 31 62 68 70 -1 -2
10 11 58 61 -1 20 25 59 87 -1 22 42 88 98 -1 71 81 94 100 -1 21 37 60 84 -1 21 36 40 89 -1 5 47 69 97 -1 6 60 68 80 -1 -2
19 21 34 91 -1 14 21 25 34 -1 7 14 30 77 -1 28 49 56 81 -1 32 49 56 62 -1 37 55 60 88 -1 8 35 58 92 -1 -2
21 45 75 76 -1 11 46 55 75 -1 38 49 62 88 -1 13 27 59 65 -1 6 8 61 90 -1 32 60 65 97 -1 8 60 64 89 -1 2 39 59 75 -1 23 34 41 51 -1 60 61 63 90 -1 -2
8 45 59 100 -1 22 33 52 76 -1 3 35 90 96 -1 14 57 73 86 -1 10 22 26 71 -1 44 56 71 79 -1 6 38 59 73 -1 7 16 31 96 -1 -2
46 59 63 99 -1 20 69 86 97 -1 4 72 83 89 -1 23 53 69 96 -1 7 28 33 52 -1 44 49 67 98 -1 -2
6 17 45 60 -1 -2
10 45 60 70 -1 16 19 25 29 -1 6 7 74 93 -1 7 21 62 69 -1 13 33 66 80 -1 17 51 64 80 -1 2 23 28 73 -1 39 55 78 86 -1 1 19 22 27 -1 -2
38 42 84 96 -1 12 64 95 100 -1 11 33 37 79 -1 48 51 55 79 -1 3 14 15 65 -1 33 44 53 74 -1 35 53 59 63 -1 -2
11 62 83 99 -1 18 63 70 84 -1 2 53 82 95 -1 65 83 94 98 -1 5 30 51 73 -1 3 8 10 27 -1 1 14 27 74 -1 -2
11 17 19 50 -1 12 34 56 99 -1 7 76 87 96 -1 -2
7 21 43 45 -1 24 42 83 84 -1 47 51 76 84 -1 -2
2 56 58 82 -1 -2
2 59 76 95 -1 14 27 45 78 -1 21 37 84 95 -1 29 37 96 100 -1 2 9 12 95 -1 16 31 69 76 -1 30 33 37 73 -1 37 71 95 99 -1 -2
26 37 61 97 -1 3 36 61 79 -1 25 48 71 94 -1 3 5 70 83 -1 8 19 53 88 -1 -2
11 13 57 60 -1 21 61 91 99 -1 28 60 86 91 -1 5 6 18 81 -1 17 26 45 77 -1 33 42 57 81 -1 11 48 49 90 -1 10 39 95 99 -1 23 62 75 81 -1 5 47 71 93 -1 -2
25 59 73 81 -1 20 30 53 100 -1 1 13 48 90 -1 58 68 86 97 -1 -2
3 18 32 97 -1 14 62 66 93 -1 44 52 59 84 -1 13 39 67 69 -1 13 19 49 79 -1 64 80 86 93 -1 8 63 96 97 -1 -2
22 23 46 66 -1 15 23 50 78 -1 61 62 78 82 -1 1 29 79 80 -1 9 27 35 89 -1 -2
11 15 20 78 -1 12 41 44 54 -1 33 50 56 100 -1 16 27 39 79 -1 -2
6 17 45 52 -1 29 67 76 92 -1 35 61 92 97 -1 4 26 78 99 -1 30 46 47 90 -1 9 12 50 82 -1 21 27 28 68 -1 14 31 92 98 -1 31 33 50 86 -1 -2
63 70 76 80 -1 12 21 58 66 -1 21 54 84 91 -1 26 29 35 94 -1 3 64 79 99 -1 19 47 67 74 -1 40 43 63 69 -1 24 57 80 83 -1 12 18 52 57 -1 -2
16 42 44 57 -1 -2
13 23 46 86 -1 44 52 64 98 -1 47 49 71 98 -1 -2
8 24 83 91 -1 11 55 74 87 -1 47 59 67 74 -1 2 14 47 98 -1 1 37 80 87 -1 16 37 52 81 -1 16 53 73 96 -1 -2
1 10 34 75 -1 19 29 60 64 -1 11 13 57 72 -1 52 60 73 100 -1 -2
60 64 70 80 -1 7 25 33 48 -1 -2
1 26 44 52 -1 57 60 67 77 -1 5 6 83 85 -1 50 52 71 99 -1 17 27 72 98 -1 -2
14 29 38 63 -1 30 40 44 47 -1 6 30 81 92 -1 1 32 40 92 -1 -2
3 4 7 25 -1 36 39 70 75 -1 8 39 41 73 -1 15 21 86 92 -1 7 47 76 89 -1 -2
20 73 84 86 -1 22 47 75 78 -1 3 32 42 71 -1 -2
12 67 84 93 -1 33 41 91 95 -1 52 62 66 86 -1 10 44 49 91 -1 9 42 55 77 -1 -2
14 40 53 70 -1 29 64 88 95 -1 1 20 56 74 -1 7 63 77 92 -1 22 26 63 95 -1 26 43 56 79 -1 8 26 37 44 -1 -2
48 59 67 75 -1 59 61 70 91 -1 44 47 57 62 -1 26 38 59 89 -1 14 31 46 53 -1 23 43 67 68 -1 4 51 64 92 -1 13 27 40 49 -1 -2
15 19 90 99 -1 2 33 67 75 -1 3 13 28 98 -1 6 32 62 64 -1 86 87 99 100 -1 30 31 85 99 -1 -2
4 12 19 21 -1 9 12 53 77 -1 28 52 80 89 -1 44 51 66 73 -1 1 16 36 90 -1 24 31 36 45 -1 32 67 81 97 -1 20 35 86 95 -1 -2
8 17 28 56 -1 20 23 43 67 -1 2 17 47 95 -1 38 44 82 88 -1 6 31 92 99 -1 -2
33 58 96 100 -1 5 10 54 74 -1 47 59 64 77 -1 11 19 55 95 -1 22 24 41 61 -1 7 28 44 57 -1 1 29 57 95 -1 30 41 49 74 -1 24 61 62 91 -1 -2
3 13 39 71 -1 -2
7 29 60 87 -1 13 25 35 41 -1 -2
22 90 98 99 -1 -2
22 41 74 78 -1 39 50 84 92 -1 65 72 77 88 -1 17 30 63 84 -1 15 66 90 99 -1 -2
2 24 86 95 -1 37 51 67 78 -1 22 78 86 97 -1 34 63 77 80 -1 8 25 31 63 -1 34 37 60 79 -1 17 25 54 89 -1 35 39 68 85 -1 -2
27 55 64 100 -1 37 75 76 99 -1 22 32 83 100 -1 2 30 46 75 -1 32 59 64 75 -1 -2
58 81 85 92 -1 8 29 78 100 -1 14 27 62 97 -1 33 51 75 92 -1 30 79 82 84 -1 13 55 71 91 -1 -2
32 35 48 99 -1 13 89 96 100 -1 -2
3 27 76 91 -1 8 60 72 90 -1 61 68 86 89 -1 50 65 76 93 -1 15 38 49 72 -1 41 50 76 79 -1 -2
39 43 44 48 -1 22 41 49 76 -1 10 20 82 96 -1 27 28 33 46 -1 45 63 79 87 -1 -2
24 41 52 59 -1 1 46 87 95 -1 1 9 60 63 -1 32 42 92 99 -1 10 30 48 69 -1 45 71 94 99 -1 16 23 47 97 -1 -2
9 25 44 55 -1 2 60 76 79 -1 50 64 65 67 -1 48 49 70 97 -1 1 60 69 77 -1 23 50 79 95 -1 54 62 72 86 -1 1 19 81 93 -1 66 75 96 97 -1 8 10 46 88 -1 -2
10 27 36 48 -1 22 73 89 91 -1 28 38 43 92 -1 8 12 31 36 -1 8 46 88 94 -1 20 24 42 92 -1 -2
7 31 32 56 -1 2 41 48 55 -1 21 38 39 42 -1 17 61 82 97 -1 5 27 36 87 -1 -2
7 41 43 100 -1 6 8 54 76 -1 2 26 45 92 -1 76 78 79 84 -1 -2
30 59 88 89 -1 48 57 58 70 -1 26 48 51 71 -1 3 18 27 72 -1 18 50 61 83 -1 13 18 37 77 -1 21 24 31 77 -1 46 54 71 76 -1 63 94 95 99 -1 38 57 68 77 -1 -2
3 41 53 61 -1 27 43 54 84 -1 40 61 74 99 -1 15 39 47 77 -1 18 73 91 92 -1 25 33 34 58 -1 27 37 40 63 -1 -2
20 31 45 91 -1 17 55 59 94 -1 58 59 67 92 -1 21 33 43 63 -1 28 48 71 91 -1 23 25 58 86 -1 22 44 62 70 -1 -2
27 56 70 91 -1 36 60 64 95 -1 1 7 24 54 -1 2 30 59 62 -1 -2
25 30 38 42 -1 10 17 66 73 -1 15 43 54 96 -1 22 49 83 90 -1 -2
28 36 82 85 -1 21 28 69 95 -1 29 32 85 98 -1 18 24 43 86 -1 15 24 64 87 -1 -2
43 63 69 93 -1 7 18 54 67 -1 20 51 79 93 -1 -2
13 20 55 58 -1 47 57 69 83 -1 52 69 78 87 -1 12 48 56 74 -1 26 60 68 79 -1 20 30 70 76 -1 5 23 75 79 -1 -2
5 22 31 52 -1 -2
8 77 89 90 -1 -2
13 51 66 79 -1 24 52 59 69 -1 22 50 91 97 -1 5 37 57 79 -1 24 41 60 82 -1 11 12 89 94 -1 6 58 86 94 -1 5 46 57 100 -1 53 75 84 91 -1 17 23 48 82 -1 -2
26 33 70 92 -1 6 22 51 54 -1 36 86 93 97 -1 6 47 65 90 -1 32 33 67 94 -1 22 25 41 92 -1 37 41 70 81 -1 5 39 83 88 -1 4 33 85 95 -1 -2
60 62 80 94 -1 4 18 54 84 -1 54 73 78 96 -1 1 22 39 97 -1 1 24 90 96 -1 33 51 72 95 -1 18 20 30 84 -1 28 66 69 95 -1 -2
30 58 59 71 -1 43 61 86 99 -1 52 66 68 100 -1 9 40 55 96 -1 -2
8 11 23 54 -1 40 58 93 99 -1 8 29 51 61 -1 20 53 70 81 -1 13 21 35 82 -1 8 11 66 89 -1 32 39 49 60 -1 -2
6 9 40 76 -1 5 33 35 62 -1 -2
6 30 38 69 -1 -2
20 38 47 90 -1 21 53 75 89 -1 68 71 75 76 -1 -2
43 67 92 97 -1 -2
38 40 46 96 -1 11 62 79 86 -1 43 68 73 98 -1 21 52 62 78 -1 23 38 54 66 -1 2 16 92 98 -1 -2
33 57 64 80 -1 24 26 38 42 -1 32 70 71 89 -1 -2
10 16 23 42 -1 5 45 57 76 -1 -2
11 16 75 92 -1 3 10 22 81 -1 13 16 44 79 -1 17 38 84 97 -1 -2
41 47 80 88 -1 8 13 36 48 -1 -2
18 30 47 72 -1 -2
4 25 56 61 -1 2 3 62 95 -1 52 67 82 93 -1 9 37 49 59 -1 8 11 21 90 -1 20 48 68 79 -1 25 29 33 100 -1 10 25 64 92 -1 19 37 49 67 -1 6 10 24 97 -1 -2
44 47 91 100 -1 3 11 47 94 -1 -2
12 19 63 64 -1 25 27 58 70 -1 22 26 62 66 -1 4 15 18 97 -1 8 88 91 99 -1 11 12 30 54 -1 2 11 62 98 -1 -2
11 55 73 81 -1 43 76 77 88 -1 -2
5 9 30 67 -1 3 37 53 78 -1 19 38 44 92 -1 2 20 25 26 -1 36 64 75 78 -1 -2
6 10 39 58 -1 1 15 33 46 -1 18 69 70 95 -1 -2
41 67 76 99 -1 -2
8 11 17 52 -1 14 31 71 85 -1 35 58 83 90 -1 -2
16 22 32 76 -1 22 50 77 94 -1 -2
10 18 27 58 -1 2 36 61 91 -1 33 40 69 93 -1 5 72 80 84 -1 -2
4 31 61 91 -1 22 44 47 100 -1 29 31 45 81 -1 -2
21 37 67 86 -1 21 23 24 59 -1 6 24 50 77 -1 -2
22 32 51 81 -1 44 56 86 100 -1 26 58 74 77 -1 16 37 44 64 -1 4 22 38 100 -1 8 9 15 31 -1 14 52 60 92 -1 4 11 86 99 -1 -2
21 43 71 94 -1 6 23 48 58 -1 25 42 58 92 -1 5 15 95 97 -1 8 43 61 92 -1 4 9 18 46 -1 35 45 56 69 -1 10 52 63 71 -1 -2
9 28 90 93 -1 8 34 52 96 -1 -2
5 13 34 43 -1 -2
9 51 54 82 -1 45 76 83 99 -1 24 80 84 99 -1 30 52 66 80 -1 25 48 50 71 -1 5 20 62 65 -1 57 60 61 74 -1 32 58 68 99 -1 11 56 60 91 -1 16 39 73 89 -1 -2
1 13 54 91 -1 42 64 66 79 -1 67 72 88 97 -1 19 24 84 99 -1 1 62 81 99 -1 11 48 62 68 -1 42 44 46 88 -1 61 69 75 93 -1 29 48 55 91 -1 45 52 53 73 -1 -2
5 14 36 87 -1 58 62 78 83 -1 6 43 61 98 -1 41 71 95 99 -1 19 61 73 92 -1 4 9 69 82 -1 33 44 58 80 -1 46 47 74 94 -1 2 36 46 58 -1 -2
20 32 64 98 -1 13 53 88 97 -1 3 32 55 76 -1 9 33 45 62 -1 4 11 30 47 -1 -2
25 57 58 92 -1 31 47 49 50 -1 -2
19 28 58 82 -1 -2
7 17 41 74 -1 -2
71 73 77 89 -1 -2
18 22 34 83 -1 20 32 37 59 -1 20 48 72 87 -1 21 49 63 76 -1 10 11 20 48 -1 44 53 75 81 -1 18 31 61 75 -1 56 62 76 83 -1 37 43 53 91 -1 -2
5 63 64 91 -1 25 63 83 88 -1 21 28 39 73 -1 22 59 63 97 -1 15 34 38 80 -1 22 34 40 72 -1 9 10 20 99 -1 26 47 61 78 -1 37 42 53 62 -1 -2
14 28 38 46 -1 20 31 44 77 -1 14 30 48 95 -1 50 59 75 90 -1 23 68 70 94 -1 -2
22 67 75 77 -1 48 80 88 100 -1 26 34 38 69 -1 38 52 96 98 -1 4 16 54 86 -1 20 22 40 74 -1 -2
21 24 28 96 -1 19 23 60 89 -1 19 36 53 55 -1 -2
20 41 56 85 -1 8 29 49 97 -1 -2
5 26 79 88 -1 17 25 46 71 -1 6 38 79 93 -1 5 16 17 90 -1 2 15 45 98 -1 2 6 35 85 -1 6 33 49 90 -1 2 45 79 94 -1 53 54 69 79 -1 -2
18 35 69 84 -1 27 33 66 89 -1 27 33 55 66 -1 17 39 96 100 -1 9 26 49 68 -1 6 29 41 67 -1 4 15 66 96 -1 -2
26 59 91 100 -1 17 43 73 100 -1 51 55 68 76 -1 -2
26 34 47 98 -1 13 19 84 87 -1 44 66 84 87 -1 20 70 78 91 -1 3 16 43 45 -1 2 15 69 95 -1 28 34 41 63 -1 5 17 42 66 -1 -2
17 30 90 95 -1 22 45 81 100 -1 9 28 57 71 -1 10 13 44 87 -1 17 45 51 63 -1 14 20 23 66 -1 3 16 40 68 -1 13 37 38 90 -1 -2
4 31 35 41 -1 13 14 33 74 -1 1 8 34 92 -1 -2
40 49 70 99 -1 -2
29 62 85 99 -1 15 41 89 96 -1 49 55 73 93 -1 19 30 42 44 -1 32 48 80 86 -1 8 51 57 77 -1 3 12 30 65 -1 30 54 85 89 -1 -2
15 28 35 42 -1 27 65 73 96 -1 16 42 63 69 -1 5 14 86 88 -1 5 6 18 83 -1 8 10 22 34 -1 -2
2 4 61 100 -1 6 13 19 51 -1 26 37 53 68 -1 28 40 43 50 -1 55 77 83 92 -1 28 50 88 97 -1 -2
11 16 76 89 -1 31 49 83 92 -1 -2
24 25 30 76 -1 48 62 66 75 -1 27 41 56 66 -1 4 18 58 94 -1 -2
12 63 68 79 -1 17 80 93 99 -1 11 14 96 97 -1 50 60 69 75 -1 -2
6 43 53 81 -1 4 17 82 85 -1 4 5 16 89 -1 33 72 76 78 -1 3 58 69 91 -1 23 35 60 70 -1 -2
14 44 62 83 -1 46 59 68 71 -1 19 22 41 44 -1 -2
1 4 34 65 -1 48 57 77 85 -1 20 64 90 100 -1 7 77 82 92 -1 4 6 28 36 -1 7 19 62 74 -1 4 12 41 45 -1 7 34 62 69 -1 22 57 65 82 -1 -2
4 32 39 48 -1 23 47 72 97 -1 25 35 69 78 -1 24 41 47 90 -1 2 36 90 94 -1 61 70 85 92 -1 16 20 49 87 -1 48 58 62 65 -1 35 44 47 97 -1 39 42 84 98 -1 -2
1 42 62 67 -1 6 21 45 63 -1 3 43 62 68 -1 3 6 10 82 -1 19 22 84 97 -1 21 33 35 50 -1 24 63 77 90 -1 -2
57 60 80 81 -1 -2
19 38 64 99 -1 76 94 96 100 -1 -2
19 29 40 58 -1 -2
18 39 54 61 -1 13 29 31 86 -1 15 32 61 69 -1 7 8 50 95 -1 9 20 52 100 -1 11 56 62 71 -1 -2
16 36 67 87 -1 26 36 58 73 -1 14 31 70 85 -1 7 40 93 97 -1 10 18 33 76 -1 -2
19 20 40 70 -1 21 25 43 80 -1 18 37 55 88 -1 7 27 82 95 -1 11 47 93 99 -1 38 48 80 98 -1 9 32 74 96 -1 -2
3 51 88 96 -1 5 40 41 100 -1 -2
11 79 80 96 -1 45 54 71 96 -1 37 50 60 75 -1 10 61 76 80 -1 14 27 49 79 -1 27 32 77 91 -1 30 37 46 73 -1 40 62 80 98 -1 29 43 89 97 -1 -2
31 66 75 83 -1 10 18 92 99 -1 8 19 31 71 -1 15 29 34 89 -1 -2
9 49 54 62 -1 48 52 88 92 -1 23 71 77 94 -1 22 39 51 87 -1 14 33 82 83 -1 6 14 60 99 -1 1 39 52 61 -1 -2
10 37 53 90 -1 26 39 92 96 -1 1 14 59 98 -1 32 64 85 90 -1 23 39 49 85 -1 6 12 17 19 -1 69 89 96 98 -1 15 28 60 99 -1 35 52 55 85 -1 -2
24 25 35 60 -1 48 60 89 96 -1 -2
3 47 62 76 -1 11 51 75 98 -1 19 32 63 85 -1 35 48 60 71 -1 38 59 73 81 -1 24 35 44 80 -1 46 47 55 91 -1 42 61 73 92 -1 -2
8 10 51 98 -1 25 70 80 83 -1 37 50 68 77 -1 6 36 49 98 -1 2 5 16 23 -1 17 46 65 79 -1 70 75 78 86 -1 6 18 43 52 -1 12 33 70 79 -1 16 24 80 90 -1 -2
13 15 36 96 -1 2 8 70 95 -1 -2
15 38 53 58 -1 4 26 72 90 -1 6 74 84 90 -1 14 68 81 82 -1 37 45 50 91 -1 27 43 50 89 -1 35 46 60 76 -1 -2
19 25 54 71 -1 8 47 88 97 -1 40 43 72 86 -1 2 59 70 92 -1 34 65 80 82 -1 23 43 51 69 -1 22 44 61 73 -1 -2
45 58 63 85 -1 21 34 65 86 -1 -2
36 39 60 100 -1 23 61 76 91 -1 -2
6 12 23 64 -1 5 11 54 55 -1 20 42 62 84 -1 11 44 94 100 -1 15 55 74 96 -1 39 49 76 90 -1 23 27 73 83 -1 11 17 34 83 -1 -2
13 17 25 30 -1 4 62 85 98 -1 18 20 36 45 -1 2 4 52 65 -1 5 16 63 64 -1 1 14 16 56 -1 7 24 60 71 -1 38 65 70 97 -1 -2
34 49 80 83 -1 20 63 88 94 -1 3 4 59 63 -1 41 42 52 54 -1 5 50 67 95 -1 -2
4 44 71 81 -1 27 32 51 92 -1 -2
21 38 61 78 -1 1 11 22 67 -1 -2
6 46 51 71 -1 5 19 50 54 -1 18 48 53 98 -1 31 72 92 98 -1 32 42 51 80 -1 58 68 80 92 -1 -2
11 26 55 98 -1 7 23 54 91 -1 -2
34 49 82 90 -1 1 14 68 94 -1 37 43 55 67 -1 48 59 81 100 -1 5 20 23 90 -1 23 30 36 77 -1 28 41 54 85 -1 6 14 30 80 -1 46 62 67 92 -1 -2
30 32 45 51 -1 30 51 54 99 -1 -2
8 39 63 73 -1 24 44 45 92 -1 52 56 90 91 -1 4 28 36 41 -1 32 83 87 95 -1 -2
24 62 82 98 -1 1 4 26 89 -1 38 55 58 61 -1 12 17 52 98 -1 63 80 86 93 -1 24 48 55 79 -1 10 23 66 90 -1 4 43 61 92 -1 -2
7 30 53 94 -1 12 21 93 100 -1 11 64 67 95 -1 -2
34 59 64 75 -1 2 9 36 100 -1 75 81 84 93 -1 1 72 87 93 -1 5 66 73 91 -1 42 46 91 95 -1 -2
23 39 50 75 -1 27 48 66 87 -1 3 39 59 86 -1 8 13 22 73 -1 2 19 34 84 -1 2 7 25 67 -1 63 71 72 99 -1 11 14 62 93 -1 8 70 95 96 -1 1 29 89 100 -1 -2
28 44 58 64 -1 19 71 83 98 -1 5 23 50 86 -1 31 34 41 58 -1 6 14 16 38 -1 -2
19 56 59 95 -1 8 73 74 94 -1 37 74 96 98 -1 3 13 60 98 -1 -2
31 39 64 92 -1 2 64 84 85 -1 48 81 87 96 -1 -2
5 59 65 82 -1 28 46 86 97 -1 2 6 67 100 -1 15 48 62 72 -1 9 37 75 91 -1 6 34 39 63 -1 8 13 28 29 -1 9 12 43 91 -1 -2
36 56 82 94 -1 28 30 61 66 -1 11 12 32 87 -1 7 77 87 91 -1 13 28 89 100 -1 20 54 61 84 -1 21 27 28 91 -1 -2
11 57 77 83 -1 19 31 38 68 -1 14 48 58 87 -1 -2
2 39 46 96 -1 9 23 91 94 -1 5 47 92 96 -1 26 28 31 93 -1 21 50 58 60 -1 -2
8 39 57 58 -1 2 45 53 64 -1 2 35 89 97 -1 1 30 74 76 -1 31 36 66 94 -1 19 83 95 98 -1 10 30 33 39 -1 2 15 20 33 -1 -2
1 2 11 52 -1 2 42 50 51 -1 32 45 60 100 -1 19 48 51 76 -1 3 35 80 100 -1 26 72 86 93 -1 -2
17 25 75 89 -1 15 44 46 71 -1 8 25 90 93 -1 12 22 36 78 -1 12 23 26 29 -1 -2
43 49 78 81 -1 15 29 34 44 -1 -2
34 36 71 92 -1 23 43 60 68 -1 8 17 31 93 -1 3 27 44 56 -1 10 70 91 100 -1 9 72 86 94 -1 -2
16 27 38 54 -1 10 27 58 74 -1 15 25 93 99 -1 -2
8 9 55 81 -1 31 47 57 98 -1 23 47 64 95 -1 33 50 55 77 -1 29 37 64 78 -1 14 15 21 72 -1 12 23 42 85 -1 2 7 14 18 -1 10 30 52 65 -1 -2
53 56 58 71 -1 5 9 15 25 -1 7 8 37 55 -1 -2
16 60 65 97 -1 3 41 71 97 -1 51 85 94 97 -1 50 56 62 69 -1 41 59 93 99 -1 16 17 39 72 -1 -2
27 56 82 90 -1 5 8 40 69 -1 12 14 60 69 -1 14 22 25 41 -1 27 59 88 98 -1 7 27 66 84 -1 4 35 67 72 -1 21 65 82 99 -1 13 28 44 84 -1 46 89 90 91 -1 -2
4 60 63 73 -1 34 55 59 66 -1 13 34 45 52 -1 5 15 21 93 -1 19 39 44 100 -1 -2
63 66 79 94 -1 36 38 46 61 -1 29 43 92 94 -1 8 48 65 68 -1 4 41 70 96 -1 15 25 64 88 -1 5 48 53 91 -1 4 28 42 61 -1 34 37 57 95 -1 4 19 50 65 -1 -2
6 64 67 84 -1 15 24 27 73 -1 5 18 33 90 -1 13 26 52 98 -1 10 46 53 78 -1 17 44 49 95 -1 3 20 53 82 -1 -2
4 16 35 80 -1 1 40 67 87 -1 22 38 42 95 -1 18 35 36 74 -1 -2
3 72 84 86 -1 26 71 80 91 -1 19 63 81 94 -1 -2
14 17 19 60 -1 59 60 79 86 -1 22 62 66 79 -1 59 75 92 94 -1 -2
5 28 58 73 -1 7 11 22 68 -1 1 4 14 48 -1 30 42 55 78 -1 12 21 54 60 -1 39 45 54 89 -1 9 16 25 61 -1 -2
6 84 89 93 -1 33 44 47 83 -1 21 38 86 88 -1 2 67 72 91 -1 33 52 57 96 -1 26 44 56 81 -1 17 26 60 81 -1 -2
62 73 80 88 -1 50 79 83 85 -1 12 35 56 97 -1 8 9 19 26 -1 5 16 25 34 -1 21 24 41 47 -1 -2
10 46 68 78 -1 16 18 42 85 -1 8 16 33 98 -1 15 22 36 64 -1 9 50 61 84 -1 15 18 23 66 -1 11 21 92 97 -1 17 23 57 94 -1 11 16 32 67 -1 -2
11 13 54 93 -1 19 44 46 63 -1 -2
43 72 80 97 -1 29 62 69 71 -1 29 62 66 76 -1 6 8 66 72 -1 40 45 76 88 -1 -2
13 70 85 86 -1 34 39 47 54 -1 1 8 41 65 -1 9 61 75 86 -1 40 48 55 65 -1 29 63 86 88 -1 34 37 66 87 -1 9 21 78 100 -1 29 67 70 74 -1 -2
17 57 74 91 -1 36 46 67 84 -1 44 62 65 72 -1 20 63 84 95 -1 6 57 68 72 -1 16 74 83 95 -1 59 84 97 100 -1 7 37 54 90 -1 6 54 75 83 -1 2 79 92 99 -1 -2
7 54 82 92 -1 22 27 41 81 -1 22 53 76 81 -1 25 37 54 85 -1 16 31 32 96 -1 22 29 48 50 -1 11 16 17 67 -1 22 66 71 88 -1 -2
15 42 60 70 -1 10 16 41 82 -1 14 39 63 69 -1 12 15 22 66 -1 32 35 81 99 -1 21 25 48 86 -1 47 71 75 81 -1 2 32 34 83 -1 12 22 58 62 -1 10 22 64 67 -1 -2
24 59 81 98 -1 4 25 46 97 -1 14 35 38 78 -1 28 29 32 59 -1 22 23 28 72 -1 12 43 49 98 -1 34 76 77 81 -1 49 62 78 86 -1 26 38 60 88 -1 -2
23 34 67 89 -1 13 49 75 80 -1 17 77 81 89 -1 12 34 51 64 -1 50 62 66 96 -1 41 50 53 95 -1 14 50 87 92 -1 -2
39 44 71 81 -1 13 23 87 90 -1 -2
16 49 65 68 -1 15 61 90 96 -1 9 11 40 81 -1 26 31 90 97 -1 39 61 65 87 -1 37 75 81 100 -1 -2
3 18 25 84 -1 42 60 93 98 -1 30 60 76 92 -1 11 48 66 83 -1 12 51 80 92 -1 48 52 65 87 -1 -2
7 25 30 84 -1 -2
7 23 92 94 -1 11 13 29 46 -1 7 63 72 79 -1 18 55 59 74 -1 27 41 90 91 -1 4 13 41 56 -1 5 49 58 78 -1 57 69 74 78 -1 -2
26 58 88 100 -1 12 35 70 89 -1 6 53 55 65 -1 21 34 68 77 -1 10 37 66 96 -1 10 31 32 42 -1 17 82 89 97 -1 25 42 46 62 -1 -2
16 18 69 93 -1 31 34 50 60 -1 6 35 55 96 -1 -2
6 28 31 48 -1 3 12 16 86 -1 22 68 76 88 -1 -2
13 16 61 70 -1 17 20 38 96 -1 3 57 65 74 -1 21 38 45 52 -1 46 68 70 99 -1 15 18 70 78 -1 -2
31 36 38 63 -1 10 18 54 67 -1 2 5 10 88 -1 -2
24 26 52 84 -1 3 26 65 68 -1 35 54 65 100 -1 32 49 68 97 -1 42 48 58 76 -1 32 69 79 86 -1 6 40 52 61 -1 -2
21 26 43 76 -1 8 25 41 81 -1 6 7 46 56 -1 38 41 48 97 -1 5 32 71 82 -1 62 65 71 89 -1 4 15 34 48 -1 13 14 46 52 -1 38 43 66 86 -1 -2
2 44 46 55 -1 11 27 39 62 -1 -2
40 48 67 84 -1 4 45 91 97 -1 28 35 43 92 -1 21 75 91 94 -1 10 12 25 35 -1 24 33 49 82 -1 43 57 67 82 -1 19 37 40 79 -1 61 67 75 88 -1 -2
17 20 58 90 -1 11 28 42 45 -1 15 37 53 75 -1 4 23 28 85 -1 13 19 54 58 -1 75 79 82 88 -1 3 17 43 69 -1 11 56 91 99 -1 23 28 87 94 -1 -2
8 32 74 88 -1 15 22 31 46 -1 6 9 34 62 -1 41 66 70 77 -1 2 5 14 58 -1 8 25 51 61 -1 52 76 82 86 -1 26 33 67 70 -1 16 48 87 95 -1 -2
4 39 91 99 -1 3 56 78 95 -1 2 14 21 53 -1 26 30 60 91 -1 10 13 17 88 -1 19 34 41 91 -1 -2
25 44 52 86 -1 15 31 33 97 -1 13 46 62 91 -1 13 14 16 93 -1 21 33 57 74 -1 11 32 57 72 -1 37 55 69 80 -1 47 49 82 94 -1 8 36 56 66 -1 29 62 66 92 -1 -2
19 44 67 80 -1 3 23 81 92 -1 2 47 71 92 -1 -2
25 41 82 94 -1 25 37 41 79 -1 2 4 50 90 -1 -2
22 41 66 94 -1 5 20 41 44 -1 8 10 32 61 -1 49 56 59 78 -1 1 78 87 94 -1 42 82 94 96 -1 59 65 98 99 -1 -2
36 43 70 74 -1 12 66 71 84 -1 -2
24 74 76 78 -1 -2
32 41 52 96 -1 25 37 42 67 -1 56 62 71 97 -1 12 27 30 58 -1 31 60 67 83 -1 14 68 71 78 -1 20 48 89 100 -1 21 27 48 92 -1 25 46 84 90 -1 9 19 26 42 -1 -2
15 20 42 77 -1 25 27 68 78 -1 15 42 47 94 -1 10 34 62 65 -1 12 51 64 74 -1 22 47 51 84 -1 15 29 55 70 -1 -2
23 56 68 97 -1 4 16 55 90 -1 31 56 57 82 -1 3 11 17 69 -1 20 36 42 74 -1 20 73 75 95 -1 18 57 59 86 -1 14 32 33 62 -1 11 47 63 95 -1 3 20 21 84 -1 -2
46 62 66 70 -1 -2
3 78 97 99 -1 17 24 40 78 -1 10 31 59 82 -1 35 42 70 94 -1 5 24 26 56 -1 -2
13 27 70 81 -1 14 33 53 86 -1 17 88 90 94 -1 -2
6 53 54 60 -1 2 16 23 75 -1 13 16 27 98 -1 32 35 82 96 -1 -2
10 16 24 56 -1 29 64 78 89 -1 48 50 60 84 -1 16 49 94 97 -1 48 56 79 85 -1 3 14 63 83 -1 -2
26 39 77 79 -1 10 40 63 79 -1 10 14 28 97 -1 5 18 60 94 -1 17 18 52 70 -1 9 34 68 70 -1 43 45 83 85 -1 14 51 70 75 -1 1 9 61 84 -1 -2
17 42 70 81 -1 7 14 33 45 -1 15 18 80 99 -1 2 86 87 91 -1 3 31 48 83 -1 24 73 91 92 -1 2 41 76 80 -1 2 58 68 99 -1 32 51 81 83 -1 8 33 53 95 -1 -2
14 32 65 97 -1 72 82 97 99 -1 8 64 80 81 -1 19 35 74 85 -1 22 25 63 98 -1 -2
4 17 66 96 -1 9 83 92 100 -1 48 68 82 90 -1 -2
66 80 84 91 -1 9 29 38 39 -1 1 8 20 42 -1 5 16 23 26 -1 3 4 7 68 -1 -2
31 37 79 98 -1 2 13 33 67 -1 -2
82 86 90 96 -1 3 7 26 58 -1 41 81 84 91 -1 1 34 43 81 -1 -2
41 42 75 82 -1 1 7 15 20 -1 9 50 71 83 -1 -2
3 58 62 81 -1 64 76 81 95 -1 9 21 89 100 -1 22 42 76 87 -1 41 51 60 77 -1 31 55 60 74 -1 1 22 45 47 -1 -2
64 79 87 96 -1 30 70 79 80 -1 29 67 81 100 -1 -2
6 83 86 93 -1 11 52 62 93 -1 1 30 67 78 -1 7 50 82 99 -1 34 43 64 81 -1 8 17 35 76 -1 -2
27 42 44 73 -1 5 32 52 74 -1 17 27 72 78 -1 2 76 87 96 -1 26 34 70 73 -1 34 54 65 67 -1 -2
44 59 73 87 -1 27 85 87 96 -1 34 50 68 99 -1 -2
32 40 48 78 -1 33 73 88 97 -1 33 40 61 92 -1 3 63 82 98 -1 61 65 79 94 -1 15 19 21 69 -1 32 61 65 66 -1 35 42 64 91 -1 -2
9 30 56 70 -1 13 52 55 99 -1 11 23 80 83 -1 13 21 27 43 -1 -2
4 46 76 87 -1 1 50 52 66 -1 -2
41 60 82 98 -1 43 60 72 80 -1 3 64 69 95 -1 20 72 77 90 -1 20 46 49 94 -1 19 59 64 79 -1 17 22 71 82 -1 10 16 17 20 -1 -2
42 74 90 95 -1 25 63 82 84 -1 37 40 42 55 -1 20 37 38 79 -1 -2
29 51 65 96 -1 44 59 73 93 -1 35 48 62 85 -1 20 69 74 78 -1 -2
25 41 62 76 -1 -2
21 34 67 96 -1 7 62 80 90 -1 18 48 57 97 -1 20 22 36 60 -1 40 46 63 76 -1 8 42 53 69 -1 35 52 56 72 -1 44 45 58 71 -1 39 67 92 96 -1 -2
39 40 66 77 -1 4 14 65 71 -1 27 31 64 78 -1 22 67 71 93 -1 38 39 47 87 -1 8 12 52 97 -1 5 32 66 93 -1 38 39 45 85 -1 -2
5 11 31 38 -1 49 53 59 73 -1 20 38 65 81 -1 1 3 25 72 -1 26 27 77 93 -1 -2
25 60 95 99 -1 1 4 60 65 -1 13 64 71 75 -1 -2
26 30 39 93 -1 42 74 75 80 -1 30 53 60 97 -1 1 28 44 63 -1 -2
8 28 44 75 -1 9 34 73 82 -1 6 15 17 47 -1 9 12 56 84 -1 -2
1 20 43 91 -1 -2
11 50 78 88 -1 47 64 80 86 -1 31 52 64 95 -1 17 18 27 79 -1 -2
5 19 21 82 -1 30 39 48 87 -1 10 30 66 81 -1 15 29 46 74 -1 21 60 76 90 -1 17 21 26 47 -1 20 34 61 82 -1 19 32 68 89 -1 2 10 16 44 -1 19 56 62 95 -1 -2
5 42 52 73 -1 -2
7 37 46 94 -1 7 63 71 79 -1 28 62 64 79 -1 5 22 80 89 -1 7 14 66 100 -1 2 37 50 76 -1 -2
29 57 68 81 -1 35 63 73 85 -1 64 83 93 97 -1 25 41 43 63 -1 32 63 64 71 -1 10 25 68 69 -1 -2
5 36 46 77 -1 25 56 76 78 -1 -2
19 44 70 72 -1 -2
24 30 68 96 -1 20 38 40 91 -1 2 34 87 96 -1 -2
27 67 87 93 -1 10 15 68 97 -1 23 38 58 72 -1 35 51 64 100 -1 2 41 56 83 -1 16 35 84 98 -1 51 80 85 98 -1 3 72 84 89 -1 -2
11 21 23 35 -1 59 86 87 96 -1 20 46 74 93 -1 2 11 28 59 -1 -2
8 16 17 93 -1 40 52 61 80 -1 27 41 47 82 -1 21 30 32 38 -1 -2
6 24 57 60 -1 32 38 57 91 -1 9 41 81 85 -1 7 27 41 42 -1 20 26 77 97 -1 -2
32 35 43 59 -1 25 47 70 90 -1 14 20 28 81 -1 65 68 70 74 -1 7 9 21 98 -1 10 29 61 99 -1 -2
50 83 84 96 -1 2 28 66 93 -1 16 26 52 56 -1 4 23 67 82 -1 8 44 96 99 -1 38 43 63 90 -1 4 48 51 55 -1 15 51 66 89 -1 26 28 67 89 -1 -2
32 46 50 97 -1 25 31 40 94 -1 8 35 73 92 -1 17 44 53 66 -1 -2
50 54 64 72 -1 12 16 57 71 -1 27 49 54 72 -1 34 79 81 93 -1 16 28 29 65 -1 -2
4 21 24 62 -1 16 58 71 76 -1 27 59 88 90 -1 6 12 85 95 -1 -2
1 11 26 84 -1 8 22 53 96 -1 11 39 76 96 -1 12 31 90 100 -1 63 72 80 81 -1 1 4 89 100 -1 15 17 31 37 -1 4 41 51 65 -1 4 40 72 87 -1 24 64 67 88 -1 -2
50 51 75 88 -1 54 59 62 86 -1 6 46 80 85 -1 11 30 64 84 -1 -2
11 30 49 94 -1 10 14 35 39 -1 -2
36 76 79 93 -1 -2
5 81 82 84 -1 9 31 77 100 -1 4 6 46 64 -1 29 57 62 93 -1 -2
42 47 52 82 -1 18 19 38 77 -1 4 14 52 99 -1 17 36 39 64 -1 36 49 97 99 -1 -2
25 40 83 99 -1 -2
32 60 74 93 -1 29 52 77 92 -1 12 25 35 46 -1 6 31 68 82 -1 5 74 76 92 -1 17 25 58 60 -1 19 32 55 81 -1 28 37 48 90 -1 27 28 48 69 -1 42 43 57 73 -1 -2
12 17 67 74 -1 16 21 28 88 -1 14 29 53 89 -1 12 37 61 94 -1 10 37 66 81 -1 11 24 92 93 -1 13 18 30 33 -1 26 31 42 72 -1 46 55 57 70 -1 9 25 45 51 -1 -2
7 24 41 50 -1 1 48 50 75 -1 18 35 50 78 -1 12 46 55 61 -1 10 64 72 88 -1 17 30 48 49 -1 -2
19 47 48 66 -1 12 60 61 63 -1 2 9 70 77 -1 3 29 47 100 -1 3 69 79 90 -1 1 27 91 93 -1 1 61 66 99 -1 -2
29 58 71 76 -1 34 36 68 70 -1 14 31 38 42 -1 2 17 57 69 -1 49 52 87 96 -1 21 22 24 26 -1 3 15 17 60 -1 27 41 69 99 -1 48 54 79 99 -1 9 67 88 89 -1 -2
4 5 30 61 -1 -2
5 17 41 88 -1 44 55 75 77 -1 16 40 82 95 -1 17 47 57 90 -1 46 52 55 61 -1 12 23 66 75 -1 5 77 84 87 -1 50 58 72 99 -1 -2
44 51 86 87 -1 16 61 63 94 -1 29 43 57 74 -1 18 31 89 99 -1 10 36 56 69 -1 24 30 57 80 -1 21 25 61 75 -1 8 10 47 52 -1 11 30 47 57 -1 -2
39 50 87 88 -1 13 32 57 59 -1 10 11 14 71 -1 -2
10 11 20 34 -1 -2
8 33 69 90 -1 6 45 62 90 -1 -2
13 70 84 98 -1 2 25 81 99 -1 3 70 77 96 -1 26 77 80 99 -1 -2
18 26 33 73 -1 8 46 48 56 -1 22 41 50 82 -1 3 22 34 100 -1 16 67 97 99 -1 2 4 23 51 -1 3 47 54 79 -1 -2
13 20 29 96 -1 1 40 44 74 -1 12 24 59 70 -1 15 22 54 62 -1 7 25 69 77 -1 51 54 60 88 -1 -2
35 44 67 76 -1 21 42 77 92 -1 62 63 67 69 -1 15 24 69 94 -1 1 9 24 78 -1 10 21 38 49 -1 11 27 66 94 -1 23 88 93 95 -1 -2
18 24 54 73 -1 31 59 78 94 -1 4 8 42 71 -1 26 45 74 99 -1 37 40 41 57 -1 25 26 39 77 -1 15 18 88 95 -1 -2
28 50 75 77 -1 2 30 75 93 -1 30 34 79 96 -1 12 34 49 65 -1 46 66 81 83 -1 43 85 90 91 -1 23 31 79 84 -1 5 6 24 38 -1 -2
8 64 83 88 -1 6 43 57 61 -1 10 58 77 91 -1 43 54 87 97 -1 3 56 86 90 -1 25 55 82 84 -1 -2
18 37 41 81 -1 18 58 66 93 -1 43 59 86 94 -1 -2
1 9 31 75 -1 19 42 92 94 -1 26 30 39 44 -1 23 28 33 76 -1 9 10 28 41 -1 25 54 55 60 -1 -2
42 57 65 89 -1 -2
22 36 40 71 -1 34 61 66 78 -1 -2
15 67 68 89 -1 5 33 57 72 -1 11 14 21 24 -1 7 16 48 78 -1 -2
18 44 72 83 -1 1 14 33 50 -1 -2
6 19 36 64 -1 17 32 83 99 -1 19 40 45 79 -1 1 9 10 57 -1 52 60 61 97 -1 13 18 24 26 -1 47 49 58 76 -1 6 12 58 94 -1 7 9 86 95 -1 18 30 51 55 -1 -2
3 8 37 65 -1 55 56 61 73 -1 2 24 27 28 -1 10 36 48 67 -1 30 42 48 70 -1 22 45 67 100 -1 12 30 44 61 -1 67 68 81 100 -1 -2
30 48 66 90 -1 3 11 36 62 -1 14 22 23 37 -1 16 46 57 84 -1 22 72 84 93 -1 72 80 83 92 -1 7 26 48 91 -1 -2
17 46 56 69 -1 61 62 67 82 -1 -2
5 12 32 58 -1 -2
22 48 61 78 -1 2 22 78 80 -1 16 52 74 84 -1 4 5 80 99 -1 60 90 93 95 -1 39 62 91 99 -1 -2
7 18 72 85 -1 -2
28 31 47 48 -1 1 3 43 89 -1 22 58 79 89 -1 13 15 21 52 -1 -2
17 53 88 90 -1 10 22 58 98 -1 39 48 61 74 -1 16 27 55 63 -1 6 13 49 65 -1 17 27 39 73 -1 28 80 85 88 -1 1 8 37 40 -1 24 26 36 62 -1 5 23 47 66 -1 -2
8 23 39 93 -1 16 20 73 86 -1 8 53 55 64 -1 29 34 58 100 -1 24 63 67 86 -1 20 25 39 68 -1 17 24 71 97 -1 10 28 39 98 -1 -2
9 33 45 54 -1 5 17 19 66 -1 36 43 77 84 -1 -2
12 25 48 84 -1 32 50 77 81 -1 73 75 82 87 -1 8 12 93 97 -1 34 60 87 96 -1 34 43 52 70 -1 47 75 95 97 -1 1 21 35 84 -1 15 21 66 96 -1 14 23 95 96 -1 -2
44 54 56 90 -1 6 64 85 96 -1 7 20 43 75 -1 -2
34 47 89 99 -1 3 28 67 70 -1 15 36 68 100 -1 30 48 70 85 -1 -2
31 34 46 91 -1 10 11 25 90 -1 13 17 52 91 -1 -2
12 27 31 41 -1 25 33 72 82 -1 26 30 39 87 -1 40 50 77 82 -1 8 28 32 43 -1 6 13 78 80 -1 50 66 77 80 -1 21 44 84 89 -1 13 20 39 100 -1 8 27 75 98 -1 -2
5 40 46 49 -1 8 26 30 91 -1 19 20 26 82 -1 -2
7 38 43 70 -1 16 32 72 98 -1 21 40 50 81 -1 3 35 46 88 -1 1 30 43 65 -1 28 46 79 94 -1 -2
48 49 87 89 -1 4 40 60 79 -1 19 23 31 48 -1 15 36 59 64 -1 -2
18 49 52 57 -1 55 72 74 89 -1 14 43 81 94 -1 15 27 62 66 -1 16 23 25 43 -1 -2
1 28 43 74 -1 15 27 61 69 -1 78 84 93 94 -1 52 66 79 97 -1 32 49 61 81 -1 -2
5 6 49 69 -1 10 24 44 46 -1 -2
2 3 45 59 -1 15 18 55 85 -1 23 28 83 94 -1 7 21 71 74 -1 4 58 61 85 -1 20 40 42 95 -1 5 27 47 55 -1 28 45 61 77 -1 -2
61 62 77 79 -1 33 90 95 97 -1 65 84 87 98 -1 -2
37 46 51 98 -1 70 87 93 99 -1 14 35 87 92 -1 13 16 25 47 -1 1 25 82 90 -1 -2
28 45 56 77 -1 19 52 63 79 -1 37 63 75 92 -1 36 61 67 90 -1 25 39 77 100 -1 13 40 54 55 -1 1 66 86 99 -1 3 35 43 66 -1 -2
35 40 63 77 -1 39 47 52 79 -1 9 13 15 72 -1 29 44 70 84 -1 50 52 55 96 -1 22 25 38 70 -1 21 24 79 86 -1 8 50 81 96 -1 20 26 43 60 -1 -2
14 54 79 85 -1 48 60 86 94 -1 10 19 47 67 -1 16 31 42 77 -1 -2
14 31 37 77 -1 28 42 51 88 -1 21 39 49 62 -1 -2
14 36 42 86 -1 42 59 66 71 -1 28 34 83 99 -1 24 29 36 99 -1 14 18 19 43 -1 3 9 16 21 -1 23 26 62 66 -1 25 49 69 90 -1 4 12 58 62 -1 10 67 80 85 -1 -2
28 30 76 92 -1 -2
29 64 68 99 -1 8 17 60 74 -1 7 26 88 89 -1 8 21 23 87 -1 57 69 89 91 -1 6 23 48 52 -1 40 47 66 86 -1 -2
1 8 49 97 -1 11 26 29 87 -1 27 54 63 76 -1 -2
30 31 37 82 -1 18 43 59 69 -1 1 8 11 98 -1 -2
3 10 32 84 -1 7 16 36 40 -1 14 29 66 100 -1 23 33 53 57 -1 35 44 79 100 -1 -2
12 26 33 64 -1 10 11 39 40 -1 13 15 81 85 -1 33 53 58 94 -1 13 22 27 95 -1 15 30 81 92 -1 -2
30 57 64 67 -1 9 36 38 65 -1 56 66 71 92 -1 2 9 61 77 -1 10 52 82 94 -1 45 47 69 78 -1 12 29 93 99 -1 27 28 31 55 -1 -2
26 51 69 84 -1 1 35 43 94 -1 3 27 61 78 -1 42 56 86 92 -1 48 61 75 94 -1 69 80 92 97 -1 4 33 78 86 -1 -2
24 29 46 53 -1 -2
41 47 60 77 -1 4 46 60 79 -1 23 43 64 80 -1 3 35 66 99 -1 15 37 46 50 -1 -2
32 36 57 99 -1 -2
30 60 92 95 -1 13 47 66 85 -1 30 42 71 85 -1 3 29 66 81 -1 -2
32 51 74 84 -1 14 67 75 89 -1 -2
28 58 84 95 -1 8 9 22 71 -1 -2
44 50 70 77 -1 25 42 52 62 -1 31 36 41 42 -1 15 19 21 56 -1 22 27 51 77 -1 -2
12 66 71 90 -1 16 24 26 84 -1 14 22 35 91 -1 45 67 86 89 -1 20 23 31 94 -1 5 30 63 92 -1 5 17 58 98 -1 5 13 34 76 -1 18 19 96 97 -1 8 35 46 88 -1 -2
37 44 46 82 -1 9 22 26 36 -1 3 54 72 91 -1 22 41 63 90 -1 30 41 88 99 -1 19 29 84 87 -1 8 27 87 88 -1 35 58 59 100 -1 -2
15 37 67 84 -1 36 37 57 96 -1 2 13 18 99 -1 34 36 42 77 -1 4 36 72 99 -1 -2
26 61 78 95 -1 45 59 67 70 -1 51 55 60 100 -1 37 39 64 83 -1 16 23 26 69 -1 5 47 74 86 -1 37 41 43 51 -1 -2
18 36 57 62 -1 26 33 46 78 -1 4 18 46 53 -1 5 53 74 85 -1 2 25 43 100 -1 1 18 23 91 -1 18 50 74 93 -1 9 17 51 65 -1 14 21 33 59 -1 -2
23 31 36 60 -1 9 33 56 85 -1 -2
22 42 69 74 -1 31 58 59 90 -1 43 56 59 100 -1 20 34 73 74 -1 65 66 72 98 -1 50 58 86 89 -1 -2
4 26 62 87 -1 27 79 87 92 -1 4 10 22 78 -1 3 11 36 37 -1 -2
17 22 40 84 -1 74 79 88 90 -1 6 60 66 94 -1 -2
8 42 75 87 -1 43 48 67 82 -1 73 92 94 96 -1 46 87 95 99 -1 2 26 53 68 -1 3 22 74 91 -1 -2
50 82 89 91 -1 4 44 69 94 -1 29 78 86 89 -1 4 15 45 93 -1 28 59 87 97 -1 1 35 57 89 -1 27 38 67 86 -1 22 47 63 90 -1 32 61 62 77 -1 16 38 45 93 -1 -2
13 26 40 79 -1 11 54 59 65 -1 5 17 75 83 -1 -2
6 56 80 81 -1 23 36 42 94 -1 52 54 93 98 -1 9 53 64 92 -1 46 53 60 83 -1 18 50 53 82 -1 -2
5 8 26 88 -1 7 43 67 70 -1 12 24 51 53 -1 13 42 44 88 -1 9 10 51 76 -1 2 4 68 74 -1 21 22 34 90 -1 20 23 42 48 -1 7 50 51 83 -1 -2
14 79 81 89 -1 47 48 77 94 -1 25 46 47 81 -1 16 27 32 63 -1 9 38 39 41 -1 19 55 79 87 -1 16 31 57 89 -1 -2
11 38 82 96 -1 15 32 42 52 -1 44 62 71 78 -1 17 35 60 89 -1 13 19 25 90 -1 6 21 39 86 -1 -2
25 41 77 87 -1 38 41 64 88 -1 9 27 92 98 -1 61 69 80 92 -1 11 17 33 34 -1 16 83 93 95 -1 11 54 91 96 -1 7 80 81 94 -1 -2
9 58 67 70 -1 4 32 66 87 -1 5 46 75 79 -1 8 22 47 92 -1 5 41 80 98 -1 13 52 56 98 -1 2 7 32 88 -1 14 31 41 45 -1 -2
22 42 74 79 -1 17 44 58 78 -1 38 51 65 99 -1 58 76 83 89 -1 21 69 81 100 -1 18 33 48 72 -1 5 9 12 95 -1 9 11 23 67 -1 -2
20 61 62 71 -1 28 64 69 78 -1 5 48 68 86 -1 -2
80 81 94 100 -1 25 41 69 97 -1 -2
1 4 65 72 -1 23 34 55 78 -1 5 19 35 83 -1 20 23 74 84 -1 3 12 16 82 -1 6 9 56 68 -1 -2
32 54 64 94 -1 3 20 23 71 -1 6 26 48 55 -1 -2
35 41 81 97 -1 18 59 60 99 -1 10 16 18 30 -1 12 16 59 86 -1 10 13 64 98 -1 32 63 91 92 -1 -2
28 62 95 96 -1 55 61 77 100 -1 23 32 64 71 -1 5 46 66 74 -1 19 34 47 88 -1 1 5 16 40 -1 16 85 88 98 -1 15 16 34 66 -1 34 84 89 93 -1 -2
5 71 75 86 -1 5 24 50 77 -1 19 30 48 61 -1 14 27 29 82 -1 16 30 56 88 -1 45 50 71 79 -1 73 78 86 100 -1 17 34 39 48 -1 4 54 88 94 -1 -2
63 70 75 85 -1 -2
2 22 23 35 -1 -2
47 52 61 67 -1 39 60 85 88 -1 12 26 62 99 -1 7 35 50 71 -1 26 82 93 94 -1 13 14 18 22 -1 23 73 84 85 -1 3 59 77 79 -1 88 89 98 99 -1 53 54 73 88 -1 -2
39 69 78 92 -1 9 14 18 69 -1 24 37 56 91 -1 15 26 64 93 -1 18 24 43 96 -1 15 55 95 100 -1 27 34 35 65 -1 3 24 45 74 -1 21 25 58 79 -1 32 51 54 68 -1 -2
23 40 51 66 -1 -2
19 21 59 76 -1 12 15 42 96 -1 3 29 47 92 -1 37 52 71 73 -1 17 33 36 59 -1 26 29 52 81 -1 1 25 54 73 -1 42 54 80 82 -1 -2
26 63 71 92 -1 39 67 76 95 -1 2 46 97 98 -1 20 36 55 93 -1 2 22 92 95 -1 21 47 49 74 -1 -2
1 57 91 95 -1 7 43 81 90 -1 33 42 64 68 -1 56 58 59 68 -1 -2
1 26 52 89 -1 4 37 60 83 -1 57 62 65 75 -1 41 54 55 60 -1 11 56 67 99 -1 4 19 47 65 -1 33 56 96 99 -1 -2
48 51 76 100 -1 3 16 23 80 -1 25 61 71 82 -1 4 14 21 29 -1 12 22 55 57 -1 -2
12 15 91 93 -1 5 65 85 99 -1 6 31 68 86 -1 8 14 48 85 -1 1 25 37 75 -1 -2
17 23 32 93 -1 19 59 60 62 -1 6 7 69 89 -1 52 65 79 91 -1 29 41 52 91 -1 52 76 79 93 -1 -2
1 11 46 89 -1 -2
38 45 79 98 -1 15 21 53 98 -1 23 46 68 100 -1 12 34 63 90 -1 15 26 33 64 -1 19 31 39 66 -1 -2
4 40 51 84 -1 28 45 52 80 -1 12 24 42 59 -1 4 15 16 48 -1 21 69 78 80 -1 18 22 28 47 -1 38 43 58 66 -1 -2
2 70 76 79 -1 5 63 81 93 -1 51 52 70 96 -1 2 14 35 75 -1 37 53 67 93 -1 11 65 78 81 -1 24 55 69 88 -1 20 26 61 90 -1 -2
17 22 42 74 -1 14 26 34 76 -1 -2
32 59 80 97 -1 39 77 79 99 -1 20 29 47 96 -1 25 76 77 96 -1 17 29 35 88 -1 59 71 75 89 -1 33 39 40 57 -1 19 47 67 96 -1 77 80 81 99 -1 -2
14 45 64 79 -1 11 22 35 37 -1 28 37 63 85 -1 30 72 80 90 -1 39 48 73 89 -1 3 27 40 84 -1 8 39 89 99 -1 10 82 87 88 -1 12 17 23 93 -1 14 17 39 94 -1 -2
21 31 74 91 -1 14 56 76 95 -1 28 35 72 94 -1 12 38 63 83 -1 42 53 61 78 -1 -2
38 84 95 100 -1 10 44 59 93 -1 14 39 65 84 -1 1 3 16 96 -1 30 52 90 99 -1 29 33 35 41 -1 8 74 81 88 -1 4 13 64 100 -1 10 20 24 78 -1 45 64 73 78 -1 -2
30 43 54 65 -1 3 30 49 63 -1 -2
15 16 28 67 -1 2 67 69 98 -1 5 27 93 96 -1 -2
5 14 70 74 -1 17 41 45 60 -1 25 34 36 67 -1 -2
27 47 49 86 -1 19 25 39 97 -1 8 9 76 98 -1 13 21 25 63 -1 43 65 67 74 -1 5 10 22 70 -1 2 48 70 77 -1 1 40 75 80 -1 62 66 83 94 -1 -2
52 75 76 85 -1 28 38 52 95 -1 34 42 85 100 -1 17 40 43 90 -1 -2
23 43 45 61 -1 25 44 82 98 -1 24 27 32 66 -1 18 24 41 91 -1 10 67 86 91 -1 26 75 93 94 -1 3 15 81 93 -1 10 13 38 60 -1 10 15 32 63 -1 -2
13 26 88 93 -1 17 39 83 100 -1 37 41 52 96 -1 3 5 21 57 -1 2 19 44 91 -1 -2
6 20 21 99 -1 20 22 25 28 -1 6 21 24 29 -1 13 26 36 43 -1 38 54 63 91 -1 -2
18 31 50 95 -1 24 35 39 81 -1 23 62 63 78 -1 16 42 43 85 -1 55 62 64 80 -1 47 49 67 96 -1 8 27 31 53 -1 -2
13 18 47 78 -1 16 43 53 70 -1 30 48 79 80 -1 25 51 69 86 -1 31 63 94 95 -1 10 19 52 71 -1 5 80 87 95 -1 47 51 86 87 -1 -2
3 62 73 75 -1 19 92 93 97 -1 37 38 48 69 -1 3 7 80 82 -1 7 11 59 98 -1 -2
10 39 63 66 -1 12 34 73 75 -1 -2
36 54 81 93 -1 13 36 40 85 -1 10 44 48 79 -1 -2
14 44 48 100 -1 6 9 22 75 -1 -2
20 22 57 69 -1 17 33 49 84 -1 31 63 76 89 -1 5 10 13 89 -1 9 26 66 70 -1 -2
10 37 64 79 -1 8 17 45 61 -1 -2
5 7 33 98 -1 16 26 28 56 -1 20 48 49 62 -1 3 4 45 78 -1 9 37 41 58 -1 38 72 82 90 -1 6 26 50 84 -1 52 61 64 74 -1 18 84 88 91 -1 3 21 42 83 -1 -2
4 72 78 100 -1 9 53 68 87 -1 -2
56 57 68 77 -1 31 35 79 80 -1 61 68 81 97 -1 1 16 50 70 -1 3 15 18 38 -1 28 35 52 84 -1 57 61 73 78 -1 26 29 50 77 -1 44 71 84 92 -1 1 44 46 94 -1 -2
16 24 44 76 -1 19 74 82 94 -1 18 70 81 97 -1 -2
41 42 52 99 -1 -2
54 71 91 96 -1 -2
19 61 74 77 -1 -2
12 23 24 67 -1 66 68 87 91 -1 7 21 24 57 -1 4 33 50 85 -1 4 18 26 78 -1 2 60 66 77 -1 5 8 45 93 -1 -2
18 41 48 53 -1 -2
4 13 57 94 -1 17 35 84 94 -1 35 59 60 94 -1 -2
4 23 56 66 -1 31 67 89 99 -1 1 9 65 70 -1 28 31 48 100 -1 5 45 75 92 -1 23 30 36 97 -1 8 61 66 70 -1 11 13 61 89 -1 8 23 53 88 -1 -2
27 65 88 94 -1 2 18 76 79 -1 4 10 15 82 -1 4 54 61 98 -1 32 68 91 99 -1 4 34 56 100 -1 4 12 84 96 -1 18 68 79 80 -1 6 33 55 58 -1 -2
19 31 44 50 -1 22 33 92 96 -1 13 23 36 64 -1 14 27 31 41 -1 4 48 69 78 -1 29 35 46 90 -1 2 4 61 81 -1 19 46 72 100 -1 -2
33 77 81 88 -1 12 23 24 50 -1 4 56 72 90 -1 -2
27 28 32 59 -1 5 35 38 96 -1 9 38 39 44 -1 43 55 63 73 -1 61 67 74 89 -1 6 12 38 68 -1 21 35 37 80 -1 -2
49 91 98 100 -1 9 39 45 90 -1 41 45 48 93 -1 6 19 68 98 -1 19 43 71 89 -1 26 68 78 95 -1 -2
24 33 42 79 -1 11 37 60 63 -1 9 58 79 96 -1 -2
1 12 69 71 -1 1 22 47 88 -1 2 38 48 83 -1 80 87 89 100 -1 42 53 66 100 -1 -2
37 46 72 80 -1 8 13 72 73 -1 24 67 69 96 -1 54 65 82 94 -1 12 32 45 58 -1 6 20 21 92 -1 46 48 88 98 -1 -2
18 56 72 74 -1 40 49 69 70 -1 46 65 95 98 -1 35 46 57 88 -1 5 23 55 63 -1 52 80 84 91 -1 -2
18 25 38 42 -1 8 62 86 95 -1 37 69 73 87 -1 2 15 59 73 -1 17 81 90 95 -1 46 47 57 77 -1 15 26 76 80 -1 29 47 65 85 -1 4 18 74 85 -1 -2
37 38 55 94 -1 8 40 44 66 -1 75 86 87 89 -1 5 22 55 61 -1 50 73 92 96 -1 21 22 35 46 -1 -2
1 12 81 86 -1 11 39 74 75 -1 -2
51 77 92 99 -1 13 15 72 82 -1 -2
60 61 71 90 -1 21 37 82 93 -1 19 46 60 70 -1 6 16 23 59 -1 6 14 60 72 -1 -2
9 52 75 93 -1 5 8 44 53 -1 13 38 62 99 -1 18 82 88 98 -1 22 31 83 92 -1 -2
46 54 89 99 -1 2 3 5 56 -1 29 57 61 85 -1 9 46 56 57 -1 11 54 68 89 -1 23 79 80 98 -1 5 19 48 75 -1 7 40 42 50 -1 37 45 83 95 -1 11 13 36 77 -1 -2
1 3 26 94 -1 20 41 49 74 -1 18 22 81 88 -1 1 4 86 98 -1 5 84 95 96 -1 12 16 42 76 -1 -2
8 42 84 87 -1 27 32 43 74 -1 24 32 58 64 -1 40 51 69 85 -1 3 18 83 96 -1 30 52 96 100 -1 -2
11 29 60 99 -1 53 59 60 68 -1 25 42 43 91 -1 48 53 88 96 -1 3 29 38 80 -1 8 9 17 53 -1 9 58 61 69 -1 8 31 40 77 -1 3 12 34 87 -1 -2
9 29 58 99 -1 3 51 57 66 -1 17 60 63 99 -1 33 61 68 70 -1 19 31 75 78 -1 33 55 79 82 -1 -2
3 48 53 93 -1 2 26 68 97 -1 13 19 70 73 -1 30 34 59 74 -1 1 14 27 76 -1 14 66 74 76 -1 26 66 74 86 -1 15 26 48 68 -1 31 42 54 87 -1 -2
4 20 42 84 -1 50 66 83 91 -1 -2
1 21 65 98 -1 1 56 64 65 -1 4 14 38 95 -1 4 19 29 38 -1 6 72 85 99 -1 1 29 68 84 -1 6 35 61 91 -1 21 32 59 62 -1 24 36 73 90 -1 30 35 52 71 -1 -2
20 53 71 77 -1 23 39 50 81 -1 24 69 73 95 -1 30 44 45 61 -1 13 21 56 83 -1 18 26 35 58 -1 44 53 92 100 -1 -2
39 50 69 73 -1 8 12 15 73 -1 21 31 64 68 -1 17 33 59 64 -1 66 70 85 100 -1 2 34 75 79 -1 1 49 57 98 -1 6 36 42 79 -1 21 46 67 71 -1 -2
5 58 74 88 -1 5 35 55 61 -1 2 6 54 66 -1 35 74 86 89 -1 29 45 54 58 -1 9 25 38 39 -1 62 68 91 93 -1 51 71 75 97 -1 51 90 95 98 -1 15 52 61 86 -1 -2
5 39 43 47 -1 16 35 92 95 -1 -2
28 33 73 97 -1 8 13 34 66 -1 12 36 65 73 -1 1 35 63 69 -1 39 52 74 96 -1 2 52 77 99 -1 5 9 11 85 -1 12 16 83 94 -1 11 37 57 99 -1 36 45 48 72 -1 -2
3 7 66 89 -1 17 66 77 93 -1 5 31 84 99 -1 6 12 15 30 -1 -2
24 47 58 74 -1 49 64 81 88 -1 1 49 55 63 -1 16 33 38 48 -1 8 57 90 95 -1 8 13 47 60 -1 -2
13 16 19 53 -1 14 17 50 90 -1 57 62 88 90 -1 4 37 67 92 -1 15 29 86 98 -1 2 36 44 52 -1 26 34 38 81 -1 15 68 78 88 -1 -2
5 55 65 81 -1 -2
8 11 68 76 -1 -2
17 22 63 100 -1 17 25 28 58 -1 20 35 36 81 -1 28 34 68 91 -1 19 71 80 87 -1 6 57 72 92 -1 7 8 24 74 -1 18 26 64 66 -1 19 51 70 71 -1 18 50 59 82 -1 -2
29 41 77 84 -1 -2
28 56 74 78 -1 7 22 84 95 -1 3 39 90 98 -1 42 49 70 82 -1 3 37 52 75 -1 -2
11 18 23 53 -1 3 7 71 83 -1 52 81 86 100 -1 8 53 88 91 -1 2 3 15 87 -1 -2
22 30 52 71 -1 27 60 69 90 -1 31 48 54 97 -1 6 31 40 77 -1 7 15 78 88 -1 18 30 41 64 -1 -2
30 33 79 98 -1 25 28 90 95 -1 40 51 69 70 -1 -2
8 72 84 87 -1 28 49 93 95 -1 14 43 57 61 -1 37 57 81 92 -1 2 10 50 85 -1 29 55 57 59 -1 -2
17 42 85 90 -1 11 12 19 66 -1 5 32 38 97 -1 15 34 49 79 -1 21 50 78 99 -1 40 48 69 100 -1 4 23 30 82 -1 -2
23 40 73 82 -1 74 76 78 84 -1 24 55 58 66 -1 19 34 62 97 -1 31 39 40 64 -1 7 60 80 96 -1 -2
13 59 66 78 -1 16 31 43 44 -1 12 48 56 78 -1 48 52 82 84 -1 21 25 30 71 -1 42 48 72 82 -1 34 48 59 75 -1 28 57 71 76 -1 -2
8 29 80 82 -1 54 58 78 81 -1 13 14 57 59 -1 22 35 55 97 -1 25 44 51 90 -1 44 48 54 63 -1 22 65 87 91 -1 2 18 44 100 -1 17 19 54 97 -1 -2
73 83 90 92 -1 19 52 81 97 -1 13 31 34 87 -1 37 54 84 91 -1 12 70 73 99 -1 14 25 28 81 -1 2 30 43 74 -1 21 51 54 73 -1 -2
12 30 58 67 -1 5 34 45 63 -1 39 54 75 81 -1 5 47 53 77 -1 -2
43 56 62 81 -1 34 47 51 99 -1 46 70 73 87 -1 16 64 77 92 -1 12 34 59 86 -1 -2
16 30 72 94 -1 -2
6 35 54 56 -1 1 10 48 60 -1 57 67 84 94 -1 14 32 55 88 -1 -2
41 44 70 87 -1 17 40 42 50 -1 11 13 18 30 -1 27 69 70 100 -1 12 35 70 93 -1 9 20 44 89 -1 -2
31 41 45 67 -1 9 32 73 98 -1 8 11 44 82 -1 65 71 84 92 -1 27 43 79 90 -1 37 38 42 61 -1 5 13 18 80 -1 2 9 47 60 -1 13 21 38 87 -1 -2
26 31 40 95 -1 12 43 74 81 -1 6 10 16 23 -1 36 48 51 89 -1 8 21 76 81 -1 13 15 37 93 -1 20 21 22 30 -1 54 58 72 75 -1 16 28 29 61 -1 -2
1 11 34 61 -1 65 72 92 93 -1 29 30 50 52 -1 3 34 70 85 -1 -2
7 12 51 52 -1 18 27 43 85 -1 29 45 62 90 -1 5 34 46 81 -1 6 19 85 98 -1 13 30 32 42 -1 6 64 67 98 -1 -2
20 26 56 65 -1 14 27 43 54 -1 6 10 44 56 -1 1 8 72 87 -1 2 41 59 90 -1 -2
2 36 39 93 -1 22 56 73 81 -1 -2
4 21 24 94 -1 11 35 44 100 -1 52 68 78 88 -1 19 58 71 84 -1 23 32 40 56 -1 5 17 62 79 -1 23 31 61 98 -1 7 20 62 72 -1 5 16 64 73 -1 12 13 23 82 -1 -2
13 28 38 74 -1 4 8 57 63 -1 9 54 86 92 -1 7 49 72 83 -1 17 44 45 70 -1 -2
7 28 54 62 -1 15 41 46 78 -1 44 64 91 95 -1 14 16 18 91 -1 -2
41 83 96 100 -1 16 63 83 100 -1 18 21 60 71 -1 -2
20 28 44 93 -1 17 49 52 81 -1 34 35 73 78 -1 48 50 72 84 -1 27 28 85 98 -1 10 86 98 100 -1 5 39 78 92 -1 60 65 74 81 -1 28 30 46 64 -1 26 31 68 76 -1 -2
7 48 74 80 -1 26 50 57 59 -1 30 31 74 93 -1 3 66 94 95 -1 30 61 73 97 -1 23 82 89 93 -1 27 39 82 85 -1 8 37 68 96 -1 16 74 95 96 -1 13 40 45 85 -1 -2
16 39 56 74 -1 6 43 71 84 -1 19 30 52 85 -1 60 66 78 95 -1 3 41 79 91 -1 22 52 74 83 -1 2 46 62 76 -1 1 19 94 96 -1 -2
7 11 41 51 -1 6 23 43 92 -1 3 7 76 78 -1 32 39 72 75 -1 3 47 58 90 -1 -2
29 67 84 89 -1 11 19 79 82 -1 21 25 65 96 -1 11 14 36 83 -1 19 25 34 99 -1 -2
49 54 55 60 -1 45 47 86 88 -1 36 48 75 95 -1 7 24 40 76 -1 6 52 67 94 -1 3 83 93 94 -1 34 53 75 81 -1 34 82 91 98 -1 45 48 57 100 -1 -2
24 35 58 78 -1 28 40 64 96 -1 23 45 48 65 -1 18 86 90 100 -1 25 26 46 50 -1 20 24 69 83 -1 -2
12 80 82 88 -1 6 10 11 34 -1 4 58 78 89 -1 33 55 85 94 -1 -2
8 9 88 100 -1 2 9 44 60 -1 35 61 66 97 -1 44 50 61 63 -1 38 45 69 81 -1 29 63 78 99 -1 10 19 21 70 -1 38 45 52 63 -1 51 79 89 95 -1 2 7 13 100 -1 -2
16 34 69 70 -1 22 52 63 69 -1 52 62 72 96 -1 -2
23 29 59 91 -1 3 18 89 95 -1 30 71 79 84 -1 60 63 70 71 -1 -2
28 52 84 85 -1 72 87 88 94 -1 27 41 45 66 -1 18 37 61 71 -1 19 42 59 88 -1 8 23 37 95 -1 13 28 63 77 -1 -2
12 43 85 97 -1 2 58 70 92 -1 4 29 32 80 -1 30 73 97 98 -1 11 58 91 100 -1 19 38 57 67 -1 12 22 23 91 -1 -2
12 81 84 93 -1 8 16 62 64 -1 39 70 83 99 -1 1 37 46 92 -1 9 26 66 73 -1 14 30 73 96 -1 42 53 68 80 -1 -2
13 32 34 39 -1 -2
17 42 54 84 -1 10 15 64 77 -1 -2
3 10 36 45 -1 40 47 76 94 -1 9 37 53 70 -1 21 52 53 59 -1 6 51 57 87 -1 66 72 91 100 -1 16 33 39 47 -1 55 68 77 91 -1 6 42 66 71 -1 -2
5 34 53 84 -1 15 39 51 100 -1 41 54 56 77 -1 -2
42 56 74 98 -1 -2
21 23 66 71 -1 12 14 36 54 -1 51 69 86 100 -1 38 42 68 72 -1 34 46 69 96 -1 34 53 66 91 -1 16 43 59 86 -1 -2
20 49 51 84 -1 6 54 88 95 -1 15 46 57 72 -1 25 49 50 84 -1 -2
19 57 65 68 -1 56 69 79 85 -1 8 58 59 72 -1 52 72 80 85 -1 36 64 76 83 -1 -2
10 13 49 83 -1 54 57 91 92 -1 -2
4 15 58 87 -1 9 29 96 100 -1 15 72 93 94 -1 18 22 27 49 -1 19 23 35 89 -1 -2
5 21 28 72 -1 27 36 78 92 -1 13 26 29 59 -1 8 32 69 87 -1 10 13 28 93 -1 18 48 50 88 -1 -2
19 46 52 98 -1 19 42 77 80 -1 12 24 73 100 -1 22 53 74 84 -1 9 25 73 82 -1 36 40 43 77 -1 25 35 61 63 -1 10 25 54 98 -1 10 37 71 82 -1 -2
25 50 95 96 -1 16 23 59 80 -1 -2
23 61 69 76 -1 10 46 70 96 -1 14 30 53 69 -1 22 63 75 94 -1 3 12 45 68 -1 11 48 69 96 -1 -2
34 64 76 80 -1 3 31 71 98 -1 15 66 90 96 -1 36 77 80 95 -1 19 45 79 98 -1 3 14 35 75 -1 -2
6 46 82 83 -1 1 63 92 95 -1 1 21 27 44 -1 3 14 16 47 -1 11 53 64 75 -1 8 15 36 84 -1 72 73 75 84 -1 23 28 99 100 -1 -2
5 12 13 84 -1 1 18 65 83 -1 2 14 58 66 -1 16 19 31 75 -1 -2
65 80 81 84 -1 41 77 90 98 -1 14 31 47 81 -1 37 89 91 98 -1 29 81 84 86 -1 1 84 92 99 -1 40 43 44 78 -1 1 57 73 85 -1 -2
9 14 18 60 -1 22 26 29 85 -1 -2
37 41 55 64 -1 15 43 47 80 -1 9 61 72 81 -1 24 52 53 54 -1 44 45 71 82 -1 15 55 57 91 -1 2 51 85 89 -1 30 80 83 93 -1 -2
11 13 28 65 -1 4 8 86 99 -1 -2
13 20 42 80 -1 2 52 69 92 -1 2 23 59 82 -1 8 43 68 71 -1 42 49 74 79 -1 15 20 60 73 -1 13 40 66 69 -1 47 56 83 86 -1 10 39 44 83 -1 -2
8 32 61 71 -1 -2
38 51 74 97 -1 23 26 33 87 -1 19 62 94 95 -1 23 38 76 91 -1 20 60 71 90 -1 9 26 69 97 -1 11 16 84 99 -1 -2
17 21 35 59 -1 3 31 84 90 -1 31 46 66 99 -1 40 51 65 87 -1 -2
51 75 83 86 -1 9 70 84 94 -1 -2
51 62 63 66 -1 22 39 59 98 -1 14 27 59 77 -1 -2
42 52 75 85 -1 31 53 90 95 -1 3 55 61 96 -1 60 63 81 91 -1 -2
7 19 37 87 -1 20 40 62 69 -1 1 14 17 61 -1 47 63 67 79 -1 22 27 52 98 -1 7 82 87 97 -1 14 26 40 72 -1 37 54 95 97 -1 15 16 25 54 -1 -2
5 23 28 93 -1 26 85 92 96 -1 14 38 52 62 -1 31 40 53 73 -1 3 19 43 75 -1 44 60 63 91 -1 -2
70 79 90 91 -1 38 39 52 66 -1 1 2 3 73 -1 2 26 47 48 -1 10 57 58 64 -1 13 40 55 91 -1 -2
19 52 65 71 -1 9 32 87 98 -1 14 15 49 67 -1 25 32 74 98 -1 29 41 57 87 -1 6 36 47 83 -1 10 77 86 88 -1 4 35 41 67 -1 12 45 84 95 -1 -2
21 47 63 73 -1 -2
53 57 85 96 -1 4 35 46 74 -1 26 37 58 59 -1 35 55 82 96 -1 -2
9 13 60 85 -1 5 6 68 86 -1 1 55 68 85 -1 3 59 65 80 -1 14 22 55 98 -1 19 42 84 87 -1 38 46 95 99 -1 35 52 64 80 -1 42 57 85 99 -1 10 12 14 17 -1 -2
4 13 64 94 -1 3 35 39 88 -1 -2
16 69 91 95 -1 32 46 75 99 -1 45 56 78 92 -1 8 33 43 77 -1 10 15 37 59 -1 1 35 62 63 -1 -2
23 73 87 99 -1 50 55 59 96 -1 15 65 67 82 -1 14 25 76 95 -1 54 73 77 85 -1 6 32 54 85 -1 15 27 36 53 -1 -2
21 47 51 100 -1 23 40 70 99 -1 22 49 60 63 -1 49 61 66 90 -1 11 14 82 87 -1 5 42 59 91 -1 38 49 70 77 -1 1 36 48 92 -1 22 64 82 92 -1 -2
2 28 45 59 -1 15 47 72 80 -1 42 44 63 70 -1 44 61 87 99 -1 16 44 80 86 -1 37 60 75 91 -1 -2
1 27 37 55 -1 6 38 40 44 -1 22 26 80 92 -1 8 39 67 93 -1 7 65 74 87 -1 5 63 74 94 -1 25 34 44 81 -1 1 51 64 91 -1 -2
27 63 66 67 -1 1 13 29 85 -1 5 33 39 66 -1 6 25 30 40 -1 31 35 89 100 -1 45 48 91 93 -1 24 35 49 86 -1 19 27 82 92 -1 6 29 52 81 -1 23 44 58 67 -1 -2
49 54 62 64 -1 10 20 29 77 -1 8 29 49 56 -1 38 56 76 88 -1 5 44 51 65 -1 49 57 68 93 -1 -2
16 22 27 33 -1 1 51 60 92 -1 21 45 91 100 -1 5 16 75 84 -1 8 30 35 41 -1 35 77 88 97 -1 4 32 38 56 -1 26 36 49 79 -1 9 29 46 52 -1 -2
11 25 40 71 -1 10 15 34 40 -1 11 19 89 97 -1 15 26 55 72 -1 18 44 45 100 -1 1 4 39 49 -1 -2
16 20 50 94 -1 6 8 25 93 -1 5 6 9 15 -1 16 64 89 97 -1 17 75 78 93 -1 20 25 62 75 -1 24 35 71 83 -1 56 62 83 91 -1 -2
23 36 37 71 -1 9 78 89 100 -1 36 59 60 91 -1 43 85 93 100 -1 18 70 75 95 -1 20 22 85 95 -1 -2
26 32 58 90 -1 -2
42 53 90 98 -1 8 17 37 87 -1 60 90 91 95 -1 14 39 61 72 -1 26 45 55 64 -1 5 6 10 52 -1 13 22 60 82 -1 8 65 89 93 -1 28 47 77 95 -1 -2
7 50 73 86 -1 31 55 69 80 -1 17 53 75 92 -1 27 43 69 85 -1 28 31 51 68 -1 5 55 68 70 -1 12 50 57 76 -1 -2
12 53 61 95 -1 22 44 57 75 -1 19 44 47 95 -1 -2
19 29 72 77 -1 45 61 64 92 -1 18 30 80 94 -1 6 54 89 100 -1 17 64 75 83 -1 19 54 67 69 -1 10 53 88 91 -1 13 49 57 94 -1 2 9 16 67 -1 22 28 46 70 -1 -2
14 16 49 76 -1 32 35 51 91 -1 2 35 94 97 -1 35 47 54 80 -1 7 21 33 69 -1 -2
17 62 77 92 -1 9 13 46 66 -1 6 13 28 95 -1 27 43 83 95 -1 -2
24 40 79 88 -1 23 35 59 79 -1 21 44 79 87 -1 8 15 16 79 -1 4 16 57 75 -1 6 10 28 31 -1 9 31 52 57 -1 13 36 59 94 -1 -2
18 22 45 64 -1 8 59 73 83 -1 2 5 44 66 -1 5 23 36 92 -1 1 61 74 80 -1 20 37 64 78 -1 11 21 49 67 -1 -2
8 13 26 89 -1 24 58 86 94 -1 11 82 83 97 -1 29 47 73 76 -1 3 63 83 95 -1 4 17 57 73 -1 25 39 50 84 -1 22 26 60 84 -1 4 40 44 76 -1 7 56 76 82 -1 -2
13 43 72 76 -1 56 59 77 80 -1 53 60 76 91 -1 2 28 33 73 -1 -2
13 30 32 73 -1 40 56 69 74 -1 21 24 52 97 -1 23 38 45 93 -1 6 58 81 95 -1 39 50 58 61 -1 7 39 63 79 -1 6 10 62 78 -1 68 79 84 88 -1 -2
9 14 85 88 -1 22 31 50 64 -1 16 29 56 83 -1 13 36 40 81 -1 13 28 41 68 -1 -2
5 36 63 88 -1 21 27 82 89 -1 27 28 55 86 -1 5 37 50 77 -1 -2
1 31 92 99 -1 4 31 74 97 -1 15 25 53 100 -1 62 84 85 98 -1 33 51 53 54 -1 4 20 43 72 -1 4 8 67 68 -1 8 54 64 94 -1 -2
2 7 45 75 -1 38 49 64 77 -1 -2
4 7 34 72 -1 27 75 93 99 -1 9 20 65 94 -1 -2
49 53 91 95 -1 16 68 74 81 -1 14 29 44 80 -1 5 7 77 100 -1 47 58 88 89 -1 8 56 57 62 -1 3 8 25 45 -1 12 66 75 81 -1 1 22 67 97 -1 -2
17 20 50 64 -1 3 8 24 45 -1 18 67 72 76 -1 25 43 48 49 -1 39 42 62 85 -1 18 30 74 76 -1 -2
42 52 54 85 -1 -2
4 39 73 93 -1 11 71 83 96 -1 41 64 75 92 -1 2 73 84 96 -1 25 60 80 88 -1 11 57 81 87 -1 22 51 75 76 -1 4 12 17 94 -1 -2
25 67 75 82 -1 8 40 49 90 -1 19 34 47 76 -1 4 17 86 100 -1 17 19 32 98 -1 2 40 52 85 -1 3 11 64 88 -1 42 63 73 81 -1 -2
13 23 52 53 -1 12 20 31 53 -1 12 39 43 100 -1 4 11 71 84 -1 9 16 60 80 -1 9 14 15 94 -1 33 52 58 100 -1 -2
25 29 34 52 -1 24 42 78 84 -1 5 41 46 82 -1 2 5 64 81 -1 20 78 93 94 -1 19 68 69 86 -1 54 55 72 83 -1 8 39 66 78 -1 35 72 81 98 -1 34 56 69 79 -1 -2
7 15 52 90 -1 28 38 41 73 -1 79 84 90 98 -1 43 69 79 90 -1 13 27 71 78 -1 11 17 39 71 -1 4 33 57 97 -1 52 79 85 94 -1 -2
40 52 69 77 -1 51 88 94 99 -1 6 17 25 79 -1 41 50 64 88 -1 19 37 64 69 -1 29 46 49 71 -1 6 16 33 80 -1 33 64 77 83 -1 -2
48 51 82 93 -1 12 15 77 80 -1 19 63 86 88 -1 45 74 91 92 -1 8 42 76 93 -1 -2
50 61 76 91 -1 53 66 92 97 -1 -2
35 58 62 65 -1 1 3 75 82 -1 30 32 54 97 -1 9 38 56 76 -1 9 19 67 97 -1 9 11 18 89 -1 16 46 83 98 -1 37 85 86 91 -1 -2
8 13 18 51 -1 47 91 94 95 -1 55 83 95 100 -1 37 39 45 99 -1 -2
11 16 50 60 -1 21 30 66 91 -1 4 14 24 84 -1 31 49 82 84 -1 22 54 75 97 -1 17 30 37 97 -1 56 57 62 91 -1 31 32 39 70 -1 55 56 64 93 -1 -2
14 36 52 65 -1 31 40 67 70 -1 41 66 80 91 -1 33 37 46 73 -1 51 75 84 91 -1 17 26 43 80 -1 31 37 77 88 -1 6 17 62 71 -1 11 82 83 99 -1 -2
5 9 86 87 -1 4 27 46 87 -1 -2
10 83 85 92 -1 25 47 59 70 -1 25 26 45 84 -1 12 42 71 78 -1 35 45 60 94 -1 15 16 21 95 -1 4 41 56 80 -1 13 76 85 91 -1 2 32 62 99 -1 -2
3 41 43 46 -1 38 52 64 65 -1 8 29 40 51 -1 15 42 63 69 -1 31 46 74 96 -1 -2
38 49 76 91 -1 30 60 65 74 -1 41 63 78 83 -1 9 19 25 43 -1 21 23 55 70 -1 41 54 58 96 -1 12 36 74 83 -1 39 61 93 94 -1 1 43 98 100 -1 -2
10 56 57 81 -1 17 19 40 56 -1 58 76 77 91 -1 10 36 71 73 -1 57 63 84 89 -1 29 34 69 70 -1 2 27 42 78 -1 31 35 61 70 -1 -2
38 51 60 79 -1 35 40 80 96 -1 3 33 45 69 -1 16 23 47 94 -1 17 52 64 81 -1 47 48 92 97 -1 35 51 70 89 -1 28 36 68 93 -1 52 55 59 89 -1 -2
53 74 88 93 -1 20 45 85 93 -1 23 32 51 69 -1 53 79 81 99 -1 39 53 61 97 -1 15 40 57 94 -1 26 65 77 100 -1 63 69 77 96 -1 -2
17 24 89 100 -1 5 30 34 80 -1 19 37 43 87 -1 5 17 50 83 -1 27 37 78 90 -1 15 39 51 89 -1 5 28 49 82 -1 -2
64 77 84 85 -1 47 49 86 90 -1 14 34 41 52 -1 13 16 90 97 -1 -2
31 43 64 100 -1 21 27 44 68 -1 10 12 43 100 -1 31 37 41 79 -1 18 35 68 72 -1 3 13 56 65 -1 11 40 76 91 -1 17 71 81 84 -1 1 37 47 69 -1 33 51 71 92 -1 -2
39 45 64 100 -1 15 28 56 88 -1 21 44 83 84 -1 -2
13 16 80 94 -1 27 38 48 67 -1 4 24 48 77 -1 21 54 60 67 -1 28 37 73 94 -1 13 53 64 90 -1 3 90 91 94 -1 12 44 86 99 -1 -2
47 61 90 92 -1 32 45 93 94 -1 15 45 72 95 -1 15 34 81 98 -1 7 24 27 40 -1 6 55 67 91 -1 9 42 54 72 -1 23 78 83 90 -1 23 34 40 68 -1 -2
10 18 34 75 -1 36 76 93 98 -1 5 45 46 67 -1 60 62 94 99 -1 31 45 81 82 -1 25 43 53 88 -1 -2
30 37 49 71 -1 22 28 55 81 -1 22 25 66 82 -1 20 52 80 91 -1 12 52 70 94 -1 1 26 54 66 -1 3 26 33 89 -1 -2
37 42 50 57 -1 4 36 68 81 -1 1 36 44 71 -1 15 27 75 86 -1 47 69 73 88 -1 38 40 42 50 -1 6 25 55 80 -1 73 78 95 96 -1 -2
17 42 46 50 -1 9 17 43 58 -1 30 55 78 93 -1 -2
21 50 68 95 -1 1 72 90 98 -1 47 52 64 74 -1 55 80 81 92 -1 25 46 53 71 -1 40 56 63 79 -1 6 17 30 46 -1 -2
50 76 79 84 -1 10 38 72 88 -1 56 64 81 84 -1 2 11 20 72 -1 4 11 29 34 -1 14 16 59 67 -1 5 29 61 87 -1 25 32 35 75 -1 26 69 78 84 -1 32 66 88 96 -1 -2
31 43 53 65 -1 34 36 37 45 -1 3 34 38 56 -1 2 31 59 61 -1 31 71 86 89 -1 -2
26 61 91 93 -1 50 64 92 97 -1 48 52 73 87 -1 21 66 89 90 -1 14 46 48 58 -1 54 57 78 95 -1 -2
3 61 84 88 -1 3 56 61 71 -1 18 45 90 96 -1 18 40 89 99 -1 5 57 73 77 -1 4 11 48 60 -1 30 45 71 100 -1 -2
38 40 52 86 -1 19 50 69 83 -1 53 55 71 73 -1 3 25 28 64 -1 25 31 36 67 -1 11 27 55 72 -1 5 9 14 44 -1 23 29 32 53 -1 -2
9 16 62 100 -1 -2
26 28 80 82 -1 -2
21 40 83 88 -1 27 29 70 78 -1 13 38 53 57 -1 23 30 32 42 -1 1 19 48 77 -1 16 34 40 98 -1 65 74 80 91 -1 4 37 48 100 -1 11 78 81 83 -1 -2
8 19 86 94 -1 1 24 54 93 -1 -2
4 16 88 90 -1 12 34 35 98 -1 36 41 54 71 -1 10 14 86 98 -1 -2
8 9 16 41 -1 40 69 74 86 -1 3 45 80 83 -1 26 29 38 43 -1 60 74 76 95 -1 25 33 78 99 -1 24 45 56 89 -1 41 62 76 84 -1 -2
39 52 66 71 -1 19 27 31 86 -1 -2
25 63 81 92 -1 54 59 79 88 -1 18 52 92 98 -1 -2
34 58 64 67 -1 20 37 58 77 -1 21 53 97 99 -1 41 64 72 73 -1 2 23 47 68 -1 -2
20 21 60 94 -1 9 68 70 83 -1 -2
6 13 70 96 -1 54 87 88 89 -1 7 32 69 79 -1 14 30 63 65 -1 29 40 44 59 -1 48 71 75 82 -1 4 19 42 80 -1 18 33 95 99 -1 11 18 62 86 -1 51 76 86 89 -1 -2
32 69 78 87 -1 3 33 50 92 -1 8 24 29 47 -1 6 24 83 95 -1 10 41 60 61 -1 19 28 67 68 -1 63 71 90 98 -1 -2
17 25 26 60 -1 15 67 90 94 -1 13 39 62 72 -1 23 53 76 88 -1 3 51 75 79 -1 49 57 68 84 -1 -2
15 17 67 92 -1 34 47 53 66 -1 7 25 36 55 -1 -2
2 40 74 96 -1 -2
41 58 67 92 -1 14 55 59 93 -1 25 46 78 99 -1 -2
13 56 76 91 -1 1 7 24 60 -1 47 59 68 100 -1 31 53 58 90 -1 58 65 85 87 -1 -2
11 49 67 83 -1 6 76 83 85 -1 22 46 65 88 -1 68 75 81 90 -1 55 75 79 89 -1 70 77 85 93 -1 -2
16 17 21 35 -1 20 25 51 76 -1 -2
2 3 50 87 -1 -2
31 76 81 83 -1 42 43 84 93 -1 -2
17 42 58 88 -1 25 32 51 63 -1 2 39 62 78 -1 33 52 70 100 -1 7 74 75 97 -1 16 28 63 76 -1 -2
32 45 56 91 -1 -2
1 13 20 77 -1 11 18 41 100 -1 62 70 77 96 -1 4 8 55 62 -1 19 86 93 99 -1 41 42 51 69 -1 -2
1 28 43 69 -1 18 47 78 92 -1 21 32 42 85 -1 38 60 63 82 -1 9 20 61 82 -1 1 31 33 73 -1 24 48 65 100 -1 17 27 48 98 -1 -2
65 86 89 92 -1 1 23 72 84 -1 23 40 41 69 -1 -2
6 52 73 83 -1 11 20 21 72 -1 47 53 58 76 -1 15 40 57 84 -1 9 25 68 83 -1 -2
27 30 37 58 -1 38 50 51 60 -1 14 18 69 73 -1 28 38 68 94 -1 -2
11 18 35 79 -1 3 16 62 87 -1 2 5 35 65 -1 2 25 52 61 -1 16 42 67 72 -1 20 40 53 78 -1 19 24 44 46 -1 35 40 62 75 -1 16 38 62 63 -1 -2
31 92 96 99 -1 5 22 37 77 -1 -2
5 35 61 68 -1 9 22 28 57 -1 18 30 80 98 -1 20 56 81 91 -1 -2
34 81 89 99 -1 16 23 76 94 -1 36 41 44 77 -1 49 64 88 92 -1 27 49 97 100 -1 24 51 70 84 -1 15 36 66 87 -1 16 23 36 97 -1 -2
5 47 74 80 -1 2 6 18 76 -1 -2
11 34 81 89 -1 28 29 38 66 -1 43 59 60 82 -1 13 56 83 98 -1 13 36 53 72 -1 8 24 37 97 -1 24 73 85 88 -1 -2
14 54 83 90 -1 33 51 77 85 -1 -2
19 23 42 45 -1 23 28 34 36 -1 24 70 93 94 -1 -2
21 23 63 85 -1 34 35 36 58 -1 25 38 45 51 -1 25 41 60 81 -1 54 74 79 94 -1 -2
2 27 39 54 -1 14 42 73 86 -1 6 22 77 87 -1 27 40 56 68 -1 6 40 47 64 -1 27 62 74 81 -1 39 47 78 82 -1 -2
8 37 72 73 -1 51 59 66 84 -1 17 21 54 74 -1 11 28 70 75 -1 30 39 73 89 -1 82 85 92 94 -1 10 19 27 99 -1 -2
22 26 66 92 -1 14 25 38 89 -1 56 68 78 80 -1 18 35 91 97 -1 21 58 62 98 -1 23 41 42 52 -1 5 8 61 84 -1 3 31 77 99 -1 6 20 37 43 -1 -2
9 19 48 93 -1 15 39 53 58 -1 28 48 56 79 -1 16 17 44 88 -1 31 64 68 88 -1 -2
31 35 49 88 -1 23 61 78 80 -1 17 18 68 81 -1 11 28 51 54 -1 35 53 60 92 -1 16 36 61 67 -1 18 43 49 88 -1 17 23 32 37 -1 27 75 87 95 -1 8 20 43 63 -1 -2
14 41 57 68 -1 -2
13 35 40 73 -1 15 38 46 47 -1 26 62 88 91 -1 26 64 84 89 -1 65 84 88 95 -1 31 48 50 88 -1 13 31 78 83 -1 25 40 44 60 -1 -2
6 19 38 96 -1 30 32 55 73 -1 -2
6 60 67 89 -1 -2
32 66 71 87 -1 24 37 80 99 -1 8 27 47 99 -1 12 28 32 37 -1 81 82 92 95 -1 2 21 90 98 -1 -2
34 45 96 100 -1 30 55 63 87 -1 50 83 91 94 -1 31 45 62 91 -1 -2
9 20 44 50 -1 -2
7 19 29 60 -1 10 43 94 96 -1 2 78 81 84 -1 16 54 64 65 -1 47 59 72 77 -1 11 15 23 100 -1 22 65 76 77 -1 -2
28 50 68 86 -1 2 14 35 49 -1 51 53 62 82 -1 -2
34 57 63 69 -1 4 15 36 97 -1 32 52 58 87 -1 37 38 41 61 -1 73 85 90 99 -1 22 25 67 82 -1 -2
30 45 48 54 -1 9 34 41 52 -1 -2
12 27 41 61 -1 16 41 42 91 -1 5 39 44 88 -1 43 52 74 75 -1 4 10 13 30 -1 16 32 33 92 -1 22 30 52 72 -1 36 50 68 93 -1 21 22 63 64 -1 -2
36 48 52 61 -1 31 41 58 91 -1 57 68 82 86 -1 4 15 19 56 -1 -2
11 45 72 98 -1 3 33 81 87 -1 7 30 41 58 -1 45 52 74 92 -1 10 34 52 89 -1 26 47 53 73 -1 -2
5 43 85 98 -1 24 53 60 97 -1 17 66 78 94 -1 -2
8 20 62 80 -1 35 88 96 99 -1 24 52 57 88 -1 2 4 41 73 -1 9 10 14 40 -1 16 20 33 100 -1 12 61 91 99 -1 6 12 19 57 -1 -2
33 40 51 80 -1 20 58 74 97 -1 7 10 16 27 -1 24 27 32 79 -1 27 39 41 64 -1 69 78 81 85 -1 1 38 42 88 -1 10 22 49 53 -1 46 48 76 97 -1 -2
6 28 53 85 -1 37 43 61 79 -1 1 35 60 63 -1 13 21 54 72 -1 2 7 68 83 -1 33 50 65 81 -1 23 31 66 97 -1 7 17 68 98 -1 39 46 63 91 -1 27 48 80 100 -1 -2
27 34 67 76 -1 28 31 46 90 -1 45 56 60 66 -1 12 38 58 68 -1 18 38 71 91 -1 30 32 71 73 -1 38 41 52 57 -1 -2
7 13 16 85 -1 8 40 65 86 -1 27 60 62 77 -1 4 17 32 70 -1 1 8 25 63 -1 45 46 51 84 -1 4 47 86 92 -1 5 28 37 62 -1 14 56 82 98 -1 -2
3 24 26 45 -1 -2
17 52 90 94 -1 36 41 46 53 -1 29 48 69 81 -1 38 41 44 68 -1 6 17 20 47 -1 9 63 69 88 -1 17 19 20 76 -1 1 15 29 69 -1 27 73 80 100 -1 35 38 83 100 -1 -2
24 48 55 70 -1 41 54 60 73 -1 11 46 73 87 -1 34 56 78 97 -1 -2
7 29 52 61 -1 33 64 75 81 -1 7 56 65 92 -1 16 42 55 76 -1 -2
14 37 51 90 -1 5 6 25 33 -1 29 33 60 62 -1 8 43 70 87 -1 11 70 80 94 -1 -2
5 7 40 99 -1 5 68 94 95 -1 32 41 42 67 -1 16 48 52 93 -1 17 45 46 53 -1 38 48 56 78 -1 18 49 62 64 -1 24 27 79 84 -1 -2
16 44 54 57 -1 13 42 44 83 -1 20 29 33 87 -1 3 26 34 83 -1 4 31 33 52 -1 55 58 73 88 -1 59 69 76 79 -1 -2
43 47 56 76 -1 49 69 77 100 -1 43 50 64 92 -1 4 28 65 81 -1 -2
1 44 52 88 -1 10 31 87 91 -1 55 66 79 87 -1 18 37 47 72 -1 18 28 34 79 -1 67 72 87 98 -1 -2
30 41 45 74 -1 -2
32 51 52 75 -1 56 59 68 74 -1 5 18 21 24 -1 25 37 40 85 -1 -2
28 38 53 54 -1 27 49 51 81 -1 19 25 90 91 -1 8 16 33 56 -1 14 22 65 80 -1 6 11 17 75 -1 4 45 51 54 -1 6 34 70 96 -1 -2
24 44 74 81 -1 -2
33 67 85 88 -1 19 21 41 67 -1 13 22 49 68 -1 15 28 46 93 -1 21 84 97 98 -1 42 78 83 84 -1 18 66 72 94 -1 3 18 37 60 -1 8 20 50 70 -1 -2
28 33 74 99 -1 31 42 58 60 -1 20 65 86 92 -1 39 67 91 96 -1 16 47 72 94 -1 14 26 44 86 -1 9 21 47 88 -1 20 51 71 85 -1 -2
14 73 75 99 -1 9 13 44 45 -1 3 27 77 89 -1 -2
15 47 52 75 -1 36 39 49 59 -1 37 41 74 94 -1 54 74 81 88 -1 14 45 71 98 -1 37 81 88 100 -1 33 48 74 88 -1 30 59 76 85 -1 4 45 49 58 -1 -2
28 47 77 98 -1 16 21 28 53 -1 19 23 62 82 -1 14 91 92 100 -1 8 62 71 82 -1 6 50 70 86 -1 14 38 41 44 -1 3 19 52 77 -1 -2
52 63 75 81 -1 18 19 31 36 -1 30 37 48 50 -1 32 46 49 99 -1 2 44 75 81 -1 20 43 78 80 -1 10 56 73 74 -1 27 41 42 59 -1 26 41 53 60 -1 -2
42 57 62 78 -1 38 47 70 94 -1 36 44 77 87 -1 28 30 52 86 -1 5 26 66 82 -1 20 22 79 81 -1 29 47 72 91 -1 11 32 62 81 -1 3 22 94 100 -1 23 32 48 93 -1 -2
37 40 79 88 -1 46 52 73 74 -1 1 28 43 98 -1 3 58 71 87 -1 9 42 55 86 -1 -2
4 50 71 77 -1 38 54 65 81 -1 5 45 61 67 -1 3 5 30 79 -1 24 35 48 88 -1 1 5 34 58 -1 64 71 79 96 -1 1 18 54 67 -1 -2
7 30 51 70 -1 43 49 66 86 -1 5 22 36 51 -1 27 59 91 95 -1 34 85 91 93 -1 18 27 63 67 -1 7 28 33 34 -1 8 14 37 39 -1 -2
1 16 88 92 -1 13 28 38 65 -1 6 8 45 83 -1 4 33 48 83 -1 -2
1 44 85 86 -1 25 54 75 79 -1 9 38 53 74 -1 16 37 47 94 -1 37 73 80 83 -1 16 48 53 58 -1 40 52 54 100 -1 26 45 84 94 -1 -2
7 11 47 99 -1 9 10 22 40 -1 -2
35 42 71 82 -1 48 53 56 87 -1 15 34 45 93 -1 -2
34 43 47 76 -1 20 29 53 57 -1 2 46 69 81 -1 20 89 96 99 -1 1 6 28 38 -1 44 54 73 90 -1 9 63 72 100 -1 3 39 57 94 -1 -2
35 50 90 99 -1 17 21 62 77 -1 -2
1 38 56 83 -1 16 51 78 89 -1 24 36 53 96 -1 33 90 92 100 -1 -2
17 24 65 73 -1 7 13 18 34 -1 16 32 65 100 -1 19 26 71 73 -1 29 39 58 96 -1 7 64 92 94 -1 -2
1 32 43 47 -1 -2
2 36 48 99 -1 4 31 81 93 -1 5 41 50 56 -1 12 34 64 98 -1 -2
5 11 86 90 -1 60 64 70 83 -1 8 45 59 60 -1 5 40 58 99 -1 4 33 45 81 -1 19 21 31 69 -1 11 31 52 60 -1 10 28 38 78 -1 2 71 83 93 -1 -2
8 32 36 54 -1 32 52 58 97 -1 2 6 47 99 -1 7 11 67 73 -1 9 11 50 72 -1 74 75 78 84 -1 56 68 89 98 -1 -2
27 34 41 91 -1 -2
2 47 81 92 -1 2 15 20 26 -1 24 32 37 56 -1 17 29 33 100 -1 12 15 69 80 -1 17 24 60 85 -1 1 39 40 65 -1 36 50 51 97 -1 -2
37 64 91 99 -1 16 49 69 86 -1 16 36 85 100 -1 19 23 63 91 -1 10 14 41 53 -1 -2
18 23 71 93 -1 9 18 23 74 -1 1 17 33 78 -1 35 95 97 100 -1 3 43 52 97 -1 3 29 32 99 -1 17 55 96 100 -1 5 24 93 95 -1 50 62 73 88 -1 23 36 43 86 -1 -2
3 30 74 90 -1 34 59 70 99 -1 39 65 84 87 -1 6 33 77 99 -1 -2
23 36 65 89 -1 23 44 68 82 -1 16 28 33 65 -1 36 72 83 97 -1 9 21 56 58 -1 -2
17 60 71 86 -1 7 28 61 81 -1 24 47 67 68 -1 2 9 30 41 -1 -2
4 20 66 78 -1 3 35 50 85 -1 25 43 67 91 -1 48 55 81 88 -1 24 63 71 99 -1 21 84 94 98 -1 22 41 43 54 -1 13 40 48 80 -1 40 58 63 97 -1 8 35 52 75 -1 -2
20 52 62 95 -1 56 71 85 99 -1 -2
18 29 82 87 -1 20 57 60 74 -1 6 67 69 98 -1 31 79 82 98 -1 13 48 89 95 -1 31 88 98 99 -1 1 32 92 100 -1 2 27 30 82 -1 -2
32 47 73 90 -1 17 70 79 98 -1 -2
27 38 68 75 -1 18 46 47 85 -1 12 35 39 55 -1 -2
31 33 65 76 -1 12 30 50 74 -1 -2
30 38 43 98 -1 19 59 85 86 -1 -2
13 53 74 91 -1 32 73 98 100 -1 13 34 92 99 -1 12 32 76 80 -1 -2
14 48 57 68 -1 26 47 59 96 -1 48 56 61 75 -1 1 17 19 24 -1 26 51 77 81 -1 39 70 91 97 -1 3 15 60 90 -1 9 10 30 41 -1 33 51 69 74 -1 46 51 68 98 -1 -2
24 33 82 95 -1 1 26 30 61 -1 15 46 71 99 -1 21 64 69 73 -1 -2
31 50 64 93 -1 6 8 9 12 -1 4 15 22 37 -1 22 42 53 78 -1 7 8 40 70 -1 9 35 76 91 -1 -2
15 43 79 100 -1 10 14 61 83 -1 41 67 78 95 -1 28 37 65 80 -1 -2
23 24 40 86 -1 -2
12 51 61 99 -1 42 47 53 58 -1 6 25 89 97 -1 25 69 70 82 -1 10 13 73 92 -1 39 43 56 63 -1 47 56 62 65 -1 -2
21 44 84 85 -1 24 60 94 97 -1 32 35 61 99 -1 36 39 89 95 -1 18 68 77 95 -1 -2
2 14 64 99 -1 13 24 45 61 -1 63 77 92 93 -1 53 64 80 89 -1 18 73 81 86 -1 -2
1 2 34 91 -1 9 33 44 62 -1 29 39 49 72 -1 -2
14 39 60 88 -1 16 47 48 92 -1 23 24 77 93 -1 51 66 78 86 -1 12 31 82 91 -1 -2
54 78 82 94 -1 13 34 72 78 -1 26 27 56 84 -1 4 19 77 100 -1 48 68 72 86 -1 14 23 41 57 -1 32 37 49 55 -1 17 39 79 89 -1 -2
5 35 36 95 -1 37 47 64 68 -1 36 47 74 93 -1 -2
14 41 60 84 -1 30 53 74 93 -1 36 38 69 92 -1 30 39 57 80 -1 13 18 91 98 -1 -2
13 45 80 89 -1 14 28 43 64 -1 13 28 55 86 -1 32 59 63 100 -1 2 24 48 63 -1 9 26 52 67 -1 17 25 33 97 -1 6 11 67 75 -1 4 35 46 62 -1 -2
24 62 68 98 -1 -2
28 66 71 78 -1 19 57 58 65 -1 52 55 79 85 -1 -2
23 58 67 97 -1 -2
39 46 48 63 -1 13 34 42 50 -1 36 39 42 56 -1 11 25 35 49 -1 6 30 58 61 -1 19 41 60 98 -1 53 55 70 73 -1 6 42 75 83 -1 2 14 15 34 -1 -2
20 22 81 95 -1 -2
52 56 79 86 -1 24 31 37 62 -1 2 22 80 98 -1 48 61 65 75 -1 22 35 39 77 -1 11 28 54 87 -1 4 40 50 72 -1 6 10 66 67 -1 -2
28 47 81 97 -1 26 48 80 81 -1 44 51 67 80 -1 23 78 88 96 -1 6 60 61 77 -1 -2
31 73 90 94 -1 36 54 61 92 -1 35 47 61 69 -1 64 83 96 100 -1 30 57 65 78 -1 16 21 36 59 -1 15 16 84 98 -1 64 65 70 75 -1 16 41 72 84 -1 -2
26 40 45 78 -1 4 9 39 82 -1 31 33 67 81 -1 50 54 76 88 -1 14 31 81 85 -1 -2
5 17 19 80 -1 58 59 93 97 -1 6 33 78 93 -1 34 47 49 92 -1 65 72 88 90 -1 7 13 18 46 -1 49 62 87 93 -1 13 68 93 100 -1 -2
38 41 44 82 -1 20 50 52 56 -1 2 3 75 76 -1 4 27 29 100 -1 13 51 58 75 -1 25 31 48 54 -1 26 54 89 93 -1 26 31 48 79 -1 50 62 76 100 -1 -2
17 24 32 91 -1 2 10 15 92 -1 11 15 50 53 -1 -2
52 71 74 80 -1 2 67 83 92 -1 15 17 33 84 -1 61 62 63 84 -1 47 74 84 93 -1 30 35 52 99 -1 -2
13 29 34 46 -1 9 32 72 78 -1 8 40 67 92 -1 -2
17 52 61 72 -1 31 36 50 99 -1 3 53 65 96 -1 19 38 43 93 -1 43 57 80 95 -1 12 32 62 92 -1 16 34 65 89 -1 9 16 29 40 -1 47 49 52 76 -1 -2
14 25 36 58 -1 29 73 82 83 -1 9 21 48 94 -1 44 57 63 65 -1 14 28 54 86 -1 7 36 41 78 -1 14 48 66 77 -1 9 15 34 99 -1 -2
3 40 63 69 -1 16 60 77 93 -1 5 14 18 85 -1 31 36 70 88 -1 1 15 81 96 -1 8 11 59 79 -1 27 40 43 44 -1 26 27 33 73 -1 11 18 53 96 -1 49 86 91 100 -1 -2
10 44 48 49 -1 1 25 89 96 -1 72 83 95 97 -1 -2
3 4 32 100 -1 17 45 58 96 -1 -2
1 39 65 98 -1 5 40 55 64 -1 5 37 38 44 -1 56 60 68 82 -1 17 24 33 95 -1 3 13 80 81 -1 22 78 88 92 -1 30 54 72 76 -1 52 60 75 78 -1 -2
4 10 32 80 -1 -2
10 33 57 59 -1 5 32 61 72 -1 4 30 44 88 -1 -2
37 53 66 93 -1 2 3 9 96 -1 9 52 76 90 -1 27 30 42 95 -1 6 10 79 88 -1 -2
10 17 57 65 -1 12 15 16 86 -1 8 47 53 69 -1 2 58 70 83 -1 3 41 45 87 -1 20 43 87 92 -1 12 46 63 78 -1 5 38 65 68 -1 61 73 93 98 -1 11 14 20 37 -1 -2
18 50 77 84 -1 1 52 69 80 -1 41 76 92 96 -1 21 34 61 68 -1 25 26 33 59 -1 23 27 38 72 -1 29 68 74 83 -1 -2
4 7 64 100 -1 2 4 33 74 -1 52 60 80 92 -1 48 67 72 85 -1 -2
39 53 55 65 -1 28 66 75 80 -1 42 68 87 89 -1 3 58 71 75 -1 -2
25 39 40 71 -1 -2
16 45 74 82 -1 5 14 42 49 -1 4 7 14 100 -1 63 64 92 98 -1 4 9 44 58 -1 5 15 24 56 -1 64 76 80 84 -1 48 58 63 95 -1 43 61 86 99 -1 -2
31 48 77 78 -1 19 38 88 94 -1 -2
7 23 75 77 -1 1 12 65 94 -1 21 38 61 76 -1 7 55 57 63 -1 29 40 51 71 -1 37 56 70 95 -1 11 16 34 83 -1 -2
11 35 49 56 -1 45 63 91 94 -1 1 35 70 97 -1 2 9 55 97 -1 4 64 74 82 -1 29 36 37 80 -1 22 34 83 85 -1 44 65 86 90 -1 21 70 74 78 -1 1 2 41 64 -1 -2
19 41 87 92 -1 -2
55 68 78 83 -1 7 28 60 83 -1 68 84 89 93 -1 7 37 58 97 -1 3 29 83 90 -1 17 21 31 88 -1 5 14 52 63 -1 -2
1 8 41 80 -1 8 35 56 63 -1 53 57 72 98 -1 5 14 58 81 -1 2 10 47 92 -1 13 49 52 86 -1 -2
48 67 82 94 -1 23 34 49 71 -1 8 12 38 79 -1 16 43 75 87 -1 1 17 18 49 -1 23 30 69 71 -1 61 64 89 99 -1 41 49 69 90 -1 -2
69 71 73 98 -1 13 32 43 77 -1 29 63 79 87 -1 58 60 61 66 -1 20 23 73 97 -1 -2
36 63 65 81 -1 37 54 60 66 -1 1 24 44 54 -1 20 74 85 99 -1 24 65 66 92 -1 13 26 27 39 -1 1 7 25 71 -1 7 12 14 77 -1 55 74 86 99 -1 -2
9 33 86 92 -1 23 36 42 85 -1 12 26 41 96 -1 5 59 61 99 -1 8 17 51 61 -1 6 27 72 82 -1 -2
5 8 64 93 -1 7 42 61 76 -1 1 61 62 88 -1 18 46 65 78 -1 3 41 69 83 -1 39 44 47 87 -1 3 25 50 78 -1 37 56 71 82 -1 17 20 22 96 -1 14 27 41 64 -1 -2
21 23 34 95 -1 -2
9 72 91 98 -1 24 26 38 96 -1 15 28 66 88 -1 15 28 72 89 -1 31 34 53 82 -1 24 32 58 68 -1 -2
19 57 61 100 -1 19 42 58 88 -1 26 46 50 52 -1 17 32 85 89 -1 -2
31 37 46 82 -1 26 36 78 89 -1 -2
5 29 45 56 -1 7 64 82 90 -1 27 31 34 78 -1 27 35 37 84 -1 1 6 27 65 -1 33 55 70 96 -1 9 34 49 74 -1 28 45 65 84 -1 32 43 61 81 -1 -2
47 77 83 86 -1 19 43 58 62 -1 20 38 55 97 -1 17 31 56 74 -1 42 65 80 100 -1 2 11 34 58 -1 29 36 68 96 -1 31 69 87 96 -1 15 17 56 74 -1 20 63 66 73 -1 -2
18 35 64 96 -1 1 81 88 92 -1 54 58 77 81 -1 29 47 73 89 -1 30 49 57 61 -1 1 13 17 20 -1 7 28 55 69 -1 33 61 82 90 -1 12 22 43 62 -1 24 46 70 82 -1 -2
16 20 25 53 -1 45 55 58 66 -1 -2
3 28 61 97 -1 46 55 74 98 -1 33 49 87 94 -1 43 67 86 92 -1 31 33 52 74 -1 17 21 29 52 -1 16 24 38 100 -1 21 27 98 99 -1 8 17 46 94 -1 2 11 16 62 -1 -2
12 16 43 64 -1 3 14 70 80 -1 13 34 43 74 -1 48 68 83 84 -1 7 33 35 54 -1 54 58 59 68 -1 -2
29 70 90 100 -1 13 45 65 68 -1 45 51 63 94 -1 3 11 70 71 -1 20 33 36 58 -1 -2
55 75 78 79 -1 14 45 65 80 -1 23 58 63 65 -1 20 37 46 85 -1 32 38 39 89 -1 -2
41 44 84 85 -1 39 45 50 96 -1 13 45 52 76 -1 28 55 62 67 -1 20 30 33 95 -1 10 13 36 98 -1 -2
2 34 64 76 -1 24 34 42 50 -1 45 59 60 71 -1 34 37 85 86 -1 5 31 54 57 -1 1 59 76 100 -1 -2
21 50 60 90 -1 -2
1 44 72 77 -1 19 38 46 59 -1 32 67 86 99 -1 17 20 34 92 -1 37 49 78 85 -1 16 37 53 55 -1 49 57 60 92 -1 15 18 57 81 -1 3 23 32 99 -1 18 26 60 77 -1 -2
32 53 59 85 -1 22 62 65 66 -1 14 32 66 80 -1 34 36 78 97 -1 47 54 80 95 -1 47 57 97 98 -1 16 37 73 99 -1 7 36 92 94 -1 31 46 54 80 -1 34 43 51 54 -1 -2
37 48 71 99 -1 6 47 85 92 -1 3 12 13 66 -1 5 39 73 81 -1 11 48 78 91 -1 3 18 30 35 -1 -2
60 81 83 90 -1 6 18 22 68 -1 29 33 38 89 -1 25 52 57 61 -1 50 87 88 90 -1 27 54 66 98 -1 15 26 45 88 -1 18 36 38 45 -1 6 36 51 68 -1 18 56 89 99 -1 -2
15 33 40 95 -1 1 3 13 38 -1 30 41 46 86 -1 7 34 76 82 -1 -2
10 12 89 93 -1 32 35 65 80 -1 38 52 55 59 -1 2 21 48 55 -1 16 51 55 62 -1 55 71 84 100 -1 -2
6 27 28 87 -1 32 47 53 64 -1 2 63 66 94 -1 17 33 50 71 -1 31 39 47 51 -1 34 69 73 77 -1 18 48 71 88 -1 -2
1 18 28 44 -1 25 42 56 95 -1 19 43 60 83 -1 12 67 72 85 -1 40 51 80 96 -1 50 65 76 87 -1 20 35 45 65 -1 8 48 63 75 -1 19 26 33 74 -1 -2
15 22 65 67 -1 53 65 75 78 -1 3 5 18 55 -1 9 14 28 80 -1 4 37 41 82 -1 15 33 37 56 -1 11 24 65 99 -1 12 23 40 71 -1 -2
9 31 65 95 -1 9 73 87 96 -1 13 55 61 72 -1 18 84 92 98 -1 45 86 95 97 -1 3 7 43 95 -1 6 23 33 62 -1 9 22 77 88 -1 26 30 35 80 -1 -2
3 23 39 50 -1 7 43 49 83 -1 6 51 78 81 -1 -2
24 31 50 81 -1 25 60 62 72 -1 44 58 64 84 -1 20 35 41 51 -1 2 12 30 70 -1 25 32 56 73 -1 7 37 60 97 -1 12 41 56 76 -1 -2
12 51 58 78 -1 3 14 20 34 -1 12 64 84 94 -1 1 31 53 95 -1 2 69 73 96 -1 11 16 43 45 -1 -2
19 34 50 76 -1 14 25 46 84 -1 8 32 79 82 -1 -2
21 26 48 87 -1 1 49 74 92 -1 11 16 48 89 -1 11 13 44 60 -1 -2
35 53 92 99 -1 19 60 69 84 -1 6 49 57 61 -1 10 35 58 81 -1 -2
5 7 27 87 -1 15 47 65 86 -1 37 53 74 79 -1 6 16 66 76 -1 5 35 42 61 -1 40 79 88 98 -1 15 23 50 68 -1 48 67 69 76 -1 -2
17 57 90 97 -1 26 43 51 66 -1 35 40 48 64 -1 -2
10 13 43 76 -1 15 30 49 76 -1 31 47 67 76 -1 7 16 80 84 -1 -2
30 61 82 90 -1 18 29 74 95 -1 14 18 46 89 -1 35 74 86 93 -1 3 38 44 92 -1 3 75 77 92 -1 4 41 54 95 -1 39 46 58 97 -1 -2
68 77 83 98 -1 5 47 56 70 -1 52 53 87 88 -1 18 50 70 87 -1 14 57 74 100 -1 8 82 86 90 -1 32 45 47 51 -1 2 32 63 76 -1 27 31 71 91 -1 -2
6 28 51 92 -1 14 43 84 89 -1 25 26 57 96 -1 -2
10 17 36 87 -1 67 68 75 82 -1 28 39 48 86 -1 3 61 84 98 -1 27 34 52 63 -1 36 38 42 77 -1 -2
32 77 94 97 -1 15 19 39 97 -1 14 22 60 77 -1 4 37 88 93 -1 48 62 85 94 -1 2 79 82 88 -1 40 41 45 76 -1 8 12 23 69 -1 1 17 49 97 -1 11 18 61 97 -1 -2
8 13 60 70 -1 1 6 61 92 -1 27 44 50 67 -1 32 47 52 91 -1 -2
17 51 52 53 -1 32 50 56 72 -1 9 23 46 66 -1 1 14 44 94 -1 3 28 53 57 -1 9 20 30 75 -1 5 68 81 82 -1 42 49 67 92 -1 -2
18 20 45 85 -1 38 64 83 96 -1 -2
48 68 92 94 -1 30 74 78 99 -1 20 63 81 84 -1 3 64 66 91 -1 42 64 70 82 -1 10 45 77 83 -1 -2
1 16 18 26 -1 26 35 84 98 -1 8 32 35 86 -1 5 62 77 81 -1 47 66 91 96 -1 22 44 45 97 -1 33 70 76 99 -1 5 24 37 94 -1 31 33 34 94 -1 6 32 91 92 -1 -2
20 75 76 88 -1 18 25 55 70 -1 2 11 18 97 -1 8 48 53 84 -1 25 68 96 99 -1 -2
21 35 66 90 -1 42 47 60 84 -1 6 13 24 45 -1 1 17 23 74 -1 24 31 50 88 -1 13 54 75 87 -1 -2
41 61 64 65 -1 31 40 47 84 -1 6 37 40 48 -1 35 50 61 75 -1 -2
42 52 80 82 -1 -2
12 29 68 80 -1 51 65 88 97 -1 2 45 63 98 -1 3 57 94 95 -1 9 10 29 53 -1 6 25 80 90 -1 -2
30 43 75 82 -1 43 90 92 98 -1 41 78 90 96 -1 24 32 53 74 -1 -2
10 35 45 98 -1 17 57 67 83 -1 -2
2 14 63 81 -1 4 6 68 82 -1 22 32 66 93 -1 13 15 44 98 -1 -2
55 63 68 82 -1 1 14 41 50 -1 15 39 42 78 -1 44 48 59 81 -1 10 21 71 79 -1 27 45 67 93 -1 20 43 64 96 -1 -2
26 35 41 81 -1 56 72 74 79 -1 33 79 89 99 -1 37 55 74 91 -1 1 66 69 99 -1 -2
60 63 65 80 -1 32 59 88 96 -1 12 31 32 83 -1 5 42 84 99 -1 47 58 78 97 -1 11 29 82 89 -1 4 18 83 95 -1 26 51 52 70 -1 66 75 81 96 -1 15 18 56 68 -1 -2
28 35 75 77 -1 61 67 90 100 -1 7 68 70 73 -1 6 12 13 38 -1 14 15 21 52 -1 23 44 74 87 -1 21 37 61 81 -1 20 57 89 91 -1 3 20 25 44 -1 -2
23 74 85 92 -1 11 42 76 77 -1 39 59 65 85 -1 17 35 44 83 -1 6 27 61 70 -1 25 41 58 81 -1 37 39 42 79 -1 26 50 78 97 -1 60 66 68 92 -1 12 57 89 98 -1 -2
13 33 58 90 -1 -2
18 27 67 69 -1 18 55 61 71 -1 71 79 80 89 -1 33 65 74 81 -1 26 42 52 98 -1 -2
15 37 63 92 -1 43 51 52 97 -1 -2
10 29 74 93 -1 3 21 28 50 -1 34 49 55 99 -1 29 46 89 93 -1 33 41 87 96 -1 16 20 25 60 -1 25 53 63 79 -1 6 38 42 100 -1 -2
26 35 38 89 -1 -2
24 50 74 92 -1 -2
18 74 80 81 -1 38 70 84 93 -1 22 50 55 63 -1 8 22 25 57 -1 6 44 52 78 -1 -2
16 50 62 63 -1 21 42 77 88 -1 -2
17 33 72 89 -1 26 50 65 88 -1 4 19 46 59 -1 41 82 90 99 -1 12 24 41 74 -1 3 4 12 80 -1 3 16 46 48 -1 41 75 89 91 -1 30 48 66 83 -1 -2
10 24 31 47 -1 21 25 64 89 -1 6 22 79 96 -1 9 30 48 67 -1 19 56 62 86 -1 -2
42 64 79 89 -1 35 36 41 60 -1 34 43 81 96 -1 7 12 60 95 -1 -2
51 76 77 94 -1 10 48 81 87 -1 -2
33 52 81 87 -1 3 14 16 23 -1 11 54 55 80 -1 32 46 71 99 -1 11 15 43 44 -1 14 42 48 52 -1 -2
19 20 71 77 -1 6 45 58 80 -1 5 86 88 90 -1 11 13 79 94 -1 -2
6 26 33 57 -1 7 30 66 76 -1 4 33 72 82 -1 16 77 81 98 -1 22 29 54 76 -1 34 40 58 84 -1 44 69 75 92 -1 -2
54 59 77 78 -1 11 19 78 94 -1 23 48 70 93 -1 39 41 64 80 -1 6 17 85 91 -1 57 89 95 97 -1 20 55 63 100 -1 27 28 30 49 -1 13 27 59 61 -1 -2
9 39 61 86 -1 1 5 52 74 -1 1 18 28 91 -1 15 27 38 87 -1 26 32 54 63 -1 -2
7 21 50 97 -1 13 70 80 95 -1 10 18 86 97 -1 29 58 60 65 -1 6 12 17 75 -1 -2
8 86 88 89 -1 -2
53 73 80 94 -1 51 81 83 100 -1 2 20 29 81 -1 1 46 98 99 -1 4 9 24 45 -1 -2
24 50 91 94 -1 37 43 56 71 -1 24 32 54 73 -1 -2
23 73 88 95 -1 17 51 80 91 -1 18 88 91 100 -1 7 8 17 58 -1 -2
17 24 30 62 -1 26 50 61 63 -1 19 33 42 79 -1 7 11 27 37 -1 1 39 44 74 -1 -2
66 67 69 99 -1 42 75 81 83 -1 33 57 66 79 -1 17 26 80 96 -1 48 76 97 100 -1 20 44 74 95 -1 11 24 57 60 -1 -2
28 68 89 94 -1 28 40 78 86 -1 11 21 59 65 -1 4 17 75 77 -1 29 32 36 74 -1 -2
49 67 69 70 -1 15 37 69 96 -1 16 18 56 57 -1 5 17 21 71 -1 15 74 76 80 -1 9 10 27 34 -1 15 40 51 90 -1 56 68 75 82 -1 16 18 72 91 -1 -2
3 21 34 72 -1 15 41 76 91 -1 20 23 77 91 -1 -2
58 64 79 100 -1 12 42 61 67 -1 1 33 39 85 -1 69 77 86 88 -1 38 75 86 98 -1 73 80 87 98 -1 -2
16 28 70 97 -1 40 56 69 76 -1 1 14 24 66 -1 12 42 82 83 -1 19 77 83 85 -1 -2
3 18 20 37 -1 14 31 73 77 -1 11 25 30 53 -1 8 9 15 24 -1 28 34 66 90 -1 10 57 69 79 -1 42 46 68 75 -1 -2
3 28 75 90 -1 49 76 79 98 -1 1 27 71 90 -1 26 30 45 89 -1 -2
36 67 81 95 -1 55 72 88 89 -1 45 58 70 98 -1 32 41 91 97 -1 21 34 42 62 -1 22 43 65 90 -1 9 38 45 98 -1 3 24 29 78 -1 8 14 31 45 -1 1 65 78 100 -1 -2
6 27 62 82 -1 1 23 50 77 -1 -2
12 20 58 89 -1 27 30 87 97 -1 5 71 80 95 -1 35 55 70 81 -1 71 79 82 98 -1 17 33 63 66 -1 2 48 75 76 -1 4 61 63 78 -1 38 56 63 93 -1 1 21 53 84 -1 -2
16 25 32 85 -1 -2
3 14 34 75 -1 17 20 84 88 -1 -2
4 43 54 71 -1 3 75 90 91 -1 37 50 69 81 -1 14 22 29 86 -1 18 59 62 67 -1 15 29 45 51 -1 11 39 46 47 -1 20 53 54 64 -1 -2
13 32 52 53 -1 32 46 90 96 -1 -2
7 64 67 73 -1 42 59 85 91 -1 9 16 59 98 -1 3 33 72 75 -1 12 31 53 64 -1 23 36 52 67 -1 3 43 61 96 -1 -2
2 28 45 98 -1 17 46 56 58 -1 19 41 67 81 -1 4 15 23 46 -1 19 69 78 100 -1 -2
22 24 48 85 -1 22 64 89 90 -1 4 10 12 98 -1 -2
50 54 74 82 -1 25 50 55 92 -1 36 65 66 70 -1 44 46 52 87 -1 4 10 38 44 -1 38 49 55 79 -1 -2
1 64 75 79 -1 -2
30 34 45 63 -1 18 28 35 91 -1 25 33 38 79 -1 3 49 57 61 -1 -2
6 59 67 85 -1 12 17 41 88 -1 14 15 47 60 -1 43 56 72 93 -1 16 23 32 45 -1 45 61 80 88 -1 10 64 76 96 -1 11 55 61 67 -1 -2
21 43 78 98 -1 12 60 78 93 -1 1 5 69 98 -1 45 91 94 95 -1 27 30 69 89 -1 79 82 93 98 -1 50 53 61 86 -1 16 38 43 58 -1 6 21 53 87 -1 -2
5 9 32 94 -1 28 43 61 79 -1 13 75 81 86 -1 2 46 47 91 -1 18 36 43 75 -1 29 34 50 60 -1 21 32 85 95 -1 -2
8 20 76 79 -1 9 15 38 48 -1 22 51 66 99 -1 -2
6 27 44 72 -1 32 50 92 96 -1 6 50 86 93 -1 -2
17 28 33 98 -1 1 6 70 73 -1 13 15 46 91 -1 12 74 77 97 -1 17 31 76 88 -1 1 2 49 69 -1 34 50 53 87 -1 20 22 52 100 -1 2 3 29 94 -1 -2
36 57 60 78 -1 36 45 46 49 -1 36 60 64 90 -1 20 42 49 52 -1 44 63 83 85 -1 -2
13 37 55 93 -1 10 33 63 95 -1 -2
4 14 22 52 -1 6 18 24 87 -1 15 23 31 37 -1 27 44 84 88 -1 14 24 45 58 -1 -2
4 54 60 76 -1 1 2 10 81 -1 14 54 80 83 -1 53 73 80 82 -1 20 38 40 68 -1 20 25 39 49 -1 79 84 88 91 -1 37 39 43 56 -1 12 71 83 97 -1 3 10 39 51 -1 -2
9 40 77 90 -1 38 39 59 84 -1 22 47 73 94 -1 25 26 45 98 -1 2 56 69 73 -1 41 45 90 100 -1 -2
39 53 71 72 -1 22 23 74 93 -1 16 42 81 87 -1 11 18 73 76 -1 1 13 41 88 -1 4 20 41 49 -1 15 23 33 60 -1 5 18 38 95 -1 13 51 63 64 -1 -2
11 57 65 85 -1 10 11 39 97 -1 45 57 66 96 -1 23 29 70 74 -1 26 44 55 80 -1 35 45 74 99 -1 6 30 55 57 -1 -2
9 15 56 70 -1 16 28 29 67 -1 32 48 71 93 -1 8 30 38 80 -1 35 46 63 77 -1 -2
14 30 39 83 -1 8 26 53 68 -1 17 45 59 92 -1 8 13 35 80 -1 4 19 64 91 -1 5 46 78 84 -1 26 34 75 93 -1 -2
21 29 58 78 -1 4 46 66 98 -1 -2
17 27 31 70 -1 -2
58 64 72 84 -1 31 57 62 81 -1 14 34 67 83 -1 15 28 30 92 -1 -2
16 25 40 76 -1 38 43 72 94 -1 42 62 77 98 -1 17 50 59 91 -1 8 33 43 87 -1 8 12 23 43 -1 -2
5 41 70 78 -1 11 43 47 56 -1 -2
31 60 77 98 -1 9 28 43 86 -1 9 75 80 81 -1 62 64 67 86 -1 42 53 68 95 -1 16 59 64 95 -1 12 49 58 60 -1 -2
4 48 58 59 -1 2 51 55 93 -1 47 54 74 78 -1 15 44 67 87 -1 35 40 43 86 -1 -2
22 34 37 60 -1 49 70 71 97 -1 14 39 58 97 -1 6 23 30 85 -1 -2
1 49 71 82 -1 54 84 85 90 -1 16 20 24 76 -1 21 46 63 85 -1 11 33 40 76 -1 9 21 52 96 -1 3 13 36 63 -1 -2
26 46 78 87 -1 -2
1 5 22 30 -1 20 29 87 94 -1 36 67 75 78 -1 4 52 63 75 -1 11 30 86 90 -1 31 78 85 89 -1 49 57 83 95 -1 14 31 67 91 -1 8 60 64 88 -1 27 38 49 55 -1 -2
37 89 94 96 -1 2 36 56 80 -1 69 70 85 99 -1 22 27 29 88 -1 18 40 41 47 -1 -2
21 46 65 85 -1 4 5 47 97 -1 9 10 13 37 -1 9 11 85 95 -1 11 33 34 58 -1 40 42 51 98 -1 28 74 88 97 -1 38 59 65 98 -1 -2
25 57 60 100 -1 41 65 66 81 -1 6 39 43 66 -1 -2
36 48 55 91 -1 17 24 41 76 -1 17 19 62 72 -1 23 50 79 81 -1 32 34 43 91 -1 19 40 94 100 -1 21 80 82 93 -1 4 12 63 90 -1 37 60 74 99 -1 -2
3 11 44 69 -1 2 7 42 68 -1 61 66 87 89 -1 4 16 67 91 -1 2 55 71 96 -1 18 28 61 76 -1 15 26 85 87 -1 33 57 64 75 -1 1 54 60 75 -1 -2
76 80 81 89 -1 37 44 61 66 -1 1 12 34 66 -1 54 69 91 96 -1 7 18 79 90 -1 32 49 63 76 -1 9 32 42 98 -1 4 32 57 81 -1 -2
18 32 57 81 -1 21 39 52 63 -1 31 42 61 84 -1 6 11 33 82 -1 29 47 57 62 -1 21 80 94 99 -1 12 55 62 99 -1 1 37 58 74 -1 16 41 78 89 -1 -2
19 23 54 71 -1 5 20 54 99 -1 41 52 53 79 -1 21 29 81 87 -1 77 81 86 87 -1 38 41 89 94 -1 3 49 56 81 -1 -2
24 29 70 76 -1 7 14 24 43 -1 49 68 72 88 -1 5 44 72 76 -1 15 17 81 100 -1 24 34 48 100 -1 20 31 37 72 -1 20 33 36 73 -1 8 13 68 79 -1 2 6 11 67 -1 -2
34 56 91 94 -1 -2
5 47 66 99 -1 33 63 70 100 -1 14 22 87 91 -1 30 31 91 99 -1 8 71 81 100 -1 -2
26 42 49 62 -1 1 12 39 99 -1 34 40 86 94 -1 17 21 65 88 -1 46 61 84 87 -1 24 35 70 84 -1 14 25 37 73 -1 20 73 84 100 -1 28 39 72 93 -1 -2
73 90 92 93 -1 8 39 55 74 -1 5 34 38 85 -1 20 32 56 58 -1 -2
23 63 71 85 -1 10 29 45 90 -1 5 15 20 55 -1 19 91 93 100 -1 12 88 89 99 -1 18 52 75 92 -1 12 44 80 89 -1 5 50 80 95 -1 22 23 43 86 -1 34 47 53 73 -1 -2
21 44 78 88 -1 25 28 82 97 -1 13 32 77 88 -1 47 48 57 91 -1 -2
10 26 40 99 -1 -2
20 49 56 100 -1 38 53 69 81 -1 61 83 85 99 -1 -2
14 49 72 100 -1 1 26 42 65 -1 5 29 73 75 -1 12 51 83 88 -1 29 84 86 88 -1 10 13 28 87 -1 2 16 45 91 -1 46 67 68 81 -1 -2
25 29 73 78 -1 35 40 78 97 -1 2 58 79 98 -1 1 17 28 79 -1 41 44 50 75 -1 19 27 61 68 -1 14 69 76 99 -1 -2
24 75 77 80 -1 4 5 72 79 -1 16 41 48 61 -1 8 11 47 86 -1 37 68 88 93 -1 28 31 69 75 -1 29 35 75 77 -1 13 22 51 84 -1 15 35 60 72 -1 9 19 34 40 -1 -2
58 71 97 98 -1 22 47 66 75 -1 44 52 82 96 -1 13 48 63 67 -1 -2
33 58 62 70 -1 6 52 56 97 -1 25 29 38 66 -1 47 57 58 97 -1 31 35 40 85 -1 -2
21 28 81 97 -1 6 25 48 92 -1 73 75 81 89 -1 12 21 45 93 -1 23 36 72 95 -1 1 52 53 74 -1 6 11 20 79 -1 40 46 56 85 -1 14 50 72 79 -1 11 56 86 89 -1 -2
14 21 35 51 -1 24 48 71 80 -1 16 25 63 87 -1 15 24 42 86 -1 6 23 31 84 -1 28 43 62 75 -1 -2
28 33 41 95 -1 10 12 18 74 -1 10 16 30 34 -1 22 47 51 91 -1 19 48 59 90 -1 -2
20 23 28 50 -1 7 14 29 96 -1 8 17 34 57 -1 30 62 71 100 -1 50 55 68 78 -1 -2
6 42 73 95 -1 22 28 40 57 -1 23 35 63 75 -1 14 31 38 39 -1 31 33 50 67 -1 57 82 83 99 -1 4 8 32 100 -1 -2
9 47 52 81 -1 10 15 84 98 -1 17 58 60 69 -1 19 56 69 88 -1 1 26 37 57 -1 3 27 38 53 -1 1 5 31 85 -1 66 71 89 94 -1 -2
1 18 66 98 -1 11 30 69 84 -1 28 45 50 94 -1 46 54 92 100 -1 -2
8 42 82 84 -1 20 27 28 71 -1 31 33 37 82 -1 -2
16 46 60 83 -1 41 55 61 75 -1 31 56 59 95 -1 3 7 31 61 -1 -2
73 80 82 92 -1 1 44 72 79 -1 20 62 75 90 -1 -2
15 78 80 90 -1 36 56 88 100 -1 -2
54 57 71 86 -1 47 54 62 66 -1 36 67 82 92 -1 7 27 35 89 -1 26 38 45 55 -1 25 34 90 93 -1 6 26 56 97 -1 12 34 45 69 -1 -2
30 31 83 88 -1 9 54 64 99 -1 57 75 96 98 -1 3 13 78 98 -1 5 69 72 94 -1 40 42 66 69 -1 -2
23 26 63 68 -1 69 73 81 99 -1 4 9 22 42 -1 -2
9 15 65 92 -1 45 58 76 95 -1 11 22 64 89 -1 6 19 69 98 -1 34 55 56 96 -1 7 23 60 62 -1 7 28 70 83 -1 34 55 75 90 -1 1 7 56 73 -1 -2
66 67 72 82 -1 4 55 64 66 -1 6 35 43 71 -1 22 41 57 78 -1 29 56 77 95 -1 34 74 75 76 -1 5 21 45 62 -1 20 44 70 93 -1 26 31 71 85 -1 1 45 51 93 -1 -2
5 7 20 27 -1 8 62 74 99 -1 35 49 54 79 -1 14 43 49 68 -1 2 45 55 94 -1 56 64 71 95 -1 62 74 90 97 -1 -2
30 57 60 75 -1 25 34 64 67 -1 25 55 67 85 -1 2 17 24 69 -1 1 3 66 92 -1 9 61 70 74 -1 18 19 51 86 -1 8 23 25 48 -1 16 38 67 69 -1 7 10 80 96 -1 -2
4 30 40 41 -1 5 6 15 82 -1 2 13 26 69 -1 8 21 24 80 -1 -2
12 22 65 66 -1 52 65 88 92 -1 26 31 85 89 -1 23 56 64 93 -1 15 26 29 62 -1 2 47 82 99 -1 -2
28 31 74 86 -1 18 23 25 55 -1 14 72 73 93 -1 26 40 46 89 -1 23 36 63 89 -1 9 22 59 62 -1 57 64 89 92 -1 -2
44 45 80 81 -1 -2
11 34 39 69 -1 48 66 84 89 -1 3 35 49 65 -1 26 31 75 88 -1 19 46 76 90 -1 43 48 52 72 -1 -2
16 40 73 86 -1 -2
4 34 39 43 -1 3 46 64 69 -1 6 8 31 87 -1 -2
18 26 56 68 -1 2 30 41 44 -1 7 20 25 78 -1 16 24 62 66 -1 -2
3 6 17 85 -1 9 17 43 49 -1 35 39 82 85 -1 69 76 81 90 -1 16 48 60 81 -1 20 27 43 76 -1 13 54 60 95 -1 18 24 33 79 -1 3 13 25 44 -1 -2
3 28 62 83 -1 22 28 42 72 -1 17 31 37 84 -1 28 56 81 82 -1 41 45 48 97 -1 35 43 73 98 -1 -2
3 39 79 92 -1 22 64 65 73 -1 28 52 77 94 -1 -2
4 40 61 86 -1 1 53 58 95 -1 10 23 43 73 -1 7 24 68 88 -1 8 59 83 89 -1 13 16 24 82 -1 28 33 44 65 -1 -2
20 26 40 52 -1 32 81 93 98 -1 18 24 62 98 -1 8 15 38 61 -1 28 41 60 89 -1 3 19 23 60 -1 50 56 65 98 -1 17 23 32 96 -1 1 62 82 88 -1 7 46 71 98 -1 -2
6 30 39 82 -1 7 28 29 58 -1 4 11 14 44 -1 32 50 81 84 -1 13 33 82 90 -1 3 28 62 69 -1 5 6 40 46 -1 -2
38 40 49 81 -1 14 38 40 77 -1 45 65 67 83 -1 5 18 23 28 -1 -2
4 50 71 83 -1 4 28 46 75 -1 51 70 86 89 -1 30 36 53 89 -1 88 92 98 99 -1 9 18 46 82 -1 18 31 79 98 -1 19 20 25 83 -1 2 17 41 81 -1 14 18 67 99 -1 -2
4 21 52 92 -1 13 25 65 66 -1 -2
26 41 79 88 -1 27 35 69 99 -1 3 12 50 96 -1 -2
28 36 60 92 -1 46 55 61 90 -1 6 47 65 92 -1 24 49 52 56 -1 3 9 52 81 -1 17 59 72 92 -1 32 44 56 59 -1 -2
39 43 74 98 -1 37 58 69 92 -1 28 30 83 87 -1 19 31 95 98 -1 37 52 65 95 -1 -2
20 23 60 84 -1 34 38 69 95 -1 33 56 83 85 -1 38 39 40 96 -1 -2
41 53 89 99 -1 2 11 14 68 -1 -2
13 40 52 79 -1 8 19 61 67 -1 13 22 32 40 -1 57 58 80 82 -1 4 15 20 95 -1 31 60 90 93 -1 17 52 63 83 -1 14 43 52 54 -1 1 38 55 73 -1 38 47 80 93 -1 -2
44 60 71 96 -1 39 60 61 75 -1 19 49 65 93 -1 4 23 40 94 -1 -2
49 75 78 97 -1 26 60 63 68 -1 2 42 56 93 -1 1 21 35 55 -1 -2
17 32 35 56 -1 6 20 33 82 -1 16 20 46 83 -1 6 34 81 83 -1 6 33 35 53 -1 34 41 56 63 -1 22 31 44 88 -1 32 37 51 56 -1 13 20 79 83 -1 7 9 20 100 -1 -2
12 39 87 99 -1 3 52 53 88 -1 9 14 41 60 -1 20 28 39 79 -1 39 50 71 91 -1 32 46 56 100 -1 24 27 61 83 -1 13 15 64 100 -1 9 36 49 53 -1 -2
51 52 84 93 -1 69 76 96 98 -1 8 45 81 97 -1 22 31 43 67 -1 41 49 50 98 -1 22 83 92 99 -1 -2
37 52 61 68 -1 52 60 89 96 -1 12 33 53 78 -1 -2
3 15 22 32 -1 16 26 38 56 -1 4 17 37 79 -1 7 14 46 67 -1 17 20 26 29 -1 -2
3 23 60 89 -1 18 60 77 86 -1 -2
37 38 42 94 -1 15 17 57 91 -1 34 40 69 97 -1 18 54 88 100 -1 25 43 49 57 -1 3 38 46 49 -1 20 51 74 77 -1 -2
16 36 40 91 -1 42 44 92 97 -1 3 58 81 99 -1 5 57 71 92 -1 2 17 54 88 -1 4 46 57 76 -1 26 46 59 69 -1 17 73 77 79 -1 -2
22 38 60 89 -1 23 47 52 87 -1 14 53 67 99 -1 26 46 71 73 -1 24 41 72 85 -1 -2
54 57 58 82 -1 10 15 36 67 -1 22 34 55 57 -1 58 79 80 90 -1 29 55 57 88 -1 32 34 77 80 -1 -2
3 15 40 59 -1 30 35 38 70 -1 2 4 35 62 -1 65 69 75 78 -1 11 35 40 93 -1 22 27 81 84 -1 35 52 65 67 -1 -2
14 48 98 99 -1 28 57 60 86 -1 53 76 83 98 -1 1 18 19 69 -1 19 45 49 54 -1 -2
23 52 90 97 -1 7 16 34 91 -1 -2
4 8 26 70 -1 25 62 90 98 -1 25 30 72 89 -1 24 49 78 99 -1 -2
27 54 61 92 -1 62 71 84 89 -1 13 27 54 100 -1 21 63 67 74 -1 12 16 30 75 -1 7 18 29 52 -1 30 44 62 64 -1 5 10 63 79 -1 -2
42 63 96 97 -1 27 51 69 75 -1 50 57 58 95 -1 1 3 52 84 -1 33 35 60 61 -1 -2
18 21 28 43 -1 9 58 63 94 -1 3 53 88 100 -1 4 11 24 49 -1 36 40 62 85 -1 30 33 82 91 -1 37 63 76 82 -1 3 28 35 36 -1 33 50 58 78 -1 23 65 68 85 -1 -2
56 61 62 73 -1 48 56 68 100 -1 30 38 52 66 -1 30 45 52 80 -1 40 66 76 87 -1 16 67 68 82 -1 5 39 55 80 -1 3 45 50 54 -1 16 58 80 81 -1 43 47 55 67 -1 -2
23 38 51 59 -1 3 24 31 85 -1 6 36 71 97 -1 23 47 59 62 -1 16 42 73 81 -1 34 57 65 73 -1 25 38 54 71 -1 37 47 57 68 -1 5 14 23 87 -1 -2
11 14 40 70 -1 20 59 64 72 -1 24 65 77 97 -1 -2
46 49 58 80 -1 17 92 97 99 -1 36 54 66 97 -1 16 47 64 95 -1 47 67 84 89 -1 -2
52 79 83 99 -1 12 18 36 67 -1 14 79 85 98 -1 9 27 42 82 -1 2 10 73 88 -1 7 63 73 90 -1 17 42 58 70 -1 24 68 93 96 -1 44 73 74 85 -1 -2
6 17 19 51 -1 -2
2 33 88 89 -1 26 30 43 79 -1 46 54 57 68 -1 -2
15 18 63 73 -1 23 26 67 97 -1 27 52 76 84 -1 9 12 38 55 -1 17 40 64 98 -1 -2
17 37 42 56 -1 13 41 69 97 -1 56 81 93 100 -1 17 30 63 65 -1 -2
49 57 64 66 -1 37 52 96 100 -1 3 31 47 69 -1 1 38 45 63 -1 38 63 91 94 -1 49 51 63 69 -1 -2
10 25 43 67 -1 20 30 65 89 -1 16 50 66 84 -1 10 14 77 92 -1 27 43 75 88 -1 16 83 85 93 -1 26 34 62 97 -1 23 38 54 62 -1 4 37 59 77 -1 29 78 80 84 -1 -2
32 60 75 94 -1 41 63 83 92 -1 7 60 82 88 -1 73 79 83 90 -1 16 43 46 87 -1 -2
3 15 22 94 -1 4 23 72 76 -1 12 61 65 83 -1 8 47 60 97 -1 12 69 75 76 -1 29 31 35 60 -1 5 14 62 96 -1 17 39 79 80 -1 5 36 52 62 -1 -2
29 54 55 58 -1 49 58 60 62 -1 35 66 77 90 -1 67 71 80 91 -1 27 42 53 67 -1 45 67 71 83 -1 36 37 77 93 -1 3 8 9 44 -1 -2
20 22 52 83 -1 4 27 54 63 -1 20 32 52 59 -1 13 31 52 98 -1 20 57 60 70 -1 39 51 60 73 -1 -2
9 67 83 90 -1 51 59 69 83 -1 6 53 88 92 -1 34 36 73 87 -1 37 49 51 81 -1 2 50 80 95 -1 -2
5 20 42 71 -1 8 11 12 54 -1 25 32 93 99 -1 11 44 64 84 -1 21 23 32 55 -1 14 23 38 97 -1 11 49 65 89 -1 16 32 74 76 -1 4 20 65 81 -1 -2
6 12 79 98 -1 14 44 81 87 -1 1 8 55 100 -1 -2
5 33 40 42 -1 20 43 49 71 -1 36 63 78 98 -1 2 25 73 86 -1 9 19 21 99 -1 -2
28 83 86 87 -1 -2
6 40 68 92 -1 10 15 17 85 -1 31 35 50 55 -1 29 30 74 96 -1 7 47 86 92 -1 54 62 82 91 -1 -2
2 23 55 65 -1 22 48 53 92 -1 35 48 50 90 -1 3 5 13 34 -1 -2
23 39 47 88 -1 1 36 37 77 -1 45 52 79 81 -1 70 83 91 94 -1 1 59 60 93 -1 7 30 37 44 -1 2 62 68 94 -1 7 27 39 60 -1 13 28 30 37 -1 4 41 45 64 -1 -2
57 67 84 96 -1 59 65 86 98 -1 14 50 56 78 -1 -2
16 48 75 83 -1 24 48 62 93 -1 17 30 38 87 -1 30 31 47 81 -1 1 43 44 68 -1 43 44 47 58 -1 6 35 68 85 -1 14 46 74 80 -1 18 28 52 55 -1 4 62 69 91 -1 -2
2 45 66 82 -1 5 46 52 56 -1 -2
3 8 66 79 -1 7 28 93 100 -1 14 37 63 71 -1 16 26 30 57 -1 30 49 50 60 -1 33 73 77 91 -1 3 18 78 82 -1 34 35 63 89 -1 15 47 72 80 -1 45 70 91 100 -1 -2
17 25 91 96 -1 28 39 86 97 -1 18 28 66 78 -1 7 30 40 48 -1 26 32 38 53 -1 -2
24 38 45 95 -1 43 89 94 98 -1 46 57 94 100 -1 5 11 18 27 -1 34 57 78 89 -1 1 14 73 75 -1 9 49 50 65 -1 15 48 53 73 -1 13 54 74 92 -1 16 35 86 94 -1 -2
20 29 37 71 -1 2 28 45 50 -1 21 36 42 79 -1 18 46 60 67 -1 13 15 66 83 -1 5 94 95 99 -1 24 30 38 88 -1 15 26 64 84 -1 13 36 64 75 -1 12 24 34 96 -1 -2
4 60 88 95 -1 32 42 73 94 -1 28 66 71 76 -1 32 33 61 68 -1 60 63 88 90 -1 -2
57 68 75 78 -1 4 5 25 56 -1 1 18 77 82 -1 32 37 47 68 -1 -2
9 19 55 72 -1 8 56 59 88 -1 39 55 75 86 -1 7 33 36 37 -1 4 8 51 62 -1 37 38 79 92 -1 4 14 62 72 -1 44 59 90 99 -1 -2
16 61 69 97 -1 14 60 90 91 -1 25 92 94 98 -1 26 76 84 90 -1 4 21 51 90 -1 18 20 50 92 -1 33 34 42 56 -1 1 7 48 58 -1 -2
20 33 81 100 -1 48 59 76 94 -1 19 45 78 87 -1 29 48 81 83 -1 21 50 55 87 -1 12 36 53 72 -1 -2
2 13 24 86 -1 15 30 51 77 -1 26 37 54 56 -1 -2
3 40 77 84 -1 -2
20 45 72 73 -1 2 14 31 76 -1 7 18 35 76 -1 -2
13 17 55 89 -1 34 39 46 52 -1 63 68 69 81 -1 -2
7 17 31 99 -1 5 25 62 70 -1 19 33 47 69 -1 27 67 82 85 -1 11 69 96 100 -1 23 33 94 98 -1 81 83 85 90 -1 2 19 47 96 -1 -2
54 62 82 99 -1 -2
7 16 32 94 -1 38 62 74 96 -1 13 31 42 50 -1 23 46 60 67 -1 23 81 85 97 -1 1 15 34 57 -1 3 64 80 85 -1 49 51 71 94 -1 -2
55 87 91 97 -1 9 56 83 90 -1 -2
12 14 44 77 -1 14 20 70 81 -1 51 61 65 76 -1 10 11 22 48 -1 58 75 84 100 -1 18 20 63 78 -1 7 25 34 51 -1 -2
16 19 37 90 -1 9 18 35 71 -1 18 31 48 97 -1 15 49 65 85 -1 14 15 54 80 -1 11 31 70 86 -1 3 11 27 62 -1 2 21 59 89 -1 -2
22 52 78 82 -1 33 40 66 88 -1 11 67 70 97 -1 1 6 12 44 -1 3 5 38 55 -1 4 10 11 94 -1 13 18 36 77 -1 3 47 92 97 -1 -2
12 31 40 58 -1 13 25 60 62 -1 -2
63 76 77 98 -1 19 36 47 75 -1 3 22 35 55 -1 1 44 83 85 -1 65 81 88 89 -1 -2
1 16 20 61 -1 28 31 45 99 -1 7 19 22 73 -1 -2
3 24 77 92 -1 -2
1 13 17 75 -1 36 41 48 74 -1 -2
5 27 77 83 -1 12 28 61 71 -1 -2
6 21 23 99 -1 24 34 83 87 -1 43 56 84 85 -1 64 76 89 95 -1 5 18 21 54 -1 11 14 41 82 -1 14 38 48 53 -1 7 33 57 62 -1 2 36 54 70 -1 8 18 28 36 -1 -2
19 38 65 93 -1 6 48 60 67 -1 1 28 82 94 -1 5 29 31 71 -1 13 21 64 96 -1 8 30 32 53 -1 22 33 46 60 -1 9 26 64 76 -1 9 19 33 92 -1 24 44 72 88 -1 -2
13 26 28 30 -1 26 42 49 96 -1 -2
39 76 92 94 -1 4 30 32 33 -1 21 34 48 90 -1 11 12 69 79 -1 50 58 81 99 -1 76 85 87 92 -1 41 42 69 95 -1 12 14 45 86 -1 29 55 57 94 -1 49 54 68 99 -1 -2
19 51 73 83 -1 1 25 42 61 -1 1 27 44 68 -1 19 70 76 80 -1 38 68 73 99 -1 29 38 54 83 -1 46 47 60 85 -1 23 35 62 88 -1 -2
34 40 61 87 -1 18 59 81 92 -1 20 32 79 96 -1 8 25 64 72 -1 54 61 77 100 -1 38 49 81 95 -1 17 41 66 84 -1 27 37 51 81 -1 11 63 87 100 -1 32 45 68 100 -1 -2
8 38 72 73 -1 10 14 82 99 -1 -2
15 67 86 95 -1 25 26 43 49 -1 32 36 53 99 -1 17 25 68 88 -1 27 40 74 86 -1 1 24 54 93 -1 65 77 89 98 -1 8 12 92 94 -1 8 13 74 98 -1 38 56 90 94 -1 -2
4 32 61 62 -1 53 61 63 81 -1 29 63 75 95 -1 -2
43 44 81 89 -1 6 12 25 32 -1 -2
15 62 74 82 -1 11 17 48 74 -1 5 20 79 91 -1 -2
6 48 86 99 -1 33 64 65 81 -1 13 31 60 89 -1 62 80 85 96 -1 -2
18 44 51 78 -1 28 38 75 90 -1 2 26 27 84 -1 24 39 56 88 -1 29 51 78 99 -1 26 38 67 85 -1 2 3 8 59 -1 17 21 44 67 -1 -2
15 54 64 90 -1 54 80 86 96 -1 54 77 79 88 -1 18 51 69 73 -1 63 84 89 92 -1 24 48 64 91 -1 36 77 84 94 -1 -2
1 14 50 53 -1 3 12 61 65 -1 1 51 58 91 -1 32 57 59 100 -1 18 19 33 89 -1 9 42 86 100 -1 8 27 71 86 -1 -2
18 37 57 82 -1 1 8 69 70 -1 19 24 38 97 -1 -2
27 36 84 88 -1 20 24 52 94 -1 -2
17 21 88 90 -1 9 22 44 54 -1 24 39 40 48 -1 -2
18 21 44 83 -1 47 55 74 77 -1 8 19 36 81 -1 19 26 47 91 -1 1 40 85 86 -1 18 22 71 94 -1 12 37 47 98 -1 1 4 76 78 -1 5 69 84 85 -1 -2
6 15 37 74 -1 3 18 24 69 -1 -2
4 20 45 80 -1 7 51 91 98 -1 33 43 44 94 -1 44 46 85 100 -1 26 64 66 84 -1 29 34 62 85 -1 36 42 47 89 -1 1 23 45 64 -1 17 36 44 97 -1 -2
43 73 74 100 -1 -2
60 66 70 90 -1 10 43 73 74 -1 51 66 70 76 -1 15 76 90 95 -1 14 62 68 73 -1 -2
27 52 65 96 -1 6 16 32 89 -1 8 47 61 86 -1 6 32 34 42 -1 2 3 51 82 -1 24 30 44 82 -1 -2
42 55 88 89 -1 24 32 50 58 -1 15 30 75 81 -1 3 13 51 56 -1 18 66 76 98 -1 50 78 84 87 -1 -2
10 33 53 88 -1 -2
10 23 48 90 -1 10 48 50 84 -1 20 27 38 52 -1 9 23 54 79 -1 -2
9 15 39 49 -1 4 64 71 100 -1 6 11 13 91 -1 10 11 17 62 -1 33 37 80 100 -1 19 27 62 95 -1 -2
1 30 39 51 -1 3 16 36 50 -1 7 30 88 89 -1 20 29 33 34 -1 9 18 26 70 -1 9 54 92 96 -1 18 44 79 81 -1 33 59 82 97 -1 5 13 94 98 -1 36 37 42 49 -1 -2
32 46 56 95 -1 23 37 48 57 -1 43 57 64 74 -1 12 37 50 61 -1 14 29 79 82 -1 8 56 74 89 -1 -2
1 43 49 96 -1 24 63 76 83 -1 37 54 59 79 -1 19 34 40 53 -1 6 19 54 79 -1 11 38 50 90 -1 22 29 44 86 -1 3 47 63 70 -1 47 50 54 63 -1 32 79 81 92 -1 -2
47 71 92 99 -1 70 76 85 89 -1 -2
4 62 89 99 -1 32 67 83 93 -1 16 47 53 61 -1 51 62 69 84 -1 7 9 44 64 -1 15 33 53 100 -1 1 30 35 74 -1 39 50 94 99 -1 -2
13 22 66 96 -1 35 47 50 75 -1 61 78 83 97 -1 20 45 54 92 -1 78 84 89 94 -1 18 40 60 70 -1 35 58 67 84 -1 25 28 60 95 -1 -2
57 61 77 96 -1 32 51 65 77 -1 27 28 53 60 -1 47 56 72 94 -1 -2
3 64 67 77 -1 25 45 71 86 -1 1 34 54 71 -1 6 17 39 96 -1 1 34 38 52 -1 75 82 83 91 -1 24 51 90 95 -1 16 20 70 78 -1 23 28 31 40 -1 1 4 44 92 -1 -2
42 70 93 94 -1 43 55 83 87 -1 -2
12 53 57 78 -1 11 41 63 99 -1 31 43 56 65 -1 3 15 29 76 -1 12 40 43 82 -1 -2
47 53 88 93 -1 -2
18 27 83 99 -1 21 25 38 57 -1 27 53 86 93 -1 16 65 67 94 -1 -2
7 27 43 99 -1 20 27 41 46 -1 28 34 72 99 -1 22 38 46 86 -1 4 39 48 54 -1 46 63 70 90 -1 1 16 44 82 -1 15 16 58 100 -1 2 19 37 83 -1 10 15 23 67 -1 -2
7 15 81 85 -1 24 75 81 95 -1 20 47 69 78 -1 14 46 88 97 -1 22 51 88 92 -1 18 64 74 82 -1 18 27 59 76 -1 -2
17 22 55 79 -1 24 38 47 53 -1 1 85 89 94 -1 25 29 53 73 -1 12 23 32 91 -1 37 49 59 64 -1 11 69 84 100 -1 3 20 76 86 -1 7 49 75 80 -1 31 60 75 100 -1 -2
30 46 73 97 -1 -2
1 8 39 61 -1 7 42 44 62 -1 1 46 58 89 -1 50 51 59 81 -1 12 13 52 95 -1 29 60 63 80 -1 4 53 66 93 -1 26 34 39 83 -1 1 16 57 99 -1 -2
34 57 67 94 -1 24 33 61 64 -1 30 35 59 95 -1 -2
12 43 59 62 -1 27 38 64 73 -1 1 25 62 96 -1 42 51 60 80 -1 -2
3 15 20 68 -1 18 39 90 95 -1 2 16 22 92 -1 5 75 77 80 -1 39 49 81 100 -1 31 47 54 73 -1 5 34 63 74 -1 4 16 21 90 -1 -2
3 39 56 57 -1 42 60 61 87 -1 13 22 42 49 -1 15 57 69 75 -1 -2
2 10 21 92 -1 -2
13 38 47 92 -1 1 12 51 75 -1 15 39 45 88 -1 50 70 71 94 -1 19 53 83 87 -1 -2
5 7 59 90 -1 7 25 29 32 -1 39 77 98 99 -1 5 13 35 87 -1 41 54 69 81 -1 8 57 63 75 -1 -2
8 42 51 70 -1 34 64 67 98 -1 34 63 67 76 -1 1 29 30 93 -1 18 24 52 93 -1 23 36 58 64 -1 1 12 49 51 -1 2 45 89 95 -1 35 73 87 89 -1 -2
11 12 53 69 -1 7 15 16 85 -1 16 57 87 90 -1 10 61 70 100 -1 33 37 84 89 -1 9 16 33 60 -1 28 33 54 78 -1 3 4 6 50 -1 31 59 75 76 -1 -2
39 53 92 93 -1 8 20 83 88 -1 20 77 84 87 -1 36 46 53 72 -1 8 37 40 56 -1 39 53 60 72 -1 -2
5 20 38 57 -1 10 20 36 40 -1 15 19 26 30 -1 29 33 46 49 -1 -2
21 49 67 76 -1 34 39 61 67 -1 26 44 50 80 -1 53 55 71 78 -1 7 36 51 78 -1 -2
26 27 65 94 -1 29 63 80 88 -1 49 60 71 79 -1 16 32 61 62 -1 16 23 60 66 -1 36 37 96 97 -1 20 28 42 90 -1 22 27 29 87 -1 1 3 27 52 -1 16 62 86 98 -1 -2
7 27 35 97 -1 21 52 75 85 -1 26 35 66 89 -1 13 60 63 79 -1 25 27 30 71 -1 54 67 93 99 -1 31 58 66 69 -1 26 32 58 96 -1 -2
23 91 94 97 -1 38 70 85 99 -1 18 37 51 87 -1 21 67 70 81 -1 27 85 87 100 -1 -2
3 31 40 62 -1 21 27 57 66 -1 61 76 81 97 -1 37 44 49 81 -1 -2
4 17 53 75 -1 15 59 65 90 -1 13 23 35 91 -1 18 63 78 97 -1 -2
32 55 66 96 -1 26 35 87 92 -1 3 4 75 81 -1 11 12 63 86 -1 6 35 58 74 -1 -2
12 14 51 55 -1 15 22 67 85 -1 13 60 65 94 -1 -2
8 36 89 97 -1 43 54 84 96 -1 11 27 90 99 -1 -2
9 34 43 90 -1 34 44 49 86 -1 26 29 42 83 -1 7 9 52 57 -1 17 30 76 95 -1 19 34 49 92 -1 12 29 34 44 -1 41 48 76 92 -1 27 43 53 68 -1 19 41 68 95 -1 -2
20 28 32 38 -1 3 48 77 94 -1 36 62 66 87 -1 33 35 42 85 -1 9 21 49 75 -1 12 65 71 75 -1 15 82 84 93 -1 56 65 79 93 -1 22 28 87 89 -1 -2
27 31 32 46 -1 20 60 66 67 -1 21 46 63 66 -1 12 32 93 96 -1 5 46 80 85 -1 10 24 48 59 -1 -2
11 38 62 96 -1 53 77 93 100 -1 9 43 58 94 -1 7 63 74 90 -1 9 32 58 76 -1 18 74 83 95 -1 10 36 62 85 -1 18 66 69 75 -1 16 40 80 87 -1 -2
29 43 44 86 -1 -2
10 40 79 92 -1 2 39 92 100 -1 40 44 77 79 -1 11 22 43 86 -1 10 25 34 74 -1 9 52 55 88 -1 33 58 86 99 -1 12 26 35 48 -1 -2
14 17 48 62 -1 9 21 56 79 -1 18 58 85 87 -1 -2
12 28 63 64 -1 23 65 81 86 -1 35 65 74 100 -1 10 35 37 97 -1 77 92 95 100 -1 -2
35 63 67 91 -1 16 31 47 98 -1 -2
9 29 40 65 -1 -2
5 8 23 42 -1 36 53 65 84 -1 19 44 54 78 -1 10 18 40 84 -1 39 65 78 96 -1 29 35 91 92 -1 15 27 49 85 -1 3 42 43 95 -1 32 38 57 93 -1 13 92 94 100 -1 -2
56 70 77 85 -1 14 15 74 77 -1 -2
7 21 37 90 -1 47 63 80 85 -1 46 50 63 86 -1 27 49 56 70 -1 17 59 82 84 -1 41 44 52 64 -1 16 49 73 86 -1 27 72 87 93 -1 -2
12 43 88 89 -1 32 49 70 88 -1 4 27 85 97 -1 4 9 37 52 -1 34 61 69 95 -1 17 55 83 89 -1 -2
5 40 43 94 -1 25 26 36 62 -1 5 12 29 50 -1 29 66 85 88 -1 40 58 59 75 -1 12 24 41 43 -1 18 29 50 85 -1 33 35 50 98 -1 -2
22 25 27 89 -1 1 45 54 82 -1 49 86 97 99 -1 5 41 55 73 -1 19 79 90 96 -1 60 68 78 92 -1 5 24 57 73 -1 39 69 93 95 -1 18 25 53 97 -1 -2
33 48 52 60 -1 3 34 47 56 -1 6 44 48 62 -1 3 52 79 99 -1 4 33 70 82 -1 4 14 70 93 -1 16 43 57 72 -1 45 57 81 90 -1 40 70 89 94 -1 -2
8 40 47 87 -1 -2
30 63 68 96 -1 17 38 77 78 -1 3 13 21 93 -1 3 12 31 92 -1 19 27 88 89 -1 -2
14 76 77 97 -1 1 3 20 75 -1 9 30 54 73 -1 58 68 76 94 -1 -2
2 33 34 77 -1 28 41 48 54 -1 20 73 87 92 -1 9 22 25 52 -1 -2
10 60 63 66 -1 27 50 74 80 -1 26 58 82 86 -1 4 13 71 93 -1 77 78 80 97 -1 27 58 62 79 -1 10 29 75 82 -1 6 39 50 99 -1 48 50 73 76 -1 23 56 73 82 -1 -2
6 56 69 73 -1 32 36 84 91 -1 30 31 73 89 -1 10 61 79 92 -1 22 35 88 92 -1 39 54 59 62 -1 17 56 69 100 -1 8 11 48 56 -1 21 33 37 58 -1 -2
31 33 41 84 -1 28 36 72 92 -1 3 34 45 84 -1 11 39 74 93 -1 1 5 60 89 -1 4 40 94 97 -1 -2
63 83 96 98 -1 17 69 82 100 -1 3 65 95 96 -1 2 12 52 59 -1 -2
7 52 56 67 -1 13 18 29 51 -1 28 31 40 83 -1 1 34 73 86 -1 7 10 16 92 -1 6 65 87 94 -1 -2
35 59 69 90 -1 7 19 32 91 -1 14 61 66 91 -1 6 50 67 87 -1 17 25 39 72 -1 3 5 20 46 -1 4 31 44 59 -1 -2
45 49 61 95 -1 1 5 20 62 -1 17 68 74 95 -1 4 35 66 71 -1 23 25 55 97 -1 6 30 75 86 -1 1 8 17 97 -1 69 78 90 97 -1 41 76 88 95 -1 -2
18 28 47 56 -1 5 28 82 100 -1 39 50 63 76 -1 22 39 80 85 -1 13 30 43 81 -1 4 47 50 57 -1 43 50 85 94 -1 52 54 68 71 -1 -2
34 35 66 91 -1 -2
25 58 68 97 -1 41 79 84 92 -1 5 6 34 81 -1 17 30 33 41 -1 9 22 70 94 -1 4 54 58 92 -1 46 55 56 66 -1 17 25 63 80 -1 22 48 68 69 -1 -2
5 24 95 97 -1 -2
4 14 41 43 -1 24 45 75 100 -1 5 40 63 98 -1 4 32 80 96 -1 2 25 53 79 -1 49 51 82 94 -1 1 8 31 46 -1 52 66 82 96 -1 21 59 76 85 -1 -2
15 49 55 98 -1 29 84 85 89 -1 3 6 40 91 -1 5 29 42 76 -1 28 34 61 93 -1 20 42 53 70 -1 64 76 88 93 -1 29 82 87 95 -1 -2
1 12 24 48 -1 60 62 69 84 -1 8 13 79 80 -1 23 64 74 91 -1 25 40 49 81 -1 10 14 36 51 -1 -2
3 58 88 95 -1 4 9 44 50 -1 33 54 67 71 -1 41 52 63 77 -1 32 40 55 99 -1 8 24 40 44 -1 8 26 27 39 -1 10 38 59 93 -1 1 4 24 67 -1 6 12 20 27 -1 -2
2 9 87 89 -1 13 46 48 53 -1 -2
49 66 83 95 -1 -2
20 33 65 92 -1 4 19 67 94 -1 14 57 89 93 -1 9 23 34 45 -1 18 23 35 100 -1 -2
3 36 69 76 -1 43 52 55 64 -1 -2
33 47 66 87 -1 16 60 62 90 -1 -2
20 33 70 80 -1 -2
28 56 94 97 -1 25 36 45 86 -1 18 26 72 82 -1 3 9 13 71 -1 46 53 61 79 -1 -2
16 33 85 95 -1 6 15 21 56 -1 20 26 68 85 -1 44 48 71 94 -1 8 28 31 40 -1 17 24 72 88 -1 37 70 79 87 -1 31 36 46 72 -1 2 34 64 93 -1 -2
12 39 59 96 -1 -2
45 52 55 91 -1 9 28 29 99 -1 56 57 70 72 -1 3 55 75 86 -1 2 16 51 73 -1 -2
37 77 83 94 -1 26 30 97 99 -1 29 67 88 94 -1 46 77 87 100 -1 17 44 51 92 -1 -2
11 67 75 78 -1 18 38 60 69 -1 8 40 76 92 -1 19 48 52 99 -1 10 27 37 93 -1 25 40 50 75 -1 20 51 71 99 -1 36 71 75 84 -1 5 17 18 36 -1 -2
39 67 83 84 -1 17 26 68 83 -1 3 37 54 89 -1 -2
35 43 61 91 -1 4 48 64 91 -1 -2
25 67 69 71 -1 15 35 63 78 -1 53 93 96 100 -1 8 11 74 95 -1 9 21 66 67 -1 -2
11 13 38 98 -1 9 13 59 81 -1 15 50 75 83 -1 -2
11 36 44 49 -1 9 23 63 72 -1 27 50 79 90 -1 18 29 72 89 -1 -2
36 45 52 89 -1 35 52 58 83 -1 -2
18 23 37 51 -1 8 27 35 57 -1 1 68 73 93 -1 47 62 76 94 -1 4 5 20 85 -1 6 19 87 95 -1 23 56 60 67 -1 -2
15 31 47 52 -1 44 54 76 91 -1 13 51 91 96 -1 24 46 54 77 -1 -2
17 28 48 80 -1 13 21 80 83 -1 8 22 23 91 -1 15 70 77 96 -1 5 58 77 82 -1 13 33 57 73 -1 16 20 41 63 -1 16 36 77 98 -1 4 23 28 45 -1 -2
13 39 44 57 -1 7 36 40 44 -1 13 17 43 69 -1 8 40 56 98 -1 5 20 64 79 -1 65 87 88 91 -1 6 19 60 84 -1 26 28 33 77 -1 -2
7 27 82 93 -1 2 11 14 68 -1 3 20 56 63 -1 17 61 68 93 -1 43 56 57 93 -1 -2
57 78 87 88 -1 2 6 69 97 -1 11 48 64 91 -1 16 40 65 83 -1 1 25 71 94 -1 50 56 61 67 -1 1 84 85 91 -1 12 28 32 63 -1 62 84 95 99 -1 11 18 48 49 -1 -2
6 20 29 42 -1 6 53 63 73 -1 7 65 98 99 -1 20 40 88 99 -1 35 83 88 96 -1 11 37 71 99 -1 6 24 51 95 -1 34 41 55 59 -1 5 73 75 88 -1 -2
2 11 36 98 -1 5 11 34 99 -1 -2
2 6 12 34 -1 13 28 57 80 -1 13 24 36 70 -1 25 36 46 54 -1 7 92 95 99 -1 18 34 96 98 -1 -2
8 49 90 94 -1 2 50 61 81 -1 36 51 75 90 -1 2 86 94 99 -1 27 32 47 77 -1 1 9 77 95 -1 -2
8 88 93 100 -1 8 32 60 93 -1 11 45 59 67 -1 12 14 26 94 -1 13 30 56 58 -1 6 63 78 82 -1 -2
35 67 99 100 -1 20 53 59 72 -1 50 52 57 70 -1 47 50 53 72 -1 -2
11 37 68 98 -1 7 22 52 89 -1 -2
12 16 23 40 -1 41 42 81 85 -1 1 9 40 80 -1 12 30 48 77 -1 -2
12 17 45 69 -1 11 71 79 87 -1 21 36 70 92 -1 30 34 50 68 -1 7 29 49 66 -1 38 39 49 60 -1 -2
1 46 52 94 -1 6 81 93 96 -1 20 21 84 94 -1 21 45 65 76 -1 8 75 79 85 -1 14 29 42 50 -1 8 15 49 62 -1 6 60 66 95 -1 -2
33 57 64 93 -1 -2
23 38 50 58 -1 -2
29 36 64 91 -1 38 63 82 83 -1 26 28 49 51 -1 63 75 88 89 -1 13 41 67 79 -1 19 20 28 45 -1 19 50 57 80 -1 9 19 49 85 -1 7 32 51 84 -1 18 61 62 85 -1 -2
1 17 45 88 -1 14 36 88 90 -1 4 12 15 78 -1 2 5 24 61 -1 4 37 75 92 -1 29 31 48 85 -1 9 45 55 81 -1 1 62 77 91 -1 6 40 59 90 -1 61 74 75 76 -1 -2
5 13 23 97 -1 66 76 80 86 -1 3 36 88 96 -1 -2
1 35 51 72 -1 10 20 21 95 -1 -2
19 48 55 65 -1 2 16 44 61 -1 33 82 89 93 -1 22 32 37 99 -1 7 25 56 69 -1 38 68 73 80 -1 -2
37 46 67 82 -1 1 33 75 93 -1 1 38 48 54 -1 24 40 65 72 -1 22 43 61 82 -1 66 80 84 92 -1 60 63 66 79 -1 -2
23 64 74 85 -1 11 52 63 92 -1 24 25 31 50 -1 39 52 76 96 -1 32 52 56 63 -1 15 24 68 85 -1 50 70 98 100 -1 22 71 87 96 -1 35 38 61 69 -1 5 39 60 65 -1 -2
14 23 52 96 -1 37 46 51 58 -1 -2
14 54 57 58 -1 51 69 84 97 -1 14 16 21 60 -1 64 74 75 82 -1 3 59 74 87 -1 53 55 63 86 -1 -2
7 75 77 88 -1 35 39 48 86 -1 2 21 33 50 -1 22 30 60 83 -1 6 9 61 91 -1 4 24 64 79 -1 36 85 95 99 -1 9 27 62 88 -1 20 25 28 56 -1 -2
13 27 40 45 -1 22 37 58 84 -1 51 62 76 77 -1 -2
15 33 36 62 -1 35 36 39 92 -1 17 46 57 74 -1 28 63 71 86 -1 5 6 46 49 -1 16 44 47 68 -1 14 67 68 71 -1 10 24 45 90 -1 -2
2 31 66 72 -1 14 16 43 64 -1 2 11 78 81 -1 3 36 97 100 -1 39 60 88 99 -1 -2
12 19 39 68 -1 2 7 30 52 -1 13 27 52 72 -1 11 28 35 90 -1 4 37 38 45 -1 -2
4 21 48 86 -1 23 64 93 96 -1 17 46 49 73 -1 21 48 94 99 -1 16 34 40 66 -1 -2
26 37 85 93 -1 1 40 48 81 -1 7 30 34 86 -1 26 43 50 80 -1 35 66 72 95 -1 11 37 54 92 -1 24 47 55 73 -1 -2
25 44 79 89 -1 8 31 45 77 -1 5 45 50 59 -1 2 8 14 72 -1 -2
12 22 51 72 -1 3 88 93 94 -1 10 41 73 79 -1 55 78 90 100 -1 5 36 67 89 -1 19 65 73 99 -1 11 75 79 86 -1 15 48 68 84 -1 23 44 66 76 -1 14 62 67 98 -1 -2
25 32 51 64 -1 14 54 68 96 -1 46 47 50 78 -1 1 13 34 43 -1 12 23 64 100 -1 56 71 89 90 -1 33 63 71 96 -1 11 21 81 99 -1 -2
20 21 60 61 -1 12 20 39 60 -1 17 73 86 94 -1 1 23 49 57 -1 14 32 56 81 -1 -2
30 40 41 58 -1 -2
6 28 42 43 -1 3 24 30 67 -1 4 18 29 60 -1 15 66 67 98 -1 9 15 24 38 -1 52 57 84 99 -1 59 80 82 87 -1 55 58 79 88 -1 -2
17 23 36 51 -1 -2
59 63 73 83 -1 -2
33 55 64 74 -1 4 7 22 55 -1 14 20 35 75 -1 13 50 65 89 -1 27 80 94 100 -1 18 61 65 83 -1 -2
56 60 72 92 -1 2 16 51 74 -1 21 32 90 96 -1 3 38 80 99 -1 1 54 70 72 -1 7 19 24 78 -1 27 70 80 95 -1 10 26 75 80 -1 5 37 39 42 -1 -2
13 24 38 50 -1 11 16 31 68 -1 21 45 58 100 -1 15 59 87 90 -1 2 20 87 97 -1 13 47 65 71 -1 24 26 35 48 -1 11 44 89 98 -1 -2
42 55 68 100 -1 21 59 70 99 -1 1 35 37 65 -1 11 13 30 72 -1 -2
1 17 42 84 -1 -2
9 45 66 83 -1 42 46 59 67 -1 -2
2 20 43 74 -1 -2
10 60 73 86 -1 1 12 15 92 -1 17 28 73 90 -1 49 81 86 99 -1 15 29 45 82 -1 25 31 39 80 -1 -2
25 29 39 61 -1 48 52 65 81 -1 15 21 44 47 -1 17 20 37 97 -1 8 41 46 81 -1 34 69 72 73 -1 10 37 39 87 -1 28 44 85 87 -1 18 21 56 92 -1 11 34 51 60 -1 -2
5 21 35 41 -1 3 19 24 41 -1 24 36 62 80 -1 4 6 54 60 -1 17 25 59 60 -1 10 62 75 85 -1 1 21 25 32 -1 29 37 41 80 -1 15 45 79 81 -1 38 76 79 82 -1 -2
47 53 72 95 -1 8 26 50 51 -1 7 10 58 61 -1 7 41 81 87 -1 6 10 35 78 -1 19 37 61 96 -1 50 76 80 98 -1 62 72 90 99 -1 11 55 84 94 -1 -2
49 63 69 96 -1 15 20 21 48 -1 8 26 34 39 -1 11 12 19 91 -1 29 65 66 94 -1 32 41 43 65 -1 8 21 42 67 -1 24 58 78 83 -1 -2
49 55 65 81 -1 22 42 47 50 -1 10 19 25 89 -1 9 24 46 85 -1 20 23 71 99 -1 45 54 66 88 -1 -2
8 20 28 48 -1 5 7 37 66 -1 -2
30 44 63 95 -1 46 59 81 97 -1 10 38 42 62 -1 59 61 76 99 -1 13 19 37 62 -1 4 10 22 28 -1 1 14 58 93 -1 -2
31 45 61 92 -1 53 56 61 77 -1 32 44 49 56 -1 21 62 69 76 -1 -2
10 12 60 71 -1 19 26 34 70 -1 -2
19 37 75 86 -1 9 11 55 91 -1 -2
63 68 72 97 -1 5 36 46 53 -1 -2
46 56 69 77 -1 1 25 91 99 -1 18 52 58 67 -1 9 45 79 87 -1 65 78 86 95 -1 6 60 86 95 -1 57 62 77 94 -1 39 51 88 92 -1 31 33 58 62 -1 4 41 67 74 -1 -2
7 31 37 61 -1 4 29 56 92 -1 12 36 39 98 -1 17 44 70 95 -1 52 62 76 86 -1 44 67 89 93 -1 23 68 71 73 -1 1 22 44 47 -1 -2
17 42 61 69 -1 4 55 79 80 -1 4 8 30 41 -1 38 62 79 83 -1 26 31 65 67 -1 -2
14 22 34 96 -1 34 57 82 84 -1 8 59 66 89 -1 -2
36 73 89 95 -1 -2
21 43 52 54 -1 16 29 38 99 -1 7 55 62 64 -1 6 17 26 83 -1 69 82 86 100 -1 31 40 49 91 -1 -2
19 27 39 80 -1 11 47 56 70 -1 29 41 51 58 -1 30 39 49 96 -1 -2
34 40 47 54 -1 24 51 58 91 -1 20 32 98 99 -1 19 20 58 80 -1 20 31 60 97 -1 9 11 22 88 -1 42 57 88 100 -1 -2
9 30 39 74 -1 19 35 38 83 -1 14 16 74 89 -1 26 39 64 93 -1 1 41 43 92 -1 6 28 50 66 -1 8 37 65 89 -1 21 37 51 73 -1 40 45 66 68 -1 9 26 46 99 -1 -2
4 58 61 72 -1 29 43 57 64 -1 17 29 33 65 -1 -2
30 31 70 84 -1 -2
47 64 72 82 -1 -2
6 31 54 80 -1 1 21 47 80 -1 35 36 64 91 -1 38 48 70 88 -1 15 21 90 98 -1 3 8 71 87 -1 5 54 65 93 -1 14 40 60 71 -1 -2
30 50 72 100 -1 5 19 67 86 -1 47 54 80 83 -1 1 13 28 39 -1 16 63 88 90 -1 3 17 41 89 -1 39 59 64 79 -1 23 33 56 97 -1 2 31 42 74 -1 4 34 65 72 -1 -2
11 42 43 44 -1 74 77 86 90 -1 11 35 40 51 -1 36 72 78 97 -1 14 16 48 57 -1 32 57 63 73 -1 45 76 83 86 -1 -2
34 49 67 86 -1 22 37 72 88 -1 27 34 84 96 -1 20 56 65 92 -1 4 31 39 47 -1 6 24 64 70 -1 2 22 48 81 -1 3 19 27 38 -1 6 32 90 94 -1 -2
20 31 45 80 -1 8 57 92 98 -1 20 36 50 90 -1 -2
45 67 72 79 -1 10 15 17 100 -1 -2
7 63 68 91 -1 23 27 57 64 -1 6 13 37 92 -1 13 35 66 89 -1 12 16 32 74 -1 -2
1 14 19 60 -1 14 16 27 69 -1 27 54 61 65 -1 10 57 62 69 -1 11 50 61 79 -1 2 55 63 71 -1 24 54 63 84 -1 -2
2 22 45 93 -1 22 42 82 98 -1 22 39 43 45 -1 3 72 80 81 -1 11 31 37 90 -1 3 14 50 97 -1 3 55 73 91 -1 22 47 51 86 -1 35 41 67 70 -1 -2
28 40 66 92 -1 41 49 56 96 -1 18 24 25 79 -1 23 34 72 89 -1 7 18 45 82 -1 -2
24 35 75 89 -1 9 23 26 94 -1 -2
1 30 40 46 -1 16 35 68 69 -1 4 21 83 97 -1 4 29 44 63 -1 5 23 47 50 -1 12 45 56 81 -1 -2
20 33 60 65 -1 21 31 43 54 -1 30 52 53 93 -1 6 45 60 62 -1 19 21 77 97 -1 8 60 67 90 -1 70 74 86 91 -1 2 24 38 54 -1 17 22 51 87 -1 49 60 73 80 -1 -2
17 36 39 82 -1 25 27 50 81 -1 -2
15 39 95 98 -1 2 31 76 97 -1 40 91 93 97 -1 19 42 64 93 -1 -2
38 51 55 85 -1 2 57 60 91 -1 6 10 32 52 -1 20 27 44 85 -1 1 2 21 29 -1 19 21 47 78 -1 12 34 38 61 -1 62 81 84 93 -1 -2
61 64 82 97 -1 37 47 65 74 -1 44 54 78 84 -1 17 44 75 92 -1 22 33 51 93 -1 1 12 18 22 -1 26 40 51 72 -1 -2
27 75 81 100 -1 3 18 37 92 -1 27 54 75 99 -1 14 20 62 76 -1 1 13 15 93 -1 19 31 35 44 -1 -2
4 51 70 98 -1 47 50 77 98 -1 50 61 69 95 -1 38 42 77 83 -1 23 39 50 82 -1 41 72 77 93 -1 -2
2 37 51 71 -1 19 26 48 72 -1 46 55 57 72 -1 -2
2 27 52 63 -1 13 47 54 90 -1 7 16 30 34 -1 9 28 85 92 -1 26 49 63 71 -1 -2
21 29 45 53 -1 19 66 67 78 -1 3 67 75 98 -1 28 29 35 77 -1 29 34 37 76 -1 -2
22 27 28 35 -1 1 9 33 44 -1 18 50 53 65 -1 47 57 65 91 -1 14 19 50 70 -1 5 14 79 84 -1 -2
21 78 81 97 -1 18 33 56 79 -1 48 52 69 92 -1 10 28 29 41 -1 18 21 65 84 -1 8 53 57 85 -1 12 23 74 90 -1 23 35 45 51 -1 26 60 65 71 -1 -2
22 49 75 89 -1 24 40 52 61 -1 -2
36 63 92 97 -1 56 64 98 99 -1 8 39 68 79 -1 10 48 68 79 -1 27 29 33 68 -1 66 77 86 92 -1 3 42 56 89 -1 -2
39 51 53 72 -1 39 45 60 89 -1 -2
27 67 74 94 -1 38 57 89 95 -1 30 41 66 79 -1 11 32 37 98 -1 2 61 74 80 -1 7 24 38 87 -1 -2
83 89 90 91 -1 7 26 36 79 -1 7 16 74 81 -1 3 15 16 76 -1 18 22 45 68 -1 20 40 47 62 -1 -2
6 9 59 99 -1 2 57 59 79 -1 14 18 39 94 -1 25 84 85 95 -1 26 34 43 70 -1 10 22 59 71 -1 30 40 82 92 -1 4 30 33 72 -1 65 77 82 87 -1 4 46 66 83 -1 -2
5 38 67 89 -1 18 20 39 45 -1 24 47 64 84 -1 46 54 63 78 -1 16 21 57 75 -1 8 9 28 61 -1 53 69 88 96 -1 36 37 64 95 -1 2 26 61 95 -1 -2
11 19 41 79 -1 21 35 50 57 -1 14 39 54 76 -1 1 65 72 75 -1 12 23 39 76 -1 7 36 67 90 -1 7 44 48 60 -1 20 28 39 46 -1 12 22 61 94 -1 24 29 77 94 -1 -2
6 30 88 96 -1 47 57 85 91 -1 16 77 80 83 -1 33 56 83 90 -1 17 19 30 61 -1 1 15 16 78 -1 -2
11 12 37 72 -1 -2
21 25 66 99 -1 -2
17 27 69 83 -1 7 24 79 98 -1 45 81 92 98 -1 52 54 92 94 -1 7 77 87 92 -1 18 43 53 61 -1 18 42 65 89 -1 15 19 28 85 -1 -2
45 54 64 77 -1 10 44 47 92 -1 7 60 80 90 -1 20 45 60 78 -1 25 33 45 87 -1 27 28 35 76 -1 18 29 57 80 -1 11 49 83 96 -1 22 55 76 86 -1 17 31 72 73 -1 -2
23 34 63 83 -1 1 32 44 93 -1 27 39 59 86 -1 21 49 68 93 -1 2 12 35 86 -1 20 55 89 91 -1 9 17 43 94 -1 3 7 9 25 -1 2 75 93 95 -1 -2
20 21 72 96 -1 19 46 52 62 -1 6 33 41 97 -1 3 29 33 61 -1 -2
8 46 49 93 -1 7 40 55 96 -1 13 27 44 87 -1 13 85 87 100 -1 -2
25 72 75 95 -1 29 42 85 95 -1 9 78 81 85 -1 27 48 95 98 -1 4 67 72 92 -1 41 69 77 100 -1 -2
14 21 30 72 -1 14 21 24 80 -1 9 13 90 92 -1 15 24 70 89 -1 10 15 33 52 -1 2 20 70 73 -1 1 17 19 52 -1 19 29 77 78 -1 16 62 63 82 -1 13 43 46 79 -1 -2
61 64 68 93 -1 17 37 53 60 -1 9 11 62 80 -1 17 29 57 92 -1 3 25 38 84 -1 12 26 60 98 -1 28 40 56 86 -1 -2
22 25 74 99 -1 16 28 42 98 -1 13 39 44 61 -1 36 55 56 78 -1 24 43 69 83 -1 30 44 70 86 -1 9 19 58 60 -1 26 63 73 77 -1 -2
4 32 46 52 -1 19 25 31 55 -1 24 72 84 99 -1 -2
17 24 45 95 -1 12 66 82 84 -1 82 83 85 90 -1 5 57 88 100 -1 9 30 41 52 -1 1 5 77 79 -1 26 55 75 93 -1 8 70 81 94 -1 29 36 51 90 -1 -2
27 44 45 69 -1 -2
71 78 81 98 -1 43 76 89 92 -1 50 58 85 87 -1 43 75 93 98 -1 9 70 72 77 -1 29 39 52 78 -1 16 31 43 93 -1 -2
15 44 62 69 -1 -2
4 47 52 97 -1 8 41 61 99 -1 23 31 54 77 -1 11 49 73 95 -1 -2
23 36 40 82 -1 8 22 29 41 -1 6 39 70 93 -1 5 12 61 82 -1 2 18 27 100 -1 1 24 31 33 -1 80 81 82 94 -1 6 12 78 81 -1 53 56 72 93 -1 9 43 65 94 -1 -2
41 52 57 69 -1 18 67 76 84 -1 39 71 77 95 -1 18 34 86 94 -1 26 50 75 86 -1 26 81 95 97 -1 14 33 50 99 -1 -2
1 7 13 94 -1 7 19 23 92 -1 56 79 90 92 -1 7 34 53 72 -1 38 51 52 65 -1 28 88 92 97 -1 -2
23 40 42 76 -1 8 79 87 95 -1 10 11 16 63 -1 7 17 28 84 -1 -2
12 34 81 93 -1 3 23 37 82 -1 23 53 58 66 -1 22 39 72 91 -1 29 44 65 68 -1 3 7 14 71 -1 6 33 38 78 -1 19 34 47 54 -1 31 48 56 91 -1 -2
20 23 32 93 -1 6 7 28 43 -1 -2
4 29 35 38 -1 1 26 55 73 -1 45 64 65 66 -1 52 60 85 88 -1 20 46 63 68 -1 75 79 85 87 -1 -2
17 42 52 62 -1 27 71 86 91 -1 -2
9 14 52 62 -1 19 25 38 92 -1 1 14 52 76 -1 36 51 52 65 -1 3 7 25 30 -1 34 65 77 87 -1 45 49 62 85 -1 1 2 21 33 -1 16 26 40 100 -1 -2
28 44 69 92 -1 26 65 80 92 -1 16 38 46 65 -1 44 53 55 98 -1 16 50 63 99 -1 17 28 33 44 -1 23 26 68 74 -1 -2
54 81 82 89 -1 73 79 92 93 -1 28 51 66 70 -1 3 36 85 97 -1 6 18 77 92 -1 30 35 48 61 -1 1 4 18 99 -1 -2
5 9 29 96 -1 54 59 64 71 -1 -2
9 72 74 91 -1 27 59 76 95 -1 21 76 77 94 -1 20 41 75 91 -1 2 20 28 31 -1 22 80 88 98 -1 18 20 56 69 -1 9 15 41 98 -1 11 15 66 78 -1 54 55 59 95 -1 -2
11 44 74 87 -1 21 60 75 79 -1 -2
29 52 74 100 -1 35 56 85 97 -1 5 11 34 70 -1 5 27 45 92 -1 24 54 69 84 -1 1 47 66 68 -1 12 15 17 22 -1 12 34 37 39 -1 6 15 50 82 -1 -2
41 47 49 52 -1 25 32 75 87 -1 -2
29 55 64 82 -1 38 46 73 76 -1 27 86 97 98 -1 21 38 39 97 -1 24 62 78 87 -1 10 60 85 98 -1 15 27 47 49 -1 4 39 46 82 -1 -2
28 45 88 89 -1 25 32 45 94 -1 7 16 62 69 -1 46 53 66 69 -1 -2
12 49 63 73 -1 6 32 76 88 -1 10 33 82 95 -1 32 36 67 68 -1 -2
34 35 59 93 -1 2 20 80 93 -1 23 26 54 66 -1 8 19 58 86 -1 25 35 42 88 -1 50 54 63 78 -1 17 48 69 85 -1 41 55 89 91 -1 -2
60 71 80 85 -1 23 39 47 96 -1 2 29 55 67 -1 25 50 69 72 -1 8 13 31 34 -1 3 7 47 63 -1 -2
9 10 14 50 -1 12 47 70 86 -1 15 39 57 66 -1 24 30 84 91 -1 33 67 70 85 -1 13 28 55 81 -1 -2
54 70 79 85 -1 15 50 57 86 -1 3 21 27 54 -1 13 20 62 67 -1 41 78 87 90 -1 53 57 83 89 -1 20 22 50 85 -1 -2
24 85 88 96 -1 7 32 71 76 -1 14 40 82 92 -1 7 13 30 90 -1 3 13 26 58 -1 37 78 88 100 -1 13 16 49 90 -1 8 17 56 73 -1 4 59 73 83 -1 6 20 52 95 -1 -2
7 12 29 77 -1 -2
43 53 64 94 -1 52 59 68 86 -1 40 73 86 89 -1 7 25 33 44 -1 35 63 78 85 -1 2 64 82 89 -1 -2
41 77 90 98 -1 5 30 63 80 -1 12 50 68 97 -1 24 39 63 70 -1 17 24 36 65 -1 15 23 49 95 -1 -2
6 11 15 86 -1 35 59 77 95 -1 7 11 89 97 -1 -2
29 45 87 98 -1 79 85 87 92 -1 7 25 69 99 -1 3 27 59 60 -1 25 31 68 72 -1 12 28 81 96 -1 10 40 55 93 -1 1 15 34 95 -1 -2
9 31 62 85 -1 48 51 59 74 -1 12 52 55 63 -1 45 87 91 96 -1 50 59 70 100 -1 41 61 94 99 -1 40 44 57 78 -1 -2
17 27 87 91 -1 31 36 51 57 -1 1 21 49 79 -1 11 17 19 24 -1 1 14 41 100 -1 58 63 75 98 -1 3 41 43 45 -1 36 48 57 93 -1 17 23 51 98 -1 5 36 80 96 -1 -2
17 26 46 49 -1 -2
16 37 81 91 -1 10 17 54 58 -1 70 79 84 92 -1 18 37 54 69 -1 13 16 26 69 -1 33 37 64 91 -1 -2
14 54 64 93 -1 7 25 52 77 -1 8 45 52 76 -1 32 45 47 57 -1 70 83 87 89 -1 2 25 31 72 -1 37 52 68 71 -1 9 43 70 82 -1 -2
8 63 75 77 -1 2 63 74 88 -1 17 22 60 92 -1 41 67 76 88 -1 51 60 76 77 -1 1 24 27 55 -1 49 75 86 87 -1 -2
45 55 83 97 -1 14 22 64 68 -1 32 39 86 97 -1 17 43 84 87 -1 13 73 89 92 -1 32 49 51 96 -1 10 45 52 74 -1 21 22 60 86 -1 11 22 68 100 -1 -2
17 21 76 84 -1 10 28 52 74 -1 17 24 64 83 -1 2 8 56 59 -1 10 25 44 88 -1 32 41 48 62 -1 48 67 95 98 -1 -2
4 18 38 95 -1 21 30 34 68 -1 12 35 83 96 -1 1 8 40 73 -1 1 22 74 93 -1 26 81 90 96 -1 12 65 85 92 -1 20 24 25 31 -1 -2
23 34 52 82 -1 2 22 70 89 -1 6 24 46 53 -1 19 27 74 94 -1 20 27 45 78 -1 -2
18 57 65 100 -1 8 10 26 82 -1 2 77 78 85 -1 11 16 42 77 -1 57 67 69 87 -1 11 39 44 65 -1 5 37 57 78 -1 35 43 47 93 -1 54 85 90 98 -1 -2
7 41 60 73 -1 15 20 27 92 -1 21 46 77 97 -1 -2
65 71 78 90 -1 9 35 87 89 -1 3 27 46 87 -1 4 72 83 93 -1 15 26 46 87 -1 -2
13 39 48 49 -1 7 23 37 63 -1 5 29 41 57 -1 13 19 45 80 -1 2 12 37 67 -1 14 58 63 91 -1 -2
31 42 43 61 -1 17 18 49 62 -1 -2
9 15 29 96 -1 48 63 66 97 -1 17 43 50 84 -1 13 40 67 94 -1 48 49 53 70 -1 18 24 59 83 -1 12 16 65 72 -1 51 58 80 81 -1 -2
44 49 55 59 -1 13 14 34 41 -1 -2
12 58 79 100 -1 5 27 59 65 -1 3 10 64 80 -1 18 34 67 90 -1 3 5 53 84 -1 43 52 85 93 -1 16 50 68 100 -1 -2
16 34 37 48 -1 15 34 53 81 -1 26 45 81 99 -1 -2
12 56 60 75 -1 11 45 72 98 -1 34 72 74 84 -1 -2
1 72 74 84 -1 6 40 69 80 -1 1 9 81 99 -1 9 12 45 69 -1 2 18 38 80 -1 38 45 75 93 -1 12 64 65 89 -1 4 27 48 54 -1 21 34 47 65 -1 -2
34 68 78 93 -1 3 36 58 68 -1 38 52 75 87 -1 2 54 66 100 -1 18 84 94 98 -1 20 44 74 89 -1 56 66 73 91 -1 13 17 42 48 -1 72 90 91 92 -1 14 37 62 91 -1 -2
68 72 83 98 -1 2 57 61 90 -1 2 36 38 68 -1 3 41 76 77 -1 6 13 77 90 -1 33 82 87 98 -1 2 42 52 58 -1 16 49 93 97 -1 -2
20 56 75 79 -1 13 38 50 75 -1 3 35 37 57 -1 8 25 85 100 -1 19 57 58 92 -1 2 54 86 87 -1 14 34 58 80 -1 31 44 56 81 -1 -2
11 36 49 61 -1 40 42 53 98 -1 24 47 71 88 -1 15 42 91 98 -1 2 22 25 80 -1 6 7 17 91 -1 5 9 63 85 -1 -2
1 25 31 83 -1 38 81 82 84 -1 42 45 65 99 -1 6 15 35 73 -1 56 81 90 94 -1 3 33 74 75 -1 17 25 51 62 -1 10 16 71 82 -1 36 52 56 69 -1 17 35 56 62 -1 -2
33 53 54 75 -1 39 55 77 96 -1 -2
21 40 41 51 -1 3 6 39 54 -1 1 51 58 69 -1 2 6 36 50 -1 7 26 47 94 -1 67 71 80 89 -1 5 22 67 85 -1 32 37 70 84 -1 -2
17 35 38 93 -1 40 74 99 100 -1 49 60 65 89 -1 8 19 42 91 -1 34 65 71 87 -1 23 40 60 82 -1 15 38 69 78 -1 14 15 35 45 -1 17 28 35 93 -1 -2
16 48 58 73 -1 -2
30 35 40 57 -1 18 26 33 45 -1 4 38 66 93 -1 -2
11 20 34 95 -1 3 70 83 85 -1 43 49 72 86 -1 -2
31 42 43 74 -1 23 26 40 72 -1 -2
13 29 31 89 -1 15 22 41 87 -1 47 49 70 82 -1 7 56 87 98 -1 20 45 61 94 -1 20 42 45 83 -1 6 47 48 59 -1 44 63 72 77 -1 3 45 46 90 -1 11 38 51 88 -1 -2
31 72 80 92 -1 5 19 39 49 -1 14 25 78 96 -1 21 42 52 91 -1 6 45 68 92 -1 20 23 35 59 -1 16 80 89 99 -1 36 41 44 75 -1 -2
2 11 93 96 -1 26 36 88 91 -1 -2
6 33 48 100 -1 9 30 37 40 -1 19 37 40 54 -1 23 24 36 73 -1 19 63 70 75 -1 48 61 82 88 -1 7 26 32 64 -1 16 42 44 96 -1 12 17 21 78 -1 18 71 77 98 -1 -2
44 53 54 71 -1 36 53 79 88 -1 31 48 72 98 -1 15 27 37 40 -1 17 61 81 95 -1 24 40 68 69 -1 16 21 27 86 -1 -2
23 36 44 95 -1 5 70 73 95 -1 3 40 70 79 -1 13 61 85 88 -1 24 29 39 53 -1 21 34 57 80 -1 -2
5 13 57 76 -1 2 19 24 33 -1 2 8 54 65 -1 53 59 70 93 -1 15 63 67 79 -1 15 17 75 99 -1 4 34 64 74 -1 21 49 63 72 -1 -2
6 57 66 87 -1 -2
7 17 30 54 -1 15 20 26 72 -1 7 8 57 88 -1 5 37 93 98 -1 39 72 73 90 -1 27 40 82 94 -1 15 53 89 95 -1 6 20 29 49 -1 22 28 62 81 -1 -2
23 25 71 97 -1 11 60 76 98 -1 -2
36 83 94 97 -1 7 35 45 85 -1 15 54 74 75 -1 -2
7 37 72 90 -1 31 32 57 79 -1 9 38 86 99 -1 7 74 78 88 -1 8 15 29 88 -1 40 83 87 93 -1 13 14 55 84 -1 6 21 79 83 -1 14 15 32 54 -1 -2
2 18 46 62 -1 25 67 81 83 -1 27 62 63 74 -1 3 15 42 90 -1 -2
4 22 49 81 -1 7 25 56 83 -1 3 17 41 46 -1 27 66 68 85 -1 9 37 69 75 -1 42 49 53 91 -1 28 56 81 92 -1 29 76 94 99 -1 30 68 76 90 -1 -2
3 13 26 84 -1 25 48 79 100 -1 11 16 58 95 -1 -2
9 12 48 96 -1 40 41 44 84 -1 37 54 74 79 -1 9 22 33 53 -1 16 48 51 87 -1 13 29 52 74 -1 1 83 84 87 -1 53 66 94 98 -1 20 38 58 75 -1 -2
66 73 84 86 -1 30 67 85 93 -1 31 56 74 85 -1 26 56 59 79 -1 -2
4 5 39 46 -1 1 33 68 82 -1 7 22 57 94 -1 16 25 46 76 -1 42 47 75 97 -1 18 30 60 83 -1 24 31 67 85 -1 39 65 84 99 -1 13 32 46 86 -1 -2
26 43 61 77 -1 8 17 36 49 -1 29 68 70 78 -1 3 13 54 57 -1 13 35 51 75 -1 1 38 44 92 -1 35 47 68 97 -1 27 38 47 91 -1 -2
2 23 25 56 -1 3 32 41 89 -1 3 7 46 68 -1 5 21 42 82 -1 -2
22 33 42 54 -1 32 73 87 89 -1 1 16 20 87 -1 -2
33 58 63 85 -1 3 11 39 94 -1 19 22 65 73 -1 -2
17 49 75 100 -1 2 23 39 52 -1 28 34 67 73 -1 7 12 16 52 -1 45 56 62 70 -1 40 44 62 72 -1 20 33 40 85 -1 34 46 67 81 -1 44 81 85 89 -1 -2
18 32 33 87 -1 2 24 31 100 -1 9 44 83 88 -1 -2
29 43 65 66 -1 2 18 51 77 -1 14 30 64 91 -1 -2
33 42 71 73 -1 10 35 55 83 -1 58 72 95 96 -1 14 26 62 93 -1 22 29 33 59 -1 -2
46 65 66 83 -1 8 12 16 96 -1 39 45 67 88 -1 32 36 88 100 -1 26 33 50 54 -1 -2
34 37 46 66 -1 18 45 68 72 -1 75 77 89 99 -1 15 58 74 90 -1 7 19 20 45 -1 -2
36 54 75 80 -1 51 60 66 98 -1 19 62 63 99 -1 3 50 62 88 -1 6 36 75 97 -1 1 7 77 91 -1 12 16 81 87 -1 6 20 29 72 -1 -2
7 13 50 78 -1 3 85 86 97 -1 24 47 86 91 -1 12 15 52 69 -1 17 29 32 38 -1 5 17 22 97 -1 21 55 62 84 -1 7 71 79 93 -1 13 36 72 85 -1 -2
49 84 85 90 -1 48 59 77 94 -1 15 50 54 58 -1 23 68 80 100 -1 2 45 68 98 -1 15 23 45 47 -1 -2
17 24 84 98 -1 34 59 82 87 -1 2 85 91 93 -1 16 52 69 73 -1 76 80 82 97 -1 8 24 52 86 -1 5 30 40 99 -1 50 52 67 96 -1 -2
15 58 83 100 -1 1 37 81 91 -1 43 50 52 58 -1 2 4 82 91 -1 14 24 34 74 -1 29 39 92 97 -1 12 25 57 71 -1 28 49 51 86 -1 -2
23 43 72 99 -1 -2
10 37 62 73 -1 25 27 28 31 -1 19 23 84 100 -1 1 10 75 94 -1 16 50 69 73 -1 13 17 67 99 -1 13 48 58 100 -1 -2
42 56 62 76 -1 7 35 55 74 -1 4 24 26 63 -1 4 23 47 76 -1 -2
17 49 90 98 -1 3 50 59 80 -1 28 37 46 71 -1 16 26 51 56 -1 20 52 53 69 -1 11 13 74 82 -1 7 18 20 66 -1 14 29 58 95 -1 22 59 90 97 -1 -2
3 73 86 92 -1 3 36 65 95 -1 36 47 54 88 -1 22 36 52 53 -1 40 53 74 89 -1 32 61 79 99 -1 24 27 48 89 -1 80 85 95 100 -1 18 66 70 80 -1 14 21 44 53 -1 -2
6 41 55 67 -1 8 51 56 68 -1 12 44 64 67 -1 29 54 60 64 -1 -2
12 13 53 81 -1 9 33 71 75 -1 4 11 42 69 -1 12 24 43 100 -1 5 28 35 60 -1 16 44 47 78 -1 4 22 84 93 -1 3 7 61 70 -1 9 30 43 81 -1 30 35 88 96 -1 -2
7 29 84 95 -1 14 22 29 35 -1 -2
10 17 76 80 -1 26 29 58 99 -1 33 82 98 100 -1 4 63 85 96 -1 44 58 69 71 -1 45 69 79 99 -1 4 15 49 98 -1 68 81 90 96 -1 -2
18 24 45 94 -1 3 22 40 67 -1 14 18 51 53 -1 9 40 78 86 -1 33 54 61 71 -1 12 68 71 95 -1 49 65 68 90 -1 29 39 59 87 -1 1 33 68 79 -1 24 73 91 100 -1 -2
4 46 76 89 -1 42 51 72 91 -1 26 67 82 83 -1 20 61 67 93 -1 9 17 87 98 -1 46 68 85 99 -1 -2
3 7 20 21 -1 7 13 34 77 -1 35 37 57 99 -1 9 33 37 42 -1 17 33 52 82 -1 28 31 50 59 -1 -2
20 33 71 78 -1 75 83 93 94 -1 33 55 67 70 -1 -2
20 23 26 38 -1 27 38 44 77 -1 8 26 39 74 -1 11 14 26 100 -1 14 16 20 34 -1 42 44 57 86 -1 2 35 50 71 -1 8 35 61 87 -1 22 56 64 80 -1 5 12 52 66 -1 -2
5 26 50 51 -1 2 22 50 91 -1 28 55 61 71 -1 -2
5 11 62 90 -1 12 33 65 81 -1 69 74 84 86 -1 1 20 45 87 -1 20 50 56 65 -1 37 44 49 93 -1 1 7 29 66 -1 -2
4 12 77 92 -1 2 64 85 90 -1 2 14 31 54 -1 14 26 37 94 -1 11 21 66 96 -1 -2
21 40 82 97 -1 32 33 62 70 -1 39 62 79 98 -1 -2
28 44 56 79 -1 16 24 72 83 -1 19 24 73 77 -1 2 37 52 65 -1 4 34 64 66 -1 24 49 84 91 -1 5 7 14 64 -1 15 21 36 49 -1 16 24 33 60 -1 33 41 52 80 -1 -2
7 39 59 78 -1 43 84 86 92 -1 30 39 44 49 -1 32 70 73 84 -1 7 65 87 88 -1 23 24 73 81 -1 27 28 89 99 -1 8 14 82 95 -1 54 58 78 95 -1 6 32 34 95 -1 -2
4 72 82 96 -1 42 80 83 100 -1 4 26 49 53 -1 4 41 52 84 -1 24 50 66 90 -1 18 93 96 97 -1 -2
20 25 47 94 -1 5 11 57 99 -1 40 53 66 81 -1 21 61 71 74 -1 5 46 66 86 -1 28 40 71 75 -1 1 4 38 76 -1 41 58 75 97 -1 4 48 84 94 -1 38 83 87 94 -1 -2
23 58 67 70 -1 29 58 83 95 -1 21 22 44 71 -1 20 33 46 55 -1 26 46 64 85 -1 7 52 57 98 -1 3 22 62 73 -1 -2
5 10 56 95 -1 15 19 31 65 -1 24 28 48 56 -1 10 47 82 99 -1 17 39 87 99 -1 37 46 74 76 -1 34 73 74 90 -1 4 55 58 81 -1 -2
18 20 25 44 -1 8 47 71 95 -1 10 32 34 64 -1 -2
12 24 86 89 -1 -2
5 37 40 45 -1 30 64 94 100 -1 33 66 76 80 -1 25 29 58 80 -1 34 43 46 91 -1 60 72 82 96 -1 13 70 77 97 -1 2 9 47 65 -1 57 67 75 82 -1 -2
9 57 60 100 -1 35 62 87 90 -1 -2
48 49 55 66 -1 4 20 21 67 -1 41 56 65 93 -1 10 47 72 80 -1 43 49 61 66 -1 17 44 50 78 -1 10 35 46 82 -1 -2
26 39 86 88 -1 34 49 70 75 -1 14 83 85 90 -1 5 19 26 51 -1 34 39 43 50 -1 20 28 68 70 -1 6 32 67 84 -1 14 27 79 93 -1 9 35 67 73 -1 15 45 73 98 -1 -2
11 20 85 89 -1 3 33 41 96 -1 2 8 37 71 -1 40 47 50 78 -1 26 33 48 87 -1 5 7 8 21 -1 -2
4 8 33 88 -1 8 14 29 95 -1 27 86 88 96 -1 31 36 44 49 -1 14 25 39 51 -1 21 54 78 100 -1 -2
20 28 40 48 -1 3 6 57 98 -1 4 13 39 82 -1 8 29 47 97 -1 7 28 31 64 -1 3 10 69 81 -1 22 26 54 62 -1 -2
38 54 73 100 -1 43 45 67 68 -1 23 37 50 88 -1 11 18 42 45 -1 -2
14 30 42 80 -1 5 7 11 45 -1 27 33 51 80 -1 50 53 89 96 -1 17 21 31 67 -1 -2
47 65 77 88 -1 9 34 59 71 -1 3 17 40 53 -1 38 40 53 94 -1 -2
48 56 63 72 -1 57 60 77 94 -1 15 37 66 90 -1 50 66 70 87 -1 16 30 50 65 -1 1 21 26 48 -1 16 57 81 97 -1 -2
42 50 54 60 -1 30 36 37 49 -1 45 70 81 84 -1 1 2 53 82 -1 7 15 60 94 -1 2 3 12 55 -1 -2
40 41 65 72 -1 -2
2 54 69 89 -1 39 49 66 78 -1 14 48 50 91 -1 6 21 34 89 -1 55 57 75 93 -1 20 31 38 51 -1 -2
75 77 80 86 -1 12 69 91 94 -1 19 59 65 67 -1 41 49 52 78 -1 4 38 47 91 -1 34 36 37 75 -1 5 6 35 51 -1 3 37 61 86 -1 13 25 51 54 -1 30 49 73 91 -1 -2
18 71 76 100 -1 35 82 87 95 -1 10 18 51 84 -1 15 34 50 94 -1 21 54 68 88 -1 9 59 71 75 -1 3 20 46 77 -1 54 64 67 100 -1 -2
4 28 33 43 -1 14 20 51 90 -1 2 9 23 91 -1 60 79 95 99 -1 3 12 69 88 -1 -2
20 26 30 80 -1 51 58 81 87 -1 4 66 82 99 -1 23 52 79 86 -1 3 49 53 100 -1 45 59 80 94 -1 26 54 68 99 -1 -2
13 19 37 67 -1 19 24 62 65 -1 39 74 92 93 -1 8 20 35 91 -1 -2
4 44 70 82 -1 -2
29 72 73 89 -1 16 48 75 96 -1 6 31 82 94 -1 7 33 44 74 -1 15 45 91 94 -1 36 44 90 95 -1 11 18 32 93 -1 -2
9 81 83 92 -1 26 40 45 73 -1 15 23 55 70 -1 20 72 83 100 -1 9 30 66 95 -1 7 46 50 77 -1 -2
29 32 58 93 -1 58 61 64 76 -1 38 63 77 80 -1 27 31 63 70 -1 62 85 90 94 -1 41 52 74 82 -1 14 58 83 86 -1 66 69 84 85 -1 3 35 43 59 -1 -2
27 33 34 55 -1 -2
5 38 40 66 -1 1 6 9 92 -1 17 34 59 72 -1 79 85 94 95 -1 12 44 80 93 -1 7 21 74 89 -1 74 76 78 98 -1 -2
2 18 38 78 -1 42 48 75 83 -1 16 19 44 92 -1 40 44 75 85 -1 1 4 20 68 -1 11 49 61 68 -1 6 37 50 78 -1 -2
27 57 64 72 -1 7 16 38 82 -1 1 31 41 53 -1 11 34 52 81 -1 30 36 78 97 -1 -2
13 32 44 63 -1 40 76 78 90 -1 12 51 52 65 -1 3 33 69 95 -1 6 12 16 24 -1 3 22 55 90 -1 17 27 33 85 -1 16 33 41 72 -1 9 22 35 43 -1 5 17 49 86 -1 -2
24 42 62 81 -1 13 22 58 100 -1 -2
18 33 56 61 -1 48 50 57 90 -1 51 73 86 92 -1 33 68 69 79 -1 10 20 30 38 -1 -2
22 48 61 87 -1 32 57 61 85 -1 6 27 37 58 -1 13 83 84 88 -1 8 12 21 59 -1 6 30 53 71 -1 27 60 63 76 -1 -2
10 22 28 46 -1 59 81 87 90 -1 -2
27 41 55 69 -1 6 40 74 81 -1 19 42 55 89 -1 6 40 46 60 -1 7 27 40 51 -1 21 30 83 84 -1 8 17 26 72 -1 24 44 61 82 -1 -2
6 25 56 61 -1 14 47 49 63 -1 47 62 80 93 -1 10 56 59 76 -1 6 30 77 79 -1 42 44 73 81 -1 33 42 94 97 -1 59 71 77 90 -1 3 25 32 85 -1 47 54 79 86 -1 -2
12 23 71 99 -1 8 38 76 87 -1 8 11 19 39 -1 5 36 90 91 -1 23 38 39 45 -1 -2
2 11 36 41 -1 14 24 60 71 -1 3 6 27 68 -1 7 10 35 89 -1 5 26 31 45 -1 28 42 80 93 -1 32 41 43 99 -1 4 22 47 55 -1 15 70 85 90 -1 -2
24 43 67 92 -1 8 59 61 94 -1 2 25 57 100 -1 38 72 97 98 -1 27 41 64 89 -1 13 15 24 43 -1 -2
3 41 49 84 -1 18 19 22 68 -1 31 73 93 99 -1 14 48 64 76 -1 18 57 84 94 -1 19 55 91 94 -1 26 44 45 58 -1 -2
11 81 93 97 -1 13 25 87 90 -1 15 29 31 79 -1 22 47 77 98 -1 1 59 83 86 -1 5 15 25 36 -1 39 45 57 79 -1 -2
6 19 78 91 -1 -2
22 44 46 91 -1 23 40 58 67 -1 -2
41 45 49 50 -1 47 70 83 100 -1 49 61 62 76 -1 21 35 92 98 -1 7 36 57 85 -1 30 48 72 86 -1 5 17 59 96 -1 58 69 79 91 -1 8 41 89 92 -1 -2
21 65 71 98 -1 14 57 64 69 -1 14 30 65 67 -1 -2
2 41 61 81 -1 29 81 87 98 -1 50 70 74 99 -1 33 59 67 71 -1 -2
17 52 67 90 -1 24 38 40 59 -1 -2
15 17 30 68 -1 1 28 35 71 -1 36 55 58 76 -1 26 50 61 79 -1 55 77 80 81 -1 22 35 61 97 -1 9 22 54 68 -1 32 56 58 77 -1 -2
32 62 73 97 -1 11 33 51 81 -1 -2
32 48 50 73 -1 1 5 25 65 -1 18 29 64 81 -1 -2
30 52 56 76 -1 9 16 38 81 -1 64 93 94 99 -1 15 42 78 94 -1 33 70 74 81 -1 20 26 51 97 -1 -2
44 71 73 78 -1 53 71 89 96 -1 40 46 48 73 -1 7 34 49 78 -1 -2
62 75 84 100 -1 38 50 55 62 -1 -2
28 34 85 89 -1 24 47 48 70 -1 14 39 60 84 -1 17 18 39 77 -1 4 47 50 71 -1 24 26 73 81 -1 27 41 50 74 -1 26 57 88 89 -1 -2
3 42 92 95 -1 19 31 38 44 -1 31 39 87 95 -1 6 21 69 85 -1 7 19 47 53 -1 40 43 48 76 -1 8 23 37 91 -1 6 15 19 50 -1 -2
4 35 78 83 -1 6 12 37 88 -1 8 78 83 87 -1 29 49 61 75 -1 -2
18 25 31 47 -1 9 10 35 87 -1 19 21 82 94 -1 61 62 64 93 -1 -2
9 58 88 92 -1 6 7 37 51 -1 14 43 64 86 -1 17 54 73 85 -1 2 44 58 89 -1 18 25 73 86 -1 17 41 46 56 -1 17 24 38 98 -1 7 57 78 85 -1 7 10 42 46 -1 -2
36 77 81 85 -1 11 25 40 44 -1 13 23 29 30 -1 29 53 56 91 -1 22 48 52 92 -1 15 58 59 70 -1 15 43 52 84 -1 11 28 33 53 -1 -2
56 72 73 86 -1 7 20 27 54 -1 18 29 67 85 -1 48 59 66 67 -1 20 54 82 84 -1 43 45 48 78 -1 5 11 82 86 -1 19 64 87 91 -1 17 26 53 70 -1 -2
24 50 54 83 -1 7 29 85 93 -1 32 51 59 69 -1 10 39 63 91 -1 54 61 93 95 -1 1 45 73 87 -1 16 26 47 80 -1 27 31 55 56 -1 19 32 34 94 -1 -2
2 45 50 72 -1 48 76 81 95 -1 21 48 72 73 -1 26 49 80 84 -1 -2
4 67 70 74 -1 -2
9 41 77 78 -1 61 78 80 92 -1 5 59 81 91 -1 25 51 54 91 -1 17 48 56 65 -1 4 63 64 78 -1 1 56 66 73 -1 11 25 71 95 -1 10 21 43 70 -1 1 26 33 85 -1 -2
1 27 49 96 -1 4 9 54 63 -1 24 33 70 85 -1 10 74 82 92 -1 24 25 46 88 -1 33 36 84 93 -1 2 83 90 98 -1 26 73 92 100 -1 7 43 72 87 -1 5 43 59 94 -1 -2
13 15 52 72 -1 45 59 77 83 -1 22 42 49 74 -1 21 32 36 80 -1 43 61 75 84 -1 -2
27 69 84 85 -1 62 82 87 92 -1 12 28 59 68 -1 21 26 68 90 -1 80 84 94 95 -1 -2
14 24 40 93 -1 -2
31 39 77 91 -1 63 68 73 84 -1 28 29 80 82 -1 14 23 25 28 -1 35 68 73 87 -1 -2
10 18 24 68 -1 5 25 81 98 -1 17 20 30 36 -1 23 62 65 69 -1 6 8 80 95 -1 3 27 28 68 -1 1 3 63 69 -1 -2
9 25 86 92 -1 15 19 24 66 -1 26 64 89 90 -1 6 34 40 51 -1 22 26 42 82 -1 4 12 75 96 -1 -2
15 56 58 81 -1 13 31 69 80 -1 1 9 31 54 -1 16 54 95 98 -1 5 28 53 94 -1 1 50 81 82 -1 9 37 72 99 -1 8 13 24 87 -1 -2
4 5 33 92 -1 8 28 95 98 -1 40 70 83 93 -1 31 32 41 52 -1 25 48 65 90 -1 5 12 46 69 -1 -2
4 50 59 64 -1 8 11 32 98 -1 23 74 84 88 -1 -2
5 35 69 77 -1 2 37 50 92 -1 17 29 40 90 -1 25 58 78 80 -1 12 13 73 77 -1 14 35 60 64 -1 28 44 93 97 -1 3 27 47 80 -1 8 25 60 76 -1 -2
3 36 59 88 -1 5 7 11 85 -1 8 9 87 91 -1 28 52 70 81 -1 1 61 70 91 -1 37 57 79 97 -1 9 74 88 95 -1 31 37 74 95 -1 36 43 55 83 -1 -2
14 40 48 100 -1 19 55 80 91 -1 -2
10 25 73 83 -1 3 67 91 92 -1 65 78 80 91 -1 60 70 86 97 -1 7 41 66 72 -1 19 40 74 80 -1 23 26 64 100 -1 5 7 47 53 -1 -2
2 44 71 92 -1 14 28 46 49 -1 10 34 68 75 -1 9 62 81 90 -1 21 31 54 66 -1 6 23 26 76 -1 -2
1 6 91 93 -1 29 60 66 88 -1 9 46 48 72 -1 50 60 82 83 -1 6 52 58 67 -1 6 46 89 98 -1 6 21 40 75 -1 23 46 70 82 -1 8 67 74 76 -1 -2
46 75 87 97 -1 8 72 74 89 -1 42 51 70 76 -1 12 33 35 80 -1 17 18 33 79 -1 18 44 47 56 -1 32 46 47 53 -1 -2
38 41 57 91 -1 21 23 53 89 -1 9 52 76 77 -1 15 22 32 74 -1 22 43 79 95 -1 4 24 47 48 -1 37 70 89 90 -1 4 22 46 72 -1 -2
8 13 41 70 -1 13 75 85 90 -1 6 84 90 99 -1 23 34 52 55 -1 16 49 54 84 -1 -2
14 23 64 91 -1 6 73 91 98 -1 -2
6 16 49 71 -1 34 42 57 84 -1 41 49 79 94 -1 -2
7 13 28 43 -1 33 37 43 96 -1 48 80 86 91 -1 1 44 83 94 -1 24 31 55 79 -1 6 80 91 99 -1 31 69 84 90 -1 40 44 63 74 -1 -2
4 26 52 58 -1 18 29 32 56 -1 18 26 47 64 -1 8 20 67 86 -1 8 11 29 71 -1 22 24 60 81 -1 28 37 63 68 -1 -2
16 39 75 81 -1 14 26 47 95 -1 36 39 65 89 -1 29 35 78 84 -1 24 77 83 92 -1 31 50 57 82 -1 12 13 59 60 -1 39 59 64 72 -1 -2
12 51 93 96 -1 5 36 54 94 -1 44 48 72 87 -1 27 68 86 88 -1 1 17 61 66 -1 6 70 72 92 -1 41 70 75 98 -1 33 85 89 98 -1 -2
3 33 50 98 -1 16 59 89 92 -1 2 7 24 94 -1 -2
55 71 77 92 -1 19 24 39 65 -1 22 26 32 78 -1 63 65 88 100 -1 -2
24 54 66 97 -1 4 6 16 24 -1 -2
16 51 59 70 -1 14 18 54 56 -1 42 61 67 77 -1 26 29 63 70 -1 2 20 69 100 -1 -2
51 61 92 99 -1 2 35 75 95 -1 35 41 51 54 -1 30 45 50 80 -1 21 63 76 80 -1 -2
18 28 34 49 -1 7 22 54 81 -1 39 41 58 77 -1 9 34 47 60 -1 65 79 83 91 -1 5 19 44 99 -1 25 69 80 96 -1 17 47 67 75 -1 -2
3 56 86 100 -1 38 45 62 83 -1 29 30 46 100 -1 4 44 69 73 -1 27 36 63 82 -1 39 49 57 99 -1 -2
34 65 74 86 -1 -2
10 18 56 69 -1 71 73 93 100 -1 25 54 88 97 -1 37 39 44 59 -1 40 41 63 91 -1 21 70 74 97 -1 9 25 39 52 -1 5 16 36 75 -1 22 33 64 93 -1 -2
3 7 10 100 -1 20 61 62 86 -1 10 43 77 80 -1 3 36 48 67 -1 9 31 57 66 -1 33 39 41 47 -1 38 49 51 89 -1 10 36 37 65 -1 -2
11 18 44 92 -1 -2
22 25 74 78 -1 7 42 47 56 -1 -2
40 42 59 63 -1 7 16 20 47 -1 16 33 50 53 -1 34 55 69 98 -1 68 77 87 92 -1 20 57 64 82 -1 10 13 25 63 -1 26 46 68 86 -1 29 41 47 51 -1 -2
3 37 54 100 -1 -2
2 49 90 99 -1 -2
16 58 90 91 -1 -2
3 58 68 92 -1 43 49 53 73 -1 11 45 95 99 -1 50 89 98 100 -1 4 35 64 87 -1 27 36 50 60 -1 2 58 62 65 -1 -2
7 61 82 88 -1 -2
14 51 73 78 -1 8 9 14 73 -1 26 33 69 71 -1 13 19 66 78 -1 15 51 71 97 -1 -2
81 86 98 100 -1 49 56 71 75 -1 19 43 48 85 -1 17 26 51 54 -1 -2
2 34 60 63 -1 17 56 62 81 -1 42 43 45 74 -1 16 34 89 99 -1 35 55 81 84 -1 48 55 87 90 -1 16 23 68 91 -1 36 51 83 94 -1 4 10 16 65 -1 -2
12 21 59 88 -1 29 93 96 100 -1 59 65 69 88 -1 -2
52 61 64 97 -1 -2
22 36 87 91 -1 15 19 71 92 -1 24 31 66 77 -1 13 30 53 65 -1 39 65 70 92 -1 8 25 94 100 -1 4 18 49 79 -1 12 66 68 71 -1 20 46 58 59 -1 17 50 77 85 -1 -2
3 39 49 86 -1 14 71 80 93 -1 34 39 55 81 -1 11 13 51 80 -1 -2
11 42 62 96 -1 -2
1 18 49 72 -1 20 52 60 70 -1 5 27 44 49 -1 13 57 62 93 -1 29 49 64 95 -1 15 17 54 95 -1 17 41 82 98 -1 2 16 42 99 -1 -2
13 33 39 67 -1 18 30 35 98 -1 20 45 65 100 -1 9 37 44 96 -1 33 41 76 87 -1 24 57 73 83 -1 41 66 71 78 -1 22 36 46 57 -1 -2
43 53 91 99 -1 11 32 41 50 -1 20 32 52 79 -1 36 44 45 87 -1 7 36 42 81 -1 17 50 81 96 -1 7 20 69 87 -1 6 38 79 99 -1 -2
5 34 43 46 -1 35 49 58 83 -1 19 21 33 57 -1 31 55 90 97 -1 -2
19 33 54 61 -1 20 57 66 89 -1 11 88 96 97 -1 9 47 69 100 -1 19 24 62 78 -1 29 44 65 87 -1 1 8 50 58 -1 3 4 89 93 -1 26 69 72 89 -1 6 18 55 73 -1 -2
4 30 31 84 -1 31 40 61 96 -1 20 28 36 97 -1 -2
13 19 43 99 -1 -2
4 50 64 78 -1 63 64 71 84 -1 2 19 63 71 -1 14 48 64 71 -1 1 28 58 61 -1 -2
7 15 42 65 -1 24 28 62 65 -1 53 61 64 69 -1 -2
15 21 51 57 -1 9 16 35 99 -1 28 39 49 77 -1 26 63 79 90 -1 23 34 60 77 -1 13 32 38 76 -1 1 18 21 69 -1 -2
7 8 72 97 -1 -2
30 45 60 69 -1 12 38 63 93 -1 39 40 47 65 -1 12 30 55 84 -1 12 44 49 82 -1 43 66 71 96 -1 6 36 41 69 -1 -2
3 14 41 82 -1 7 26 50 86 -1 26 29 31 32 -1 40 68 72 98 -1 32 37 46 90 -1 2 3 6 86 -1 13 42 87 100 -1 -2
9 29 43 61 -1 11 22 89 93 -1 26 30 33 99 -1 -2
4 64 65 92 -1 9 21 70 75 -1 33 52 68 82 -1 17 27 70 90 -1 18 33 66 85 -1 16 52 70 99 -1 -2
28 55 63 74 -1 -2
13 46 68 99 -1 -2
24 36 86 92 -1 4 33 36 58 -1 39 58 61 73 -1 8 58 62 78 -1 9 15 63 81 -1 51 54 62 82 -1 -2
29 33 47 87 -1 18 36 38 100 -1 3 15 49 85 -1 19 36 37 54 -1 25 57 86 92 -1 1 35 75 90 -1 1 33 55 94 -1 47 62 68 85 -1 2 17 77 79 -1 23 48 51 84 -1 -2
22 39 69 81 -1 6 15 31 84 -1 58 84 85 96 -1 -2
4 8 82 94 -1 -2
15 25 39 79 -1 53 61 69 88 -1 21 48 75 94 -1 37 58 78 85 -1 -2
43 59 61 74 -1 18 32 33 67 -1 13 39 64 90 -1 -2
7 22 39 91 -1 12 74 85 97 -1 20 34 42 76 -1 46 60 67 94 -1 25 38 54 57 -1 10 31 55 93 -1 4 44 50 67 -1 8 70 77 80 -1 13 26 59 77 -1 -2
7 16 26 62 -1 10 21 63 92 -1 24 26 72 100 -1 30 54 64 83 -1 5 29 85 93 -1 4 13 46 64 -1 -2
2 29 34 54 -1 11 60 92 100 -1 10 36 56 70 -1 6 7 60 100 -1 11 25 60 75 -1 15 33 69 76 -1 49 82 94 95 -1 29 57 76 78 -1 -2
10 42 63 64 -1 17 50 64 97 -1 13 20 25 29 -1 9 51 61 64 -1 4 62 79 97 -1 2 31 97 100 -1 -2
4 45 60 92 -1 -2
44 47 50 51 -1 15 21 28 93 -1 20 37 46 58 -1 -2
15 29 50 77 -1 3 9 23 82 -1 18 27 36 38 -1 45 67 76 93 -1 -2
17 57 64 96 -1 -2
1 8 32 47 -1 15 19 46 59 -1 -2
43 49 54 88 -1 15 25 51 59 -1 20 58 64 92 -1 4 47 75 89 -1 4 70 80 82 -1 29 37 83 93 -1 15 21 27 53 -1 -2
19 41 69 81 -1 12 14 15 81 -1 18 62 77 97 -1 15 23 34 80 -1 6 69 77 85 -1 -2
14 53 54 64 -1 24 31 48 84 -1 7 59 83 84 -1 22 33 74 84 -1 40 56 75 94 -1 14 20 22 23 -1 40 51 61 92 -1 13 25 92 96 -1 16 64 66 91 -1 28 62 78 85 -1 -2
11 55 56 83 -1 -2
15 33 35 76 -1 -2
18 23 25 30 -1 8 22 54 80 -1 5 73 80 93 -1 12 50 74 98 -1 17 24 46 52 -1 49 63 84 95 -1 6 20 28 71 -1 6 38 41 58 -1 -2
3 5 24 32 -1 2 33 60 66 -1 -2
5 63 69 92 -1 8 14 52 60 -1 -2
13 31 36 66 -1 3 22 29 33 -1 11 16 68 91 -1 6 27 29 80 -1 -2
26 41 61 67 -1 17 25 83 91 -1 27 43 45 74 -1 5 9 39 86 -1 9 14 33 70 -1 16 45 73 75 -1 53 55 64 99 -1 35 62 66 94 -1 1 44 89 91 -1 7 16 53 95 -1 -2
43 53 54 65 -1 8 39 71 76 -1 2 40 45 52 -1 28 31 33 62 -1 34 66 94 99 -1 -2
4 41 84 93 -1 6 40 93 97 -1 1 64 74 93 -1 34 49 92 93 -1 15 56 77 87 -1 13 65 68 94 -1 37 38 57 62 -1 20 52 58 65 -1 13 14 71 85 -1 10 20 50 93 -1 -2
6 36 72 79 -1 37 42 71 87 -1 -2
41 81 89 100 -1 7 44 49 83 -1 11 27 44 51 -1 2 41 43 44 -1 19 23 26 89 -1 21 29 60 63 -1 36 50 76 99 -1 10 43 55 56 -1 25 52 93 94 -1 1 25 45 92 -1 -2
4 5 47 57 -1 2 4 45 73 -1 8 54 82 90 -1 5 9 76 79 -1 24 43 55 86 -1 8 38 39 99 -1 -2
18 54 55 82 -1 20 23 34 48 -1 48 76 83 93 -1 -2
32 37 58 70 -1 34 45 63 64 -1 17 53 61 64 -1 15 52 66 91 -1 40 88 94 100 -1 58 61 82 86 -1 -2
4 19 39 69 -1 24 50 53 74 -1 2 27 43 85 -1 19 48 50 60 -1 -2
23 55 61 92 -1 1 30 46 70 -1 -2
13 25 45 72 -1 17 21 60 72 -1 6 28 61 84 -1 29 73 92 93 -1 6 16 55 70 -1 36 73 76 83 -1 52 64 65 99 -1 47 69 80 82 -1 26 36 89 99 -1 41 48 80 83 -1 -2
1 44 77 87 -1 9 22 57 66 -1 30 50 74 93 -1 12 16 27 71 -1 1 46 78 80 -1 24 33 59 98 -1 4 15 86 93 -1 21 80 83 88 -1 22 41 53 68 -1 -2
19 34 43 92 -1 48 77 97 98 -1 -2
6 23 73 98 -1 18 37 57 66 -1 12 19 80 98 -1 15 20 51 78 -1 26 65 85 92 -1 1 40 53 91 -1 2 4 35 52 -1 -2
17 21 52 82 -1 8 51 70 87 -1 9 26 44 78 -1 16 57 59 65 -1 40 57 64 74 -1 -2
41 58 72 91 -1 77 79 86 94 -1 16 73 82 98 -1 40 63 66 86 -1 73 74 82 95 -1 19 41 81 100 -1 4 19 31 84 -1 -2
4 40 47 54 -1 4 80 83 92 -1 11 43 70 100 -1 10 29 71 94 -1 5 15 30 45 -1 8 47 51 91 -1 -2
30 40 72 99 -1 14 28 57 84 -1 26 40 86 89 -1 26 54 55 75 -1 30 34 41 69 -1 -2
6 15 60 73 -1 43 53 55 62 -1 7 36 37 38 -1 10 33 56 85 -1 5 67 89 93 -1 57 63 71 99 -1 3 11 66 77 -1 -2
47 58 60 68 -1 28 65 69 72 -1 22 34 40 71 -1 18 28 50 78 -1 41 46 62 94 -1 35 37 63 68 -1 30 56 70 100 -1 -2
12 31 68 70 -1 19 38 58 63 -1 8 12 44 99 -1 41 56 63 97 -1 -2
7 13 72 81 -1 59 69 75 95 -1 34 68 78 90 -1 44 62 65 67 -1 -2
5 11 62 93 -1 18 73 76 88 -1 52 71 92 100 -1 23 70 81 94 -1 13 49 57 92 -1 33 70 88 92 -1 31 33 61 98 -1 20 24 44 73 -1 6 27 44 56 -1 21 42 71 98 -1 -2
9 17 47 73 -1 5 69 82 85 -1 38 39 55 100 -1 25 39 75 80 -1 54 74 81 91 -1 4 12 39 69 -1 8 43 66 86 -1 21 26 62 75 -1 13 28 47 80 -1 26 33 85 98 -1 -2
11 34 68 69 -1 29 49 80 86 -1 12 18 33 39 -1 46 61 71 87 -1 -2
20 50 89 90 -1 29 49 51 53 -1 11 34 42 47 -1 27 47 57 89 -1 -2
28 33 52 56 -1 25 69 83 92 -1 14 55 61 83 -1 4 13 50 63 -1 38 43 65 84 -1 6 23 44 45 -1 29 80 89 100 -1 30 69 71 100 -1 10 68 75 85 -1 3 9 38 55 -1 -2
32 55 87 91 -1 42 68 93 100 -1 46 53 54 77 -1 1 46 63 93 -1 27 46 69 87 -1 17 20 89 91 -1 42 71 75 92 -1 35 38 40 89 -1 -2
6 13 18 58 -1 33 51 77 79 -1 18 30 46 51 -1 37 62 64 89 -1 36 41 90 99 -1 17 42 78 88 -1 46 56 66 92 -1 14 15 47 88 -1 50 64 81 86 -1 6 8 29 49 -1 -2
8 12 47 99 -1 4 21 34 46 -1 51 80 83 84 -1 11 28 60 82 -1 14 29 86 98 -1 24 28 31 37 -1 48 69 74 86 -1 14 29 46 63 -1 16 63 67 87 -1 -2
6 75 81 93 -1 20 38 39 52 -1 7 14 33 89 -1 21 36 67 79 -1 46 47 50 62 -1 15 43 58 78 -1 6 25 71 89 -1 43 68 70 78 -1 4 8 15 16 -1 4 8 83 90 -1 -2
17 32 38 48 -1 20 49 54 84 -1 7 22 96 100 -1 25 39 84 97 -1 25 31 48 94 -1 19 60 71 94 -1 23 39 68 85 -1 26 35 65 73 -1 -2
2 32 52 62 -1 14 16 84 86 -1 9 18 73 77 -1 20 46 56 78 -1 31 39 51 87 -1 -2
8 20 30 47 -1 24 56 68 99 -1 1 31 78 87 -1 9 31 56 89 -1 28 36 77 95 -1 21 39 54 64 -1 28 42 46 77 -1 17 43 58 61 -1 -2
60 67 85 89 -1 20 30 42 45 -1 13 19 25 65 -1 14 24 71 79 -1 59 61 73 94 -1 12 19 22 96 -1 15 16 45 54 -1 24 56 79 87 -1 28 49 60 93 -1 22 53 65 85 -1 -2
18 43 62 78 -1 10 37 55 78 -1 28 47 86 95 -1 51 63 87 98 -1 -2
64 81 87 90 -1 30 48 75 87 -1 7 30 33 98 -1 -2
16 32 50 57 -1 33 35 65 80 -1 32 40 59 62 -1 39 41 69 82 -1 14 52 55 60 -1 31 37 45 63 -1 62 70 75 93 -1 10 55 74 80 -1 -2
1 31 68 90 -1 2 55 57 98 -1 10 63 74 84 -1 34 81 88 98 -1 23 35 46 97 -1 34 61 76 82 -1 20 31 32 83 -1 21 23 57 92 -1 -2
54 55 91 98 -1 25 26 33 43 -1 2 15 64 73 -1 9 36 38 53 -1 22 56 71 86 -1 -2
8 10 68 97 -1 21 59 76 94 -1 19 41 73 97 -1 5 9 43 82 -1 6 14 68 71 -1 29 44 47 61 -1 16 21 50 54 -1 20 30 49 78 -1 22 25 53 90 -1 -2
40 57 66 74 -1 43 48 80 94 -1 6 14 40 62 -1 -2
4 26 57 92 -1 8 31 77 97 -1 43 61 84 93 -1 36 41 47 59 -1 2 74 89 99 -1 51 58 76 96 -1 23 48 67 90 -1 55 85 86 96 -1 39 48 68 75 -1 -2
17 57 94 100 -1 13 38 75 86 -1 7 54 74 100 -1 7 42 50 84 -1 23 35 36 56 -1 -2
3 80 81 100 -1 40 43 74 84 -1 3 10 29 86 -1 20 36 45 100 -1 12 44 91 93 -1 12 29 53 88 -1 13 65 72 83 -1 8 57 94 100 -1 5 11 60 73 -1 24 25 37 59 -1 -2
5 7 40 80 -1 31 47 66 71 -1 13 58 65 79 -1 2 44 66 71 -1 6 9 54 55 -1 18 31 66 69 -1 14 15 74 84 -1 29 77 82 96 -1 14 41 63 78 -1 36 40 68 96 -1 -2
13 18 60 81 -1 4 52 62 83 -1 -2
66 70 83 91 -1 20 21 70 93 -1 1 32 54 83 -1 12 31 34 94 -1 12 16 21 50 -1 12 27 47 57 -1 21 52 69 84 -1 -2
44 77 83 94 -1 24 36 67 77 -1 13 15 75 80 -1 16 23 46 91 -1 47 72 88 97 -1 22 51 89 99 -1 -2
1 9 38 47 -1 48 55 62 95 -1 38 61 88 91 -1 20 43 74 83 -1 -2
35 47 62 91 -1 9 63 66 81 -1 6 69 89 93 -1 -2
37 43 45 100 -1 -2
11 21 53 81 -1 32 41 43 58 -1 18 25 27 45 -1 20 52 63 77 -1 25 26 35 73 -1 -2
11 19 56 85 -1 8 16 62 89 -1 6 19 23 36 -1 17 62 63 75 -1 37 42 55 89 -1 16 24 60 61 -1 5 47 96 98 -1 11 66 68 97 -1 -2
7 9 74 96 -1 27 61 71 89 -1 21 49 69 95 -1 11 49 52 91 -1 6 17 27 99 -1 13 32 34 79 -1 28 36 67 72 -1 24 58 61 86 -1 20 33 74 99 -1 -2
16 25 63 100 -1 6 16 73 79 -1 13 15 65 85 -1 13 62 68 82 -1 21 81 89 94 -1 2 30 39 54 -1 19 47 52 57 -1 19 58 90 96 -1 -2
52 59 80 88 -1 4 37 73 86 -1 16 21 91 100 -1 41 54 65 100 -1 11 31 44 64 -1 4 44 50 53 -1 42 65 72 94 -1 -2
8 24 41 71 -1 7 18 53 80 -1 43 68 88 94 -1 18 39 77 81 -1 8 24 30 51 -1 12 49 68 72 -1 16 21 59 77 -1 19 27 37 39 -1 64 67 73 79 -1 17 25 51 54 -1 -2
43 62 74 96 -1 16 48 81 90 -1 -2
18 32 62 63 -1 5 18 45 50 -1 13 81 88 97 -1 34 49 73 96 -1 5 6 21 39 -1 -2
18 32 48 55 -1 -2
64 67 70 79 -1 10 82 85 92 -1 19 34 60 93 -1 34 39 52 97 -1 16 19 20 60 -1 37 45 48 84 -1 4 32 53 85 -1 30 36 48 67 -1 5 19 79 89 -1 3 44 46 71 -1 -2
58 70 84 89 -1 33 64 85 96 -1 34 43 68 72 -1 11 24 71 73 -1 51 67 85 93 -1 -2
11 24 64 68 -1 -2
29 80 88 96 -1 9 26 28 74 -1 -2
22 52 82 83 -1 17 40 44 72 -1 50 75 87 92 -1 3 14 57 60 -1 46 54 90 92 -1 -2
23 39 61 85 -1 8 13 63 93 -1 3 13 31 72 -1 4 29 54 74 -1 7 8 43 66 -1 38 51 76 81 -1 -2
43 61 80 89 -1 -2
9 38 70 75 -1 32 33 65 97 -1 7 14 43 50 -1 17 18 28 36 -1 20 21 47 52 -1 18 56 58 97 -1 66 83 89 92 -1 15 16 41 98 -1 22 45 76 86 -1 -2
8 9 26 32 -1 10 50 72 73 -1 12 31 69 91 -1 26 56 69 78 -1 24 31 35 59 -1 -2
30 72 77 85 -1 27 69 84 91 -1 26 37 42 94 -1 31 34 87 93 -1 22 26 31 55 -1 2 21 84 98 -1 -2
1 29 36 76 -1 3 16 19 27 -1 -2
21 31 61 84 -1 41 72 80 98 -1 71 77 86 95 -1 57 61 65 85 -1 -2
3 31 84 87 -1 28 53 75 86 -1 4 30 44 94 -1 44 50 72 77 -1 -2
3 16 42 51 -1 6 36 49 77 -1 24 45 54 74 -1 49 77 80 83 -1 70 77 85 99 -1 34 55 71 81 -1 -2
30 57 66 74 -1 -2
15 55 58 88 -1 45 77 78 100 -1 15 18 35 80 -1 3 18 33 42 -1 18 23 87 92 -1 2 38 40 70 -1 49 74 76 77 -1 -2
15 67 90 95 -1 4 6 82 95 -1 15 44 52 71 -1 38 39 76 88 -1 1 3 24 70 -1 24 43 49 81 -1 43 60 74 100 -1 41 45 87 89 -1 65 71 72 93 -1 -2
17 27 45 56 -1 32 39 92 94 -1 20 55 74 86 -1 6 23 35 61 -1 30 56 80 88 -1 32 66 69 94 -1 29 74 82 97 -1 -2
29 38 59 96 -1 53 79 85 96 -1 33 42 71 90 -1 24 40 67 68 -1 11 38 70 76 -1 7 27 51 90 -1 2 12 36 74 -1 35 39 79 84 -1 11 40 55 70 -1 -2
64 69 83 94 -1 35 56 75 92 -1 -2
15 46 49 51 -1 59 74 85 96 -1 34 69 79 86 -1 3 30 59 98 -1 20 28 44 61 -1 18 19 85 100 -1 -2
23 50 61 90 -1 2 9 31 43 -1 9 23 56 65 -1 -2
6 48 73 94 -1 56 63 81 100 -1 43 45 77 84 -1 7 15 81 84 -1 24 48 54 63 -1 57 81 83 95 -1 30 32 73 93 -1 4 15 32 73 -1 11 49 57 59 -1 -2
68 71 81 93 -1 18 37 52 80 -1 10 22 37 93 -1 4 38 86 96 -1 -2
15 43 83 92 -1 26 35 45 62 -1 2 7 37 78 -1 22 55 58 66 -1 15 49 66 76 -1 -2
71 82 94 96 -1 55 78 80 87 -1 -2
25 32 41 56 -1 9 14 47 76 -1 23 31 37 74 -1 32 63 74 79 -1 45 49 69 98 -1 1 17 20 85 -1 31 64 69 71 -1 6 43 76 98 -1 -2
3 59 79 93 -1 2 15 19 35 -1 -2
20 23 82 90 -1 50 55 81 92 -1 18 29 48 64 -1 5 28 30 66 -1 16 67 69 91 -1 29 32 60 98 -1 4 22 32 92 -1 21 38 54 63 -1 7 8 42 49 -1 -2
35 44 50 57 -1 11 37 65 88 -1 7 58 76 88 -1 15 43 86 88 -1 21 57 72 97 -1 -2
18 58 78 85 -1 31 55 58 76 -1 15 23 28 87 -1 1 51 66 97 -1 -2
7 12 79 86 -1 36 48 75 79 -1 23 24 91 97 -1 -2
23 25 36 99 -1 19 34 67 98 -1 2 37 92 98 -1 40 43 46 64 -1 5 43 52 69 -1 20 33 34 53 -1 -2
19 30 41 84 -1 19 47 73 88 -1 1 58 66 67 -1 23 25 61 77 -1 27 32 77 82 -1 45 77 79 80 -1 16 24 48 73 -1 21 30 54 73 -1 -2
59 62 92 98 -1 -2
31 85 89 100 -1 23 37 80 94 -1 64 70 73 94 -1 -2
12 21 38 48 -1 26 35 78 98 -1 30 31 63 73 -1 19 43 86 98 -1 18 30 34 63 -1 9 20 60 87 -1 12 25 33 81 -1 -2
11 32 41 93 -1 40 56 57 100 -1 3 13 53 85 -1 26 29 45 51 -1 46 63 89 97 -1 36 71 75 78 -1 25 37 51 70 -1 -2
9 82 86 90 -1 47 49 53 90 -1 35 39 58 83 -1 50 80 91 99 -1 -2
12 19 61 90 -1 3 48 64 81 -1 6 23 34 50 -1 7 12 75 81 -1 57 61 62 76 -1 4 11 46 81 -1 9 41 67 87 -1 16 33 57 90 -1 5 34 51 70 -1 -2
7 19 35 91 -1 10 73 74 99 -1 42 46 62 75 -1 -2
33 46 47 81 -1 63 64 69 73 -1 10 26 66 85 -1 14 20 34 78 -1 28 40 61 88 -1 27 35 63 69 -1 21 23 82 85 -1 -2
4 22 57 98 -1 19 54 55 67 -1 9 18 90 100 -1 24 27 30 55 -1 3 17 29 65 -1 15 26 89 99 -1 70 88 92 94 -1 -2
13 14 65 70 -1 2 28 30 85 -1 4 18 26 77 -1 3 19 27 86 -1 1 27 42 51 -1 35 51 59 68 -1 7 51 91 93 -1 1 16 32 64 -1 16 37 47 68 -1 -2
24 48 58 74 -1 3 4 19 54 -1 38 62 63 64 -1 59 86 92 93 -1 2 20 28 51 -1 4 59 70 83 -1 4 53 61 83 -1 12 15 22 57 -1 2 4 28 39 -1 4 14 34 71 -1 -2
5 10 42 72 -1 18 23 36 44 -1 9 51 55 57 -1 36 43 59 86 -1 3 23 51 70 -1 16 27 87 89 -1 18 27 41 95 -1 4 41 79 94 -1 53 85 91 100 -1 -2
7 13 30 41 -1 9 37 38 62 -1 49 50 51 94 -1 -2
28 48 54 88 -1 36 42 43 58 -1 1 16 52 78 -1 28 42 66 80 -1 7 36 76 98 -1 5 14 28 64 -1 8 47 91 93 -1 27 41 58 69 -1 10 21 84 98 -1 9 25 44 78 -1 -2
17 50 75 77 -1 22 41 78 87 -1 -2
57 61 78 99 -1 9 58 73 93 -1 3 16 47 95 -1 22 29 55 61 -1 24 66 89 95 -1 1 35 58 94 -1 4 47 77 92 -1 -2
8 50 62 67 -1 -2
23 42 66 73 -1 23 25 51 57 -1 31 43 62 77 -1 16 27 89 92 -1 9 22 52 73 -1 7 22 64 70 -1 -2
41 51 70 76 -1 -2
1 31 39 68 -1 9 18 32 42 -1 27 33 42 47 -1 30 34 39 66 -1 6 11 70 97 -1 14 39 77 79 -1 30 46 52 70 -1 20 72 80 93 -1 -2
10 59 70 87 -1 13 25 51 80 -1 32 37 77 79 -1 36 46 62 86 -1 8 16 66 84 -1 8 68 92 93 -1 3 25 36 77 -1 -2
35 71 75 78 -1 -2
16 71 75 82 -1 37 60 63 93 -1 22 32 37 89 -1 30 44 58 81 -1 6 44 56 85 -1 40 52 87 88 -1 61 73 89 90 -1 8 30 48 56 -1 8 18 44 50 -1 -2
37 57 76 91 -1 4 10 24 94 -1 18 25 26 95 -1 21 52 74 77 -1 8 37 48 68 -1 11 45 90 94 -1 -2
18 38 76 87 -1 -2
18 52 77 84 -1 12 14 73 76 -1 17 33 40 85 -1 1 8 24 79 -1 21 43 61 95 -1 1 87 97 98 -1 8 18 51 73 -1 17 57 61 74 -1 3 8 28 70 -1 20 77 91 95 -1 -2
59 75 76 81 -1 20 38 51 74 -1 14 38 59 71 -1 38 59 73 99 -1 13 43 59 84 -1 2 24 72 92 -1 36 47 66 83 -1 45 69 73 100 -1 21 62 66 82 -1 24 72 73 79 -1 -2
21 47 48 81 -1 -2
31 54 55 75 -1 28 56 74 77 -1 38 48 65 99 -1 9 19 38 84 -1 30 67 77 98 -1 22 28 70 87 -1 7 8 72 82 -1 -2
12 18 23 80 -1 19 43 68 73 -1 16 28 50 58 -1 10 51 53 86 -1 30 43 45 89 -1 8 10 19 42 -1 48 56 63 76 -1 5 21 65 88 -1 7 29 77 99 -1 5 38 46 63 -1 -2
19 37 60 92 -1 12 38 92 99 -1 20 60 80 92 -1 8 10 21 65 -1 12 45 79 80 -1 2 50 60 71 -1 22 50 55 90 -1 9 46 72 98 -1 -2
1 42 62 89 -1 9 30 53 85 -1 -2
22 46 57 100 -1 33 47 87 90 -1 48 52 57 71 -1 39 52 73 78 -1 15 67 81 82 -1 -2
12 44 90 96 -1 31 32 34 74 -1 1 55 59 85 -1 -2
27 64 72 79 -1 14 37 42 84 -1 24 29 55 92 -1 10 39 47 51 -1 21 24 71 76 -1 -2
35 79 83 93 -1 4 43 45 100 -1 3 28 54 84 -1 24 81 91 92 -1 18 37 62 73 -1 2 32 39 76 -1 45 66 78 85 -1 -2
8 29 90 97 -1 43 44 47 94 -1 72 79 86 99 -1 7 33 47 51 -1 -2
8 44 47 72 -1 52 65 84 98 -1 61 64 76 80 -1 5 53 57 93 -1 -2
12 19 31 80 -1 22 31 44 95 -1 25 30 33 88 -1 -2
2 50 61 71 -1 5 19 40 44 -1 -2
14 63 75 94 -1 36 67 77 97 -1 27 37 44 61 -1 3 15 41 67 -1 19 25 36 54 -1 -2
25 37 45 48 -1 4 13 28 73 -1 9 22 68 80 -1 45 50 61 76 -1 17 26 69 74 -1 -2
13 56 74 95 -1 -2
1 10 38 51 -1 26 45 47 63 -1 57 66 69 81 -1 7 9 40 83 -1 13 14 24 54 -1 9 16 28 55 -1 -2
8 31 69 79 -1 10 33 68 89 -1 29 31 38 73 -1 21 68 89 92 -1 12 53 64 85 -1 23 85 90 98 -1 25 31 39 65 -1 52 83 88 98 -1 6 27 52 71 -1 -2
18 26 32 83 -1 41 52 84 94 -1 5 55 69 89 -1 31 73 85 95 -1 1 49 59 68 -1 8 10 33 73 -1 -2
19 20 51 56 -1 -2
1 26 50 73 -1 4 9 71 100 -1 2 47 64 87 -1 42 56 64 77 -1 -2
42 75 77 78 -1 1 12 33 95 -1 19 60 79 81 -1 10 24 42 82 -1 4 31 33 37 -1 56 70 98 100 -1 19 23 51 83 -1 24 26 62 66 -1 -2
4 5 23 26 -1 44 68 70 95 -1 11 27 54 91 -1 40 47 84 92 -1 4 19 24 52 -1 17 27 82 97 -1 4 68 74 95 -1 75 89 92 94 -1 4 12 72 90 -1 -2
74 87 92 94 -1 11 14 54 59 -1 19 44 64 81 -1 10 15 28 65 -1 16 68 82 89 -1 43 72 85 92 -1 3 42 67 74 -1 9 19 40 60 -1 19 27 31 49 -1 -2
27 43 77 100 -1 5 46 80 83 -1 16 21 56 64 -1 24 57 63 76 -1 15 36 55 88 -1 27 63 80 97 -1 13 42 48 97 -1 1 35 70 81 -1 4 21 30 95 -1 32 57 61 77 -1 -2
1 26 28 36 -1 9 51 54 100 -1 66 68 94 99 -1 21 26 42 43 -1 52 58 71 75 -1 23 43 53 61 -1 2 7 60 97 -1 14 63 73 99 -1 29 50 72 90 -1 29 67 71 75 -1 -2
26 66 77 100 -1 -2
17 52 61 94 -1 3 8 28 45 -1 41 47 85 96 -1 46 56 73 94 -1 1 40 63 88 -1 -2
6 14 43 64 -1 36 40 66 87 -1 43 46 79 82 -1 11 55 67 95 -1 36 52 58 91 -1 46 57 60 64 -1 19 32 50 86 -1 31 34 38 100 -1 -2
7 10 20 38 -1 2 4 21 58 -1 14 73 93 100 -1 5 38 47 69 -1 29 33 60 64 -1 44 48 63 80 -1 8 52 63 94 -1 -2
68 85 93 98 -1 -2
38 42 72 84 -1 20 58 68 92 -1 18 47 52 85 -1 17 32 74 98 -1 1 29 77 84 -1 56 66 75 76 -1 20 23 39 43 -1 6 22 78 97 -1 12 42 43 62 -1 -2
15 17 44 56 -1 59 78 89 93 -1 15 25 56 75 -1 -2
10 29 75 78 -1 13 26 42 80 -1 47 51 61 67 -1 1 57 81 89 -1 49 55 62 97 -1 54 61 85 94 -1 16 26 66 76 -1 12 43 73 95 -1 -2
4 44 59 79 -1 14 19 51 62 -1 3 51 66 75 -1 46 65 95 100 -1 8 49 60 90 -1 11 14 41 79 -1 2 19 25 36 -1 -2
3 25 29 64 -1 23 58 62 69 -1 44 47 65 86 -1 21 31 57 88 -1 18 50 91 97 -1 16 19 37 86 -1 40 65 73 97 -1 40 56 61 71 -1 20 21 26 51 -1 30 43 62 76 -1 -2
3 15 73 83 -1 9 21 52 99 -1 -2
2 25 36 46 -1 3 7 65 100 -1 30 37 39 61 -1 15 30 58 87 -1 -2
45 55 65 95 -1 9 10 48 74 -1 17 42 65 100 -1 6 18 19 93 -1 37 44 63 97 -1 33 55 68 84 -1 9 34 40 88 -1 20 23 58 75 -1 -2
20 39 61 77 -1 43 58 77 94 -1 29 49 54 65 -1 1 9 35 87 -1 3 28 54 97 -1 58 71 79 90 -1 1 24 40 86 -1 8 48 51 84 -1 4 45 65 98 -1 52 60 67 74 -1 -2
22 37 69 75 -1 12 49 74 80 -1 -2
47 59 84 93 -1 10 47 60 80 -1 20 29 91 98 -1 34 37 82 92 -1 55 65 68 76 -1 11 50 51 78 -1 13 48 55 91 -1 -2
19 32 38 64 -1 13 19 86 96 -1 42 52 60 61 -1 22 23 35 56 -1 5 72 87 97 -1 1 17 51 88 -1 2 54 77 98 -1 17 35 67 76 -1 21 43 65 68 -1 26 36 47 66 -1 -2
32 39 53 63 -1 11 19 44 69 -1 -2
8 10 32 62 -1 59 62 71 85 -1 6 13 17 32 -1 33 46 80 88 -1 17 42 85 99 -1 19 37 54 93 -1 4 39 68 73 -1 5 20 51 78 -1 47 49 55 98 -1 36 79 95 97 -1 -2
19 21 51 52 -1 47 48 84 93 -1 47 57 66 81 -1 7 35 52 96 -1 45 49 74 77 -1 8 20 25 54 -1 6 17 23 36 -1 2 47 91 95 -1 11 32 80 87 -1 -2
49 50 54 92 -1 8 45 73 84 -1 -2
21 23 51 91 -1 73 76 77 79 -1 6 7 45 56 -1 12 29 99 100 -1 29 53 74 98 -1 -2
21 35 49 97 -1 4 11 59 85 -1 17 18 35 78 -1 42 66 83 90 -1 7 20 55 81 -1 3 16 40 93 -1 -2
12 32 66 99 -1 3 26 64 70 -1 13 22 28 84 -1 -2
24 33 57 95 -1 22 38 39 91 -1 5 41 52 65 -1 18 45 72 96 -1 45 50 54 88 -1 36 83 91 94 -1 -2
2 9 41 71 -1 -2
1 60 83 99 -1 5 12 56 60 -1 22 23 59 68 -1 5 40 88 93 -1 25 39 53 94 -1 -2
17 20 62 81 -1 13 49 78 94 -1 8 23 27 58 -1 37 76 77 87 -1 28 40 68 92 -1 76 79 83 86 -1 -2
13 20 63 99 -1 8 73 92 94 -1 46 47 65 99 -1 50 69 73 94 -1 40 53 69 75 -1 -2
42 62 75 90 -1 17 30 62 97 -1 29 36 62 94 -1 8 19 26 91 -1 12 16 98 100 -1 22 29 39 55 -1 22 42 52 97 -1 22 24 79 96 -1 15 42 59 69 -1 -2
6 21 36 78 -1 71 81 93 95 -1 9 88 89 91 -1 11 25 28 54 -1 4 6 64 85 -1 18 29 60 73 -1 13 36 63 86 -1 -2
40 52 56 62 -1 22 67 73 95 -1 -2
44 60 73 97 -1 5 36 72 100 -1 21 47 93 96 -1 -2
63 81 95 98 -1 10 18 27 34 -1 37 45 72 96 -1 26 29 47 77 -1 -2
44 58 61 76 -1 43 53 57 87 -1 11 38 49 92 -1 1 7 33 63 -1 51 52 55 96 -1 2 4 29 59 -1 -2
21 23 31 71 -1 37 42 62 90 -1 52 58 59 87 -1 -2
17 18 29 47 -1 28 64 82 92 -1 4 33 36 96 -1 17 45 88 99 -1 31 72 84 100 -1 -2
21 36 82 96 -1 11 16 35 53 -1 38 40 59 98 -1 1 2 49 60 -1 50 61 74 86 -1 22 34 41 100 -1 -2
46 56 72 98 -1 41 59 84 96 -1 17 46 97 99 -1 12 14 43 75 -1 1 29 45 79 -1 -2
9 10 13 63 -1 37 57 76 83 -1 4 26 74 98 -1 7 20 27 32 -1 2 64 77 90 -1 22 30 57 69 -1 7 65 71 94 -1 26 60 63 87 -1 6 31 45 56 -1 1 6 47 71 -1 -2
12 21 39 87 -1 39 61 62 80 -1 7 21 26 48 -1 7 15 71 82 -1 10 13 54 76 -1 -2
17 29 75 88 -1 3 9 53 57 -1 38 84 90 99 -1 38 45 76 98 -1 21 30 42 72 -1 10 57 58 87 -1 5 7 25 64 -1 13 47 77 89 -1 17 47 56 98 -1 21 28 54 91 -1 -2
4 13 57 83 -1 60 72 89 95 -1 3 11 63 68 -1 1 69 75 85 -1 21 29 44 87 -1 6 75 78 86 -1 7 17 98 99 -1 22 25 28 78 -1 32 49 72 74 -1 13 60 97 98 -1 -2
11 49 73 94 -1 9 68 87 96 -1 25 43 67 93 -1 -2
49 53 61 74 -1 39 49 81 94 -1 21 67 70 90 -1 9 20 44 87 -1 7 29 40 53 -1 31 72 93 94 -1 1 46 50 56 -1 26 47 59 96 -1 1 11 64 96 -1 15 26 97 99 -1 -2
35 83 93 100 -1 13 26 54 99 -1 14 31 65 90 -1 6 13 39 100 -1 20 32 58 88 -1 -2
16 25 41 45 -1 1 11 35 86 -1 15 19 34 44 -1 8 35 73 78 -1 37 46 66 87 -1 21 69 71 84 -1 -2
17 24 37 62 -1 19 47 59 97 -1 41 45 59 67 -1 20 21 41 49 -1 2 29 71 72 -1 10 45 57 71 -1 4 36 60 74 -1 1 75 76 87 -1 8 55 79 98 -1 -2
17 31 56 83 -1 8 57 95 100 -1 -2
24 29 74 78 -1 23 31 74 96 -1 44 68 70 100 -1 26 31 47 70 -1 18 36 68 90 -1 3 17 49 63 -1 22 23 33 99 -1 1 47 68 69 -1 -2
8 18 44 74 -1 8 14 15 82 -1 -2
4 17 63 88 -1 22 36 59 78 -1 13 17 20 76 -1 5 76 82 99 -1 11 17 38 70 -1 34 43 44 85 -1 20 43 73 84 -1 10 16 23 74 -1 -2
18 43 56 76 -1 42 55 61 82 -1 15 19 80 90 -1 4 15 43 68 -1 -2
20 43 44 93 -1 -2
19 35 68 88 -1 4 27 79 95 -1 6 43 63 98 -1 4 6 63 97 -1 12 13 66 93 -1 -2
21 26 49 88 -1 39 70 84 98 -1 23 62 64 95 -1 -2
11 31 46 97 -1 1 27 83 86 -1 56 57 91 94 -1 16 37 50 80 -1 4 29 43 83 -1 20 42 69 94 -1 64 69 75 85 -1 8 38 62 70 -1 18 65 66 99 -1 50 60 78 94 -1 -2
13 20 84 96 -1 -2
26 32 34 95 -1 18 34 58 61 -1 8 33 54 74 -1 6 33 69 100 -1 25 27 29 38 -1 45 47 67 75 -1 4 37 63 72 -1 4 5 38 55 -1 -2
5 35 37 57 -1 21 39 82 99 -1 4 28 37 67 -1 1 6 63 89 -1 19 22 30 64 -1 16 30 32 38 -1 8 29 42 59 -1 38 43 82 93 -1 25 33 58 77 -1 44 53 57 100 -1 -2
3 70 84 93 -1 33 53 80 99 -1 -2
14 36 82 87 -1 36 44 45 69 -1 -2
59 66 72 94 -1 25 52 65 74 -1 31 79 82 92 -1 13 25 52 95 -1 5 54 86 93 -1 -2
5 11 12 14 -1 44 46 57 63 -1 9 22 64 99 -1 30 31 37 88 -1 1 52 69 82 -1 4 61 74 88 -1 34 57 71 80 -1 15 17 54 56 -1 16 25 49 81 -1 41 62 64 72 -1 -2
27 52 59 91 -1 -2
8 10 17 29 -1 17 30 53 81 -1 18 48 52 67 -1 11 28 59 93 -1 -2
3 26 32 44 -1 38 65 71 73 -1 11 46 63 88 -1 18 54 73 79 -1 3 35 92 95 -1 -2
6 35 86 98 -1 6 13 32 49 -1 1 21 55 75 -1 43 78 90 97 -1 4 39 56 61 -1 7 48 96 100 -1 9 57 75 83 -1 -2
35 66 76 99 -1 6 28 34 50 -1 6 34 45 90 -1 9 13 45 87 -1 22 24 51 79 -1 5 6 47 87 -1 -2
7 42 53 54 -1 11 30 44 45 -1 19 33 59 72 -1 12 58 83 90 -1 25 37 63 70 -1 2 7 10 19 -1 6 20 71 83 -1 28 48 82 92 -1 10 28 43 92 -1 9 14 71 74 -1 -2
46 57 65 93 -1 9 15 33 73 -1 16 21 34 97 -1 25 29 32 44 -1 53 65 67 100 -1 63 74 82 86 -1 16 17 65 74 -1 -2
7 26 27 71 -1 56 59 65 81 -1 33 34 87 93 -1 38 45 47 75 -1 3 50 80 82 -1 8 39 51 78 -1 10 66 67 71 -1 3 44 75 89 -1 -2
52 54 75 96 -1 11 26 55 71 -1 -2
23 62 68 98 -1 48 49 66 90 -1 8 32 67 94 -1 21 28 66 97 -1 4 22 33 39 -1 22 34 38 83 -1 29 34 57 98 -1 -2
15 34 40 100 -1 16 22 52 94 -1 11 12 39 44 -1 38 71 86 93 -1 9 23 54 56 -1 6 23 59 68 -1 19 32 59 81 -1 21 75 80 88 -1 26 31 40 65 -1 27 45 66 70 -1 -2
26 51 56 75 -1 -2
52 69 86 95 -1 37 41 62 87 -1 8 20 84 85 -1 21 39 64 75 -1 1 7 61 66 -1 -2
9 21 37 46 -1 -2
31 86 88 90 -1 12 31 55 77 -1 33 49 66 71 -1 8 37 40 45 -1 11 25 50 61 -1 -2
29 34 57 80 -1 37 66 68 91 -1 19 28 78 94 -1 6 17 49 78 -1 18 36 58 96 -1 13 44 69 87 -1 1 40 60 95 -1 33 35 38 42 -1 -2
10 28 58 96 -1 3 8 20 41 -1 46 56 79 91 -1 -2
33 44 66 85 -1 20 36 69 92 -1 13 43 45 55 -1 -2
32 36 72 75 -1 12 39 52 63 -1 14 42 62 66 -1 24 65 67 91 -1 15 32 40 60 -1 31 52 54 67 -1 -2
48 51 53 100 -1 6 9 37 54 -1 21 40 68 87 -1 16 17 66 86 -1 2 49 80 100 -1 -2
16 48 65 88 -1 7 52 57 96 -1 2 26 77 98 -1 8 75 82 94 -1 9 32 41 62 -1 6 11 70 81 -1 54 80 86 94 -1 13 28 77 93 -1 35 37 40 97 -1 -2
20 51 79 82 -1 8 22 80 92 -1 6 48 86 89 -1 -2
1 27 41 72 -1 33 54 55 98 -1 28 34 50 55 -1 -2
30 50 56 95 -1 5 40 47 56 -1 19 20 35 58 -1 13 31 44 47 -1 4 10 92 95 -1 6 51 61 66 -1 -2
9 24 56 69 -1 8 21 45 63 -1 23 33 37 53 -1 29 35 79 84 -1 4 30 98 99 -1 -2
33 68 74 83 -1 7 67 78 90 -1 29 32 36 92 -1 4 23 99 100 -1 33 34 49 62 -1 66 67 78 79 -1 5 26 55 65 -1 4 42 43 55 -1 33 78 83 91 -1 26 36 56 87 -1 -2
18 32 45 60 -1 19 24 31 37 -1 29 46 69 73 -1 5 19 28 85 -1 -2
33 60 78 89 -1 2 32 34 94 -1 26 62 63 88 -1 22 32 55 62 -1 16 67 81 89 -1 12 76 80 95 -1 65 71 80 92 -1 15 21 34 51 -1 18 48 49 68 -1 31 41 44 87 -1 -2
20 25 46 61 -1 28 38 56 73 -1 64 71 85 87 -1 14 29 39 60 -1 29 32 64 84 -1 1 31 85 100 -1 62 66 68 79 -1 30 34 54 77 -1 -2
27 34 78 99 -1 2 51 52 94 -1 -2
6 45 91 93 -1 -2
4 27 49 73 -1 11 33 50 76 -1 -2
39 46 86 94 -1 16 43 81 95 -1 47 49 52 96 -1 -2
41 70 91 99 -1 47 78 79 93 -1 22 38 81 99 -1 29 55 71 76 -1 42 46 48 73 -1 21 44 52 98 -1 26 51 82 93 -1 76 88 89 91 -1 -2
20 22 77 99 -1 22 29 71 75 -1 5 28 71 88 -1 8 72 76 82 -1 10 32 48 59 -1 43 45 47 51 -1 58 59 71 87 -1 12 71 82 95 -1 -2
32 70 75 93 -1 21 41 63 83 -1 6 53 61 80 -1 5 68 81 92 -1 12 32 61 79 -1 34 53 55 76 -1 35 43 63 66 -1 4 35 56 59 -1 -2
16 40 41 96 -1 21 45 50 62 -1 5 10 87 88 -1 38 68 80 100 -1 2 16 58 70 -1 22 26 94 99 -1 14 18 57 59 -1 12 65 68 95 -1 40 48 62 72 -1 10 22 61 94 -1 -2
27 40 69 82 -1 29 34 91 93 -1 2 11 46 81 -1 25 60 76 97 -1 37 41 59 76 -1 3 28 80 100 -1 46 59 79 85 -1 19 58 62 73 -1 40 51 77 89 -1 27 28 51 72 -1 -2
57 68 81 90 -1 16 40 97 100 -1 16 66 84 94 -1 46 58 67 87 -1 -2
1 41 78 79 -1 7 10 36 54 -1 -2
16 62 63 95 -1 9 40 61 82 -1 72 79 81 89 -1 7 28 46 66 -1 1 26 28 30 -1 2 62 65 66 -1 9 20 38 52 -1 25 39 56 81 -1 -2
5 13 55 85 -1 2 6 39 75 -1 5 7 34 85 -1 2 11 31 57 -1 1 4 47 84 -1 14 17 18 24 -1 21 25 46 98 -1 39 59 69 93 -1 -2
31 36 63 89 -1 1 2 34 81 -1 49 55 81 88 -1 9 22 97 99 -1 -2
20 33 38 66 -1 19 28 50 83 -1 -2
31 61 63 71 -1 -2
12 20 59 87 -1 16 49 51 72 -1 7 60 66 82 -1 24 39 57 96 -1 5 17 28 80 -1 7 12 73 78 -1 -2
21 52 71 77 -1 57 58 83 92 -1 66 70 90 91 -1 17 82 93 98 -1 -2
1 2 14 16 -1 9 17 35 85 -1 46 69 76 97 -1 12 68 72 82 -1 -2
5 11 23 84 -1 22 26 58 71 -1 4 38 73 82 -1 44 54 61 94 -1 13 40 59 68 -1 3 27 60 97 -1 22 41 57 89 -1 19 27 59 80 -1 -2
6 11 40 69 -1 25 44 58 94 -1 2 14 16 79 -1 1 15 59 82 -1 -2
12 31 81 100 -1 28 72 95 98 -1 33 43 83 99 -1 26 48 56 98 -1 9 53 56 81 -1 -2
16 18 22 78 -1 1 63 64 85 -1 6 16 65 95 -1 3 16 28 90 -1 10 16 54 63 -1 -2
19 39 58 65 -1 39 45 52 74 -1 7 17 39 91 -1 61 72 87 96 -1 6 42 51 59 -1 20 42 67 74 -1 -2
31 33 66 83 -1 29 32 65 73 -1 28 67 85 89 -1 20 46 58 84 -1 32 34 36 91 -1 19 20 81 92 -1 4 38 57 94 -1 8 10 70 77 -1 41 51 79 87 -1 -2
17 21 26 35 -1 5 45 64 70 -1 10 16 35 59 -1 41 63 77 84 -1 58 74 79 94 -1 6 7 20 100 -1 2 14 77 83 -1 -2
9 68 77 93 -1 -2
24 75 89 93 -1 21 23 62 91 -1 23 74 79 86 -1 5 28 40 41 -1 -2
11 62 84 92 -1 31 63 80 82 -1 46 61 86 100 -1 7 20 65 80 -1 10 75 93 100 -1 24 53 56 59 -1 26 43 72 96 -1 25 37 43 53 -1 12 46 74 95 -1 17 55 62 73 -1 -2
42 65 68 77 -1 4 78 85 91 -1 5 18 74 79 -1 37 46 50 94 -1 14 46 56 64 -1 12 71 91 92 -1 -2
14 47 51 82 -1 21 31 47 94 -1 13 31 44 79 -1 10 32 63 86 -1 1 17 19 46 -1 14 26 58 85 -1 17 34 38 85 -1 27 67 73 92 -1 23 33 51 81 -1 -2
7 29 64 85 -1 43 53 63 100 -1 24 50 60 72 -1 -2
21 46 52 100 -1 6 73 78 87 -1 34 40 57 92 -1 -2
4 24 33 64 -1 8 20 33 62 -1 12 22 60 80 -1 28 46 47 54 -1 30 35 54 66 -1 15 71 89 90 -1 7 37 46 83 -1 7 30 61 75 -1 13 53 69 73 -1 -2
13 26 76 91 -1 3 10 76 86 -1 35 83 93 98 -1 48 84 85 99 -1 3 16 38 90 -1 25 37 48 83 -1 30 38 47 73 -1 -2
2 34 42 84 -1 11 19 23 100 -1 17 20 24 58 -1 29 35 39 90 -1 17 58 69 77 -1 23 32 58 64 -1 -2
26 47 58 91 -1 13 17 46 68 -1 1 26 73 92 -1 -2
24 45 63 68 -1 32 36 70 78 -1 33 38 80 100 -1 18 42 84 94 -1 1 15 53 97 -1 -2
9 93 97 98 -1 40 54 60 100 -1 60 64 81 95 -1 3 43 58 88 -1 -2
32 59 71 100 -1 5 61 64 91 -1 19 29 35 100 -1 7 10 41 60 -1 66 79 82 86 -1 29 35 60 65 -1 43 48 63 94 -1 10 41 43 56 -1 -2
2 43 74 94 -1 24 29 83 96 -1 13 35 38 61 -1 40 49 68 85 -1 -2
9 79 80 98 -1 26 43 47 74 -1 3 46 72 98 -1 35 38 45 93 -1 -2
35 43 75 77 -1 2 20 79 96 -1 25 34 64 75 -1 1 29 76 91 -1 5 57 67 87 -1 12 54 85 97 -1 5 7 11 87 -1 3 61 66 77 -1 11 25 43 65 -1 -2
41 51 69 87 -1 -2
12 23 30 39 -1 43 59 69 88 -1 13 18 36 94 -1 6 13 35 76 -1 18 58 85 88 -1 7 26 78 89 -1 41 48 72 98 -1 -2
21 47 57 80 -1 4 30 36 84 -1 26 38 45 73 -1 3 37 71 84 -1 20 42 64 89 -1 39 49 61 62 -1 58 74 81 95 -1 -2
15 30 37 40 -1 1 6 36 45 -1 -2
9 28 63 73 -1 38 57 78 98 -1 2 37 47 77 -1 28 39 56 78 -1 -2
36 75 76 85 -1 50 52 90 95 -1 16 52 64 77 -1 8 56 67 88 -1 61 63 69 91 -1 38 41 53 60 -1 17 56 63 70 -1 26 30 33 36 -1 5 18 33 89 -1 -2
31 43 82 88 -1 -2
19 49 52 87 -1 25 36 52 85 -1 9 42 45 75 -1 13 25 38 82 -1 14 34 82 86 -1 47 48 74 91 -1 23 59 61 64 -1 -2
17 50 55 74 -1 44 67 89 98 -1 -2
16 19 51 76 -1 6 76 83 97 -1 12 41 65 99 -1 29 51 52 74 -1 39 64 94 95 -1 12 39 94 99 -1 7 24 49 69 -1 9 30 77 96 -1 14 30 50 69 -1 15 21 57 72 -1 -2
12 39 86 98 -1 9 10 58 61 -1 24 34 48 94 -1 2 16 25 83 -1 5 25 70 81 -1 41 82 85 94 -1 15 60 79 90 -1 35 37 69 77 -1 4 15 38 99 -1 23 38 59 99 -1 -2
30 41 45 70 -1 32 40 71 88 -1 34 61 99 100 -1 24 41 65 92 -1 9 47 70 71 -1 -2
21 35 46 79 -1 60 62 63 90 -1 46 70 73 77 -1 21 45 46 72 -1 22 33 44 90 -1 4 34 75 88 -1 7 8 10 24 -1 -2
24 29 39 95 -1 69 70 94 99 -1 -2
24 25 69 76 -1 9 41 46 97 -1 15 31 50 81 -1 4 12 33 39 -1 27 37 38 45 -1 1 27 88 89 -1 11 47 92 98 -1 19 24 81 95 -1 5 7 23 47 -1 -2
42 64 75 76 -1 3 7 57 98 -1 22 57 76 84 -1 23 61 97 100 -1 24 28 35 56 -1 17 55 61 96 -1 18 67 72 88 -1 4 14 68 94 -1 -2
32 75 76 95 -1 -2
21 26 67 69 -1 37 78 92 97 -1 5 8 52 61 -1 2 79 88 99 -1 10 43 51 74 -1 37 55 56 73 -1 12 48 53 63 -1 27 37 82 90 -1 8 11 20 60 -1 -2
11 34 64 66 -1 2 12 23 94 -1 8 65 70 85 -1 5 23 27 42 -1 9 47 90 99 -1 31 35 41 54 -1 -2
1 4 55 83 -1 16 51 60 87 -1 34 73 74 91 -1 22 29 50 99 -1 49 63 90 100 -1 4 44 82 85 -1 23 45 58 60 -1 -2
11 13 67 71 -1 -2
3 33 62 88 -1 12 23 25 81 -1 29 38 44 90 -1 7 17 31 45 -1 -2
10 13 36 46 -1 12 30 46 88 -1 12 34 47 54 -1 43 67 68 81 -1 37 49 80 91 -1 -2
14 15 23 68 -1 30 38 53 55 -1 1 14 25 33 -1 -2
25 46 72 82 -1 22 46 84 95 -1 -2
12 61 88 91 -1 31 58 62 85 -1 28 64 67 92 -1 17 39 78 82 -1 12 42 44 57 -1 1 14 51 55 -1 25 50 56 69 -1 -2
5 37 76 79 -1 62 71 97 98 -1 3 39 76 97 -1 10 20 32 85 -1 48 70 71 100 -1 1 7 76 86 -1 34 44 54 72 -1 10 70 89 100 -1 3 34 47 96 -1 -2
56 64 87 89 -1 50 76 88 98 -1 -2
11 12 19 67 -1 33 67 70 98 -1 9 45 54 89 -1 8 45 70 87 -1 2 22 45 65 -1 3 19 49 58 -1 -2
14 37 80 90 -1 18 46 56 93 -1 24 68 70 91 -1 3 44 67 100 -1 31 40 56 100 -1 54 79 85 97 -1 -2
17 39 40 90 -1 26 30 48 99 -1 3 52 78 93 -1 4 41 84 87 -1 35 54 55 84 -1 25 64 66 90 -1 33 75 79 90 -1 2 30 52 67 -1 47 62 64 67 -1 -2
2 30 53 75 -1 28 81 90 100 -1 9 28 84 98 -1 12 79 83 89 -1 30 42 67 78 -1 13 35 43 95 -1 22 25 34 87 -1 1 29 54 68 -1 9 35 73 75 -1 34 42 77 96 -1 -2
5 9 86 94 -1 7 19 22 99 -1 12 37 75 81 -1 12 18 56 60 -1 19 22 74 85 -1 2 23 45 67 -1 7 36 80 81 -1 7 26 49 55 -1 -2
42 52 69 86 -1 -2
9 14 79 87 -1 51 54 78 89 -1 18 51 55 87 -1 -2
13 46 81 89 -1 18 32 59 99 -1 -2
41 60 70 81 -1 7 28 74 75 -1 11 33 68 84 -1 4 13 24 25 -1 14 37 82 91 -1 37 73 83 98 -1 -2
38 48 61 90 -1 1 27 53 97 -1 3 42 51 60 -1 41 72 75 92 -1 5 26 58 76 -1 13 43 48 55 -1 -2
8 11 23 47 -1 28 31 52 95 -1 18 27 71 82 -1 45 64 75 81 -1 7 66 83 94 -1 23 31 43 58 -1 -2
6 85 88 92 -1 54 64 71 80 -1 5 24 63 74 -1 37 41 51 97 -1 15 34 40 72 -1 -2
14 21 45 46 -1 25 50 83 91 -1 3 24 43 76 -1 22 40 71 78 -1 25 36 37 66 -1 28 46 96 99 -1 3 54 63 66 -1 9 24 28 47 -1 1 13 17 48 -1 -2
30 51 83 98 -1 8 28 43 87 -1 48 49 81 84 -1 20 65 88 91 -1 4 61 71 77 -1 35 49 53 71 -1 19 66 90 97 -1 4 51 70 76 -1 21 51 55 74 -1 -2
3 11 15 98 -1 9 37 64 73 -1 35 45 63 70 -1 8 32 34 50 -1 22 45 50 95 -1 12 61 68 84 -1 31 68 70 86 -1 -2
7 12 22 94 -1 32 61 89 100 -1 53 70 81 98 -1 -2
61 64 70 73 -1 50 53 69 100 -1 67 71 88 97 -1 -2
11 32 69 75 -1 45 65 72 78 -1 5 37 64 71 -1 22 59 74 75 -1 7 16 41 63 -1 4 24 94 97 -1 33 46 75 77 -1 -2
16 43 93 94 -1 35 36 57 90 -1 12 17 51 74 -1 -2
52 82 87 88 -1 30 32 46 83 -1 55 62 86 90 -1 26 33 90 96 -1 -2
4 27 45 67 -1 42 60 85 88 -1 2 72 78 100 -1 14 27 31 58 -1 25 31 32 97 -1 -2
12 36 64 86 -1 7 22 48 64 -1 17 29 51 86 -1 8 49 90 94 -1 32 56 84 92 -1 22 35 52 53 -1 26 40 47 88 -1 20 30 61 80 -1 -2
15 23 69 79 -1 34 65 90 95 -1 3 21 67 98 -1 41 58 89 95 -1 -2
14 43 75 78 -1 3 19 60 81 -1 3 15 42 79 -1 25 62 71 95 -1 40 66 92 96 -1 11 40 80 89 -1 -2
23 60 75 94 -1 31 71 79 80 -1 11 36 51 60 -1 5 19 22 69 -1 42 45 79 90 -1 18 44 45 78 -1 47 64 70 98 -1 7 10 14 22 -1 21 23 55 63 -1 18 23 44 45 -1 -2
2 18 45 74 -1 49 50 63 93 -1 34 52 54 55 -1 5 43 73 100 -1 2 21 45 77 -1 10 34 49 72 -1 17 19 32 44 -1 11 42 58 84 -1 8 16 63 65 -1 9 12 13 19 -1 -2
56 70 79 92 -1 4 7 24 62 -1 36 45 52 58 -1 20 48 59 72 -1 17 21 27 75 -1 17 36 67 86 -1 -2
49 65 85 93 -1 23 45 69 80 -1 16 56 82 83 -1 40 60 87 96 -1 7 37 60 99 -1 20 36 80 90 -1 27 40 68 92 -1 19 77 89 96 -1 4 13 83 94 -1 -2
3 15 20 73 -1 -2
11 47 52 55 -1 2 45 61 81 -1 -2
4 26 74 99 -1 3 48 93 98 -1 35 59 77 85 -1 24 46 50 95 -1 23 38 41 92 -1 1 51 60 97 -1 40 85 96 97 -1 56 71 92 100 -1 14 20 45 59 -1 -2
14 47 65 91 -1 9 43 46 86 -1 7 11 21 71 -1 22 23 27 54 -1 29 83 92 100 -1 16 32 37 63 -1 64 71 81 82 -1 9 24 39 85 -1 1 23 62 71 -1 -2
42 64 81 85 -1 12 60 64 92 -1 28 60 63 82 -1 34 41 62 95 -1 18 19 65 88 -1 27 35 42 64 -1 41 62 67 85 -1 28 36 67 94 -1 11 12 58 71 -1 4 33 81 91 -1 -2
11 22 36 37 -1 66 75 77 85 -1 15 18 37 66 -1 27 34 44 97 -1 19 21 39 95 -1 21 80 94 99 -1 17 49 75 88 -1 64 74 80 85 -1 -2
10 15 26 48 -1 1 9 86 87 -1 40 41 77 88 -1 3 33 35 95 -1 -2
10 83 84 94 -1 49 50 79 86 -1 3 12 35 86 -1 -2
2 77 89 95 -1 23 34 48 83 -1 35 39 76 84 -1 3 11 40 89 -1 11 40 52 58 -1 10 31 36 48 -1 6 7 33 82 -1 8 15 32 73 -1 -2
1 46 70 77 -1 37 65 68 72 -1 48 82 83 96 -1 23 45 51 90 -1 35 41 80 82 -1 14 16 69 91 -1 8 60 70 72 -1 -2
54 89 92 100 -1 48 51 68 79 -1 6 26 66 95 -1 8 12 42 49 -1 -2
24 30 38 72 -1 71 76 90 91 -1 42 50 63 97 -1 10 55 57 96 -1 15 44 50 56 -1 30 35 73 88 -1 6 25 49 82 -1 -2
28 92 94 96 -1 16 42 72 98 -1 -2
16 17 30 35 -1 14 19 38 53 -1 8 16 39 66 -1 22 33 41 99 -1 22 41 57 99 -1 16 68 82 95 -1 12 18 80 93 -1 -2
33 52 59 98 -1 1 20 77 92 -1 11 36 60 70 -1 16 22 64 90 -1 13 25 63 80 -1 7 26 54 94 -1 54 59 76 87 -1 10 59 89 100 -1 -2
7 50 51 72 -1 -2
15 18 47 83 -1 40 90 92 95 -1 1 17 26 80 -1 30 50 84 88 -1 35 37 41 85 -1 31 45 60 100 -1 10 18 51 66 -1 59 65 94 97 -1 -2
44 46 51 89 -1 4 5 37 74 -1 31 61 69 96 -1 13 33 86 87 -1 30 46 55 63 -1 9 35 47 73 -1 -2
2 43 87 99 -1 19 42 46 65 -1 1 8 52 74 -1 7 47 54 80 -1 28 72 86 94 -1 -2
13 35 40 96 -1 58 71 78 84 -1 23 60 82 91 -1 6 9 37 44 -1 38 42 52 77 -1 -2
5 39 80 93 -1 24 32 34 82 -1 3 16 33 36 -1 19 25 50 97 -1 8 20 33 69 -1 31 61 73 91 -1 7 13 38 63 -1 2 45 46 89 -1 -2
24 58 74 93 -1 15 41 88 100 -1 34 40 58 73 -1 4 31 33 53 -1 21 30 71 76 -1 6 7 37 41 -1 -2
16 19 55 66 -1 2 10 42 71 -1 13 56 83 94 -1 59 71 74 80 -1 8 75 86 89 -1 11 34 86 87 -1 15 19 50 79 -1 30 73 80 82 -1 -2
3 57 63 93 -1 1 7 45 76 -1 31 69 81 83 -1 7 9 67 86 -1 3 8 28 93 -1 40 42 51 82 -1 39 42 54 87 -1 -2
6 12 77 89 -1 37 51 53 81 -1 6 15 20 22 -1 8 35 44 81 -1 44 83 94 99 -1 27 29 82 88 -1 -2
1 28 46 47 -1 12 61 78 81 -1 -2
30 32 50 62 -1 4 13 32 97 -1 38 56 70 81 -1 18 38 72 76 -1 1 6 46 89 -1 1 2 22 74 -1 16 41 68 92 -1 2 9 79 88 -1 -2
8 74 88 99 -1 43 50 54 64 -1 33 68 87 91 -1 -2
11 43 69 71 -1 -2
5 61 71 97 -1 33 45 90 97 -1 21 22 68 94 -1 -2
15 30 44 55 -1 16 33 96 99 -1 -2
14 28 71 73 -1 3 8 12 69 -1 2 14 25 34 -1 19 32 35 56 -1 13 30 48 81 -1 4 17 22 35 -1 16 30 59 62 -1 17 40 86 88 -1 27 32 74 78 -1 -2
10 43 55 59 -1 79 81 83 91 -1 44 48 71 78 -1 24 35 38 39 -1 6 22 38 96 -1 17 46 65 78 -1 10 62 71 96 -1 -2
9 10 37 48 -1 61 72 79 100 -1 5 14 22 25 -1 18 23 33 71 -1 20 62 69 94 -1 1 28 39 55 -1 19 66 81 83 -1 19 29 41 88 -1 3 24 31 91 -1 -2
14 26 59 82 -1 29 38 52 92 -1 9 51 53 67 -1 19 48 67 97 -1 11 21 80 91 -1 7 36 49 96 -1 2 21 88 93 -1 -2
37 44 62 95 -1 9 14 42 53 -1 9 31 48 66 -1 30 66 68 80 -1 76 87 92 100 -1 18 25 82 96 -1 -2
3 9 53 89 -1 2 32 55 69 -1 -2
9 16 30 68 -1 18 74 85 91 -1 4 9 10 27 -1 9 44 90 96 -1 67 69 75 93 -1 9 19 55 60 -1 31 35 61 95 -1 31 39 68 87 -1 2 39 86 88 -1 -2
1 27 84 91 -1 17 28 32 93 -1 8 30 35 95 -1 2 20 49 83 -1 8 20 28 68 -1 -2
23 34 52 64 -1 -2
4 15 30 51 -1 31 35 46 71 -1 3 14 78 90 -1 -2
26 52 84 96 -1 60 68 93 94 -1 24 45 54 58 -1 -2
18 27 84 98 -1 15 39 45 74 -1 21 28 66 67 -1 -2
3 54 55 77 -1 29 43 69 81 -1 16 66 69 91 -1 7 8 12 65 -1 25 72 82 91 -1 5 12 30 47 -1 45 69 71 76 -1 16 20 40 55 -1 -2
46 56 65 74 -1 2 19 70 87 -1 54 81 85 89 -1 13 47 78 91 -1 8 9 56 90 -1 30 61 70 79 -1 13 18 62 99 -1 12 17 28 91 -1 41 70 95 96 -1 23 58 81 95 -1 -2
20 70 75 88 -1 17 51 87 96 -1 8 49 69 91 -1 1 15 53 90 -1 7 34 50 69 -1 -2
13 28 51 66 -1 6 67 78 81 -1 12 33 61 96 -1 14 21 44 46 -1 4 29 84 97 -1 -2
60 89 93 95 -1 17 25 70 96 -1 -2
10 32 47 92 -1 23 36 58 64 -1 45 94 95 96 -1 -2
21 30 43 54 -1 12 44 52 75 -1 5 18 75 99 -1 72 82 94 96 -1 18 45 93 96 -1 20 63 86 87 -1 -2
29 54 61 72 -1 19 60 80 82 -1 14 76 77 100 -1 14 25 83 87 -1 21 30 40 63 -1 15 51 85 100 -1 30 64 69 94 -1 29 41 82 99 -1 78 81 82 92 -1 -2
4 21 37 58 -1 63 72 84 95 -1 34 56 61 68 -1 13 42 69 77 -1 -2
12 42 88 91 -1 47 65 81 86 -1 28 39 52 75 -1 2 11 28 69 -1 21 38 54 83 -1 14 50 51 53 -1 -2
32 53 62 85 -1 43 51 69 89 -1 21 32 49 69 -1 3 22 44 97 -1 11 21 28 29 -1 -2
12 23 78 93 -1 3 5 38 83 -1 38 42 67 94 -1 41 54 56 74 -1 -2
13 24 33 76 -1 26 33 43 69 -1 23 35 37 85 -1 10 12 49 55 -1 11 12 33 75 -1 4 11 44 100 -1 13 56 61 91 -1 18 32 68 87 -1 -2
27 45 70 93 -1 50 58 64 86 -1 3 4 41 78 -1 2 8 28 58 -1 39 66 83 87 -1 4 21 84 86 -1 -2
2 27 40 71 -1 6 39 62 70 -1 -2
35 52 98 100 -1 5 11 25 38 -1 52 89 97 99 -1 50 68 74 98 -1 -2
16 48 62 63 -1 19 23 35 48 -1 12 49 59 73 -1 9 24 37 64 -1 -2
2 23 72 76 -1 29 64 78 99 -1 24 25 48 58 -1 10 20 46 79 -1 28 34 79 95 -1 23 24 44 47 -1 -2
26 28 61 95 -1 19 32 69 83 -1 4 32 48 82 -1 6 68 69 82 -1 42 49 68 74 -1 -2
19 51 73 79 -1 18 19 65 97 -1 1 36 69 94 -1 17 21 49 65 -1 4 12 59 64 -1 11 20 46 98 -1 38 74 81 83 -1 4 8 24 64 -1 39 46 50 77 -1 -2
24 29 75 83 -1 14 39 85 98 -1 10 33 35 93 -1 23 33 59 77 -1 7 8 26 96 -1 58 64 68 96 -1 20 42 58 77 -1 4 32 65 86 -1 42 82 83 93 -1 -2
21 39 89 91 -1 6 15 74 90 -1 3 34 86 98 -1 8 33 42 78 -1 4 32 88 90 -1 36 52 87 93 -1 29 38 51 99 -1 13 65 68 76 -1 60 65 79 87 -1 -2
6 84 89 91 -1 19 28 34 76 -1 68 73 75 87 -1 -2
2 23 45 93 -1 27 79 89 96 -1 15 46 80 99 -1 23 35 46 75 -1 -2
21 38 63 89 -1 35 41 49 53 -1 54 58 59 82 -1 17 25 56 68 -1 19 20 65 93 -1 15 32 78 96 -1 -2
6 56 58 65 -1 16 46 90 92 -1 18 24 43 89 -1 6 73 92 98 -1 37 46 56 57 -1 49 77 93 95 -1 11 82 87 99 -1 31 39 45 90 -1 48 50 69 76 -1 7 14 17 87 -1 -2
32 44 45 58 -1 3 42 60 71 -1 22 61 78 79 -1 3 41 50 53 -1 -2
3 27 81 91 -1 8 18 99 100 -1 -2
27 33 43 78 -1 51 63 85 99 -1 -2
18 23 24 58 -1 -2
17 27 73 99 -1 52 57 82 99 -1 8 16 52 95 -1 41 59 68 70 -1 5 43 52 75 -1 -2
45 58 85 94 -1 59 64 73 90 -1 29 40 52 75 -1 15 22 50 77 -1 13 39 72 81 -1 -2
3 30 73 88 -1 8 13 22 63 -1 24 31 86 89 -1 4 20 35 70 -1 11 13 30 96 -1 -2
14 28 65 95 -1 4 15 80 91 -1 17 32 54 95 -1 3 19 67 79 -1 6 39 63 95 -1 10 18 26 79 -1 9 18 62 76 -1 40 51 71 81 -1 -2
49 73 92 93 -1 1 7 63 81 -1 34 41 49 65 -1 4 10 14 48 -1 17 21 60 89 -1 19 39 46 70 -1 38 41 48 49 -1 -2
14 25 45 70 -1 9 44 92 97 -1 17 35 58 91 -1 12 36 85 90 -1 31 50 59 69 -1 14 49 55 80 -1 25 39 84 100 -1 7 84 92 99 -1 4 20 46 98 -1 13 82 86 99 -1 -2
3 27 47 64 -1 1 3 6 87 -1 -2
2 44 77 79 -1 31 32 34 82 -1 3 16 61 82 -1 8 42 47 85 -1 2 37 57 60 -1 23 68 91 96 -1 26 54 55 75 -1 32 47 49 57 -1 32 56 72 92 -1 3 17 33 82 -1 -2
45 48 64 89 -1 -2
32 43 53 55 -1 10 42 57 91 -1 11 26 40 63 -1 5 33 43 59 -1 18 47 82 93 -1 41 45 48 92 -1 10 31 73 99 -1 -2
11 21 51 69 -1 68 79 84 99 -1 -2
16 49 58 88 -1 4 34 38 59 -1 8 14 62 71 -1 9 29 57 96 -1 -2
12 20 58 97 -1 30 48 76 83 -1 -2
12 24 55 96 -1 -2
1 66 86 90 -1 15 39 40 59 -1 43 50 57 80 -1 46 47 54 83 -1 24 29 63 65 -1 1 23 42 76 -1 35 66 72 75 -1 -2
5 57 87 95 -1 14 44 92 99 -1 47 73 77 98 -1 11 18 23 70 -1 -2
54 56 76 84 -1 10 29 77 85 -1 -2
5 9 18 31 -1 9 34 56 69 -1 1 3 9 30 -1 32 53 58 61 -1 18 50 84 94 -1 34 54 55 79 -1 11 14 37 48 -1 2 6 24 70 -1 51 65 81 88 -1 29 50 56 95 -1 -2
51 65 74 92 -1 10 43 69 73 -1 2 7 66 79 -1 15 24 53 70 -1 5 16 22 43 -1 3 32 83 99 -1 16 29 67 82 -1 -2
31 44 79 82 -1 26 48 52 93 -1 28 29 32 76 -1 -2
47 52 72 95 -1 14 19 35 52 -1 3 7 13 20 -1 16 24 48 81 -1 14 36 89 91 -1 15 21 47 99 -1 1 33 65 87 -1 34 49 54 59 -1 -2
65 71 84 90 -1 17 33 87 97 -1 29 53 91 92 -1 21 72 75 90 -1 12 18 21 41 -1 5 21 28 38 -1 -2
2 25 48 76 -1 13 48 62 96 -1 35 53 69 100 -1 -2
29 50 66 80 -1 35 46 60 94 -1 6 13 50 72 -1 13 53 56 63 -1 29 45 71 75 -1 5 31 48 92 -1 27 44 88 95 -1 15 18 19 70 -1 12 44 45 95 -1 -2
48 67 90 98 -1 30 71 74 87 -1 4 34 36 59 -1 8 36 47 88 -1 19 60 76 94 -1 7 10 15 85 -1 47 58 89 97 -1 5 28 49 73 -1 36 37 45 51 -1 2 61 69 90 -1 -2
12 52 56 100 -1 33 55 80 95 -1 5 18 65 89 -1 5 28 40 60 -1 46 60 68 92 -1 22 27 51 85 -1 21 54 68 83 -1 -2
21 35 49 100 -1 14 54 64 85 -1 24 64 74 89 -1 18 32 79 90 -1 5 57 81 93 -1 62 81 91 97 -1 -2
11 44 51 86 -1 30 58 59 89 -1 18 82 83 96 -1 3 43 51 62 -1 -2
5 42 71 73 -1 18 33 91 98 -1 5 80 81 93 -1 38 70 71 97 -1 10 63 78 86 -1 -2
17 55 62 90 -1 3 28 78 98 -1 86 93 97 100 -1 29 41 71 75 -1 10 29 88 90 -1 32 56 87 88 -1 13 37 81 94 -1 -2
12 37 54 93 -1 30 43 75 88 -1 -2
21 41 77 78 -1 21 71 85 95 -1 49 59 83 92 -1 -2
1 26 37 96 -1 2 29 72 95 -1 18 50 61 100 -1 42 61 80 100 -1 34 37 49 71 -1 39 63 66 81 -1 27 57 72 74 -1 7 18 54 94 -1 -2
33 73 80 87 -1 14 37 80 90 -1 6 40 73 78 -1 30 35 50 85 -1 68 71 83 95 -1 -2
6 7 37 55 -1 3 10 12 54 -1 52 66 67 80 -1 39 46 64 92 -1 24 36 61 96 -1 11 32 51 63 -1 5 30 32 49 -1 -2
7 19 59 73 -1 16 54 69 78 -1 6 42 43 59 -1 34 41 79 84 -1 36 49 61 79 -1 68 80 92 94 -1 -2
29 65 81 92 -1 14 26 31 32 -1 9 52 96 100 -1 30 55 71 78 -1 23 28 58 67 -1 -2
9 31 77 79 -1 55 69 93 100 -1 30 55 67 97 -1 8 20 88 89 -1 43 45 48 73 -1 11 21 26 73 -1 45 47 74 97 -1 6 21 49 53 -1 2 11 12 63 -1 -2
2 9 26 28 -1 14 45 48 73 -1 14 21 73 83 -1 6 18 19 80 -1 -2
21 51 77 84 -1 16 18 47 61 -1 4 22 36 92 -1 3 46 59 81 -1 19 85 87 93 -1 8 43 79 100 -1 11 68 73 98 -1 -2
62 79 83 96 -1 -2
18 45 92 98 -1 20 40 84 97 -1 29 46 49 63 -1 35 48 83 95 -1 38 53 68 72 -1 39 41 52 82 -1 -2
46 67 79 82 -1 19 23 51 89 -1 15 22 38 58 -1 30 38 76 84 -1 -2
7 14 20 69 -1 26 66 87 91 -1 32 70 78 97 -1 15 16 35 99 -1 11 48 61 89 -1 36 44 82 90 -1 16 22 71 97 -1 25 37 75 96 -1 19 55 57 85 -1 55 74 87 95 -1 -2
38 66 78 80 -1 14 22 55 61 -1 22 27 72 100 -1 47 75 81 82 -1 35 37 49 87 -1 32 36 72 100 -1 3 13 58 82 -1 2 42 48 65 -1 4 28 52 83 -1 56 61 71 89 -1 -2
2 17 43 98 -1 18 55 59 66 -1 -2
15 40 46 48 -1 -2
58 60 65 67 -1 42 52 61 88 -1 48 69 76 82 -1 9 19 64 78 -1 28 30 37 69 -1 -2
12 24 26 52 -1 21 28 49 62 -1 2 15 31 37 -1 14 51 61 72 -1 34 44 79 91 -1 51 60 71 88 -1 -2
25 28 34 39 -1 9 73 91 97 -1 1 55 72 88 -1 6 25 30 64 -1 15 30 63 75 -1 10 76 87 90 -1 31 63 90 100 -1 5 8 21 61 -1 33 66 73 85 -1 2 3 80 92 -1 -2
22 32 38 82 -1 -2
30 44 48 66 -1 7 38 61 97 -1 7 27 70 80 -1 15 24 32 45 -1 17 38 48 65 -1 37 48 83 99 -1 24 34 82 90 -1 14 52 61 63 -1 10 25 64 96 -1 -2
27 33 58 97 -1 25 52 62 69 -1 23 49 55 63 -1 11 57 95 98 -1 12 34 93 100 -1 -2
13 34 67 72 -1 3 25 45 67 -1 1 9 45 82 -1 58 61 72 78 -1 50 60 65 88 -1 12 15 64 66 -1 39 57 64 79 -1 1 24 25 98 -1 37 43 46 69 -1 -2
3 8 22 56 -1 29 65 73 93 -1 29 56 73 97 -1 25 27 53 71 -1 -2
23 29 75 90 -1 32 76 88 90 -1 23 36 61 77 -1 26 36 73 77 -1 29 42 56 65 -1 18 62 79 82 -1 -2
11 25 42 51 -1 20 30 38 42 -1 11 70 72 75 -1 23 69 73 84 -1 6 73 74 87 -1 23 40 86 93 -1 14 20 22 66 -1 28 67 68 83 -1 20 32 51 82 -1 -2
10 32 49 73 -1 3 41 63 81 -1 12 55 73 94 -1 12 21 46 77 -1 4 5 6 35 -1 7 20 36 44 -1 17 36 61 90 -1 58 62 63 97 -1 5 37 69 70 -1 12 40 49 57 -1 -2
12 26 66 78 -1 58 76 78 87 -1 9 32 45 97 -1 22 42 74 78 -1 26 31 64 65 -1 -2
33 36 53 73 -1 -2
35 76 96 98 -1 11 12 53 67 -1 22 25 78 81 -1 22 39 83 97 -1 40 44 75 86 -1 50 56 72 86 -1 41 63 65 100 -1 38 40 91 98 -1 17 22 30 33 -1 4 31 67 100 -1 -2
57 63 75 77 -1 15 18 22 89 -1 1 2 38 60 -1 15 50 86 88 -1 16 40 68 69 -1 -2
27 34 60 71 -1 -2
6 65 82 89 -1 21 29 38 48 -1 30 88 96 100 -1 60 86 91 92 -1 2 22 57 77 -1 32 45 56 69 -1 4 9 14 52 -1 -2
5 32 75 79 -1 5 24 55 66 -1 2 26 42 96 -1 -2
12 28 44 50 -1 5 21 68 72 -1 29 48 79 97 -1 29 70 84 85 -1 18 31 37 48 -1 35 82 84 93 -1 -2
33 63 87 100 -1 42 55 57 62 -1 36 44 70 78 -1 3 22 31 58 -1 12 19 28 74 -1 7 10 52 87 -1 35 38 57 84 -1 3 39 69 96 -1 -2
14 21 32 60 -1 27 30 40 57 -1 10 62 71 99 -1 23 69 81 97 -1 29 30 55 94 -1 9 31 51 85 -1 -2
9 21 22 73 -1 16 47 51 83 -1 17 29 33 63 -1 11 39 67 99 -1 6 15 31 55 -1 19 36 52 57 -1 5 43 53 61 -1 7 41 58 78 -1 1 60 87 95 -1 -2
19 82 88 89 -1 18 19 34 61 -1 36 47 67 70 -1 7 14 66 73 -1 19 38 53 90 -1 67 72 74 97 -1 38 41 52 61 -1 10 58 63 75 -1 18 21 26 34 -1 32 40 56 66 -1 -2
17 21 86 96 -1 33 38 86 93 -1 21 29 98 99 -1 8 15 33 45 -1 2 36 59 92 -1 8 18 46 68 -1 15 39 64 72 -1 6 19 71 95 -1 17 26 70 83 -1 -2
16 26 57 87 -1 19 34 68 77 -1 13 47 85 92 -1 23 78 84 92 -1 -2
20 62 67 100 -1 18 33 56 97 -1 1 25 32 47 -1 30 68 81 94 -1 19 53 69 92 -1 35 48 51 63 -1 8 10 15 84 -1 18 31 34 83 -1 37 86 96 98 -1 -2
6 12 16 32 -1 55 58 82 84 -1 21 22 24 70 -1 17 62 85 90 -1 54 75 82 84 -1 17 46 65 91 -1 9 38 45 84 -1 -2
27 35 49 80 -1 28 29 40 98 -1 70 72 84 93 -1 9 25 55 97 -1 4 5 23 81 -1 9 50 93 97 -1 18 40 41 79 -1 32 40 45 88 -1 4 15 82 100 -1 11 36 67 73 -1 -2
1 71 85 98 -1 19 29 72 77 -1 5 28 37 41 -1 27 39 88 90 -1 1 34 68 75 -1 10 43 80 87 -1 21 91 95 100 -1 12 45 61 79 -1 45 52 72 81 -1 25 28 62 80 -1 -2
12 24 37 55 -1 8 12 60 92 -1 10 16 50 91 -1 42 46 55 78 -1 -2
48 70 72 96 -1 46 56 78 79 -1 13 17 29 37 -1 28 34 88 100 -1 17 27 70 93 -1 -2
28 56 58 59 -1 13 16 30 68 -1 34 41 72 85 -1 2 41 42 93 -1 11 53 57 74 -1 5 10 25 79 -1 2 44 61 79 -1 3 33 62 84 -1 2 15 21 61 -1 4 56 58 69 -1 -2
17 80 95 96 -1 5 40 64 78 -1 4 65 70 97 -1 17 27 45 94 -1 9 19 32 65 -1 19 27 33 67 -1 3 4 74 89 -1 -2
26 43 47 61 -1 -2
6 71 83 91 -1 15 35 52 76 -1 52 58 74 100 -1 34 40 47 53 -1 14 37 50 93 -1 13 17 73 98 -1 3 7 18 90 -1 25 30 64 98 -1 37 43 50 100 -1 22 43 76 95 -1 -2
35 50 67 71 -1 15 41 57 63 -1 7 17 31 61 -1 50 87 94 99 -1 5 18 63 69 -1 -2
5 52 70 94 -1 13 64 74 78 -1 -2
37 53 76 99 -1 -2
8 21 49 96 -1 5 57 79 97 -1 26 33 48 57 -1 52 59 85 99 -1 7 42 47 81 -1 16 86 90 96 -1 -2
16 35 38 41 -1 13 31 57 80 -1 19 44 64 79 -1 55 81 90 92 -1 28 63 69 87 -1 12 47 48 95 -1 45 66 67 96 -1 32 74 95 96 -1 -2
13 26 38 43 -1 33 44 81 93 -1 4 47 77 83 -1 42 54 70 87 -1 27 62 76 83 -1 -2
4 32 45 50 -1 61 81 86 99 -1 23 40 61 91 -1 1 32 44 55 -1 26 28 44 85 -1 27 71 83 88 -1 27 39 58 74 -1 18 52 67 100 -1 17 25 37 46 -1 3 74 80 94 -1 -2
20 25 84 97 -1 6 8 46 82 -1 -2
8 18 35 39 -1 8 22 41 77 -1 3 34 63 87 -1 27 47 55 82 -1 32 85 92 95 -1 1 38 43 81 -1 38 88 89 96 -1 28 39 56 80 -1 -2
7 27 54 89 -1 47 48 90 99 -1 17 42 51 74 -1 16 20 67 99 -1 8 12 41 49 -1 8 10 16 97 -1 14 32 44 77 -1 23 30 33 71 -1 27 47 49 93 -1 -2
21 70 82 91 -1 37 43 86 88 -1 55 81 94 95 -1 52 57 65 78 -1 8 59 79 96 -1 8 29 52 88 -1 13 25 43 64 -1 26 30 43 94 -1 19 31 36 85 -1 27 54 72 84 -1 -2
11 12 14 23 -1 22 25 69 94 -1 4 17 29 68 -1 6 73 95 98 -1 12 64 87 94 -1 8 49 51 93 -1 -2
35 39 49 76 -1 61 89 97 99 -1 4 50 54 76 -1 31 32 57 92 -1 46 76 98 99 -1 20 21 46 58 -1 1 17 80 86 -1 17 77 89 99 -1 9 29 43 48 -1 8 48 77 86 -1 -2
27 62 70 84 -1 23 78 91 94 -1 6 30 35 56 -1 13 29 44 74 -1 17 49 77 87 -1 60 63 73 90 -1 -2
4 25 51 76 -1 11 50 75 99 -1 -2
1 4 65 78 -1 47 48 64 90 -1 20 54 65 93 -1 28 43 78 82 -1 47 70 85 97 -1 4 29 31 36 -1 23 45 69 85 -1 19 41 50 82 -1 7 8 23 84 -1 3 10 20 66 -1 -2
44 52 60 64 -1 -2
21 29 39 73 -1 45 47 54 76 -1 29 75 86 96 -1 21 31 36 92 -1 16 70 74 86 -1 -2
50 52 63 80 -1 2 41 50 75 -1 6 37 57 68 -1 5 18 37 80 -1 6 35 54 84 -1 9 58 74 81 -1 3 16 80 81 -1 25 42 82 85 -1 10 33 49 56 -1 42 62 66 84 -1 -2
8 87 88 94 -1 7 28 89 91 -1 4 7 76 87 -1 20 54 69 92 -1 8 11 31 45 -1 41 44 47 61 -1 17 48 61 80 -1 40 50 51 100 -1 25 48 93 98 -1 39 57 75 96 -1 -2
19 25 83 87 -1 13 27 40 55 -1 16 65 82 95 -1 8 20 26 31 -1 2 10 21 37 -1 24 30 38 60 -1 42 43 71 98 -1 -2
48 58 63 70 -1 10 13 35 85 -1 8 31 50 93 -1 71 86 87 99 -1 7 28 49 95 -1 15 45 83 94 -1 -2
33 56 69 70 -1 16 36 50 76 -1 3 7 41 93 -1 12 37 59 89 -1 36 73 84 92 -1 15 39 44 95 -1 24 30 55 62 -1 3 9 12 57 -1 34 41 54 57 -1 33 47 67 93 -1 -2
10 43 60 100 -1 22 24 31 87 -1 21 23 29 60 -1 -2
1 11 34 74 -1 17 30 68 91 -1 9 39 52 94 -1 17 51 76 88 -1 56 57 97 98 -1 3 26 49 74 -1 1 10 51 59 -1 30 37 60 81 -1 26 50 70 73 -1 -2
26 45 67 74 -1 32 39 51 79 -1 10 16 57 92 -1 9 14 39 73 -1 28 33 37 58 -1 10 12 49 94 -1 11 28 45 78 -1 3 23 51 82 -1 -2
9 20 58 90 -1 3 22 50 52 -1 -2
33 60 70 93 -1 70 87 90 92 -1 -2
44 54 63 81 -1 15 46 49 74 -1 10 12 20 58 -1 53 60 68 76 -1 34 40 53 84 -1 9 11 87 94 -1 -2
9 32 91 94 -1 -2
18 63 69 91 -1 32 36 45 55 -1 20 38 51 87 -1 22 35 47 98 -1 29 53 96 98 -1 3 35 88 90 -1 5 66 77 86 -1 -2
8 41 58 82 -1 3 9 37 58 -1 6 15 77 81 -1 3 19 35 56 -1 16 17 33 40 -1 17 78 82 90 -1 -2
3 53 79 87 -1 17 45 65 69 -1 3 25 76 84 -1 9 58 77 80 -1 3 66 91 100 -1 -2
53 69 78 90 -1 33 36 42 44 -1 6 11 18 42 -1 3 53 61 71 -1 20 28 74 93 -1 12 50 61 84 -1 8 22 39 84 -1 15 27 30 48 -1 26 75 85 90 -1 9 19 35 79 -1 -2
19 64 82 92 -1 1 53 59 74 -1 16 31 50 80 -1 30 49 79 92 -1 10 32 55 81 -1 17 70 84 100 -1 -2
16 42 54 79 -1 3 35 43 68 -1 -2
15 94 95 96 -1 4 39 73 98 -1 2 27 45 76 -1 4 37 73 96 -1 -2
12 50 74 93 -1 64 78 80 83 -1 19 48 60 96 -1 28 55 75 97 -1 13 56 78 96 -1 17 28 42 74 -1 26 30 63 76 -1 11 36 78 92 -1 21 28 66 93 -1 -2
53 66 75 96 -1 -2
21 58 66 89 -1 35 36 37 84 -1 19 30 34 59 -1 37 51 68 87 -1 -2
13 42 81 91 -1 16 20 69 80 -1 14 39 40 42 -1 14 34 57 91 -1 11 62 78 79 -1 2 26 62 82 -1 1 20 31 45 -1 19 33 34 54 -1 -2
4 25 42 60 -1 22 47 60 79 -1 -2
16 24 70 89 -1 -2
6 23 42 69 -1 11 49 84 91 -1 -2
51 68 73 77 -1 7 55 62 65 -1 5 27 60 61 -1 -2
1 43 60 95 -1 12 24 63 64 -1 12 46 55 60 -1 71 75 86 100 -1 42 43 86 96 -1 2 50 77 100 -1 14 35 38 63 -1 -2
6 39 82 85 -1 16 84 88 95 -1 18 47 57 91 -1 15 38 45 69 -1 5 31 72 78 -1 6 49 62 66 -1 19 22 31 95 -1 30 34 85 88 -1 -2
38 44 69 96 -1 24 35 63 81 -1 12 15 33 40 -1 21 30 46 50 -1 8 12 49 62 -1 -2
37 58 82 85 -1 53 57 65 85 -1 -2
10 35 54 95 -1 45 60 63 94 -1 9 15 78 96 -1 24 35 72 93 -1 1 39 76 91 -1 27 74 75 91 -1 12 33 41 58 -1 -2
41 75 80 86 -1 16 26 68 95 -1 39 63 64 71 -1 6 52 78 94 -1 -2
17 56 77 85 -1 12 34 89 99 -1 59 77 89 97 -1 -2
26 34 80 82 -1 39 63 78 97 -1 18 22 63 90 -1 9 20 52 56 -1 19 25 49 86 -1 -2
17 60 64 83 -1 27 40 71 80 -1 3 23 85 98 -1 24 48 69 88 -1 1 31 44 71 -1 4 6 46 51 -1 38 48 63 67 -1 -2
1 15 26 52 -1 31 38 51 70 -1 50 86 90 91 -1 26 31 74 95 -1 9 13 45 74 -1 6 15 40 46 -1 -2
27 57 79 86 -1 14 37 51 61 -1 26 32 47 71 -1 25 33 81 86 -1 -2
24 32 43 78 -1 25 60 65 88 -1 45 64 79 100 -1 19 53 74 89 -1 35 45 51 66 -1 -2
11 15 22 71 -1 5 37 69 98 -1 16 19 37 95 -1 34 50 60 67 -1 -2
5 9 43 67 -1 43 45 73 80 -1 8 12 51 65 -1 16 40 67 73 -1 10 28 65 85 -1 57 83 90 97 -1 31 45 49 69 -1 11 12 39 55 -1 -2
10 35 37 80 -1 2 26 38 74 -1 -2
80 82 92 100 -1 3 53 88 94 -1 8 55 65 72 -1 -2
14 26 52 88 -1 26 48 54 60 -1 -2
4 65 69 73 -1 18 31 43 44 -1 17 68 69 93 -1 40 50 67 93 -1 12 30 36 51 -1 13 75 91 93 -1 15 21 90 98 -1 -2
16 33 51 81 -1 2 26 62 69 -1 -2
11 66 77 84 -1 31 40 57 99 -1 -2
54 69 73 94 -1 24 41 76 85 -1 9 19 35 75 -1 58 73 77 92 -1 19 32 85 89 -1 22 35 56 75 -1 43 45 56 60 -1 -2
46 68 88 100 -1 6 39 47 88 -1 48 72 94 97 -1 16 54 67 71 -1 14 21 76 77 -1 15 29 63 67 -1 28 33 35 63 -1 28 36 43 48 -1 -2
21 50 63 92 -1 68 69 74 94 -1 41 42 49 68 -1 12 42 54 78 -1 18 24 51 77 -1 -2
37 55 94 97 -1 58 71 88 91 -1 29 50 89 99 -1 26 35 88 96 -1 4 43 92 93 -1 24 27 73 87 -1 5 21 48 54 -1 14 28 52 69 -1 6 13 65 86 -1 -2
1 3 63 98 -1 17 21 35 36 -1 6 26 65 95 -1 5 31 79 91 -1 24 28 81 86 -1 21 56 65 85 -1 -2
38 40 68 77 -1 5 16 34 40 -1 23 71 75 82 -1 21 59 78 85 -1 11 42 59 86 -1 21 27 77 82 -1 30 54 91 96 -1 42 47 59 89 -1 -2
18 62 79 98 -1 -2
52 62 64 94 -1 11 57 71 79 -1 -2
28 49 68 81 -1 63 73 78 89 -1 51 59 72 99 -1 18 67 74 77 -1 8 24 25 93 -1 4 35 37 64 -1 -2
13 76 82 86 -1 33 60 80 91 -1 35 40 53 64 -1 29 52 57 75 -1 42 57 65 95 -1 60 62 82 96 -1 8 67 94 99 -1 15 35 74 82 -1 8 49 51 81 -1 -2
17 41 70 100 -1 23 39 63 84 -1 18 27 47 54 -1 12 14 47 67 -1 31 36 45 56 -1 10 55 60 71 -1 4 14 56 99 -1 22 89 91 94 -1 -2
27 28 81 92 -1 52 55 72 79 -1 1 4 18 67 -1 28 42 45 57 -1 47 59 73 92 -1 -2
18 36 42 80 -1 59 76 93 96 -1 18 33 58 87 -1 12 68 74 93 -1 20 32 35 82 -1 7 37 45 58 -1 -2
1 10 62 65 -1 20 24 57 91 -1 5 6 59 87 -1 -2
58 62 85 96 -1 31 67 71 81 -1 36 44 79 80 -1 9 46 52 74 -1 20 34 37 64 -1 1 23 65 86 -1 2 28 29 90 -1 13 65 72 84 -1 4 24 58 93 -1 31 36 40 61 -1 -2
21 41 52 75 -1 1 20 65 79 -1 -2
13 17 44 97 -1 6 18 32 73 -1 12 37 55 88 -1 5 37 45 99 -1 11 71 80 93 -1 40 53 89 91 -1 11 14 20 88 -1 9 17 28 69 -1 -2
24 26 44 69 -1 -2
16 23 29 91 -1 32 75 76 79 -1 29 66 85 98 -1 -2
37 44 63 66 -1 17 26 73 75 -1 10 31 36 47 -1 -2
56 60 63 97 -1 28 34 38 45 -1 39 54 60 84 -1 19 29 42 77 -1 30 31 81 95 -1 40 53 78 82 -1 -2
20 29 38 81 -1 18 25 64 92 -1 7 25 43 99 -1 33 34 65 70 -1 8 15 82 87 -1 14 32 64 75 -1 57 69 82 87 -1 -2
7 22 66 87 -1 20 76 85 88 -1 12 26 58 59 -1 23 24 61 70 -1 22 25 26 37 -1 31 33 56 89 -1 15 18 27 71 -1 15 30 46 68 -1 -2
4 16 43 61 -1 1 6 33 54 -1 9 40 43 99 -1 10 11 44 68 -1 33 54 87 89 -1 22 28 61 100 -1 16 35 59 69 -1 -2
5 41 81 99 -1 1 33 34 54 -1 22 50 53 96 -1 8 10 49 68 -1 10 22 58 74 -1 15 30 72 95 -1 26 31 47 53 -1 3 52 55 64 -1 37 39 55 79 -1 52 69 76 96 -1 -2
41 52 98 100 -1 8 24 60 95 -1 21 59 60 76 -1 16 27 43 85 -1 9 24 79 91 -1 35 46 62 92 -1 20 53 68 85 -1 -2
25 48 51 66 -1 -2
9 56 75 78 -1 82 85 87 93 -1 13 57 62 86 -1 17 39 66 85 -1 17 21 67 81 -1 29 53 63 97 -1 63 73 96 98 -1 17 85 97 99 -1 8 19 75 97 -1 -2
7 12 14 95 -1 -2
24 74 78 88 -1 9 30 96 100 -1 9 41 53 83 -1 3 5 13 79 -1 23 42 47 95 -1 31 59 77 84 -1 22 39 47 63 -1 5 6 8 75 -1 55 70 85 87 -1 17 41 44 82 -1 -2
27 51 54 88 -1 23 43 57 89 -1 21 42 79 93 -1 18 42 56 72 -1 14 52 92 96 -1 28 35 70 87 -1 7 27 68 96 -1 36 54 55 84 -1 5 46 63 84 -1 12 17 40 100 -1 -2
4 32 33 66 -1 17 26 51 79 -1 -2
27 31 69 100 -1 25 31 83 93 -1 18 30 61 68 -1 19 26 29 54 -1 16 54 59 75 -1 2 22 40 42 -1 19 74 76 82 -1 8 57 63 87 -1 7 25 65 89 -1 -2
61 75 76 83 -1 11 35 74 96 -1 10 63 73 75 -1 -2
22 40 48 53 -1 8 44 55 74 -1 8 66 68 69 -1 17 35 67 90 -1 23 36 68 90 -1 17 24 50 75 -1 2 16 59 64 -1 11 20 23 53 -1 44 54 83 92 -1 -2
3 7 40 59 -1 35 65 67 83 -1 6 42 49 51 -1 5 37 72 81 -1 26 53 88 91 -1 -2
42 47 58 76 -1 47 53 55 82 -1 12 22 34 54 -1 3 59 63 75 -1 31 63 75 86 -1 -2
2 22 25 82 -1 -2
23 24 26 52 -1 31 73 92 100 -1 8 36 38 66 -1 24 31 43 53 -1 62 80 94 97 -1 9 34 39 70 -1 1 61 93 96 -1 28 29 80 98 -1 6 18 33 58 -1 -2
48 80 86 87 -1 5 33 45 75 -1 19 33 67 91 -1 21 30 65 83 -1 3 20 59 68 -1 -2
37 42 52 58 -1 9 34 85 92 -1 16 26 47 98 -1 24 59 92 99 -1 14 16 57 64 -1 33 37 53 91 -1 32 34 66 93 -1 5 11 38 45 -1 1 40 61 63 -1 -2
2 7 69 84 -1 -2
5 36 42 94 -1 20 63 96 97 -1 -2
6 20 45 46 -1 11 18 47 72 -1 11 17 45 79 -1 37 67 75 100 -1 -2
20 41 78 92 -1 8 36 56 94 -1 4 55 76 94 -1 16 38 79 95 -1 20 23 84 90 -1 11 29 66 74 -1 19 38 85 99 -1 26 61 62 95 -1 7 39 61 69 -1 1 53 58 79 -1 -2
38 40 51 76 -1 -2
10 26 28 39 -1 20 65 68 97 -1 34 39 44 75 -1 22 40 53 86 -1 19 44 62 68 -1 -2
11 41 58 89 -1 34 58 98 99 -1 -2
26 50 83 84 -1 21 55 58 59 -1 21 48 63 89 -1 3 38 46 57 -1 25 35 45 72 -1 8 52 73 75 -1 21 41 43 51 -1 24 28 90 91 -1 -2
13 32 79 85 -1 6 8 70 98 -1 1 7 99 100 -1 49 50 56 89 -1 20 36 52 54 -1 25 80 86 88 -1 -2
8 34 56 63 -1 4 28 75 96 -1 1 6 45 49 -1 12 49 72 84 -1 10 20 91 93 -1 5 20 54 60 -1 -2
59 68 77 80 -1 4 73 83 92 -1 25 55 62 89 -1 -2
22 26 30 60 -1 37 40 84 94 -1 -2
28 66 72 98 -1 21 24 60 65 -1 2 59 85 93 -1 9 20 72 79 -1 -2
26 29 47 95 -1 45 53 64 65 -1 10 34 53 79 -1 -2
3 5 7 93 -1 62 74 78 94 -1 14 19 33 68 -1 29 75 77 79 -1 22 40 48 69 -1 24 35 42 78 -1 35 55 61 72 -1 12 26 44 74 -1 -2
14 54 73 76 -1 11 26 52 85 -1 33 47 52 87 -1 44 56 65 100 -1 23 56 58 63 -1 27 49 55 90 -1 19 57 66 97 -1 3 45 53 56 -1 -2
6 23 71 85 -1 31 50 72 98 -1 13 31 63 89 -1 5 34 52 91 -1 21 41 52 92 -1 4 49 63 75 -1 26 51 71 88 -1 7 23 60 86 -1 37 41 75 92 -1 32 55 57 98 -1 -2
5 10 21 49 -1 26 37 51 93 -1 16 50 54 86 -1 -2
6 43 53 85 -1 5 31 76 92 -1 24 33 35 66 -1 16 73 85 96 -1 52 74 85 96 -1 4 26 61 86 -1 -2
44 65 71 88 -1 2 14 86 96 -1 10 12 38 47 -1 3 47 77 85 -1 33 57 63 90 -1 43 56 83 89 -1 8 25 49 75 -1 22 49 81 83 -1 15 62 64 94 -1 -2
54 63 76 100 -1 56 65 75 99 -1 -2
34 47 48 78 -1 56 70 74 91 -1 20 51 52 63 -1 32 45 75 80 -1 -2
6 9 34 63 -1 31 60 88 96 -1 20 21 47 69 -1 8 54 63 87 -1 19 20 46 75 -1 21 46 52 96 -1 56 67 94 98 -1 1 15 32 65 -1 -2
9 51 65 93 -1 31 41 65 83 -1 14 28 49 63 -1 4 19 23 61 -1 -2
25 29 32 88 -1 7 20 24 68 -1 24 38 55 77 -1 39 41 64 81 -1 3 7 63 91 -1 9 41 73 89 -1 -2
21 48 71 98 -1 45 50 59 61 -1 13 20 28 98 -1 29 36 54 57 -1 16 29 56 92 -1 9 57 63 66 -1 -2
16 33 88 94 -1 12 59 76 90 -1 29 57 87 92 -1 27 39 65 89 -1 24 28 39 65 -1 -2
2 63 83 91 -1 47 56 58 76 -1 29 40 66 84 -1 9 11 86 99 -1 13 28 75 87 -1 11 36 58 99 -1 15 16 50 80 -1 6 7 34 43 -1 -2
17 47 80 83 -1 16 43 90 93 -1 3 6 29 76 -1 23 42 69 96 -1 7 22 28 91 -1 42 45 66 97 -1 -2
11 26 30 64 -1 27 42 74 80 -1 43 56 73 90 -1 -2
16 39 42 79 -1 58 64 83 100 -1 15 38 46 76 -1 2 19 73 89 -1 2 20 58 91 -1 -2
15 54 69 71 -1 15 82 84 90 -1 20 21 29 55 -1 22 44 63 75 -1 -2
1 26 63 76 -1 14 30 58 88 -1 27 71 72 85 -1 42 47 52 81 -1 1 9 10 76 -1 19 45 55 68 -1 21 22 84 85 -1 20 26 47 86 -1 -2
16 65 72 99 -1 23 62 63 80 -1 72 80 86 92 -1 8 25 74 79 -1 -2
3 19 31 56 -1 2 25 65 69 -1 9 20 63 89 -1 42 51 64 83 -1 2 8 14 96 -1 15 27 55 88 -1 -2
8 22 32 91 -1 40 49 62 88 -1 8 13 71 96 -1 11 63 70 72 -1 14 49 71 94 -1 8 49 61 62 -1 -2
8 52 61 98 -1 20 39 64 81 -1 7 31 85 87 -1 17 42 50 52 -1 9 37 52 87 -1 24 42 76 92 -1 12 32 60 76 -1 33 87 96 99 -1 33 43 71 94 -1 24 32 64 96 -1 -2
42 45 70 95 -1 38 46 63 96 -1 -2
6 13 41 76 -1 -2
22 71 81 97 -1 30 58 59 91 -1 4 43 50 90 -1 15 49 58 87 -1 16 28 40 65 -1 32 70 73 96 -1 5 46 76 94 -1 -2
27 53 60 67 -1 1 38 41 50 -1 56 64 83 91 -1 12 25 97 99 -1 48 71 73 85 -1 24 44 79 96 -1 15 27 53 75 -1 6 49 55 99 -1 -2
29 38 52 80 -1 19 85 87 100 -1 3 51 93 100 -1 8 32 33 57 -1 10 48 49 61 -1 13 16 20 42 -1 -2
7 33 41 97 -1 10 66 68 94 -1 45 70 72 96 -1 -2
59 70 77 91 -1 10 19 64 81 -1 21 24 31 84 -1 -2
11 54 73 97 -1 2 9 46 100 -1 -2
18 34 53 57 -1 36 53 63 95 -1 -2
1 14 34 71 -1 22 59 85 97 -1 30 34 74 90 -1 20 26 39 57 -1 2 31 45 73 -1 2 23 38 58 -1 37 54 83 88 -1 -2
70 77 79 93 -1 15 21 76 95 -1 41 47 79 92 -1 -2
10 26 42 100 -1 29 30 34 57 -1 26 58 62 88 -1 -2
7 66 71 82 -1 45 58 80 98 -1 19 34 36 84 -1 30 75 88 94 -1 22 31 33 99 -1 31 45 53 62 -1 2 12 13 71 -1 12 24 38 77 -1 7 66 84 93 -1 -2
15 19 69 86 -1 27 29 83 98 -1 7 8 20 89 -1 9 37 43 50 -1 -2
16 57 64 84 -1 36 68 69 88 -1 5 15 19 44 -1 17 28 36 81 -1 1 2 26 66 -1 23 28 41 88 -1 9 36 37 84 -1 27 50 71 79 -1 35 57 61 83 -1 -2
34 75 78 97 -1 37 46 59 82 -1 10 17 31 79 -1 5 17 42 94 -1 18 23 29 90 -1 30 44 82 98 -1 24 66 73 95 -1 1 2 29 64 -1 23 69 82 94 -1 28 29 48 84 -1 -2
22 27 63 79 -1 28 42 71 84 -1 15 36 42 89 -1 -2
4 13 68 79 -1 3 17 74 84 -1 18 19 32 86 -1 12 53 54 78 -1 11 18 83 88 -1 50 87 99 100 -1 11 69 73 75 -1 9 18 47 59 -1 8 20 28 57 -1 -2
8 15 77 85 -1 50 60 63 75 -1 7 32 40 48 -1 54 56 66 94 -1 13 31 90 99 -1 26 30 86 99 -1 10 83 86 90 -1 3 8 62 91 -1 11 19 45 80 -1 29 53 64 100 -1 -2
17 40 70 96 -1 5 6 65 81 -1 49 51 81 88 -1 19 27 78 95 -1 1 62 67 78 -1 10 20 84 90 -1 26 36 43 54 -1 29 62 74 100 -1 13 23 56 67 -1 14 26 34 62 -1 -2
14 18 44 70 -1 11 21 44 54 -1 3 17 26 62 -1 44 48 62 98 -1 21 42 74 90 -1 23 38 40 100 -1 5 15 35 98 -1 -2
10 46 49 90 -1 22 26 44 66 -1 -2
11 40 88 94 -1 5 11 26 98 -1 55 64 71 75 -1 18 35 37 78 -1 8 15 86 97 -1 22 59 69 94 -1 2 44 59 61 -1 -2
46 49 72 75 -1 -2
10 20 77 98 -1 13 50 53 57 -1 6 23 51 93 -1 26 37 50 99 -1 15 70 77 96 -1 26 86 87 96 -1 39 42 62 72 -1 28 65 70 91 -1 -2
60 72 82 100 -1 7 19 32 60 -1 17 32 85 100 -1 41 42 78 85 -1 42 66 91 96 -1 -2
20 23 44 85 -1 -2
78 86 87 99 -1 19 21 74 86 -1 -2
14 33 34 64 -1 30 38 45 92 -1 58 63 77 89 -1 4 42 51 94 -1 5 31 33 47 -1 13 79 88 97 -1 47 50 57 78 -1 -2
25 49 50 81 -1 10 25 37 64 -1 17 47 85 93 -1 65 85 94 96 -1 -2
38 54 79 80 -1 8 13 36 100 -1 46 56 63 85 -1 12 23 41 44 -1 17 19 52 88 -1 -2
5 31 34 97 -1 2 15 53 80 -1 13 41 44 77 -1 43 69 80 97 -1 -2
10 20 46 53 -1 11 34 55 92 -1 7 35 59 82 -1 -2
1 4 22 58 -1 4 28 50 92 -1 4 32 73 90 -1 48 60 88 97 -1 6 9 42 67 -1 1 30 55 86 -1 -2
11 37 80 97 -1 20 50 91 98 -1 4 40 63 87 -1 5 35 53 96 -1 8 20 56 74 -1 40 41 70 92 -1 20 23 70 87 -1 6 32 57 68 -1 -2
20 39 75 100 -1 4 6 19 40 -1 6 37 83 94 -1 -2
34 36 61 84 -1 16 34 59 84 -1 23 38 40 91 -1 44 66 71 83 -1 9 32 68 84 -1 17 23 37 38 -1 37 67 91 100 -1 25 28 38 74 -1 74 75 84 85 -1 8 45 82 90 -1 -2
23 27 68 93 -1 58 71 74 99 -1 5 20 23 89 -1 -2
23 33 76 96 -1 27 35 55 69 -1 64 69 81 88 -1 4 29 49 84 -1 9 48 54 84 -1 17 57 75 98 -1 19 62 65 93 -1 10 16 30 69 -1 -2
13 25 67 74 -1 17 35 68 93 -1 17 61 72 90 -1 8 15 35 36 -1 -2
16 64 95 100 -1 10 27 73 100 -1 23 45 59 95 -1 8 50 57 70 -1 10 31 58 66 -1 9 48 76 85 -1 6 30 43 67 -1 55 83 85 88 -1 29 75 94 100 -1 -2
5 69 72 82 -1 16 35 59 66 -1 32 34 76 79 -1 -2
4 6 15 56 -1 -2
7 53 91 100 -1 2 18 47 73 -1 16 46 58 86 -1 4 16 22 43 -1 8 10 20 83 -1 27 43 44 68 -1 -2
7 17 47 85 -1 21 36 55 78 -1 31 37 47 87 -1 1 24 41 51 -1 2 11 19 84 -1 1 32 34 42 -1 62 79 88 96 -1 28 42 43 78 -1 11 29 48 67 -1 -2
4 50 65 76 -1 26 46 48 89 -1 6 49 71 95 -1 11 27 50 53 -1 9 16 92 93 -1 -2
62 74 75 88 -1 21 23 84 94 -1 48 60 71 82 -1 11 19 36 47 -1 16 45 59 80 -1 4 30 52 67 -1 19 26 70 82 -1 55 56 60 89 -1 10 16 58 75 -1 -2
11 46 61 97 -1 37 41 47 96 -1 18 42 69 74 -1 2 24 66 83 -1 -2
47 56 72 87 -1 -2
53 54 82 100 -1 24 33 78 96 -1 -2
27 82 90 99 -1 7 43 68 69 -1 -2
49 92 97 100 -1 54 68 74 97 -1 8 24 62 79 -1 6 29 57 83 -1 20 51 68 93 -1 -2
31 60 74 93 -1 2 19 22 77 -1 12 13 33 88 -1 29 52 63 96 -1 -2
42 58 63 69 -1 20 44 46 85 -1 22 36 40 81 -1 3 56 62 92 -1 21 33 47 53 -1 29 31 70 99 -1 1 41 45 85 -1 14 23 53 95 -1 -2
22 37 79 82 -1 22 54 55 73 -1 16 19 50 89 -1 2 31 71 80 -1 3 48 56 69 -1 6 32 80 91 -1 8 34 78 90 -1 -2
14 27 49 81 -1 21 81 82 87 -1 7 44 60 69 -1 8 38 75 85 -1 36 39 45 82 -1 20 22 49 90 -1 15 26 46 60 -1 10 71 77 79 -1 -2
58 65 75 81 -1 3 19 27 90 -1 2 12 76 95 -1 30 32 35 72 -1 -2
25 45 54 99 -1 -2
23 39 40 56 -1 38 73 84 88 -1 -2
5 6 26 35 -1 20 25 47 97 -1 19 28 59 80 -1 27 74 90 93 -1 14 44 79 91 -1 2 24 70 76 -1 6 34 47 84 -1 -2
6 30 39 91 -1 16 48 75 76 -1 9 53 65 98 -1 2 49 62 87 -1 7 14 91 97 -1 34 40 69 83 -1 19 33 73 99 -1 11 28 59 95 -1 16 18 33 52 -1 -2
29 68 76 89 -1 62 73 76 95 -1 31 36 89 95 -1 4 39 58 89 -1 38 60 86 100 -1 19 25 44 99 -1 -2
23 86 91 93 -1 55 60 62 76 -1 -2
51 65 71 74 -1 18 29 67 88 -1 32 36 51 87 -1 -2
41 42 58 92 -1 1 3 13 61 -1 9 47 52 55 -1 -2
5 43 47 58 -1 7 57 70 76 -1 3 15 33 63 -1 2 7 10 27 -1 -2
12 32 41 82 -1 4 22 28 94 -1 9 22 42 88 -1 74 80 96 99 -1 14 20 65 81 -1 22 41 42 89 -1 1 42 69 74 -1 -2
30 53 59 93 -1 15 25 42 81 -1 58 65 71 93 -1 -2
25 33 46 95 -1 -2
10 44 84 95 -1 54 84 91 95 -1 6 8 14 24 -1 -2
2 5 45 76 -1 27 41 48 50 -1 20 26 45 99 -1 29 40 58 85 -1 53 65 96 100 -1 31 36 57 84 -1 26 30 35 57 -1 -2
22 56 61 70 -1 19 29 32 84 -1 -2
7 37 60 81 -1 32 36 52 59 -1 18 33 76 100 -1 6 7 70 92 -1 15 18 78 99 -1 9 39 67 93 -1 15 31 58 70 -1 60 66 69 75 -1 -2
11 39 62 78 -1 -2
11 59 76 95 -1 7 62 73 96 -1 1 63 82 83 -1 54 83 95 97 -1 -2
60 79 80 100 -1 18 64 79 97 -1 4 32 47 84 -1 18 25 30 91 -1 40 62 73 83 -1 -2
9 56 74 78 -1 17 18 27 37 -1 5 17 33 73 -1 29 41 84 90 -1 28 47 77 87 -1 -2
14 46 69 85 -1 27 36 50 80 -1 12 24 87 97 -1 7 18 63 81 -1 36 49 53 57 -1 35 37 70 94 -1 47 56 58 71 -1 -2
19 36 39 61 -1 11 29 35 73 -1 11 26 36 37 -1 20 24 38 59 -1 -2
33 42 45 64 -1 -2
2 23 81 95 -1 35 38 72 100 -1 5 34 44 92 -1 46 63 65 71 -1 -2
28 62 91 98 -1 9 22 73 75 -1 62 70 75 91 -1 -2
22 25 48 77 -1 34 46 80 97 -1 16 35 42 72 -1 1 2 46 50 -1 34 58 88 99 -1 1 17 30 91 -1 -2
7 10 38 100 -1 23 27 53 98 -1 6 26 86 94 -1 4 14 24 55 -1 18 29 44 48 -1 14 48 60 78 -1 -2
3 9 35 91 -1 -2
8 17 44 78 -1 15 16 38 47 -1 3 51 72 80 -1 5 16 40 91 -1 39 79 82 97 -1 -2
7 55 79 94 -1 20 50 74 90 -1 31 76 89 100 -1 -2
14 34 85 99 -1 11 69 74 92 -1 29 51 68 71 -1 -2
68 77 83 91 -1 10 32 60 79 -1 33 37 74 92 -1 14 21 51 74 -1 78 86 98 100 -1 6 16 79 98 -1 46 61 86 99 -1 30 39 61 78 -1 13 19 55 96 -1 16 51 70 81 -1 -2
29 46 77 81 -1 53 64 74 76 -1 -2
8 20 53 67 -1 35 36 38 51 -1 9 34 41 76 -1 6 40 41 70 -1 20 53 54 85 -1 28 30 67 68 -1 1 22 44 47 -1 7 10 22 66 -1 17 20 79 80 -1 -2
8 62 63 94 -1 11 20 45 79 -1 -2
3 23 47 63 -1 35 38 67 74 -1 38 62 89 95 -1 61 72 75 83 -1 39 47 55 90 -1 12 14 39 87 -1 7 35 51 58 -1 32 33 46 89 -1 -2
28 30 49 53 -1 43 62 90 99 -1 4 32 34 95 -1 42 54 90 95 -1 29 30 44 55 -1 -2
2 30 36 72 -1 2 9 61 92 -1 12 66 93 98 -1 5 26 35 91 -1 24 29 56 92 -1 9 13 32 34 -1 29 58 66 87 -1 23 42 68 81 -1 -2
4 64 67 99 -1 15 30 47 52 -1 18 31 46 74 -1 22 35 76 91 -1 10 42 50 76 -1 -2
8 9 66 68 -1 -2
28 51 65 74 -1 23 80 87 88 -1 41 42 43 88 -1 4 41 62 91 -1 30 46 52 94 -1 3 8 49 70 -1 30 31 52 63 -1 9 41 62 88 -1 2 51 63 69 -1 9 56 87 99 -1 -2
19 27 43 65 -1 10 41 73 92 -1 65 70 77 87 -1 31 52 74 93 -1 37 49 58 81 -1 19 32 50 77 -1 53 70 82 97 -1 54 84 85 99 -1 -2
43 73 88 95 -1 36 42 61 97 -1 20 28 52 53 -1 13 50 69 75 -1 38 50 67 97 -1 13 36 82 90 -1 21 22 44 52 -1 11 67 81 95 -1 -2
21 24 31 83 -1 2 6 16 24 -1 2 23 29 49 -1 1 3 29 57 -1 20 67 75 99 -1 24 27 57 94 -1 3 17 37 63 -1 23 53 87 89 -1 56 60 61 81 -1 -2
8 20 26 59 -1 7 60 98 99 -1 23 50 59 87 -1 18 60 64 96 -1 7 9 47 69 -1 11 48 61 62 -1 9 29 64 85 -1 23 25 59 74 -1 21 32 57 92 -1 -2
35 39 62 75 -1 28 49 89 95 -1 6 21 49 63 -1 11 18 40 56 -1 -2
4 18 59 96 -1 31 32 49 58 -1 7 44 56 94 -1 4 13 18 74 -1 13 21 27 74 -1 54 64 84 96 -1 29 59 72 80 -1 8 41 71 91 -1 -2
29 49 82 91 -1 38 44 55 76 -1 -2
11 39 71 88 -1 5 60 85 99 -1 16 35 66 84 -1 1 46 62 70 -1 -2
10 15 30 39 -1 6 35 49 56 -1 20 46 61 72 -1 49 74 90 95 -1 -2
16 28 69 83 -1 3 20 48 63 -1 1 2 37 97 -1 32 49 68 69 -1 14 16 23 97 -1 -2
5 18 48 60 -1 3 9 37 84 -1 3 18 31 46 -1 39 42 89 90 -1 17 27 46 94 -1 42 44 52 85 -1 2 23 70 100 -1 -2
16 19 47 53 -1 17 39 42 46 -1 -2
11 12 67 90 -1 9 29 60 100 -1 22 36 43 49 -1 1 33 36 88 -1 11 15 28 41 -1 11 17 42 81 -1 20 30 47 54 -1 -2
2 64 67 83 -1 12 54 80 91 -1 -2
24 57 61 82 -1 9 22 77 96 -1 17 29 38 49 -1 -2
3 12 44 98 -1 7 24 30 44 -1 27 51 81 94 -1 21 27 50 98 -1 35 75 85 97 -1 6 25 72 88 -1 18 47 66 82 -1 -2
17 43 52 95 -1 3 16 28 78 -1 37 43 56 68 -1 57 74 76 99 -1 -2
31 35 46 91 -1 37 52 73 97 -1 21 30 43 83 -1 3 26 83 84 -1 60 65 66 100 -1 -2
17 20 93 96 -1 -2
15 19 24 88 -1 -2
2 70 88 99 -1 38 50 70 95 -1 3 20 21 25 -1 30 50 66 81 -1 17 78 81 97 -1 -2
6 37 69 72 -1 2 28 93 98 -1 12 62 63 99 -1 26 48 57 98 -1 36 62 64 65 -1 -2
3 11 31 90 -1 1 49 81 99 -1 10 55 58 93 -1 8 17 26 53 -1 -2
6 68 69 90 -1 27 42 68 100 -1 8 22 27 63 -1 8 46 71 96 -1 35 48 59 96 -1 21 79 91 99 -1 -2
3 36 86 92 -1 15 34 40 41 -1 -2
14 75 83 89 -1 36 61 84 85 -1 47 52 75 79 -1 16 28 30 82 -1 -2
31 69 70 77 -1 18 75 86 96 -1 18 40 45 67 -1 1 28 43 95 -1 12 32 73 97 -1 7 51 70 78 -1 21 53 67 78 -1 -2
19 31 62 90 -1 6 7 39 56 -1 7 44 69 97 -1 30 41 48 84 -1 22 37 97 99 -1 13 57 79 89 -1 13 17 40 63 -1 -2
9 11 31 79 -1 9 25 63 64 -1 53 58 96 100 -1 11 43 84 89 -1 8 27 64 95 -1 17 33 62 64 -1 4 35 41 59 -1 14 17 55 94 -1 -2
19 24 44 64 -1 15 53 80 90 -1 29 62 67 86 -1 4 11 43 63 -1 8 41 74 96 -1 29 59 64 95 -1 1 25 64 86 -1 2 32 45 80 -1 20 25 51 60 -1 31 46 59 95 -1 -2
42 66 77 85 -1 8 16 78 99 -1 5 79 83 85 -1 2 7 8 86 -1 -2
1 77 79 81 -1 63 76 90 100 -1 7 12 22 82 -1 -2
3 42 54 60 -1 7 75 93 94 -1 22 37 85 94 -1 16 24 60 62 -1 20 28 87 97 -1 56 71 87 96 -1 45 64 65 66 -1 -2
3 10 46 97 -1 17 21 39 92 -1 5 32 33 44 -1 20 43 64 76 -1 22 29 49 80 -1 24 42 48 100 -1 13 51 68 74 -1 -2
32 50 51 96 -1 4 17 69 70 -1 14 59 86 98 -1 9 77 79 86 -1 -2
37 66 71 77 -1 52 68 84 95 -1 11 20 64 95 -1 11 33 37 96 -1 18 26 53 70 -1 -2
28 31 66 97 -1 9 13 89 99 -1 8 18 24 53 -1 20 22 33 78 -1 6 13 48 85 -1 3 63 65 87 -1 41 54 58 93 -1 13 14 27 51 -1 -2
2 5 32 79 -1 14 77 79 98 -1 14 42 46 50 -1 1 14 34 52 -1 8 39 76 86 -1 20 52 66 75 -1 13 47 58 70 -1 -2
23 72 85 97 -1 57 72 81 93 -1 -2
1 57 91 93 -1 3 25 79 81 -1 18 33 53 62 -1 36 44 88 92 -1 10 79 84 88 -1 26 60 93 95 -1 11 46 61 97 -1 -2
23 70 78 98 -1 13 14 59 63 -1 15 69 79 96 -1 21 27 34 39 -1 37 62 68 87 -1 7 42 47 62 -1 22 40 43 47 -1 35 50 70 95 -1 43 80 85 91 -1 -2
26 33 35 92 -1 9 55 88 96 -1 40 57 63 71 -1 45 50 52 69 -1 29 40 59 68 -1 28 44 62 63 -1 4 32 92 99 -1 23 37 75 98 -1 10 13 17 97 -1 -2
52 66 82 89 -1 18 55 63 64 -1 5 28 34 50 -1 11 13 32 60 -1 25 59 76 98 -1 8 9 14 19 -1 -2
6 15 37 62 -1 27 31 42 44 -1 3 4 47 78 -1 -2
15 38 66 77 -1 -2
2 20 56 92 -1 2 37 57 60 -1 16 28 67 75 -1 37 67 94 100 -1 21 39 79 93 -1 -2
5 18 24 63 -1 -2
12 34 49 89 -1 16 22 28 89 -1 21 46 79 95 -1 16 74 87 100 -1 41 46 80 91 -1 4 22 54 81 -1 51 65 74 92 -1 20 27 31 74 -1 8 12 18 88 -1 -2
14 40 46 90 -1 61 67 83 84 -1 -2
4 26 51 79 -1 9 17 28 29 -1 36 41 43 78 -1 6 15 39 68 -1 30 46 92 94 -1 4 17 49 86 -1 -2
14 61 75 86 -1 54 73 88 96 -1 6 14 66 72 -1 27 48 74 76 -1 -2
21 23 24 31 -1 27 55 73 74 -1 3 28 53 73 -1 9 52 56 79 -1 -2
13 62 80 92 -1 11 25 97 99 -1 38 51 74 83 -1 7 10 20 26 -1 37 59 87 96 -1 10 41 44 65 -1 8 42 59 81 -1 31 37 42 74 -1 -2
16 64 69 86 -1 1 26 39 95 -1 -2
20 52 58 80 -1 18 60 83 96 -1 10 31 36 47 -1 13 14 28 29 -1 1 50 72 99 -1 -2
24 51 55 96 -1 6 68 75 100 -1 12 34 56 65 -1 7 17 46 92 -1 -2
12 24 83 97 -1 10 14 52 56 -1 49 61 67 94 -1 22 32 34 59 -1 15 25 66 75 -1 1 14 53 86 -1 -2
11 43 67 99 -1 6 48 57 94 -1 11 49 67 97 -1 -2
19 33 36 84 -1 48 54 57 65 -1 17 31 49 89 -1 19 31 69 86 -1 4 9 65 75 -1 18 42 59 98 -1 10 53 93 97 -1 40 52 85 87 -1 14 57 80 92 -1 20 65 86 95 -1 -2
39 42 53 77 -1 21 26 70 81 -1 28 34 41 93 -1 2 13 55 61 -1 37 53 55 91 -1 23 40 68 96 -1 5 19 46 98 -1 28 76 87 88 -1 -2
42 48 89 93 -1 24 37 38 54 -1 4 53 60 82 -1 10 38 65 80 -1 21 23 34 83 -1 6 57 77 87 -1 14 16 18 43 -1 13 39 60 78 -1 14 25 64 72 -1 1 14 23 35 -1 -2
18 81 96 97 -1 36 39 70 82 -1 19 21 29 86 -1 7 18 47 100 -1 2 12 37 83 -1 28 65 67 97 -1 -2
7 22 86 90 -1 3 12 82 84 -1 1 40 41 100 -1 32 58 82 90 -1 5 9 61 89 -1 8 27 34 92 -1 -2
10 65 76 78 -1 23 46 66 71 -1 1 28 59 100 -1 26 29 51 93 -1 37 39 50 69 -1 64 71 80 97 -1 3 16 94 97 -1 18 35 57 74 -1 -2
1 3 12 63 -1 43 69 76 79 -1 3 17 47 73 -1 10 30 32 38 -1 2 21 41 44 -1 9 69 88 99 -1 6 20 44 64 -1 13 30 65 74 -1 -2
31 44 85 95 -1 2 6 42 89 -1 23 62 88 90 -1 39 43 75 87 -1 29 56 77 91 -1 -2
28 33 65 75 -1 20 32 74 98 -1 9 60 77 81 -1 79 83 96 100 -1 68 84 97 99 -1 20 76 84 86 -1 3 8 87 90 -1 10 29 50 98 -1 -2
46 50 58 89 -1 21 85 90 92 -1 9 68 74 80 -1 4 22 26 51 -1 22 50 85 91 -1 -2
21 36 48 53 -1 57 83 85 100 -1 -2
8 28 36 57 -1 36 46 63 88 -1 4 8 32 37 -1 3 4 55 75 -1 19 25 30 34 -1 49 56 77 94 -1 -2
28 80 86 92 -1 37 61 90 91 -1 25 43 58 79 -1 52 63 67 72 -1 2 11 38 80 -1 9 29 81 96 -1 4 32 73 85 -1 50 69 92 93 -1 35 53 81 90 -1 -2
30 66 85 87 -1 7 51 55 88 -1 13 17 24 58 -1 9 21 59 67 -1 41 47 93 95 -1 -2
39 48 56 80 -1 16 23 85 99 -1 16 61 71 79 -1 20 61 63 98 -1 -2
11 15 67 97 -1 1 7 56 77 -1 2 6 8 53 -1 13 91 93 97 -1 13 25 28 55 -1 41 49 59 76 -1 6 32 44 57 -1 -2
5 38 70 92 -1 14 36 78 88 -1 12 14 32 95 -1 9 36 87 100 -1 44 46 82 98 -1 46 56 58 83 -1 -2
5 16 25 72 -1 20 32 39 76 -1 2 38 55 93 -1 54 60 78 90 -1 41 60 97 99 -1 49 62 71 81 -1 35 47 54 62 -1 35 62 64 65 -1 57 67 85 98 -1 6 33 39 75 -1 -2
15 66 94 97 -1 -2
10 23 61 64 -1 7 40 89 100 -1 53 60 64 70 -1 1 19 30 40 -1 14 17 62 94 -1 40 48 66 67 -1 6 10 45 56 -1 32 44 49 100 -1 -2
13 38 74 80 -1 24 38 69 73 -1 1 23 61 74 -1 5 55 75 90 -1 6 24 48 100 -1 -2
17 82 94 96 -1 34 41 81 95 -1 72 74 79 93 -1 5 7 57 71 -1 41 50 73 87 -1 37 46 57 66 -1 22 31 56 78 -1 19 21 31 48 -1 8 18 79 93 -1 33 35 78 85 -1 -2
6 28 58 60 -1 9 39 65 78 -1 3 31 32 84 -1 7 27 61 89 -1 -2
2 6 39 93 -1 10 30 31 78 -1 2 46 66 95 -1 1 26 51 53 -1 44 59 68 78 -1 5 11 35 55 -1 26 44 81 94 -1 14 47 62 91 -1 6 51 61 69 -1 8 20 55 77 -1 -2
12 34 44 54 -1 38 46 62 92 -1 1 4 51 88 -1 -2
19 41 53 92 -1 20 31 57 77 -1 5 12 28 37 -1 37 43 69 80 -1 11 25 70 95 -1 68 81 90 95 -1 11 63 66 96 -1 10 28 70 86 -1 2 20 61 95 -1 69 78 90 99 -1 -2
10 30 47 98 -1 2 27 43 77 -1 33 35 65 81 -1 28 51 90 99 -1 2 30 33 41 -1 10 29 38 63 -1 20 43 44 56 -1 -2
13 22 39 75 -1 14 20 60 87 -1 30 64 68 74 -1 57 62 84 85 -1 15 23 59 74 -1 43 55 66 95 -1 3 5 37 66 -1 69 74 76 97 -1 35 43 75 91 -1 -2
19 56 84 89 -1 21 43 49 92 -1 42 45 66 82 -1 28 35 40 78 -1 4 41 52 59 -1 6 26 40 51 -1 32 40 41 59 -1 30 59 68 81 -1 -2
14 27 32 52 -1 12 18 68 93 -1 2 4 71 77 -1 6 51 60 93 -1 12 19 36 37 -1 24 41 48 58 -1 12 22 41 58 -1 4 26 43 87 -1 2 12 64 71 -1 -2
35 71 86 95 -1 23 28 31 86 -1 18 30 35 69 -1 3 30 34 52 -1 1 26 46 50 -1 20 22 51 85 -1 27 30 44 96 -1 -2
11 33 37 99 -1 38 64 86 88 -1 9 12 18 77 -1 -2
35 72 75 81 -1 24 39 46 55 -1 62 85 99 100 -1 8 10 59 66 -1 19 40 66 83 -1 63 72 74 82 -1 22 58 74 88 -1 30 54 71 93 -1 7 49 71 91 -1 -2
4 48 69 78 -1 18 27 80 94 -1 6 17 56 79 -1 46 48 74 82 -1 -2
3 86 95 96 -1 -2
1 55 79 97 -1 25 77 85 98 -1 20 36 57 99 -1 8 42 45 96 -1 -2
30 55 62 71 -1 2 21 32 41 -1 4 76 81 91 -1 6 48 72 86 -1 16 38 83 93 -1 1 17 69 94 -1 14 64 75 76 -1 7 14 21 100 -1 -2
2 27 40 79 -1 6 12 21 89 -1 22 41 67 94 -1 16 17 27 73 -1 16 24 43 52 -1 16 24 71 77 -1 62 74 76 90 -1 7 19 35 68 -1 -2
12 15 51 66 -1 9 39 76 93 -1 16 17 27 72 -1 3 14 40 71 -1 6 39 66 97 -1 16 48 87 97 -1 -2
19 26 61 95 -1 26 28 47 94 -1 22 23 47 51 -1 7 21 50 79 -1 4 71 80 92 -1 40 42 65 79 -1 -2
35 56 61 70 -1 29 36 51 87 -1 30 63 86 91 -1 22 33 49 53 -1 2 7 23 58 -1 1 31 88 100 -1 15 61 66 98 -1 22 34 52 63 -1 33 49 56 65 -1 -2
11 21 42 50 -1 -2
26 36 50 100 -1 2 31 67 80 -1 25 30 57 87 -1 10 27 55 60 -1 -2
20 33 57 62 -1 2 41 83 98 -1 12 49 63 95 -1 25 26 81 98 -1 23 25 61 97 -1 9 69 73 78 -1 -2
11 26 28 97 -1 56 63 80 90 -1 33 48 63 69 -1 29 60 89 100 -1 27 35 91 97 -1 6 43 63 88 -1 40 66 68 97 -1 41 55 76 100 -1 24 39 45 49 -1 18 25 50 89 -1 -2
41 57 81 82 -1 15 17 22 68 -1 5 30 50 66 -1 2 12 69 89 -1 4 62 90 95 -1 16 17 62 96 -1 28 43 46 81 -1 29 32 48 52 -1 16 41 66 75 -1 -2
15 21 35 87 -1 47 48 68 90 -1 4 32 62 92 -1 22 27 30 32 -1 5 7 25 84 -1 5 17 29 78 -1 42 45 48 65 -1 -2
8 33 44 47 -1 23 43 65 70 -1 2 53 83 97 -1 4 16 30 59 -1 3 38 63 96 -1 33 34 74 86 -1 6 14 41 57 -1 37 86 93 97 -1 34 69 83 94 -1 -2
2 21 58 90 -1 -2
37 74 78 83 -1 22 56 62 73 -1 37 41 51 81 -1 5 28 48 63 -1 7 47 48 54 -1 52 69 77 82 -1 -2
48 89 93 94 -1 51 56 61 93 -1 11 91 96 99 -1 1 24 43 78 -1 1 21 27 67 -1 40 46 55 79 -1 25 28 43 94 -1 43 53 70 98 -1 -2
31 56 60 82 -1 37 42 46 65 -1 5 23 83 89 -1 16 51 81 90 -1 -2
37 41 85 91 -1 29 47 88 100 -1 26 32 48 55 -1 8 80 81 93 -1 33 83 90 94 -1 -2
65 73 91 94 -1 16 24 75 84 -1 21 61 79 92 -1 6 16 33 57 -1 11 47 81 94 -1 51 60 66 88 -1 -2
31 41 61 65 -1 12 50 61 72 -1 18 23 40 94 -1 -2
4 7 57 67 -1 5 31 51 58 -1 11 25 69 84 -1 -2
14 51 63 65 -1 4 22 42 71 -1 87 88 91 96 -1 4 60 62 82 -1 2 46 57 73 -1 1 22 23 74 -1 10 20 38 67 -1 24 43 51 92 -1 38 41 62 74 -1 2 43 78 82 -1 -2
1 34 45 54 -1 16 18 36 44 -1 28 37 49 61 -1 2 4 26 96 -1 19 65 67 90 -1 12 19 67 94 -1 24 42 46 85 -1 -2
64 67 68 95 -1 12 16 77 93 -1 9 31 40 92 -1 -2
29 39 41 71 -1 2 3 26 82 -1 8 9 18 36 -1 19 47 58 86 -1 23 37 71 94 -1 18 21 64 92 -1 9 44 83 84 -1 -2
9 23 36 75 -1 2 31 43 92 -1 5 64 85 100 -1 7 69 75 95 -1 -2
1 5 28 47 -1 25 27 43 85 -1 12 22 44 100 -1 7 43 71 86 -1 20 21 75 76 -1 6 22 34 89 -1 -2
10 15 31 54 -1 34 62 72 80 -1 46 47 57 95 -1 13 24 48 62 -1 15 59 80 88 -1 1 11 28 41 -1 13 39 67 97 -1 -2
9 60 77 98 -1 7 47 71 89 -1 5 6 7 25 -1 -2
48 55 60 90 -1 31 41 71 91 -1 26 41 60 86 -1 23 38 42 44 -1 8 61 68 92 -1 18 25 37 81 -1 1 12 27 90 -1 1 14 17 33 -1 20 22 36 53 -1 4 52 55 56 -1 -2
49 52 63 82 -1 11 35 58 75 -1 -2
27 31 67 72 -1 20 58 80 97 -1 12 25 69 96 -1 2 10 16 44 -1 1 2 81 82 -1 4 11 44 60 -1 -2
45 86 99 100 -1 3 32 57 67 -1 28 35 74 95 -1 6 49 65 76 -1 9 17 35 53 -1 1 33 52 87 -1 19 59 85 88 -1 21 26 52 86 -1 5 44 66 91 -1 1 3 66 85 -1 -2
22 70 80 82 -1 13 74 93 99 -1 38 59 79 88 -1 10 27 43 89 -1 15 58 63 76 -1 -2
2 29 74 95 -1 47 53 70 96 -1 5 29 71 97 -1 52 59 84 91 -1 19 46 65 70 -1 14 16 25 29 -1 25 27 41 46 -1 2 6 29 38 -1 34 40 69 91 -1 11 31 47 54 -1 -2
55 57 81 94 -1 5 28 45 94 -1 9 20 92 93 -1 7 14 91 99 -1 13 20 26 86 -1 -2
5 31 65 85 -1 8 33 42 52 -1 19 30 56 68 -1 -2
44 55 79 95 -1 6 20 61 93 -1 22 28 35 62 -1 35 39 91 99 -1 1 16 48 77 -1 9 32 42 46 -1 -2
34 38 45 62 -1 2 47 50 53 -1 15 32 62 82 -1 -2
6 15 27 62 -1 -2
32 43 68 92 -1 4 5 7 27 -1 17 19 34 96 -1 -2
66 73 77 82 -1 9 13 36 99 -1 25 45 61 84 -1 19 44 90 95 -1 35 46 80 99 -1 39 75 94 100 -1 57 60 70 85 -1 -2
17 42 52 73 -1 2 32 39 53 -1 12 41 55 100 -1 1 8 9 48 -1 8 55 61 65 -1 17 61 93 100 -1 17 28 49 75 -1 5 41 55 75 -1 -2
39 51 72 96 -1 1 33 35 80 -1 52 66 78 89 -1 1 17 27 88 -1 25 53 87 92 -1 8 25 61 78 -1 8 75 81 84 -1 21 22 50 89 -1 -2
9 57 61 70 -1 1 48 84 95 -1 1 31 64 94 -1 8 17 20 65 -1 3 74 85 87 -1 19 28 33 63 -1 15 46 92 93 -1 51 57 64 75 -1 -2
19 42 59 60 -1 63 74 96 100 -1 13 17 62 92 -1 60 72 85 93 -1 21 46 60 86 -1 22 40 85 97 -1 -2
6 37 45 89 -1 18 65 80 88 -1 44 59 78 87 -1 7 15 30 57 -1 16 37 43 95 -1 -2
23 87 91 92 -1 16 19 20 80 -1 14 19 23 74 -1 74 78 91 97 -1 13 46 70 73 -1 14 39 40 68 -1 13 24 40 46 -1 16 40 43 91 -1 36 65 73 89 -1 39 41 45 76 -1 -2
52 58 71 92 -1 45 52 67 86 -1 15 22 27 85 -1 28 41 60 69 -1 -2
11 35 57 92 -1 74 78 81 96 -1 33 74 90 95 -1 12 33 57 81 -1 54 64 66 82 -1 3 29 75 92 -1 38 51 58 96 -1 -2
12 63 95 97 -1 5 22 63 85 -1 14 51 57 62 -1 -2
45 84 97 99 -1 35 56 88 100 -1 3 20 46 63 -1 27 35 68 74 -1 19 24 27 74 -1 -2
6 24 32 73 -1 13 15 21 45 -1 1 50 62 90 -1 8 30 55 70 -1 13 26 41 80 -1 12 35 44 92 -1 16 90 93 96 -1 15 56 69 95 -1 -2
3 36 42 99 -1 -2
1 8 39 99 -1 20 24 53 82 -1 73 74 80 93 -1 27 48 64 88 -1 19 37 60 63 -1 15 55 58 61 -1 2 12 44 98 -1 12 35 70 74 -1 71 90 95 100 -1 2 9 19 97 -1 -2
31 37 65 87 -1 38 44 51 71 -1 8 19 30 69 -1 -2
3 11 68 73 -1 5 56 61 82 -1 4 6 66 90 -1 4 6 39 46 -1 8 32 89 91 -1 14 24 44 99 -1 41 55 94 97 -1 35 73 75 90 -1 -2
40 48 55 87 -1 13 26 35 63 -1 31 69 74 75 -1 1 4 64 99 -1 32 51 59 84 -1 41 69 82 84 -1 15 30 39 44 -1 16 21 55 84 -1 9 25 56 90 -1 52 54 84 97 -1 -2
19 55 73 92 -1 8 14 33 74 -1 51 52 79 91 -1 -2
19 23 47 78 -1 23 30 34 45 -1 11 35 59 85 -1 4 46 63 84 -1 43 46 61 84 -1 15 69 79 100 -1 45 56 65 92 -1 14 17 22 82 -1 35 39 48 49 -1 40 63 79 87 -1 -2
20 27 61 95 -1 4 14 45 87 -1 40 70 74 98 -1 21 55 80 98 -1 6 11 21 45 -1 22 63 85 99 -1 50 75 92 100 -1 19 24 50 74 -1 7 34 45 100 -1 -2
12 31 32 95 -1 16 56 71 82 -1 65 88 91 100 -1 6 9 16 90 -1 1 25 65 79 -1 10 81 85 86 -1 -2
1 22 28 92 -1 5 28 74 98 -1 36 56 68 81 -1 10 43 90 94 -1 -2
15 20 22 93 -1 10 48 92 95 -1 5 17 41 89 -1 -2
11 58 65 95 -1 41 68 73 96 -1 12 52 54 75 -1 45 64 89 93 -1 44 49 57 96 -1 7 45 51 67 -1 28 60 69 82 -1 -2
37 78 82 93 -1 22 50 64 73 -1 31 34 60 63 -1 7 20 36 60 -1 36 53 88 91 -1 -2
4 13 19 35 -1 63 66 72 89 -1 8 21 28 100 -1 23 31 37 83 -1 4 35 53 71 -1 36 60 61 100 -1 57 60 62 81 -1 9 28 56 89 -1 15 29 73 100 -1 5 44 54 69 -1 -2
41 66 80 82 -1 -2
13 20 34 46 -1 26 37 77 91 -1 15 21 39 87 -1 23 36 54 58 -1 -2
14 19 24 58 -1 -2
13 20 34 98 -1 32 62 64 74 -1 1 12 47 51 -1 25 31 37 83 -1 12 43 78 88 -1 31 67 83 96 -1 5 34 39 74 -1 10 48 49 72 -1 7 40 44 76 -1 -2
2 39 76 97 -1 36 44 54 61 -1 6 43 53 82 -1 6 25 31 75 -1 16 25 99 100 -1 15 35 64 100 -1 24 34 38 80 -1 24 38 69 80 -1 19 61 72 73 -1 31 38 40 50 -1 -2
10 71 72 84 -1 2 15 16 30 -1 30 43 65 70 -1 -2
12 19 42 88 -1 30 37 47 92 -1 68 73 85 93 -1 9 28 32 97 -1 -2
15 23 30 36 -1 1 32 73 83 -1 3 16 71 88 -1 28 44 52 67 -1 5 37 50 95 -1 29 30 67 80 -1 -2
25 43 46 53 -1 28 66 70 79 -1 36 69 74 88 -1 -2
38 58 75 97 -1 41 53 56 61 -1 68 71 92 97 -1 10 51 81 93 -1 25 44 50 71 -1 2 42 49 80 -1 8 29 31 88 -1 26 41 73 87 -1 2 44 63 86 -1 -2
1 18 91 99 -1 8 19 30 35 -1 3 32 55 69 -1 49 65 83 87 -1 2 6 17 27 -1 -2
5 48 50 71 -1 33 45 61 80 -1 24 30 66 70 -1 48 91 92 96 -1 7 8 21 23 -1 13 52 66 78 -1 28 36 51 82 -1 30 32 80 99 -1 56 60 71 74 -1 5 39 88 90 -1 -2
26 33 83 86 -1 3 42 81 88 -1 -2
10 31 37 60 -1 15 24 34 56 -1 29 57 62 65 -1 42 71 77 85 -1 1 13 54 94 -1 21 23 55 91 -1 -2
15 19 98 100 -1 2 47 56 88 -1 11 52 59 86 -1 70 85 93 100 -1 3 22 56 90 -1 18 33 36 57 -1 15 33 71 76 -1 10 74 94 98 -1 4 33 74 96 -1 -2
38 75 77 95 -1 4 36 57 68 -1 13 14 20 38 -1 12 35 52 90 -1 19 24 88 90 -1 9 77 83 100 -1 25 26 39 71 -1 7 10 74 90 -1 42 55 63 90 -1 2 15 53 62 -1 -2
9 29 52 63 -1 16 48 70 93 -1 -2
7 33 41 47 -1 9 12 56 94 -1 5 21 49 86 -1 30 65 81 83 -1 31 77 89 97 -1 19 33 35 79 -1 22 32 70 79 -1 -2
9 31 58 83 -1 5 7 27 57 -1 25 62 74 96 -1 17 23 66 89 -1 25 29 51 95 -1 12 53 59 71 -1 -2
9 31 47 70 -1 12 48 79 96 -1 36 58 59 98 -1 19 20 65 95 -1 3 35 53 80 -1 8 17 37 45 -1 18 36 39 60 -1 22 39 74 88 -1 -2
15 24 34 91 -1 30 37 69 96 -1 12 52 74 97 -1 18 24 42 59 -1 -2
23 32 52 89 -1 50 64 81 88 -1 17 54 78 80 -1 19 63 75 92 -1 6 13 95 96 -1 45 61 70 84 -1 18 39 40 95 -1 8 19 58 73 -1 21 48 87 92 -1 1 53 83 84 -1 -2
53 65 90 93 -1 13 24 28 61 -1 4 15 17 63 -1 4 17 51 79 -1 22 31 48 61 -1 20 76 86 97 -1 -2
18 21 75 95 -1 45 75 94 99 -1 -2
16 35 37 53 -1 16 69 85 90 -1 -2
33 58 98 99 -1 -2
9 29 31 90 -1 26 74 79 94 -1 -2
12 52 64 90 -1 35 74 79 88 -1 3 27 39 46 -1 8 29 56 94 -1 28 55 62 63 -1 15 31 47 62 -1 20 39 62 85 -1 1 13 32 88 -1 3 11 45 69 -1 -2
4 27 32 90 -1 9 37 46 52 -1 28 30 74 95 -1 -2
40 44 48 65 -1 3 55 56 97 -1 45 72 93 100 -1 13 21 47 51 -1 -2
35 45 58 76 -1 23 44 55 88 -1 3 24 72 76 -1 7 19 35 46 -1 4 26 51 95 -1 16 29 36 73 -1 12 38 40 57 -1 -2
3 29 63 96 -1 7 14 39 54 -1 20 40 43 72 -1 -2
16 39 88 91 -1 29 79 83 97 -1 1 4 33 92 -1 17 26 70 95 -1 38 47 93 95 -1 12 20 91 94 -1 -2
9 58 87 92 -1 20 56 98 99 -1 4 5 83 89 -1 12 49 50 51 -1 9 22 32 99 -1 5 20 69 76 -1 34 41 65 79 -1 -2
27 33 69 74 -1 15 37 73 87 -1 -2
59 64 87 96 -1 1 52 68 97 -1 -2
40 41 49 78 -1 33 40 54 83 -1 29 33 48 58 -1 19 32 40 60 -1 58 59 85 97 -1 19 21 41 42 -1 27 38 67 93 -1 2 40 46 89 -1 21 77 78 86 -1 19 31 42 76 -1 -2
2 67 78 79 -1 3 8 69 84 -1 -2
8 57 68 91 -1 36 43 56 70 -1 28 62 97 100 -1 28 74 76 90 -1 40 56 65 73 -1 8 16 51 83 -1 3 11 24 50 -1 15 23 85 91 -1 -2
13 25 33 69 -1 34 36 40 92 -1 10 14 29 75 -1 21 30 37 85 -1 6 21 30 33 -1 25 42 44 74 -1 5 36 64 87 -1 2 17 79 97 -1 34 35 50 85 -1 1 11 26 56 -1 -2
34 45 56 76 -1 7 8 32 91 -1 30 33 36 62 -1 2 8 40 59 -1 -2
24 31 34 52 -1 5 60 62 84 -1 20 34 88 92 -1 29 30 36 85 -1 26 60 62 90 -1 24 32 91 96 -1 8 51 54 76 -1 8 31 46 65 -1 -2
28 49 54 84 -1 40 48 78 89 -1 9 37 56 66 -1 4 29 53 97 -1 33 47 58 80 -1 33 37 57 70 -1 -2
11 39 60 65 -1 29 41 63 64 -1 39 67 70 83 -1 -2
50 84 88 97 -1 3 37 74 92 -1 56 61 69 77 -1 29 73 78 91 -1 20 60 86 91 -1 6 49 59 71 -1 40 41 49 87 -1 8 26 31 61 -1 44 52 74 86 -1 -2
32 69 73 92 -1 10 22 67 88 -1 13 81 83 87 -1 23 35 42 98 -1 6 9 76 95 -1 4 55 57 80 -1 32 86 87 92 -1 -2
14 33 49 89 -1 37 51 76 83 -1 4 36 84 88 -1 21 44 51 77 -1 45 61 69 93 -1 32 69 91 92 -1 -2
32 35 43 58 -1 1 32 80 88 -1 5 8 23 74 -1 -2
3 11 28 98 -1 76 79 82 92 -1 36 40 48 72 -1 36 68 74 98 -1 58 64 89 99 -1 21 25 35 51 -1 1 6 50 98 -1 15 27 32 76 -1 -2
49 82 90 99 -1 36 71 81 83 -1 -2
5 28 60 91 -1 5 30 31 67 -1 16 65 67 86 -1 -2
4 50 69 83 -1 12 63 68 87 -1 17 39 72 97 -1 59 68 76 97 -1 12 48 90 95 -1 7 28 31 55 -1 1 51 91 94 -1 -2
41 82 83 86 -1 10 12 42 68 -1 8 16 77 78 -1 13 31 63 66 -1 6 8 22 51 -1 25 38 61 75 -1 -2
36 58 82 85 -1 20 61 68 86 -1 -2
2 20 24 52 -1 38 57 77 86 -1 3 19 60 63 -1 3 43 64 85 -1 16 17 24 29 -1 -2
11 34 62 92 -1 5 17 36 41 -1 1 76 81 93 -1 26 29 62 79 -1 1 10 57 88 -1 20 49 60 86 -1 15 17 31 59 -1 29 37 55 70 -1 36 55 87 88 -1 3 15 20 100 -1 -2
17 24 57 90 -1 18 33 43 67 -1 44 52 60 74 -1 32 36 80 92 -1 6 19 25 82 -1 3 36 43 53 -1 -2
56 59 60 71 -1 36 46 54 88 -1 54 58 62 85 -1 12 25 73 90 -1 -2
2 21 59 84 -1 29 32 67 96 -1 13 35 78 84 -1 17 24 30 59 -1 17 51 79 89 -1 8 15 73 99 -1 47 49 67 80 -1 -2
35 47 54 81 -1 3 29 40 61 -1 10 51 68 95 -1 12 42 60 89 -1 14 17 29 99 -1 5 12 70 73 -1 13 18 34 42 -1 23 54 77 94 -1 30 49 58 91 -1 8 36 47 80 -1 -2
3 40 52 63 -1 14 34 55 61 -1 5 78 90 95 -1 20 54 79 84 -1 8 19 70 86 -1 41 45 47 54 -1 -2
6 40 54 97 -1 6 69 78 93 -1 35 45 63 71 -1 1 9 68 70 -1 15 56 75 93 -1 34 55 62 75 -1 43 53 66 80 -1 -2
24 43 47 94 -1 16 53 57 89 -1 16 42 56 60 -1 52 57 63 71 -1 25 34 56 69 -1 22 46 83 90 -1 12 43 51 85 -1 11 15 37 89 -1 -2
45 57 62 66 -1 2 8 70 80 -1 3 51 56 94 -1 3 12 13 19 -1 27 58 90 97 -1 5 19 51 71 -1 4 12 19 88 -1 36 55 78 79 -1 7 43 59 99 -1 -2
8 64 71 85 -1 6 69 82 89 -1 22 28 46 48 -1 26 66 73 89 -1 -2
22 26 47 61 -1 8 74 75 100 -1 27 35 77 81 -1 18 23 48 74 -1 10 15 47 71 -1 23 27 46 84 -1 4 7 14 52 -1 6 24 64 67 -1 15 23 55 73 -1 -2
4 31 40 55 -1 2 21 33 76 -1 7 39 54 65 -1 1 11 26 43 -1 15 27 63 79 -1 31 56 81 90 -1 5 6 79 91 -1 11 35 54 99 -1 -2
2 38 44 75 -1 54 66 78 85 -1 30 32 88 89 -1 9 39 98 100 -1 21 25 53 91 -1 4 8 47 80 -1 25 34 45 75 -1 13 19 31 96 -1 -2
10 35 45 65 -1 20 60 65 94 -1 -2
27 41 96 98 -1 2 34 59 84 -1 46 75 81 96 -1 -2
4 47 56 91 -1 59 63 84 99 -1 19 26 64 68 -1 43 49 80 83 -1 38 41 66 75 -1 45 47 77 91 -1 -2
30 36 59 63 -1 25 26 93 98 -1 16 42 44 47 -1 29 40 75 91 -1 8 18 52 62 -1 1 29 52 74 -1 43 52 61 84 -1 24 35 53 84 -1 -2
21 65 71 78 -1 49 54 63 95 -1 18 22 66 91 -1 13 28 86 88 -1 4 28 33 80 -1 31 51 54 85 -1 43 63 66 100 -1 46 89 91 94 -1 1 32 34 35 -1 75 82 83 95 -1 -2
2 11 25 99 -1 -2
26 41 74 98 -1 7 46 57 81 -1 26 58 76 84 -1 16 56 78 91 -1 4 58 64 75 -1 7 33 41 98 -1 12 27 66 77 -1 6 15 37 69 -1 -2
3 58 60 99 -1 9 10 13 35 -1 30 37 43 60 -1 20 25 34 55 -1 7 52 76 86 -1 1 64 83 94 -1 6 41 81 86 -1 44 55 57 64 -1 9 34 87 94 -1 -2
2 65 67 82 -1 27 32 53 73 -1 12 33 51 55 -1 43 63 73 86 -1 18 39 57 65 -1 34 59 66 69 -1 18 64 73 83 -1 -2
7 21 36 48 -1 21 45 46 71 -1 5 12 58 74 -1 11 72 79 85 -1 2 17 72 92 -1 6 62 93 97 -1 45 46 72 93 -1 -2
33 46 51 58 -1 18 45 56 79 -1 -2
61 63 72 88 -1 6 16 55 80 -1 41 55 64 100 -1 19 23 51 79 -1 3 6 82 96 -1 16 41 50 97 -1 -2
19 32 78 92 -1 39 52 53 98 -1 24 52 71 90 -1 31 33 81 98 -1 13 53 55 85 -1 34 70 76 98 -1 64 70 85 92 -1 -2
26 54 92 94 -1 23 31 76 89 -1 29 44 48 78 -1 5 41 85 96 -1 51 53 70 93 -1 2 38 46 65 -1 -2
2 4 76 86 -1 -2
40 51 60 68 -1 14 51 53 57 -1 -2
64 72 88 91 -1 23 27 35 70 -1 40 46 70 98 -1 12 21 84 99 -1 -2
7 10 61 72 -1 -2
8 54 63 78 -1 -2
6 25 53 80 -1 13 24 29 46 -1 31 44 76 91 -1 19 32 52 76 -1 35 56 71 95 -1 4 45 92 99 -1 -2
26 30 34 96 -1 52 75 79 84 -1 39 53 77 79 -1 74 76 77 95 -1 17 40 42 89 -1 10 11 46 57 -1 -2
32 62 70 91 -1 3 12 29 76 -1 -2
25 52 55 74 -1 3 59 82 99 -1 7 43 66 70 -1 35 61 76 92 -1 31 45 91 100 -1 -2
6 10 13 28 -1 8 62 63 83 -1 20 26 35 71 -1 52 65 70 98 -1 10 57 72 77 -1 -2
7 50 83 95 -1 1 6 27 47 -1 44 54 58 62 -1 7 21 38 59 -1 22 54 95 97 -1 -2
27 54 56 93 -1 51 61 73 96 -1 6 13 23 86 -1 36 40 44 77 -1 15 50 57 61 -1 12 52 63 98 -1 -2
20 44 48 51 -1 41 74 80 82 -1 32 60 80 82 -1 27 58 75 90 -1 5 32 38 92 -1 23 43 90 94 -1 -2
82 90 93 99 -1 28 37 76 96 -1 2 48 79 87 -1 5 21 67 79 -1 49 54 78 92 -1 22 29 34 81 -1 3 38 69 96 -1 -2
16 48 86 89 -1 5 7 19 84 -1 25 48 49 90 -1 28 50 86 87 -1 10 36 52 95 -1 48 64 70 71 -1 42 53 63 69 -1 -2
3 34 48 84 -1 58 62 77 81 -1 -2
7 15 23 63 -1 27 87 91 98 -1 14 70 73 76 -1 1 18 23 82 -1 34 49 62 83 -1 24 40 71 100 -1 3 16 28 69 -1 -2
18 31 49 75 -1 28 33 59 69 -1 -2
16 41 64 69 -1 16 25 80 91 -1 14 42 79 97 -1 64 75 97 98 -1 6 27 31 62 -1 29 60 76 78 -1 28 45 74 78 -1 -2
54 55 62 91 -1 32 72 73 98 -1 9 66 82 93 -1 53 57 69 76 -1 9 28 33 46 -1 7 12 43 97 -1 10 37 41 66 -1 37 59 80 87 -1 -2
9 31 36 48 -1 -2
11 37 50 72 -1 50 64 68 71 -1 3 73 92 95 -1 11 61 90 95 -1 6 11 32 68 -1 3 46 67 72 -1 2 35 52 95 -1 -2
1 10 54 79 -1 4 27 31 80 -1 39 71 81 93 -1 16 18 93 95 -1 4 56 60 93 -1 37 71 89 98 -1 45 47 57 84 -1 -2
23 32 67 75 -1 8 13 77 91 -1 26 32 66 68 -1 2 26 34 70 -1 28 63 64 70 -1 7 32 46 62 -1 1 70 93 97 -1 2 4 13 67 -1 29 42 78 94 -1 58 73 85 91 -1 -2
10 47 61 74 -1 26 43 56 71 -1 12 14 26 53 -1 -2
7 13 30 76 -1 68 73 78 90 -1 15 35 71 81 -1 53 63 85 91 -1 14 20 44 97 -1 3 33 36 75 -1 31 54 70 78 -1 -2
53 55 68 99 -1 14 23 24 32 -1 5 10 23 96 -1 4 31 33 92 -1 7 11 60 89 -1 10 24 41 54 -1 -2
12 50 67 100 -1 18 25 81 90 -1 42 53 58 84 -1 48 52 69 80 -1 7 30 48 60 -1 2 24 76 87 -1 2 6 13 66 -1 12 14 86 100 -1 -2
5 19 31 64 -1 12 13 23 44 -1 19 35 40 44 -1 28 49 74 79 -1 3 5 8 77 -1 16 27 40 83 -1 13 39 69 81 -1 14 20 50 96 -1 -2
2 37 56 100 -1 9 42 56 88 -1 12 58 65 99 -1 44 61 62 82 -1 43 65 68 94 -1 72 75 76 78 -1 30 47 55 63 -1 -2
38 48 71 89 -1 11 25 77 97 -1 -2
9 29 46 100 -1 16 77 93 98 -1 -2
10 14 31 65 -1 48 56 96 100 -1 44 52 61 65 -1 41 47 75 94 -1 27 39 71 89 -1 2 37 80 93 -1 32 49 60 88 -1 -2
4 27 34 42 -1 41 82 93 94 -1 20 84 89 95 -1 2 10 69 79 -1 25 43 44 53 -1 -2
18 37 55 99 -1 -2
37 55 80 84 -1 1 28 71 98 -1 1 15 46 70 -1 17 43 52 55 -1 10 57 68 84 -1 -2
50 60 86 95 -1 15 25 33 88 -1 3 12 53 54 -1 -2
11 55 63 67 -1 26 35 64 88 -1 13 14 18 35 -1 10 20 41 72 -1 20 49 55 69 -1 36 54 56 85 -1 5 28 47 58 -1 17 22 34 87 -1 47 71 90 93 -1 35 39 69 100 -1 -2
7 9 51 57 -1 9 13 52 75 -1 25 53 60 63 -1 2 41 64 97 -1 28 51 77 100 -1 28 56 59 75 -1 5 10 40 90 -1 23 61 97 99 -1 -2
13 30 79 91 -1 -2
20 66 67 69 -1 3 25 63 77 -1 10 25 60 95 -1 20 34 41 57 -1 40 68 86 88 -1 5 39 71 87 -1 53 80 84 85 -1 -2
4 40 43 70 -1 -2
12 20 69 74 -1 11 58 79 82 -1 -2
42 49 53 79 -1 30 40 58 91 -1 11 33 41 88 -1 76 77 83 95 -1 8 35 71 98 -1 19 77 84 87 -1 -2
44 51 68 71 -1 19 46 58 91 -1 25 34 51 96 -1 34 52 72 86 -1 7 70 73 98 -1 6 29 68 71 -1 10 20 57 69 -1 20 64 94 98 -1 -2
14 48 58 72 -1 -2
58 79 86 98 -1 35 40 47 73 -1 -2
17 24 28 81 -1 31 59 98 100 -1 31 62 70 81 -1 -2
54 62 73 85 -1 13 66 75 86 -1 53 61 73 77 -1 49 66 80 86 -1 4 16 47 93 -1 24 54 62 84 -1 50 61 72 80 -1 32 49 64 99 -1 -2
23 51 65 85 -1 2 76 80 97 -1 -2
2 29 49 50 -1 10 27 46 99 -1 28 59 67 100 -1 2 4 5 93 -1 8 30 87 90 -1 29 38 49 59 -1 2 19 65 79 -1 3 4 23 77 -1 30 44 45 51 -1 -2
9 47 50 87 -1 2 9 88 98 -1 43 63 79 89 -1 21 53 57 69 -1 56 76 88 98 -1 27 50 64 98 -1 12 36 56 75 -1 17 37 46 67 -1 39 53 61 98 -1 -2
17 23 29 95 -1 16 65 66 80 -1 -2
10 52 78 94 -1 11 64 67 88 -1 27 42 68 97 -1 -2
12 29 38 47 -1 54 61 66 92 -1 13 32 52 74 -1 19 23 31 59 -1 9 57 78 96 -1 27 46 50 56 -1 4 13 41 45 -1 9 24 32 73 -1 34 62 65 72 -1 -2
3 41 92 93 -1 8 54 57 90 -1 -2
28 32 88 94 -1 23 35 49 67 -1 34 45 46 99 -1 -2
25 49 69 94 -1 -2
12 56 76 81 -1 13 45 53 64 -1 31 73 85 100 -1 -2
24 31 66 74 -1 14 88 92 100 -1 24 37 70 82 -1 63 68 88 92 -1 3 7 9 38 -1 62 65 68 93 -1 -2
49 66 95 96 -1 44 54 65 67 -1 32 62 91 92 -1 3 14 46 75 -1 9 16 67 95 -1 26 46 56 83 -1 -2
18 75 77 79 -1 16 25 33 51 -1 4 36 95 99 -1 28 51 58 59 -1 11 41 83 86 -1 2 54 81 86 -1 -2
34 41 43 78 -1 1 5 8 23 -1 32 68 93 97 -1 12 22 72 98 -1 6 11 67 100 -1 55 67 73 77 -1 1 5 91 92 -1 5 54 67 88 -1 17 40 66 87 -1 -2
6 19 45 94 -1 35 40 41 95 -1 1 34 46 53 -1 19 27 46 53 -1 72 73 86 90 -1 10 26 66 84 -1 6 11 58 88 -1 30 33 61 86 -1 52 66 76 97 -1 1 18 35 77 -1 -2
31 32 43 85 -1 5 48 59 66 -1 27 37 40 86 -1 31 57 64 83 -1 10 24 52 84 -1 -2
23 37 69 74 -1 10 17 58 66 -1 -2
4 9 39 67 -1 6 11 41 50 -1 21 68 86 96 -1 48 53 63 72 -1 8 38 56 77 -1 19 40 74 81 -1 38 69 84 100 -1 33 46 58 72 -1 -2
36 43 53 84 -1 27 75 84 86 -1 3 10 23 64 -1 -2
5 9 12 37 -1 47 76 84 97 -1 26 41 86 100 -1 46 68 75 81 -1 23 26 38 39 -1 27 52 91 98 -1 34 36 88 91 -1 30 31 43 96 -1 18 22 51 75 -1 1 4 37 93 -1 -2
9 11 58 92 -1 47 51 52 59 -1 19 30 44 72 -1 25 45 55 75 -1 17 31 50 99 -1 51 67 69 78 -1 24 67 68 90 -1 10 51 62 69 -1 3 82 91 96 -1 5 39 71 97 -1 -2
39 58 81 84 -1 10 21 22 91 -1 25 48 54 59 -1 54 67 72 75 -1 12 36 69 81 -1 15 61 83 93 -1 26 42 71 97 -1 41 59 79 83 -1 -2
6 84 85 88 -1 -2
9 20 50 97 -1 6 13 40 87 -1 37 75 76 94 -1 1 2 9 60 -1 25 47 51 88 -1 14 31 42 55 -1 4 13 21 41 -1 19 63 77 84 -1 -2
24 57 77 82 -1 18 19 47 62 -1 5 32 38 95 -1 10 55 62 67 -1 8 13 33 83 -1 30 64 84 85 -1 26 29 31 74 -1 8 57 90 94 -1 7 82 92 96 -1 -2
6 57 87 96 -1 -2
36 39 63 75 -1 15 29 89 98 -1 1 6 9 22 -1 31 36 74 100 -1 60 61 83 87 -1 4 30 33 78 -1 7 11 27 72 -1 27 28 70 85 -1 28 63 65 82 -1 3 4 19 49 -1 -2
54 64 90 99 -1 1 55 65 72 -1 9 40 77 80 -1 6 12 41 54 -1 33 70 90 93 -1 -2
20 27 68 90 -1 6 17 27 76 -1 48 77 89 91 -1 17 38 55 79 -1 5 56 66 93 -1 6 9 20 65 -1 -2
32 69 78 87 -1 23 88 93 95 -1 6 21 33 61 -1 23 60 82 91 -1 2 4 87 97 -1 -2
28 86 97 99 -1 64 65 75 91 -1 5 36 66 87 -1 4 65 67 81 -1 -2
54 56 64 71 -1 37 63 68 79 -1 20 32 72 99 -1 -2
4 9 84 86 -1 -2
84 90 96 99 -1 5 37 49 52 -1 17 29 51 77 -1 -2
41 76 85 97 -1 24 25 53 58 -1 21 50 84 97 -1 46 50 67 79 -1 1 37 73 83 -1 11 45 62 64 -1 55 86 89 93 -1 27 29 32 55 -1 -2
19 32 63 84 -1 12 31 33 64 -1 57 75 86 97 -1 -2
9 48 80 84 -1 -2
23 92 98 99 -1 11 25 44 88 -1 41 42 77 82 -1 17 32 35 46 -1 38 74 75 92 -1 5 15 49 72 -1 2 24 33 69 -1 17 31 36 99 -1 14 20 67 69 -1 29 51 73 79 -1 -2
33 37 95 100 -1 69 77 92 97 -1 -2
14 19 72 74 -1 4 22 35 57 -1 10 38 46 90 -1 7 34 37 74 -1 30 43 73 93 -1 15 61 88 93 -1 48 66 72 90 -1 -2
2 24 31 99 -1 2 36 37 86 -1 15 50 72 85 -1 22 28 41 90 -1 14 26 94 96 -1 58 61 71 92 -1 19 34 39 44 -1 -2
38 52 63 69 -1 49 61 90 100 -1 64 78 84 87 -1 12 22 71 89 -1 12 48 77 87 -1 19 41 48 56 -1 4 28 78 84 -1 60 78 83 90 -1 9 22 70 79 -1 52 78 81 94 -1 -2
8 47 69 98 -1 16 17 26 40 -1 18 39 89 93 -1 38 51 58 93 -1 32 64 70 94 -1 4 13 14 98 -1 8 38 66 99 -1 9 12 38 57 -1 -2
6 8 24 69 -1 -2
2 44 83 100 -1 21 25 41 55 -1 2 8 37 75 -1 51 63 87 92 -1 -2
3 15 27 61 -1 33 50 60 86 -1 12 58 75 97 -1 13 22 29 94 -1 -2
45 57 62 99 -1 78 79 80 96 -1 30 42 43 93 -1 14 25 48 80 -1 17 46 50 62 -1 10 40 71 88 -1 8 23 65 68 -1 32 62 63 98 -1 16 37 74 90 -1 42 70 76 90 -1 -2
10 67 88 94 -1 3 32 40 81 -1 36 44 54 100 -1 10 40 64 80 -1 12 21 23 90 -1 5 24 39 49 -1 -2
15 21 35 42 -1 29 51 71 80 -1 2 20 29 51 -1 5 32 65 76 -1 16 42 87 92 -1 21 34 50 80 -1 10 12 13 77 -1 10 34 66 67 -1 -2
42 60 94 96 -1 28 30 52 76 -1 55 71 74 92 -1 36 68 95 97 -1 15 44 45 75 -1 10 48 56 60 -1 11 26 56 71 -1 20 50 74 87 -1 -2
19 44 51 99 -1 24 53 78 87 -1 18 34 39 98 -1 33 39 81 97 -1 6 18 57 79 -1 11 53 58 99 -1 25 44 71 86 -1 61 69 73 82 -1 3 31 46 90 -1 31 64 89 96 -1 -2
20 31 35 80 -1 2 9 42 88 -1 12 35 71 89 -1 21 45 59 90 -1 10 13 38 68 -1 9 10 22 94 -1 -2
22 33 47 54 -1 3 18 42 46 -1 21 26 88 100 -1 59 60 69 85 -1 38 54 64 79 -1 14 19 97 98 -1 4 10 29 35 -1 -2
17 52 94 98 -1 19 44 57 72 -1 -2
5 9 41 88 -1 17 25 28 57 -1 8 19 52 99 -1 16 41 71 75 -1 5 44 72 93 -1 17 31 36 88 -1 -2
15 16 79 85 -1 7 62 86 91 -1 18 20 59 97 -1 26 29 81 89 -1 60 87 88 97 -1 14 21 43 76 -1 24 26 54 98 -1 39 46 58 90 -1 59 65 83 100 -1 6 33 73 81 -1 -2
26 36 53 80 -1 -2
21 65 90 93 -1 17 21 48 81 -1 9 20 54 55 -1 58 66 80 100 -1 48 64 71 95 -1 39 47 72 78 -1 20 55 84 98 -1 3 29 60 78 -1 1 19 67 68 -1 -2
9 37 81 100 -1 17 28 37 93 -1 54 83 84 93 -1 2 49 60 77 -1 -2
3 21 45 68 -1 32 47 88 96 -1 35 39 84 86 -1 4 14 27 94 -1 38 42 69 73 -1 19 33 47 78 -1 20 23 59 70 -1 2 33 78 98 -1 23 43 49 91 -1 -2
8 22 37 99 -1 -2
25 32 83 95 -1 1 3 17 38 -1 -2
15 34 36 61 -1 22 63 69 80 -1 8 20 21 57 -1 7 40 79 91 -1 60 68 81 90 -1 -2
24 29 31 65 -1 50 60 82 98 -1 9 12 52 99 -1 10 20 30 59 -1 -2
25 26 28 78 -1 2 45 46 76 -1 19 55 60 77 -1 7 44 85 87 -1 3 28 47 76 -1 3 48 57 79 -1 18 38 55 91 -1 28 30 47 90 -1 18 32 70 99 -1 -2
3 5 48 70 -1 20 47 73 84 -1 5 11 37 88 -1 42 54 66 73 -1 -2
15 24 89 91 -1 80 83 95 98 -1 35 42 50 95 -1 26 43 52 88 -1 22 33 44 72 -1 14 74 92 95 -1 -2
28 40 71 79 -1 8 77 85 99 -1 24 29 60 98 -1 17 20 26 93 -1 10 14 59 90 -1 -2
29 30 66 93 -1 29 66 82 88 -1 17 20 62 86 -1 23 42 66 80 -1 8 9 45 95 -1 11 23 26 64 -1 3 31 43 71 -1 8 20 30 100 -1 -2
4 11 30 43 -1 52 65 80 87 -1 3 31 80 100 -1 57 64 85 89 -1 1 2 24 99 -1 26 66 92 99 -1 7 26 30 69 -1 17 20 80 85 -1 -2
10 38 47 84 -1 9 25 66 94 -1 7 25 45 48 -1 1 2 26 46 -1 21 43 48 94 -1 35 40 51 74 -1 -2
23 35 50 64 -1 14 52 67 94 -1 16 21 46 98 -1 17 31 32 82 -1 17 65 70 73 -1 -2
77 85 97 99 -1 10 31 37 51 -1 25 39 74 82 -1 -2
23 68 73 78 -1 5 20 28 38 -1 -2
9 35 51 98 -1 6 11 38 59 -1 16 42 62 69 -1 44 47 65 97 -1 2 47 77 82 -1 -2
15 31 67 70 -1 6 12 92 94 -1 12 40 68 81 -1 1 19 87 98 -1 22 51 62 81 -1 39 46 77 78 -1 8 27 51 96 -1 22 59 81 85 -1 2 21 85 91 -1 8 10 16 34 -1 -2
18 23 24 43 -1 8 17 65 66 -1 45 57 67 71 -1 -2
12 14 17 75 -1 5 10 55 60 -1 4 22 46 79 -1 14 36 56 81 -1 4 28 31 77 -1 -2
24 57 73 90 -1 58 68 77 97 -1 20 32 62 94 -1 1 32 95 98 -1 12 21 47 76 -1 -2
5 44 47 62 -1 12 32 75 78 -1 9 26 44 61 -1 65 84 85 96 -1 24 44 53 57 -1 7 9 32 95 -1 14 20 23 88 -1 -2
18 35 41 53 -1 22 37 44 77 -1 44 70 76 96 -1 3 41 69 79 -1 5 25 55 76 -1 -2
13 33 59 97 -1 39 41 73 80 -1 4 68 77 95 -1 15 42 70 71 -1 33 40 52 82 -1 -2
10 32 56 93 -1 14 21 26 60 -1 -2
16 22 41 49 -1 15 48 54 72 -1 32 69 78 86 -1 26 35 76 85 -1 26 71 97 99 -1 8 28 36 48 -1 46 81 92 93 -1 12 42 80 95 -1 15 46 64 93 -1 16 17 22 53 -1 -2
41 50 75 82 -1 1 48 52 93 -1 3 38 56 72 -1 1 37 71 81 -1 29 69 76 87 -1 44 52 93 95 -1 35 57 81 85 -1 36 53 97 100 -1 17 53 87 96 -1 28 59 89 95 -1 -2
14 31 37 80 -1 8 21 32 43 -1 13 50 53 76 -1 1 27 61 80 -1 8 10 38 65 -1 38 55 60 72 -1 21 47 50 55 -1 33 37 55 96 -1 -2
28 44 57 78 -1 15 39 46 100 -1 -2
18 37 53 81 -1 -2
12 20 41 90 -1 13 16 19 20 -1 47 79 92 99 -1 -2
8 28 39 98 -1 4 37 41 64 -1 17 31 41 78 -1 29 83 90 94 -1 55 69 84 85 -1 9 25 50 52 -1 37 38 64 79 -1 22 50 76 96 -1 -2
66 67 75 99 -1 14 28 36 82 -1 7 12 31 67 -1 16 59 78 94 -1 26 37 66 93 -1 -2
34 45 49 73 -1 7 15 16 93 -1 58 68 72 99 -1 4 39 40 73 -1 46 52 91 99 -1 -2
1 23 84 89 -1 -2
51 54 68 99 -1 -2
11 13 57 79 -1 1 54 59 92 -1 47 49 89 93 -1 5 6 7 72 -1 25 36 79 91 -1 37 39 86 97 -1 35 36 79 85 -1 -2
19 51 72 90 -1 18 49 72 74 -1 12 28 36 76 -1 11 16 17 76 -1 10 42 54 99 -1 5 15 58 98 -1 5 53 75 79 -1 -2
5 32 76 81 -1 11 12 36 64 -1 1 6 12 47 -1 -2
9 64 84 99 -1 -2
31 40 50 74 -1 6 15 56 87 -1 55 59 67 92 -1 9 30 42 63 -1 10 13 22 44 -1 12 22 31 51 -1 10 20 41 57 -1 22 30 33 36 -1 11 13 55 77 -1 -2
37 50 70 100 -1 2 18 28 82 -1 32 86 88 93 -1 17 39 82 84 -1 8 32 40 85 -1 4 27 72 92 -1 38 71 77 96 -1 49 53 58 100 -1 21 43 58 68 -1 -2
8 17 38 100 -1 14 26 36 49 -1 14 32 61 88 -1 29 59 71 77 -1 59 61 62 64 -1 -2
10 29 37 49 -1 6 21 36 58 -1 21 41 45 76 -1 31 66 67 76 -1 20 52 70 100 -1 7 19 47 92 -1 2 21 55 100 -1 21 49 84 89 -1 -2
65 70 72 100 -1 14 31 57 65 -1 -2
4 44 49 98 -1 22 29 66 70 -1 46 48 59 70 -1 45 56 77 81 -1 4 28 30 78 -1 -2
32 49 54 73 -1 31 55 97 100 -1 6 11 29 30 -1 13 50 89 91 -1 44 53 66 68 -1 3 24 33 36 -1 19 24 55 90 -1 -2
46 72 83 96 -1 28 68 79 93 -1 20 72 74 91 -1 5 51 60 66 -1 36 76 86 96 -1 1 5 46 97 -1 3 18 29 90 -1 16 24 44 90 -1 20 21 35 91 -1 33 59 65 92 -1 -2
3 6 11 96 -1 18 20 80 85 -1 45 50 54 57 -1 51 86 94 97 -1 -2
5 18 81 95 -1 14 22 51 69 -1 2 21 28 74 -1 8 15 80 95 -1 2 24 51 61 -1 -2
30 38 46 69 -1 37 45 79 94 -1 4 15 61 79 -1 28 50 78 97 -1 7 39 53 61 -1 6 7 18 94 -1 6 65 77 81 -1 41 78 98 100 -1 31 54 55 56 -1 -2
3 11 37 46 -1 19 57 70 91 -1 2 3 67 80 -1 63 65 83 90 -1 13 54 60 81 -1 73 91 96 97 -1 38 61 83 95 -1 8 11 92 100 -1 -2
35 73 82 89 -1 70 72 73 76 -1 1 54 73 81 -1 30 59 73 97 -1 44 52 54 84 -1 -2
43 54 77 86 -1 9 24 26 86 -1 5 13 84 86 -1 6 18 41 68 -1 36 65 80 91 -1 22 62 71 88 -1 51 70 88 96 -1 -2
40 59 60 61 -1 17 39 44 77 -1 22 42 47 91 -1 20 52 79 81 -1 27 29 55 69 -1 64 79 81 100 -1 11 38 73 85 -1 31 52 77 92 -1 37 46 64 68 -1 14 34 55 99 -1 -2
23 75 86 93 -1 11 29 38 78 -1 -2
2 13 75 87 -1 16 33 38 91 -1 3 10 37 73 -1 6 62 89 100 -1 7 21 53 85 -1 -2
7 13 14 24 -1 -2
34 50 64 94 -1 36 62 70 91 -1 33 58 64 77 -1 23 33 53 77 -1 37 50 54 88 -1 1 30 59 86 -1 16 65 82 92 -1 28 47 51 65 -1 24 29 90 100 -1 7 22 73 91 -1 -2
40 53 71 98 -1 48 58 66 72 -1 10 48 56 70 -1 34 51 82 85 -1 51 80 91 92 -1 34 37 50 73 -1 23 39 79 80 -1 17 27 32 71 -1 15 19 39 46 -1 19 42 57 70 -1 -2
10 67 75 87 -1 14 61 72 88 -1 39 42 74 82 -1 5 23 45 51 -1 3 83 87 99 -1 26 48 89 96 -1 38 39 93 94 -1 26 47 64 78 -1 5 21 47 85 -1 23 74 79 89 -1 -2
28 37 75 94 -1 7 32 45 74 -1 21 31 77 93 -1 23 34 39 42 -1 6 10 68 86 -1 -2
27 56 90 93 -1 56 74 80 99 -1 18 69 81 82 -1 -2
4 35 51 90 -1 7 68 84 94 -1 39 68 93 98 -1 21 54 69 81 -1 -2
34 37 53 54 -1 25 70 79 96 -1 35 52 86 99 -1 2 31 49 84 -1 -2
8 39 76 78 -1 21 64 86 97 -1 15 43 66 71 -1 2 44 74 81 -1 18 27 33 68 -1 21 23 65 71 -1 -2
13 21 44 77 -1 24 25 59 86 -1 47 81 89 96 -1 4 21 50 52 -1 11 22 35 39 -1 35 61 62 77 -1 20 41 77 88 -1 22 50 58 96 -1 -2
22 43 68 84 -1 8 12 43 51 -1 22 66 84 89 -1 42 52 65 92 -1 17 20 70 88 -1 49 54 91 100 -1 -2
25 53 62 76 -1 45 55 67 93 -1 9 37 57 92 -1 5 20 43 76 -1 38 39 46 72 -1 6 64 80 83 -1 -2
11 70 72 75 -1 39 60 62 96 -1 26 62 69 94 -1 5 12 15 23 -1 17 69 85 98 -1 13 23 73 74 -1 52 87 92 94 -1 50 57 84 86 -1 38 61 64 96 -1 5 7 90 91 -1 -2
29 69 76 99 -1 11 45 54 55 -1 30 59 60 71 -1 34 38 90 94 -1 15 30 43 72 -1 48 64 73 98 -1 1 50 68 78 -1 58 84 92 98 -1 16 19 44 78 -1 22 34 63 98 -1 -2
6 52 72 87 -1 -2
12 33 39 85 -1 24 50 54 65 -1 20 33 61 72 -1 29 35 41 73 -1 6 37 74 96 -1 60 70 76 82 -1 -2
41 62 77 87 -1 46 60 67 95 -1 20 35 45 48 -1 11 18 76 85 -1 10 35 57 85 -1 34 42 62 79 -1 11 56 67 93 -1 3 24 69 78 -1 6 14 26 96 -1 -2
4 41 44 90 -1 12 31 70 93 -1 16 54 64 76 -1 -2
14 49 87 88 -1 1 18 22 79 -1 19 26 44 58 -1 7 18 39 94 -1 19 26 41 72 -1 48 78 79 87 -1 -2
22 29 69 98 -1 11 66 73 87 -1 -2
11 13 68 78 -1 -2
33 51 61 73 -1 3 10 49 68 -1 4 22 64 86 -1 -2
1 2 6 95 -1 2 4 44 47 -1 20 62 71 76 -1 19 40 74 94 -1 21 46 55 98 -1 15 61 91 94 -1 -2
30 56 73 87 -1 6 10 38 57 -1 -2
26 39 84 86 -1 36 54 69 91 -1 27 43 66 82 -1 18 39 48 77 -1 25 28 59 79 -1 49 57 61 81 -1 10 71 83 91 -1 47 52 60 88 -1 22 23 46 82 -1 -2
11 44 80 98 -1 14 29 48 59 -1 15 34 42 94 -1 18 34 36 59 -1 10 42 48 70 -1 2 20 55 79 -1 35 42 55 61 -1 -2
29 30 60 82 -1 11 21 31 95 -1 13 35 78 100 -1 8 11 36 69 -1 45 46 57 75 -1 31 52 67 99 -1 -2
12 50 52 59 -1 -2
20 32 38 62 -1 27 47 62 81 -1 11 35 60 94 -1 35 48 65 81 -1 17 55 66 67 -1 1 22 30 49 -1 27 70 73 83 -1 14 46 63 67 -1 48 59 66 87 -1 28 40 66 77 -1 -2
77 79 81 88 -1 3 13 29 60 -1 19 40 42 98 -1 2 24 49 54 -1 27 47 83 94 -1 14 17 35 58 -1 6 18 74 88 -1 -2
10 59 71 78 -1 44 51 52 84 -1 46 62 79 97 -1 24 82 90 92 -1 -2
2 35 53 59 -1 21 63 77 87 -1 7 25 71 89 -1 6 8 45 85 -1 -2
16 68 86 91 -1 39 91 94 97 -1 16 28 67 76 -1 19 38 59 68 -1 15 37 59 94 -1 66 84 96 100 -1 -2
34 67 84 85 -1 -2
11 55 62 65 -1 2 15 70 96 -1 33 47 65 73 -1 -2
40 44 61 91 -1 7 18 70 88 -1 37 68 70 83 -1 20 83 85 96 -1 -2
11 15 30 60 -1 9 37 62 73 -1 15 18 37 100 -1 21 34 63 70 -1 39 56 68 71 -1 22 53 55 100 -1 1 22 90 98 -1 9 29 35 74 -1 45 67 69 86 -1 25 31 71 100 -1 -2
37 47 59 61 -1 -2
29 62 68 72 -1 13 27 78 89 -1 6 30 67 88 -1 4 15 28 67 -1 1 25 33 89 -1 12 28 48 62 -1 12 55 66 88 -1 13 42 72 83 -1 -2
59 72 96 98 -1 6 41 59 91 -1 34 42 79 85 -1 42 58 74 92 -1 64 68 80 85 -1 11 38 64 67 -1 21 44 49 88 -1 -2
26 32 90 92 -1 7 17 25 41 -1 18 41 83 98 -1 25 30 86 87 -1 21 63 65 83 -1 7 34 51 77 -1 37 39 62 79 -1 15 28 50 67 -1 -2
29 48 73 84 -1 33 62 63 87 -1 65 77 78 100 -1 2 4 37 78 -1 22 44 71 93 -1 6 8 18 69 -1 8 12 66 100 -1 1 18 21 52 -1 9 32 55 56 -1 13 34 86 89 -1 -2
27 36 68 93 -1 30 59 82 99 -1 1 25 49 93 -1 6 21 38 45 -1 9 53 69 86 -1 2 50 79 90 -1 60 62 77 96 -1 19 22 51 53 -1 54 71 74 84 -1 27 48 77 93 -1 -2
59 67 88 98 -1 23 35 74 78 -1 18 22 60 90 -1 -2
11 44 66 74 -1 29 42 65 77 -1 -2
48 51 68 69 -1 11 19 36 87 -1 54 55 71 85 -1 35 38 72 77 -1 45 57 62 70 -1 30 66 73 95 -1 7 8 13 18 -1 7 23 74 78 -1 17 38 93 94 -1 5 50 52 87 -1 -2
2 48 56 97 -1 8 17 46 85 -1 9 14 74 76 -1 2 24 25 74 -1 33 68 77 88 -1 41 65 66 85 -1 3 12 18 98 -1 12 17 49 86 -1 2 13 16 71 -1 44 63 74 97 -1 -2
27 28 52 99 -1 26 53 84 94 -1 39 47 60 72 -1 3 51 69 87 -1 7 12 34 88 -1 73 79 94 96 -1 16 32 62 87 -1 -2
14 42 53 83 -1 15 27 52 71 -1 3 26 62 95 -1 6 7 16 52 -1 5 21 23 80 -1 40 50 58 62 -1 17 33 34 68 -1 7 36 41 86 -1 -2
9 28 36 42 -1 56 75 85 96 -1 27 50 53 56 -1 6 63 73 81 -1 43 47 57 77 -1 30 34 73 89 -1 23 62 83 87 -1 -2
16 70 80 81 -1 13 29 51 98 -1 56 74 76 95 -1 6 48 81 95 -1 64 90 91 96 -1 37 63 68 97 -1 5 18 37 54 -1 41 56 61 75 -1 21 60 65 89 -1 26 36 61 67 -1 -2
38 61 84 93 -1 9 35 54 89 -1 14 44 65 83 -1 50 68 83 97 -1 61 62 66 91 -1 50 78 85 92 -1 1 5 64 68 -1 -2
42 50 63 66 -1 46 69 75 86 -1 54 59 61 99 -1 15 26 43 64 -1 38 86 90 92 -1 8 15 39 83 -1 19 22 40 86 -1 14 19 30 83 -1 -2
6 77 90 97 -1 21 25 87 94 -1 5 22 25 84 -1 -2
30 39 62 78 -1 -2
35 68 84 86 -1 -2
3 35 64 93 -1 16 26 29 78 -1 12 74 76 81 -1 -2
9 20 24 62 -1 11 51 85 93 -1 19 26 40 58 -1 7 17 59 95 -1 4 13 38 43 -1 -2
8 70 85 92 -1 4 35 55 100 -1 45 49 56 64 -1 4 31 35 82 -1 -2
4 54 68 87 -1 -2
1 32 76 95 -1 4 52 60 79 -1 3 28 57 100 -1 1 57 89 93 -1 -2
5 57 61 90 -1 8 24 57 70 -1 28 48 79 92 -1 21 36 79 80 -1 11 27 70 80 -1 3 41 50 93 -1 53 86 91 97 -1 13 32 61 70 -1 -2
26 35 40 75 -1 25 43 47 98 -1 13 14 33 41 -1 1 45 54 70 -1 10 14 21 35 -1 7 8 9 15 -1 17 26 33 94 -1 4 5 67 86 -1 7 21 48 50 -1 23 33 36 45 -1 -2
19 54 58 82 -1 47 60 75 77 -1 14 62 73 90 -1 46 64 79 96 -1 27 54 58 66 -1 2 14 90 99 -1 -2
3 47 76 89 -1 7 38 51 61 -1 14 64 80 100 -1 7 49 62 82 -1 2 7 70 74 -1 9 11 27 56 -1 30 34 66 93 -1 -2
1 10 28 95 -1 39 80 81 85 -1 3 15 54 84 -1 3 6 12 73 -1 -2
20 39 74 89 -1 42 62 75 96 -1 6 18 90 92 -1 30 32 41 74 -1 19 47 59 100 -1 21 25 26 50 -1 7 11 50 91 -1 1 26 61 87 -1 1 30 39 76 -1 -2
3 25 36 66 -1 1 34 37 40 -1 21 73 83 88 -1 7 88 93 98 -1 30 57 59 78 -1 24 27 64 70 -1 5 31 54 92 -1 12 43 56 57 -1 5 75 99 100 -1 15 26 45 91 -1 -2
4 25 34 85 -1 3 28 74 94 -1 11 33 55 86 -1 18 61 63 80 -1 27 31 40 58 -1 24 34 80 86 -1 28 29 68 94 -1 -2
9 21 56 60 -1 4 33 47 77 -1 15 21 31 93 -1 40 60 65 66 -1 6 11 36 47 -1 42 51 55 96 -1 -2
14 17 38 62 -1 1 5 15 80 -1 9 41 50 95 -1 8 75 81 84 -1 70 76 79 82 -1 7 67 73 83 -1 59 77 78 96 -1 -2
18 59 99 100 -1 49 70 75 100 -1 34 42 53 82 -1 47 64 79 100 -1 9 19 23 98 -1 7 36 38 56 -1 18 41 62 92 -1 24 26 75 85 -1 -2
10 39 78 87 -1 64 68 71 80 -1 37 40 83 93 -1 51 62 89 93 -1 -2
6 44 61 81 -1 1 19 67 89 -1 29 31 49 59 -1 28 37 38 83 -1 13 35 66 85 -1 36 41 60 61 -1 -2
32 41 51 61 -1 35 63 71 80 -1 26 39 51 79 -1 7 15 83 86 -1 12 28 40 88 -1 4 18 46 99 -1 25 51 70 81 -1 7 44 45 75 -1 23 56 60 62 -1 -2
9 30 50 76 -1 -2
7 41 61 76 -1 1 22 30 34 -1 14 26 45 92 -1 25 36 81 83 -1 17 29 77 83 -1 26 50 88 93 -1 29 36 50 94 -1 22 52 55 61 -1 15 87 88 90 -1 1 48 49 71 -1 -2
32 57 99 100 -1 3 24 48 81 -1 46 65 86 87 -1 -2
56 71 93 99 -1 -2
7 77 87 93 -1 21 29 30 96 -1 4 14 18 79 -1 24 40 58 84 -1 21 60 63 85 -1 20 26 54 55 -1 -2
27 29 62 69 -1 14 35 45 77 -1 1 16 72 89 -1 25 28 55 75 -1 4 66 94 99 -1 -2
11 41 51 80 -1 5 17 39 48 -1 2 45 46 89 -1 41 52 83 95 -1 4 32 50 63 -1 64 69 74 88 -1 2 48 66 70 -1 32 36 73 93 -1 4 53 61 100 -1 20 38 83 89 -1 -2
20 45 75 100 -1 35 52 60 83 -1 8 58 87 89 -1 1 7 28 48 -1 -2
26 39 66 68 -1 2 43 57 97 -1 1 17 28 90 -1 22 24 40 82 -1 15 33 84 89 -1 22 47 62 84 -1 13 17 82 89 -1 5 58 67 85 -1 -2
1 87 90 99 -1 29 36 79 90 -1 1 28 51 85 -1 26 30 36 83 -1 7 30 47 78 -1 10 32 65 90 -1 28 75 83 98 -1 18 21 46 86 -1 -2
16 46 86 97 -1 1 22 28 47 -1 -2
3 17 35 94 -1 45 50 71 92 -1 19 55 63 85 -1 13 37 75 89 -1 2 40 76 83 -1 7 8 73 99 -1 15 60 87 89 -1 1 36 41 93 -1 -2
12 21 57 59 -1 4 8 56 60 -1 -2
61 68 74 78 -1 12 38 48 86 -1 17 66 67 84 -1 62 69 92 94 -1 -2
12 36 47 74 -1 10 44 69 85 -1 3 12 33 35 -1 4 32 77 92 -1 -2
13 44 81 91 -1 6 30 53 61 -1 17 35 56 88 -1 4 9 14 19 -1 10 31 43 68 -1 27 51 59 62 -1 11 23 63 89 -1 26 32 40 44 -1 10 11 73 92 -1 4 13 32 79 -1 -2
2 14 32 69 -1 -2
37 45 85 99 -1 19 51 57 87 -1 1 34 55 68 -1 57 63 75 89 -1 2 5 21 69 -1 37 44 60 96 -1 34 44 58 94 -1 40 45 75 100 -1 10 30 85 89 -1 -2
37 58 78 85 -1 -2
9 36 65 79 -1 30 51 91 97 -1 14 38 69 87 -1 18 25 61 80 -1 7 61 63 99 -1 -2
13 31 45 48 -1 11 27 68 86 -1 17 38 44 66 -1 2 39 53 71 -1 20 32 67 87 -1 1 26 35 83 -1 14 44 55 70 -1 -2
28 59 63 91 -1 19 31 37 47 -1 25 85 91 98 -1 2 3 54 81 -1 38 49 76 89 -1 1 30 37 68 -1 49 77 80 82 -1 19 24 38 94 -1 12 33 46 62 -1 -2
67 71 95 96 -1 27 57 87 90 -1 55 56 73 90 -1 -2
15 64 68 78 -1 5 23 41 52 -1 15 26 33 50 -1 29 68 84 85 -1 -2
58 73 80 87 -1 16 23 26 64 -1 17 55 76 91 -1 14 30 49 88 -1 39 45 75 86 -1 1 28 65 82 -1 16 33 45 73 -1 -2
1 57 65 66 -1 41 58 75 99 -1 6 60 62 100 -1 17 21 69 79 -1 2 11 60 62 -1 26 41 49 99 -1 24 27 67 97 -1 -2
20 23 36 80 -1 19 35 53 86 -1 8 9 25 91 -1 27 34 44 59 -1 27 28 31 97 -1 24 41 60 80 -1 4 72 77 95 -1 -2
47 51 60 99 -1 23 70 86 100 -1 1 26 29 40 -1 67 79 81 85 -1 11 60 85 88 -1 47 60 71 93 -1 12 48 65 77 -1 37 79 91 94 -1 25 29 34 61 -1 -2
18 73 90 99 -1 15 30 47 77 -1 18 22 85 94 -1 8 44 54 72 -1 11 22 37 56 -1 13 20 37 81 -1 4 29 56 81 -1 5 43 70 72 -1 38 49 81 98 -1 15 35 50 94 -1 -2
14 67 69 75 -1 12 27 67 71 -1 34 44 46 87 -1 3 22 28 59 -1 7 24 26 38 -1 -2
1 26 27 82 -1 3 20 34 94 -1 7 39 85 91 -1 49 52 60 63 -1 9 29 60 70 -1 8 11 49 82 -1 2 70 82 96 -1 10 19 44 77 -1 21 43 46 90 -1 -2
7 19 64 84 -1 28 41 44 93 -1 14 16 70 83 -1 10 20 82 93 -1 3 28 46 90 -1 12 31 40 95 -1 4 13 20 30 -1 -2
17 66 72 75 -1 20 23 32 100 -1 23 41 45 84 -1 26 37 38 59 -1 -2
7 37 45 99 -1 16 51 80 90 -1 41 64 72 87 -1 14 20 59 74 -1 -2
26 41 54 66 -1 20 35 54 60 -1 15 25 36 55 -1 24 72 75 99 -1 27 38 66 98 -1 -2
6 8 32 80 -1 36 40 65 90 -1 -2
9 39 44 68 -1 -2
24 31 53 93 -1 1 18 35 98 -1 5 39 63 71 -1 4 44 45 60 -1 -2
17 22 54 61 -1 20 23 27 63 -1 1 17 53 57 -1 1 9 45 52 -1 37 44 66 88 -1 17 34 48 50 -1 34 40 98 99 -1 -2
30 31 61 76 -1 45 59 60 74 -1 2 41 85 97 -1 14 44 48 70 -1 6 19 46 61 -1 29 37 63 81 -1 -2
3 17 27 87 -1 15 32 62 98 -1 51 53 64 69 -1 48 90 97 100 -1 5 19 27 30 -1 43 45 60 98 -1 9 73 75 95 -1 -2
15 16 26 83 -1 -2
17 21 56 76 -1 -2
11 26 45 46 -1 1 20 27 39 -1 11 67 93 98 -1 3 32 74 93 -1 3 36 73 74 -1 20 21 61 84 -1 5 31 40 45 -1 32 55 70 97 -1 30 41 65 80 -1 44 61 86 99 -1 -2
57 65 70 72 -1 -2
3 16 56 66 -1 5 13 35 37 -1 8 37 57 98 -1 55 70 74 97 -1 15 21 50 87 -1 6 19 37 54 -1 10 11 20 41 -1 49 64 65 79 -1 12 16 33 92 -1 30 49 53 88 -1 -2
78 80 83 90 -1 31 70 73 86 -1 2 3 21 63 -1 9 15 25 45 -1 5 26 68 85 -1 5 23 30 60 -1 -2
30 42 48 82 -1 17 52 54 68 -1 5 37 65 71 -1 10 29 60 76 -1 -2
28 34 57 86 -1 7 42 50 62 -1 -2
37 43 59 73 -1 74 77 93 94 -1 27 37 47 99 -1 13 29 40 57 -1 41 54 64 88 -1 8 46 72 79 -1 26 48 94 99 -1 2 8 31 55 -1 -2
5 8 51 58 -1 16 32 38 96 -1 15 18 41 88 -1 1 32 63 94 -1 4 9 39 81 -1 4 8 27 90 -1 -2
14 57 77 83 -1 1 53 67 99 -1 28 35 47 59 -1 4 52 72 80 -1 3 15 18 25 -1 14 32 52 83 -1 42 51 67 74 -1 9 12 41 83 -1 54 61 69 96 -1 -2
15 43 58 86 -1 9 19 21 48 -1 45 74 85 87 -1 59 78 80 86 -1 3 64 77 87 -1 28 44 86 95 -1 29 30 57 82 -1 14 23 56 100 -1 -2
11 23 34 38 -1 30 49 60 92 -1 23 24 31 80 -1 -2
4 46 51 99 -1 5 45 78 84 -1 23 68 79 100 -1 -2
4 12 66 78 -1 19 24 25 26 -1 29 39 54 57 -1 53 59 62 74 -1 13 20 33 60 -1 -2
7 95 98 99 -1 8 79 93 98 -1 14 16 27 43 -1 5 19 63 79 -1 11 14 43 49 -1 48 49 69 88 -1 24 38 39 54 -1 -2
12 41 45 72 -1 11 20 21 30 -1 -2
40 60 78 100 -1 48 64 81 95 -1 9 13 26 48 -1 1 21 50 77 -1 2 75 91 97 -1 27 36 42 82 -1 -2
20 59 74 90 -1 20 43 90 95 -1 14 22 35 98 -1 44 49 51 80 -1 11 63 68 74 -1 19 28 56 79 -1 49 53 87 89 -1 11 16 36 75 -1 19 33 80 85 -1 13 36 55 57 -1 -2
33 79 83 90 -1 1 20 44 75 -1 9 45 68 71 -1 61 86 96 100 -1 19 53 76 83 -1 13 15 76 78 -1 -2
3 37 49 54 -1 35 42 85 87 -1 53 67 77 87 -1 12 18 26 77 -1 -2
24 29 95 99 -1 51 58 71 78 -1 24 26 55 96 -1 -2
21 22 77 83 -1 31 35 66 94 -1 12 29 84 97 -1 1 56 87 92 -1 14 45 48 87 -1 15 32 77 99 -1 18 25 27 46 -1 25 42 87 99 -1 14 15 33 35 -1 19 30 34 81 -1 -2
30 56 68 69 -1 18 25 84 92 -1 -2
7 37 44 91 -1 8 59 64 77 -1 16 31 37 52 -1 -2
6 14 30 76 -1 1 9 61 71 -1 3 19 40 55 -1 16 20 48 63 -1 1 46 87 98 -1 10 46 66 77 -1 39 64 81 92 -1 63 65 80 96 -1 -2
41 48 83 94 -1 -2
33 51 78 100 -1 -2
6 43 49 96 -1 18 35 61 94 -1 23 54 69 81 -1 13 20 27 41 -1 -2
8 54 82 90 -1 2 15 34 72 -1 3 23 74 76 -1 4 5 17 38 -1 42 75 77 98 -1 15 46 58 77 -1 10 58 68 82 -1 34 45 63 84 -1 21 59 88 91 -1 -2
29 52 74 87 -1 40 47 49 99 -1 21 57 83 85 -1 1 8 68 91 -1 24 38 53 73 -1 8 44 68 82 -1 43 53 57 80 -1 17 38 40 51 -1 17 42 62 71 -1 6 24 53 95 -1 -2
10 40 64 99 -1 28 42 47 76 -1 5 33 74 77 -1 -2
2 24 44 48 -1 33 63 72 98 -1 -2
22 47 48 81 -1 11 15 62 99 -1 -2
9 23 48 49 -1 8 23 28 36 -1 23 66 74 98 -1 16 19 37 93 -1 69 76 81 84 -1 18 22 33 42 -1 10 27 38 79 -1 7 40 70 74 -1 11 13 48 61 -1 26 40 49 63 -1 -2
73 78 98 99 -1 -2
18 64 81 82 -1 34 53 61 92 -1 51 72 73 74 -1 25 41 56 64 -1 3 4 15 46 -1 26 39 48 94 -1 6 75 95 96 -1 11 14 25 90 -1 4 33 52 70 -1 41 67 77 81 -1 -2
24 32 85 99 -1 6 20 76 93 -1 19 66 67 82 -1 45 50 74 92 -1 19 35 42 89 -1 4 27 66 85 -1 -2
28 42 61 90 -1 35 70 75 78 -1 6 73 87 95 -1 19 52 57 89 -1 32 75 93 96 -1 34 42 50 58 -1 13 88 89 91 -1 9 14 31 78 -1 26 79 83 93 -1 38 45 49 53 -1 -2
17 49 58 69 -1 23 27 30 84 -1 38 56 71 91 -1 17 44 52 63 -1 5 23 47 60 -1 6 44 48 67 -1 2 65 96 98 -1 13 34 59 94 -1 4 23 31 89 -1 42 63 86 98 -1 -2
3 14 53 69 -1 27 32 46 57 -1 20 42 90 98 -1 -2
42 48 56 86 -1 5 29 42 90 -1 1 38 48 52 -1 15 21 71 89 -1 13 52 72 81 -1 -2
18 22 30 96 -1 27 64 83 88 -1 9 55 81 92 -1 -2
20 29 38 40 -1 10 21 33 94 -1 31 43 61 85 -1 7 8 42 91 -1 29 33 40 71 -1 6 43 52 91 -1 21 29 39 58 -1 13 34 69 91 -1 -2
10 44 77 82 -1 3 46 50 65 -1 1 2 40 94 -1 -2
45 47 74 95 -1 1 12 74 92 -1 -2
12 20 49 81 -1 21 62 90 95 -1 14 17 34 39 -1 64 77 80 92 -1 7 45 65 96 -1 6 19 54 83 -1 -2
12 36 54 74 -1 10 33 75 90 -1 39 43 55 83 -1 24 56 72 92 -1 6 75 88 90 -1 74 76 87 99 -1 3 27 70 93 -1 17 58 63 100 -1 -2
5 36 44 50 -1 12 22 39 42 -1 -2
2 48 68 91 -1 38 46 79 99 -1 22 25 33 69 -1 16 24 66 69 -1 33 64 70 91 -1 2 8 61 63 -1 32 76 81 97 -1 28 35 40 44 -1 55 67 84 89 -1 28 41 49 82 -1 -2
5 6 47 82 -1 1 4 30 68 -1 39 51 62 84 -1 2 38 63 65 -1 45 56 57 76 -1 59 72 86 88 -1 11 17 69 94 -1 -2
15 18 26 61 -1 11 12 16 72 -1 6 49 59 69 -1 33 72 89 95 -1 -2
15 35 48 85 -1 8 28 66 77 -1 28 48 83 88 -1 4 11 14 88 -1 50 53 59 91 -1 17 33 71 85 -1 -2
13 19 55 81 -1 1 17 20 77 -1 36 47 49 70 -1 10 20 53 71 -1 14 41 57 84 -1 5 91 94 98 -1 -2
9 78 88 100 -1 14 27 44 95 -1 -2
48 58 61 96 -1 -2
11 15 53 70 -1 16 18 35 66 -1 67 73 85 88 -1 2 45 46 94 -1 24 27 45 56 -1 5 17 20 86 -1 57 59 62 66 -1 53 58 73 80 -1 2 37 53 71 -1 3 8 35 45 -1 -2
30 68 83 87 -1 9 17 35 92 -1 3 31 35 38 -1 3 11 45 62 -1 38 48 65 96 -1 -2
3 5 65 93 -1 32 64 69 90 -1 -2
5 6 41 71 -1 15 46 56 68 -1 -2
13 25 69 83 -1 4 33 77 82 -1 20 21 43 56 -1 8 32 94 99 -1 -2
7 25 50 52 -1 6 59 73 82 -1 4 6 31 55 -1 29 40 71 96 -1 3 16 18 84 -1 5 38 49 90 -1 10 36 37 88 -1 -2
13 48 92 100 -1 9 17 40 44 -1 39 60 68 70 -1 6 28 29 53 -1 36 37 52 73 -1 14 17 20 70 -1 -2
7 44 50 58 -1 27 40 68 97 -1 16 30 46 71 -1 25 42 63 88 -1 23 24 71 97 -1 3 9 23 57 -1 31 69 93 97 -1 13 16 49 99 -1 17 32 89 90 -1 6 44 47 63 -1 -2
15 24 45 49 -1 13 25 73 86 -1 8 59 73 96 -1 -2
14 47 58 75 -1 8 36 51 98 -1 4 8 12 26 -1 11 38 62 88 -1 13 46 61 98 -1 22 32 42 70 -1 26 29 34 92 -1 10 31 57 71 -1 -2
22 68 78 97 -1 -2
6 46 47 84 -1 2 25 54 71 -1 24 29 31 85 -1 8 42 45 67 -1 53 57 63 88 -1 1 37 65 94 -1 14 34 80 90 -1 42 77 87 92 -1 28 73 81 98 -1 -2
19 54 66 85 -1 53 79 83 92 -1 7 47 63 69 -1 21 64 94 97 -1 4 16 36 61 -1 -2
26 38 67 89 -1 13 28 32 92 -1 15 32 55 98 -1 28 89 94 95 -1 -2
30 51 82 83 -1 -2
16 18 67 74 -1 4 9 27 58 -1 13 15 51 99 -1 17 34 64 87 -1 36 88 89 92 -1 25 49 84 88 -1 4 25 35 79 -1 10 22 90 91 -1 -2
2 23 48 81 -1 48 49 59 74 -1 36 63 69 74 -1 15 30 75 92 -1 -2
12 23 45 48 -1 24 35 43 73 -1 24 39 58 83 -1 21 30 68 95 -1 -2
34 53 58 67 -1 -2
21 57 66 82 -1 2 51 84 91 -1 12 20 30 63 -1 21 50 82 91 -1 13 34 79 94 -1 16 27 61 90 -1 17 18 42 53 -1 -2
23 45 52 78 -1 31 42 49 54 -1 23 34 66 94 -1 5 39 63 88 -1 1 70 76 100 -1 41 64 79 93 -1 -2
24 65 78 84 -1 26 40 68 85 -1 15 20 21 40 -1 -2
63 71 73 100 -1 10 63 66 74 -1 8 10 44 95 -1 6 19 23 71 -1 51 65 86 88 -1 18 35 51 63 -1 12 61 63 73 -1 31 49 77 86 -1 -2
10 15 93 100 -1 9 54 88 90 -1 -2
24 45 77 92 -1 30 32 41 46 -1 9 49 79 97 -1 16 27 44 51 -1 51 70 93 99 -1 -2
11 30 52 64 -1 25 41 61 73 -1 3 57 81 96 -1 2 21 43 98 -1 54 69 75 90 -1 17 27 95 96 -1 55 84 92 99 -1 30 67 70 87 -1 -2
1 57 86 89 -1 14 44 54 59 -1 34 50 61 89 -1 18 24 41 78 -1 25 29 55 90 -1 45 50 59 82 -1 -2
7 20 33 48 -1 10 12 33 56 -1 3 24 27 65 -1 2 42 50 59 -1 48 60 69 85 -1 10 68 84 99 -1 23 31 57 78 -1 39 40 65 99 -1 7 25 91 98 -1 -2
10 18 81 99 -1 30 39 43 78 -1 18 33 51 60 -1 23 33 39 59 -1 25 78 86 97 -1 1 11 36 40 -1 25 49 50 58 -1 10 12 19 38 -1 21 24 27 98 -1 -2
5 59 89 96 -1 51 65 79 90 -1 10 27 85 91 -1 8 33 52 95 -1 11 56 85 98 -1 -2
30 42 82 87 -1 7 14 30 79 -1 24 45 46 56 -1 35 37 40 47 -1 38 41 44 53 -1 45 52 55 77 -1 27 30 38 47 -1 39 83 84 92 -1 -2
54 57 79 91 -1 41 49 67 98 -1 36 37 51 100 -1 11 28 75 91 -1 47 58 80 91 -1 16 31 44 100 -1 2 7 30 82 -1 22 25 63 99 -1 25 29 77 89 -1 46 62 82 86 -1 -2
37 60 80 81 -1 17 36 51 86 -1 2 31 46 90 -1 2 52 63 72 -1 9 31 52 79 -1 14 50 63 100 -1 -2
7 30 37 79 -1 9 14 59 84 -1 21 34 49 95 -1 11 40 51 74 -1 4 22 24 93 -1 -2
29 56 63 93 -1 37 45 46 60 -1 18 29 60 85 -1 -2
24 37 59 86 -1 14 53 76 82 -1 11 24 50 95 -1 9 69 73 94 -1 37 70 85 89 -1 4 47 57 100 -1 -2
19 21 49 50 -1 8 66 71 98 -1 13 20 57 64 -1 25 28 83 87 -1 -2
16 38 60 79 -1 3 8 44 79 -1 4 8 56 71 -1 1 31 61 96 -1 -2
9 68 71 98 -1 6 34 45 70 -1 46 48 49 50 -1 28 44 78 81 -1 26 36 61 65 -1 5 36 75 76 -1 42 50 52 73 -1 -2
16 68 70 73 -1 11 46 53 56 -1 5 56 70 75 -1 39 42 44 58 -1 16 32 50 83 -1 10 27 39 97 -1 53 62 64 98 -1 28 30 58 59 -1 -2
10 43 81 92 -1 32 61 64 95 -1 5 30 93 95 -1 36 45 69 70 -1 -2
24 38 89 94 -1 12 27 95 97 -1 40 45 46 50 -1 2 13 20 76 -1 -2
38 56 84 98 -1 7 53 67 91 -1 17 35 55 72 -1 6 12 29 49 -1 -2
40 48 49 51 -1 -2
12 33 90 94 -1 25 80 85 97 -1 12 13 16 48 -1 -2
38 70 79 81 -1 16 24 54 61 -1 25 42 48 73 -1 22 33 65 85 -1 42 66 71 93 -1 5 14 28 69 -1 20 65 90 91 -1 3 5 58 100 -1 3 8 12 28 -1 -2
12 57 73 96 -1 31 55 76 96 -1 43 52 53 94 -1 6 11 39 60 -1 20 59 73 95 -1 15 16 57 89 -1 19 42 54 73 -1 26 68 87 99 -1 55 77 78 96 -1 -2
9 38 54 69 -1 -2
22 39 56 72 -1 49 50 61 95 -1 3 62 64 100 -1 42 52 72 79 -1 8 11 36 37 -1 42 50 59 62 -1 20 40 43 47 -1 49 53 62 77 -1 -2
2 4 12 19 -1 28 39 91 92 -1 19 22 43 71 -1 9 76 82 88 -1 44 72 75 90 -1 14 21 44 85 -1 11 51 80 83 -1 36 44 58 84 -1 13 48 60 76 -1 -2
58 84 94 96 -1 10 20 36 97 -1 15 62 95 97 -1 35 37 77 97 -1 78 79 84 89 -1 15 22 49 86 -1 3 4 10 21 -1 -2
4 10 68 100 -1 11 31 51 99 -1 20 28 62 82 -1 -2
20 53 62 68 -1 17 18 38 95 -1 17 42 78 88 -1 6 21 52 63 -1 12 66 71 78 -1 14 20 37 63 -1 48 84 90 99 -1 17 26 49 90 -1 33 36 53 56 -1 -2
35 40 50 86 -1 35 54 66 81 -1 26 27 66 70 -1 31 36 51 62 -1 40 50 72 92 -1 -2
21 34 38 85 -1 55 59 66 69 -1 24 50 89 97 -1 -2
9 14 58 66 -1 4 42 81 93 -1 3 23 86 91 -1 27 42 69 94 -1 38 43 57 88 -1 -2
3 24 38 50 -1 60 71 72 82 -1 1 35 41 99 -1 21 65 73 93 -1 45 61 93 99 -1 22 47 48 52 -1 20 29 37 62 -1 -2
25 30 32 57 -1 27 37 56 59 -1 -2
20 40 62 82 -1 1 50 62 97 -1 17 20 35 76 -1 26 31 59 94 -1 3 44 71 81 -1 -2
8 21 46 61 -1 18 30 42 86 -1 1 3 23 29 -1 2 29 68 83 -1 -2
7 53 94 99 -1 8 27 54 68 -1 17 18 32 83 -1 -2
3 34 77 99 -1 11 36 67 96 -1 5 40 43 79 -1 8 21 66 100 -1 10 21 54 94 -1 13 35 39 78 -1 18 45 60 84 -1 6 37 44 97 -1 10 34 58 60 -1 -2
54 78 95 96 -1 8 79 86 87 -1 5 81 89 95 -1 51 53 61 83 -1 4 24 34 74 -1 27 45 79 81 -1 -2
20 34 49 98 -1 10 18 75 78 -1 5 42 45 62 -1 1 65 68 98 -1 -2
3 35 75 93 -1 38 71 75 76 -1 17 18 46 93 -1 43 53 60 93 -1 4 43 61 63 -1 51 59 64 77 -1 8 21 63 72 -1 1 63 70 84 -1 9 39 52 71 -1 -2
28 29 63 93 -1 25 31 37 53 -1 -2
35 42 79 92 -1 16 24 38 81 -1 26 46 53 65 -1 3 8 15 64 -1 27 58 61 76 -1 34 58 92 100 -1 31 35 57 94 -1 -2
3 28 36 93 -1 5 17 26 74 -1 45 89 90 98 -1 32 33 72 93 -1 10 57 81 92 -1 31 58 71 81 -1 26 55 57 88 -1 -2
43 51 76 81 -1 7 20 30 37 -1 24 28 78 99 -1 4 12 59 80 -1 4 24 58 94 -1 12 35 39 60 -1 4 5 40 94 -1 13 14 25 58 -1 3 9 14 35 -1 -2
23 28 62 93 -1 6 44 47 97 -1 55 64 77 85 -1 41 47 53 99 -1 5 13 47 49 -1 1 40 44 87 -1 6 55 59 70 -1 -2
33 39 79 91 -1 8 36 38 59 -1 19 35 78 95 -1 -2
51 52 58 88 -1 4 20 22 78 -1 13 26 61 69 -1 11 12 24 96 -1 23 35 57 88 -1 14 68 74 94 -1 -2
26 58 72 80 -1 18 30 58 69 -1 22 77 78 93 -1 44 46 67 73 -1 44 49 82 87 -1 23 30 32 58 -1 54 57 62 72 -1 20 22 46 64 -1 11 29 48 98 -1 31 72 82 95 -1 -2
14 35 44 79 -1 35 45 52 84 -1 25 65 73 80 -1 1 48 78 88 -1 -2
45 56 59 77 -1 67 72 83 90 -1 42 49 75 92 -1 11 22 32 61 -1 22 32 50 89 -1 12 15 56 98 -1 17 55 63 81 -1 64 69 80 89 -1 25 37 84 96 -1 -2
29 43 55 69 -1 34 38 53 94 -1 -2
9 58 72 87 -1 1 17 49 55 -1 32 53 81 92 -1 -2
7 49 52 98 -1 5 16 30 46 -1 18 33 60 73 -1 4 68 88 95 -1 -2
30 60 69 79 -1 11 69 84 99 -1 18 70 78 91 -1 -2
6 21 42 71 -1 18 46 77 93 -1 2 12 28 87 -1 24 27 70 76 -1 62 67 75 99 -1 47 64 74 90 -1 6 69 96 100 -1 -2
37 48 52 82 -1 22 49 53 73 -1 20 27 39 76 -1 47 68 86 93 -1 9 32 45 87 -1 29 72 86 91 -1 12 46 49 87 -1 27 32 87 94 -1 2 65 82 86 -1 -2
4 16 42 68 -1 3 19 61 93 -1 13 20 23 39 -1 17 67 71 90 -1 18 20 65 94 -1 22 31 57 63 -1 18 63 79 94 -1 -2
6 7 54 97 -1 49 64 80 100 -1 37 43 68 69 -1 15 38 79 92 -1 12 30 40 49 -1 1 20 71 76 -1 24 30 32 60 -1 -2
36 41 47 55 -1 -2
41 60 61 73 -1 15 52 56 69 -1 51 67 77 93 -1 1 17 21 68 -1 13 21 22 71 -1 28 34 80 90 -1 -2
8 20 39 45 -1 17 18 43 90 -1 3 42 58 95 -1 19 23 44 64 -1 20 37 71 76 -1 -2
15 57 79 91 -1 11 17 55 66 -1 1 10 83 90 -1 7 68 79 82 -1 20 34 35 90 -1 25 34 38 73 -1 37 40 58 59 -1 3 19 25 73 -1 8 50 63 69 -1 -2
18 38 43 82 -1 -2
8 18 52 69 -1 26 49 55 86 -1 26 35 50 72 -1 1 8 12 85 -1 17 51 56 87 -1 11 13 34 47 -1 60 76 97 98 -1 49 62 82 99 -1 14 30 60 74 -1 -2
2 55 57 92 -1 1 46 56 80 -1 5 7 68 98 -1 5 12 68 74 -1 26 51 55 74 -1 1 40 76 93 -1 2 56 65 94 -1 -2
4 32 34 53 -1 4 20 60 66 -1 39 52 99 100 -1 4 13 43 91 -1 30 33 41 94 -1 -2
11 33 39 95 -1 7 45 64 87 -1 57 78 82 87 -1 16 34 54 85 -1 14 35 65 100 -1 -2
34 55 95 97 -1 21 28 47 93 -1 20 49 61 99 -1 11 75 90 99 -1 9 36 69 90 -1 -2
10 14 82 83 -1 -2
5 9 75 97 -1 10 29 69 81 -1 33 62 80 94 -1 8 26 31 65 -1 30 32 62 89 -1 -2
30 31 56 85 -1 9 58 82 83 -1 8 16 68 91 -1 -2
20 44 64 82 -1 -2
4 81 84 98 -1 4 5 15 26 -1 20 40 50 61 -1 39 50 59 66 -1 -2
33 65 82 83 -1 12 43 70 98 -1 -2
10 35 78 82 -1 19 40 67 71 -1 4 12 46 88 -1 21 39 70 78 -1 32 48 56 67 -1 20 25 32 33 -1 31 75 78 89 -1 16 49 74 92 -1 39 60 62 80 -1 15 50 52 97 -1 -2
16 25 76 79 -1 3 26 61 89 -1 46 81 82 86 -1 15 16 35 40 -1 -2
1 36 51 67 -1 8 13 28 44 -1 19 29 63 69 -1 5 25 27 57 -1 11 15 32 50 -1 2 16 72 87 -1 4 30 38 52 -1 2 4 70 99 -1 72 76 82 84 -1 -2
15 30 35 90 -1 9 22 29 63 -1 42 63 75 94 -1 26 36 73 83 -1 5 58 64 100 -1 4 10 84 93 -1 -2
4 20 55 91 -1 9 24 27 100 -1 14 44 67 95 -1 19 31 35 41 -1 -2
2 5 43 86 -1 4 6 65 93 -1 53 60 90 93 -1 14 66 69 84 -1 22 24 49 96 -1 16 18 27 44 -1 4 51 72 85 -1 31 53 56 83 -1 1 45 56 75 -1 -2
55 75 86 94 -1 -2
11 67 86 87 -1 14 23 38 41 -1 3 4 46 76 -1 16 58 60 77 -1 1 4 86 91 -1 6 65 86 96 -1 30 45 82 86 -1 -2
5 18 76 94 -1 11 19 41 66 -1 11 12 68 81 -1 10 25 64 81 -1 59 67 68 77 -1 29 67 73 90 -1 -2
2 26 52 82 -1 15 41 54 78 -1 23 24 34 61 -1 5 20 67 100 -1 12 15 26 29 -1 23 29 32 85 -1 7 8 11 99 -1 29 37 48 50 -1 14 43 64 82 -1 11 51 69 76 -1 -2
12 56 57 92 -1 15 35 37 75 -1 12 73 93 98 -1 8 49 61 76 -1 -2
22 82 85 88 -1 22 73 75 85 -1 17 28 31 96 -1 57 61 70 80 -1 12 42 86 96 -1 57 70 84 96 -1 16 25 73 90 -1 -2
16 39 76 81 -1 9 30 55 70 -1 13 32 35 59 -1 16 31 46 53 -1 24 37 71 92 -1 20 78 82 96 -1 14 44 67 90 -1 6 25 29 48 -1 -2
12 15 36 58 -1 28 46 76 85 -1 29 58 92 98 -1 3 43 59 93 -1 41 79 87 92 -1 2 10 82 91 -1 23 51 52 87 -1 3 37 58 93 -1 8 9 23 77 -1 -2
20 27 32 90 -1 44 51 56 97 -1 7 14 91 98 -1 17 39 40 54 -1 4 30 46 77 -1 1 15 55 94 -1 43 49 76 95 -1 4 16 54 55 -1 -2
20 27 51 63 -1 29 72 79 90 -1 21 43 78 93 -1 18 58 76 96 -1 8 29 39 59 -1 -2
7 12 33 58 -1 15 19 32 53 -1 17 63 67 77 -1 2 16 82 95 -1 7 22 28 49 -1 41 53 63 80 -1 3 16 38 64 -1 4 62 67 99 -1 -2
51 57 67 98 -1 9 12 36 52 -1 6 18 19 98 -1 30 47 54 74 -1 79 80 89 90 -1 4 24 44 63 -1 12 43 82 83 -1 18 43 47 56 -1 9 21 22 95 -1 14 15 58 77 -1 -2
12 17 76 81 -1 10 34 60 67 -1 23 56 58 67 -1 17 48 56 70 -1 15 24 88 90 -1 52 60 76 79 -1 -2
31 35 66 94 -1 1 63 66 100 -1 11 12 16 53 -1 16 59 68 70 -1 10 23 49 56 -1 22 29 42 83 -1 14 54 65 90 -1 56 68 84 94 -1 34 49 76 88 -1 11 12 37 71 -1 -2
17 23 43 88 -1 24 31 50 84 -1 6 22 42 72 -1 5 57 64 83 -1 35 39 86 88 -1 -2
6 43 50 83 -1 -2
23 26 77 78 -1 26 75 81 91 -1 3 22 88 91 -1 -2
45 51 62 82 -1 10 12 20 66 -1 25 27 40 94 -1 42 59 79 100 -1 17 41 82 98 -1 7 47 53 81 -1 11 57 67 94 -1 20 25 43 56 -1 -2
20 29 45 49 -1 56 60 68 96 -1 13 15 80 92 -1 27 35 84 88 -1 38 60 62 69 -1 29 68 84 88 -1 -2
24 42 66 84 -1 15 49 61 78 -1 3 48 57 92 -1 4 62 80 98 -1 55 64 80 99 -1 1 26 51 73 -1 18 40 92 100 -1 29 50 68 74 -1 13 39 55 64 -1 1 79 94 95 -1 -2
54 76 87 100 -1 19 29 40 98 -1 21 48 51 52 -1 44 66 72 74 -1 45 59 83 91 -1 28 73 87 90 -1 7 12 87 96 -1 -2
34 37 60 64 -1 6 19 32 83 -1 13 51 55 80 -1 20 37 48 58 -1 -2
11 21 34 69 -1 45 51 62 72 -1 14 19 62 96 -1 33 83 85 90 -1 14 20 33 61 -1 20 54 72 75 -1 23 30 37 75 -1 2 34 42 70 -1 10 15 41 74 -1 -2
27 30 55 62 -1 17 51 75 88 -1 1 51 57 98 -1 7 11 68 71 -1 16 47 56 75 -1 14 38 51 72 -1 10 14 39 97 -1 -2
3 6 23 77 -1 12 55 65 72 -1 66 68 71 92 -1 -2
27 43 68 95 -1 -2
10 32 71 83 -1 3 18 68 84 -1 2 16 30 55 -1 12 18 40 85 -1 -2
35 39 79 95 -1 10 52 61 67 -1 17 24 25 58 -1 -2
5 22 58 61 -1 24 61 63 95 -1 -2
6 19 20 56 -1 6 39 48 57 -1 2 53 56 63 -1 -2
29 46 96 98 -1 -2
4 7 16 61 -1 50 65 89 98 -1 31 33 40 58 -1 -2
11 21 73 97 -1 -2
48 50 61 92 -1 8 23 34 79 -1 24 49 55 59 -1 17 76 83 87 -1 5 41 63 74 -1 1 23 45 53 -1 40 56 77 84 -1 -2
26 74 84 90 -1 -2
43 46 79 91 -1 25 42 56 97 -1 -2
2 18 45 70 -1 17 56 68 75 -1 19 22 62 96 -1 8 27 33 70 -1 8 10 59 98 -1 3 24 50 86 -1 54 59 75 100 -1 54 58 63 76 -1 -2
5 8 47 84 -1 1 34 38 45 -1 10 23 36 47 -1 -2
33 78 80 85 -1 16 23 92 100 -1 5 33 76 98 -1 8 49 53 99 -1 29 39 96 98 -1 3 11 58 78 -1 7 16 20 98 -1 29 47 63 83 -1 -2
19 27 79 85 -1 52 56 75 84 -1 3 13 35 68 -1 11 22 52 78 -1 15 19 30 54 -1 49 69 71 80 -1 2 48 77 87 -1 46 50 66 87 -1 14 29 70 78 -1 -2
35 61 63 74 -1 18 36 44 76 -1 24 41 55 75 -1 1 4 43 82 -1 45 54 61 89 -1 8 20 44 54 -1 14 21 32 62 -1 12 19 38 72 -1 13 26 51 70 -1 -2
5 39 51 64 -1 18 20 26 79 -1 52 65 75 85 -1 49 64 80 86 -1 -2
2 20 50 53 -1 3 30 58 82 -1 23 43 62 100 -1 17 53 71 78 -1 46 77 82 87 -1 5 41 49 93 -1 41 52 69 97 -1 54 71 82 96 -1 -2
60 62 63 86 -1 24 25 27 99 -1 6 34 61 67 -1 17 36 94 100 -1 19 36 51 53 -1 9 36 43 58 -1 3 32 44 83 -1 2 28 47 54 -1 -2
6 52 62 91 -1 5 28 65 87 -1 19 37 75 77 -1 14 26 43 45 -1 1 70 87 91 -1 48 74 91 96 -1 2 15 54 70 -1 13 18 21 97 -1 9 40 61 97 -1 -2
26 38 58 94 -1 25 53 61 63 -1 9 44 75 80 -1 9 11 27 64 -1 50 52 59 81 -1 17 27 29 50 -1 36 69 82 92 -1 -2
5 10 43 46 -1 40 48 93 97 -1 2 8 26 38 -1 12 21 29 42 -1 38 45 46 89 -1 10 61 76 97 -1 21 62 82 90 -1 22 33 42 79 -1 26 36 42 76 -1 -2
19 74 77 83 -1 20 69 83 88 -1 2 5 50 69 -1 4 19 40 47 -1 4 11 23 100 -1 25 38 82 95 -1 28 53 57 94 -1 20 69 75 92 -1 2 5 49 91 -1 4 49 79 96 -1 -2
1 30 46 92 -1 59 84 91 98 -1 -2
2 54 65 76 -1 21 23 28 73 -1 6 52 69 78 -1 45 58 69 86 -1 30 37 39 65 -1 21 30 75 87 -1 5 42 80 95 -1 8 35 55 68 -1 13 37 67 84 -1 -2
17 43 64 93 -1 4 17 91 98 -1 22 45 64 78 -1 19 35 69 94 -1 10 18 34 41 -1 38 65 76 86 -1 12 70 88 94 -1 15 39 51 52 -1 8 14 44 79 -1 21 37 73 80 -1 -2
8 71 72 83 -1 26 57 70 97 -1 41 62 68 82 -1 3 23 30 83 -1 8 58 80 94 -1 25 35 36 100 -1 14 29 67 70 -1 24 63 67 91 -1 48 53 83 99 -1 -2
38 81 91 93 -1 9 13 43 62 -1 -2
30 50 68 71 -1 19 20 48 88 -1 -2
9 11 19 61 -1 1 36 64 75 -1 8 42 76 86 -1 3 65 83 91 -1 37 61 65 78 -1 46 66 68 69 -1 2 31 76 81 -1 29 39 87 91 -1 19 28 80 94 -1 -2
20 60 70 71 -1 43 58 67 89 -1 26 59 74 93 -1 -2
34 45 62 90 -1 18 54 78 92 -1 23 50 54 90 -1 17 41 78 100 -1 37 47 76 87 -1 9 44 92 99 -1 6 33 84 91 -1 5 6 69 81 -1 5 7 16 41 -1 1 10 47 59 -1 -2
12 32 59 100 -1 11 24 72 97 -1 14 22 51 79 -1 2 46 53 81 -1 10 14 61 78 -1 9 18 49 53 -1 14 52 90 98 -1 -2
1 9 79 98 -1 5 55 74 94 -1 9 45 85 86 -1 43 46 65 100 -1 7 46 62 93 -1 9 19 33 66 -1 33 44 55 88 -1 6 42 45 76 -1 11 23 71 91 -1 10 15 40 63 -1 -2
79 85 88 96 -1 61 65 76 94 -1 7 16 23 30 -1 -2
3 26 89 95 -1 18 39 42 88 -1 1 7 57 73 -1 9 42 49 72 -1 34 56 73 99 -1 -2
11 35 74 99 -1 14 42 83 94 -1 4 63 66 95 -1 9 27 74 79 -1 8 14 17 85 -1 41 53 71 81 -1 7 15 24 33 -1 18 35 57 73 -1 -2
50 52 63 82 -1 3 20 79 90 -1 41 61 75 76 -1 1 47 56 68 -1 34 55 62 88 -1 2 59 68 92 -1 8 21 83 97 -1 14 45 56 66 -1 20 34 40 62 -1 -2
25 26 45 65 -1 17 55 69 81 -1 23 46 84 96 -1 49 61 86 96 -1 24 32 94 97 -1 15 20 31 96 -1 48 51 92 94 -1 -2
44 54 93 96 -1 11 28 55 76 -1 42 72 75 96 -1 25 52 59 84 -1 4 10 34 48 -1 16 22 36 43 -1 -2
15 56 67 90 -1 37 65 88 94 -1 15 68 76 87 -1 3 33 37 55 -1 10 61 86 87 -1 27 49 62 63 -1 16 32 82 90 -1 12 21 30 51 -1 1 15 31 64 -1 18 44 54 99 -1 -2
6 19 51 96 -1 22 46 55 97 -1 23 56 57 59 -1 65 68 86 95 -1 5 20 36 84 -1 64 73 86 91 -1 26 62 64 99 -1 17 27 30 65 -1 16 57 68 70 -1 -2
7 42 50 53 -1 18 73 85 98 -1 11 53 62 83 -1 5 21 30 37 -1 -2
13 28 73 97 -1 11 31 38 44 -1 24 64 74 87 -1 7 18 57 94 -1 2 6 51 60 -1 -2
43 50 51 74 -1 55 63 65 94 -1 42 44 66 78 -1 4 6 29 33 -1 13 42 95 100 -1 5 17 27 31 -1 37 58 67 71 -1 13 46 48 58 -1 52 69 79 82 -1 22 43 80 100 -1 -2
1 33 36 73 -1 8 22 34 87 -1 2 45 57 92 -1 6 9 43 68 -1 19 39 52 87 -1 9 24 84 94 -1 26 47 59 82 -1 34 55 70 85 -1 -2
4 20 63 94 -1 4 18 20 89 -1 16 55 66 92 -1 15 78 86 97 -1 4 68 72 87 -1 -2
11 30 44 62 -1 4 36 45 100 -1 35 46 88 93 -1 52 77 83 84 -1 11 13 51 67 -1 2 48 70 83 -1 19 20 29 98 -1 43 50 56 87 -1 -2
5 17 84 87 -1 4 9 32 43 -1 -2
51 52 60 80 -1 12 29 46 68 -1 44 52 79 81 -1 16 47 64 93 -1 2 13 40 69 -1 47 60 78 98 -1 25 42 49 81 -1 28 63 71 78 -1 -2
41 64 76 82 -1 34 48 85 90 -1 16 54 55 98 -1 -2
4 33 44 47 -1 21 53 59 75 -1 23 44 52 92 -1 41 63 64 94 -1 12 29 55 94 -1 -2
56 79 80 81 -1 40 65 68 78 -1 49 86 92 97 -1 11 19 42 54 -1 3 8 45 53 -1 1 33 57 93 -1 9 16 44 61 -1 8 49 53 60 -1 24 37 81 84 -1 58 64 68 78 -1 -2
17 33 57 78 -1 -2
13 35 59 73 -1 51 53 86 88 -1 -2
8 41 48 71 -1 33 55 57 97 -1 15 25 70 84 -1 16 36 56 85 -1 4 34 37 69 -1 10 20 46 54 -1 2 21 65 67 -1 -2
5 37 72 98 -1 30 77 90 97 -1 51 55 86 98 -1 13 37 86 87 -1 13 52 53 91 -1 15 39 58 66 -1 22 24 70 93 -1 49 64 75 86 -1 16 34 39 78 -1 15 52 69 81 -1 -2
17 31 82 93 -1 23 27 29 44 -1 15 19 82 96 -1 23 37 50 73 -1 3 17 68 81 -1 15 43 45 79 -1 17 27 62 96 -1 12 36 52 60 -1 12 14 29 43 -1 14 36 40 96 -1 -2
33 34 57 72 -1 2 19 20 80 -1 7 46 72 91 -1 28 51 70 97 -1 34 35 48 92 -1 12 24 98 99 -1 30 54 88 90 -1 -2
11 19 89 92 -1 16 24 72 91 -1 6 46 63 77 -1 1 51 53 75 -1 -2
13 14 84 93 -1 2 46 58 98 -1 17 20 27 64 -1 10 15 67 77 -1 -2
21 40 63 86 -1 24 41 66 83 -1 1 15 26 36 -1 -2
30 66 72 89 -1 -2
20 55 65 96 -1 38 39 49 73 -1 41 42 48 68 -1 -2
6 16 53 70 -1 8 56 70 82 -1 53 59 60 83 -1 10 12 54 78 -1 -2
43 45 52 79 -1 2 7 71 87 -1 -2
9 15 28 62 -1 48 52 62 68 -1 57 70 91 100 -1 14 20 21 98 -1 5 12 46 64 -1 4 54 91 97 -1 3 21 33 93 -1 -2
23 76 91 97 -1 14 34 49 67 -1 2 4 57 64 -1 1 2 47 98 -1 -2
22 36 79 92 -1 32 38 83 93 -1 9 23 39 64 -1 17 72 76 79 -1 7 36 61 64 -1 10 16 42 83 -1 13 41 66 71 -1 -2
32 90 91 95 -1 34 86 96 98 -1 9 49 56 71 -1 64 73 76 98 -1 20 32 36 83 -1 14 46 63 91 -1 5 45 76 86 -1 23 32 55 83 -1 28 62 70 99 -1 8 30 35 77 -1 -2
19 21 72 90 -1 1 14 16 56 -1 17 18 76 87 -1 6 69 85 94 -1 10 26 41 81 -1 38 53 69 88 -1 30 46 51 67 -1 40 43 45 64 -1 31 64 68 96 -1 -2
10 13 43 96 -1 5 20 23 56 -1 1 8 38 54 -1 18 47 74 88 -1 -2
15 34 70 77 -1 12 42 88 89 -1 5 11 75 77 -1 -2
7 13 17 66 -1 20 40 97 100 -1 48 82 93 98 -1 5 33 49 81 -1 19 25 40 76 -1 6 40 58 78 -1 20 34 38 46 -1 2 27 40 61 -1 -2
11 46 71 98 -1 31 46 48 83 -1 52 70 77 93 -1 25 30 72 98 -1 19 33 43 74 -1 7 34 48 55 -1 10 13 55 64 -1 26 55 67 69 -1 4 19 63 97 -1 -2
42 46 69 78 -1 46 71 77 95 -1 -2
25 27 90 92 -1 23 41 53 91 -1 29 37 58 97 -1 10 29 72 89 -1 16 47 48 69 -1 34 50 73 91 -1 16 26 39 83 -1 -2
35 57 66 96 -1 -2
21 23 52 83 -1 9 24 67 90 -1 41 69 72 80 -1 16 31 33 48 -1 43 47 88 96 -1 55 61 72 84 -1 47 49 62 78 -1 21 57 59 81 -1 14 47 66 79 -1 -2
39 66 86 90 -1 13 39 41 66 -1 9 50 91 94 -1 6 15 26 85 -1 -2
63 71 74 100 -1 83 87 94 97 -1 3 53 66 97 -1 6 38 45 81 -1 10 61 93 96 -1 24 27 40 84 -1 20 50 51 87 -1 36 74 84 95 -1 -2
7 22 31 65 -1 12 13 52 58 -1 14 25 30 34 -1 19 29 73 86 -1 -2
29 43 89 96 -1 11 28 35 59 -1 29 61 69 80 -1 11 12 58 89 -1 37 81 91 92 -1 16 57 64 77 -1 2 17 52 74 -1 -2
23 29 60 96 -1 17 77 89 90 -1 11 66 67 73 -1 3 9 26 33 -1 22 26 67 100 -1 -2
8 23 52 91 -1 11 38 86 96 -1 7 75 82 93 -1 21 38 66 82 -1 19 41 64 67 -1 18 39 73 88 -1 7 29 46 92 -1 6 22 33 61 -1 19 74 78 82 -1 21 26 89 97 -1 -2
17 30 68 98 -1 1 20 40 85 -1 13 35 40 53 -1 8 51 68 87 -1 9 34 73 75 -1 -2
16 47 53 78 -1 -2
2 28 51 73 -1 18 59 70 85 -1 12 73 79 92 -1 41 44 54 91 -1 3 11 70 97 -1 23 31 39 43 -1 20 59 63 67 -1 11 21 56 91 -1 32 68 87 88 -1 40 42 76 79 -1 -2
1 22 49 50 -1 2 17 30 65 -1 24 38 55 69 -1 4 11 65 71 -1 34 38 58 66 -1 8 16 18 34 -1 -2
34 64 84 94 -1 11 41 55 97 -1 52 83 94 96 -1 31 35 36 85 -1 36 62 68 76 -1 21 30 73 97 -1 35 73 78 92 -1 9 83 90 95 -1 11 69 76 80 -1 15 59 65 70 -1 -2
22 36 61 70 -1 48 57 61 92 -1 8 16 20 67 -1 1 14 57 68 -1 22 59 65 85 -1 10 30 50 71 -1 37 47 59 85 -1 12 21 54 96 -1 39 71 79 82 -1 21 59 71 72 -1 -2
23 37 81 89 -1 56 97 98 100 -1 1 23 32 100 -1 42 64 70 91 -1 7 10 86 94 -1 5 27 48 57 -1 52 66 71 92 -1 24 33 57 62 -1 6 15 20 65 -1 22 23 71 93 -1 -2
26 37 83 94 -1 16 43 70 72 -1 8 42 71 90 -1 13 14 37 83 -1 39 50 63 89 -1 9 28 66 95 -1 -2
2 66 80 82 -1 13 39 80 84 -1 6 70 87 90 -1 36 38 73 84 -1 20 39 50 70 -1 16 20 22 72 -1 16 33 38 50 -1 -2
5 13 91 94 -1 17 41 64 94 -1 14 30 42 95 -1 -2
31 35 58 77 -1 -2
2 31 32 52 -1 33 66 69 88 -1 14 69 75 77 -1 8 9 34 51 -1 2 39 44 84 -1 63 65 67 75 -1 27 46 51 59 -1 31 33 39 91 -1 55 57 63 88 -1 -2
6 38 88 97 -1 39 48 52 64 -1 -2
22 49 59 70 -1 73 75 82 88 -1 12 30 40 73 -1 12 38 55 68 -1 31 32 37 98 -1 -2
2 33 48 51 -1 34 48 52 97 -1 10 48 63 87 -1 40 57 67 85 -1 30 46 53 96 -1 23 42 84 88 -1 1 28 34 94 -1 45 47 63 91 -1 26 34 74 87 -1 -2
38 51 79 94 -1 47 54 71 92 -1 12 41 59 70 -1 18 31 49 97 -1 3 53 63 76 -1 6 36 52 63 -1 -2
16 22 27 99 -1 2 34 40 92 -1 37 60 61 90 -1 3 14 23 46 -1 55 73 83 98 -1 70 74 78 94 -1 12 58 93 95 -1 -2
32 46 52 94 -1 32 65 70 100 -1 14 35 81 90 -1 11 13 31 74 -1 46 55 62 88 -1 39 43 54 92 -1 15 61 82 91 -1 44 60 68 74 -1 23 32 79 99 -1 -2
18 80 89 90 -1 11 51 68 97 -1 31 61 66 93 -1 2 26 28 98 -1 -2
28 37 50 59 -1 9 19 85 91 -1 13 27 39 97 -1 17 53 54 61 -1 -2
5 21 32 50 -1 20 76 83 88 -1 1 36 43 58 -1 21 55 84 93 -1 50 64 67 87 -1 14 46 86 97 -1 -2
34 56 86 90 -1 9 10 14 22 -1 10 13 20 55 -1 19 40 62 84 -1 20 53 70 79 -1 -2
1 14 49 60 -1 11 28 63 66 -1 1 2 40 92 -1 69 70 93 95 -1 1 4 70 84 -1 8 23 68 82 -1 7 17 68 96 -1 17 20 32 62 -1 -2
10 14 71 73 -1 20 22 62 66 -1 -2
39 56 62 93 -1 37 51 70 87 -1 2 53 73 77 -1 -2
15 22 71 78 -1 6 27 54 62 -1 14 40 70 87 -1 11 28 56 88 -1 10 24 80 98 -1 7 36 85 89 -1 8 17 54 65 -1 59 73 89 96 -1 -2
18 52 67 76 -1 -2
6 18 39 60 -1 -2
3 6 62 75 -1 11 57 94 98 -1 -2
47 59 84 89 -1 1 63 90 98 -1 10 22 93 96 -1 28 61 78 79 -1 50 62 94 98 -1 42 46 98 99 -1 5 20 59 64 -1 16 83 92 95 -1 9 32 44 76 -1 15 29 32 82 -1 -2
38 56 71 84 -1 15 32 56 79 -1 12 63 79 93 -1 37 82 93 99 -1 40 63 64 78 -1 42 70 82 83 -1 -2
22 41 44 90 -1 -2
13 20 40 97 -1 14 16 34 37 -1 14 75 81 87 -1 15 43 71 89 -1 5 26 48 73 -1 15 40 54 56 -1 43 54 58 70 -1 26 33 69 70 -1 -2
69 77 93 95 -1 9 42 46 47 -1 37 54 76 93 -1 30 76 83 97 -1 1 11 30 46 -1 18 21 30 65 -1 7 12 85 98 -1 21 49 50 53 -1 28 45 65 92 -1 -2
23 43 78 86 -1 2 3 46 96 -1 -2
16 20 89 90 -1 31 62 63 92 -1 2 70 72 78 -1 4 27 55 68 -1 12 50 53 88 -1 22 25 86 98 -1 3 17 23 96 -1 31 59 88 98 -1 -2
1 25 27 56 -1 -2
32 43 62 75 -1 3 8 30 99 -1 5 79 95 98 -1 25 60 83 93 -1 20 23 49 53 -1 17 28 55 60 -1 13 29 41 68 -1 47 55 71 78 -1 -2
42 58 67 96 -1 55 65 83 94 -1 4 64 77 86 -1 14 32 37 87 -1 20 21 29 86 -1 2 42 65 99 -1 61 62 63 71 -1 15 23 37 64 -1 11 26 36 72 -1 22 28 40 69 -1 -2
1 22 41 77 -1 35 60 63 90 -1 4 32 38 43 -1 -2
58 71 73 74 -1 7 15 23 38 -1 22 29 41 43 -1 -2
3 52 73 96 -1 -2
48 70 83 86 -1 49 66 72 90 -1 13 39 75 99 -1 8 34 48 87 -1 16 43 70 85 -1 10 24 34 62 -1 -2
39 41 69 92 -1 3 8 58 87 -1 14 28 64 85 -1 53 87 92 95 -1 33 39 50 75 -1 31 51 71 78 -1 12 15 37 73 -1 -2
6 9 78 98 -1 1 13 14 73 -1 12 41 65 92 -1 4 28 86 99 -1 10 20 51 89 -1 -2
27 31 33 93 -1 15 25 28 97 -1 36 68 74 95 -1 12 54 76 94 -1 9 13 14 19 -1 10 37 41 80 -1 7 58 69 89 -1 52 56 93 96 -1 -2
35 66 86 96 -1 15 34 40 44 -1 34 55 60 83 -1 4 6 74 86 -1 19 45 58 83 -1 -2
9 36 77 85 -1 -2
27 73 77 92 -1 -2
42 69 80 100 -1 65 67 70 89 -1 3 43 60 81 -1 23 50 60 73 -1 8 50 58 59 -1 76 78 80 98 -1 -2
44 51 67 85 -1 14 27 55 66 -1 -2
8 65 88 94 -1 23 28 48 74 -1 -2
24 56 62 71 -1 26 29 48 90 -1 1 3 68 94 -1 18 23 37 68 -1 20 47 65 73 -1 8 19 44 64 -1 8 57 65 81 -1 51 65 73 77 -1 4 45 52 74 -1 38 52 79 95 -1 -2
46 49 54 66 -1 37 48 95 100 -1 59 62 93 94 -1 -2
16 43 56 73 -1 28 41 50 63 -1 23 28 89 94 -1 43 50 64 83 -1 19 28 46 94 -1 9 50 66 89 -1 -2
24 52 53 94 -1 4 14 43 50 -1 27 29 40 79 -1 34 52 58 78 -1 31 49 63 74 -1 3 13 32 67 -1 -2
32 50 56 90 -1 5 30 33 82 -1 8 25 61 72 -1 9 12 76 79 -1 -2
10 21 28 79 -1 41 43 51 87 -1 30 32 82 83 -1 15 70 89 90 -1 34 49 87 89 -1 1 14 32 40 -1 26 58 65 92 -1 32 40 66 88 -1 22 47 57 87 -1 31 85 86 97 -1 -2
10 88 92 94 -1 2 60 78 94 -1 30 44 78 81 -1 41 45 58 66 -1 -2
8 46 58 96 -1 12 33 38 78 -1 4 12 52 78 -1 9 57 82 99 -1 8 17 23 51 -1 -2
11 26 65 79 -1 45 54 82 84 -1 -2
31 54 71 79 -1 7 26 39 67 -1 28 42 44 58 -1 42 57 80 87 -1 -2
5 27 66 99 -1 3 12 52 88 -1 3 10 51 98 -1 -2
15 22 57 67 -1 -2
14 44 71 72 -1 14 40 47 56 -1 17 19 28 86 -1 5 26 57 87 -1 30 49 81 83 -1 -2
23 44 59 80 -1 23 83 94 97 -1 15 34 55 60 -1 12 32 76 82 -1 28 81 95 98 -1 35 44 46 61 -1 37 79 95 97 -1 16 18 39 70 -1 -2
4 23 30 36 -1 8 47 57 97 -1 22 71 73 74 -1 42 45 51 87 -1 1 7 49 54 -1 9 21 33 91 -1 14 27 68 71 -1 -2
42 60 64 96 -1 3 33 62 92 -1 5 28 47 62 -1 7 12 27 77 -1 23 37 65 76 -1 14 44 60 98 -1 11 12 14 67 -1 7 47 81 87 -1 8 20 49 97 -1 22 46 54 82 -1 -2
24 66 72 82 -1 3 27 48 91 -1 -2
62 69 83 98 -1 26 42 45 94 -1 2 15 52 65 -1 17 41 74 84 -1 14 45 50 84 -1 31 80 86 93 -1 -2
44 88 97 98 -1 12 16 17 94 -1 2 46 67 94 -1 16 19 71 73 -1 13 26 58 81 -1 4 25 58 79 -1 13 54 96 99 -1 7 72 85 88 -1 14 28 35 44 -1 -2
33 35 36 90 -1 1 35 75 92 -1 13 57 62 65 -1 -2
44 60 69 92 -1 18 38 74 88 -1 2 5 45 54 -1 50 65 78 80 -1 34 65 84 85 -1 2 40 80 100 -1 3 12 55 66 -1 23 47 74 92 -1 56 70 72 98 -1 -2
23 43 79 90 -1 24 40 73 96 -1 8 10 37 51 -1 24 26 72 76 -1 -2
2 3 4 65 -1 -2
20 24 31 34 -1 20 33 37 83 -1 6 44 69 90 -1 -2
21 36 76 88 -1 61 68 73 93 -1 14 68 80 95 -1 18 66 70 88 -1 24 29 33 40 -1 3 18 26 91 -1 19 44 57 88 -1 26 29 45 96 -1 -2
27 48 73 79 -1 4 17 18 39 -1 27 44 61 63 -1 39 54 62 68 -1 7 34 40 63 -1 -2
28 61 82 91 -1 16 27 72 87 -1 8 34 67 85 -1 7 18 53 87 -1 21 52 56 76 -1 2 6 11 51 -1 -2
10 46 58 94 -1 49 62 76 100 -1 4 51 77 80 -1 6 26 31 40 -1 64 78 82 93 -1 37 55 72 100 -1 -2
13 19 74 100 -1 29 56 97 98 -1 -2
5 34 40 75 -1 8 52 80 90 -1 -2
50 54 56 71 -1 22 54 55 77 -1 10 61 81 92 -1 20 50 79 92 -1 6 38 59 84 -1 -2
18 39 45 67 -1 63 75 81 86 -1 21 53 56 82 -1 18 27 59 75 -1 9 10 18 88 -1 13 15 47 48 -1 21 37 52 91 -1 3 7 50 57 -1 -2
32 40 70 90 -1 30 56 84 90 -1 8 27 35 59 -1 31 46 51 54 -1 13 16 52 94 -1 -2
3 38 42 88 -1 9 18 73 77 -1 8 74 91 94 -1 5 53 57 75 -1 17 45 50 96 -1 13 49 92 94 -1 -2
10 21 43 51 -1 31 37 49 83 -1 32 43 90 95 -1 21 54 93 98 -1 29 51 77 85 -1 -2
3 85 90 97 -1 21 81 90 94 -1 -2
54 59 78 97 -1 2 29 49 88 -1 10 21 54 97 -1 -2
5 35 40 81 -1 29 34 74 95 -1 45 74 81 94 -1 15 19 62 97 -1 1 33 70 94 -1 32 58 62 85 -1 9 89 97 100 -1 11 32 45 65 -1 25 89 93 94 -1 -2
11 38 43 54 -1 14 35 54 84 -1 4 22 44 78 -1 43 44 73 87 -1 24 49 58 71 -1 70 77 82 96 -1 46 74 93 99 -1 8 19 53 74 -1 32 41 59 77 -1 4 35 50 80 -1 -2
15 32 82 95 -1 45 83 95 100 -1 12 14 40 63 -1 14 38 71 85 -1 14 52 58 92 -1 -2
6 36 62 73 -1 41 46 64 72 -1 23 53 68 79 -1 28 68 72 80 -1 14 27 30 34 -1 14 25 45 80 -1 15 24 25 90 -1 30 50 79 87 -1 8 9 32 58 -1 13 37 48 60 -1 -2
79 87 96 97 -1 5 12 44 95 -1 -2
20 63 64 98 -1 -2
52 64 69 97 -1 36 37 44 63 -1 2 21 84 86 -1 26 39 75 77 -1 20 22 33 36 -1 2 22 36 100 -1 44 82 91 98 -1 -2
46 64 71 97 -1 21 56 89 98 -1 11 42 45 59 -1 13 17 57 91 -1 -2
29 65 82 96 -1 32 78 82 95 -1 1 3 56 62 -1 10 46 47 59 -1 34 35 36 73 -1 6 10 58 92 -1 3 71 76 90 -1 -2
13 53 65 80 -1 15 34 38 39 -1 50 56 66 84 -1 -2
3 28 42 91 -1 17 27 44 48 -1 3 39 53 68 -1 -2
25 49 66 99 -1 25 27 30 82 -1 8 39 57 91 -1 36 58 81 89 -1 1 24 55 87 -1 6 15 26 69 -1 15 17 37 89 -1 40 55 63 95 -1 16 18 72 98 -1 -2
36 44 74 96 -1 24 35 64 85 -1 15 32 58 65 -1 18 47 67 76 -1 1 58 93 95 -1 3 49 50 69 -1 24 35 49 70 -1 -2
4 5 45 86 -1 1 12 37 61 -1 10 16 61 81 -1 24 26 29 48 -1 19 23 40 97 -1 16 67 68 73 -1 47 54 73 82 -1 41 55 58 76 -1 11 34 73 82 -1 56 71 83 97 -1 -2
48 95 96 99 -1 13 24 86 91 -1 34 37 62 71 -1 19 54 58 90 -1 6 27 59 92 -1 4 17 23 33 -1 27 61 65 72 -1 15 24 32 39 -1 5 14 44 57 -1 31 42 69 83 -1 -2
45 74 84 93 -1 25 33 52 87 -1 42 51 77 89 -1 9 32 44 86 -1 9 53 77 99 -1 57 64 65 71 -1 17 54 81 88 -1 38 62 88 93 -1 -2
6 12 15 61 -1 7 14 28 93 -1 50 62 89 94 -1 42 47 77 98 -1 26 50 86 91 -1 -2
2 61 91 97 -1 8 19 52 85 -1 8 21 56 86 -1 24 28 76 79 -1 27 30 87 89 -1 8 24 69 97 -1 28 44 56 85 -1 34 85 88 91 -1 -2
50 60 89 100 -1 14 40 63 64 -1 14 24 84 91 -1 19 48 84 86 -1 -2
8 52 81 99 -1 26 74 97 98 -1 22 30 47 91 -1 21 46 56 98 -1 64 76 80 83 -1 47 71 74 94 -1 -2
25 46 48 68 -1 12 47 93 98 -1 4 33 34 99 -1 22 39 51 84 -1 28 29 52 70 -1 23 29 40 77 -1 25 30 71 86 -1 -2
3 42 89 97 -1 19 34 72 77 -1 8 30 70 88 -1 2 35 94 100 -1 -2
3 8 75 84 -1 -2
35 43 67 83 -1 19 22 70 71 -1 2 43 67 96 -1 9 41 51 53 -1 44 66 85 94 -1 11 16 36 64 -1 1 28 32 90 -1 10 17 42 77 -1 11 13 17 49 -1 33 49 61 82 -1 -2
33 48 53 68 -1 -2
21 37 57 87 -1 22 45 67 78 -1 15 18 35 63 -1 1 10 32 49 -1 13 21 72 99 -1 31 68 72 90 -1 53 54 59 100 -1 33 51 67 95 -1 19 22 23 79 -1 -2
28 32 45 56 -1 -2
23 31 69 93 -1 21 54 75 83 -1 14 18 58 88 -1 36 46 71 100 -1 16 18 81 82 -1 6 11 16 48 -1 -2
7 32 37 42 -1 53 56 72 73 -1 19 20 83 85 -1 5 8 70 89 -1 6 12 65 81 -1 17 86 91 97 -1 1 18 72 98 -1 51 58 67 84 -1 -2
10 12 13 47 -1 28 47 63 95 -1 1 12 76 96 -1 5 9 14 36 -1 1 14 17 34 -1 5 43 56 94 -1 26 35 54 73 -1 26 49 64 65 -1 40 60 66 80 -1 57 67 86 93 -1 -2
9 26 32 55 -1 27 41 57 98 -1 6 24 51 82 -1 6 13 51 54 -1 -2
43 56 71 73 -1 14 24 70 75 -1 29 47 71 82 -1 56 60 66 74 -1 13 57 62 89 -1 18 56 64 70 -1 23 55 75 99 -1 6 25 27 58 -1 12 34 73 98 -1 12 39 43 70 -1 -2
10 17 46 48 -1 12 21 75 90 -1 45 46 65 87 -1 66 69 87 99 -1 7 16 21 65 -1 5 39 45 63 -1 33 34 54 82 -1 40 45 49 83 -1 37 55 56 79 -1 3 7 53 77 -1 -2
26 77 87 98 -1 39 69 91 95 -1 33 91 93 98 -1 4 15 16 51 -1 40 47 69 83 -1 7 38 48 70 -1 14 47 54 95 -1 4 72 79 88 -1 38 45 73 79 -1 -2
62 63 75 92 -1 14 33 62 83 -1 24 62 65 79 -1 31 49 67 89 -1 12 13 16 58 -1 7 36 37 46 -1 11 42 45 88 -1 46 94 96 97 -1 24 54 57 78 -1 -2
53 61 64 78 -1 1 36 48 72 -1 3 6 10 82 -1 5 17 79 85 -1 29 49 54 69 -1 28 54 59 65 -1 12 13 54 76 -1 43 49 73 94 -1 -2
6 13 21 23 -1 7 14 24 100 -1 16 21 23 77 -1 47 75 93 100 -1 29 47 88 98 -1 2 77 97 98 -1 31 42 49 84 -1 23 32 60 64 -1 3 35 50 55 -1 1 42 56 100 -1 -2
3 21 26 30 -1 38 39 67 84 -1 3 16 64 70 -1 6 11 39 55 -1 -2
5 45 89 95 -1 35 52 86 92 -1 12 45 76 93 -1 14 16 18 43 -1 9 11 18 50 -1 -2
5 32 67 78 -1 11 56 62 85 -1 8 56 65 74 -1 10 18 20 66 -1 6 29 32 36 -1 35 69 72 96 -1 -2
17 65 68 84 -1 26 28 43 64 -1 9 38 76 89 -1 -2
28 62 66 68 -1 9 48 50 90 -1 8 57 60 88 -1 29 37 48 84 -1 -2
13 39 74 79 -1 5 17 75 86 -1 20 24 29 78 -1 27 37 43 62 -1 34 36 51 100 -1 13 19 21 52 -1 25 59 81 98 -1 12 27 91 98 -1 -2
7 37 66 68 -1 2 13 68 99 -1 24 33 42 77 -1 7 52 82 90 -1 12 30 60 88 -1 22 23 57 72 -1 29 50 57 70 -1 9 12 35 87 -1 53 78 86 94 -1 15 16 70 72 -1 -2
6 45 49 75 -1 14 54 55 97 -1 -2
3 22 58 96 -1 36 44 79 94 -1 16 38 40 76 -1 67 76 82 93 -1 44 67 92 97 -1 8 40 81 93 -1 10 72 92 96 -1 1 64 74 88 -1 16 57 74 91 -1 31 73 81 86 -1 -2
24 42 44 69 -1 12 25 26 49 -1 32 37 79 89 -1 -2
9 13 37 90 -1 17 41 58 97 -1 69 79 81 89 -1 15 72 78 99 -1 26 30 43 70 -1 -2
21 32 35 68 -1 39 55 58 63 -1 56 67 73 94 -1 11 62 70 100 -1 2 3 82 84 -1 53 54 78 100 -1 -2
4 33 97 100 -1 5 42 46 50 -1 5 7 54 61 -1 23 32 53 78 -1 8 34 71 100 -1 2 47 51 68 -1 15 16 45 88 -1 26 29 49 89 -1 7 23 63 92 -1 -2
39 44 62 89 -1 -2
7 19 75 87 -1 19 69 83 84 -1 14 48 75 95 -1 12 49 82 97 -1 13 29 80 100 -1 50 63 69 88 -1 23 44 53 95 -1 49 61 71 84 -1 32 37 69 96 -1 -2
28 90 94 98 -1 14 47 50 74 -1 10 51 57 77 -1 2 30 31 74 -1 17 36 44 70 -1 8 91 97 100 -1 55 77 79 97 -1 30 44 52 83 -1 -2
25 30 72 89 -1 22 58 70 80 -1 12 25 61 67 -1 38 59 76 90 -1 24 49 58 98 -1 8 13 23 96 -1 55 62 68 69 -1 11 16 22 25 -1 -2
1 34 41 66 -1 1 30 32 38 -1 45 66 82 96 -1 3 40 60 100 -1 16 50 53 63 -1 15 45 72 82 -1 17 18 28 33 -1 -2
24 54 83 88 -1 56 61 65 92 -1 8 16 79 80 -1 13 31 36 56 -1 -2
17 22 31 47 -1 9 17 32 44 -1 17 48 78 87 -1 7 20 28 86 -1 6 59 75 76 -1 45 64 67 91 -1 1 2 49 95 -1 41 77 84 99 -1 14 24 62 100 -1 15 55 64 65 -1 -2
30 33 36 52 -1 28 50 83 98 -1 5 6 58 95 -1 2 4 17 52 -1 31 59 79 83 -1 19 46 57 67 -1 46 50 67 87 -1 28 36 39 77 -1 16 30 67 77 -1 -2
15 53 65 96 -1 44 65 90 98 -1 8 18 30 49 -1 13 68 70 88 -1 16 47 72 94 -1 9 25 72 77 -1 6 28 46 76 -1 15 25 56 96 -1 29 47 57 97 -1 10 24 74 76 -1 -2
3 22 27 65 -1 51 58 71 86 -1 17 42 64 93 -1 39 62 71 82 -1 3 36 85 96 -1 -2
18 41 71 91 -1 11 29 35 52 -1 -2
4 30 83 84 -1 2 21 59 99 -1 7 37 86 93 -1 65 73 77 82 -1 40 52 59 69 -1 -2
14 23 71 100 -1 12 32 46 55 -1 33 34 39 87 -1 23 35 73 75 -1 2 14 61 97 -1 69 91 94 96 -1 9 58 67 85 -1 25 31 38 63 -1 15 73 84 90 -1 -2
38 58 71 98 -1 2 41 92 93 -1 14 17 41 92 -1 18 74 77 88 -1 3 6 21 70 -1 4 48 54 68 -1 13 14 33 93 -1 26 58 83 85 -1 26 63 66 75 -1 -2
36 38 95 97 -1 50 51 55 56 -1 78 87 95 98 -1 15 35 52 95 -1 3 27 40 67 -1 1 12 31 69 -1 11 30 53 90 -1 35 53 66 85 -1 41 56 57 75 -1 -2
1 52 59 87 -1 14 22 36 86 -1 23 83 93 95 -1 55 75 78 94 -1 44 54 62 74 -1 3 29 38 67 -1 16 20 23 85 -1 35 56 69 77 -1 -2
59 61 78 94 -1 -2
5 13 92 99 -1 6 17 68 96 -1 20 76 83 84 -1 2 29 52 63 -1 42 74 90 97 -1 38 44 67 73 -1 -2
11 40 49 87 -1 11 27 46 69 -1 8 58 60 65 -1 8 31 53 80 -1 10 13 24 28 -1 24 39 51 74 -1 23 40 55 75 -1 7 12 62 85 -1 -2
23 80 89 100 -1 24 56 95 96 -1 35 52 78 82 -1 -2
3 15 47 62 -1 7 20 29 84 -1 1 35 60 97 -1 13 43 54 55 -1 6 65 67 95 -1 47 55 58 100 -1 9 42 74 94 -1 2 24 46 66 -1 12 18 27 39 -1 -2
20 24 39 40 -1 56 61 74 80 -1 2 31 38 72 -1 22 37 46 66 -1 13 20 37 94 -1 18 29 55 90 -1 5 24 50 91 -1 -2
76 80 91 97 -1 14 25 68 73 -1 -2
10 15 16 89 -1 26 46 51 68 -1 32 68 70 80 -1 9 43 51 81 -1 18 32 65 98 -1 23 43 65 66 -1 18 70 72 74 -1 1 17 53 65 -1 18 39 87 96 -1 1 2 7 97 -1 -2
8 22 29 80 -1 3 24 49 94 -1 35 56 86 90 -1 19 56 93 97 -1 6 61 76 78 -1 61 71 83 98 -1 3 33 49 56 -1 6 33 55 72 -1 -2
67 97 98 99 -1 27 47 58 65 -1 16 36 65 78 -1 28 55 76 96 -1 27 34 40 95 -1 38 56 70 86 -1 -2
8 16 26 70 -1 1 22 35 66 -1 32 36 65 82 -1 27 37 47 82 -1 29 79 89 100 -1 64 72 76 100 -1 34 40 50 91 -1 29 45 75 76 -1 20 60 71 74 -1 8 9 65 70 -1 -2
12 52 83 98 -1 45 65 78 85 -1 8 35 78 82 -1 12 19 56 66 -1 -2
10 12 27 92 -1 2 32 43 62 -1 19 35 60 93 -1 26 28 45 67 -1 7 60 75 77 -1 11 26 28 43 -1 -2
3 6 69 99 -1 18 29 47 81 -1 29 59 62 74 -1 -2
5 57 81 93 -1 -2
3 61 91 97 -1 30 49 64 99 -1 3 82 84 95 -1 12 19 29 55 -1 -2
30 60 64 65 -1 26 70 83 89 -1 9 33 43 81 -1 -2
2 24 30 60 -1 7 11 26 64 -1 46 47 64 80 -1 6 77 82 86 -1 47 74 82 94 -1 4 14 71 73 -1 40 43 62 64 -1 -2
10 40 84 96 -1 5 29 48 90 -1 -2
13 22 69 76 -1 35 73 75 90 -1 51 60 66 90 -1 -2
19 31 36 85 -1 17 26 50 72 -1 17 53 70 86 -1 2 57 58 97 -1 9 22 36 74 -1 10 36 82 100 -1 -2
17 58 60 72 -1 4 13 33 52 -1 7 24 40 80 -1 4 8 62 75 -1 -2
29 41 58 79 -1 -2
5 8 73 82 -1 11 54 69 92 -1 14 61 96 98 -1 6 61 75 91 -1 2 13 96 98 -1 -2
4 34 60 83 -1 -2
49 73 76 84 -1 5 9 83 92 -1 6 35 64 87 -1 2 20 61 78 -1 19 32 37 66 -1 2 8 30 35 -1 24 59 85 92 -1 52 53 60 76 -1 -2
19 58 70 82 -1 27 39 75 100 -1 19 49 50 68 -1 47 60 80 96 -1 3 53 58 97 -1 42 55 63 91 -1 20 37 64 86 -1 -2
6 28 37 98 -1 10 16 28 87 -1 16 38 97 99 -1 13 20 30 31 -1 15 36 52 99 -1 -2
8 18 29 82 -1 -2
57 84 87 98 -1 23 42 43 46 -1 38 80 82 99 -1 1 26 33 95 -1 28 30 42 94 -1 21 49 53 62 -1 6 22 33 74 -1 4 41 84 98 -1 8 14 27 98 -1 -2
18 19 30 91 -1 22 29 33 83 -1 34 36 56 79 -1 5 75 81 88 -1 24 25 55 92 -1 9 37 52 93 -1 33 37 72 96 -1 8 11 21 75 -1 25 49 69 99 -1 48 54 62 90 -1 -2
37 68 78 94 -1 16 86 89 90 -1 -2
19 44 79 91 -1 6 20 65 81 -1 20 49 57 78 -1 -2
34 41 70 93 -1 12 19 24 69 -1 18 33 62 65 -1 8 16 26 66 -1 42 61 82 97 -1 13 25 53 82 -1 36 62 69 83 -1 27 40 53 69 -1 18 49 56 83 -1 27 48 69 92 -1 -2
5 60 63 86 -1 -2
7 47 48 68 -1 4 37 63 74 -1 6 15 32 59 -1 46 67 83 98 -1 5 43 76 84 -1 16 17 28 41 -1 7 19 39 57 -1 18 26 69 74 -1 4 33 51 97 -1 20 22 38 48 -1 -2
9 13 51 89 -1 -2
12 85 89 95 -1 59 69 72 95 -1 8 20 82 93 -1 -2
32 35 69 86 -1 29 30 64 67 -1 3 17 47 77 -1 31 39 84 98 -1 -2
27 51 98 100 -1 8 47 82 98 -1 41 62 68 88 -1 36 60 61 96 -1 29 53 63 68 -1 7 47 49 83 -1 -2
51 52 76 82 -1 15 19 29 55 -1 -2
17 36 82 92 -1 15 36 76 85 -1 10 13 46 81 -1 7 19 72 80 -1 -2
10 43 53 88 -1 -2
22 27 45 56 -1 -2
5 21 41 59 -1 6 10 91 95 -1 34 48 54 73 -1 11 36 60 76 -1 8 28 54 83 -1 8 20 60 90 -1 34 58 86 96 -1 -2
1 34 64 89 -1 14 39 50 68 -1 24 40 85 97 -1 11 41 53 56 -1 51 67 71 100 -1 8 11 37 73 -1 53 79 80 97 -1 -2
28 33 35 38 -1 46 58 82 95 -1 11 13 39 87 -1 11 25 28 82 -1 35 43 57 81 -1 34 57 64 84 -1 21 23 31 81 -1 23 32 52 56 -1 -2
6 14 70 88 -1 13 27 66 98 -1 54 64 88 99 -1 -2
8 30 43 61 -1 7 58 94 98 -1 44 62 87 100 -1 20 32 63 92 -1 -2
37 65 81 86 -1 12 38 77 97 -1 15 20 47 73 -1 -2
4 40 58 84 -1 8 41 67 70 -1 17 23 43 71 -1 -2
26 45 51 85 -1 27 29 42 64 -1 -2
1 40 62 76 -1 9 16 34 81 -1 14 23 72 77 -1 30 55 87 90 -1 -2
12 13 39 43 -1 20 37 66 80 -1 16 70 71 82 -1 30 39 44 57 -1 14 27 44 95 -1 -2
4 20 32 34 -1 8 38 53 85 -1 29 57 71 82 -1 4 14 55 100 -1 5 45 52 70 -1 26 42 47 87 -1 -2
3 10 61 87 -1 43 73 97 99 -1 1 43 57 87 -1 12 23 55 59 -1 58 70 81 94 -1 7 16 58 85 -1 -2
47 52 53 92 -1 -2
15 48 73 95 -1 3 6 34 92 -1 11 20 78 89 -1 36 45 59 98 -1 3 26 58 83 -1 -2
19 92 93 97 -1 11 24 36 54 -1 13 69 91 99 -1 9 19 28 76 -1 15 32 43 83 -1 16 32 37 78 -1 1 4 66 80 -1 29 35 52 59 -1 6 34 47 61 -1 61 62 86 99 -1 -2
1 17 68 92 -1 14 27 28 58 -1 -2
36 41 52 99 -1 4 18 62 76 -1 2 33 49 78 -1 9 30 82 96 -1 18 35 38 80 -1 -2
40 43 70 87 -1 28 54 59 67 -1 7 52 82 96 -1 5 18 30 86 -1 17 37 46 96 -1 13 23 24 62 -1 27 40 42 87 -1 -2
48 51 80 100 -1 2 6 40 61 -1 25 59 67 99 -1 22 61 63 82 -1 1 6 25 98 -1 -2
9 48 62 100 -1 4 14 26 92 -1 14 43 46 49 -1 -2
38 45 83 98 -1 12 78 82 94 -1 8 23 54 78 -1 15 24 55 67 -1 18 42 77 99 -1 13 15 88 91 -1 25 53 71 74 -1 -2
17 19 66 99 -1 24 34 35 96 -1 2 18 22 37 -1 20 37 50 71 -1 7 25 76 82 -1 34 37 53 100 -1 17 70 88 99 -1 9 22 35 96 -1 34 71 73 100 -1 4 22 27 84 -1 -2
10 28 55 73 -1 37 61 75 85 -1 25 31 59 76 -1 51 56 86 92 -1 9 59 72 98 -1 51 55 67 97 -1 2 14 26 80 -1 25 32 74 86 -1 20 27 34 59 -1 5 19 57 59 -1 -2
36 42 63 78 -1 21 47 76 91 -1 9 53 91 93 -1 26 41 96 97 -1 -2
29 66 70 71 -1 -2
13 16 70 93 -1 -2
37 61 65 94 -1 9 76 79 86 -1 40 57 65 82 -1 33 36 37 68 -1 42 44 53 76 -1 8 46 83 84 -1 24 35 51 89 -1 10 56 61 69 -1 49 53 77 90 -1 -2
23 34 55 82 -1 51 53 73 81 -1 25 41 83 90 -1 25 52 65 83 -1 6 29 53 55 -1 24 36 67 73 -1 -2
50 56 57 88 -1 28 80 90 99 -1 12 27 30 31 -1 18 40 53 66 -1 10 48 55 71 -1 51 55 71 96 -1 4 28 82 86 -1 13 19 29 64 -1 1 27 48 69 -1 -2
3 29 45 79 -1 36 49 64 92 -1 5 30 55 56 -1 18 32 69 80 -1 54 79 92 98 -1 5 38 85 98 -1 13 45 59 69 -1 2 28 31 52 -1 -2
13 54 57 76 -1 12 56 86 90 -1 3 46 57 85 -1 6 11 22 40 -1 32 42 90 95 -1 11 16 30 58 -1 25 33 40 89 -1 40 57 76 90 -1 -2
17 42 53 77 -1 5 31 33 41 -1 37 51 52 90 -1 1 24 46 69 -1 44 65 67 82 -1 20 64 85 100 -1 -2
5 47 84 94 -1 19 32 38 95 -1 -2
17 36 82 87 -1 34 37 74 75 -1 32 37 62 74 -1 13 44 63 100 -1 8 55 59 95 -1 -2
14 70 77 80 -1 4 20 43 76 -1 34 57 58 96 -1 -2
6 19 45 84 -1 21 26 91 93 -1 2 10 58 87 -1 31 52 75 93 -1 18 47 48 59 -1 16 23 34 57 -1 -2
59 61 85 93 -1 -2
25 26 47 52 -1 22 46 88 100 -1 38 43 94 99 -1 28 42 48 55 -1 20 36 48 86 -1 38 49 53 57 -1 -2
17 53 59 97 -1 19 37 53 97 -1 15 19 46 77 -1 8 29 35 95 -1 15 40 46 98 -1 13 28 44 47 -1 -2
18 50 93 97 -1 3 74 78 91 -1 11 35 51 93 -1 12 45 58 61 -1 13 29 59 89 -1 17 18 60 96 -1 40 83 98 100 -1 27 33 51 87 -1 9 30 49 85 -1 20 31 32 43 -1 -2
11 20 37 75 -1 13 44 52 54 -1 3 26 71 86 -1 49 53 72 76 -1 63 70 72 78 -1 30 67 73 92 -1 7 24 63 100 -1 -2
4 41 45 66 -1 10 71 77 96 -1 6 24 52 77 -1 21 57 82 84 -1 2 21 88 98 -1 21 27 66 89 -1 49 58 64 96 -1 42 58 73 85 -1 4 12 37 76 -1 -2
6 23 25 58 -1 4 7 63 71 -1 14 54 91 97 -1 39 46 53 74 -1 10 16 28 73 -1 19 27 39 81 -1 22 54 55 70 -1 24 40 55 72 -1 60 65 80 86 -1 -2
26 44 82 89 -1 5 21 40 86 -1 -2
18 48 55 92 -1 8 46 47 63 -1 65 80 84 86 -1 28 29 38 78 -1 51 53 79 100 -1 12 17 45 80 -1 1 31 69 85 -1 7 27 45 54 -1 5 9 29 48 -1 -2
28 34 36 48 -1 18 46 56 79 -1 2 5 52 93 -1 5 29 62 70 -1 11 33 35 50 -1 10 46 56 91 -1 15 20 38 86 -1 -2
12 20 33 53 -1 1 14 65 100 -1 12 15 18 37 -1 28 46 50 66 -1 3 33 40 68 -1 7 8 29 46 -1 7 31 54 94 -1 7 63 74 76 -1 20 41 71 78 -1 -2
6 32 70 80 -1 19 62 96 100 -1 14 27 84 87 -1 35 60 71 78 -1 33 72 96 99 -1 7 79 86 99 -1 42 49 68 87 -1 66 72 90 100 -1 -2
7 30 55 69 -1 14 63 79 100 -1 23 63 67 95 -1 10 18 42 49 -1 45 78 84 88 -1 5 15 40 61 -1 27 41 54 75 -1 24 33 81 89 -1 43 68 69 71 -1 -2
34 35 42 95 -1 24 66 72 79 -1 31 52 82 91 -1 31 33 36 49 -1 51 57 63 97 -1 25 30 32 55 -1 22 43 56 99 -1 -2
8 27 49 51 -1 20 36 60 76 -1 5 34 36 70 -1 43 51 80 83 -1 8 27 58 83 -1 13 23 30 85 -1 -2
54 64 92 98 -1 35 37 74 76 -1 13 39 44 83 -1 4 67 73 88 -1 17 87 90 100 -1 -2
4 64 67 79 -1 46 57 59 79 -1 -2
7 9 28 36 -1 38 77 79 98 -1 17 43 61 74 -1 11 49 74 88 -1 40 46 49 98 -1 13 21 72 96 -1 7 54 62 100 -1 19 20 34 66 -1 6 48 60 78 -1 -2
28 33 47 77 -1 2 52 57 75 -1 34 42 90 92 -1 2 6 67 74 -1 18 20 67 97 -1 54 67 95 98 -1 13 83 92 93 -1 31 33 55 89 -1 -2
3 27 71 73 -1 -2
1 63 81 99 -1 24 27 28 51 -1 1 8 34 77 -1 22 39 45 94 -1 28 29 36 44 -1 48 64 67 76 -1 9 66 67 100 -1 11 23 39 81 -1 41 45 50 65 -1 -2
21 48 84 85 -1 12 22 52 82 -1 23 42 68 85 -1 -2
10 23 52 99 -1 13 14 27 42 -1 7 18 31 44 -1 17 18 32 41 -1 3 32 33 53 -1 -2
20 26 67 78 -1 18 41 53 72 -1 22 44 50 54 -1 7 28 48 56 -1 1 37 89 92 -1 11 12 32 99 -1 2 18 21 76 -1 -2
77 85 91 98 -1 11 48 75 99 -1 34 36 48 86 -1 7 17 49 78 -1 8 10 34 87 -1 18 24 48 60 -1 -2
17 27 48 93 -1 3 36 81 83 -1 8 55 83 86 -1 10 32 33 75 -1 -2
21 23 26 93 -1 43 49 92 98 -1 15 24 37 40 -1 34 35 59 89 -1 13 16 17 40 -1 62 70 75 79 -1 21 22 23 87 -1 27 48 55 83 -1 11 14 71 83 -1 20 22 45 93 -1 -2
19 39 40 41 -1 18 77 81 90 -1 55 60 87 90 -1 55 60 74 98 -1 6 8 18 75 -1 10 28 51 72 -1 26 34 82 87 -1 53 65 72 90 -1 1 35 49 77 -1 20 22 56 78 -1 -2
30 87 89 91 -1 -2
7 22 50 63 -1 -2
7 23 73 79 -1 8 65 74 87 -1 10 54 57 73 -1 2 11 17 21 -1 6 15 18 70 -1 5 33 47 63 -1 14 26 75 96 -1 -2
4 54 70 75 -1 -2
16 19 64 66 -1 17 23 53 66 -1 11 15 25 71 -1 4 28 30 42 -1 32 46 56 59 -1 -2
2 49 66 76 -1 3 19 77 88 -1 3 14 35 76 -1 4 32 43 88 -1 -2
33 50 75 94 -1 36 51 65 69 -1 18 31 45 91 -1 21 36 71 97 -1 41 42 67 89 -1 17 21 76 98 -1 25 30 76 91 -1 -2
3 56 77 91 -1 26 56 62 98 -1 27 37 43 53 -1 20 34 44 73 -1 -2
6 47 62 88 -1 18 52 68 72 -1 25 27 43 81 -1 3 32 37 75 -1 42 49 59 73 -1 20 27 30 75 -1 7 17 51 93 -1 9 37 50 81 -1 42 55 67 74 -1 -2
7 52 78 97 -1 9 50 58 83 -1 41 74 91 97 -1 8 18 37 82 -1 23 27 37 50 -1 2 34 61 63 -1 -2
11 33 67 98 -1 23 40 56 94 -1 12 41 55 93 -1 -2
3 37 54 74 -1 13 76 81 98 -1 9 44 80 86 -1 5 48 66 94 -1 5 34 62 64 -1 18 79 80 98 -1 11 29 49 81 -1 56 79 81 92 -1 16 37 66 79 -1 -2
10 14 42 59 -1 61 62 71 80 -1 1 20 67 96 -1 25 46 54 75 -1 1 27 60 90 -1 11 49 78 92 -1 10 20 75 88 -1 16 46 81 90 -1 54 70 83 96 -1 4 15 29 82 -1 -2
38 45 62 71 -1 4 58 70 80 -1 30 56 57 87 -1 21 24 51 86 -1 20 28 30 85 -1 36 39 49 75 -1 18 31 53 97 -1 -2
6 9 83 85 -1 23 66 82 96 -1 13 17 77 82 -1 17 41 74 95 -1 18 70 72 86 -1 19 26 31 87 -1 5 46 50 84 -1 34 39 50 98 -1 -2
10 29 37 90 -1 41 48 63 73 -1 9 14 61 76 -1 3 13 45 79 -1 -2
37 57 81 85 -1 6 27 30 65 -1 10 46 59 74 -1 13 22 54 82 -1 23 29 39 87 -1 7 15 31 53 -1 17 63 70 87 -1 2 4 8 26 -1 1 22 47 67 -1 -2
26 53 69 88 -1 2 50 63 95 -1 6 48 49 81 -1 -2
19 72 74 83 -1 -2
13 39 58 83 -1 12 14 41 90 -1 7 14 49 85 -1 -2
3 10 28 83 -1 35 53 60 76 -1 7 25 32 85 -1 6 8 58 72 -1 -2
11 68 74 83 -1 3 22 38 46 -1 12 15 38 65 -1 21 32 42 62 -1 2 12 19 61 -1 28 38 44 71 -1 32 50 56 69 -1 -2
17 18 19 48 -1 11 23 36 42 -1 27 49 88 93 -1 38 53 85 93 -1 8 26 49 68 -1 22 26 42 69 -1 9 23 49 59 -1 -2
31 36 76 77 -1 4 30 67 84 -1 23 27 54 60 -1 8 26 29 72 -1 7 39 55 61 -1 22 46 62 78 -1 5 36 38 79 -1 29 40 52 61 -1 -2
23 32 80 83 -1 -2
31 58 72 76 -1 7 69 73 78 -1 40 41 57 77 -1 7 19 20 51 -1 -2
4 25 59 92 -1 29 46 50 96 -1 46 57 68 95 -1 -2
9 39 58 59 -1 22 46 51 59 -1 34 63 87 91 -1 16 40 43 62 -1 1 4 27 49 -1 25 39 54 66 -1 32 53 54 66 -1 -2
25 47 54 95 -1 -2
17 24 28 99 -1 26 61 73 86 -1 37 46 57 79 -1 -2
5 36 69 100 -1 4 23 27 48 -1 16 28 43 78 -1 -2
30 57 60 81 -1 19 28 52 77 -1 24 35 72 76 -1 70 87 92 96 -1 9 53 56 67 -1 13 23 48 55 -1 -2
8 34 60 81 -1 9 19 49 72 -1 -2
19 22 27 31 -1 45 84 85 93 -1 31 38 48 55 -1 34 67 72 97 -1 -2
1 30 90 99 -1 14 34 85 89 -1 45 54 68 93 -1 -2
2 3 65 91 -1 2 31 70 75 -1 23 33 49 85 -1 2 5 48 54 -1 7 49 77 83 -1 5 21 42 67 -1 -2
19 41 59 68 -1 24 47 49 98 -1 3 6 87 97 -1 70 75 85 98 -1 5 42 67 100 -1 7 8 70 84 -1 -2
15 68 73 92 -1 4 41 79 81 -1 40 45 49 88 -1 -2
5 22 31 97 -1 40 49 54 70 -1 4 41 43 44 -1 6 38 39 85 -1 -2
14 20 47 71 -1 16 23 59 72 -1 44 48 73 83 -1 23 47 49 81 -1 57 69 75 86 -1 36 53 54 89 -1 8 87 98 100 -1 2 8 44 89 -1 7 16 55 57 -1 -2
32 38 44 68 -1 24 51 61 66 -1 22 23 36 97 -1 -2
19 55 60 67 -1 15 32 57 61 -1 6 37 84 97 -1 9 19 54 84 -1 11 66 88 90 -1 23 39 47 78 -1 11 21 63 89 -1 49 68 70 81 -1 26 63 91 98 -1 -2
37 56 84 94 -1 18 27 85 96 -1 20 21 27 37 -1 1 10 36 78 -1 1 13 16 20 -1 57 58 77 98 -1 -2
12 23 30 61 -1 42 72 79 80 -1 3 4 64 68 -1 9 21 67 84 -1 35 47 53 91 -1 -2
28 38 48 77 -1 -2
1 44 46 69 -1 33 49 56 57 -1 -2
35 50 52 58 -1 4 24 43 64 -1 5 23 60 94 -1 28 30 63 68 -1 14 52 79 91 -1 61 89 94 99 -1 20 46 75 88 -1 -2
5 52 86 88 -1 14 48 54 63 -1 38 49 50 66 -1 3 22 75 78 -1 -2
44 79 83 85 -1 20 24 47 61 -1 9 38 54 65 -1 25 45 58 61 -1 -2
21 41 62 72 -1 1 21 47 73 -1 4 25 32 53 -1 37 63 75 91 -1 -2
13 29 42 78 -1 18 43 63 68 -1 21 44 92 95 -1 75 77 82 96 -1 28 34 62 72 -1 41 71 83 84 -1 39 64 69 74 -1 17 86 89 90 -1 7 42 47 56 -1 11 29 76 100 -1 -2
4 37 67 99 -1 52 57 77 99 -1 -2
39 50 53 80 -1 46 49 70 95 -1 -2
3 43 61 95 -1 33 47 82 98 -1 30 33 39 47 -1 27 33 42 68 -1 28 50 68 88 -1 -2
13 41 51 72 -1 29 44 61 65 -1 13 39 47 91 -1 7 57 61 87 -1 55 81 88 96 -1 15 70 71 75 -1 2 13 52 78 -1 45 51 62 95 -1 8 56 83 98 -1 34 73 85 88 -1 -2
23 44 63 84 -1 11 12 18 54 -1 26 49 74 85 -1 25 44 83 85 -1 15 36 44 92 -1 -2
30 50 97 99 -1 26 45 54 90 -1 8 28 43 66 -1 27 61 81 97 -1 39 55 75 90 -1 3 9 37 81 -1 11 35 46 94 -1 13 16 65 77 -1 1 30 41 85 -1 4 31 46 71 -1 -2
49 70 75 79 -1 2 9 67 77 -1 7 25 59 99 -1 5 58 62 74 -1 12 27 44 85 -1 -2
9 49 60 98 -1 -2
1 13 52 79 -1 16 29 48 69 -1 -2
3 11 12 78 -1 4 6 21 81 -1 9 12 49 87 -1 3 26 47 96 -1 5 27 63 82 -1 1 40 75 77 -1 11 35 82 97 -1 5 11 34 78 -1 20 22 30 41 -1 -2
19 32 41 88 -1 11 30 39 64 -1 1 3 7 14 -1 11 51 92 93 -1 -2
39 64 74 89 -1 17 42 59 96 -1 41 44 50 86 -1 7 21 54 71 -1 35 51 60 77 -1 17 32 66 79 -1 -2
4 33 34 64 -1 5 42 83 96 -1 9 16 44 89 -1 4 8 35 84 -1 2 6 19 48 -1 41 65 80 82 -1 8 45 51 64 -1 3 30 52 68 -1 19 26 52 82 -1 -2
15 35 49 81 -1 32 59 89 98 -1 12 32 77 94 -1 13 24 31 47 -1 9 72 87 100 -1 6 10 13 73 -1 5 15 32 70 -1 -2
20 43 92 94 -1 29 62 67 78 -1 35 41 75 78 -1 16 34 39 85 -1 -2
20 42 61 79 -1 77 89 99 100 -1 11 65 66 70 -1 13 25 61 99 -1 12 49 75 98 -1 2 4 33 78 -1 59 61 70 96 -1 1 43 67 72 -1 25 30 90 99 -1 -2
16 35 44 49 -1 25 42 61 62 -1 8 61 64 97 -1 24 54 59 94 -1 26 40 42 43 -1 6 26 43 85 -1 42 46 58 100 -1 -2
15 16 18 45 -1 26 41 48 62 -1 32 46 49 100 -1 -2
34 42 43 60 -1 10 32 66 85 -1 -2
6 20 42 64 -1 49 57 67 89 -1 42 47 54 96 -1 23 54 94 98 -1 5 53 70 89 -1 14 25 33 86 -1 -2
28 38 60 94 -1 76 77 87 89 -1 7 22 79 82 -1 43 46 74 78 -1 2 51 94 100 -1 9 22 76 94 -1 4 20 33 89 -1 34 39 73 94 -1 43 51 67 98 -1 -2
38 42 43 73 -1 -2
9 21 74 87 -1 -2
12 19 25 80 -1 41 56 58 95 -1 -2
20 60 71 100 -1 1 52 58 99 -1 22 85 90 91 -1 11 56 75 91 -1 19 29 77 78 -1 -2
31 37 43 74 -1 14 82 88 90 -1 8 43 46 82 -1 21 30 71 87 -1 -2
45 80 82 92 -1 18 32 81 100 -1 3 21 57 89 -1 13 36 73 93 -1 21 38 67 87 -1 -2
9 23 32 66 -1 15 68 93 94 -1 50 52 63 86 -1 -2
58 59 66 97 -1 4 9 60 81 -1 40 60 97 99 -1 38 60 78 80 -1 21 23 53 87 -1 43 74 87 88 -1 36 48 78 91 -1 15 30 31 93 -1 5 46 49 72 -1 1 51 67 78 -1 -2
52 54 73 77 -1 18 71 75 100 -1 18 55 74 91 -1 3 51 67 78 -1 1 48 63 67 -1 19 63 70 72 -1 16 25 42 43 -1 7 15 24 89 -1 10 54 74 96 -1 21 54 64 88 -1 -2
17 44 45 84 -1 21 46 62 72 -1 6 16 25 76 -1 49 64 93 100 -1 10 11 16 70 -1 26 30 59 91 -1 8 25 40 96 -1 3 57 90 93 -1 -2
17 38 46 77 -1 2 8 33 99 -1 9 32 77 82 -1 32 40 92 100 -1 17 79 85 88 -1 4 20 34 59 -1 26 62 69 93 -1 13 53 57 86 -1 12 20 50 63 -1 23 29 86 96 -1 -2
13 14 38 99 -1 23 64 73 97 -1 37 48 80 84 -1 16 32 48 66 -1 17 55 66 96 -1 7 8 22 100 -1 6 79 93 98 -1 3 21 45 59 -1 -2
21 68 87 100 -1 72 95 96 97 -1 19 40 56 78 -1 -2
6 32 49 91 -1 9 13 45 48 -1 11 57 88 90 -1 25 47 54 67 -1 -2
23 37 57 87 -1 5 10 48 81 -1 45 53 60 62 -1 32 45 56 69 -1 -2
5 6 10 23 -1 21 74 96 99 -1 -2
30 31 34 41 -1 14 49 52 77 -1 45 54 80 100 -1 36 68 95 97 -1 31 41 58 87 -1 1 24 78 91 -1 41 50 51 95 -1 12 26 83 100 -1 14 42 59 84 -1 9 26 82 97 -1 -2
10 36 40 97 -1 6 49 71 96 -1 14 22 58 61 -1 4 7 11 18 -1 29 56 74 95 -1 16 38 78 91 -1 5 32 49 75 -1 9 29 71 81 -1 17 60 64 66 -1 -2
4 44 51 85 -1 3 7 18 23 -1 15 18 44 69 -1 20 47 49 91 -1 -2
35 58 65 91 -1 1 5 6 63 -1 3 5 72 98 -1 -2
32 45 67 87 -1 -2
28 36 59 68 -1 20 26 39 97 -1 4 61 71 91 -1 72 75 76 81 -1 7 11 89 95 -1 3 42 46 83 -1 25 56 83 89 -1 -2
30 39 62 65 -1 4 48 55 97 -1 52 53 72 81 -1 5 27 72 76 -1 1 20 47 100 -1 16 32 82 96 -1 21 30 34 75 -1 60 74 94 99 -1 -2
11 29 62 77 -1 2 60 88 93 -1 1 6 39 91 -1 31 35 85 96 -1 25 28 50 55 -1 11 75 87 92 -1 -2
7 14 58 77 -1 27 61 68 78 -1 15 29 58 79 -1 -2
25 40 62 68 -1 18 57 74 97 -1 9 52 79 98 -1 23 47 62 98 -1 4 30 53 76 -1 23 46 62 82 -1 35 49 54 84 -1 -2
25 41 79 95 -1 40 66 82 94 -1 -2
30 42 52 80 -1 4 21 52 86 -1 8 39 62 64 -1 64 81 85 91 -1 10 43 44 79 -1 9 13 28 51 -1 25 52 64 73 -1 13 27 28 63 -1 10 23 33 48 -1 3 47 70 96 -1 -2
1 22 28 81 -1 9 23 53 78 -1 9 41 88 90 -1 52 60 78 99 -1 49 54 71 86 -1 4 57 59 67 -1 37 64 78 84 -1 14 17 35 51 -1 11 48 62 100 -1 42 49 54 76 -1 -2
16 40 73 80 -1 3 46 90 99 -1 3 5 21 91 -1 49 87 95 97 -1 50 66 70 83 -1 56 57 69 91 -1 -2
32 56 77 94 -1 3 17 83 99 -1 18 61 84 85 -1 13 21 89 90 -1 -2
14 23 55 60 -1 -2
6 11 52 94 -1 11 22 45 67 -1 26 53 57 78 -1 -2
7 14 45 70 -1 10 67 87 89 -1 -2
1 15 32 71 -1 1 3 8 15 -1 20 59 88 96 -1 7 20 44 88 -1 -2
42 47 61 93 -1 20 64 78 97 -1 8 21 34 45 -1 -2
16 39 88 95 -1 20 23 34 88 -1 3 34 47 77 -1 8 61 64 87 -1 14 47 64 76 -1 53 68 85 92 -1 -2
46 53 85 91 -1 16 28 45 71 -1 -2
25 45 56 89 -1 3 34 58 81 -1 28 32 86 88 -1 50 63 77 94 -1 8 21 43 51 -1 29 68 86 98 -1 5 51 52 57 -1 6 23 50 91 -1 66 74 75 90 -1 2 21 85 99 -1 -2
14 39 49 62 -1 48 65 74 97 -1 10 42 61 73 -1 43 54 75 80 -1 3 27 33 53 -1 21 28 57 67 -1 24 44 49 99 -1 -2
10 42 80 89 -1 -2
53 65 88 97 -1 35 53 67 87 -1 13 40 55 75 -1 15 57 59 95 -1 8 52 60 64 -1 8 25 66 82 -1 -2
50 66 86 92 -1 35 36 62 100 -1 1 80 82 92 -1 54 60 91 96 -1 -2
12 20 63 97 -1 58 68 94 96 -1 35 63 78 97 -1 28 37 52 82 -1 23 33 76 78 -1 21 54 70 99 -1 7 11 26 77 -1 9 22 29 69 -1 45 56 77 87 -1 -2
6 66 67 69 -1 29 41 65 75 -1 -2
12 40 45 91 -1 39 51 62 68 -1 29 81 82 85 -1 13 29 55 96 -1 2 9 38 55 -1 13 75 91 93 -1 5 39 41 100 -1 3 21 71 82 -1 -2
6 14 39 63 -1 6 10 44 81 -1 10 19 65 76 -1 35 70 76 82 -1 5 36 47 75 -1 -2
10 62 68 100 -1 1 6 14 36 -1 4 64 94 100 -1 26 37 48 73 -1 5 27 32 99 -1 38 47 51 60 -1 20 65 68 75 -1 8 9 28 70 -1 64 68 69 92 -1 11 48 90 97 -1 -2
6 7 74 90 -1 5 71 78 81 -1 12 24 72 81 -1 15 30 39 54 -1 16 32 69 90 -1 30 33 54 94 -1 16 33 76 95 -1 -2
51 62 69 78 -1 15 23 42 94 -1 60 69 80 89 -1 23 54 56 91 -1 1 74 91 93 -1 17 29 72 98 -1 28 42 83 93 -1 16 34 36 47 -1 37 40 51 94 -1 -2
59 64 72 95 -1 29 56 77 88 -1 17 25 35 84 -1 23 49 65 80 -1 43 59 66 100 -1 1 78 80 85 -1 -2
22 43 57 62 -1 21 24 43 81 -1 14 56 60 72 -1 21 29 76 96 -1 -2
2 37 64 67 -1 21 62 89 96 -1 18 24 75 79 -1 -2
1 5 64 75 -1 45 60 71 83 -1 3 65 78 95 -1 23 50 56 92 -1 13 23 66 94 -1 1 28 33 47 -1 14 40 69 86 -1 29 31 55 59 -1 45 51 63 93 -1 -2
11 30 56 89 -1 28 44 47 99 -1 55 62 74 100 -1 18 23 34 98 -1 5 31 93 94 -1 29 49 55 75 -1 29 37 67 85 -1 18 31 71 82 -1 18 35 50 91 -1 -2
11 72 77 80 -1 18 20 41 69 -1 35 42 70 81 -1 7 9 14 50 -1 42 80 91 93 -1 -2
63 75 78 100 -1 12 63 92 100 -1 30 63 64 69 -1 25 37 59 63 -1 34 64 78 84 -1 61 64 67 71 -1 -2
36 37 51 79 -1 18 80 95 96 -1 48 59 64 75 -1 14 29 50 67 -1 16 31 54 95 -1 14 52 60 66 -1 19 34 36 76 -1 17 54 56 93 -1 -2
80 93 94 97 -1 3 15 24 27 -1 53 59 67 93 -1 12 33 61 70 -1 14 43 53 87 -1 9 19 22 85 -1 28 77 80 99 -1 16 50 56 100 -1 15 61 94 97 -1 -2
1 40 60 90 -1 15 33 50 85 -1 -2
15 21 32 34 -1 47 49 59 88 -1 7 51 69 100 -1 17 27 37 39 -1 24 90 99 100 -1 2 9 47 76 -1 35 45 74 92 -1 40 57 74 92 -1 24 48 70 96 -1 15 37 69 89 -1 -2
49 91 92 99 -1 8 30 57 66 -1 15 64 72 85 -1 -2
47 65 81 83 -1 4 39 55 66 -1 6 9 13 70 -1 33 35 59 87 -1 20 42 79 80 -1 4 48 55 84 -1 3 21 32 33 -1 -2
21 23 75 98 -1 -2
35 64 66 90 -1 15 21 40 67 -1 23 31 49 61 -1 23 32 81 91 -1 24 79 84 91 -1 35 42 46 67 -1 27 52 67 92 -1 34 74 85 90 -1 19 24 41 96 -1 -2
5 42 78 95 -1 20 95 96 99 -1 43 47 69 96 -1 20 28 39 72 -1 -2
8 69 79 89 -1 4 11 55 59 -1 57 70 73 86 -1 6 38 57 60 -1 29 46 74 82 -1 15 52 72 87 -1 34 48 56 60 -1 4 80 92 95 -1 35 43 47 54 -1 26 36 47 67 -1 -2
9 51 67 97 -1 21 26 51 75 -1 -2
8 35 50 86 -1 10 13 67 85 -1 5 54 58 67 -1 37 40 86 88 -1 36 47 59 87 -1 35 43 48 56 -1 53 63 67 82 -1 18 65 67 94 -1 11 16 50 66 -1 62 76 86 96 -1 -2
11 71 72 74 -1 9 33 67 96 -1 37 48 82 90 -1 26 30 62 69 -1 7 25 37 65 -1 -2
6 13 21 47 -1 17 27 77 85 -1 33 53 86 98 -1 11 17 28 55 -1 4 26 42 96 -1 6 7 49 53 -1 5 44 80 88 -1 33 51 66 88 -1 22 73 86 93 -1 37 49 64 89 -1 -2
18 29 74 87 -1 4 26 53 55 -1 63 66 68 97 -1 18 52 60 76 -1 12 18 70 73 -1 15 36 98 100 -1 -2
3 12 53 63 -1 5 31 77 90 -1 28 34 70 86 -1 3 52 72 86 -1 16 39 71 94 -1 3 24 70 98 -1 1 5 66 79 -1 -2
60 68 76 91 -1 27 41 94 98 -1 6 23 46 53 -1 29 52 83 93 -1 -2
9 19 37 71 -1 11 37 38 89 -1 22 33 62 83 -1 3 22 44 100 -1 9 24 96 99 -1 -2
13 49 67 75 -1 5 64 83 97 -1 11 25 58 69 -1 5 33 34 67 -1 2 6 60 64 -1 28 29 33 39 -1 13 16 18 73 -1 20 50 65 80 -1 38 45 61 65 -1 -2
2 9 40 66 -1 7 30 40 79 -1 34 40 73 86 -1 5 9 37 63 -1 12 50 52 94 -1 1 44 57 96 -1 -2
24 41 47 84 -1 23 32 65 68 -1 2 19 58 85 -1 14 40 58 73 -1 4 34 80 84 -1 -2
68 86 92 99 -1 9 21 38 96 -1 29 33 64 100 -1 30 42 47 62 -1 2 35 73 100 -1 29 43 73 94 -1 2 16 31 58 -1 11 42 63 84 -1 4 47 68 78 -1 2 23 45 93 -1 -2
1 22 23 54 -1 2 12 28 71 -1 65 82 90 96 -1 9 38 71 95 -1 89 93 98 99 -1 17 19 35 44 -1 13 18 64 67 -1 -2
37 50 91 96 -1 20 55 60 86 -1 -2
13 37 46 92 -1 5 13 16 52 -1 10 48 61 91 -1 20 21 53 68 -1 25 49 77 87 -1 13 20 42 62 -1 27 28 69 99 -1 27 55 90 93 -1 48 66 92 97 -1 31 33 72 89 -1 -2
11 34 68 85 -1 62 79 88 94 -1 7 50 86 96 -1 -2
24 31 44 46 -1 29 30 45 97 -1 51 59 79 96 -1 8 13 87 93 -1 43 51 89 97 -1 61 63 69 97 -1 1 49 77 78 -1 21 36 62 89 -1 -2
2 20 62 67 -1 11 47 67 82 -1 8 16 20 56 -1 8 20 49 95 -1 -2
3 29 66 91 -1 -2
9 18 75 88 -1 24 31 48 96 -1 13 26 57 86 -1 72 73 78 100 -1 -2
43 58 61 98 -1 -2
1 6 24 84 -1 5 16 53 67 -1 -2
6 10 17 94 -1 25 49 71 99 -1 8 58 62 94 -1 -2
8 60 64 74 -1 -2
3 31 36 83 -1 1 17 51 75 -1 16 35 58 90 -1 67 71 82 93 -1 31 46 54 67 -1 46 51 62 89 -1 5 22 74 75 -1 60 61 71 87 -1 35 53 88 97 -1 -2
9 16 74 82 -1 -2
4 10 40 84 -1 7 16 85 100 -1 46 66 80 86 -1 55 64 86 87 -1 6 25 36 39 -1 5 13 35 72 -1 -2
1 35 55 67 -1 30 42 49 73 -1 40 48 59 68 -1 7 25 49 53 -1 4 70 90 91 -1 62 75 79 98 -1 22 26 79 85 -1 5 45 55 78 -1 -2
11 15 62 81 -1 33 54 76 87 -1 6 11 88 92 -1 3 33 34 45 -1 -2
3 30 40 54 -1 -2
17 39 42 96 -1 10 40 43 47 -1 17 24 39 43 -1 50 63 76 89 -1 18 86 93 96 -1 27 34 46 75 -1 12 55 64 68 -1 7 16 71 74 -1 -2
6 32 41 63 -1 13 20 52 59 -1 -2
7 54 82 93 -1 27 32 58 71 -1 5 65 66 82 -1 13 14 43 87 -1 5 35 53 67 -1 13 14 29 70 -1 2 3 55 97 -1 9 44 50 57 -1 -2
63 85 89 98 -1 -2
10 50 81 99 -1 25 48 55 85 -1 5 9 33 48 -1 32 60 87 96 -1 18 27 87 90 -1 40 61 74 98 -1 41 60 61 99 -1 26 41 43 80 -1 -2
3 13 20 79 -1 2 12 21 49 -1 20 46 55 79 -1 5 52 68 81 -1 17 57 64 85 -1 29 46 48 54 -1 -2
37 53 68 82 -1 14 39 48 82 -1 10 17 43 64 -1 30 44 68 70 -1 6 36 50 66 -1 15 21 82 83 -1 19 33 43 90 -1 8 35 73 97 -1 15 28 71 89 -1 18 27 47 96 -1 -2
3 43 49 73 -1 7 14 15 27 -1 7 74 78 95 -1 9 33 75 77 -1 20 57 82 83 -1 14 49 94 99 -1 24 46 48 78 -1 17 18 23 96 -1 53 70 86 97 -1 14 37 75 98 -1 -2
27 36 54 94 -1 64 79 90 95 -1 8 17 47 71 -1 14 26 57 93 -1 10 13 18 28 -1 5 36 62 92 -1 5 49 50 59 -1 26 46 59 85 -1 -2
2 3 51 66 -1 6 21 32 67 -1 38 46 56 66 -1 17 18 42 77 -1 -2
38 51 76 88 -1 -2
24 39 48 51 -1 36 37 55 96 -1 28 40 47 83 -1 17 26 45 64 -1 15 26 27 96 -1 -2
25 30 59 96 -1 11 47 83 99 -1 9 16 41 64 -1 38 76 81 82 -1 -2
36 44 60 61 -1 27 42 72 73 -1 -2
3 15 22 28 -1 27 29 58 87 -1 39 68 70 92 -1 37 46 63 74 -1 14 38 71 96 -1 -2
6 16 28 92 -1 1 13 27 31 -1 67 69 88 99 -1 2 27 47 61 -1 19 23 37 89 -1 47 48 77 90 -1 27 28 78 79 -1 11 34 37 38 -1 65 78 85 89 -1 16 61 94 97 -1 -2
14 27 64 78 -1 32 61 81 90 -1 5 53 76 81 -1 23 73 81 96 -1 12 42 48 78 -1 27 75 84 89 -1 -2
13 48 82 87 -1 8 30 43 44 -1 -2
9 52 65 66 -1 32 37 93 95 -1 5 58 76 93 -1 15 24 48 96 -1 4 55 61 87 -1 50 53 54 95 -1 -2
44 76 83 97 -1 9 32 41 72 -1 29 49 69 100 -1 14 23 42 90 -1 -2
42 49 70 98 -1 5 49 85 92 -1 1 34 62 74 -1 4 17 35 59 -1 23 35 70 95 -1 9 13 63 81 -1 1 80 84 86 -1 -2
42 79 89 90 -1 39 75 77 80 -1 1 33 45 63 -1 28 34 35 79 -1 7 22 48 99 -1 1 29 50 60 -1 33 35 45 66 -1 19 28 73 95 -1 20 27 30 45 -1 4 45 73 75 -1 -2
21 27 35 80 -1 24 50 58 99 -1 -2
31 34 43 88 -1 7 20 49 75 -1 81 87 92 98 -1 5 34 46 72 -1 12 52 67 77 -1 -2
38 40 69 85 -1 4 40 61 96 -1 53 64 68 75 -1 14 35 57 97 -1 28 55 74 94 -1 26 44 53 78 -1 -2
7 24 31 37 -1 20 51 73 78 -1 18 34 87 95 -1 8 9 32 76 -1 15 20 41 72 -1 11 51 74 92 -1 5 8 9 47 -1 2 71 95 97 -1 -2
32 46 52 97 -1 4 9 41 70 -1 18 25 28 86 -1 50 57 82 93 -1 56 61 82 99 -1 29 53 87 93 -1 9 29 53 59 -1 15 34 37 47 -1 28 36 63 88 -1 35 45 76 92 -1 -2
21 46 56 75 -1 9 11 23 82 -1 50 65 72 77 -1 -2
34 36 60 82 -1 9 44 59 72 -1 -2
9 39 77 94 -1 12 14 17 58 -1 4 40 52 70 -1 -2
62 66 86 90 -1 32 61 86 91 -1 3 49 56 64 -1 25 46 50 90 -1 -2
9 26 76 99 -1 1 3 78 93 -1 35 37 81 84 -1 11 61 69 77 -1 18 28 81 89 -1 5 48 69 84 -1 11 56 91 100 -1 66 83 91 96 -1 38 63 73 83 -1 15 18 27 42 -1 -2
4 49 55 92 -1 13 33 38 69 -1 -2
36 67 77 89 -1 44 49 71 76 -1 32 54 80 100 -1 7 30 75 98 -1 27 42 65 67 -1 -2
50 59 75 96 -1 1 63 80 93 -1 27 40 46 77 -1 32 54 66 97 -1 -2
3 15 21 23 -1 5 23 29 63 -1 -2
31 50 72 74 -1 26 48 76 94 -1 50 59 82 98 -1 4 39 66 76 -1 6 25 27 92 -1 35 36 56 71 -1 20 25 66 96 -1 15 60 67 71 -1 1 5 57 83 -1 2 4 84 91 -1 -2
50 67 70 93 -1 17 55 65 92 -1 29 35 39 92 -1 4 31 48 68 -1 21 75 80 85 -1 20 37 53 61 -1 26 31 58 93 -1 24 31 49 92 -1 13 33 39 85 -1 -2
1 3 21 80 -1 16 19 36 65 -1 43 65 67 90 -1 25 47 49 62 -1 -2
8 15 90 100 -1 43 51 71 84 -1 29 46 71 100 -1 53 55 79 90 -1 -2
12 20 67 96 -1 2 9 11 48 -1 7 11 20 91 -1 -2
7 31 39 69 -1 18 20 56 94 -1 4 64 66 71 -1 12 28 36 70 -1 -2
1 7 38 90 -1 48 67 78 79 -1 14 27 38 70 -1 18 52 53 95 -1 13 28 50 65 -1 -2
9 14 76 92 -1 25 58 70 72 -1 60 68 74 86 -1 34 42 50 90 -1 -2
33 46 53 74 -1 60 63 79 81 -1 9 38 48 54 -1 18 21 45 52 -1 23 47 55 98 -1 19 52 61 98 -1 -2
47 65 67 78 -1 10 19 30 56 -1 5 16 73 78 -1 24 50 94 98 -1 -2
53 84 88 99 -1 32 46 84 89 -1 14 15 23 35 -1 19 43 54 56 -1 -2
43 49 50 68 -1 37 78 86 95 -1 9 24 92 98 -1 -2
21 26 45 70 -1 30 49 56 69 -1 17 22 27 75 -1 -2
7 91 92 96 -1 15 24 61 62 -1 37 54 63 97 -1 7 10 72 90 -1 3 8 41 97 -1 -2
31 35 54 72 -1 16 47 60 81 -1 34 47 48 64 -1 26 49 68 95 -1 8 35 40 77 -1 9 23 69 93 -1 -2
4 14 58 85 -1 2 19 22 92 -1 10 12 23 43 -1 24 53 87 97 -1 -2
37 52 57 68 -1 29 41 46 51 -1 34 47 66 85 -1 11 17 56 75 -1 -2
8 9 64 78 -1 10 56 63 70 -1 7 22 34 41 -1 15 52 79 85 -1 31 43 63 93 -1 4 59 68 85 -1 13 36 54 95 -1 6 19 66 99 -1 19 24 40 54 -1 -2
41 59 61 100 -1 19 34 67 69 -1 9 28 42 61 -1 38 55 76 80 -1 39 44 48 97 -1 22 42 60 63 -1 15 18 41 86 -1 -2
9 35 52 73 -1 41 56 72 93 -1 -2
1 32 40 92 -1 15 41 83 93 -1 49 53 56 68 -1 18 57 89 93 -1 21 33 52 55 -1 -2
23 25 33 46 -1 2 10 41 52 -1 9 12 86 99 -1 31 55 71 90 -1 2 66 73 98 -1 20 37 40 96 -1 -2
1 22 81 98 -1 20 37 85 99 -1 25 61 87 91 -1 40 66 77 92 -1 4 21 77 84 -1 -2
34 44 47 72 -1 38 44 83 88 -1 4 14 31 63 -1 27 56 88 94 -1 13 35 59 93 -1 -2
18 38 86 98 -1 18 64 71 91 -1 4 31 83 96 -1 5 19 54 100 -1 34 82 93 99 -1 20 68 88 93 -1 29 32 76 89 -1 -2
38 46 89 93 -1 14 43 61 97 -1 21 41 56 62 -1 20 34 49 71 -1 36 39 70 96 -1 4 37 42 46 -1 9 42 50 91 -1 -2
12 44 66 89 -1 6 7 49 68 -1 54 61 78 83 -1 50 77 90 100 -1 45 60 77 96 -1 8 31 49 56 -1 -2
14 24 78 95 -1 2 4 16 25 -1 -2
8 42 78 91 -1 18 67 80 98 -1 13 34 47 63 -1 14 64 75 97 -1 8 65 66 96 -1 11 50 93 94 -1 1 39 61 87 -1 15 51 58 98 -1 30 33 42 94 -1 -2
19 46 58 63 -1 -2
9 26 72 94 -1 33 79 82 84 -1 8 49 52 55 -1 41 51 76 88 -1 -2
5 35 60 91 -1 9 17 71 99 -1 6 15 20 24 -1 32 63 88 95 -1 20 47 59 77 -1 -2
9 42 65 86 -1 19 79 87 94 -1 12 32 87 99 -1 1 53 55 76 -1 23 28 52 67 -1 62 64 79 95 -1 5 15 26 62 -1 37 38 41 94 -1 -2
44 52 83 86 -1 17 27 47 60 -1 1 16 55 85 -1 26 40 54 97 -1 -2
7 43 88 89 -1 55 76 92 93 -1 6 39 85 96 -1 9 34 48 54 -1 35 37 45 62 -1 35 45 74 75 -1 13 45 57 71 -1 -2
25 33 68 76 -1 9 85 98 99 -1 1 5 22 33 -1 7 17 87 88 -1 25 61 64 95 -1 39 65 69 80 -1 1 5 30 31 -1 -2
28 73 88 95 -1 37 50 57 59 -1 7 48 68 89 -1 11 49 61 70 -1 25 34 54 70 -1 25 86 92 98 -1 -2
43 46 73 92 -1 25 29 53 74 -1 36 49 62 91 -1 16 49 71 97 -1 3 5 51 74 -1 33 63 78 95 -1 -2
6 17 20 42 -1 24 56 71 78 -1 -2
7 26 30 81 -1 52 63 66 87 -1 32 37 66 85 -1 23 35 85 95 -1 16 35 68 99 -1 30 50 53 59 -1 -2
34 44 79 97 -1 16 27 30 88 -1 7 41 48 56 -1 -2
10 58 73 85 -1 8 29 39 89 -1 1 73 83 94 -1 14 58 62 80 -1 24 25 58 88 -1 37 53 66 94 -1 52 56 62 69 -1 39 41 45 67 -1 17 19 23 55 -1 41 60 62 88 -1 -2
3 15 26 76 -1 5 20 23 51 -1 -2
33 63 89 98 -1 16 59 81 100 -1 34 43 51 64 -1 64 65 92 100 -1 17 21 22 56 -1 7 10 51 88 -1 -2
20 39 45 88 -1 15 21 42 97 -1 21 22 43 49 -1 5 35 43 69 -1 17 23 53 95 -1 14 20 54 99 -1 9 18 41 55 -1 -2
43 51 90 97 -1 44 49 87 95 -1 17 22 31 80 -1 50 61 65 89 -1 12 21 60 100 -1 5 28 45 84 -1 2 8 91 98 -1 26 57 66 90 -1 -2
6 49 58 99 -1 21 23 37 55 -1 15 26 34 57 -1 21 27 28 63 -1 34 60 66 92 -1 16 24 34 61 -1 4 50 67 98 -1 -2
3 30 79 90 -1 13 28 43 72 -1 9 26 43 89 -1 17 82 91 95 -1 8 42 89 96 -1 17 67 74 85 -1 10 30 70 79 -1 28 54 60 61 -1 7 14 46 64 -1 7 21 39 89 -1 -2
17 38 70 94 -1 15 19 33 93 -1 -2
5 80 83 92 -1 13 22 33 84 -1 15 32 53 79 -1 13 16 91 92 -1 5 9 21 74 -1 8 14 26 89 -1 -2
25 64 90 100 -1 9 11 28 97 -1 26 51 54 61 -1 11 44 52 90 -1 2 36 56 75 -1 32 64 84 89 -1 20 26 30 75 -1 14 26 38 75 -1 -2
33 60 79 86 -1 41 78 90 93 -1 16 65 77 93 -1 34 53 62 75 -1 24 26 56 70 -1 -2
17 37 96 97 -1 3 31 59 66 -1 33 57 82 86 -1 10 62 80 89 -1 -2
1 18 40 77 -1 9 41 45 68 -1 24 36 67 93 -1 15 52 57 91 -1 8 19 40 74 -1 11 42 80 83 -1 4 71 73 95 -1 16 37 70 92 -1 26 34 62 81 -1 -2
48 60 64 66 -1 64 77 78 99 -1 68 77 93 100 -1 7 20 50 57 -1 8 16 35 78 -1 -2
20 52 58 75 -1 -2
12 60 76 97 -1 -2
10 41 51 90 -1 4 13 46 85 -1 16 18 25 65 -1 6 20 38 57 -1 3 81 89 94 -1 12 39 45 65 -1 7 35 60 87 -1 3 6 75 79 -1 40 52 72 83 -1 -2
13 52 57 93 -1 18 25 36 45 -1 13 37 49 81 -1 22 54 56 62 -1 -2
23 56 79 98 -1 5 17 26 77 -1 11 14 37 100 -1 31 41 64 86 -1 21 55 79 88 -1 4 20 73 82 -1 1 26 45 92 -1 -2
12 17 34 70 -1 15 48 55 95 -1 33 39 80 81 -1 9 18 70 91 -1 36 52 61 95 -1 14 18 31 87 -1 7 61 73 98 -1 65 78 87 100 -1 26 53 75 95 -1 -2
19 31 52 90 -1 12 54 86 97 -1 -2
38 49 66 78 -1 8 12 33 67 -1 13 18 23 93 -1 9 24 33 71 -1 -2
47 61 76 80 -1 25 35 54 72 -1 25 44 53 83 -1 -2
54 85 88 89 -1 17 29 64 65 -1 33 38 71 85 -1 8 55 59 99 -1 10 39 41 71 -1 30 57 63 67 -1 37 41 72 94 -1 -2
22 54 57 87 -1 10 42 55 95 -1 -2
29 61 89 94 -1 14 49 62 74 -1 17 31 49 90 -1 29 38 64 68 -1 10 13 52 60 -1 10 48 78 83 -1 22 24 79 87 -1 2 27 66 71 -1 13 33 52 59 -1 53 76 86 97 -1 -2
28 34 42 47 -1 32 57 72 83 -1 44 45 70 83 -1 30 66 80 95 -1 4 41 51 97 -1 22 33 44 87 -1 -2
14 19 41 80 -1 11 14 20 48 -1 4 35 68 100 -1 1 56 67 98 -1 57 58 79 86 -1 3 7 34 62 -1 12 42 55 67 -1 -2
26 27 39 55 -1 11 71 96 99 -1 1 7 68 76 -1 22 87 97 99 -1 12 43 57 86 -1 41 59 85 96 -1 25 69 83 88 -1 -2
27 46 47 79 -1 47 69 70 80 -1 70 71 87 100 -1 23 36 47 90 -1 90 95 96 99 -1 7 24 56 80 -1 3 53 68 98 -1 19 56 76 100 -1 -2
4 33 54 76 -1 1 7 38 96 -1 8 53 62 87 -1 13 22 45 54 -1 -2
1 11 58 71 -1 1 45 52 59 -1 -2
7 19 75 97 -1 3 25 70 80 -1 55 58 94 100 -1 7 31 39 81 -1 27 35 42 78 -1 32 36 79 98 -1 -2
13 19 61 93 -1 9 40 45 90 -1 12 37 54 77 -1 6 14 17 48 -1 11 29 67 77 -1 13 17 69 72 -1 12 14 39 46 -1 2 50 55 72 -1 -2
32 55 64 72 -1 -2
8 10 45 88 -1 2 12 71 88 -1 55 70 92 100 -1 21 60 61 65 -1 7 13 42 48 -1 21 46 87 98 -1 28 47 69 89 -1 3 19 58 63 -1 58 63 84 97 -1 6 22 73 76 -1 -2
38 45 71 93 -1 28 45 58 89 -1 1 11 78 82 -1 22 32 50 91 -1 55 84 97 99 -1 6 24 58 92 -1 24 40 57 93 -1 -2
1 43 56 61 -1 1 27 72 74 -1 10 48 83 96 -1 25 58 60 82 -1 -2
9 17 35 99 -1 25 36 53 89 -1 -2
25 87 95 99 -1 -2
21 70 71 74 -1 23 49 97 100 -1 63 68 76 98 -1 5 23 36 88 -1 29 32 57 61 -1 27 86 89 93 -1 -2
66 71 79 92 -1 12 31 60 81 -1 -2
20 26 66 89 -1 2 18 53 63 -1 2 34 67 99 -1 52 53 68 80 -1 3 12 27 100 -1 17 32 33 77 -1 3 20 42 78 -1 15 21 59 100 -1 6 61 96 99 -1 -2
6 16 22 42 -1 9 60 64 98 -1 10 41 55 92 -1 -2
3 25 48 89 -1 38 47 87 88 -1 1 45 70 86 -1 11 64 66 94 -1 -2
24 38 57 76 -1 12 32 50 71 -1 4 6 29 90 -1 25 40 44 69 -1 51 53 86 96 -1 3 28 66 67 -1 5 35 38 88 -1 16 38 66 78 -1 14 64 69 75 -1 37 38 82 99 -1 -2
55 60 90 96 -1 37 40 58 68 -1 14 33 70 96 -1 22 61 77 91 -1 38 75 77 96 -1 -2
22 53 86 90 -1 -2
26 37 48 60 -1 3 54 69 74 -1 1 49 51 64 -1 -2
22 45 95 96 -1 -2
39 40 55 97 -1 31 33 55 79 -1 28 38 83 98 -1 34 68 87 99 -1 52 57 85 86 -1 3 32 40 87 -1 4 6 83 84 -1 -2
13 56 72 87 -1 25 29 57 61 -1 -2
14 23 54 85 -1 9 10 30 32 -1 29 45 74 81 -1 -2
35 46 48 77 -1 9 67 97 99 -1 14 21 22 85 -1 29 32 43 87 -1 7 53 84 92 -1 15 55 82 88 -1 31 43 79 93 -1 7 48 51 83 -1 -2
66 70 85 91 -1 44 49 59 80 -1 19 28 41 96 -1 3 21 28 48 -1 38 60 85 89 -1 53 69 81 91 -1 26 65 85 99 -1 16 18 45 65 -1 12 39 70 96 -1 34 72 80 93 -1 -2
24 38 68 97 -1 2 14 93 96 -1 2 3 15 19 -1 23 32 59 73 -1 35 50 88 90 -1 1 36 74 100 -1 13 19 22 91 -1 1 18 40 66 -1 17 20 93 100 -1 -2
22 32 49 66 -1 -2
7 37 60 87 -1 6 30 78 85 -1 -2
26 46 62 97 -1 -2
2 16 40 44 -1 13 23 44 60 -1 -2
32 55 79 93 -1 26 34 86 88 -1 29 78 90 100 -1 10 36 67 96 -1 -2
7 38 46 60 -1 31 57 61 70 -1 20 36 47 83 -1 9 79 90 98 -1 13 23 52 86 -1 3 55 57 73 -1 45 61 82 86 -1 18 26 48 55 -1 -2
28 30 38 89 -1 1 16 76 94 -1 10 12 48 55 -1 22 54 78 96 -1 44 47 99 100 -1 13 52 55 84 -1 32 38 48 90 -1 -2
3 17 78 89 -1 27 29 43 52 -1 16 48 68 85 -1 53 62 69 76 -1 -2
9 10 50 82 -1 19 46 53 97 -1 14 22 23 98 -1 3 52 54 63 -1 3 8 62 88 -1 -2
26 39 71 94 -1 27 35 43 52 -1 1 75 88 100 -1 24 73 75 93 -1 -2
16 48 71 93 -1 3 58 82 89 -1 21 57 77 82 -1 14 32 37 84 -1 -2
1 44 71 73 -1 8 12 26 42 -1 32 48 64 99 -1 9 47 51 69 -1 45 72 76 90 -1 37 83 85 94 -1 -2
39 50 73 97 -1 26 31 37 41 -1 40 58 62 99 -1 -2
3 30 47 59 -1 51 63 91 93 -1 8 9 71 79 -1 -2
38 47 48 100 -1 22 49 62 97 -1 16 22 55 88 -1 17 24 54 98 -1 49 51 62 66 -1 9 12 31 88 -1 34 37 88 96 -1 -2
21 24 40 81 -1 53 56 67 75 -1 1 3 6 22 -1 55 62 65 74 -1 68 79 92 100 -1 12 70 74 99 -1 25 63 64 85 -1 33 45 57 82 -1 4 21 22 28 -1 -2
3 46 79 97 -1 11 29 33 79 -1 6 25 35 64 -1 1 4 56 81 -1 2 19 24 45 -1 3 19 67 100 -1 22 41 57 89 -1 -2
38 59 61 78 -1 16 67 75 90 -1 -2
15 20 53 99 -1 -2
17 56 77 91 -1 19 32 34 57 -1 3 31 52 97 -1 37 76 88 98 -1 14 15 80 83 -1 7 25 40 45 -1 8 48 60 72 -1 11 79 85 96 -1 12 31 45 92 -1 -2
4 6 22 56 -1 31 78 82 95 -1 22 29 43 63 -1 -2
31 37 73 95 -1 22 56 73 89 -1 18 19 34 57 -1 16 31 70 89 -1 33 36 63 92 -1 -2
28 34 77 86 -1 14 19 64 90 -1 1 28 64 82 -1 3 23 49 56 -1 7 69 82 94 -1 19 53 71 87 -1 -2
18 49 61 70 -1 14 39 53 99 -1 45 62 80 95 -1 9 26 51 71 -1 60 63 69 93 -1 11 30 37 84 -1 42 52 64 99 -1 36 69 74 85 -1 -2
8 16 51 83 -1 27 30 71 90 -1 13 30 45 99 -1 12 17 33 57 -1 6 96 97 100 -1 -2
21 29 71 79 -1 9 23 37 58 -1 13 61 64 87 -1 60 73 91 94 -1 10 20 24 42 -1 -2
34 80 83 95 -1 40 65 75 82 -1 10 13 74 96 -1 6 12 21 23 -1 12 28 67 77 -1 38 43 83 87 -1 -2
4 15 48 90 -1 4 36 50 81 -1 17 62 81 100 -1 50 62 80 90 -1 46 96 97 98 -1 3 10 40 61 -1 11 21 37 94 -1 33 55 72 90 -1 26 34 43 96 -1 -2
37 61 80 81 -1 36 51 77 87 -1 1 17 35 82 -1 13 69 79 97 -1 8 34 65 74 -1 27 33 75 90 -1 -2
45 48 63 72 -1 1 13 17 78 -1 8 33 74 84 -1 20 35 68 82 -1 5 10 57 96 -1 3 24 82 88 -1 37 40 48 74 -1 55 66 78 85 -1 11 30 39 51 -1 29 36 40 59 -1 -2
6 16 61 90 -1 6 14 59 85 -1 46 49 51 65 -1 23 50 52 99 -1 22 25 37 91 -1 16 67 83 91 -1 30 74 88 96 -1 5 19 42 71 -1 -2
16 27 65 72 -1 17 20 54 81 -1 -2
40 47 58 64 -1 12 36 90 98 -1 44 61 65 100 -1 15 65 71 96 -1 32 42 86 98 -1 4 8 55 84 -1 7 54 76 100 -1 13 22 27 53 -1 -2
2 45 62 92 -1 2 44 57 63 -1 -2
12 54 64 65 -1 50 76 79 97 -1 -2
5 68 73 89 -1 25 62 78 83 -1 71 79 82 99 -1 3 47 72 74 -1 33 41 57 92 -1 33 38 59 79 -1 10 20 21 59 -1 1 29 39 43 -1 -2
6 33 40 77 -1 1 9 51 98 -1 17 26 35 75 -1 29 57 64 92 -1 9 20 46 81 -1 35 48 61 75 -1 3 4 22 57 -1 -2
20 21 56 74 -1 8 38 43 77 -1 8 40 77 98 -1 11 14 26 31 -1 -2
1 7 12 71 -1 52 59 70 95 -1 27 41 49 94 -1 46 68 74 97 -1 37 67 79 89 -1 53 58 61 75 -1 9 19 47 73 -1 16 19 74 86 -1 2 48 69 80 -1 -2
2 23 47 69 -1 -2
53 55 82 85 -1 73 83 84 95 -1 38 62 92 98 -1 27 78 81 97 -1 15 26 43 50 -1 -2
11 33 39 91 -1 18 28 29 99 -1 17 69 70 77 -1 32 66 72 96 -1 27 42 44 97 -1 14 20 21 37 -1 62 71 92 97 -1 22 35 38 65 -1 -2
4 9 64 70 -1 27 40 45 52 -1 22 35 62 90 -1 38 53 54 66 -1 -2
30 36 47 58 -1 2 11 58 66 -1 20 31 75 92 -1 24 28 42 84 -1 55 56 62 91 -1 -2
59 69 75 77 -1 18 35 81 98 -1 21 32 43 86 -1 21 62 67 71 -1 -2
24 28 54 57 -1 27 32 80 88 -1 12 15 69 100 -1 25 34 46 77 -1 41 43 73 75 -1 2 25 41 65 -1 5 41 52 83 -1 24 70 97 98 -1 1 19 34 70 -1 8 21 28 72 -1 -2
14 16 19 71 -1 29 45 60 81 -1 65 67 84 87 -1 -2
42 53 75 95 -1 17 26 30 72 -1 5 16 58 79 -1 7 29 66 97 -1 -2
37 65 76 91 -1 8 20 32 35 -1 35 41 52 54 -1 35 60 72 96 -1 -2
27 66 70 93 -1 9 33 47 49 -1 38 49 51 54 -1 -2
22 36 53 89 -1 10 18 68 82 -1 27 30 31 75 -1 8 42 57 66 -1 18 25 28 33 -1 66 69 70 87 -1 -2
15 21 80 88 -1 4 25 47 71 -1 11 18 73 81 -1 31 53 86 92 -1 -2
3 73 74 79 -1 7 44 84 96 -1 39 43 49 99 -1 6 39 92 97 -1 35 52 86 98 -1 13 32 66 97 -1 -2
19 31 71 93 -1 23 38 40 88 -1 24 44 57 87 -1 -2
38 60 77 79 -1 13 18 22 77 -1 14 40 67 73 -1 39 65 78 83 -1 23 32 66 89 -1 19 40 47 82 -1 10 18 67 92 -1 58 59 73 99 -1 1 55 76 87 -1 -2
4 5 45 89 -1 2 50 75 87 -1 28 29 33 68 -1 20 66 81 87 -1 6 22 67 71 -1 25 39 56 69 -1 14 77 83 97 -1 57 67 91 94 -1 21 68 80 97 -1 32 62 75 87 -1 -2
9 20 22 38 -1 11 46 47 67 -1 6 12 52 94 -1 38 42 60 64 -1 30 35 43 66 -1 16 38 39 54 -1 14 20 60 87 -1 3 9 67 83 -1 6 31 44 92 -1 26 66 73 80 -1 -2
35 38 49 87 -1 18 52 64 82 -1 36 39 41 77 -1 18 26 27 62 -1 5 10 11 65 -1 -2
46 50 59 86 -1 -2
37 44 61 70 -1 5 18 27 92 -1 43 48 70 92 -1 13 26 42 73 -1 14 19 42 44 -1 11 13 56 67 -1 8 32 62 82 -1 54 72 85 99 -1 -2
7 39 45 48 -1 43 46 66 67 -1 46 49 55 81 -1 28 38 78 99 -1 19 35 85 95 -1 2 28 64 77 -1 4 49 56 100 -1 8 52 67 100 -1 8 11 29 72 -1 -2
18 35 36 100 -1 15 37 79 95 -1 -2
15 38 45 97 -1 63 71 91 98 -1 17 23 27 61 -1 -2
11 53 60 85 -1 23 33 78 81 -1 24 29 71 92 -1 21 33 44 49 -1 9 14 25 65 -1 1 10 32 69 -1 16 33 96 97 -1 -2
3 61 74 75 -1 47 49 57 62 -1 2 7 37 76 -1 37 64 69 99 -1 46 51 85 95 -1 -2
26 37 61 96 -1 31 45 48 85 -1 1 24 52 68 -1 21 34 56 94 -1 82 89 98 100 -1 9 46 61 83 -1 35 48 83 90 -1 2 3 22 42 -1 -2
8 21 24 51 -1 39 77 97 100 -1 2 9 46 49 -1 21 56 73 85 -1 44 59 70 74 -1 21 40 54 88 -1 22 30 39 96 -1 48 74 85 86 -1 22 30 55 66 -1 2 25 80 95 -1 -2
16 44 51 62 -1 -2
48 58 75 96 -1 37 41 56 70 -1 23 26 33 85 -1 16 42 43 94 -1 33 40 56 67 -1 20 23 69 93 -1 31 51 67 98 -1 14 40 69 80 -1 2 17 44 47 -1 27 57 67 81 -1 -2
47 60 74 87 -1 7 71 73 76 -1 11 14 17 63 -1 5 49 77 82 -1 12 37 84 96 -1 14 80 91 95 -1 -2
16 76 78 80 -1 19 35 45 81 -1 24 30 64 100 -1 43 70 78 92 -1 6 38 68 98 -1 3 45 66 72 -1 11 44 66 98 -1 11 18 38 91 -1 10 29 32 53 -1 -2
7 32 67 100 -1 3 11 38 79 -1 2 17 31 85 -1 1 15 37 86 -1 37 40 48 87 -1 -2
17 48 87 88 -1 7 44 79 88 -1 -2
21 54 67 89 -1 -2
7 40 83 86 -1 13 14 40 85 -1 14 32 33 100 -1 6 20 62 70 -1 2 15 29 59 -1 -2
32 54 85 88 -1 13 36 49 94 -1 3 55 84 90 -1 8 18 60 93 -1 7 51 78 80 -1 25 54 70 89 -1 12 42 44 89 -1 30 34 61 98 -1 6 37 43 57 -1 46 58 68 96 -1 -2
53 62 81 97 -1 31 45 72 77 -1 9 18 53 63 -1 7 74 91 99 -1 -2
13 50 62 95 -1 18 46 62 82 -1 5 38 53 54 -1 -2
48 52 61 86 -1 22 26 77 100 -1 37 44 52 98 -1 20 60 82 89 -1 10 87 88 98 -1 1 16 60 99 -1 -2
46 54 86 94 -1 17 55 64 86 -1 12 14 96 99 -1 3 20 45 98 -1 17 30 40 49 -1 15 38 44 81 -1 6 10 22 40 -1 10 26 72 90 -1 13 25 66 95 -1 2 41 68 69 -1 -2
29 44 66 68 -1 9 10 76 94 -1 1 14 22 79 -1 51 61 82 94 -1 13 46 57 62 -1 1 28 46 47 -1 -2
2 23 64 65 -1 28 34 46 73 -1 26 29 35 63 -1 7 30 50 68 -1 12 40 50 97 -1 4 6 44 80 -1 32 39 48 92 -1 36 57 80 98 -1 -2
70 75 78 86 -1 -2
18 25 55 77 -1 34 52 60 92 -1 -2
24 27 33 95 -1 1 19 24 66 -1 45 51 74 77 -1 7 27 63 67 -1 -2
28 38 60 82 -1 3 50 79 93 -1 24 42 70 89 -1 13 48 49 92 -1 -2
7 27 33 64 -1 13 42 68 88 -1 7 25 79 84 -1 18 44 49 78 -1 20 46 63 80 -1 67 86 89 92 -1 13 55 73 87 -1 44 52 75 94 -1 -2
29 38 43 48 -1 5 22 64 68 -1 28 64 65 91 -1 39 53 62 100 -1 -2
1 18 68 82 -1 2 21 32 43 -1 5 40 64 74 -1 34 40 52 56 -1 62 67 84 90 -1 14 22 62 84 -1 5 11 38 97 -1 18 43 52 85 -1 -2
53 58 60 90 -1 21 64 80 96 -1 21 70 79 97 -1 29 44 72 96 -1 5 25 31 81 -1 4 18 44 60 -1 2 25 39 85 -1 3 10 66 73 -1 30 36 56 99 -1 24 45 50 95 -1 -2
30 38 57 61 -1 34 68 71 91 -1 -2
10 56 69 97 -1 80 86 89 91 -1 36 59 89 96 -1 44 70 82 83 -1 15 44 57 99 -1 3 51 74 99 -1 13 31 35 65 -1 18 24 74 92 -1 44 49 64 85 -1 28 30 44 53 -1 -2
42 48 93 97 -1 2 41 51 54 -1 28 30 49 96 -1 19 59 92 94 -1 34 70 72 73 -1 2 8 17 37 -1 9 32 51 60 -1 4 5 22 41 -1 3 13 65 79 -1 8 35 55 95 -1 -2
22 54 76 99 -1 15 69 95 99 -1 13 72 86 97 -1 41 76 94 100 -1 45 53 76 85 -1 44 75 80 89 -1 47 62 72 85 -1 3 14 65 76 -1 -2
21 57 72 99 -1 7 18 48 78 -1 8 27 44 80 -1 39 65 69 81 -1 19 20 43 66 -1 4 21 56 64 -1 65 75 85 91 -1 24 29 78 90 -1 53 58 79 84 -1 -2
19 27 29 96 -1 26 51 67 90 -1 14 25 58 81 -1 48 80 81 91 -1 24 27 48 75 -1 15 16 19 44 -1 3 21 31 88 -1 22 68 75 99 -1 8 13 32 39 -1 -2
23 47 72 94 -1 6 20 50 52 -1 1 54 61 98 -1 63 79 86 91 -1 4 20 28 68 -1 6 53 75 76 -1 37 38 63 89 -1 21 31 74 92 -1 47 72 74 93 -1 -2
22 71 73 74 -1 31 78 91 99 -1 5 16 89 98 -1 29 34 43 84 -1 15 21 27 52 -1 7 30 42 87 -1 32 41 45 68 -1 14 22 91 96 -1 1 7 22 28 -1 -2
20 30 97 99 -1 4 37 50 61 -1 2 5 56 71 -1 40 79 86 99 -1 43 56 68 90 -1 7 11 24 79 -1 1 8 43 72 -1 13 33 73 86 -1 -2
18 30 35 68 -1 40 75 89 98 -1 32 35 54 84 -1 24 40 73 91 -1 -2
33 50 67 89 -1 14 48 89 95 -1 38 39 75 78 -1 9 27 47 62 -1 1 7 9 53 -1 28 63 64 67 -1 -2
23 37 70 98 -1 2 39 52 57 -1 8 25 35 79 -1 4 51 53 60 -1 73 81 83 87 -1 7 14 35 68 -1 8 84 88 94 -1 22 45 69 97 -1 54 55 61 95 -1 12 22 45 67 -1 -2
13 19 24 75 -1 11 22 58 63 -1 32 39 47 80 -1 2 38 54 88 -1 1 53 55 97 -1 21 67 87 95 -1 57 61 64 92 -1 4 46 69 83 -1 -2
11 21 37 81 -1 -2
22 47 95 98 -1 30 46 87 94 -1 -2
7 22 63 79 -1 32 47 58 98 -1 -2
2 3 72 79 -1 6 25 62 82 -1 36 61 68 78 -1 11 21 25 39 -1 -2
68 72 74 84 -1 15 18 61 94 -1 13 19 21 80 -1 11 13 30 94 -1 41 51 90 93 -1 -2
5 9 11 51 -1 19 56 63 89 -1 12 20 77 83 -1 44 65 80 81 -1 20 25 62 73 -1 7 22 53 65 -1 -2
14 34 93 99 -1 43 76 89 97 -1 24 34 78 98 -1 20 37 64 98 -1 35 62 65 88 -1 28 62 90 93 -1 -2
30 38 46 97 -1 -2
21 26 56 68 -1 1 31 36 49 -1 -2
15 38 55 83 -1 -2
9 11 22 80 -1 3 5 6 67 -1 -2
17 20 32 58 -1 20 50 68 72 -1 -2
28 44 81 86 -1 47 59 62 83 -1 1 35 78 85 -1 40 45 82 84 -1 18 47 75 94 -1 22 30 65 85 -1 6 55 61 80 -1 7 44 84 88 -1 1 6 49 84 -1 8 21 31 93 -1 -2
48 63 71 95 -1 -2
10 11 57 91 -1 31 67 75 93 -1 22 46 60 90 -1 12 34 47 67 -1 -2
11 16 36 88 -1 22 39 41 45 -1 25 44 70 92 -1 -2
37 86 94 98 -1 66 82 88 96 -1 24 54 68 88 -1 12 18 63 74 -1 25 42 71 92 -1 -2
20 50 84 93 -1 31 48 67 69 -1 20 37 56 75 -1 23 24 29 55 -1 21 35 75 93 -1 -2
12 32 66 81 -1 31 54 76 93 -1 22 25 32 58 -1 47 52 58 60 -1 21 28 54 63 -1 35 70 87 100 -1 2 59 61 68 -1 -2
50 57 90 98 -1 3 21 95 98 -1 35 55 64 67 -1 3 29 30 61 -1 23 35 62 82 -1 4 5 25 85 -1 9 20 78 87 -1 -2
34 63 64 73 -1 43 49 75 87 -1 -2
10 77 88 89 -1 4 57 88 96 -1 26 50 84 95 -1 3 12 14 41 -1 -2
9 13 51 65 -1 20 57 86 95 -1 33 69 72 76 -1 14 58 73 95 -1 -2
23 48 59 78 -1 15 50 61 86 -1 33 38 39 52 -1 39 48 62 92 -1 14 66 77 78 -1 -2
9 35 43 66 -1 -2
8 9 85 95 -1 10 11 56 95 -1 5 58 72 77 -1 24 41 51 52 -1 31 36 42 81 -1 -2
56 60 86 87 -1 4 31 51 84 -1 9 32 42 93 -1 -2
1 44 64 99 -1 14 59 61 90 -1 -2
32 61 90 92 -1 19 22 27 69 -1 16 53 60 86 -1 2 51 73 98 -1 6 33 87 94 -1 8 26 48 69 -1 5 34 71 82 -1 53 62 72 93 -1 6 15 16 69 -1 -2
6 56 77 83 -1 -2
1 3 76 96 -1 2 64 72 92 -1 16 47 58 94 -1 13 54 59 76 -1 28 54 71 80 -1 34 39 44 46 -1 -2
61 65 74 90 -1 -2
6 10 68 72 -1 17 35 58 71 -1 14 17 74 87 -1 1 45 85 87 -1 8 38 45 59 -1 8 26 38 80 -1 -2
19 28 86 93 -1 23 40 41 54 -1 45 72 75 82 -1 6 16 19 76 -1 25 40 58 80 -1 -2
28 33 69 78 -1 12 38 67 95 -1 -2
19 62 79 96 -1 12 62 86 87 -1 7 24 60 98 -1 26 66 83 91 -1 24 29 52 92 -1 20 39 73 99 -1 15 41 76 97 -1 41 75 84 100 -1 31 48 90 93 -1 2 38 48 61 -1 -2
19 24 26 69 -1 46 63 75 97 -1 6 9 29 97 -1 9 13 80 96 -1 41 49 88 97 -1 22 48 69 73 -1 5 11 41 66 -1 6 9 10 15 -1 -2
3 16 66 75 -1 43 63 85 86 -1 1 61 67 96 -1 23 62 81 85 -1 17 58 65 92 -1 26 30 32 57 -1 -2
19 20 59 95 -1 21 27 70 81 -1 11 43 63 89 -1 23 30 54 98 -1 7 9 28 74 -1 19 30 58 66 -1 35 44 48 55 -1 6 15 16 46 -1 -2
8 22 45 99 -1 58 59 73 87 -1 12 54 79 98 -1 7 33 42 55 -1 28 58 78 80 -1 -2
52 53 62 80 -1 19 38 63 68 -1 26 28 33 85 -1 -2
24 54 82 83 -1 2 30 57 99 -1 1 57 91 98 -1 21 45 49 100 -1 27 64 66 75 -1 35 48 70 80 -1 19 26 39 90 -1 6 7 30 34 -1 21 22 38 64 -1 1 13 33 66 -1 -2
33 39 67 75 -1 26 31 40 75 -1 13 14 48 88 -1 16 34 54 59 -1 8 39 75 92 -1 21 29 84 88 -1 41 42 53 84 -1 4 17 23 54 -1 2 61 71 75 -1 18 33 49 84 -1 -2
8 30 32 67 -1 11 54 56 83 -1 14 34 48 77 -1 12 68 70 71 -1 22 72 81 94 -1 11 32 42 91 -1 6 20 53 63 -1 16 48 53 61 -1 5 16 68 98 -1 7 11 22 89 -1 -2
20 36 52 88 -1 2 51 54 56 -1 52 54 61 68 -1 10 50 60 82 -1 73 79 90 99 -1 3 7 87 92 -1 13 50 58 79 -1 9 56 65 82 -1 -2
32 35 79 90 -1 10 11 41 95 -1 7 45 89 98 -1 5 8 18 20 -1 27 32 46 99 -1 6 23 63 95 -1 1 27 31 41 -1 -2
12 16 40 79 -1 8 33 43 52 -1 17 18 44 94 -1 39 90 93 100 -1 56 82 95 100 -1 71 91 95 100 -1 34 65 77 83 -1 -2
45 49 90 98 -1 32 52 92 95 -1 26 43 60 92 -1 16 23 86 95 -1 22 32 60 97 -1 23 31 70 81 -1 30 42 47 53 -1 -2
28 40 80 86 -1 49 61 65 84 -1 9 35 58 71 -1 -2
3 60 66 73 -1 26 36 56 83 -1 39 56 68 90 -1 42 43 70 92 -1 8 28 73 97 -1 -2
7 26 40 56 -1 11 37 46 53 -1 70 74 78 88 -1 44 54 65 95 -1 37 44 47 50 -1 25 32 44 91 -1 17 18 51 69 -1 16 17 54 73 -1 1 29 40 41 -1 -2
21 37 62 74 -1 12 36 62 80 -1 9 18 49 81 -1 1 13 18 69 -1 2 4 11 44 -1 9 30 57 77 -1 57 65 67 83 -1 2 51 77 84 -1 -2
27 28 80 88 -1 21 82 95 99 -1 18 50 55 93 -1 32 55 71 83 -1 23 52 63 88 -1 26 54 72 76 -1 22 40 76 87 -1 20 52 66 67 -1 18 24 76 90 -1 -2
49 66 68 83 -1 7 30 79 80 -1 24 25 84 89 -1 -2
37 56 97 98 -1 25 59 65 93 -1 11 15 49 97 -1 7 10 14 44 -1 55 62 70 75 -1 2 5 8 82 -1 43 49 53 58 -1 43 55 59 98 -1 31 47 74 97 -1 8 22 52 99 -1 -2
1 16 45 92 -1 38 45 75 100 -1 14 50 51 57 -1 -2
6 40 78 85 -1 59 70 76 99 -1 6 10 32 90 -1 2 17 40 65 -1 27 61 67 93 -1 22 23 53 65 -1 10 25 36 61 -1 12 26 82 90 -1 49 58 80 91 -1 -2
30 52 83 87 -1 -2
56 66 67 88 -1 -2
8 54 55 79 -1 24 36 40 95 -1 3 5 82 90 -1 -2
1 9 54 69 -1 8 20 55 60 -1 17 20 42 80 -1 2 18 61 69 -1 43 49 52 54 -1 5 12 31 73 -1 15 36 39 97 -1 24 61 65 89 -1 18 21 40 96 -1 34 51 59 60 -1 -2
2 4 88 96 -1 41 73 92 96 -1 -2
86 87 90 100 -1 4 17 45 93 -1 42 45 88 98 -1 3 5 17 99 -1 4 44 75 88 -1 25 90 92 98 -1 43 57 59 65 -1 1 82 87 100 -1 -2
2 55 64 78 -1 -2
12 18 29 95 -1 1 27 72 74 -1 37 55 70 79 -1 17 21 46 83 -1 57 63 71 93 -1 1 5 77 79 -1 -2
37 41 69 95 -1 9 29 38 97 -1 49 52 53 79 -1 47 49 55 90 -1 1 11 16 49 -1 -2
3 53 69 81 -1 38 55 70 72 -1 34 44 63 68 -1 17 27 68 94 -1 44 47 70 72 -1 15 77 82 93 -1 45 66 67 86 -1 1 86 88 98 -1 72 75 87 91 -1 -2
44 45 79 81 -1 32 60 61 88 -1 9 48 58 90 -1 20 24 52 94 -1 20 57 71 91 -1 22 43 46 69 -1 -2
3 8 78 83 -1 29 31 70 71 -1 4 52 85 87 -1 87 91 97 100 -1 -2
1 6 26 34 -1 36 38 45 51 -1 17 20 32 65 -1 14 38 43 73 -1 66 68 78 94 -1 24 30 41 53 -1 -2
12 46 60 65 -1 66 73 75 81 -1 -2
9 30 51 80 -1 45 58 70 91 -1 4 72 77 89 -1 11 50 97 99 -1 13 15 41 66 -1 16 20 42 57 -1 -2
19 59 67 84 -1 4 23 29 79 -1 14 19 36 96 -1 50 82 93 98 -1 18 21 29 91 -1 25 44 76 85 -1 4 8 10 47 -1 44 58 62 95 -1 1 10 48 72 -1 -2
1 12 20 72 -1 6 69 90 98 -1 36 60 84 95 -1 28 32 52 93 -1 43 47 82 98 -1 4 11 43 92 -1 15 31 77 80 -1 12 60 77 97 -1 23 47 73 88 -1 14 48 67 75 -1 -2
4 27 34 55 -1 24 26 55 83 -1 8 27 34 78 -1 16 80 83 92 -1 5 16 40 87 -1 6 62 71 84 -1 21 22 79 89 -1 48 59 66 88 -1 24 29 33 34 -1 -2
36 40 55 58 -1 52 54 66 95 -1 1 12 20 32 -1 34 75 76 90 -1 7 8 16 66 -1 -2
26 36 48 78 -1 49 57 65 70 -1 44 53 70 86 -1 19 48 59 65 -1 -2
1 2 18 49 -1 19 46 47 69 -1 3 26 67 97 -1 9 19 83 90 -1 41 42 52 69 -1 -2
3 8 10 89 -1 16 24 48 91 -1 1 10 56 81 -1 3 5 29 78 -1 9 18 23 41 -1 -2
25 49 55 57 -1 16 38 70 93 -1 -2
8 19 44 91 -1 6 21 44 75 -1 29 77 87 96 -1 40 48 82 87 -1 12 32 36 85 -1 7 13 29 50 -1 44 46 50 97 -1 27 28 87 92 -1 12 32 47 61 -1 23 43 45 71 -1 -2
26 70 77 89 -1 13 74 94 97 -1 8 84 85 95 -1 7 28 47 52 -1 -2
32 33 72 73 -1 -2
56 61 71 97 -1 -2
3 22 28 44 -1 37 54 75 96 -1 13 22 50 55 -1 15 49 57 100 -1 10 43 45 88 -1 32 34 58 65 -1 1 27 70 81 -1 50 74 93 97 -1 -2
4 55 66 86 -1 34 42 59 61 -1 37 45 79 92 -1 26 58 85 99 -1 15 43 59 69 -1 63 76 90 99 -1 33 60 94 99 -1 14 47 60 99 -1 5 9 33 56 -1 -2
27 30 31 34 -1 -2
8 21 65 97 -1 4 13 19 85 -1 30 51 94 99 -1 8 23 44 85 -1 19 51 62 91 -1 1 6 16 24 -1 16 33 54 78 -1 25 26 37 83 -1 15 46 53 72 -1 21 27 70 96 -1 -2
9 49 71 82 -1 20 60 77 82 -1 13 29 54 78 -1 1 10 62 69 -1 9 49 51 54 -1 -2
36 50 78 93 -1 5 47 63 77 -1 34 47 58 61 -1 -2
49 51 62 96 -1 16 64 94 95 -1 36 47 69 70 -1 8 24 57 61 -1 3 5 22 55 -1 31 74 93 100 -1 41 91 92 98 -1 29 39 43 69 -1 18 20 44 59 -1 -2
21 48 49 62 -1 -2
11 20 38 88 -1 26 52 57 81 -1 17 21 38 52 -1 21 24 29 39 -1 7 18 27 34 -1 1 9 40 46 -1 21 46 50 73 -1 11 12 34 38 -1 2 16 39 97 -1 10 12 88 90 -1 -2
27 29 45 95 -1 7 26 52 63 -1 74 87 88 91 -1 6 21 25 100 -1 42 54 64 69 -1 46 54 61 95 -1 4 36 56 67 -1 -2
32 72 82 94 -1 1 32 69 92 -1 15 52 89 100 -1 25 47 83 99 -1 -2
9 17 60 96 -1 20 29 91 98 -1 24 84 88 96 -1 6 10 54 67 -1 31 42 92 98 -1 25 52 57 60 -1 24 28 43 100 -1 1 19 22 28 -1 -2
21 30 42 78 -1 18 24 77 85 -1 53 70 77 96 -1 14 34 41 48 -1 58 70 71 73 -1 11 19 67 95 -1 -2
8 10 36 77 -1 4 31 69 86 -1 4 8 37 85 -1 31 39 61 86 -1 -2
13 19 32 37 -1 41 54 61 80 -1 38 72 96 100 -1 5 25 34 51 -1 29 44 58 87 -1 7 42 63 68 -1 32 45 69 100 -1 3 69 83 90 -1 42 51 69 88 -1 13 34 81 83 -1 -2
6 25 79 97 -1 24 31 52 81 -1 19 63 67 88 -1 25 42 80 85 -1 4 8 23 36 -1 -2
7 10 29 78 -1 -2
51 54 56 85 -1 1 77 93 97 -1 1 77 82 89 -1 21 47 55 76 -1 6 14 62 89 -1 -2
20 70 90 97 -1 6 9 43 85 -1 4 60 87 99 -1 3 31 93 99 -1 31 49 71 100 -1 31 34 71 89 -1 43 64 72 79 -1 23 72 74 100 -1 21 22 50 87 -1 13 22 99 100 -1 -2
19 31 41 53 -1 3 47 92 96 -1 52 61 65 83 -1 36 60 69 90 -1 -2
34 40 73 99 -1 4 33 76 87 -1 4 30 69 89 -1 8 38 61 78 -1 17 47 49 80 -1 12 65 82 91 -1 1 69 73 75 -1 4 39 80 88 -1 24 63 70 78 -1 74 77 82 94 -1 -2
10 52 65 99 -1 39 51 56 73 -1 1 77 82 95 -1 20 35 53 69 -1 37 80 92 100 -1 21 58 63 80 -1 12 53 91 95 -1 36 53 70 85 -1 40 56 70 85 -1 38 39 40 77 -1 -2
12 42 76 99 -1 26 36 74 80 -1 2 25 56 88 -1 15 31 43 96 -1 8 33 57 88 -1 1 30 40 54 -1 4 22 28 64 -1 10 13 31 80 -1 3 39 81 96 -1 21 31 61 72 -1 -2
15 21 68 88 -1 1 3 23 49 -1 13 17 36 78 -1 19 23 28 39 -1 20 25 76 94 -1 -2
34 61 76 82 -1 17 35 52 87 -1 -2
12 22 66 80 -1 23 62 79 90 -1 43 72 74 94 -1 50 87 90 97 -1 20 26 40 49 -1 4 14 71 82 -1 41 46 65 71 -1 35 79 85 100 -1 2 20 24 47 -1 -2
13 30 80 82 -1 13 15 25 88 -1 -2
8 22 29 36 -1 -2
40 60 61 86 -1 10 65 67 92 -1 32 37 40 68 -1 -2
37 62 79 95 -1 62 76 82 83 -1 34 53 70 78 -1 27 31 50 62 -1 6 43 61 71 -1 5 16 19 95 -1 9 12 41 55 -1 18 50 53 67 -1 -2
16 56 60 90 -1 8 27 72 79 -1 18 46 53 70 -1 40 61 88 98 -1 13 14 29 50 -1 6 16 55 57 -1 11 17 72 89 -1 47 78 87 98 -1 -2
24 77 85 99 -1 8 65 83 92 -1 33 73 92 97 -1 57 58 78 82 -1 14 36 44 90 -1 12 41 72 81 -1 14 28 69 74 -1 1 16 79 97 -1 -2
86 91 92 100 -1 32 61 79 92 -1 12 13 15 97 -1 9 16 76 98 -1 60 74 87 91 -1 44 45 79 83 -1 27 40 52 84 -1 6 25 26 96 -1 -2
36 37 84 93 -1 14 17 20 58 -1 7 37 40 87 -1 9 30 90 100 -1 8 50 65 70 -1 47 70 85 90 -1 22 45 59 85 -1 12 52 54 88 -1 3 15 62 90 -1 -2
8 14 47 79 -1 18 21 50 57 -1 8 36 41 89 -1 12 31 62 70 -1 31 47 77 82 -1 5 26 56 85 -1 7 11 73 91 -1 13 41 45 78 -1 39 75 81 92 -1 17 26 74 100 -1 -2
36 41 68 91 -1 2 44 93 97 -1 30 31 50 53 -1 9 36 42 66 -1 14 20 31 60 -1 -2
17 52 62 63 -1 9 37 58 86 -1 48 76 85 91 -1 20 48 66 84 -1 5 11 27 51 -1 25 67 71 95 -1 13 26 55 84 -1 30 36 37 59 -1 -2
24 25 31 78 -1 13 60 73 80 -1 33 39 55 69 -1 -2
8 36 64 97 -1 33 44 46 54 -1 4 21 26 95 -1 1 4 80 93 -1 10 22 63 66 -1 29 34 37 49 -1 5 17 50 60 -1 14 60 78 82 -1 -2
7 10 61 81 -1 4 39 61 100 -1 2 33 39 81 -1 38 42 49 75 -1 23 82 91 97 -1 -2
5 39 42 98 -1 5 29 44 51 -1 53 61 64 86 -1 67 73 89 96 -1 30 47 48 97 -1 1 4 9 18 -1 -2
1 4 68 70 -1 1 11 42 89 -1 -2
3 43 46 78 -1 14 17 31 67 -1 2 54 60 69 -1 23 44 89 91 -1 -2
23 40 57 80 -1 6 55 92 98 -1 9 24 74 81 -1 -2
1 44 75 78 -1 -2
5 56 65 97 -1 -2
4 27 76 85 -1 30 48 72 86 -1 31 39 72 100 -1 50 63 77 89 -1 13 37 62 91 -1 25 30 43 99 -1 12 49 51 75 -1 15 25 94 97 -1 10 24 32 33 -1 8 49 75 79 -1 -2
4 7 24 52 -1 1 3 44 68 -1 37 60 64 83 -1 55 73 88 95 -1 48 50 79 82 -1 14 24 41 66 -1 23 66 70 88 -1 42 49 58 78 -1 9 14 32 45 -1 -2
9 34 76 97 -1 12 22 83 95 -1 38 54 94 97 -1 28 39 61 69 -1 14 22 48 84 -1 9 39 56 100 -1 34 47 54 82 -1 24 57 78 85 -1 9 37 94 98 -1 -2
14 45 52 73 -1 -2
12 84 87 92 -1 15 46 57 81 -1 9 18 61 64 -1 24 50 77 96 -1 3 43 56 62 -1 42 60 64 94 -1 3 5 54 89 -1 -2
15 42 55 68 -1 5 56 82 86 -1 3 5 32 97 -1 51 66 77 96 -1 4 7 13 22 -1 5 17 35 53 -1 3 43 59 74 -1 55 76 89 90 -1 13 31 69 77 -1 5 42 43 75 -1 -2
34 54 73 77 -1 24 37 39 78 -1 36 40 72 76 -1 15 52 72 85 -1 74 79 93 95 -1 9 12 40 80 -1 31 38 59 87 -1 46 72 82 98 -1 26 60 65 75 -1 26 59 82 84 -1 -2
1 14 50 61 -1 33 62 64 89 -1 38 50 58 90 -1 27 82 92 95 -1 11 23 44 66 -1 47 70 79 96 -1 19 61 64 85 -1 8 26 71 97 -1 -2
12 37 40 45 -1 5 35 45 55 -1 3 12 44 97 -1 1 7 30 99 -1 31 62 73 91 -1 8 18 27 90 -1 58 59 61 66 -1 13 14 16 89 -1 13 58 83 92 -1 6 48 59 93 -1 -2
3 13 36 50 -1 13 15 75 82 -1 6 14 32 61 -1 60 67 71 89 -1 10 23 71 87 -1 -2
24 45 64 80 -1 16 69 86 88 -1 44 64 74 79 -1 37 45 78 79 -1 8 25 87 95 -1 17 57 74 77 -1 22 42 69 89 -1 15 29 59 94 -1 -2
29 53 80 93 -1 37 50 80 91 -1 6 16 42 43 -1 3 12 25 65 -1 5 69 72 76 -1 13 15 31 53 -1 35 64 88 100 -1 -2
12 20 88 98 -1 26 38 53 89 -1 44 54 77 86 -1 2 17 75 95 -1 51 53 80 89 -1 7 18 45 80 -1 14 20 83 97 -1 24 37 47 81 -1 -2
3 43 94 95 -1 20 22 62 96 -1 2 7 9 45 -1 15 55 72 77 -1 16 23 39 49 -1 -2
19 22 48 73 -1 13 21 41 92 -1 14 20 65 86 -1 36 52 54 83 -1 10 37 50 71 -1 -2
14 37 39 79 -1 27 41 66 75 -1 11 20 55 67 -1 31 37 39 69 -1 6 39 55 67 -1 23 66 79 84 -1 8 62 79 81 -1 31 37 50 66 -1 25 42 52 85 -1 -2
30 47 73 80 -1 20 82 90 94 -1 11 22 38 89 -1 26 27 43 59 -1 2 24 43 71 -1 43 47 48 57 -1 19 26 36 67 -1 -2
13 27 34 56 -1 33 35 37 46 -1 27 32 66 74 -1 7 14 56 59 -1 47 52 72 80 -1 26 33 90 94 -1 -2
13 36 37 96 -1 16 18 51 93 -1 44 61 77 88 -1 7 48 75 91 -1 52 56 72 84 -1 -2
11 43 64 80 -1 21 23 72 98 -1 15 80 85 94 -1 41 45 53 100 -1 7 12 34 99 -1 7 17 32 73 -1 26 34 71 95 -1 36 50 66 68 -1 22 47 52 95 -1 -2
4 28 63 64 -1 -2
16 28 45 88 -1 5 38 76 93 -1 28 40 55 96 -1 50 74 96 99 -1 51 64 91 95 -1 61 66 95 96 -1 -2
15 38 82 95 -1 6 41 52 100 -1 4 17 38 86 -1 3 9 16 92 -1 24 34 41 97 -1 43 48 62 78 -1 29 32 37 52 -1 59 83 94 97 -1 1 35 72 75 -1 -2
36 82 95 96 -1 47 82 91 99 -1 11 37 70 93 -1 1 75 88 96 -1 4 49 53 100 -1 25 61 82 94 -1 38 60 66 82 -1 -2
4 52 82 92 -1 49 57 61 76 -1 15 44 52 78 -1 -2
36 45 80 87 -1 25 39 53 67 -1 33 47 79 95 -1 26 69 88 97 -1 9 45 56 81 -1 -2
21 26 49 91 -1 11 57 69 77 -1 35 56 77 95 -1 11 33 48 88 -1 41 77 96 100 -1 20 49 50 69 -1 35 62 82 92 -1 1 7 8 45 -1 41 57 58 92 -1 2 62 83 93 -1 -2
22 29 35 98 -1 28 29 53 68 -1 30 48 85 97 -1 12 41 65 76 -1 48 56 59 64 -1 -2
1 68 69 86 -1 4 23 47 80 -1 3 17 39 83 -1 16 37 43 61 -1 41 48 60 92 -1 24 42 82 88 -1 48 64 75 90 -1 28 38 84 99 -1 -2
18 61 71 77 -1 6 28 68 100 -1 1 56 63 89 -1 17 40 60 63 -1 74 87 90 96 -1 15 31 68 72 -1 21 70 74 93 -1 35 38 81 95 -1 1 4 10 96 -1 -2
2 45 51 66 -1 32 49 74 90 -1 17 37 69 77 -1 21 29 49 64 -1 20 33 84 96 -1 -2
27 34 70 98 -1 43 56 73 97 -1 21 22 37 65 -1 10 50 51 76 -1 72 74 77 89 -1 -2
26 85 98 100 -1 39 50 69 78 -1 19 33 46 95 -1 8 11 48 53 -1 17 18 42 67 -1 2 56 80 94 -1 38 64 69 92 -1 5 30 56 68 -1 -2
31 44 59 71 -1 18 25 43 63 -1 7 9 53 60 -1 18 48 74 98 -1 44 55 70 73 -1 -2
6 44 49 54 -1 24 26 27 86 -1 54 70 71 90 -1 36 47 79 94 -1 4 19 35 50 -1 -2
4 12 50 74 -1 18 40 67 91 -1 77 85 97 98 -1 16 44 70 72 -1 21 28 36 98 -1 1 26 37 85 -1 60 75 78 94 -1 2 28 37 98 -1 -2
12 63 65 82 -1 4 69 84 85 -1 6 7 82 90 -1 11 16 67 87 -1 24 81 85 97 -1 2 5 53 89 -1 1 19 26 96 -1 7 8 11 71 -1 -2
15 43 51 81 -1 44 84 86 88 -1 53 56 58 89 -1 19 42 47 77 -1 38 65 69 75 -1 56 67 82 87 -1 -2
30 66 87 95 -1 17 18 42 49 -1 15 19 48 55 -1 13 40 67 83 -1 32 51 67 95 -1 8 50 70 85 -1 7 54 75 94 -1 -2
24 30 52 100 -1 2 23 59 71 -1 12 19 29 64 -1 -2
12 54 58 81 -1 9 25 56 76 -1 -2
23 39 57 61 -1 24 25 44 87 -1 5 16 29 70 -1 13 22 88 96 -1 34 59 72 93 -1 21 22 68 78 -1 29 43 55 91 -1 -2
28 50 77 82 -1 25 33 50 81 -1 8 38 69 91 -1 9 12 14 41 -1 13 63 66 80 -1 30 42 47 95 -1 -2
9 36 45 91 -1 26 27 28 69 -1 19 31 39 89 -1 33 35 48 100 -1 52 56 58 98 -1 9 65 67 75 -1 48 71 97 100 -1 31 52 61 73 -1 -2
3 9 83 87 -1 6 10 67 90 -1 14 22 68 69 -1 19 28 81 95 -1 5 11 60 67 -1 2 49 65 86 -1 31 35 64 81 -1 43 67 81 99 -1 57 58 63 90 -1 -2
28 38 91 92 -1 12 54 71 77 -1 46 50 78 83 -1 4 17 79 83 -1 29 32 45 56 -1 15 82 87 93 -1 2 9 31 43 -1 33 40 75 96 -1 32 87 89 95 -1 48 62 83 89 -1 -2
56 63 95 96 -1 19 34 50 51 -1 63 73 84 90 -1 30 64 68 89 -1 2 19 73 95 -1 36 42 82 84 -1 14 20 39 94 -1 8 69 87 94 -1 -2
9 20 35 59 -1 -2
28 48 72 78 -1 92 93 95 98 -1 6 17 44 46 -1 8 42 43 84 -1 10 39 65 92 -1 -2
2 4 13 88 -1 59 74 84 100 -1 35 50 62 80 -1 10 13 23 36 -1 59 71 78 82 -1 31 77 87 90 -1 26 41 56 80 -1 -2
31 57 67 89 -1 4 16 41 75 -1 24 54 83 96 -1 7 71 92 96 -1 57 71 92 93 -1 5 25 45 74 -1 47 73 83 96 -1 6 53 60 73 -1 2 34 54 75 -1 -2
24 45 47 71 -1 13 42 61 82 -1 26 27 65 83 -1 9 31 40 84 -1 9 11 20 38 -1 33 38 46 78 -1 16 36 44 89 -1 -2
12 31 58 74 -1 9 62 72 93 -1 23 74 81 96 -1 -2
22 37 52 61 -1 6 8 38 42 -1 7 23 49 80 -1 4 10 40 77 -1 53 58 61 78 -1 19 75 83 88 -1 -2
42 52 65 88 -1 21 56 66 93 -1 8 47 62 91 -1 19 38 57 60 -1 -2
23 31 63 80 -1 32 34 53 62 -1 57 66 81 92 -1 51 60 68 88 -1 7 12 52 70 -1 19 27 46 62 -1 5 25 51 73 -1 40 67 78 85 -1 8 35 52 86 -1 9 54 59 70 -1 -2
5 12 31 86 -1 -2
17 38 44 77 -1 51 76 92 99 -1 -2
41 73 78 90 -1 65 89 91 96 -1 17 19 35 38 -1 19 40 77 99 -1 -2
13 26 44 68 -1 21 31 34 51 -1 32 51 91 92 -1 32 45 75 77 -1 17 83 91 97 -1 20 51 73 100 -1 5 28 75 93 -1 34 35 53 70 -1 -2
2 3 67 75 -1 28 69 71 78 -1 6 19 67 100 -1 30 38 40 50 -1 31 54 58 81 -1 59 79 80 91 -1 10 19 75 93 -1 54 63 72 81 -1 8 24 51 64 -1 16 23 52 67 -1 -2
18 31 56 82 -1 50 63 67 88 -1 25 44 62 74 -1 11 13 66 93 -1 34 38 52 93 -1 44 61 66 71 -1 1 29 30 38 -1 12 39 56 97 -1 8 37 40 96 -1 -2
20 69 71 77 -1 9 11 23 71 -1 -2
2 42 61 63 -1 25 27 29 44 -1 14 16 43 63 -1 -2
11 25 30 93 -1 2 13 19 62 -1 51 71 95 97 -1 27 49 51 84 -1 3 26 45 81 -1 17 32 64 92 -1 -2
3 5 39 46 -1 16 29 43 45 -1 26 75 88 92 -1 11 44 50 87 -1 33 56 71 85 -1 7 59 70 84 -1 23 45 82 96 -1 51 62 90 93 -1 7 64 72 74 -1 -2
19 74 82 97 -1 7 19 33 61 -1 28 42 43 92 -1 4 12 42 50 -1 3 27 32 83 -1 7 20 33 69 -1 15 35 44 55 -1 19 69 74 82 -1 10 25 39 100 -1 21 25 62 72 -1 -2
8 25 42 100 -1 35 47 76 93 -1 31 40 48 61 -1 22 53 67 71 -1 4 62 68 83 -1 38 56 70 93 -1 11 22 70 88 -1 -2
2 42 66 95 -1 51 71 94 99 -1 24 44 74 87 -1 -2
7 44 49 67 -1 20 21 63 75 -1 -2
62 64 81 88 -1 -2
1 17 42 99 -1 11 20 45 95 -1 23 56 86 90 -1 21 50 71 88 -1 32 38 73 91 -1 5 18 59 91 -1 24 37 44 71 -1 30 46 59 61 -1 6 63 94 98 -1 10 26 31 42 -1 -2
36 49 54 86 -1 45 62 86 87 -1 3 41 62 100 -1 4 6 34 100 -1 14 50 68 95 -1 32 67 80 99 -1 28 45 47 70 -1 -2
56 64 89 94 -1 14 69 85 92 -1 1 10 42 88 -1 12 15 24 75 -1 10 70 72 84 -1 10 13 18 66 -1 1 50 73 99 -1 36 75 84 95 -1 30 36 71 90 -1 55 62 85 87 -1 -2
13 55 59 95 -1 10 13 68 86 -1 -2
69 72 73 95 -1 15 33 46 73 -1 2 36 37 73 -1 5 57 66 74 -1 18 29 60 80 -1 29 48 72 90 -1 -2
5 6 23 69 -1 14 25 30 51 -1 29 42 43 73 -1 2 10 38 56 -1 2 43 52 78 -1 -2
33 60 81 95 -1 10 16 86 96 -1 6 12 59 78 -1 35 47 71 96 -1 1 46 83 99 -1 58 84 92 100 -1 8 17 49 54 -1 32 40 93 99 -1 2 58 77 92 -1 -2
17 26 28 68 -1 17 30 35 45 -1 3 25 47 71 -1 24 45 51 81 -1 16 40 51 81 -1 11 13 19 87 -1 42 47 55 75 -1 -2
34 43 53 82 -1 22 40 45 95 -1 -2
9 16 36 41 -1 9 12 25 82 -1 31 38 46 74 -1 16 30 78 87 -1 52 73 83 94 -1 11 18 40 46 -1 -2
56 78 80 95 -1 30 37 41 89 -1 17 23 26 32 -1 19 21 58 76 -1 7 48 66 83 -1 1 6 36 88 -1 10 26 81 98 -1 -2
8 14 37 92 -1 25 29 48 49 -1 31 33 48 95 -1 51 58 82 98 -1 23 84 85 96 -1 67 75 80 86 -1 26 68 88 99 -1 52 69 73 80 -1 -2
45 64 66 85 -1 8 10 28 71 -1 -2
20 79 85 100 -1 47 64 65 67 -1 11 47 66 84 -1 20 77 82 89 -1 50 51 57 62 -1 9 48 51 68 -1 9 37 41 57 -1 15 41 50 79 -1 -2
12 16 23 72 -1 5 24 57 84 -1 2 60 74 85 -1 -2
8 28 64 82 -1 6 12 20 34 -1 30 55 68 91 -1 21 62 76 87 -1 3 9 14 59 -1 1 5 30 93 -1 14 23 75 97 -1 -2
1 20 21 66 -1 -2
43 57 68 70 -1 1 56 60 67 -1 31 34 74 98 -1 21 65 75 93 -1 9 18 19 20 -1 27 33 60 78 -1 -2
39 42 59 74 -1 -2
18 30 73 91 -1 38 44 63 97 -1 31 70 75 79 -1 12 61 83 94 -1 2 29 62 97 -1 17 24 34 43 -1 32 47 66 85 -1 1 23 37 92 -1 30 38 61 80 -1 -2
2 12 20 31 -1 2 19 74 88 -1 44 80 82 89 -1 10 26 32 56 -1 -2
3 43 67 70 -1 22 36 72 85 -1 -2
4 45 46 94 -1 14 67 78 91 -1 5 15 42 71 -1 40 45 48 100 -1 2 38 88 92 -1 37 61 66 100 -1 -2
7 61 77 88 -1 66 75 99 100 -1 3 13 27 94 -1 46 71 82 85 -1 73 75 82 92 -1 51 54 89 100 -1 15 52 69 85 -1 4 28 33 76 -1 24 26 28 30 -1 -2
48 50 56 76 -1 20 30 42 52 -1 37 41 47 76 -1 2 28 54 56 -1 19 24 31 74 -1 29 44 85 89 -1 24 43 63 95 -1 13 64 73 100 -1 27 81 82 98 -1 15 80 87 90 -1 -2
13 44 61 76 -1 7 42 54 67 -1 31 52 63 98 -1 21 49 51 94 -1 14 27 57 96 -1 6 34 43 83 -1 -2
24 37 70 78 -1 -2
5 54 56 85 -1 3 20 55 90 -1 34 41 60 78 -1 -2
2 6 56 64 -1 4 6 78 92 -1 67 69 92 95 -1 14 40 55 81 -1 33 57 61 93 -1 3 4 80 89 -1 32 54 80 96 -1 7 15 27 34 -1 -2
10 30 41 76 -1 31 52 79 85 -1 6 52 70 96 -1 25 33 57 90 -1 13 35 41 62 -1 12 40 57 73 -1 30 60 76 86 -1 -2
4 42 46 99 -1 6 23 59 69 -1 11 18 59 71 -1 16 74 88 90 -1 30 36 55 66 -1 14 33 51 100 -1 6 20 40 71 -1 -2
5 13 54 90 -1 -2
25 31 54 74 -1 64 68 88 96 -1 6 10 72 85 -1 14 42 77 81 -1 8 22 37 55 -1 3 7 16 18 -1 3 12 40 94 -1 -2
11 12 52 55 -1 38 43 83 94 -1 9 74 76 79 -1 19 30 92 100 -1 22 32 60 61 -1 18 33 63 98 -1 -2
7 40 60 63 -1 5 64 93 97 -1 38 41 62 76 -1 29 62 69 84 -1 5 62 68 91 -1 -2
19 69 70 79 -1 3 38 63 77 -1 21 23 39 59 -1 1 10 23 55 -1 3 16 82 86 -1 -2
8 21 44 74 -1 7 14 56 72 -1 15 55 66 74 -1 27 41 68 69 -1 3 54 57 97 -1 4 77 81 85 -1 5 14 83 99 -1 -2
10 42 55 60 -1 -2
4 26 37 80 -1 -2
21 47 55 100 -1 15 30 93 94 -1 31 47 76 95 -1 13 38 49 88 -1 36 63 66 79 -1 49 58 80 82 -1 36 49 54 59 -1 23 35 72 76 -1 66 81 83 84 -1 -2
39 60 71 87 -1 6 15 43 70 -1 51 69 94 100 -1 15 28 37 96 -1 -2
23 69 90 100 -1 62 73 94 98 -1 15 25 47 89 -1 -2
30 57 72 76 -1 34 49 51 71 -1 -2
16 56 60 90 -1 9 47 55 90 -1 44 53 79 94 -1 15 30 85 98 -1 35 59 72 91 -1 1 89 93 96 -1 -2
21 66 74 90 -1 14 36 44 95 -1 46 64 92 97 -1 22 33 41 89 -1 25 72 82 84 -1 33 34 74 93 -1 20 48 74 94 -1 48 50 62 80 -1 -2
22 48 79 95 -1 8 26 85 87 -1 4 27 51 98 -1 29 43 48 85 -1 3 59 75 84 -1 4 29 34 58 -1 17 46 62 97 -1 8 62 82 83 -1 24 51 82 88 -1 -2
23 42 69 94 -1 13 19 44 82 -1 49 84 86 99 -1 -2
16 18 48 87 -1 39 40 71 91 -1 1 45 70 81 -1 10 11 33 41 -1 2 22 67 95 -1 1 21 25 99 -1 34 53 57 88 -1 27 29 33 66 -1 10 24 77 93 -1 -2
6 21 36 57 -1 -2
31 57 67 71 -1 4 30 42 46 -1 6 24 35 60 -1 24 31 59 77 -1 58 69 79 100 -1 12 34 85 89 -1 32 49 58 68 -1 15 54 68 91 -1 27 44 64 76 -1 69 71 80 99 -1 -2
46 69 75 87 -1 20 30 46 61 -1 36 46 91 100 -1 12 20 95 97 -1 -2
12 19 24 93 -1 47 59 69 99 -1 7 10 38 52 -1 -2
14 37 39 51 -1 17 24 69 98 -1 9 10 16 55 -1 7 16 64 76 -1 -2
2 21 66 82 -1 13 58 68 91 -1 33 81 89 97 -1 25 77 84 99 -1 1 16 27 63 -1 -2
21 41 43 97 -1 3 34 46 93 -1 32 62 95 96 -1 30 62 80 84 -1 40 41 59 67 -1 -2
44 54 77 95 -1 7 39 46 62 -1 36 48 61 69 -1 26 30 79 88 -1 6 38 52 99 -1 -2
3 21 53 85 -1 9 35 79 83 -1 1 36 46 76 -1 16 29 37 80 -1 -2
3 33 72 73 -1 -2
51 54 86 96 -1 3 47 53 80 -1 28 38 70 78 -1 -2
9 15 69 97 -1 61 85 97 100 -1 1 7 52 73 -1 18 42 53 65 -1 23 54 85 100 -1 -2
26 60 79 82 -1 20 59 70 91 -1 1 14 60 61 -1 11 23 25 73 -1 12 77 82 99 -1 26 48 59 95 -1 2 14 79 90 -1 39 45 54 71 -1 7 61 82 93 -1 -2
17 33 50 64 -1 3 14 31 47 -1 13 28 43 64 -1 24 51 62 96 -1 -2
32 54 56 99 -1 -2
16 31 84 95 -1 43 55 70 88 -1 4 26 66 82 -1 39 75 81 83 -1 19 62 66 92 -1 24 67 72 93 -1 -2
18 39 47 54 -1 37 61 72 78 -1 13 32 56 88 -1 33 72 78 95 -1 44 48 81 99 -1 3 57 65 66 -1 1 7 34 60 -1 -2
22 73 75 100 -1 31 62 93 97 -1 30 64 84 85 -1 -2
26 62 67 93 -1 63 80 89 99 -1 22 24 85 87 -1 23 48 49 94 -1 -2
9 20 43 59 -1 30 52 72 99 -1 -2
25 75 78 100 -1 4 11 29 31 -1 12 31 42 60 -1 23 42 74 85 -1 63 81 91 96 -1 -2
31 44 49 99 -1 37 72 77 86 -1 20 56 59 70 -1 42 65 88 94 -1 45 51 62 66 -1 19 71 72 98 -1 1 16 57 84 -1 14 24 35 62 -1 8 28 44 93 -1 32 36 38 99 -1 -2
29 52 56 81 -1 12 33 67 98 -1 3 8 12 37 -1 28 39 41 75 -1 4 25 69 91 -1 32 69 70 78 -1 6 40 51 62 -1 -2
1 59 72 74 -1 6 45 49 99 -1 19 62 82 93 -1 52 65 96 100 -1 -2
5 28 43 47 -1 31 47 91 96 -1 5 32 61 83 -1 -2
33 49 86 100 -1 65 72 93 98 -1 24 32 33 84 -1 66 78 82 95 -1 37 38 64 86 -1 52 56 61 66 -1 -2
6 31 54 81 -1 20 54 81 90 -1 12 27 51 87 -1 7 12 70 83 -1 24 33 94 97 -1 17 19 49 73 -1 11 30 39 76 -1 20 27 55 91 -1 -2
20 32 72 81 -1 15 72 80 97 -1 7 31 39 75 -1 6 29 63 78 -1 37 39 89 91 -1 -2
26 28 49 74 -1 -2
20 51 54 78 -1 7 9 21 85 -1 -2
22 86 89 97 -1 23 31 42 79 -1 32 51 83 95 -1 63 66 68 77 -1 13 30 41 88 -1 4 8 41 45 -1 19 51 68 92 -1 2 53 69 76 -1 29 52 54 99 -1 -2
3 47 58 66 -1 -2
13 30 40 48 -1 7 11 23 88 -1 13 14 44 68 -1 39 46 68 74 -1 27 68 83 95 -1 21 69 80 88 -1 41 43 54 99 -1 16 27 28 71 -1 -2
21 46 62 66 -1 5 59 82 94 -1 5 7 8 69 -1 6 9 25 53 -1 -2
4 48 71 79 -1 27 49 52 57 -1 7 22 45 68 -1 14 25 62 87 -1 17 59 92 100 -1 15 46 74 85 -1 13 21 64 100 -1 34 35 82 95 -1 20 43 59 71 -1 -2
12 20 23 51 -1 9 18 35 94 -1 7 62 78 82 -1 1 19 63 69 -1 10 33 65 70 -1 10 16 58 65 -1 2 15 29 68 -1 20 23 29 91 -1 -2
15 28 30 88 -1 38 62 83 86 -1 15 17 41 53 -1 6 47 61 86 -1 41 60 74 95 -1 24 32 43 63 -1 7 11 53 63 -1 15 17 39 41 -1 1 15 27 52 -1 9 37 48 61 -1 -2
20 50 69 83 -1 11 12 15 38 -1 11 56 77 93 -1 -2
2 30 61 77 -1 17 44 78 91 -1 11 40 51 93 -1 41 62 77 89 -1 -2
3 15 51 99 -1 29 34 36 37 -1 19 42 80 83 -1 5 42 60 65 -1 20 22 52 54 -1 9 11 56 82 -1 15 38 57 86 -1 15 53 58 99 -1 30 39 45 72 -1 31 35 65 81 -1 -2
7 68 86 99 -1 37 59 60 69 -1 28 65 70 79 -1 -2
9 29 46 68 -1 6 31 48 50 -1 14 28 47 68 -1 15 20 62 93 -1 4 29 51 68 -1 6 31 63 84 -1 -2
38 57 76 78 -1 29 49 70 80 -1 2 4 31 86 -1 33 58 96 100 -1 8 27 47 83 -1 31 50 77 97 -1 9 36 61 98 -1 3 48 69 79 -1 71 87 88 96 -1 10 34 62 86 -1 -2
17 27 72 75 -1 5 44 55 74 -1 10 20 47 90 -1 14 63 72 99 -1 29 32 64 81 -1 3 34 51 86 -1 14 16 43 88 -1 16 39 60 71 -1 18 22 25 48 -1 30 33 40 52 -1 -2
7 79 91 99 -1 12 48 51 99 -1 -2
29 44 82 95 -1 50 72 82 100 -1 18 22 26 71 -1 16 48 54 91 -1 6 11 67 99 -1 36 63 79 80 -1 34 54 62 64 -1 24 47 79 91 -1 -2
17 18 24 64 -1 -2
42 66 69 70 -1 12 84 94 95 -1 8 27 69 74 -1 31 34 40 96 -1 6 23 27 43 -1 36 47 69 76 -1 52 56 71 96 -1 29 44 57 64 -1 27 46 64 84 -1 5 25 34 86 -1 -2
1 43 61 65 -1 -2
7 43 55 71 -1 -2
40 81 82 86 -1 -2
24 32 59 77 -1 10 44 71 100 -1 39 53 56 58 -1 32 50 61 86 -1 -2
36 39 65 72 -1 22 58 61 84 -1 21 31 65 71 -1 12 15 34 36 -1 18 53 64 69 -1 -2
16 41 45 52 -1 13 18 54 92 -1 37 42 65 82 -1 12 46 51 71 -1 7 52 90 98 -1 20 29 39 96 -1 24 60 67 74 -1 15 24 26 37 -1 38 77 90 92 -1 15 17 40 85 -1 -2
10 18 73 95 -1 30 34 90 97 -1 45 55 72 77 -1 10 70 80 95 -1 -2
36 47 66 89 -1 74 93 98 100 -1 39 44 98 100 -1 12 36 71 90 -1 29 35 73 75 -1 41 63 78 82 -1 5 19 49 94 -1 67 70 77 85 -1 -2
1 25 76 90 -1 -2
69 88 89 100 -1 18 51 70 96 -1 2 5 42 70 -1 29 33 59 83 -1 -2
4 51 55 73 -1 34 49 56 70 -1 -2
36 46 47 56 -1 36 40 76 87 -1 2 27 49 60 -1 20 32 66 68 -1 6 44 75 84 -1 -2
24 25 36 100 -1 63 72 81 90 -1 8 31 43 76 -1 29 58 62 92 -1 49 63 83 90 -1 9 38 58 97 -1 -2
9 12 32 80 -1 28 38 47 60 -1 -2
41 63 91 93 -1 15 19 32 96 -1 9 27 78 83 -1 9 16 35 44 -1 -2
2 18 30 73 -1 8 13 37 86 -1 1 28 49 96 -1 8 55 67 90 -1 -2
62 65 86 97 -1 -2
19 39 52 58 -1 33 76 82 97 -1 20 30 42 44 -1 -2
60 64 71 91 -1 1 3 31 68 -1 25 45 63 96 -1 7 12 48 70 -1 14 62 78 97 -1 -2
1 2 83 87 -1 35 42 67 86 -1 10 28 66 95 -1 24 28 67 90 -1 6 13 69 97 -1 29 37 81 86 -1 24 33 53 73 -1 -2
14 31 47 57 -1 4 24 25 47 -1 35 50 84 92 -1 2 3 18 83 -1 -2
10 54 93 95 -1 61 83 96 97 -1 13 43 63 99 -1 1 29 75 95 -1 58 60 77 91 -1 11 19 52 78 -1 69 81 91 92 -1 10 27 28 56 -1 33 37 62 72 -1 -2
50 65 84 88 -1 8 23 57 98 -1 -2
25 35 49 50 -1 8 24 51 70 -1 44 54 88 90 -1 -2
17 29 42 72 -1 6 60 64 90 -1 55 84 85 93 -1 2 7 38 74 -1 3 17 37 93 -1 35 57 67 84 -1 11 22 34 54 -1 -2
24 38 73 74 -1 45 80 97 100 -1 20 52 58 91 -1 8 17 24 34 -1 -2
12 18 51 62 -1 32 36 79 93 -1 65 73 76 93 -1 12 78 87 94 -1 -2
14 30 68 100 -1 27 38 49 88 -1 52 80 92 93 -1 58 64 76 87 -1 76 82 87 97 -1 13 15 24 40 -1 -2
18 65 87 99 -1 4 8 16 75 -1 14 36 74 92 -1 4 15 67 92 -1 29 56 62 90 -1 14 49 70 91 -1 44 59 68 69 -1 3 58 76 83 -1 18 61 69 88 -1 35 47 69 97 -1 -2
3 8 77 80 -1 8 45 57 82 -1 30 37 59 72 -1 12 19 32 92 -1 -2
3 20 23 50 -1 15 23 56 88 -1 28 34 64 85 -1 9 39 50 74 -1 38 41 94 99 -1 -2
62 81 90 97 -1 33 34 50 56 -1 12 46 69 91 -1 -2
15 49 74 92 -1 18 23 31 57 -1 1 49 83 91 -1 9 14 16 79 -1 30 65 79 87 -1 7 16 36 84 -1 15 21 22 23 -1 13 43 67 70 -1 32 61 65 68 -1 -2
20 38 65 67 -1 7 48 65 79 -1 23 72 76 96 -1 26 28 58 65 -1 20 81 82 95 -1 5 15 66 89 -1 -2
16 38 47 53 -1 33 49 86 87 -1 4 53 58 72 -1 26 64 71 72 -1 33 54 71 76 -1 33 55 66 72 -1 22 38 70 95 -1 22 42 93 96 -1 36 64 67 78 -1 -2
14 19 37 86 -1 63 72 93 94 -1 8 30 34 56 -1 9 49 73 74 -1 36 63 69 76 -1 1 64 75 90 -1 2 5 28 71 -1 10 82 92 98 -1 43 52 81 98 -1 6 15 53 84 -1 -2
29 48 65 98 -1 49 67 78 83 -1 16 38 79 92 -1 -2
7 22 39 64 -1 32 36 40 81 -1 -2
2 56 74 79 -1 15 21 33 66 -1 -2
23 42 76 98 -1 7 77 80 99 -1 18 23 46 81 -1 13 46 85 89 -1 10 66 81 82 -1 16 31 32 77 -1 30 56 65 100 -1 17 39 71 84 -1 18 20 24 100 -1 23 38 47 97 -1 -2
1 13 77 86 -1 -2
9 16 29 55 -1 11 37 98 99 -1 10 15 49 79 -1 33 57 65 67 -1 57 67 91 93 -1 -2
26 76 84 85 -1 2 79 83 91 -1 51 58 63 97 -1 2 29 91 98 -1 -2
32 78 86 98 -1 -2
2 18 31 67 -1 47 69 90 97 -1 12 69 72 93 -1 -2
6 30 42 97 -1 5 40 52 94 -1 7 15 56 89 -1 12 35 39 48 -1 5 11 80 98 -1 11 12 55 99 -1 6 8 66 82 -1 26 45 74 82 -1 23 34 64 77 -1 -2
10 11 52 89 -1 43 46 62 89 -1 35 36 64 67 -1 40 41 46 82 -1 36 42 74 80 -1 13 39 41 46 -1 24 51 52 73 -1 10 12 23 73 -1 -2
23 48 74 82 -1 18 29 37 62 -1 52 66 74 91 -1 25 35 53 73 -1 1 12 42 52 -1 40 44 52 66 -1 -2
1 24 44 55 -1 25 36 51 68 -1 20 57 79 87 -1 -2
29 63 65 88 -1 27 35 44 91 -1 37 40 70 91 -1 9 16 58 93 -1 29 34 35 93 -1 17 67 71 86 -1 29 57 81 85 -1 4 57 79 88 -1 -2
13 14 64 78 -1 58 60 71 84 -1 37 67 82 85 -1 20 41 82 99 -1 31 37 58 72 -1 9 36 42 52 -1 54 68 91 96 -1 17 46 86 87 -1 43 48 87 100 -1 -2
44 62 68 78 -1 31 37 76 93 -1 2 27 58 67 -1 35 43 47 49 -1 11 17 47 97 -1 50 73 91 94 -1 11 43 66 100 -1 -2
12 38 50 68 -1 13 14 83 89 -1 5 20 39 80 -1 5 6 11 24 -1 52 64 72 79 -1 37 58 72 75 -1 6 37 82 98 -1 10 62 63 76 -1 -2
3 20 72 78 -1 -2
12 22 39 80 -1 9 28 64 85 -1 8 13 16 66 -1 2 36 51 80 -1 42 49 55 72 -1 2 34 74 87 -1 23 28 64 79 -1 18 58 70 74 -1 21 22 55 94 -1 27 54 76 90 -1 -2
23 60 79 90 -1 12 18 73 86 -1 -2
37 81 88 100 -1 48 49 70 76 -1 16 44 63 64 -1 38 52 69 72 -1 27 37 57 64 -1 22 23 26 83 -1 -2
10 18 55 72 -1 24 39 47 88 -1 14 28 71 74 -1 31 38 55 68 -1 26 34 44 90 -1 34 64 76 83 -1 6 10 14 66 -1 30 45 48 51 -1 12 34 68 81 -1 22 43 69 83 -1 -2
4 18 97 99 -1 7 15 17 52 -1 -2
11 37 59 99 -1 27 31 35 87 -1 34 37 38 49 -1 20 32 50 54 -1 62 76 86 93 -1 7 19 41 96 -1 23 29 71 92 -1 22 51 80 89 -1 1 18 47 91 -1 -2
1 22 40 100 -1 6 18 51 81 -1 26 55 74 86 -1 11 28 49 94 -1 45 59 63 95 -1 -2
58 64 67 79 -1 5 8 36 38 -1 -2
4 52 94 99 -1 38 40 61 96 -1 4 27 60 71 -1 11 59 74 93 -1 52 54 57 80 -1 43 54 63 90 -1 -2
4 10 31 77 -1 -2
1 7 61 92 -1 2 3 48 53 -1 12 18 23 98 -1 7 18 25 72 -1 -2
20 45 52 67 -1 52 62 79 98 -1 16 44 76 96 -1 -2
39 47 51 99 -1 20 39 51 66 -1 2 32 46 53 -1 17 31 57 59 -1 10 25 66 100 -1 15 69 79 84 -1 40 47 86 92 -1 19 30 62 100 -1 -2
3 12 80 90 -1 15 52 53 71 -1 22 40 90 98 -1 -2
33 42 66 95 -1 19 35 40 85 -1 2 34 36 93 -1 16 23 77 89 -1 10 19 37 42 -1 36 73 95 98 -1 5 22 68 89 -1 32 55 73 87 -1 3 40 56 87 -1 -2
15 28 39 68 -1 15 19 34 68 -1 -2
19 53 95 96 -1 5 46 57 64 -1 13 19 22 24 -1 48 56 70 81 -1 15 31 33 45 -1 9 14 54 62 -1 9 10 22 81 -1 10 39 61 64 -1 -2
4 18 28 68 -1 8 9 11 94 -1 49 55 80 94 -1 39 72 88 97 -1 29 40 79 100 -1 7 47 55 99 -1 66 68 71 78 -1 24 30 81 94 -1 1 46 71 91 -1 -2
20 56 61 100 -1 17 35 83 99 -1 25 28 36 67 -1 22 48 50 98 -1 31 55 64 87 -1 13 28 52 65 -1 9 42 69 79 -1 12 33 40 66 -1 6 10 66 94 -1 30 38 41 77 -1 -2
1 27 35 70 -1 45 47 56 57 -1 42 43 88 90 -1 30 43 45 91 -1 -2
5 45 51 77 -1 14 42 52 72 -1 -2
15 35 40 52 -1 13 24 30 93 -1 11 19 70 92 -1 21 39 62 96 -1 47 50 85 92 -1 -2
7 52 57 78 -1 16 41 42 78 -1 59 63 92 94 -1 12 26 30 91 -1 19 24 60 66 -1 16 30 34 90 -1 -2
16 56 75 80 -1 25 83 89 97 -1 53 75 77 95 -1 26 36 65 76 -1 13 24 58 92 -1 13 31 41 47 -1 3 57 63 85 -1 -2
48 56 87 88 -1 13 16 27 51 -1 10 36 40 84 -1 20 38 50 79 -1 -2
9 19 27 64 -1 -2
17 34 80 94 -1 27 34 37 63 -1 38 47 69 71 -1 9 17 24 27 -1 -2
16 18 26 80 -1 4 11 40 51 -1 1 15 26 42 -1 20 67 73 89 -1 12 39 51 61 -1 11 27 30 68 -1 16 29 37 44 -1 6 27 32 61 -1 40 45 65 96 -1 32 34 40 68 -1 -2
14 20 44 90 -1 29 68 80 86 -1 10 30 55 57 -1 22 38 47 99 -1 27 35 39 66 -1 -2
13 77 78 80 -1 31 55 66 85 -1 -2
19 30 59 74 -1 20 84 85 99 -1 13 19 48 84 -1 5 72 80 100 -1 -2
12 23 32 90 -1 33 46 61 81 -1 -2
1 7 87 96 -1 2 39 90 98 -1 51 58 88 93 -1 13 41 50 66 -1 54 57 95 97 -1 12 21 39 43 -1 7 8 23 92 -1 51 52 70 83 -1 8 12 33 87 -1 -2
20 39 46 80 -1 7 27 36 58 -1 41 42 56 74 -1 -2
21 22 39 71 -1 16 21 35 48 -1 1 19 83 93 -1 24 61 69 93 -1 14 72 79 100 -1 -2
32 54 55 76 -1 18 33 40 77 -1 12 31 47 97 -1 4 41 89 100 -1 4 53 56 95 -1 7 50 84 96 -1 12 24 25 83 -1 9 23 66 92 -1 2 36 59 90 -1 14 17 70 73 -1 -2
23 46 53 68 -1 3 5 71 83 -1 50 66 73 100 -1 5 18 22 64 -1 9 14 19 68 -1 43 44 76 80 -1 47 73 76 84 -1 -2
2 17 35 71 -1 2 13 33 66 -1 24 29 37 90 -1 20 61 67 69 -1 27 65 81 85 -1 12 16 17 33 -1 8 47 62 78 -1 4 42 47 67 -1 41 53 71 97 -1 -2
6 30 40 98 -1 17 18 41 54 -1 18 26 64 89 -1 3 71 74 83 -1 43 49 85 93 -1 11 20 39 76 -1 64 67 77 93 -1 -2
14 23 68 91 -1 -2
7 16 29 95 -1 1 13 27 68 -1 4 29 68 83 -1 10 32 72 84 -1 20 60 88 93 -1 27 30 69 90 -1 3 57 58 90 -1 -2
33 52 72 93 -1 2 44 88 100 -1 6 53 62 83 -1 3 58 70 100 -1 20 61 66 88 -1 65 67 87 94 -1 22 28 67 90 -1 3 19 82 85 -1 1 14 15 97 -1 8 14 22 32 -1 -2
10 33 59 62 -1 25 29 54 89 -1 41 77 78 83 -1 21 24 48 49 -1 13 43 60 82 -1 9 54 65 97 -1 33 43 48 62 -1 15 16 58 68 -1 14 22 69 83 -1 -2
10 23 79 88 -1 9 33 59 68 -1 27 60 71 97 -1 8 33 79 91 -1 3 69 77 100 -1 11 20 51 55 -1 19 37 40 43 -1 19 33 70 89 -1 -2
38 60 72 84 -1 26 31 74 76 -1 9 32 41 59 -1 33 41 57 77 -1 56 62 86 91 -1 11 21 43 62 -1 7 12 48 58 -1 9 24 56 96 -1 41 56 58 88 -1 30 51 83 91 -1 -2
40 66 81 89 -1 -2
7 63 65 81 -1 13 47 79 81 -1 54 69 75 95 -1 55 92 95 99 -1 3 29 82 87 -1 4 78 79 97 -1 -2
16 29 65 78 -1 2 48 83 88 -1 7 32 81 84 -1 9 18 55 90 -1 7 78 79 93 -1 22 32 68 98 -1 39 88 91 93 -1 8 18 84 90 -1 -2
3 5 45 92 -1 10 17 56 85 -1 32 52 54 63 -1 15 25 95 96 -1 25 52 61 85 -1 8 10 42 81 -1 -2
16 39 61 97 -1 76 77 79 98 -1 64 73 88 98 -1 1 22 38 65 -1 12 20 33 58 -1 27 35 51 95 -1 11 42 71 98 -1 -2
9 30 77 81 -1 7 39 46 89 -1 -2
3 11 64 92 -1 2 17 57 74 -1 33 42 46 84 -1 53 55 84 98 -1 7 34 62 99 -1 15 33 54 99 -1 38 48 55 73 -1 12 16 51 68 -1 -2
10 44 65 89 -1 7 35 71 75 -1 10 21 39 81 -1 6 9 46 77 -1 1 17 64 81 -1 23 28 35 80 -1 -2
5 22 31 40 -1 -2
1 13 22 95 -1 42 48 63 75 -1 15 22 82 88 -1 32 55 72 96 -1 2 21 43 87 -1 32 73 76 78 -1 41 62 74 78 -1 3 8 11 36 -1 -2
44 51 77 82 -1 44 68 73 74 -1 24 66 73 88 -1 10 39 53 88 -1 5 23 46 56 -1 37 41 67 96 -1 35 52 69 80 -1 17 34 37 93 -1 -2
16 65 73 92 -1 57 60 66 78 -1 6 37 72 98 -1 45 65 69 70 -1 13 18 43 55 -1 11 24 69 81 -1 65 83 91 97 -1 11 33 67 73 -1 15 56 64 69 -1 -2
18 51 61 70 -1 38 40 84 93 -1 7 38 54 57 -1 14 43 55 99 -1 26 34 52 56 -1 21 28 93 96 -1 8 30 63 74 -1 8 16 34 84 -1 19 24 63 70 -1 10 23 95 99 -1 -2
25 37 73 77 -1 14 27 58 62 -1 20 48 76 94 -1 5 28 42 82 -1 23 30 50 59 -1 -2
20 23 83 91 -1 18 26 44 86 -1 5 7 53 88 -1 -2
4 43 75 91 -1 28 32 79 92 -1 4 8 54 59 -1 30 42 66 74 -1 16 45 53 83 -1 1 28 64 95 -1 12 27 95 100 -1 23 43 68 85 -1 7 22 74 84 -1 37 49 54 83 -1 -2
48 70 88 91 -1 49 69 76 85 -1 16 22 81 84 -1 11 54 58 63 -1 7 52 95 97 -1 7 13 44 61 -1 17 56 61 63 -1 3 6 27 68 -1 23 29 52 96 -1 3 9 28 94 -1 -2
34 57 87 97 -1 55 84 99 100 -1 18 49 50 82 -1 -2
41 55 56 96 -1 51 59 69 93 -1 -2
47 53 60 78 -1 14 46 52 97 -1 3 49 83 100 -1 7 12 24 34 -1 18 32 54 100 -1 11 41 67 74 -1 15 18 35 54 -1 35 37 46 58 -1 13 32 45 81 -1 45 49 74 99 -1 -2
43 48 76 100 -1 15 25 40 64 -1 12 23 63 98 -1 13 54 58 84 -1 6 20 40 50 -1 41 48 61 88 -1 -2
1 22 44 70 -1 -2
27 37 46 57 -1 5 41 61 65 -1 1 25 53 63 -1 17 29 56 97 -1 28 40 72 78 -1 9 61 74 86 -1 11 67 85 88 -1 14 47 88 94 -1 -2
10 36 90 94 -1 40 62 84 91 -1 15 27 31 56 -1 5 7 32 68 -1 1 20 58 99 -1 5 57 91 99 -1 34 51 57 83 -1 2 6 25 45 -1 -2
25 40 45 55 -1 50 80 88 98 -1 2 35 43 60 -1 -2
12 43 55 66 -1 7 22 28 65 -1 8 14 36 51 -1 25 26 42 53 -1 54 66 90 100 -1 3 19 46 68 -1 26 35 85 90 -1 -2
33 45 49 60 -1 17 30 62 79 -1 9 32 43 55 -1 19 65 84 90 -1 37 44 57 79 -1 13 14 56 64 -1 5 23 50 96 -1 27 34 59 77 -1 44 64 85 99 -1 -2
66 67 74 96 -1 11 46 59 71 -1 -2
55 79 89 96 -1 1 25 54 70 -1 12 13 74 87 -1 56 83 87 95 -1 -2
39 51 90 99 -1 15 68 74 85 -1 38 42 60 88 -1 57 64 67 83 -1 6 16 49 76 -1 15 23 25 37 -1 4 40 83 91 -1 24 56 69 93 -1 -2
19 43 57 74 -1 52 55 77 82 -1 8 33 41 63 -1 39 59 68 95 -1 38 84 99 100 -1 37 39 40 55 -1 5 20 34 79 -1 12 91 96 98 -1 1 37 52 98 -1 21 34 48 88 -1 -2
10 18 34 94 -1 12 15 93 98 -1 15 34 50 88 -1 33 55 80 83 -1 13 23 27 61 -1 21 24 57 98 -1 18 44 53 62 -1 -2
6 7 94 97 -1 5 17 83 89 -1 7 8 56 65 -1 59 72 78 94 -1 17 18 25 77 -1 15 38 82 83 -1 6 36 92 93 -1 55 58 59 78 -1 -2
36 68 69 78 -1 23 49 55 89 -1 2 19 27 67 -1 64 65 69 85 -1 -2
36 45 87 88 -1 3 63 81 85 -1 13 21 49 89 -1 -2
15 37 61 96 -1 11 28 39 44 -1 33 36 80 94 -1 11 53 58 59 -1 -2
52 71 75 87 -1 11 12 42 87 -1 1 3 27 99 -1 7 47 90 93 -1 -2
2 31 86 90 -1 40 64 72 77 -1 38 40 70 79 -1 10 83 84 93 -1 21 60 69 94 -1 41 80 85 94 -1 48 64 66 96 -1 4 64 79 81 -1 34 57 92 98 -1 10 12 91 95 -1 -2
13 30 68 96 -1 6 8 9 45 -1 8 16 35 83 -1 41 72 73 94 -1 -2
28 52 53 90 -1 30 56 82 85 -1 26 28 34 67 -1 11 40 49 56 -1 8 17 26 48 -1 14 50 77 79 -1 1 2 37 91 -1 17 26 71 80 -1 24 39 54 91 -1 5 44 59 69 -1 -2
33 65 66 68 -1 2 29 70 71 -1 -2
2 3 18 27 -1 -2
16 60 78 81 -1 30 57 58 82 -1 -2
37 55 81 95 -1 5 13 67 83 -1 33 60 67 81 -1 58 82 91 100 -1 37 45 69 100 -1 7 26 31 62 -1 5 11 36 40 -1 2 18 42 75 -1 3 16 31 77 -1 7 16 85 98 -1 -2
11 26 82 94 -1 42 59 84 85 -1 9 30 39 47 -1 12 51 66 78 -1 34 58 77 97 -1 12 33 61 70 -1 41 49 74 98 -1 12 15 30 47 -1 75 76 78 99 -1 18 33 42 53 -1 -2
19 47 51 83 -1 21 27 40 78 -1 25 43 55 74 -1 34 49 57 89 -1 2 7 64 99 -1 26 33 53 75 -1 66 70 82 85 -1 8 10 11 21 -1 14 53 60 68 -1 -2
52 54 71 78 -1 9 46 90 99 -1 9 61 96 98 -1 -2
13 21 53 90 -1 31 40 82 84 -1 -2
11 18 71 83 -1 17 50 56 92 -1 19 41 44 81 -1 3 15 67 77 -1 17 39 59 94 -1 22 82 85 97 -1 31 66 73 95 -1 7 31 44 46 -1 -2
30 47 52 55 -1 -2
32 34 46 50 -1 40 59 61 70 -1 1 10 12 21 -1 61 63 78 85 -1 -2
27 29 90 93 -1 1 48 51 69 -1 34 54 59 69 -1 9 62 77 86 -1 3 5 10 80 -1 -2
9 10 45 97 -1 19 38 59 68 -1 3 7 41 46 -1 6 13 14 90 -1 29 66 84 96 -1 36 44 62 81 -1 17 24 58 66 -1 27 36 48 94 -1 2 34 44 72 -1 -2
63 78 80 83 -1 6 20 41 69 -1 10 50 54 96 -1 44 50 58 61 -1 16 38 75 86 -1 50 54 71 93 -1 81 82 93 99 -1 17 27 34 95 -1 -2
10 31 38 95 -1 18 29 37 68 -1 41 46 63 65 -1 13 39 87 100 -1 35 39 63 94 -1 10 25 32 50 -1 2 18 70 86 -1 20 35 37 46 -1 12 21 26 65 -1 -2
11 26 78 91 -1 33 37 83 91 -1 6 12 37 39 -1 7 29 88 94 -1 20 25 32 46 -1 1 12 15 76 -1 11 22 40 47 -1 20 27 73 93 -1 32 40 71 85 -1 12 28 36 60 -1 -2
44 61 63 70 -1 11 21 52 88 -1 11 64 84 90 -1 9 17 49 74 -1 12 22 34 74 -1 23 29 63 64 -1 6 14 61 96 -1 29 83 88 89 -1 1 60 72 75 -1 -2
11 44 62 86 -1 25 34 57 58 -1 9 20 31 89 -1 12 15 39 69 -1 35 72 82 89 -1 26 44 65 89 -1 14 34 61 65 -1 32 64 77 91 -1 64 80 91 99 -1 -2
74 81 88 92 -1 8 46 60 77 -1 7 16 84 86 -1 3 57 67 95 -1 -2
12 15 72 84 -1 7 12 55 58 -1 30 50 71 74 -1 21 33 42 78 -1 16 65 74 83 -1 14 17 91 94 -1 27 58 64 86 -1 27 44 79 98 -1 2 16 50 53 -1 41 56 95 96 -1 -2
39 45 49 52 -1 10 27 29 78 -1 -2
8 71 89 91 -1 3 12 71 94 -1 3 84 89 94 -1 18 51 56 79 -1 3 62 70 76 -1 29 62 87 88 -1 2 50 58 74 -1 10 30 80 86 -1 48 65 72 91 -1 24 54 59 68 -1 -2
34 53 90 94 -1 13 15 58 93 -1 27 33 73 83 -1 20 67 72 84 -1 1 12 52 91 -1 9 12 38 95 -1 41 46 58 63 -1 21 32 34 69 -1 24 42 58 77 -1 13 75 80 91 -1 -2
4 8 47 49 -1 2 48 70 83 -1 9 19 23 93 -1 -2
9 13 63 94 -1 -2
7 11 33 77 -1 22 85 89 99 -1 15 38 46 94 -1 20 69 77 79 -1 13 23 57 98 -1 -2
19 42 67 71 -1 8 30 48 80 -1 1 7 11 42 -1 43 53 61 70 -1 37 42 45 53 -1 55 92 97 99 -1 1 4 73 82 -1 11 20 35 98 -1 11 14 50 63 -1 -2
42 57 74 95 -1 4 14 34 38 -1 -2
15 51 56 90 -1 2 48 66 88 -1 36 51 71 100 -1 30 66 70 87 -1 5 31 61 70 -1 63 66 74 95 -1 3 21 35 84 -1 -2
21 37 53 78 -1 79 81 85 91 -1 2 29 30 84 -1 34 49 51 55 -1 2 37 56 68 -1 15 51 71 100 -1 18 24 55 92 -1 32 48 58 90 -1 -2
57 71 76 96 -1 1 15 37 59 -1 -2
20 31 41 79 -1 13 42 55 79 -1 51 54 89 96 -1 13 33 46 54 -1 2 35 52 84 -1 3 59 94 98 -1 12 24 45 71 -1 3 44 47 60 -1 -2
19 52 91 96 -1 2 86 93 100 -1 20 43 54 74 -1 15 46 53 69 -1 3 26 35 59 -1 19 29 53 58 -1 37 56 62 64 -1 60 64 75 96 -1 4 20 39 48 -1 -2
9 40 83 97 -1 -2
6 37 46 91 -1 -2
26 47 62 69 -1 16 24 40 48 -1 -2
19 35 78 85 -1 22 66 73 86 -1 28 33 42 97 -1 28 35 47 53 -1 6 46 48 87 -1 5 40 52 100 -1 36 59 69 74 -1 11 69 72 99 -1 2 9 23 25 -1 -2
11 15 73 98 -1 21 28 43 92 -1 23 30 41 43 -1 56 58 82 99 -1 8 29 71 76 -1 8 38 49 71 -1 5 23 24 71 -1 -2
6 23 74 80 -1 9 10 26 81 -1 25 27 35 42 -1 -2
40 41 59 83 -1 5 6 66 93 -1 -2
7 20 34 72 -1 13 39 57 75 -1 13 67 68 84 -1 19 28 29 74 -1 18 27 37 97 -1 9 20 74 88 -1 7 31 44 74 -1 29 44 55 97 -1 -2
13 26 46 88 -1 23 37 64 80 -1 18 35 68 86 -1 45 50 58 95 -1 25 43 57 59 -1 -2
13 51 56 80 -1 24 41 75 84 -1 20 40 84 96 -1 10 23 46 97 -1 1 24 36 69 -1 9 25 33 96 -1 13 28 60 80 -1 22 35 74 94 -1 27 35 47 60 -1 -2
33 35 37 66 -1 11 12 71 80 -1 30 31 49 64 -1 38 48 51 76 -1 50 53 73 90 -1 -2
4 25 32 44 -1 8 38 40 84 -1 7 18 30 83 -1 13 27 34 85 -1 43 48 57 76 -1 36 43 58 60 -1 16 23 54 62 -1 20 39 77 99 -1 6 18 23 66 -1 3 30 65 82 -1 -2
22 37 83 87 -1 4 5 69 87 -1 8 78 86 92 -1 -2
21 55 58 63 -1 3 24 53 80 -1 13 50 94 100 -1 30 78 86 94 -1 35 76 87 95 -1 15 19 40 46 -1 39 70 76 97 -1 6 41 65 66 -1 -2
2 14 55 94 -1 10 68 83 90 -1 19 29 56 83 -1 39 56 64 95 -1 2 60 63 88 -1 -2
5 17 83 88 -1 4 18 44 98 -1 5 19 61 81 -1 2 16 25 44 -1 5 29 35 87 -1 7 9 19 82 -1 17 22 28 34 -1 5 52 83 100 -1 3 35 51 71 -1 55 56 68 91 -1 -2
2 9 53 100 -1 6 59 64 100 -1 69 72 73 87 -1 21 57 71 100 -1 49 55 70 77 -1 -2
13 23 35 84 -1 8 20 23 69 -1 30 47 58 78 -1 11 35 67 70 -1 14 34 56 60 -1 10 38 70 73 -1 30 58 82 96 -1 3 53 64 67 -1 12 19 40 55 -1 26 35 61 64 -1 -2
9 30 71 86 -1 13 62 64 74 -1 18 19 65 70 -1 10 46 50 67 -1 19 50 58 90 -1 -2
25 37 81 83 -1 35 43 46 85 -1 8 58 75 85 -1 39 82 90 100 -1 7 35 82 86 -1 44 84 96 97 -1 -2
43 56 68 72 -1 19 25 31 44 -1 9 47 54 60 -1 8 12 30 47 -1 -2
6 7 32 88 -1 11 13 59 99 -1 25 27 84 92 -1 39 40 60 84 -1 48 61 73 96 -1 14 62 64 85 -1 24 39 41 82 -1 60 66 73 89 -1 15 72 78 87 -1 -2
2 32 65 73 -1 19 39 41 91 -1 37 53 54 57 -1 27 49 82 89 -1 4 11 16 59 -1 3 7 83 99 -1 48 50 59 94 -1 29 30 58 73 -1 -2
12 44 87 90 -1 4 43 48 51 -1 17 31 47 89 -1 49 50 51 63 -1 6 23 67 94 -1 42 60 78 98 -1 15 23 89 93 -1 -2
13 38 57 92 -1 31 37 65 78 -1 14 18 26 60 -1 3 12 26 33 -1 33 71 74 77 -1 8 21 52 96 -1 -2
39 64 74 95 -1 -2
22 25 45 80 -1 7 31 39 73 -1 -2
22 47 72 73 -1 2 19 64 80 -1 17 21 29 99 -1 22 38 39 44 -1 30 43 79 85 -1 -2
7 19 24 100 -1 5 27 45 95 -1 36 46 63 91 -1 2 57 69 99 -1 1 27 42 73 -1 1 53 71 89 -1 41 49 63 65 -1 5 29 32 38 -1 40 53 67 99 -1 -2
11 15 26 85 -1 30 53 59 99 -1 7 30 53 73 -1 14 40 72 82 -1 27 74 85 98 -1 9 57 72 95 -1 29 37 78 93 -1 16 48 95 98 -1 14 27 90 91 -1 23 52 82 90 -1 -2
25 26 30 68 -1 2 21 44 100 -1 30 42 51 77 -1 8 11 67 82 -1 4 8 24 27 -1 -2
22 48 64 97 -1 25 53 59 64 -1 -2
9 24 60 63 -1 6 19 38 63 -1 19 29 34 80 -1 -2
32 51 59 100 -1 8 71 74 92 -1 13 33 64 85 -1 8 28 46 71 -1 32 39 55 72 -1 5 19 78 94 -1 1 29 75 93 -1 -2
26 50 62 71 -1 14 22 43 73 -1 6 77 79 90 -1 40 41 45 84 -1 51 63 65 99 -1 13 72 79 80 -1 20 32 56 94 -1 27 61 68 86 -1 28 32 73 78 -1 1 15 20 54 -1 -2
19 52 76 83 -1 15 32 57 94 -1 21 34 77 97 -1 54 83 92 100 -1 29 44 90 92 -1 3 8 83 90 -1 25 36 43 86 -1 5 25 32 91 -1 2 26 33 95 -1 -2
25 26 54 57 -1 20 45 69 83 -1 22 49 61 83 -1 77 86 89 94 -1 2 41 70 77 -1 9 24 52 91 -1 6 32 61 64 -1 -2
35 62 86 100 -1 3 39 51 71 -1 35 65 77 98 -1 4 11 35 58 -1 -2
51 74 96 100 -1 9 20 23 62 -1 21 22 58 92 -1 22 40 45 50 -1 10 24 35 87 -1 12 38 51 78 -1 31 33 35 88 -1 64 66 80 82 -1 13 43 52 99 -1 12 49 78 91 -1 -2
2 8 42 50 -1 22 41 74 99 -1 43 55 57 78 -1 6 14 27 86 -1 18 41 51 84 -1 37 50 59 80 -1 24 28 67 87 -1 3 26 30 49 -1 8 10 32 44 -1 6 26 44 100 -1 -2
47 54 61 69 -1 -2
52 72 85 94 -1 40 56 79 84 -1 12 24 67 100 -1 6 30 45 61 -1 38 45 62 63 -1 -2
25 33 64 98 -1 -2
15 41 49 80 -1 5 10 43 81 -1 11 33 52 61 -1 17 40 49 98 -1 32 40 58 68 -1 -2
9 39 64 69 -1 2 9 92 97 -1 51 69 71 90 -1 9 63 67 83 -1 62 83 91 96 -1 33 42 57 59 -1 29 50 82 96 -1 52 58 84 88 -1 47 70 93 96 -1 19 73 91 96 -1 -2
11 25 31 59 -1 7 57 62 63 -1 -2
10 42 92 95 -1 5 38 59 85 -1 -2
9 70 71 82 -1 37 67 69 92 -1 2 14 57 93 -1 25 28 76 90 -1 4 68 89 97 -1 9 38 43 85 -1 -2
19 56 60 87 -1 4 41 58 77 -1 1 45 64 81 -1 29 38 62 78 -1 -2
31 34 70 90 -1 65 68 80 87 -1 11 26 31 89 -1 56 88 90 95 -1 12 24 72 88 -1 23 26 85 94 -1 11 46 68 81 -1 -2
13 14 36 91 -1 30 39 41 89 -1 52 56 59 96 -1 39 62 93 95 -1 18 55 97 99 -1 -2
23 69 83 93 -1 11 27 60 91 -1 38 44 76 98 -1 -2
9 13 44 52 -1 25 32 34 51 -1 20 30 59 95 -1 10 24 31 97 -1 26 48 77 87 -1 4 7 25 96 -1 53 56 92 100 -1 7 62 77 82 -1 15 83 90 98 -1 -2
47 52 80 96 -1 14 52 59 95 -1 2 32 35 69 -1 25 35 82 98 -1 18 40 44 45 -1 25 59 77 87 -1 13 33 37 41 -1 9 68 83 92 -1 29 72 74 85 -1 23 61 82 92 -1 -2
39 68 76 86 -1 16 49 51 56 -1 19 54 80 97 -1 27 41 88 99 -1 5 57 64 87 -1 34 81 84 100 -1 2 32 77 85 -1 27 54 60 92 -1 -2
8 17 62 95 -1 45 46 53 87 -1 19 50 90 93 -1 48 56 88 100 -1 14 45 58 79 -1 11 20 21 33 -1 13 47 75 77 -1 22 32 78 86 -1 -2
4 34 57 63 -1 12 38 55 74 -1 11 53 82 97 -1 -2
14 24 27 36 -1 6 21 51 78 -1 47 55 60 77 -1 9 24 61 83 -1 27 50 57 58 -1 5 30 44 50 -1 23 24 32 71 -1 -2
12 46 69 90 -1 29 35 38 80 -1 22 33 75 93 -1 18 30 34 98 -1 38 55 80 92 -1 37 42 80 99 -1 34 39 66 70 -1 25 41 70 86 -1 6 13 46 61 -1 -2
6 31 34 93 -1 -2
23 64 68 100 -1 22 78 83 93 -1 26 35 59 66 -1 32 43 69 98 -1 39 75 78 96 -1 12 14 87 94 -1 -2
9 14 20 77 -1 1 18 24 68 -1 63 78 79 80 -1 22 37 42 53 -1 20 46 65 100 -1 41 49 53 57 -1 15 22 38 43 -1 51 64 95 99 -1 27 29 43 94 -1 -2
8 20 29 82 -1 6 20 56 74 -1 32 40 61 84 -1 -2
20 21 62 92 -1 63 76 81 98 -1 2 58 65 69 -1 18 28 44 55 -1 20 45 65 97 -1 4 55 56 74 -1 22 26 85 89 -1 -2
5 21 44 58 -1 -2
5 15 38 91 -1 9 20 50 66 -1 -2
34 60 66 86 -1 17 29 75 82 -1 7 36 43 54 -1 27 47 67 69 -1 7 54 72 98 -1 11 55 80 81 -1 8 11 16 94 -1 14 23 54 83 -1 -2
14 29 47 86 -1 20 26 67 82 -1 18 23 32 74 -1 6 21 32 88 -1 -2
68 76 80 87 -1 15 37 63 76 -1 25 32 44 57 -1 61 70 92 95 -1 33 43 72 93 -1 1 45 48 73 -1 -2
15 23 29 92 -1 7 11 64 72 -1 8 46 87 99 -1 -2
5 7 11 78 -1 27 47 48 74 -1 23 46 88 98 -1 18 80 83 100 -1 1 26 49 83 -1 49 56 65 95 -1 7 50 75 80 -1 -2
19 31 64 80 -1 -2
41 50 55 94 -1 48 51 75 92 -1 23 24 59 64 -1 -2
23 68 84 97 -1 70 85 87 89 -1 9 27 60 90 -1 5 17 20 86 -1 11 33 46 80 -1 2 13 32 41 -1 15 25 46 94 -1 5 43 79 90 -1 -2
41 65 85 96 -1 31 50 73 90 -1 -2
79 82 89 93 -1 6 34 37 58 -1 36 72 75 78 -1 61 76 77 82 -1 37 63 65 87 -1 7 66 78 92 -1 43 50 66 85 -1 14 47 56 92 -1 -2
10 50 89 90 -1 15 35 53 77 -1 -2
36 39 63 66 -1 -2
6 30 32 46 -1 -2
55 72 80 98 -1 13 40 67 69 -1 20 37 45 72 -1 2 15 94 99 -1 36 62 82 89 -1 28 45 50 52 -1 16 25 94 96 -1 -2
18 36 49 86 -1 3 40 48 78 -1 8 14 16 85 -1 25 51 77 78 -1 -2
21 35 90 97 -1 6 33 43 91 -1 8 37 58 74 -1 25 28 35 86 -1 -2
7 14 51 75 -1 19 33 43 74 -1 26 68 81 85 -1 49 71 74 78 -1 4 16 58 93 -1 11 45 64 86 -1 12 49 77 81 -1 4 14 52 78 -1 63 73 93 94 -1 4 18 62 79 -1 -2
11 12 70 76 -1 14 29 52 72 -1 38 41 42 48 -1 25 55 74 83 -1 26 31 47 100 -1 8 33 63 67 -1 11 19 70 77 -1 12 20 82 92 -1 19 40 75 98 -1 25 31 45 84 -1 -2
7 50 56 57 -1 8 25 29 73 -1 17 30 43 71 -1 15 38 81 99 -1 13 14 45 49 -1 4 17 37 91 -1 56 65 76 87 -1 20 26 41 87 -1 23 27 94 95 -1 -2
23 58 68 95 -1 36 54 69 84 -1 4 45 77 87 -1 21 42 55 94 -1 12 30 50 64 -1 19 47 57 97 -1 54 85 94 96 -1 26 49 86 96 -1 20 45 46 99 -1 18 33 54 63 -1 -2
5 14 36 65 -1 52 63 65 87 -1 -2
14 16 42 67 -1 8 17 23 39 -1 47 57 61 89 -1 23 44 80 96 -1 6 13 24 93 -1 40 62 70 87 -1 29 37 90 97 -1 19 34 62 89 -1 -2
10 70 77 81 -1 10 36 63 69 -1 9 22 70 98 -1 5 38 53 97 -1 37 56 64 67 -1 22 51 77 78 -1 1 32 87 88 -1 15 53 79 84 -1 50 56 69 95 -1 23 44 54 95 -1 -2
32 39 84 87 -1 64 65 77 81 -1 8 56 59 85 -1 14 41 66 73 -1 1 24 60 76 -1 19 34 56 57 -1 12 36 56 84 -1 -2
7 8 22 67 -1 12 28 34 62 -1 26 54 67 77 -1 -2
8 20 62 82 -1 18 58 60 79 -1 23 62 63 77 -1 24 45 82 88 -1 72 82 87 92 -1 -2
23 32 57 66 -1 8 11 17 47 -1 11 44 86 87 -1 11 30 38 42 -1 5 21 25 85 -1 16 36 56 65 -1 -2
3 43 46 50 -1 2 52 89 100 -1 26 30 32 53 -1 6 48 59 60 -1 -2
1 28 49 74 -1 5 55 71 100 -1 32 37 44 95 -1 5 73 77 79 -1 5 9 24 71 -1 46 66 67 96 -1 21 33 38 74 -1 61 66 69 75 -1 37 45 58 98 -1 17 18 28 97 -1 -2
12 23 54 83 -1 9 26 83 86 -1 19 24 78 84 -1 25 28 73 75 -1 51 52 56 94 -1 6 17 28 82 -1 -2
14 63 81 99 -1 11 12 28 46 -1 13 56 76 91 -1 6 26 30 92 -1 29 83 84 91 -1 13 26 66 82 -1 27 70 72 73 -1 -2
38 55 60 89 -1 21 55 92 97 -1 3 28 30 40 -1 14 16 85 99 -1 -2
6 21 54 94 -1 25 48 63 71 -1 27 46 52 68 -1 -2
16 59 60 81 -1 26 47 51 86 -1 4 35 47 62 -1 1 21 43 74 -1 13 35 41 77 -1 5 12 17 38 -1 -2
14 27 42 93 -1 18 32 33 54 -1 5 16 44 46 -1 -2
2 32 37 63 -1 4 6 8 72 -1 22 48 50 80 -1 9 11 36 40 -1 21 30 41 60 -1 1 12 28 98 -1 -2
49 62 71 80 -1 20 26 52 55 -1 39 73 80 93 -1 6 50 53 77 -1 12 58 71 88 -1 10 59 72 76 -1 -2
18 22 75 76 -1 17 26 33 61 -1 14 15 42 67 -1 14 16 47 86 -1 -2
8 66 77 84 -1 8 16 27 78 -1 6 13 43 68 -1 4 41 43 90 -1 -2
6 9 43 94 -1 13 67 73 75 -1 31 36 57 63 -1 59 61 77 83 -1 15 32 66 71 -1 12 19 35 91 -1 -2
15 24 77 80 -1 26 50 51 55 -1 40 49 76 78 -1 7 28 48 87 -1 10 25 60 94 -1 7 17 20 76 -1 32 43 54 71 -1 -2
10 63 90 91 -1 -2
1 14 20 87 -1 29 43 79 89 -1 29 54 59 82 -1 34 38 70 85 -1 1 14 24 100 -1 6 39 58 94 -1 8 9 13 64 -1 35 57 76 99 -1 -2
70 84 92 97 -1 2 70 82 92 -1 4 62 88 96 -1 25 33 47 78 -1 1 27 31 58 -1 16 42 53 79 -1 15 26 38 82 -1 55 65 69 91 -1 -2
7 17 32 90 -1 16 22 49 66 -1 -2
2 4 25 40 -1 34 37 43 70 -1 -2
4 15 24 85 -1 -2
7 10 12 55 -1 17 31 41 98 -1 31 32 59 92 -1 -2
34 43 66 98 -1 12 34 76 93 -1 10 27 53 92 -1 6 11 55 84 -1 48 51 68 83 -1 2 55 62 70 -1 2 15 48 75 -1 2 6 38 50 -1 64 70 77 86 -1 37 48 54 68 -1 -2
26 52 81 96 -1 13 30 40 71 -1 2 7 52 65 -1 8 9 26 90 -1 5 44 57 72 -1 -2
15 37 66 100 -1 -2
4 18 54 99 -1 38 45 69 74 -1 3 89 93 97 -1 4 53 68 82 -1 1 42 60 94 -1 11 13 79 94 -1 24 31 33 81 -1 24 32 40 93 -1 -2
44 54 77 96 -1 2 39 96 97 -1 39 40 51 55 -1 43 71 90 99 -1 1 72 74 75 -1 34 45 53 90 -1 30 45 52 78 -1 2 19 28 66 -1 9 67 75 90 -1 9 22 70 72 -1 -2
25 33 49 85 -1 17 71 72 98 -1 10 22 26 58 -1 1 8 49 93 -1 -2
33 36 74 94 -1 28 32 46 55 -1 -2
15 26 30 71 -1 22 66 71 89 -1 7 29 34 75 -1 -2
20 58 69 79 -1 31 38 66 80 -1 25 50 65 86 -1 4 12 31 83 -1 18 37 54 96 -1 37 49 60 92 -1 36 49 72 84 -1 -2
39 58 72 90 -1 44 57 60 69 -1 7 90 96 99 -1 14 21 24 30 -1 7 33 57 90 -1 41 42 50 97 -1 44 65 73 81 -1 34 37 68 76 -1 20 42 44 96 -1 -2
5 37 52 88 -1 -2
32 48 77 89 -1 32 33 76 77 -1 33 51 94 97 -1 5 21 29 61 -1 8 40 72 75 -1 40 46 91 92 -1 -2
18 23 30 64 -1 28 58 96 100 -1 11 82 85 89 -1 42 73 91 92 -1 -2
6 77 85 99 -1 16 24 83 90 -1 25 30 54 56 -1 1 25 34 75 -1 12 17 25 72 -1 13 22 65 70 -1 -2
17 63 76 97 -1 9 27 36 66 -1 2 14 40 65 -1 -2
18 31 43 55 -1 24 51 55 61 -1 7 44 62 80 -1 16 27 34 42 -1 4 72 75 91 -1 -2
6 67 93 97 -1 4 28 56 87 -1 8 16 62 63 -1 3 24 35 41 -1 22 27 31 70 -1 17 27 32 95 -1 12 36 90 94 -1 20 23 84 88 -1 55 58 64 76 -1 -2
55 58 66 90 -1 5 14 17 18 -1 2 6 70 81 -1 -2
8 14 23 71 -1 10 21 30 85 -1 3 37 38 55 -1 7 8 25 30 -1 8 54 73 86 -1 8 22 49 57 -1 1 20 67 86 -1 1 27 48 97 -1 -2
87 96 97 98 -1 63 79 88 98 -1 7 10 25 39 -1 13 49 58 63 -1 -2
6 29 87 99 -1 -2
16 37 39 53 -1 5 7 43 87 -1 37 48 82 94 -1 3 80 90 99 -1 49 55 70 87 -1 6 9 21 84 -1 23 61 71 72 -1 -2
3 20 33 95 -1 13 18 40 54 -1 -2
15 46 58 72 -1 30 40 64 82 -1 27 44 57 89 -1 11 15 39 98 -1 5 21 71 79 -1 28 44 69 87 -1 2 27 47 82 -1 16 17 38 62 -1 56 80 90 92 -1 -2
4 65 81 88 -1 61 64 68 72 -1 38 54 90 95 -1 -2
28 51 71 93 -1 -2
1 20 63 73 -1 11 12 49 71 -1 4 18 23 83 -1 -2
19 36 65 89 -1 8 13 19 73 -1 18 31 73 79 -1 4 34 86 89 -1 29 59 67 99 -1 2 3 30 52 -1 18 44 49 69 -1 11 28 72 84 -1 45 49 91 94 -1 -2
13 31 39 42 -1 2 11 42 95 -1 -2
1 31 37 56 -1 -2
5 13 54 71 -1 39 53 72 98 -1 20 70 83 91 -1 6 41 68 86 -1 -2
26 58 59 91 -1 33 42 58 80 -1 4 15 45 69 -1 -2
28 56 58 96 -1 27 53 67 88 -1 1 8 29 78 -1 39 44 59 77 -1 -2
9 16 72 86 -1 38 46 75 88 -1 40 65 68 92 -1 9 32 44 64 -1 6 28 85 94 -1 -2
11 43 62 90 -1 33 43 53 67 -1 25 32 50 60 -1 8 24 51 96 -1 8 30 41 89 -1 7 22 84 100 -1 19 33 43 94 -1 14 26 80 96 -1 19 29 37 50 -1 30 48 67 91 -1 -2
32 47 81 82 -1 2 4 17 66 -1 2 44 66 94 -1 5 16 40 97 -1 29 45 49 98 -1 1 5 63 73 -1 16 49 56 73 -1 -2
3 31 54 85 -1 23 34 79 94 -1 16 48 54 87 -1 1 29 77 79 -1 21 47 84 94 -1 2 24 69 76 -1 -2
27 47 62 73 -1 1 10 87 92 -1 41 52 56 84 -1 12 18 54 67 -1 -2
34 62 65 77 -1 -2
10 23 60 86 -1 21 62 67 92 -1 12 67 71 99 -1 41 72 79 96 -1 25 40 64 72 -1 11 34 65 87 -1 3 12 41 74 -1 3 8 20 28 -1 22 37 55 81 -1 -2
19 26 56 98 -1 3 5 9 21 -1 10 39 71 97 -1 26 66 89 94 -1 -2
5 49 69 98 -1 16 56 82 84 -1 -2
37 63 68 98 -1 25 42 57 74 -1 -2
3 9 61 94 -1 63 82 84 86 -1 7 20 74 96 -1 47 53 55 86 -1 38 50 60 95 -1 56 67 83 95 -1 3 15 49 98 -1 28 46 67 96 -1 -2
6 37 87 97 -1 14 42 45 96 -1 8 38 83 91 -1 10 14 45 56 -1 4 77 91 100 -1 40 57 61 87 -1 38 76 94 95 -1 8 30 41 67 -1 11 64 80 98 -1 -2
8 14 27 95 -1 43 56 61 95 -1 9 43 47 48 -1 1 24 30 65 -1 28 44 62 77 -1 2 22 24 48 -1 28 51 67 73 -1 13 15 22 61 -1 -2
49 59 67 68 -1 27 35 38 50 -1 25 41 71 95 -1 13 75 76 96 -1 2 40 55 63 -1 -2
12 36 44 72 -1 35 40 83 95 -1 56 71 75 77 -1 3 9 15 58 -1 2 18 40 79 -1 3 12 30 41 -1 -2
32 35 53 82 -1 41 52 68 99 -1 -2
13 46 68 75 -1 12 52 79 80 -1 2 29 75 87 -1 27 46 58 72 -1 -2
33 54 68 92 -1 7 36 46 73 -1 -2
63 75 84 88 -1 4 50 69 87 -1 -2
5 27 89 90 -1 45 50 54 93 -1 4 29 69 81 -1 14 49 75 83 -1 -2
2 31 40 66 -1 29 71 81 97 -1 23 40 66 80 -1 41 65 66 86 -1 29 63 83 98 -1 16 29 71 78 -1 -2
34 38 52 89 -1 33 65 86 94 -1 28 47 57 62 -1 16 36 45 79 -1 12 21 67 78 -1 32 65 91 98 -1 3 5 8 40 -1 -2
9 13 50 81 -1 10 12 25 37 -1 39 75 81 96 -1 11 52 70 95 -1 5 31 74 93 -1 9 35 64 96 -1 12 17 44 92 -1 47 52 97 98 -1 29 32 68 94 -1 -2
42 45 47 88 -1 32 67 71 81 -1 44 55 57 81 -1 43 58 69 88 -1 3 4 16 87 -1 6 10 16 35 -1 67 72 96 98 -1 4 11 27 79 -1 2 25 33 35 -1 20 24 68 78 -1 -2
14 42 89 96 -1 45 50 88 100 -1 1 13 33 87 -1 25 56 58 74 -1 -2
8 30 31 84 -1 7 20 58 88 -1 12 23 34 82 -1 38 50 52 70 -1 20 50 71 75 -1 5 45 53 62 -1 18 47 59 79 -1 8 27 36 89 -1 24 49 63 100 -1 1 8 15 61 -1 -2
11 22 95 97 -1 22 26 39 70 -1 -2
24 58 81 93 -1 58 61 71 95 -1 38 72 75 99 -1 4 8 25 49 -1 30 36 58 59 -1 22 41 44 49 -1 22 55 68 78 -1 29 58 77 92 -1 3 55 83 94 -1 -2
75 89 95 96 -1 50 51 62 89 -1 24 54 72 93 -1 3 8 21 96 -1 17 72 86 93 -1 9 54 55 94 -1 47 63 66 75 -1 29 30 52 57 -1 6 12 17 41 -1 -2
45 50 80 82 -1 70 72 96 97 -1 19 28 30 79 -1 4 16 17 37 -1 1 49 77 92 -1 6 7 16 37 -1 31 36 39 41 -1 69 78 97 99 -1 25 33 50 74 -1 -2
2 11 87 89 -1 19 20 74 95 -1 18 49 83 97 -1 13 15 37 60 -1 48 58 90 93 -1 2 28 61 88 -1 10 25 58 67 -1 24 55 84 94 -1 -2
15 31 81 85 -1 19 34 69 84 -1 27 58 66 99 -1 38 43 69 81 -1 -2
7 30 31 53 -1 44 48 57 95 -1 52 63 67 78 -1 20 24 54 63 -1 -2
22 30 44 71 -1 15 63 93 95 -1 42 51 58 59 -1 48 51 54 91 -1 11 13 61 88 -1 14 16 57 84 -1 24 40 46 74 -1 14 39 71 92 -1 -2
21 37 53 73 -1 39 50 56 77 -1 2 25 27 46 -1 15 51 80 96 -1 11 31 47 60 -1 19 33 44 57 -1 -2
3 6 42 81 -1 50 83 86 96 -1 18 31 72 99 -1 -2
5 14 23 37 -1 54 92 97 100 -1 -2
3 13 59 97 -1 29 34 40 87 -1 4 24 30 31 -1 48 59 63 82 -1 35 58 95 97 -1 26 40 55 77 -1 1 45 55 91 -1 12 24 56 71 -1 10 52 95 99 -1 -2
18 51 87 88 -1 20 29 39 51 -1 24 53 55 96 -1 34 45 58 86 -1 10 73 85 87 -1 30 79 80 100 -1 6 27 52 81 -1 -2
32 38 53 81 -1 18 33 68 87 -1 14 29 35 97 -1 53 62 69 71 -1 16 70 71 89 -1 34 76 90 98 -1 15 37 55 58 -1 -2
23 60 72 83 -1 8 46 83 93 -1 60 66 80 89 -1 -2
19 32 44 46 -1 1 44 63 92 -1 20 21 72 83 -1 34 59 67 94 -1 -2
5 6 17 65 -1 3 19 59 66 -1 -2
18 32 35 48 -1 5 52 54 66 -1 24 61 84 99 -1 14 33 51 79 -1 15 24 64 72 -1 41 44 60 88 -1 -2
7 40 67 90 -1 6 46 55 88 -1 6 31 50 71 -1 7 73 82 93 -1 -2
22 35 44 83 -1 2 20 79 80 -1 9 67 90 92 -1 22 27 28 49 -1 -2
6 9 37 90 -1 6 37 68 90 -1 20 50 58 59 -1 40 50 63 69 -1 14 19 21 43 -1 34 42 53 94 -1 11 77 95 97 -1 40 52 70 94 -1 33 34 64 89 -1 -2
20 42 69 91 -1 33 51 66 98 -1 18 43 89 98 -1 5 65 76 79 -1 28 69 72 85 -1 12 28 29 92 -1 9 10 35 66 -1 24 55 82 93 -1 29 47 83 98 -1 7 16 35 75 -1 -2
18 19 76 100 -1 32 67 70 99 -1 15 58 63 77 -1 29 39 41 64 -1 7 9 30 81 -1 4 24 50 97 -1 54 67 74 95 -1 9 15 54 61 -1 16 49 62 75 -1 8 72 73 90 -1 -2
12 51 64 89 -1 1 14 35 81 -1 3 10 16 32 -1 15 20 81 86 -1 11 40 48 94 -1 31 67 69 81 -1 9 43 44 86 -1 -2
6 19 59 90 -1 1 17 23 89 -1 13 76 85 90 -1 7 29 43 90 -1 21 31 54 83 -1 16 27 84 94 -1 19 40 56 77 -1 -2
38 40 72 76 -1 35 38 41 66 -1 -2
65 70 81 97 -1 30 37 41 60 -1 24 47 49 64 -1 4 18 71 76 -1 24 28 62 76 -1 36 64 67 80 -1 37 52 74 92 -1 23 42 59 95 -1 -2
6 47 56 67 -1 38 62 71 87 -1 9 13 21 40 -1 44 93 95 96 -1 34 37 53 83 -1 -2
19 23 65 77 -1 14 33 62 93 -1 -2
2 39 51 68 -1 2 59 70 92 -1 17 27 52 87 -1 37 47 79 83 -1 52 67 81 83 -1 -2
29 71 87 96 -1 15 47 51 55 -1 19 34 57 100 -1 1 16 40 99 -1 20 24 50 87 -1 4 8 19 69 -1 2 42 84 99 -1 15 39 57 90 -1 23 54 57 59 -1 -2
22 45 60 79 -1 11 37 43 74 -1 23 45 58 72 -1 44 58 91 98 -1 1 31 63 97 -1 -2
17 82 91 100 -1 6 20 40 95 -1 7 48 78 85 -1 6 17 48 62 -1 -2
7 11 61 96 -1 6 9 11 18 -1 31 43 76 91 -1 42 70 76 92 -1 55 58 61 86 -1 1 9 21 30 -1 9 22 55 76 -1 18 70 82 87 -1 10 49 52 98 -1 63 67 68 73 -1 -2
20 49 66 99 -1 2 22 44 87 -1 7 22 60 67 -1 35 94 99 100 -1 1 15 86 91 -1 39 64 69 71 -1 -2
7 29 62 74 -1 14 29 49 63 -1 -2
15 59 64 83 -1 21 29 70 77 -1 1 46 80 87 -1 3 4 48 52 -1 -2
9 42 60 94 -1 5 16 46 82 -1 9 21 60 74 -1 -2
5 58 96 97 -1 37 49 76 99 -1 15 77 96 99 -1 3 10 18 34 -1 3 26 77 94 -1 51 64 67 72 -1 -2
16 23 37 98 -1 19 64 75 85 -1 -2
6 45 54 74 -1 9 64 65 78 -1 11 17 31 42 -1 16 29 30 100 -1 -2
36 52 57 94 -1 12 35 88 95 -1 37 51 53 81 -1 17 24 27 74 -1 1 26 70 80 -1 28 72 95 97 -1 15 42 72 94 -1 50 58 90 95 -1 7 28 65 93 -1 -2
2 11 58 64 -1 9 19 58 75 -1 20 28 34 79 -1 6 26 31 68 -1 14 29 50 98 -1 -2
29 34 45 78 -1 13 57 62 100 -1 36 38 81 87 -1 21 54 88 91 -1 1 23 39 90 -1 29 53 83 88 -1 43 45 53 84 -1 43 54 87 92 -1 8 32 60 86 -1 -2
6 27 42 98 -1 3 36 64 95 -1 4 10 72 90 -1 -2
35 38 57 79 -1 3 23 47 66 -1 18 25 44 72 -1 22 28 75 88 -1 20 59 63 98 -1 -2
14 24 52 97 -1 16 17 45 60 -1 2 5 55 85 -1 6 60 84 91 -1 25 57 74 90 -1 1 66 90 96 -1 8 37 51 58 -1 -2
5 14 43 73 -1 -2
33 63 64 81 -1 14 28 88 89 -1 -2
25 44 64 96 -1 -2
11 23 51 78 -1 11 27 40 50 -1 19 55 68 87 -1 11 37 61 98 -1 -2
10 44 63 76 -1 -2
44 52 56 95 -1 -2
6 9 53 62 -1 11 19 82 85 -1 12 55 57 68 -1 47 60 71 86 -1 34 64 84 94 -1 2 4 31 72 -1 7 62 69 86 -1 27 47 76 96 -1 46 75 79 90 -1 -2
4 29 57 94 -1 16 57 68 77 -1 8 20 89 96 -1 13 25 88 97 -1 6 18 67 90 -1 -2
24 90 91 94 -1 11 68 70 74 -1 23 40 50 63 -1 21 58 74 96 -1 23 25 39 84 -1 42 61 96 97 -1 25 26 75 93 -1 12 27 44 63 -1 -2
12 21 53 80 -1 16 55 66 82 -1 3 33 68 91 -1 10 37 52 98 -1 8 11 82 93 -1 -2
34 43 61 93 -1 5 26 41 79 -1 16 68 75 77 -1 16 40 50 63 -1 57 68 82 100 -1 29 71 84 91 -1 9 21 61 63 -1 4 31 34 50 -1 3 10 57 89 -1 -2
40 42 52 62 -1 4 11 65 100 -1 8 24 61 68 -1 2 40 41 83 -1 14 51 83 86 -1 31 42 59 99 -1 11 53 67 80 -1 -2
11 35 71 80 -1 43 45 54 82 -1 -2
25 55 69 78 -1 1 5 33 90 -1 10 31 43 67 -1 37 64 68 71 -1 9 40 61 81 -1 30 42 80 100 -1 1 30 40 71 -1 2 28 35 77 -1 1 21 26 61 -1 -2
27 28 64 79 -1 46 47 74 86 -1 29 51 70 78 -1 -2
7 40 47 93 -1 -2
4 37 84 94 -1 7 34 56 77 -1 26 31 50 65 -1 39 40 68 74 -1 -2
63 64 75 80 -1 24 67 81 98 -1 20 22 81 85 -1 -2
11 22 48 83 -1 33 49 89 94 -1 10 30 32 82 -1 9 53 87 91 -1 12 33 41 86 -1 2 15 35 37 -1 -2
32 89 91 95 -1 15 32 51 89 -1 -2
7 16 25 53 -1 13 40 46 85 -1 14 20 73 86 -1 -2
5 47 53 59 -1 2 11 61 73 -1 14 20 29 100 -1 36 65 68 88 -1 14 21 39 100 -1 16 30 48 75 -1 -2
7 16 34 99 -1 25 75 82 86 -1 16 26 58 63 -1 21 28 52 55 -1 4 36 83 89 -1 1 28 62 67 -1 26 42 73 92 -1 27 30 50 80 -1 16 55 75 85 -1 14 56 58 98 -1 -2
15 45 55 79 -1 -2
6 40 78 86 -1 1 15 36 69 -1 14 38 40 96 -1 -2
16 45 81 99 -1 40 61 75 94 -1 7 23 81 97 -1 11 50 82 90 -1 -2
9 39 53 55 -1 45 55 56 79 -1 61 64 68 100 -1 6 31 45 92 -1 19 29 58 78 -1 10 20 64 67 -1 39 50 56 86 -1 -2
31 35 49 89 -1 21 23 34 68 -1 23 83 97 99 -1 2 12 36 66 -1 4 22 30 31 -1 34 39 76 85 -1 2 11 23 53 -1 17 27 96 99 -1 21 59 92 99 -1 23 41 49 84 -1 -2
15 35 42 47 -1 2 18 38 82 -1 35 43 46 89 -1 5 28 63 97 -1 15 20 45 84 -1 -2
3 4 73 77 -1 46 52 60 63 -1 29 64 78 91 -1 1 8 19 80 -1 -2
41 50 71 83 -1 31 53 73 98 -1 25 39 44 86 -1 53 72 75 77 -1 20 26 62 75 -1 28 42 52 60 -1 57 77 89 90 -1 14 74 77 86 -1 13 18 42 49 -1 7 12 32 76 -1 -2
15 44 56 57 -1 18 46 56 60 -1 4 20 24 57 -1 5 50 90 99 -1 -2
16 66 82 84 -1 23 25 87 96 -1 5 41 58 62 -1 1 46 98 100 -1 8 46 52 68 -1 47 56 64 86 -1 -2
23 62 79 92 -1 3 7 25 56 -1 2 7 8 92 -1 21 57 67 77 -1 20 47 65 97 -1 -2
3 12 45 85 -1 13 20 43 85 -1 1 15 64 74 -1 9 12 41 46 -1 16 35 39 81 -1 18 38 73 96 -1 23 39 71 87 -1 59 68 83 100 -1 19 72 76 91 -1 15 54 70 82 -1 -2
6 32 38 39 -1 8 15 34 77 -1 2 13 60 64 -1 5 26 29 53 -1 21 53 55 62 -1 18 34 58 64 -1 31 67 69 85 -1 -2
11 31 65 95 -1 19 25 28 79 -1 55 61 91 99 -1 64 70 87 88 -1 -2
12 55 88 90 -1 1 27 64 75 -1 -2
10 67 83 95 -1 14 32 77 79 -1 2 32 67 86 -1 18 21 41 65 -1 14 53 54 79 -1 51 70 73 74 -1 33 62 84 89 -1 18 44 57 78 -1 26 40 48 76 -1 -2
21 40 64 70 -1 56 90 94 98 -1 10 12 86 97 -1 -2
18 20 45 70 -1 4 31 65 68 -1 9 79 84 85 -1 2 19 43 53 -1 12 60 72 91 -1 50 57 68 86 -1 40 56 69 71 -1 21 33 48 96 -1 31 52 59 72 -1 20 40 59 93 -1 -2
12 48 77 94 -1 25 43 56 75 -1 7 37 74 79 -1 2 45 60 69 -1 14 57 58 69 -1 36 49 54 100 -1 -2
20 31 73 91 -1 26 44 50 60 -1 5 19 59 93 -1 -2
9 15 66 75 -1 6 13 38 55 -1 -2
13 66 78 81 -1 -2
13 15 57 58 -1 5 11 46 96 -1 14 82 89 94 -1 21 44 75 96 -1 16 34 49 70 -1 2 19 29 42 -1 1 25 53 89 -1 -2
32 45 67 89 -1 55 58 70 77 -1 17 24 86 94 -1 16 46 53 94 -1 11 39 70 77 -1 8 67 78 98 -1 -2
23 43 67 71 -1 11 48 65 98 -1 16 47 65 67 -1 27 31 65 99 -1 -2
1 12 31 98 -1 10 72 79 96 -1 -2
18 24 81 98 -1 26 48 86 91 -1 15 37 46 50 -1 -2
13 14 29 87 -1 2 64 84 85 -1 17 38 49 98 -1 -2
63 68 71 92 -1 66 77 90 98 -1 5 27 47 58 -1 19 23 58 92 -1 5 8 32 48 -1 28 51 64 89 -1 27 78 87 88 -1 16 26 46 66 -1 8 36 63 70 -1 18 19 40 69 -1 -2
16 25 68 82 -1 7 24 37 98 -1 35 41 45 93 -1 1 21 43 64 -1 2 26 61 97 -1 -2
42 45 90 91 -1 8 19 61 99 -1 36 40 59 80 -1 4 29 44 65 -1 28 51 68 72 -1 4 13 66 97 -1 -2
38 45 47 86 -1 5 27 47 58 -1 8 9 23 72 -1 12 32 44 87 -1 21 39 81 84 -1 8 24 36 91 -1 8 10 34 37 -1 14 47 84 88 -1 28 29 46 66 -1 44 45 64 89 -1 -2
7 48 78 87 -1 22 24 85 90 -1 20 33 81 85 -1 -2
61 63 74 81 -1 15 36 48 84 -1 6 27 66 98 -1 72 83 85 87 -1 12 25 34 47 -1 8 56 93 95 -1 37 74 75 99 -1 10 23 72 83 -1 73 85 94 96 -1 -2
33 42 68 78 -1 4 28 50 55 -1 36 44 46 51 -1 4 44 56 94 -1 30 69 92 98 -1 29 33 46 50 -1 44 47 70 71 -1 3 30 50 61 -1 22 39 45 92 -1 4 19 21 74 -1 -2
8 50 66 80 -1 30 44 53 56 -1 13 46 67 100 -1 54 63 95 97 -1 1 40 65 77 -1 9 47 54 99 -1 25 42 46 63 -1 -2
40 48 76 100 -1 -2
16 45 78 93 -1 -2
32 77 81 83 -1 28 83 94 98 -1 20 26 53 64 -1 18 26 44 75 -1 -2
9 36 83 84 -1 11 28 50 83 -1 17 61 72 100 -1 31 33 35 77 -1 24 50 56 97 -1 40 41 84 93 -1 22 45 57 76 -1 -2
21 45 63 95 -1 27 51 63 82 -1 9 14 40 64 -1 2 9 47 83 -1 -2
20 83 91 97 -1 15 22 74 99 -1 -2
34 40 66 94 -1 43 44 61 70 -1 12 32 51 95 -1 22 59 65 70 -1 27 47 72 83 -1 5 34 37 83 -1 -2
1 61 79 93 -1 -2
1 24 43 87 -1 3 7 87 91 -1 14 61 64 100 -1 13 27 74 78 -1 6 19 31 35 -1 -2
4 46 92 100 -1 22 33 49 55 -1 30 45 51 64 -1 -2
21 55 89 92 -1 30 73 90 100 -1 13 15 43 69 -1 -2
28 36 74 78 -1 15 21 26 59 -1 51 74 76 79 -1 22 25 44 53 -1 25 48 50 80 -1 2 6 84 88 -1 18 34 41 46 -1 3 41 46 67 -1 12 19 23 73 -1 -2
6 28 38 81 -1 33 71 77 88 -1 25 28 73 98 -1 7 38 74 83 -1 19 20 78 87 -1 16 40 50 66 -1 8 37 66 94 -1 28 49 58 78 -1 -2
11 55 63 70 -1 13 40 80 96 -1 -2
14 23 60 68 -1 10 13 29 79 -1 4 20 55 60 -1 3 7 15 58 -1 20 24 44 53 -1 9 76 84 99 -1 24 26 48 97 -1 -2
50 67 93 100 -1 26 42 57 60 -1 11 79 96 99 -1 18 25 50 64 -1 25 30 38 48 -1 21 55 77 96 -1 4 13 23 90 -1 12 45 46 48 -1 22 39 92 99 -1 12 33 77 87 -1 -2
5 21 32 83 -1 15 54 76 93 -1 5 62 91 94 -1 5 45 63 72 -1 1 72 77 92 -1 1 25 26 80 -1 20 48 51 80 -1 58 59 72 77 -1 2 45 47 70 -1 32 41 98 100 -1 -2
53 77 82 98 -1 8 10 23 48 -1 13 55 74 85 -1 21 36 54 69 -1 25 27 44 100 -1 17 19 69 99 -1 34 46 47 61 -1 -2
1 4 16 80 -1 59 64 70 72 -1 -2
2 5 43 57 -1 43 53 69 78 -1 23 30 34 42 -1 16 32 77 93 -1 18 21 28 57 -1 -2
11 22 89 99 -1 3 20 50 78 -1 19 50 89 91 -1 42 55 80 96 -1 16 26 38 62 -1 11 22 75 93 -1 10 26 39 84 -1 44 52 55 60 -1 33 44 61 96 -1 2 55 63 94 -1 -2
7 31 75 100 -1 18 56 76 79 -1 4 30 42 100 -1 19 26 46 73 -1 1 9 44 59 -1 14 67 72 94 -1 10 20 31 79 -1 12 29 49 86 -1 -2
36 38 56 77 -1 13 85 92 99 -1 28 51 73 92 -1 18 29 71 94 -1 21 25 43 90 -1 2 70 78 98 -1 51 77 85 99 -1 -2
25 33 68 73 -1 4 5 90 95 -1 6 10 17 37 -1 7 11 72 93 -1 53 76 84 98 -1 -2
54 73 90 96 -1 15 46 52 63 -1 24 73 79 98 -1 36 37 48 76 -1 11 37 45 68 -1 3 33 59 63 -1 37 66 72 88 -1 18 21 32 75 -1 15 26 45 100 -1 -2
8 34 59 92 -1 4 21 47 49 -1 32 36 84 98 -1 9 67 78 79 -1 1 13 55 88 -1 18 20 68 91 -1 3 37 46 71 -1 13 44 75 99 -1 -2
37 45 80 99 -1 21 50 63 66 -1 1 15 65 83 -1 -2
48 50 62 79 -1 12 48 64 72 -1 7 52 79 84 -1 28 40 55 66 -1 31 48 68 96 -1 -2
28 71 87 91 -1 65 70 71 81 -1 -2
10 15 70 99 -1 9 63 80 100 -1 12 46 48 69 -1 14 27 65 68 -1 8 30 34 84 -1 17 36 38 71 -1 2 9 13 95 -1 -2
18 41 66 83 -1 -2
3 10 90 99 -1 49 70 75 78 -1 30 32 60 99 -1 22 37 71 87 -1 32 39 40 41 -1 20 23 66 97 -1 24 32 84 97 -1 4 14 70 88 -1 29 42 46 58 -1 22 33 83 96 -1 -2
10 45 83 84 -1 4 5 19 87 -1 56 60 89 94 -1 22 23 25 52 -1 10 14 34 52 -1 52 54 59 68 -1 7 14 19 79 -1 24 34 63 87 -1 -2
34 44 64 94 -1 15 37 49 58 -1 16 46 76 94 -1 62 69 78 95 -1 -2
9 23 92 99 -1 25 52 57 66 -1 -2
22 32 69 92 -1 4 14 44 60 -1 8 10 46 84 -1 2 23 39 57 -1 10 28 44 59 -1 -2
57 70 73 83 -1 2 4 71 79 -1 42 45 61 67 -1 28 65 98 100 -1 20 58 62 91 -1 7 16 34 74 -1 -2
12 32 49 73 -1 35 50 65 66 -1 13 17 66 75 -1 24 39 83 89 -1 42 53 86 94 -1 37 42 83 84 -1 1 10 44 74 -1 50 74 83 95 -1 8 18 63 96 -1 42 72 80 99 -1 -2
12 44 48 58 -1 40 41 63 83 -1 11 46 71 82 -1 10 37 81 96 -1 -2
16 52 74 89 -1 42 65 87 88 -1 10 11 21 99 -1 14 37 84 100 -1 35 77 93 98 -1 24 66 70 97 -1 5 25 43 68 -1 33 47 52 59 -1 -2
22 48 81 89 -1 41 54 80 81 -1 7 42 85 88 -1 13 28 56 97 -1 -2
24 27 36 65 -1 29 46 76 89 -1 7 8 90 91 -1 3 37 59 73 -1 5 11 13 98 -1 25 42 60 67 -1 43 49 80 94 -1 2 19 28 29 -1 7 49 81 100 -1 10 44 76 99 -1 -2
12 63 88 91 -1 10 36 45 85 -1 63 70 83 92 -1 8 42 70 92 -1 66 71 86 92 -1 5 33 44 89 -1 47 48 50 91 -1 28 35 38 41 -1 -2
6 33 37 43 -1 19 22 71 99 -1 -2
33 50 85 99 -1 15 52 64 91 -1 32 36 83 94 -1 41 47 61 82 -1 19 33 81 93 -1 14 67 90 91 -1 -2
47 80 98 99 -1 33 35 57 74 -1 8 11 12 54 -1 24 33 72 80 -1 28 74 87 88 -1 6 45 48 97 -1 26 59 70 74 -1 3 9 17 79 -1 56 59 66 93 -1 -2
12 19 58 59 -1 6 23 54 76 -1 20 52 55 80 -1 -2
38 56 63 91 -1 33 53 63 73 -1 43 57 70 83 -1 12 47 49 59 -1 9 18 31 73 -1 3 63 82 92 -1 37 53 77 83 -1 38 43 45 63 -1 -2
4 18 50 84 -1 12 30 58 71 -1 22 27 76 89 -1 51 65 77 79 -1 2 57 86 94 -1 29 32 35 98 -1 10 25 69 74 -1 1 24 37 87 -1 -2
21 22 79 85 -1 38 53 76 82 -1 29 42 64 96 -1 30 33 36 71 -1 -2
59 70 73 98 -1 7 72 94 100 -1 8 26 71 88 -1 13 44 87 89 -1 21 36 58 74 -1 1 12 56 77 -1 13 19 74 75 -1 -2
28 66 88 95 -1 24 40 57 66 -1 53 62 76 90 -1 6 65 89 99 -1 25 59 64 83 -1 11 25 87 95 -1 -2
20 31 65 98 -1 12 13 35 93 -1 2 23 66 77 -1 61 95 97 98 -1 14 33 45 59 -1 9 24 66 100 -1 14 50 67 94 -1 41 45 68 81 -1 -2
20 41 68 85 -1 24 78 87 89 -1 4 20 69 78 -1 -2
1 38 68 74 -1 18 36 68 93 -1 27 38 45 46 -1 4 56 60 78 -1 10 15 46 67 -1 11 18 20 92 -1 17 24 69 85 -1 19 37 77 78 -1 -2
13 17 59 61 -1 7 37 52 81 -1 16 51 87 92 -1 7 25 32 78 -1 19 92 95 97 -1 11 47 71 76 -1 19 24 48 54 -1 -2
15 45 67 100 -1 -2
29 41 54 55 -1 3 27 35 93 -1 38 57 72 76 -1 62 68 77 91 -1 6 34 56 87 -1 3 15 70 72 -1 32 65 70 84 -1 43 45 50 84 -1 23 63 70 73 -1 25 37 42 95 -1 -2
69 71 81 93 -1 66 82 87 96 -1 15 30 81 100 -1 49 61 86 100 -1 9 21 26 75 -1 67 90 94 98 -1 34 74 94 97 -1 -2
1 43 45 91 -1 6 32 56 81 -1 12 32 79 100 -1 6 17 58 77 -1 2 26 66 68 -1 42 53 84 88 -1 21 27 55 94 -1 37 54 86 96 -1 16 33 78 81 -1 21 65 91 97 -1 -2
37 55 90 96 -1 30 53 58 80 -1 37 56 65 83 -1 12 53 57 90 -1 18 34 41 80 -1 44 65 78 88 -1 69 82 88 97 -1 -2
21 28 32 63 -1 17 28 78 91 -1 6 14 67 82 -1 1 54 61 67 -1 16 56 86 91 -1 40 48 55 66 -1 17 33 42 87 -1 62 63 80 89 -1 6 47 48 82 -1 37 61 66 67 -1 -2
45 61 65 100 -1 21 64 79 91 -1 14 71 89 99 -1 -2
12 40 60 68 -1 2 4 36 54 -1 6 34 76 94 -1 3 5 36 38 -1 9 34 80 89 -1 12 26 67 77 -1 17 27 37 45 -1 -2
6 21 42 87 -1 4 61 84 95 -1 16 21 67 100 -1 30 44 59 96 -1 -2
15 34 49 67 -1 6 21 31 59 -1 40 56 81 89 -1 24 59 77 94 -1 47 67 83 87 -1 5 18 50 56 -1 33 36 81 90 -1 61 74 91 98 -1 79 88 91 92 -1 6 17 20 60 -1 -2
10 43 52 72 -1 2 35 54 60 -1 46 47 55 93 -1 24 33 42 76 -1 15 69 75 91 -1 28 57 97 98 -1 -2
2 16 77 80 -1 1 42 50 87 -1 2 41 43 93 -1 15 43 83 88 -1 17 59 96 98 -1 -2
25 35 56 64 -1 3 4 14 74 -1 4 59 70 71 -1 11 26 58 92 -1 10 26 81 86 -1 13 27 44 96 -1 8 44 57 78 -1 9 60 65 86 -1 18 34 39 43 -1 21 44 87 91 -1 -2
63 64 74 87 -1 20 88 94 97 -1 -2
53 80 81 88 -1 -2
10 33 81 95 -1 5 28 51 56 -1 15 38 56 66 -1 16 20 79 81 -1 24 58 73 97 -1 37 46 54 68 -1 4 17 30 37 -1 19 42 50 65 -1 -2
58 69 75 84 -1 33 50 69 87 -1 -2
2 20 66 79 -1 1 12 16 60 -1 34 71 82 94 -1 29 52 56 75 -1 42 61 92 95 -1 4 44 81 86 -1 26 35 44 72 -1 10 28 88 90 -1 8 24 61 91 -1 -2
27 51 53 79 -1 14 43 70 97 -1 2 27 34 39 -1 14 65 76 79 -1 9 25 51 91 -1 6 45 66 96 -1 1 6 17 59 -1 1 32 42 75 -1 10 20 28 61 -1 17 19 31 64 -1 -2
16 28 49 62 -1 8 15 30 83 -1 13 45 53 79 -1 1 34 63 81 -1 30 56 59 64 -1 3 42 92 100 -1 20 47 56 58 -1 15 25 45 59 -1 -2
19 28 39 76 -1 29 66 70 84 -1 3 37 51 84 -1 21 27 57 82 -1 8 14 44 47 -1 60 76 86 98 -1 3 30 53 66 -1 -2
18 19 50 53 -1 21 47 63 75 -1 12 19 76 99 -1 -2
8 31 61 63 -1 -2
17 18 23 62 -1 26 42 67 74 -1 39 40 42 59 -1 -2
13 48 51 84 -1 13 14 26 55 -1 10 36 38 96 -1 12 30 45 82 -1 9 37 55 80 -1 10 22 28 36 -1 36 84 91 93 -1 -2
15 30 38 66 -1 12 13 43 90 -1 4 57 68 75 -1 18 23 34 51 -1 6 31 64 79 -1 11 16 72 76 -1 -2
11 37 42 97 -1 74 76 97 100 -1 14 29 74 79 -1 58 73 89 90 -1 8 45 60 93 -1 7 54 63 78 -1 13 43 62 83 -1 -2
4 26 56 91 -1 32 44 76 97 -1 34 44 77 81 -1 14 32 61 85 -1 12 13 17 64 -1 44 46 67 79 -1 6 26 45 84 -1 5 13 72 84 -1 -2
16 32 80 100 -1 -2
1 62 94 99 -1 46 50 55 56 -1 -2
34 53 60 81 -1 15 30 46 76 -1 6 32 65 90 -1 1 33 50 77 -1 28 52 64 79 -1 18 30 40 91 -1 6 11 29 93 -1 -2
9 49 60 70 -1 7 41 59 82 -1 17 26 57 97 -1 -2
43 49 58 87 -1 3 37 56 90 -1 18 69 73 89 -1 56 82 83 100 -1 -2
29 41 64 74 -1 4 15 21 81 -1 4 13 42 46 -1 17 28 36 72 -1 33 34 51 57 -1 21 22 68 89 -1 -2
1 25 28 85 -1 1 2 22 46 -1 34 37 77 78 -1 44 62 80 98 -1 40 54 76 84 -1 12 38 66 92 -1 13 51 65 81 -1 25 62 69 91 -1 56 65 89 92 -1 -2
34 55 76 99 -1 1 71 81 98 -1 21 37 49 80 -1 -2
8 31 51 91 -1 11 18 45 50 -1 64 74 84 85 -1 13 37 56 89 -1 15 40 64 96 -1 16 35 43 75 -1 73 92 95 96 -1 47 53 89 96 -1 56 58 68 89 -1 -2
18 22 77 83 -1 47 64 76 81 -1 -2
25 39 40 71 -1 32 43 76 81 -1 11 26 40 63 -1 -2
25 39 61 74 -1 11 70 82 95 -1 15 38 47 69 -1 13 49 73 97 -1 2 37 92 99 -1 11 14 30 47 -1 -2
5 7 35 66 -1 5 8 28 79 -1 10 43 46 59 -1 15 29 48 75 -1 9 35 74 85 -1 -2
30 83 86 96 -1 40 52 72 86 -1 8 21 22 83 -1 11 14 40 97 -1 77 80 86 98 -1 -2
1 3 23 42 -1 29 36 47 72 -1 4 16 39 71 -1 48 55 77 79 -1 25 28 69 79 -1 26 92 94 95 -1 5 11 15 43 -1 22 53 66 85 -1 -2
4 20 69 71 -1 12 19 33 53 -1 1 2 15 52 -1 33 50 67 72 -1 -2
21 41 56 79 -1 15 28 74 98 -1 24 67 78 84 -1 -2
15 28 40 51 -1 28 39 43 55 -1 -2
46 55 82 89 -1 7 44 73 87 -1 -2
2 31 52 89 -1 19 34 45 80 -1 11 33 37 68 -1 12 25 38 86 -1 6 10 38 42 -1 -2
1 52 61 78 -1 1 9 12 95 -1 12 17 69 77 -1 11 18 24 93 -1 16 68 69 96 -1 5 57 67 69 -1 16 27 59 60 -1 -2
31 69 79 94 -1 -2
9 13 21 90 -1 44 48 64 77 -1 11 42 68 79 -1 1 12 20 82 -1 16 48 62 69 -1 37 47 51 64 -1 24 25 26 76 -1 24 30 59 79 -1 -2
21 28 69 98 -1 18 54 60 80 -1 32 61 74 86 -1 1 3 4 52 -1 22 26 67 71 -1 32 45 64 70 -1 33 43 53 88 -1 -2
13 29 30 42 -1 16 18 21 100 -1 22 43 86 98 -1 8 13 56 84 -1 2 30 48 93 -1 11 14 29 53 -1 24 27 87 91 -1 12 21 31 69 -1 20 25 28 57 -1 55 87 88 89 -1 -2
15 30 32 47 -1 11 56 71 73 -1 15 68 84 89 -1 25 44 45 99 -1 27 61 64 80 -1 4 27 70 80 -1 38 42 64 100 -1 12 61 74 80 -1 5 6 17 77 -1 2 8 58 78 -1 -2
11 33 54 99 -1 61 66 69 99 -1 25 55 85 91 -1 15 26 83 89 -1 -2
15 21 46 88 -1 23 39 49 54 -1 23 36 53 99 -1 1 34 38 52 -1 15 22 42 50 -1 -2
7 26 87 94 -1 9 49 58 79 -1 28 45 48 68 -1 6 27 44 69 -1 48 82 87 93 -1 12 50 95 98 -1 56 70 91 97 -1 53 64 75 88 -1 15 48 64 68 -1 15 56 78 88 -1 -2
5 24 42 85 -1 8 35 39 96 -1 43 69 96 99 -1 12 39 91 94 -1 5 13 43 85 -1 -2
7 11 51 86 -1 13 37 56 93 -1 50 59 78 89 -1 1 44 83 89 -1 2 40 63 73 -1 3 16 28 38 -1 -2
13 14 32 100 -1 -2
47 52 59 97 -1 19 40 95 96 -1 7 51 87 90 -1 37 41 63 69 -1 20 40 47 65 -1 4 7 33 97 -1 3 5 15 29 -1 33 37 74 95 -1 18 22 29 85 -1 -2
28 52 55 90 -1 44 81 93 98 -1 4 22 25 87 -1 12 38 57 67 -1 32 53 62 91 -1 9 25 56 99 -1 27 65 80 89 -1 7 8 69 74 -1 22 37 38 69 -1 -2
1 7 16 62 -1 17 28 65 67 -1 38 49 52 64 -1 33 62 77 93 -1 29 33 47 80 -1 22 25 57 87 -1 6 12 33 55 -1 -2
6 76 89 93 -1 30 47 53 56 -1 18 52 59 81 -1 1 60 79 92 -1 33 39 93 99 -1 41 51 63 93 -1 28 41 47 86 -1 9 10 90 93 -1 20 41 49 94 -1 -2
50 75 83 99 -1 -2
1 13 25 28 -1 38 73 77 95 -1 32 51 65 98 -1 54 75 83 90 -1 27 28 72 88 -1 24 44 55 88 -1 -2
16 40 67 70 -1 -2
31 58 67 68 -1 39 54 60 63 -1 -2
4 11 15 18 -1 13 17 31 76 -1 5 25 60 86 -1 -2
5 11 13 48 -1 3 37 45 75 -1 74 79 92 97 -1 8 16 52 97 -1 3 67 74 89 -1 14 48 54 55 -1 -2
16 62 64 81 -1 9 17 74 93 -1 10 20 27 70 -1 27 47 82 85 -1 35 48 64 79 -1 31 65 66 97 -1 19 22 71 91 -1 20 41 49 87 -1 31 40 65 67 -1 -2
2 13 27 34 -1 2 6 39 71 -1 17 21 32 36 -1 24 47 65 76 -1 26 61 66 83 -1 4 21 37 44 -1 17 78 88 89 -1 6 7 79 86 -1 -2
34 35 52 93 -1 15 39 51 96 -1 -2
25 30 54 72 -1 -2
1 35 55 98 -1 28 31 66 70 -1 21 68 77 99 -1 18 19 87 90 -1 38 44 71 89 -1 4 67 73 87 -1 43 50 63 97 -1 -2
11 44 55 56 -1 12 15 32 68 -1 -2
8 30 32 82 -1 20 57 67 68 -1 52 56 85 90 -1 24 77 83 90 -1 23 35 83 97 -1 13 22 44 56 -1 21 36 39 77 -1 13 33 63 97 -1 3 17 23 94 -1 41 49 66 84 -1 -2
3 15 19 39 -1 22 76 83 86 -1 25 50 56 84 -1 43 45 73 93 -1 8 23 68 91 -1 -2
4 58 72 83 -1 10 23 25 42 -1 13 53 67 69 -1 9 29 73 86 -1 -2
25 40 53 57 -1 -2
16 18 62 94 -1 14 15 18 56 -1 32 64 65 94 -1 4 12 17 30 -1 23 42 52 94 -1 9 26 48 76 -1 18 19 20 62 -1 28 53 82 99 -1 9 31 46 63 -1 -2
3 23 63 96 -1 10 37 75 88 -1 23 69 82 97 -1 -2
32 52 53 86 -1 16 46 47 86 -1 -2
59 73 76 91 -1 3 20 29 100 -1 15 76 95 96 -1 29 51 69 73 -1 35 45 47 64 -1 1 10 18 71 -1 -2
9 24 49 94 -1 38 53 69 91 -1 18 26 57 85 -1 10 11 84 95 -1 21 69 97 100 -1 50 53 55 65 -1 45 61 62 82 -1 -2
15 23 41 74 -1 2 53 61 62 -1 54 59 77 81 -1 14 15 71 91 -1 18 37 60 91 -1 -2
47 49 65 91 -1 31 62 73 89 -1 -2
44 61 62 90 -1 15 16 65 80 -1 9 94 95 98 -1 19 38 71 86 -1 12 42 47 84 -1 41 47 78 87 -1 21 26 45 58 -1 3 10 66 91 -1 43 79 89 91 -1 -2
50 93 98 99 -1 19 60 65 71 -1 11 12 24 76 -1 16 18 41 71 -1 34 68 87 92 -1 27 63 81 96 -1 -2
2 27 36 47 -1 -2
62 91 94 97 -1 3 6 78 91 -1 45 63 68 78 -1 -2
31 39 75 82 -1 71 74 83 99 -1 1 2 37 68 -1 46 66 72 82 -1 10 16 37 59 -1 3 14 47 73 -1 17 29 40 42 -1 -2
15 35 72 82 -1 9 36 69 71 -1 59 66 90 92 -1 8 27 42 77 -1 6 37 50 52 -1 1 15 41 57 -1 9 12 58 90 -1 34 36 66 97 -1 12 19 39 71 -1 -2
4 82 91 95 -1 45 54 61 99 -1 6 10 35 59 -1 42 56 72 81 -1 10 44 52 81 -1 -2
17 33 44 62 -1 19 52 60 64 -1 3 4 54 59 -1 12 30 66 84 -1 31 40 73 88 -1 3 15 32 91 -1 32 45 68 73 -1 56 72 91 98 -1 7 23 41 95 -1 10 44 64 77 -1 -2
10 31 78 98 -1 75 80 97 99 -1 28 56 80 81 -1 30 35 36 89 -1 6 79 93 96 -1 -2
16 46 50 95 -1 14 15 48 63 -1 3 23 31 71 -1 22 38 63 82 -1 14 36 94 98 -1 1 12 55 73 -1 -2
19 29 76 100 -1 24 42 45 46 -1 10 15 23 24 -1 3 19 68 83 -1 15 39 45 90 -1 8 54 93 100 -1 26 43 64 75 -1 14 27 36 93 -1 4 8 10 37 -1 -2
4 19 82 93 -1 51 52 58 100 -1 44 54 87 88 -1 -2
8 46 61 96 -1 13 15 56 80 -1 31 46 50 68 -1 4 34 55 73 -1 14 23 28 57 -1 46 56 68 76 -1 35 39 63 99 -1 24 47 85 97 -1 53 68 77 92 -1 -2
4 5 35 80 -1 44 50 77 82 -1 23 25 34 99 -1 30 46 83 84 -1 5 7 21 49 -1 3 28 80 99 -1 3 19 66 85 -1 -2
33 52 73 99 -1 50 51 56 76 -1 38 40 79 88 -1 34 46 51 69 -1 35 53 56 57 -1 -2
9 11 26 97 -1 9 10 35 91 -1 10 14 53 85 -1 2 6 22 33 -1 29 45 48 99 -1 12 23 73 97 -1 -2
22 54 75 84 -1 47 63 66 87 -1 7 12 56 94 -1 5 28 79 87 -1 2 35 57 91 -1 21 41 49 88 -1 18 34 45 98 -1 41 69 82 91 -1 -2
5 29 61 96 -1 44 53 54 92 -1 2 21 54 74 -1 2 18 37 54 -1 32 43 73 95 -1 33 34 92 96 -1 14 35 37 58 -1 18 24 56 79 -1 1 12 64 71 -1 -2
17 42 81 95 -1 44 73 84 93 -1 18 33 45 81 -1 33 40 47 81 -1 8 11 29 35 -1 6 12 64 76 -1 74 77 90 91 -1 17 42 44 92 -1 10 12 14 93 -1 36 43 64 100 -1 -2
1 34 84 94 -1 10 17 25 33 -1 15 90 96 99 -1 -2
19 21 65 88 -1 2 18 37 94 -1 2 68 78 84 -1 18 19 36 43 -1 33 58 83 91 -1 17 41 45 88 -1 -2
12 30 47 58 -1 27 31 48 76 -1 37 66 73 96 -1 -2
13 14 39 61 -1 12 15 23 77 -1 6 14 35 72 -1 -2
11 33 37 58 -1 14 47 61 68 -1 51 54 85 100 -1 57 58 88 92 -1 -2
8 19 40 67 -1 10 79 86 95 -1 13 39 74 86 -1 4 54 60 95 -1 -2
14 37 53 92 -1 3 6 60 77 -1 2 11 23 81 -1 6 31 58 85 -1 45 78 79 92 -1 46 69 85 97 -1 42 55 59 91 -1 18 25 26 59 -1 -2
1 6 7 26 -1 32 49 61 64 -1 30 59 79 88 -1 22 30 69 78 -1 7 10 86 91 -1 11 16 31 82 -1 26 28 43 80 -1 22 63 67 86 -1 13 18 37 48 -1 -2
52 77 95 98 -1 3 35 75 76 -1 -2
10 57 71 81 -1 26 46 80 100 -1 15 50 58 88 -1 -2
12 21 45 68 -1 18 23 27 97 -1 10 46 80 81 -1 -2
31 43 61 96 -1 11 21 23 85 -1 59 70 78 82 -1 2 9 14 36 -1 3 76 82 98 -1 -2
14 60 62 69 -1 37 38 61 79 -1 38 45 49 91 -1 6 59 64 76 -1 22 27 29 85 -1 -2
1 7 70 75 -1 14 41 53 89 -1 10 29 37 90 -1 -2
26 48 97 99 -1 10 53 82 97 -1 32 37 89 93 -1 4 10 53 58 -1 4 14 21 70 -1 6 16 24 65 -1 -2
56 67 94 99 -1 35 38 39 88 -1 19 25 72 92 -1 64 75 93 96 -1 4 10 83 86 -1 26 70 74 90 -1 16 62 90 93 -1 2 3 39 92 -1 4 44 73 93 -1 -2
7 22 26 50 -1 7 14 41 74 -1 22 27 31 65 -1 1 56 89 100 -1 6 11 45 76 -1 25 41 50 79 -1 2 47 67 89 -1 1 27 52 90 -1 -2
10 25 59 84 -1 10 16 17 44 -1 32 34 58 91 -1 -2
44 57 72 85 -1 2 56 97 98 -1 55 67 71 94 -1 18 34 41 42 -1 48 64 74 93 -1 37 61 83 98 -1 36 68 75 85 -1 59 61 86 95 -1 9 18 42 63 -1 52 66 91 96 -1 -2
35 44 70 86 -1 40 76 80 98 -1 3 27 57 78 -1 22 66 73 97 -1 25 50 66 74 -1 -2
6 18 62 85 -1 3 12 33 53 -1 20 21 47 61 -1 1 22 37 90 -1 50 75 82 86 -1 26 27 33 50 -1 8 25 38 63 -1 1 29 55 86 -1 9 16 30 69 -1 14 34 76 97 -1 -2
13 38 42 43 -1 28 30 38 75 -1 6 66 67 92 -1 10 13 46 63 -1 17 72 75 91 -1 36 40 45 70 -1 39 41 44 92 -1 -2
29 60 83 100 -1 26 36 77 89 -1 15 61 68 92 -1 3 6 30 93 -1 15 18 41 75 -1 2 65 79 93 -1 29 31 34 39 -1 19 32 47 60 -1 26 36 64 75 -1 20 21 24 71 -1 -2
6 44 45 81 -1 -2
49 64 75 99 -1 -2
1 18 20 83 -1 -2
2 38 46 47 -1 2 44 52 78 -1 47 87 88 94 -1 17 28 45 93 -1 25 51 62 95 -1 8 55 78 81 -1 21 45 46 71 -1 9 14 62 92 -1 21 34 35 88 -1 -2
43 52 56 61 -1 16 41 78 92 -1 20 62 67 72 -1 4 22 41 87 -1 17 24 53 92 -1 -2
1 51 56 79 -1 12 39 68 99 -1 27 76 77 98 -1 37 54 75 82 -1 11 31 68 82 -1 9 12 66 78 -1 20 38 60 84 -1 -2
39 51 54 96 -1 19 50 60 77 -1 30 42 67 77 -1 13 56 84 90 -1 9 54 78 92 -1 18 63 80 92 -1 20 58 69 90 -1 7 40 75 96 -1 -2
60 63 68 69 -1 13 19 65 100 -1 -2
9 18 30 66 -1 11 28 48 96 -1 10 30 70 78 -1 19 29 57 96 -1 15 30 39 89 -1 -2
23 50 63 90 -1 1 46 50 54 -1 44 57 58 72 -1 -2
11 62 82 95 -1 10 13 20 27 -1 11 24 75 79 -1 6 25 68 70 -1 10 26 28 91 -1 45 66 74 96 -1 14 32 44 73 -1 34 82 85 94 -1 8 30 72 85 -1 -2
20 31 63 94 -1 -2
36 55 80 91 -1 24 30 50 81 -1 23 74 79 82 -1 1 67 76 99 -1 10 17 41 62 -1 1 9 36 52 -1 -2
10 19 39 50 -1 2 14 97 100 -1 9 27 47 80 -1 6 18 20 32 -1 9 43 76 85 -1 1 24 27 41 -1 24 76 78 100 -1 20 24 75 76 -1 -2
15 21 32 87 -1 3 36 80 94 -1 11 19 30 99 -1 15 47 89 93 -1 37 38 42 56 -1 49 70 72 91 -1 -2
43 46 51 84 -1 11 35 46 91 -1 16 19 39 89 -1 34 58 83 94 -1 13 17 23 85 -1 3 15 54 64 -1 -2
36 49 57 99 -1 15 24 62 70 -1 10 36 44 55 -1 -2
10 38 49 97 -1 56 75 86 97 -1 28 66 77 96 -1 23 42 53 69 -1 -2
56 59 62 100 -1 -2
4 18 35 91 -1 -2
6 28 53 79 -1 21 32 43 83 -1 4 40 70 85 -1 -2
24 41 64 88 -1 12 16 46 50 -1 19 43 57 79 -1 23 61 73 90 -1 23 35 44 88 -1 33 37 47 50 -1 -2
7 59 72 84 -1 38 48 80 87 -1 16 32 34 75 -1 32 65 83 86 -1 79 89 92 98 -1 -2
29 38 45 60 -1 9 12 54 90 -1 13 67 74 75 -1 -2
1 28 69 88 -1 5 15 63 77 -1 1 19 45 98 -1 14 29 30 34 -1 72 75 79 86 -1 17 26 30 75 -1 1 36 65 70 -1 34 49 64 89 -1 -2
3 25 79 83 -1 3 7 22 33 -1 18 55 61 78 -1 -2
38 68 70 96 -1 15 38 70 74 -1 28 52 80 91 -1 10 19 80 97 -1 23 34 54 77 -1 2 21 29 37 -1 19 67 71 86 -1 -2
4 27 78 91 -1 4 9 55 78 -1 36 53 75 95 -1 7 30 54 93 -1 34 52 59 81 -1 7 41 76 95 -1 -2
16 22 50 67 -1 38 42 50 55 -1 13 33 63 94 -1 14 56 82 98 -1 38 58 71 79 -1 15 19 38 65 -1 17 20 32 81 -1 9 12 53 61 -1 7 30 60 71 -1 -2
40 70 87 95 -1 13 54 64 73 -1 8 63 72 94 -1 8 25 39 52 -1 6 10 12 59 -1 22 27 87 99 -1 51 52 72 79 -1 9 27 72 81 -1 -2
27 50 65 85 -1 13 15 31 56 -1 1 44 56 90 -1 20 26 41 57 -1 53 67 78 85 -1 12 14 62 67 -1 42 43 81 91 -1 -2
20 46 70 91 -1 15 65 70 93 -1 8 17 75 83 -1 11 30 48 56 -1 11 42 48 95 -1 6 21 34 68 -1 16 47 57 60 -1 39 58 64 73 -1 19 49 76 96 -1 37 38 62 84 -1 -2
24 28 76 95 -1 24 52 56 76 -1 13 24 27 74 -1 4 67 94 96 -1 15 17 77 94 -1 3 20 62 68 -1 18 38 93 94 -1 10 22 25 36 -1 54 85 96 99 -1 11 20 71 72 -1 -2
3 27 34 66 -1 9 40 55 78 -1 6 62 66 73 -1 13 63 75 76 -1 18 60 64 81 -1 4 9 38 75 -1 17 23 58 61 -1 43 54 82 86 -1 23 69 92 95 -1 -2
11 18 31 48 -1 11 16 54 97 -1 16 63 83 88 -1 38 43 80 88 -1 34 59 78 81 -1 36 45 71 83 -1 6 41 64 94 -1 24 26 31 97 -1 -2
20 28 30 80 -1 55 61 71 84 -1 6 16 70 73 -1 55 71 77 89 -1 15 51 83 96 -1 33 67 71 96 -1 -2
39 52 72 75 -1 3 10 12 29 -1 34 41 49 69 -1 61 72 81 95 -1 62 71 79 97 -1 27 39 83 95 -1 4 26 84 96 -1 -2
13 19 53 94 -1 6 54 74 79 -1 6 33 55 91 -1 -2
14 32 38 39 -1 3 10 33 37 -1 15 40 43 89 -1 40 55 66 88 -1 36 37 46 78 -1 14 22 48 61 -1 -2
11 14 26 40 -1 18 52 58 87 -1 -2
50 66 70 75 -1 -2
38 40 66 86 -1 18 65 79 87 -1 18 48 71 94 -1 1 4 93 96 -1 5 37 84 92 -1 9 43 49 77 -1 4 39 73 74 -1 5 14 29 36 -1 -2
58 83 92 98 -1 53 57 59 90 -1 26 84 86 89 -1 16 80 81 100 -1 11 26 74 90 -1 12 38 50 57 -1 -2
15 24 32 66 -1 21 23 30 72 -1 -2
37 58 70 88 -1 43 50 67 92 -1 37 65 79 99 -1 3 11 48 66 -1 6 27 65 72 -1 24 41 44 45 -1 16 20 38 41 -1 33 43 63 95 -1 -2
16 34 35 90 -1 1 6 50 75 -1 -2
18 34 63 77 -1 23 33 42 89 -1 -2
7 15 46 48 -1 -2
27 31 32 52 -1 5 6 82 94 -1 35 59 61 63 -1 4 10 57 80 -1 44 67 73 98 -1 -2
32 54 69 87 -1 47 49 74 82 -1 -2
15 25 49 63 -1 9 26 82 97 -1 2 19 37 92 -1 1 8 73 82 -1 15 19 62 95 -1 -2
28 29 54 76 -1 7 18 38 80 -1 23 26 54 97 -1 -2
21 43 60 91 -1 51 55 62 73 -1 4 37 43 72 -1 50 57 61 97 -1 2 33 57 73 -1 6 72 91 96 -1 -2
7 76 82 92 -1 18 73 86 93 -1 10 50 52 63 -1 39 43 47 71 -1 32 38 60 73 -1 5 37 46 83 -1 -2
5 11 30 39 -1 34 40 67 97 -1 5 57 75 87 -1 1 25 29 46 -1 33 45 71 89 -1 20 45 74 75 -1 10 50 52 76 -1 11 77 96 100 -1 6 20 40 61 -1 -2
7 31 64 94 -1 26 45 80 84 -1 1 15 18 70 -1 8 46 86 89 -1 1 29 33 63 -1 39 49 86 88 -1 30 34 39 47 -1 25 30 75 96 -1 1 5 62 96 -1 -2
11 17 27 50 -1 20 36 48 67 -1 70 80 89 97 -1 -2
8 16 75 85 -1 12 18 68 70 -1 3 61 79 84 -1 22 26 28 67 -1 19 24 52 99 -1 41 48 77 90 -1 -2
6 14 26 68 -1 12 30 52 82 -1 19 30 59 100 -1 13 15 39 67 -1 19 64 96 99 -1 17 47 79 80 -1 -2
33 60 72 87 -1 37 46 70 87 -1 19 52 53 90 -1 1 38 53 81 -1 24 37 39 86 -1 -2
10 34 59 67 -1 14 41 62 84 -1 15 38 81 90 -1 7 14 77 78 -1 22 47 71 95 -1 -2
6 50 75 86 -1 28 32 50 97 -1 1 2 31 82 -1 10 12 41 55 -1 5 15 44 85 -1 2 55 68 87 -1 20 28 47 90 -1 17 31 69 98 -1 -2
5 18 48 89 -1 28 46 54 92 -1 9 13 16 91 -1 20 30 43 84 -1 37 46 66 72 -1 8 38 62 94 -1 -2
5 36 57 73 -1 6 33 60 93 -1 47 48 53 70 -1 -2
2 22 44 64 -1 7 23 49 56 -1 63 68 83 91 -1 24 65 69 77 -1 13 30 64 99 -1 21 22 78 99 -1 22 40 59 83 -1 2 6 21 73 -1 3 9 40 89 -1 5 43 49 92 -1 -2
7 60 65 96 -1 16 23 55 66 -1 57 75 84 85 -1 8 10 41 73 -1 12 40 67 77 -1 53 60 78 82 -1 7 10 75 82 -1 3 14 39 62 -1 4 18 52 96 -1 -2
36 37 88 90 -1 26 36 51 82 -1 40 53 65 78 -1 31 55 70 95 -1 20 27 47 98 -1 -2
19 22 64 98 -1 25 64 78 84 -1 -2
16 32 52 93 -1 15 25 28 29 -1 26 39 44 50 -1 25 42 49 68 -1 5 40 45 69 -1 6 11 18 68 -1 25 29 43 57 -1 9 13 29 78 -1 12 13 27 66 -1 14 21 35 74 -1 -2
28 36 53 100 -1 57 76 83 87 -1 1 62 86 97 -1 16 55 61 85 -1 21 41 60 62 -1 4 48 71 99 -1 49 50 67 83 -1 4 6 36 93 -1 8 14 23 99 -1 -2
31 59 77 96 -1 20 32 98 100 -1 8 28 30 66 -1 -2
28 38 40 91 -1 11 27 34 64 -1 21 40 94 100 -1 74 76 88 97 -1 -2
6 68 91 97 -1 13 64 72 87 -1 5 17 23 57 -1 44 56 63 82 -1 -2
5 23 41 93 -1 61 74 88 90 -1 30 55 92 100 -1 3 49 56 91 -1 10 13 28 45 -1 4 47 79 89 -1 -2
1 15 58 80 -1 7 15 41 87 -1 3 29 80 88 -1 9 30 63 75 -1 18 24 44 80 -1 3 12 73 100 -1 -2
6 25 49 87 -1 6 20 32 42 -1 44 57 71 78 -1 10 30 39 91 -1 15 21 57 88 -1 37 62 73 89 -1 8 24 59 98 -1 20 24 35 41 -1 10 16 37 97 -1 -2
3 18 32 98 -1 22 27 79 89 -1 -2
6 19 49 74 -1 19 67 68 85 -1 19 32 60 94 -1 2 8 41 76 -1 23 35 37 70 -1 29 85 90 92 -1 45 52 68 76 -1 -2
6 19 71 92 -1 4 46 84 96 -1 5 13 21 76 -1 3 31 33 75 -1 -2
4 46 68 95 -1 43 46 58 85 -1 66 89 94 98 -1 21 44 66 80 -1 6 45 91 97 -1 28 50 86 91 -1 36 55 82 100 -1 -2
2 34 71 82 -1 27 35 41 43 -1 10 38 52 82 -1 -2
9 21 46 75 -1 8 19 44 52 -1 9 20 45 51 -1 9 10 19 34 -1 12 63 73 91 -1 27 49 56 65 -1 -2
6 46 56 60 -1 -2
50 54 62 80 -1 47 55 58 61 -1 25 85 91 96 -1 8 21 65 77 -1 2 9 71 81 -1 12 67 81 88 -1 5 41 62 94 -1 42 54 65 71 -1 2 44 65 74 -1 19 23 24 63 -1 -2
3 39 86 94 -1 11 28 72 95 -1 18 33 40 74 -1 8 52 66 68 -1 12 56 69 100 -1 11 31 37 77 -1 65 93 96 100 -1 11 22 65 69 -1 -2
41 48 56 98 -1 36 37 69 85 -1 1 13 52 93 -1 1 34 61 95 -1 2 42 51 85 -1 46 50 94 96 -1 -2
39 81 97 99 -1 3 22 23 69 -1 9 50 71 87 -1 17 42 71 88 -1 3 25 80 92 -1 4 20 28 57 -1 10 28 31 57 -1 22 61 80 89 -1 1 13 65 71 -1 -2
10 55 79 87 -1 22 87 94 99 -1 24 26 59 81 -1 -2
2 49 97 99 -1 34 43 65 90 -1 23 29 71 87 -1 54 63 88 99 -1 14 48 54 70 -1 3 28 31 70 -1 27 44 45 54 -1 25 61 65 99 -1 -2
47 51 90 93 -1 4 15 23 91 -1 2 37 72 76 -1 31 70 87 89 -1 27 49 65 91 -1 26 45 48 88 -1 46 67 82 93 -1 -2
48 49 60 68 -1 11 44 65 86 -1 1 56 83 92 -1 1 70 83 98 -1 10 35 54 79 -1 2 26 38 91 -1 16 31 53 65 -1 78 79 94 95 -1 12 22 37 58 -1 51 55 60 62 -1 -2
4 6 21 48 -1 24 49 51 60 -1 44 77 87 94 -1 3 77 92 99 -1 -2
18 27 70 92 -1 23 24 43 53 -1 -2
5 9 91 95 -1 35 67 73 77 -1 4 50 60 71 -1 31 49 76 90 -1 9 44 53 92 -1 30 58 68 83 -1 23 27 66 80 -1 26 34 63 79 -1 41 45 95 96 -1 29 47 86 96 -1 -2
7 18 26 88 -1 11 29 52 57 -1 23 49 52 80 -1 2 60 65 84 -1 17 63 69 85 -1 3 67 74 90 -1 8 73 85 97 -1 56 75 88 89 -1 56 58 71 98 -1 9 17 19 93 -1 -2
13 58 64 67 -1 2 8 39 74 -1 54 60 85 91 -1 6 20 49 95 -1 12 73 79 92 -1 16 23 80 94 -1 27 40 51 85 -1 16 29 53 75 -1 18 37 43 74 -1 45 59 82 85 -1 -2
33 72 74 84 -1 2 41 67 90 -1 14 17 34 37 -1 18 33 62 86 -1 37 39 72 94 -1 -2
1 19 22 61 -1 17 53 69 80 -1 25 33 35 54 -1 5 8 63 70 -1 5 35 39 96 -1 8 60 71 79 -1 28 58 69 92 -1 -2
31 47 50 51 -1 23 35 50 77 -1 3 19 20 71 -1 18 29 65 78 -1 -2
40 54 74 90 -1 7 72 91 98 -1 -2
1 2 45 79 -1 5 22 53 68 -1 25 27 49 50 -1 17 19 67 94 -1 2 34 72 87 -1 28 41 59 67 -1 39 61 77 82 -1 7 13 18 55 -1 9 27 53 68 -1 12 29 38 93 -1 -2
17 20 28 64 -1 75 79 91 100 -1 39 60 69 78 -1 8 64 78 80 -1 11 70 77 95 -1 18 78 83 84 -1 11 20 32 85 -1 22 33 61 88 -1 -2
2 25 67 90 -1 6 13 62 83 -1 3 55 86 98 -1 -2
2 16 34 96 -1 17 29 97 99 -1 7 8 20 58 -1 14 20 78 89 -1 5 9 28 99 -1 9 12 78 95 -1 9 35 56 82 -1 5 39 50 78 -1 34 40 52 88 -1 4 21 54 58 -1 -2
20 55 68 70 -1 50 59 87 97 -1 20 55 93 94 -1 10 25 26 37 -1 4 66 71 85 -1 17 29 74 83 -1 22 53 82 96 -1 9 33 40 63 -1 18 45 60 74 -1 19 39 57 90 -1 -2
35 62 67 89 -1 14 29 49 63 -1 4 10 41 62 -1 1 21 46 69 -1 8 20 24 87 -1 -2
23 64 84 99 -1 -2
4 17 54 57 -1 11 16 23 72 -1 56 60 65 92 -1 2 65 80 99 -1 -2
3 23 26 79 -1 -2
46 71 79 94 -1 12 20 46 82 -1 14 21 34 81 -1 32 49 57 97 -1 13 19 80 91 -1 13 49 64 90 -1 40 44 62 68 -1 13 17 57 94 -1 32 62 78 100 -1 -2
37 58 69 95 -1 4 73 84 98 -1 2 5 74 86 -1 7 54 68 74 -1 -2
2 24 39 88 -1 17 18 45 49 -1 -2
60 78 97 99 -1 10 56 85 88 -1 -2
4 21 35 87 -1 8 41 62 81 -1 -2
17 21 87 97 -1 60 62 68 80 -1 39 65 78 85 -1 1 5 69 89 -1 23 28 30 80 -1 11 16 23 29 -1 -2
12 26 38 83 -1 2 24 81 86 -1 3 17 55 82 -1 -2
3 38 43 64 -1 18 52 86 98 -1 1 15 79 91 -1 16 17 26 29 -1 -2
7 18 76 95 -1 16 22 46 77 -1 9 14 45 62 -1 22 33 50 65 -1 33 45 51 73 -1 10 51 67 87 -1 47 55 56 57 -1 4 7 37 65 -1 10 17 39 91 -1 37 38 78 79 -1 -2
9 75 76 87 -1 40 66 73 75 -1 28 46 69 83 -1 22 41 83 92 -1 54 75 95 97 -1 31 55 67 85 -1 17 21 26 44 -1 2 8 28 91 -1 19 40 74 83 -1 8 14 37 82 -1 -2
56 59 78 89 -1 38 41 79 86 -1 37 41 72 89 -1 7 24 78 94 -1 12 26 78 83 -1 -2
3 5 18 88 -1 24 70 80 88 -1 13 68 78 87 -1 52 74 88 100 -1 18 43 47 83 -1 29 59 71 99 -1 22 62 75 80 -1 -2
5 19 57 96 -1 8 26 62 74 -1 21 26 59 76 -1 34 40 60 92 -1 4 20 57 58 -1 11 23 59 97 -1 12 21 49 89 -1 20 25 33 62 -1 -2
2 19 37 50 -1 18 25 44 90 -1 6 25 54 85 -1 61 83 84 100 -1 24 52 71 100 -1 9 25 70 92 -1 1 6 73 99 -1 10 27 44 97 -1 14 21 27 45 -1 38 54 65 93 -1 -2
2 24 80 95 -1 14 36 65 95 -1 13 19 49 97 -1 21 26 46 70 -1 17 27 34 52 -1 32 52 54 85 -1 25 49 62 74 -1 5 14 69 90 -1 -2
10 12 28 99 -1 43 81 88 93 -1 24 57 83 85 -1 76 85 86 94 -1 60 62 93 100 -1 24 49 57 86 -1 -2
18 58 76 81 -1 2 33 49 59 -1 7 8 75 90 -1 2 20 25 97 -1 31 40 54 56 -1 4 23 42 60 -1 4 14 29 77 -1 -2
23 24 80 89 -1 20 30 33 88 -1 15 33 84 90 -1 55 62 83 99 -1 32 43 68 72 -1 18 27 77 78 -1 31 50 83 96 -1 -2
22 44 45 99 -1 47 55 96 100 -1 20 27 37 96 -1 9 69 92 94 -1 -2
28 30 35 68 -1 26 42 54 73 -1 -2
8 67 71 92 -1 10 31 89 94 -1 43 45 56 72 -1 12 18 47 78 -1 10 16 64 93 -1 -2
7 21 38 40 -1 83 86 90 97 -1 18 54 66 94 -1 -2
45 65 93 98 -1 38 77 89 96 -1 29 55 71 79 -1 13 25 63 72 -1 2 16 27 96 -1 -2
5 32 47 86 -1 18 26 34 41 -1 -2
25 56 64 83 -1 22 33 60 64 -1 3 4 26 83 -1 -2
27 32 53 100 -1 20 43 93 100 -1 8 34 83 91 -1 11 49 61 69 -1 21 42 55 79 -1 59 78 98 99 -1 -2
40 75 77 92 -1 38 44 63 87 -1 37 83 88 93 -1 38 42 56 94 -1 2 19 22 76 -1 36 53 61 78 -1 19 28 54 55 -1 3 22 53 62 -1 43 72 94 95 -1 19 32 35 40 -1 -2
22 64 71 73 -1 10 17 46 74 -1 1 51 52 73 -1 -2
9 26 68 100 -1 -2
12 39 43 95 -1 2 15 66 76 -1 19 66 70 86 -1 13 35 62 87 -1 -2
2 24 33 46 -1 2 45 80 92 -1 1 67 70 89 -1 30 69 95 99 -1 40 43 62 97 -1 20 79 91 95 -1 3 13 14 56 -1 3 19 65 79 -1 -2
2 4 37 70 -1 25 34 51 73 -1 31 53 58 81 -1 25 35 54 93 -1 17 71 98 99 -1 31 49 59 76 -1 10 15 28 33 -1 20 48 67 75 -1 20 27 39 95 -1 35 58 69 95 -1 -2
5 32 66 75 -1 62 82 95 99 -1 -2
23 27 33 42 -1 54 73 94 97 -1 2 11 70 85 -1 15 29 49 57 -1 44 66 77 98 -1 11 16 31 50 -1 11 56 63 85 -1 5 41 78 100 -1 -2
20 22 83 86 -1 14 18 64 65 -1 88 93 94 100 -1 2 15 53 70 -1 14 21 64 97 -1 15 69 77 78 -1 15 26 42 76 -1 -2
50 68 71 80 -1 12 19 21 27 -1 13 74 85 87 -1 15 35 67 93 -1 16 49 61 62 -1 5 23 57 83 -1 6 11 68 69 -1 38 39 62 85 -1 -2
3 4 38 56 -1 2 20 87 99 -1 18 63 80 84 -1 8 24 49 61 -1 26 29 63 68 -1 21 44 47 88 -1 16 24 27 41 -1 39 83 92 96 -1 9 40 74 86 -1 45 72 74 94 -1 -2
22 30 56 86 -1 7 9 69 96 -1 2 11 30 89 -1 37 42 69 89 -1 -2
6 9 37 69 -1 51 60 78 94 -1 39 52 64 92 -1 5 52 61 88 -1 19 47 85 93 -1 15 20 57 78 -1 -2
6 11 29 36 -1 34 58 69 86 -1 11 19 20 38 -1 -2
19 30 51 96 -1 30 31 36 60 -1 21 36 64 90 -1 4 38 71 86 -1 3 12 26 64 -1 -2
8 14 71 97 -1 37 44 57 64 -1 -2
11 85 87 97 -1 -2
16 60 70 89 -1 36 57 65 77 -1 -2
18 33 66 82 -1 36 40 45 99 -1 51 63 65 77 -1 -2
6 27 32 96 -1 -2
40 76 81 89 -1 8 38 39 79 -1 2 74 95 98 -1 53 58 59 73 -1 23 26 59 62 -1 54 58 59 90 -1 20 27 65 91 -1 -2
3 57 80 95 -1 -2
33 50 57 72 -1 -2
14 41 64 89 -1 35 40 62 73 -1 39 72 75 76 -1 28 51 54 80 -1 17 21 44 83 -1 -2
12 15 32 96 -1 9 17 36 37 -1 4 75 92 95 -1 53 60 69 100 -1 26 86 91 96 -1 2 27 49 92 -1 5 13 18 31 -1 8 28 41 77 -1 -2
8 21 77 92 -1 15 19 48 69 -1 31 33 66 81 -1 35 46 51 96 -1 15 22 26 92 -1 4 24 44 95 -1 -2
14 21 50 98 -1 6 7 70 98 -1 23 79 86 90 -1 10 29 48 99 -1 22 84 91 98 -1 10 34 44 51 -1 65 87 93 96 -1 68 75 79 85 -1 3 14 67 95 -1 -2
49 54 63 95 -1 -2
19 48 80 81 -1 33 69 78 95 -1 36 46 57 82 -1 15 32 45 98 -1 20 28 35 58 -1 53 76 83 85 -1 6 9 58 94 -1 -2
1 4 20 30 -1 2 6 67 78 -1 25 31 74 90 -1 13 21 61 86 -1 3 10 21 72 -1 8 18 28 50 -1 32 38 67 94 -1 18 26 30 70 -1 8 42 69 79 -1 -2
44 54 65 91 -1 20 58 62 93 -1 42 66 78 83 -1 4 16 38 100 -1 41 54 88 97 -1 -2
12 25 40 65 -1 29 58 88 95 -1 20 22 37 82 -1 13 16 23 24 -1 16 43 71 81 -1 14 64 93 100 -1 16 24 75 79 -1 4 7 10 68 -1 -2
33 50 58 97 -1 30 31 75 93 -1 63 77 79 85 -1 8 50 58 65 -1 21 38 49 88 -1 41 50 59 78 -1 12 22 52 79 -1 -2
9 54 57 59 -1 10 63 85 94 -1 24 69 74 95 -1 21 58 78 95 -1 42 53 70 71 -1 20 25 39 63 -1 2 10 13 63 -1 1 19 64 83 -1 9 29 37 85 -1 -2
36 46 51 86 -1 33 45 46 92 -1 -2
1 33 64 76 -1 15 40 78 85 -1 55 62 69 89 -1 3 70 81 95 -1 28 51 56 74 -1 8 24 48 70 -1 7 30 62 78 -1 30 35 53 62 -1 49 76 84 94 -1 9 17 74 75 -1 -2
46 58 90 93 -1 9 21 62 82 -1 34 40 61 68 -1 7 50 75 77 -1 3 51 68 95 -1 28 34 47 80 -1 16 26 42 62 -1 20 41 68 95 -1 -2
23 56 83 92 -1 12 28 86 97 -1 33 37 49 96 -1 6 10 44 84 -1 36 69 81 82 -1 1 80 90 96 -1 1 71 77 89 -1 -2
21 50 71 88 -1 9 31 49 83 -1 5 10 15 95 -1 15 19 46 52 -1 26 82 83 84 -1 35 51 65 78 -1 48 52 53 99 -1 14 25 73 96 -1 26 43 49 80 -1 13 56 73 91 -1 -2
18 42 65 83 -1 22 50 85 97 -1 -2
39 51 68 86 -1 49 51 66 74 -1 21 44 79 91 -1 20 29 32 74 -1 21 51 84 93 -1 9 48 67 99 -1 9 27 30 95 -1 8 21 29 88 -1 16 21 62 76 -1 30 70 96 100 -1 -2
42 69 74 79 -1 -2
22 48 50 66 -1 33 71 91 97 -1 12 61 90 97 -1 11 26 41 56 -1 16 54 57 65 -1 30 41 42 83 -1 16 20 48 72 -1 25 45 56 87 -1 -2
2 22 35 70 -1 7 21 69 72 -1 26 55 66 79 -1 26 38 46 93 -1 3 32 33 63 -1 -2
36 39 46 79 -1 -2
16 28 29 43 -1 -2
6 33 79 90 -1 18 42 51 83 -1 9 29 72 82 -1 25 31 51 67 -1 13 59 71 85 -1 7 45 52 87 -1 1 63 83 97 -1 -2
8 47 76 88 -1 -2
60 83 86 88 -1 31 38 84 100 -1 4 71 74 90 -1 65 81 85 94 -1 8 52 81 90 -1 25 32 92 97 -1 4 5 28 70 -1 6 24 63 87 -1 -2
25 74 78 86 -1 22 66 74 88 -1 20 21 55 87 -1 26 31 63 85 -1 22 48 72 98 -1 17 46 53 57 -1 -2
13 16 31 65 -1 28 29 59 83 -1 9 47 69 90 -1 16 28 45 67 -1 23 30 34 68 -1 4 60 65 89 -1 -2
15 32 65 75 -1 4 54 56 74 -1 2 89 90 98 -1 8 64 77 91 -1 15 61 77 98 -1 6 29 56 82 -1 14 57 62 95 -1 31 43 49 70 -1 36 49 73 90 -1 -2
11 32 85 94 -1 13 43 56 72 -1 29 58 63 87 -1 10 51 55 74 -1 6 37 60 87 -1 12 37 73 96 -1 -2
60 70 86 93 -1 2 24 46 58 -1 11 47 49 60 -1 35 89 96 100 -1 45 66 72 77 -1 -2
51 62 84 93 -1 4 9 58 59 -1 4 13 35 41 -1 42 55 57 91 -1 49 52 78 88 -1 28 39 41 72 -1 3 11 20 100 -1 -2
23 55 58 84 -1 22 63 65 85 -1 19 26 40 52 -1 29 36 43 55 -1 -2
2 25 28 82 -1 -2
5 66 71 85 -1 6 10 56 88 -1 5 51 54 64 -1 16 53 56 95 -1 39 73 91 100 -1 2 41 44 70 -1 14 32 33 76 -1 16 32 54 90 -1 39 63 89 92 -1 -2
18 49 52 57 -1 5 35 58 84 -1 20 34 50 60 -1 22 39 64 97 -1 28 38 73 85 -1 20 54 69 98 -1 -2
23 55 63 83 -1 9 27 48 80 -1 6 69 73 84 -1 22 42 70 78 -1 2 23 27 35 -1 7 37 78 79 -1 39 58 75 88 -1 2 5 30 76 -1 -2
15 16 17 73 -1 2 71 81 91 -1 4 48 53 96 -1 -2
18 19 41 53 -1 49 60 97 99 -1 25 59 81 93 -1 10 23 34 39 -1 41 55 71 87 -1 32 49 76 93 -1 51 77 84 93 -1 19 52 70 86 -1 30 41 51 70 -1 3 5 31 75 -1 -2
7 21 23 43 -1 48 60 75 94 -1 9 66 71 100 -1 3 47 50 59 -1 5 28 35 79 -1 -2
9 51 55 62 -1 15 26 60 70 -1 24 39 46 62 -1 -2
7 33 41 65 -1 17 36 44 50 -1 8 13 24 41 -1 10 37 88 97 -1 11 17 56 84 -1 5 45 62 86 -1 16 87 88 93 -1 7 56 61 98 -1 10 59 84 88 -1 -2
18 70 88 92 -1 4 27 76 87 -1 36 40 57 70 -1 -2
10 43 55 72 -1 2 49 56 83 -1 24 35 66 81 -1 17 35 77 79 -1 -2
18 54 62 68 -1 7 16 54 76 -1 13 54 62 75 -1 32 35 43 53 -1 -2
40 55 61 74 -1 15 31 65 76 -1 -2
27 30 43 74 -1 28 34 45 47 -1 5 8 41 76 -1 41 60 80 97 -1 8 29 59 83 -1 9 62 68 97 -1 39 74 91 94 -1 6 11 72 89 -1 17 41 91 99 -1 -2
22 43 65 74 -1 15 27 40 62 -1 17 19 78 97 -1 2 27 70 86 -1 9 27 44 88 -1 34 64 65 99 -1 60 68 70 87 -1 18 34 80 83 -1 30 36 49 100 -1 -2
10 73 84 87 -1 1 18 36 68 -1 15 47 68 90 -1 9 12 30 42 -1 -2
19 48 57 89 -1 5 22 72 84 -1 4 36 43 92 -1 11 65 68 80 -1 4 12 57 80 -1 -2
57 66 96 97 -1 17 32 63 99 -1 -2
18 33 35 99 -1 -2
6 17 62 98 -1 26 33 37 53 -1 5 26 74 99 -1 14 40 70 90 -1 2 17 28 63 -1 19 23 86 89 -1 16 21 54 61 -1 -2
14 31 33 54 -1 2 8 74 93 -1 58 77 82 93 -1 21 23 35 38 -1 15 25 84 90 -1 18 30 63 82 -1 49 58 80 91 -1 -2
17 49 66 79 -1 -2
6 51 61 100 -1 17 24 56 76 -1 39 45 53 56 -1 58 59 87 97 -1 18 43 77 88 -1 1 4 6 72 -1 20 25 54 99 -1 -2
20 48 77 82 -1 17 47 92 98 -1 11 33 54 74 -1 11 35 52 72 -1 42 79 88 96 -1 58 78 81 84 -1 5 27 30 82 -1 -2
21 40 55 98 -1 3 37 81 86 -1 6 24 37 43 -1 1 32 35 38 -1 68 74 88 91 -1 39 42 50 78 -1 20 52 54 70 -1 -2
24 26 28 84 -1 1 4 37 88 -1 25 32 68 73 -1 48 60 66 92 -1 1 10 60 100 -1 51 63 64 76 -1 -2
6 20 25 74 -1 14 47 62 78 -1 48 62 75 97 -1 41 43 56 63 -1 12 47 48 98 -1 49 51 77 92 -1 17 20 37 98 -1 -2
23 28 60 78 -1 14 27 52 57 -1 55 88 89 90 -1 7 33 59 68 -1 1 3 6 32 -1 -2
6 76 78 83 -1 9 11 24 44 -1 -2
51 57 91 96 -1 12 38 71 78 -1 14 38 49 64 -1 4 33 35 92 -1 -2
28 37 73 84 -1 35 36 64 75 -1 15 26 28 58 -1 3 19 58 90 -1 28 66 68 91 -1 23 24 34 78 -1 5 61 67 95 -1 8 42 49 62 -1 27 36 71 79 -1 10 56 63 80 -1 -2
4 7 42 89 -1 36 41 45 99 -1 8 20 85 89 -1 37 42 85 91 -1 29 49 54 99 -1 -2
22 29 65 90 -1 13 47 50 73 -1 2 44 47 74 -1 5 49 64 78 -1 38 46 59 80 -1 35 62 83 95 -1 12 28 95 98 -1 64 65 74 95 -1 10 81 84 88 -1 35 67 91 98 -1 -2
3 26 68 74 -1 25 29 32 45 -1 24 32 48 54 -1 14 17 66 68 -1 11 15 27 73 -1 21 38 67 95 -1 56 64 66 88 -1 -2
21 23 88 95 -1 15 70 76 83 -1 2 6 12 59 -1 2 8 12 45 -1 3 39 91 98 -1 24 66 70 82 -1 21 49 74 82 -1 -2
15 22 31 78 -1 37 43 59 95 -1 7 27 36 84 -1 -2
33 58 68 70 -1 20 27 62 91 -1 9 11 73 95 -1 5 11 61 79 -1 16 42 75 94 -1 33 49 82 98 -1 14 24 49 94 -1 20 43 74 97 -1 17 51 52 61 -1 -2
65 77 83 91 -1 7 30 36 58 -1 13 19 24 71 -1 3 15 66 75 -1 3 9 31 97 -1 -2
38 44 75 90 -1 37 39 40 69 -1 11 16 33 95 -1 14 65 70 95 -1 34 50 57 63 -1 27 51 82 89 -1 14 44 45 83 -1 14 16 44 58 -1 -2
11 23 55 58 -1 -2
18 32 45 79 -1 9 21 40 93 -1 6 25 39 40 -1 15 23 26 64 -1 1 8 27 42 -1 47 55 68 71 -1 5 7 59 84 -1 -2
4 18 30 54 -1 11 61 62 93 -1 28 41 50 67 -1 64 79 84 98 -1 1 16 68 85 -1 33 73 82 98 -1 51 56 83 94 -1 1 37 49 51 -1 13 47 68 94 -1 53 55 74 96 -1 -2
5 6 17 21 -1 9 27 69 88 -1 5 32 64 74 -1 -2
8 11 24 30 -1 10 33 83 85 -1 23 27 40 94 -1 -2
36 73 84 91 -1 25 32 35 63 -1 4 6 7 94 -1 21 27 40 64 -1 21 51 53 62 -1 8 29 63 87 -1 5 7 45 91 -1 31 54 61 89 -1 7 39 45 76 -1 -2
14 18 60 80 -1 36 68 80 93 -1 8 65 67 68 -1 -2
19 27 36 62 -1 49 53 71 82 -1 53 76 92 95 -1 39 67 72 80 -1 5 39 54 88 -1 2 16 39 78 -1 -2
13 37 49 90 -1 1 75 87 94 -1 41 77 88 90 -1 22 24 28 62 -1 66 68 84 95 -1 -2
6 19 43 97 -1 22 43 92 93 -1 8 21 51 64 -1 5 36 50 96 -1 17 38 65 100 -1 36 54 55 100 -1 28 38 49 92 -1 28 60 78 100 -1 10 14 37 78 -1 -2
10 11 26 56 -1 -2
20 36 38 44 -1 42 43 74 96 -1 28 35 61 72 -1 1 24 39 51 -1 16 24 35 54 -1 6 17 25 82 -1 -2
5 76 82 95 -1 2 22 37 46 -1 15 27 34 42 -1 7 18 33 69 -1 1 6 39 73 -1 7 15 31 54 -1 -2
4 64 94 96 -1 5 33 57 89 -1 5 70 91 99 -1 10 26 64 95 -1 9 32 47 67 -1 33 96 98 99 -1 35 47 54 74 -1 29 66 77 97 -1 -2
12 50 71 84 -1 9 12 65 85 -1 -2
52 68 77 99 -1 6 24 79 95 -1 7 24 39 56 -1 14 18 30 93 -1 8 44 49 68 -1 -2
7 26 33 70 -1 8 65 68 83 -1 45 62 66 96 -1 13 25 60 65 -1 55 58 66 78 -1 17 34 45 48 -1 33 61 78 86 -1 82 88 95 96 -1 16 18 47 97 -1 -2
2 7 23 100 -1 32 36 54 71 -1 40 46 49 68 -1 12 57 62 99 -1 -2
22 39 90 94 -1 -2
15 56 80 95 -1 4 15 48 96 -1 -2
1 52 60 73 -1 10 53 66 88 -1 40 55 66 90 -1 2 26 52 63 -1 -2
42 46 52 69 -1 -2
28 40 82 93 -1 12 19 67 97 -1 11 12 36 39 -1 12 39 55 60 -1 -2
17 65 85 87 -1 21 23 37 39 -1 6 14 70 97 -1 -2
19 48 83 86 -1 11 19 60 66 -1 3 38 71 98 -1 3 7 13 61 -1 29 35 38 93 -1 16 70 83 91 -1 -2
30 34 61 97 -1 41 66 72 97 -1 15 16 45 75 -1 -2
7 8 50 51 -1 1 76 83 97 -1 -2
27 66 78 86 -1 19 48 64 79 -1 8 39 54 66 -1 10 59 77 88 -1 21 58 85 86 -1 39 41 50 88 -1 24 41 66 71 -1 52 85 87 96 -1 50 79 88 94 -1 28 31 60 91 -1 -2
9 26 65 96 -1 6 12 49 66 -1 22 30 35 46 -1 5 9 35 53 -1 -2
20 36 50 71 -1 29 45 54 61 -1 5 10 19 89 -1 12 47 48 93 -1 14 45 57 83 -1 8 35 63 91 -1 10 57 67 86 -1 13 18 43 62 -1 12 67 73 90 -1 21 52 54 86 -1 -2
43 58 78 93 -1 16 46 84 99 -1 -2
16 38 97 100 -1 6 9 10 13 -1 14 46 65 98 -1 36 59 69 77 -1 31 37 40 89 -1 3 6 71 81 -1 12 44 63 82 -1 11 48 70 77 -1 59 93 95 100 -1 -2
37 53 76 91 -1 25 27 88 93 -1 -2
39 44 53 86 -1 56 76 81 100 -1 8 14 34 44 -1 16 22 83 89 -1 43 46 77 86 -1 -2
9 34 35 72 -1 30 31 46 82 -1 5 25 82 94 -1 45 59 64 73 -1 27 50 65 79 -1 2 6 76 78 -1 59 60 86 90 -1 8 31 67 93 -1 23 39 56 100 -1 -2
2 65 74 100 -1 9 41 45 79 -1 7 46 47 97 -1 20 33 74 77 -1 21 35 53 75 -1 26 64 67 100 -1 59 67 72 78 -1 17 32 50 100 -1 2 18 25 53 -1 15 18 51 74 -1 -2
6 59 84 93 -1 -2
6 36 37 85 -1 19 29 35 40 -1 83 86 91 100 -1 11 51 60 92 -1 14 17 24 93 -1 -2
9 28 72 95 -1 -2
18 56 64 94 -1 22 35 81 90 -1 4 52 56 83 -1 -2
13 59 62 86 -1 -2
6 24 29 35 -1 13 19 61 71 -1 19 42 51 58 -1 4 82 83 96 -1 3 28 75 83 -1 -2
36 49 60 96 -1 75 80 85 92 -1 6 42 82 84 -1 23 27 49 95 -1 30 43 63 80 -1 12 34 90 99 -1 4 16 31 99 -1 27 43 54 75 -1 3 80 84 87 -1 5 58 67 97 -1 -2
7 21 33 78 -1 20 50 83 89 -1 8 10 33 71 -1 62 65 70 95 -1 11 24 52 94 -1 43 44 52 65 -1 59 61 82 84 -1 40 61 78 82 -1 12 39 64 66 -1 -2
32 33 58 68 -1 -2
9 44 80 85 -1 -2
4 32 71 92 -1 19 27 94 99 -1 19 91 93 99 -1 3 19 48 68 -1 39 62 83 97 -1 19 50 77 85 -1 -2
67 74 81 87 -1 7 8 51 57 -1 3 13 17 83 -1 44 48 57 98 -1 28 39 48 72 -1 34 57 94 96 -1 1 48 66 67 -1 26 29 58 95 -1 2 66 88 100 -1 16 18 20 64 -1 -2
27 51 76 87 -1 -2
3 55 60 83 -1 -2
2 56 69 77 -1 53 92 95 98 -1 50 73 82 98 -1 42 56 64 86 -1 13 58 83 84 -1 11 25 58 75 -1 5 42 45 79 -1 -2
9 10 38 97 -1 -2
10 38 51 84 -1 -2
58 68 80 89 -1 27 42 89 96 -1 6 35 46 76 -1 26 29 60 84 -1 51 59 63 66 -1 -2
3 27 47 55 -1 23 28 52 79 -1 10 14 28 29 -1 27 32 52 94 -1 6 20 27 64 -1 -2
7 42 58 61 -1 33 48 84 89 -1 11 27 41 83 -1 10 67 83 97 -1 10 37 58 76 -1 20 38 71 94 -1 -2
36 40 53 80 -1 5 49 68 77 -1 17 30 74 89 -1 1 31 79 90 -1 16 23 80 96 -1 -2
32 57 66 78 -1 31 70 74 97 -1 8 18 60 93 -1 13 17 69 91 -1 33 39 91 95 -1 21 60 85 86 -1 20 40 50 70 -1 -2
54 64 65 75 -1 11 24 73 92 -1 6 19 37 73 -1 21 40 63 72 -1 12 29 32 50 -1 44 63 72 97 -1 -2
23 38 40 68 -1 32 63 84 96 -1 -2
24 32 74 76 -1 32 40 45 75 -1 7 36 37 48 -1 7 9 39 91 -1 8 20 80 89 -1 7 19 38 51 -1 10 30 65 87 -1 22 29 54 84 -1 5 30 50 89 -1 -2
8 33 77 100 -1 64 67 84 91 -1 25 33 45 52 -1 7 21 48 82 -1 10 70 82 86 -1 51 52 76 89 -1 10 14 20 55 -1 10 16 41 94 -1 -2
12 70 71 95 -1 1 14 53 81 -1 2 28 30 78 -1 -2
6 9 48 86 -1 25 67 82 100 -1 37 44 69 99 -1 38 63 68 84 -1 2 40 45 69 -1 32 46 54 92 -1 11 23 29 63 -1 12 55 58 70 -1 2 53 72 89 -1 -2
14 34 54 77 -1 42 56 67 88 -1 10 53 75 76 -1 30 53 71 92 -1 15 23 45 62 -1 -2
38 49 67 76 -1 -2
33 49 82 97 -1 3 31 39 98 -1 2 15 53 69 -1 31 58 61 87 -1 17 67 83 95 -1 56 67 70 96 -1 3 24 40 72 -1 -2
18 90 93 95 -1 12 50 87 97 -1 45 46 61 93 -1 12 38 63 66 -1 5 7 99 100 -1 3 18 19 60 -1 15 65 66 90 -1 33 34 52 63 -1 -2
9 17 31 87 -1 18 23 70 71 -1 9 20 63 75 -1 16 29 68 75 -1 3 36 52 80 -1 41 68 69 79 -1 18 22 33 68 -1 9 31 53 56 -1 71 75 76 97 -1 -2
23 52 65 69 -1 22 51 65 86 -1 1 3 16 74 -1 11 12 33 46 -1 7 25 69 99 -1 67 83 85 96 -1 21 60 74 83 -1 14 29 46 66 -1 -2
4 22 37 66 -1 3 27 64 67 -1 -2
22 28 86 89 -1 12 20 50 83 -1 14 17 24 91 -1 10 40 42 65 -1 50 52 83 86 -1 7 31 34 72 -1 13 64 72 92 -1 31 41 44 88 -1 -2
3 16 77 85 -1 18 23 24 92 -1 -2
20 39 47 62 -1 14 58 63 68 -1 36 47 57 97 -1 19 75 79 97 -1 51 54 68 85 -1 52 68 83 93 -1 28 34 51 56 -1 13 24 54 87 -1 28 64 78 89 -1 -2
6 48 77 96 -1 18 42 67 82 -1 17 21 29 93 -1 13 34 50 73 -1 13 25 28 98 -1 15 24 87 96 -1 -2
3 33 53 64 -1 21 49 61 91 -1 17 24 39 46 -1 -2
81 90 93 95 -1 6 16 33 97 -1 40 67 74 100 -1 7 12 30 99 -1 28 53 78 84 -1 35 64 91 93 -1 7 23 34 65 -1 3 26 73 88 -1 31 37 68 94 -1 16 22 52 63 -1 -2
28 72 82 90 -1 -2
9 18 72 82 -1 48 57 87 90 -1 6 39 44 74 -1 9 61 65 93 -1 35 58 77 78 -1 22 39 56 81 -1 29 40 42 45 -1 15 16 44 75 -1 8 31 67 74 -1 -2
40 59 64 83 -1 16 48 54 85 -1 10 65 92 100 -1 56 63 88 96 -1 4 42 47 96 -1 -2
25 64 68 89 -1 10 17 55 62 -1 7 51 65 67 -1 26 31 42 77 -1 -2
12 32 33 59 -1 32 45 52 88 -1 35 52 56 89 -1 26 88 90 94 -1 7 45 78 99 -1 5 29 30 59 -1 8 22 58 85 -1 20 57 67 93 -1 8 41 89 92 -1 -2
20 30 31 73 -1 6 13 35 98 -1 50 69 71 73 -1 23 40 77 89 -1 24 32 43 94 -1 38 40 56 78 -1 -2
5 19 38 51 -1 33 53 62 92 -1 20 47 48 79 -1 2 11 48 74 -1 -2
19 46 62 82 -1 28 65 83 95 -1 11 17 69 86 -1 -2
25 40 47 61 -1 -2
7 13 34 80 -1 9 12 14 33 -1 12 65 69 94 -1 6 79 96 100 -1 23 35 63 73 -1 16 79 83 95 -1 22 67 92 98 -1 34 56 75 100 -1 64 88 90 98 -1 -2
22 51 54 56 -1 21 52 62 96 -1 6 12 73 79 -1 30 44 58 64 -1 3 6 40 42 -1 4 49 54 90 -1 40 49 82 83 -1 9 60 67 76 -1 16 21 48 56 -1 -2
4 56 75 92 -1 32 41 64 98 -1 45 57 62 94 -1 6 23 50 98 -1 21 31 95 100 -1 52 57 72 81 -1 -2
4 23 60 93 -1 3 26 42 74 -1 37 43 58 65 -1 33 47 55 61 -1 47 75 85 86 -1 18 43 52 94 -1 -2
15 21 60 88 -1 2 23 27 86 -1 -2
3 44 82 95 -1 46 50 66 75 -1 30 33 44 71 -1 2 16 74 82 -1 2 7 51 73 -1 3 22 44 69 -1 9 41 71 77 -1 33 58 64 100 -1 18 47 73 92 -1 -2
5 10 35 57 -1 3 13 19 86 -1 19 29 33 40 -1 22 54 73 78 -1 -2
10 27 55 98 -1 57 65 78 97 -1 9 12 36 70 -1 8 12 39 83 -1 4 30 43 66 -1 12 32 57 61 -1 37 50 65 79 -1 18 73 76 92 -1 56 65 72 85 -1 -2
27 34 39 90 -1 -2
54 61 91 98 -1 25 47 86 92 -1 26 31 50 57 -1 13 22 43 44 -1 18 39 40 53 -1 16 31 38 39 -1 4 17 22 79 -1 -2
70 73 80 83 -1 6 13 21 47 -1 23 39 78 80 -1 30 32 49 65 -1 33 35 41 55 -1 27 54 65 71 -1 -2
39 47 51 73 -1 24 62 65 89 -1 31 43 74 84 -1 40 59 75 79 -1 6 16 36 60 -1 33 38 50 67 -1 -2
16 41 61 90 -1 15 42 46 84 -1 28 87 91 100 -1 32 58 62 73 -1 44 65 89 93 -1 11 23 43 52 -1 8 24 30 76 -1 -2
10 59 70 80 -1 60 66 70 97 -1 19 41 51 73 -1 25 35 56 87 -1 6 8 26 30 -1 17 47 54 97 -1 35 44 61 72 -1 -2
39 52 78 87 -1 7 44 51 76 -1 26 28 60 94 -1 17 28 74 94 -1 -2
17 21 42 92 -1 1 55 65 76 -1 7 51 74 93 -1 16 30 42 79 -1 24 39 58 86 -1 49 50 55 92 -1 17 24 59 78 -1 -2
11 17 30 94 -1 -2
11 29 48 88 -1 20 39 50 95 -1 46 51 67 83 -1 11 24 57 61 -1 27 44 61 80 -1 6 12 61 92 -1 5 10 15 92 -1 39 81 83 95 -1 5 10 37 72 -1 3 38 66 89 -1 -2
4 26 46 52 -1 14 72 76 84 -1 -2
52 53 88 98 -1 54 57 61 64 -1 22 53 67 77 -1 -2
19 54 75 82 -1 6 89 94 95 -1 3 11 30 59 -1 -2
26 43 49 92 -1 5 26 27 28 -1 11 25 44 73 -1 21 45 71 83 -1 25 26 37 59 -1 11 15 65 82 -1 4 35 77 81 -1 33 37 42 68 -1 -2
18 24 74 92 -1 21 32 72 81 -1 19 33 34 92 -1 17 26 94 100 -1 76 77 91 99 -1 19 41 64 92 -1 42 55 89 99 -1 35 69 76 89 -1 6 9 19 75 -1 8 72 83 100 -1 -2
4 16 56 100 -1 15 47 64 66 -1 -2
35 49 59 71 -1 8 10 11 37 -1 38 53 93 95 -1 5 38 56 65 -1 -2
19 27 32 50 -1 22 49 61 81 -1 21 25 38 59 -1 1 19 37 45 -1 14 23 46 65 -1 22 33 38 59 -1 3 49 54 61 -1 -2
6 16 23 64 -1 8 24 54 70 -1 20 31 50 75 -1 -2
12 20 56 62 -1 32 53 66 96 -1 7 23 60 62 -1 22 33 77 81 -1 12 45 57 93 -1 1 21 36 38 -1 -2
6 24 36 91 -1 18 54 60 91 -1 49 54 78 84 -1 37 79 81 90 -1 32 42 57 100 -1 19 42 55 62 -1 -2
6 18 28 96 -1 15 40 87 88 -1 31 34 78 81 -1 -2
8 46 50 81 -1 24 25 43 52 -1 6 14 56 71 -1 22 40 54 72 -1 -2
64 70 77 99 -1 4 18 64 91 -1 78 90 94 97 -1 18 73 87 93 -1 18 25 80 83 -1 18 40 43 71 -1 11 20 43 71 -1 60 62 66 93 -1 -2
26 27 72 99 -1 9 31 53 83 -1 13 62 91 94 -1 47 79 80 97 -1 2 13 53 62 -1 19 35 56 61 -1 36 53 71 73 -1 45 47 65 95 -1 -2
38 67 75 92 -1 -2
1 56 70 81 -1 44 46 61 95 -1 52 67 68 91 -1 -2
30 39 96 97 -1 31 46 68 70 -1 48 80 88 97 -1 12 56 59 82 -1 14 48 79 96 -1 4 51 76 93 -1 20 28 33 64 -1 46 48 56 74 -1 47 54 89 92 -1 19 35 43 88 -1 -2
12 30 78 100 -1 19 39 49 72 -1 53 68 75 91 -1 21 50 79 90 -1 -2
50 73 85 88 -1 23 54 81 85 -1 36 52 59 77 -1 15 36 42 58 -1 17 38 76 79 -1 -2
33 35 75 78 -1 11 27 28 43 -1 32 45 49 83 -1 43 44 84 93 -1 3 81 83 90 -1 22 35 50 78 -1 11 33 36 79 -1 19 32 70 95 -1 -2
51 63 89 97 -1 51 63 86 93 -1 26 41 44 76 -1 40 42 70 83 -1 36 54 95 98 -1 6 7 55 64 -1 5 51 94 97 -1 7 53 61 72 -1 5 10 56 84 -1 -2
21 49 79 88 -1 54 58 63 66 -1 55 77 78 79 -1 5 6 33 42 -1 -2
4 28 33 89 -1 39 51 69 88 -1 27 56 87 96 -1 -2
3 25 47 87 -1 12 19 37 40 -1 52 91 94 99 -1 5 17 38 43 -1 15 36 81 99 -1 9 11 37 94 -1 12 13 32 98 -1 12 21 54 65 -1 51 60 77 84 -1 -2
7 9 41 53 -1 9 48 53 92 -1 6 37 42 74 -1 13 65 98 99 -1 16 24 79 92 -1 12 41 44 51 -1 14 76 79 92 -1 38 46 71 90 -1 -2
7 58 60 99 -1 14 49 79 83 -1 9 27 48 81 -1 28 37 42 90 -1 1 11 22 76 -1 33 34 61 79 -1 49 66 91 92 -1 18 30 37 55 -1 16 45 66 89 -1 19 37 47 64 -1 -2
3 19 68 97 -1 19 20 54 60 -1 5 49 56 65 -1 3 27 38 93 -1 -2
64 66 67 80 -1 1 38 86 99 -1 5 17 34 41 -1 29 59 86 90 -1 34 46 48 79 -1 3 25 53 66 -1 51 90 93 98 -1 15 17 21 71 -1 3 33 34 89 -1 -2
4 44 47 92 -1 7 37 64 84 -1 16 17 37 95 -1 5 18 45 69 -1 35 57 60 71 -1 17 24 58 72 -1 10 21 67 91 -1 20 40 45 48 -1 3 30 50 93 -1 -2
21 38 40 42 -1 6 42 62 74 -1 25 31 34 56 -1 27 41 68 73 -1 13 48 68 95 -1 4 20 46 69 -1 1 16 39 66 -1 2 3 16 73 -1 4 33 52 67 -1 17 32 67 73 -1 -2
39 67 79 87 -1 16 36 48 97 -1 4 31 73 85 -1 43 65 70 75 -1 31 45 61 64 -1 16 25 57 73 -1 33 37 70 85 -1 -2
4 41 61 63 -1 21 25 31 62 -1 17 42 94 97 -1 18 34 41 99 -1 25 83 92 94 -1 41 44 86 91 -1 31 49 68 70 -1 -2
45 73 87 88 -1 1 50 66 77 -1 49 71 80 82 -1 24 26 50 64 -1 7 23 54 70 -1 14 25 55 83 -1 31 35 56 93 -1 5 53 55 62 -1 -2
8 25 54 100 -1 27 45 60 85 -1 27 31 42 59 -1 23 28 51 81 -1 45 53 77 89 -1 45 48 59 60 -1 72 76 78 94 -1 28 50 51 56 -1 44 65 68 86 -1 -2
14 33 66 85 -1 7 26 37 38 -1 33 35 48 69 -1 14 34 74 83 -1 18 22 35 100 -1 31 38 66 84 -1 10 14 19 69 -1 20 50 76 93 -1 10 64 83 90 -1 29 32 64 77 -1 -2
54 69 97 98 -1 6 18 28 63 -1 -2
45 53 64 78 -1 18 43 55 63 -1 8 69 99 100 -1 15 34 41 54 -1 54 84 91 99 -1 3 53 57 96 -1 3 54 78 80 -1 -2
33 60 72 99 -1 36 48 54 72 -1 23 39 57 77 -1 14 23 55 77 -1 21 46 62 65 -1 -2
16 17 29 77 -1 10 59 65 83 -1 4 32 49 94 -1 21 70 71 93 -1 29 32 47 59 -1 -2
18 44 71 95 -1 25 47 51 94 -1 15 42 62 86 -1 1 23 40 86 -1 3 37 69 93 -1 33 56 69 97 -1 35 58 79 81 -1 43 78 88 95 -1 18 29 64 91 -1 -2
25 34 73 87 -1 78 82 92 94 -1 3 33 58 87 -1 18 68 69 94 -1 29 71 86 88 -1 2 50 70 71 -1 52 72 73 80 -1 -2
39 75 83 99 -1 45 49 55 84 -1 23 38 57 77 -1 -2
30 61 64 68 -1 30 69 88 93 -1 19 26 60 78 -1 9 21 65 94 -1 5 10 42 45 -1 10 22 42 55 -1 11 19 68 97 -1 25 36 40 58 -1 -2
5 32 50 70 -1 46 58 61 73 -1 14 30 82 86 -1 18 31 45 94 -1 7 32 47 76 -1 32 33 34 78 -1 36 57 66 71 -1 -2
17 31 55 73 -1 9 20 33 100 -1 32 36 51 77 -1 6 8 11 42 -1 5 22 67 97 -1 24 57 59 90 -1 32 71 94 95 -1 55 63 81 97 -1 31 49 74 96 -1 3 58 77 80 -1 -2
10 53 75 99 -1 7 12 33 50 -1 15 66 81 96 -1 37 48 88 92 -1 18 28 72 100 -1 26 36 89 94 -1 14 53 79 80 -1 45 61 73 90 -1 -2
55 68 80 97 -1 7 15 17 82 -1 21 38 46 57 -1 2 12 21 43 -1 17 60 67 74 -1 35 50 81 88 -1 -2
20 49 88 94 -1 28 43 81 85 -1 42 57 77 90 -1 5 39 66 83 -1 18 44 61 68 -1 42 87 91 95 -1 12 19 57 97 -1 35 51 53 90 -1 49 55 79 81 -1 4 24 59 81 -1 -2
8 31 65 66 -1 34 39 44 74 -1 5 6 14 59 -1 3 26 46 75 -1 72 77 87 95 -1 23 63 93 100 -1 1 59 80 97 -1 16 87 92 93 -1 -2
21 37 56 94 -1 53 57 70 79 -1 17 33 53 96 -1 12 34 78 82 -1 24 67 73 91 -1 -2
24 70 74 77 -1 12 14 85 87 -1 11 21 30 50 -1 19 22 24 70 -1 20 35 42 85 -1 6 20 47 58 -1 3 32 65 83 -1 30 52 66 67 -1 20 30 67 97 -1 -2
2 62 67 94 -1 -2
8 16 26 28 -1 3 25 46 57 -1 51 82 84 90 -1 54 67 76 79 -1 11 48 94 98 -1 12 20 28 99 -1 2 49 59 64 -1 -2
3 18 59 95 -1 15 22 36 43 -1 30 40 69 83 -1 33 39 53 85 -1 25 31 61 63 -1 5 57 60 90 -1 42 71 87 94 -1 5 30 89 98 -1 -2
35 49 56 83 -1 11 12 54 94 -1 35 80 87 95 -1 29 46 55 67 -1 3 29 45 51 -1 55 76 87 93 -1 -2
9 20 46 86 -1 15 38 67 92 -1 4 9 60 62 -1 40 56 61 98 -1 -2
43 52 58 70 -1 7 13 87 91 -1 11 45 56 89 -1 57 58 64 82 -1 13 76 80 87 -1 48 68 72 96 -1 2 10 54 67 -1 9 26 72 89 -1 43 55 79 96 -1 22 60 62 69 -1 -2
21 28 53 66 -1 13 39 67 68 -1 43 69 79 81 -1 37 57 58 65 -1 -2
9 20 66 84 -1 27 39 77 94 -1 18 50 63 86 -1 14 42 58 69 -1 69 73 84 95 -1 11 37 47 63 -1 14 46 57 80 -1 33 35 66 69 -1 22 25 36 82 -1 1 35 67 98 -1 -2
71 73 77 85 -1 2 31 64 77 -1 19 27 38 90 -1 10 22 69 74 -1 6 75 81 88 -1 -2
14 16 40 71 -1 9 47 48 73 -1 47 52 53 90 -1 15 30 42 44 -1 2 28 70 79 -1 45 77 81 98 -1 21 43 86 96 -1 -2
21 25 36 81 -1 25 55 79 100 -1 53 69 82 99 -1 45 61 87 93 -1 -2
39 66 91 92 -1 49 53 72 96 -1 -2
59 63 75 84 -1 12 40 55 76 -1 -2
15 17 51 88 -1 4 84 96 98 -1 6 36 86 99 -1 17 59 69 89 -1 -2
78 87 94 96 -1 26 49 69 95 -1 8 17 36 61 -1 20 53 82 99 -1 7 12 13 93 -1 9 25 63 96 -1 7 26 77 100 -1 70 86 91 95 -1 28 36 52 84 -1 -2
5 15 18 20 -1 -2
44 53 77 99 -1 17 24 46 76 -1 66 86 91 92 -1 20 89 95 96 -1 8 26 59 64 -1 3 26 44 84 -1 3 10 21 75 -1 1 37 45 82 -1 7 59 63 95 -1 -2
15 30 67 80 -1 13 23 50 74 -1 43 84 92 98 -1 19 34 39 86 -1 -2
6 41 67 73 -1 18 19 41 59 -1 4 41 53 77 -1 25 54 62 86 -1 -2
8 21 73 86 -1 45 52 72 95 -1 -2
43 64 66 84 -1 52 61 80 96 -1 40 60 69 98 -1 49 81 93 97 -1 1 24 34 37 -1 13 19 44 77 -1 2 6 51 83 -1 21 38 74 96 -1 31 41 42 44 -1 -2
39 57 62 99 -1 24 34 54 57 -1 29 31 39 66 -1 17 32 39 59 -1 16 29 36 51 -1 3 37 58 99 -1 -2
5 28 30 72 -1 52 65 74 83 -1 27 68 77 91 -1 5 22 63 96 -1 -2
21 31 36 55 -1 10 30 58 95 -1 36 62 69 95 -1 9 29 52 55 -1 26 39 51 71 -1 14 34 38 78 -1 46 48 52 78 -1 18 20 30 90 -1 -2
5 13 34 67 -1 4 40 86 99 -1 5 26 43 94 -1 32 48 54 90 -1 18 24 83 98 -1 2 17 46 75 -1 26 33 40 74 -1 9 63 75 97 -1 16 41 62 82 -1 45 67 76 86 -1 -2
69 73 85 94 -1 15 55 79 98 -1 22 37 43 100 -1 44 45 46 77 -1 53 78 91 99 -1 2 31 32 78 -1 -2
2 40 50 69 -1 2 4 50 86 -1 58 61 72 93 -1 9 29 66 77 -1 22 50 80 82 -1 18 21 62 71 -1 60 87 97 98 -1 12 51 71 91 -1 24 37 61 72 -1 -2
21 37 39 73 -1 31 35 47 99 -1 30 38 50 85 -1 11 26 45 64 -1 11 20 28 84 -1 6 52 61 93 -1 12 30 37 42 -1 46 48 52 58 -1 -2
26 37 39 49 -1 25 30 33 75 -1 19 27 46 83 -1 22 63 77 91 -1 2 3 43 55 -1 5 28 39 40 -1 -2
22 37 57 64 -1 6 26 27 86 -1 45 61 63 78 -1 -2
6 12 66 98 -1 14 23 79 88 -1 4 32 52 65 -1 18 61 74 78 -1 36 53 69 76 -1 17 62 64 99 -1 21 27 76 96 -1 -2
4 7 19 48 -1 -2
46 54 66 67 -1 15 20 50 82 -1 3 4 43 64 -1 63 67 79 94 -1 7 37 62 98 -1 4 18 58 82 -1 -2
4 54 76 91 -1 14 40 52 83 -1 25 60 78 79 -1 -2
4 27 58 72 -1 52 55 59 77 -1 16 60 73 89 -1 44 63 77 98 -1 3 36 58 69 -1 5 10 22 47 -1 -2
12 43 66 85 -1 6 33 34 89 -1 14 26 46 74 -1 8 14 65 100 -1 25 28 63 71 -1 16 41 48 54 -1 36 59 72 95 -1 20 30 53 81 -1 6 48 71 74 -1 12 33 42 62 -1 -2
19 49 74 93 -1 -2
22 47 66 83 -1 -2
8 11 17 58 -1 43 53 66 100 -1 -2
11 12 59 68 -1 1 29 79 82 -1 25 41 52 74 -1 30 61 63 69 -1 7 53 62 80 -1 12 72 83 99 -1 45 46 60 82 -1 -2
4 38 59 61 -1 40 73 91 96 -1 25 28 50 56 -1 -2
13 36 74 97 -1 20 44 58 73 -1 16 33 58 78 -1 -2
27 41 59 74 -1 8 11 52 76 -1 12 62 63 89 -1 3 27 57 96 -1 -2
33 64 90 91 -1 27 52 84 94 -1 12 23 25 87 -1 36 56 59 67 -1 1 8 38 73 -1 -2
22 26 35 84 -1 31 38 41 96 -1 15 35 37 73 -1 -2
69 74 80 91 -1 43 48 49 95 -1 8 18 62 92 -1 -2
6 10 61 71 -1 2 4 42 57 -1 8 30 43 46 -1 20 26 78 94 -1 28 37 50 54 -1 2 9 40 98 -1 8 23 70 90 -1 -2
26 66 73 87 -1 16 49 55 86 -1 5 17 48 60 -1 14 40 53 100 -1 20 23 31 84 -1 32 54 77 98 -1 5 46 47 69 -1 62 70 82 90 -1 50 52 72 96 -1 3 6 42 80 -1 -2
5 19 65 88 -1 22 39 81 83 -1 -2
24 32 60 75 -1 1 3 61 77 -1 12 22 74 87 -1 1 24 33 43 -1 17 54 76 79 -1 13 17 39 90 -1 24 40 47 51 -1 19 58 87 88 -1 12 23 86 95 -1 15 18 39 64 -1 -2
4 29 34 49 -1 7 41 63 91 -1 36 40 67 99 -1 9 21 50 75 -1 2 13 27 55 -1 39 58 64 99 -1 -2
30 32 56 98 -1 28 39 58 96 -1 24 76 92 97 -1 43 51 68 94 -1 4 74 89 93 -1 -2
13 21 58 59 -1 -2
21 32 36 46 -1 -2
29 79 91 100 -1 6 51 60 100 -1 -2
47 50 62 84 -1 27 66 72 98 -1 10 12 14 64 -1 -2
20 62 74 82 -1 -2
21 31 75 86 -1 18 26 65 79 -1 32 58 65 74 -1 14 33 45 87 -1 -2
8 34 53 65 -1 21 50 59 68 -1 -2
59 61 64 90 -1 -2
24 43 49 53 -1 9 39 43 62 -1 2 30 45 74 -1 43 49 53 91 -1 56 74 97 99 -1 -2
17 21 39 81 -1 6 18 48 63 -1 19 50 71 79 -1 -2
72 75 79 87 -1 11 12 50 65 -1 14 19 62 69 -1 34 42 81 99 -1 -2
47 53 77 89 -1 5 15 39 96 -1 55 57 82 96 -1 4 9 44 69 -1 -2
11 32 41 51 -1 10 28 29 31 -1 37 42 60 92 -1 6 33 36 58 -1 27 54 55 66 -1 14 26 47 71 -1 21 39 64 99 -1 20 32 33 81 -1 -2
22 23 68 73 -1 8 15 85 96 -1 16 28 45 64 -1 32 41 61 98 -1 46 47 55 62 -1 41 67 68 94 -1 6 64 75 82 -1 -2
34 35 38 54 -1 13 31 45 56 -1 -2
13 54 91 95 -1 16 34 36 91 -1 9 20 65 89 -1 7 17 68 90 -1 14 39 63 65 -1 65 72 82 95 -1 3 21 22 37 -1 4 22 71 95 -1 -2
4 10 70 82 -1 14 21 44 62 -1 18 26 52 79 -1 54 55 63 72 -1 12 18 25 82 -1 -2
34 56 67 82 -1 22 34 39 60 -1 16 47 57 83 -1 17 46 86 91 -1 58 68 88 97 -1 18 50 52 55 -1 12 15 48 65 -1 47 57 77 88 -1 1 58 60 91 -1 -2
3 52 73 82 -1 4 31 67 74 -1 29 54 72 91 -1 4 34 62 86 -1 2 43 50 95 -1 -2
36 41 69 96 -1 5 68 76 89 -1 15 45 48 85 -1 34 47 54 77 -1 9 73 91 94 -1 64 75 81 92 -1 -2
7 11 32 49 -1 21 67 83 84 -1 45 55 80 100 -1 46 49 90 93 -1 67 69 83 97 -1 58 64 70 90 -1 37 47 65 78 -1 9 13 29 77 -1 22 50 85 97 -1 58 64 87 98 -1 -2
6 13 43 61 -1 1 5 32 45 -1 37 85 88 95 -1 55 65 83 93 -1 25 64 70 72 -1 34 58 64 84 -1 43 67 69 75 -1 -2
15 18 25 42 -1 56 60 92 99 -1 13 15 21 40 -1 11 64 78 80 -1 53 60 75 92 -1 1 38 44 55 -1 64 68 69 98 -1 32 40 71 92 -1 26 30 40 55 -1 -2
8 19 86 95 -1 -2
17 44 57 68 -1 16 78 87 89 -1 49 55 67 83 -1 20 25 35 71 -1 31 33 36 78 -1 11 12 47 75 -1 10 60 61 80 -1 30 50 74 78 -1 -2
34 41 88 100 -1 9 31 43 59 -1 14 15 65 100 -1 1 31 71 78 -1 -2
22 63 71 99 -1 16 33 82 97 -1 6 12 14 19 -1 -2
1 16 37 94 -1 18 41 56 70 -1 15 48 60 72 -1 17 33 43 97 -1 4 44 48 56 -1 -2
13 36 58 99 -1 17 63 67 73 -1 13 45 67 84 -1 21 25 35 83 -1 8 25 68 76 -1 10 49 50 92 -1 8 22 26 33 -1 -2
3 46 61 62 -1 4 11 47 99 -1 8 56 87 93 -1 10 20 30 43 -1 -2
34 35 36 86 -1 70 83 88 89 -1 -2
6 7 42 80 -1 28 39 52 95 -1 10 19 39 79 -1 17 57 71 78 -1 37 47 51 64 -1 67 74 82 95 -1 8 33 44 63 -1 -2
25 33 38 55 -1 23 30 72 87 -1 7 13 86 98 -1 5 31 70 91 -1 65 69 73 96 -1 43 47 68 93 -1 -2
7 24 41 91 -1 34 49 79 97 -1 39 41 59 71 -1 40 52 88 100 -1 14 23 25 49 -1 37 48 57 97 -1 43 51 58 84 -1 -2
4 20 24 82 -1 48 55 56 60 -1 29 41 62 82 -1 4 16 60 95 -1 -2
17 34 38 73 -1 6 27 76 82 -1 63 69 78 86 -1 11 21 72 97 -1 -2
27 46 67 100 -1 20 31 76 98 -1 10 14 61 98 -1 36 54 66 96 -1 2 46 62 65 -1 11 31 55 96 -1 -2
42 68 93 99 -1 4 8 58 80 -1 18 40 71 77 -1 8 37 53 90 -1 5 45 75 100 -1 21 48 71 79 -1 40 59 89 100 -1 11 40 74 76 -1 -2
15 21 58 68 -1 -2
22 30 36 66 -1 34 39 50 59 -1 6 34 50 86 -1 -2
21 48 83 90 -1 2 23 44 45 -1 18 59 71 73 -1 9 17 24 84 -1 43 59 74 76 -1 -2
4 14 17 85 -1 5 25 36 93 -1 5 38 85 90 -1 9 16 36 66 -1 33 35 72 86 -1 25 53 84 90 -1 -2
25 77 85 94 -1 3 11 45 66 -1 1 10 44 50 -1 30 43 81 82 -1 6 12 31 89 -1 19 33 96 99 -1 8 29 53 90 -1 16 46 61 77 -1 25 63 70 96 -1 7 53 61 92 -1 -2
1 39 50 96 -1 14 51 65 94 -1 31 34 51 100 -1 13 37 53 69 -1 26 41 51 70 -1 8 16 82 85 -1 -2
27 36 50 79 -1 41 48 57 66 -1 3 29 58 90 -1 18 62 68 71 -1 -2
1 43 44 95 -1 25 28 32 72 -1 44 73 87 96 -1 -2
27 58 61 95 -1 23 33 59 77 -1 2 4 35 56 -1 2 9 43 67 -1 -2
3 7 23 75 -1 1 31 76 87 -1 14 52 82 99 -1 46 59 65 99 -1 20 29 56 73 -1 51 60 68 97 -1 29 37 57 99 -1 3 71 80 88 -1 22 36 81 87 -1 24 42 73 91 -1 -2
1 57 87 94 -1 9 51 83 86 -1 32 41 57 58 -1 11 20 39 43 -1 4 6 36 77 -1 2 15 58 94 -1 48 71 84 86 -1 16 46 59 84 -1 -2
55 61 65 68 -1 14 19 52 55 -1 53 67 84 88 -1 36 43 45 84 -1 29 52 95 99 -1 13 48 65 80 -1 9 61 78 84 -1 30 53 54 93 -1 22 40 67 100 -1 17 23 50 60 -1 -2
9 48 51 62 -1 22 39 74 99 -1 5 16 24 56 -1 19 28 32 94 -1 9 70 77 88 -1 -2
16 18 22 41 -1 10 20 35 88 -1 24 46 49 77 -1 -2
21 29 77 89 -1 27 51 66 90 -1 60 78 79 95 -1 15 29 35 72 -1 4 6 50 87 -1 3 24 44 48 -1 12 31 57 94 -1 5 74 91 99 -1 29 50 51 85 -1 10 17 67 84 -1 -2
28 44 45 73 -1 5 11 25 38 -1 17 39 50 77 -1 53 71 73 91 -1 17 30 81 99 -1 30 32 65 83 -1 7 11 23 28 -1 12 37 56 73 -1 -2
36 53 62 63 -1 39 64 72 74 -1 10 31 40 81 -1 15 31 58 59 -1 25 48 75 98 -1 -2
22 35 36 68 -1 9 23 47 78 -1 2 22 39 98 -1 31 36 45 58 -1 4 34 70 93 -1 40 41 52 84 -1 6 21 72 94 -1 47 62 68 75 -1 -2
13 49 82 91 -1 1 37 48 70 -1 12 85 93 95 -1 2 46 61 62 -1 5 17 30 92 -1 47 48 74 81 -1 11 30 82 90 -1 -2
28 38 86 98 -1 11 26 85 96 -1 78 80 90 97 -1 2 58 76 88 -1 13 16 21 86 -1 17 18 45 93 -1 -2
10 57 69 77 -1 16 35 46 65 -1 33 43 60 65 -1 11 53 90 95 -1 -2
17 32 69 87 -1 22 27 45 52 -1 21 28 58 82 -1 44 54 56 98 -1 68 70 91 96 -1 29 33 48 96 -1 19 35 55 80 -1 -2
3 27 76 84 -1 -2
19 41 86 92 -1 52 55 81 82 -1 16 25 49 92 -1 23 38 54 83 -1 -2
9 53 87 91 -1 6 18 76 98 -1 62 76 82 99 -1 8 19 63 98 -1 -2
13 16 80 82 -1 36 59 81 83 -1 7 16 78 86 -1 16 51 82 94 -1 13 32 56 71 -1 12 70 90 99 -1 2 18 78 86 -1 -2
7 15 22 50 -1 29 50 59 67 -1 -2
2 4 57 94 -1 12 22 24 52 -1 1 9 14 93 -1 8 37 67 89 -1 54 58 76 91 -1 2 26 35 41 -1 -2
54 71 75 82 -1 37 66 85 87 -1 -2
2 9 66 78 -1 40 66 78 96 -1 -2
5 24 70 78 -1 25 61 77 87 -1 14 31 84 100 -1 20 50 55 60 -1 14 61 62 92 -1 8 35 45 58 -1 42 44 62 91 -1 -2
34 43 48 58 -1 2 30 41 44 -1 29 44 60 79 -1 22 35 58 60 -1 40 54 95 99 -1 8 12 27 35 -1 -2
39 41 46 95 -1 27 35 64 66 -1 8 33 77 95 -1 10 35 47 59 -1 9 15 78 92 -1 28 37 57 78 -1 -2
32 37 51 64 -1 20 66 76 95 -1 23 62 67 98 -1 -2
67 74 92 94 -1 18 24 86 90 -1 -2
29 39 83 88 -1 40 61 72 96 -1 17 27 58 82 -1 28 58 62 76 -1 8 35 57 85 -1 35 38 66 96 -1 10 23 67 74 -1 12 19 26 77 -1 7 19 33 44 -1 -2
34 37 86 99 -1 4 51 83 100 -1 2 3 29 86 -1 30 35 40 45 -1 29 59 71 86 -1 -2
65 72 80 99 -1 13 29 52 57 -1 6 15 59 73 -1 9 22 88 92 -1 21 54 83 84 -1 -2
25 34 65 75 -1 39 56 86 98 -1 50 71 87 98 -1 1 7 65 87 -1 14 43 54 79 -1 7 37 63 74 -1 26 50 66 89 -1 9 29 43 85 -1 -2
39 43 53 75 -1 4 23 78 99 -1 1 14 18 49 -1 6 25 79 93 -1 22 43 87 100 -1 18 32 84 90 -1 25 55 80 83 -1 4 34 53 68 -1 -2
5 25 55 91 -1 4 78 87 89 -1 -2
63 74 77 83 -1 1 22 36 37 -1 14 63 69 90 -1 5 28 63 67 -1 21 43 53 54 -1 -2
1 2 35 36 -1 11 54 85 96 -1 22 24 31 33 -1 4 38 45 72 -1 -2
9 30 32 62 -1 2 46 51 88 -1 -2
11 33 49 86 -1 33 63 80 92 -1 6 7 22 73 -1 7 16 80 92 -1 32 33 82 88 -1 8 25 34 59 -1 29 86 91 96 -1 33 45 64 94 -1 -2
6 63 86 94 -1 4 7 41 68 -1 -2
31 33 68 100 -1 20 44 57 62 -1 44 45 59 100 -1 1 19 34 43 -1 2 4 37 77 -1 33 41 47 82 -1 1 3 31 42 -1 5 21 64 97 -1 -2
34 47 70 97 -1 28 30 72 96 -1 14 15 71 83 -1 4 17 45 60 -1 25 69 71 73 -1 7 50 55 59 -1 53 74 83 99 -1 -2
26 28 38 67 -1 41 48 58 82 -1 -2
22 57 72 100 -1 -2
5 17 61 81 -1 33 49 67 87 -1 9 44 74 79 -1 10 27 68 82 -1 -2
16 44 51 54 -1 21 27 48 69 -1 13 47 60 85 -1 -2
14 17 78 84 -1 5 15 28 52 -1 -2
22 36 52 55 -1 2 10 29 40 -1 1 12 18 95 -1 54 70 76 93 -1 -2
18 45 62 73 -1 9 19 38 54 -1 60 73 89 92 -1 -2
15 32 56 61 -1 7 10 20 63 -1 8 39 76 91 -1 1 22 85 90 -1 51 58 70 79 -1 13 17 20 70 -1 42 43 50 54 -1 17 57 84 93 -1 2 47 78 82 -1 26 51 69 73 -1 -2
44 63 68 88 -1 -2
42 43 54 78 -1 28 35 44 98 -1 13 28 45 91 -1 -2
14 34 44 84 -1 9 10 11 65 -1 7 37 52 77 -1 30 56 58 87 -1 9 15 29 53 -1 -2
2 52 60 66 -1 -2
3 13 40 61 -1 6 19 23 48 -1 -2
7 35 62 71 -1 -2
50 57 80 83 -1 34 39 82 90 -1 21 22 23 74 -1 44 60 68 79 -1 37 43 68 89 -1 24 83 85 89 -1 23 75 83 90 -1 -2
13 19 40 58 -1 13 36 64 90 -1 31 45 63 86 -1 2 46 50 74 -1 47 57 60 67 -1 8 9 71 77 -1 41 59 66 69 -1 6 92 94 97 -1 23 53 68 81 -1 7 16 67 82 -1 -2
3 17 21 74 -1 60 70 86 89 -1 25 44 62 72 -1 13 43 44 75 -1 31 35 66 83 -1 20 28 30 97 -1 24 59 72 77 -1 23 42 79 95 -1 -2
25 48 85 93 -1 -2
10 43 46 91 -1 20 25 66 95 -1 3 4 34 57 -1 12 39 56 75 -1 9 14 43 52 -1 25 59 68 71 -1 16 43 47 81 -1 4 36 38 46 -1 -2
1 8 60 70 -1 6 38 54 88 -1 12 19 46 53 -1 1 10 26 83 -1 -2
13 27 92 100 -1 1 34 56 81 -1 11 36 62 88 -1 60 62 65 82 -1 17 21 73 86 -1 42 58 59 68 -1 14 32 79 95 -1 23 29 40 63 -1 7 15 26 92 -1 15 23 45 97 -1 -2
12 15 97 100 -1 31 55 58 66 -1 32 47 76 91 -1 16 33 36 69 -1 6 30 44 66 -1 -2
6 17 67 86 -1 -2
2 8 52 94 -1 7 13 61 93 -1 6 14 31 74 -1 5 18 62 78 -1 67 77 81 98 -1 25 47 63 99 -1 13 24 28 61 -1 7 42 48 89 -1 11 25 68 88 -1 -2
20 73 77 87 -1 29 66 86 95 -1 16 27 38 89 -1 15 32 42 53 -1 34 47 50 65 -1 8 11 29 89 -1 5 41 52 79 -1 30 60 69 73 -1 12 51 57 100 -1 -2
16 21 91 96 -1 12 19 50 52 -1 1 2 81 92 -1 2 32 46 68 -1 35 47 62 78 -1 23 37 62 96 -1 4 41 59 91 -1 24 28 71 97 -1 -2
4 60 73 85 -1 5 35 87 93 -1 15 30 78 89 -1 9 36 47 91 -1 2 13 26 54 -1 21 63 65 80 -1 57 64 78 85 -1 3 61 62 85 -1 10 19 71 77 -1 -2
7 21 37 84 -1 5 40 56 69 -1 32 40 53 70 -1 15 21 55 62 -1 -2
19 48 77 78 -1 17 21 27 40 -1 30 37 55 63 -1 28 57 67 76 -1 -2
15 35 82 83 -1 60 61 67 100 -1 -2
51 73 75 100 -1 39 41 48 54 -1 13 22 33 78 -1 29 34 46 83 -1 39 58 80 96 -1 8 12 81 89 -1 8 20 56 65 -1 -2
3 26 38 48 -1 -2
24 30 79 87 -1 16 37 88 90 -1 8 12 47 75 -1 31 42 93 96 -1 11 29 71 80 -1 1 16 47 86 -1 7 41 56 82 -1 30 35 41 100 -1 23 81 96 99 -1 3 23 35 65 -1 -2
38 51 92 95 -1 5 27 72 73 -1 25 39 83 92 -1 28 31 40 91 -1 35 58 75 79 -1 -2
32 71 72 74 -1 22 39 59 82 -1 5 31 64 90 -1 18 49 80 90 -1 11 40 68 85 -1 -2
6 38 75 100 -1 14 20 21 75 -1 15 29 62 70 -1 5 28 85 93 -1 3 69 87 97 -1 -2
14 31 32 96 -1 48 56 66 81 -1 13 15 88 89 -1 -2
18 45 51 79 -1 49 90 93 100 -1 53 58 74 86 -1 3 15 59 68 -1 1 18 78 91 -1 3 22 28 30 -1 37 42 86 91 -1 11 43 75 85 -1 -2
30 60 71 87 -1 28 30 56 72 -1 16 46 68 81 -1 27 60 64 98 -1 12 53 62 98 -1 19 34 44 52 -1 -2
10 22 29 67 -1 20 26 43 94 -1 14 26 48 58 -1 46 61 62 63 -1 22 35 69 81 -1 33 37 41 58 -1 16 94 95 96 -1 4 27 62 73 -1 27 32 47 76 -1 -2
8 17 58 91 -1 -2
17 22 36 37 -1 22 30 38 91 -1 15 31 90 93 -1 4 26 46 62 -1 -2
48 58 78 81 -1 34 38 44 58 -1 33 51 71 76 -1 11 44 46 88 -1 27 64 75 87 -1 46 56 63 90 -1 30 34 36 95 -1 -2
4 10 24 95 -1 9 59 82 83 -1 28 45 60 95 -1 22 32 44 45 -1 10 49 54 67 -1 34 77 84 90 -1 15 58 69 100 -1 10 15 29 55 -1 -2
5 65 77 82 -1 42 66 67 99 -1 11 36 39 53 -1 31 58 95 100 -1 32 50 90 100 -1 22 52 56 60 -1 37 61 88 94 -1 2 32 68 90 -1 58 64 82 84 -1 16 31 63 84 -1 -2
4 10 79 87 -1 40 45 56 73 -1 45 53 88 94 -1 27 58 87 92 -1 15 41 42 68 -1 30 35 45 89 -1 -2
3 7 14 20 -1 12 35 70 92 -1 43 58 67 77 -1 57 65 87 93 -1 -2
72 80 88 94 -1 51 57 73 78 -1 14 50 60 63 -1 12 57 65 71 -1 64 76 78 92 -1 23 44 47 74 -1 26 59 82 97 -1 28 33 36 100 -1 -2
10 40 91 96 -1 31 32 43 77 -1 10 15 68 72 -1 5 37 52 91 -1 48 67 94 95 -1 33 34 45 60 -1 7 21 82 89 -1 20 29 80 92 -1 -2
34 46 56 74 -1 -2
13 25 72 92 -1 23 35 58 81 -1 11 19 76 93 -1 2 32 71 95 -1 2 8 14 16 -1 30 49 56 72 -1 8 31 67 70 -1 1 7 35 84 -1 -2
64 71 88 99 -1 19 61 71 82 -1 3 52 78 79 -1 -2
7 45 46 62 -1 45 72 76 86 -1 6 76 83 94 -1 25 47 64 84 -1 31 66 79 88 -1 11 14 45 55 -1 11 16 41 63 -1 9 22 86 95 -1 -2
7 54 90 94 -1 7 16 18 26 -1 42 54 77 94 -1 11 27 51 80 -1 13 21 31 67 -1 3 34 44 84 -1 -2
11 27 35 38 -1 -2
20 21 26 79 -1 19 40 65 82 -1 25 41 52 65 -1 19 63 86 87 -1 10 74 76 94 -1 -2
9 11 22 98 -1 1 51 60 75 -1 1 45 63 100 -1 13 35 71 75 -1 14 39 53 79 -1 21 35 37 83 -1 -2
11 54 82 89 -1 10 28 32 53 -1 3 14 50 57 -1 11 24 69 98 -1 10 27 58 72 -1 6 11 20 99 -1 39 53 71 98 -1 8 18 24 80 -1 65 67 85 97 -1 15 35 37 40 -1 -2
40 56 69 78 -1 29 39 48 54 -1 29 37 40 63 -1 -2
17 66 68 80 -1 -2
17 31 43 55 -1 15 40 73 100 -1 33 49 64 78 -1 4 48 58 92 -1 3 14 59 93 -1 34 44 69 84 -1 32 60 69 78 -1 29 30 46 65 -1 -2
9 13 29 39 -1 39 66 96 100 -1 14 19 20 87 -1 16 31 79 91 -1 45 51 91 96 -1 23 28 52 84 -1 33 36 58 60 -1 -2
31 32 35 51 -1 34 85 92 97 -1 28 38 40 64 -1 43 52 59 60 -1 9 31 45 72 -1 -2
20 31 45 91 -1 13 17 86 88 -1 2 19 45 93 -1 11 14 53 74 -1 15 60 94 97 -1 28 32 46 92 -1 60 72 74 81 -1 18 67 87 100 -1 -2
38 50 85 100 -1 1 28 55 86 -1 -2
8 55 65 85 -1 7 41 58 90 -1 10 26 67 95 -1 8 79 85 87 -1 43 63 64 70 -1 15 50 74 97 -1 9 12 13 52 -1 34 56 57 58 -1 25 49 91 92 -1 -2
25 29 80 90 -1 7 28 43 94 -1 53 74 87 88 -1 22 37 83 88 -1 50 70 83 86 -1 34 67 81 94 -1 12 45 50 79 -1 27 37 83 88 -1 4 67 74 76 -1 -2
2 71 72 86 -1 -2
27 76 79 83 -1 35 66 71 82 -1 17 40 59 75 -1 70 87 88 91 -1 15 19 48 86 -1 33 36 56 95 -1 57 64 65 76 -1 47 56 66 70 -1 -2
33 53 93 98 -1 32 53 91 92 -1 4 9 66 81 -1 37 39 73 95 -1 1 29 34 56 -1 52 61 87 90 -1 15 19 44 55 -1 36 48 64 96 -1 4 58 84 85 -1 -2
2 51 53 67 -1 -2
1 28 36 51 -1 18 20 35 71 -1 56 61 80 92 -1 17 29 49 58 -1 19 43 46 81 -1 6 27 35 73 -1 55 59 73 84 -1 40 43 83 96 -1 28 31 43 60 -1 46 78 79 83 -1 -2
36 39 71 79 -1 18 41 63 98 -1 29 38 84 93 -1 2 27 37 87 -1 1 30 37 97 -1 1 40 80 95 -1 16 24 31 99 -1 -2
59 73 78 93 -1 15 40 45 89 -1 16 52 60 69 -1 32 33 61 100 -1 13 19 34 53 -1 7 24 25 62 -1 -2
9 39 47 78 -1 10 28 60 97 -1 1 13 55 65 -1 -2
7 56 74 97 -1 36 38 53 96 -1 2 34 42 93 -1 1 24 44 92 -1 3 11 82 83 -1 1 13 37 52 -1 20 45 47 72 -1 -2
23 44 61 86 -1 -2
22 70 78 89 -1 14 26 62 96 -1 32 84 95 98 -1 8 18 37 99 -1 23 27 40 57 -1 23 25 45 84 -1 11 33 46 77 -1 9 25 64 66 -1 -2
6 25 60 78 -1 39 71 78 87 -1 8 16 79 91 -1 10 71 83 100 -1 17 21 46 77 -1 2 28 56 99 -1 4 6 36 65 -1 -2
45 73 77 87 -1 18 22 44 75 -1 -2
4 59 74 98 -1 16 21 83 87 -1 14 79 80 94 -1 38 42 67 84 -1 55 59 65 97 -1 5 20 45 58 -1 -2
13 15 18 90 -1 31 44 66 95 -1 -2
1 13 79 94 -1 3 63 72 79 -1 18 26 57 65 -1 11 32 40 57 -1 16 36 76 79 -1 31 32 43 87 -1 51 52 65 69 -1 30 38 46 57 -1 -2
4 17 27 54 -1 -2
50 53 81 90 -1 16 44 56 78 -1 15 26 27 93 -1 34 56 76 97 -1 38 46 71 99 -1 23 33 73 92 -1 7 29 37 54 -1 -2
32 34 38 62 -1 63 74 77 83 -1 40 54 86 96 -1 20 49 57 90 -1 5 24 79 94 -1 6 12 54 81 -1 1 40 49 95 -1 20 27 55 87 -1 14 64 73 89 -1 6 17 42 54 -1 -2
48 57 79 89 -1 36 49 65 89 -1 10 58 60 91 -1 66 86 89 99 -1 32 72 87 92 -1 40 61 66 80 -1 -2
10 34 53 61 -1 1 30 57 91 -1 13 52 71 81 -1 16 32 43 48 -1 68 70 91 98 -1 9 14 17 55 -1 4 19 41 94 -1 2 12 20 71 -1 -2
1 32 50 68 -1 12 63 66 67 -1 -2
59 65 76 86 -1 46 80 81 82 -1 17 50 86 94 -1 31 37 73 80 -1 2 4 24 64 -1 17 32 47 75 -1 22 39 58 61 -1 3 29 66 96 -1 10 18 48 53 -1 5 14 39 73 -1 -2
15 50 57 69 -1 26 30 38 96 -1 31 35 42 60 -1 14 28 65 79 -1 33 75 77 81 -1 -2
7 17 60 79 -1 -2
4 22 46 47 -1 20 65 68 96 -1 12 31 41 83 -1 37 45 53 96 -1 -2
5 46 71 91 -1 12 72 77 89 -1 26 46 56 58 -1 6 33 58 83 -1 -2
16 48 71 100 -1 1 23 31 44 -1 17 53 62 99 -1 5 25 48 57 -1 4 10 48 83 -1 -2
22 63 72 93 -1 55 61 82 91 -1 12 41 62 73 -1 28 33 41 90 -1 27 41 66 97 -1 3 21 40 81 -1 44 62 65 83 -1 18 22 29 84 -1 35 41 64 76 -1 2 44 48 89 -1 -2
12 25 72 73 -1 45 66 93 95 -1 26 66 78 87 -1 16 39 74 77 -1 8 39 65 80 -1 10 61 69 84 -1 -2
4 65 68 75 -1 44 52 77 80 -1 31 62 74 93 -1 55 65 74 93 -1 22 24 85 98 -1 22 43 67 87 -1 1 75 82 96 -1 15 29 35 39 -1 23 31 50 96 -1 4 22 40 81 -1 -2
20 47 83 99 -1 25 66 96 97 -1 6 56 61 74 -1 5 6 24 94 -1 -2
5 45 46 95 -1 23 35 65 96 -1 13 50 62 70 -1 31 43 59 91 -1 2 49 64 95 -1 -2
4 20 89 99 -1 76 80 90 98 -1 35 72 74 87 -1 15 16 35 54 -1 47 76 87 99 -1 9 47 95 100 -1 16 38 51 91 -1 -2
2 10 40 94 -1 7 33 60 61 -1 3 7 31 54 -1 17 39 53 64 -1 18 73 80 95 -1 27 49 50 73 -1 1 34 80 96 -1 1 70 78 91 -1 -2
16 29 41 82 -1 51 75 81 98 -1 -2
34 53 89 90 -1 36 42 55 66 -1 9 36 37 71 -1 3 35 52 93 -1 1 12 24 32 -1 3 26 30 36 -1 10 21 25 48 -1 3 15 16 39 -1 14 23 84 99 -1 -2
1 53 77 81 -1 20 54 83 100 -1 5 6 18 81 -1 18 24 41 47 -1 16 25 43 98 -1 1 10 12 32 -1 -2
6 22 33 34 -1 4 40 63 73 -1 15 22 62 72 -1 31 40 64 85 -1 3 5 64 84 -1 13 37 43 53 -1 34 51 57 95 -1 5 29 62 94 -1 21 28 42 68 -1 12 14 80 90 -1 -2
10 38 70 76 -1 50 67 85 100 -1 36 69 72 98 -1 2 3 4 28 -1 29 47 55 78 -1 -2
15 48 49 78 -1 2 17 56 94 -1 27 35 48 49 -1 35 39 67 97 -1 -2
8 76 80 91 -1 24 37 62 80 -1 -2
24 40 42 60 -1 23 65 88 95 -1 22 45 84 88 -1 67 83 88 95 -1 11 63 69 76 -1 39 58 73 76 -1 27 54 78 94 -1 14 25 37 98 -1 9 61 69 80 -1 -2
3 7 34 35 -1 23 33 68 82 -1 54 61 73 97 -1 4 30 70 100 -1 54 74 84 92 -1 -2
21 22 66 70 -1 11 56 80 97 -1 64 70 81 89 -1 5 38 73 82 -1 31 50 63 74 -1 11 33 40 88 -1 -2
4 20 45 88 -1 27 42 47 74 -1 24 36 65 91 -1 -2
34 48 52 74 -1 4 27 43 84 -1 16 32 50 65 -1 11 72 77 86 -1 -2
6 44 59 98 -1 3 47 49 64 -1 15 48 64 81 -1 3 40 43 69 -1 8 9 74 90 -1 25 35 77 93 -1 15 44 67 70 -1 28 58 66 95 -1 20 23 64 80 -1 21 45 47 61 -1 -2
37 79 82 100 -1 4 35 44 79 -1 28 33 34 92 -1 10 41 52 93 -1 5 44 61 91 -1 -2
31 53 95 99 -1 13 54 72 83 -1 8 31 43 82 -1 -2
1 44 56 59 -1 34 35 61 90 -1 32 47 64 86 -1 -2
8 59 89 99 -1 33 43 75 84 -1 -2
2 4 63 72 -1 40 81 82 97 -1 5 17 64 84 -1 11 17 45 57 -1 27 38 69 78 -1 7 19 67 99 -1 -2
3 52 68 92 -1 1 18 94 98 -1 18 42 92 94 -1 -2
30 32 56 81 -1 14 31 60 77 -1 7 26 28 66 -1 -2
34 46 70 76 -1 -2
4 28 66 87 -1 3 53 88 99 -1 36 67 80 100 -1 47 51 65 75 -1 12 63 85 93 -1 5 29 50 69 -1 -2
31 33 52 84 -1 28 29 55 85 -1 -2
6 10 51 91 -1 38 48 67 87 -1 7 63 66 89 -1 3 28 58 80 -1 3 47 59 73 -1 1 35 43 95 -1 57 58 81 94 -1 -2
2 8 9 28 -1 9 17 54 57 -1 59 61 77 82 -1 3 65 95 100 -1 11 30 79 87 -1 15 20 67 85 -1 22 26 42 44 -1 28 33 47 97 -1 44 50 79 87 -1 -2
5 20 60 77 -1 27 33 51 73 -1 -2
13 28 55 99 -1 7 21 86 100 -1 15 36 84 87 -1 14 17 27 43 -1 54 69 77 94 -1 8 16 19 24 -1 18 49 58 83 -1 15 32 59 96 -1 -2
10 78 83 89 -1 -2
2 25 43 89 -1 65 71 73 84 -1 23 28 43 71 -1 9 33 85 98 -1 -2
9 29 51 79 -1 63 69 70 98 -1 27 37 51 71 -1 24 31 51 96 -1 29 49 66 85 -1 24 54 69 71 -1 -2
52 57 81 92 -1 16 33 53 61 -1 36 55 66 96 -1 9 55 63 69 -1 18 26 55 100 -1 8 54 61 68 -1 -2
11 52 60 97 -1 34 36 38 96 -1 27 49 68 79 -1 10 63 83 86 -1 11 55 72 89 -1 28 69 78 97 -1 31 48 62 84 -1 -2
13 38 79 99 -1 6 18 68 98 -1 30 34 60 85 -1 34 43 58 99 -1 9 35 58 73 -1 11 13 26 78 -1 4 19 53 64 -1 40 50 71 75 -1 -2
4 54 60 70 -1 -2
21 45 84 95 -1 20 45 92 93 -1 4 5 13 47 -1 15 30 41 75 -1 15 67 77 90 -1 14 42 68 95 -1 66 76 83 84 -1 12 46 51 54 -1 -2
34 42 76 96 -1 67 69 79 96 -1 13 22 62 77 -1 10 25 26 65 -1 11 40 55 83 -1 4 55 62 92 -1 -2
2 45 64 99 -1 -2
35 36 59 69 -1 14 48 64 76 -1 14 31 65 100 -1 -2
69 76 82 92 -1 42 53 78 84 -1 24 29 43 47 -1 43 60 68 96 -1 14 33 79 84 -1 1 17 19 60 -1 9 57 72 80 -1 13 21 68 86 -1 -2
29 47 60 86 -1 2 30 70 89 -1 14 33 47 77 -1 11 20 42 91 -1 29 49 63 72 -1 9 60 71 74 -1 15 30 66 87 -1 -2
4 20 64 76 -1 26 36 68 100 -1 -2
43 57 84 92 -1 6 63 67 74 -1 1 14 61 92 -1 46 49 88 91 -1 12 87 95 96 -1 47 80 81 97 -1 -2
18 81 92 94 -1 62 79 82 94 -1 33 52 79 97 -1 9 46 56 96 -1 -2
49 61 71 96 -1 30 34 57 98 -1 33 50 81 90 -1 13 16 37 42 -1 23 30 94 99 -1 26 46 52 93 -1 5 10 23 68 -1 10 63 65 85 -1 12 13 53 81 -1 19 45 48 100 -1 -2
18 33 55 79 -1 3 4 19 40 -1 19 36 52 95 -1 19 33 75 98 -1 -2
13 24 88 89 -1 22 57 83 97 -1 2 29 48 50 -1 17 27 66 98 -1 39 49 65 67 -1 14 37 50 76 -1 14 24 68 72 -1 -2
3 7 23 100 -1 41 48 53 65 -1 -2
8 34 62 88 -1 22 36 71 73 -1 -2
20 21 65 71 -1 7 11 19 77 -1 2 55 74 94 -1 2 13 33 54 -1 5 9 29 72 -1 -2
31 34 53 54 -1 15 19 43 56 -1 -2
11 22 50 87 -1 32 35 39 64 -1 15 54 74 98 -1 30 32 60 77 -1 31 53 84 92 -1 50 65 74 92 -1 -2
36 80 84 99 -1 9 53 75 97 -1 11 15 68 87 -1 23 49 69 84 -1 13 28 36 56 -1 24 27 34 61 -1 -2
7 23 32 83 -1 -2
5 55 62 90 -1 35 62 69 99 -1 -2
1 76 88 96 -1 17 18 64 94 -1 2 12 32 48 -1 74 78 84 92 -1 11 31 47 88 -1 13 28 73 81 -1 3 30 51 67 -1 -2
27 70 89 96 -1 33 64 94 100 -1 38 61 63 65 -1 15 28 59 92 -1 35 49 63 70 -1 32 47 54 86 -1 3 55 65 95 -1 26 46 54 63 -1 10 43 44 94 -1 7 16 21 59 -1 -2
3 8 10 26 -1 47 53 58 99 -1 6 41 62 63 -1 22 47 50 79 -1 16 25 43 72 -1 -2
8 14 35 79 -1 12 15 52 79 -1 9 12 63 74 -1 18 21 82 90 -1 19 41 43 65 -1 4 40 45 80 -1 5 37 93 100 -1 -2
9 25 91 97 -1 -2
13 20 63 72 -1 16 25 44 63 -1 40 73 76 90 -1 -2
5 36 56 66 -1 16 32 64 78 -1 5 16 38 62 -1 28 38 40 80 -1 -2
4 16 30 82 -1 10 46 57 99 -1 63 80 81 93 -1 41 79 91 95 -1 33 44 50 77 -1 11 36 56 98 -1 4 17 21 31 -1 43 46 64 73 -1 -2
22 40 47 69 -1 23 64 81 96 -1 34 40 48 93 -1 19 30 66 67 -1 20 39 44 89 -1 26 30 49 94 -1 6 34 47 68 -1 6 39 51 62 -1 15 17 26 86 -1 -2
31 64 83 96 -1 2 40 68 99 -1 1 4 10 45 -1 26 35 60 65 -1 24 33 34 73 -1 30 57 62 95 -1 7 40 63 69 -1 -2
28 64 66 72 -1 33 54 58 91 -1 1 58 86 97 -1 12 64 67 84 -1 14 54 60 99 -1 35 47 64 87 -1 -2
7 45 56 70 -1 29 56 89 90 -1 9 27 48 74 -1 66 68 72 92 -1 11 14 60 87 -1 47 49 76 80 -1 2 35 63 70 -1 14 49 67 83 -1 2 22 23 54 -1 -2
21 29 54 62 -1 29 38 47 91 -1 -2
1 10 29 89 -1 6 11 47 86 -1 31 64 92 100 -1 32 38 52 56 -1 14 20 78 99 -1 -2
12 32 85 96 -1 -2
23 38 85 92 -1 27 38 93 97 -1 11 13 38 48 -1 2 67 72 90 -1 17 44 63 83 -1 36 46 72 84 -1 2 50 56 78 -1 -2
38 47 54 70 -1 1 2 31 43 -1 9 46 64 77 -1 -2
37 66 71 93 -1 5 28 57 66 -1 21 33 90 100 -1 2 68 80 97 -1 36 64 71 98 -1 18 43 54 67 -1 4 34 78 79 -1 32 58 66 95 -1 -2
5 24 35 40 -1 17 48 91 99 -1 6 8 49 57 -1 1 11 14 38 -1 63 88 89 91 -1 2 33 60 62 -1 46 61 70 96 -1 15 50 73 94 -1 12 25 50 82 -1 -2
12 60 70 77 -1 10 55 69 87 -1 2 29 72 74 -1 -2
10 53 67 76 -1 13 71 81 86 -1 41 47 58 97 -1 21 30 46 100 -1 32 70 72 89 -1 15 61 71 92 -1 38 81 91 100 -1 40 58 78 84 -1 -2
33 38 40 93 -1 16 44 50 76 -1 2 16 70 75 -1 13 18 80 86 -1 37 41 59 81 -1 12 57 59 84 -1 -2
9 32 55 100 -1 21 36 64 88 -1 41 60 94 95 -1 3 58 66 72 -1 29 49 52 66 -1 5 9 25 50 -1 -2
2 10 19 67 -1 60 81 94 96 -1 66 71 95 99 -1 2 62 86 95 -1 10 50 80 85 -1 2 55 68 72 -1 58 81 85 93 -1 22 67 78 79 -1 12 24 54 85 -1 -2
38 56 72 99 -1 6 12 54 74 -1 -2
34 38 56 97 -1 -2
6 60 77 91 -1 19 26 37 93 -1 5 9 23 96 -1 12 50 82 99 -1 39 46 79 92 -1 14 25 63 71 -1 17 39 61 95 -1 6 44 67 94 -1 44 52 62 83 -1 40 45 49 75 -1 -2
29 30 64 94 -1 6 76 80 87 -1 12 40 46 70 -1 12 16 78 92 -1 15 16 19 57 -1 18 26 39 71 -1 18 39 45 87 -1 -2
15 36 83 84 -1 51 56 62 86 -1 8 59 83 96 -1 28 57 59 64 -1 18 43 63 93 -1 12 24 37 70 -1 -2
16 45 46 57 -1 35 40 53 87 -1 10 31 85 91 -1 24 35 88 95 -1 32 36 88 97 -1 15 73 74 87 -1 -2
48 49 61 88 -1 34 56 87 96 -1 10 17 33 77 -1 13 61 62 82 -1 36 39 70 86 -1 23 43 88 90 -1 8 48 79 91 -1 10 19 27 64 -1 31 73 86 87 -1 -2
41 50 56 87 -1 18 22 46 62 -1 29 31 35 77 -1 7 57 82 92 -1 72 78 90 93 -1 1 15 18 70 -1 15 39 57 83 -1 3 4 23 95 -1 -2
37 39 72 90 -1 7 13 16 27 -1 59 75 82 90 -1 30 36 46 81 -1 5 44 61 68 -1 16 46 48 98 -1 18 27 58 90 -1 42 75 77 86 -1 36 53 63 92 -1 -2
9 20 23 33 -1 16 19 72 84 -1 58 60 96 99 -1 27 42 43 85 -1 11 36 48 84 -1 -2
29 46 84 88 -1 6 18 27 30 -1 21 46 70 73 -1 -2
16 58 65 83 -1 49 54 69 91 -1 1 3 15 60 -1 -2
26 33 50 68 -1 6 8 46 61 -1 -2
5 21 29 36 -1 40 59 74 88 -1 3 21 29 89 -1 47 49 56 76 -1 39 42 46 58 -1 18 44 46 74 -1 5 24 32 75 -1 -2
36 57 98 100 -1 26 45 61 82 -1 12 25 56 96 -1 -2
22 58 84 100 -1 17 19 44 65 -1 10 13 18 99 -1 10 23 26 68 -1 13 53 87 88 -1 -2
4 6 8 12 -1 19 42 59 97 -1 31 87 91 97 -1 3 60 91 99 -1 44 53 93 98 -1 61 71 84 100 -1 2 35 43 44 -1 33 44 93 96 -1 11 13 61 69 -1 37 44 47 58 -1 -2
13 34 67 95 -1 67 76 83 95 -1 -2
11 17 57 97 -1 1 8 47 65 -1 79 80 89 99 -1 -2
36 49 53 77 -1 21 35 60 70 -1 5 35 44 76 -1 4 29 78 91 -1 17 35 46 61 -1 3 32 33 38 -1 10 14 88 92 -1 6 29 51 86 -1 1 64 84 97 -1 -2
10 16 66 87 -1 13 19 26 33 -1 17 39 47 57 -1 47 56 80 91 -1 5 21 25 61 -1 9 29 58 66 -1 3 76 81 83 -1 8 28 65 75 -1 2 19 34 58 -1 -2
15 37 52 67 -1 -2
6 60 69 76 -1 56 67 81 94 -1 11 25 65 88 -1 40 76 90 94 -1 15 40 71 98 -1 12 15 37 46 -1 31 33 38 67 -1 6 44 46 56 -1 58 62 69 100 -1 -2
18 39 49 98 -1 15 25 35 91 -1 5 39 55 61 -1 -2
12 29 74 75 -1 26 40 52 86 -1 11 45 94 98 -1 -2
28 44 63 73 -1 3 7 37 94 -1 12 13 39 49 -1 13 27 30 72 -1 -2
30 70 77 85 -1 25 52 57 94 -1 4 22 36 80 -1 48 59 64 97 -1 23 31 55 59 -1 26 53 59 77 -1 14 58 79 99 -1 6 41 65 76 -1 7 26 43 64 -1 18 33 44 64 -1 -2
55 59 67 79 -1 -2
4 19 70 92 -1 16 65 66 98 -1 16 44 89 98 -1 22 23 49 55 -1 12 15 60 99 -1 4 64 93 100 -1 7 14 46 93 -1 47 59 88 96 -1 -2
14 33 56 95 -1 15 36 88 97 -1 5 63 71 90 -1 19 27 57 75 -1 21 51 62 67 -1 2 6 73 74 -1 21 42 56 79 -1 3 16 56 96 -1 35 36 37 52 -1 -2
67 79 81 89 -1 5 10 16 82 -1 51 72 74 98 -1 12 24 49 97 -1 37 46 72 74 -1 23 53 66 81 -1 -2
8 9 11 12 -1 5 42 58 77 -1 17 81 93 100 -1 47 66 70 89 -1 32 42 54 81 -1 14 66 82 99 -1 -2
1 27 47 88 -1 13 60 67 68 -1 28 52 87 89 -1 25 37 72 95 -1 51 82 85 88 -1 2 14 46 79 -1 37 57 65 76 -1 1 45 54 76 -1 19 44 81 91 -1 6 18 88 99 -1 -2
37 45 53 100 -1 15 26 35 84 -1 39 52 53 81 -1 24 37 47 87 -1 4 62 64 91 -1 22 36 62 91 -1 4 33 40 55 -1 -2
10 27 94 100 -1 47 48 52 74 -1 9 31 56 99 -1 6 29 30 45 -1 4 27 66 72 -1 -2
27 44 66 75 -1 14 24 25 42 -1 8 10 24 43 -1 51 54 78 81 -1 -2
2 65 66 73 -1 34 44 74 88 -1 1 32 46 88 -1 -2
3 29 40 48 -1 15 18 40 81 -1 1 5 39 64 -1 26 80 87 95 -1 -2
7 20 50 84 -1 3 4 71 83 -1 31 45 61 95 -1 -2
1 68 72 87 -1 3 7 27 40 -1 53 54 83 98 -1 -2
4 19 55 60 -1 51 56 69 94 -1 5 6 35 98 -1 10 29 43 95 -1 13 46 55 74 -1 5 38 70 93 -1 6 48 80 99 -1 24 31 67 81 -1 -2
17 18 80 89 -1 -2
39 64 75 81 -1 12 32 85 95 -1 15 17 43 81 -1 13 20 25 64 -1 24 32 54 86 -1 3 5 49 56 -1 9 12 43 56 -1 38 68 82 89 -1 21 29 45 74 -1 -2
13 26 32 72 -1 25 39 44 54 -1 6 14 35 60 -1 11 23 34 61 -1 -2
54 77 83 89 -1 5 8 36 45 -1 14 31 75 89 -1 57 81 90 99 -1 -2
17 38 42 89 -1 19 23 25 97 -1 -2
7 18 58 69 -1 -2
22 53 62 97 -1 5 17 65 94 -1 -2
5 10 53 75 -1 35 55 84 98 -1 13 39 77 99 -1 4 9 65 100 -1 -2
2 38 70 73 -1 39 65 70 76 -1 30 33 39 83 -1 59 61 90 92 -1 11 20 31 39 -1 8 14 55 63 -1 -2
36 50 54 83 -1 14 20 93 99 -1 -2
30 42 48 90 -1 7 43 89 94 -1 14 30 93 96 -1 18 78 87 89 -1 4 12 29 81 -1 29 61 74 83 -1 27 40 69 99 -1 1 2 53 92 -1 21 30 84 86 -1 -2
10 46 55 73 -1 21 27 30 65 -1 2 12 43 60 -1 19 22 33 100 -1 14 29 62 88 -1 34 57 70 99 -1 -2
1 15 57 71 -1 14 23 41 76 -1 20 26 46 66 -1 9 32 42 60 -1 4 19 36 99 -1 1 2 29 33 -1 66 67 84 90 -1 -2
31 56 81 92 -1 15 61 87 88 -1 57 60 66 77 -1 18 25 43 90 -1 15 17 46 85 -1 29 37 61 77 -1 -2
13 14 34 52 -1 9 49 83 85 -1 52 59 72 93 -1 10 16 31 81 -1 12 18 32 79 -1 4 7 18 30 -1 -2
43 52 54 55 -1 41 61 80 89 -1 36 41 66 86 -1 43 55 63 72 -1 12 17 62 67 -1 6 44 64 76 -1 15 30 50 74 -1 10 15 94 97 -1 12 73 79 82 -1 7 37 71 75 -1 -2
13 28 66 97 -1 23 26 50 95 -1 20 65 74 84 -1 25 48 68 95 -1 1 47 54 69 -1 28 32 83 85 -1 38 46 51 83 -1 25 46 58 71 -1 -2
4 26 47 96 -1 30 52 83 89 -1 58 68 92 98 -1 27 43 89 95 -1 7 53 83 100 -1 8 11 18 43 -1 -2
30 36 48 67 -1 5 34 55 66 -1 14 45 50 89 -1 4 26 43 62 -1 11 35 62 65 -1 34 63 77 94 -1 6 30 49 89 -1 21 75 78 99 -1 2 36 73 92 -1 -2
1 19 40 43 -1 17 34 77 89 -1 9 62 67 89 -1 15 53 71 77 -1 14 35 63 99 -1 13 15 53 99 -1 21 31 52 65 -1 4 33 54 65 -1 -2
19 20 71 81 -1 11 40 78 83 -1 20 60 69 75 -1 24 70 79 90 -1 48 82 92 94 -1 1 51 69 89 -1 11 20 35 59 -1 18 58 89 99 -1 11 64 95 97 -1 -2
75 77 78 91 -1 21 72 86 92 -1 18 44 54 63 -1 -2
47 60 62 71 -1 10 18 62 96 -1 17 64 68 100 -1 34 36 41 78 -1 5 8 9 52 -1 69 74 93 95 -1 -2
20 24 77 95 -1 23 31 61 90 -1 3 74 81 89 -1 37 43 88 94 -1 70 82 88 97 -1 2 32 34 48 -1 9 15 85 100 -1 23 32 38 69 -1 -2
32 54 64 88 -1 21 66 71 79 -1 4 29 42 47 -1 12 39 42 67 -1 -2
6 13 14 94 -1 32 46 52 63 -1 35 52 58 66 -1 16 30 75 77 -1 2 25 28 78 -1 39 44 60 79 -1 11 52 86 90 -1 12 13 24 60 -1 4 7 20 80 -1 -2
48 79 86 97 -1 54 66 83 89 -1 16 44 91 100 -1 25 34 51 82 -1 13 74 91 97 -1 11 14 42 67 -1 29 39 74 77 -1 42 59 78 93 -1 42 47 64 67 -1 -2
49 63 73 97 -1 11 42 55 62 -1 4 37 50 52 -1 13 18 41 81 -1 46 58 61 100 -1 11 18 21 84 -1 9 30 38 41 -1 -2
20 73 74 83 -1 32 72 96 97 -1 -2
18 27 41 73 -1 19 45 73 99 -1 19 39 90 93 -1 14 18 21 29 -1 13 71 90 94 -1 19 24 57 88 -1 -2
19 42 67 97 -1 40 47 69 95 -1 30 38 57 73 -1 13 69 75 80 -1 39 90 93 97 -1 -2
37 51 82 92 -1 14 32 59 65 -1 17 19 40 78 -1 19 29 75 77 -1 10 57 95 96 -1 17 19 47 69 -1 28 47 67 85 -1 7 32 58 77 -1 -2
5 13 24 71 -1 8 56 57 96 -1 2 59 61 92 -1 24 69 72 93 -1 16 29 74 90 -1 59 82 93 96 -1 -2
28 54 74 79 -1 14 16 30 85 -1 8 25 90 95 -1 7 11 84 86 -1 18 43 52 69 -1 7 17 70 89 -1 48 61 69 92 -1 34 43 76 97 -1 9 12 14 18 -1 3 14 34 75 -1 -2
22 36 94 95 -1 13 51 93 94 -1 11 54 85 91 -1 10 60 84 91 -1 19 33 86 95 -1 26 27 59 93 -1 21 90 97 100 -1 -2
43 69 70 71 -1 5 22 87 92 -1 3 10 50 69 -1 11 27 56 65 -1 21 31 36 51 -1 49 55 64 89 -1 41 75 78 98 -1 9 23 28 56 -1 54 74 76 95 -1 1 44 46 87 -1 -2
4 12 24 82 -1 11 42 72 79 -1 1 46 71 100 -1 33 34 76 95 -1 6 48 69 70 -1 6 15 29 56 -1 33 56 57 95 -1 10 14 16 81 -1 2 51 76 97 -1 -2
22 64 86 97 -1 -2
2 22 58 93 -1 23 41 75 98 -1 30 68 80 97 -1 3 11 42 61 -1 3 22 38 72 -1 44 62 75 100 -1 35 42 55 90 -1 38 81 94 97 -1 41 45 76 79 -1 -2
35 84 87 92 -1 7 26 71 92 -1 12 16 65 85 -1 21 38 68 88 -1 2 6 47 69 -1 35 40 51 58 -1 13 49 72 82 -1 54 61 82 87 -1 -2
22 55 59 93 -1 5 16 23 80 -1 31 53 56 64 -1 16 25 34 89 -1 23 28 34 77 -1 -2
11 85 88 95 -1 4 12 16 24 -1 29 48 72 74 -1 7 30 63 97 -1 45 57 94 95 -1 21 28 69 74 -1 20 32 61 93 -1 -2
2 18 22 57 -1 34 58 71 76 -1 8 15 48 71 -1 8 15 34 62 -1 21 54 59 94 -1 35 67 95 100 -1 -2
36 69 75 85 -1 17 76 78 82 -1 36 78 79 86 -1 7 33 51 100 -1 50 65 75 80 -1 65 77 88 100 -1 27 46 70 74 -1 16 48 58 88 -1 -2
29 38 55 88 -1 3 10 23 59 -1 13 21 42 45 -1 7 25 70 79 -1 40 49 77 83 -1 4 40 47 60 -1 6 31 47 92 -1 75 80 95 100 -1 17 41 61 73 -1 -2
19 40 48 87 -1 20 44 56 69 -1 6 23 64 66 -1 -2
3 26 44 84 -1 33 50 75 81 -1 19 56 58 76 -1 25 47 51 58 -1 6 33 86 89 -1 -2
13 16 31 79 -1 41 51 57 88 -1 2 20 34 100 -1 72 86 94 96 -1 35 42 61 70 -1 -2
21 59 85 86 -1 1 20 30 70 -1 14 45 62 79 -1 10 19 88 94 -1 9 17 85 93 -1 -2
16 46 58 89 -1 -2
2 6 34 78 -1 2 51 76 97 -1 7 70 85 91 -1 4 37 82 98 -1 2 18 68 94 -1 8 27 61 74 -1 38 39 49 50 -1 40 67 78 84 -1 5 55 65 75 -1 19 37 43 97 -1 -2
4 30 59 70 -1 17 53 73 93 -1 5 10 57 74 -1 27 28 29 47 -1 40 53 92 98 -1 14 29 43 54 -1 -2
43 45 86 87 -1 5 21 46 82 -1 47 59 76 77 -1 -2
3 59 72 76 -1 15 26 32 57 -1 32 51 69 92 -1 31 66 91 93 -1 43 54 58 63 -1 -2
20 74 75 83 -1 15 54 82 95 -1 10 24 91 96 -1 -2
2 13 36 68 -1 24 46 55 93 -1 4 21 44 92 -1 28 46 80 91 -1 19 53 63 95 -1 -2
21 63 92 99 -1 3 23 70 92 -1 35 42 48 86 -1 16 33 93 96 -1 -2
18 60 64 69 -1 14 19 29 94 -1 26 30 37 77 -1 9 16 36 41 -1 2 7 9 48 -1 9 57 63 67 -1 17 26 41 42 -1 5 28 67 88 -1 16 45 49 91 -1 -2
2 7 28 99 -1 18 30 82 88 -1 9 11 12 18 -1 36 65 93 95 -1 14 29 35 87 -1 13 39 80 97 -1 35 37 71 99 -1 9 31 78 93 -1 -2
2 32 44 79 -1 8 33 64 84 -1 17 29 56 67 -1 -2
1 6 50 66 -1 26 30 42 54 -1 20 24 33 65 -1 6 14 22 37 -1 8 78 79 86 -1 14 19 62 78 -1 -2
23 27 72 87 -1 30 33 70 87 -1 12 18 33 88 -1 64 72 81 96 -1 15 53 77 82 -1 17 23 32 58 -1 -2
11 35 60 87 -1 26 38 50 54 -1 -2
53 64 72 77 -1 39 72 83 93 -1 44 53 82 85 -1 24 33 75 90 -1 35 59 71 87 -1 24 54 63 81 -1 13 37 53 54 -1 6 10 57 80 -1 51 54 55 91 -1 15 19 53 55 -1 -2
1 34 86 87 -1 34 58 77 90 -1 16 30 59 98 -1 -2
48 71 83 99 -1 2 38 42 79 -1 28 29 44 79 -1 3 8 35 93 -1 39 68 74 86 -1 11 71 89 91 -1 -2
39 62 90 99 -1 10 26 55 79 -1 22 76 80 89 -1 23 44 57 60 -1 54 60 83 99 -1 46 52 76 95 -1 11 47 50 68 -1 -2
20 40 89 99 -1 17 41 48 98 -1 9 45 57 78 -1 2 60 88 94 -1 4 34 38 42 -1 36 60 62 79 -1 31 45 83 96 -1 51 53 81 100 -1 29 67 73 82 -1 15 36 76 89 -1 -2
7 15 39 73 -1 8 36 63 72 -1 1 40 46 56 -1 -2
10 44 47 63 -1 2 64 68 76 -1 10 25 45 77 -1 -2
28 30 40 100 -1 17 18 72 87 -1 43 88 91 95 -1 15 31 50 80 -1 30 33 58 100 -1 18 21 39 97 -1 14 40 62 87 -1 43 58 69 70 -1 12 66 85 90 -1 -2
35 47 84 87 -1 29 48 57 71 -1 2 34 42 49 -1 19 46 76 86 -1 23 75 76 88 -1 8 38 39 75 -1 11 76 80 90 -1 72 80 94 98 -1 3 18 64 100 -1 85 88 91 94 -1 -2
37 41 47 98 -1 31 43 59 81 -1 12 43 56 72 -1 22 24 44 86 -1 16 52 59 81 -1 19 35 38 80 -1 -2
5 55 73 87 -1 -2
2 23 55 61 -1 -2
9 19 74 97 -1 26 32 68 100 -1 34 56 66 67 -1 -2
2 17 24 32 -1 10 45 88 96 -1 13 31 37 85 -1 49 56 91 95 -1 21 26 34 37 -1 32 64 69 84 -1 17 26 30 43 -1 16 49 76 99 -1 40 63 65 74 -1 5 11 21 36 -1 -2
18 50 67 83 -1 12 13 81 83 -1 32 53 71 80 -1 68 75 88 89 -1 -2
11 34 56 93 -1 51 80 87 99 -1 15 36 67 70 -1 40 64 80 98 -1 -2
30 33 37 43 -1 19 36 58 91 -1 24 34 62 100 -1 9 10 77 80 -1 26 84 86 97 -1 11 24 39 90 -1 23 37 45 92 -1 30 51 85 98 -1 22 26 27 37 -1 9 26 55 91 -1 -2
27 54 73 100 -1 10 67 97 99 -1 23 31 32 84 -1 -2
23 50 60 80 -1 13 25 65 78 -1 13 28 40 86 -1 9 49 65 77 -1 14 24 34 43 -1 6 17 66 92 -1 8 22 24 27 -1 27 35 63 92 -1 33 56 61 62 -1 -2
28 67 91 97 -1 58 60 86 87 -1 8 23 70 73 -1 15 30 47 89 -1 5 6 43 73 -1 4 58 75 80 -1 -2
25 42 63 77 -1 3 7 65 66 -1 34 53 73 100 -1 3 15 18 89 -1 23 33 83 86 -1 1 7 13 84 -1 59 61 76 85 -1 47 67 75 86 -1 48 80 82 90 -1 -2
54 69 72 80 -1 24 44 73 100 -1 19 34 38 52 -1 4 48 49 50 -1 4 43 59 77 -1 52 66 75 88 -1 -2
24 37 87 95 -1 43 55 74 98 -1 16 20 28 30 -1 8 63 69 78 -1 23 33 50 70 -1 23 42 74 98 -1 49 57 68 70 -1 13 51 63 91 -1 57 79 82 92 -1 30 38 67 90 -1 -2
31 51 70 98 -1 11 24 63 84 -1 50 63 68 70 -1 26 30 73 91 -1 -2
19 37 65 93 -1 15 78 82 97 -1 28 29 66 97 -1 -2
49 56 80 84 -1 9 18 54 60 -1 46 58 71 94 -1 30 34 87 93 -1 7 24 25 98 -1 17 54 90 94 -1 32 68 81 82 -1 53 59 69 78 -1 11 60 95 97 -1 1 37 58 70 -1 -2
26 39 62 87 -1 21 25 36 54 -1 21 29 70 77 -1 45 46 47 60 -1 -2
17 44 72 96 -1 16 29 84 99 -1 29 36 91 98 -1 34 71 93 98 -1 26 31 54 69 -1 26 36 38 98 -1 3 7 23 55 -1 3 11 58 73 -1 -2
26 69 81 96 -1 21 31 43 79 -1 23 28 72 88 -1 9 36 42 54 -1 48 52 57 64 -1 23 50 61 100 -1 27 30 53 88 -1 -2
13 16 31 33 -1 29 51 59 99 -1 8 61 87 98 -1 14 39 55 81 -1 3 8 50 69 -1 21 27 39 83 -1 2 5 36 71 -1 -2
2 17 46 97 -1 -2
5 54 72 94 -1 36 37 64 70 -1 10 11 23 75 -1 -2
27 45 60 98 -1 -2
25 50 59 63 -1 3 8 21 92 -1 41 77 80 87 -1 33 36 58 67 -1 -2
21 28 48 77 -1 39 47 88 93 -1 66 73 92 99 -1 1 30 55 68 -1 13 52 56 66 -1 28 33 37 91 -1 31 43 57 71 -1 12 47 55 80 -1 1 46 69 91 -1 12 37 52 91 -1 -2
10 25 27 70 -1 18 58 63 92 -1 8 75 76 80 -1 13 39 64 71 -1 -2
6 30 58 60 -1 17 38 57 77 -1 -2
12 38 79 96 -1 3 22 81 99 -1 39 62 85 86 -1 7 28 81 89 -1 27 57 85 98 -1 25 75 83 99 -1 9 11 24 34 -1 18 29 31 36 -1 16 28 54 77 -1 7 43 52 59 -1 -2
4 8 25 83 -1 -2
42 69 73 78 -1 7 34 72 80 -1 24 44 45 95 -1 29 43 45 86 -1 14 39 44 90 -1 15 46 69 74 -1 42 56 59 91 -1 14 20 49 76 -1 22 40 53 100 -1 -2
7 32 35 88 -1 6 18 36 52 -1 17 56 61 79 -1 34 43 46 74 -1 -2
45 48 88 94 -1 -2
29 37 69 98 -1 2 13 49 64 -1 2 34 95 98 -1 28 74 75 80 -1 6 25 38 85 -1 36 75 86 89 -1 9 64 67 69 -1 -2
31 44 46 60 -1 5 50 76 100 -1 -2
29 58 68 75 -1 -2
6 37 79 83 -1 4 12 16 60 -1 9 61 89 94 -1 16 65 88 90 -1 17 27 57 94 -1 3 25 36 77 -1 9 79 86 96 -1 30 35 37 56 -1 1 4 19 26 -1 -2
2 16 31 85 -1 20 24 25 93 -1 -2
2 24 38 46 -1 22 37 52 76 -1 16 24 67 82 -1 -2
6 31 69 70 -1 -2
19 30 34 90 -1 10 12 53 97 -1 33 42 54 55 -1 41 76 83 98 -1 14 33 84 91 -1 39 48 57 86 -1 16 24 63 91 -1 -2
12 48 66 94 -1 -2
13 48 60 80 -1 1 35 39 40 -1 2 9 65 76 -1 30 43 44 78 -1 7 19 32 65 -1 2 37 65 72 -1 6 21 81 89 -1 -2
12 18 25 68 -1 32 34 65 81 -1 -2
21 24 62 63 -1 14 35 39 49 -1 32 33 80 87 -1 9 37 53 85 -1 36 48 53 72 -1 17 21 30 63 -1 16 41 43 52 -1 -2
22 33 82 100 -1 24 25 41 60 -1 31 36 48 89 -1 -2
27 32 89 94 -1 12 31 32 92 -1 37 68 77 90 -1 9 27 48 53 -1 -2
13 28 78 98 -1 59 62 72 94 -1 -2
10 74 82 85 -1 4 39 52 60 -1 4 8 26 46 -1 11 58 73 99 -1 46 66 68 88 -1 66 70 81 92 -1 55 56 67 90 -1 6 13 87 93 -1 6 9 22 66 -1 61 83 85 87 -1 -2
13 16 39 93 -1 -2
10 24 55 100 -1 15 41 92 93 -1 -2
1 65 67 81 -1 9 21 30 80 -1 11 25 34 56 -1 3 7 12 60 -1 10 21 44 99 -1 9 43 62 99 -1 1 46 48 99 -1 34 39 58 86 -1 30 43 78 90 -1 -2
22 59 72 74 -1 14 17 56 68 -1 26 42 46 69 -1 18 34 61 82 -1 9 16 25 69 -1 6 34 79 94 -1 45 58 61 71 -1 -2
4 8 52 71 -1 39 52 55 90 -1 10 42 75 90 -1 20 30 76 79 -1 36 57 64 66 -1 -2
21 38 62 89 -1 14 32 67 93 -1 24 49 73 97 -1 4 45 87 100 -1 4 14 66 86 -1 80 91 93 100 -1 26 40 70 74 -1 -2
8 47 80 99 -1 35 72 77 90 -1 11 45 71 81 -1 22 38 73 78 -1 -2
31 44 67 86 -1 31 41 67 99 -1 3 75 85 86 -1 32 78 91 95 -1 16 24 25 75 -1 -2
38 62 83 85 -1 29 34 67 72 -1 35 51 56 81 -1 -2
49 68 71 90 -1 24 67 69 79 -1 7 31 65 76 -1 32 45 62 88 -1 39 46 76 94 -1 -2
1 54 84 90 -1 33 39 48 83 -1 20 50 80 83 -1 8 55 61 81 -1 67 80 85 93 -1 6 23 37 68 -1 37 42 88 95 -1 -2
37 50 85 86 -1 2 14 27 58 -1 24 49 67 81 -1 7 9 15 64 -1 17 57 88 99 -1 -2
14 20 41 46 -1 31 39 81 95 -1 1 43 63 82 -1 41 69 76 79 -1 3 38 47 57 -1 33 61 63 77 -1 15 39 58 68 -1 10 11 24 34 -1 -2
31 58 74 87 -1 6 23 61 92 -1 53 70 72 100 -1 13 19 21 91 -1 39 47 70 92 -1 -2
7 29 49 76 -1 19 30 45 91 -1 -2
11 24 30 62 -1 -2
31 53 83 96 -1 6 11 27 39 -1 8 21 29 43 -1 9 24 50 60 -1 3 24 50 56 -1 21 40 62 91 -1 -2
2 27 44 93 -1 52 69 70 90 -1 -2
17 39 42 90 -1 -2
7 23 33 86 -1 13 29 82 98 -1 9 12 67 95 -1 33 66 74 79 -1 39 45 55 69 -1 -2
48 66 67 96 -1 14 17 26 33 -1 24 80 91 94 -1 5 8 30 83 -1 11 19 44 87 -1 16 60 77 99 -1 -2
8 12 79 87 -1 25 41 60 67 -1 35 38 70 83 -1 -2
13 92 96 97 -1 10 27 61 84 -1 43 56 59 68 -1 -2
1 23 38 83 -1 11 62 73 80 -1 -2
15 34 67 86 -1 8 18 56 100 -1 29 30 46 47 -1 -2
4 28 54 73 -1 30 37 44 97 -1 -2
9 28 49 65 -1 29 65 71 79 -1 53 58 74 90 -1 75 90 96 100 -1 -2
24 61 72 100 -1 -2
17 87 91 92 -1 74 80 87 93 -1 47 52 67 99 -1 1 2 70 94 -1 30 57 70 76 -1 23 27 37 76 -1 63 69 89 91 -1 -2
50 73 79 92 -1 -2
20 23 94 97 -1 38 68 77 83 -1 6 27 29 81 -1 3 5 57 89 -1 8 50 53 80 -1 42 80 81 100 -1 16 64 82 99 -1 34 66 81 95 -1 9 37 64 94 -1 -2
14 47 62 69 -1 11 34 63 96 -1 32 54 70 79 -1 7 61 92 94 -1 15 24 29 70 -1 9 26 27 39 -1 6 10 29 45 -1 11 21 43 55 -1 14 35 70 88 -1 -2
36 50 65 70 -1 35 45 53 88 -1 13 33 40 58 -1 41 59 75 89 -1 16 40 83 85 -1 2 7 19 32 -1 19 51 66 74 -1 5 16 53 82 -1 48 60 79 94 -1 27 32 93 95 -1 -2
32 52 90 94 -1 7 45 52 84 -1 2 27 66 69 -1 38 63 94 100 -1 20 26 33 53 -1 3 24 45 56 -1 44 48 71 74 -1 6 18 24 31 -1 -2
25 34 58 80 -1 3 4 39 66 -1 18 60 74 100 -1 -2
40 76 84 92 -1 31 33 34 93 -1 -2
7 35 43 76 -1 15 29 61 80 -1 2 27 46 93 -1 4 21 53 77 -1 6 9 64 82 -1 9 34 78 97 -1 16 22 32 77 -1 69 81 83 99 -1 7 34 70 88 -1 16 27 72 94 -1 -2
33 50 76 79 -1 47 57 91 95 -1 1 31 50 55 -1 1 39 52 78 -1 -2
46 62 78 82 -1 5 35 56 64 -1 28 30 46 79 -1 16 17 83 97 -1 4 18 29 88 -1 29 30 86 90 -1 23 49 69 87 -1 -2
21 55 57 71 -1 21 23 64 75 -1 -2
50 75 79 98 -1 59 68 73 78 -1 -2
46 61 70 77 -1 29 41 46 72 -1 49 56 74 78 -1 -2
37 48 82 98 -1 59 60 64 83 -1 28 35 48 89 -1 3 28 41 91 -1 12 83 91 100 -1 25 51 58 98 -1 41 73 85 99 -1 15 43 44 76 -1 -2
13 15 33 39 -1 42 57 76 90 -1 33 50 71 75 -1 18 59 63 91 -1 6 11 20 61 -1 35 38 45 78 -1 4 5 14 79 -1 20 24 79 80 -1 -2
33 34 42 80 -1 2 30 69 92 -1 -2
23 46 84 89 -1 28 47 50 71 -1 9 38 41 51 -1 62 67 72 95 -1 20 24 32 55 -1 -2
49 67 74 88 -1 19 33 52 80 -1 44 56 72 85 -1 3 56 62 84 -1 -2
10 17 27 77 -1 -2
6 33 63 99 -1 18 46 69 90 -1 7 24 48 62 -1 15 48 50 96 -1 7 42 66 72 -1 -2
11 19 35 82 -1 22 30 34 79 -1 13 17 34 86 -1 14 35 66 69 -1 5 20 44 71 -1 1 12 21 71 -1 -2
36 47 60 92 -1 27 35 46 89 -1 -2
4 23 50 65 -1 54 58 64 98 -1 31 40 73 91 -1 -2
18 27 60 68 -1 29 41 80 99 -1 7 58 61 74 -1 14 20 52 86 -1 4 6 22 33 -1 23 32 46 78 -1 24 56 92 93 -1 29 48 78 98 -1 6 23 34 56 -1 50 81 87 100 -1 -2
48 59 75 83 -1 8 18 43 45 -1 3 23 82 93 -1 4 12 78 96 -1 39 75 81 100 -1 8 31 88 100 -1 23 53 78 97 -1 9 20 35 47 -1 2 37 58 92 -1 10 21 35 57 -1 -2
14 39 40 64 -1 7 18 37 55 -1 -2
2 37 48 60 -1 7 23 42 87 -1 31 74 79 86 -1 36 58 92 100 -1 29 66 89 95 -1 33 41 78 92 -1 1 10 20 93 -1 3 22 23 97 -1 5 27 30 41 -1 29 39 47 92 -1 -2
30 57 62 77 -1 1 17 39 77 -1 36 43 54 97 -1 30 50 92 100 -1 31 58 87 95 -1 20 27 66 77 -1 13 40 62 97 -1 8 26 43 63 -1 19 26 29 61 -1 -2
34 59 62 79 -1 33 50 60 98 -1 -2
21 73 86 91 -1 31 56 59 71 -1 32 38 45 53 -1 2 22 30 54 -1 14 36 42 95 -1 17 29 42 61 -1 7 21 38 90 -1 27 41 66 96 -1 -2
3 5 19 35 -1 36 57 65 72 -1 2 83 86 93 -1 9 28 41 47 -1 8 36 42 89 -1 13 39 47 59 -1 16 28 96 98 -1 18 26 40 75 -1 2 7 34 40 -1 -2
21 22 60 63 -1 14 61 62 84 -1 21 24 32 34 -1 61 75 96 98 -1 1 14 51 94 -1 7 18 60 77 -1 24 36 43 81 -1 7 31 32 45 -1 -2
28 55 88 92 -1 -2
31 34 35 80 -1 9 40 44 78 -1 -2
26 43 49 74 -1 31 59 79 99 -1 28 33 46 95 -1 6 69 73 100 -1 7 56 81 94 -1 62 69 78 87 -1 -2
18 37 57 92 -1 18 32 86 92 -1 15 32 86 90 -1 12 38 54 55 -1 16 28 49 81 -1 34 39 49 72 -1 18 37 49 84 -1 26 58 62 74 -1 3 5 48 54 -1 33 46 51 52 -1 -2
13 53 79 99 -1 4 29 74 86 -1 -2
11 58 80 89 -1 12 44 59 68 -1 54 64 65 69 -1 21 57 72 97 -1 61 74 76 98 -1 -2
4 66 69 79 -1 19 63 74 94 -1 18 86 89 100 -1 33 69 72 89 -1 14 30 58 60 -1 -2
14 42 76 89 -1 25 53 62 71 -1 7 51 68 93 -1 28 54 75 92 -1 4 28 65 85 -1 1 47 72 92 -1 -2
12 50 93 94 -1 9 38 64 67 -1 36 48 60 77 -1 5 18 35 89 -1 15 21 23 80 -1 31 76 77 78 -1 4 43 63 85 -1 14 16 87 89 -1 1 10 20 95 -1 17 33 55 81 -1 -2
6 12 36 82 -1 18 23 40 67 -1 9 18 84 89 -1 -2
27 35 43 66 -1 12 21 32 69 -1 -2
16 24 69 92 -1 3 4 26 54 -1 2 25 78 90 -1 8 16 30 56 -1 -2
16 31 61 81 -1 52 58 67 75 -1 -2
6 50 68 82 -1 36 49 50 51 -1 1 4 77 78 -1 33 41 76 78 -1 12 19 80 92 -1 20 54 86 95 -1 -2
17 24 40 81 -1 12 47 49 93 -1 10 22 49 93 -1 6 29 36 74 -1 71 77 86 87 -1 24 31 47 50 -1 37 52 74 91 -1 2 29 42 79 -1 -2
17 24 37 90 -1 9 39 87 98 -1 1 14 71 86 -1 7 37 42 44 -1 3 14 31 80 -1 14 33 43 79 -1 1 9 46 57 -1 11 34 37 61 -1 33 76 78 98 -1 11 18 76 84 -1 -2
16 34 53 65 -1 9 24 28 51 -1 54 73 80 98 -1 20 31 34 76 -1 1 68 73 98 -1 2 4 38 53 -1 13 40 52 97 -1 -2
35 86 92 94 -1 26 57 63 72 -1 36 70 74 85 -1 10 25 26 93 -1 17 54 58 92 -1 16 30 50 52 -1 3 55 74 87 -1 13 49 69 84 -1 7 8 57 86 -1 -2
15 57 59 66 -1 28 49 71 99 -1 16 32 66 96 -1 7 24 33 91 -1 1 32 48 70 -1 13 63 74 79 -1 1 49 84 92 -1 -2
2 19 52 53 -1 25 30 59 73 -1 10 68 85 100 -1 27 43 51 75 -1 30 65 74 76 -1 22 28 39 45 -1 34 78 85 94 -1 32 34 60 97 -1 -2
1 11 31 61 -1 31 32 74 96 -1 23 65 70 87 -1 23 36 57 98 -1 4 9 66 93 -1 12 36 67 75 -1 -2
26 44 51 90 -1 9 21 54 79 -1 13 22 25 54 -1 45 58 74 95 -1 31 41 68 84 -1 -2
8 12 40 92 -1 15 26 33 85 -1 -2
41 53 59 76 -1 32 63 73 94 -1 23 50 60 66 -1 4 56 58 65 -1 2 13 16 26 -1 34 83 93 96 -1 18 37 51 60 -1 -2
29 37 50 64 -1 3 22 76 77 -1 -2
21 81 91 93 -1 34 39 48 98 -1 -2
6 35 60 64 -1 26 27 35 81 -1 80 81 82 87 -1 21 31 37 64 -1 -2
8 11 19 78 -1 13 39 80 98 -1 53 56 63 77 -1 8 15 25 94 -1 17 45 60 61 -1 26 28 40 99 -1 23 36 67 85 -1 5 33 47 76 -1 -2
1 18 29 63 -1 -2
1 11 14 21 -1 5 7 9 47 -1 4 18 81 88 -1 22 23 36 42 -1 28 37 38 83 -1 1 20 47 61 -1 -2
2 37 44 93 -1 28 32 36 40 -1 41 79 82 86 -1 22 60 61 72 -1 5 6 51 66 -1 12 41 52 72 -1 10 49 67 88 -1 36 52 76 96 -1 28 62 68 93 -1 24 69 88 98 -1 -2
5 21 65 75 -1 23 35 57 59 -1 35 59 89 96 -1 60 69 91 98 -1 24 34 80 86 -1 11 13 45 53 -1 7 35 51 75 -1 12 26 31 72 -1 15 19 29 41 -1 -2
11 55 77 79 -1 1 23 88 100 -1 17 29 34 36 -1 2 18 36 46 -1 38 58 64 87 -1 1 52 64 75 -1 10 17 30 35 -1 3 26 79 82 -1 11 15 61 70 -1 -2
7 22 49 82 -1 30 52 70 74 -1 26 29 66 73 -1 43 48 90 91 -1 26 41 60 71 -1 12 22 61 72 -1 23 64 74 76 -1 -2
46 53 55 81 -1 5 16 23 86 -1 10 13 15 52 -1 38 50 51 56 -1 48 51 62 87 -1 14 34 39 45 -1 38 56 64 81 -1 10 32 93 96 -1 39 56 59 76 -1 -2
15 31 56 90 -1 4 5 52 74 -1 4 51 78 84 -1 2 3 37 91 -1 4 61 75 91 -1 23 34 70 79 -1 21 38 54 88 -1 47 54 75 78 -1 -2
24 28 63 72 -1 5 36 80 84 -1 53 84 96 98 -1 -2
18 54 58 95 -1 8 62 67 68 -1 11 50 53 87 -1 -2
1 39 69 99 -1 1 35 42 43 -1 35 36 61 90 -1 39 54 65 98 -1 13 48 98 100 -1 46 56 60 64 -1 21 34 61 69 -1 50 56 69 99 -1 27 61 65 91 -1 7 33 62 91 -1 -2
5 14 19 31 -1 42 79 91 98 -1 44 55 85 98 -1 18 22 73 85 -1 -2
16 59 70 90 -1 10 45 66 94 -1 20 36 75 99 -1 15 31 55 77 -1 25 51 75 83 -1 17 83 93 98 -1 7 12 65 78 -1 1 31 44 81 -1 15 44 78 85 -1 -2
26 36 84 85 -1 11 38 50 64 -1 26 34 36 63 -1 29 80 93 94 -1 28 42 61 83 -1 -2
12 17 46 70 -1 -2
26 58 62 87 -1 22 36 84 85 -1 4 44 49 74 -1 9 22 24 77 -1 16 18 25 65 -1 20 47 64 90 -1 10 34 36 87 -1 -2
3 46 65 86 -1 13 23 67 88 -1 57 72 78 96 -1 35 47 66 82 -1 9 27 29 76 -1 16 18 27 100 -1 3 27 76 94 -1 41 60 61 85 -1 -2
25 36 47 76 -1 30 39 46 76 -1 4 38 93 98 -1 10 23 75 96 -1 5 7 48 51 -1 11 21 36 75 -1 7 21 63 82 -1 44 51 59 88 -1 11 25 60 70 -1 40 57 60 91 -1 -2
11 15 36 80 -1 35 50 55 61 -1 23 65 66 79 -1 14 26 38 82 -1 20 22 72 93 -1 -2
5 31 39 89 -1 37 42 83 92 -1 7 42 73 92 -1 9 14 41 83 -1 9 18 26 92 -1 -2
25 26 56 57 -1 8 9 14 43 -1 10 13 17 69 -1 1 10 60 84 -1 5 25 35 91 -1 6 31 94 95 -1 -2
26 36 62 99 -1 36 49 66 70 -1 18 39 51 59 -1 61 65 70 74 -1 46 48 51 60 -1 57 81 95 97 -1 -2
6 9 20 75 -1 6 47 49 66 -1 6 38 43 61 -1 37 41 78 89 -1 37 54 60 67 -1 -2
8 33 38 91 -1 49 77 88 98 -1 32 73 91 94 -1 34 46 92 98 -1 18 26 54 77 -1 15 19 74 95 -1 -2
7 29 31 72 -1 33 67 71 95 -1 26 61 63 69 -1 7 23 55 65 -1 28 29 59 75 -1 14 63 65 84 -1 18 19 75 89 -1 41 80 84 88 -1 20 26 59 96 -1 20 21 57 77 -1 -2
26 27 42 69 -1 14 25 71 95 -1 29 53 77 95 -1 -2
43 49 56 76 -1 56 67 72 89 -1 11 35 43 63 -1 37 44 50 63 -1 15 25 26 53 -1 25 30 64 67 -1 28 45 60 78 -1 -2
40 58 74 84 -1 4 17 25 51 -1 21 73 78 92 -1 35 38 42 43 -1 -2
29 44 72 100 -1 6 8 72 93 -1 -2
15 29 40 88 -1 3 4 66 73 -1 19 77 91 94 -1 4 34 39 63 -1 20 28 63 87 -1 7 23 28 94 -1 22 29 54 60 -1 9 32 34 61 -1 7 35 40 83 -1 9 20 62 94 -1 -2
8 64 74 79 -1 19 30 32 99 -1 36 86 94 100 -1 15 68 69 87 -1 6 73 79 82 -1 21 87 89 92 -1 31 51 54 100 -1 30 37 60 64 -1 -2
9 19 44 83 -1 -2
21 29 40 47 -1 7 37 59 97 -1 33 52 88 100 -1 19 36 59 73 -1 31 41 52 55 -1 15 55 62 78 -1 19 34 52 63 -1 22 25 48 84 -1 3 18 28 68 -1 12 22 67 93 -1 -2
4 13 15 69 -1 27 33 89 97 -1 5 13 76 80 -1 -2
9 73 81 89 -1 38 47 50 62 -1 37 52 61 97 -1 -2
57 63 64 79 -1 11 53 67 92 -1 8 10 50 52 -1 1 6 58 97 -1 3 73 74 75 -1 19 70 71 77 -1 6 88 91 98 -1 26 41 49 89 -1 -2
15 18 19 55 -1 1 15 31 54 -1 27 47 50 88 -1 4 65 86 94 -1 24 65 94 97 -1 -2
8 27 28 34 -1 2 45 62 97 -1 33 69 87 94 -1 2 10 16 98 -1 20 28 36 63 -1 12 72 79 89 -1 4 8 30 38 -1 26 30 31 41 -1 -2
67 69 82 93 -1 13 48 94 99 -1 17 47 50 90 -1 14 27 47 64 -1 6 17 85 98 -1 33 44 58 62 -1 33 41 75 80 -1 41 61 71 87 -1 -2
28 33 60 79 -1 12 31 63 96 -1 36 54 84 86 -1 45 52 62 93 -1 49 68 78 100 -1 4 18 55 68 -1 -2
34 47 51 96 -1 9 17 20 95 -1 -2
2 28 50 76 -1 1 35 70 98 -1 17 23 32 59 -1 10 23 41 45 -1 1 23 55 81 -1 16 20 68 82 -1 9 36 51 94 -1 46 68 76 78 -1 35 47 65 98 -1 1 53 64 75 -1 -2
21 23 45 50 -1 60 72 83 85 -1 17 23 25 99 -1 4 75 94 99 -1 20 23 36 50 -1 29 87 89 96 -1 21 29 51 69 -1 1 86 87 88 -1 5 23 51 96 -1 7 33 84 86 -1 -2
9 11 24 30 -1 33 57 85 92 -1 55 66 76 85 -1 12 43 55 94 -1 5 31 35 62 -1 4 6 10 24 -1 -2
10 38 64 83 -1 20 30 71 86 -1 44 51 64 66 -1 45 47 61 95 -1 -2
13 41 89 99 -1 -2
16 24 43 82 -1 5 19 61 82 -1 38 44 73 97 -1 18 25 37 56 -1 17 24 73 94 -1 8 22 60 96 -1 37 38 40 59 -1 11 51 76 99 -1 4 16 28 93 -1 57 65 71 89 -1 -2
10 19 68 84 -1 14 63 81 88 -1 11 61 72 99 -1 12 21 56 67 -1 -2
8 12 79 99 -1 20 31 39 68 -1 4 23 49 87 -1 12 31 92 94 -1 -2
12 48 53 75 -1 20 23 28 92 -1 1 35 42 53 -1 2 24 53 96 -1 16 24 41 78 -1 47 63 76 98 -1 -2
25 26 51 66 -1 14 23 62 90 -1 26 27 34 72 -1 7 12 42 67 -1 -2
10 20 68 97 -1 12 25 58 100 -1 1 18 24 87 -1 -2
38 66 73 84 -1 2 67 77 91 -1 29 45 49 87 -1 -2
16 90 95 100 -1 -2
3 33 45 99 -1 6 44 66 92 -1 12 40 65 96 -1 30 52 58 59 -1 30 49 52 89 -1 31 55 94 98 -1 24 60 87 95 -1 -2
2 26 43 49 -1 53 59 83 97 -1 7 54 85 93 -1 12 32 52 96 -1 8 32 65 70 -1 -2
11 46 77 91 -1 -2
34 49 56 98 -1 22 44 76 79 -1 11 62 90 100 -1 4 42 70 86 -1 -2
8 40 62 66 -1 31 74 81 94 -1 -2
43 44 71 90 -1 8 52 73 87 -1 27 62 85 92 -1 -2
2 54 55 80 -1 31 34 56 81 -1 14 34 41 86 -1 15 41 48 100 -1 -2
6 11 12 43 -1 14 15 18 89 -1 -2
8 13 41 83 -1 25 29 60 81 -1 12 30 69 100 -1 43 48 49 88 -1 8 25 27 62 -1 18 20 43 92 -1 42 75 79 83 -1 15 46 51 91 -1 29 47 78 89 -1 -2
9 14 59 90 -1 32 53 54 100 -1 22 24 74 96 -1 28 42 56 90 -1 1 48 54 58 -1 15 47 61 94 -1 1 12 60 64 -1 9 48 73 93 -1 -2
35 38 76 96 -1 22 63 86 100 -1 59 66 82 90 -1 25 46 47 48 -1 17 33 51 94 -1 26 49 75 82 -1 8 56 65 91 -1 34 64 65 70 -1 -2
18 19 31 74 -1 43 66 67 70 -1 57 67 73 90 -1 9 23 51 94 -1 -2
16 18 59 63 -1 15 20 37 39 -1 13 80 82 83 -1 13 31 32 96 -1 14 29 38 87 -1 -2
17 44 51 52 -1 4 18 85 88 -1 10 16 47 73 -1 7 18 50 64 -1 10 18 59 67 -1 21 34 64 76 -1 9 24 44 73 -1 26 44 75 94 -1 7 24 60 79 -1 44 61 88 89 -1 -2
42 45 47 84 -1 25 36 82 88 -1 -2
8 49 51 76 -1 3 37 44 74 -1 1 4 30 97 -1 14 19 84 87 -1 18 20 33 92 -1 1 19 50 64 -1 1 28 41 77 -1 5 35 39 53 -1 -2
10 63 69 77 -1 10 41 47 81 -1 6 32 89 98 -1 -2
9 14 23 91 -1 13 28 69 84 -1 12 13 45 94 -1 -2
9 11 40 68 -1 20 36 46 85 -1 21 47 56 86 -1 10 33 53 62 -1 23 78 81 87 -1 -2
23 24 31 96 -1 35 58 62 92 -1 3 12 74 87 -1 3 5 36 43 -1 9 13 68 90 -1 8 20 48 53 -1 44 49 66 87 -1 -2
12 44 61 75 -1 7 16 26 60 -1 7 63 92 97 -1 23 51 69 82 -1 -2
9 42 66 89 -1 11 35 44 72 -1 22 26 38 73 -1 5 31 61 87 -1 47 49 50 69 -1 68 73 87 91 -1 -2
31 55 66 78 -1 23 35 48 76 -1 17 40 89 99 -1 64 67 94 95 -1 4 48 60 66 -1 16 73 86 96 -1 5 21 31 80 -1 17 40 69 85 -1 16 26 32 69 -1 25 49 51 86 -1 -2
3 39 48 92 -1 26 49 78 93 -1 8 9 22 36 -1 8 13 29 64 -1 7 35 39 56 -1 5 70 94 96 -1 26 39 83 87 -1 5 21 75 77 -1 61 76 82 93 -1 -2
13 37 41 98 -1 20 28 65 69 -1 17 54 68 100 -1 32 44 79 100 -1 -2
10 20 40 41 -1 31 45 65 74 -1 10 19 44 78 -1 17 20 27 91 -1 28 35 40 50 -1 6 47 66 76 -1 62 66 83 91 -1 1 48 77 100 -1 8 9 15 44 -1 43 51 60 89 -1 -2
60 62 81 98 -1 6 65 78 86 -1 8 10 78 95 -1 6 65 73 77 -1 37 42 64 71 -1 20 45 49 82 -1 4 8 9 59 -1 7 10 37 86 -1 31 41 63 76 -1 -2
58 73 81 92 -1 -2
28 63 82 84 -1 5 8 64 74 -1 16 23 34 90 -1 8 15 29 30 -1 -2
2 14 29 90 -1 6 27 48 62 -1 9 49 58 77 -1 11 58 68 82 -1 -2
7 29 83 94 -1 20 26 59 98 -1 4 26 41 49 -1 26 54 59 62 -1 14 26 30 35 -1 23 59 80 84 -1 7 33 39 51 -1 7 21 58 74 -1 26 28 41 61 -1 13 39 79 83 -1 -2
43 58 86 87 -1 36 81 82 95 -1 29 70 74 100 -1 9 43 67 85 -1 59 69 72 97 -1 27 91 96 99 -1 2 15 54 81 -1 66 68 87 89 -1 14 26 54 95 -1 7 56 61 99 -1 -2
11 66 97 100 -1 20 69 70 87 -1 12 59 83 92 -1 11 22 56 70 -1 41 49 68 94 -1 -2
33 49 83 100 -1 1 55 88 90 -1 5 8 29 55 -1 -2
14 19 28 67 -1 63 68 78 84 -1 24 41 69 92 -1 18 49 55 58 -1 -2
13 59 80 84 -1 46 57 66 98 -1 16 22 35 45 -1 3 16 31 56 -1 7 11 35 46 -1 33 35 38 39 -1 58 77 85 96 -1 17 69 84 85 -1 34 39 41 47 -1 2 56 70 83 -1 -2
11 29 52 69 -1 14 69 96 100 -1 41 45 70 96 -1 -2
4 9 31 78 -1 10 41 47 68 -1 8 15 19 76 -1 37 64 78 87 -1 -2
30 31 32 39 -1 21 50 85 100 -1 -2
15 57 94 95 -1 17 28 53 64 -1 26 36 57 62 -1 19 26 43 81 -1 66 81 89 95 -1 40 64 82 91 -1 -2
26 52 82 95 -1 41 55 59 69 -1 57 68 74 100 -1 3 27 54 60 -1 18 54 62 85 -1 36 37 43 74 -1 23 35 71 73 -1 58 68 93 98 -1 5 22 57 80 -1 -2
2 10 14 69 -1 -2
8 14 38 71 -1 33 39 47 67 -1 42 43 68 70 -1 13 23 24 72 -1 35 80 97 99 -1 10 46 57 67 -1 5 35 54 91 -1 1 37 86 94 -1 21 33 75 79 -1 -2
4 12 49 55 -1 20 41 56 92 -1 16 41 69 93 -1 27 34 50 74 -1 28 30 64 84 -1 -2
49 68 76 87 -1 46 65 78 93 -1 6 22 76 85 -1 9 35 52 65 -1 2 41 43 50 -1 3 60 86 93 -1 12 15 42 52 -1 10 33 61 64 -1 2 68 75 84 -1 50 51 67 70 -1 -2
15 16 77 84 -1 -2
26 41 69 84 -1 8 23 53 58 -1 12 27 37 81 -1 2 37 69 94 -1 28 43 52 54 -1 6 11 70 99 -1 -2
1 53 55 67 -1 -2
16 50 84 85 -1 26 31 74 84 -1 -2
30 36 49 86 -1 5 12 83 91 -1 35 71 85 90 -1 19 31 50 89 -1 50 56 61 70 -1 23 30 80 99 -1 14 37 53 97 -1 -2
3 47 81 89 -1 8 27 80 98 -1 1 23 35 76 -1 2 38 41 92 -1 70 77 95 99 -1 16 23 39 54 -1 8 37 48 67 -1 5 30 41 70 -1 11 37 68 76 -1 -2
28 55 57 62 -1 46 48 49 57 -1 15 35 71 98 -1 5 64 68 83 -1 11 28 54 88 -1 17 51 55 91 -1 16 37 96 98 -1 40 44 59 75 -1 2 11 34 45 -1 4 57 89 95 -1 -2
22 36 59 72 -1 3 22 28 45 -1 29 46 50 87 -1 20 22 23 35 -1 5 37 48 91 -1 4 9 29 33 -1 3 19 63 81 -1 16 52 59 99 -1 30 33 67 77 -1 -2
41 55 64 81 -1 2 9 60 94 -1 -2
23 54 55 71 -1 1 25 82 89 -1 20 21 65 70 -1 3 73 85 94 -1 22 24 72 99 -1 3 74 81 93 -1 63 81 90 97 -1 1 38 43 51 -1 72 78 84 89 -1 -2
3 9 60 82 -1 43 81 93 97 -1 37 38 45 81 -1 7 44 57 89 -1 21 65 67 81 -1 5 66 94 97 -1 5 9 75 96 -1 6 27 40 95 -1 9 16 65 99 -1 30 49 91 95 -1 -2
17 32 57 97 -1 16 39 75 94 -1 16 27 35 97 -1 -2
38 74 82 93 -1 41 44 77 84 -1 48 75 84 93 -1 6 35 69 73 -1 22 54 57 61 -1 8 81 88 97 -1 -2
14 60 70 72 -1 13 59 77 98 -1 15 26 29 94 -1 26 36 45 58 -1 6 43 57 73 -1 38 48 70 83 -1 12 15 58 97 -1 59 78 92 97 -1 1 4 9 10 -1 -2
51 59 64 78 -1 17 35 97 100 -1 44 63 72 85 -1 26 50 70 88 -1 8 20 52 67 -1 5 37 42 74 -1 11 37 48 85 -1 11 51 83 100 -1 9 55 82 90 -1 22 26 30 36 -1 -2
35 86 88 95 -1 44 45 79 97 -1 22 36 44 55 -1 6 39 77 90 -1 -2
19 66 68 77 -1 29 44 49 93 -1 31 57 64 82 -1 39 55 86 99 -1 9 10 40 56 -1 27 42 56 65 -1 29 48 53 92 -1 22 37 53 68 -1 25 26 48 78 -1 -2
9 73 77 90 -1 22 35 46 74 -1 26 53 67 77 -1 7 56 69 99 -1 14 74 80 91 -1 44 56 62 83 -1 1 19 58 73 -1 -2
29 39 67 84 -1 -2
10 14 53 96 -1 19 65 71 73 -1 20 28 35 76 -1 43 44 53 95 -1 8 74 75 85 -1 18 51 63 99 -1 26 39 52 82 -1 -2
1 12 16 49 -1 34 51 63 81 -1 65 78 82 87 -1 19 29 35 56 -1 14 21 51 62 -1 8 67 81 91 -1 12 20 27 70 -1 23 55 67 92 -1 62 66 96 98 -1 7 32 84 87 -1 -2
35 56 67 100 -1 11 51 73 77 -1 1 19 70 72 -1 -2
7 26 68 84 -1 22 46 73 84 -1 11 45 62 71 -1 28 36 56 61 -1 23 25 93 97 -1 8 10 45 87 -1 -2
2 13 52 75 -1 3 17 58 59 -1 49 58 85 98 -1 25 83 87 97 -1 2 16 49 82 -1 -2
18 67 70 75 -1 1 73 89 91 -1 7 33 35 59 -1 28 66 87 92 -1 33 35 39 86 -1 23 29 33 38 -1 17 42 45 100 -1 5 45 53 96 -1 13 58 75 78 -1 -2
51 65 68 89 -1 5 29 49 82 -1 17 62 63 81 -1 18 33 41 74 -1 22 62 96 97 -1 7 36 71 81 -1 7 51 52 89 -1 33 44 45 76 -1 37 68 72 95 -1 20 25 32 78 -1 -2
3 27 73 97 -1 -2
48 62 76 94 -1 -2
39 63 64 91 -1 8 16 90 91 -1 27 49 88 97 -1 1 56 90 94 -1 23 42 69 78 -1 12 52 85 100 -1 38 60 69 91 -1 30 40 74 85 -1 28 30 46 71 -1 1 31 49 57 -1 -2
8 46 90 93 -1 22 40 51 65 -1 4 22 83 88 -1 21 43 64 68 -1 2 48 91 100 -1 11 14 26 28 -1 2 29 75 93 -1 -2
43 45 72 100 -1 37 66 67 83 -1 24 27 37 61 -1 2 9 25 75 -1 70 80 86 94 -1 5 43 55 83 -1 12 46 68 96 -1 12 28 65 80 -1 26 49 50 59 -1 -2
14 67 88 98 -1 -2
37 42 46 82 -1 17 23 34 67 -1 -2
26 30 66 97 -1 8 37 75 87 -1 7 18 44 83 -1 21 54 80 100 -1 1 75 93 99 -1 -2
33 49 55 90 -1 -2
24 60 63 70 -1 51 78 87 90 -1 38 74 76 96 -1 23 27 93 97 -1 38 54 81 97 -1 -2
7 57 61 62 -1 23 55 70 78 -1 7 70 84 89 -1 11 18 42 57 -1 2 20 37 50 -1 24 50 77 90 -1 12 20 29 68 -1 -2
36 43 77 78 -1 29 40 76 96 -1 32 46 74 95 -1 28 56 65 77 -1 16 25 60 63 -1 -2
29 67 70 98 -1 9 34 70 73 -1 6 16 46 49 -1 1 56 89 93 -1 5 35 64 85 -1 36 39 70 73 -1 -2
5 26 41 50 -1 22 44 77 79 -1 -2
14 31 38 68 -1 10 13 42 57 -1 3 30 35 58 -1 12 33 46 70 -1 51 66 88 89 -1 22 30 39 64 -1 15 25 27 47 -1 3 63 68 93 -1 -2
2 15 30 68 -1 7 13 24 81 -1 38 66 68 92 -1 36 37 56 74 -1 37 60 88 93 -1 1 19 20 65 -1 66 69 85 92 -1 18 19 62 64 -1 6 58 65 83 -1 -2
18 33 50 72 -1 4 21 88 95 -1 1 70 82 87 -1 1 33 74 89 -1 2 33 35 65 -1 4 27 43 52 -1 16 18 19 90 -1 -2
8 19 25 59 -1 36 52 55 86 -1 38 83 85 89 -1 26 38 41 50 -1 27 31 75 76 -1 -2
9 33 39 70 -1 12 24 60 84 -1 19 55 76 84 -1 -2
6 49 91 92 -1 -2
13 23 49 75 -1 1 72 73 80 -1 6 15 61 66 -1 45 49 64 68 -1 4 27 44 97 -1 -2
49 80 88 100 -1 -2
55 60 66 69 -1 21 52 54 89 -1 16 24 35 98 -1 7 16 43 72 -1 22 30 70 91 -1 31 41 49 76 -1 20 40 83 87 -1 28 46 87 96 -1 15 26 37 95 -1 40 53 64 80 -1 -2
25 54 76 94 -1 14 69 83 97 -1 12 16 32 73 -1 1 2 5 54 -1 25 56 59 79 -1 22 40 65 94 -1 4 67 89 90 -1 -2
27 50 57 93 -1 3 64 68 78 -1 20 32 66 98 -1 28 63 75 87 -1 -2
37 46 71 85 -1 24 52 76 92 -1 40 46 49 76 -1 23 39 44 61 -1 8 11 26 89 -1 -2
42 55 63 88 -1 11 25 72 96 -1 4 48 72 79 -1 25 61 68 70 -1 14 37 69 78 -1 2 29 33 87 -1 55 72 80 90 -1 5 25 35 82 -1 3 4 24 46 -1 2 8 67 72 -1 -2
25 35 51 64 -1 48 50 71 77 -1 -2
16 24 39 68 -1 39 76 94 95 -1 -2
2 3 14 37 -1 9 43 62 90 -1 17 38 44 98 -1 9 66 72 85 -1 14 48 57 92 -1 2 4 20 31 -1 -2
54 61 67 71 -1 9 52 85 98 -1 2 8 38 70 -1 15 83 94 100 -1 30 36 52 71 -1 49 64 86 92 -1 36 68 75 93 -1 38 39 44 98 -1 -2
20 40 48 88 -1 41 47 74 76 -1 -2
48 74 82 85 -1 26 56 65 79 -1 10 14 30 72 -1 28 51 56 61 -1 6 33 34 40 -1 -2
33 60 91 100 -1 2 10 36 73 -1 29 33 48 72 -1 31 33 63 96 -1 32 86 87 99 -1 2 16 54 64 -1 7 53 67 99 -1 -2
9 31 70 87 -1 5 16 30 61 -1 14 38 59 82 -1 5 10 21 62 -1 41 72 81 94 -1 2 25 37 64 -1 17 27 60 99 -1 44 55 59 99 -1 -2
6 48 70 75 -1 -2
6 77 79 90 -1 13 67 93 97 -1 12 21 57 80 -1 -2
8 69 71 96 -1 8 26 60 88 -1 14 67 76 94 -1 28 40 79 83 -1 22 45 70 98 -1 7 25 51 91 -1 50 57 64 89 -1 26 48 60 74 -1 -2
12 16 22 64 -1 3 33 64 84 -1 -2
30 39 45 88 -1 25 45 46 60 -1 8 33 46 91 -1 15 31 45 63 -1 11 51 60 61 -1 25 26 28 65 -1 20 26 63 96 -1 3 36 48 78 -1 -2
12 15 19 59 -1 48 64 80 88 -1 8 20 27 83 -1 36 44 65 81 -1 41 53 61 87 -1 -2
2 23 62 79 -1 28 69 87 98 -1 -2
58 68 75 89 -1 -2
11 22 34 96 -1 57 59 73 80 -1 50 68 84 92 -1 -2
6 36 47 88 -1 19 26 27 41 -1 37 60 70 89 -1 14 40 68 75 -1 17 38 39 91 -1 24 35 43 57 -1 39 49 68 77 -1 -2
8 38 42 55 -1 45 68 88 98 -1 5 78 83 100 -1 11 35 82 94 -1 44 45 82 84 -1 11 14 28 30 -1 2 33 45 83 -1 3 11 32 95 -1 -2
29 48 59 81 -1 21 87 94 97 -1 23 29 35 37 -1 -2
34 65 79 80 -1 10 19 33 55 -1 2 44 63 77 -1 -2
35 48 49 80 -1 20 34 35 61 -1 10 30 35 37 -1 8 15 66 89 -1 35 45 89 95 -1 -2
22 82 91 94 -1 51 56 57 65 -1 73 81 84 91 -1 19 42 50 67 -1 -2
11 52 63 64 -1 33 35 51 75 -1 45 85 89 93 -1 -2
15 19 53 77 -1 10 49 50 68 -1 36 67 77 100 -1 32 39 89 98 -1 8 54 73 98 -1 3 16 17 98 -1 44 60 73 98 -1 31 53 81 84 -1 -2
7 12 72 93 -1 33 38 44 46 -1 5 29 56 87 -1 60 62 64 85 -1 41 62 76 93 -1 18 28 89 90 -1 9 22 76 98 -1 13 60 65 94 -1 2 21 35 82 -1 -2
10 45 69 77 -1 17 36 49 89 -1 10 14 45 53 -1 15 30 35 81 -1 34 61 87 96 -1 10 25 60 72 -1 -2
10 25 44 45 -1 23 29 81 88 -1 25 60 79 95 -1 5 8 38 89 -1 13 31 45 86 -1 4 64 78 97 -1 2 15 63 87 -1 -2
55 79 81 87 -1 7 13 39 51 -1 21 37 71 89 -1 45 51 74 84 -1 18 22 25 57 -1 2 12 43 51 -1 1 28 48 90 -1 15 27 43 90 -1 -2
18 24 69 75 -1 15 24 43 69 -1 5 47 54 65 -1 65 72 92 98 -1 5 46 47 55 -1 12 14 17 20 -1 10 21 79 82 -1 44 60 64 96 -1 64 67 92 98 -1 1 22 32 53 -1 -2
12 24 50 65 -1 15 39 44 81 -1 50 56 60 82 -1 -2
21 59 62 65 -1 2 32 41 91 -1 19 42 44 60 -1 3 13 27 85 -1 21 30 66 86 -1 16 49 91 98 -1 22 30 32 98 -1 43 75 83 97 -1 -2
27 30 43 100 -1 2 28 54 63 -1 24 31 34 99 -1 18 78 82 87 -1 22 58 85 88 -1 18 34 45 74 -1 -2
6 16 61 90 -1 21 39 78 92 -1 21 40 68 82 -1 68 69 83 99 -1 -2
6 20 32 72 -1 7 16 24 71 -1 4 50 55 70 -1 13 57 72 83 -1 26 38 42 80 -1 4 55 75 97 -1 -2
4 34 49 54 -1 14 18 86 89 -1 8 37 52 68 -1 5 66 97 99 -1 -2
39 53 65 91 -1 24 34 66 79 -1 15 45 47 73 -1 6 71 78 82 -1 12 26 50 87 -1 2 18 22 63 -1 -2
53 72 74 75 -1 7 15 45 57 -1 8 10 36 92 -1 2 14 38 85 -1 5 56 63 92 -1 41 48 71 90 -1 3 25 40 93 -1 3 31 32 41 -1 1 27 67 82 -1 6 21 38 47 -1 -2
46 72 94 99 -1 8 43 45 61 -1 11 71 84 97 -1 11 18 21 48 -1 4 48 95 99 -1 21 46 49 68 -1 2 32 59 78 -1 3 18 23 57 -1 1 14 24 58 -1 -2
24 43 64 74 -1 12 43 54 100 -1 30 36 64 70 -1 5 21 36 37 -1 2 10 38 93 -1 2 5 76 85 -1 20 43 63 73 -1 7 9 28 99 -1 37 49 73 81 -1 16 18 62 98 -1 -2
1 26 30 97 -1 8 19 68 79 -1 7 12 58 75 -1 23 37 43 74 -1 -2
49 51 77 92 -1 30 56 62 87 -1 21 30 74 100 -1 17 50 74 97 -1 29 56 88 94 -1 6 18 59 81 -1 28 38 66 72 -1 -2
8 51 68 78 -1 10 12 46 97 -1 -2
24 71 87 97 -1 56 61 90 95 -1 67 76 80 82 -1 68 76 85 97 -1 5 22 43 51 -1 -2
23 58 60 91 -1 27 61 75 93 -1 21 50 78 91 -1 7 34 53 85 -1 68 70 82 89 -1 3 16 31 44 -1 24 42 45 49 -1 4 47 48 65 -1 18 91 92 99 -1 8 26 54 86 -1 -2
8 51 59 97 -1 8 64 81 99 -1 5 11 62 97 -1 53 56 66 78 -1 19 25 85 95 -1 24 40 54 96 -1 4 22 37 87 -1 26 40 52 99 -1 11 39 78 82 -1 -2
6 16 19 27 -1 -2
32 70 72 85 -1 9 25 59 79 -1 2 11 27 81 -1 10 45 60 76 -1 68 79 81 83 -1 -2
3 25 28 60 -1 4 23 25 66 -1 2 3 17 60 -1 34 42 59 82 -1 14 47 80 99 -1 8 27 44 56 -1 10 26 80 99 -1 -2
25 81 96 99 -1 30 33 46 49 -1 -2
13 17 18 78 -1 4 37 73 87 -1 64 71 73 95 -1 8 15 28 51 -1 2 14 40 77 -1 21 40 79 99 -1 -2
39 68 69 80 -1 2 12 48 79 -1 42 52 73 76 -1 20 26 40 48 -1 38 58 76 82 -1 31 57 91 95 -1 2 30 51 87 -1 -2
1 5 13 64 -1 23 29 81 90 -1 6 41 74 79 -1 41 43 65 83 -1 59 63 67 84 -1 18 29 42 43 -1 -2
17 57 84 91 -1 -2
29 77 87 92 -1 -2
4 41 53 71 -1 4 8 44 75 -1 4 35 40 78 -1 12 63 82 99 -1 9 27 32 55 -1 -2
10 18 60 79 -1 33 75 78 86 -1 9 13 45 71 -1 4 42 77 96 -1 -2
19 62 71 88 -1 10 43 71 100 -1 81 85 98 100 -1 29 38 60 72 -1 14 21 28 51 -1 80 81 91 94 -1 14 18 45 76 -1 29 61 64 86 -1 18 20 55 56 -1 -2
23 48 53 61 -1 22 69 80 97 -1 -2
1 6 43 46 -1 1 5 57 81 -1 12 16 36 97 -1 44 69 71 100 -1 -2
4 39 68 70 -1 42 54 80 95 -1 11 12 58 98 -1 4 21 27 75 -1 3 58 70 98 -1 76 77 78 92 -1 19 24 26 88 -1 37 54 82 88 -1 1 7 14 47 -1 8 12 49 69 -1 -2
14 60 82 84 -1 19 25 61 74 -1 26 55 59 68 -1 -2
3 64 75 95 -1 17 33 75 97 -1 2 25 56 83 -1 -2
5 48 59 93 -1 19 24 41 76 -1 2 12 63 93 -1 3 47 52 92 -1 -2
17 30 43 78 -1 3 36 46 89 -1 32 36 86 89 -1 4 32 41 53 -1 -2
2 47 89 100 -1 19 43 56 65 -1 23 54 57 59 -1 11 23 45 85 -1 6 66 90 96 -1 23 33 52 77 -1 -2
18 40 52 63 -1 45 50 58 65 -1 39 60 72 83 -1 26 27 51 79 -1 18 28 56 61 -1 11 21 63 71 -1 31 50 56 77 -1 5 6 21 66 -1 -2
18 53 62 69 -1 6 10 80 86 -1 15 25 41 73 -1 22 64 88 91 -1 6 54 67 71 -1 -2
12 31 54 90 -1 54 55 73 85 -1 13 14 98 99 -1 13 17 46 56 -1 9 25 80 83 -1 9 34 81 84 -1 12 16 18 83 -1 43 54 83 100 -1 -2
10 20 22 61 -1 41 51 64 75 -1 -2
13 14 34 73 -1 5 18 29 65 -1 16 19 32 40 -1 52 68 74 79 -1 75 80 97 100 -1 18 32 41 42 -1 3 18 29 57 -1 -2
15 28 53 92 -1 6 78 95 99 -1 4 43 79 99 -1 21 32 81 92 -1 19 59 86 88 -1 5 16 36 57 -1 -2
7 68 84 88 -1 14 63 73 78 -1 30 77 78 96 -1 5 14 20 62 -1 5 12 18 65 -1 7 36 42 81 -1 10 59 61 98 -1 5 23 62 67 -1 18 42 49 72 -1 63 76 90 95 -1 -2
40 67 70 82 -1 1 14 67 90 -1 1 2 57 88 -1 19 85 92 98 -1 3 4 36 47 -1 -2
30 44 47 99 -1 3 17 48 85 -1 1 9 37 40 -1 6 45 46 52 -1 28 36 44 85 -1 6 20 23 76 -1 5 15 42 90 -1 8 14 72 76 -1 11 32 60 88 -1 -2
35 39 76 97 -1 4 14 47 51 -1 18 31 55 96 -1 31 62 70 83 -1 52 73 95 100 -1 15 27 52 100 -1 10 56 70 100 -1 -2
1 3 60 99 -1 20 29 61 65 -1 20 22 52 76 -1 16 27 66 76 -1 40 53 57 96 -1 11 21 53 73 -1 15 27 31 60 -1 -2
8 12 37 74 -1 10 19 66 75 -1 37 49 52 70 -1 10 29 81 90 -1 36 44 51 53 -1 58 70 82 97 -1 4 42 55 60 -1 -2
22 54 62 84 -1 24 63 68 70 -1 22 33 49 71 -1 24 30 32 58 -1 -2
31 52 64 81 -1 24 41 42 46 -1 21 38 54 78 -1 64 84 97 98 -1 9 19 56 87 -1 26 38 39 43 -1 46 62 86 98 -1 5 10 27 74 -1 -2
6 8 68 75 -1 20 52 63 92 -1 46 50 62 91 -1 20 46 56 96 -1 30 46 57 98 -1 19 37 63 69 -1 -2
18 26 33 35 -1 1 38 47 98 -1 3 18 44 99 -1 19 40 75 85 -1 6 18 37 72 -1 28 40 58 82 -1 8 14 19 57 -1 37 49 82 97 -1 -2
12 39 51 68 -1 16 27 39 91 -1 39 72 87 91 -1 38 62 82 88 -1 33 54 56 70 -1 48 57 67 84 -1 9 14 20 23 -1 -2
5 17 29 98 -1 9 86 96 99 -1 -2
36 42 44 90 -1 5 33 46 87 -1 2 46 65 92 -1 1 22 37 92 -1 -2
27 32 48 79 -1 3 11 82 83 -1 35 55 57 61 -1 8 26 53 55 -1 22 32 71 85 -1 24 39 47 85 -1 15 20 45 77 -1 15 30 55 85 -1 6 13 28 43 -1 15 23 42 100 -1 -2
33 40 96 100 -1 -2
40 59 72 96 -1 17 20 46 56 -1 16 30 49 77 -1 17 35 61 82 -1 17 26 43 65 -1 3 24 43 90 -1 25 29 63 97 -1 48 55 68 94 -1 -2
21 29 52 84 -1 -2
16 52 72 91 -1 28 52 63 100 -1 35 56 63 79 -1 32 34 77 90 -1 2 14 61 69 -1 -2
6 9 41 79 -1 30 40 79 100 -1 9 41 42 53 -1 2 26 33 72 -1 -2
5 25 41 46 -1 13 57 75 93 -1 13 17 94 96 -1 25 63 90 100 -1 6 26 74 99 -1 3 25 64 76 -1 28 33 67 80 -1 34 43 64 70 -1 23 36 53 61 -1 -2
11 67 74 97 -1 2 20 49 77 -1 30 64 81 89 -1 4 8 55 66 -1 64 73 74 100 -1 65 70 76 87 -1 10 16 45 57 -1 5 38 59 83 -1 36 39 52 76 -1 7 40 57 69 -1 -2
46 70 81 92 -1 33 43 67 92 -1 28 33 35 54 -1 14 23 24 38 -1 5 22 71 75 -1 -2
5 44 61 98 -1 2 77 85 95 -1 39 62 72 84 -1 1 20 27 100 -1 -2
59 63 84 97 -1 -2
44 49 68 94 -1 3 4 33 60 -1 40 82 87 98 -1 54 60 65 87 -1 3 30 44 99 -1 -2
3 72 89 92 -1 5 8 33 40 -1 16 30 45 96 -1 31 66 80 97 -1 32 40 60 80 -1 19 22 35 40 -1 47 61 69 74 -1 23 41 64 87 -1 8 49 52 83 -1 -2
17 46 50 52 -1 17 26 98 100 -1 6 13 17 34 -1 3 10 61 84 -1 7 17 50 89 -1 40 42 81 89 -1 -2
13 32 78 86 -1 36 39 65 68 -1 10 29 37 85 -1 1 12 56 76 -1 12 18 44 47 -1 13 35 47 69 -1 33 64 91 92 -1 -2
5 42 77 87 -1 22 39 79 91 -1 33 40 54 56 -1 -2
16 37 72 84 -1 11 30 65 86 -1 6 64 66 81 -1 2 26 30 32 -1 10 47 69 99 -1 18 68 82 83 -1 12 45 52 98 -1 18 40 60 86 -1 -2
18 56 67 96 -1 -2
39 67 83 87 -1 3 10 13 89 -1 12 51 73 77 -1 12 21 58 66 -1 35 71 92 94 -1 27 72 73 91 -1 -2
27 48 52 91 -1 68 94 98 99 -1 7 29 39 95 -1 14 41 44 62 -1 12 23 80 86 -1 17 54 74 82 -1 17 40 46 91 -1 13 72 81 88 -1 -2
17 32 62 84 -1 13 16 23 33 -1 7 35 76 91 -1 20 52 81 93 -1 -2
10 15 69 94 -1 9 26 71 73 -1 22 43 48 75 -1 34 68 81 92 -1 21 32 39 87 -1 26 48 68 100 -1 1 12 44 57 -1 10 29 65 78 -1 -2
36 60 64 65 -1 1 37 49 67 -1 22 39 62 93 -1 15 30 85 90 -1 -2
37 42 75 80 -1 10 35 48 69 -1 45 52 65 96 -1 -2
38 54 69 95 -1 15 77 91 93 -1 13 15 66 92 -1 6 36 64 84 -1 4 33 41 66 -1 20 43 62 76 -1 17 30 74 76 -1 3 25 41 92 -1 5 15 90 95 -1 -2
14 58 68 84 -1 35 36 92 97 -1 2 30 42 81 -1 52 69 81 100 -1 -2
14 25 55 56 -1 62 83 86 99 -1 9 86 94 98 -1 29 44 56 95 -1 7 56 63 83 -1 28 30 38 89 -1 10 23 29 98 -1 9 11 68 79 -1 21 28 57 85 -1 15 47 72 90 -1 -2
6 23 27 52 -1 25 33 40 93 -1 41 83 85 97 -1 13 25 39 75 -1 40 53 56 57 -1 41 66 81 84 -1 21 35 47 86 -1 -2
10 16 42 47 -1 -2
43 74 77 86 -1 2 64 76 88 -1 5 13 51 61 -1 10 17 27 47 -1 31 61 68 75 -1 2 23 49 76 -1 13 19 41 86 -1 25 75 95 100 -1 33 40 64 100 -1 14 24 47 55 -1 -2
7 42 62 78 -1 14 30 38 39 -1 2 25 74 88 -1 4 7 37 79 -1 28 47 76 92 -1 10 21 30 31 -1 14 74 92 94 -1 31 76 81 91 -1 17 32 34 68 -1 24 40 58 75 -1 -2
28 54 55 89 -1 6 7 21 46 -1 20 56 72 82 -1 2 17 20 91 -1 12 54 89 100 -1 15 56 72 76 -1 44 82 98 100 -1 8 32 53 81 -1 36 43 54 55 -1 -2
15 47 85 95 -1 4 21 57 71 -1 61 81 88 96 -1 12 18 87 93 -1 29 56 63 66 -1 -2
11 39 63 82 -1 19 55 58 59 -1 47 66 68 99 -1 8 21 35 64 -1 14 38 52 99 -1 33 39 85 97 -1 2 36 43 58 -1 9 18 22 66 -1 3 9 11 68 -1 -2
1 4 56 69 -1 -2
4 26 40 78 -1 11 40 47 88 -1 40 78 84 85 -1 10 33 39 92 -1 8 66 78 88 -1 2 33 44 63 -1 11 13 41 57 -1 5 12 73 87 -1 5 41 47 67 -1 14 33 76 80 -1 -2
36 37 83 86 -1 5 18 42 63 -1 20 26 64 83 -1 34 52 65 77 -1 12 19 95 98 -1 50 52 66 94 -1 15 21 22 69 -1 8 18 35 73 -1 3 27 75 82 -1 3 16 30 45 -1 -2
22 26 53 56 -1 -2
36 46 57 71 -1 37 42 47 91 -1 31 59 60 99 -1 15 41 58 86 -1 43 47 82 100 -1 40 62 69 79 -1 2 41 83 97 -1 30 58 79 90 -1 -2
18 64 93 98 -1 -2
8 21 68 74 -1 -2
6 33 35 49 -1 19 27 57 59 -1 43 65 66 97 -1 14 24 51 74 -1 43 70 81 95 -1 8 60 66 73 -1 1 3 57 95 -1 -2
39 45 90 100 -1 60 71 72 99 -1 -2
11 22 48 100 -1 43 57 69 97 -1 30 53 60 81 -1 4 48 65 100 -1 6 20 87 97 -1 22 32 43 81 -1 2 6 53 63 -1 26 44 50 71 -1 17 44 74 90 -1 -2
14 19 28 97 -1 13 34 41 45 -1 30 40 67 94 -1 3 15 67 74 -1 -2
52 55 71 85 -1 18 30 58 100 -1 1 48 52 73 -1 36 50 57 84 -1 19 23 93 97 -1 16 20 83 99 -1 64 74 89 100 -1 3 11 42 67 -1 3 41 55 60 -1 -2
1 3 29 79 -1 17 21 34 79 -1 1 11 47 62 -1 17 40 59 71 -1 -2
15 46 69 96 -1 38 58 66 67 -1 1 9 66 100 -1 39 42 56 81 -1 16 36 58 75 -1 25 30 47 61 -1 14 50 77 100 -1 49 53 93 97 -1 -2
