23 25 28 69 -1 21 39 65 86 -1 -2
1 62 83 98 -1 -2
11 13 64 99 -1 -2
22 38 93 97 -1 9 20 27 58 -1 -2
11 50 64 91 -1 6 50 63 93 -1 -2
50 53 98 99 -1 3 22 64 86 -1 -2
14 20 26 46 -1 -2
25 36 71 82 -1 27 37 54 62 -1 -2
1 62 74 87 -1 40 57 80 96 -1 -2
2 41 67 99 -1 -2
8 24 90 97 -1 -2
3 19 71 79 -1 -2
3 29 45 66 -1 59 75 97 100 -1 -2
50 70 97 99 -1 17 73 83 96 -1 -2
26 73 86 95 -1 -2
7 70 86 93 -1 -2
1 7 37 86 -1 37 48 76 78 -1 -2
4 11 25 57 -1 23 30 67 78 -1 -2
19 24 64 97 -1 -2
10 25 38 46 -1 -2
46 83 92 100 -1 -2
40 62 73 78 -1 -2
18 69 71 76 -1 -2
45 59 78 84 -1 1 51 71 98 -1 -2
55 77 86 90 -1 -2
20 24 32 36 -1 15 28 42 98 -1 -2
5 17 52 92 -1 -2
4 15 52 82 -1 -2
13 26 90 97 -1 5 33 43 77 -1 -2
58 61 87 93 -1 12 26 51 91 -1 -2
20 47 77 84 -1 13 26 68 100 -1 -2
14 44 65 87 -1 6 14 34 88 -1 -2
24 80 88 92 -1 6 15 52 68 -1 -2
40 43 62 64 -1 4 8 43 59 -1 -2
8 9 17 24 -1 -2
19 24 40 78 -1 14 41 68 87 -1 -2
2 12 23 51 -1 23 25 74 80 -1 -2
14 33 50 91 -1 16 48 50 64 -1 -2
11 20 75 98 -1 47 55 69 87 -1 -2
65 67 85 88 -1 -2
38 61 67 80 -1 -2
20 34 56 69 -1 -2
23 28 32 72 -1 -2
36 39 40 84 -1 34 74 92 97 -1 -2
3 68 78 81 -1 -2
34 47 59 66 -1 -2
1 45 89 90 -1 -2
62 81 86 88 -1 22 48 57 76 -1 -2
59 61 70 93 -1 -2
44 61 84 90 -1 -2
17 21 55 99 -1 9 43 46 54 -1 -2
55 66 69 72 -1 -2
35 80 84 98 -1 -2
10 47 58 95 -1 10 77 87 89 -1 -2
14 32 74 75 -1 -2
48 63 65 69 -1 -2
24 57 90 96 -1 2 4 51 65 -1 -2
19 22 25 44 -1 -2
28 52 57 62 -1 28 41 62 77 -1 -2
42 53 81 96 -1 40 62 64 95 -1 -2
65 70 79 98 -1 -2
11 43 45 68 -1 -2
19 35 86 87 -1 -2
8 65 76 97 -1 -2
17 51 54 66 -1 -2
17 28 48 82 -1 -2
28 41 49 81 -1 8 34 55 86 -1 -2
4 6 29 83 -1 12 49 51 73 -1 -2
24 49 66 88 -1 20 39 60 72 -1 -2
12 15 64 91 -1 13 47 56 83 -1 -2
40 87 91 98 -1 -2
9 13 43 77 -1 8 29 74 77 -1 -2
22 58 66 80 -1 20 23 54 98 -1 -2
6 40 65 67 -1 -2
7 36 43 100 -1 13 56 80 90 -1 -2
30 44 50 75 -1 -2
37 50 72 74 -1 -2
24 32 53 85 -1 10 69 71 81 -1 -2
52 62 76 97 -1 29 54 63 75 -1 -2
9 34 66 93 -1 -2
19 36 38 97 -1 12 44 72 78 -1 -2
24 27 35 74 -1 -2
2 43 47 75 -1 -2
1 42 49 84 -1 3 63 65 81 -1 -2
27 68 92 99 -1 6 39 74 82 -1 -2
2 16 43 88 -1 -2
15 45 88 92 -1 3 31 54 82 -1 -2
9 49 63 100 -1 6 20 22 53 -1 -2
2 22 53 81 -1 53 79 81 89 -1 -2
61 65 88 99 -1 -2
47 56 59 82 -1 8 16 52 78 -1 -2
13 42 70 71 -1 7 28 29 79 -1 -2
17 42 46 97 -1 33 36 46 53 -1 -2
22 29 40 75 -1 -2
23 30 47 100 -1 -2
26 62 66 82 -1 -2
17 31 66 84 -1 9 52 58 94 -1 -2
23 24 29 34 -1 1 6 41 67 -1 -2
14 30 49 59 -1 -2
39 45 59 70 -1 -2
7 35 57 71 -1 24 39 63 98 -1 -2
8 18 21 60 -1 19 42 59 89 -1 -2
16 21 69 89 -1 -2
22 54 89 90 -1 -2
3 6 45 88 -1 12 48 61 99 -1 -2
31 42 43 96 -1 -2
21 73 77 84 -1 48 64 80 91 -1 -2
20 50 79 96 -1 1 20 25 95 -1 -2
21 33 70 84 -1 4 7 23 59 -1 -2
28 48 58 80 -1 -2
8 17 24 40 -1 49 57 63 82 -1 -2
39 50 83 91 -1 5 18 36 73 -1 -2
22 38 75 88 -1 -2
42 59 67 95 -1 -2
11 21 41 78 -1 13 25 80 98 -1 -2
22 38 46 87 -1 -2
24 29 40 84 -1 6 41 75 99 -1 -2
5 9 33 39 -1 10 20 35 50 -1 -2
41 54 71 78 -1 -2
5 72 90 96 -1 -2
7 18 40 51 -1 4 22 34 96 -1 -2
2 30 32 67 -1 -2
21 39 54 76 -1 9 38 53 85 -1 -2
35 52 69 79 -1 26 30 63 65 -1 -2
15 25 60 61 -1 6 10 23 50 -1 -2
3 5 60 96 -1 61 87 91 95 -1 -2
10 16 32 54 -1 -2
52 63 92 93 -1 -2
42 81 95 97 -1 -2
21 68 75 95 -1 -2
7 34 47 85 -1 11 42 48 51 -1 -2
39 42 70 73 -1 -2
15 55 69 76 -1 6 45 89 91 -1 -2
10 25 45 58 -1 -2
9 23 43 75 -1 -2
48 51 70 100 -1 -2
1 9 27 43 -1 11 79 85 94 -1 -2
8 21 59 98 -1 -2
34 75 78 92 -1 38 54 83 90 -1 -2
1 23 76 98 -1 -2
2 24 32 72 -1 13 19 53 95 -1 -2
2 3 15 96 -1 -2
50 57 67 69 -1 4 13 16 81 -1 -2
22 32 81 96 -1 5 20 38 74 -1 -2
26 80 85 94 -1 -2
11 47 90 98 -1 4 49 69 85 -1 -2
16 41 49 97 -1 -2
14 40 54 77 -1 -2
23 58 59 100 -1 -2
14 28 33 42 -1 -2
25 53 58 68 -1 -2
14 36 66 94 -1 14 33 42 69 -1 -2
21 42 78 88 -1 -2
7 53 55 79 -1 -2
15 32 35 72 -1 3 27 58 93 -1 -2
18 37 77 96 -1 4 21 28 38 -1 -2
14 16 43 90 -1 -2
14 29 37 93 -1 -2
29 51 64 71 -1 -2
7 16 38 47 -1 -2
18 28 30 80 -1 -2
31 58 63 100 -1 18 42 72 93 -1 -2
36 52 60 99 -1 5 72 87 91 -1 -2
4 50 66 92 -1 -2
3 48 93 96 -1 -2
2 19 29 85 -1 -2
28 38 48 52 -1 31 37 59 61 -1 -2
6 13 25 97 -1 7 9 30 37 -1 -2
10 41 52 80 -1 -2
19 38 43 64 -1 63 69 93 96 -1 -2
2 29 68 80 -1 -2
22 49 62 94 -1 -2
4 37 51 74 -1 2 51 84 100 -1 -2
22 35 68 97 -1 8 10 17 54 -1 -2
5 50 95 100 -1 -2
21 41 51 83 -1 -2
4 6 19 63 -1 8 12 52 85 -1 -2
24 30 37 86 -1 17 36 45 95 -1 -2
20 35 76 93 -1 13 20 60 79 -1 -2
20 48 78 100 -1 45 65 73 87 -1 -2
7 15 27 96 -1 48 62 70 100 -1 -2
9 13 49 72 -1 15 71 75 78 -1 -2
16 35 46 85 -1 40 41 58 75 -1 -2
41 42 86 94 -1 1 39 42 55 -1 -2
16 48 64 81 -1 -2
74 78 82 96 -1 -2
15 18 47 90 -1 10 45 49 80 -1 -2
4 25 77 88 -1 -2
20 30 49 54 -1 -2
1 2 6 69 -1 -2
8 36 77 84 -1 11 24 57 70 -1 -2
30 78 83 87 -1 -2
20 25 67 98 -1 5 9 35 46 -1 -2
29 52 62 81 -1 -2
3 37 63 78 -1 -2
19 44 46 61 -1 12 15 24 35 -1 -2
22 44 81 98 -1 26 36 72 100 -1 -2
14 21 86 89 -1 13 46 66 88 -1 -2
42 59 63 64 -1 44 57 68 70 -1 -2
43 48 53 98 -1 36 59 76 96 -1 -2
5 29 86 100 -1 52 86 96 97 -1 -2
17 25 29 46 -1 22 43 48 52 -1 -2
29 40 74 88 -1 -2
32 51 71 97 -1 -2
7 11 35 48 -1 40 44 52 57 -1 -2
1 43 72 91 -1 -2
12 13 36 80 -1 6 55 77 88 -1 -2
6 22 86 99 -1 -2
4 14 37 46 -1 -2
24 45 88 95 -1 -2
35 55 72 99 -1 -2
38 55 94 100 -1 -2
3 7 31 85 -1 18 23 54 82 -1 -2
15 58 81 95 -1 -2
40 65 76 99 -1 24 51 57 73 -1 -2
7 30 46 84 -1 32 34 59 80 -1 -2
18 20 71 98 -1 8 25 61 70 -1 -2
18 61 77 80 -1 7 44 73 90 -1 -2
6 25 40 41 -1 46 69 72 75 -1 -2
19 26 44 77 -1 5 14 62 73 -1 -2
7 11 62 66 -1 63 65 70 76 -1 -2
11 38 42 47 -1 -2
1 27 49 84 -1 -2
15 37 83 94 -1 -2
45 60 70 90 -1 50 70 72 89 -1 -2
33 37 50 97 -1 -2
19 40 44 70 -1 -2
30 41 45 93 -1 -2
5 38 62 85 -1 25 31 91 97 -1 -2
44 51 61 87 -1 -2
14 53 64 96 -1 -2
1 17 79 94 -1 -2
26 80 93 96 -1 -2
43 56 81 90 -1 19 71 75 82 -1 -2
13 61 70 73 -1 -2
11 48 82 84 -1 -2
24 31 43 68 -1 -2
40 72 87 91 -1 -2
20 63 79 98 -1 -2
17 20 54 93 -1 24 66 86 90 -1 -2
10 52 72 93 -1 1 14 19 45 -1 -2
30 43 44 52 -1 -2
2 15 50 91 -1 46 49 55 94 -1 -2
31 51 58 99 -1 -2
23 42 49 79 -1 -2
20 21 31 85 -1 5 15 64 85 -1 -2
11 33 83 87 -1 10 20 68 86 -1 -2
10 31 75 91 -1 30 40 43 49 -1 -2
4 16 49 68 -1 43 46 61 90 -1 -2
3 7 33 100 -1 20 36 74 78 -1 -2
36 85 90 92 -1 -2
13 22 42 44 -1 15 18 40 47 -1 -2
73 75 84 85 -1 17 31 70 80 -1 -2
2 7 80 100 -1 34 36 61 84 -1 -2
5 33 42 56 -1 4 43 47 82 -1 -2
5 12 14 84 -1 57 73 83 91 -1 -2
27 50 85 95 -1 -2
4 11 17 55 -1 -2
18 40 68 92 -1 34 43 59 86 -1 -2
17 52 68 71 -1 2 98 99 100 -1 -2
21 50 61 79 -1 -2
24 50 63 88 -1 -2
2 6 14 61 -1 -2
40 67 75 80 -1 26 42 50 77 -1 -2
40 76 79 95 -1 -2
10 30 61 97 -1 6 7 26 92 -1 -2
61 64 84 92 -1 16 30 86 98 -1 -2
19 28 45 94 -1 -2
5 7 84 95 -1 10 63 77 89 -1 -2
16 24 40 96 -1 -2
23 42 60 85 -1 8 43 62 83 -1 -2
8 50 82 98 -1 -2
14 23 67 76 -1 -2
18 48 67 76 -1 29 58 60 64 -1 -2
48 69 82 96 -1 -2
25 52 71 94 -1 -2
22 26 55 87 -1 36 51 59 96 -1 -2
7 76 89 100 -1 7 12 67 89 -1 -2
16 56 63 93 -1 -2
9 26 47 73 -1 9 44 56 67 -1 -2
6 48 79 97 -1 12 49 54 99 -1 -2
12 64 81 84 -1 -2
33 34 59 93 -1 10 52 57 96 -1 -2
32 36 58 59 -1 -2
19 40 59 80 -1 24 47 89 94 -1 -2
20 40 72 79 -1 34 40 69 99 -1 -2
9 27 35 93 -1 -2
11 35 91 93 -1 2 17 57 68 -1 -2
7 13 73 83 -1 7 44 52 78 -1 -2
17 86 87 91 -1 -2
22 26 64 67 -1 -2
17 21 25 39 -1 22 29 40 51 -1 -2
33 52 80 98 -1 11 39 65 71 -1 -2
14 38 54 72 -1 -2
55 59 90 95 -1 15 28 32 90 -1 -2
15 25 75 93 -1 9 18 65 66 -1 -2
52 63 88 95 -1 -2
17 44 64 96 -1 -2
4 35 54 64 -1 30 60 77 82 -1 -2
61 64 84 87 -1 -2
25 48 54 89 -1 -2
26 72 79 92 -1 41 67 72 97 -1 -2
3 8 55 66 -1 24 66 85 93 -1 -2
14 50 85 92 -1 -2
32 37 56 67 -1 -2
3 8 78 85 -1 11 34 54 100 -1 -2
7 40 69 78 -1 -2
19 51 64 84 -1 -2
51 52 54 98 -1 20 48 58 81 -1 -2
28 34 66 86 -1 9 10 15 40 -1 -2
39 52 76 95 -1 -2
36 45 82 100 -1 21 69 73 80 -1 -2
19 28 37 67 -1 -2
27 33 38 94 -1 9 35 52 68 -1 -2
17 40 48 65 -1 8 20 37 63 -1 -2
49 67 94 95 -1 -2
4 11 16 64 -1 -2
32 68 79 97 -1 26 67 74 100 -1 -2
17 30 58 61 -1 17 33 57 66 -1 -2
36 41 82 97 -1 -2
16 38 57 69 -1 17 50 68 96 -1 -2
2 49 54 91 -1 26 47 55 93 -1 -2
17 38 44 94 -1 -2
52 75 85 90 -1 43 50 59 71 -1 -2
23 51 61 76 -1 -2
30 39 78 98 -1 35 66 83 97 -1 -2
2 26 30 31 -1 -2
4 32 45 99 -1 15 46 52 96 -1 -2
25 38 69 86 -1 -2
5 25 47 52 -1 -2
18 24 64 70 -1 -2
40 72 83 95 -1 37 70 78 98 -1 -2
17 24 33 41 -1 38 49 86 89 -1 -2
39 50 66 79 -1 59 64 74 96 -1 -2
42 46 59 69 -1 -2
46 71 80 85 -1 19 20 34 68 -1 -2
20 41 79 85 -1 -2
12 31 91 92 -1 2 7 19 79 -1 -2
6 22 48 93 -1 -2
26 27 47 69 -1 -2
30 41 82 96 -1 27 30 49 85 -1 -2
4 33 58 93 -1 5 11 40 87 -1 -2
8 47 55 94 -1 -2
88 91 93 98 -1 58 81 84 88 -1 -2
40 76 86 92 -1 29 37 44 56 -1 -2
4 64 71 75 -1 1 75 83 91 -1 -2
23 43 48 100 -1 9 27 37 57 -1 -2
51 64 65 98 -1 -2
2 30 95 96 -1 19 46 51 57 -1 -2
4 32 77 95 -1 4 45 67 90 -1 -2
49 57 96 99 -1 18 41 72 84 -1 -2
22 31 36 85 -1 -2
8 10 39 48 -1 17 27 74 97 -1 -2
19 41 52 59 -1 -2
26 51 57 72 -1 42 79 80 100 -1 -2
7 25 54 85 -1 36 38 54 58 -1 -2
23 67 82 100 -1 5 48 71 88 -1 -2
46 54 67 78 -1 -2
11 43 61 89 -1 -2
7 55 85 88 -1 13 25 32 79 -1 -2
26 33 48 49 -1 33 50 66 86 -1 -2
10 26 70 85 -1 14 31 42 97 -1 -2
7 16 34 83 -1 27 36 80 89 -1 -2
36 42 51 64 -1 -2
12 30 61 65 -1 -2
6 68 99 100 -1 -2
11 25 51 97 -1 6 32 79 81 -1 -2
22 23 40 65 -1 -2
46 57 68 95 -1 -2
61 62 73 89 -1 12 44 54 83 -1 -2
3 70 92 98 -1 42 55 69 76 -1 -2
32 37 49 73 -1 61 64 93 95 -1 -2
32 36 38 74 -1 21 29 37 75 -1 -2
37 42 44 67 -1 10 25 66 94 -1 -2
38 68 81 85 -1 -2
32 44 55 68 -1 61 67 71 83 -1 -2
28 44 48 60 -1 -2
41 61 66 95 -1 8 28 32 45 -1 -2
2 36 80 99 -1 7 29 47 79 -1 -2
62 77 93 96 -1 3 35 50 79 -1 -2
17 54 58 80 -1 7 16 75 95 -1 -2
49 54 77 97 -1 -2
6 77 81 99 -1 33 41 51 76 -1 -2
41 58 73 89 -1 28 52 72 91 -1 -2
2 16 22 72 -1 -2
3 58 84 95 -1 34 52 95 98 -1 -2
33 48 58 98 -1 17 24 52 59 -1 -2
42 45 58 83 -1 6 62 97 98 -1 -2
4 17 29 85 -1 -2
29 54 83 97 -1 -2
30 46 60 90 -1 -2
9 19 47 92 -1 -2
24 28 90 93 -1 -2
40 93 94 99 -1 9 13 20 58 -1 -2
28 34 69 80 -1 -2
44 46 49 98 -1 8 9 19 78 -1 -2
9 73 76 98 -1 -2
12 20 46 100 -1 -2
21 63 84 89 -1 -2
12 27 59 86 -1 30 74 83 99 -1 -2
3 37 55 73 -1 21 24 49 74 -1 -2
6 25 32 85 -1 4 11 31 57 -1 -2
3 41 72 76 -1 -2
16 95 96 99 -1 -2
22 44 54 75 -1 43 63 66 81 -1 -2
12 20 30 99 -1 -2
5 20 30 67 -1 -2
7 17 68 70 -1 -2
27 39 72 81 -1 14 16 70 85 -1 -2
8 25 57 66 -1 43 56 64 96 -1 -2
19 65 77 97 -1 66 72 80 81 -1 -2
27 42 51 95 -1 -2
1 58 59 64 -1 11 18 20 50 -1 -2
34 36 74 85 -1 2 57 74 78 -1 -2
18 28 58 74 -1 -2
42 52 96 100 -1 4 46 81 92 -1 -2
31 54 66 70 -1 -2
20 28 38 78 -1 26 27 39 100 -1 -2
7 23 64 83 -1 -2
2 14 40 97 -1 -2
49 81 82 100 -1 -2
2 48 72 74 -1 -2
9 38 67 91 -1 19 54 58 67 -1 -2
41 56 74 98 -1 9 34 94 95 -1 -2
12 53 84 93 -1 20 30 59 75 -1 -2
38 90 92 100 -1 -2
3 22 28 34 -1 8 26 32 74 -1 -2
36 39 55 82 -1 -2
5 48 58 84 -1 21 44 57 70 -1 -2
38 39 48 54 -1 4 7 84 86 -1 -2
6 53 67 100 -1 -2
11 40 79 80 -1 13 16 25 36 -1 -2
11 53 62 76 -1 5 68 85 91 -1 -2
18 37 71 100 -1 24 35 48 73 -1 -2
24 47 48 57 -1 6 17 96 100 -1 -2
8 47 65 78 -1 12 27 60 91 -1 -2
2 36 43 79 -1 22 30 84 94 -1 -2
13 16 50 84 -1 -2
47 59 61 92 -1 4 34 81 87 -1 -2
22 45 71 74 -1 -2
1 34 68 83 -1 64 82 85 87 -1 -2
39 68 77 87 -1 -2
66 70 75 96 -1 -2
15 27 74 96 -1 6 10 21 54 -1 -2
64 72 80 82 -1 -2
11 13 18 99 -1 -2
7 65 92 94 -1 -2
20 65 82 86 -1 3 16 55 67 -1 -2
40 44 52 87 -1 -2
19 43 46 85 -1 -2
16 41 85 88 -1 -2
49 63 85 91 -1 35 62 83 100 -1 -2
23 25 55 64 -1 57 76 79 98 -1 -2
13 71 78 91 -1 59 72 73 79 -1 -2
11 12 61 71 -1 20 22 63 79 -1 -2
27 57 93 98 -1 -2
20 35 57 74 -1 9 21 63 86 -1 -2
32 35 43 54 -1 3 7 9 88 -1 -2
8 40 41 65 -1 -2
9 56 60 63 -1 8 27 63 67 -1 -2
23 27 52 94 -1 -2
13 31 82 85 -1 -2
21 45 56 64 -1 7 61 77 89 -1 -2
9 50 55 66 -1 37 57 84 90 -1 -2
24 35 79 92 -1 33 73 81 93 -1 -2
13 40 49 97 -1 -2
38 49 87 100 -1 10 18 34 40 -1 -2
11 30 32 46 -1 -2
16 28 44 48 -1 -2
17 20 26 86 -1 2 13 24 53 -1 -2
12 36 61 66 -1 3 7 30 70 -1 -2
16 36 64 95 -1 -2
45 53 86 93 -1 10 12 38 76 -1 -2
18 20 38 77 -1 6 15 31 58 -1 -2
14 25 64 70 -1 50 81 88 96 -1 -2
2 51 74 86 -1 2 20 68 92 -1 -2
8 16 20 31 -1 -2
44 48 78 86 -1 17 34 77 95 -1 -2
34 40 46 57 -1 -2
14 18 52 65 -1 -2
29 47 80 89 -1 18 76 80 100 -1 -2
29 51 67 70 -1 -2
31 64 82 89 -1 -2
53 61 62 80 -1 -2
4 71 87 100 -1 10 63 90 97 -1 -2
12 19 39 64 -1 26 43 69 94 -1 -2
9 23 46 64 -1 -2
19 34 72 93 -1 -2
48 73 80 99 -1 26 27 85 94 -1 -2
21 27 33 34 -1 53 87 98 100 -1 -2
3 20 28 50 -1 31 59 72 91 -1 -2
31 33 85 100 -1 34 47 48 77 -1 -2
36 42 52 68 -1 3 27 66 77 -1 -2
10 12 41 63 -1 5 47 55 59 -1 -2
35 61 93 96 -1 1 35 71 92 -1 -2
24 48 60 99 -1 -2
23 40 50 96 -1 -2
41 52 65 69 -1 -2
30 49 55 73 -1 -2
8 36 52 72 -1 43 51 74 85 -1 -2
15 31 36 38 -1 9 29 32 48 -1 -2
27 59 65 71 -1 46 51 54 57 -1 -2
5 34 45 49 -1 15 21 85 93 -1 -2
4 79 83 97 -1 -2
27 42 53 96 -1 4 29 71 89 -1 -2
7 13 35 72 -1 58 69 78 79 -1 -2
1 37 72 75 -1 12 13 42 87 -1 -2
68 81 97 99 -1 13 28 59 86 -1 -2
28 35 53 85 -1 -2
29 30 44 93 -1 5 33 48 93 -1 -2
12 59 68 96 -1 7 47 63 94 -1 -2
22 34 57 85 -1 -2
4 10 14 92 -1 3 16 32 68 -1 -2
33 39 67 88 -1 17 18 21 62 -1 -2
29 35 45 65 -1 -2
3 17 64 66 -1 -2
20 50 51 91 -1 -2
4 41 68 89 -1 -2
71 75 82 99 -1 -2
37 46 57 78 -1 -2
1 28 42 83 -1 29 62 73 78 -1 -2
12 38 56 84 -1 4 40 54 96 -1 -2
11 33 86 89 -1 4 25 42 96 -1 -2
2 21 68 77 -1 -2
1 42 59 88 -1 17 20 86 89 -1 -2
8 69 74 99 -1 31 37 66 88 -1 -2
15 67 75 86 -1 13 17 60 76 -1 -2
35 44 46 78 -1 -2
2 22 75 100 -1 24 42 64 70 -1 -2
37 56 66 93 -1 48 49 89 94 -1 -2
9 21 41 99 -1 14 42 78 93 -1 -2
43 81 82 88 -1 10 36 53 76 -1 -2
12 23 67 68 -1 -2
54 60 77 100 -1 21 31 94 99 -1 -2
6 20 23 80 -1 19 38 57 78 -1 -2
15 66 93 96 -1 22 29 31 81 -1 -2
21 48 78 94 -1 9 16 58 60 -1 -2
28 68 91 94 -1 -2
47 53 56 87 -1 25 30 39 44 -1 -2
5 36 72 89 -1 -2
29 33 83 96 -1 7 49 54 62 -1 -2
12 17 42 62 -1 -2
33 75 78 92 -1 6 37 45 54 -1 -2
5 54 87 91 -1 -2
14 24 48 96 -1 16 42 58 65 -1 -2
5 24 42 69 -1 -2
13 34 71 93 -1 29 40 54 91 -1 -2
28 49 70 79 -1 5 19 74 86 -1 -2
10 28 55 91 -1 -2
17 68 90 97 -1 -2
5 46 67 82 -1 -2
6 11 19 23 -1 -2
22 26 28 56 -1 -2
1 5 36 47 -1 -2
1 4 63 82 -1 19 24 27 57 -1 -2
46 50 82 99 -1 22 31 72 95 -1 -2
26 52 59 95 -1 15 60 66 93 -1 -2
6 35 55 69 -1 29 36 55 79 -1 -2
8 29 71 76 -1 -2
52 67 85 98 -1 -2
11 19 68 78 -1 -2
13 26 34 82 -1 20 63 73 79 -1 -2
1 11 67 90 -1 27 43 77 79 -1 -2
11 16 69 76 -1 -2
21 27 53 74 -1 -2
2 11 28 57 -1 12 28 39 86 -1 -2
21 43 67 90 -1 -2
50 55 56 67 -1 -2
2 68 80 100 -1 75 91 95 100 -1 -2
40 69 74 91 -1 22 67 91 98 -1 -2
4 29 60 74 -1 10 21 62 63 -1 -2
8 16 67 80 -1 24 36 71 82 -1 -2
3 32 44 49 -1 -2
12 20 76 87 -1 -2
18 37 44 91 -1 1 5 68 99 -1 -2
33 46 76 84 -1 18 34 42 94 -1 -2
14 56 69 71 -1 8 85 86 99 -1 -2
8 39 44 100 -1 -2
13 17 50 58 -1 12 83 85 89 -1 -2
58 63 69 83 -1 26 52 92 99 -1 -2
32 37 75 80 -1 -2
7 42 49 81 -1 25 72 74 78 -1 -2
39 50 92 100 -1 19 44 53 69 -1 -2
12 60 78 85 -1 -2
31 37 76 86 -1 15 19 74 76 -1 -2
34 37 42 43 -1 42 76 84 86 -1 -2
24 65 69 70 -1 17 38 43 90 -1 -2
42 64 66 82 -1 -2
8 17 58 77 -1 10 47 57 69 -1 -2
8 18 43 71 -1 26 39 46 88 -1 -2
18 23 52 89 -1 2 30 57 80 -1 -2
35 45 73 78 -1 -2
37 41 81 85 -1 -2
42 50 68 94 -1 -2
45 86 90 97 -1 -2
36 73 81 90 -1 38 40 59 71 -1 -2
32 73 90 100 -1 -2
15 30 74 76 -1 -2
17 30 32 96 -1 -2
4 28 48 57 -1 24 27 46 83 -1 -2
3 7 9 52 -1 58 67 73 85 -1 -2
56 57 63 78 -1 11 22 51 56 -1 -2
42 66 93 99 -1 3 35 47 88 -1 -2
3 8 15 67 -1 -2
21 35 49 94 -1 -2
4 24 57 76 -1 -2
19 47 80 82 -1 3 14 20 53 -1 -2
48 54 58 95 -1 -2
21 25 40 73 -1 -2
58 77 93 99 -1 -2
9 21 39 92 -1 4 32 66 89 -1 -2
2 40 51 89 -1 -2
25 50 70 95 -1 13 32 55 90 -1 -2
3 20 49 96 -1 10 40 57 81 -1 -2
3 11 16 81 -1 26 36 50 65 -1 -2
26 45 81 95 -1 -2
14 62 79 82 -1 -2
8 50 79 84 -1 -2
1 8 49 58 -1 19 20 28 98 -1 -2
49 52 79 99 -1 -2
11 45 89 92 -1 -2
8 14 32 40 -1 2 10 53 56 -1 -2
3 62 75 88 -1 10 19 25 26 -1 -2
46 57 64 86 -1 22 67 78 89 -1 -2
4 52 63 80 -1 -2
11 22 70 77 -1 -2
1 33 56 98 -1 73 76 84 93 -1 -2
20 43 76 77 -1 -2
62 67 84 86 -1 1 11 60 72 -1 -2
2 9 22 94 -1 13 74 77 100 -1 -2
6 38 76 92 -1 55 86 91 96 -1 -2
9 17 70 94 -1 -2
3 7 15 48 -1 -2
7 14 16 99 -1 -2
17 31 45 73 -1 -2
7 12 31 67 -1 23 28 54 68 -1 -2
24 69 85 96 -1 -2
27 40 76 97 -1 -2
31 47 54 86 -1 6 24 47 85 -1 -2
31 35 48 81 -1 -2
20 50 65 86 -1 -2
3 28 29 66 -1 5 25 40 100 -1 -2
66 73 86 93 -1 18 31 46 53 -1 -2
30 41 65 67 -1 -2
13 16 40 89 -1 22 52 56 94 -1 -2
55 59 61 97 -1 -2
6 34 68 83 -1 3 15 43 63 -1 -2
21 27 41 77 -1 -2
44 65 81 84 -1 40 53 59 97 -1 -2
58 68 71 96 -1 -2
2 33 54 86 -1 4 33 45 75 -1 -2
2 25 70 98 -1 30 31 49 71 -1 -2
5 9 34 87 -1 2 66 87 89 -1 -2
5 12 13 35 -1 20 58 74 92 -1 -2
39 56 90 98 -1 -2
51 61 83 91 -1 -2
5 52 66 96 -1 -2
8 18 49 68 -1 54 61 98 99 -1 -2
16 63 78 91 -1 28 37 39 80 -1 -2
21 32 60 76 -1 -2
8 33 67 78 -1 -2
2 10 18 48 -1 -2
4 7 24 51 -1 -2
55 68 76 97 -1 7 8 46 69 -1 -2
21 26 45 49 -1 -2
6 19 35 67 -1 57 59 64 66 -1 -2
28 50 66 94 -1 -2
17 55 72 95 -1 -2
38 45 46 81 -1 -2
22 28 48 49 -1 -2
31 64 83 92 -1 -2
5 51 88 91 -1 15 21 63 99 -1 -2
33 38 40 79 -1 18 19 37 39 -1 -2
3 53 58 82 -1 -2
20 32 46 52 -1 -2
1 22 67 89 -1 -2
10 13 97 99 -1 -2
5 33 35 45 -1 20 42 71 76 -1 -2
11 28 62 80 -1 -2
6 9 56 87 -1 10 30 51 98 -1 -2
41 53 76 88 -1 -2
34 38 72 83 -1 30 33 50 59 -1 -2
4 52 73 82 -1 13 32 88 95 -1 -2
30 66 68 100 -1 1 15 39 51 -1 -2
7 42 73 81 -1 -2
1 5 6 14 -1 -2
23 26 67 94 -1 34 39 88 99 -1 -2
53 77 92 93 -1 39 50 76 78 -1 -2
13 18 82 95 -1 -2
47 53 56 83 -1 -2
31 45 80 99 -1 38 45 64 75 -1 -2
13 46 53 89 -1 12 22 61 98 -1 -2
24 32 85 89 -1 19 29 84 90 -1 -2
7 30 55 90 -1 -2
43 45 62 87 -1 -2
29 45 88 95 -1 -2
8 70 75 100 -1 -2
12 20 47 94 -1 -2
23 59 67 86 -1 13 14 35 88 -1 -2
9 27 29 87 -1 66 73 88 92 -1 -2
15 26 52 97 -1 15 19 43 54 -1 -2
2 3 7 43 -1 21 32 64 99 -1 -2
56 76 98 99 -1 10 36 60 75 -1 -2
16 46 49 83 -1 35 71 82 87 -1 -2
3 11 70 100 -1 -2
2 25 55 85 -1 -2
27 54 64 95 -1 5 54 92 96 -1 -2
16 53 54 79 -1 -2
22 47 70 74 -1 -2
18 63 64 73 -1 -2
4 77 99 100 -1 37 57 66 83 -1 -2
16 33 39 61 -1 -2
33 54 76 83 -1 34 60 76 91 -1 -2
26 73 74 91 -1 -2
28 31 48 80 -1 1 39 66 89 -1 -2
12 43 75 89 -1 -2
5 9 27 56 -1 -2
14 44 50 58 -1 -2
9 37 93 97 -1 32 81 83 100 -1 -2
30 51 78 96 -1 9 11 58 67 -1 -2
4 24 30 44 -1 -2
22 26 56 70 -1 8 19 48 50 -1 -2
48 57 63 79 -1 -2
27 34 55 67 -1 -2
10 26 70 85 -1 -2
33 61 84 86 -1 15 16 24 30 -1 -2
4 29 55 70 -1 24 34 49 88 -1 -2
34 37 87 90 -1 -2
8 16 22 28 -1 20 26 34 36 -1 -2
33 64 76 88 -1 25 35 46 92 -1 -2
38 58 65 99 -1 -2
12 71 74 89 -1 17 18 36 82 -1 -2
13 78 81 96 -1 15 17 54 98 -1 -2
49 67 89 96 -1 10 19 21 22 -1 -2
9 13 29 71 -1 -2
9 15 71 77 -1 -2
15 21 68 97 -1 -2
13 50 57 90 -1 7 22 72 98 -1 -2
3 23 29 55 -1 -2
15 17 63 80 -1 8 33 50 53 -1 -2
9 10 33 89 -1 6 46 87 88 -1 -2
29 37 76 82 -1 -2
36 44 60 91 -1 -2
19 32 45 89 -1 -2
32 36 96 99 -1 -2
12 19 58 95 -1 -2
36 65 88 99 -1 -2
32 64 78 97 -1 47 80 99 100 -1 -2
3 57 77 95 -1 5 14 17 80 -1 -2
9 80 85 97 -1 5 18 69 96 -1 -2
47 68 97 100 -1 -2
3 55 72 92 -1 1 17 85 90 -1 -2
30 49 67 94 -1 -2
27 67 71 82 -1 11 31 59 80 -1 -2
1 4 26 40 -1 -2
9 11 79 83 -1 7 9 18 64 -1 -2
19 71 74 89 -1 -2
12 48 54 68 -1 -2
3 27 39 71 -1 35 80 84 88 -1 -2
37 54 66 71 -1 11 78 79 82 -1 -2
41 50 61 96 -1 3 9 31 51 -1 -2
15 16 40 66 -1 -2
18 87 96 98 -1 -2
6 7 56 100 -1 10 33 82 91 -1 -2
2 37 61 71 -1 -2
2 13 47 73 -1 -2
5 19 39 45 -1 35 43 63 74 -1 -2
3 20 49 100 -1 -2
3 55 72 75 -1 4 5 8 25 -1 -2
23 58 60 85 -1 42 46 49 68 -1 -2
32 64 87 100 -1 -2
2 37 73 80 -1 5 21 40 57 -1 -2
3 51 66 90 -1 -2
11 51 53 56 -1 38 64 69 88 -1 -2
23 31 35 93 -1 26 57 61 70 -1 -2
53 65 78 98 -1 -2
9 38 50 80 -1 -2
25 35 36 58 -1 17 39 62 96 -1 -2
1 13 47 68 -1 10 52 59 85 -1 -2
25 48 66 85 -1 7 24 38 89 -1 -2
30 34 40 94 -1 23 79 95 99 -1 -2
17 34 53 86 -1 -2
18 86 92 94 -1 -2
4 9 29 75 -1 -2
4 25 81 94 -1 6 35 64 69 -1 -2
11 47 57 76 -1 -2
22 62 86 87 -1 37 45 47 71 -1 -2
51 63 77 88 -1 20 31 36 44 -1 -2
15 25 47 51 -1 9 63 72 77 -1 -2
12 60 61 91 -1 -2
5 34 62 82 -1 8 25 27 83 -1 -2
32 48 64 73 -1 -2
14 42 64 90 -1 40 56 65 83 -1 -2
13 48 91 94 -1 -2
21 24 50 71 -1 -2
46 61 62 64 -1 12 27 36 83 -1 -2
15 92 93 95 -1 -2
20 24 65 94 -1 -2
27 78 96 97 -1 -2
9 62 69 89 -1 29 63 74 93 -1 -2
8 17 65 97 -1 -2
50 54 92 93 -1 4 22 41 62 -1 -2
50 65 89 90 -1 -2
13 23 55 69 -1 7 73 87 95 -1 -2
18 42 73 96 -1 30 42 60 96 -1 -2
8 68 70 98 -1 13 36 39 80 -1 -2
20 26 79 80 -1 -2
2 7 42 45 -1 -2
8 26 65 95 -1 9 17 19 32 -1 -2
40 66 95 98 -1 -2
39 72 76 95 -1 16 37 70 75 -1 -2
11 33 63 90 -1 -2
3 20 82 87 -1 -2
24 50 66 99 -1 -2
1 21 77 83 -1 15 24 59 91 -1 -2
58 69 71 91 -1 4 61 91 98 -1 -2
2 17 40 79 -1 7 8 16 54 -1 -2
11 23 58 88 -1 8 10 40 73 -1 -2
9 37 61 69 -1 36 53 83 89 -1 -2
4 19 30 46 -1 -2
33 40 90 91 -1 26 53 93 100 -1 -2
45 59 65 89 -1 -2
4 6 50 68 -1 14 35 54 84 -1 -2
25 36 60 79 -1 24 28 46 66 -1 -2
4 30 67 72 -1 80 86 93 94 -1 -2
28 48 70 83 -1 28 45 47 73 -1 -2
2 23 43 83 -1 8 21 23 100 -1 -2
12 54 85 89 -1 9 45 54 73 -1 -2
17 56 63 85 -1 -2
67 71 93 100 -1 12 36 44 80 -1 -2
1 21 25 55 -1 23 31 40 92 -1 -2
36 39 88 89 -1 -2
8 9 65 92 -1 -2
33 62 73 98 -1 31 42 51 86 -1 -2
29 36 51 99 -1 33 60 64 92 -1 -2
10 45 72 85 -1 -2
10 13 25 97 -1 3 5 37 92 -1 -2
4 46 52 68 -1 -2
23 42 65 98 -1 -2
16 30 47 86 -1 4 37 59 85 -1 -2
2 34 90 100 -1 -2
12 15 56 78 -1 -2
26 33 55 74 -1 13 15 74 88 -1 -2
46 74 77 81 -1 20 29 61 86 -1 -2
36 44 52 72 -1 13 54 61 92 -1 -2
12 17 31 62 -1 -2
15 34 46 97 -1 -2
2 6 62 77 -1 -2
5 6 29 47 -1 -2
47 73 93 97 -1 22 27 56 88 -1 -2
12 13 90 94 -1 -2
15 46 51 66 -1 3 47 69 75 -1 -2
23 46 48 54 -1 41 45 70 85 -1 -2
46 58 76 82 -1 63 75 86 90 -1 -2
9 28 31 77 -1 -2
66 91 94 99 -1 -2
47 53 68 73 -1 2 6 38 57 -1 -2
11 28 63 69 -1 6 27 64 98 -1 -2
26 45 60 75 -1 25 60 78 81 -1 -2
9 12 83 94 -1 13 28 55 90 -1 -2
14 72 79 98 -1 -2
17 42 79 87 -1 -2
9 23 31 56 -1 -2
7 44 60 66 -1 -2
7 62 77 87 -1 -2
15 62 77 97 -1 -2
20 46 49 98 -1 2 27 29 84 -1 -2
15 33 38 40 -1 -2
18 24 75 93 -1 -2
35 56 68 75 -1 -2
44 57 66 93 -1 23 38 67 90 -1 -2
8 30 39 85 -1 2 6 57 85 -1 -2
8 41 68 81 -1 43 56 65 71 -1 -2
3 15 64 100 -1 4 54 57 66 -1 -2
5 14 50 65 -1 -2
17 32 57 65 -1 8 25 31 57 -1 -2
6 25 72 93 -1 -2
14 19 37 96 -1 -2
2 10 61 78 -1 -2
18 26 45 84 -1 -2
28 37 51 59 -1 -2
9 19 92 100 -1 34 37 56 67 -1 -2
36 62 73 82 -1 20 23 63 71 -1 -2
24 36 45 72 -1 7 25 69 90 -1 -2
21 77 89 93 -1 -2
10 17 51 90 -1 35 51 67 78 -1 -2
10 24 59 99 -1 7 11 16 59 -1 -2
12 30 83 100 -1 -2
1 17 24 49 -1 -2
43 47 72 90 -1 -2
42 53 89 99 -1 -2
20 44 98 100 -1 -2
7 41 52 62 -1 -2
13 23 53 84 -1 26 35 48 67 -1 -2
9 31 43 89 -1 -2
4 35 46 67 -1 -2
18 28 92 94 -1 5 67 79 90 -1 -2
22 28 41 81 -1 -2
36 38 43 92 -1 -2
31 68 88 96 -1 -2
24 46 50 85 -1 4 17 45 92 -1 -2
33 48 68 79 -1 25 88 93 99 -1 -2
20 27 32 61 -1 11 21 41 52 -1 -2
1 6 47 84 -1 -2
3 46 63 88 -1 5 45 53 54 -1 -2
8 72 83 97 -1 -2
13 28 75 88 -1 -2
44 49 75 78 -1 -2
16 26 47 79 -1 10 65 71 96 -1 -2
29 40 54 78 -1 14 27 31 43 -1 -2
2 5 9 25 -1 -2
4 61 78 86 -1 -2
57 60 74 92 -1 18 75 77 100 -1 -2
5 17 48 90 -1 -2
54 55 61 91 -1 14 26 53 71 -1 -2
8 62 71 84 -1 -2
32 61 79 99 -1 -2
19 45 63 99 -1 76 84 88 93 -1 -2
30 32 45 90 -1 2 7 29 35 -1 -2
9 22 27 34 -1 14 41 53 56 -1 -2
4 13 28 99 -1 41 42 73 80 -1 -2
14 45 51 96 -1 34 48 70 72 -1 -2
18 26 61 69 -1 14 75 78 99 -1 -2
6 9 23 46 -1 11 14 18 71 -1 -2
26 53 76 94 -1 21 31 66 96 -1 -2
1 4 47 86 -1 13 14 17 55 -1 -2
2 14 53 95 -1 -2
26 64 80 86 -1 42 44 45 93 -1 -2
11 32 71 96 -1 6 38 46 75 -1 -2
23 30 85 97 -1 22 46 52 97 -1 -2
39 49 94 95 -1 24 42 71 100 -1 -2
17 21 55 80 -1 -2
8 18 57 99 -1 14 36 39 100 -1 -2
6 20 50 55 -1 64 71 72 81 -1 -2
6 62 63 89 -1 -2
18 80 84 85 -1 -2
17 19 23 87 -1 33 59 81 84 -1 -2
49 70 82 98 -1 -2
1 76 88 99 -1 -2
12 46 68 92 -1 -2
5 62 72 74 -1 8 10 18 41 -1 -2
10 16 52 81 -1 19 30 37 50 -1 -2
68 72 76 96 -1 18 49 54 69 -1 -2
6 21 30 78 -1 -2
49 51 61 75 -1 -2
45 58 74 96 -1 32 40 42 81 -1 -2
17 58 67 99 -1 1 8 12 41 -1 -2
14 59 68 76 -1 -2
21 56 67 70 -1 24 29 31 91 -1 -2
44 74 94 95 -1 -2
28 60 94 97 -1 47 52 63 100 -1 -2
38 76 77 81 -1 -2
26 48 59 84 -1 33 48 88 89 -1 -2
9 13 16 88 -1 -2
2 12 48 78 -1 1 57 78 93 -1 -2
66 73 88 98 -1 3 32 90 95 -1 -2
30 53 95 97 -1 55 58 68 70 -1 -2
11 68 75 78 -1 7 26 37 85 -1 -2
13 54 68 98 -1 -2
12 39 80 94 -1 -2
10 32 60 97 -1 -2
17 28 45 55 -1 -2
55 57 92 99 -1 19 20 48 85 -1 -2
16 42 51 80 -1 17 24 84 87 -1 -2
56 75 84 100 -1 16 17 76 79 -1 -2
15 20 31 65 -1 15 35 77 100 -1 -2
33 50 53 60 -1 -2
1 45 53 90 -1 -2
19 32 78 92 -1 13 20 53 86 -1 -2
27 28 32 52 -1 51 66 81 99 -1 -2
19 26 56 89 -1 -2
10 17 20 41 -1 34 66 75 79 -1 -2
17 40 53 73 -1 2 7 16 49 -1 -2
17 50 59 83 -1 -2
4 11 15 93 -1 -2
6 9 28 76 -1 13 15 18 54 -1 -2
3 40 77 84 -1 16 45 50 69 -1 -2
35 56 57 68 -1 58 75 85 90 -1 -2
37 58 63 94 -1 -2
10 66 78 90 -1 4 5 40 92 -1 -2
38 46 78 80 -1 38 47 59 79 -1 -2
10 31 60 98 -1 -2
22 29 30 65 -1 73 86 94 95 -1 -2
3 4 25 75 -1 -2
10 22 73 79 -1 -2
2 8 16 52 -1 -2
20 30 41 98 -1 -2
14 36 57 78 -1 -2
6 40 65 89 -1 28 44 51 69 -1 -2
43 49 68 71 -1 -2
22 60 70 81 -1 38 53 57 63 -1 -2
4 32 33 92 -1 -2
4 27 45 57 -1 -2
1 28 36 57 -1 -2
29 47 53 68 -1 8 33 37 67 -1 -2
14 32 44 93 -1 25 29 48 78 -1 -2
2 4 40 83 -1 -2
23 27 40 44 -1 -2
48 57 62 83 -1 4 24 51 83 -1 -2
7 42 61 81 -1 41 54 78 91 -1 -2
2 11 24 78 -1 -2
36 51 52 66 -1 -2
9 14 67 99 -1 -2
18 75 89 96 -1 -2
14 32 37 66 -1 43 53 66 99 -1 -2
7 9 75 85 -1 -2
5 14 60 84 -1 -2
25 34 58 69 -1 18 46 61 67 -1 -2
17 24 33 56 -1 11 29 82 84 -1 -2
12 15 16 18 -1 -2
41 50 90 98 -1 18 20 30 94 -1 -2
64 70 76 93 -1 -2
46 56 58 96 -1 35 71 73 75 -1 -2
2 11 14 38 -1 -2
31 41 50 69 -1 13 15 85 100 -1 -2
27 44 86 95 -1 3 36 55 88 -1 -2
35 84 91 97 -1 34 49 67 93 -1 -2
9 52 64 100 -1 -2
13 23 83 92 -1 -2
6 8 68 90 -1 -2
42 50 52 89 -1 -2
20 28 47 79 -1 3 35 77 98 -1 -2
20 36 39 65 -1 34 42 80 88 -1 -2
5 50 52 98 -1 44 49 56 93 -1 -2
18 36 56 87 -1 47 78 89 100 -1 -2
28 36 49 56 -1 33 35 43 57 -1 -2
36 45 57 91 -1 11 19 36 72 -1 -2
45 66 79 81 -1 -2
9 15 47 72 -1 -2
50 58 69 74 -1 13 42 58 75 -1 -2
16 20 58 66 -1 3 18 55 92 -1 -2
2 24 49 65 -1 -2
7 9 87 92 -1 2 63 80 87 -1 -2
4 39 42 68 -1 -2
4 6 59 93 -1 -2
18 33 45 55 -1 31 50 71 99 -1 -2
17 27 33 56 -1 -2
7 17 82 95 -1 -2
23 45 67 88 -1 2 34 46 96 -1 -2
26 27 47 80 -1 -2
72 83 85 87 -1 -2
65 66 79 96 -1 2 18 22 43 -1 -2
7 68 81 87 -1 -2
24 32 61 88 -1 -2
27 49 71 100 -1 -2
32 44 49 98 -1 21 59 87 94 -1 -2
11 22 42 59 -1 -2
12 26 68 91 -1 -2
8 10 23 57 -1 -2
9 14 48 94 -1 16 31 67 81 -1 -2
13 37 38 75 -1 -2
1 21 33 57 -1 1 61 95 98 -1 -2
5 19 27 79 -1 -2
38 44 70 96 -1 -2
2 47 56 72 -1 -2
5 8 33 53 -1 -2
34 43 51 88 -1 12 49 61 84 -1 -2
21 24 32 44 -1 -2
2 16 19 87 -1 16 54 59 92 -1 -2
16 23 35 39 -1 -2
11 34 49 73 -1 12 55 70 72 -1 -2
34 59 75 79 -1 -2
8 13 32 92 -1 13 29 52 71 -1 -2
11 29 38 67 -1 -2
45 50 63 99 -1 11 44 54 79 -1 -2
31 64 70 76 -1 1 13 16 49 -1 -2
12 35 36 79 -1 -2
4 48 49 96 -1 1 7 20 47 -1 -2
16 66 75 99 -1 -2
6 40 43 74 -1 22 55 59 92 -1 -2
2 34 83 95 -1 28 34 46 100 -1 -2
14 71 72 94 -1 15 45 59 92 -1 -2
4 65 80 86 -1 -2
16 30 68 96 -1 23 60 81 98 -1 -2
14 45 54 60 -1 -2
18 26 46 83 -1 39 41 75 91 -1 -2
54 66 95 98 -1 32 48 77 78 -1 -2
6 58 78 83 -1 9 31 44 86 -1 -2
13 35 36 53 -1 -2
3 5 36 46 -1 5 11 19 34 -1 -2
10 11 41 43 -1 -2
16 26 30 72 -1 -2
23 27 29 82 -1 -2
20 23 37 89 -1 21 49 58 63 -1 -2
16 20 37 53 -1 8 13 22 61 -1 -2
19 21 54 57 -1 16 41 60 98 -1 -2
19 65 76 99 -1 37 43 44 75 -1 -2
26 67 93 97 -1 -2
18 29 77 95 -1 -2
5 33 61 88 -1 -2
22 61 64 99 -1 10 37 65 77 -1 -2
43 65 73 98 -1 33 50 72 95 -1 -2
23 37 70 88 -1 3 29 45 87 -1 -2
12 18 22 59 -1 28 48 82 91 -1 -2
39 53 93 95 -1 -2
1 39 42 84 -1 -2
10 33 82 88 -1 12 20 22 100 -1 -2
24 31 52 92 -1 19 69 70 75 -1 -2
6 13 70 74 -1 -2
17 47 83 86 -1 7 8 28 77 -1 -2
5 15 29 45 -1 11 12 28 47 -1 -2
13 52 66 77 -1 -2
41 55 92 97 -1 -2
10 34 35 93 -1 -2
38 47 59 97 -1 2 39 42 96 -1 -2
29 65 77 82 -1 -2
19 58 72 100 -1 9 20 29 97 -1 -2
7 85 96 100 -1 -2
7 24 31 78 -1 -2
62 78 82 100 -1 -2
3 23 27 88 -1 -2
34 43 65 69 -1 -2
30 83 90 96 -1 2 35 83 86 -1 -2
6 78 89 90 -1 46 68 75 77 -1 -2
15 33 39 99 -1 -2
39 64 73 93 -1 -2
1 3 83 89 -1 58 67 69 89 -1 -2
3 26 57 99 -1 -2
31 58 74 96 -1 27 49 64 88 -1 -2
6 26 83 91 -1 14 16 19 41 -1 -2
16 21 62 94 -1 -2
8 10 35 43 -1 4 9 12 66 -1 -2
11 30 59 60 -1 -2
21 29 75 78 -1 42 47 68 98 -1 -2
19 24 70 95 -1 5 18 27 55 -1 -2
27 29 63 84 -1 -2
59 71 87 94 -1 -2
19 22 48 65 -1 -2
7 37 68 92 -1 -2
12 13 53 79 -1 6 8 13 65 -1 -2
52 64 68 77 -1 25 46 77 88 -1 -2
24 43 87 94 -1 -2
6 11 17 37 -1 -2
10 27 42 100 -1 10 36 55 82 -1 -2
5 33 43 61 -1 -2
11 52 59 70 -1 -2
19 40 65 69 -1 -2
47 63 75 77 -1 -2
1 6 10 87 -1 49 67 69 81 -1 -2
28 60 81 94 -1 24 33 54 61 -1 -2
7 23 40 89 -1 2 40 58 71 -1 -2
18 62 73 94 -1 -2
22 34 92 93 -1 9 21 32 55 -1 -2
6 8 55 67 -1 41 51 63 93 -1 -2
33 50 52 60 -1 44 45 46 81 -1 -2
9 40 51 72 -1 -2
2 76 94 98 -1 -2
23 44 58 70 -1 8 44 46 95 -1 -2
22 23 44 62 -1 35 55 66 74 -1 -2
17 41 97 98 -1 -2
43 72 80 89 -1 -2
15 52 71 93 -1 -2
10 52 90 91 -1 8 29 54 70 -1 -2
9 41 96 100 -1 -2
13 19 73 88 -1 -2
48 55 68 89 -1 1 48 63 66 -1 -2
12 75 80 94 -1 -2
3 26 92 98 -1 48 56 77 86 -1 -2
14 32 40 49 -1 -2
31 43 74 92 -1 43 72 83 85 -1 -2
27 29 54 56 -1 -2
13 45 50 71 -1 1 12 70 91 -1 -2
12 51 55 78 -1 -2
8 36 54 73 -1 46 62 64 78 -1 -2
20 40 60 61 -1 8 16 30 75 -1 -2
21 33 43 71 -1 -2
9 18 73 85 -1 -2
7 48 70 97 -1 9 63 74 78 -1 -2
39 63 74 82 -1 -2
19 52 85 98 -1 1 24 58 61 -1 -2
16 44 67 75 -1 18 32 67 83 -1 -2
30 37 69 96 -1 -2
32 53 65 79 -1 -2
34 72 86 97 -1 15 24 29 84 -1 -2
6 40 46 65 -1 -2
14 47 49 57 -1 1 7 27 42 -1 -2
17 56 74 84 -1 -2
14 28 58 70 -1 1 16 44 67 -1 -2
9 14 31 86 -1 -2
38 39 53 62 -1 -2
1 57 63 92 -1 -2
50 53 67 84 -1 -2
5 57 65 80 -1 -2
23 25 50 56 -1 -2
17 34 76 100 -1 -2
26 28 56 73 -1 -2
29 34 54 98 -1 -2
33 40 44 61 -1 -2
15 50 74 88 -1 -2
3 11 14 46 -1 -2
25 56 85 100 -1 57 69 70 98 -1 -2
7 20 41 43 -1 -2
18 40 65 77 -1 4 38 59 61 -1 -2
29 38 68 87 -1 48 49 70 90 -1 -2
6 31 38 51 -1 -2
14 27 63 94 -1 -2
2 25 58 95 -1 -2
12 19 69 71 -1 14 20 35 79 -1 -2
20 23 80 83 -1 -2
36 48 58 63 -1 -2
12 31 51 95 -1 22 34 38 41 -1 -2
23 34 62 78 -1 23 36 88 97 -1 -2
7 12 60 61 -1 -2
5 20 60 98 -1 11 19 65 88 -1 -2
21 37 78 91 -1 -2
7 9 15 74 -1 -2
4 17 34 39 -1 -2
17 36 62 80 -1 54 61 83 100 -1 -2
17 57 72 84 -1 22 46 62 78 -1 -2
4 22 49 99 -1 19 53 72 89 -1 -2
77 79 83 100 -1 -2
23 28 43 98 -1 24 33 64 100 -1 -2
44 84 94 100 -1 4 7 93 94 -1 -2
16 24 26 65 -1 -2
29 62 81 89 -1 4 35 80 94 -1 -2
30 33 45 54 -1 -2
16 21 23 87 -1 23 28 72 98 -1 -2
4 40 82 91 -1 -2
2 41 52 96 -1 5 44 57 84 -1 -2
54 62 75 85 -1 7 57 84 86 -1 -2
39 47 70 92 -1 -2
2 35 79 87 -1 -2
19 77 82 100 -1 -2
4 42 60 89 -1 -2
55 67 84 96 -1 -2
6 15 17 98 -1 -2
32 85 86 93 -1 10 21 41 62 -1 -2
2 8 52 66 -1 -2
2 18 20 64 -1 41 68 69 92 -1 -2
14 60 88 89 -1 39 52 55 76 -1 -2
3 14 60 74 -1 -2
9 19 68 83 -1 -2
8 46 48 81 -1 -2
6 7 67 68 -1 37 52 84 89 -1 -2
15 38 67 89 -1 25 29 56 88 -1 -2
5 36 83 86 -1 -2
27 35 59 82 -1 -2
28 43 78 79 -1 -2
30 43 44 80 -1 -2
5 29 62 98 -1 19 59 63 86 -1 -2
23 26 65 98 -1 -2
2 42 55 86 -1 -2
21 63 64 95 -1 -2
22 24 37 72 -1 -2
29 58 73 83 -1 -2
4 7 37 52 -1 -2
19 24 42 80 -1 12 14 75 96 -1 -2
12 36 58 66 -1 3 28 34 70 -1 -2
2 41 65 93 -1 -2
30 63 68 92 -1 43 77 99 100 -1 -2
44 78 81 92 -1 -2
19 28 40 55 -1 45 55 72 80 -1 -2
13 18 23 58 -1 7 66 68 79 -1 -2
31 42 75 81 -1 -2
17 47 84 91 -1 2 26 73 75 -1 -2
13 36 67 88 -1 -2
9 16 30 85 -1 26 45 53 69 -1 -2
15 21 36 46 -1 -2
35 83 87 89 -1 -2
3 5 36 69 -1 5 17 22 93 -1 -2
11 28 60 74 -1 18 36 72 84 -1 -2
12 13 58 80 -1 35 46 69 93 -1 -2
34 48 51 60 -1 -2
19 44 64 97 -1 -2
7 49 57 68 -1 18 41 57 64 -1 -2
30 43 52 77 -1 -2
3 38 41 90 -1 -2
12 23 46 83 -1 5 11 79 85 -1 -2
21 27 28 91 -1 -2
38 40 43 68 -1 41 57 75 97 -1 -2
24 25 50 78 -1 -2
2 9 28 29 -1 2 10 53 96 -1 -2
11 33 40 51 -1 56 64 74 81 -1 -2
33 38 39 54 -1 19 24 84 92 -1 -2
22 65 69 82 -1 21 36 50 60 -1 -2
12 30 35 96 -1 22 40 45 100 -1 -2
17 46 55 79 -1 40 86 97 100 -1 -2
18 45 87 98 -1 19 32 37 50 -1 -2
15 25 39 69 -1 -2
18 42 61 79 -1 4 28 70 100 -1 -2
25 40 63 72 -1 -2
36 45 58 83 -1 -2
14 21 72 85 -1 -2
23 36 48 90 -1 -2
15 38 72 81 -1 2 22 29 37 -1 -2
20 61 70 94 -1 -2
1 59 63 68 -1 55 63 71 85 -1 -2
9 16 17 54 -1 8 49 64 85 -1 -2
62 69 74 82 -1 7 9 20 87 -1 -2
11 27 33 65 -1 -2
29 36 40 54 -1 2 17 50 83 -1 -2
12 33 51 85 -1 51 55 93 99 -1 -2
7 28 38 85 -1 4 8 63 76 -1 -2
17 31 56 57 -1 39 56 69 77 -1 -2
23 37 54 87 -1 -2
15 45 51 57 -1 30 34 54 99 -1 -2
28 44 50 59 -1 4 6 7 89 -1 -2
1 11 44 60 -1 4 19 29 62 -1 -2
25 53 56 64 -1 -2
24 43 48 63 -1 58 67 72 88 -1 -2
34 35 41 76 -1 28 39 74 93 -1 -2
8 15 35 55 -1 -2
19 25 66 82 -1 -2
2 7 16 96 -1 24 25 95 97 -1 -2
37 84 86 93 -1 18 62 96 98 -1 -2
45 51 53 86 -1 23 24 60 96 -1 -2
12 23 31 32 -1 2 3 26 42 -1 -2
39 45 66 74 -1 1 30 42 76 -1 -2
16 70 89 99 -1 -2
3 26 51 91 -1 -2
11 76 86 93 -1 -2
3 6 53 100 -1 -2
8 36 44 56 -1 -2
12 68 70 74 -1 5 22 92 94 -1 -2
15 24 25 53 -1 57 64 72 86 -1 -2
12 62 67 100 -1 -2
44 68 71 93 -1 21 23 41 83 -1 -2
46 50 83 86 -1 11 51 65 70 -1 -2
26 41 47 100 -1 -2
23 41 78 81 -1 21 46 63 99 -1 -2
23 40 48 99 -1 -2
21 31 47 52 -1 6 39 72 97 -1 -2
2 19 39 82 -1 -2
10 18 66 71 -1 13 20 77 84 -1 -2
30 45 87 95 -1 19 48 77 100 -1 -2
3 36 65 81 -1 -2
3 16 25 55 -1 -2
37 47 66 83 -1 2 51 83 92 -1 -2
38 41 69 97 -1 -2
35 44 75 81 -1 42 69 85 96 -1 -2
18 21 44 79 -1 15 28 48 87 -1 -2
1 10 47 51 -1 -2
20 30 49 51 -1 25 39 64 76 -1 -2
22 42 47 51 -1 36 37 82 88 -1 -2
12 36 57 66 -1 18 26 28 62 -1 -2
8 21 44 62 -1 -2
12 61 65 82 -1 -2
4 32 36 49 -1 -2
27 40 78 80 -1 11 62 66 100 -1 -2
26 29 41 89 -1 48 59 63 78 -1 -2
44 55 62 76 -1 -2
10 21 76 86 -1 3 51 58 62 -1 -2
19 44 65 99 -1 -2
7 45 66 96 -1 17 46 61 85 -1 -2
39 55 88 100 -1 1 23 28 52 -1 -2
8 47 72 92 -1 -2
12 49 60 79 -1 4 15 53 90 -1 -2
9 18 31 64 -1 -2
60 61 68 97 -1 36 47 91 97 -1 -2
20 24 40 86 -1 -2
53 73 77 80 -1 -2
53 67 91 95 -1 -2
30 33 88 90 -1 -2
14 59 64 80 -1 -2
26 51 66 92 -1 -2
7 10 18 68 -1 29 56 67 90 -1 -2
1 6 34 70 -1 6 24 36 88 -1 -2
31 33 46 87 -1 -2
11 30 38 94 -1 17 68 87 97 -1 -2
40 55 80 92 -1 -2
8 11 34 88 -1 -2
40 53 56 71 -1 -2
5 32 35 81 -1 2 15 26 60 -1 -2
2 35 37 67 -1 22 29 85 98 -1 -2
13 14 81 91 -1 10 18 35 85 -1 -2
3 39 71 96 -1 2 16 17 77 -1 -2
11 41 48 92 -1 18 23 64 73 -1 -2
2 15 45 83 -1 21 27 53 91 -1 -2
26 61 68 72 -1 5 26 39 64 -1 -2
21 36 69 82 -1 -2
9 59 70 90 -1 -2
11 14 38 91 -1 17 21 28 80 -1 -2
8 21 27 96 -1 19 28 56 68 -1 -2
35 53 68 83 -1 8 15 24 87 -1 -2
19 34 73 84 -1 16 30 43 85 -1 -2
11 23 30 67 -1 -2
9 12 34 56 -1 -2
1 22 40 43 -1 2 31 51 79 -1 -2
8 22 47 68 -1 -2
48 57 72 84 -1 29 37 49 85 -1 -2
28 43 62 71 -1 39 53 66 88 -1 -2
17 27 77 82 -1 66 76 79 100 -1 -2
1 7 12 90 -1 -2
28 31 49 100 -1 35 61 66 70 -1 -2
8 13 55 72 -1 4 37 90 93 -1 -2
4 7 33 73 -1 -2
47 77 82 97 -1 -2
38 51 54 81 -1 -2
40 76 87 92 -1 22 28 59 67 -1 -2
1 28 34 87 -1 27 29 50 88 -1 -2
3 5 30 85 -1 -2
8 37 42 67 -1 4 35 36 65 -1 -2
63 66 84 95 -1 -2
52 61 82 95 -1 13 73 84 93 -1 -2
20 79 85 93 -1 -2
21 37 47 90 -1 -2
6 13 18 52 -1 -2
19 50 56 96 -1 23 70 75 95 -1 -2
33 38 83 94 -1 -2
3 35 39 63 -1 6 26 33 87 -1 -2
29 46 77 84 -1 5 12 16 90 -1 -2
30 34 74 79 -1 -2
1 10 47 91 -1 11 67 81 100 -1 -2
24 35 53 79 -1 13 18 70 77 -1 -2
9 48 80 81 -1 49 53 82 100 -1 -2
6 23 48 53 -1 -2
30 45 74 100 -1 -2
64 67 73 84 -1 -2
6 48 83 96 -1 -2
2 36 54 58 -1 22 28 38 68 -1 -2
7 9 53 78 -1 -2
40 59 64 91 -1 37 49 63 74 -1 -2
33 75 81 85 -1 8 9 41 93 -1 -2
27 42 90 100 -1 -2
5 11 63 85 -1 2 49 67 87 -1 -2
2 45 61 71 -1 20 46 67 91 -1 -2
20 56 58 79 -1 -2
6 42 63 72 -1 -2
10 46 53 61 -1 -2
1 71 74 92 -1 -2
4 19 30 37 -1 -2
44 76 83 85 -1 -2
35 66 83 99 -1 -2
9 65 71 92 -1 8 23 42 88 -1 -2
20 55 56 91 -1 -2
21 27 42 57 -1 12 92 95 99 -1 -2
23 43 45 62 -1 -2
21 58 77 83 -1 -2
6 28 36 88 -1 -2
28 32 56 88 -1 46 57 75 93 -1 -2
15 34 64 90 -1 12 34 73 74 -1 -2
53 66 75 80 -1 15 29 55 89 -1 -2
6 70 80 97 -1 -2
10 17 19 91 -1 -2
36 37 48 89 -1 8 20 22 61 -1 -2
21 68 72 75 -1 47 52 66 79 -1 -2
14 80 93 98 -1 -2
29 49 77 92 -1 6 24 44 99 -1 -2
10 13 38 84 -1 20 40 85 98 -1 -2
4 11 54 91 -1 -2
28 51 56 63 -1 -2
2 22 53 86 -1 -2
14 23 56 100 -1 52 85 90 93 -1 -2
27 45 46 48 -1 -2
48 59 71 87 -1 1 36 38 87 -1 -2
19 66 72 100 -1 -2
8 18 49 86 -1 -2
2 30 50 69 -1 -2
23 56 63 91 -1 -2
8 43 45 72 -1 -2
1 13 50 56 -1 -2
12 73 74 88 -1 -2
14 22 59 73 -1 12 14 15 60 -1 -2
30 53 65 90 -1 -2
32 40 51 77 -1 -2
18 25 77 98 -1 -2
1 16 68 89 -1 -2
66 88 97 99 -1 -2
1 2 12 97 -1 25 37 56 87 -1 -2
7 8 45 73 -1 21 37 55 83 -1 -2
6 43 44 70 -1 -2
37 44 72 77 -1 3 41 71 99 -1 -2
6 22 48 67 -1 59 61 93 98 -1 -2
3 19 67 78 -1 -2
5 27 38 45 -1 33 49 85 97 -1 -2
12 31 88 99 -1 -2
43 49 62 88 -1 13 41 48 89 -1 -2
27 62 74 98 -1 -2
32 34 73 86 -1 4 6 13 43 -1 -2
29 35 52 58 -1 -2
6 44 79 88 -1 37 41 81 90 -1 -2
1 50 86 98 -1 9 26 52 84 -1 -2
5 7 18 97 -1 -2
3 31 43 77 -1 -2
19 38 54 93 -1 -2
17 20 55 71 -1 23 24 75 93 -1 -2
71 83 89 95 -1 4 23 50 68 -1 -2
8 10 13 23 -1 -2
2 27 70 98 -1 50 81 82 84 -1 -2
16 52 59 70 -1 57 85 93 95 -1 -2
51 61 67 77 -1 -2
8 68 92 99 -1 -2
17 21 87 91 -1 -2
26 34 39 90 -1 -2
43 50 53 55 -1 7 10 71 93 -1 -2
4 16 54 94 -1 -2
31 32 47 55 -1 28 30 67 94 -1 -2
13 36 57 59 -1 32 57 86 96 -1 -2
44 54 67 97 -1 29 44 56 85 -1 -2
44 52 79 96 -1 -2
20 81 82 86 -1 9 27 70 82 -1 -2
20 21 56 85 -1 -2
11 46 67 90 -1 9 16 31 74 -1 -2
3 24 34 71 -1 76 79 83 84 -1 -2
36 52 69 97 -1 2 37 53 62 -1 -2
25 29 40 58 -1 5 10 63 90 -1 -2
37 65 70 74 -1 -2
12 15 26 50 -1 -2
15 29 66 90 -1 13 20 53 85 -1 -2
23 32 62 67 -1 10 24 48 55 -1 -2
39 57 59 73 -1 -2
14 51 92 96 -1 -2
37 46 62 95 -1 24 33 38 48 -1 -2
6 41 81 82 -1 -2
18 27 67 89 -1 21 57 60 93 -1 -2
2 38 53 76 -1 -2
25 55 69 97 -1 -2
6 13 32 70 -1 -2
32 43 53 100 -1 45 53 54 98 -1 -2
19 26 60 75 -1 15 37 42 44 -1 -2
16 30 49 77 -1 18 43 60 90 -1 -2
39 60 64 77 -1 58 65 68 75 -1 -2
25 43 64 85 -1 4 13 50 75 -1 -2
48 55 61 98 -1 4 28 48 85 -1 -2
6 50 64 73 -1 -2
2 7 61 88 -1 43 50 52 85 -1 -2
21 47 52 96 -1 -2
23 25 41 44 -1 28 61 73 93 -1 -2
49 60 75 99 -1 -2
3 29 42 97 -1 -2
27 33 57 59 -1 20 28 31 69 -1 -2
27 44 54 91 -1 -2
22 56 70 100 -1 51 62 66 100 -1 -2
36 66 81 93 -1 10 17 47 95 -1 -2
1 30 41 95 -1 -2
15 34 60 86 -1 -2
40 54 63 99 -1 -2
5 51 56 65 -1 -2
20 22 37 57 -1 2 29 35 45 -1 -2
23 58 78 81 -1 -2
12 42 47 91 -1 -2
18 43 83 87 -1 -2
13 21 51 62 -1 6 32 36 41 -1 -2
7 23 35 55 -1 30 76 95 96 -1 -2
28 67 80 99 -1 4 19 78 79 -1 -2
1 55 76 100 -1 28 60 71 86 -1 -2
16 20 50 83 -1 -2
24 47 74 95 -1 -2
6 26 61 62 -1 -2
24 42 61 100 -1 30 49 61 63 -1 -2
9 52 69 98 -1 -2
5 24 29 49 -1 30 65 73 87 -1 -2
15 46 80 92 -1 -2
21 49 64 93 -1 14 31 55 67 -1 -2
28 32 43 71 -1 -2
7 9 79 89 -1 34 49 57 66 -1 -2
36 68 93 94 -1 12 17 19 94 -1 -2
21 50 59 71 -1 -2
51 53 56 81 -1 36 46 71 91 -1 -2
16 48 78 87 -1 16 74 83 85 -1 -2
24 79 82 91 -1 23 62 91 96 -1 -2
42 54 65 83 -1 15 35 42 44 -1 -2
30 50 56 57 -1 -2
33 60 92 94 -1 2 11 93 98 -1 -2
1 27 34 92 -1 -2
5 13 43 58 -1 -2
22 54 69 86 -1 37 88 89 92 -1 -2
20 52 56 68 -1 -2
24 59 66 72 -1 -2
4 20 24 78 -1 -2
26 33 56 63 -1 32 40 46 49 -1 -2
36 62 75 95 -1 -2
10 28 33 92 -1 18 50 51 64 -1 -2
3 11 37 60 -1 23 37 42 74 -1 -2
65 76 78 94 -1 12 22 40 85 -1 -2
7 23 44 99 -1 -2
3 36 37 54 -1 14 45 80 87 -1 -2
1 47 76 82 -1 18 28 46 68 -1 -2
28 44 58 82 -1 -2
56 74 83 96 -1 7 38 50 69 -1 -2
8 10 47 89 -1 1 22 47 71 -1 -2
48 53 68 91 -1 -2
19 24 25 98 -1 46 63 67 80 -1 -2
4 9 10 87 -1 -2
20 76 84 90 -1 16 23 29 57 -1 -2
16 24 77 88 -1 -2
14 25 37 53 -1 34 55 66 94 -1 -2
1 41 84 85 -1 -2
7 26 63 95 -1 -2
3 19 76 98 -1 -2
46 53 80 100 -1 63 83 88 92 -1 -2
9 54 63 75 -1 23 27 68 86 -1 -2
9 21 51 81 -1 -2
11 22 44 91 -1 3 10 28 64 -1 -2
15 53 83 93 -1 30 31 59 60 -1 -2
32 34 45 58 -1 33 55 67 87 -1 -2
15 39 96 100 -1 12 19 72 86 -1 -2
48 54 58 90 -1 7 78 80 82 -1 -2
2 8 25 64 -1 -2
10 45 65 95 -1 4 17 39 51 -1 -2
26 87 89 93 -1 41 48 65 88 -1 -2
11 52 56 71 -1 5 60 68 76 -1 -2
5 68 70 97 -1 -2
9 39 63 78 -1 19 22 86 94 -1 -2
55 88 93 97 -1 -2
35 53 82 84 -1 -2
10 31 49 64 -1 -2
27 34 67 99 -1 -2
7 32 43 44 -1 44 64 79 83 -1 -2
23 63 69 94 -1 8 46 48 74 -1 -2
45 66 78 79 -1 -2
7 33 70 76 -1 -2
20 53 63 99 -1 17 26 40 51 -1 -2
14 23 64 75 -1 -2
12 26 54 100 -1 15 19 27 66 -1 -2
48 70 79 83 -1 -2
9 33 75 84 -1 -2
7 17 31 94 -1 7 59 60 93 -1 -2
2 3 5 59 -1 10 25 28 34 -1 -2
9 41 57 99 -1 8 14 31 38 -1 -2
43 46 88 92 -1 15 18 86 92 -1 -2
9 19 20 64 -1 49 53 66 94 -1 -2
24 79 93 95 -1 8 16 55 70 -1 -2
13 34 61 62 -1 -2
32 44 60 100 -1 18 51 70 77 -1 -2
25 44 55 87 -1 -2
16 58 63 97 -1 -2
15 35 41 49 -1 -2
4 14 53 79 -1 -2
4 29 74 84 -1 -2
48 49 63 75 -1 11 59 63 73 -1 -2
32 55 81 85 -1 -2
41 48 62 84 -1 14 43 59 100 -1 -2
21 27 42 57 -1 18 29 50 92 -1 -2
20 27 31 36 -1 -2
26 40 41 46 -1 -2
29 54 65 85 -1 12 18 22 57 -1 -2
5 86 87 97 -1 7 17 80 88 -1 -2
4 43 47 58 -1 23 30 34 36 -1 -2
8 11 22 51 -1 21 24 48 66 -1 -2
2 16 28 29 -1 -2
20 35 50 100 -1 -2
28 46 78 94 -1 7 39 49 77 -1 -2
7 13 23 95 -1 7 8 22 33 -1 -2
9 39 52 84 -1 19 24 45 97 -1 -2
6 40 51 72 -1 34 64 69 92 -1 -2
6 22 29 68 -1 -2
9 57 61 92 -1 2 34 53 87 -1 -2
4 40 75 77 -1 15 54 61 98 -1 -2
13 42 72 89 -1 -2
3 45 54 90 -1 -2
7 9 41 57 -1 40 91 93 100 -1 -2
25 58 90 98 -1 5 19 34 37 -1 -2
27 38 55 78 -1 -2
29 47 67 98 -1 -2
65 74 76 83 -1 54 55 72 76 -1 -2
18 29 67 87 -1 -2
4 50 52 100 -1 -2
15 18 20 52 -1 -2
3 8 56 62 -1 -2
13 31 55 82 -1 -2
65 70 71 89 -1 -2
33 54 90 92 -1 23 61 79 87 -1 -2
16 27 37 69 -1 12 28 41 60 -1 -2
23 34 47 98 -1 1 4 12 42 -1 -2
19 25 74 92 -1 21 31 54 79 -1 -2
25 37 46 86 -1 18 69 85 99 -1 -2
42 43 55 78 -1 -2
10 38 65 86 -1 10 63 79 88 -1 -2
27 29 87 94 -1 -2
53 54 58 68 -1 -2
29 36 54 86 -1 1 36 65 95 -1 -2
50 69 74 97 -1 19 27 68 74 -1 -2
36 50 61 71 -1 -2
8 14 29 77 -1 -2
22 48 49 52 -1 -2
22 39 40 42 -1 -2
60 76 85 89 -1 39 47 72 99 -1 -2
12 58 84 99 -1 -2
50 78 83 88 -1 -2
43 66 79 86 -1 -2
26 30 40 49 -1 38 52 76 92 -1 -2
55 57 75 84 -1 26 31 66 76 -1 -2
6 10 16 100 -1 -2
19 43 55 88 -1 -2
13 28 77 80 -1 13 44 93 95 -1 -2
3 6 18 85 -1 12 38 67 89 -1 -2
25 50 54 56 -1 25 46 57 97 -1 -2
25 29 38 75 -1 13 36 93 98 -1 -2
23 42 53 87 -1 40 62 71 72 -1 -2
18 78 83 87 -1 18 44 61 73 -1 -2
6 37 60 75 -1 26 36 72 86 -1 -2
36 44 69 76 -1 43 44 55 84 -1 -2
6 21 29 34 -1 -2
15 82 90 94 -1 17 46 66 72 -1 -2
3 26 66 74 -1 9 21 60 69 -1 -2
35 54 67 79 -1 -2
1 19 28 69 -1 18 60 83 93 -1 -2
26 36 55 100 -1 19 41 79 89 -1 -2
37 63 94 95 -1 -2
17 57 71 96 -1 -2
50 51 62 100 -1 24 45 64 66 -1 -2
15 23 31 44 -1 21 30 34 75 -1 -2
12 80 86 89 -1 -2
13 32 35 81 -1 -2
29 31 61 68 -1 -2
22 30 62 86 -1 -2
6 39 74 96 -1 -2
9 20 21 70 -1 -2
6 15 74 91 -1 26 50 62 87 -1 -2
23 40 48 90 -1 -2
5 39 78 86 -1 -2
3 16 38 65 -1 -2
17 50 85 89 -1 3 6 59 87 -1 -2
20 64 76 92 -1 -2
35 53 69 79 -1 -2
12 43 54 56 -1 -2
9 32 50 66 -1 -2
8 62 78 97 -1 -2
40 53 60 100 -1 -2
14 55 69 88 -1 56 75 84 90 -1 -2
35 47 87 97 -1 12 88 90 97 -1 -2
15 25 40 57 -1 -2
23 74 92 95 -1 5 16 77 82 -1 -2
19 28 45 55 -1 27 28 45 61 -1 -2
61 62 77 98 -1 14 22 49 88 -1 -2
13 45 70 81 -1 -2
29 77 82 94 -1 -2
11 68 75 80 -1 -2
20 22 31 96 -1 -2
3 32 39 92 -1 -2
11 35 40 70 -1 -2
24 52 60 96 -1 45 49 74 94 -1 -2
8 46 76 82 -1 1 27 48 62 -1 -2
21 41 84 89 -1 21 64 73 90 -1 -2
13 20 36 66 -1 2 30 62 93 -1 -2
15 63 96 98 -1 -2
2 63 82 85 -1 -2
2 29 63 64 -1 -2
2 14 69 85 -1 -2
26 40 46 91 -1 32 55 65 84 -1 -2
1 6 27 92 -1 14 36 48 50 -1 -2
20 51 60 93 -1 -2
1 14 61 84 -1 10 42 70 74 -1 -2
5 12 37 54 -1 26 49 61 73 -1 -2
8 50 65 84 -1 -2
12 60 70 95 -1 1 25 28 89 -1 -2
35 41 45 57 -1 -2
2 23 39 44 -1 -2
14 54 74 88 -1 21 40 51 52 -1 -2
4 42 61 77 -1 -2
13 66 72 94 -1 46 57 63 69 -1 -2
4 14 66 99 -1 -2
16 22 34 64 -1 -2
49 51 76 91 -1 -2
1 11 45 61 -1 -2
7 41 48 60 -1 9 51 65 100 -1 -2
9 17 61 96 -1 -2
30 62 76 94 -1 18 34 74 97 -1 -2
34 38 75 98 -1 3 6 44 58 -1 -2
27 35 51 80 -1 18 28 55 79 -1 -2
13 21 62 83 -1 -2
6 58 69 87 -1 -2
61 63 66 93 -1 26 44 47 89 -1 -2
7 19 31 85 -1 5 10 63 70 -1 -2
6 16 44 71 -1 -2
52 65 74 91 -1 -2
22 31 61 71 -1 -2
9 14 61 95 -1 5 17 32 79 -1 -2
33 43 67 98 -1 22 34 44 60 -1 -2
2 26 29 79 -1 2 22 97 98 -1 -2
19 38 84 90 -1 6 54 84 93 -1 -2
1 40 74 95 -1 -2
16 35 51 84 -1 32 50 68 98 -1 -2
9 12 44 65 -1 -2
25 37 41 64 -1 11 46 57 63 -1 -2
6 7 11 29 -1 -2
17 20 49 51 -1 15 55 61 75 -1 -2
9 10 45 47 -1 -2
23 37 67 87 -1 35 36 38 46 -1 -2
1 4 28 74 -1 17 27 32 96 -1 -2
40 57 77 79 -1 -2
33 40 58 88 -1 22 40 81 92 -1 -2
13 72 76 89 -1 -2
12 32 37 94 -1 -2
31 34 60 82 -1 21 36 72 90 -1 -2
6 27 64 97 -1 -2
24 34 41 69 -1 -2
16 55 57 82 -1 -2
22 43 74 87 -1 45 65 68 81 -1 -2
5 30 34 60 -1 -2
36 64 90 98 -1 10 58 77 96 -1 -2
23 76 81 87 -1 33 63 88 90 -1 -2
11 25 41 70 -1 42 44 47 95 -1 -2
68 70 84 89 -1 -2
16 18 85 95 -1 -2
17 62 73 86 -1 -2
12 14 17 97 -1 -2
41 69 72 93 -1 42 69 94 95 -1 -2
33 35 61 83 -1 -2
1 2 19 48 -1 -2
6 8 33 67 -1 30 36 40 56 -1 -2
30 33 57 87 -1 21 43 45 99 -1 -2
3 27 63 95 -1 -2
80 88 95 99 -1 14 60 70 90 -1 -2
34 53 62 79 -1 -2
16 36 63 97 -1 -2
69 94 95 100 -1 -2
5 20 57 84 -1 23 47 72 83 -1 -2
7 29 75 95 -1 4 18 21 36 -1 -2
68 71 79 91 -1 1 7 13 19 -1 -2
20 39 67 82 -1 24 31 43 61 -1 -2
1 70 72 81 -1 -2
24 41 44 81 -1 -2
3 23 36 63 -1 35 65 84 93 -1 -2
34 61 66 85 -1 -2
37 47 55 91 -1 9 20 55 71 -1 -2
8 23 80 88 -1 32 50 63 87 -1 -2
38 44 66 96 -1 -2
9 14 28 52 -1 -2
29 40 50 91 -1 -2
4 36 57 66 -1 -2
10 53 55 99 -1 7 14 20 54 -1 -2
4 17 30 35 -1 -2
21 47 54 61 -1 10 26 37 69 -1 -2
30 52 70 74 -1 -2
19 31 36 62 -1 1 2 39 83 -1 -2
7 13 26 28 -1 8 15 64 89 -1 -2
9 18 32 69 -1 -2
4 15 23 64 -1 -2
6 7 82 88 -1 13 78 91 94 -1 -2
37 60 69 75 -1 -2
14 40 59 70 -1 8 65 67 69 -1 -2
20 49 66 73 -1 49 51 62 95 -1 -2
11 30 49 57 -1 31 34 44 99 -1 -2
11 15 34 66 -1 -2
39 85 89 91 -1 24 33 42 49 -1 -2
9 25 28 92 -1 -2
2 11 58 73 -1 -2
5 30 43 55 -1 3 24 28 52 -1 -2
48 67 86 90 -1 22 29 53 64 -1 -2
3 39 72 84 -1 -2
30 47 57 95 -1 -2
18 59 67 83 -1 27 60 79 93 -1 -2
11 43 74 100 -1 -2
21 62 72 97 -1 -2
2 25 37 47 -1 -2
9 21 88 91 -1 5 29 65 72 -1 -2
68 77 80 100 -1 -2
4 21 33 51 -1 24 29 54 98 -1 -2
12 19 30 71 -1 15 49 54 84 -1 -2
2 25 82 96 -1 -2
1 35 51 75 -1 10 31 53 86 -1 -2
10 27 68 76 -1 10 39 58 79 -1 -2
13 45 62 80 -1 11 54 68 71 -1 -2
38 52 77 90 -1 19 24 50 87 -1 -2
22 30 50 82 -1 -2
19 22 72 87 -1 3 7 29 48 -1 -2
46 63 73 80 -1 -2
19 57 60 87 -1 2 49 89 100 -1 -2
44 53 60 76 -1 -2
19 34 43 97 -1 21 51 58 98 -1 -2
6 17 48 62 -1 -2
3 43 50 78 -1 15 59 86 96 -1 -2
55 59 87 93 -1 27 40 43 92 -1 -2
32 44 50 52 -1 -2
10 19 31 97 -1 6 10 71 81 -1 -2
18 35 40 48 -1 48 49 73 90 -1 -2
35 49 63 84 -1 29 31 34 66 -1 -2
18 20 80 88 -1 -2
30 54 67 80 -1 -2
2 57 82 84 -1 -2
39 51 86 100 -1 -2
8 16 68 95 -1 16 48 76 87 -1 -2
1 8 11 87 -1 4 40 45 51 -1 -2
25 32 60 81 -1 20 61 70 95 -1 -2
9 37 38 52 -1 -2
25 70 82 100 -1 20 36 65 84 -1 -2
46 52 66 91 -1 -2
5 17 28 99 -1 -2
20 23 38 51 -1 -2
2 16 18 79 -1 -2
16 49 79 88 -1 -2
8 13 40 62 -1 4 35 72 91 -1 -2
8 55 80 91 -1 -2
65 68 86 93 -1 2 46 64 80 -1 -2
33 43 47 78 -1 15 38 57 78 -1 -2
33 69 74 95 -1 -2
35 53 80 92 -1 -2
4 26 52 82 -1 8 28 58 88 -1 -2
35 76 88 90 -1 -2
32 34 51 93 -1 -2
7 38 40 47 -1 -2
8 21 53 88 -1 23 34 86 95 -1 -2
15 22 39 81 -1 10 43 49 80 -1 -2
11 41 56 73 -1 4 22 42 60 -1 -2
40 53 79 98 -1 13 17 42 99 -1 -2
28 34 40 67 -1 -2
7 25 89 95 -1 -2
10 14 18 22 -1 -2
9 17 29 55 -1 -2
3 37 56 82 -1 11 50 87 97 -1 -2
2 50 69 98 -1 27 51 66 87 -1 -2
11 14 27 39 -1 2 28 29 52 -1 -2
30 55 63 93 -1 43 44 45 50 -1 -2
23 27 47 65 -1 29 39 62 69 -1 -2
25 46 50 81 -1 8 15 18 55 -1 -2
31 60 74 97 -1 -2
19 20 69 75 -1 -2
6 15 23 40 -1 17 69 74 86 -1 -2
4 7 14 67 -1 -2
12 30 58 78 -1 14 40 46 59 -1 -2
47 53 89 96 -1 -2
3 50 63 87 -1 -2
32 34 67 80 -1 31 75 87 94 -1 -2
32 46 58 98 -1 12 37 48 83 -1 -2
1 34 83 96 -1 -2
26 32 37 99 -1 -2
39 56 72 100 -1 -2
32 37 59 68 -1 3 35 68 89 -1 -2
23 70 90 97 -1 -2
20 25 64 94 -1 29 33 38 53 -1 -2
6 14 71 78 -1 8 24 54 82 -1 -2
11 38 93 100 -1 -2
29 53 54 84 -1 -2
36 50 55 73 -1 20 22 70 91 -1 -2
3 12 13 97 -1 32 37 60 79 -1 -2
54 55 84 95 -1 -2
4 14 73 80 -1 4 47 63 73 -1 -2
58 85 91 92 -1 -2
19 62 91 97 -1 14 19 57 69 -1 -2
25 45 62 98 -1 3 30 38 70 -1 -2
6 25 75 92 -1 -2
1 7 26 39 -1 -2
7 47 65 89 -1 6 25 65 93 -1 -2
28 53 98 99 -1 -2
21 44 61 67 -1 40 73 77 83 -1 -2
58 60 84 92 -1 -2
19 55 75 84 -1 39 53 62 63 -1 -2
2 4 68 75 -1 -2
9 15 51 77 -1 9 15 21 23 -1 -2
19 55 71 96 -1 10 37 73 81 -1 -2
32 63 79 88 -1 4 11 28 34 -1 -2
14 19 57 62 -1 -2
13 22 35 92 -1 1 41 73 91 -1 -2
22 77 84 94 -1 46 55 83 97 -1 -2
66 71 72 76 -1 -2
28 37 38 100 -1 19 21 29 46 -1 -2
30 50 52 96 -1 56 88 98 100 -1 -2
16 20 30 56 -1 -2
12 21 69 92 -1 -2
1 13 33 59 -1 19 42 75 88 -1 -2
46 54 66 87 -1 10 26 75 93 -1 -2
26 34 57 61 -1 1 38 56 87 -1 -2
15 52 65 82 -1 26 54 63 77 -1 -2
8 35 57 74 -1 -2
27 32 52 74 -1 -2
29 57 58 80 -1 1 7 58 64 -1 -2
8 23 24 78 -1 33 41 80 90 -1 -2
2 53 64 83 -1 19 48 64 80 -1 -2
12 31 35 90 -1 45 67 86 88 -1 -2
15 17 34 93 -1 12 30 38 52 -1 -2
11 23 52 62 -1 -2
27 48 81 97 -1 -2
2 26 52 62 -1 4 61 64 77 -1 -2
18 38 49 56 -1 18 36 83 94 -1 -2
9 33 68 76 -1 -2
48 49 65 89 -1 -2
9 27 46 73 -1 2 11 20 64 -1 -2
6 23 76 84 -1 -2
37 48 55 99 -1 -2
2 5 22 87 -1 -2
2 44 75 96 -1 -2
54 57 85 89 -1 -2
12 37 49 64 -1 8 24 40 80 -1 -2
6 27 50 89 -1 -2
14 45 66 68 -1 23 37 75 90 -1 -2
35 39 44 99 -1 -2
36 37 68 78 -1 -2
42 59 83 91 -1 -2
16 37 38 77 -1 32 40 59 91 -1 -2
38 44 77 98 -1 1 54 71 87 -1 -2
26 31 32 43 -1 17 41 80 97 -1 -2
23 42 71 83 -1 2 25 44 73 -1 -2
2 18 23 88 -1 -2
58 59 75 90 -1 41 52 79 98 -1 -2
3 9 43 81 -1 6 17 84 91 -1 -2
6 23 68 100 -1 -2
2 58 84 92 -1 1 56 59 85 -1 -2
56 87 89 94 -1 -2
6 26 52 91 -1 -2
38 59 81 92 -1 14 50 72 89 -1 -2
12 23 54 71 -1 -2
17 19 33 58 -1 6 13 27 60 -1 -2
5 7 16 18 -1 16 25 92 99 -1 -2
59 60 73 94 -1 -2
32 49 56 98 -1 -2
24 32 70 75 -1 -2
18 55 80 91 -1 -2
17 48 86 89 -1 -2
10 43 64 66 -1 38 60 63 66 -1 -2
26 27 36 87 -1 -2
22 28 33 78 -1 -2
19 39 58 88 -1 -2
17 48 82 84 -1 15 56 80 91 -1 -2
15 53 57 90 -1 -2
12 14 58 93 -1 30 38 54 83 -1 -2
23 25 64 85 -1 8 19 43 75 -1 -2
6 18 44 68 -1 -2
32 42 46 100 -1 15 26 47 61 -1 -2
28 54 71 79 -1 -2
20 33 76 85 -1 -2
52 66 84 92 -1 30 46 51 68 -1 -2
5 37 38 64 -1 -2
42 69 70 89 -1 14 24 50 65 -1 -2
11 15 62 99 -1 -2
44 55 78 83 -1 -2
15 61 65 70 -1 1 41 67 100 -1 -2
64 71 78 95 -1 29 41 50 100 -1 -2
30 47 82 100 -1 24 36 55 76 -1 -2
29 45 55 91 -1 61 62 72 89 -1 -2
7 20 66 89 -1 24 66 78 94 -1 -2
12 27 52 79 -1 10 71 87 97 -1 -2
30 43 55 59 -1 44 68 84 98 -1 -2
40 59 73 97 -1 8 16 45 93 -1 -2
3 36 42 57 -1 -2
22 28 70 88 -1 15 47 51 91 -1 -2
17 19 58 90 -1 -2
14 43 54 86 -1 12 23 59 60 -1 -2
22 41 53 87 -1 20 41 44 54 -1 -2
49 78 83 92 -1 -2
60 73 84 97 -1 -2
1 20 72 98 -1 -2
1 29 64 67 -1 21 39 42 85 -1 -2
11 27 49 66 -1 -2
27 58 72 94 -1 -2
16 33 37 43 -1 -2
21 34 43 67 -1 -2
5 14 58 69 -1 -2
8 16 19 33 -1 22 64 78 93 -1 -2
36 46 75 80 -1 8 33 50 63 -1 -2
39 59 69 96 -1 -2
13 32 71 84 -1 47 72 78 93 -1 -2
25 35 51 56 -1 67 88 89 94 -1 -2
42 52 72 83 -1 -2
23 27 35 48 -1 -2
4 11 14 92 -1 2 32 33 58 -1 -2
38 73 75 89 -1 -2
35 40 76 88 -1 5 72 86 92 -1 -2
45 54 63 99 -1 -2
52 54 56 80 -1 45 79 86 94 -1 -2
4 50 86 96 -1 -2
15 47 58 62 -1 44 55 70 73 -1 -2
2 9 38 64 -1 -2
36 61 67 85 -1 -2
1 18 50 90 -1 -2
64 65 73 84 -1 -2
55 59 71 87 -1 -2
3 23 80 88 -1 14 36 74 75 -1 -2
15 19 27 95 -1 11 39 65 72 -1 -2
10 84 87 94 -1 -2
17 46 77 87 -1 13 63 68 80 -1 -2
5 33 41 56 -1 -2
9 12 13 19 -1 -2
9 21 35 59 -1 26 48 51 59 -1 -2
8 30 32 41 -1 63 78 82 89 -1 -2
8 22 68 92 -1 -2
50 60 61 64 -1 -2
41 62 64 75 -1 17 25 55 86 -1 -2
11 52 59 98 -1 9 11 53 69 -1 -2
12 20 29 49 -1 -2
10 45 50 74 -1 -2
26 27 43 80 -1 6 10 45 94 -1 -2
12 18 40 65 -1 -2
29 54 74 95 -1 -2
35 52 59 70 -1 -2
2 8 41 57 -1 29 42 69 90 -1 -2
15 52 72 78 -1 -2
8 40 43 52 -1 -2
18 23 40 82 -1 -2
13 57 65 84 -1 9 23 29 76 -1 -2
37 56 59 65 -1 28 38 81 96 -1 -2
7 8 34 42 -1 8 14 16 44 -1 -2
34 43 89 100 -1 -2
36 39 81 86 -1 7 20 64 75 -1 -2
3 10 19 52 -1 -2
2 18 42 66 -1 27 56 64 68 -1 -2
4 21 76 86 -1 57 60 62 85 -1 -2
64 65 70 82 -1 -2
5 35 81 95 -1 -2
13 19 36 72 -1 -2
20 45 83 92 -1 62 78 93 100 -1 -2
3 16 20 39 -1 8 40 62 82 -1 -2
16 44 45 53 -1 9 48 84 90 -1 -2
29 56 69 98 -1 6 23 52 56 -1 -2
43 59 70 72 -1 -2
2 25 28 60 -1 19 57 85 96 -1 -2
38 75 77 99 -1 -2
28 63 70 91 -1 22 46 61 88 -1 -2
7 26 68 94 -1 -2
53 54 57 66 -1 -2
44 45 56 94 -1 24 25 26 33 -1 -2
15 51 75 83 -1 -2
57 72 79 92 -1 -2
56 72 74 82 -1 -2
11 37 54 73 -1 4 38 46 62 -1 -2
21 23 26 37 -1 -2
20 41 62 72 -1 3 7 56 64 -1 -2
24 61 62 96 -1 18 44 54 62 -1 -2
20 62 63 68 -1 -2
12 32 46 68 -1 -2
44 53 81 91 -1 35 40 47 70 -1 -2
5 7 31 86 -1 23 40 45 50 -1 -2
14 30 64 66 -1 -2
46 59 64 75 -1 65 66 69 83 -1 -2
19 39 44 90 -1 42 43 57 81 -1 -2
9 26 39 50 -1 -2
9 25 43 65 -1 -2
62 64 83 96 -1 -2
20 30 42 54 -1 -2
31 36 42 93 -1 60 65 89 91 -1 -2
11 22 47 93 -1 -2
6 15 43 85 -1 21 57 75 100 -1 -2
26 68 71 96 -1 9 63 83 100 -1 -2
1 29 70 100 -1 3 24 82 98 -1 -2
25 39 54 99 -1 -2
5 13 35 80 -1 5 43 86 98 -1 -2
32 53 86 91 -1 -2
9 34 38 83 -1 -2
18 23 25 30 -1 -2
8 14 34 39 -1 51 95 98 99 -1 -2
7 22 38 90 -1 2 19 25 46 -1 -2
2 30 37 40 -1 -2
35 39 85 100 -1 -2
4 32 49 80 -1 -2
5 29 59 91 -1 18 47 61 77 -1 -2
49 54 94 98 -1 -2
37 48 58 65 -1 2 4 49 82 -1 -2
7 16 50 63 -1 20 45 88 95 -1 -2
10 11 21 50 -1 1 3 35 48 -1 -2
34 40 75 92 -1 41 53 77 89 -1 -2
5 37 84 94 -1 37 55 65 79 -1 -2
23 35 63 88 -1 41 50 61 83 -1 -2
20 37 45 57 -1 -2
17 64 80 83 -1 -2
1 7 24 38 -1 -2
4 72 78 93 -1 14 34 43 64 -1 -2
58 75 93 94 -1 -2
56 59 72 74 -1 44 50 74 80 -1 -2
5 12 60 61 -1 -2
4 15 42 91 -1 -2
61 62 72 87 -1 -2
18 41 59 73 -1 -2
81 89 95 97 -1 12 32 35 86 -1 -2
53 61 62 100 -1 4 9 40 100 -1 -2
59 63 83 84 -1 14 21 27 28 -1 -2
2 7 60 72 -1 -2
5 30 55 85 -1 -2
20 43 48 51 -1 30 45 63 77 -1 -2
9 76 84 88 -1 19 29 46 58 -1 -2
15 16 71 80 -1 -2
20 33 85 86 -1 -2
1 64 79 80 -1 -2
6 18 47 77 -1 -2
12 17 88 91 -1 59 66 73 82 -1 -2
37 56 91 92 -1 -2
3 20 27 84 -1 -2
9 19 48 93 -1 -2
33 44 46 74 -1 8 31 76 79 -1 -2
16 35 49 56 -1 -2
38 59 86 98 -1 20 31 49 88 -1 -2
24 53 76 84 -1 -2
5 15 67 74 -1 14 39 66 96 -1 -2
23 27 58 97 -1 44 45 92 98 -1 -2
13 19 42 74 -1 13 66 76 93 -1 -2
14 15 38 46 -1 -2
1 9 54 61 -1 1 40 44 71 -1 -2
38 40 76 94 -1 -2
22 28 57 65 -1 -2
19 27 44 54 -1 -2
55 63 67 82 -1 18 32 40 62 -1 -2
6 29 31 70 -1 1 53 69 75 -1 -2
21 69 93 100 -1 -2
8 60 78 80 -1 37 47 54 70 -1 -2
6 33 36 38 -1 -2
28 65 73 74 -1 -2
6 7 20 99 -1 37 40 47 98 -1 -2
42 51 73 98 -1 -2
57 58 64 77 -1 -2
50 53 69 96 -1 -2
7 26 33 50 -1 35 71 75 78 -1 -2
6 7 89 95 -1 37 44 69 86 -1 -2
45 80 92 100 -1 20 32 60 89 -1 -2
26 41 48 55 -1 -2
4 15 28 36 -1 -2
15 39 94 99 -1 9 65 72 100 -1 -2
11 26 48 69 -1 -2
10 41 90 96 -1 31 50 62 93 -1 -2
10 15 16 100 -1 22 32 40 57 -1 -2
17 20 30 70 -1 29 53 59 74 -1 -2
11 18 22 41 -1 -2
2 9 58 69 -1 38 60 62 91 -1 -2
35 57 70 91 -1 -2
10 25 26 82 -1 41 70 73 95 -1 -2
15 16 65 69 -1 -2
25 47 94 99 -1 8 35 77 92 -1 -2
15 29 58 72 -1 -2
6 13 60 65 -1 -2
12 13 25 73 -1 -2
25 39 76 99 -1 -2
2 7 53 79 -1 -2
19 26 41 43 -1 5 14 32 62 -1 -2
16 18 51 65 -1 -2
50 62 81 91 -1 2 7 64 86 -1 -2
35 44 63 66 -1 43 59 69 98 -1 -2
24 54 64 77 -1 -2
9 14 19 89 -1 10 52 93 94 -1 -2
24 57 70 71 -1 -2
36 67 68 95 -1 3 15 34 42 -1 -2
16 18 61 68 -1 -2
16 25 80 96 -1 17 23 46 66 -1 -2
15 34 37 60 -1 -2
4 61 82 90 -1 -2
40 48 75 76 -1 -2
43 68 74 85 -1 60 76 87 100 -1 -2
46 64 77 91 -1 -2
25 30 49 97 -1 -2
11 16 49 68 -1 1 9 47 79 -1 -2
3 57 70 88 -1 -2
34 39 64 80 -1 14 47 56 93 -1 -2
37 53 65 95 -1 -2
7 39 46 56 -1 -2
25 75 79 94 -1 -2
21 23 98 100 -1 -2
12 55 60 99 -1 2 7 56 90 -1 -2
10 19 35 64 -1 18 23 66 79 -1 -2
11 65 85 97 -1 15 28 70 77 -1 -2
15 54 63 74 -1 31 46 58 73 -1 -2
40 43 59 90 -1 33 37 52 64 -1 -2
43 52 59 92 -1 -2
9 27 45 54 -1 -2
12 23 81 100 -1 7 19 39 79 -1 -2
18 75 76 99 -1 17 37 63 76 -1 -2
1 81 90 100 -1 13 15 25 51 -1 -2
56 65 78 88 -1 -2
13 33 64 99 -1 9 29 44 73 -1 -2
40 72 76 87 -1 11 16 19 90 -1 -2
38 45 46 59 -1 -2
7 11 24 61 -1 3 53 61 68 -1 -2
2 5 8 35 -1 33 62 69 80 -1 -2
1 57 70 95 -1 39 46 93 97 -1 -2
36 42 43 59 -1 15 22 65 82 -1 -2
20 43 58 83 -1 27 33 45 94 -1 -2
22 52 59 85 -1 39 40 44 91 -1 -2
8 42 82 84 -1 -2
4 6 20 31 -1 -2
22 48 54 97 -1 46 67 77 79 -1 -2
17 42 45 48 -1 -2
2 59 63 72 -1 7 31 62 94 -1 -2
4 20 61 87 -1 -2
22 57 73 74 -1 -2
30 53 57 76 -1 -2
26 69 72 83 -1 52 53 70 74 -1 -2
10 19 22 57 -1 27 29 71 80 -1 -2
14 60 86 99 -1 -2
28 68 85 100 -1 36 63 72 82 -1 -2
20 48 63 68 -1 -2
13 65 95 97 -1 1 5 18 83 -1 -2
9 15 74 85 -1 -2
47 48 72 82 -1 11 19 87 90 -1 -2
10 31 56 71 -1 -2
26 65 88 90 -1 31 37 79 92 -1 -2
32 35 78 86 -1 -2
19 33 76 80 -1 29 44 59 83 -1 -2
4 15 58 86 -1 -2
18 25 35 92 -1 -2
63 83 84 91 -1 12 40 51 98 -1 -2
19 29 37 50 -1 -2
5 8 25 33 -1 6 33 45 62 -1 -2
53 57 66 99 -1 -2
36 77 90 92 -1 -2
10 19 20 64 -1 9 20 23 38 -1 -2
17 42 49 81 -1 -2
54 60 67 82 -1 35 51 58 83 -1 -2
16 50 78 88 -1 -2
33 70 92 97 -1 9 54 76 90 -1 -2
15 30 70 85 -1 -2
7 17 28 84 -1 1 12 33 75 -1 -2
29 49 96 99 -1 -2
25 54 71 83 -1 -2
2 12 20 30 -1 70 82 97 99 -1 -2
36 43 53 91 -1 30 60 83 91 -1 -2
11 31 81 94 -1 9 28 39 78 -1 -2
14 78 82 90 -1 -2
37 42 73 78 -1 -2
14 23 36 41 -1 -2
28 34 86 99 -1 27 60 64 90 -1 -2
16 19 44 93 -1 -2
7 27 48 74 -1 24 75 76 89 -1 -2
2 11 81 94 -1 38 42 67 94 -1 -2
14 23 27 31 -1 -2
12 23 52 76 -1 33 53 88 97 -1 -2
25 39 66 69 -1 5 11 71 75 -1 -2
29 39 53 57 -1 -2
1 28 49 82 -1 -2
12 57 61 94 -1 -2
2 51 71 93 -1 1 63 67 95 -1 -2
5 13 64 65 -1 -2
8 18 95 98 -1 56 60 72 97 -1 -2
4 73 81 90 -1 -2
36 87 99 100 -1 -2
12 46 71 78 -1 10 11 59 75 -1 -2
22 24 37 64 -1 -2
26 45 54 85 -1 36 40 43 98 -1 -2
31 55 56 98 -1 -2
68 71 96 97 -1 -2
7 27 43 51 -1 1 5 81 95 -1 -2
30 37 70 98 -1 -2
8 40 73 77 -1 -2
27 30 83 97 -1 -2
20 50 70 77 -1 43 90 96 97 -1 -2
11 16 32 91 -1 45 57 60 66 -1 -2
29 57 71 84 -1 5 49 57 61 -1 -2
16 20 27 75 -1 2 76 84 99 -1 -2
12 32 73 98 -1 42 62 89 92 -1 -2
18 49 74 80 -1 32 74 79 85 -1 -2
56 83 84 94 -1 -2
45 65 88 99 -1 -2
13 16 65 76 -1 -2
6 58 70 92 -1 -2
9 18 63 76 -1 -2
16 25 29 52 -1 16 20 38 91 -1 -2
16 24 42 45 -1 9 37 40 51 -1 -2
1 18 79 98 -1 16 34 46 66 -1 -2
14 35 86 99 -1 63 78 83 84 -1 -2
30 33 39 89 -1 35 40 75 98 -1 -2
47 68 96 99 -1 -2
63 76 77 78 -1 -2
4 35 36 78 -1 -2
43 54 69 100 -1 -2
1 21 61 69 -1 -2
13 36 40 98 -1 9 11 17 37 -1 -2
4 20 45 48 -1 17 40 86 88 -1 -2
59 60 75 77 -1 -2
47 83 88 91 -1 -2
34 58 62 69 -1 3 49 69 100 -1 -2
8 13 25 69 -1 39 65 82 99 -1 -2
14 16 38 55 -1 -2
24 31 88 92 -1 14 28 54 89 -1 -2
2 15 19 94 -1 4 48 89 97 -1 -2
7 35 45 57 -1 -2
14 30 34 84 -1 42 59 63 93 -1 -2
34 60 73 83 -1 -2
6 58 72 91 -1 7 13 81 98 -1 -2
20 23 51 84 -1 9 24 33 97 -1 -2
32 34 47 99 -1 28 45 51 96 -1 -2
6 43 53 71 -1 34 53 77 95 -1 -2
1 14 42 88 -1 -2
13 23 32 90 -1 38 46 50 84 -1 -2
18 19 36 55 -1 -2
26 53 66 81 -1 39 53 66 81 -1 -2
8 54 58 69 -1 32 36 64 67 -1 -2
52 59 94 100 -1 29 61 63 95 -1 -2
23 47 50 81 -1 23 75 78 100 -1 -2
11 49 85 96 -1 -2
8 65 77 79 -1 16 32 34 90 -1 -2
4 74 81 96 -1 4 17 24 83 -1 -2
13 39 46 58 -1 19 76 82 92 -1 -2
5 14 17 81 -1 7 19 86 97 -1 -2
5 85 88 90 -1 4 44 67 80 -1 -2
4 12 15 32 -1 -2
18 24 26 33 -1 -2
63 73 78 94 -1 32 39 76 92 -1 -2
2 35 59 81 -1 -2
2 15 37 98 -1 -2
9 41 48 99 -1 10 40 47 67 -1 -2
3 92 94 97 -1 -2
19 43 54 68 -1 22 55 93 99 -1 -2
38 39 64 96 -1 73 77 90 94 -1 -2
16 44 77 88 -1 -2
8 40 49 63 -1 -2
10 33 48 83 -1 -2
10 33 36 57 -1 -2
3 8 21 85 -1 23 29 37 91 -1 -2
3 26 74 78 -1 33 37 38 78 -1 -2
36 54 89 90 -1 6 8 66 99 -1 -2
13 43 49 85 -1 -2
10 12 28 41 -1 -2
17 24 32 81 -1 18 40 93 97 -1 -2
18 51 68 80 -1 48 72 86 98 -1 -2
12 16 83 90 -1 47 58 59 74 -1 -2
3 25 35 79 -1 -2
14 53 56 91 -1 13 28 44 73 -1 -2
11 17 23 91 -1 -2
25 35 76 95 -1 -2
11 23 51 52 -1 30 43 83 89 -1 -2
79 82 89 93 -1 37 49 56 89 -1 -2
13 18 30 86 -1 -2
12 14 81 100 -1 -2
12 69 78 92 -1 11 12 29 60 -1 -2
32 74 77 91 -1 -2
53 54 72 77 -1 -2
2 6 59 95 -1 6 50 61 80 -1 -2
3 44 48 65 -1 -2
19 22 54 92 -1 -2
37 49 61 69 -1 -2
7 66 75 77 -1 -2
38 63 76 78 -1 25 37 66 95 -1 -2
4 10 32 88 -1 -2
10 43 45 68 -1 -2
29 46 67 81 -1 20 45 55 78 -1 -2
16 21 75 85 -1 2 4 87 100 -1 -2
11 51 69 100 -1 5 11 76 91 -1 -2
11 13 21 67 -1 26 37 40 77 -1 -2
12 17 32 36 -1 -2
4 15 43 52 -1 15 37 60 91 -1 -2
11 14 82 91 -1 -2
6 11 90 93 -1 19 35 40 82 -1 -2
22 40 58 75 -1 -2
10 64 76 91 -1 1 29 50 61 -1 -2
32 54 57 90 -1 20 27 37 70 -1 -2
18 27 43 78 -1 -2
28 29 34 73 -1 1 15 28 33 -1 -2
6 12 62 77 -1 -2
4 16 20 87 -1 7 12 21 99 -1 -2
5 22 38 45 -1 -2
43 81 82 89 -1 -2
4 46 89 98 -1 32 62 74 78 -1 -2
29 63 75 86 -1 -2
35 38 56 61 -1 3 10 32 56 -1 -2
4 64 78 94 -1 28 33 51 92 -1 -2
6 34 40 98 -1 1 20 70 92 -1 -2
2 16 86 92 -1 2 84 92 98 -1 -2
15 22 26 41 -1 4 19 58 90 -1 -2
4 61 69 75 -1 19 53 62 88 -1 -2
29 35 53 64 -1 -2
32 49 54 65 -1 5 28 35 67 -1 -2
34 43 76 95 -1 -2
3 32 65 67 -1 -2
7 32 81 97 -1 -2
8 15 64 82 -1 -2
4 9 34 39 -1 -2
35 41 52 74 -1 12 70 85 89 -1 -2
34 36 64 67 -1 4 13 49 72 -1 -2
15 22 83 84 -1 16 21 57 85 -1 -2
36 48 50 89 -1 3 55 69 78 -1 -2
3 10 24 91 -1 11 42 53 93 -1 -2
20 23 39 87 -1 -2
26 59 67 83 -1 50 56 74 96 -1 -2
11 13 40 80 -1 29 46 47 60 -1 -2
21 32 79 93 -1 -2
8 21 52 97 -1 15 22 30 98 -1 -2
14 40 51 75 -1 43 56 84 88 -1 -2
25 26 45 72 -1 16 21 68 97 -1 -2
10 33 45 57 -1 -2
50 57 74 99 -1 -2
23 50 72 78 -1 -2
4 21 81 100 -1 -2
10 49 75 91 -1 -2
11 26 74 86 -1 11 13 52 56 -1 -2
11 30 40 62 -1 -2
48 51 55 85 -1 14 38 77 93 -1 -2
2 59 62 96 -1 -2
3 25 90 100 -1 -2
5 16 55 72 -1 -2
8 21 61 64 -1 -2
60 66 79 81 -1 -2
6 15 52 85 -1 -2
5 43 68 97 -1 -2
29 35 41 46 -1 27 40 57 59 -1 -2
16 33 68 80 -1 -2
5 32 80 97 -1 -2
6 21 78 87 -1 -2
14 60 72 96 -1 -2
46 49 67 74 -1 -2
2 26 61 74 -1 5 56 95 96 -1 -2
3 19 42 97 -1 12 23 75 82 -1 -2
20 40 76 79 -1 -2
26 29 70 80 -1 6 50 65 84 -1 -2
21 63 70 73 -1 17 32 84 89 -1 -2
45 76 87 100 -1 -2
15 31 49 53 -1 7 55 81 100 -1 -2
2 57 91 94 -1 -2
11 23 30 68 -1 1 14 24 45 -1 -2
7 56 79 94 -1 40 72 76 85 -1 -2
34 53 64 98 -1 19 27 36 42 -1 -2
33 38 40 80 -1 -2
10 83 88 96 -1 -2
1 10 18 59 -1 -2
6 39 86 99 -1 -2
36 48 70 78 -1 15 18 27 70 -1 -2
8 65 78 82 -1 31 38 47 49 -1 -2
8 28 57 64 -1 -2
18 59 78 95 -1 8 26 59 96 -1 -2
2 31 77 99 -1 -2
13 25 39 81 -1 -2
6 7 23 38 -1 -2
6 15 56 61 -1 11 40 49 52 -1 -2
16 27 51 88 -1 30 62 87 92 -1 -2
50 81 93 94 -1 9 23 36 46 -1 -2
18 56 99 100 -1 -2
4 5 11 81 -1 15 47 63 90 -1 -2
22 69 81 87 -1 1 26 66 77 -1 -2
28 31 73 87 -1 -2
6 22 37 84 -1 57 58 88 96 -1 -2
10 30 38 60 -1 14 25 30 60 -1 -2
10 11 14 62 -1 15 31 62 90 -1 -2
9 12 29 37 -1 25 30 36 89 -1 -2
17 42 72 79 -1 55 75 76 84 -1 -2
47 69 74 78 -1 -2
8 10 50 62 -1 51 82 85 88 -1 -2
24 51 52 67 -1 9 49 60 92 -1 -2
17 30 34 96 -1 -2
3 17 32 37 -1 -2
15 29 45 55 -1 -2
14 34 59 61 -1 11 26 76 87 -1 -2
20 27 66 100 -1 21 38 53 70 -1 -2
48 49 81 94 -1 44 52 56 100 -1 -2
11 49 57 97 -1 -2
30 48 63 97 -1 30 74 91 99 -1 -2
1 13 19 40 -1 11 13 31 82 -1 -2
17 26 60 69 -1 3 8 15 61 -1 -2
6 76 82 93 -1 -2
1 8 72 99 -1 -2
7 42 60 76 -1 9 36 37 54 -1 -2
16 26 38 99 -1 -2
15 19 32 89 -1 -2
15 30 33 35 -1 8 17 22 91 -1 -2
1 3 49 95 -1 41 45 55 68 -1 -2
10 13 19 70 -1 -2
7 55 82 88 -1 15 17 27 57 -1 -2
10 18 47 74 -1 33 41 46 72 -1 -2
9 24 64 68 -1 22 43 49 92 -1 -2
40 53 77 100 -1 -2
9 20 22 90 -1 60 73 77 87 -1 -2
13 15 77 100 -1 43 50 63 93 -1 -2
35 70 78 79 -1 -2
67 82 83 91 -1 -2
29 44 46 92 -1 -2
52 59 65 90 -1 -2
23 37 97 98 -1 7 62 69 88 -1 -2
22 39 75 76 -1 54 58 59 61 -1 -2
53 57 76 79 -1 22 56 74 85 -1 -2
10 15 53 57 -1 2 43 46 85 -1 -2
1 10 49 100 -1 31 32 71 93 -1 -2
12 13 27 59 -1 -2
27 52 70 78 -1 -2
13 21 82 89 -1 -2
36 50 54 78 -1 30 37 65 84 -1 -2
39 60 93 96 -1 68 80 82 98 -1 -2
45 57 76 83 -1 -2
8 20 21 45 -1 -2
1 26 58 90 -1 11 44 56 58 -1 -2
9 19 31 99 -1 -2
1 33 36 46 -1 59 62 88 89 -1 -2
34 56 66 71 -1 -2
16 18 65 85 -1 -2
25 26 52 59 -1 -2
17 70 80 84 -1 -2
2 5 30 41 -1 1 14 20 94 -1 -2
44 57 64 98 -1 -2
33 43 52 74 -1 -2
3 28 37 87 -1 -2
20 26 29 30 -1 18 23 59 91 -1 -2
45 72 83 84 -1 9 25 36 42 -1 -2
9 10 16 99 -1 -2
4 20 61 88 -1 -2
12 73 78 94 -1 -2
14 26 47 63 -1 4 47 53 64 -1 -2
10 24 69 95 -1 -2
10 62 79 87 -1 26 38 54 98 -1 -2
11 19 74 85 -1 14 28 36 89 -1 -2
59 61 77 98 -1 5 25 42 46 -1 -2
23 38 42 77 -1 9 20 27 93 -1 -2
34 41 51 63 -1 28 31 32 74 -1 -2
20 37 48 62 -1 7 15 60 70 -1 -2
13 53 61 88 -1 18 20 22 99 -1 -2
42 54 55 59 -1 -2
24 73 77 87 -1 -2
8 21 78 85 -1 42 43 51 53 -1 -2
41 54 63 92 -1 8 11 27 50 -1 -2
16 28 70 93 -1 -2
7 14 66 69 -1 -2
11 24 94 99 -1 -2
7 28 59 72 -1 -2
28 70 75 94 -1 -2
44 54 60 83 -1 18 41 48 97 -1 -2
24 27 30 81 -1 9 90 99 100 -1 -2
26 30 34 46 -1 -2
21 56 84 100 -1 44 77 98 99 -1 -2
38 53 57 75 -1 -2
15 49 82 93 -1 -2
7 16 23 79 -1 -2
5 18 28 67 -1 -2
9 19 45 69 -1 -2
35 36 39 46 -1 12 72 73 81 -1 -2
19 32 77 84 -1 4 7 60 81 -1 -2
22 35 56 94 -1 -2
15 66 90 100 -1 8 11 36 49 -1 -2
48 72 74 99 -1 6 21 30 33 -1 -2
19 24 38 98 -1 -2
24 35 57 91 -1 -2
12 73 74 76 -1 8 65 79 94 -1 -2
21 42 75 92 -1 -2
20 61 62 67 -1 10 35 69 71 -1 -2
30 41 57 67 -1 17 29 41 66 -1 -2
3 45 72 93 -1 -2
22 46 92 99 -1 -2
3 43 76 93 -1 -2
3 57 69 99 -1 2 37 70 89 -1 -2
44 64 74 87 -1 -2
1 59 63 75 -1 7 13 27 54 -1 -2
16 42 61 76 -1 9 21 75 100 -1 -2
31 46 51 83 -1 27 48 53 78 -1 -2
15 23 66 89 -1 -2
55 60 63 93 -1 -2
6 18 58 76 -1 -2
6 37 61 100 -1 -2
1 44 82 98 -1 -2
37 52 64 70 -1 61 81 90 98 -1 -2
22 59 72 90 -1 5 18 38 82 -1 -2
2 24 29 67 -1 47 53 55 87 -1 -2
3 32 62 71 -1 -2
11 49 82 90 -1 38 54 67 90 -1 -2
15 50 78 83 -1 8 13 78 88 -1 -2
1 13 14 24 -1 17 33 41 76 -1 -2
5 10 25 39 -1 -2
21 45 75 86 -1 -2
37 56 66 78 -1 -2
66 74 85 100 -1 17 24 29 75 -1 -2
30 33 49 76 -1 -2
32 54 63 89 -1 8 66 86 97 -1 -2
4 12 16 91 -1 12 49 51 93 -1 -2
7 16 67 89 -1 -2
3 38 45 73 -1 -2
2 27 76 91 -1 20 42 63 80 -1 -2
5 39 59 74 -1 -2
35 38 79 97 -1 -2
5 43 68 79 -1 63 67 70 95 -1 -2
10 12 60 98 -1 -2
19 50 73 96 -1 -2
24 40 52 76 -1 -2
16 36 38 91 -1 -2
23 31 57 98 -1 2 19 35 63 -1 -2
7 72 94 99 -1 43 47 77 79 -1 -2
26 43 63 79 -1 -2
24 46 55 84 -1 59 65 88 98 -1 -2
12 38 51 86 -1 15 30 58 90 -1 -2
45 56 68 72 -1 33 38 55 65 -1 -2
6 25 47 68 -1 22 42 44 72 -1 -2
2 5 67 73 -1 1 11 54 68 -1 -2
3 24 72 98 -1 -2
19 48 67 72 -1 38 55 79 95 -1 -2
12 19 53 86 -1 54 66 88 93 -1 -2
53 62 65 72 -1 -2
2 16 22 74 -1 -2
18 26 50 69 -1 -2
19 24 65 83 -1 22 32 70 87 -1 -2
14 19 36 89 -1 7 31 38 56 -1 -2
4 45 84 90 -1 14 20 24 73 -1 -2
27 31 63 99 -1 18 51 53 87 -1 -2
3 9 13 84 -1 -2
26 48 49 91 -1 50 65 66 78 -1 -2
8 15 54 64 -1 23 61 70 97 -1 -2
26 37 54 95 -1 -2
4 63 98 100 -1 -2
11 42 45 56 -1 2 57 68 80 -1 -2
29 41 65 88 -1 7 10 78 88 -1 -2
13 14 52 86 -1 -2
5 60 74 98 -1 -2
15 52 90 95 -1 -2
27 56 73 92 -1 17 31 34 89 -1 -2
20 36 81 99 -1 23 32 34 88 -1 -2
6 14 23 75 -1 30 45 46 92 -1 -2
50 54 63 85 -1 -2
13 40 41 75 -1 2 15 69 90 -1 -2
12 33 76 78 -1 23 54 67 89 -1 -2
14 60 79 82 -1 3 43 58 74 -1 -2
35 39 53 62 -1 -2
2 39 95 97 -1 -2
6 84 85 97 -1 3 27 46 52 -1 -2
1 41 44 48 -1 -2
44 83 84 91 -1 6 49 55 79 -1 -2
1 46 86 88 -1 2 16 47 77 -1 -2
10 67 69 100 -1 -2
3 79 89 91 -1 -2
32 37 63 99 -1 -2
46 51 66 87 -1 -2
1 2 53 73 -1 35 41 51 92 -1 -2
3 5 19 46 -1 5 25 47 62 -1 -2
40 43 97 98 -1 15 30 41 100 -1 -2
7 42 69 89 -1 26 40 89 95 -1 -2
40 51 65 95 -1 5 19 27 67 -1 -2
13 45 50 91 -1 12 33 70 89 -1 -2
63 89 92 94 -1 -2
18 27 44 90 -1 -2
24 26 33 64 -1 27 61 69 80 -1 -2
12 71 82 95 -1 -2
9 35 60 61 -1 10 23 56 67 -1 -2
19 33 39 48 -1 -2
5 55 59 62 -1 -2
27 45 71 92 -1 -2
6 8 61 87 -1 2 9 35 97 -1 -2
27 34 42 63 -1 -2
48 50 65 69 -1 -2
27 58 94 95 -1 -2
22 33 74 90 -1 43 59 77 90 -1 -2
40 64 73 87 -1 -2
3 27 41 61 -1 -2
8 36 50 96 -1 27 43 54 94 -1 -2
2 32 37 73 -1 67 80 93 100 -1 -2
5 61 84 86 -1 -2
52 80 84 95 -1 -2
44 50 59 98 -1 -2
9 28 57 68 -1 2 60 74 97 -1 -2
57 60 66 74 -1 21 58 74 82 -1 -2
65 73 94 100 -1 -2
15 16 82 83 -1 15 30 77 93 -1 -2
7 51 57 79 -1 -2
6 15 56 77 -1 77 83 85 94 -1 -2
17 31 62 82 -1 8 23 77 100 -1 -2
11 20 45 100 -1 22 53 67 72 -1 -2
8 51 67 97 -1 -2
44 55 75 78 -1 -2
21 22 60 72 -1 19 44 50 67 -1 -2
2 32 80 96 -1 6 17 62 73 -1 -2
36 40 48 77 -1 36 55 61 93 -1 -2
1 23 30 75 -1 16 21 64 87 -1 -2
39 62 76 82 -1 -2
9 49 52 71 -1 18 35 36 52 -1 -2
13 26 46 77 -1 21 31 50 89 -1 -2
8 14 22 81 -1 -2
6 52 55 75 -1 -2
22 25 69 90 -1 -2
50 65 73 90 -1 18 80 85 89 -1 -2
6 7 42 80 -1 -2
30 31 56 72 -1 -2
40 42 86 88 -1 -2
18 41 68 74 -1 -2
58 83 95 96 -1 10 59 69 81 -1 -2
21 46 89 90 -1 12 25 59 76 -1 -2
20 24 72 98 -1 13 14 93 99 -1 -2
3 31 50 68 -1 18 43 77 86 -1 -2
2 49 60 75 -1 1 31 48 78 -1 -2
59 84 97 100 -1 -2
61 81 87 95 -1 -2
16 27 36 80 -1 -2
33 67 83 89 -1 -2
37 55 60 69 -1 13 16 24 45 -1 -2
21 36 93 97 -1 -2
7 36 47 87 -1 -2
8 53 66 91 -1 -2
13 35 71 78 -1 -2
5 39 62 81 -1 -2
38 39 42 44 -1 -2
46 48 54 66 -1 -2
48 50 54 64 -1 24 49 68 100 -1 -2
8 16 35 61 -1 -2
14 25 53 66 -1 -2
2 39 43 71 -1 28 44 63 93 -1 -2
2 20 34 59 -1 24 29 43 65 -1 -2
3 26 47 81 -1 -2
9 74 80 92 -1 -2
16 19 34 95 -1 27 30 65 81 -1 -2
29 76 95 97 -1 -2
9 47 63 77 -1 2 34 73 90 -1 -2
48 74 78 86 -1 43 97 98 99 -1 -2
10 26 27 57 -1 -2
2 51 53 61 -1 -2
9 16 48 69 -1 6 76 85 91 -1 -2
18 56 85 95 -1 -2
20 47 55 92 -1 29 32 60 85 -1 -2
88 93 94 98 -1 35 57 93 96 -1 -2
7 20 62 94 -1 16 25 50 82 -1 -2
28 34 91 96 -1 39 45 70 74 -1 -2
25 55 86 93 -1 8 23 36 45 -1 -2
50 66 72 84 -1 -2
36 50 71 94 -1 -2
31 46 51 94 -1 11 30 36 68 -1 -2
25 39 40 49 -1 -2
28 38 77 91 -1 1 3 40 44 -1 -2
19 64 66 85 -1 -2
13 63 85 91 -1 -2
34 56 86 99 -1 12 37 41 59 -1 -2
53 62 84 88 -1 -2
31 43 52 86 -1 20 27 33 70 -1 -2
1 32 49 85 -1 23 24 53 62 -1 -2
2 72 83 91 -1 32 58 76 100 -1 -2
58 62 91 100 -1 -2
2 14 26 46 -1 -2
43 58 75 94 -1 -2
22 29 37 75 -1 28 66 67 80 -1 -2
7 78 83 84 -1 -2
46 50 77 97 -1 -2
31 59 84 87 -1 -2
15 21 51 87 -1 -2
15 30 34 93 -1 -2
3 66 74 82 -1 -2
5 25 61 78 -1 27 34 85 97 -1 -2
15 35 51 59 -1 -2
5 8 25 75 -1 8 29 33 50 -1 -2
6 41 55 82 -1 -2
2 9 68 76 -1 -2
7 26 41 90 -1 24 44 66 80 -1 -2
31 54 64 94 -1 -2
17 27 36 84 -1 -2
50 51 68 69 -1 -2
63 75 82 86 -1 5 39 44 99 -1 -2
48 72 90 94 -1 -2
15 47 69 71 -1 16 61 63 73 -1 -2
13 25 38 90 -1 -2
18 48 66 76 -1 13 32 51 59 -1 -2
9 44 68 77 -1 42 69 77 82 -1 -2
8 16 22 77 -1 -2
26 39 49 67 -1 3 35 72 86 -1 -2
1 4 42 90 -1 7 62 63 93 -1 -2
12 26 39 98 -1 -2
36 47 50 84 -1 5 26 28 60 -1 -2
21 26 29 44 -1 -2
30 32 33 79 -1 52 69 74 97 -1 -2
7 31 68 88 -1 1 43 57 72 -1 -2
35 43 64 76 -1 6 11 40 68 -1 -2
12 60 87 88 -1 27 36 74 89 -1 -2
5 51 73 91 -1 -2
10 11 92 95 -1 17 30 50 61 -1 -2
9 19 71 92 -1 -2
26 43 74 85 -1 20 31 33 94 -1 -2
64 69 79 91 -1 1 21 22 76 -1 -2
43 52 83 90 -1 -2
21 60 71 97 -1 16 49 50 55 -1 -2
18 61 67 95 -1 -2
60 63 70 81 -1 -2
10 50 80 99 -1 -2
53 60 74 84 -1 9 23 56 64 -1 -2
16 36 53 62 -1 29 49 59 85 -1 -2
12 31 50 100 -1 -2
6 39 85 99 -1 33 36 63 99 -1 -2
7 76 84 91 -1 1 2 40 57 -1 -2
23 58 60 90 -1 -2
31 37 42 56 -1 8 18 38 71 -1 -2
21 41 73 88 -1 -2
15 41 54 85 -1 -2
4 54 72 92 -1 -2
16 32 54 59 -1 -2
52 64 88 93 -1 10 50 52 59 -1 -2
11 26 76 99 -1 82 84 85 97 -1 -2
26 61 72 97 -1 13 46 52 57 -1 -2
73 83 87 88 -1 51 68 97 100 -1 -2
14 32 42 52 -1 8 34 60 86 -1 -2
41 64 96 99 -1 -2
31 58 79 82 -1 14 19 23 28 -1 -2
30 33 66 68 -1 -2
8 27 79 98 -1 9 61 68 79 -1 -2
12 17 73 93 -1 -2
46 47 75 93 -1 25 67 90 93 -1 -2
10 19 49 82 -1 -2
51 73 74 92 -1 -2
22 65 83 86 -1 -2
25 45 55 58 -1 15 50 69 77 -1 -2
30 54 72 84 -1 -2
4 64 87 95 -1 -2
46 57 81 97 -1 -2
11 21 78 79 -1 -2
2 6 91 95 -1 46 52 64 87 -1 -2
12 88 91 95 -1 -2
19 81 86 98 -1 5 11 32 63 -1 -2
1 17 28 87 -1 7 42 59 73 -1 -2
5 22 38 78 -1 -2
14 15 59 68 -1 -2
3 11 41 86 -1 -2
31 38 56 86 -1 -2
19 25 41 87 -1 -2
27 49 81 88 -1 12 17 38 47 -1 -2
2 6 96 98 -1 8 37 72 81 -1 -2
20 40 51 92 -1 -2
40 59 72 92 -1 11 46 71 86 -1 -2
49 61 79 93 -1 -2
10 19 29 60 -1 19 23 42 71 -1 -2
25 65 80 94 -1 -2
60 76 83 94 -1 -2
5 41 78 98 -1 -2
4 5 68 72 -1 -2
32 38 62 95 -1 -2
10 23 39 73 -1 -2
39 43 49 60 -1 11 13 65 77 -1 -2
3 43 77 80 -1 16 26 40 61 -1 -2
14 64 70 81 -1 -2
9 69 90 93 -1 5 13 17 48 -1 -2
28 75 81 99 -1 7 21 28 75 -1 -2
2 14 19 55 -1 -2
4 12 21 42 -1 -2
3 12 24 99 -1 -2
32 66 78 86 -1 -2
19 47 90 97 -1 22 50 59 77 -1 -2
24 75 80 94 -1 -2
24 41 60 87 -1 14 75 78 98 -1 -2
29 54 70 89 -1 14 30 64 80 -1 -2
40 41 42 72 -1 -2
6 12 14 65 -1 -2
17 29 44 79 -1 -2
10 36 68 83 -1 -2
1 45 62 63 -1 -2
4 5 37 95 -1 13 47 91 99 -1 -2
5 14 23 72 -1 -2
9 25 32 39 -1 3 4 17 80 -1 -2
16 66 78 96 -1 -2
5 30 54 82 -1 28 38 57 59 -1 -2
24 28 37 95 -1 21 34 78 84 -1 -2
19 21 53 91 -1 2 22 29 47 -1 -2
5 22 36 85 -1 4 62 65 96 -1 -2
46 50 70 100 -1 -2
11 26 59 89 -1 -2
32 54 86 97 -1 -2
6 10 18 76 -1 -2
34 65 77 95 -1 12 20 46 58 -1 -2
22 67 76 89 -1 11 26 27 39 -1 -2
27 41 60 90 -1 -2
46 76 79 98 -1 45 60 65 100 -1 -2
11 61 72 79 -1 52 79 87 98 -1 -2
30 70 85 97 -1 -2
17 47 88 96 -1 7 82 84 90 -1 -2
28 44 61 97 -1 18 51 54 59 -1 -2
30 57 65 100 -1 -2
10 35 41 83 -1 17 28 43 74 -1 -2
27 31 56 70 -1 -2
33 35 39 50 -1 -2
50 68 82 98 -1 -2
9 46 54 98 -1 -2
14 18 34 93 -1 13 53 66 93 -1 -2
28 75 78 100 -1 20 31 56 62 -1 -2
15 20 62 100 -1 -2
12 36 64 74 -1 4 7 57 93 -1 -2
12 32 41 43 -1 -2
12 17 95 97 -1 -2
1 36 42 82 -1 9 39 64 80 -1 -2
56 72 81 91 -1 24 62 88 99 -1 -2
39 42 49 87 -1 37 42 68 95 -1 -2
12 17 34 48 -1 -2
3 30 81 95 -1 -2
12 15 35 54 -1 -2
22 51 70 91 -1 7 21 48 53 -1 -2
21 46 66 73 -1 50 51 70 73 -1 -2
48 50 60 66 -1 17 26 41 71 -1 -2
13 63 72 79 -1 -2
6 20 71 77 -1 15 21 54 89 -1 -2
4 47 55 64 -1 10 50 57 94 -1 -2
18 26 49 93 -1 -2
3 4 15 60 -1 3 39 83 96 -1 -2
1 18 39 72 -1 -2
28 48 59 63 -1 -2
16 30 74 88 -1 -2
18 49 62 97 -1 -2
22 30 75 89 -1 21 44 74 80 -1 -2
1 14 35 84 -1 8 28 29 95 -1 -2
24 38 60 82 -1 4 31 78 98 -1 -2
7 18 26 95 -1 -2
7 8 38 61 -1 49 71 73 97 -1 -2
22 41 55 71 -1 -2
48 52 92 95 -1 13 44 55 93 -1 -2
66 82 91 95 -1 -2
19 47 67 81 -1 45 57 60 74 -1 -2
14 38 47 54 -1 -2
21 36 54 55 -1 22 45 50 69 -1 -2
24 59 64 99 -1 -2
44 53 78 97 -1 54 67 90 98 -1 -2
2 10 71 72 -1 -2
23 45 46 73 -1 -2
40 49 72 74 -1 -2
9 22 69 95 -1 -2
29 32 47 95 -1 1 4 20 36 -1 -2
24 64 73 90 -1 20 33 35 56 -1 -2
1 44 66 72 -1 20 33 75 97 -1 -2
13 31 57 69 -1 -2
18 21 23 46 -1 22 23 29 40 -1 -2
45 85 88 99 -1 -2
6 10 40 44 -1 -2
24 46 51 61 -1 -2
4 21 79 90 -1 24 29 53 77 -1 -2
4 18 39 62 -1 -2
80 89 94 99 -1 22 47 69 87 -1 -2
6 14 46 59 -1 -2
2 16 29 94 -1 -2
58 67 89 99 -1 1 27 35 80 -1 -2
23 30 32 83 -1 15 43 58 78 -1 -2
37 38 48 63 -1 22 23 30 83 -1 -2
39 49 52 95 -1 -2
15 26 90 92 -1 16 30 32 42 -1 -2
30 32 68 90 -1 -2
1 21 57 64 -1 12 42 44 51 -1 -2
44 68 76 90 -1 22 52 64 75 -1 -2
58 75 89 96 -1 13 35 40 96 -1 -2
3 4 57 68 -1 -2
15 23 59 89 -1 -2
16 31 48 53 -1 15 34 91 100 -1 -2
16 37 57 89 -1 5 15 69 90 -1 -2
11 12 26 37 -1 20 36 48 79 -1 -2
30 36 50 78 -1 47 55 83 96 -1 -2
6 23 26 78 -1 1 30 91 93 -1 -2
22 48 57 67 -1 9 21 75 86 -1 -2
13 18 70 85 -1 -2
6 11 66 99 -1 7 9 35 99 -1 -2
24 26 59 83 -1 -2
22 38 50 61 -1 4 61 72 96 -1 -2
40 51 64 100 -1 -2
7 34 72 76 -1 35 76 77 93 -1 -2
15 19 67 80 -1 -2
18 20 67 88 -1 27 56 85 96 -1 -2
23 31 39 83 -1 23 34 85 93 -1 -2
24 77 86 90 -1 -2
16 23 31 32 -1 -2
10 52 63 100 -1 -2
5 9 21 24 -1 11 15 59 81 -1 -2
29 69 70 96 -1 -2
8 20 24 60 -1 -2
64 93 94 100 -1 -2
7 10 25 45 -1 9 25 32 54 -1 -2
1 2 85 91 -1 42 66 73 81 -1 -2
60 81 92 98 -1 4 37 43 86 -1 -2
53 72 76 88 -1 10 70 85 100 -1 -2
29 33 49 85 -1 34 82 93 100 -1 -2
33 45 93 99 -1 -2
12 16 60 67 -1 -2
20 47 50 90 -1 5 11 24 77 -1 -2
3 8 74 83 -1 -2
29 36 48 72 -1 52 57 66 99 -1 -2
54 64 81 87 -1 -2
52 56 81 98 -1 18 24 58 92 -1 -2
10 56 84 95 -1 19 32 37 83 -1 -2
6 35 45 85 -1 -2
29 56 67 88 -1 9 20 57 83 -1 -2
33 36 52 98 -1 70 74 75 96 -1 -2
9 18 33 57 -1 -2
65 70 92 94 -1 -2
7 76 80 81 -1 -2
13 15 53 68 -1 17 35 38 81 -1 -2
16 17 50 98 -1 -2
27 42 50 100 -1 -2
46 79 82 85 -1 3 41 45 81 -1 -2
1 3 42 90 -1 15 47 75 79 -1 -2
2 38 48 55 -1 10 82 87 96 -1 -2
21 35 56 98 -1 50 58 60 72 -1 -2
43 62 69 89 -1 25 38 45 99 -1 -2
48 52 54 93 -1 -2
31 39 49 74 -1 7 43 59 84 -1 -2
14 41 84 96 -1 13 20 71 79 -1 -2
43 49 58 78 -1 -2
17 46 74 93 -1 -2
6 10 40 47 -1 -2
14 28 40 76 -1 -2
47 65 66 90 -1 3 27 44 76 -1 -2
15 52 63 88 -1 -2
42 53 66 72 -1 72 76 78 100 -1 -2
1 4 20 92 -1 -2
2 27 33 54 -1 -2
21 23 33 81 -1 16 45 56 92 -1 -2
3 26 64 100 -1 2 5 21 95 -1 -2
40 42 55 60 -1 -2
8 46 55 97 -1 42 45 59 99 -1 -2
8 16 54 81 -1 74 83 88 98 -1 -2
10 66 75 83 -1 -2
14 15 48 61 -1 15 25 38 50 -1 -2
12 21 69 91 -1 48 56 63 75 -1 -2
3 13 22 44 -1 58 68 74 82 -1 -2
1 59 87 92 -1 -2
9 34 58 83 -1 -2
9 38 41 80 -1 -2
50 86 89 90 -1 -2
5 29 49 58 -1 3 17 76 85 -1 -2
11 38 50 61 -1 13 60 70 81 -1 -2
14 25 39 47 -1 18 28 30 67 -1 -2
37 50 73 76 -1 11 15 28 91 -1 -2
16 85 91 98 -1 -2
8 42 50 72 -1 -2
6 10 34 80 -1 -2
13 18 65 73 -1 -2
14 17 85 87 -1 12 13 79 89 -1 -2
3 6 22 25 -1 10 42 60 84 -1 -2
23 36 43 51 -1 25 49 52 63 -1 -2
2 48 57 91 -1 1 3 19 86 -1 -2
8 70 71 75 -1 37 69 72 96 -1 -2
41 42 50 93 -1 51 53 58 65 -1 -2
2 12 37 55 -1 -2
9 23 63 94 -1 27 67 73 80 -1 -2
16 21 56 58 -1 7 28 47 92 -1 -2
25 39 71 93 -1 27 33 40 47 -1 -2
30 57 88 94 -1 38 64 91 92 -1 -2
29 57 74 91 -1 15 34 50 98 -1 -2
35 43 48 85 -1 30 50 52 76 -1 -2
16 34 44 83 -1 -2
19 69 85 95 -1 13 16 42 82 -1 -2
7 30 46 81 -1 10 61 79 85 -1 -2
48 51 62 72 -1 41 48 76 88 -1 -2
27 43 49 80 -1 1 9 42 73 -1 -2
1 23 79 85 -1 -2
23 58 76 89 -1 32 37 39 78 -1 -2
6 46 75 91 -1 -2
1 3 12 24 -1 -2
16 23 50 51 -1 -2
25 28 58 81 -1 9 41 51 100 -1 -2
59 61 74 79 -1 -2
4 49 79 90 -1 -2
20 76 92 96 -1 6 32 37 83 -1 -2
1 16 29 86 -1 14 23 55 65 -1 -2
31 49 74 88 -1 -2
22 60 64 94 -1 -2
12 57 76 100 -1 -2
33 44 55 73 -1 17 59 79 80 -1 -2
27 30 45 47 -1 44 46 66 83 -1 -2
5 23 24 88 -1 20 94 97 100 -1 -2
13 39 54 67 -1 28 52 56 60 -1 -2
4 15 44 88 -1 -2
34 50 58 84 -1 -2
42 59 88 93 -1 -2
28 67 77 95 -1 -2
12 75 86 88 -1 -2
13 23 27 88 -1 -2
32 48 49 85 -1 -2
57 66 69 78 -1 -2
18 48 65 73 -1 -2
17 35 49 94 -1 12 25 39 58 -1 -2
14 60 77 85 -1 -2
32 56 78 86 -1 -2
19 41 43 57 -1 42 69 70 81 -1 -2
15 31 45 59 -1 36 40 98 99 -1 -2
4 15 44 89 -1 22 70 72 74 -1 -2
1 11 78 84 -1 4 49 56 83 -1 -2
79 82 85 88 -1 7 26 43 51 -1 -2
32 63 69 88 -1 -2
18 42 44 45 -1 41 65 72 92 -1 -2
19 36 47 100 -1 -2
25 46 71 97 -1 33 83 97 99 -1 -2
12 20 89 92 -1 9 41 45 64 -1 -2
6 19 44 75 -1 2 12 21 64 -1 -2
18 27 83 87 -1 8 17 57 74 -1 -2
21 36 42 44 -1 10 50 64 91 -1 -2
27 49 55 67 -1 93 97 99 100 -1 -2
14 36 71 80 -1 5 33 42 61 -1 -2
69 85 96 100 -1 18 30 51 79 -1 -2
2 40 44 66 -1 33 84 86 89 -1 -2
15 25 52 81 -1 -2
6 47 61 73 -1 -2
19 36 63 67 -1 9 43 82 86 -1 -2
12 53 72 89 -1 -2
40 44 65 99 -1 31 69 79 87 -1 -2
55 67 77 90 -1 -2
36 45 69 100 -1 23 59 84 100 -1 -2
43 65 75 100 -1 -2
3 22 52 82 -1 44 77 79 90 -1 -2
1 25 47 61 -1 7 51 67 81 -1 -2
27 64 92 96 -1 -2
15 22 40 67 -1 12 73 87 100 -1 -2
31 37 60 86 -1 4 51 90 100 -1 -2
37 42 52 90 -1 1 59 88 93 -1 -2
43 51 70 73 -1 -2
2 33 74 81 -1 1 7 30 85 -1 -2
1 15 58 87 -1 18 49 51 78 -1 -2
22 72 82 100 -1 -2
19 21 47 52 -1 4 43 58 69 -1 -2
39 50 70 73 -1 -2
13 24 62 68 -1 12 13 76 90 -1 -2
12 42 84 85 -1 2 8 48 81 -1 -2
18 54 74 91 -1 -2
58 76 78 100 -1 40 50 94 98 -1 -2
22 53 58 66 -1 -2
3 18 58 99 -1 42 60 64 80 -1 -2
9 16 54 97 -1 15 24 53 72 -1 -2
5 14 48 94 -1 29 31 50 77 -1 -2
24 50 69 78 -1 -2
46 61 73 99 -1 21 32 50 72 -1 -2
9 72 78 81 -1 3 22 36 83 -1 -2
12 65 86 97 -1 -2
33 45 54 65 -1 -2
1 43 52 59 -1 40 55 57 87 -1 -2
44 60 69 77 -1 9 32 33 80 -1 -2
18 24 42 99 -1 -2
2 28 37 87 -1 11 23 27 37 -1 -2
2 3 21 39 -1 18 50 66 86 -1 -2
9 41 86 88 -1 5 18 58 99 -1 -2
45 60 70 91 -1 68 72 73 83 -1 -2
36 37 66 99 -1 -2
31 35 67 78 -1 2 35 97 100 -1 -2
54 60 80 93 -1 20 28 37 87 -1 -2
3 37 46 83 -1 -2
35 38 76 84 -1 10 27 49 74 -1 -2
58 69 74 87 -1 -2
9 26 33 45 -1 44 71 75 99 -1 -2
9 50 53 85 -1 -2
9 17 23 55 -1 -2
48 73 77 88 -1 -2
1 2 60 61 -1 6 21 68 79 -1 -2
3 16 32 89 -1 46 47 76 84 -1 -2
27 34 41 47 -1 -2
7 55 85 100 -1 4 22 48 76 -1 -2
26 40 64 68 -1 -2
27 48 65 92 -1 -2
1 43 68 72 -1 16 35 46 95 -1 -2
21 34 43 71 -1 10 26 43 87 -1 -2
45 48 54 92 -1 28 82 88 96 -1 -2
24 39 44 56 -1 26 31 35 72 -1 -2
5 6 45 100 -1 14 57 59 63 -1 -2
2 50 62 64 -1 -2
15 40 75 92 -1 40 78 87 91 -1 -2
21 32 76 100 -1 10 71 91 99 -1 -2
8 19 59 83 -1 -2
35 38 57 93 -1 -2
11 21 58 93 -1 -2
41 55 81 95 -1 30 65 85 95 -1 -2
21 48 59 84 -1 -2
1 8 23 67 -1 2 8 82 83 -1 -2
9 15 49 51 -1 1 44 51 52 -1 -2
39 44 60 93 -1 -2
5 8 73 100 -1 2 8 45 66 -1 -2
58 80 84 96 -1 1 2 39 59 -1 -2
8 24 37 52 -1 17 39 63 86 -1 -2
20 55 56 93 -1 -2
5 7 23 26 -1 29 51 59 60 -1 -2
16 28 37 100 -1 -2
18 20 36 46 -1 2 83 94 96 -1 -2
21 76 91 98 -1 26 29 86 92 -1 -2
36 50 58 69 -1 6 10 34 87 -1 -2
15 31 79 86 -1 45 57 74 93 -1 -2
20 28 83 85 -1 41 60 77 80 -1 -2
10 34 52 100 -1 35 52 65 97 -1 -2
11 21 81 92 -1 13 69 82 86 -1 -2
13 15 38 78 -1 -2
6 14 34 46 -1 -2
32 74 88 92 -1 2 8 10 89 -1 -2
16 21 49 98 -1 37 44 70 83 -1 -2
41 45 56 72 -1 -2
17 68 75 94 -1 4 39 55 88 -1 -2
16 48 78 84 -1 40 61 79 84 -1 -2
11 22 90 100 -1 37 40 46 78 -1 -2
5 19 37 39 -1 -2
17 40 83 86 -1 -2
40 43 72 90 -1 11 31 42 90 -1 -2
5 14 55 60 -1 3 24 26 82 -1 -2
31 55 74 86 -1 -2
20 37 55 74 -1 41 75 89 94 -1 -2
14 28 89 92 -1 43 60 78 96 -1 -2
7 38 64 66 -1 17 21 33 65 -1 -2
34 51 65 78 -1 -2
52 63 67 97 -1 8 20 25 90 -1 -2
35 38 40 66 -1 26 28 31 43 -1 -2
63 69 83 88 -1 18 50 55 86 -1 -2
2 21 50 93 -1 -2
19 31 57 70 -1 12 49 68 76 -1 -2
5 31 33 34 -1 -2
8 19 27 97 -1 32 77 89 97 -1 -2
58 59 78 87 -1 61 79 84 97 -1 -2
2 65 72 82 -1 -2
6 18 78 94 -1 26 38 57 79 -1 -2
8 25 26 68 -1 23 33 92 96 -1 -2
3 6 43 55 -1 -2
2 23 34 93 -1 32 35 49 86 -1 -2
9 34 44 61 -1 54 55 86 94 -1 -2
28 55 71 72 -1 23 29 32 67 -1 -2
31 32 61 95 -1 -2
6 14 25 76 -1 -2
52 70 90 92 -1 9 25 33 85 -1 -2
32 36 54 93 -1 -2
37 59 66 70 -1 9 36 56 87 -1 -2
15 50 52 90 -1 -2
11 71 83 84 -1 6 23 79 80 -1 -2
8 26 33 85 -1 23 28 38 49 -1 -2
14 53 74 79 -1 -2
35 73 83 98 -1 -2
10 21 92 93 -1 -2
11 36 43 100 -1 2 8 40 81 -1 -2
50 77 83 95 -1 -2
32 59 80 94 -1 24 34 55 74 -1 -2
12 63 90 96 -1 -2
33 35 81 91 -1 -2
47 64 66 97 -1 -2
9 27 52 97 -1 -2
49 63 76 93 -1 8 76 87 90 -1 -2
44 60 68 70 -1 64 67 73 79 -1 -2
2 27 56 59 -1 50 70 77 93 -1 -2
45 73 77 78 -1 -2
12 23 45 62 -1 -2
8 19 32 57 -1 36 37 54 64 -1 -2
19 42 67 75 -1 10 26 52 58 -1 -2
9 66 80 81 -1 36 55 75 87 -1 -2
33 75 78 93 -1 28 31 93 96 -1 -2
41 48 53 90 -1 -2
7 10 78 100 -1 26 40 80 99 -1 -2
46 48 49 60 -1 20 31 73 75 -1 -2
37 58 74 85 -1 7 23 59 71 -1 -2
22 36 75 92 -1 12 49 79 94 -1 -2
28 52 58 95 -1 -2
17 64 67 79 -1 33 65 67 86 -1 -2
14 23 57 77 -1 3 20 65 86 -1 -2
1 53 67 97 -1 -2
20 40 55 89 -1 -2
25 69 92 96 -1 3 41 53 70 -1 -2
5 70 84 100 -1 19 20 32 75 -1 -2
1 17 65 96 -1 37 48 59 80 -1 -2
5 61 75 93 -1 18 26 31 47 -1 -2
10 63 92 94 -1 -2
15 34 75 87 -1 15 28 48 85 -1 -2
22 32 51 70 -1 -2
3 60 76 86 -1 27 40 47 73 -1 -2
19 38 40 79 -1 32 49 87 92 -1 -2
11 30 86 90 -1 14 22 36 62 -1 -2
14 29 40 99 -1 43 70 75 84 -1 -2
45 55 66 93 -1 8 33 77 84 -1 -2
5 23 31 81 -1 -2
26 33 34 93 -1 -2
9 51 76 98 -1 20 62 77 79 -1 -2
4 33 38 46 -1 45 54 62 76 -1 -2
26 54 63 78 -1 24 53 75 90 -1 -2
9 23 44 56 -1 7 26 45 83 -1 -2
36 44 90 100 -1 -2
18 32 36 95 -1 3 43 78 87 -1 -2
2 62 75 90 -1 29 39 59 81 -1 -2
36 60 76 90 -1 9 32 37 78 -1 -2
59 62 64 72 -1 -2
3 50 71 97 -1 -2
46 50 61 74 -1 62 72 87 92 -1 -2
1 36 53 87 -1 19 82 92 97 -1 -2
1 34 47 72 -1 -2
23 52 70 71 -1 -2
12 23 44 85 -1 -2
18 49 73 92 -1 9 26 66 96 -1 -2
41 80 88 95 -1 32 37 53 61 -1 -2
13 21 40 82 -1 54 67 70 78 -1 -2
11 21 59 89 -1 -2
4 9 36 84 -1 64 74 85 99 -1 -2
9 12 16 43 -1 -2
27 94 97 100 -1 18 22 29 34 -1 -2
13 20 57 95 -1 9 23 49 75 -1 -2
1 37 50 75 -1 36 49 52 85 -1 -2
9 27 34 78 -1 -2
12 13 24 27 -1 -2
25 50 57 59 -1 -2
51 56 91 99 -1 64 67 75 79 -1 -2
2 4 9 33 -1 -2
2 22 72 75 -1 9 46 52 54 -1 -2
27 47 61 64 -1 -2
19 21 30 70 -1 1 42 53 74 -1 -2
1 59 88 92 -1 10 25 42 99 -1 -2
57 69 84 92 -1 56 83 85 93 -1 -2
4 41 46 89 -1 20 50 54 88 -1 -2
2 11 42 79 -1 -2
5 20 32 59 -1 8 13 41 70 -1 -2
14 32 68 78 -1 40 76 88 100 -1 -2
10 15 19 31 -1 -2
37 71 80 84 -1 12 18 73 89 -1 -2
1 48 52 95 -1 1 23 74 85 -1 -2
28 30 37 73 -1 -2
13 31 60 80 -1 35 37 47 60 -1 -2
47 57 82 95 -1 -2
3 71 77 94 -1 6 10 25 64 -1 -2
2 40 89 94 -1 3 42 62 65 -1 -2
12 23 25 62 -1 1 19 58 88 -1 -2
25 51 76 86 -1 11 40 50 91 -1 -2
17 19 60 85 -1 11 27 34 97 -1 -2
18 81 90 95 -1 10 22 54 89 -1 -2
54 72 83 95 -1 10 55 89 93 -1 -2
19 52 92 100 -1 17 40 87 91 -1 -2
23 67 73 86 -1 -2
35 37 67 95 -1 -2
14 31 47 86 -1 14 59 76 93 -1 -2
3 20 24 37 -1 -2
5 37 59 70 -1 17 41 65 79 -1 -2
30 41 43 55 -1 35 64 74 88 -1 -2
20 52 85 95 -1 8 49 53 55 -1 -2
26 31 76 93 -1 -2
2 5 22 26 -1 22 47 72 81 -1 -2
8 14 67 76 -1 -2
24 43 71 83 -1 14 25 81 93 -1 -2
9 18 52 85 -1 -2
25 33 54 82 -1 33 73 79 85 -1 -2
12 43 44 94 -1 -2
25 26 40 93 -1 35 37 39 100 -1 -2
15 38 50 93 -1 -2
1 27 60 95 -1 52 73 77 82 -1 -2
14 24 31 58 -1 52 62 91 96 -1 -2
10 49 74 92 -1 56 63 88 98 -1 -2
16 39 50 58 -1 -2
35 59 87 90 -1 21 67 98 99 -1 -2
45 58 59 87 -1 25 30 43 46 -1 -2
29 37 44 99 -1 -2
41 54 65 94 -1 26 33 53 68 -1 -2
7 45 47 59 -1 -2
45 58 78 82 -1 -2
16 28 41 48 -1 -2
28 50 55 58 -1 1 25 44 93 -1 -2
2 5 50 74 -1 8 15 65 69 -1 -2
19 53 59 88 -1 6 10 79 100 -1 -2
24 50 67 71 -1 -2
25 65 81 84 -1 13 32 51 85 -1 -2
9 47 76 80 -1 48 72 77 88 -1 -2
20 41 45 74 -1 -2
54 66 80 95 -1 -2
87 89 97 98 -1 -2
18 27 40 56 -1 30 36 47 82 -1 -2
34 47 74 90 -1 -2
17 37 44 64 -1 -2
34 35 56 75 -1 14 29 39 87 -1 -2
11 13 26 74 -1 -2
25 30 47 85 -1 -2
15 32 64 72 -1 25 48 58 83 -1 -2
4 44 54 84 -1 -2
3 5 21 97 -1 12 14 25 78 -1 -2
1 41 82 93 -1 11 15 32 71 -1 -2
20 68 81 86 -1 -2
26 32 39 47 -1 7 34 51 98 -1 -2
18 24 53 70 -1 -2
3 15 87 92 -1 24 34 54 63 -1 -2
18 41 57 91 -1 -2
6 49 79 94 -1 8 39 45 50 -1 -2
9 45 78 98 -1 -2
5 21 50 73 -1 30 38 73 89 -1 -2
12 32 41 88 -1 -2
13 38 55 90 -1 6 45 76 78 -1 -2
10 36 81 96 -1 57 66 74 86 -1 -2
9 16 23 100 -1 1 3 22 60 -1 -2
24 51 79 84 -1 22 27 31 79 -1 -2
40 44 60 81 -1 10 58 62 100 -1 -2
1 10 17 82 -1 -2
1 74 76 96 -1 -2
2 36 79 100 -1 14 19 37 58 -1 -2
37 40 54 84 -1 -2
50 76 78 99 -1 -2
19 46 47 92 -1 -2
32 35 43 84 -1 -2
15 50 76 93 -1 1 48 53 100 -1 -2
20 62 64 66 -1 26 56 84 87 -1 -2
11 44 58 82 -1 22 45 53 85 -1 -2
29 35 83 89 -1 -2
7 35 57 59 -1 -2
2 18 60 76 -1 -2
11 23 31 63 -1 37 61 77 93 -1 -2
7 15 24 99 -1 8 37 72 99 -1 -2
30 36 39 98 -1 48 49 84 92 -1 -2
7 14 30 87 -1 54 57 68 75 -1 -2
28 37 48 82 -1 13 41 54 70 -1 -2
12 37 52 99 -1 -2
37 61 84 89 -1 42 68 71 87 -1 -2
27 44 64 70 -1 8 59 61 81 -1 -2
20 32 71 100 -1 -2
28 50 54 58 -1 33 43 44 64 -1 -2
26 63 78 100 -1 18 36 39 65 -1 -2
3 38 71 95 -1 -2
1 31 39 69 -1 -2
11 34 38 99 -1 -2
49 79 80 95 -1 -2
38 61 66 99 -1 8 22 75 89 -1 -2
18 44 84 86 -1 8 10 30 38 -1 -2
27 30 87 91 -1 24 35 55 74 -1 -2
21 81 97 99 -1 -2
16 40 45 79 -1 -2
13 17 25 59 -1 -2
16 43 53 94 -1 12 16 70 93 -1 -2
1 6 62 83 -1 -2
68 73 75 92 -1 24 25 71 98 -1 -2
31 47 83 86 -1 -2
7 42 48 66 -1 -2
44 75 79 100 -1 -2
17 39 60 79 -1 -2
13 32 57 77 -1 -2
50 62 68 81 -1 -2
46 52 79 100 -1 36 41 69 70 -1 -2
20 22 32 42 -1 1 15 34 39 -1 -2
20 44 79 96 -1 -2
37 72 80 91 -1 39 40 45 47 -1 -2
9 34 35 46 -1 -2
18 41 50 96 -1 18 78 80 81 -1 -2
33 53 93 100 -1 -2
49 81 82 92 -1 -2
14 38 63 98 -1 -2
9 12 18 97 -1 49 71 79 97 -1 -2
9 30 50 89 -1 -2
4 47 70 71 -1 12 13 66 96 -1 -2
38 68 78 98 -1 1 59 69 88 -1 -2
19 60 76 98 -1 -2
27 38 59 60 -1 19 25 29 87 -1 -2
32 48 70 75 -1 -2
27 74 91 96 -1 -2
67 70 75 88 -1 -2
2 12 36 68 -1 1 29 51 95 -1 -2
1 34 87 90 -1 5 54 85 94 -1 -2
12 30 75 80 -1 28 87 88 89 -1 -2
30 50 62 99 -1 -2
17 26 38 57 -1 -2
41 50 86 94 -1 27 43 52 59 -1 -2
6 43 54 78 -1 11 43 45 46 -1 -2
21 34 57 81 -1 -2
27 28 48 91 -1 23 39 54 98 -1 -2
30 55 72 73 -1 -2
84 87 91 94 -1 -2
45 52 68 78 -1 59 63 71 98 -1 -2
5 12 22 81 -1 -2
3 23 34 88 -1 -2
45 51 57 69 -1 27 28 53 95 -1 -2
10 50 80 95 -1 9 44 65 80 -1 -2
60 63 66 93 -1 -2
24 33 58 90 -1 17 20 41 91 -1 -2
14 20 50 78 -1 2 15 75 86 -1 -2
35 53 57 67 -1 8 19 65 100 -1 -2
24 39 65 86 -1 20 40 53 57 -1 -2
60 63 72 91 -1 3 7 8 17 -1 -2
27 31 47 76 -1 -2
6 23 30 76 -1 8 26 80 84 -1 -2
19 36 67 100 -1 -2
37 39 65 72 -1 -2
36 48 66 83 -1 4 48 75 90 -1 -2
6 64 80 91 -1 -2
8 86 88 94 -1 18 31 51 85 -1 -2
11 28 44 59 -1 -2
24 27 47 60 -1 -2
18 63 88 93 -1 -2
10 14 26 35 -1 -2
3 4 92 100 -1 -2
20 25 29 35 -1 18 53 60 77 -1 -2
8 25 28 62 -1 -2
11 22 46 83 -1 -2
26 32 49 71 -1 -2
24 33 39 95 -1 -2
2 81 92 99 -1 22 32 62 89 -1 -2
48 53 54 64 -1 1 20 29 91 -1 -2
7 25 32 91 -1 7 21 48 80 -1 -2
6 10 66 73 -1 -2
36 61 64 66 -1 -2
1 54 65 71 -1 -2
20 51 55 58 -1 -2
1 37 64 74 -1 -2
42 47 49 54 -1 -2
40 81 83 91 -1 22 95 97 100 -1 -2
15 33 54 56 -1 -2
5 20 49 52 -1 6 11 28 70 -1 -2
10 50 94 97 -1 22 55 73 97 -1 -2
12 59 71 80 -1 -2
29 52 58 85 -1 5 50 59 72 -1 -2
26 38 65 87 -1 -2
8 41 71 84 -1 -2
3 10 56 79 -1 -2
68 80 88 94 -1 12 28 53 58 -1 -2
29 64 85 97 -1 39 51 59 89 -1 -2
49 81 92 93 -1 5 42 49 71 -1 -2
9 14 70 80 -1 -2
14 47 63 78 -1 -2
6 50 54 78 -1 -2
24 64 79 91 -1 -2
47 64 97 99 -1 6 19 27 35 -1 -2
8 19 51 66 -1 -2
4 42 63 90 -1 6 16 43 74 -1 -2
7 18 33 97 -1 20 27 31 92 -1 -2
40 59 77 94 -1 26 45 66 84 -1 -2
5 7 12 20 -1 -2
37 40 45 46 -1 -2
4 28 49 76 -1 40 62 76 84 -1 -2
16 60 70 96 -1 8 35 56 78 -1 -2
40 61 70 100 -1 52 54 58 71 -1 -2
22 48 58 99 -1 23 33 81 99 -1 -2
41 73 88 99 -1 -2
11 12 84 98 -1 16 22 50 100 -1 -2
6 46 52 85 -1 14 18 24 82 -1 -2
30 42 91 93 -1 -2
37 51 56 86 -1 -2
3 34 65 86 -1 1 10 54 84 -1 -2
30 44 51 52 -1 2 71 74 85 -1 -2
4 38 48 78 -1 -2
17 45 68 72 -1 17 27 31 87 -1 -2
2 53 75 77 -1 18 38 46 67 -1 -2
23 53 55 87 -1 -2
26 36 78 87 -1 11 25 67 88 -1 -2
47 51 56 75 -1 36 47 53 64 -1 -2
13 26 34 98 -1 39 76 90 94 -1 -2
24 72 74 91 -1 -2
1 8 82 93 -1 5 37 76 81 -1 -2
6 31 37 46 -1 -2
25 51 69 77 -1 7 45 54 90 -1 -2
14 35 83 100 -1 28 40 58 60 -1 -2
38 62 63 76 -1 -2
58 65 79 98 -1 4 27 33 58 -1 -2
67 70 72 81 -1 -2
47 49 65 79 -1 -2
39 47 60 78 -1 38 48 53 97 -1 -2
15 44 74 81 -1 3 53 55 98 -1 -2
26 51 59 66 -1 -2
22 30 68 79 -1 -2
29 35 58 90 -1 -2
28 31 62 66 -1 9 14 38 89 -1 -2
40 44 74 88 -1 -2
27 68 76 78 -1 47 70 81 97 -1 -2
1 11 14 80 -1 1 21 90 95 -1 -2
6 25 70 89 -1 -2
2 26 58 98 -1 -2
25 40 45 73 -1 -2
2 45 75 99 -1 -2
33 38 43 84 -1 17 41 75 99 -1 -2
46 65 74 83 -1 -2
23 38 71 92 -1 61 81 84 85 -1 -2
7 38 52 69 -1 12 44 48 64 -1 -2
17 35 57 71 -1 17 44 49 69 -1 -2
27 34 48 79 -1 -2
52 54 60 96 -1 14 30 78 82 -1 -2
30 41 68 88 -1 -2
5 18 47 95 -1 4 16 23 73 -1 -2
9 29 43 90 -1 -2
26 31 75 98 -1 21 44 87 89 -1 -2
14 52 55 100 -1 -2
21 32 68 73 -1 -2
22 44 69 75 -1 -2
24 40 52 63 -1 4 18 26 57 -1 -2
1 35 43 93 -1 -2
4 42 48 59 -1 -2
7 20 35 69 -1 14 25 47 73 -1 -2
6 28 50 82 -1 -2
12 79 90 94 -1 -2
32 47 67 89 -1 -2
23 87 89 91 -1 -2
47 51 73 74 -1 30 35 45 54 -1 -2
47 70 95 97 -1 1 5 46 69 -1 -2
36 56 78 90 -1 -2
36 49 85 94 -1 12 14 60 69 -1 -2
12 53 60 78 -1 -2
42 45 67 84 -1 25 59 82 86 -1 -2
35 53 63 83 -1 18 19 60 84 -1 -2
17 23 58 69 -1 4 19 21 71 -1 -2
56 69 82 88 -1 -2
10 13 25 97 -1 -2
23 26 53 89 -1 -2
13 18 38 41 -1 20 30 36 84 -1 -2
10 11 42 92 -1 33 56 93 99 -1 -2
4 16 78 82 -1 19 23 82 88 -1 -2
4 23 35 54 -1 23 45 50 60 -1 -2
8 24 25 98 -1 32 49 57 67 -1 -2
18 33 80 91 -1 -2
16 27 47 79 -1 -2
20 57 63 65 -1 29 55 67 95 -1 -2
14 27 78 99 -1 -2
4 5 47 56 -1 -2
39 67 92 96 -1 9 46 87 99 -1 -2
3 33 76 96 -1 15 43 59 84 -1 -2
63 72 74 87 -1 -2
20 45 60 70 -1 13 47 73 89 -1 -2
4 53 67 83 -1 21 45 55 59 -1 -2
15 20 31 84 -1 32 70 88 93 -1 -2
7 67 86 88 -1 -2
6 42 45 96 -1 -2
4 19 60 68 -1 -2
53 64 66 97 -1 -2
14 32 56 78 -1 9 85 89 93 -1 -2
47 66 92 96 -1 38 66 68 77 -1 -2
1 52 83 97 -1 26 30 47 95 -1 -2
15 35 36 82 -1 1 21 45 81 -1 -2
48 58 77 83 -1 14 23 33 100 -1 -2
6 19 24 43 -1 -2
1 3 72 87 -1 -2
30 40 59 70 -1 2 50 77 85 -1 -2
10 40 92 98 -1 12 20 72 79 -1 -2
17 60 66 74 -1 1 43 49 67 -1 -2
8 34 60 78 -1 -2
34 40 50 81 -1 11 19 48 87 -1 -2
20 34 44 75 -1 -2
10 54 82 99 -1 -2
26 57 66 97 -1 16 23 67 84 -1 -2
6 19 65 74 -1 8 16 28 69 -1 -2
8 40 62 89 -1 -2
19 21 29 77 -1 25 80 84 90 -1 -2
19 50 59 60 -1 -2
32 39 45 82 -1 -2
3 47 72 92 -1 -2
13 16 27 47 -1 -2
13 21 48 51 -1 7 16 63 90 -1 -2
1 13 39 85 -1 14 17 35 81 -1 -2
14 24 44 62 -1 5 12 24 66 -1 -2
10 80 91 98 -1 -2
40 68 70 87 -1 20 34 45 72 -1 -2
2 33 45 99 -1 -2
15 26 69 79 -1 -2
51 54 80 90 -1 1 5 10 91 -1 -2
71 77 85 94 -1 -2
19 39 87 90 -1 18 53 92 99 -1 -2
3 62 80 85 -1 -2
6 35 47 79 -1 26 46 80 96 -1 -2
14 41 55 67 -1 -2
27 34 37 70 -1 -2
3 37 79 96 -1 -2
30 71 81 82 -1 36 44 68 92 -1 -2
2 32 40 100 -1 -2
10 38 49 82 -1 22 23 58 68 -1 -2
35 60 76 99 -1 7 26 64 79 -1 -2
23 56 67 71 -1 29 54 60 82 -1 -2
31 36 74 90 -1 -2
4 14 18 50 -1 8 12 40 92 -1 -2
9 26 59 77 -1 13 50 64 80 -1 -2
32 67 81 99 -1 -2
40 53 72 83 -1 -2
31 35 40 87 -1 64 69 82 100 -1 -2
23 27 33 60 -1 -2
19 41 63 94 -1 -2
28 32 50 55 -1 14 72 80 98 -1 -2
4 43 66 91 -1 -2
9 34 54 74 -1 -2
45 67 90 99 -1 -2
15 23 72 81 -1 1 22 86 92 -1 -2
2 51 70 76 -1 -2
6 47 50 69 -1 43 49 62 99 -1 -2
9 62 74 77 -1 -2
46 66 92 95 -1 10 16 51 93 -1 -2
22 64 79 89 -1 59 76 77 78 -1 -2
45 74 89 90 -1 33 39 44 73 -1 -2
66 69 80 83 -1 17 57 79 86 -1 -2
38 65 83 100 -1 -2
11 29 30 90 -1 -2
22 29 35 95 -1 5 9 31 50 -1 -2
8 17 40 74 -1 17 66 75 89 -1 -2
14 37 42 88 -1 -2
23 45 50 53 -1 -2
6 15 32 84 -1 10 26 29 31 -1 -2
64 71 77 90 -1 -2
29 57 89 91 -1 -2
18 34 83 84 -1 39 42 57 64 -1 -2
52 56 57 87 -1 -2
4 34 42 51 -1 8 73 84 95 -1 -2
10 39 85 93 -1 15 27 30 96 -1 -2
39 65 90 94 -1 -2
19 33 35 99 -1 -2
47 56 58 93 -1 -2
11 80 86 94 -1 4 9 12 82 -1 -2
51 55 60 100 -1 21 37 54 78 -1 -2
10 27 49 79 -1 -2
3 14 66 67 -1 35 52 74 77 -1 -2
39 43 49 50 -1 21 43 48 95 -1 -2
26 31 46 49 -1 -2
42 49 65 100 -1 43 44 63 92 -1 -2
1 47 56 87 -1 55 66 68 71 -1 -2
6 24 58 98 -1 15 41 84 89 -1 -2
12 38 79 96 -1 23 43 56 71 -1 -2
17 23 27 87 -1 34 67 72 94 -1 -2
2 5 10 96 -1 19 48 63 95 -1 -2
9 34 37 41 -1 1 41 58 91 -1 -2
16 75 80 100 -1 25 54 65 80 -1 -2
5 66 70 86 -1 -2
3 5 57 94 -1 41 42 46 96 -1 -2
27 28 59 87 -1 3 20 51 81 -1 -2
5 16 51 77 -1 15 26 50 92 -1 -2
13 24 64 85 -1 7 11 18 82 -1 -2
34 84 95 96 -1 -2
14 16 31 84 -1 -2
2 11 35 83 -1 16 26 78 86 -1 -2
26 34 56 61 -1 -2
52 69 79 87 -1 2 14 16 27 -1 -2
20 46 79 98 -1 4 47 71 79 -1 -2
16 61 72 99 -1 13 43 52 92 -1 -2
21 38 64 99 -1 -2
13 45 89 95 -1 25 52 70 95 -1 -2
27 32 72 94 -1 -2
2 7 24 49 -1 -2
9 31 60 62 -1 -2
12 31 32 70 -1 49 53 80 89 -1 -2
18 60 65 98 -1 -2
11 12 52 89 -1 6 29 50 97 -1 -2
72 76 81 93 -1 -2
13 49 53 54 -1 19 49 52 76 -1 -2
16 17 18 74 -1 -2
9 45 60 61 -1 -2
46 47 88 94 -1 -2
32 34 61 71 -1 -2
18 20 83 100 -1 35 54 73 78 -1 -2
12 33 53 89 -1 49 60 69 71 -1 -2
1 29 34 45 -1 17 29 46 79 -1 -2
3 14 49 72 -1 9 18 47 55 -1 -2
17 30 40 53 -1 -2
12 18 46 86 -1 17 65 72 92 -1 -2
39 86 89 99 -1 39 65 88 98 -1 -2
8 31 34 56 -1 -2
6 32 41 62 -1 -2
15 22 46 97 -1 24 44 52 91 -1 -2
31 33 50 67 -1 16 59 83 87 -1 -2
7 15 20 35 -1 8 54 90 99 -1 -2
8 32 57 79 -1 -2
12 21 50 89 -1 35 52 56 67 -1 -2
15 75 92 93 -1 -2
14 18 42 94 -1 22 68 76 100 -1 -2
61 70 81 88 -1 -2
9 50 57 68 -1 -2
10 49 86 92 -1 12 41 93 96 -1 -2
5 25 36 74 -1 21 35 81 93 -1 -2
22 44 65 71 -1 1 52 64 91 -1 -2
5 53 62 72 -1 -2
15 31 39 63 -1 -2
2 8 49 70 -1 70 87 89 91 -1 -2
45 55 80 82 -1 8 14 31 79 -1 -2
20 23 58 73 -1 -2
3 18 33 37 -1 -2
39 48 93 97 -1 -2
1 14 38 47 -1 -2
34 50 62 79 -1 12 16 90 92 -1 -2
10 38 56 89 -1 -2
7 31 62 83 -1 -2
20 48 54 56 -1 -2
1 26 67 82 -1 -2
3 21 29 75 -1 -2
47 64 69 81 -1 14 50 70 73 -1 -2
9 21 53 85 -1 -2
5 29 61 86 -1 42 62 73 91 -1 -2
7 34 84 98 -1 -2
3 19 28 31 -1 -2
39 60 73 88 -1 27 48 60 61 -1 -2
11 24 64 90 -1 -2
14 37 46 82 -1 13 26 96 97 -1 -2
55 59 61 65 -1 -2
46 77 97 99 -1 25 32 37 81 -1 -2
7 38 56 70 -1 -2
21 33 35 57 -1 -2
37 51 61 89 -1 6 45 61 76 -1 -2
18 20 47 85 -1 -2
29 49 67 77 -1 11 25 37 49 -1 -2
11 37 87 88 -1 8 22 26 74 -1 -2
13 24 33 61 -1 49 51 77 89 -1 -2
2 25 63 91 -1 49 58 89 100 -1 -2
35 58 69 98 -1 6 8 18 81 -1 -2
28 67 76 97 -1 -2
5 10 52 65 -1 -2
8 11 22 69 -1 3 26 33 44 -1 -2
5 33 39 61 -1 -2
24 44 89 100 -1 -2
12 20 46 61 -1 26 61 84 93 -1 -2
14 20 39 78 -1 31 33 61 97 -1 -2
29 46 49 83 -1 10 27 66 100 -1 -2
29 47 73 87 -1 -2
27 30 79 82 -1 -2
12 19 28 79 -1 17 56 75 77 -1 -2
5 6 45 76 -1 1 2 63 99 -1 -2
14 30 59 80 -1 4 18 61 77 -1 -2
7 13 81 85 -1 -2
48 57 89 93 -1 52 81 95 96 -1 -2
4 21 43 46 -1 18 37 90 100 -1 -2
44 52 91 98 -1 38 45 60 70 -1 -2
13 52 60 89 -1 20 39 69 72 -1 -2
24 32 54 100 -1 9 84 92 100 -1 -2
35 63 70 97 -1 25 27 56 71 -1 -2
5 19 59 70 -1 -2
7 22 63 68 -1 -2
44 67 87 92 -1 37 54 68 74 -1 -2
25 32 39 72 -1 -2
39 44 68 74 -1 -2
4 52 67 74 -1 7 28 29 41 -1 -2
61 87 94 100 -1 -2
34 37 62 78 -1 19 40 62 93 -1 -2
9 55 61 91 -1 49 75 95 96 -1 -2
15 47 55 87 -1 8 59 69 89 -1 -2
24 46 52 77 -1 26 33 51 52 -1 -2
39 44 45 50 -1 14 27 37 51 -1 -2
28 58 74 80 -1 -2
23 35 51 54 -1 21 25 27 63 -1 -2
15 30 55 88 -1 17 26 28 79 -1 -2
51 63 65 78 -1 7 14 63 71 -1 -2
18 37 46 95 -1 -2
9 53 64 97 -1 -2
8 15 23 67 -1 3 14 41 75 -1 -2
42 69 97 98 -1 -2
15 22 62 79 -1 8 19 39 73 -1 -2
20 32 62 78 -1 -2
9 70 88 95 -1 9 27 33 88 -1 -2
4 6 27 61 -1 43 68 80 89 -1 -2
25 83 94 98 -1 4 22 49 66 -1 -2
26 46 51 60 -1 -2
6 63 75 100 -1 -2
6 64 68 86 -1 -2
8 15 19 99 -1 -2
39 43 84 100 -1 -2
49 72 83 85 -1 16 18 20 80 -1 -2
5 28 50 100 -1 -2
21 59 62 65 -1 -2
17 20 68 92 -1 -2
40 51 70 71 -1 64 69 75 94 -1 -2
23 42 50 51 -1 -2
51 72 91 93 -1 18 23 56 94 -1 -2
16 57 58 62 -1 15 34 53 57 -1 -2
21 51 57 87 -1 -2
21 36 50 68 -1 -2
6 14 41 98 -1 31 80 81 86 -1 -2
4 29 55 60 -1 -2
7 28 73 82 -1 35 47 50 67 -1 -2
42 61 65 91 -1 2 22 59 84 -1 -2
16 21 39 62 -1 5 25 42 87 -1 -2
17 55 62 97 -1 27 38 43 65 -1 -2
11 34 35 89 -1 10 42 55 72 -1 -2
21 24 54 96 -1 6 42 75 90 -1 -2
6 31 84 86 -1 -2
6 72 74 92 -1 -2
9 37 71 96 -1 -2
7 17 61 82 -1 11 19 45 57 -1 -2
23 34 62 83 -1 -2
20 23 29 58 -1 -2
9 35 47 80 -1 5 16 38 82 -1 -2
41 45 84 96 -1 -2
35 42 46 52 -1 4 19 43 98 -1 -2
61 70 82 85 -1 17 31 84 85 -1 -2
10 27 83 86 -1 50 67 74 78 -1 -2
22 43 75 84 -1 -2
15 66 73 83 -1 9 21 25 34 -1 -2
10 79 80 99 -1 -2
34 69 81 91 -1 36 40 41 74 -1 -2
15 48 64 74 -1 -2
13 21 61 88 -1 85 86 87 97 -1 -2
22 47 71 94 -1 1 36 55 89 -1 -2
40 47 77 79 -1 -2
77 82 93 94 -1 -2
28 54 59 70 -1 7 40 79 80 -1 -2
56 63 77 85 -1 -2
35 47 66 69 -1 -2
28 36 85 90 -1 -2
50 75 76 91 -1 -2
60 61 74 87 -1 5 18 20 49 -1 -2
20 40 63 95 -1 14 79 91 96 -1 -2
9 53 82 99 -1 19 53 60 72 -1 -2
31 44 57 71 -1 1 7 51 54 -1 -2
8 19 56 96 -1 33 42 44 62 -1 -2
20 24 28 80 -1 -2
42 44 65 98 -1 -2
5 66 81 100 -1 -2
56 61 66 89 -1 48 53 74 75 -1 -2
19 34 66 97 -1 4 8 23 98 -1 -2
35 37 79 87 -1 -2
45 65 82 89 -1 17 22 55 80 -1 -2
21 50 88 100 -1 7 20 30 51 -1 -2
4 26 76 91 -1 45 55 82 88 -1 -2
5 43 52 65 -1 -2
19 29 61 81 -1 -2
17 70 82 90 -1 -2
30 60 82 97 -1 -2
12 14 89 96 -1 30 70 82 97 -1 -2
21 39 63 95 -1 29 56 58 87 -1 -2
69 82 86 88 -1 -2
35 55 94 95 -1 -2
9 15 44 61 -1 12 26 33 100 -1 -2
15 38 62 72 -1 35 36 54 79 -1 -2
14 25 39 69 -1 18 62 77 85 -1 -2
39 57 77 91 -1 29 42 69 95 -1 -2
14 18 27 37 -1 -2
18 23 36 55 -1 -2
49 61 76 88 -1 9 34 36 40 -1 -2
2 41 42 75 -1 28 42 45 80 -1 -2
6 30 32 54 -1 14 39 70 95 -1 -2
17 67 68 83 -1 -2
39 40 52 88 -1 15 38 49 56 -1 -2
6 50 51 81 -1 -2
63 65 98 100 -1 -2
7 18 23 61 -1 -2
16 27 38 56 -1 -2
26 42 45 97 -1 -2
43 58 91 98 -1 -2
8 37 94 98 -1 -2
9 11 20 71 -1 -2
1 13 22 51 -1 -2
71 72 88 98 -1 -2
26 68 71 84 -1 -2
16 30 42 66 -1 1 12 23 37 -1 -2
14 38 44 74 -1 -2
2 9 81 84 -1 -2
5 35 56 82 -1 -2
9 23 75 95 -1 -2
25 37 72 83 -1 55 59 93 94 -1 -2
8 27 45 88 -1 -2
17 20 28 32 -1 6 24 25 49 -1 -2
21 22 60 80 -1 -2
12 69 80 100 -1 6 28 65 100 -1 -2
16 62 65 87 -1 26 65 66 95 -1 -2
14 19 49 97 -1 3 25 51 60 -1 -2
11 69 88 89 -1 -2
2 15 55 84 -1 -2
20 53 74 100 -1 -2
11 17 23 28 -1 3 12 20 64 -1 -2
71 73 83 94 -1 4 13 37 58 -1 -2
1 5 79 80 -1 -2
3 15 60 66 -1 28 51 62 72 -1 -2
23 34 67 87 -1 16 35 47 65 -1 -2
41 83 90 97 -1 2 66 68 81 -1 -2
26 38 60 73 -1 14 17 25 50 -1 -2
32 34 39 49 -1 22 55 78 81 -1 -2
42 90 91 94 -1 -2
46 65 82 88 -1 -2
13 20 66 74 -1 5 6 10 56 -1 -2
3 23 79 89 -1 4 26 71 87 -1 -2
7 62 68 79 -1 -2
16 41 49 86 -1 -2
33 53 58 67 -1 5 20 51 80 -1 -2
12 26 36 85 -1 -2
60 68 80 87 -1 10 25 30 88 -1 -2
16 21 41 55 -1 16 50 64 97 -1 -2
27 28 30 83 -1 -2
42 83 85 99 -1 -2
22 40 60 68 -1 -2
16 31 76 100 -1 6 41 54 89 -1 -2
10 49 50 83 -1 7 18 28 32 -1 -2
14 20 58 74 -1 15 79 80 85 -1 -2
37 55 70 83 -1 -2
55 72 81 99 -1 -2
34 58 80 88 -1 27 47 49 54 -1 -2
29 36 65 97 -1 -2
15 51 64 88 -1 -2
14 54 62 89 -1 -2
15 38 57 89 -1 9 32 38 92 -1 -2
18 29 41 48 -1 28 43 69 91 -1 -2
14 75 77 84 -1 -2
7 13 75 97 -1 -2
5 65 71 92 -1 -2
15 29 49 74 -1 26 36 45 56 -1 -2
11 54 73 89 -1 10 30 53 56 -1 -2
25 65 73 97 -1 -2
1 2 53 65 -1 39 57 67 71 -1 -2
35 75 96 97 -1 29 50 56 99 -1 -2
2 15 22 99 -1 4 22 29 91 -1 -2
21 47 62 82 -1 22 76 87 91 -1 -2
34 59 64 78 -1 -2
6 50 61 70 -1 21 31 42 97 -1 -2
1 44 67 93 -1 21 23 30 62 -1 -2
5 8 33 84 -1 -2
7 26 62 63 -1 -2
36 58 62 100 -1 -2
11 46 67 97 -1 2 21 24 43 -1 -2
40 59 72 84 -1 -2
13 25 54 83 -1 29 49 53 57 -1 -2
33 34 42 99 -1 -2
16 29 53 100 -1 29 42 68 86 -1 -2
7 18 39 98 -1 12 41 48 88 -1 -2
19 40 61 77 -1 12 31 39 80 -1 -2
22 43 54 66 -1 -2
11 28 56 85 -1 32 33 87 93 -1 -2
15 16 64 73 -1 47 69 71 73 -1 -2
43 52 81 94 -1 13 53 77 94 -1 -2
54 68 86 91 -1 -2
35 39 45 58 -1 -2
24 61 83 98 -1 -2
42 70 94 98 -1 -2
5 6 26 74 -1 9 52 69 81 -1 -2
23 70 78 96 -1 1 18 34 90 -1 -2
18 22 79 93 -1 41 53 78 86 -1 -2
12 19 36 52 -1 11 41 48 49 -1 -2
10 46 85 90 -1 9 75 90 95 -1 -2
1 33 61 89 -1 37 38 68 83 -1 -2
10 11 35 37 -1 17 57 63 88 -1 -2
24 59 60 77 -1 26 52 57 89 -1 -2
20 23 74 75 -1 -2
16 39 53 55 -1 -2
30 49 56 92 -1 -2
3 29 56 86 -1 -2
35 67 70 77 -1 -2
6 9 58 78 -1 -2
41 65 69 71 -1 62 66 79 86 -1 -2
17 25 71 77 -1 -2
21 45 51 61 -1 11 51 88 95 -1 -2
28 33 38 78 -1 37 43 94 95 -1 -2
30 71 76 96 -1 -2
11 13 78 89 -1 21 23 55 69 -1 -2
24 34 41 69 -1 48 55 66 84 -1 -2
65 81 97 98 -1 -2
8 10 70 72 -1 -2
10 32 70 91 -1 -2
10 21 34 84 -1 -2
9 12 52 67 -1 6 35 66 84 -1 -2
13 64 92 93 -1 -2
10 77 84 92 -1 13 28 72 75 -1 -2
21 70 71 92 -1 28 63 89 90 -1 -2
1 4 10 96 -1 3 16 35 39 -1 -2
58 61 75 92 -1 29 37 42 68 -1 -2
40 52 61 79 -1 13 60 95 99 -1 -2
29 58 60 82 -1 30 34 90 100 -1 -2
3 19 41 67 -1 -2
5 9 60 96 -1 -2
32 40 58 72 -1 10 75 86 94 -1 -2
2 9 20 87 -1 24 30 52 86 -1 -2
4 26 28 54 -1 28 31 43 52 -1 -2
3 6 21 23 -1 14 54 89 95 -1 -2
9 34 38 90 -1 -2
33 39 67 95 -1 -2
6 14 24 88 -1 15 25 72 94 -1 -2
12 19 28 40 -1 -2
18 64 93 94 -1 8 15 44 51 -1 -2
21 42 66 90 -1 16 50 55 64 -1 -2
2 36 57 68 -1 -2
34 57 71 99 -1 11 31 77 94 -1 -2
2 5 59 95 -1 -2
12 27 31 62 -1 5 36 77 95 -1 -2
10 13 24 100 -1 -2
3 13 41 91 -1 -2
11 23 30 87 -1 -2
6 56 67 96 -1 -2
13 38 60 86 -1 52 55 74 77 -1 -2
58 83 94 98 -1 -2
2 39 60 83 -1 -2
21 22 35 36 -1 -2
29 41 56 59 -1 -2
5 30 65 69 -1 -2
29 30 47 82 -1 44 55 97 100 -1 -2
1 31 72 90 -1 17 24 34 59 -1 -2
23 26 39 59 -1 12 29 62 93 -1 -2
39 48 68 84 -1 -2
4 12 35 62 -1 33 53 59 95 -1 -2
26 40 48 91 -1 -2
3 58 60 77 -1 -2
25 30 69 82 -1 25 29 53 56 -1 -2
38 64 71 92 -1 -2
11 17 57 65 -1 -2
47 90 91 94 -1 1 48 66 74 -1 -2
31 42 69 88 -1 -2
45 74 91 99 -1 44 80 83 88 -1 -2
7 82 95 97 -1 35 44 52 56 -1 -2
15 76 86 90 -1 -2
33 36 57 74 -1 -2
7 10 53 86 -1 -2
18 37 69 99 -1 47 51 79 94 -1 -2
12 37 60 68 -1 1 52 79 80 -1 -2
45 68 74 75 -1 1 21 74 83 -1 -2
6 19 30 83 -1 -2
5 25 40 98 -1 16 78 80 81 -1 -2
2 74 76 79 -1 -2
18 65 71 96 -1 11 37 61 81 -1 -2
19 36 38 86 -1 5 15 60 82 -1 -2
11 30 40 63 -1 -2
25 37 46 51 -1 8 42 46 94 -1 -2
25 48 55 68 -1 9 22 40 42 -1 -2
17 34 35 54 -1 -2
4 15 23 57 -1 23 31 68 92 -1 -2
22 27 39 83 -1 15 50 69 77 -1 -2
21 85 93 94 -1 15 22 40 76 -1 -2
20 41 93 97 -1 4 44 64 89 -1 -2
60 65 76 87 -1 29 31 53 84 -1 -2
27 82 90 97 -1 -2
5 7 65 100 -1 15 57 59 92 -1 -2
6 21 90 98 -1 12 16 18 36 -1 -2
36 77 85 86 -1 36 61 64 75 -1 -2
29 35 65 72 -1 -2
6 35 47 53 -1 -2
9 10 54 55 -1 3 22 29 39 -1 -2
6 46 47 51 -1 -2
2 36 42 58 -1 -2
11 33 67 78 -1 -2
27 32 81 90 -1 6 32 74 93 -1 -2
64 67 75 100 -1 -2
19 42 66 74 -1 11 65 71 85 -1 -2
8 22 29 68 -1 23 53 86 89 -1 -2
12 34 67 69 -1 -2
18 78 80 87 -1 -2
4 47 67 94 -1 -2
13 17 22 57 -1 -2
18 44 52 69 -1 3 26 53 66 -1 -2
52 81 82 98 -1 11 52 58 73 -1 -2
22 35 60 83 -1 46 56 69 80 -1 -2
4 48 84 100 -1 -2
7 34 50 64 -1 32 58 74 91 -1 -2
8 32 38 83 -1 39 49 79 88 -1 -2
28 46 70 74 -1 27 31 80 98 -1 -2
7 56 76 89 -1 20 41 54 83 -1 -2
2 15 23 73 -1 -2
9 23 42 88 -1 34 85 95 98 -1 -2
33 35 40 55 -1 6 18 58 95 -1 -2
4 11 58 81 -1 -2
38 40 55 92 -1 -2
21 40 43 88 -1 -2
23 29 44 78 -1 23 45 67 82 -1 -2
17 34 57 82 -1 2 4 8 47 -1 -2
4 38 45 71 -1 -2
18 25 48 82 -1 -2
41 66 67 72 -1 45 66 76 84 -1 -2
13 15 47 70 -1 13 26 55 69 -1 -2
27 46 49 85 -1 8 41 70 73 -1 -2
41 52 64 87 -1 -2
15 45 83 87 -1 -2
22 70 75 100 -1 -2
2 59 75 100 -1 -2
45 60 87 93 -1 -2
20 32 90 97 -1 -2
43 59 78 84 -1 16 27 28 95 -1 -2
47 50 60 95 -1 8 31 73 93 -1 -2
35 71 83 91 -1 -2
23 56 70 81 -1 -2
35 41 74 77 -1 -2
12 25 32 63 -1 -2
13 30 33 85 -1 -2
52 82 96 97 -1 8 18 60 77 -1 -2
18 51 91 99 -1 75 82 90 91 -1 -2
30 51 64 76 -1 1 32 37 85 -1 -2
6 7 45 84 -1 4 34 36 44 -1 -2
3 48 57 59 -1 -2
12 21 43 85 -1 -2
40 52 61 75 -1 2 12 56 70 -1 -2
40 41 77 84 -1 50 66 73 78 -1 -2
24 25 31 81 -1 -2
20 21 57 82 -1 13 21 49 61 -1 -2
34 63 67 92 -1 17 22 81 91 -1 -2
25 35 43 78 -1 11 13 36 60 -1 -2
2 20 48 72 -1 -2
7 36 38 44 -1 12 30 96 100 -1 -2
8 41 57 74 -1 19 68 71 72 -1 -2
11 35 53 83 -1 -2
2 27 32 50 -1 -2
41 56 82 100 -1 -2
9 18 25 69 -1 -2
4 45 46 74 -1 -2
14 38 59 65 -1 -2
18 20 37 52 -1 6 41 44 73 -1 -2
1 2 39 46 -1 30 57 66 93 -1 -2
29 42 49 63 -1 47 52 54 82 -1 -2
6 58 68 82 -1 37 47 72 75 -1 -2
8 18 23 42 -1 -2
62 64 67 99 -1 -2
2 21 48 91 -1 -2
15 50 56 69 -1 -2
39 66 67 83 -1 -2
2 49 66 79 -1 20 48 81 100 -1 -2
1 4 12 75 -1 2 62 77 99 -1 -2
1 41 64 69 -1 -2
30 35 87 99 -1 8 27 61 98 -1 -2
41 48 50 64 -1 8 57 75 82 -1 -2
26 53 55 89 -1 -2
5 27 66 90 -1 -2
1 22 72 82 -1 17 19 55 73 -1 -2
19 68 81 95 -1 7 52 74 95 -1 -2
2 8 21 63 -1 -2
8 54 80 86 -1 -2
15 22 56 69 -1 15 52 69 72 -1 -2
5 47 59 64 -1 42 49 54 60 -1 -2
31 49 71 82 -1 39 40 57 86 -1 -2
9 35 57 100 -1 -2
9 23 52 86 -1 25 58 71 98 -1 -2
5 11 43 75 -1 45 79 89 93 -1 -2
18 19 29 88 -1 66 86 89 99 -1 -2
12 31 82 92 -1 -2
13 28 40 86 -1 -2
29 31 34 98 -1 7 13 21 71 -1 -2
8 11 37 73 -1 1 21 36 78 -1 -2
3 52 81 99 -1 -2
13 39 64 69 -1 14 71 93 95 -1 -2
20 26 47 57 -1 33 52 54 82 -1 -2
6 48 63 98 -1 -2
19 30 32 92 -1 -2
23 25 51 63 -1 4 24 68 94 -1 -2
50 58 97 98 -1 21 73 85 91 -1 -2
14 44 70 86 -1 31 44 69 87 -1 -2
8 32 37 66 -1 17 40 54 87 -1 -2
14 23 57 88 -1 -2
37 57 59 74 -1 6 39 44 95 -1 -2
1 7 67 89 -1 -2
26 51 54 71 -1 -2
30 56 77 87 -1 -2
5 49 52 56 -1 46 67 98 99 -1 -2
11 47 70 87 -1 -2
3 5 72 94 -1 -2
8 17 73 99 -1 -2
19 22 59 100 -1 38 79 91 95 -1 -2
17 24 73 93 -1 12 46 53 57 -1 -2
46 52 67 70 -1 37 58 60 65 -1 -2
14 32 38 73 -1 -2
28 34 41 42 -1 12 93 96 99 -1 -2
19 28 46 66 -1 -2
21 22 48 55 -1 32 39 54 84 -1 -2
2 24 28 88 -1 26 55 61 100 -1 -2
13 22 72 97 -1 -2
4 46 53 100 -1 -2
41 55 58 96 -1 3 27 35 48 -1 -2
16 26 37 87 -1 1 64 68 93 -1 -2
20 30 40 77 -1 37 64 69 85 -1 -2
12 44 71 85 -1 -2
22 28 32 60 -1 14 22 38 59 -1 -2
23 50 71 77 -1 4 21 78 99 -1 -2
1 35 39 79 -1 -2
35 44 88 92 -1 -2
12 25 73 91 -1 -2
27 37 57 60 -1 -2
8 73 82 95 -1 -2
52 65 66 100 -1 -2
34 45 73 74 -1 -2
1 7 18 28 -1 1 28 47 75 -1 -2
18 28 55 57 -1 14 20 24 33 -1 -2
6 27 89 97 -1 -2
43 56 77 78 -1 -2
22 53 60 95 -1 -2
18 32 86 87 -1 -2
44 49 63 90 -1 -2
34 60 73 81 -1 -2
57 66 77 99 -1 -2
4 31 36 71 -1 -2
13 17 45 55 -1 -2
15 24 32 100 -1 -2
49 73 82 83 -1 1 24 51 55 -1 -2
38 73 78 85 -1 -2
7 59 60 62 -1 -2
30 36 44 93 -1 8 10 21 96 -1 -2
39 71 94 100 -1 -2
16 34 41 71 -1 -2
30 41 56 86 -1 23 41 62 72 -1 -2
6 20 28 30 -1 18 23 64 90 -1 -2
20 62 65 97 -1 -2
5 49 83 95 -1 -2
3 8 16 28 -1 38 51 64 83 -1 -2
5 28 55 81 -1 -2
13 44 67 100 -1 5 10 24 38 -1 -2
1 14 41 97 -1 2 31 38 78 -1 -2
26 35 38 48 -1 22 24 52 79 -1 -2
11 40 67 73 -1 -2
48 56 64 93 -1 19 31 42 95 -1 -2
8 38 50 99 -1 -2
1 23 47 99 -1 -2
51 66 75 81 -1 -2
1 37 66 88 -1 -2
1 37 45 93 -1 17 28 32 48 -1 -2
19 24 67 99 -1 1 23 29 77 -1 -2
22 37 44 53 -1 -2
28 35 74 80 -1 -2
35 59 86 96 -1 16 31 63 67 -1 -2
43 71 73 96 -1 -2
23 51 60 74 -1 -2
26 87 91 94 -1 29 52 82 85 -1 -2
32 61 80 99 -1 67 71 89 91 -1 -2
4 68 74 81 -1 -2
14 24 45 70 -1 22 67 86 98 -1 -2
31 55 69 74 -1 7 21 64 88 -1 -2
3 40 76 99 -1 -2
4 51 56 79 -1 30 32 40 41 -1 -2
6 20 81 93 -1 -2
4 14 43 65 -1 13 42 52 56 -1 -2
86 87 96 98 -1 -2
44 68 86 94 -1 22 31 63 79 -1 -2
36 42 51 62 -1 -2
58 59 78 92 -1 -2
8 34 71 73 -1 -2
4 54 66 98 -1 42 64 92 95 -1 -2
56 61 79 85 -1 -2
20 60 76 78 -1 19 31 50 80 -1 -2
8 35 48 94 -1 -2
20 35 36 59 -1 -2
9 51 53 80 -1 -2
37 59 95 97 -1 29 51 57 98 -1 -2
40 46 59 79 -1 11 19 45 73 -1 -2
9 11 58 73 -1 32 55 60 85 -1 -2
43 54 95 99 -1 3 48 53 85 -1 -2
21 49 69 74 -1 -2
3 60 82 83 -1 -2
52 57 61 68 -1 -2
1 34 50 80 -1 -2
27 33 36 70 -1 -2
37 65 68 90 -1 2 6 8 22 -1 -2
5 18 52 96 -1 5 43 65 92 -1 -2
69 74 91 100 -1 -2
3 38 55 75 -1 -2
17 19 24 44 -1 9 85 86 96 -1 -2
31 43 69 85 -1 -2
1 26 36 63 -1 -2
11 24 33 87 -1 -2
19 40 75 97 -1 -2
27 36 48 49 -1 24 50 81 89 -1 -2
34 56 88 93 -1 -2
23 35 57 70 -1 20 77 79 93 -1 -2
16 27 29 80 -1 10 25 47 80 -1 -2
14 62 84 96 -1 12 28 44 58 -1 -2
13 30 45 48 -1 36 64 69 96 -1 -2
67 86 93 97 -1 -2
42 43 44 94 -1 11 18 33 96 -1 -2
12 28 77 78 -1 -2
1 15 33 83 -1 20 76 77 78 -1 -2
6 26 75 79 -1 8 60 66 81 -1 -2
6 29 45 85 -1 21 22 29 65 -1 -2
16 21 41 50 -1 24 27 45 90 -1 -2
26 42 47 66 -1 -2
8 9 48 49 -1 -2
2 75 77 90 -1 22 64 65 76 -1 -2
37 48 58 63 -1 3 23 35 41 -1 -2
15 69 71 81 -1 -2
29 34 49 71 -1 -2
28 34 56 83 -1 12 18 19 51 -1 -2
8 43 64 99 -1 -2
40 56 68 84 -1 -2
2 32 45 75 -1 -2
2 65 70 88 -1 -2
18 26 59 67 -1 9 17 49 57 -1 -2
15 47 48 50 -1 -2
41 49 68 74 -1 -2
13 17 30 57 -1 -2
25 60 74 90 -1 12 53 84 90 -1 -2
42 52 63 65 -1 9 34 60 97 -1 -2
21 25 46 68 -1 52 59 63 82 -1 -2
26 35 53 92 -1 11 31 66 85 -1 -2
5 6 17 31 -1 -2
11 24 47 53 -1 20 34 42 85 -1 -2
2 25 26 74 -1 5 32 46 78 -1 -2
13 27 28 44 -1 6 8 22 94 -1 -2
22 24 47 62 -1 -2
12 55 59 64 -1 1 24 26 93 -1 -2
3 21 58 77 -1 -2
32 47 66 95 -1 -2
45 55 69 94 -1 51 68 86 95 -1 -2
9 42 44 51 -1 6 7 23 97 -1 -2
15 17 63 68 -1 -2
52 61 70 75 -1 20 25 47 58 -1 -2
46 55 63 84 -1 51 61 72 99 -1 -2
1 25 27 36 -1 18 73 74 75 -1 -2
39 45 67 78 -1 2 18 62 81 -1 -2
26 27 37 42 -1 -2
45 62 92 93 -1 -2
43 46 65 85 -1 -2
8 21 45 57 -1 -2
21 30 51 52 -1 -2
17 38 57 95 -1 2 27 88 98 -1 -2
1 11 69 88 -1 -2
39 68 87 92 -1 -2
14 75 94 97 -1 6 13 72 87 -1 -2
6 18 63 93 -1 33 77 87 88 -1 -2
14 37 50 83 -1 6 58 67 97 -1 -2
9 23 65 73 -1 1 57 62 92 -1 -2
4 25 94 98 -1 5 6 23 95 -1 -2
23 45 62 92 -1 15 56 57 97 -1 -2
5 13 50 51 -1 -2
41 65 75 94 -1 -2
14 22 92 100 -1 -2
8 20 62 68 -1 -2
26 63 69 100 -1 5 35 39 59 -1 -2
25 36 89 94 -1 -2
9 38 51 92 -1 -2
31 51 76 86 -1 -2
24 83 87 97 -1 -2
7 22 37 41 -1 -2
25 48 72 84 -1 -2
11 23 53 54 -1 -2
11 66 69 100 -1 23 25 42 78 -1 -2
35 36 44 81 -1 1 26 53 64 -1 -2
11 56 72 74 -1 -2
31 67 70 95 -1 4 38 71 99 -1 -2
9 13 27 49 -1 19 54 66 82 -1 -2
26 66 67 81 -1 50 56 96 99 -1 -2
7 18 20 35 -1 22 25 90 98 -1 -2
29 48 85 88 -1 43 67 76 82 -1 -2
1 26 50 85 -1 6 39 53 70 -1 -2
6 22 49 62 -1 6 7 25 40 -1 -2
27 51 79 94 -1 -2
2 37 49 68 -1 20 40 79 86 -1 -2
14 27 82 86 -1 -2
1 58 92 93 -1 -2
4 9 28 57 -1 5 50 79 94 -1 -2
20 31 74 89 -1 -2
14 77 79 96 -1 -2
33 81 82 88 -1 -2
28 36 75 78 -1 -2
58 65 80 81 -1 -2
27 51 57 95 -1 -2
54 82 89 92 -1 -2
36 46 49 50 -1 -2
59 66 72 89 -1 26 33 48 55 -1 -2
7 13 16 17 -1 2 14 76 100 -1 -2
13 62 65 100 -1 -2
24 44 64 84 -1 -2
9 52 84 91 -1 -2
11 40 46 81 -1 18 35 37 87 -1 -2
20 30 52 76 -1 6 23 67 68 -1 -2
14 38 41 64 -1 42 55 87 90 -1 -2
7 17 28 96 -1 26 42 63 87 -1 -2
36 49 56 80 -1 -2
8 29 72 97 -1 -2
23 24 48 92 -1 -2
6 49 69 80 -1 4 9 29 31 -1 -2
39 41 56 69 -1 16 67 78 87 -1 -2
37 38 65 88 -1 40 55 71 75 -1 -2
31 77 80 87 -1 22 74 84 98 -1 -2
7 22 55 58 -1 -2
1 39 47 65 -1 35 70 89 95 -1 -2
29 74 79 96 -1 -2
56 64 74 92 -1 -2
20 23 44 85 -1 -2
55 60 82 97 -1 3 48 62 82 -1 -2
21 50 60 92 -1 13 60 65 67 -1 -2
27 50 67 98 -1 48 49 90 97 -1 -2
16 41 81 85 -1 4 40 48 97 -1 -2
40 62 69 81 -1 28 65 92 97 -1 -2
42 77 81 93 -1 61 73 88 91 -1 -2
18 24 49 64 -1 3 16 58 72 -1 -2
31 47 70 78 -1 -2
1 36 79 81 -1 5 16 20 40 -1 -2
32 75 87 92 -1 -2
34 35 66 78 -1 22 45 55 62 -1 -2
16 28 48 100 -1 -2
54 66 71 93 -1 15 17 18 74 -1 -2
17 74 85 92 -1 4 67 77 98 -1 -2
64 69 92 99 -1 -2
14 16 21 48 -1 -2
14 45 82 92 -1 -2
6 39 52 72 -1 18 46 68 96 -1 -2
13 63 87 98 -1 39 52 59 75 -1 -2
21 25 46 48 -1 -2
28 68 69 88 -1 -2
7 83 86 87 -1 -2
31 86 96 98 -1 -2
8 36 43 68 -1 -2
2 18 41 77 -1 -2
2 27 40 45 -1 -2
28 46 48 83 -1 -2
12 57 92 95 -1 13 46 51 55 -1 -2
16 34 46 49 -1 -2
18 84 86 91 -1 -2
32 47 54 81 -1 -2
13 44 54 74 -1 61 71 94 97 -1 -2
23 38 55 62 -1 -2
3 23 33 53 -1 5 9 36 40 -1 -2
6 20 33 93 -1 26 31 78 93 -1 -2
13 47 70 98 -1 41 71 93 100 -1 -2
26 61 65 81 -1 9 28 29 41 -1 -2
7 33 59 96 -1 -2
19 28 71 76 -1 11 17 65 87 -1 -2
41 42 54 80 -1 10 23 25 54 -1 -2
17 27 29 32 -1 -2
22 38 47 87 -1 -2
36 51 64 71 -1 -2
20 22 75 83 -1 -2
8 54 68 94 -1 -2
5 49 90 97 -1 -2
5 43 67 100 -1 -2
30 61 66 85 -1 -2
6 18 21 60 -1 -2
13 63 75 92 -1 10 52 87 88 -1 -2
26 42 68 83 -1 1 18 19 31 -1 -2
9 10 75 79 -1 40 62 64 92 -1 -2
55 62 80 98 -1 4 42 84 96 -1 -2
23 43 58 75 -1 2 53 61 82 -1 -2
35 58 72 91 -1 -2
49 57 70 88 -1 53 58 78 89 -1 -2
69 75 93 99 -1 40 42 50 53 -1 -2
56 59 79 85 -1 -2
3 43 72 78 -1 -2
8 31 42 56 -1 5 62 64 91 -1 -2
26 50 69 88 -1 8 77 86 92 -1 -2
23 89 94 99 -1 -2
22 26 28 66 -1 32 43 65 73 -1 -2
1 6 89 91 -1 23 36 40 71 -1 -2
40 60 61 96 -1 17 35 48 98 -1 -2
4 36 89 91 -1 31 44 53 71 -1 -2
7 35 66 75 -1 15 57 76 82 -1 -2
26 53 74 98 -1 -2
19 22 26 30 -1 -2
7 48 51 93 -1 3 19 24 52 -1 -2
47 53 71 73 -1 8 69 84 85 -1 -2
10 55 71 83 -1 18 19 97 100 -1 -2
12 14 58 71 -1 2 49 58 87 -1 -2
13 28 32 79 -1 34 60 84 100 -1 -2
8 11 44 46 -1 -2
19 30 70 92 -1 -2
1 19 65 80 -1 5 31 90 92 -1 -2
36 42 96 97 -1 29 33 51 100 -1 -2
22 48 75 81 -1 -2
61 62 86 98 -1 -2
48 61 70 77 -1 -2
10 34 40 67 -1 33 48 57 69 -1 -2
14 22 47 72 -1 34 44 63 80 -1 -2
14 46 72 91 -1 -2
51 65 73 93 -1 20 40 42 52 -1 -2
17 28 57 97 -1 -2
5 18 40 79 -1 17 38 52 62 -1 -2
21 34 94 97 -1 -2
24 52 55 84 -1 19 53 67 76 -1 -2
12 62 77 86 -1 -2
7 45 74 78 -1 24 68 97 100 -1 -2
41 58 71 72 -1 55 83 96 99 -1 -2
23 50 61 98 -1 24 34 62 64 -1 -2
21 41 83 94 -1 31 46 70 73 -1 -2
34 67 82 87 -1 -2
15 36 69 84 -1 -2
8 52 65 81 -1 4 21 41 49 -1 -2
9 26 74 81 -1 41 42 43 74 -1 -2
13 71 86 97 -1 -2
7 54 67 72 -1 34 44 51 83 -1 -2
9 21 38 81 -1 -2
32 80 83 94 -1 44 64 72 100 -1 -2
26 36 67 83 -1 -2
70 81 82 89 -1 -2
39 85 90 94 -1 -2
3 40 51 66 -1 13 20 27 72 -1 -2
9 24 51 88 -1 9 18 20 59 -1 -2
7 34 79 92 -1 -2
11 14 16 48 -1 -2
4 19 47 92 -1 10 24 39 40 -1 -2
22 28 38 52 -1 -2
46 62 79 91 -1 24 46 80 91 -1 -2
5 13 59 76 -1 8 20 43 96 -1 -2
2 4 23 86 -1 4 37 84 92 -1 -2
20 59 64 91 -1 4 20 35 70 -1 -2
17 40 49 93 -1 -2
58 60 68 96 -1 15 46 48 67 -1 -2
12 15 37 40 -1 26 40 53 86 -1 -2
3 60 78 82 -1 25 44 55 74 -1 -2
6 16 47 51 -1 -2
58 90 97 99 -1 -2
2 36 71 97 -1 4 20 39 73 -1 -2
35 63 84 96 -1 1 53 65 95 -1 -2
37 60 95 100 -1 -2
20 45 52 60 -1 25 39 72 99 -1 -2
58 66 67 77 -1 21 28 62 78 -1 -2
16 27 42 98 -1 -2
42 90 91 94 -1 -2
3 26 27 51 -1 -2
1 29 54 82 -1 -2
38 48 89 93 -1 -2
12 28 37 97 -1 1 31 75 78 -1 -2
18 88 93 95 -1 8 38 75 91 -1 -2
3 52 67 72 -1 -2
18 55 68 88 -1 -2
33 38 46 71 -1 -2
32 51 57 85 -1 -2
32 34 51 82 -1 -2
23 32 68 94 -1 -2
11 32 33 66 -1 -2
17 55 57 68 -1 -2
28 62 72 85 -1 -2
11 33 48 68 -1 -2
45 75 85 90 -1 -2
18 48 62 67 -1 33 69 79 91 -1 -2
30 40 50 58 -1 40 52 85 88 -1 -2
6 72 73 81 -1 3 32 90 94 -1 -2
63 79 82 99 -1 -2
51 69 79 90 -1 -2
21 30 75 82 -1 35 38 88 89 -1 -2
20 47 52 91 -1 32 37 54 60 -1 -2
5 50 67 93 -1 12 51 65 73 -1 -2
27 42 71 88 -1 -2
1 11 39 91 -1 8 38 62 88 -1 -2
10 11 85 98 -1 58 87 98 99 -1 -2
24 43 75 92 -1 -2
4 45 51 93 -1 -2
3 11 50 99 -1 -2
66 82 87 96 -1 -2
42 45 52 89 -1 -2
45 47 55 65 -1 26 38 65 82 -1 -2
15 40 52 77 -1 -2
33 34 46 58 -1 22 28 66 80 -1 -2
3 41 58 59 -1 17 40 54 56 -1 -2
22 32 35 70 -1 -2
31 33 48 97 -1 -2
37 51 61 81 -1 -2
10 31 47 53 -1 32 51 74 86 -1 -2
18 35 61 79 -1 21 52 92 94 -1 -2
45 72 86 94 -1 -2
6 10 63 99 -1 -2
24 37 82 98 -1 14 32 57 82 -1 -2
23 72 79 82 -1 22 58 79 87 -1 -2
56 59 84 85 -1 -2
34 67 69 98 -1 11 30 71 76 -1 -2
3 4 44 97 -1 -2
7 11 80 97 -1 -2
42 52 62 78 -1 -2
16 61 79 87 -1 23 26 91 93 -1 -2
38 54 86 98 -1 46 49 85 90 -1 -2
40 46 62 89 -1 6 32 63 98 -1 -2
30 36 55 81 -1 11 29 44 58 -1 -2
23 32 39 58 -1 36 43 45 72 -1 -2
41 47 73 76 -1 10 22 54 58 -1 -2
54 71 80 91 -1 1 34 91 98 -1 -2
5 24 41 66 -1 -2
53 90 91 93 -1 8 14 47 65 -1 -2
17 64 70 88 -1 -2
42 50 61 80 -1 17 38 39 81 -1 -2
20 50 79 97 -1 -2
7 17 62 71 -1 -2
31 75 94 98 -1 12 14 19 93 -1 -2
7 19 69 71 -1 5 16 60 84 -1 -2
36 37 40 46 -1 28 73 95 99 -1 -2
3 29 37 44 -1 -2
17 31 32 59 -1 -2
2 13 49 71 -1 -2
17 57 59 96 -1 -2
19 54 69 74 -1 -2
39 40 76 100 -1 -2
30 32 45 56 -1 8 56 74 79 -1 -2
3 19 70 73 -1 36 80 87 100 -1 -2
20 28 63 71 -1 46 59 74 80 -1 -2
23 25 36 40 -1 53 57 68 95 -1 -2
41 65 72 77 -1 42 47 66 74 -1 -2
7 83 87 91 -1 27 32 78 87 -1 -2
14 31 35 38 -1 -2
32 44 61 87 -1 -2
6 19 31 64 -1 -2
34 60 62 84 -1 16 26 46 95 -1 -2
8 22 83 87 -1 39 52 55 83 -1 -2
4 45 60 75 -1 -2
51 60 62 72 -1 -2
39 85 91 96 -1 -2
32 49 56 81 -1 -2
16 47 81 88 -1 -2
49 56 59 84 -1 8 13 30 62 -1 -2
14 30 74 97 -1 13 39 59 93 -1 -2
26 53 68 85 -1 -2
35 65 73 75 -1 -2
9 23 79 97 -1 24 38 42 76 -1 -2
27 38 54 100 -1 15 18 86 93 -1 -2
2 3 48 82 -1 21 65 85 86 -1 -2
28 39 47 59 -1 15 51 54 83 -1 -2
43 82 88 93 -1 39 60 69 89 -1 -2
4 77 96 98 -1 2 14 30 41 -1 -2
3 56 59 87 -1 38 43 46 57 -1 -2
21 29 31 67 -1 -2
3 24 42 59 -1 24 49 52 79 -1 -2
18 65 70 75 -1 25 29 51 95 -1 -2
38 61 79 88 -1 33 61 65 94 -1 -2
11 24 35 78 -1 4 46 49 71 -1 -2
32 44 51 100 -1 16 39 43 60 -1 -2
17 23 82 94 -1 6 8 19 68 -1 -2
51 86 91 94 -1 -2
3 7 31 54 -1 32 54 60 65 -1 -2
1 7 80 84 -1 2 26 40 64 -1 -2
22 33 77 81 -1 3 36 39 59 -1 -2
21 73 90 97 -1 16 19 60 92 -1 -2
4 55 80 83 -1 -2
18 20 70 76 -1 13 49 59 80 -1 -2
1 44 86 89 -1 35 48 64 70 -1 -2
27 45 91 100 -1 24 33 39 50 -1 -2
10 61 88 98 -1 -2
38 41 68 94 -1 -2
15 75 77 86 -1 14 54 86 92 -1 -2
12 30 40 100 -1 5 8 57 67 -1 -2
30 45 83 88 -1 32 53 72 89 -1 -2
13 27 55 63 -1 -2
7 58 74 83 -1 16 26 28 97 -1 -2
15 17 61 75 -1 -2
15 37 74 75 -1 30 31 43 82 -1 -2
5 21 35 75 -1 8 44 62 97 -1 -2
14 36 61 65 -1 10 14 62 91 -1 -2
19 59 89 100 -1 -2
13 48 74 87 -1 -2
12 41 64 72 -1 -2
1 4 9 94 -1 -2
5 44 62 76 -1 14 58 78 80 -1 -2
1 7 55 94 -1 -2
17 19 62 70 -1 21 52 54 59 -1 -2
23 33 63 64 -1 -2
4 21 74 97 -1 27 65 68 84 -1 -2
10 15 62 69 -1 7 29 41 65 -1 -2
1 16 27 92 -1 -2
5 38 62 70 -1 23 39 95 100 -1 -2
33 55 83 85 -1 -2
3 22 52 53 -1 19 25 51 95 -1 -2
7 66 88 92 -1 -2
6 26 41 46 -1 37 77 86 100 -1 -2
13 29 49 86 -1 -2
58 69 73 100 -1 -2
1 15 26 70 -1 17 52 72 80 -1 -2
3 24 68 95 -1 -2
3 13 46 58 -1 44 52 69 79 -1 -2
8 44 81 94 -1 36 56 84 100 -1 -2
20 28 46 78 -1 42 53 54 99 -1 -2
29 46 58 74 -1 -2
37 56 72 98 -1 8 61 72 78 -1 -2
5 8 22 31 -1 -2
46 60 64 93 -1 -2
54 66 83 88 -1 -2
20 46 58 65 -1 -2
14 56 59 99 -1 -2
11 31 33 70 -1 25 35 80 94 -1 -2
11 58 66 99 -1 10 16 80 92 -1 -2
32 59 69 71 -1 2 7 26 61 -1 -2
2 19 49 51 -1 26 32 45 85 -1 -2
23 32 47 57 -1 22 48 55 61 -1 -2
15 28 39 97 -1 49 82 83 87 -1 -2
27 59 84 100 -1 29 30 74 81 -1 -2
33 38 71 90 -1 44 48 59 98 -1 -2
11 66 88 97 -1 27 46 65 71 -1 -2
12 14 18 89 -1 23 32 35 92 -1 -2
34 49 84 92 -1 -2
24 28 32 37 -1 3 36 84 87 -1 -2
38 62 83 84 -1 19 42 56 86 -1 -2
5 18 31 96 -1 -2
41 52 67 83 -1 21 50 80 90 -1 -2
2 37 74 92 -1 -2
54 60 79 84 -1 19 41 80 92 -1 -2
13 25 28 86 -1 8 44 56 90 -1 -2
25 33 66 89 -1 17 27 75 83 -1 -2
25 75 77 90 -1 22 29 46 94 -1 -2
39 70 91 92 -1 25 34 62 99 -1 -2
21 66 74 81 -1 -2
26 28 50 87 -1 -2
17 68 71 79 -1 8 10 92 98 -1 -2
2 13 43 72 -1 -2
44 47 60 75 -1 -2
5 6 27 45 -1 11 39 56 87 -1 -2
10 26 40 68 -1 28 32 43 67 -1 -2
3 8 30 90 -1 -2
25 52 60 86 -1 -2
43 47 62 82 -1 39 63 79 99 -1 -2
13 14 62 74 -1 2 15 29 54 -1 -2
24 62 95 96 -1 -2
3 37 96 99 -1 23 47 50 70 -1 -2
2 70 72 85 -1 9 50 51 63 -1 -2
30 46 55 99 -1 7 18 50 60 -1 -2
8 47 60 95 -1 1 14 68 96 -1 -2
24 26 33 89 -1 -2
77 78 79 83 -1 6 36 82 83 -1 -2
13 49 66 83 -1 -2
32 47 55 100 -1 50 83 86 97 -1 -2
11 37 52 84 -1 -2
16 28 42 83 -1 -2
41 88 92 99 -1 -2
5 42 56 70 -1 28 32 70 92 -1 -2
34 42 63 91 -1 -2
19 26 28 83 -1 5 63 72 96 -1 -2
28 46 57 60 -1 -2
37 76 91 99 -1 -2
12 67 71 75 -1 -2
29 48 62 70 -1 4 10 40 49 -1 -2
36 66 72 78 -1 20 49 61 81 -1 -2
5 35 49 56 -1 18 49 97 100 -1 -2
77 78 81 95 -1 14 78 79 87 -1 -2
40 46 47 78 -1 12 29 82 99 -1 -2
29 35 39 51 -1 27 31 68 83 -1 -2
13 48 49 64 -1 -2
15 27 83 90 -1 47 57 63 74 -1 -2
10 38 56 70 -1 -2
8 44 66 78 -1 -2
28 36 39 81 -1 -2
28 55 70 75 -1 32 37 65 68 -1 -2
12 21 65 96 -1 12 16 25 55 -1 -2
4 27 45 99 -1 22 66 73 88 -1 -2
8 10 44 45 -1 7 69 85 90 -1 -2
36 43 60 99 -1 7 69 83 90 -1 -2
1 11 42 56 -1 9 82 85 99 -1 -2
9 22 59 99 -1 -2
3 24 25 67 -1 -2
1 3 71 87 -1 25 35 80 88 -1 -2
17 71 77 97 -1 -2
6 55 59 81 -1 -2
7 10 43 73 -1 -2
3 16 75 94 -1 27 44 57 59 -1 -2
4 19 67 93 -1 -2
15 20 35 57 -1 -2
4 5 44 75 -1 18 44 80 92 -1 -2
59 73 81 84 -1 -2
8 43 58 100 -1 47 48 58 98 -1 -2
32 34 38 92 -1 26 56 85 97 -1 -2
8 23 31 45 -1 2 39 51 80 -1 -2
30 44 48 96 -1 -2
23 25 44 89 -1 14 15 22 100 -1 -2
3 8 9 46 -1 -2
8 30 68 77 -1 -2
49 91 95 99 -1 -2
29 43 48 60 -1 9 19 54 76 -1 -2
3 10 26 73 -1 24 60 74 94 -1 -2
13 41 70 78 -1 57 64 70 71 -1 -2
32 35 39 66 -1 -2
22 23 69 100 -1 -2
3 12 24 53 -1 -2
12 38 79 86 -1 -2
27 79 82 83 -1 44 60 71 80 -1 -2
24 44 88 99 -1 46 83 86 92 -1 -2
14 39 65 71 -1 12 31 71 87 -1 -2
2 8 38 89 -1 7 30 69 71 -1 -2
43 47 50 93 -1 23 25 67 83 -1 -2
43 63 79 85 -1 32 53 74 80 -1 -2
5 58 96 98 -1 -2
37 49 72 99 -1 2 66 83 94 -1 -2
68 69 84 89 -1 -2
19 32 86 90 -1 -2
10 24 31 83 -1 -2
17 26 81 90 -1 23 35 77 92 -1 -2
14 28 43 98 -1 14 47 62 92 -1 -2
19 27 56 79 -1 34 49 72 86 -1 -2
7 34 63 99 -1 -2
6 10 69 82 -1 17 30 94 96 -1 -2
1 32 45 63 -1 1 13 27 59 -1 -2
6 79 80 100 -1 30 35 61 69 -1 -2
34 53 56 61 -1 46 68 77 89 -1 -2
13 36 71 95 -1 -2
7 13 63 88 -1 3 25 73 91 -1 -2
17 18 84 96 -1 15 62 70 78 -1 -2
6 72 83 84 -1 15 23 56 82 -1 -2
33 51 60 77 -1 60 83 92 100 -1 -2
28 40 48 59 -1 1 13 66 96 -1 -2
1 8 20 91 -1 -2
12 47 63 93 -1 38 54 78 80 -1 -2
41 62 76 80 -1 -2
43 55 78 86 -1 -2
47 51 74 98 -1 12 45 84 97 -1 -2
22 62 71 80 -1 -2
25 63 65 79 -1 -2
3 27 91 99 -1 -2
22 25 27 83 -1 -2
16 18 72 73 -1 7 10 19 94 -1 -2
21 29 35 78 -1 20 79 91 93 -1 -2
13 37 68 81 -1 19 30 48 65 -1 -2
44 47 78 99 -1 -2
6 59 79 96 -1 -2
39 51 64 89 -1 40 61 64 90 -1 -2
6 34 40 80 -1 -2
10 26 70 79 -1 -2
4 7 18 66 -1 1 28 30 92 -1 -2
47 82 83 100 -1 -2
6 23 50 73 -1 45 67 80 100 -1 -2
18 20 61 84 -1 1 4 35 48 -1 -2
16 33 77 81 -1 -2
5 25 52 54 -1 30 56 69 89 -1 -2
6 19 63 67 -1 11 39 93 98 -1 -2
53 65 66 96 -1 -2
1 25 48 98 -1 43 49 67 94 -1 -2
1 33 62 95 -1 -2
5 8 36 82 -1 -2
53 61 68 83 -1 32 44 45 89 -1 -2
8 42 58 70 -1 -2
37 39 60 96 -1 2 10 56 67 -1 -2
6 17 50 77 -1 2 3 24 65 -1 -2
10 27 42 93 -1 -2
12 28 60 91 -1 -2
39 77 87 91 -1 -2
8 22 42 95 -1 27 56 68 73 -1 -2
26 41 69 85 -1 20 39 58 94 -1 -2
34 38 40 44 -1 -2
36 41 84 89 -1 3 13 67 93 -1 -2
30 54 71 97 -1 -2
46 48 51 98 -1 -2
21 53 68 86 -1 -2
18 42 48 58 -1 -2
27 63 66 95 -1 -2
25 74 82 95 -1 18 58 70 98 -1 -2
54 75 88 91 -1 -2
60 85 93 100 -1 21 31 69 75 -1 -2
16 49 61 80 -1 -2
28 58 61 97 -1 30 33 39 71 -1 -2
26 58 68 72 -1 -2
54 65 89 95 -1 17 86 94 98 -1 -2
11 14 89 94 -1 -2
17 26 87 95 -1 -2
15 49 59 86 -1 14 44 78 86 -1 -2
19 54 66 71 -1 23 35 40 65 -1 -2
56 57 88 98 -1 -2
2 6 20 90 -1 -2
58 66 82 97 -1 5 14 22 32 -1 -2
11 17 42 92 -1 -2
34 38 45 58 -1 11 14 26 49 -1 -2
1 53 81 97 -1 4 24 37 67 -1 -2
2 19 31 57 -1 12 16 42 80 -1 -2
43 52 63 66 -1 11 12 32 53 -1 -2
18 35 64 66 -1 2 57 60 86 -1 -2
3 16 45 76 -1 28 56 86 87 -1 -2
17 27 41 68 -1 38 77 89 96 -1 -2
15 35 46 83 -1 14 38 74 90 -1 -2
35 42 50 71 -1 16 53 58 63 -1 -2
19 22 70 86 -1 -2
1 9 60 96 -1 34 42 43 72 -1 -2
14 25 57 82 -1 4 37 46 52 -1 -2
3 25 67 70 -1 -2
3 68 74 99 -1 -2
5 35 41 57 -1 -2
12 20 32 59 -1 -2
18 23 55 59 -1 -2
30 52 58 72 -1 -2
8 22 69 72 -1 5 22 25 45 -1 -2
13 22 49 55 -1 35 47 51 100 -1 -2
54 65 76 83 -1 6 34 46 84 -1 -2
4 25 65 83 -1 -2
2 24 27 57 -1 17 53 66 70 -1 -2
10 18 34 94 -1 16 56 69 77 -1 -2
13 29 41 54 -1 -2
29 44 59 60 -1 -2
2 41 51 83 -1 -2
23 42 43 81 -1 20 35 55 61 -1 -2
2 8 41 77 -1 -2
18 43 44 85 -1 -2
32 46 76 79 -1 21 74 78 90 -1 -2
12 33 49 88 -1 28 57 79 98 -1 -2
9 12 22 99 -1 19 55 86 93 -1 -2
13 22 71 88 -1 -2
41 60 76 89 -1 -2
31 34 99 100 -1 -2
12 14 85 89 -1 -2
20 53 54 85 -1 40 59 66 72 -1 -2
14 36 98 99 -1 38 40 65 78 -1 -2
18 65 88 96 -1 20 25 57 62 -1 -2
20 27 37 54 -1 11 42 55 80 -1 -2
4 20 66 97 -1 -2
41 55 82 92 -1 18 39 76 77 -1 -2
36 55 72 87 -1 33 52 61 84 -1 -2
19 52 73 89 -1 -2
23 36 65 70 -1 -2
6 9 44 95 -1 -2
51 58 84 99 -1 -2
13 30 63 71 -1 2 64 67 91 -1 -2
2 26 34 58 -1 33 51 66 73 -1 -2
4 56 85 87 -1 23 27 46 57 -1 -2
4 30 37 79 -1 5 42 71 75 -1 -2
8 22 24 69 -1 10 20 24 61 -1 -2
51 63 81 85 -1 5 31 41 68 -1 -2
5 16 43 59 -1 -2
54 71 72 86 -1 35 44 45 51 -1 -2
16 34 40 84 -1 -2
5 53 57 68 -1 -2
41 43 57 63 -1 -2
35 50 59 87 -1 2 8 41 96 -1 -2
7 63 79 95 -1 6 74 78 89 -1 -2
1 2 81 85 -1 24 51 78 91 -1 -2
4 11 34 65 -1 -2
21 29 51 70 -1 -2
27 45 52 96 -1 -2
8 17 39 100 -1 -2
74 75 86 95 -1 7 19 66 99 -1 -2
2 34 50 98 -1 10 11 44 79 -1 -2
1 49 63 91 -1 6 53 58 85 -1 -2
26 59 64 71 -1 -2
6 25 32 42 -1 -2
48 56 75 84 -1 8 13 35 97 -1 -2
6 21 30 37 -1 35 50 68 93 -1 -2
55 56 63 79 -1 -2
6 14 18 25 -1 -2
2 17 18 21 -1 -2
20 57 83 90 -1 6 16 19 55 -1 -2
50 60 70 91 -1 -2
1 10 41 47 -1 37 46 87 90 -1 -2
34 37 41 45 -1 -2
32 44 63 67 -1 4 6 29 50 -1 -2
6 33 56 78 -1 -2
25 33 34 85 -1 48 50 51 93 -1 -2
13 34 48 98 -1 5 21 22 55 -1 -2
31 92 97 98 -1 -2
17 26 40 76 -1 43 68 84 85 -1 -2
6 47 65 75 -1 -2
7 12 33 64 -1 -2
26 54 75 99 -1 -2
35 61 63 89 -1 43 44 49 59 -1 -2
11 42 45 55 -1 13 27 34 81 -1 -2
5 19 90 92 -1 25 42 93 97 -1 -2
18 47 83 84 -1 11 74 76 91 -1 -2
26 28 93 94 -1 18 21 60 68 -1 -2
33 72 75 88 -1 -2
5 35 65 89 -1 -2
8 10 69 99 -1 18 50 59 88 -1 -2
3 19 56 66 -1 -2
8 9 12 77 -1 5 7 26 35 -1 -2
3 10 69 70 -1 -2
15 67 77 85 -1 5 16 28 50 -1 -2
56 59 62 87 -1 33 45 58 64 -1 -2
10 30 74 82 -1 18 35 45 82 -1 -2
21 49 62 76 -1 -2
17 65 76 85 -1 36 45 82 94 -1 -2
11 14 15 71 -1 -2
4 6 19 99 -1 37 44 62 92 -1 -2
32 39 78 83 -1 8 12 40 75 -1 -2
10 17 45 91 -1 -2
23 34 42 44 -1 18 73 77 97 -1 -2
29 35 43 54 -1 20 21 43 53 -1 -2
14 22 25 80 -1 17 61 63 96 -1 -2
13 31 32 93 -1 4 35 60 88 -1 -2
8 53 68 87 -1 -2
8 43 98 100 -1 4 9 38 45 -1 -2
14 15 37 60 -1 -2
20 27 66 72 -1 -2
64 66 75 89 -1 -2
11 66 78 91 -1 -2
42 57 74 83 -1 19 40 78 90 -1 -2
25 27 65 72 -1 -2
6 15 17 30 -1 -2
11 18 31 34 -1 -2
49 50 81 94 -1 36 50 85 86 -1 -2
2 75 78 99 -1 16 20 38 39 -1 -2
4 19 65 98 -1 -2
7 23 24 67 -1 48 68 73 86 -1 -2
36 59 78 100 -1 -2
30 50 55 94 -1 -2
8 66 80 87 -1 -2
11 29 31 93 -1 13 29 61 69 -1 -2
2 11 67 77 -1 -2
18 61 73 77 -1 4 7 40 80 -1 -2
42 51 92 93 -1 20 60 93 97 -1 -2
77 82 84 97 -1 -2
5 62 81 88 -1 -2
28 33 62 67 -1 -2
11 47 77 84 -1 -2
8 41 46 57 -1 45 84 90 91 -1 -2
42 46 66 68 -1 8 57 83 84 -1 -2
34 66 67 84 -1 6 31 41 73 -1 -2
8 30 79 85 -1 -2
35 38 67 89 -1 -2
51 54 65 66 -1 19 39 40 44 -1 -2
26 40 42 78 -1 67 88 89 91 -1 -2
39 53 61 78 -1 16 45 57 95 -1 -2
9 47 93 100 -1 20 39 48 67 -1 -2
15 50 61 67 -1 23 43 66 83 -1 -2
65 68 73 89 -1 13 57 79 85 -1 -2
54 63 71 74 -1 22 44 54 91 -1 -2
3 18 32 63 -1 -2
11 23 78 90 -1 -2
27 28 34 61 -1 8 24 59 62 -1 -2
36 55 90 94 -1 11 34 72 92 -1 -2
25 41 87 88 -1 13 35 51 91 -1 -2
31 77 80 88 -1 25 26 31 81 -1 -2
10 32 53 95 -1 19 23 69 92 -1 -2
10 70 78 91 -1 28 41 66 77 -1 -2
2 14 32 39 -1 -2
52 60 72 83 -1 -2
29 45 76 100 -1 42 45 65 71 -1 -2
28 43 91 99 -1 27 67 88 92 -1 -2
16 69 95 98 -1 30 42 82 86 -1 -2
4 19 20 25 -1 24 76 77 95 -1 -2
10 15 65 96 -1 -2
17 26 28 75 -1 -2
10 39 56 80 -1 -2
1 43 80 89 -1 2 6 20 44 -1 -2
11 23 90 93 -1 -2
4 31 45 78 -1 6 21 42 92 -1 -2
48 65 68 90 -1 -2
67 80 82 95 -1 -2
17 55 73 83 -1 30 44 45 50 -1 -2
44 53 55 83 -1 10 66 76 94 -1 -2
22 38 45 83 -1 -2
37 77 87 94 -1 -2
20 44 57 83 -1 -2
59 62 84 95 -1 21 40 67 88 -1 -2
3 24 37 67 -1 6 26 45 80 -1 -2
20 46 94 97 -1 -2
2 22 36 43 -1 16 62 64 96 -1 -2
47 52 55 58 -1 12 44 61 74 -1 -2
15 28 95 96 -1 -2
35 36 66 78 -1 -2
2 25 27 31 -1 25 52 64 71 -1 -2
20 34 52 70 -1 18 20 22 97 -1 -2
44 58 61 83 -1 24 58 82 100 -1 -2
8 62 69 75 -1 -2
33 43 76 84 -1 25 55 75 83 -1 -2
24 54 66 98 -1 -2
11 31 56 84 -1 3 19 37 42 -1 -2
43 53 55 64 -1 -2
38 42 77 89 -1 18 28 36 45 -1 -2
61 66 69 95 -1 19 54 64 84 -1 -2
20 27 48 58 -1 14 15 30 69 -1 -2
2 6 36 94 -1 3 51 71 90 -1 -2
34 62 66 97 -1 11 12 62 93 -1 -2
1 19 43 57 -1 33 44 79 89 -1 -2
6 21 34 49 -1 -2
4 24 59 69 -1 -2
19 23 73 80 -1 9 17 39 59 -1 -2
11 13 35 85 -1 5 57 82 83 -1 -2
56 70 79 100 -1 21 51 67 92 -1 -2
6 24 70 89 -1 5 37 66 84 -1 -2
1 12 52 69 -1 16 40 41 70 -1 -2
20 25 87 96 -1 8 47 89 95 -1 -2
8 51 67 86 -1 17 33 73 99 -1 -2
31 59 63 80 -1 -2
2 52 55 96 -1 8 42 64 94 -1 -2
7 21 43 93 -1 -2
5 48 49 68 -1 22 41 90 94 -1 -2
7 43 60 65 -1 3 29 63 72 -1 -2
34 68 85 89 -1 42 48 96 98 -1 -2
32 34 54 61 -1 -2
27 60 62 71 -1 -2
14 26 65 94 -1 31 64 89 95 -1 -2
7 53 72 81 -1 -2
14 44 86 90 -1 36 48 60 84 -1 -2
45 67 91 99 -1 17 78 79 93 -1 -2
3 43 59 74 -1 -2
36 69 78 88 -1 -2
4 48 85 98 -1 48 52 58 74 -1 -2
11 17 31 72 -1 -2
15 21 25 49 -1 10 83 95 98 -1 -2
45 62 79 92 -1 16 42 63 81 -1 -2
7 35 41 80 -1 13 43 72 100 -1 -2
6 10 22 74 -1 -2
3 4 16 69 -1 29 35 66 69 -1 -2
20 48 63 76 -1 -2
8 11 64 67 -1 5 11 77 88 -1 -2
24 32 46 75 -1 -2
1 17 31 40 -1 41 63 67 95 -1 -2
46 62 72 74 -1 -2
33 37 58 88 -1 -2
24 32 57 84 -1 24 36 79 87 -1 -2
3 48 78 88 -1 -2
6 35 36 48 -1 -2
3 19 33 89 -1 9 43 51 87 -1 -2
46 73 85 88 -1 -2
21 51 59 84 -1 2 30 39 49 -1 -2
16 48 70 96 -1 -2
23 71 89 90 -1 -2
13 66 81 100 -1 -2
43 61 67 70 -1 34 37 59 64 -1 -2
15 38 66 78 -1 1 6 66 74 -1 -2
8 16 40 89 -1 -2
30 70 71 91 -1 6 22 31 43 -1 -2
41 45 50 68 -1 -2
53 62 73 85 -1 -2
4 9 56 90 -1 40 49 70 76 -1 -2
48 63 64 71 -1 -2
19 55 71 97 -1 1 5 22 70 -1 -2
18 60 79 80 -1 -2
28 32 74 83 -1 -2
21 58 90 92 -1 39 63 77 78 -1 -2
8 58 73 76 -1 5 60 98 99 -1 -2
41 60 66 96 -1 1 13 78 88 -1 -2
9 16 38 67 -1 9 51 57 73 -1 -2
3 22 45 93 -1 -2
4 13 53 97 -1 -2
44 55 68 85 -1 -2
2 63 72 80 -1 -2
10 64 65 74 -1 51 56 75 89 -1 -2
6 16 43 45 -1 -2
42 54 68 90 -1 51 61 75 91 -1 -2
8 40 61 87 -1 -2
9 12 66 73 -1 8 10 45 63 -1 -2
9 13 52 70 -1 34 44 55 67 -1 -2
11 12 37 71 -1 15 25 76 90 -1 -2
2 43 59 97 -1 3 32 43 96 -1 -2
9 37 61 64 -1 2 7 51 100 -1 -2
19 37 94 99 -1 -2
2 58 74 91 -1 3 32 45 52 -1 -2
28 43 52 75 -1 -2
3 34 57 81 -1 12 49 82 87 -1 -2
33 68 90 97 -1 -2
7 42 78 98 -1 18 55 73 81 -1 -2
10 23 51 97 -1 21 29 46 58 -1 -2
28 75 80 84 -1 6 51 57 100 -1 -2
10 14 30 75 -1 -2
2 47 57 59 -1 69 84 98 100 -1 -2
6 50 76 89 -1 20 42 65 66 -1 -2
4 5 66 67 -1 -2
29 31 49 98 -1 6 8 22 56 -1 -2
33 36 70 99 -1 21 53 72 98 -1 -2
1 14 47 76 -1 14 39 54 89 -1 -2
43 51 68 76 -1 30 46 48 58 -1 -2
56 81 89 98 -1 12 15 22 70 -1 -2
3 12 45 91 -1 17 28 86 96 -1 -2
9 71 72 84 -1 4 15 61 86 -1 -2
5 24 78 79 -1 24 42 53 87 -1 -2
42 54 69 80 -1 -2
19 36 64 68 -1 4 32 79 98 -1 -2
37 63 80 85 -1 6 25 42 57 -1 -2
6 31 46 100 -1 -2
10 42 49 57 -1 1 12 56 99 -1 -2
12 59 71 76 -1 -2
17 41 56 62 -1 -2
8 19 49 81 -1 -2
17 43 55 70 -1 -2
8 14 69 71 -1 7 70 78 94 -1 -2
10 28 65 84 -1 33 59 68 77 -1 -2
14 41 59 71 -1 -2
12 26 27 90 -1 -2
29 43 64 93 -1 14 38 67 71 -1 -2
19 44 57 86 -1 -2
2 20 37 51 -1 -2
22 54 82 100 -1 34 39 73 85 -1 -2
20 52 55 63 -1 -2
68 72 73 99 -1 7 40 49 65 -1 -2
1 64 84 97 -1 13 19 55 78 -1 -2
7 34 95 100 -1 32 64 96 98 -1 -2
2 65 88 98 -1 -2
23 33 39 44 -1 -2
8 21 72 74 -1 -2
9 23 56 62 -1 41 75 88 94 -1 -2
12 89 96 100 -1 -2
23 29 78 98 -1 -2
11 56 60 74 -1 54 59 82 93 -1 -2
2 20 44 67 -1 7 66 74 81 -1 -2
47 59 64 84 -1 6 24 93 94 -1 -2
15 51 54 91 -1 39 46 87 96 -1 -2
27 29 55 73 -1 -2
15 22 23 39 -1 -2
60 68 84 88 -1 12 34 35 92 -1 -2
40 56 84 92 -1 19 40 81 97 -1 -2
8 26 83 92 -1 21 30 37 68 -1 -2
2 4 56 78 -1 25 68 71 92 -1 -2
9 58 70 100 -1 -2
4 10 82 99 -1 3 11 34 63 -1 -2
3 15 26 64 -1 -2
25 60 62 72 -1 -2
12 47 82 83 -1 2 74 79 89 -1 -2
41 48 59 60 -1 -2
13 44 56 81 -1 18 35 45 90 -1 -2
4 6 79 93 -1 44 80 91 100 -1 -2
15 45 83 90 -1 -2
32 33 76 78 -1 -2
6 22 54 67 -1 4 12 24 42 -1 -2
3 11 40 68 -1 -2
64 66 87 89 -1 22 51 61 72 -1 -2
21 25 65 69 -1 -2
16 37 49 77 -1 -2
18 33 44 58 -1 51 72 88 94 -1 -2
25 29 76 91 -1 19 30 39 81 -1 -2
24 26 33 39 -1 41 48 87 98 -1 -2
3 28 33 39 -1 -2
13 21 25 95 -1 -2
64 69 75 82 -1 1 39 86 89 -1 -2
6 66 79 100 -1 -2
24 33 35 61 -1 -2
17 19 28 38 -1 -2
37 39 58 71 -1 26 56 72 79 -1 -2
2 43 92 99 -1 3 27 45 47 -1 -2
1 11 42 63 -1 1 42 72 85 -1 -2
44 73 75 81 -1 55 61 76 86 -1 -2
20 25 39 63 -1 -2
24 26 40 81 -1 -2
26 33 68 97 -1 -2
27 33 53 65 -1 -2
1 17 63 71 -1 13 20 62 85 -1 -2
44 49 84 99 -1 -2
45 53 71 95 -1 -2
23 31 44 65 -1 -2
14 28 66 71 -1 -2
32 45 63 100 -1 -2
14 22 31 60 -1 -2
6 26 36 54 -1 30 57 60 69 -1 -2
3 25 34 60 -1 -2
1 4 8 27 -1 -2
36 53 96 98 -1 -2
3 11 33 74 -1 25 78 89 92 -1 -2
16 67 97 99 -1 -2
13 17 53 76 -1 23 31 58 81 -1 -2
34 71 91 100 -1 -2
11 29 77 94 -1 16 41 85 87 -1 -2
53 61 71 89 -1 -2
18 25 55 57 -1 59 60 78 87 -1 -2
43 55 81 83 -1 -2
7 39 51 81 -1 12 50 67 69 -1 -2
20 36 43 74 -1 -2
14 41 58 80 -1 10 11 72 86 -1 -2
11 20 34 49 -1 -2
16 35 39 48 -1 -2
13 14 63 75 -1 9 15 40 81 -1 -2
15 20 64 84 -1 -2
5 42 57 85 -1 3 63 73 97 -1 -2
11 51 77 91 -1 29 38 51 94 -1 -2
44 55 71 98 -1 -2
24 34 59 66 -1 5 35 75 99 -1 -2
15 25 46 70 -1 31 65 74 97 -1 -2
30 38 85 91 -1 4 15 78 98 -1 -2
9 29 40 65 -1 20 30 36 96 -1 -2
1 26 70 73 -1 -2
12 23 61 66 -1 22 60 73 96 -1 -2
13 48 60 68 -1 17 25 34 94 -1 -2
3 7 8 14 -1 3 18 62 95 -1 -2
22 24 33 41 -1 -2
35 48 50 88 -1 34 48 71 89 -1 -2
24 65 68 73 -1 -2
61 81 88 97 -1 14 29 45 98 -1 -2
9 57 69 80 -1 61 71 84 91 -1 -2
2 46 71 92 -1 1 52 93 99 -1 -2
33 46 89 93 -1 -2
3 4 35 46 -1 8 17 65 87 -1 -2
10 12 56 75 -1 -2
20 28 59 68 -1 -2
27 40 95 96 -1 2 10 26 35 -1 -2
27 39 42 72 -1 63 64 68 88 -1 -2
30 34 67 75 -1 10 28 57 62 -1 -2
29 37 38 44 -1 17 34 91 100 -1 -2
19 40 44 96 -1 7 54 63 72 -1 -2
33 73 81 98 -1 -2
19 29 41 93 -1 -2
3 49 60 70 -1 -2
1 66 70 80 -1 36 48 53 73 -1 -2
35 41 76 79 -1 -2
8 12 16 32 -1 16 24 50 67 -1 -2
29 39 89 92 -1 -2
37 42 59 99 -1 -2
6 11 14 79 -1 22 58 67 97 -1 -2
15 19 58 69 -1 -2
50 53 67 80 -1 28 39 56 66 -1 -2
4 27 64 76 -1 23 27 32 68 -1 -2
4 69 70 92 -1 -2
8 20 91 97 -1 -2
2 36 59 78 -1 11 18 19 67 -1 -2
5 35 59 82 -1 12 25 57 82 -1 -2
1 20 44 89 -1 -2
2 26 34 53 -1 -2
27 34 52 65 -1 38 44 61 85 -1 -2
14 32 86 98 -1 -2
26 39 61 71 -1 4 14 94 96 -1 -2
64 77 88 91 -1 -2
9 14 42 69 -1 -2
23 44 60 98 -1 -2
19 20 31 62 -1 -2
3 43 58 86 -1 13 19 23 80 -1 -2
42 76 80 95 -1 17 41 45 95 -1 -2
35 43 68 82 -1 41 69 74 79 -1 -2
17 35 57 88 -1 19 45 48 60 -1 -2
22 58 62 90 -1 11 32 55 82 -1 -2
11 18 22 95 -1 -2
6 69 70 72 -1 21 42 65 93 -1 -2
1 43 77 90 -1 -2
19 58 74 97 -1 -2
25 27 36 60 -1 -2
23 62 82 83 -1 9 29 52 60 -1 -2
4 13 88 91 -1 5 54 71 78 -1 -2
1 41 50 78 -1 5 6 55 79 -1 -2
14 49 56 91 -1 19 77 81 99 -1 -2
34 46 62 71 -1 27 39 52 56 -1 -2
22 75 88 97 -1 33 47 56 79 -1 -2
5 13 14 64 -1 -2
1 5 33 56 -1 -2
13 44 76 85 -1 -2
4 11 17 69 -1 50 77 81 87 -1 -2
24 52 87 95 -1 -2
17 79 90 98 -1 2 26 38 78 -1 -2
3 25 67 87 -1 22 31 43 69 -1 -2
30 51 54 55 -1 -2
22 47 68 99 -1 -2
6 12 23 31 -1 -2
78 84 85 88 -1 -2
11 45 51 84 -1 21 42 44 65 -1 -2
46 53 59 96 -1 11 39 44 85 -1 -2
2 41 85 88 -1 16 32 35 37 -1 -2
4 14 92 93 -1 -2
7 41 54 77 -1 15 30 85 88 -1 -2
30 70 79 90 -1 -2
37 53 58 83 -1 19 29 32 65 -1 -2
28 62 79 81 -1 12 25 56 96 -1 -2
16 42 52 72 -1 -2
44 58 78 85 -1 28 61 73 90 -1 -2
20 30 43 77 -1 11 19 53 60 -1 -2
6 61 80 90 -1 22 41 57 74 -1 -2
17 36 39 61 -1 -2
44 68 70 79 -1 14 46 72 97 -1 -2
5 22 69 78 -1 -2
51 66 89 95 -1 17 51 84 91 -1 -2
7 22 37 76 -1 -2
18 54 64 85 -1 -2
10 41 72 97 -1 17 58 79 95 -1 -2
6 9 30 32 -1 5 28 66 100 -1 -2
21 57 75 96 -1 -2
10 31 39 46 -1 16 45 57 83 -1 -2
34 50 56 60 -1 32 66 72 77 -1 -2
7 12 65 75 -1 7 14 21 49 -1 -2
23 51 76 86 -1 -2
29 47 68 87 -1 -2
29 59 88 98 -1 28 29 40 44 -1 -2
7 23 25 71 -1 -2
40 57 65 74 -1 43 59 62 63 -1 -2
17 22 83 88 -1 5 23 60 99 -1 -2
30 35 65 84 -1 -2
28 32 47 76 -1 -2
15 51 83 100 -1 50 68 92 94 -1 -2
11 13 47 99 -1 -2
9 72 90 96 -1 22 41 55 72 -1 -2
43 51 61 76 -1 27 52 54 62 -1 -2
28 68 71 74 -1 -2
16 24 40 48 -1 12 14 32 70 -1 -2
3 35 64 99 -1 9 54 62 89 -1 -2
23 51 69 98 -1 -2
3 39 41 88 -1 8 21 85 96 -1 -2
11 48 91 92 -1 -2
17 39 66 95 -1 11 17 21 56 -1 -2
24 42 55 77 -1 4 6 26 57 -1 -2
19 31 51 53 -1 40 71 97 99 -1 -2
3 9 60 78 -1 27 37 56 98 -1 -2
39 56 67 96 -1 -2
22 64 65 97 -1 -2
4 8 47 81 -1 -2
22 23 51 59 -1 24 36 54 93 -1 -2
34 40 52 55 -1 12 44 58 83 -1 -2
24 36 42 47 -1 28 39 40 67 -1 -2
60 72 84 99 -1 8 42 71 94 -1 -2
18 25 52 86 -1 15 24 59 94 -1 -2
23 83 88 92 -1 -2
12 20 31 97 -1 8 10 51 69 -1 -2
31 53 84 97 -1 31 54 58 62 -1 -2
52 61 62 100 -1 21 27 91 92 -1 -2
51 60 69 94 -1 7 21 42 68 -1 -2
25 48 56 63 -1 26 59 60 68 -1 -2
18 51 55 95 -1 -2
41 42 59 74 -1 15 60 79 90 -1 -2
48 69 87 94 -1 48 49 56 93 -1 -2
15 50 65 88 -1 16 28 42 80 -1 -2
9 20 23 59 -1 2 59 69 72 -1 -2
21 55 62 97 -1 -2
21 38 62 95 -1 13 46 61 67 -1 -2
1 54 82 95 -1 1 19 21 62 -1 -2
41 57 96 100 -1 -2
4 68 88 93 -1 23 62 72 98 -1 -2
15 19 41 42 -1 35 68 86 99 -1 -2
26 33 38 75 -1 -2
11 20 36 70 -1 38 57 86 95 -1 -2
24 30 36 62 -1 -2
25 94 95 96 -1 -2
4 20 46 84 -1 -2
11 38 57 94 -1 10 50 64 99 -1 -2
19 32 56 69 -1 -2
2 10 56 90 -1 -2
29 38 49 55 -1 15 41 59 76 -1 -2
3 67 79 91 -1 14 22 47 64 -1 -2
17 33 37 50 -1 -2
17 52 74 81 -1 4 46 48 92 -1 -2
71 76 95 99 -1 3 42 63 77 -1 -2
6 12 31 80 -1 3 34 39 91 -1 -2
21 35 54 77 -1 49 50 55 78 -1 -2
6 22 35 74 -1 40 41 53 62 -1 -2
21 27 29 64 -1 42 55 73 86 -1 -2
9 23 28 68 -1 -2
9 13 27 68 -1 -2
14 24 80 93 -1 -2
36 37 63 93 -1 11 72 77 97 -1 -2
41 79 83 91 -1 3 22 64 85 -1 -2
35 67 87 92 -1 -2
30 31 88 95 -1 2 3 13 77 -1 -2
12 16 91 95 -1 -2
3 32 74 89 -1 1 20 75 80 -1 -2
41 45 47 89 -1 -2
14 15 19 76 -1 -2
22 60 68 78 -1 -2
16 17 43 92 -1 -2
57 61 68 76 -1 -2
21 56 71 76 -1 20 36 59 69 -1 -2
38 39 82 99 -1 2 39 67 77 -1 -2
2 5 19 26 -1 27 47 70 96 -1 -2
20 27 40 52 -1 21 31 38 92 -1 -2
4 11 16 89 -1 -2
47 53 57 60 -1 13 61 69 92 -1 -2
7 36 62 79 -1 11 12 45 48 -1 -2
33 40 69 91 -1 -2
19 26 64 78 -1 4 49 54 59 -1 -2
17 74 80 90 -1 -2
24 68 81 93 -1 -2
7 27 36 59 -1 44 61 63 78 -1 -2
15 18 58 62 -1 -2
6 11 43 45 -1 57 80 83 87 -1 -2
34 71 76 78 -1 5 25 71 99 -1 -2
21 91 96 99 -1 44 53 56 57 -1 -2
6 44 47 49 -1 51 72 83 87 -1 -2
2 12 78 91 -1 -2
41 51 66 68 -1 -2
9 46 63 84 -1 -2
43 57 72 84 -1 10 13 68 85 -1 -2
16 33 52 77 -1 -2
22 37 90 97 -1 16 29 69 76 -1 -2
11 42 51 79 -1 10 17 31 50 -1 -2
20 53 81 100 -1 24 25 52 53 -1 -2
1 19 42 66 -1 -2
14 16 17 23 -1 8 76 84 93 -1 -2
14 62 78 97 -1 20 37 41 72 -1 -2
13 40 76 77 -1 37 43 75 90 -1 -2
41 42 70 90 -1 29 40 49 54 -1 -2
49 81 96 98 -1 -2
31 42 54 74 -1 -2
9 16 26 37 -1 -2
4 8 56 71 -1 -2
8 43 62 80 -1 10 13 31 46 -1 -2
14 35 67 94 -1 4 33 52 99 -1 -2
17 43 48 57 -1 56 65 68 96 -1 -2
8 32 67 74 -1 11 19 33 54 -1 -2
5 45 49 92 -1 -2
29 49 72 75 -1 -2
27 52 75 88 -1 -2
23 25 85 96 -1 6 59 83 96 -1 -2
33 41 46 61 -1 3 11 78 82 -1 -2
75 87 92 100 -1 -2
50 82 91 96 -1 -2
58 73 94 97 -1 -2
8 43 83 84 -1 -2
8 54 58 59 -1 18 61 80 87 -1 -2
4 12 38 97 -1 -2
44 51 55 66 -1 -2
19 51 73 80 -1 13 21 26 58 -1 -2
44 78 82 93 -1 1 18 65 96 -1 -2
8 10 25 38 -1 -2
9 50 91 92 -1 38 41 68 96 -1 -2
32 61 75 81 -1 -2
58 80 82 88 -1 16 20 38 77 -1 -2
15 51 61 85 -1 35 58 65 97 -1 -2
28 73 76 93 -1 10 12 56 87 -1 -2
13 23 52 76 -1 42 56 89 97 -1 -2
13 75 83 84 -1 -2
12 35 50 90 -1 -2
15 33 95 100 -1 9 32 42 62 -1 -2
32 50 65 75 -1 13 53 75 91 -1 -2
33 83 95 97 -1 -2
29 42 76 85 -1 10 34 83 91 -1 -2
28 53 72 89 -1 -2
35 58 94 98 -1 38 42 54 95 -1 -2
6 20 34 69 -1 13 26 58 92 -1 -2
22 73 93 94 -1 7 53 62 63 -1 -2
4 13 17 77 -1 10 68 94 100 -1 -2
14 34 58 74 -1 -2
6 32 67 87 -1 -2
13 28 29 93 -1 -2
22 41 71 73 -1 -2
12 32 34 58 -1 -2
49 50 76 92 -1 1 15 84 98 -1 -2
6 68 81 82 -1 -2
23 36 76 80 -1 -2
6 26 38 69 -1 -2
3 9 77 81 -1 -2
27 28 65 82 -1 26 53 59 71 -1 -2
12 13 72 73 -1 -2
13 58 86 91 -1 -2
1 11 51 82 -1 -2
19 23 41 98 -1 8 24 29 48 -1 -2
8 41 52 93 -1 28 35 48 58 -1 -2
34 57 59 77 -1 3 54 56 70 -1 -2
45 47 75 93 -1 48 79 82 100 -1 -2
5 27 89 94 -1 -2
42 72 73 74 -1 8 63 89 95 -1 -2
10 16 22 53 -1 10 16 40 80 -1 -2
8 16 43 99 -1 -2
36 58 65 68 -1 -2
4 14 49 87 -1 -2
2 50 59 95 -1 -2
14 21 48 88 -1 8 54 55 97 -1 -2
3 16 37 53 -1 -2
27 49 53 58 -1 15 27 51 83 -1 -2
2 21 48 74 -1 -2
19 55 61 79 -1 16 29 55 73 -1 -2
12 17 35 66 -1 4 48 53 71 -1 -2
12 20 91 98 -1 -2
16 66 86 88 -1 60 79 87 88 -1 -2
14 51 68 79 -1 -2
49 59 78 89 -1 -2
25 26 71 74 -1 34 45 54 79 -1 -2
21 47 67 80 -1 6 21 57 89 -1 -2
33 86 87 100 -1 52 56 64 84 -1 -2
40 53 62 66 -1 31 37 68 83 -1 -2
43 45 55 61 -1 -2
12 13 43 68 -1 -2
6 30 83 89 -1 -2
28 74 78 80 -1 -2
14 69 74 80 -1 -2
17 38 87 97 -1 -2
5 29 81 94 -1 18 43 59 69 -1 -2
17 43 52 93 -1 33 53 67 100 -1 -2
25 41 55 99 -1 11 13 46 97 -1 -2
9 31 41 98 -1 27 46 59 78 -1 -2
28 39 60 96 -1 9 32 81 87 -1 -2
7 8 68 98 -1 24 56 74 84 -1 -2
57 65 79 81 -1 47 81 82 99 -1 -2
20 24 42 85 -1 15 64 81 98 -1 -2
4 43 74 99 -1 -2
14 28 33 59 -1 21 30 52 76 -1 -2
29 57 85 94 -1 8 54 75 86 -1 -2
30 65 71 80 -1 -2
9 13 31 69 -1 -2
15 44 69 83 -1 10 19 40 97 -1 -2
3 15 29 49 -1 16 38 55 94 -1 -2
16 17 29 61 -1 -2
35 78 93 98 -1 -2
1 14 61 82 -1 -2
9 19 65 76 -1 -2
11 18 34 97 -1 -2
28 37 72 84 -1 -2
5 10 44 74 -1 -2
21 29 46 67 -1 -2
10 12 24 88 -1 25 75 90 92 -1 -2
11 33 71 97 -1 -2
38 40 73 77 -1 2 11 31 53 -1 -2
6 43 49 55 -1 -2
17 70 71 77 -1 -2
41 56 93 98 -1 -2
30 33 56 86 -1 11 16 73 90 -1 -2
17 24 37 81 -1 -2
1 31 38 69 -1 17 42 51 68 -1 -2
26 41 66 93 -1 -2
10 15 25 76 -1 -2
16 34 71 74 -1 -2
8 25 36 60 -1 2 26 34 73 -1 -2
5 59 62 67 -1 -2
15 21 25 62 -1 26 41 62 63 -1 -2
17 49 59 64 -1 -2
25 29 37 78 -1 3 5 49 86 -1 -2
2 9 77 95 -1 -2
44 62 87 93 -1 -2
34 40 41 58 -1 -2
5 13 22 87 -1 -2
26 54 68 86 -1 36 54 59 97 -1 -2
19 50 52 91 -1 -2
1 56 94 100 -1 2 31 50 82 -1 -2
3 53 55 74 -1 17 37 55 61 -1 -2
68 70 90 98 -1 -2
28 49 51 82 -1 -2
42 60 71 85 -1 34 37 40 56 -1 -2
22 46 56 57 -1 -2
14 29 62 100 -1 -2
1 89 94 97 -1 -2
6 31 92 99 -1 -2
35 56 77 80 -1 -2
40 71 82 95 -1 58 64 94 95 -1 -2
29 39 57 97 -1 -2
5 76 85 86 -1 -2
1 18 29 94 -1 -2
2 13 20 29 -1 -2
19 57 69 82 -1 -2
41 49 59 74 -1 23 46 65 67 -1 -2
45 72 74 87 -1 15 83 93 97 -1 -2
16 17 62 94 -1 16 36 54 74 -1 -2
38 42 56 68 -1 4 7 9 32 -1 -2
6 11 41 66 -1 17 24 42 83 -1 -2
3 31 82 94 -1 -2
7 45 46 71 -1 26 41 82 88 -1 -2
21 35 43 79 -1 -2
5 47 50 76 -1 -2
21 22 76 86 -1 -2
13 21 55 98 -1 24 44 90 100 -1 -2
3 70 79 100 -1 15 58 81 93 -1 -2
33 39 44 66 -1 22 55 68 87 -1 -2
5 18 31 86 -1 28 36 45 64 -1 -2
2 11 13 80 -1 -2
30 41 53 68 -1 30 39 42 99 -1 -2
1 60 67 74 -1 25 32 53 57 -1 -2
1 24 74 96 -1 -2
18 32 56 89 -1 42 51 54 84 -1 -2
32 40 70 78 -1 20 33 63 95 -1 -2
41 54 84 92 -1 17 61 69 98 -1 -2
11 26 35 94 -1 52 67 68 96 -1 -2
8 11 53 99 -1 19 71 77 83 -1 -2
1 42 58 61 -1 -2
2 12 63 83 -1 -2
38 82 87 97 -1 14 56 57 97 -1 -2
1 31 40 57 -1 23 45 53 95 -1 -2
27 62 87 92 -1 10 36 47 65 -1 -2
8 55 97 99 -1 -2
19 61 78 88 -1 13 48 52 60 -1 -2
29 57 62 74 -1 -2
8 41 76 80 -1 -2
26 65 74 78 -1 -2
10 22 64 68 -1 -2
49 74 81 91 -1 3 38 66 100 -1 -2
24 31 74 80 -1 -2
17 61 70 99 -1 40 63 64 84 -1 -2
1 57 71 88 -1 33 69 86 99 -1 -2
16 21 51 63 -1 -2
23 41 51 52 -1 -2
7 28 60 93 -1 6 33 37 67 -1 -2
36 39 43 52 -1 -2
42 60 61 78 -1 -2
2 48 53 72 -1 4 12 64 80 -1 -2
16 53 56 61 -1 -2
1 13 41 52 -1 1 55 74 80 -1 -2
49 50 76 79 -1 -2
1 38 57 98 -1 10 14 77 79 -1 -2
6 48 79 96 -1 38 71 81 85 -1 -2
49 59 70 74 -1 -2
29 41 43 81 -1 -2
1 14 44 77 -1 27 37 92 100 -1 -2
34 35 56 82 -1 -2
27 78 81 98 -1 -2
22 52 78 84 -1 26 57 75 97 -1 -2
24 37 40 44 -1 9 37 81 94 -1 -2
35 82 84 89 -1 1 14 33 46 -1 -2
5 24 64 83 -1 -2
45 80 83 94 -1 47 73 76 92 -1 -2
12 57 61 71 -1 9 27 39 80 -1 -2
49 60 89 91 -1 23 64 72 88 -1 -2
29 32 72 79 -1 17 50 81 97 -1 -2
11 32 43 44 -1 24 37 74 96 -1 -2
19 33 47 66 -1 35 56 94 98 -1 -2
5 23 90 93 -1 -2
22 39 83 90 -1 30 40 46 75 -1 -2
38 58 71 73 -1 61 70 83 84 -1 -2
5 13 15 35 -1 38 58 73 88 -1 -2
17 22 31 58 -1 11 73 78 97 -1 -2
3 24 26 58 -1 -2
7 25 56 81 -1 -2
5 8 15 19 -1 5 56 59 69 -1 -2
8 14 48 85 -1 11 64 75 86 -1 -2
22 27 60 95 -1 -2
4 17 57 74 -1 -2
10 42 44 72 -1 45 60 88 97 -1 -2
20 89 90 94 -1 16 25 36 82 -1 -2
3 34 52 95 -1 61 62 79 92 -1 -2
25 33 47 69 -1 1 34 99 100 -1 -2
46 64 75 84 -1 -2
45 76 81 92 -1 -2
52 59 62 80 -1 48 63 72 80 -1 -2
15 21 98 100 -1 -2
35 64 72 89 -1 16 34 45 96 -1 -2
8 17 18 71 -1 -2
4 5 50 79 -1 -2
41 50 64 81 -1 -2
19 21 44 55 -1 -2
28 64 73 87 -1 17 22 69 82 -1 -2
56 61 68 85 -1 -2
41 45 46 98 -1 -2
6 15 27 78 -1 -2
9 21 49 98 -1 10 46 49 63 -1 -2
22 27 29 50 -1 -2
41 42 81 93 -1 28 88 89 93 -1 -2
33 56 88 90 -1 -2
1 64 85 87 -1 5 33 58 67 -1 -2
6 55 83 86 -1 -2
15 80 81 100 -1 33 51 84 85 -1 -2
7 9 71 92 -1 -2
46 60 70 75 -1 -2
29 68 75 97 -1 24 34 62 66 -1 -2
6 18 60 71 -1 -2
13 61 67 88 -1 -2
31 51 86 91 -1 -2
4 46 63 79 -1 22 28 39 85 -1 -2
6 25 79 82 -1 7 32 47 97 -1 -2
22 31 59 98 -1 47 75 80 99 -1 -2
24 28 46 48 -1 -2
36 65 68 92 -1 39 51 81 99 -1 -2
23 31 58 64 -1 9 27 50 83 -1 -2
14 18 44 67 -1 36 62 66 73 -1 -2
1 38 48 96 -1 1 20 32 67 -1 -2
74 78 79 81 -1 -2
8 41 50 54 -1 -2
12 20 29 68 -1 -2
9 21 28 64 -1 17 54 64 89 -1 -2
22 23 32 66 -1 8 29 40 57 -1 -2
7 20 49 70 -1 6 12 19 69 -1 -2
38 40 75 96 -1 -2
5 34 97 99 -1 -2
18 62 69 92 -1 13 29 91 96 -1 -2
13 17 38 79 -1 -2
18 21 49 81 -1 29 33 76 98 -1 -2
14 18 30 31 -1 -2
7 17 74 84 -1 9 31 79 89 -1 -2
1 2 21 100 -1 -2
70 77 82 93 -1 16 49 63 86 -1 -2
9 44 65 74 -1 -2
3 4 21 88 -1 34 42 43 84 -1 -2
11 30 89 91 -1 4 49 50 95 -1 -2
16 74 93 95 -1 -2
2 9 17 65 -1 25 81 83 89 -1 -2
22 24 85 99 -1 -2
17 22 51 70 -1 -2
30 76 81 96 -1 -2
14 60 78 97 -1 -2
4 6 17 70 -1 -2
3 43 61 84 -1 19 46 72 73 -1 -2
12 13 24 48 -1 32 55 99 100 -1 -2
55 81 94 98 -1 -2
40 62 81 96 -1 -2
5 34 53 91 -1 10 23 47 84 -1 -2
14 28 41 47 -1 80 82 90 99 -1 -2
38 69 72 83 -1 -2
1 3 44 86 -1 29 41 51 92 -1 -2
4 37 74 82 -1 -2
4 85 94 99 -1 1 34 35 90 -1 -2
1 5 15 51 -1 -2
3 57 63 92 -1 -2
4 7 28 43 -1 -2
11 28 36 50 -1 2 12 22 68 -1 -2
20 47 55 93 -1 78 81 95 98 -1 -2
1 15 26 82 -1 9 17 61 68 -1 -2
8 14 55 60 -1 -2
24 33 54 84 -1 -2
20 43 83 90 -1 -2
17 37 47 70 -1 -2
8 10 74 88 -1 31 72 89 94 -1 -2
30 35 54 89 -1 -2
16 23 41 50 -1 -2
12 17 73 82 -1 39 55 62 89 -1 -2
4 34 54 57 -1 27 51 70 97 -1 -2
36 44 71 89 -1 -2
11 14 21 58 -1 34 37 41 79 -1 -2
19 42 66 67 -1 -2
56 60 67 100 -1 -2
9 14 39 72 -1 -2
16 20 44 92 -1 -2
6 22 58 98 -1 32 44 77 80 -1 -2
2 34 48 83 -1 64 65 83 88 -1 -2
11 20 40 78 -1 3 40 54 98 -1 -2
31 50 78 94 -1 -2
70 74 94 97 -1 -2
14 23 61 90 -1 54 55 71 89 -1 -2
19 69 81 96 -1 10 32 50 88 -1 -2
2 3 17 47 -1 23 69 70 91 -1 -2
14 31 53 60 -1 -2
33 36 64 92 -1 29 61 95 96 -1 -2
56 85 93 100 -1 -2
43 48 54 86 -1 8 12 20 48 -1 -2
23 37 45 51 -1 -2
36 42 49 97 -1 11 18 53 80 -1 -2
17 62 84 87 -1 -2
14 51 68 75 -1 32 40 94 95 -1 -2
13 39 58 63 -1 6 12 26 53 -1 -2
8 26 79 86 -1 -2
14 41 56 88 -1 4 23 35 96 -1 -2
25 41 75 78 -1 35 37 39 87 -1 -2
27 30 44 56 -1 41 81 83 90 -1 -2
4 48 57 90 -1 4 17 22 68 -1 -2
12 75 92 99 -1 -2
16 23 26 46 -1 21 35 41 66 -1 -2
2 8 18 31 -1 -2
39 80 92 94 -1 16 40 41 97 -1 -2
12 14 47 62 -1 15 38 57 75 -1 -2
5 37 83 88 -1 21 23 41 48 -1 -2
27 40 56 67 -1 35 36 63 74 -1 -2
20 29 47 75 -1 20 31 67 70 -1 -2
31 59 62 78 -1 6 20 79 85 -1 -2
27 34 44 55 -1 9 14 33 74 -1 -2
1 4 56 100 -1 29 60 63 95 -1 -2
24 77 79 95 -1 10 49 64 73 -1 -2
34 40 59 77 -1 8 9 40 100 -1 -2
48 70 78 86 -1 -2
44 65 85 87 -1 -2
20 30 48 74 -1 37 43 60 75 -1 -2
2 22 78 93 -1 -2
3 9 69 93 -1 -2
41 82 83 100 -1 17 37 46 85 -1 -2
12 13 40 41 -1 -2
19 22 31 61 -1 40 61 88 98 -1 -2
12 47 58 69 -1 10 52 94 98 -1 -2
10 12 64 92 -1 -2
55 74 75 89 -1 6 47 70 88 -1 -2
2 14 56 95 -1 -2
8 35 44 68 -1 23 44 48 76 -1 -2
19 35 46 83 -1 32 47 75 93 -1 -2
67 73 77 93 -1 -2
19 21 70 95 -1 -2
44 72 73 91 -1 -2
9 55 81 91 -1 -2
19 30 72 88 -1 -2
13 43 70 76 -1 23 64 66 87 -1 -2
20 23 39 90 -1 4 56 69 89 -1 -2
8 30 55 75 -1 -2
49 54 59 96 -1 14 15 21 78 -1 -2
9 14 38 90 -1 -2
76 86 90 98 -1 35 86 87 93 -1 -2
11 31 56 81 -1 32 38 42 63 -1 -2
41 60 87 97 -1 -2
30 32 48 55 -1 30 40 44 58 -1 -2
38 62 65 100 -1 46 55 74 96 -1 -2
12 21 52 80 -1 27 39 68 84 -1 -2
13 25 77 99 -1 -2
10 12 43 47 -1 12 63 65 81 -1 -2
9 76 89 96 -1 8 94 96 100 -1 -2
37 67 72 92 -1 -2
53 58 90 98 -1 1 16 29 53 -1 -2
4 66 67 96 -1 -2
19 24 34 42 -1 -2
16 34 38 64 -1 -2
2 21 43 45 -1 -2
8 11 68 81 -1 33 42 66 74 -1 -2
15 22 70 99 -1 -2
26 57 62 68 -1 41 61 90 99 -1 -2
18 35 38 92 -1 18 26 38 56 -1 -2
16 18 61 68 -1 -2
2 28 49 57 -1 11 28 57 100 -1 -2
44 53 71 92 -1 -2
16 20 51 81 -1 -2
2 39 49 89 -1 -2
7 21 24 85 -1 2 58 74 83 -1 -2
18 60 81 94 -1 -2
6 23 40 73 -1 23 62 83 89 -1 -2
55 64 76 94 -1 13 30 50 85 -1 -2
12 76 95 99 -1 14 56 83 88 -1 -2
5 14 39 97 -1 28 39 62 87 -1 -2
14 20 85 93 -1 -2
1 34 51 82 -1 -2
12 43 84 92 -1 -2
19 33 40 48 -1 8 56 68 80 -1 -2
57 65 74 92 -1 25 47 74 97 -1 -2
1 23 56 94 -1 17 24 82 96 -1 -2
25 39 76 81 -1 -2
2 48 66 88 -1 3 51 66 70 -1 -2
3 11 25 80 -1 10 39 70 80 -1 -2
42 50 58 96 -1 24 35 49 78 -1 -2
10 14 63 99 -1 -2
4 70 83 91 -1 -2
20 39 63 75 -1 30 54 69 98 -1 -2
29 31 42 77 -1 -2
2 32 64 80 -1 28 42 43 84 -1 -2
4 10 47 52 -1 2 6 48 99 -1 -2
3 8 12 55 -1 -2
50 56 78 93 -1 -2
25 40 80 86 -1 -2
5 61 65 96 -1 -2
40 60 66 94 -1 1 33 43 49 -1 -2
9 19 35 39 -1 12 21 48 98 -1 -2
7 48 68 76 -1 -2
16 39 55 71 -1 -2
21 24 46 73 -1 10 33 84 88 -1 -2
10 62 73 81 -1 2 37 40 54 -1 -2
11 26 59 66 -1 29 41 46 83 -1 -2
1 10 49 54 -1 -2
59 74 89 98 -1 12 33 78 93 -1 -2
15 21 53 72 -1 32 38 90 98 -1 -2
3 19 38 83 -1 -2
24 52 77 92 -1 -2
29 55 58 73 -1 21 35 36 81 -1 -2
18 29 47 57 -1 -2
5 8 78 79 -1 -2
2 8 34 55 -1 -2
11 19 20 97 -1 21 63 65 70 -1 -2
5 39 40 89 -1 -2
17 27 54 98 -1 3 26 40 71 -1 -2
35 37 59 77 -1 -2
6 12 47 54 -1 -2
19 27 55 76 -1 -2
6 8 66 91 -1 -2
4 46 49 53 -1 10 11 56 72 -1 -2
5 35 38 79 -1 20 63 66 95 -1 -2
41 57 60 82 -1 31 37 53 89 -1 -2
18 26 38 47 -1 -2
4 11 70 87 -1 6 67 77 85 -1 -2
27 29 33 34 -1 15 19 43 85 -1 -2
15 55 78 96 -1 -2
20 43 56 59 -1 2 42 88 100 -1 -2
14 45 65 66 -1 -2
32 43 66 91 -1 -2
20 21 36 55 -1 32 89 91 98 -1 -2
16 52 74 98 -1 -2
36 51 64 76 -1 -2
5 16 47 72 -1 85 87 91 96 -1 -2
25 37 39 53 -1 47 48 50 97 -1 -2
1 10 22 55 -1 40 57 77 100 -1 -2
3 53 61 91 -1 41 70 78 80 -1 -2
6 8 44 92 -1 -2
48 53 54 62 -1 -2
18 46 65 71 -1 -2
20 32 47 52 -1 -2
35 37 44 75 -1 -2
17 64 90 98 -1 -2
35 49 86 92 -1 -2
28 42 58 100 -1 -2
1 15 70 98 -1 15 48 72 99 -1 -2
13 30 76 77 -1 11 37 66 100 -1 -2
34 58 69 94 -1 26 32 41 72 -1 -2
41 47 59 98 -1 -2
3 24 48 68 -1 19 68 91 96 -1 -2
14 27 62 88 -1 -2
8 33 35 44 -1 13 68 93 94 -1 -2
15 47 48 57 -1 -2
45 48 51 70 -1 -2
51 66 88 92 -1 -2
21 36 80 92 -1 33 38 69 83 -1 -2
76 81 82 88 -1 -2
41 50 56 82 -1 -2
12 17 26 97 -1 19 31 38 76 -1 -2
20 40 59 79 -1 -2
3 28 52 71 -1 41 45 70 100 -1 -2
1 23 57 66 -1 1 54 58 72 -1 -2
12 20 56 93 -1 -2
40 79 96 98 -1 21 24 28 45 -1 -2
17 41 43 90 -1 -2
1 19 39 57 -1 16 54 68 76 -1 -2
11 35 64 76 -1 33 69 93 100 -1 -2
35 41 66 77 -1 -2
12 26 30 64 -1 4 9 29 80 -1 -2
10 42 48 62 -1 -2
32 84 96 99 -1 -2
73 83 87 88 -1 -2
14 17 67 87 -1 -2
46 53 89 95 -1 -2
59 66 93 98 -1 -2
3 9 20 98 -1 7 21 35 39 -1 -2
10 13 55 76 -1 6 7 29 64 -1 -2
11 24 56 74 -1 -2
39 57 63 74 -1 28 41 62 72 -1 -2
50 52 66 96 -1 -2
2 42 54 83 -1 -2
3 15 19 47 -1 -2
18 81 82 100 -1 -2
15 35 47 74 -1 -2
5 22 30 73 -1 -2
65 74 99 100 -1 -2
21 28 67 72 -1 16 17 30 46 -1 -2
17 20 26 55 -1 49 56 70 88 -1 -2
19 65 74 76 -1 2 24 39 81 -1 -2
61 79 82 94 -1 -2
1 27 44 73 -1 -2
14 31 48 79 -1 17 78 81 93 -1 -2
3 37 50 56 -1 10 39 63 90 -1 -2
17 58 59 94 -1 -2
32 41 80 91 -1 -2
22 34 72 87 -1 -2
13 23 43 85 -1 -2
25 34 63 91 -1 -2
38 52 80 97 -1 29 68 76 86 -1 -2
27 60 84 85 -1 18 38 41 51 -1 -2
24 59 78 94 -1 -2
5 30 51 93 -1 -2
48 70 86 98 -1 46 48 58 97 -1 -2
4 11 64 83 -1 9 17 43 78 -1 -2
48 56 83 95 -1 -2
25 45 94 99 -1 -2
39 40 51 73 -1 10 15 20 23 -1 -2
8 15 48 97 -1 24 68 72 97 -1 -2
38 46 73 81 -1 14 24 79 93 -1 -2
45 77 90 99 -1 22 29 39 50 -1 -2
6 33 45 85 -1 -2
22 23 28 47 -1 -2
2 37 50 95 -1 -2
39 46 51 66 -1 -2
44 76 80 82 -1 -2
15 26 78 83 -1 30 47 56 68 -1 -2
52 67 72 90 -1 -2
14 22 41 86 -1 35 59 76 83 -1 -2
32 64 73 78 -1 8 31 39 47 -1 -2
3 42 46 60 -1 25 27 32 86 -1 -2
40 41 56 86 -1 -2
2 16 22 69 -1 -2
72 74 80 82 -1 17 41 67 68 -1 -2
1 72 87 98 -1 13 82 94 98 -1 -2
11 37 69 79 -1 -2
38 52 56 82 -1 2 9 18 37 -1 -2
8 19 51 88 -1 19 62 88 99 -1 -2
10 69 72 98 -1 7 50 72 85 -1 -2
4 21 70 78 -1 -2
12 40 58 61 -1 17 58 65 94 -1 -2
21 66 84 92 -1 13 43 47 76 -1 -2
4 9 75 79 -1 15 26 28 86 -1 -2
18 27 84 99 -1 10 52 71 94 -1 -2
29 33 75 93 -1 32 36 48 74 -1 -2
35 74 82 94 -1 -2
3 91 92 95 -1 5 65 72 74 -1 -2
21 24 25 49 -1 7 62 63 92 -1 -2
6 67 79 90 -1 6 7 60 69 -1 -2
47 56 69 77 -1 1 54 56 63 -1 -2
5 38 64 96 -1 -2
31 34 44 57 -1 -2
9 74 76 100 -1 -2
3 17 23 78 -1 -2
3 34 53 57 -1 -2
46 61 67 88 -1 17 44 66 81 -1 -2
45 62 96 100 -1 35 61 69 93 -1 -2
31 41 57 89 -1 7 46 50 76 -1 -2
10 71 72 76 -1 18 25 43 68 -1 -2
14 48 52 70 -1 -2
66 76 87 94 -1 -2
61 75 84 87 -1 -2
24 55 76 79 -1 12 20 75 81 -1 -2
7 11 82 93 -1 17 21 52 70 -1 -2
10 32 66 100 -1 -2
1 21 23 75 -1 10 15 35 39 -1 -2
5 40 73 86 -1 56 60 63 91 -1 -2
5 19 33 88 -1 2 18 87 93 -1 -2
58 64 71 94 -1 2 25 28 92 -1 -2
30 31 47 71 -1 19 33 62 93 -1 -2
26 74 77 96 -1 11 40 72 87 -1 -2
15 33 52 79 -1 37 69 73 76 -1 -2
9 38 45 50 -1 1 13 22 27 -1 -2
4 22 27 92 -1 6 33 52 95 -1 -2
42 56 57 65 -1 -2
8 17 69 91 -1 1 8 91 92 -1 -2
2 8 93 95 -1 3 24 92 99 -1 -2
3 66 94 97 -1 -2
21 49 50 87 -1 -2
14 51 65 82 -1 -2
26 33 77 92 -1 -2
23 52 69 99 -1 11 60 80 98 -1 -2
12 39 48 79 -1 -2
3 17 18 60 -1 10 47 77 78 -1 -2
19 41 45 96 -1 1 30 41 49 -1 -2
12 22 66 76 -1 -2
1 71 83 89 -1 18 65 77 84 -1 -2
6 14 81 94 -1 -2
24 32 40 73 -1 2 7 26 27 -1 -2
37 81 85 88 -1 -2
36 71 77 92 -1 26 49 50 100 -1 -2
69 86 90 96 -1 20 25 73 76 -1 -2
41 72 88 96 -1 32 53 94 99 -1 -2
30 39 46 89 -1 -2
12 15 47 74 -1 -2
18 76 83 94 -1 -2
3 62 79 89 -1 -2
4 25 39 49 -1 -2
14 21 33 88 -1 26 30 32 87 -1 -2
25 85 86 97 -1 -2
4 28 30 89 -1 53 60 67 74 -1 -2
27 29 41 61 -1 -2
11 21 23 29 -1 -2
8 41 53 64 -1 7 19 29 88 -1 -2
42 72 88 90 -1 4 60 67 91 -1 -2
1 5 83 89 -1 39 63 86 98 -1 -2
10 24 35 48 -1 4 17 24 55 -1 -2
13 44 53 66 -1 -2
20 23 72 94 -1 10 37 82 83 -1 -2
56 64 71 74 -1 -2
5 36 70 98 -1 -2
4 16 61 82 -1 -2
29 44 72 90 -1 -2
23 37 49 93 -1 12 61 85 90 -1 -2
6 59 64 65 -1 -2
22 25 67 100 -1 57 68 71 83 -1 -2
4 18 33 48 -1 -2
17 22 24 44 -1 13 47 81 87 -1 -2
23 62 68 72 -1 32 50 65 99 -1 -2
25 50 57 73 -1 31 45 79 97 -1 -2
10 64 94 98 -1 39 55 62 94 -1 -2
13 59 63 81 -1 -2
11 15 34 90 -1 -2
29 30 62 97 -1 -2
52 72 85 98 -1 3 31 58 65 -1 -2
31 48 51 89 -1 2 49 77 90 -1 -2
21 35 51 61 -1 -2
36 46 62 93 -1 -2
48 64 72 95 -1 -2
6 43 85 97 -1 33 36 47 73 -1 -2
48 71 76 86 -1 -2
8 23 63 87 -1 -2
14 23 74 96 -1 -2
31 44 91 98 -1 50 80 81 93 -1 -2
27 37 52 95 -1 43 50 77 86 -1 -2
28 37 81 94 -1 23 44 60 75 -1 -2
10 21 63 79 -1 -2
17 30 56 88 -1 -2
17 42 77 80 -1 -2
3 54 55 71 -1 -2
4 18 53 92 -1 52 54 76 79 -1 -2
20 23 30 34 -1 45 51 80 95 -1 -2
30 47 51 91 -1 -2
29 43 47 86 -1 57 60 78 82 -1 -2
8 40 72 82 -1 -2
38 40 58 100 -1 19 54 64 88 -1 -2
28 30 39 69 -1 15 29 51 84 -1 -2
24 40 52 77 -1 -2
2 17 65 69 -1 -2
1 59 72 74 -1 15 38 51 96 -1 -2
14 37 71 97 -1 28 69 90 99 -1 -2
16 18 29 66 -1 -2
28 43 65 97 -1 26 36 61 75 -1 -2
4 5 20 83 -1 -2
22 64 83 84 -1 -2
5 69 88 92 -1 3 8 41 88 -1 -2
49 66 82 95 -1 -2
28 34 58 67 -1 8 47 77 86 -1 -2
10 29 62 84 -1 -2
6 9 10 84 -1 22 75 87 94 -1 -2
16 33 36 96 -1 4 14 19 41 -1 -2
20 47 53 96 -1 -2
14 42 72 85 -1 7 18 40 47 -1 -2
11 72 84 93 -1 -2
56 68 91 100 -1 -2
22 39 71 81 -1 -2
30 31 57 87 -1 16 32 57 70 -1 -2
17 62 73 86 -1 26 31 74 91 -1 -2
5 24 27 59 -1 36 57 74 92 -1 -2
37 41 52 95 -1 43 47 59 83 -1 -2
39 79 80 84 -1 15 45 68 78 -1 -2
28 35 47 65 -1 31 44 59 72 -1 -2
21 55 64 70 -1 7 11 13 93 -1 -2
4 75 78 86 -1 -2
36 51 69 99 -1 6 65 70 84 -1 -2
6 10 20 59 -1 -2
10 60 66 92 -1 4 16 62 100 -1 -2
3 13 43 100 -1 -2
11 32 64 75 -1 -2
10 14 21 88 -1 7 28 72 94 -1 -2
5 64 73 84 -1 -2
6 23 28 95 -1 -2
17 37 38 90 -1 -2
33 51 73 79 -1 -2
1 7 83 99 -1 -2
62 85 92 93 -1 3 12 45 69 -1 -2
5 9 45 67 -1 -2
8 51 68 81 -1 5 45 46 54 -1 -2
44 57 59 97 -1 -2
31 45 54 90 -1 -2
49 81 92 94 -1 2 47 64 92 -1 -2
59 70 93 100 -1 -2
7 36 80 98 -1 4 12 32 37 -1 -2
13 41 67 77 -1 45 57 66 88 -1 -2
12 25 63 67 -1 -2
20 21 46 84 -1 -2
1 60 83 94 -1 -2
10 82 84 98 -1 -2
8 43 81 84 -1 -2
11 12 55 83 -1 13 16 57 86 -1 -2
43 75 76 83 -1 -2
26 41 49 70 -1 -2
30 31 45 68 -1 -2
1 10 42 46 -1 41 43 49 77 -1 -2
20 24 82 95 -1 6 14 22 90 -1 -2
59 72 75 85 -1 7 19 20 84 -1 -2
2 43 48 51 -1 1 3 74 100 -1 -2
53 57 66 97 -1 12 32 38 95 -1 -2
9 10 75 90 -1 -2
9 48 79 94 -1 9 26 74 95 -1 -2
11 22 72 95 -1 -2
3 24 38 98 -1 -2
19 57 58 90 -1 -2
25 48 50 83 -1 33 34 68 85 -1 -2
1 16 44 89 -1 1 30 71 78 -1 -2
14 27 61 71 -1 42 88 89 93 -1 -2
1 45 66 76 -1 40 47 93 94 -1 -2
8 21 41 44 -1 -2
3 12 13 66 -1 -2
9 48 66 89 -1 -2
73 77 85 90 -1 42 63 86 88 -1 -2
23 36 57 59 -1 -2
18 24 31 100 -1 1 3 43 76 -1 -2
7 33 47 52 -1 16 35 59 74 -1 -2
10 13 82 96 -1 -2
6 37 49 73 -1 59 73 82 83 -1 -2
2 4 18 98 -1 13 42 83 86 -1 -2
26 32 78 81 -1 -2
12 14 31 52 -1 1 37 64 78 -1 -2
14 36 57 67 -1 -2
7 12 21 52 -1 15 19 72 77 -1 -2
52 67 77 96 -1 -2
32 38 64 70 -1 -2
14 39 87 90 -1 -2
16 37 46 53 -1 7 43 58 68 -1 -2
16 60 88 95 -1 16 54 89 96 -1 -2
5 8 18 49 -1 -2
29 50 56 70 -1 54 73 75 90 -1 -2
14 47 64 98 -1 -2
10 22 55 70 -1 25 84 89 96 -1 -2
1 16 69 75 -1 12 17 20 46 -1 -2
21 52 67 85 -1 -2
28 53 64 66 -1 -2
40 65 70 77 -1 -2
16 29 38 39 -1 19 40 63 65 -1 -2
18 20 43 54 -1 -2
1 33 62 93 -1 -2
47 52 67 68 -1 13 30 59 87 -1 -2
6 80 82 89 -1 -2
26 56 62 95 -1 -2
38 57 70 72 -1 -2
12 26 29 89 -1 -2
22 57 68 78 -1 34 78 79 85 -1 -2
14 32 50 80 -1 -2
72 85 89 99 -1 -2
24 27 30 81 -1 17 49 52 70 -1 -2
15 22 59 73 -1 -2
3 61 72 100 -1 -2
13 50 56 82 -1 -2
8 25 50 98 -1 -2
39 78 83 100 -1 8 10 15 50 -1 -2
12 41 62 93 -1 14 17 57 97 -1 -2
17 60 67 78 -1 -2
10 11 49 79 -1 -2
3 8 22 36 -1 16 17 27 60 -1 -2
40 66 73 82 -1 -2
9 26 50 59 -1 27 77 78 80 -1 -2
26 34 38 76 -1 4 23 37 92 -1 -2
23 34 90 94 -1 13 26 62 87 -1 -2
22 43 54 79 -1 2 23 29 83 -1 -2
5 58 65 97 -1 -2
4 14 20 32 -1 8 44 53 57 -1 -2
21 41 44 79 -1 17 44 71 91 -1 -2
49 65 94 96 -1 -2
25 66 87 97 -1 -2
6 19 39 86 -1 -2
7 44 50 65 -1 58 62 80 89 -1 -2
11 29 49 54 -1 5 12 16 74 -1 -2
8 38 58 89 -1 -2
7 23 35 41 -1 -2
28 43 86 96 -1 -2
16 56 60 71 -1 -2
19 29 68 69 -1 -2
17 26 43 48 -1 17 25 36 40 -1 -2
10 31 41 51 -1 -2
28 62 73 80 -1 -2
49 52 92 100 -1 -2
12 20 63 68 -1 6 14 72 95 -1 -2
9 14 32 89 -1 -2
8 77 79 83 -1 -2
12 30 36 79 -1 -2
2 11 26 83 -1 -2
39 55 63 73 -1 30 70 82 95 -1 -2
18 35 47 59 -1 -2
22 36 68 85 -1 20 51 52 73 -1 -2
1 9 36 87 -1 23 36 77 91 -1 -2
33 52 53 72 -1 10 31 35 100 -1 -2
9 44 83 91 -1 -2
13 65 83 91 -1 -2
5 35 96 99 -1 -2
29 36 42 47 -1 16 17 78 93 -1 -2
19 34 63 81 -1 -2
18 20 39 61 -1 -2
30 48 89 99 -1 13 85 87 89 -1 -2
26 39 78 97 -1 11 24 46 52 -1 -2
3 52 81 100 -1 -2
18 40 49 69 -1 -2
15 33 48 87 -1 31 34 49 80 -1 -2
9 36 60 86 -1 15 21 23 61 -1 -2
7 21 35 68 -1 -2
63 77 83 100 -1 -2
4 6 66 74 -1 23 72 82 98 -1 -2
4 25 48 87 -1 3 83 91 98 -1 -2
12 21 36 41 -1 20 51 88 99 -1 -2
45 48 79 87 -1 -2
10 44 49 70 -1 -2
48 53 87 99 -1 -2
35 37 48 92 -1 -2
44 60 77 80 -1 44 49 53 98 -1 -2
8 16 77 91 -1 8 18 29 83 -1 -2
34 47 68 81 -1 11 23 31 58 -1 -2
7 12 59 88 -1 -2
11 30 70 79 -1 31 38 80 81 -1 -2
6 14 63 85 -1 62 74 75 96 -1 -2
8 22 78 84 -1 -2
4 15 62 81 -1 31 42 73 93 -1 -2
7 14 40 65 -1 -2
13 42 77 88 -1 19 34 39 64 -1 -2
1 2 12 40 -1 -2
3 9 55 86 -1 15 22 43 57 -1 -2
28 43 54 83 -1 -2
22 37 57 69 -1 11 14 51 70 -1 -2
1 60 64 68 -1 14 15 43 89 -1 -2
14 42 63 87 -1 -2
34 50 69 78 -1 -2
4 25 67 71 -1 -2
23 26 55 61 -1 -2
36 41 87 96 -1 -2
42 58 63 76 -1 19 21 50 91 -1 -2
12 31 63 95 -1 19 77 79 89 -1 -2
23 57 67 72 -1 -2
61 68 94 98 -1 -2
28 36 46 84 -1 -2
14 61 63 94 -1 21 52 57 58 -1 -2
12 50 59 76 -1 -2
9 11 53 79 -1 19 26 30 90 -1 -2
13 15 18 81 -1 49 67 79 99 -1 -2
16 30 57 69 -1 -2
11 16 40 73 -1 -2
52 56 65 86 -1 19 29 45 83 -1 -2
12 26 43 61 -1 -2
34 66 67 81 -1 -2
32 36 67 85 -1 -2
24 25 32 59 -1 -2
1 42 55 69 -1 -2
18 85 87 96 -1 -2
30 77 81 97 -1 -2
19 25 42 69 -1 39 59 91 94 -1 -2
41 44 69 72 -1 50 61 77 86 -1 -2
23 28 93 96 -1 33 72 85 100 -1 -2
44 81 89 96 -1 -2
70 75 78 89 -1 41 58 65 80 -1 -2
13 42 44 87 -1 -2
2 43 54 85 -1 39 47 61 74 -1 -2
25 27 42 68 -1 48 52 78 84 -1 -2
4 16 44 96 -1 -2
46 55 84 90 -1 -2
9 27 43 100 -1 -2
63 80 84 97 -1 -2
19 53 68 78 -1 -2
7 43 78 80 -1 -2
56 57 87 93 -1 -2
25 44 77 88 -1 18 30 47 79 -1 -2
25 34 51 77 -1 54 60 76 86 -1 -2
25 83 88 93 -1 -2
21 32 77 82 -1 -2
21 40 82 95 -1 -2
34 65 68 100 -1 14 15 26 58 -1 -2
2 17 71 77 -1 -2
5 8 75 90 -1 21 32 83 86 -1 -2
70 74 84 87 -1 -2
50 54 80 95 -1 33 41 47 57 -1 -2
6 40 84 85 -1 11 13 18 68 -1 -2
1 27 52 84 -1 -2
13 20 59 89 -1 45 74 91 93 -1 -2
33 57 65 99 -1 24 30 51 90 -1 -2
32 36 52 66 -1 27 30 74 80 -1 -2
9 47 68 97 -1 -2
52 54 87 94 -1 1 12 13 37 -1 -2
17 33 50 77 -1 1 32 65 76 -1 -2
20 27 36 89 -1 -2
54 86 90 96 -1 -2
2 59 97 98 -1 4 28 81 93 -1 -2
8 70 80 91 -1 -2
11 26 68 94 -1 -2
8 38 47 82 -1 3 48 62 98 -1 -2
11 56 62 97 -1 31 39 40 62 -1 -2
18 51 88 92 -1 16 74 88 96 -1 -2
42 53 57 90 -1 23 35 75 96 -1 -2
9 21 40 88 -1 3 38 47 61 -1 -2
4 18 54 61 -1 -2
1 25 59 79 -1 37 44 67 98 -1 -2
20 34 43 51 -1 -2
1 32 38 80 -1 32 60 69 100 -1 -2
29 33 71 80 -1 59 60 72 80 -1 -2
1 11 17 100 -1 38 66 86 88 -1 -2
7 8 33 34 -1 -2
23 24 29 34 -1 19 24 54 59 -1 -2
33 38 46 99 -1 -2
51 67 83 87 -1 41 45 66 75 -1 -2
39 42 79 95 -1 7 37 57 100 -1 -2
10 24 48 49 -1 -2
10 14 20 57 -1 17 23 49 72 -1 -2
63 64 78 80 -1 27 34 48 68 -1 -2
20 62 78 92 -1 20 56 86 88 -1 -2
6 11 51 96 -1 41 58 77 86 -1 -2
6 59 72 90 -1 -2
50 55 69 73 -1 -2
35 55 58 74 -1 18 51 81 89 -1 -2
45 48 51 89 -1 34 44 63 68 -1 -2
35 68 83 88 -1 -2
6 53 79 98 -1 -2
11 41 69 83 -1 -2
3 17 52 73 -1 -2
53 56 73 89 -1 -2
60 75 76 81 -1 -2
10 18 92 93 -1 -2
49 74 79 81 -1 9 15 16 33 -1 -2
15 21 75 85 -1 17 59 60 71 -1 -2
21 66 85 90 -1 -2
51 53 86 90 -1 3 43 50 78 -1 -2
40 63 64 87 -1 3 4 32 87 -1 -2
43 45 48 84 -1 -2
14 23 28 39 -1 -2
13 34 38 54 -1 55 56 57 84 -1 -2
13 27 86 88 -1 -2
5 11 55 89 -1 -2
12 39 78 89 -1 -2
2 14 32 79 -1 20 27 60 92 -1 -2
10 15 23 52 -1 -2
44 62 78 100 -1 -2
8 9 17 33 -1 71 77 86 100 -1 -2
16 48 54 92 -1 -2
27 36 40 75 -1 14 53 88 93 -1 -2
3 52 77 100 -1 2 15 25 92 -1 -2
3 50 56 95 -1 -2
17 34 47 100 -1 -2
3 17 77 98 -1 -2
10 14 17 57 -1 20 40 53 56 -1 -2
46 73 80 93 -1 -2
39 43 51 53 -1 -2
13 33 46 58 -1 -2
2 29 66 78 -1 -2
15 33 68 93 -1 59 60 67 71 -1 -2
31 57 96 97 -1 10 22 52 83 -1 -2
44 78 85 95 -1 -2
8 35 59 80 -1 2 39 76 90 -1 -2
8 38 61 91 -1 18 21 41 47 -1 -2
49 61 78 93 -1 -2
13 20 31 39 -1 -2
4 12 67 82 -1 14 26 28 82 -1 -2
24 41 74 75 -1 19 32 33 62 -1 -2
13 33 66 74 -1 2 26 49 96 -1 -2
18 28 49 85 -1 23 39 91 97 -1 -2
4 36 68 90 -1 -2
17 62 75 82 -1 23 33 35 100 -1 -2
23 47 48 66 -1 7 39 53 71 -1 -2
4 30 86 87 -1 8 55 56 83 -1 -2
27 30 68 90 -1 -2
18 40 96 100 -1 25 43 60 68 -1 -2
1 4 26 56 -1 7 39 42 77 -1 -2
25 59 79 88 -1 8 13 53 78 -1 -2
34 37 50 78 -1 7 18 71 74 -1 -2
10 15 19 28 -1 -2
6 16 26 66 -1 28 46 56 65 -1 -2
8 22 74 85 -1 -2
45 77 79 94 -1 14 61 62 71 -1 -2
29 45 68 89 -1 14 15 61 68 -1 -2
12 48 62 68 -1 10 42 78 88 -1 -2
7 17 29 77 -1 5 6 36 43 -1 -2
8 45 57 79 -1 -2
30 31 85 98 -1 -2
39 53 59 96 -1 43 48 71 86 -1 -2
44 74 88 98 -1 -2
29 53 60 74 -1 -2
7 8 49 95 -1 4 25 58 81 -1 -2
13 69 81 83 -1 35 36 43 94 -1 -2
25 27 51 56 -1 5 24 88 90 -1 -2
29 31 74 99 -1 50 55 57 93 -1 -2
39 67 84 96 -1 1 5 83 84 -1 -2
25 37 59 72 -1 -2
7 39 87 98 -1 -2
38 43 55 58 -1 -2
23 56 76 86 -1 25 26 69 100 -1 -2
42 56 58 80 -1 -2
50 51 54 77 -1 -2
57 60 68 75 -1 -2
20 22 29 71 -1 -2
54 73 76 78 -1 8 25 42 52 -1 -2
7 10 32 67 -1 6 29 42 44 -1 -2
9 10 40 100 -1 9 25 53 87 -1 -2
48 62 86 88 -1 -2
13 60 68 80 -1 -2
13 15 49 68 -1 -2
1 48 56 75 -1 -2
13 73 78 99 -1 75 76 94 96 -1 -2
24 25 82 97 -1 -2
39 51 61 98 -1 23 27 89 99 -1 -2
63 76 85 90 -1 -2
9 91 95 96 -1 -2
11 21 28 81 -1 5 12 62 94 -1 -2
14 36 67 85 -1 9 21 41 58 -1 -2
49 50 58 85 -1 31 50 54 95 -1 -2
15 23 70 81 -1 1 14 60 73 -1 -2
47 58 75 83 -1 -2
32 56 79 99 -1 14 52 58 77 -1 -2
3 5 36 87 -1 22 51 73 99 -1 -2
9 11 26 64 -1 -2
38 63 67 84 -1 -2
4 14 49 52 -1 1 28 33 57 -1 -2
15 38 83 98 -1 20 46 50 71 -1 -2
55 72 83 87 -1 -2
22 30 58 60 -1 -2
48 68 88 92 -1 10 11 54 98 -1 -2
3 5 23 53 -1 9 30 57 95 -1 -2
78 91 95 97 -1 -2
41 51 69 79 -1 -2
5 6 23 98 -1 16 26 53 89 -1 -2
6 28 50 61 -1 28 33 66 69 -1 -2
20 61 71 79 -1 31 55 73 84 -1 -2
10 31 59 66 -1 3 15 31 50 -1 -2
37 79 84 94 -1 -2
10 30 60 98 -1 -2
1 50 93 100 -1 -2
23 36 52 93 -1 -2
16 24 85 95 -1 69 76 85 87 -1 -2
3 53 83 100 -1 -2
11 43 57 66 -1 -2
12 27 34 67 -1 -2
10 42 43 92 -1 10 32 79 96 -1 -2
37 46 65 82 -1 14 34 65 90 -1 -2
21 26 41 96 -1 18 19 21 91 -1 -2
59 72 73 99 -1 -2
16 29 51 66 -1 5 73 79 80 -1 -2
52 61 81 85 -1 49 55 60 77 -1 -2
36 41 50 78 -1 3 47 48 62 -1 -2
8 15 36 65 -1 -2
10 26 31 80 -1 -2
21 76 86 89 -1 21 61 68 87 -1 -2
13 17 42 71 -1 -2
53 59 74 88 -1 -2
34 39 40 75 -1 -2
6 8 27 41 -1 -2
4 15 20 50 -1 -2
2 10 27 86 -1 52 67 77 80 -1 -2
34 35 70 77 -1 -2
20 31 54 85 -1 11 48 83 86 -1 -2
8 14 34 99 -1 52 55 66 92 -1 -2
8 11 24 93 -1 -2
9 19 44 71 -1 6 21 53 76 -1 -2
8 31 44 71 -1 8 76 89 94 -1 -2
19 39 63 76 -1 -2
12 55 85 89 -1 35 79 93 96 -1 -2
12 80 87 89 -1 -2
55 75 76 82 -1 12 17 40 69 -1 -2
16 18 66 75 -1 -2
23 33 38 46 -1 36 38 88 91 -1 -2
5 37 47 51 -1 -2
3 19 21 61 -1 -2
22 27 41 68 -1 31 48 66 79 -1 -2
9 35 45 75 -1 68 77 84 97 -1 -2
2 39 62 96 -1 -2
43 78 82 94 -1 -2
28 54 89 97 -1 -2
23 29 54 70 -1 -2
9 14 62 69 -1 10 36 47 80 -1 -2
57 60 64 78 -1 -2
19 39 79 96 -1 -2
13 26 62 95 -1 7 13 22 98 -1 -2
44 49 72 77 -1 33 34 80 99 -1 -2
2 43 74 80 -1 -2
13 14 22 79 -1 -2
35 51 62 86 -1 -2
29 30 43 58 -1 17 48 56 64 -1 -2
21 27 67 98 -1 -2
2 8 11 81 -1 50 52 67 84 -1 -2
46 83 86 97 -1 8 24 52 94 -1 -2
33 62 75 77 -1 -2
2 11 45 90 -1 4 11 52 80 -1 -2
18 34 69 91 -1 -2
23 35 49 90 -1 -2
4 6 18 66 -1 44 59 75 93 -1 -2
19 26 61 73 -1 30 33 65 85 -1 -2
36 51 73 86 -1 2 31 51 71 -1 -2
23 33 54 66 -1 37 38 58 63 -1 -2
6 37 60 96 -1 1 48 53 74 -1 -2
3 8 11 16 -1 1 10 37 71 -1 -2
10 19 86 93 -1 3 5 80 95 -1 -2
18 19 49 91 -1 35 47 67 98 -1 -2
6 33 69 86 -1 19 22 33 100 -1 -2
10 51 52 59 -1 3 10 57 73 -1 -2
32 39 54 91 -1 -2
33 46 89 93 -1 -2
9 21 32 36 -1 -2
25 51 59 91 -1 -2
20 21 74 79 -1 36 50 63 86 -1 -2
52 62 79 99 -1 -2
25 37 42 59 -1 -2
4 31 41 81 -1 -2
10 13 39 72 -1 -2
10 38 67 98 -1 -2
18 37 41 89 -1 -2
37 45 76 98 -1 6 32 71 86 -1 -2
29 30 81 82 -1 -2
11 30 68 81 -1 -2
1 9 31 39 -1 -2
33 58 62 96 -1 42 71 73 80 -1 -2
21 54 60 64 -1 -2
10 56 64 98 -1 6 42 43 53 -1 -2
11 64 83 92 -1 28 67 76 83 -1 -2
15 20 26 75 -1 8 19 47 94 -1 -2
7 10 15 19 -1 -2
45 49 75 88 -1 -2
32 39 67 71 -1 -2
35 45 62 68 -1 51 69 88 96 -1 -2
9 58 79 83 -1 -2
51 53 79 90 -1 -2
6 23 38 80 -1 -2
35 40 47 49 -1 13 53 59 84 -1 -2
26 31 84 97 -1 -2
6 14 26 39 -1 -2
4 5 66 93 -1 7 18 67 69 -1 -2
3 32 51 61 -1 -2
13 27 28 42 -1 -2
9 35 58 95 -1 20 26 32 58 -1 -2
54 70 95 97 -1 35 52 82 83 -1 -2
51 78 91 97 -1 10 27 92 93 -1 -2
7 10 79 86 -1 -2
12 27 62 65 -1 4 8 17 36 -1 -2
2 21 45 87 -1 -2
18 47 53 76 -1 -2
4 29 30 88 -1 3 23 33 40 -1 -2
21 35 40 86 -1 -2
45 73 86 98 -1 -2
29 61 69 73 -1 5 28 45 98 -1 -2
17 26 46 68 -1 -2
9 20 22 35 -1 34 63 83 100 -1 -2
22 26 74 82 -1 31 46 71 83 -1 -2
23 45 66 95 -1 -2
9 14 16 65 -1 33 42 81 90 -1 -2
24 32 70 83 -1 17 46 75 99 -1 -2
7 14 19 50 -1 -2
13 27 58 66 -1 -2
31 54 65 91 -1 -2
11 33 77 90 -1 52 75 77 87 -1 -2
14 74 82 86 -1 -2
19 40 45 59 -1 -2
23 68 78 81 -1 20 29 68 93 -1 -2
8 18 32 39 -1 -2
34 69 94 99 -1 -2
3 8 63 69 -1 6 20 83 93 -1 -2
5 20 27 78 -1 -2
13 22 76 79 -1 9 16 41 99 -1 -2
24 30 60 67 -1 -2
64 74 75 84 -1 -2
75 81 91 100 -1 10 74 79 94 -1 -2
6 20 67 78 -1 -2
82 92 93 94 -1 -2
2 4 12 64 -1 -2
4 11 23 79 -1 -2
7 40 53 89 -1 14 53 89 94 -1 -2
6 13 35 88 -1 -2
1 12 41 76 -1 19 46 93 100 -1 -2
29 34 75 95 -1 3 5 21 36 -1 -2
1 19 89 98 -1 -2
10 17 19 94 -1 45 58 69 94 -1 -2
53 59 75 85 -1 -2
28 51 58 94 -1 -2
19 29 56 89 -1 -2
9 22 30 48 -1 -2
3 8 91 100 -1 23 41 87 91 -1 -2
3 14 24 45 -1 -2
8 36 70 72 -1 1 23 58 80 -1 -2
7 13 22 94 -1 -2
3 25 75 78 -1 28 54 62 69 -1 -2
30 50 54 94 -1 43 51 72 98 -1 -2
7 18 27 94 -1 21 27 40 78 -1 -2
1 49 54 57 -1 -2
4 22 32 42 -1 -2
27 36 67 97 -1 29 33 54 98 -1 -2
4 21 29 33 -1 -2
17 68 77 86 -1 -2
11 21 39 78 -1 24 50 63 79 -1 -2
40 74 75 94 -1 -2
9 56 64 73 -1 3 7 24 73 -1 -2
19 28 67 93 -1 -2
69 86 87 89 -1 -2
27 48 61 89 -1 28 34 86 98 -1 -2
29 37 47 87 -1 8 51 68 98 -1 -2
32 67 87 89 -1 -2
19 20 85 89 -1 -2
5 33 81 94 -1 22 31 78 81 -1 -2
10 64 65 92 -1 -2
2 37 89 92 -1 24 40 72 88 -1 -2
7 24 44 80 -1 35 37 58 89 -1 -2
37 73 94 95 -1 -2
4 14 86 99 -1 -2
1 46 52 65 -1 28 31 33 83 -1 -2
10 14 27 56 -1 16 67 73 94 -1 -2
34 47 51 90 -1 -2
13 17 19 54 -1 41 57 75 98 -1 -2
12 31 94 100 -1 -2
66 70 76 92 -1 -2
26 33 64 78 -1 37 55 78 80 -1 -2
17 39 58 97 -1 54 57 61 97 -1 -2
20 40 61 72 -1 -2
3 4 60 68 -1 5 13 37 49 -1 -2
32 58 64 84 -1 -2
3 24 31 78 -1 7 36 74 90 -1 -2
4 29 59 74 -1 -2
1 44 50 72 -1 -2
43 72 73 95 -1 -2
16 25 62 89 -1 39 43 64 68 -1 -2
5 63 85 89 -1 -2
4 29 44 71 -1 -2
4 25 37 56 -1 -2
24 55 57 68 -1 -2
1 29 52 73 -1 -2
25 26 36 97 -1 3 15 49 85 -1 -2
13 52 58 74 -1 -2
20 23 42 63 -1 -2
9 40 44 89 -1 31 50 74 79 -1 -2
6 11 83 90 -1 8 26 33 93 -1 -2
32 35 61 92 -1 -2
32 39 63 98 -1 -2
14 36 53 72 -1 -2
18 24 27 43 -1 5 39 57 80 -1 -2
2 25 27 38 -1 45 92 93 95 -1 -2
38 44 76 95 -1 9 15 56 85 -1 -2
17 24 68 85 -1 -2
1 24 86 96 -1 25 26 46 80 -1 -2
5 10 16 35 -1 -2
19 23 90 94 -1 -2
12 70 75 88 -1 -2
14 19 28 88 -1 -2
50 52 58 67 -1 -2
11 25 81 93 -1 -2
2 14 40 96 -1 -2
9 37 73 76 -1 37 53 81 91 -1 -2
1 27 29 100 -1 6 14 34 95 -1 -2
3 15 47 66 -1 -2
5 39 58 80 -1 20 71 80 82 -1 -2
17 80 82 83 -1 -2
12 13 29 36 -1 26 69 71 74 -1 -2
38 41 85 90 -1 -2
39 46 47 73 -1 8 15 31 69 -1 -2
1 2 68 78 -1 18 22 26 55 -1 -2
11 57 68 94 -1 -2
16 58 65 72 -1 -2
20 29 42 48 -1 -2
5 27 50 51 -1 -2
11 27 34 40 -1 -2
4 6 44 78 -1 -2
19 30 31 63 -1 12 73 79 89 -1 -2
12 34 61 66 -1 48 49 93 100 -1 -2
67 83 88 96 -1 38 61 86 98 -1 -2
54 64 67 91 -1 30 51 61 98 -1 -2
30 51 54 89 -1 -2
30 65 80 89 -1 -2
56 65 88 100 -1 -2
33 49 77 83 -1 -2
25 33 69 97 -1 -2
17 58 61 96 -1 20 59 71 74 -1 -2
35 62 72 79 -1 -2
15 38 64 74 -1 16 17 41 92 -1 -2
4 28 42 75 -1 -2
6 13 14 40 -1 20 62 67 75 -1 -2
51 55 67 90 -1 -2
2 17 74 96 -1 -2
5 10 77 80 -1 16 49 77 81 -1 -2
24 37 56 60 -1 -2
32 48 89 95 -1 1 5 8 53 -1 -2
10 21 28 86 -1 33 36 76 97 -1 -2
12 37 61 88 -1 -2
13 16 19 86 -1 -2
36 42 80 93 -1 -2
39 40 78 93 -1 56 62 67 84 -1 -2
26 29 33 87 -1 -2
6 46 58 82 -1 -2
3 58 85 94 -1 -2
11 44 46 87 -1 3 33 72 96 -1 -2
11 42 74 85 -1 -2
17 18 20 34 -1 -2
13 45 74 95 -1 28 38 44 56 -1 -2
13 67 68 81 -1 42 95 96 98 -1 -2
25 26 66 98 -1 9 14 61 97 -1 -2
50 61 66 79 -1 -2
2 11 61 96 -1 20 24 69 92 -1 -2
2 32 58 72 -1 2 40 47 58 -1 -2
1 56 78 88 -1 1 9 46 47 -1 -2
26 66 79 85 -1 -2
15 68 98 100 -1 -2
18 35 36 63 -1 -2
11 41 65 94 -1 -2
38 53 55 67 -1 -2
40 44 50 83 -1 -2
5 24 35 69 -1 23 33 47 81 -1 -2
37 40 64 84 -1 8 36 42 62 -1 -2
7 11 37 67 -1 -2
13 36 61 72 -1 -2
38 47 87 99 -1 2 39 41 54 -1 -2
43 55 57 63 -1 26 27 32 83 -1 -2
19 66 90 95 -1 19 24 25 91 -1 -2
22 31 33 59 -1 -2
25 33 38 63 -1 6 21 79 93 -1 -2
5 20 80 94 -1 -2
19 23 51 62 -1 -2
16 50 66 92 -1 17 64 90 96 -1 -2
10 29 50 97 -1 20 37 66 71 -1 -2
9 59 76 87 -1 -2
62 75 77 90 -1 14 20 81 95 -1 -2
18 38 66 85 -1 10 75 85 97 -1 -2
1 12 34 44 -1 18 43 68 93 -1 -2
16 35 51 62 -1 -2
45 64 83 87 -1 -2
11 14 17 82 -1 -2
28 32 57 74 -1 -2
15 36 69 89 -1 5 68 74 95 -1 -2
9 33 45 60 -1 -2
14 50 56 96 -1 5 44 56 73 -1 -2
48 56 64 83 -1 42 59 80 89 -1 -2
14 49 83 95 -1 30 49 54 61 -1 -2
16 45 63 86 -1 17 22 26 57 -1 -2
25 48 78 82 -1 7 17 77 97 -1 -2
7 28 61 77 -1 74 96 99 100 -1 -2
6 20 24 77 -1 -2
2 8 10 58 -1 13 53 79 97 -1 -2
63 82 85 92 -1 -2
3 10 44 89 -1 -2
28 59 67 68 -1 55 77 92 97 -1 -2
17 27 54 60 -1 1 4 30 96 -1 -2
26 51 70 86 -1 13 35 44 51 -1 -2
17 21 26 86 -1 -2
13 50 60 93 -1 6 33 67 95 -1 -2
3 5 19 48 -1 -2
23 30 41 99 -1 5 34 65 68 -1 -2
7 27 39 98 -1 1 29 30 47 -1 -2
39 67 79 92 -1 27 44 65 74 -1 -2
35 55 58 88 -1 -2
10 20 34 46 -1 -2
17 26 29 91 -1 44 62 97 99 -1 -2
21 55 70 74 -1 70 72 84 95 -1 -2
4 11 35 74 -1 30 75 79 83 -1 -2
41 43 48 95 -1 -2
15 27 48 62 -1 15 47 84 98 -1 -2
7 20 57 84 -1 58 63 65 81 -1 -2
1 26 52 68 -1 63 69 75 90 -1 -2
16 75 89 91 -1 20 29 73 83 -1 -2
7 17 57 86 -1 -2
7 38 47 52 -1 -2
24 44 62 82 -1 22 39 63 95 -1 -2
14 16 85 87 -1 -2
12 23 42 89 -1 -2
36 43 71 74 -1 16 23 75 83 -1 -2
5 25 64 67 -1 38 40 53 69 -1 -2
2 38 44 75 -1 -2
40 52 60 88 -1 -2
3 51 60 76 -1 3 16 36 79 -1 -2
3 8 40 84 -1 4 27 47 97 -1 -2
57 67 73 80 -1 -2
8 16 86 96 -1 -2
22 24 74 89 -1 -2
14 55 56 99 -1 -2
16 44 87 100 -1 -2
1 14 58 71 -1 19 20 59 90 -1 -2
32 60 80 87 -1 11 23 33 85 -1 -2
6 13 33 41 -1 -2
77 88 92 100 -1 5 32 49 75 -1 -2
50 61 66 92 -1 -2
18 53 60 85 -1 2 4 24 60 -1 -2
2 17 59 74 -1 11 29 57 92 -1 -2
32 33 72 75 -1 -2
1 50 55 85 -1 29 39 66 82 -1 -2
28 36 44 69 -1 20 83 84 94 -1 -2
2 23 54 81 -1 -2
26 30 60 86 -1 12 28 53 60 -1 -2
34 58 64 99 -1 6 19 20 26 -1 -2
19 30 81 92 -1 -2
7 28 35 87 -1 62 63 71 73 -1 -2
23 39 63 81 -1 12 63 77 100 -1 -2
1 7 81 98 -1 -2
2 7 30 86 -1 -2
38 44 47 93 -1 -2
39 59 78 81 -1 30 71 79 85 -1 -2
45 69 81 91 -1 -2
16 34 66 67 -1 -2
12 14 87 91 -1 -2
20 54 77 97 -1 20 33 34 82 -1 -2
8 16 67 89 -1 37 45 50 89 -1 -2
3 52 78 79 -1 21 25 42 92 -1 -2
11 22 24 77 -1 18 32 55 80 -1 -2
1 13 23 78 -1 37 60 63 84 -1 -2
16 26 57 79 -1 25 46 67 88 -1 -2
15 16 20 25 -1 65 69 71 93 -1 -2
27 39 69 99 -1 -2
22 25 34 48 -1 21 32 49 59 -1 -2
22 70 91 94 -1 42 57 60 98 -1 -2
3 9 22 65 -1 -2
15 56 81 87 -1 18 49 55 88 -1 -2
5 19 59 85 -1 28 52 59 77 -1 -2
20 35 46 80 -1 8 19 40 98 -1 -2
26 38 44 86 -1 5 37 44 93 -1 -2
41 47 56 75 -1 29 62 94 96 -1 -2
19 33 51 87 -1 -2
26 52 53 95 -1 62 68 74 75 -1 -2
3 11 28 34 -1 23 42 43 96 -1 -2
11 26 29 81 -1 36 46 56 85 -1 -2
9 15 22 70 -1 7 17 41 53 -1 -2
27 48 53 86 -1 63 79 83 88 -1 -2
10 31 59 70 -1 -2
4 17 18 25 -1 40 51 89 100 -1 -2
10 22 31 58 -1 29 47 89 98 -1 -2
15 16 18 41 -1 7 37 48 62 -1 -2
3 48 69 75 -1 15 84 94 97 -1 -2
4 13 81 84 -1 44 73 77 85 -1 -2
25 36 52 83 -1 2 14 21 31 -1 -2
11 42 51 92 -1 -2
47 50 91 99 -1 46 48 49 63 -1 -2
15 35 54 60 -1 7 56 73 95 -1 -2
38 41 89 93 -1 -2
8 69 70 77 -1 11 32 77 91 -1 -2
48 60 78 90 -1 -2
5 54 60 64 -1 19 23 24 43 -1 -2
20 33 60 75 -1 -2
16 58 76 96 -1 35 47 72 79 -1 -2
1 13 45 49 -1 -2
5 43 57 95 -1 30 32 41 65 -1 -2
39 61 78 82 -1 33 61 70 94 -1 -2
20 35 56 65 -1 -2
2 12 23 89 -1 14 36 89 93 -1 -2
82 86 91 96 -1 -2
50 67 78 97 -1 -2
25 26 90 96 -1 -2
19 20 48 98 -1 49 53 61 78 -1 -2
12 17 94 97 -1 -2
7 10 34 80 -1 -2
16 66 76 86 -1 -2
12 41 52 92 -1 16 31 52 93 -1 -2
7 18 28 99 -1 -2
2 25 40 61 -1 -2
22 39 62 89 -1 -2
10 16 33 51 -1 50 62 67 88 -1 -2
22 44 87 97 -1 15 40 59 68 -1 -2
14 15 24 79 -1 -2
2 15 79 90 -1 20 27 38 71 -1 -2
52 53 69 86 -1 -2
8 12 26 48 -1 53 66 70 81 -1 -2
34 49 61 89 -1 25 36 68 74 -1 -2
21 53 82 100 -1 -2
14 18 76 85 -1 -2
10 54 61 79 -1 9 40 86 97 -1 -2
5 26 80 92 -1 17 43 52 88 -1 -2
41 59 64 80 -1 26 27 59 71 -1 -2
18 26 79 81 -1 -2
8 29 39 54 -1 11 39 72 90 -1 -2
9 13 17 68 -1 25 64 66 80 -1 -2
2 60 61 96 -1 -2
4 18 87 95 -1 -2
32 34 63 80 -1 30 47 65 88 -1 -2
11 20 28 90 -1 -2
63 64 79 100 -1 -2
33 49 55 68 -1 16 35 58 95 -1 -2
41 59 64 88 -1 62 78 88 96 -1 -2
1 25 44 86 -1 19 26 68 69 -1 -2
15 22 61 91 -1 -2
10 71 81 87 -1 -2
52 81 86 89 -1 -2
10 49 61 73 -1 -2
18 24 52 87 -1 -2
11 46 62 100 -1 33 55 61 94 -1 -2
28 29 76 89 -1 29 68 74 85 -1 -2
57 76 84 88 -1 9 17 27 80 -1 -2
59 76 91 100 -1 -2
71 78 88 92 -1 -2
43 70 90 95 -1 44 66 84 89 -1 -2
32 75 86 89 -1 -2
9 22 40 75 -1 6 25 36 89 -1 -2
3 62 63 76 -1 4 26 27 53 -1 -2
4 6 30 53 -1 10 38 66 74 -1 -2
2 39 78 82 -1 46 51 66 80 -1 -2
23 27 34 55 -1 3 7 66 69 -1 -2
8 17 96 97 -1 32 37 41 48 -1 -2
71 77 78 96 -1 3 34 44 57 -1 -2
1 9 25 49 -1 -2
31 49 79 85 -1 -2
9 27 31 68 -1 2 23 80 98 -1 -2
6 67 72 81 -1 50 54 63 65 -1 -2
15 27 31 93 -1 36 44 52 81 -1 -2
7 10 22 68 -1 2 12 25 63 -1 -2
32 38 78 83 -1 1 64 76 78 -1 -2
3 17 67 97 -1 28 50 84 99 -1 -2
23 31 41 60 -1 -2
19 32 40 48 -1 41 74 77 85 -1 -2
17 30 76 94 -1 -2
16 40 54 63 -1 -2
9 15 29 34 -1 14 56 62 90 -1 -2
2 34 68 91 -1 -2
4 32 39 41 -1 35 52 71 96 -1 -2
18 55 73 97 -1 -2
2 35 66 69 -1 -2
20 21 51 97 -1 -2
5 14 66 76 -1 -2
3 5 23 80 -1 -2
35 36 47 48 -1 14 72 77 98 -1 -2
26 30 41 86 -1 49 60 69 75 -1 -2
19 34 41 75 -1 41 46 51 93 -1 -2
10 12 20 21 -1 5 42 64 78 -1 -2
8 31 78 93 -1 5 21 87 97 -1 -2
51 52 75 90 -1 -2
25 49 58 93 -1 16 59 73 83 -1 -2
7 73 82 93 -1 27 39 45 87 -1 -2
20 29 31 61 -1 4 18 41 96 -1 -2
1 44 72 95 -1 1 22 25 85 -1 -2
16 53 56 78 -1 -2
18 26 63 85 -1 44 47 93 100 -1 -2
1 14 79 96 -1 21 24 86 91 -1 -2
45 59 75 78 -1 -2
6 26 60 66 -1 -2
34 54 62 81 -1 42 72 90 98 -1 -2
6 34 39 90 -1 29 60 76 99 -1 -2
27 61 71 83 -1 68 69 73 78 -1 -2
30 36 82 87 -1 19 25 47 84 -1 -2
49 59 83 90 -1 -2
7 53 96 98 -1 29 49 82 84 -1 -2
39 51 55 57 -1 20 31 34 77 -1 -2
18 91 92 100 -1 -2
5 60 81 94 -1 41 70 91 95 -1 -2
9 11 41 92 -1 -2
14 17 24 59 -1 6 42 58 77 -1 -2
2 21 41 42 -1 29 46 71 77 -1 -2
2 6 9 14 -1 4 8 53 63 -1 -2
18 30 52 53 -1 17 30 40 67 -1 -2
18 59 78 87 -1 -2
30 31 63 81 -1 -2
44 53 81 91 -1 -2
45 52 79 82 -1 -2
17 54 61 90 -1 -2
8 10 41 69 -1 -2
15 17 21 81 -1 32 41 62 77 -1 -2
3 31 77 99 -1 41 47 56 88 -1 -2
2 49 53 56 -1 53 62 66 69 -1 -2
26 74 77 91 -1 11 21 61 98 -1 -2
45 54 56 70 -1 51 58 71 99 -1 -2
7 23 26 54 -1 -2
29 45 70 76 -1 6 8 68 71 -1 -2
5 22 77 92 -1 -2
7 73 78 85 -1 53 59 66 80 -1 -2
18 24 26 100 -1 -2
32 37 48 62 -1 -2
1 44 76 84 -1 31 40 48 67 -1 -2
16 27 83 94 -1 -2
4 35 82 89 -1 -2
26 47 56 72 -1 -2
2 50 73 87 -1 1 53 85 88 -1 -2
1 25 53 75 -1 -2
12 25 41 77 -1 9 30 31 60 -1 -2
39 61 67 90 -1 -2
40 66 67 81 -1 -2
20 21 76 87 -1 33 79 82 86 -1 -2
13 23 55 88 -1 -2
17 32 36 70 -1 -2
45 47 83 100 -1 -2
5 50 83 99 -1 -2
15 36 39 46 -1 -2
16 43 45 51 -1 -2
29 50 56 93 -1 3 53 65 89 -1 -2
16 63 70 97 -1 16 22 66 97 -1 -2
9 44 68 76 -1 1 53 66 82 -1 -2
1 13 57 82 -1 17 21 34 55 -1 -2
11 50 63 95 -1 8 37 57 59 -1 -2
24 26 52 96 -1 -2
14 65 67 71 -1 19 20 75 76 -1 -2
25 58 73 81 -1 -2
51 73 78 98 -1 -2
2 17 41 74 -1 1 74 75 80 -1 -2
2 29 37 73 -1 7 17 32 74 -1 -2
24 45 55 57 -1 65 85 94 96 -1 -2
25 33 49 53 -1 11 22 66 93 -1 -2
22 42 44 75 -1 -2
47 67 88 95 -1 -2
45 62 72 91 -1 -2
7 57 62 91 -1 3 30 34 87 -1 -2
7 42 84 94 -1 14 36 37 40 -1 -2
9 17 39 94 -1 -2
21 29 54 63 -1 33 43 49 72 -1 -2
20 49 88 95 -1 16 59 65 77 -1 -2
28 39 42 88 -1 -2
49 50 74 98 -1 2 15 28 64 -1 -2
4 25 58 79 -1 45 57 61 78 -1 -2
65 68 69 89 -1 12 18 52 100 -1 -2
1 33 38 80 -1 -2
9 11 12 93 -1 -2
1 7 20 30 -1 41 48 62 84 -1 -2
17 24 53 80 -1 -2
1 47 68 98 -1 -2
17 28 43 60 -1 5 44 68 83 -1 -2
57 78 90 95 -1 21 33 63 86 -1 -2
45 59 84 90 -1 7 41 59 86 -1 -2
33 45 71 91 -1 -2
1 2 42 83 -1 -2
36 40 55 89 -1 -2
29 44 49 82 -1 31 32 50 78 -1 -2
15 57 74 84 -1 -2
7 24 50 87 -1 22 58 74 97 -1 -2
28 42 89 91 -1 -2
5 22 28 94 -1 47 64 78 86 -1 -2
28 44 60 90 -1 40 52 87 95 -1 -2
22 24 39 70 -1 13 42 65 97 -1 -2
15 28 57 82 -1 -2
14 18 28 51 -1 -2
14 21 25 35 -1 -2
4 21 27 93 -1 -2
60 64 75 88 -1 2 46 77 97 -1 -2
29 42 94 100 -1 -2
37 50 80 91 -1 14 43 59 88 -1 -2
12 13 67 87 -1 12 37 74 80 -1 -2
3 38 69 98 -1 62 63 65 75 -1 -2
4 18 65 73 -1 -2
22 49 58 74 -1 -2
66 84 88 89 -1 31 34 48 55 -1 -2
9 41 63 74 -1 -2
7 32 61 85 -1 -2
42 67 68 74 -1 -2
6 11 54 89 -1 -2
24 25 43 71 -1 1 8 17 53 -1 -2
6 39 78 100 -1 -2
9 87 90 99 -1 24 31 62 65 -1 -2
6 8 59 84 -1 18 22 33 70 -1 -2
8 33 51 78 -1 12 16 17 34 -1 -2
16 28 49 85 -1 -2
15 23 53 92 -1 -2
4 32 49 82 -1 31 77 84 95 -1 -2
4 10 15 76 -1 2 8 58 70 -1 -2
34 76 88 91 -1 -2
19 71 73 97 -1 3 28 79 89 -1 -2
31 40 66 85 -1 -2
50 52 69 100 -1 -2
32 33 51 68 -1 -2
3 47 75 88 -1 -2
57 63 65 66 -1 -2
43 45 71 94 -1 -2
66 71 73 94 -1 31 33 37 53 -1 -2
8 29 38 66 -1 -2
4 63 64 72 -1 -2
4 22 51 80 -1 31 55 56 61 -1 -2
29 36 76 94 -1 -2
24 58 74 95 -1 18 23 65 88 -1 -2
5 69 74 75 -1 -2
5 57 63 67 -1 31 36 58 62 -1 -2
10 70 71 73 -1 5 19 55 80 -1 -2
6 39 69 98 -1 -2
41 43 55 59 -1 -2
33 48 61 66 -1 12 25 75 79 -1 -2
23 32 41 90 -1 -2
6 32 44 72 -1 47 51 62 83 -1 -2
3 4 52 84 -1 80 84 92 94 -1 -2
39 56 63 73 -1 -2
42 45 67 86 -1 -2
8 78 93 97 -1 -2
35 64 92 95 -1 7 70 85 93 -1 -2
26 29 36 95 -1 -2
40 43 73 94 -1 -2
32 34 75 82 -1 37 59 81 90 -1 -2
1 41 67 77 -1 24 72 75 92 -1 -2
6 33 59 61 -1 -2
6 11 49 60 -1 -2
33 39 82 93 -1 -2
11 34 80 81 -1 4 38 54 85 -1 -2
53 59 82 83 -1 7 57 93 100 -1 -2
48 56 59 73 -1 68 74 79 91 -1 -2
28 32 43 95 -1 -2
10 82 86 93 -1 25 63 66 92 -1 -2
13 18 69 82 -1 -2
6 17 52 64 -1 1 47 56 95 -1 -2
57 60 75 89 -1 11 21 37 84 -1 -2
31 72 85 87 -1 4 42 44 82 -1 -2
37 58 81 99 -1 -2
17 25 35 55 -1 -2
9 11 37 40 -1 13 36 41 73 -1 -2
9 44 59 93 -1 -2
4 15 23 37 -1 13 19 41 97 -1 -2
7 52 57 91 -1 -2
10 64 66 100 -1 -2
58 74 76 95 -1 20 38 69 85 -1 -2
30 66 69 71 -1 25 50 61 98 -1 -2
10 58 65 87 -1 70 85 89 95 -1 -2
8 23 24 34 -1 22 23 34 97 -1 -2
43 51 77 86 -1 22 50 57 78 -1 -2
4 26 45 83 -1 -2
17 71 79 94 -1 -2
16 51 53 63 -1 -2
24 32 33 54 -1 17 62 72 80 -1 -2
58 67 69 82 -1 -2
7 18 69 90 -1 15 50 68 98 -1 -2
15 33 70 89 -1 -2
43 71 76 78 -1 -2
6 11 29 100 -1 24 29 40 70 -1 -2
25 34 69 94 -1 -2
9 19 31 98 -1 19 22 75 92 -1 -2
20 22 32 81 -1 -2
5 14 49 62 -1 -2
9 34 68 72 -1 8 12 54 72 -1 -2
4 58 89 98 -1 -2
43 55 75 83 -1 -2
18 37 53 100 -1 -2
3 19 81 100 -1 66 70 86 99 -1 -2
4 14 24 83 -1 19 36 61 87 -1 -2
33 37 90 94 -1 -2
2 16 26 55 -1 -2
30 59 88 100 -1 -2
1 49 51 85 -1 -2
1 17 23 75 -1 5 50 70 98 -1 -2
2 13 16 19 -1 -2
16 69 73 85 -1 3 9 69 98 -1 -2
16 44 56 71 -1 -2
19 20 25 53 -1 -2
2 3 36 41 -1 19 32 49 79 -1 -2
5 76 89 99 -1 41 45 57 63 -1 -2
4 61 82 90 -1 51 69 70 88 -1 -2
9 56 84 97 -1 16 17 35 98 -1 -2
6 19 22 59 -1 4 45 87 99 -1 -2
11 65 98 99 -1 -2
2 15 52 76 -1 2 20 72 82 -1 -2
52 53 59 67 -1 35 40 65 67 -1 -2
1 5 16 93 -1 -2
15 53 68 73 -1 21 33 68 99 -1 -2
8 23 36 61 -1 6 15 47 91 -1 -2
6 21 37 98 -1 -2
1 2 31 59 -1 -2
15 54 57 93 -1 -2
47 58 80 94 -1 15 19 31 82 -1 -2
65 72 75 81 -1 -2
27 41 55 84 -1 -2
31 42 47 94 -1 13 27 51 68 -1 -2
14 28 77 100 -1 19 39 53 99 -1 -2
23 27 28 80 -1 -2
24 25 64 83 -1 9 11 38 57 -1 -2
51 52 59 61 -1 -2
12 35 74 97 -1 14 29 66 67 -1 -2
40 55 60 71 -1 51 56 69 72 -1 -2
16 70 76 78 -1 29 42 79 94 -1 -2
12 19 22 58 -1 -2
18 21 65 87 -1 30 50 53 67 -1 -2
52 55 65 70 -1 -2
3 22 58 71 -1 -2
12 53 75 90 -1 10 13 60 90 -1 -2
38 43 80 99 -1 9 25 89 98 -1 -2
21 61 81 89 -1 8 15 86 99 -1 -2
5 51 75 88 -1 25 31 37 74 -1 -2
19 56 65 96 -1 8 47 70 99 -1 -2
1 7 31 54 -1 -2
61 64 67 84 -1 -2
7 33 44 78 -1 2 29 51 71 -1 -2
13 27 62 69 -1 17 45 52 76 -1 -2
43 63 68 93 -1 37 50 54 67 -1 -2
5 77 90 99 -1 20 29 30 74 -1 -2
32 49 70 94 -1 35 65 72 76 -1 -2
18 41 42 66 -1 -2
3 5 61 72 -1 -2
6 58 60 91 -1 40 55 94 96 -1 -2
12 54 65 98 -1 -2
15 21 23 25 -1 -2
3 41 71 77 -1 -2
6 30 70 73 -1 33 34 62 83 -1 -2
7 57 80 97 -1 -2
1 11 36 74 -1 -2
37 68 80 93 -1 -2
1 19 74 94 -1 20 64 68 88 -1 -2
53 79 93 99 -1 42 72 89 100 -1 -2
8 38 64 90 -1 26 74 92 94 -1 -2
11 16 48 49 -1 -2
12 33 61 78 -1 12 28 74 80 -1 -2
16 25 49 84 -1 37 45 92 94 -1 -2
20 37 63 84 -1 37 44 73 92 -1 -2
36 47 74 100 -1 -2
32 70 73 89 -1 5 32 64 65 -1 -2
24 38 42 61 -1 -2
1 24 60 93 -1 -2
23 29 76 77 -1 20 52 64 83 -1 -2
12 32 48 91 -1 -2
20 32 50 96 -1 22 33 49 85 -1 -2
14 39 54 61 -1 -2
13 39 69 77 -1 14 63 94 96 -1 -2
27 41 70 79 -1 52 56 85 93 -1 -2
17 23 24 81 -1 -2
32 63 82 86 -1 -2
13 36 68 99 -1 10 55 82 99 -1 -2
1 26 73 99 -1 -2
24 27 46 54 -1 -2
21 23 82 86 -1 33 51 92 98 -1 -2
61 65 73 87 -1 -2
5 11 39 75 -1 -2
37 40 41 60 -1 15 50 67 99 -1 -2
12 19 27 98 -1 31 47 77 93 -1 -2
13 17 34 83 -1 4 7 12 40 -1 -2
30 49 61 94 -1 29 38 59 81 -1 -2
31 44 51 100 -1 -2
8 12 19 58 -1 34 42 47 55 -1 -2
40 53 54 55 -1 24 27 63 72 -1 -2
7 40 50 59 -1 44 47 49 97 -1 -2
30 32 63 93 -1 46 53 63 69 -1 -2
31 51 64 93 -1 -2
33 71 85 89 -1 -2
4 25 66 82 -1 -2
24 29 51 100 -1 46 74 79 96 -1 -2
38 44 48 53 -1 -2
24 35 36 88 -1 49 53 57 58 -1 -2
3 7 12 89 -1 -2
38 42 50 97 -1 37 56 62 63 -1 -2
5 9 49 81 -1 -2
1 2 31 43 -1 -2
40 51 68 76 -1 61 66 73 98 -1 -2
1 49 55 90 -1 -2
33 35 42 94 -1 11 23 43 48 -1 -2
9 50 64 98 -1 22 44 68 70 -1 -2
20 32 37 81 -1 -2
10 47 83 98 -1 24 34 40 93 -1 -2
8 40 42 75 -1 -2
22 37 57 88 -1 26 32 56 74 -1 -2
11 18 42 61 -1 35 61 75 77 -1 -2
6 23 31 99 -1 -2
39 60 62 91 -1 8 9 86 94 -1 -2
45 74 85 95 -1 -2
40 42 56 68 -1 -2
73 79 80 90 -1 -2
8 49 80 97 -1 -2
64 76 79 83 -1 61 76 84 96 -1 -2
27 28 51 55 -1 1 30 38 51 -1 -2
40 63 67 94 -1 20 30 70 100 -1 -2
49 65 97 98 -1 1 15 74 96 -1 -2
24 58 61 78 -1 -2
18 55 88 94 -1 -2
27 47 51 76 -1 53 57 70 80 -1 -2
10 25 30 69 -1 -2
5 7 10 73 -1 5 34 36 63 -1 -2
4 10 56 98 -1 3 51 74 100 -1 -2
24 47 63 94 -1 -2
39 52 76 77 -1 -2
4 50 57 62 -1 20 56 61 91 -1 -2
2 28 36 55 -1 -2
24 57 78 85 -1 3 44 60 75 -1 -2
31 66 92 100 -1 1 6 20 76 -1 -2
20 32 63 99 -1 9 37 40 56 -1 -2
34 89 97 99 -1 -2
24 37 59 70 -1 9 12 13 52 -1 -2
38 49 77 97 -1 9 22 42 61 -1 -2
12 13 32 33 -1 3 26 44 67 -1 -2
4 31 57 83 -1 -2
7 18 63 91 -1 20 26 43 69 -1 -2
56 60 75 95 -1 -2
7 51 64 81 -1 -2
5 8 30 59 -1 -2
39 43 54 84 -1 -2
45 51 63 95 -1 -2
5 29 71 94 -1 3 82 83 86 -1 -2
8 69 75 95 -1 -2
20 61 78 89 -1 18 41 89 97 -1 -2
28 42 63 89 -1 27 42 50 91 -1 -2
3 21 39 45 -1 -2
22 32 53 97 -1 47 52 79 93 -1 -2
10 34 84 98 -1 -2
5 51 72 79 -1 48 65 66 91 -1 -2
68 82 85 91 -1 21 26 76 92 -1 -2
10 17 36 84 -1 1 23 69 73 -1 -2
33 71 86 87 -1 -2
7 11 33 54 -1 -2
22 42 46 70 -1 -2
9 42 74 89 -1 -2
1 10 18 31 -1 20 44 62 68 -1 -2
25 52 65 67 -1 7 55 78 79 -1 -2
11 13 23 40 -1 -2
17 53 72 76 -1 -2
14 28 44 84 -1 -2
36 44 52 97 -1 -2
8 60 63 83 -1 36 62 68 92 -1 -2
41 46 72 89 -1 54 74 82 97 -1 -2
16 28 47 81 -1 32 48 82 83 -1 -2
34 47 57 79 -1 -2
7 13 32 46 -1 5 10 24 86 -1 -2
26 27 54 78 -1 28 51 55 67 -1 -2
20 22 74 80 -1 -2
1 6 62 72 -1 37 54 61 81 -1 -2
51 59 71 82 -1 -2
11 61 73 85 -1 3 10 68 91 -1 -2
43 50 69 93 -1 -2
44 80 88 91 -1 2 31 44 70 -1 -2
12 32 83 89 -1 3 36 88 89 -1 -2
8 24 34 65 -1 28 29 31 85 -1 -2
1 10 18 63 -1 4 30 51 73 -1 -2
58 70 78 91 -1 59 68 75 99 -1 -2
39 40 45 92 -1 25 53 84 100 -1 -2
18 79 96 97 -1 -2
13 16 36 94 -1 -2
12 16 47 73 -1 7 37 59 93 -1 -2
32 68 91 94 -1 9 16 63 97 -1 -2
2 80 84 89 -1 -2
26 77 93 94 -1 -2
19 29 32 46 -1 1 51 56 66 -1 -2
3 6 42 69 -1 34 52 57 89 -1 -2
13 27 46 85 -1 24 28 67 96 -1 -2
17 25 31 59 -1 -2
1 10 38 50 -1 -2
21 24 38 58 -1 37 67 73 88 -1 -2
18 65 87 90 -1 1 29 84 89 -1 -2
63 65 75 88 -1 45 62 80 82 -1 -2
22 40 60 85 -1 10 50 83 96 -1 -2
26 30 36 58 -1 -2
8 44 50 77 -1 -2
32 53 65 80 -1 8 10 22 91 -1 -2
2 14 32 43 -1 42 48 50 96 -1 -2
45 64 77 86 -1 48 62 66 78 -1 -2
1 40 54 56 -1 34 62 63 75 -1 -2
74 78 87 88 -1 7 41 46 85 -1 -2
13 82 94 97 -1 6 31 63 75 -1 -2
5 35 72 86 -1 -2
56 73 82 94 -1 5 25 34 91 -1 -2
18 24 60 88 -1 7 38 41 100 -1 -2
10 48 51 95 -1 13 63 81 92 -1 -2
71 72 74 88 -1 73 89 90 92 -1 -2
9 55 61 69 -1 3 23 40 72 -1 -2
8 17 63 91 -1 -2
45 76 91 93 -1 -2
1 36 58 90 -1 20 24 60 92 -1 -2
33 34 57 63 -1 -2
25 48 75 84 -1 -2
9 48 87 98 -1 4 24 25 50 -1 -2
59 61 78 100 -1 -2
48 71 82 99 -1 -2
4 12 42 79 -1 -2
14 29 32 58 -1 -2
36 40 69 87 -1 13 19 73 100 -1 -2
30 59 98 99 -1 23 26 33 94 -1 -2
39 61 86 92 -1 -2
14 65 71 80 -1 38 57 78 89 -1 -2
7 39 53 62 -1 10 34 70 83 -1 -2
8 36 77 90 -1 18 60 90 95 -1 -2
24 69 83 84 -1 -2
13 42 55 59 -1 -2
5 50 61 92 -1 -2
45 60 63 74 -1 18 45 47 73 -1 -2
28 37 67 88 -1 -2
5 43 57 99 -1 -2
36 37 71 79 -1 -2
23 24 69 86 -1 20 23 63 79 -1 -2
3 36 38 61 -1 -2
27 37 43 92 -1 -2
5 16 35 83 -1 21 45 73 91 -1 -2
11 36 39 64 -1 -2
19 67 68 96 -1 -2
2 11 45 74 -1 4 20 34 81 -1 -2
1 20 47 88 -1 14 24 51 85 -1 -2
14 17 42 63 -1 15 23 34 72 -1 -2
8 64 68 81 -1 -2
27 34 45 58 -1 -2
5 27 78 84 -1 23 34 36 82 -1 -2
8 53 57 59 -1 -2
15 17 37 56 -1 14 15 51 71 -1 -2
36 42 57 97 -1 13 44 53 67 -1 -2
15 24 62 94 -1 8 29 60 97 -1 -2
6 17 71 85 -1 2 56 75 77 -1 -2
8 46 77 100 -1 70 77 81 91 -1 -2
3 59 85 94 -1 -2
15 31 81 97 -1 28 38 71 99 -1 -2
12 83 89 91 -1 -2
11 30 52 79 -1 -2
60 67 69 71 -1 -2
47 51 85 99 -1 8 11 44 57 -1 -2
4 6 68 81 -1 -2
3 31 42 48 -1 -2
1 31 33 48 -1 4 46 51 100 -1 -2
33 40 52 76 -1 16 20 33 56 -1 -2
28 44 50 100 -1 -2
29 40 47 58 -1 -2
6 41 46 65 -1 7 23 33 60 -1 -2
2 6 18 42 -1 -2
12 33 63 81 -1 9 58 77 90 -1 -2
9 35 41 62 -1 3 75 85 97 -1 -2
8 19 28 39 -1 -2
16 28 77 81 -1 -2
17 45 56 100 -1 -2
16 30 62 68 -1 15 47 89 99 -1 -2
6 14 25 38 -1 19 55 89 91 -1 -2
48 57 66 68 -1 -2
31 48 52 78 -1 6 45 54 84 -1 -2
26 59 62 98 -1 -2
10 22 90 100 -1 22 25 51 75 -1 -2
4 36 51 74 -1 -2
13 23 32 100 -1 20 63 67 82 -1 -2
29 46 63 70 -1 -2
8 30 91 92 -1 8 15 44 55 -1 -2
17 33 55 72 -1 5 13 37 93 -1 -2
50 57 64 82 -1 -2
25 45 72 77 -1 2 20 43 83 -1 -2
27 37 51 72 -1 24 50 62 92 -1 -2
6 35 37 38 -1 -2
51 57 92 95 -1 1 57 69 76 -1 -2
18 67 68 80 -1 1 41 94 95 -1 -2
45 51 52 87 -1 16 38 49 71 -1 -2
47 48 74 89 -1 -2
32 61 82 87 -1 12 16 41 45 -1 -2
9 32 69 91 -1 24 37 69 75 -1 -2
19 31 63 87 -1 -2
4 46 71 86 -1 18 35 45 98 -1 -2
8 40 61 97 -1 11 20 31 59 -1 -2
5 18 47 68 -1 -2
24 28 59 67 -1 -2
3 46 87 95 -1 -2
6 51 80 87 -1 -2
9 38 52 82 -1 -2
15 40 59 64 -1 30 49 61 100 -1 -2
22 31 63 81 -1 -2
21 34 87 91 -1 9 26 60 82 -1 -2
8 45 54 95 -1 -2
55 74 76 80 -1 -2
1 39 54 80 -1 13 31 39 99 -1 -2
12 22 74 86 -1 -2
29 48 63 83 -1 -2
23 29 82 84 -1 -2
11 26 69 81 -1 1 12 23 26 -1 -2
2 25 82 94 -1 -2
26 34 66 72 -1 53 61 75 98 -1 -2
30 42 51 80 -1 -2
39 60 65 83 -1 26 28 64 100 -1 -2
37 39 49 85 -1 -2
31 67 73 84 -1 23 31 85 88 -1 -2
11 28 33 38 -1 4 7 16 93 -1 -2
37 54 59 87 -1 8 27 82 83 -1 -2
13 60 77 100 -1 -2
24 51 70 75 -1 -2
9 38 54 81 -1 -2
19 58 85 97 -1 18 45 48 72 -1 -2
1 22 78 96 -1 31 34 43 64 -1 -2
64 79 81 94 -1 -2
13 31 42 70 -1 3 72 82 90 -1 -2
6 40 54 57 -1 1 8 28 53 -1 -2
24 36 40 68 -1 -2
59 67 74 82 -1 -2
30 62 71 77 -1 50 51 85 96 -1 -2
10 32 37 50 -1 -2
20 29 78 82 -1 40 53 63 73 -1 -2
8 58 72 80 -1 29 42 85 94 -1 -2
7 12 74 93 -1 -2
8 17 57 94 -1 -2
19 20 26 73 -1 53 67 84 96 -1 -2
1 16 45 71 -1 1 52 64 97 -1 -2
39 54 65 67 -1 12 72 80 87 -1 -2
2 13 73 81 -1 49 69 78 80 -1 -2
14 25 82 95 -1 -2
10 23 40 42 -1 -2
2 37 41 57 -1 -2
6 30 71 82 -1 -2
18 26 42 58 -1 8 11 39 46 -1 -2
44 57 64 89 -1 -2
16 36 66 69 -1 14 28 54 95 -1 -2
12 44 54 66 -1 26 43 69 87 -1 -2
2 18 53 89 -1 -2
6 21 24 46 -1 -2
22 35 61 81 -1 -2
34 77 89 98 -1 -2
20 36 77 87 -1 20 42 43 79 -1 -2
30 74 88 96 -1 -2
12 17 20 97 -1 14 57 83 96 -1 -2
51 55 58 71 -1 -2
3 11 55 97 -1 -2
44 57 70 100 -1 21 35 96 97 -1 -2
38 66 81 87 -1 -2
20 66 86 100 -1 10 43 49 72 -1 -2
23 35 45 96 -1 11 45 58 80 -1 -2
55 58 83 95 -1 -2
30 34 74 93 -1 -2
1 62 79 96 -1 16 35 71 94 -1 -2
6 18 63 87 -1 -2
13 31 59 91 -1 -2
21 42 49 70 -1 -2
10 25 78 79 -1 -2
32 48 50 63 -1 -2
27 40 41 54 -1 10 14 44 98 -1 -2
24 29 50 81 -1 3 61 74 86 -1 -2
1 39 48 77 -1 -2
9 29 51 73 -1 11 57 58 82 -1 -2
16 66 67 75 -1 -2
6 31 81 99 -1 1 9 44 99 -1 -2
17 36 45 97 -1 57 60 76 83 -1 -2
8 13 34 68 -1 52 59 69 98 -1 -2
3 21 23 66 -1 -2
32 88 92 97 -1 -2
2 8 21 27 -1 -2
9 44 79 93 -1 7 19 33 54 -1 -2
54 59 70 84 -1 -2
44 49 85 99 -1 26 80 86 92 -1 -2
9 33 43 89 -1 44 60 85 96 -1 -2
46 68 71 82 -1 -2
12 24 26 93 -1 -2
12 37 41 79 -1 12 73 82 95 -1 -2
7 19 21 53 -1 62 63 64 66 -1 -2
4 56 59 93 -1 13 25 26 58 -1 -2
31 40 88 94 -1 -2
11 25 54 80 -1 20 62 89 90 -1 -2
34 41 94 100 -1 12 23 49 63 -1 -2
27 59 62 83 -1 45 82 91 94 -1 -2
13 41 59 97 -1 -2
60 67 73 87 -1 -2
52 54 73 97 -1 27 63 77 100 -1 -2
62 74 84 97 -1 -2
12 26 55 71 -1 -2
3 23 37 63 -1 8 9 35 70 -1 -2
7 22 23 48 -1 -2
36 42 77 83 -1 -2
35 55 60 77 -1 -2
4 23 25 98 -1 -2
1 32 64 76 -1 -2
1 26 39 65 -1 43 57 63 86 -1 -2
9 46 71 75 -1 19 49 53 78 -1 -2
2 22 51 100 -1 -2
8 50 77 87 -1 -2
11 18 56 62 -1 -2
10 27 41 94 -1 36 42 86 93 -1 -2
12 22 28 65 -1 9 32 50 53 -1 -2
16 32 60 84 -1 18 20 28 46 -1 -2
34 53 60 87 -1 3 21 54 74 -1 -2
47 56 66 74 -1 -2
5 19 32 59 -1 -2
10 89 92 93 -1 40 54 64 72 -1 -2
9 17 43 71 -1 -2
34 62 73 83 -1 37 71 87 94 -1 -2
29 32 53 97 -1 -2
9 41 78 93 -1 13 15 42 80 -1 -2
17 18 51 93 -1 -2
3 7 29 39 -1 23 24 88 97 -1 -2
23 32 61 68 -1 28 41 54 58 -1 -2
13 61 87 90 -1 -2
14 23 60 70 -1 41 61 87 96 -1 -2
24 48 81 97 -1 33 76 84 93 -1 -2
5 12 87 97 -1 53 73 75 77 -1 -2
23 36 43 84 -1 23 71 79 84 -1 -2
7 39 46 79 -1 35 61 87 90 -1 -2
17 44 70 100 -1 -2
45 59 84 88 -1 1 19 68 86 -1 -2
36 57 59 65 -1 32 38 54 57 -1 -2
5 31 60 69 -1 -2
15 62 63 89 -1 -2
11 44 51 55 -1 -2
36 43 48 96 -1 -2
6 15 42 73 -1 18 49 71 85 -1 -2
14 15 24 61 -1 25 38 72 75 -1 -2
11 50 68 85 -1 27 72 91 99 -1 -2
11 25 33 62 -1 1 34 62 99 -1 -2
15 17 38 86 -1 -2
6 23 56 63 -1 28 55 56 98 -1 -2
34 42 65 97 -1 -2
43 49 58 96 -1 -2
40 51 77 95 -1 -2
3 25 81 98 -1 -2
15 19 58 68 -1 -2
5 37 46 92 -1 -2
6 43 63 99 -1 16 61 70 99 -1 -2
3 5 18 81 -1 5 32 45 62 -1 -2
9 42 61 83 -1 -2
28 34 52 94 -1 29 61 73 75 -1 -2
40 48 57 100 -1 -2
21 45 76 77 -1 -2
23 53 84 91 -1 10 47 69 73 -1 -2
2 26 33 65 -1 8 32 73 78 -1 -2
54 71 81 91 -1 20 43 62 72 -1 -2
11 31 32 74 -1 8 20 40 95 -1 -2
4 51 67 84 -1 -2
34 55 72 78 -1 -2
16 32 40 58 -1 -2
1 17 65 79 -1 35 49 69 76 -1 -2
21 27 41 44 -1 -2
11 14 78 96 -1 -2
24 27 76 77 -1 3 8 28 29 -1 -2
21 64 68 85 -1 -2
19 22 48 79 -1 -2
4 20 41 56 -1 -2
29 33 83 97 -1 4 28 61 97 -1 -2
4 28 33 76 -1 -2
6 7 77 96 -1 -2
10 36 40 51 -1 -2
49 55 58 76 -1 3 8 50 59 -1 -2
69 76 95 96 -1 30 38 86 91 -1 -2
15 30 79 100 -1 37 77 86 99 -1 -2
10 14 78 85 -1 -2
3 4 7 53 -1 11 40 68 74 -1 -2
2 12 31 50 -1 36 46 61 77 -1 -2
5 22 23 48 -1 7 11 25 96 -1 -2
57 76 92 100 -1 -2
8 46 67 90 -1 -2
20 52 82 83 -1 41 46 91 99 -1 -2
28 45 55 92 -1 -2
4 14 51 66 -1 -2
14 28 61 74 -1 18 30 36 59 -1 -2
26 38 65 69 -1 -2
6 25 71 93 -1 41 63 76 99 -1 -2
15 39 63 84 -1 -2
8 46 71 75 -1 -2
10 32 74 82 -1 -2
22 49 55 64 -1 -2
7 14 46 62 -1 65 67 68 88 -1 -2
27 47 68 90 -1 40 47 69 92 -1 -2
11 18 61 71 -1 -2
12 47 57 82 -1 60 62 83 89 -1 -2
4 12 72 86 -1 45 74 82 85 -1 -2
3 4 5 29 -1 -2
3 35 66 79 -1 31 67 90 93 -1 -2
19 29 91 95 -1 -2
21 65 71 97 -1 -2
16 27 53 96 -1 7 25 49 94 -1 -2
19 20 76 95 -1 8 31 38 64 -1 -2
14 35 39 50 -1 4 32 46 96 -1 -2
63 77 94 96 -1 -2
31 38 69 100 -1 -2
13 26 58 85 -1 -2
20 22 54 82 -1 -2
11 16 34 81 -1 12 36 66 92 -1 -2
19 51 56 81 -1 -2
42 47 72 74 -1 14 23 33 35 -1 -2
37 55 61 93 -1 6 33 64 83 -1 -2
6 19 23 73 -1 42 57 96 99 -1 -2
49 57 58 81 -1 -2
2 33 55 58 -1 3 35 81 87 -1 -2
40 64 84 93 -1 -2
38 44 48 67 -1 -2
15 22 39 40 -1 51 59 61 62 -1 -2
41 60 74 87 -1 10 24 36 70 -1 -2
9 11 45 80 -1 -2
22 23 69 84 -1 7 9 24 27 -1 -2
13 58 69 76 -1 -2
5 6 50 82 -1 -2
17 35 47 68 -1 57 67 72 87 -1 -2
6 57 67 74 -1 -2
15 17 22 64 -1 -2
5 27 70 93 -1 27 32 35 65 -1 -2
25 47 84 96 -1 27 37 60 70 -1 -2
38 64 93 99 -1 9 11 56 97 -1 -2
22 25 38 58 -1 -2
36 52 74 89 -1 2 4 22 58 -1 -2
2 10 40 84 -1 22 35 36 78 -1 -2
33 54 65 93 -1 33 35 43 68 -1 -2
32 55 59 98 -1 -2
10 45 74 80 -1 -2
15 37 38 45 -1 -2
4 11 68 70 -1 13 53 58 83 -1 -2
28 30 81 90 -1 31 49 64 98 -1 -2
35 59 82 90 -1 -2
14 56 60 95 -1 12 31 50 66 -1 -2
18 27 42 94 -1 15 20 53 91 -1 -2
43 44 73 87 -1 4 30 54 55 -1 -2
33 45 88 98 -1 25 36 78 89 -1 -2
48 59 96 99 -1 37 43 46 57 -1 -2
27 43 46 56 -1 15 41 73 91 -1 -2
20 33 77 88 -1 -2
25 55 84 89 -1 -2
49 58 65 75 -1 -2
10 47 77 90 -1 -2
11 58 69 82 -1 17 23 39 50 -1 -2
21 56 73 89 -1 -2
31 36 60 69 -1 11 21 54 80 -1 -2
3 18 74 82 -1 3 43 67 85 -1 -2
6 7 56 89 -1 -2
30 33 58 70 -1 1 12 46 88 -1 -2
41 45 48 85 -1 17 20 59 92 -1 -2
31 35 39 41 -1 -2
46 65 80 81 -1 -2
44 57 65 73 -1 -2
25 38 81 91 -1 -2
6 33 69 95 -1 -2
6 29 35 54 -1 29 50 64 90 -1 -2
15 79 84 86 -1 -2
20 53 82 98 -1 -2
26 45 74 88 -1 -2
35 41 70 91 -1 21 28 41 77 -1 -2
21 40 74 75 -1 -2
28 33 34 39 -1 7 33 36 70 -1 -2
12 67 69 77 -1 -2
8 27 36 94 -1 -2
6 11 14 73 -1 -2
13 31 42 99 -1 -2
9 48 58 96 -1 4 15 76 86 -1 -2
17 22 28 83 -1 36 50 59 95 -1 -2
34 73 74 86 -1 -2
10 64 77 83 -1 -2
21 49 53 73 -1 39 53 62 72 -1 -2
4 78 87 96 -1 10 33 54 62 -1 -2
4 25 58 67 -1 2 48 59 90 -1 -2
17 52 56 84 -1 47 65 68 69 -1 -2
29 30 80 88 -1 40 43 64 85 -1 -2
8 16 32 38 -1 -2
47 61 76 83 -1 -2
55 64 69 87 -1 15 23 52 61 -1 -2
23 46 80 91 -1 -2
27 58 69 76 -1 34 76 83 97 -1 -2
32 41 64 76 -1 10 16 29 73 -1 -2
40 60 72 90 -1 20 50 61 96 -1 -2
35 58 66 88 -1 -2
38 76 81 96 -1 -2
23 64 67 79 -1 -2
40 45 59 99 -1 -2
47 53 74 91 -1 -2
5 54 85 91 -1 13 16 42 87 -1 -2
6 10 31 53 -1 3 14 26 49 -1 -2
7 17 32 94 -1 35 60 68 95 -1 -2
10 48 64 80 -1 -2
56 58 60 82 -1 7 39 51 96 -1 -2
21 43 62 97 -1 17 20 58 79 -1 -2
25 33 60 63 -1 2 12 57 72 -1 -2
3 44 45 68 -1 -2
8 35 38 97 -1 -2
7 8 71 89 -1 68 81 88 95 -1 -2
18 21 45 51 -1 -2
9 23 69 82 -1 -2
1 7 21 26 -1 -2
12 41 54 72 -1 39 51 64 100 -1 -2
1 4 71 84 -1 1 54 68 92 -1 -2
48 86 96 100 -1 -2
16 23 73 81 -1 22 24 28 75 -1 -2
1 19 63 96 -1 3 20 34 63 -1 -2
15 23 25 98 -1 2 21 42 84 -1 -2
21 73 89 99 -1 -2
41 82 97 100 -1 -2
6 68 79 87 -1 -2
12 35 50 90 -1 -2
34 35 57 70 -1 -2
27 29 40 91 -1 -2
30 55 71 79 -1 -2
12 33 36 85 -1 -2
2 5 46 75 -1 5 37 38 52 -1 -2
1 15 30 85 -1 -2
1 36 42 95 -1 37 38 58 95 -1 -2
28 48 84 96 -1 2 55 82 89 -1 -2
8 31 49 97 -1 -2
35 53 77 94 -1 -2
50 51 57 98 -1 -2
21 23 51 67 -1 -2
16 56 77 100 -1 -2
18 52 68 84 -1 -2
8 44 74 82 -1 -2
64 66 89 98 -1 -2
55 56 83 85 -1 7 9 30 34 -1 -2
25 27 44 100 -1 -2
17 28 42 85 -1 -2
10 34 70 89 -1 24 48 98 100 -1 -2
8 34 55 57 -1 18 21 64 80 -1 -2
14 27 73 79 -1 -2
76 79 91 98 -1 -2
34 46 72 93 -1 7 44 64 99 -1 -2
34 58 67 82 -1 -2
24 59 86 99 -1 -2
12 18 94 97 -1 17 37 48 55 -1 -2
1 4 35 54 -1 11 19 46 89 -1 -2
18 29 48 75 -1 2 35 44 85 -1 -2
47 51 68 86 -1 1 16 65 100 -1 -2
7 55 60 75 -1 36 56 89 93 -1 -2
19 57 84 90 -1 3 5 56 59 -1 -2
36 52 61 88 -1 11 16 89 99 -1 -2
12 93 95 97 -1 -2
30 42 66 98 -1 -2
27 40 85 93 -1 -2
4 10 21 61 -1 12 15 50 55 -1 -2
68 74 85 90 -1 18 49 74 77 -1 -2
23 78 79 93 -1 7 76 78 87 -1 -2
13 17 79 84 -1 -2
39 61 72 95 -1 -2
39 54 56 65 -1 -2
6 17 38 71 -1 4 11 17 95 -1 -2
13 15 40 53 -1 -2
19 20 38 90 -1 71 80 92 99 -1 -2
2 24 50 88 -1 -2
17 80 90 96 -1 7 21 32 36 -1 -2
7 43 62 67 -1 -2
25 28 33 41 -1 19 44 72 97 -1 -2
12 13 36 97 -1 2 10 34 97 -1 -2
2 45 49 83 -1 -2
8 17 39 67 -1 -2
15 28 37 44 -1 -2
48 49 52 87 -1 21 61 62 75 -1 -2
13 34 83 91 -1 12 15 48 77 -1 -2
5 50 58 98 -1 -2
23 26 73 89 -1 -2
25 62 64 82 -1 7 23 29 43 -1 -2
9 35 87 89 -1 -2
14 27 33 70 -1 -2
38 46 49 71 -1 -2
14 53 63 82 -1 15 34 40 75 -1 -2
21 78 95 98 -1 30 73 81 88 -1 -2
2 43 45 75 -1 13 14 17 64 -1 -2
31 50 82 90 -1 -2
45 50 73 94 -1 24 36 67 85 -1 -2
4 17 62 71 -1 -2
29 52 60 83 -1 -2
8 38 42 95 -1 8 66 80 88 -1 -2
2 9 34 91 -1 -2
25 42 50 81 -1 -2
23 58 67 87 -1 -2
4 18 21 58 -1 51 52 66 78 -1 -2
4 18 31 32 -1 49 54 56 93 -1 -2
6 7 19 62 -1 -2
7 24 46 70 -1 39 43 45 99 -1 -2
28 43 69 74 -1 6 34 67 85 -1 -2
30 46 48 83 -1 25 28 38 61 -1 -2
3 9 17 71 -1 46 50 60 79 -1 -2
4 14 62 71 -1 18 47 52 83 -1 -2
12 45 62 67 -1 51 54 69 82 -1 -2
36 42 82 99 -1 1 39 50 60 -1 -2
16 25 62 72 -1 -2
9 12 42 94 -1 11 12 32 49 -1 -2
9 51 85 87 -1 8 67 79 92 -1 -2
2 37 41 85 -1 -2
2 13 27 81 -1 1 35 37 79 -1 -2
10 12 56 99 -1 -2
39 68 90 97 -1 -2
1 9 71 81 -1 57 69 74 77 -1 -2
11 49 84 90 -1 -2
28 30 45 81 -1 -2
47 50 54 88 -1 10 16 42 76 -1 -2
22 28 46 96 -1 -2
10 56 59 62 -1 -2
22 44 46 75 -1 1 53 59 76 -1 -2
33 36 64 70 -1 -2
7 11 31 59 -1 14 31 46 91 -1 -2
12 36 73 99 -1 9 74 86 98 -1 -2
20 24 52 80 -1 -2
27 51 53 61 -1 -2
43 60 67 95 -1 23 62 69 94 -1 -2
6 20 29 86 -1 7 33 93 94 -1 -2
26 49 52 61 -1 -2
8 16 83 91 -1 70 73 93 96 -1 -2
1 7 28 74 -1 -2
16 19 27 57 -1 -2
23 26 89 93 -1 -2
35 44 47 75 -1 18 52 76 95 -1 -2
7 23 53 78 -1 21 41 92 96 -1 -2
28 30 42 94 -1 -2
7 38 81 94 -1 -2
55 73 89 91 -1 4 48 78 89 -1 -2
3 19 26 77 -1 -2
15 27 35 81 -1 20 66 84 98 -1 -2
26 74 75 100 -1 -2
1 15 17 82 -1 -2
17 32 79 96 -1 -2
2 12 57 95 -1 71 87 94 100 -1 -2
8 26 38 61 -1 -2
22 31 84 91 -1 8 25 32 35 -1 -2
9 10 14 34 -1 -2
10 56 76 89 -1 42 59 82 86 -1 -2
10 26 70 97 -1 -2
29 52 68 75 -1 10 19 20 22 -1 -2
37 44 64 77 -1 -2
7 9 26 30 -1 -2
7 25 42 53 -1 -2
21 41 46 59 -1 -2
11 15 37 46 -1 1 5 46 61 -1 -2
15 16 44 97 -1 44 66 76 92 -1 -2
19 65 89 95 -1 -2
1 22 50 88 -1 9 13 22 82 -1 -2
40 74 93 98 -1 -2
10 20 57 99 -1 4 20 25 36 -1 -2
33 52 58 97 -1 13 18 76 93 -1 -2
57 62 78 80 -1 5 31 35 94 -1 -2
17 37 57 86 -1 6 11 28 79 -1 -2
24 32 49 50 -1 -2
18 42 62 89 -1 -2
39 45 46 59 -1 -2
21 39 51 76 -1 -2
16 43 75 89 -1 -2
6 82 86 95 -1 -2
18 46 49 51 -1 5 10 11 95 -1 -2
52 69 80 86 -1 4 11 22 73 -1 -2
20 28 67 94 -1 -2
22 29 44 56 -1 -2
14 32 44 59 -1 14 67 89 92 -1 -2
13 36 70 90 -1 51 93 95 97 -1 -2
10 16 25 58 -1 28 31 51 85 -1 -2
15 37 53 60 -1 19 26 35 83 -1 -2
22 50 65 100 -1 24 30 52 78 -1 -2
24 70 71 92 -1 9 13 50 94 -1 -2
28 42 90 91 -1 60 69 92 96 -1 -2
26 29 53 64 -1 -2
26 29 52 99 -1 2 45 78 92 -1 -2
17 20 30 97 -1 -2
48 52 74 92 -1 5 11 12 29 -1 -2
45 50 53 86 -1 2 17 88 96 -1 -2
2 21 62 78 -1 -2
21 39 51 76 -1 49 50 79 88 -1 -2
11 17 90 96 -1 -2
61 71 88 92 -1 3 12 13 65 -1 -2
12 33 73 91 -1 37 59 64 67 -1 -2
1 14 22 73 -1 20 51 60 80 -1 -2
34 63 68 90 -1 17 49 63 80 -1 -2
17 37 97 98 -1 -2
26 36 79 99 -1 16 47 56 70 -1 -2
25 26 61 82 -1 -2
34 55 68 93 -1 41 44 46 87 -1 -2
33 59 75 83 -1 12 29 37 49 -1 -2
30 67 76 77 -1 -2
4 21 23 42 -1 53 73 93 94 -1 -2
23 28 75 97 -1 -2
18 29 79 89 -1 -2
10 11 16 73 -1 -2
6 7 51 96 -1 -2
19 22 54 72 -1 -2
17 20 29 36 -1 8 14 48 55 -1 -2
13 20 46 77 -1 18 53 68 88 -1 -2
12 21 27 69 -1 -2
9 13 74 86 -1 -2
3 58 61 85 -1 13 34 41 76 -1 -2
9 25 48 61 -1 -2
20 56 71 100 -1 -2
7 56 62 81 -1 4 34 40 98 -1 -2
4 24 32 36 -1 28 50 56 73 -1 -2
1 9 25 85 -1 -2
46 57 73 97 -1 -2
38 53 60 82 -1 -2
26 34 38 76 -1 -2
9 34 38 56 -1 4 15 45 90 -1 -2
8 30 55 77 -1 -2
21 26 56 72 -1 15 22 37 77 -1 -2
13 42 53 76 -1 18 69 95 100 -1 -2
12 49 55 94 -1 -2
18 38 61 92 -1 5 16 25 63 -1 -2
30 69 72 83 -1 -2
34 43 59 70 -1 -2
24 38 68 79 -1 -2
1 33 54 100 -1 -2
15 27 41 55 -1 34 58 77 85 -1 -2
2 14 37 69 -1 -2
24 25 43 75 -1 4 5 42 85 -1 -2
23 43 67 92 -1 1 2 5 75 -1 -2
24 64 67 95 -1 -2
7 53 70 94 -1 -2
25 62 89 91 -1 8 76 92 98 -1 -2
4 28 72 81 -1 -2
9 21 40 67 -1 -2
16 61 66 69 -1 4 12 35 38 -1 -2
3 85 94 98 -1 3 30 51 57 -1 -2
5 12 39 82 -1 -2
10 78 90 91 -1 -2
32 37 53 69 -1 59 77 89 94 -1 -2
19 20 24 55 -1 -2
2 31 82 100 -1 19 59 74 79 -1 -2
24 32 79 85 -1 37 60 68 78 -1 -2
11 56 78 98 -1 -2
6 60 63 99 -1 21 43 57 91 -1 -2
6 55 60 80 -1 8 46 66 77 -1 -2
38 53 69 86 -1 -2
2 5 13 22 -1 -2
59 62 66 97 -1 -2
10 19 60 75 -1 12 49 68 98 -1 -2
1 12 40 45 -1 -2
4 21 22 59 -1 6 82 87 89 -1 -2
16 23 33 64 -1 5 45 56 100 -1 -2
32 44 59 98 -1 -2
15 32 90 99 -1 38 43 63 77 -1 -2
18 51 52 96 -1 5 35 79 86 -1 -2
24 35 51 67 -1 15 25 30 66 -1 -2
2 23 24 67 -1 12 35 40 66 -1 -2
39 70 93 96 -1 35 40 44 91 -1 -2
9 22 78 94 -1 36 60 62 76 -1 -2
2 9 43 66 -1 -2
23 26 48 93 -1 -2
1 4 19 37 -1 13 25 46 68 -1 -2
13 32 51 56 -1 -2
8 16 18 70 -1 9 53 85 86 -1 -2
12 62 64 86 -1 -2
60 63 85 100 -1 -2
2 16 17 96 -1 6 18 32 97 -1 -2
18 52 86 99 -1 2 4 27 44 -1 -2
37 58 61 74 -1 -2
24 25 69 72 -1 1 3 80 82 -1 -2
6 39 42 55 -1 -2
14 79 97 100 -1 7 30 44 51 -1 -2
28 51 55 80 -1 16 32 57 88 -1 -2
17 69 72 74 -1 4 63 87 90 -1 -2
43 56 61 94 -1 9 18 62 85 -1 -2
27 51 75 78 -1 12 58 75 82 -1 -2
11 18 28 34 -1 -2
28 60 64 65 -1 17 54 72 84 -1 -2
10 11 21 99 -1 -2
31 45 56 71 -1 -2
15 16 78 94 -1 -2
64 77 91 95 -1 -2
37 51 57 86 -1 -2
27 46 48 78 -1 19 32 90 98 -1 -2
52 84 86 99 -1 11 25 52 96 -1 -2
7 50 57 94 -1 65 66 71 77 -1 -2
14 21 80 90 -1 37 46 48 71 -1 -2
16 53 60 93 -1 -2
34 66 67 92 -1 -2
7 14 41 56 -1 3 4 39 53 -1 -2
25 44 54 75 -1 -2
7 43 48 77 -1 -2
5 20 76 84 -1 -2
43 54 60 93 -1 5 17 35 79 -1 -2
30 34 47 51 -1 6 14 15 80 -1 -2
18 44 66 80 -1 -2
15 17 43 59 -1 4 27 33 73 -1 -2
16 44 47 56 -1 1 27 45 80 -1 -2
10 67 83 99 -1 42 44 63 65 -1 -2
5 50 57 75 -1 -2
22 45 50 83 -1 30 54 64 80 -1 -2
39 54 59 93 -1 17 31 35 76 -1 -2
1 81 86 91 -1 1 56 57 97 -1 -2
6 13 22 75 -1 42 44 50 94 -1 -2
40 69 75 96 -1 36 57 65 80 -1 -2
61 80 84 100 -1 -2
8 20 55 68 -1 34 44 60 92 -1 -2
22 58 75 95 -1 -2
48 66 69 100 -1 4 7 77 78 -1 -2
9 23 27 94 -1 -2
6 16 49 84 -1 -2
21 63 75 95 -1 6 35 52 77 -1 -2
24 34 75 90 -1 33 36 49 60 -1 -2
9 27 34 49 -1 -2
6 11 74 80 -1 2 40 63 99 -1 -2
6 19 58 76 -1 14 60 73 99 -1 -2
12 44 61 87 -1 -2
6 54 73 88 -1 4 22 58 69 -1 -2
1 28 50 74 -1 53 78 89 91 -1 -2
3 44 45 98 -1 -2
31 35 54 79 -1 -2
4 8 72 80 -1 6 46 63 100 -1 -2
46 68 80 100 -1 18 20 36 94 -1 -2
31 74 75 82 -1 22 29 35 46 -1 -2
8 73 89 90 -1 -2
34 44 65 77 -1 -2
51 54 55 95 -1 41 47 60 84 -1 -2
23 62 71 86 -1 5 35 57 78 -1 -2
45 56 64 89 -1 -2
7 16 30 76 -1 14 39 87 91 -1 -2
1 40 57 78 -1 -2
4 33 49 73 -1 15 47 54 85 -1 -2
62 64 76 96 -1 -2
13 58 82 90 -1 -2
4 13 40 72 -1 -2
6 17 34 98 -1 16 24 47 64 -1 -2
60 76 93 96 -1 -2
10 22 45 71 -1 12 13 18 62 -1 -2
29 60 76 78 -1 -2
29 30 76 90 -1 -2
5 53 56 70 -1 -2
20 27 83 95 -1 48 65 67 96 -1 -2
30 32 43 44 -1 -2
47 52 97 100 -1 50 67 71 86 -1 -2
20 24 81 88 -1 -2
4 27 30 90 -1 11 34 65 89 -1 -2
34 80 94 100 -1 66 74 95 96 -1 -2
8 25 58 78 -1 -2
17 24 28 61 -1 -2
21 27 52 81 -1 34 43 59 78 -1 -2
1 59 61 70 -1 54 80 88 94 -1 -2
6 15 31 58 -1 -2
4 34 73 86 -1 13 52 65 71 -1 -2
69 75 80 92 -1 -2
5 18 24 46 -1 22 34 40 99 -1 -2
10 13 24 79 -1 11 13 39 84 -1 -2
9 43 80 98 -1 12 36 63 95 -1 -2
27 39 55 62 -1 -2
1 38 73 87 -1 -2
8 43 44 81 -1 -2
15 38 47 60 -1 -2
13 23 58 83 -1 18 41 47 85 -1 -2
6 68 76 90 -1 -2
9 18 64 67 -1 3 27 29 84 -1 -2
26 59 80 94 -1 -2
42 43 56 71 -1 -2
9 21 28 52 -1 18 44 71 77 -1 -2
18 51 59 77 -1 17 18 49 88 -1 -2
30 88 89 90 -1 35 46 52 97 -1 -2
53 66 68 95 -1 8 31 36 82 -1 -2
17 28 54 68 -1 -2
25 58 60 64 -1 20 75 85 90 -1 -2
8 29 48 73 -1 1 30 75 88 -1 -2
7 18 38 68 -1 24 81 91 98 -1 -2
23 24 81 83 -1 -2
42 60 80 85 -1 -2
16 61 71 76 -1 -2
2 41 43 75 -1 -2
23 53 70 93 -1 9 17 68 69 -1 -2
10 13 65 95 -1 23 24 66 85 -1 -2
4 17 39 61 -1 -2
39 41 80 91 -1 -2
47 50 73 81 -1 -2
12 13 29 83 -1 -2
7 29 47 53 -1 8 66 68 84 -1 -2
29 45 51 98 -1 17 22 77 93 -1 -2
16 24 40 69 -1 9 52 56 92 -1 -2
7 25 81 89 -1 -2
28 42 51 84 -1 -2
5 11 14 29 -1 9 46 74 77 -1 -2
39 53 65 73 -1 45 58 93 100 -1 -2
47 63 83 88 -1 4 17 52 58 -1 -2
25 34 78 85 -1 -2
4 34 57 90 -1 28 54 65 92 -1 -2
41 43 68 84 -1 -2
10 12 62 79 -1 51 81 94 99 -1 -2
15 27 38 95 -1 17 44 56 65 -1 -2
25 58 62 78 -1 41 51 64 78 -1 -2
20 90 98 100 -1 -2
10 21 45 53 -1 22 61 87 97 -1 -2
6 45 67 88 -1 -2
45 60 65 82 -1 4 7 71 73 -1 -2
8 11 16 51 -1 -2
28 30 87 92 -1 48 49 70 72 -1 -2
39 40 58 90 -1 -2
9 12 32 99 -1 -2
19 37 46 66 -1 -2
5 37 40 42 -1 -2
3 33 57 91 -1 -2
15 16 32 60 -1 3 23 42 79 -1 -2
1 16 65 82 -1 24 42 94 98 -1 -2
13 33 75 98 -1 -2
19 29 70 71 -1 52 61 70 76 -1 -2
60 64 70 71 -1 -2
18 24 29 37 -1 -2
10 26 71 84 -1 -2
5 51 57 93 -1 -2
17 58 62 90 -1 -2
46 84 90 93 -1 89 90 95 98 -1 -2
31 54 65 86 -1 15 18 95 100 -1 -2
5 66 88 94 -1 25 77 91 99 -1 -2
9 67 76 79 -1 39 52 72 89 -1 -2
19 27 45 52 -1 8 23 47 97 -1 -2
21 24 51 69 -1 -2
22 42 59 94 -1 -2
1 39 92 97 -1 51 65 83 94 -1 -2
42 64 84 97 -1 5 51 52 76 -1 -2
6 81 92 95 -1 3 21 40 52 -1 -2
11 12 15 59 -1 -2
4 46 59 87 -1 -2
3 17 37 98 -1 20 24 37 92 -1 -2
8 21 36 68 -1 51 62 75 81 -1 -2
5 22 48 95 -1 33 48 73 82 -1 -2
44 51 78 84 -1 3 39 48 67 -1 -2
25 46 67 71 -1 19 29 80 89 -1 -2
1 30 31 74 -1 -2
1 68 86 88 -1 14 26 44 60 -1 -2
11 31 46 83 -1 -2
16 87 90 91 -1 18 21 41 91 -1 -2
39 68 80 91 -1 12 27 84 92 -1 -2
1 10 72 82 -1 22 29 82 96 -1 -2
22 40 63 68 -1 -2
29 36 39 44 -1 15 36 64 89 -1 -2
45 48 61 79 -1 4 56 82 97 -1 -2
9 23 89 90 -1 6 48 68 81 -1 -2
4 76 91 97 -1 -2
7 50 59 75 -1 41 64 88 95 -1 -2
6 82 89 91 -1 14 64 72 89 -1 -2
18 37 54 55 -1 -2
14 15 53 79 -1 5 26 73 89 -1 -2
31 47 52 92 -1 -2
41 42 52 97 -1 -2
29 37 39 56 -1 -2
33 52 62 65 -1 9 31 59 66 -1 -2
42 43 61 80 -1 35 38 53 56 -1 -2
16 46 48 54 -1 -2
5 8 84 87 -1 4 71 83 96 -1 -2
14 15 90 94 -1 -2
22 25 34 36 -1 -2
39 57 66 70 -1 -2
8 11 52 81 -1 -2
8 17 22 46 -1 20 42 72 73 -1 -2
14 50 57 67 -1 31 34 35 88 -1 -2
34 79 82 95 -1 24 33 54 62 -1 -2
3 11 14 64 -1 -2
19 50 64 98 -1 -2
10 58 85 88 -1 3 58 78 89 -1 -2
2 8 41 52 -1 -2
69 83 86 96 -1 34 44 63 72 -1 -2
35 47 48 78 -1 7 8 51 79 -1 -2
17 34 67 88 -1 63 67 75 89 -1 -2
5 42 52 65 -1 6 59 77 84 -1 -2
29 76 82 96 -1 -2
21 28 51 83 -1 2 33 68 86 -1 -2
2 9 15 82 -1 16 19 42 46 -1 -2
8 18 38 63 -1 -2
65 94 97 99 -1 -2
61 63 82 96 -1 -2
4 22 26 69 -1 27 28 51 97 -1 -2
25 41 56 80 -1 49 51 96 98 -1 -2
10 21 25 42 -1 36 49 55 71 -1 -2
5 22 49 73 -1 -2
34 36 45 51 -1 -2
24 34 72 74 -1 9 37 41 79 -1 -2
9 19 55 93 -1 23 27 60 85 -1 -2
31 35 81 94 -1 4 28 83 94 -1 -2
34 70 77 83 -1 -2
18 44 88 99 -1 -2
35 40 48 55 -1 -2
19 32 38 54 -1 -2
34 43 48 62 -1 5 26 45 51 -1 -2
12 14 23 89 -1 -2
61 63 64 92 -1 53 78 96 99 -1 -2
16 32 35 91 -1 -2
1 66 89 94 -1 -2
3 8 57 60 -1 -2
3 26 58 80 -1 -2
9 19 28 78 -1 -2
1 6 34 39 -1 -2
48 51 57 79 -1 -2
5 51 69 83 -1 25 59 62 68 -1 -2
16 62 89 98 -1 6 28 86 100 -1 -2
14 38 45 100 -1 2 5 72 85 -1 -2
12 16 43 51 -1 75 88 97 98 -1 -2
14 31 41 64 -1 -2
24 28 37 92 -1 36 38 42 51 -1 -2
9 49 89 90 -1 -2
39 74 85 100 -1 -2
25 28 33 94 -1 -2
38 60 77 80 -1 42 69 78 92 -1 -2
14 39 66 84 -1 8 18 35 42 -1 -2
10 63 67 71 -1 -2
54 67 71 91 -1 -2
9 10 16 60 -1 -2
43 44 88 97 -1 11 20 31 77 -1 -2
12 14 59 83 -1 -2
59 75 78 81 -1 -2
14 34 61 72 -1 -2
50 67 95 96 -1 35 45 47 58 -1 -2
28 55 71 100 -1 -2
1 28 78 96 -1 -2
16 19 75 98 -1 -2
8 40 92 99 -1 12 17 66 81 -1 -2
1 47 63 71 -1 16 30 45 61 -1 -2
3 16 22 62 -1 -2
41 56 79 81 -1 18 24 51 88 -1 -2
9 26 53 82 -1 -2
25 46 49 65 -1 29 60 92 94 -1 -2
14 17 49 64 -1 -2
60 68 81 87 -1 4 45 69 100 -1 -2
50 87 89 94 -1 -2
18 30 36 92 -1 -2
16 39 90 96 -1 23 36 50 95 -1 -2
28 57 61 99 -1 -2
44 52 79 90 -1 -2
12 23 90 94 -1 6 52 76 78 -1 -2
2 42 67 94 -1 -2
41 92 95 99 -1 23 49 73 89 -1 -2
21 71 83 93 -1 41 59 76 82 -1 -2
22 25 31 71 -1 20 48 75 87 -1 -2
26 51 83 93 -1 -2
12 13 53 98 -1 22 29 32 51 -1 -2
24 59 79 85 -1 -2
33 65 90 100 -1 8 34 38 97 -1 -2
20 52 61 98 -1 -2
18 32 40 68 -1 -2
3 14 36 45 -1 18 20 29 56 -1 -2
16 76 86 99 -1 23 26 51 85 -1 -2
36 84 90 97 -1 -2
35 40 80 100 -1 6 46 53 97 -1 -2
20 32 46 48 -1 10 24 76 79 -1 -2
2 6 13 88 -1 -2
58 65 66 89 -1 4 9 54 93 -1 -2
18 75 87 88 -1 22 25 41 45 -1 -2
18 39 48 92 -1 -2
65 70 95 99 -1 21 37 55 99 -1 -2
8 43 67 85 -1 -2
1 57 59 64 -1 -2
48 50 55 60 -1 -2
10 32 42 91 -1 -2
2 13 55 75 -1 8 30 67 100 -1 -2
3 31 41 43 -1 -2
28 39 59 67 -1 5 52 54 97 -1 -2
5 14 37 45 -1 3 16 52 82 -1 -2
15 41 76 83 -1 -2
25 30 74 85 -1 -2
31 36 59 61 -1 17 61 71 84 -1 -2
36 38 39 76 -1 9 17 62 65 -1 -2
2 32 54 93 -1 -2
3 5 68 99 -1 8 38 63 86 -1 -2
41 76 86 100 -1 -2
13 71 80 84 -1 32 39 90 97 -1 -2
17 27 40 98 -1 1 63 67 90 -1 -2
18 55 74 88 -1 47 51 60 63 -1 -2
44 72 74 76 -1 -2
18 36 90 91 -1 -2
11 42 47 69 -1 -2
36 45 52 61 -1 32 36 97 98 -1 -2
3 8 29 54 -1 -2
27 47 67 79 -1 16 44 83 91 -1 -2
41 94 95 96 -1 4 7 72 81 -1 -2
11 42 53 62 -1 56 71 90 96 -1 -2
34 65 68 71 -1 -2
6 10 28 70 -1 1 57 59 79 -1 -2
24 42 64 77 -1 43 52 65 94 -1 -2
42 47 74 93 -1 -2
38 44 56 58 -1 -2
26 36 74 78 -1 26 36 85 91 -1 -2
18 33 39 63 -1 11 66 74 85 -1 -2
17 37 48 53 -1 -2
9 12 52 98 -1 -2
4 14 90 100 -1 28 56 58 84 -1 -2
2 22 25 89 -1 30 45 65 82 -1 -2
43 80 82 99 -1 -2
56 61 76 95 -1 81 85 86 100 -1 -2
21 34 37 76 -1 28 37 42 67 -1 -2
23 26 38 89 -1 3 42 63 79 -1 -2
6 7 16 77 -1 -2
2 46 76 88 -1 -2
9 31 85 87 -1 19 34 76 94 -1 -2
10 35 36 42 -1 5 18 23 79 -1 -2
30 31 50 99 -1 14 21 64 77 -1 -2
3 10 46 81 -1 13 17 31 47 -1 -2
62 71 81 91 -1 7 24 37 48 -1 -2
3 13 60 80 -1 6 42 66 79 -1 -2
34 56 76 80 -1 20 33 72 86 -1 -2
11 42 57 58 -1 1 28 34 44 -1 -2
19 48 60 67 -1 -2
15 53 66 95 -1 -2
32 38 64 99 -1 -2
37 48 65 75 -1 -2
43 46 52 69 -1 -2
32 57 60 75 -1 -2
44 47 62 100 -1 14 22 50 83 -1 -2
6 38 40 68 -1 6 68 71 85 -1 -2
7 10 11 54 -1 20 89 93 95 -1 -2
25 36 46 59 -1 43 71 73 96 -1 -2
4 15 51 68 -1 -2
4 38 60 90 -1 -2
11 77 86 100 -1 4 11 27 65 -1 -2
8 10 14 35 -1 21 60 74 94 -1 -2
59 69 82 84 -1 58 73 74 76 -1 -2
21 64 70 86 -1 31 47 51 59 -1 -2
10 28 67 98 -1 -2
18 38 49 96 -1 -2
49 61 71 92 -1 -2
4 18 51 70 -1 6 26 36 90 -1 -2
18 35 38 52 -1 18 31 43 66 -1 -2
2 6 17 61 -1 -2
14 34 43 51 -1 20 45 85 91 -1 -2
30 72 79 92 -1 1 7 9 78 -1 -2
14 60 87 90 -1 2 10 34 75 -1 -2
23 31 47 99 -1 48 80 82 90 -1 -2
19 36 62 78 -1 -2
4 13 45 89 -1 55 88 89 97 -1 -2
21 40 46 81 -1 3 35 87 98 -1 -2
13 43 51 87 -1 -2
22 23 51 54 -1 -2
26 37 49 54 -1 -2
34 54 70 79 -1 46 64 68 90 -1 -2
13 58 66 76 -1 -2
13 27 37 41 -1 -2
2 52 56 72 -1 -2
26 53 61 91 -1 -2
44 50 70 91 -1 19 26 87 90 -1 -2
9 47 74 90 -1 -2
44 54 61 82 -1 -2
13 29 40 95 -1 -2
38 61 77 97 -1 19 58 62 95 -1 -2
13 18 71 88 -1 20 28 45 99 -1 -2
49 73 91 96 -1 -2
25 32 42 57 -1 -2
36 56 65 68 -1 8 32 46 64 -1 -2
2 69 72 96 -1 -2
17 28 31 74 -1 17 23 70 89 -1 -2
23 48 69 76 -1 -2
3 7 22 95 -1 -2
12 38 43 92 -1 29 60 81 92 -1 -2
8 12 57 91 -1 -2
12 30 77 84 -1 -2
39 45 78 92 -1 -2
28 33 43 65 -1 39 78 79 93 -1 -2
11 23 57 89 -1 -2
7 45 55 56 -1 -2
38 46 52 79 -1 -2
20 30 36 98 -1 -2
33 37 79 93 -1 -2
29 43 67 75 -1 -2
66 71 81 93 -1 2 55 82 97 -1 -2
1 10 16 49 -1 -2
47 55 58 64 -1 -2
10 33 43 57 -1 -2
1 20 61 64 -1 -2
44 46 50 88 -1 36 58 59 72 -1 -2
18 46 53 96 -1 -2
16 54 77 80 -1 -2
13 22 45 99 -1 3 6 35 91 -1 -2
34 36 64 66 -1 -2
36 68 78 92 -1 -2
20 37 51 56 -1 20 60 89 94 -1 -2
28 45 63 94 -1 -2
32 67 92 99 -1 -2
36 40 75 78 -1 -2
13 84 85 95 -1 11 20 56 57 -1 -2
36 48 49 79 -1 23 29 30 45 -1 -2
18 51 73 97 -1 -2
4 60 84 92 -1 5 46 73 95 -1 -2
11 16 59 80 -1 -2
23 39 44 99 -1 4 7 26 46 -1 -2
36 47 50 89 -1 17 21 49 76 -1 -2
19 55 56 67 -1 17 27 90 95 -1 -2
32 33 79 96 -1 15 27 28 93 -1 -2
1 40 41 71 -1 14 38 97 100 -1 -2
43 80 84 89 -1 25 77 82 91 -1 -2
5 30 70 85 -1 15 27 31 74 -1 -2
14 17 61 92 -1 -2
34 41 56 89 -1 -2
10 63 80 86 -1 11 53 57 81 -1 -2
22 34 72 81 -1 16 26 60 92 -1 -2
26 32 69 74 -1 29 48 87 90 -1 -2
31 43 58 73 -1 24 25 51 95 -1 -2
20 46 48 95 -1 28 53 55 67 -1 -2
12 22 28 49 -1 -2
11 19 88 96 -1 8 70 79 80 -1 -2
24 25 47 60 -1 2 20 35 45 -1 -2
50 53 64 70 -1 -2
20 67 82 83 -1 10 17 52 67 -1 -2
19 44 94 96 -1 1 41 59 85 -1 -2
18 30 65 79 -1 37 73 91 95 -1 -2
12 13 54 88 -1 -2
2 70 71 92 -1 23 50 72 92 -1 -2
34 40 52 98 -1 -2
28 48 66 94 -1 48 49 60 84 -1 -2
28 32 37 56 -1 17 23 39 94 -1 -2
6 50 61 94 -1 3 31 57 71 -1 -2
47 48 71 78 -1 5 12 34 46 -1 -2
4 23 37 97 -1 -2
35 54 83 91 -1 -2
4 14 24 53 -1 -2
13 16 27 32 -1 19 25 57 92 -1 -2
18 55 59 73 -1 -2
37 39 48 74 -1 -2
49 52 84 92 -1 28 37 42 81 -1 -2
14 36 49 80 -1 13 27 69 97 -1 -2
11 26 67 83 -1 6 42 78 83 -1 -2
12 86 92 95 -1 -2
22 45 49 73 -1 -2
13 22 52 66 -1 -2
30 41 62 85 -1 -2
1 69 76 82 -1 72 77 78 83 -1 -2
4 7 62 78 -1 -2
37 42 56 96 -1 55 61 64 83 -1 -2
55 85 87 88 -1 -2
47 67 75 90 -1 10 17 38 97 -1 -2
25 31 34 45 -1 24 79 84 88 -1 -2
2 54 55 78 -1 52 54 88 92 -1 -2
21 39 51 77 -1 -2
6 14 43 84 -1 8 33 38 60 -1 -2
14 17 31 69 -1 14 25 28 70 -1 -2
13 46 53 60 -1 1 12 25 28 -1 -2
7 42 80 89 -1 -2
50 79 94 95 -1 -2
17 44 45 100 -1 -2
22 49 73 94 -1 -2
35 65 70 85 -1 -2
9 12 31 51 -1 26 42 52 94 -1 -2
6 51 59 86 -1 -2
1 8 13 19 -1 5 30 36 53 -1 -2
5 15 22 42 -1 19 27 59 65 -1 -2
12 34 41 74 -1 15 32 67 74 -1 -2
39 46 62 66 -1 13 25 32 41 -1 -2
29 34 90 95 -1 36 68 73 98 -1 -2
18 33 80 86 -1 48 76 78 84 -1 -2
42 56 61 93 -1 -2
16 30 37 100 -1 -2
45 52 64 95 -1 -2
2 17 29 44 -1 -2
36 56 61 74 -1 -2
22 95 96 99 -1 -2
7 8 32 76 -1 19 22 34 63 -1 -2
56 70 73 89 -1 5 6 9 11 -1 -2
19 20 36 42 -1 -2
38 49 72 83 -1 -2
23 26 70 80 -1 5 28 36 55 -1 -2
59 62 65 78 -1 -2
28 35 48 67 -1 -2
8 24 39 92 -1 1 9 67 68 -1 -2
8 44 49 79 -1 -2
43 57 69 78 -1 19 20 53 82 -1 -2
19 45 67 85 -1 37 41 65 83 -1 -2
12 25 34 74 -1 22 33 36 94 -1 -2
10 23 48 88 -1 -2
30 68 71 90 -1 11 25 50 74 -1 -2
44 58 98 100 -1 6 54 78 85 -1 -2
1 66 69 78 -1 8 56 62 64 -1 -2
14 19 34 73 -1 -2
8 9 36 57 -1 -2
17 35 59 78 -1 37 38 40 43 -1 -2
41 44 61 93 -1 4 5 9 10 -1 -2
57 58 65 75 -1 10 14 75 81 -1 -2
6 30 88 99 -1 -2
5 25 60 72 -1 -2
3 21 68 93 -1 -2
71 72 79 97 -1 32 56 58 77 -1 -2
6 34 80 81 -1 -2
9 61 74 97 -1 -2
24 50 87 93 -1 -2
4 49 67 97 -1 20 29 65 66 -1 -2
3 7 11 18 -1 31 39 54 92 -1 -2
27 39 50 59 -1 -2
4 25 72 78 -1 33 58 67 71 -1 -2
18 30 80 89 -1 -2
7 14 26 86 -1 7 24 51 54 -1 -2
20 32 35 69 -1 -2
4 47 63 89 -1 -2
7 9 35 58 -1 11 64 66 82 -1 -2
65 90 96 98 -1 2 27 89 99 -1 -2
62 69 89 100 -1 25 29 74 79 -1 -2
29 61 83 99 -1 -2
4 26 72 79 -1 16 50 75 82 -1 -2
6 16 30 53 -1 16 18 72 80 -1 -2
2 36 79 90 -1 6 29 66 93 -1 -2
9 10 27 58 -1 -2
49 61 64 80 -1 5 80 92 100 -1 -2
13 30 47 60 -1 41 73 75 81 -1 -2
60 64 76 91 -1 16 19 20 72 -1 -2
8 15 42 76 -1 9 75 89 91 -1 -2
6 31 32 82 -1 4 25 50 83 -1 -2
18 23 53 95 -1 -2
19 40 57 88 -1 -2
16 22 43 60 -1 16 36 65 97 -1 -2
35 39 47 99 -1 -2
34 36 70 74 -1 21 28 58 87 -1 -2
11 49 99 100 -1 16 50 76 79 -1 -2
15 48 51 68 -1 4 61 65 89 -1 -2
41 69 90 100 -1 -2
53 72 79 92 -1 13 24 29 93 -1 -2
26 50 52 55 -1 1 14 26 100 -1 -2
2 30 68 80 -1 -2
24 63 74 89 -1 -2
33 42 65 91 -1 -2
23 58 72 100 -1 20 32 44 62 -1 -2
46 59 82 98 -1 2 43 81 89 -1 -2
17 31 34 60 -1 40 56 60 93 -1 -2
38 43 76 90 -1 -2
54 63 65 84 -1 -2
12 55 78 92 -1 2 15 70 72 -1 -2
9 10 25 90 -1 54 58 81 91 -1 -2
52 55 74 79 -1 17 74 78 79 -1 -2
24 41 55 60 -1 -2
11 13 44 98 -1 -2
7 16 40 53 -1 -2
47 63 71 100 -1 47 58 71 87 -1 -2
14 21 64 72 -1 17 42 52 81 -1 -2
3 8 13 21 -1 31 32 77 87 -1 -2
22 58 63 80 -1 -2
9 16 46 82 -1 -2
17 37 71 82 -1 20 39 43 87 -1 -2
36 47 62 70 -1 70 75 86 89 -1 -2
6 39 88 92 -1 7 13 18 20 -1 -2
4 5 36 51 -1 36 57 75 89 -1 -2
41 45 64 72 -1 -2
44 81 95 96 -1 1 10 12 50 -1 -2
32 50 56 92 -1 5 58 64 80 -1 -2
31 34 64 79 -1 6 31 47 75 -1 -2
44 65 66 72 -1 -2
26 35 68 70 -1 -2
32 35 37 69 -1 -2
5 21 48 63 -1 19 28 71 91 -1 -2
50 52 86 92 -1 13 57 61 100 -1 -2
25 75 83 87 -1 -2
17 29 53 93 -1 -2
58 68 83 95 -1 -2
78 85 88 99 -1 -2
13 17 64 100 -1 -2
39 48 53 78 -1 10 65 88 95 -1 -2
28 60 74 84 -1 48 52 70 96 -1 -2
47 49 75 80 -1 -2
4 19 24 39 -1 -2
10 17 23 46 -1 -2
19 34 81 98 -1 -2
8 69 70 94 -1 -2
10 18 23 33 -1 -2
39 52 60 86 -1 -2
12 20 45 76 -1 44 71 79 94 -1 -2
63 64 83 94 -1 31 33 35 97 -1 -2
18 22 61 70 -1 5 68 74 78 -1 -2
47 76 89 98 -1 -2
20 51 82 100 -1 29 35 66 95 -1 -2
29 45 76 90 -1 6 26 60 100 -1 -2
20 38 48 82 -1 25 33 62 67 -1 -2
1 49 75 87 -1 -2
26 41 61 65 -1 -2
2 7 49 71 -1 28 55 77 90 -1 -2
3 10 30 75 -1 -2
29 48 71 99 -1 6 43 94 98 -1 -2
8 16 34 92 -1 35 50 97 99 -1 -2
6 25 32 77 -1 -2
4 92 98 99 -1 -2
18 42 64 83 -1 16 34 39 79 -1 -2
8 20 30 63 -1 -2
12 20 23 36 -1 17 50 65 95 -1 -2
8 14 19 54 -1 -2
39 40 70 92 -1 56 82 88 91 -1 -2
10 28 35 52 -1 -2
8 13 46 62 -1 -2
21 41 81 88 -1 6 35 63 78 -1 -2
10 35 57 74 -1 3 20 26 46 -1 -2
13 35 40 78 -1 -2
15 18 27 76 -1 3 6 46 93 -1 -2
2 14 47 86 -1 17 46 94 100 -1 -2
15 47 61 71 -1 13 50 67 75 -1 -2
1 15 51 55 -1 16 17 26 79 -1 -2
78 90 93 99 -1 17 25 26 61 -1 -2
16 17 41 99 -1 -2
14 40 88 93 -1 -2
11 15 39 100 -1 -2
11 16 33 53 -1 -2
39 51 53 65 -1 -2
17 25 29 81 -1 9 17 73 81 -1 -2
16 44 50 92 -1 -2
17 30 40 59 -1 1 29 48 60 -1 -2
12 14 55 89 -1 -2
2 6 16 46 -1 -2
9 15 26 29 -1 -2
9 32 66 74 -1 -2
25 31 69 81 -1 -2
13 36 95 100 -1 -2
3 17 19 49 -1 2 43 51 100 -1 -2
4 45 58 83 -1 1 45 58 62 -1 -2
54 59 79 98 -1 -2
25 26 32 38 -1 -2
45 64 67 89 -1 -2
1 23 52 80 -1 32 49 68 89 -1 -2
18 39 41 44 -1 21 26 64 78 -1 -2
31 35 58 74 -1 -2
27 28 65 68 -1 20 38 69 74 -1 -2
25 61 75 86 -1 -2
11 40 84 95 -1 54 65 71 78 -1 -2
35 58 67 72 -1 43 62 93 94 -1 -2
13 59 92 100 -1 34 46 51 63 -1 -2
8 32 36 76 -1 -2
3 53 63 89 -1 -2
1 30 33 82 -1 11 20 38 89 -1 -2
4 23 32 54 -1 -2
12 57 63 67 -1 -2
18 49 64 72 -1 -2
4 21 60 94 -1 14 39 57 78 -1 -2
7 48 87 97 -1 11 14 29 33 -1 -2
4 52 61 82 -1 14 78 82 95 -1 -2
20 74 83 90 -1 35 47 54 72 -1 -2
5 12 50 91 -1 -2
1 41 42 66 -1 1 15 70 83 -1 -2
8 38 56 91 -1 4 41 82 90 -1 -2
60 87 89 96 -1 35 41 78 99 -1 -2
3 14 63 64 -1 -2
42 49 55 69 -1 -2
4 49 57 98 -1 4 23 74 88 -1 -2
11 31 52 68 -1 52 71 79 95 -1 -2
56 66 80 82 -1 -2
4 19 83 88 -1 16 61 90 100 -1 -2
24 28 67 72 -1 -2
4 49 68 90 -1 7 19 80 89 -1 -2
34 62 69 78 -1 -2
13 14 28 49 -1 31 57 75 81 -1 -2
19 44 80 100 -1 -2
7 21 66 69 -1 40 48 78 88 -1 -2
2 23 48 67 -1 85 91 92 100 -1 -2
3 7 36 54 -1 -2
6 19 31 53 -1 49 57 78 79 -1 -2
55 66 81 82 -1 -2
54 63 74 87 -1 22 28 65 92 -1 -2
17 53 90 93 -1 66 77 91 99 -1 -2
35 62 66 94 -1 13 36 71 90 -1 -2
9 20 25 99 -1 -2
43 51 72 84 -1 -2
7 9 36 55 -1 -2
1 32 68 86 -1 -2
28 39 61 88 -1 20 45 60 70 -1 -2
39 42 53 80 -1 4 19 27 81 -1 -2
29 52 61 73 -1 -2
24 41 42 51 -1 -2
46 71 87 89 -1 -2
8 25 34 44 -1 -2
25 37 51 93 -1 -2
7 20 33 64 -1 16 27 63 90 -1 -2
39 49 64 94 -1 5 56 63 75 -1 -2
26 39 45 89 -1 -2
25 59 63 74 -1 -2
26 61 62 81 -1 6 9 26 48 -1 -2
9 44 51 81 -1 -2
39 72 77 95 -1 21 28 54 74 -1 -2
20 40 90 92 -1 13 38 58 85 -1 -2
16 29 33 57 -1 -2
17 18 41 90 -1 13 16 23 89 -1 -2
21 31 74 88 -1 -2
27 74 80 83 -1 -2
8 51 79 86 -1 2 47 50 88 -1 -2
33 50 84 100 -1 63 87 94 95 -1 -2
55 70 71 74 -1 -2
18 34 76 80 -1 18 64 69 97 -1 -2
6 33 70 90 -1 -2
11 14 15 50 -1 -2
10 36 56 59 -1 3 35 42 43 -1 -2
6 10 17 77 -1 21 26 61 88 -1 -2
12 13 37 72 -1 -2
42 59 63 69 -1 -2
42 56 59 70 -1 4 8 22 23 -1 -2
3 41 48 85 -1 -2
35 40 70 94 -1 -2
38 43 56 67 -1 20 23 34 89 -1 -2
19 25 60 89 -1 -2
20 22 36 37 -1 -2
13 32 38 74 -1 24 28 48 98 -1 -2
3 28 36 43 -1 -2
28 52 69 78 -1 8 61 68 96 -1 -2
11 40 90 94 -1 -2
6 52 59 80 -1 11 24 32 54 -1 -2
20 46 49 88 -1 -2
47 52 62 63 -1 -2
16 18 68 77 -1 14 48 63 91 -1 -2
8 69 90 100 -1 33 45 61 64 -1 -2
9 25 48 89 -1 12 38 57 83 -1 -2
3 56 84 85 -1 -2
40 57 63 100 -1 -2
43 64 70 98 -1 -2
13 24 30 32 -1 -2
13 32 34 78 -1 34 57 62 76 -1 -2
49 59 87 95 -1 -2
9 13 50 68 -1 -2
19 30 73 90 -1 -2
62 67 69 96 -1 12 74 80 82 -1 -2
23 58 78 95 -1 42 68 69 82 -1 -2
41 44 87 100 -1 19 27 33 62 -1 -2
35 42 69 83 -1 1 12 18 83 -1 -2
32 56 80 97 -1 89 91 96 98 -1 -2
40 45 54 84 -1 1 69 73 79 -1 -2
28 75 83 93 -1 -2
8 9 28 87 -1 3 49 64 82 -1 -2
4 30 32 78 -1 -2
7 22 58 96 -1 39 57 90 99 -1 -2
29 30 66 74 -1 -2
23 86 96 97 -1 -2
32 35 52 60 -1 2 46 63 91 -1 -2
1 7 34 72 -1 -2
55 72 79 85 -1 -2
2 55 88 94 -1 3 5 35 88 -1 -2
7 28 42 53 -1 52 57 74 80 -1 -2
20 58 60 94 -1 -2
2 64 70 78 -1 -2
24 32 33 46 -1 -2
27 29 53 68 -1 -2
60 62 88 98 -1 6 36 41 42 -1 -2
3 14 36 75 -1 -2
52 84 89 100 -1 -2
28 49 71 87 -1 15 16 87 95 -1 -2
26 37 44 85 -1 7 9 16 57 -1 -2
6 41 48 89 -1 -2
16 29 34 50 -1 -2
13 24 44 97 -1 30 34 36 94 -1 -2
19 27 53 57 -1 5 60 63 67 -1 -2
9 25 34 39 -1 -2
17 53 62 98 -1 -2
31 54 68 79 -1 -2
12 22 29 32 -1 24 42 73 74 -1 -2
3 7 9 48 -1 -2
21 32 54 80 -1 -2
10 41 69 93 -1 19 37 48 95 -1 -2
18 81 83 85 -1 32 34 72 74 -1 -2
25 44 85 93 -1 -2
6 36 82 92 -1 50 51 56 71 -1 -2
15 76 85 100 -1 58 67 94 96 -1 -2
8 19 27 54 -1 8 44 52 77 -1 -2
12 73 79 85 -1 -2
9 35 80 87 -1 24 66 72 79 -1 -2
8 13 58 77 -1 11 18 71 93 -1 -2
15 23 41 82 -1 -2
15 40 71 91 -1 67 81 89 98 -1 -2
17 53 68 98 -1 -2
16 22 41 91 -1 -2
13 20 56 73 -1 56 67 80 89 -1 -2
15 38 76 89 -1 13 25 59 67 -1 -2
40 48 61 64 -1 -2
24 54 62 66 -1 29 36 37 44 -1 -2
16 56 65 79 -1 12 43 49 88 -1 -2
15 40 55 80 -1 -2
15 39 78 80 -1 22 39 54 88 -1 -2
37 58 79 86 -1 8 38 58 99 -1 -2
27 38 48 97 -1 33 37 55 68 -1 -2
47 51 73 79 -1 9 19 30 95 -1 -2
56 64 76 95 -1 -2
19 53 68 75 -1 -2
6 66 93 99 -1 -2
61 67 87 98 -1 -2
35 39 88 99 -1 17 39 80 89 -1 -2
7 46 60 68 -1 -2
5 16 57 68 -1 -2
16 32 39 45 -1 -2
30 39 73 100 -1 -2
41 44 63 96 -1 -2
26 51 68 98 -1 -2
26 38 66 94 -1 11 34 47 93 -1 -2
2 15 63 68 -1 -2
12 53 68 84 -1 35 56 88 100 -1 -2
13 28 29 37 -1 37 46 75 98 -1 -2
8 52 75 93 -1 16 46 72 75 -1 -2
9 18 69 71 -1 16 32 54 67 -1 -2
7 20 31 90 -1 4 5 33 43 -1 -2
57 64 72 83 -1 30 46 57 79 -1 -2
8 48 82 86 -1 25 27 40 42 -1 -2
10 47 57 100 -1 10 37 47 86 -1 -2
22 29 48 64 -1 13 48 62 73 -1 -2
46 48 61 95 -1 -2
15 50 74 94 -1 24 49 81 91 -1 -2
1 13 72 77 -1 -2
27 38 51 60 -1 -2
5 10 40 96 -1 8 60 72 87 -1 -2
26 31 84 94 -1 46 55 56 91 -1 -2
64 70 88 89 -1 -2
19 44 84 99 -1 32 40 51 85 -1 -2
20 22 33 68 -1 -2
23 28 74 90 -1 6 54 84 90 -1 -2
52 69 78 82 -1 8 21 36 69 -1 -2
9 10 23 97 -1 14 20 21 69 -1 -2
24 34 61 88 -1 32 33 44 81 -1 -2
65 77 96 97 -1 -2
27 32 42 44 -1 -2
12 25 35 69 -1 -2
2 8 27 35 -1 42 57 65 67 -1 -2
41 42 46 99 -1 49 62 76 89 -1 -2
23 32 35 78 -1 4 17 61 96 -1 -2
13 39 62 94 -1 3 67 72 73 -1 -2
18 27 58 68 -1 -2
59 61 65 99 -1 -2
30 44 64 72 -1 30 57 65 67 -1 -2
26 31 54 68 -1 13 43 55 99 -1 -2
10 43 63 99 -1 22 24 56 61 -1 -2
21 29 49 62 -1 5 6 38 42 -1 -2
30 41 51 53 -1 -2
10 18 66 86 -1 -2
38 62 67 70 -1 -2
49 51 76 99 -1 6 30 42 96 -1 -2
23 33 56 100 -1 -2
6 30 48 67 -1 36 40 57 63 -1 -2
34 66 78 94 -1 7 19 60 77 -1 -2
1 22 26 98 -1 17 73 83 94 -1 -2
35 50 86 98 -1 -2
11 19 63 67 -1 12 25 59 78 -1 -2
6 43 71 95 -1 9 47 84 87 -1 -2
6 29 36 90 -1 -2
5 15 64 100 -1 22 42 60 69 -1 -2
4 40 59 93 -1 42 44 82 92 -1 -2
18 34 51 62 -1 34 60 65 98 -1 -2
26 35 37 69 -1 -2
28 30 62 66 -1 -2
61 66 70 73 -1 -2
19 57 78 87 -1 44 62 72 88 -1 -2
44 57 63 88 -1 48 52 71 97 -1 -2
3 21 65 96 -1 -2
16 38 86 100 -1 -2
28 55 68 94 -1 17 47 61 71 -1 -2
9 31 62 81 -1 15 43 58 71 -1 -2
35 63 77 100 -1 13 19 91 94 -1 -2
11 14 23 25 -1 4 52 95 100 -1 -2
13 36 82 99 -1 -2
37 56 61 86 -1 -2
3 4 38 64 -1 -2
18 22 30 69 -1 20 35 62 97 -1 -2
13 20 45 55 -1 5 16 38 88 -1 -2
16 88 93 95 -1 -2
1 70 72 93 -1 -2
18 49 85 99 -1 38 59 98 100 -1 -2
39 43 53 89 -1 16 32 75 88 -1 -2
10 20 71 85 -1 -2
68 78 91 95 -1 1 35 62 65 -1 -2
45 48 60 75 -1 -2
18 70 88 99 -1 -2
28 56 80 84 -1 -2
22 48 50 90 -1 -2
21 24 26 93 -1 -2
16 56 75 86 -1 -2
10 33 68 87 -1 -2
39 55 74 96 -1 19 43 48 83 -1 -2
12 28 40 41 -1 -2
25 62 88 94 -1 -2
15 22 52 94 -1 21 31 67 77 -1 -2
41 62 71 76 -1 1 28 29 65 -1 -2
43 55 86 91 -1 63 67 78 100 -1 -2
2 19 60 71 -1 -2
12 29 35 41 -1 11 22 70 92 -1 -2
17 23 26 54 -1 -2
11 37 68 93 -1 -2
9 28 43 45 -1 3 16 23 62 -1 -2
37 40 75 98 -1 -2
44 49 54 67 -1 -2
3 37 53 62 -1 -2
44 53 75 84 -1 -2
5 53 54 60 -1 -2
13 59 86 95 -1 27 31 49 80 -1 -2
12 27 41 99 -1 -2
4 16 43 69 -1 -2
38 47 78 97 -1 22 40 57 58 -1 -2
35 43 64 77 -1 -2
19 37 42 88 -1 -2
2 9 33 81 -1 31 51 55 99 -1 -2
37 52 76 83 -1 1 53 86 93 -1 -2
23 36 52 60 -1 -2
21 49 70 97 -1 -2
9 11 24 84 -1 2 25 51 53 -1 -2
8 12 28 45 -1 -2
65 83 84 98 -1 11 26 79 94 -1 -2
20 26 56 62 -1 -2
38 67 90 93 -1 34 74 75 89 -1 -2
35 45 50 69 -1 -2
31 50 68 80 -1 -2
3 50 62 95 -1 61 86 95 100 -1 -2
7 56 76 88 -1 45 64 69 70 -1 -2
13 49 76 92 -1 -2
8 12 31 56 -1 21 75 93 94 -1 -2
36 46 52 56 -1 2 9 64 89 -1 -2
6 16 30 40 -1 14 31 39 40 -1 -2
27 54 59 89 -1 -2
2 22 40 98 -1 6 19 42 74 -1 -2
17 69 88 94 -1 -2
22 51 68 83 -1 -2
58 63 75 96 -1 -2
7 28 42 79 -1 43 68 80 85 -1 -2
10 40 80 92 -1 -2
54 69 72 84 -1 -2
24 49 67 88 -1 -2
63 73 82 87 -1 -2
11 51 53 63 -1 64 71 87 96 -1 -2
13 19 40 61 -1 2 10 65 81 -1 -2
30 62 84 87 -1 25 26 54 85 -1 -2
11 25 31 51 -1 -2
41 62 68 92 -1 -2
5 28 35 78 -1 -2
5 11 24 56 -1 -2
5 28 55 73 -1 -2
27 31 58 98 -1 4 85 88 93 -1 -2
45 57 77 84 -1 -2
53 59 85 95 -1 -2
19 50 59 67 -1 -2
10 28 32 59 -1 1 3 34 73 -1 -2
8 33 47 81 -1 53 66 73 99 -1 -2
33 74 87 95 -1 16 25 42 49 -1 -2
3 11 22 24 -1 -2
20 26 33 58 -1 -2
37 41 76 98 -1 -2
12 39 50 70 -1 -2
24 68 85 88 -1 25 45 90 93 -1 -2
13 35 47 53 -1 -2
11 32 55 93 -1 -2
11 33 38 48 -1 11 49 51 89 -1 -2
33 34 63 91 -1 3 10 20 35 -1 -2
9 15 19 58 -1 -2
37 41 56 75 -1 -2
26 58 80 88 -1 -2
7 43 52 78 -1 -2
1 7 31 48 -1 -2
84 92 93 99 -1 21 25 29 80 -1 -2
14 25 29 72 -1 34 63 81 98 -1 -2
41 74 75 85 -1 -2
58 82 95 97 -1 -2
49 70 82 98 -1 18 43 75 82 -1 -2
4 28 51 52 -1 6 23 75 80 -1 -2
56 69 90 95 -1 1 10 69 100 -1 -2
48 51 65 88 -1 -2
44 65 67 83 -1 22 51 68 85 -1 -2
47 59 67 97 -1 -2
3 46 60 94 -1 -2
4 31 38 44 -1 -2
25 30 41 79 -1 56 62 80 92 -1 -2
2 12 13 37 -1 -2
12 57 62 63 -1 10 42 62 73 -1 -2
5 6 26 60 -1 18 22 83 88 -1 -2
10 43 51 85 -1 -2
48 50 57 60 -1 2 61 67 77 -1 -2
11 17 60 63 -1 -2
33 37 60 89 -1 2 10 32 59 -1 -2
41 44 59 95 -1 -2
11 43 48 100 -1 -2
2 34 43 76 -1 2 5 37 44 -1 -2
21 25 40 42 -1 -2
2 31 51 79 -1 -2
1 13 62 91 -1 -2
12 48 50 51 -1 28 44 45 68 -1 -2
33 55 87 96 -1 24 40 66 82 -1 -2
26 40 69 100 -1 17 55 62 90 -1 -2
32 43 60 76 -1 -2
7 72 77 98 -1 -2
2 14 30 99 -1 17 40 48 100 -1 -2
33 50 56 57 -1 -2
5 6 50 63 -1 26 59 94 100 -1 -2
11 12 64 70 -1 -2
4 19 41 86 -1 10 15 70 76 -1 -2
3 27 41 69 -1 -2
43 48 86 97 -1 -2
14 44 63 88 -1 -2
14 67 75 87 -1 -2
3 10 30 47 -1 7 12 35 94 -1 -2
27 48 61 77 -1 18 33 50 87 -1 -2
13 22 25 96 -1 2 26 44 80 -1 -2
34 49 71 88 -1 -2
16 32 33 61 -1 14 55 77 94 -1 -2
36 63 80 83 -1 1 38 73 75 -1 -2
8 18 61 87 -1 -2
4 25 35 93 -1 -2
31 74 87 90 -1 -2
33 46 52 100 -1 38 50 65 90 -1 -2
29 36 40 69 -1 -2
12 49 62 86 -1 -2
36 54 61 80 -1 4 21 23 34 -1 -2
22 26 79 80 -1 -2
1 2 21 28 -1 46 55 56 83 -1 -2
17 27 32 36 -1 2 9 19 83 -1 -2
18 50 81 87 -1 10 17 98 100 -1 -2
16 37 83 92 -1 32 39 51 64 -1 -2
10 24 37 74 -1 -2
72 80 85 100 -1 11 68 74 86 -1 -2
52 68 76 95 -1 17 41 51 82 -1 -2
7 26 41 46 -1 -2
9 24 31 91 -1 9 14 25 53 -1 -2
9 28 87 95 -1 3 8 14 60 -1 -2
14 19 54 73 -1 10 66 71 86 -1 -2
7 45 65 99 -1 8 47 51 89 -1 -2
4 5 67 96 -1 -2
13 25 31 73 -1 -2
47 64 76 94 -1 -2
24 28 34 53 -1 -2
25 47 60 89 -1 -2
18 25 66 73 -1 19 43 56 96 -1 -2
6 11 84 100 -1 -2
24 45 50 52 -1 66 77 82 84 -1 -2
20 24 57 68 -1 29 30 67 94 -1 -2
7 48 93 99 -1 16 32 33 42 -1 -2
4 8 12 33 -1 46 53 71 75 -1 -2
16 23 51 56 -1 -2
11 35 53 73 -1 47 54 60 99 -1 -2
31 53 57 95 -1 -2
14 61 89 96 -1 2 76 90 94 -1 -2
42 55 88 95 -1 35 41 70 73 -1 -2
37 49 89 96 -1 -2
18 60 62 92 -1 37 41 82 87 -1 -2
14 59 68 72 -1 30 37 74 82 -1 -2
21 51 53 87 -1 8 14 40 54 -1 -2
7 70 72 91 -1 3 33 43 100 -1 -2
19 21 34 65 -1 -2
13 63 67 76 -1 -2
28 46 71 72 -1 1 43 86 97 -1 -2
65 67 74 99 -1 11 69 75 91 -1 -2
11 13 60 98 -1 17 65 68 82 -1 -2
19 22 40 83 -1 -2
23 28 44 85 -1 -2
33 43 53 91 -1 4 15 46 92 -1 -2
29 56 60 96 -1 10 21 58 90 -1 -2
2 35 50 69 -1 18 48 97 99 -1 -2
4 20 22 40 -1 17 34 42 75 -1 -2
16 52 60 61 -1 -2
2 33 62 75 -1 -2
5 12 36 72 -1 -2
24 50 60 98 -1 -2
11 23 50 81 -1 -2
3 20 32 36 -1 -2
14 24 41 100 -1 -2
34 36 50 67 -1 39 53 67 93 -1 -2
3 4 48 59 -1 -2
45 62 73 91 -1 -2
3 18 60 97 -1 -2
30 53 83 94 -1 -2
1 14 75 96 -1 56 66 82 94 -1 -2
29 57 75 92 -1 25 36 40 62 -1 -2
8 16 46 76 -1 -2
24 25 60 82 -1 2 4 34 90 -1 -2
41 43 65 85 -1 -2
44 62 67 87 -1 -2
17 22 72 97 -1 -2
3 36 64 82 -1 -2
11 18 46 52 -1 2 25 57 65 -1 -2
8 26 44 93 -1 -2
45 65 78 94 -1 2 14 55 88 -1 -2
6 36 53 97 -1 -2
1 16 24 80 -1 -2
54 55 75 95 -1 -2
29 44 67 84 -1 -2
1 19 20 29 -1 -2
12 34 37 95 -1 -2
9 50 56 100 -1 19 47 69 91 -1 -2
14 61 96 99 -1 -2
9 25 57 82 -1 -2
5 17 77 92 -1 -2
5 13 39 74 -1 -2
9 42 53 70 -1 -2
19 23 27 38 -1 -2
5 67 87 99 -1 -2
58 73 79 94 -1 -2
16 20 90 94 -1 33 52 53 82 -1 -2
28 42 81 95 -1 14 37 58 96 -1 -2
11 12 93 99 -1 -2
15 30 55 87 -1 -2
3 20 42 99 -1 -2
1 32 61 72 -1 62 74 76 84 -1 -2
8 20 24 89 -1 39 52 88 94 -1 -2
16 17 29 51 -1 -2
33 36 57 74 -1 -2
15 27 28 75 -1 26 35 77 82 -1 -2
3 31 40 84 -1 -2
18 31 52 78 -1 -2
72 74 85 90 -1 -2
12 69 73 87 -1 -2
2 55 76 77 -1 -2
17 72 78 92 -1 -2
62 64 88 91 -1 54 83 91 95 -1 -2
6 83 89 96 -1 -2
6 19 63 99 -1 -2
69 70 93 100 -1 -2
20 42 56 88 -1 -2
24 41 70 73 -1 8 39 57 68 -1 -2
33 65 83 93 -1 5 14 54 58 -1 -2
9 13 35 68 -1 -2
4 26 31 32 -1 37 45 84 91 -1 -2
11 27 38 56 -1 14 34 48 94 -1 -2
16 61 80 81 -1 19 36 42 86 -1 -2
43 54 68 97 -1 -2
46 51 74 99 -1 -2
10 34 66 100 -1 -2
40 63 81 93 -1 -2
34 53 85 91 -1 19 32 42 68 -1 -2
29 68 70 98 -1 23 39 54 91 -1 -2
2 19 31 68 -1 -2
13 17 37 88 -1 32 48 51 64 -1 -2
1 2 21 34 -1 8 46 50 60 -1 -2
26 61 62 83 -1 -2
26 41 69 75 -1 -2
22 42 69 91 -1 8 19 45 94 -1 -2
40 54 56 79 -1 16 20 85 93 -1 -2
2 54 68 95 -1 7 24 35 97 -1 -2
26 30 42 65 -1 -2
19 32 48 53 -1 -2
33 78 82 96 -1 -2
10 22 36 80 -1 35 49 68 91 -1 -2
25 26 28 34 -1 -2
9 34 63 71 -1 34 36 37 62 -1 -2
19 29 37 94 -1 21 65 95 99 -1 -2
5 6 49 59 -1 1 3 6 38 -1 -2
14 22 41 93 -1 -2
58 63 67 98 -1 32 54 59 89 -1 -2
5 25 34 63 -1 32 37 60 79 -1 -2
3 22 82 97 -1 -2
15 23 61 100 -1 -2
6 48 49 57 -1 -2
8 45 70 80 -1 5 10 73 78 -1 -2
13 20 53 59 -1 -2
14 21 52 84 -1 2 11 31 43 -1 -2
8 73 85 88 -1 -2
5 22 77 87 -1 -2
11 34 60 84 -1 -2
37 47 50 89 -1 3 38 40 71 -1 -2
17 26 34 95 -1 -2
44 49 81 98 -1 -2
17 26 56 76 -1 14 61 90 97 -1 -2
12 14 71 74 -1 -2
10 17 27 52 -1 3 59 60 91 -1 -2
23 63 90 95 -1 3 42 55 76 -1 -2
19 35 78 93 -1 -2
30 36 46 98 -1 -2
1 2 60 100 -1 1 54 62 86 -1 -2
12 28 70 84 -1 34 72 84 95 -1 -2
19 36 45 50 -1 -2
22 59 68 87 -1 -2
16 44 68 83 -1 8 48 49 80 -1 -2
48 49 51 52 -1 43 56 75 88 -1 -2
54 60 73 98 -1 -2
37 40 92 98 -1 -2
5 35 72 78 -1 -2
16 42 52 99 -1 -2
13 70 80 86 -1 -2
21 83 96 100 -1 -2
24 54 68 87 -1 12 27 33 91 -1 -2
12 37 45 63 -1 -2
24 54 61 91 -1 -2
36 44 79 85 -1 17 38 42 66 -1 -2
40 47 61 65 -1 -2
6 71 78 88 -1 -2
5 8 16 55 -1 -2
4 29 72 87 -1 -2
16 51 62 100 -1 -2
9 37 85 99 -1 50 81 95 100 -1 -2
13 15 17 47 -1 -2
4 33 85 93 -1 -2
19 34 65 66 -1 -2
9 27 57 72 -1 -2
11 51 70 86 -1 21 41 47 60 -1 -2
44 46 57 100 -1 65 71 77 80 -1 -2
23 30 46 100 -1 23 43 68 92 -1 -2
2 86 93 94 -1 -2
37 43 51 70 -1 4 6 40 45 -1 -2
24 66 76 79 -1 30 79 81 90 -1 -2
28 50 86 99 -1 30 66 69 84 -1 -2
44 49 68 88 -1 3 12 51 55 -1 -2
6 19 89 94 -1 -2
7 57 71 83 -1 -2
16 22 48 62 -1 31 43 73 79 -1 -2
19 29 30 61 -1 13 31 65 69 -1 -2
11 38 61 72 -1 13 70 71 77 -1 -2
5 30 41 86 -1 -2
16 33 42 55 -1 67 90 95 100 -1 -2
22 42 85 86 -1 4 26 69 76 -1 -2
37 44 66 96 -1 -2
24 62 79 99 -1 20 34 75 91 -1 -2
6 23 43 58 -1 52 57 62 64 -1 -2
1 10 18 59 -1 35 49 60 100 -1 -2
31 32 67 85 -1 -2
17 29 51 85 -1 18 68 85 98 -1 -2
8 11 67 77 -1 -2
4 33 75 100 -1 14 81 83 94 -1 -2
32 35 43 79 -1 -2
5 11 37 98 -1 6 8 13 97 -1 -2
65 67 76 88 -1 1 73 87 96 -1 -2
5 16 21 72 -1 14 33 35 57 -1 -2
4 20 23 83 -1 -2
16 48 54 85 -1 23 48 53 72 -1 -2
18 42 49 88 -1 -2
25 66 68 88 -1 -2
2 13 33 41 -1 9 33 76 93 -1 -2
73 76 77 89 -1 7 31 51 88 -1 -2
9 28 57 91 -1 -2
36 49 69 71 -1 2 27 47 60 -1 -2
7 29 35 89 -1 -2
9 51 84 98 -1 17 53 62 65 -1 -2
60 69 85 99 -1 -2
26 34 91 95 -1 59 73 90 92 -1 -2
4 19 52 53 -1 -2
9 50 51 80 -1 -2
23 81 93 97 -1 5 17 21 79 -1 -2
2 40 77 88 -1 -2
4 21 60 87 -1 20 33 73 91 -1 -2
1 7 16 73 -1 -2
69 81 84 98 -1 -2
21 57 68 94 -1 -2
17 29 85 96 -1 28 36 73 82 -1 -2
19 75 80 97 -1 26 88 93 99 -1 -2
20 41 45 74 -1 23 25 33 70 -1 -2
5 31 54 93 -1 -2
7 48 71 91 -1 -2
2 11 21 83 -1 -2
8 39 47 91 -1 3 43 47 93 -1 -2
17 34 45 89 -1 -2
8 30 65 76 -1 11 39 69 87 -1 -2
20 47 82 94 -1 -2
10 19 32 73 -1 44 49 60 62 -1 -2
14 35 62 82 -1 -2
18 25 35 49 -1 -2
2 3 28 77 -1 -2
28 33 45 59 -1 -2
8 56 59 68 -1 -2
18 58 59 95 -1 -2
67 69 79 83 -1 -2
15 32 72 82 -1 11 14 28 69 -1 -2
41 58 69 95 -1 52 67 74 83 -1 -2
16 34 65 70 -1 34 49 88 95 -1 -2
32 35 41 91 -1 14 35 41 59 -1 -2
48 60 86 94 -1 -2
11 34 43 76 -1 -2
1 20 23 57 -1 -2
43 55 61 81 -1 5 42 67 88 -1 -2
40 67 75 97 -1 -2
11 13 15 67 -1 -2
25 54 85 93 -1 -2
27 69 93 98 -1 24 72 82 100 -1 -2
38 59 64 85 -1 -2
49 55 57 75 -1 -2
44 79 86 96 -1 -2
69 79 83 92 -1 -2
7 50 72 84 -1 -2
28 35 71 76 -1 5 41 51 68 -1 -2
1 18 48 60 -1 2 43 69 94 -1 -2
8 11 45 46 -1 37 40 61 87 -1 -2
62 86 93 100 -1 27 31 32 97 -1 -2
21 41 92 100 -1 -2
38 60 87 100 -1 -2
38 43 83 88 -1 -2
31 41 42 49 -1 19 50 52 86 -1 -2
1 2 22 82 -1 -2
6 22 56 76 -1 11 31 73 89 -1 -2
20 67 88 95 -1 -2
41 55 95 100 -1 36 63 73 96 -1 -2
13 16 49 62 -1 -2
52 67 73 99 -1 43 74 81 99 -1 -2
19 49 62 73 -1 -2
71 72 84 88 -1 13 24 63 71 -1 -2
36 49 50 79 -1 -2
40 60 62 76 -1 6 26 35 58 -1 -2
14 61 67 81 -1 30 76 78 98 -1 -2
8 9 67 100 -1 -2
7 20 27 81 -1 -2
4 68 76 91 -1 31 60 63 94 -1 -2
42 55 64 97 -1 8 85 95 98 -1 -2
26 31 32 48 -1 1 22 29 87 -1 -2
10 11 35 39 -1 -2
4 26 36 60 -1 -2
18 65 81 95 -1 4 12 58 71 -1 -2
40 42 71 83 -1 17 24 82 100 -1 -2
43 63 81 89 -1 30 38 47 68 -1 -2
14 17 64 94 -1 5 17 22 26 -1 -2
4 48 53 80 -1 39 47 67 90 -1 -2
14 18 47 70 -1 27 62 63 90 -1 -2
6 38 59 60 -1 -2
13 26 34 67 -1 11 52 85 87 -1 -2
5 18 77 78 -1 -2
17 28 29 87 -1 4 13 66 82 -1 -2
19 30 55 91 -1 14 23 61 99 -1 -2
4 17 96 100 -1 -2
4 17 42 75 -1 1 32 46 66 -1 -2
13 67 69 100 -1 -2
42 53 62 70 -1 1 40 62 93 -1 -2
15 39 45 64 -1 -2
40 46 62 88 -1 -2
49 54 62 99 -1 29 67 68 86 -1 -2
33 59 64 85 -1 73 82 83 90 -1 -2
24 68 74 89 -1 -2
8 12 27 47 -1 4 5 82 89 -1 -2
2 7 67 69 -1 -2
62 69 70 83 -1 -2
10 34 63 99 -1 -2
2 28 67 75 -1 61 62 64 100 -1 -2
1 60 66 71 -1 13 32 39 50 -1 -2
33 39 53 75 -1 -2
6 83 92 95 -1 -2
2 12 21 72 -1 -2
44 66 71 86 -1 -2
33 42 69 90 -1 -2
1 38 78 97 -1 -2
16 20 88 96 -1 -2
30 70 74 99 -1 55 64 73 94 -1 -2
1 39 56 98 -1 10 45 56 70 -1 -2
6 15 23 24 -1 6 7 32 92 -1 -2
39 49 94 98 -1 11 49 54 87 -1 -2
21 32 64 83 -1 9 38 40 96 -1 -2
16 21 54 90 -1 -2
35 40 86 91 -1 -2
41 46 58 98 -1 59 62 70 83 -1 -2
13 63 76 93 -1 62 72 80 90 -1 -2
18 38 55 68 -1 -2
8 12 67 90 -1 -2
29 40 43 92 -1 24 30 60 66 -1 -2
5 25 34 73 -1 -2
22 41 50 89 -1 14 26 33 97 -1 -2
18 19 29 69 -1 9 62 63 70 -1 -2
45 55 89 92 -1 -2
2 24 61 75 -1 36 78 83 92 -1 -2
7 29 40 87 -1 18 29 48 73 -1 -2
12 58 64 99 -1 -2
18 81 92 93 -1 -2
8 34 61 62 -1 -2
7 42 56 88 -1 -2
62 66 91 92 -1 -2
16 18 67 88 -1 3 48 64 83 -1 -2
5 20 36 87 -1 25 30 53 72 -1 -2
49 56 89 94 -1 -2
24 55 74 100 -1 57 65 67 69 -1 -2
17 27 83 92 -1 48 59 66 89 -1 -2
37 61 76 91 -1 -2
1 53 65 92 -1 4 27 49 52 -1 -2
56 71 75 76 -1 -2
6 34 58 70 -1 -2
5 44 55 61 -1 32 58 65 94 -1 -2
18 28 47 71 -1 -2
19 37 71 95 -1 -2
9 11 81 84 -1 17 50 78 95 -1 -2
4 45 58 70 -1 -2
13 44 87 100 -1 -2
22 46 81 87 -1 20 29 96 97 -1 -2
14 36 61 73 -1 39 59 79 83 -1 -2
22 52 59 61 -1 23 28 48 68 -1 -2
6 10 86 94 -1 13 66 71 78 -1 -2
22 64 90 100 -1 -2
22 49 85 86 -1 -2
21 38 47 65 -1 7 39 62 67 -1 -2
2 15 30 57 -1 24 27 37 40 -1 -2
1 12 69 95 -1 17 45 52 93 -1 -2
7 19 47 97 -1 31 37 59 63 -1 -2
13 17 62 97 -1 7 12 52 58 -1 -2
7 17 38 75 -1 8 58 68 75 -1 -2
3 34 43 74 -1 -2
24 31 32 62 -1 10 60 82 97 -1 -2
3 6 15 49 -1 -2
8 11 27 89 -1 -2
3 32 34 65 -1 -2
17 23 50 83 -1 -2
81 83 92 97 -1 -2
53 62 81 98 -1 11 18 56 68 -1 -2
29 40 61 65 -1 -2
2 25 55 94 -1 26 77 78 86 -1 -2
2 26 44 84 -1 37 49 50 67 -1 -2
37 52 64 80 -1 18 19 68 91 -1 -2
49 54 56 62 -1 -2
26 76 88 98 -1 8 9 15 87 -1 -2
43 47 59 88 -1 -2
45 52 90 97 -1 7 22 49 88 -1 -2
20 24 54 82 -1 -2
32 43 47 53 -1 -2
12 33 35 100 -1 -2
29 48 58 59 -1 1 56 78 90 -1 -2
21 22 65 89 -1 -2
6 20 79 82 -1 -2
15 37 51 85 -1 14 24 33 77 -1 -2
6 28 65 74 -1 -2
3 62 80 84 -1 -2
29 78 82 95 -1 -2
32 95 96 97 -1 11 74 83 92 -1 -2
40 66 67 89 -1 9 39 75 98 -1 -2
14 39 51 66 -1 -2
12 45 68 71 -1 -2
3 10 87 96 -1 -2
5 38 41 80 -1 35 81 91 99 -1 -2
34 38 60 97 -1 51 64 69 100 -1 -2
24 37 47 90 -1 -2
41 50 66 97 -1 -2
60 65 69 71 -1 46 52 79 99 -1 -2
21 32 56 81 -1 19 38 41 52 -1 -2
8 11 59 77 -1 12 49 54 90 -1 -2
11 15 49 88 -1 3 5 31 35 -1 -2
3 6 9 61 -1 -2
2 22 40 95 -1 -2
13 15 35 51 -1 -2
46 49 68 77 -1 -2
57 77 91 100 -1 23 49 77 78 -1 -2
4 54 77 100 -1 37 60 74 82 -1 -2
4 36 47 84 -1 -2
11 18 61 85 -1 9 51 56 63 -1 -2
61 70 71 89 -1 38 40 48 74 -1 -2
3 73 87 89 -1 -2
31 54 63 91 -1 27 72 89 92 -1 -2
20 29 30 39 -1 2 67 82 89 -1 -2
37 43 85 86 -1 -2
25 43 74 94 -1 6 21 53 99 -1 -2
32 78 81 97 -1 59 71 75 91 -1 -2
3 42 50 88 -1 -2
20 52 86 99 -1 10 35 71 84 -1 -2
38 57 79 96 -1 13 28 33 41 -1 -2
4 27 68 94 -1 -2
8 49 85 99 -1 26 32 40 60 -1 -2
33 40 88 95 -1 7 65 99 100 -1 -2
40 50 60 63 -1 -2
28 41 68 90 -1 -2
42 43 85 88 -1 -2
54 62 81 98 -1 40 46 57 96 -1 -2
4 6 76 99 -1 -2
12 25 48 81 -1 7 28 37 56 -1 -2
5 29 63 75 -1 38 48 50 90 -1 -2
10 30 32 49 -1 -2
2 20 53 74 -1 -2
37 45 82 97 -1 -2
17 18 43 64 -1 -2
13 29 58 81 -1 7 22 26 74 -1 -2
3 46 65 85 -1 -2
11 55 60 65 -1 -2
1 38 66 70 -1 9 56 58 99 -1 -2
30 33 41 86 -1 3 25 43 68 -1 -2
8 37 67 87 -1 34 59 77 89 -1 -2
26 57 59 92 -1 38 68 77 99 -1 -2
6 21 65 85 -1 8 60 78 85 -1 -2
12 19 56 64 -1 1 8 50 59 -1 -2
25 38 67 78 -1 -2
13 17 19 58 -1 -2
21 69 90 94 -1 13 40 53 63 -1 -2
5 16 56 57 -1 -2
4 30 58 80 -1 42 50 55 90 -1 -2
28 63 69 73 -1 -2
45 47 51 73 -1 10 39 42 71 -1 -2
3 6 27 59 -1 -2
36 56 80 99 -1 10 17 51 85 -1 -2
20 54 96 98 -1 -2
3 8 24 49 -1 -2
7 29 49 67 -1 -2
17 90 94 95 -1 21 42 63 96 -1 -2
41 57 63 75 -1 -2
25 43 55 86 -1 7 32 97 98 -1 -2
1 22 58 82 -1 1 20 59 68 -1 -2
7 11 43 56 -1 31 41 68 98 -1 -2
23 37 56 66 -1 9 26 35 51 -1 -2
4 49 55 99 -1 -2
11 37 65 91 -1 -2
36 49 62 73 -1 -2
6 79 86 93 -1 -2
34 37 65 88 -1 6 21 28 48 -1 -2
6 29 35 51 -1 -2
38 46 68 78 -1 33 58 88 96 -1 -2
21 59 77 84 -1 10 11 31 58 -1 -2
2 13 29 50 -1 -2
24 42 72 98 -1 10 39 66 67 -1 -2
3 15 22 47 -1 -2
7 17 52 65 -1 -2
5 16 38 67 -1 -2
71 82 89 92 -1 -2
26 50 71 74 -1 -2
2 11 72 73 -1 -2
40 49 72 96 -1 19 57 79 86 -1 -2
15 18 89 91 -1 -2
18 26 69 99 -1 28 29 55 79 -1 -2
24 78 90 93 -1 -2
13 50 76 93 -1 -2
3 29 43 63 -1 16 52 63 96 -1 -2
2 25 64 78 -1 7 21 50 92 -1 -2
6 31 87 97 -1 21 27 43 54 -1 -2
7 33 37 46 -1 -2
27 47 56 84 -1 50 53 63 99 -1 -2
2 8 52 89 -1 -2
5 21 59 93 -1 26 35 52 61 -1 -2
10 39 60 81 -1 -2
6 7 39 60 -1 41 64 78 80 -1 -2
16 20 23 25 -1 -2
24 35 48 60 -1 -2
11 13 92 97 -1 -2
20 23 47 56 -1 29 32 52 89 -1 -2
36 65 84 95 -1 24 33 39 78 -1 -2
4 20 64 90 -1 3 34 38 88 -1 -2
7 32 33 82 -1 -2
23 36 62 71 -1 -2
29 65 66 73 -1 2 18 28 54 -1 -2
11 27 34 38 -1 -2
53 67 69 94 -1 15 51 83 85 -1 -2
7 22 79 93 -1 -2
33 39 58 87 -1 -2
4 14 45 67 -1 -2
5 53 87 95 -1 3 12 74 78 -1 -2
8 63 71 84 -1 9 52 75 90 -1 -2
30 60 80 88 -1 -2
26 27 53 84 -1 1 2 38 57 -1 -2
32 67 69 85 -1 -2
28 45 73 90 -1 14 18 50 85 -1 -2
12 46 74 77 -1 -2
54 55 73 95 -1 -2
20 23 28 87 -1 -2
49 55 60 94 -1 -2
14 17 28 49 -1 29 35 84 85 -1 -2
22 30 55 93 -1 -2
17 59 69 89 -1 -2
16 24 25 51 -1 2 44 84 86 -1 -2
20 34 57 72 -1 -2
1 7 48 88 -1 -2
21 55 57 89 -1 12 34 53 83 -1 -2
11 29 38 62 -1 -2
14 31 61 99 -1 -2
73 74 82 91 -1 15 54 83 91 -1 -2
13 38 48 93 -1 -2
64 69 76 80 -1 -2
19 27 42 51 -1 4 35 93 95 -1 -2
29 36 52 89 -1 65 72 82 91 -1 -2
50 88 92 95 -1 -2
34 36 62 71 -1 -2
40 64 79 80 -1 4 11 75 77 -1 -2
10 11 66 81 -1 1 7 27 51 -1 -2
11 35 53 60 -1 -2
25 46 52 95 -1 -2
25 32 63 92 -1 -2
39 60 61 98 -1 4 8 38 63 -1 -2
7 60 67 70 -1 37 67 68 97 -1 -2
4 36 66 98 -1 21 50 55 61 -1 -2
12 13 42 99 -1 -2
3 4 37 50 -1 -2
10 33 50 99 -1 -2
10 36 45 52 -1 62 88 93 100 -1 -2
42 68 88 90 -1 12 46 60 100 -1 -2
10 24 32 36 -1 -2
20 64 93 100 -1 34 46 79 96 -1 -2
10 14 53 84 -1 8 20 34 63 -1 -2
12 20 32 69 -1 -2
7 22 47 85 -1 38 45 54 75 -1 -2
20 87 93 98 -1 12 23 89 99 -1 -2
13 44 58 93 -1 40 83 89 98 -1 -2
1 22 44 77 -1 -2
12 22 31 62 -1 -2
8 62 83 91 -1 23 25 43 88 -1 -2
1 17 28 43 -1 -2
2 51 63 93 -1 -2
29 34 56 95 -1 15 36 45 98 -1 -2
30 34 37 64 -1 -2
7 10 18 73 -1 -2
11 30 54 72 -1 20 38 39 57 -1 -2
16 37 49 100 -1 -2
2 23 68 69 -1 -2
35 75 85 96 -1 8 25 42 88 -1 -2
9 41 53 83 -1 -2
40 71 72 95 -1 8 19 33 64 -1 -2
2 11 65 84 -1 4 45 50 72 -1 -2
1 30 55 65 -1 -2
12 51 53 56 -1 -2
40 42 54 64 -1 5 27 58 72 -1 -2
58 59 60 77 -1 -2
38 42 43 60 -1 10 11 15 70 -1 -2
37 45 48 99 -1 -2
17 33 60 86 -1 -2
7 20 96 100 -1 -2
7 55 85 90 -1 -2
3 79 85 98 -1 11 12 29 65 -1 -2
3 31 59 67 -1 28 45 56 97 -1 -2
33 47 51 66 -1 -2
63 64 71 83 -1 53 78 91 97 -1 -2
30 35 70 90 -1 6 59 62 92 -1 -2
3 12 40 83 -1 7 18 90 94 -1 -2
34 43 68 70 -1 53 65 95 98 -1 -2
29 34 42 55 -1 63 82 89 95 -1 -2
14 39 46 85 -1 7 76 87 94 -1 -2
10 11 23 99 -1 -2
20 25 29 85 -1 12 55 67 70 -1 -2
39 69 70 80 -1 -2
8 17 59 81 -1 46 66 91 99 -1 -2
35 45 57 79 -1 -2
19 47 56 87 -1 -2
19 34 45 57 -1 -2
19 25 26 97 -1 47 57 76 83 -1 -2
17 36 73 80 -1 -2
4 15 53 63 -1 2 36 66 85 -1 -2
24 64 72 77 -1 5 26 50 81 -1 -2
18 22 48 62 -1 5 66 68 84 -1 -2
39 72 73 80 -1 -2
1 6 31 39 -1 14 16 31 87 -1 -2
14 47 61 100 -1 25 56 60 76 -1 -2
72 78 93 96 -1 -2
40 55 80 90 -1 10 13 33 92 -1 -2
3 18 79 95 -1 -2
20 54 65 80 -1 -2
7 22 44 82 -1 -2
19 55 69 95 -1 -2
15 36 67 80 -1 -2
1 16 25 26 -1 -2
3 32 86 93 -1 27 31 54 83 -1 -2
34 84 90 99 -1 -2
41 58 70 72 -1 -2
33 36 48 88 -1 -2
17 21 40 96 -1 -2
10 23 82 95 -1 15 66 75 87 -1 -2
8 27 48 68 -1 12 31 70 83 -1 -2
40 69 70 87 -1 6 18 85 87 -1 -2
21 52 61 74 -1 7 48 76 83 -1 -2
5 28 49 78 -1 52 81 91 100 -1 -2
16 37 50 92 -1 -2
36 45 81 97 -1 -2
34 45 67 89 -1 -2
42 64 65 87 -1 28 46 69 96 -1 -2
24 40 65 74 -1 6 29 50 74 -1 -2
2 31 48 66 -1 -2
50 67 85 99 -1 -2
21 34 39 96 -1 14 25 48 92 -1 -2
6 20 77 96 -1 -2
40 43 76 87 -1 -2
4 24 41 42 -1 -2
30 82 95 97 -1 11 24 34 98 -1 -2
21 58 63 82 -1 -2
19 68 69 99 -1 -2
36 53 65 68 -1 -2
8 22 44 81 -1 6 27 38 88 -1 -2
37 59 60 94 -1 8 72 79 97 -1 -2
17 84 85 91 -1 -2
5 32 60 85 -1 6 21 24 69 -1 -2
35 60 68 85 -1 22 48 60 85 -1 -2
26 33 40 74 -1 8 13 32 75 -1 -2
18 34 73 85 -1 32 63 91 97 -1 -2
4 42 68 99 -1 -2
31 33 64 78 -1 15 29 50 86 -1 -2
7 13 68 96 -1 -2
12 18 54 66 -1 9 51 88 90 -1 -2
7 21 31 68 -1 19 34 52 95 -1 -2
29 73 76 92 -1 -2
36 37 59 67 -1 22 36 63 88 -1 -2
5 9 20 70 -1 16 21 82 92 -1 -2
25 49 71 72 -1 -2
1 17 30 51 -1 -2
3 18 28 41 -1 -2
1 17 23 79 -1 -2
40 58 77 92 -1 57 70 76 87 -1 -2
2 29 34 90 -1 19 20 55 84 -1 -2
7 13 57 61 -1 2 49 52 64 -1 -2
29 55 95 99 -1 -2
61 65 86 99 -1 -2
24 27 36 95 -1 23 27 34 71 -1 -2
16 34 42 60 -1 8 55 96 98 -1 -2
24 55 75 98 -1 11 23 51 77 -1 -2
1 29 57 91 -1 1 46 63 89 -1 -2
68 86 87 88 -1 -2
50 75 87 88 -1 59 83 95 98 -1 -2
37 85 93 100 -1 -2
25 44 79 97 -1 -2
8 15 52 96 -1 48 65 76 89 -1 -2
55 73 77 93 -1 42 44 54 70 -1 -2
24 58 65 90 -1 -2
3 23 51 76 -1 33 55 64 82 -1 -2
1 3 70 84 -1 -2
6 8 87 90 -1 51 56 72 80 -1 -2
4 67 71 97 -1 -2
9 15 57 96 -1 -2
14 42 88 91 -1 11 22 40 77 -1 -2
43 50 53 79 -1 -2
6 28 32 48 -1 16 29 50 58 -1 -2
15 21 52 85 -1 -2
20 32 66 76 -1 6 11 67 73 -1 -2
14 35 56 94 -1 -2
11 64 66 69 -1 7 51 60 83 -1 -2
22 33 70 96 -1 55 70 81 93 -1 -2
8 12 20 84 -1 24 25 32 56 -1 -2
10 44 82 99 -1 -2
13 20 41 93 -1 -2
21 23 33 77 -1 -2
22 84 85 88 -1 -2
2 22 32 67 -1 78 79 90 100 -1 -2
24 26 46 90 -1 17 42 83 100 -1 -2
22 27 39 90 -1 -2
22 59 70 77 -1 -2
6 15 60 93 -1 -2
4 79 85 86 -1 10 34 89 92 -1 -2
3 26 28 91 -1 2 14 55 76 -1 -2
8 19 39 92 -1 -2
29 42 88 97 -1 30 51 79 92 -1 -2
31 41 43 62 -1 20 69 80 88 -1 -2
4 9 10 75 -1 20 39 49 78 -1 -2
28 32 47 92 -1 -2
10 40 59 83 -1 -2
47 58 59 89 -1 30 41 49 57 -1 -2
52 84 85 98 -1 1 39 52 55 -1 -2
14 30 38 81 -1 4 16 94 100 -1 -2
3 8 87 100 -1 19 46 51 63 -1 -2
22 47 89 96 -1 -2
20 38 41 48 -1 -2
8 23 40 65 -1 -2
27 61 63 92 -1 -2
23 29 47 58 -1 -2
3 13 37 82 -1 -2
39 63 67 69 -1 -2
14 22 38 60 -1 19 20 52 55 -1 -2
37 76 87 99 -1 5 33 47 79 -1 -2
55 65 68 87 -1 -2
35 46 50 56 -1 14 27 36 62 -1 -2
31 36 39 66 -1 46 78 80 84 -1 -2
8 19 21 48 -1 26 39 66 98 -1 -2
1 27 80 85 -1 -2
33 63 72 91 -1 14 25 64 70 -1 -2
17 47 85 87 -1 -2
13 21 82 94 -1 -2
5 30 55 82 -1 9 21 56 92 -1 -2
41 59 73 95 -1 6 8 19 69 -1 -2
52 57 78 80 -1 -2
10 27 82 96 -1 -2
10 23 33 43 -1 24 41 49 99 -1 -2
10 48 55 80 -1 1 15 44 87 -1 -2
7 27 72 85 -1 -2
25 68 71 98 -1 3 51 56 91 -1 -2
58 61 70 100 -1 27 33 57 94 -1 -2
5 28 53 97 -1 6 13 34 81 -1 -2
90 92 93 98 -1 -2
26 39 50 92 -1 26 35 48 56 -1 -2
44 69 70 97 -1 -2
15 45 87 99 -1 20 30 83 91 -1 -2
35 73 81 89 -1 -2
16 27 29 69 -1 20 24 45 49 -1 -2
9 14 63 96 -1 22 46 55 64 -1 -2
17 54 65 88 -1 -2
20 27 50 56 -1 15 26 35 98 -1 -2
4 32 48 60 -1 -2
1 5 7 89 -1 -2
16 25 67 95 -1 -2
31 40 47 49 -1 56 64 67 85 -1 -2
12 40 55 77 -1 2 29 51 98 -1 -2
2 15 20 23 -1 19 40 47 72 -1 -2
39 41 46 76 -1 3 27 46 50 -1 -2
10 15 18 33 -1 -2
4 30 71 95 -1 -2
4 11 25 51 -1 -2
15 17 23 80 -1 3 12 20 33 -1 -2
5 12 19 90 -1 -2
1 81 86 92 -1 75 76 81 97 -1 -2
13 21 34 52 -1 -2
18 61 72 100 -1 11 31 49 71 -1 -2
17 30 34 45 -1 -2
13 23 26 42 -1 13 21 28 40 -1 -2
11 12 40 79 -1 7 18 25 85 -1 -2
1 14 56 82 -1 8 43 72 77 -1 -2
30 46 74 80 -1 21 36 80 100 -1 -2
19 46 48 54 -1 -2
35 41 73 84 -1 27 70 76 87 -1 -2
5 11 16 36 -1 6 21 29 56 -1 -2
15 57 77 88 -1 -2
13 22 47 93 -1 22 59 63 100 -1 -2
5 21 48 93 -1 12 55 68 74 -1 -2
26 33 75 79 -1 2 10 56 74 -1 -2
44 66 70 78 -1 -2
1 4 52 55 -1 -2
37 61 67 70 -1 -2
4 32 71 91 -1 -2
58 76 78 80 -1 -2
55 60 76 95 -1 -2
20 33 75 97 -1 -2
4 37 75 84 -1 -2
4 51 78 81 -1 -2
13 20 75 93 -1 -2
10 21 25 68 -1 -2
8 60 64 93 -1 -2
17 89 96 99 -1 21 22 55 61 -1 -2
7 17 92 100 -1 -2
26 38 45 87 -1 -2
24 28 82 89 -1 10 12 21 37 -1 -2
16 46 69 84 -1 -2
8 42 49 64 -1 -2
31 41 55 66 -1 -2
30 32 40 56 -1 15 20 64 87 -1 -2
40 68 78 85 -1 -2
1 59 72 83 -1 30 32 85 91 -1 -2
50 53 62 100 -1 13 69 76 94 -1 -2
47 73 89 94 -1 -2
8 41 56 59 -1 -2
6 11 26 55 -1 6 13 51 96 -1 -2
25 27 94 96 -1 59 64 88 97 -1 -2
2 45 79 87 -1 16 74 80 92 -1 -2
7 8 47 87 -1 -2
1 39 41 67 -1 -2
2 38 63 84 -1 -2
32 46 61 68 -1 17 45 82 88 -1 -2
26 54 66 92 -1 2 23 28 52 -1 -2
39 66 84 85 -1 -2
4 51 77 80 -1 10 15 74 79 -1 -2
19 38 51 74 -1 6 55 56 76 -1 -2
19 23 44 82 -1 2 39 43 74 -1 -2
37 80 85 91 -1 -2
15 58 65 69 -1 1 45 93 100 -1 -2
13 43 52 61 -1 -2
32 35 37 88 -1 -2
10 21 43 50 -1 17 32 45 77 -1 -2
74 79 88 100 -1 -2
7 25 69 75 -1 22 36 71 79 -1 -2
18 33 81 85 -1 -2
13 32 79 84 -1 -2
4 29 36 65 -1 1 19 28 44 -1 -2
23 27 42 99 -1 -2
33 46 48 88 -1 17 20 27 76 -1 -2
36 57 75 79 -1 18 43 66 97 -1 -2
3 17 19 69 -1 13 16 28 42 -1 -2
19 21 26 78 -1 57 60 61 83 -1 -2
4 10 24 63 -1 -2
20 31 42 53 -1 -2
9 20 22 99 -1 32 70 72 76 -1 -2
66 81 86 90 -1 1 7 20 38 -1 -2
18 44 49 92 -1 20 30 74 96 -1 -2
25 27 92 97 -1 36 47 50 97 -1 -2
27 31 44 83 -1 3 42 91 96 -1 -2
7 9 42 74 -1 24 27 47 50 -1 -2
38 46 65 77 -1 13 19 79 97 -1 -2
2 45 49 52 -1 13 18 40 51 -1 -2
48 61 69 80 -1 31 33 40 89 -1 -2
11 33 46 89 -1 26 53 78 85 -1 -2
23 38 59 90 -1 13 28 34 36 -1 -2
10 74 83 89 -1 7 52 71 75 -1 -2
20 44 62 100 -1 30 31 70 92 -1 -2
22 65 67 76 -1 -2
4 18 34 54 -1 -2
7 9 29 76 -1 4 57 70 81 -1 -2
33 38 76 89 -1 -2
11 64 68 70 -1 21 63 76 87 -1 -2
1 3 26 58 -1 10 13 24 29 -1 -2
4 30 64 85 -1 -2
14 68 75 89 -1 6 22 35 54 -1 -2
11 17 82 95 -1 43 48 89 91 -1 -2
10 28 35 99 -1 21 42 55 81 -1 -2
36 44 52 66 -1 -2
14 32 47 100 -1 -2
20 81 89 92 -1 -2
21 32 40 66 -1 18 33 56 84 -1 -2
39 64 75 86 -1 10 21 56 89 -1 -2
27 76 92 97 -1 -2
39 48 68 70 -1 -2
4 30 48 75 -1 -2
18 46 79 87 -1 7 29 95 99 -1 -2
8 32 59 81 -1 -2
17 33 61 79 -1 -2
62 64 88 97 -1 27 38 78 84 -1 -2
60 94 96 99 -1 12 49 85 98 -1 -2
15 27 32 40 -1 38 48 62 81 -1 -2
26 46 69 73 -1 63 68 74 79 -1 -2
24 28 49 91 -1 18 30 43 46 -1 -2
14 88 90 95 -1 7 20 28 49 -1 -2
37 40 72 88 -1 15 39 61 94 -1 -2
31 57 89 96 -1 -2
13 22 58 73 -1 -2
