52 61 72 77 -1 31 35 39 94 -1 18 28 33 52 -1 18 73 76 87 -1 21 55 68 86 -1 10 78 79 85 -1 36 46 54 71 -1 11 56 74 82 -1 -2
12 41 75 100 -1 15 16 76 83 -1 20 36 94 98 -1 49 51 78 98 -1 -2
34 85 89 98 -1 6 23 79 80 -1 15 24 26 92 -1 17 77 92 97 -1 39 44 61 91 -1 26 33 35 66 -1 -2
16 25 53 100 -1 24 44 55 58 -1 27 44 76 88 -1 25 48 84 94 -1 -2
27 41 48 84 -1 13 54 98 99 -1 11 14 20 90 -1 12 50 53 54 -1 9 30 70 78 -1 5 69 77 81 -1 -2
42 65 66 88 -1 1 3 34 71 -1 20 45 47 66 -1 -2
32 69 74 96 -1 -2
19 53 55 82 -1 4 24 43 90 -1 2 19 68 94 -1 48 65 77 83 -1 31 56 67 96 -1 -2
3 17 50 96 -1 39 76 77 94 -1 7 31 52 78 -1 53 56 71 99 -1 1 43 51 72 -1 15 16 59 93 -1 -2
7 28 32 88 -1 20 65 70 76 -1 3 10 33 57 -1 -2
2 71 92 96 -1 14 38 41 93 -1 34 53 64 97 -1 10 16 87 91 -1 -2
31 74 80 87 -1 7 19 37 43 -1 8 41 47 76 -1 40 52 84 98 -1 24 32 33 80 -1 17 25 53 65 -1 11 60 76 99 -1 3 10 76 99 -1 -2
33 40 53 74 -1 3 10 29 42 -1 -2
21 63 88 96 -1 67 82 90 91 -1 16 41 59 85 -1 1 12 29 59 -1 -2
22 43 47 97 -1 -2
15 16 28 61 -1 21 25 81 96 -1 13 25 60 65 -1 13 26 40 96 -1 1 12 34 45 -1 22 29 69 74 -1 -2
6 28 53 83 -1 1 42 62 79 -1 -2
7 75 89 94 -1 9 10 73 97 -1 8 51 75 93 -1 16 78 85 98 -1 -2
24 59 76 97 -1 -2
21 63 74 80 -1 -2
7 20 45 73 -1 14 48 53 81 -1 8 21 57 69 -1 4 30 64 85 -1 14 33 57 63 -1 -2
29 54 75 95 -1 3 36 80 95 -1 11 34 52 87 -1 8 22 33 50 -1 1 22 56 80 -1 49 71 91 97 -1 -2
5 55 81 93 -1 -2
23 30 48 97 -1 25 28 79 100 -1 15 17 36 77 -1 22 57 84 94 -1 23 43 67 96 -1 8 32 34 37 -1 16 26 43 98 -1 16 43 70 77 -1 -2
5 39 83 97 -1 14 66 68 82 -1 8 15 57 92 -1 -2
37 40 44 78 -1 11 27 87 90 -1 2 14 66 99 -1 16 47 56 97 -1 -2
2 50 52 72 -1 15 47 79 87 -1 8 30 43 68 -1 4 24 32 40 -1 5 47 58 67 -1 15 24 66 93 -1 12 27 61 80 -1 -2
20 42 50 100 -1 18 35 52 72 -1 27 46 94 99 -1 13 88 92 95 -1 28 51 62 85 -1 13 52 54 80 -1 21 48 84 95 -1 -2
11 54 75 77 -1 4 39 67 76 -1 8 19 75 81 -1 -2
47 81 82 83 -1 15 38 53 72 -1 4 76 77 96 -1 47 48 61 72 -1 32 63 75 80 -1 -2
23 67 73 96 -1 17 34 70 73 -1 14 37 47 56 -1 2 19 24 77 -1 4 37 53 85 -1 29 30 41 64 -1 -2
32 34 81 84 -1 3 36 50 99 -1 6 25 49 51 -1 3 11 78 98 -1 39 44 87 91 -1 24 25 41 43 -1 1 63 78 83 -1 -2
14 33 46 54 -1 -2
5 23 44 97 -1 3 18 32 58 -1 5 8 22 57 -1 4 25 47 84 -1 -2
5 47 53 92 -1 49 54 66 93 -1 24 28 35 76 -1 13 56 66 95 -1 16 26 62 68 -1 -2
23 34 50 91 -1 3 30 59 99 -1 11 12 34 95 -1 17 40 52 79 -1 -2
28 35 50 86 -1 3 8 22 28 -1 14 18 42 87 -1 21 50 54 72 -1 25 44 64 78 -1 5 50 58 75 -1 -2
53 60 61 89 -1 17 37 56 84 -1 8 22 63 76 -1 -2
3 20 73 84 -1 4 12 29 42 -1 50 54 76 82 -1 20 32 45 96 -1 38 59 78 90 -1 48 68 77 89 -1 47 53 56 73 -1 27 28 46 79 -1 -2
36 58 59 89 -1 14 20 34 38 -1 34 35 37 71 -1 28 67 89 98 -1 19 32 49 97 -1 7 29 66 87 -1 -2
14 58 76 78 -1 9 35 85 95 -1 27 29 57 93 -1 25 67 70 89 -1 29 50 53 58 -1 66 82 88 92 -1 -2
11 63 65 100 -1 3 20 32 59 -1 3 6 26 63 -1 3 11 51 54 -1 23 25 30 80 -1 42 53 72 92 -1 15 59 81 94 -1 21 32 63 70 -1 -2
5 9 32 51 -1 17 54 75 86 -1 21 30 40 55 -1 21 60 69 91 -1 -2
6 53 86 95 -1 11 17 36 62 -1 1 25 76 93 -1 -2
55 62 69 100 -1 16 24 31 57 -1 2 6 15 47 -1 17 19 45 95 -1 60 73 75 92 -1 30 49 60 90 -1 3 9 15 55 -1 -2
25 46 70 93 -1 39 81 82 99 -1 29 67 71 84 -1 -2
21 38 58 69 -1 34 69 82 90 -1 58 59 78 88 -1 17 28 43 45 -1 32 33 69 75 -1 22 32 56 77 -1 26 40 88 99 -1 11 19 68 89 -1 -2
14 41 55 74 -1 6 73 74 82 -1 13 37 77 85 -1 -2
24 45 67 79 -1 46 57 66 79 -1 6 35 39 88 -1 14 52 68 93 -1 40 57 63 88 -1 16 57 94 99 -1 6 44 60 86 -1 -2
17 35 37 56 -1 5 25 52 78 -1 24 34 35 95 -1 12 25 40 99 -1 39 58 86 89 -1 28 35 44 94 -1 39 58 61 88 -1 7 18 60 75 -1 -2
21 40 67 100 -1 23 47 62 69 -1 8 24 38 56 -1 5 42 66 87 -1 5 55 60 96 -1 13 27 39 89 -1 -2
42 45 68 81 -1 22 47 50 88 -1 23 52 57 63 -1 -2
5 21 75 98 -1 27 42 59 80 -1 4 72 85 95 -1 15 18 61 96 -1 -2
2 9 19 68 -1 22 44 61 79 -1 68 69 73 74 -1 8 13 35 98 -1 3 30 33 37 -1 -2
41 51 53 84 -1 6 36 45 83 -1 -2
3 26 33 75 -1 -2
11 17 31 36 -1 47 55 77 84 -1 12 35 77 100 -1 23 37 49 94 -1 7 12 19 24 -1 2 9 29 73 -1 20 30 57 84 -1 34 35 44 49 -1 -2
23 27 39 58 -1 31 48 91 92 -1 21 26 70 76 -1 5 40 61 88 -1 65 67 71 95 -1 1 9 67 96 -1 -2
46 59 76 97 -1 23 32 33 92 -1 18 45 57 70 -1 9 45 79 93 -1 24 55 61 78 -1 21 31 46 54 -1 19 66 67 86 -1 -2
19 76 87 97 -1 -2
25 32 60 75 -1 51 56 59 90 -1 12 26 49 86 -1 58 60 61 64 -1 27 73 80 95 -1 2 35 70 79 -1 1 8 13 57 -1 4 8 18 77 -1 -2
30 72 78 93 -1 28 63 75 82 -1 -2
38 41 51 73 -1 -2
8 17 31 91 -1 52 64 69 100 -1 14 15 43 52 -1 16 65 73 93 -1 -2
53 58 86 95 -1 -2
25 37 42 68 -1 -2
17 38 45 86 -1 23 47 56 69 -1 12 56 77 96 -1 36 58 72 79 -1 11 27 43 44 -1 -2
8 23 37 88 -1 16 34 53 58 -1 31 69 73 75 -1 7 53 66 88 -1 26 57 70 89 -1 21 31 50 93 -1 -2
6 38 64 70 -1 43 65 82 96 -1 12 26 31 56 -1 47 87 88 93 -1 26 48 77 98 -1 22 23 64 76 -1 -2
14 23 27 58 -1 41 46 58 72 -1 39 65 79 97 -1 12 73 81 87 -1 1 39 84 98 -1 -2
26 32 65 92 -1 18 61 84 89 -1 34 61 88 91 -1 34 52 56 61 -1 15 28 30 97 -1 -2
3 69 76 81 -1 4 5 8 36 -1 41 47 72 80 -1 11 21 38 41 -1 63 74 94 98 -1 5 24 51 80 -1 -2
39 41 69 98 -1 5 30 52 68 -1 11 15 41 73 -1 18 63 76 81 -1 23 33 35 61 -1 -2
11 27 52 68 -1 2 27 36 65 -1 7 59 85 99 -1 21 70 82 90 -1 36 75 83 86 -1 41 47 57 78 -1 4 20 34 60 -1 24 29 60 72 -1 -2
37 40 63 77 -1 16 28 43 92 -1 24 56 65 66 -1 4 11 17 47 -1 55 56 78 98 -1 13 25 46 100 -1 10 13 18 66 -1 13 20 26 38 -1 -2
44 58 84 86 -1 5 31 44 72 -1 7 34 41 93 -1 3 8 11 14 -1 21 79 89 97 -1 33 35 38 77 -1 53 57 64 75 -1 -2
38 44 58 70 -1 23 59 64 80 -1 -2
21 30 64 98 -1 10 29 45 70 -1 11 58 61 67 -1 -2
12 22 43 79 -1 7 41 44 70 -1 26 35 53 63 -1 -2
37 51 72 83 -1 17 52 59 90 -1 13 43 80 82 -1 -2
7 11 70 91 -1 6 24 61 86 -1 -2
3 21 85 96 -1 25 31 77 89 -1 10 15 36 98 -1 14 50 68 73 -1 36 46 53 65 -1 6 85 87 94 -1 3 25 36 37 -1 -2
9 17 55 97 -1 49 51 78 92 -1 60 79 82 85 -1 12 53 75 77 -1 24 55 61 100 -1 59 67 79 96 -1 -2
1 5 23 53 -1 3 36 57 77 -1 19 30 58 94 -1 3 54 65 91 -1 5 22 28 74 -1 -2
5 26 56 88 -1 5 10 12 73 -1 13 37 59 62 -1 20 23 65 88 -1 19 33 57 83 -1 25 49 54 93 -1 50 57 69 94 -1 -2
3 7 13 18 -1 49 57 90 100 -1 -2
24 45 71 75 -1 2 5 23 44 -1 30 46 61 64 -1 8 12 38 93 -1 1 59 60 99 -1 18 43 48 75 -1 11 12 51 77 -1 47 59 61 66 -1 -2
17 26 38 87 -1 46 55 65 98 -1 4 40 57 68 -1 2 9 21 60 -1 13 27 79 92 -1 26 30 35 81 -1 27 55 75 92 -1 -2
34 40 58 73 -1 1 66 75 89 -1 1 12 39 73 -1 44 61 95 98 -1 19 35 57 71 -1 -2
32 49 67 97 -1 -2
29 53 57 81 -1 15 26 42 44 -1 15 21 68 93 -1 27 48 64 90 -1 14 19 61 88 -1 7 51 52 75 -1 -2
9 27 64 96 -1 48 53 54 67 -1 69 82 84 92 -1 6 8 27 75 -1 4 18 52 78 -1 6 39 82 95 -1 -2
34 41 52 84 -1 1 27 29 83 -1 7 69 86 96 -1 2 6 15 73 -1 20 24 70 92 -1 -2
8 35 48 90 -1 67 74 77 80 -1 28 35 50 85 -1 49 58 61 92 -1 39 48 54 97 -1 9 27 30 39 -1 -2
23 48 68 82 -1 28 36 50 73 -1 12 42 87 91 -1 -2
2 27 81 84 -1 10 19 26 99 -1 7 16 26 68 -1 8 19 51 87 -1 12 23 36 69 -1 -2
31 52 92 95 -1 7 15 52 99 -1 7 38 74 83 -1 -2
33 78 99 100 -1 18 52 81 89 -1 17 30 44 77 -1 38 64 70 91 -1 -2
7 38 66 84 -1 3 51 58 81 -1 35 53 75 98 -1 34 43 75 80 -1 -2
16 29 34 61 -1 -2
3 31 49 96 -1 14 16 62 77 -1 43 57 68 96 -1 -2
34 61 62 100 -1 18 62 77 78 -1 20 35 58 82 -1 16 32 74 92 -1 17 24 28 54 -1 1 19 30 70 -1 24 41 46 62 -1 38 64 81 86 -1 -2
19 21 33 77 -1 18 25 83 95 -1 33 35 75 92 -1 5 72 86 87 -1 8 33 37 83 -1 11 13 78 87 -1 1 18 68 81 -1 -2
10 51 52 97 -1 15 60 71 77 -1 10 20 46 64 -1 50 66 75 78 -1 16 45 73 98 -1 19 65 78 90 -1 -2
13 44 49 53 -1 7 17 76 80 -1 25 40 60 94 -1 21 42 79 93 -1 18 39 40 72 -1 22 33 48 89 -1 -2
2 24 47 69 -1 -2
34 37 45 88 -1 20 38 91 99 -1 3 53 60 69 -1 5 73 78 98 -1 34 40 43 81 -1 -2
11 22 25 36 -1 2 8 9 31 -1 10 12 31 57 -1 24 45 78 85 -1 -2
5 32 38 60 -1 42 44 63 81 -1 7 9 48 62 -1 13 64 77 97 -1 5 46 68 76 -1 -2
7 39 51 92 -1 10 13 17 64 -1 1 17 58 97 -1 -2
20 21 58 75 -1 19 50 88 95 -1 18 51 56 92 -1 17 32 59 61 -1 39 66 71 97 -1 -2
18 63 67 70 -1 14 32 55 99 -1 31 78 86 98 -1 41 47 48 49 -1 55 57 69 77 -1 -2
18 30 55 100 -1 43 48 63 73 -1 4 5 44 52 -1 23 24 43 89 -1 42 55 75 78 -1 30 34 68 74 -1 18 37 69 85 -1 -2
24 69 71 91 -1 33 38 63 71 -1 -2
22 30 63 83 -1 1 33 38 72 -1 8 27 38 79 -1 35 76 77 87 -1 -2
58 59 70 96 -1 13 63 74 97 -1 11 38 43 90 -1 12 64 91 98 -1 6 8 56 88 -1 9 56 63 74 -1 -2
13 15 78 94 -1 21 29 97 98 -1 17 23 73 100 -1 -2
18 40 65 81 -1 4 12 32 41 -1 7 38 73 81 -1 49 66 67 74 -1 -2
7 9 84 86 -1 10 71 75 79 -1 11 44 56 69 -1 19 53 82 89 -1 7 13 19 34 -1 -2
4 43 53 62 -1 20 71 86 94 -1 -2
10 67 87 99 -1 29 54 59 60 -1 31 44 50 67 -1 2 52 75 91 -1 15 72 78 87 -1 24 38 49 50 -1 4 22 31 94 -1 -2
8 26 36 85 -1 8 85 87 90 -1 46 61 75 78 -1 34 37 78 90 -1 41 58 60 64 -1 14 15 40 82 -1 31 60 63 92 -1 35 54 93 94 -1 -2
11 22 41 96 -1 6 15 47 96 -1 35 73 76 95 -1 72 84 91 97 -1 27 84 88 98 -1 29 69 86 87 -1 12 19 46 54 -1 -2
7 38 61 63 -1 57 60 63 66 -1 33 60 65 100 -1 28 67 80 87 -1 23 61 62 93 -1 21 29 57 73 -1 11 46 56 82 -1 -2
6 91 95 100 -1 9 21 23 67 -1 13 16 54 65 -1 1 25 26 56 -1 5 36 55 81 -1 39 57 73 78 -1 -2
8 27 50 94 -1 -2
10 33 96 97 -1 -2
6 10 46 64 -1 34 36 72 89 -1 -2
5 21 63 76 -1 16 45 82 91 -1 6 30 47 78 -1 32 45 60 79 -1 40 66 72 80 -1 39 46 73 75 -1 -2
40 69 97 100 -1 16 29 44 87 -1 24 45 64 87 -1 -2
48 64 83 95 -1 -2
22 39 40 70 -1 22 52 86 91 -1 20 73 83 88 -1 2 8 19 55 -1 39 60 61 71 -1 -2
60 66 68 93 -1 -2
12 26 45 93 -1 1 2 12 39 -1 4 8 50 73 -1 18 64 85 92 -1 8 16 41 60 -1 4 16 83 89 -1 17 46 86 90 -1 18 40 54 99 -1 -2
1 6 88 89 -1 66 70 81 99 -1 38 42 78 84 -1 -2
57 81 89 92 -1 20 25 33 79 -1 3 46 60 95 -1 -2
4 18 72 96 -1 2 42 60 85 -1 19 29 40 69 -1 29 50 66 67 -1 31 42 74 80 -1 18 63 86 90 -1 1 84 92 100 -1 -2
11 30 56 87 -1 19 35 48 89 -1 24 60 75 94 -1 6 13 43 86 -1 37 49 52 100 -1 -2
23 28 81 93 -1 45 51 73 89 -1 45 48 94 95 -1 -2
7 12 26 38 -1 30 87 89 100 -1 11 91 92 94 -1 1 24 76 99 -1 5 40 77 91 -1 -2
3 30 34 79 -1 -2
11 38 82 86 -1 17 27 78 89 -1 23 51 84 94 -1 49 52 71 90 -1 49 59 84 96 -1 -2
3 10 60 84 -1 14 45 59 97 -1 7 25 69 89 -1 73 76 93 96 -1 28 37 89 94 -1 10 26 42 54 -1 7 39 52 82 -1 20 42 48 94 -1 -2
5 16 81 95 -1 12 20 27 92 -1 5 9 39 68 -1 16 27 94 95 -1 48 69 74 89 -1 15 76 83 89 -1 -2
9 10 37 52 -1 -2
12 76 78 100 -1 -2
31 42 63 69 -1 28 61 67 76 -1 17 33 60 72 -1 7 10 21 88 -1 -2
9 28 35 90 -1 34 67 82 90 -1 16 43 46 70 -1 50 51 74 89 -1 22 45 69 79 -1 19 45 60 74 -1 -2
40 67 77 90 -1 30 58 59 67 -1 49 88 99 100 -1 -2
17 27 64 80 -1 9 27 47 86 -1 14 31 49 71 -1 2 29 63 70 -1 39 45 71 76 -1 14 34 84 97 -1 10 40 50 53 -1 1 40 46 94 -1 -2
7 67 72 100 -1 5 24 33 99 -1 23 33 54 59 -1 19 56 68 90 -1 8 10 48 61 -1 11 24 32 72 -1 -2
41 51 59 70 -1 27 39 59 95 -1 7 14 50 60 -1 22 31 71 93 -1 63 71 73 76 -1 21 29 37 52 -1 21 56 78 96 -1 -2
24 63 89 100 -1 4 21 22 49 -1 2 3 11 91 -1 8 20 55 71 -1 35 52 92 93 -1 10 57 93 100 -1 21 44 94 98 -1 -2
4 38 39 66 -1 -2
2 24 52 54 -1 14 26 67 84 -1 46 50 55 65 -1 30 38 61 84 -1 26 32 55 72 -1 16 40 58 70 -1 24 54 77 78 -1 -2
13 21 23 47 -1 26 41 61 86 -1 -2
25 32 39 82 -1 40 53 61 73 -1 8 15 39 76 -1 -2
12 27 50 56 -1 18 51 85 93 -1 45 51 66 71 -1 40 71 76 89 -1 4 73 77 99 -1 10 44 60 77 -1 -2
16 28 34 68 -1 -2
14 59 72 94 -1 6 7 21 71 -1 10 14 34 73 -1 68 76 83 91 -1 -2
5 21 34 59 -1 24 25 27 58 -1 24 30 81 100 -1 6 7 86 93 -1 46 56 93 94 -1 18 56 94 98 -1 4 12 53 89 -1 -2
27 29 85 87 -1 33 45 54 91 -1 27 50 57 75 -1 -2
14 77 91 99 -1 5 24 35 78 -1 22 41 80 100 -1 34 42 54 97 -1 69 81 91 93 -1 5 11 59 71 -1 -2
28 30 41 46 -1 2 3 25 72 -1 9 46 55 73 -1 6 48 74 77 -1 16 31 65 75 -1 -2
7 31 47 92 -1 51 56 63 100 -1 11 67 76 89 -1 -2
72 89 90 96 -1 45 52 71 96 -1 21 32 52 69 -1 5 14 37 43 -1 35 41 72 92 -1 38 42 70 90 -1 34 53 75 94 -1 -2
6 54 89 90 -1 1 54 60 73 -1 21 46 79 93 -1 13 25 50 92 -1 16 24 52 81 -1 -2
4 62 71 95 -1 2 70 79 81 -1 -2
26 60 90 98 -1 22 25 64 88 -1 35 41 64 75 -1 3 25 53 60 -1 -2
21 37 43 70 -1 43 52 87 92 -1 10 35 57 94 -1 8 40 42 53 -1 2 13 42 71 -1 -2
26 60 95 99 -1 5 8 23 83 -1 1 22 44 84 -1 -2
7 47 50 75 -1 28 46 48 89 -1 57 73 82 88 -1 56 78 86 99 -1 -2
52 53 77 89 -1 26 55 80 84 -1 59 64 71 86 -1 10 22 96 99 -1 13 60 63 82 -1 25 54 61 67 -1 -2
19 32 36 51 -1 2 19 37 78 -1 16 42 51 99 -1 7 42 77 83 -1 -2
14 41 81 85 -1 29 67 85 88 -1 28 46 48 98 -1 23 44 68 90 -1 28 44 60 79 -1 18 29 58 76 -1 61 62 82 92 -1 -2
31 39 83 85 -1 6 21 55 93 -1 -2
13 57 73 88 -1 30 39 51 76 -1 18 21 51 73 -1 42 71 80 82 -1 46 58 64 96 -1 17 39 63 90 -1 -2
22 28 61 65 -1 29 45 61 97 -1 15 27 55 96 -1 22 27 89 94 -1 4 33 83 90 -1 -2
1 52 54 65 -1 20 27 80 99 -1 11 40 54 98 -1 29 57 60 82 -1 23 64 80 91 -1 78 88 92 93 -1 -2
1 16 19 76 -1 -2
46 60 83 93 -1 51 77 92 93 -1 46 54 67 75 -1 10 45 46 89 -1 13 40 46 81 -1 19 44 45 57 -1 6 10 70 79 -1 -2
10 34 53 64 -1 18 88 92 100 -1 7 18 55 75 -1 -2
18 39 54 75 -1 7 19 53 81 -1 15 70 75 88 -1 19 58 74 84 -1 10 13 34 93 -1 17 30 73 82 -1 20 25 30 83 -1 -2
13 17 55 97 -1 3 47 61 69 -1 11 48 57 95 -1 15 60 88 100 -1 12 22 44 62 -1 24 53 86 99 -1 21 25 78 82 -1 44 64 65 92 -1 -2
12 36 48 58 -1 12 16 32 93 -1 38 48 74 83 -1 2 23 42 96 -1 6 47 93 94 -1 14 39 83 99 -1 1 33 43 78 -1 13 63 94 97 -1 -2
37 46 53 92 -1 -2
37 38 59 60 -1 3 38 49 50 -1 52 56 63 71 -1 2 31 75 77 -1 17 18 44 85 -1 33 39 63 84 -1 2 34 50 98 -1 46 72 80 91 -1 -2
9 31 63 72 -1 63 70 72 86 -1 1 9 63 93 -1 29 88 91 98 -1 52 83 86 98 -1 -2
32 46 67 93 -1 57 58 74 80 -1 4 13 19 57 -1 14 32 85 100 -1 26 28 36 77 -1 10 12 66 72 -1 34 42 47 57 -1 1 45 66 89 -1 -2
28 49 92 97 -1 44 69 82 88 -1 -2
32 55 87 100 -1 19 32 46 91 -1 7 20 49 100 -1 11 40 49 83 -1 4 45 61 79 -1 2 51 74 91 -1 -2
31 44 45 98 -1 21 34 83 91 -1 32 39 72 93 -1 6 14 55 98 -1 14 48 77 96 -1 30 53 63 83 -1 9 37 40 89 -1 24 25 60 94 -1 -2
18 19 47 94 -1 3 20 70 74 -1 25 49 59 63 -1 1 10 23 91 -1 -2
27 30 64 79 -1 64 88 95 97 -1 4 18 81 99 -1 1 7 15 73 -1 17 57 78 88 -1 23 37 47 73 -1 -2
26 59 63 97 -1 5 45 53 95 -1 -2
27 29 41 67 -1 14 15 87 92 -1 9 23 67 95 -1 33 46 74 100 -1 -2
24 37 67 92 -1 -2
33 54 66 76 -1 6 14 47 98 -1 4 69 84 85 -1 48 80 97 98 -1 6 17 23 96 -1 13 16 24 26 -1 -2
3 17 62 97 -1 28 87 93 96 -1 2 7 65 100 -1 17 35 82 98 -1 37 61 75 82 -1 24 62 77 86 -1 -2
21 27 48 89 -1 1 4 58 86 -1 57 74 81 86 -1 1 7 68 92 -1 30 83 91 93 -1 40 62 76 88 -1 -2
28 59 78 100 -1 -2
60 73 88 92 -1 40 63 91 93 -1 -2
11 25 53 62 -1 14 64 80 81 -1 4 26 77 87 -1 61 70 85 93 -1 13 26 59 66 -1 31 36 47 72 -1 5 12 13 31 -1 -2
21 49 68 97 -1 26 55 73 86 -1 6 18 21 54 -1 62 63 70 79 -1 -2
32 35 40 50 -1 17 59 66 95 -1 2 9 41 82 -1 -2
3 28 36 76 -1 11 27 31 36 -1 5 29 50 79 -1 12 15 33 80 -1 11 32 85 90 -1 19 51 52 94 -1 5 7 77 84 -1 -2
2 21 69 95 -1 14 17 20 82 -1 9 11 38 41 -1 7 18 44 88 -1 -2
52 69 78 90 -1 34 76 90 91 -1 -2
8 10 45 56 -1 10 21 61 73 -1 10 13 29 82 -1 27 79 82 96 -1 21 33 60 95 -1 27 35 54 87 -1 6 14 23 75 -1 -2
6 17 88 93 -1 44 62 71 76 -1 -2
33 40 60 75 -1 5 12 29 93 -1 -2
17 19 30 47 -1 25 31 71 74 -1 46 54 83 92 -1 -2
13 22 41 86 -1 37 42 56 73 -1 16 32 54 62 -1 20 70 80 85 -1 -2
24 27 31 34 -1 12 19 97 100 -1 13 26 86 87 -1 4 64 77 91 -1 1 26 93 97 -1 1 62 75 83 -1 -2
15 49 56 92 -1 -2
3 5 25 34 -1 29 79 89 92 -1 35 46 72 83 -1 20 43 95 96 -1 11 51 53 61 -1 6 91 96 100 -1 1 31 63 70 -1 9 12 39 88 -1 -2
18 25 59 93 -1 16 72 80 100 -1 47 49 71 93 -1 12 15 48 84 -1 14 18 52 70 -1 10 35 59 100 -1 7 68 84 86 -1 5 20 69 86 -1 -2
1 12 72 77 -1 20 27 39 61 -1 26 39 83 86 -1 25 46 95 96 -1 3 33 37 68 -1 34 49 56 70 -1 36 51 60 100 -1 4 22 38 63 -1 -2
58 71 94 99 -1 10 48 89 92 -1 37 55 94 99 -1 1 13 30 95 -1 7 13 43 79 -1 11 29 46 67 -1 11 44 91 99 -1 -2
16 19 24 91 -1 10 42 51 69 -1 18 29 34 95 -1 4 14 31 77 -1 4 38 52 81 -1 -2
12 21 51 94 -1 27 59 91 93 -1 25 43 68 78 -1 25 48 49 59 -1 4 49 58 66 -1 69 75 85 99 -1 26 38 61 68 -1 20 22 44 46 -1 -2
22 28 34 99 -1 5 43 52 71 -1 4 77 93 95 -1 6 15 20 99 -1 22 23 42 53 -1 5 57 58 89 -1 -2
18 32 57 90 -1 4 22 30 39 -1 19 41 44 64 -1 35 39 50 85 -1 -2
4 48 50 75 -1 41 51 82 98 -1 4 78 85 90 -1 2 11 12 51 -1 49 52 81 97 -1 16 21 86 89 -1 2 59 83 93 -1 21 36 59 90 -1 -2
7 60 84 86 -1 -2
1 20 50 52 -1 1 19 27 30 -1 46 58 64 96 -1 16 42 60 74 -1 -2
5 26 95 100 -1 49 55 75 88 -1 2 6 80 96 -1 23 39 51 64 -1 35 38 44 73 -1 22 26 29 57 -1 22 29 49 56 -1 -2
14 19 29 37 -1 9 26 31 62 -1 -2
20 37 46 79 -1 18 20 61 74 -1 10 36 50 99 -1 -2
23 28 52 79 -1 8 44 59 80 -1 2 37 48 83 -1 -2
5 22 85 92 -1 7 15 30 60 -1 15 57 58 90 -1 8 39 40 44 -1 -2
13 19 71 88 -1 18 28 78 82 -1 1 41 62 83 -1 8 74 83 86 -1 11 47 66 92 -1 5 6 39 91 -1 8 26 36 86 -1 -2
22 25 80 93 -1 5 48 55 83 -1 38 40 86 95 -1 -2
35 43 77 98 -1 15 29 46 94 -1 33 54 68 93 -1 -2
13 21 43 83 -1 18 30 57 96 -1 5 29 66 74 -1 11 51 70 75 -1 4 23 73 81 -1 -2
24 36 44 62 -1 50 63 77 82 -1 11 69 70 95 -1 7 76 84 97 -1 22 31 47 97 -1 1 4 30 46 -1 -2
1 6 13 83 -1 2 3 59 90 -1 -2
46 55 65 95 -1 66 67 81 97 -1 -2
11 20 49 54 -1 -2
9 50 56 68 -1 51 67 85 86 -1 20 44 60 91 -1 -2
21 24 29 33 -1 31 46 58 86 -1 -2
60 73 81 91 -1 1 25 33 46 -1 35 58 63 89 -1 12 31 63 100 -1 46 48 61 97 -1 1 14 47 88 -1 -2
16 56 63 83 -1 12 23 51 92 -1 18 31 43 54 -1 59 65 92 93 -1 7 22 70 94 -1 -2
15 39 58 95 -1 2 22 48 71 -1 12 24 26 37 -1 -2
19 44 48 98 -1 55 65 81 95 -1 23 25 26 77 -1 2 12 57 88 -1 50 71 89 94 -1 12 41 51 59 -1 35 43 76 96 -1 -2
30 37 50 64 -1 43 65 74 80 -1 19 59 60 70 -1 12 81 84 94 -1 72 81 91 97 -1 2 7 58 93 -1 7 76 79 88 -1 -2
59 65 96 100 -1 44 49 53 79 -1 25 27 43 84 -1 9 10 65 74 -1 3 58 67 89 -1 12 14 73 80 -1 -2
31 58 67 75 -1 3 10 21 43 -1 14 21 32 57 -1 -2
33 71 75 92 -1 4 46 66 82 -1 5 35 48 74 -1 28 32 53 88 -1 14 22 54 79 -1 15 60 73 74 -1 -2
8 30 61 72 -1 -2
6 12 89 90 -1 -2
21 25 69 76 -1 2 7 85 89 -1 27 52 71 96 -1 61 63 69 70 -1 47 53 56 85 -1 -2
23 33 58 88 -1 31 55 60 62 -1 -2
13 73 92 99 -1 18 53 68 89 -1 7 42 52 75 -1 8 18 37 77 -1 19 29 83 84 -1 26 75 88 90 -1 -2
80 86 96 99 -1 14 66 67 82 -1 9 50 76 98 -1 55 57 67 94 -1 13 40 56 96 -1 40 60 66 90 -1 -2
18 58 62 67 -1 20 61 63 91 -1 33 72 78 88 -1 36 67 82 92 -1 -2
10 29 31 64 -1 25 40 57 94 -1 26 44 52 80 -1 8 15 49 74 -1 22 23 35 48 -1 4 20 48 49 -1 -2
13 47 74 88 -1 10 27 87 91 -1 19 42 90 93 -1 19 31 57 85 -1 10 59 61 95 -1 14 41 58 91 -1 14 15 64 83 -1 -2
39 65 71 87 -1 -2
22 23 36 84 -1 13 32 78 88 -1 60 75 88 91 -1 27 47 54 64 -1 -2
8 43 51 72 -1 -2
29 43 72 91 -1 -2
1 10 15 50 -1 -2
18 22 53 98 -1 26 35 41 64 -1 26 47 58 72 -1 11 22 66 82 -1 63 71 97 99 -1 9 10 13 28 -1 2 21 82 98 -1 -2
29 35 70 96 -1 13 34 82 99 -1 19 68 83 97 -1 29 34 45 97 -1 2 53 56 74 -1 7 52 83 93 -1 3 6 20 90 -1 4 17 44 92 -1 -2
1 14 25 55 -1 24 40 47 48 -1 2 31 40 88 -1 57 64 72 82 -1 3 27 39 96 -1 22 33 65 85 -1 3 13 65 84 -1 13 40 57 73 -1 -2
24 32 47 97 -1 20 23 40 94 -1 -2
23 48 59 71 -1 4 24 60 69 -1 14 48 52 88 -1 32 39 76 92 -1 35 57 67 69 -1 1 32 36 86 -1 27 37 55 91 -1 -2
23 44 47 85 -1 17 65 78 94 -1 37 66 72 95 -1 14 23 28 43 -1 26 67 77 89 -1 -2
28 32 75 98 -1 37 55 62 65 -1 9 25 31 68 -1 32 37 44 76 -1 41 48 76 91 -1 -2
2 7 12 30 -1 1 23 58 95 -1 21 47 55 90 -1 21 39 43 63 -1 34 47 59 74 -1 -2
32 53 71 92 -1 1 16 36 55 -1 38 56 79 85 -1 4 19 77 85 -1 19 31 38 77 -1 -2
41 66 81 84 -1 4 40 48 80 -1 16 23 24 70 -1 13 14 23 50 -1 4 14 31 89 -1 -2
8 39 66 71 -1 5 74 91 97 -1 -2
3 6 28 100 -1 10 31 35 52 -1 56 59 89 93 -1 5 44 63 70 -1 25 29 39 58 -1 2 58 69 98 -1 29 56 63 83 -1 -2
18 67 83 85 -1 -2
11 33 59 74 -1 35 44 77 89 -1 38 40 56 93 -1 7 12 22 62 -1 5 50 57 95 -1 5 40 72 93 -1 -2
44 55 79 83 -1 4 45 47 82 -1 -2
22 27 87 90 -1 40 74 85 96 -1 3 35 58 82 -1 7 29 71 73 -1 -2
22 27 40 76 -1 19 47 61 92 -1 48 64 87 95 -1 22 27 32 80 -1 14 16 31 72 -1 23 61 62 74 -1 -2
3 8 52 93 -1 74 81 85 90 -1 25 33 68 92 -1 23 68 86 88 -1 1 7 51 74 -1 2 31 60 81 -1 14 28 41 83 -1 -2
32 50 84 96 -1 12 37 50 72 -1 27 28 31 48 -1 6 11 22 34 -1 -2
25 72 86 100 -1 -2
30 32 44 90 -1 31 50 56 83 -1 23 30 38 69 -1 39 48 70 89 -1 4 27 28 62 -1 -2
12 14 21 43 -1 1 38 41 94 -1 -2
4 10 32 48 -1 20 46 60 62 -1 1 11 78 88 -1 -2
7 70 78 83 -1 29 31 40 98 -1 10 37 43 72 -1 -2
29 37 55 97 -1 26 47 60 62 -1 4 6 20 37 -1 44 49 51 86 -1 -2
8 16 77 81 -1 27 28 50 88 -1 10 16 40 82 -1 3 28 45 92 -1 26 27 30 89 -1 16 22 26 55 -1 59 72 86 100 -1 -2
3 17 54 80 -1 35 47 91 96 -1 3 8 78 91 -1 12 15 57 70 -1 28 60 73 74 -1 26 41 60 78 -1 17 19 49 57 -1 32 72 79 95 -1 -2
22 54 77 78 -1 25 37 54 95 -1 13 26 28 71 -1 -2
25 48 65 66 -1 7 19 76 81 -1 18 45 77 89 -1 34 38 47 99 -1 3 7 25 69 -1 2 35 51 99 -1 61 62 66 95 -1 14 29 72 92 -1 -2
3 30 60 95 -1 26 46 56 92 -1 16 51 81 96 -1 22 50 63 84 -1 6 47 56 59 -1 20 26 42 97 -1 -2
7 20 33 94 -1 8 17 58 90 -1 -2
19 72 85 96 -1 5 36 92 97 -1 1 9 23 82 -1 32 67 81 88 -1 9 27 70 73 -1 19 50 83 98 -1 5 61 65 98 -1 12 51 54 89 -1 -2
40 56 70 100 -1 41 45 72 82 -1 9 67 79 98 -1 5 17 32 98 -1 71 76 87 97 -1 6 38 74 79 -1 16 18 67 83 -1 43 50 81 91 -1 -2
9 12 16 51 -1 35 39 50 90 -1 11 46 51 90 -1 6 33 34 95 -1 13 23 36 51 -1 59 61 69 85 -1 16 19 31 57 -1 5 22 47 69 -1 -2
11 31 48 100 -1 11 36 65 90 -1 19 39 90 94 -1 17 36 42 46 -1 1 43 49 69 -1 -2
20 29 54 62 -1 8 43 68 85 -1 4 11 75 86 -1 24 26 39 53 -1 1 47 59 92 -1 1 6 49 82 -1 -2
70 80 92 94 -1 85 88 89 96 -1 18 28 62 65 -1 40 42 48 90 -1 29 57 89 98 -1 -2
14 26 82 93 -1 -2
44 64 74 88 -1 -2
25 28 45 90 -1 -2
4 40 55 71 -1 10 15 22 68 -1 37 39 51 86 -1 15 17 24 47 -1 37 43 81 83 -1 15 45 50 85 -1 25 44 54 57 -1 26 51 57 82 -1 -2
4 44 71 83 -1 21 30 37 68 -1 31 48 51 88 -1 2 5 61 84 -1 16 34 78 88 -1 -2
1 7 31 97 -1 50 53 56 100 -1 12 47 67 94 -1 4 58 70 98 -1 16 34 57 80 -1 10 11 54 83 -1 27 49 51 59 -1 2 59 68 96 -1 -2
40 42 67 75 -1 30 36 51 58 -1 50 69 74 86 -1 7 53 58 64 -1 5 13 36 46 -1 10 17 19 68 -1 -2
28 37 61 74 -1 5 35 73 94 -1 30 48 55 78 -1 -2
17 19 65 84 -1 1 7 75 78 -1 15 35 69 80 -1 -2
11 53 59 75 -1 15 20 46 74 -1 -2
8 14 26 84 -1 1 11 33 81 -1 39 69 75 96 -1 71 81 87 95 -1 28 53 68 76 -1 11 12 65 89 -1 6 43 86 89 -1 -2
29 30 42 92 -1 4 13 75 85 -1 -2
24 42 78 88 -1 3 26 75 100 -1 4 16 25 84 -1 1 21 34 90 -1 3 30 79 85 -1 5 6 32 88 -1 25 26 39 80 -1 21 46 50 80 -1 -2
5 7 13 62 -1 24 51 65 88 -1 51 52 77 87 -1 9 67 71 79 -1 7 11 67 91 -1 -2
28 50 64 79 -1 -2
8 9 11 22 -1 15 56 77 80 -1 57 60 63 86 -1 6 29 31 91 -1 12 52 92 96 -1 -2
28 36 68 78 -1 11 19 42 47 -1 19 66 84 91 -1 38 66 82 83 -1 11 28 68 78 -1 26 40 41 52 -1 46 49 56 74 -1 -2
7 22 82 100 -1 3 7 42 45 -1 16 22 39 73 -1 14 27 43 69 -1 -2
33 57 75 93 -1 -2
35 66 80 81 -1 27 56 77 96 -1 12 15 58 85 -1 12 45 55 76 -1 9 55 58 88 -1 4 36 69 99 -1 32 42 52 93 -1 26 70 86 87 -1 -2
5 79 82 97 -1 30 65 81 83 -1 57 86 92 96 -1 38 51 54 65 -1 -2
6 23 33 75 -1 2 20 28 45 -1 6 8 20 59 -1 1 49 67 91 -1 4 46 75 78 -1 27 91 97 100 -1 8 15 17 96 -1 7 53 74 89 -1 -2
13 34 55 89 -1 9 19 34 42 -1 -2
19 62 71 80 -1 9 36 62 64 -1 -2
38 49 53 73 -1 2 8 12 24 -1 25 57 73 92 -1 25 41 47 85 -1 10 25 60 87 -1 -2
10 16 96 100 -1 1 19 32 98 -1 16 31 54 70 -1 55 89 90 100 -1 19 24 68 94 -1 -2
37 67 70 87 -1 8 40 41 86 -1 76 77 78 79 -1 -2
32 43 81 96 -1 14 51 57 72 -1 36 73 82 100 -1 44 51 59 66 -1 -2
9 15 30 52 -1 -2
52 83 89 95 -1 17 28 41 46 -1 2 13 21 65 -1 21 58 75 84 -1 12 17 42 86 -1 9 44 47 52 -1 35 70 73 80 -1 9 17 24 78 -1 -2
9 24 35 58 -1 51 73 85 98 -1 -2
32 68 75 91 -1 4 10 75 77 -1 41 63 86 94 -1 78 90 93 99 -1 29 77 80 82 -1 7 55 57 77 -1 5 17 21 56 -1 13 48 75 82 -1 -2
21 45 76 87 -1 7 8 10 21 -1 15 21 43 46 -1 6 14 43 94 -1 20 22 26 85 -1 -2
16 17 72 93 -1 19 58 73 89 -1 27 49 69 89 -1 14 31 52 63 -1 5 11 25 39 -1 16 63 88 92 -1 8 36 61 65 -1 6 27 36 79 -1 -2
18 53 55 96 -1 17 38 78 80 -1 22 44 57 58 -1 48 55 56 94 -1 -2
26 35 58 87 -1 16 32 55 98 -1 7 25 79 98 -1 2 39 52 62 -1 68 76 86 95 -1 6 7 41 94 -1 -2
5 13 43 63 -1 34 88 92 93 -1 16 42 50 55 -1 36 39 74 75 -1 19 24 56 59 -1 17 41 49 84 -1 28 48 54 73 -1 -2
19 20 31 57 -1 34 68 90 100 -1 14 45 68 86 -1 48 55 63 84 -1 2 8 31 79 -1 23 56 63 93 -1 8 38 56 67 -1 12 27 60 89 -1 -2
12 45 62 86 -1 4 22 42 85 -1 10 23 63 84 -1 19 22 81 95 -1 21 48 57 82 -1 1 45 53 97 -1 4 12 36 59 -1 8 15 18 62 -1 -2
34 77 78 87 -1 4 16 72 87 -1 6 42 45 71 -1 20 29 37 99 -1 3 10 58 70 -1 9 37 46 87 -1 -2
7 39 45 97 -1 7 40 66 68 -1 32 58 88 100 -1 -2
16 54 69 98 -1 56 57 74 92 -1 6 14 63 85 -1 29 31 89 91 -1 10 62 67 94 -1 -2
75 82 94 98 -1 4 9 38 77 -1 72 78 80 84 -1 11 21 60 62 -1 -2
48 67 71 90 -1 -2
37 48 53 93 -1 4 23 36 37 -1 20 59 83 93 -1 19 38 62 84 -1 1 7 55 96 -1 27 54 88 93 -1 8 21 87 93 -1 15 28 51 66 -1 -2
27 59 67 90 -1 19 27 77 81 -1 1 15 25 82 -1 29 66 78 87 -1 5 12 21 30 -1 -2
36 40 69 95 -1 -2
3 21 66 94 -1 44 60 68 78 -1 30 40 61 96 -1 44 58 61 90 -1 42 44 50 67 -1 21 25 78 96 -1 13 25 30 52 -1 -2
15 21 37 99 -1 15 51 59 74 -1 9 38 48 75 -1 37 53 76 90 -1 14 67 75 85 -1 14 46 48 60 -1 3 39 52 94 -1 25 30 35 38 -1 -2
25 45 55 62 -1 15 63 65 83 -1 22 43 44 68 -1 5 47 90 91 -1 17 71 79 95 -1 2 3 6 28 -1 15 33 91 100 -1 -2
29 47 50 88 -1 2 8 32 95 -1 7 13 16 64 -1 63 69 73 91 -1 10 22 29 69 -1 -2
7 20 32 66 -1 16 52 69 91 -1 15 62 82 90 -1 -2
24 29 45 49 -1 26 80 85 91 -1 1 8 34 51 -1 35 41 72 74 -1 34 51 52 67 -1 18 44 53 55 -1 -2
4 37 62 100 -1 51 52 98 99 -1 -2
24 55 59 97 -1 19 23 31 63 -1 31 47 66 87 -1 3 46 70 94 -1 21 74 82 84 -1 3 33 81 88 -1 17 27 84 89 -1 9 29 51 53 -1 -2
4 33 46 90 -1 10 13 57 96 -1 14 21 42 100 -1 13 39 79 90 -1 2 45 57 88 -1 20 78 85 93 -1 14 80 81 87 -1 4 15 84 86 -1 -2
47 80 81 87 -1 24 26 61 93 -1 11 12 42 75 -1 41 56 76 92 -1 -2
10 23 31 40 -1 38 58 81 88 -1 34 39 63 67 -1 2 55 64 95 -1 41 47 69 75 -1 54 55 80 94 -1 -2
21 27 28 84 -1 54 60 69 91 -1 6 10 41 84 -1 7 41 44 48 -1 50 58 79 87 -1 51 63 69 82 -1 21 28 56 76 -1 2 44 76 89 -1 -2
35 76 96 97 -1 28 57 69 77 -1 29 46 51 82 -1 6 55 59 83 -1 41 92 93 99 -1 -2
27 43 73 82 -1 1 50 52 64 -1 15 18 75 85 -1 9 25 81 99 -1 4 7 23 96 -1 39 48 70 81 -1 -2
7 60 86 98 -1 6 55 86 88 -1 12 13 65 97 -1 8 10 45 72 -1 4 15 16 30 -1 4 11 72 100 -1 12 18 41 70 -1 -2
15 22 27 71 -1 54 57 72 83 -1 -2
6 75 80 82 -1 25 69 83 95 -1 56 62 72 83 -1 1 2 15 35 -1 15 24 75 89 -1 32 56 63 65 -1 10 31 41 78 -1 -2
17 43 47 58 -1 48 51 54 62 -1 14 76 89 100 -1 9 30 33 73 -1 9 11 22 41 -1 -2
1 2 16 29 -1 11 54 57 93 -1 5 84 90 94 -1 8 14 30 38 -1 27 30 56 63 -1 22 27 32 65 -1 -2
54 69 80 86 -1 25 37 63 87 -1 -2
2 53 63 96 -1 30 72 85 87 -1 14 45 50 74 -1 -2
15 37 79 96 -1 8 13 26 68 -1 12 15 34 39 -1 7 28 47 79 -1 3 37 54 86 -1 2 39 40 56 -1 16 44 53 76 -1 19 32 36 41 -1 -2
4 55 75 84 -1 37 55 78 87 -1 -2
16 48 56 89 -1 41 52 58 63 -1 -2
12 61 71 75 -1 19 29 77 95 -1 -2
9 11 58 86 -1 3 49 57 78 -1 1 12 33 87 -1 11 13 65 68 -1 40 49 62 81 -1 17 18 37 79 -1 -2
16 29 48 49 -1 25 64 74 98 -1 26 44 49 56 -1 -2
37 64 65 91 -1 8 26 29 48 -1 2 22 34 84 -1 26 28 39 94 -1 34 68 91 97 -1 41 45 77 99 -1 -2
31 60 75 85 -1 25 64 72 87 -1 35 63 88 90 -1 23 30 48 85 -1 8 30 51 80 -1 2 7 66 90 -1 7 51 60 90 -1 -2
16 39 48 56 -1 30 31 52 80 -1 7 9 86 99 -1 63 78 81 97 -1 9 41 88 97 -1 8 29 41 91 -1 -2
50 65 81 94 -1 4 56 72 80 -1 36 59 61 63 -1 21 45 49 62 -1 24 41 48 64 -1 -2
52 64 92 96 -1 18 39 45 70 -1 18 36 71 97 -1 -2
9 41 56 99 -1 10 16 69 98 -1 12 22 57 78 -1 3 20 74 84 -1 49 61 62 89 -1 -2
21 25 26 67 -1 -2
47 49 70 81 -1 59 65 74 76 -1 -2
22 28 42 75 -1 10 19 42 71 -1 30 59 62 75 -1 -2
11 13 38 77 -1 34 57 83 88 -1 34 41 45 81 -1 6 27 55 97 -1 34 50 58 79 -1 7 21 26 42 -1 -2
17 38 82 100 -1 31 37 40 41 -1 30 37 67 88 -1 7 56 77 82 -1 21 56 60 70 -1 1 9 73 77 -1 15 24 42 74 -1 -2
8 19 49 97 -1 7 17 57 74 -1 9 31 79 100 -1 17 25 35 45 -1 9 16 38 68 -1 38 54 63 88 -1 1 81 88 94 -1 -2
22 42 52 93 -1 1 5 7 54 -1 -2
46 69 75 92 -1 14 54 67 98 -1 19 57 79 84 -1 56 65 70 93 -1 9 58 70 72 -1 -2
41 78 95 98 -1 31 56 58 95 -1 43 54 79 85 -1 4 39 50 62 -1 -2
35 44 58 60 -1 -2
6 44 59 92 -1 28 45 68 80 -1 -2
15 19 27 76 -1 -2
65 76 82 97 -1 47 55 77 83 -1 4 17 22 78 -1 -2
10 23 50 95 -1 1 11 30 76 -1 5 31 48 89 -1 12 36 52 58 -1 24 81 91 93 -1 8 70 74 92 -1 20 49 52 83 -1 15 78 83 86 -1 -2
40 51 91 98 -1 41 53 71 89 -1 48 57 75 78 -1 39 65 69 71 -1 1 12 24 92 -1 27 36 73 97 -1 -2
35 41 66 87 -1 5 33 85 86 -1 1 20 38 97 -1 11 32 42 94 -1 -2
18 29 81 82 -1 9 21 29 52 -1 4 43 70 86 -1 -2
55 70 85 95 -1 84 88 95 97 -1 4 16 81 82 -1 18 24 43 62 -1 37 47 49 69 -1 19 31 32 95 -1 15 24 68 79 -1 20 69 74 87 -1 -2
14 78 99 100 -1 16 22 24 85 -1 -2
1 19 84 93 -1 49 64 67 82 -1 12 15 43 93 -1 53 58 67 92 -1 10 52 79 91 -1 1 19 42 86 -1 -2
43 46 59 78 -1 38 54 62 79 -1 4 5 10 80 -1 10 11 39 52 -1 26 61 78 87 -1 -2
8 54 63 76 -1 29 47 80 95 -1 2 54 57 95 -1 20 23 40 61 -1 8 34 37 87 -1 7 9 29 83 -1 -2
11 21 51 87 -1 26 54 74 84 -1 46 66 71 82 -1 16 37 76 86 -1 -2
11 63 87 94 -1 3 73 97 99 -1 8 32 40 65 -1 -2
28 38 61 94 -1 10 55 72 73 -1 20 60 79 94 -1 5 32 40 83 -1 6 70 81 85 -1 18 27 43 54 -1 -2
39 48 62 66 -1 -2
7 26 60 69 -1 4 42 72 83 -1 4 17 20 28 -1 49 50 74 97 -1 17 64 87 100 -1 10 29 40 56 -1 2 54 60 80 -1 -2
3 37 61 78 -1 3 60 77 83 -1 -2
22 23 65 88 -1 11 36 71 90 -1 14 53 84 100 -1 19 31 89 97 -1 17 47 65 68 -1 18 66 72 96 -1 -2
2 19 39 45 -1 52 71 87 94 -1 14 52 66 91 -1 9 25 36 91 -1 29 54 61 97 -1 26 28 29 32 -1 18 30 47 78 -1 -2
30 56 68 74 -1 26 39 64 81 -1 38 59 76 97 -1 31 39 88 96 -1 14 17 56 73 -1 12 25 88 99 -1 21 48 75 90 -1 -2
21 38 44 98 -1 8 27 84 94 -1 5 37 47 74 -1 10 13 77 81 -1 5 27 56 91 -1 -2
14 39 63 73 -1 18 31 60 78 -1 37 49 80 88 -1 39 67 74 77 -1 3 33 37 41 -1 1 30 53 86 -1 4 38 52 82 -1 -2
26 33 84 92 -1 12 45 51 67 -1 -2
9 15 18 92 -1 5 28 29 65 -1 4 66 75 98 -1 45 57 68 99 -1 -2
5 73 77 88 -1 13 21 63 75 -1 7 19 25 33 -1 32 34 62 68 -1 25 41 83 92 -1 -2
25 54 64 81 -1 24 37 61 96 -1 3 18 42 62 -1 35 43 45 78 -1 14 54 74 86 -1 20 52 70 87 -1 7 17 28 65 -1 -2
30 66 75 89 -1 20 23 61 99 -1 18 34 58 100 -1 2 3 27 96 -1 40 87 88 94 -1 20 41 81 92 -1 13 34 53 85 -1 -2
11 79 87 100 -1 79 85 86 100 -1 8 41 61 82 -1 -2
20 23 38 41 -1 20 36 83 88 -1 -2
18 53 81 88 -1 3 21 54 91 -1 14 25 81 93 -1 -2
28 62 64 69 -1 14 46 68 69 -1 6 19 22 66 -1 8 28 65 81 -1 -2
46 78 82 98 -1 26 48 63 65 -1 32 65 73 78 -1 12 48 51 52 -1 13 19 79 94 -1 9 38 57 62 -1 23 35 56 61 -1 8 31 78 80 -1 -2
6 22 64 88 -1 53 57 75 89 -1 26 30 36 78 -1 -2
29 34 54 87 -1 1 19 28 47 -1 47 65 72 89 -1 39 54 95 98 -1 73 74 88 93 -1 -2
42 50 68 74 -1 25 40 68 79 -1 7 39 62 76 -1 14 22 45 61 -1 2 4 61 93 -1 20 58 88 96 -1 36 56 79 90 -1 49 78 86 89 -1 -2
33 37 56 76 -1 12 52 77 86 -1 11 60 81 87 -1 -2
52 67 69 94 -1 22 28 54 98 -1 16 64 66 92 -1 5 17 53 56 -1 23 24 89 100 -1 41 45 64 86 -1 4 55 61 66 -1 25 29 59 96 -1 -2
11 41 54 75 -1 -2
17 60 62 90 -1 2 27 36 80 -1 11 26 58 83 -1 18 30 59 60 -1 14 24 28 39 -1 2 23 44 83 -1 27 57 89 91 -1 -2
8 17 44 74 -1 53 83 84 86 -1 3 67 70 96 -1 2 5 7 85 -1 9 21 67 78 -1 17 23 62 81 -1 23 37 58 73 -1 -2
47 71 77 95 -1 15 40 73 83 -1 7 67 77 89 -1 -2
3 19 34 39 -1 28 35 43 56 -1 1 23 37 49 -1 5 6 23 70 -1 -2
46 53 65 92 -1 22 47 57 95 -1 28 75 78 90 -1 43 65 75 82 -1 6 32 43 74 -1 9 18 59 65 -1 -2
34 69 86 87 -1 8 24 29 99 -1 -2
22 66 87 89 -1 22 38 55 86 -1 1 52 72 90 -1 -2
16 34 61 96 -1 9 13 54 90 -1 1 5 70 93 -1 5 59 88 90 -1 43 84 85 99 -1 30 34 64 100 -1 60 94 95 100 -1 52 63 83 99 -1 -2
37 39 50 83 -1 38 58 75 84 -1 9 12 35 74 -1 22 25 57 87 -1 7 32 53 100 -1 3 12 32 66 -1 12 79 81 82 -1 -2
11 64 66 97 -1 9 53 57 76 -1 4 16 22 62 -1 25 29 39 55 -1 15 16 36 75 -1 -2
38 42 72 87 -1 31 54 58 63 -1 18 61 80 84 -1 26 28 59 64 -1 2 40 58 68 -1 2 53 70 74 -1 38 41 65 66 -1 35 52 58 98 -1 -2
65 76 97 99 -1 1 17 60 62 -1 28 35 57 67 -1 12 42 80 85 -1 -2
9 12 47 82 -1 33 57 65 69 -1 -2
45 52 59 73 -1 -2
10 57 78 85 -1 9 12 91 92 -1 8 42 72 97 -1 36 47 87 88 -1 -2
21 29 59 76 -1 9 69 78 79 -1 13 35 68 69 -1 53 69 73 92 -1 62 67 68 71 -1 34 49 51 88 -1 3 18 48 75 -1 11 13 32 65 -1 -2
1 3 21 60 -1 -2
25 32 36 89 -1 4 48 57 58 -1 19 40 48 85 -1 24 52 76 87 -1 2 4 10 94 -1 6 47 58 70 -1 3 12 80 84 -1 -2
34 36 66 73 -1 10 37 77 89 -1 48 49 56 88 -1 31 49 92 98 -1 4 15 22 96 -1 14 50 77 88 -1 17 21 41 88 -1 1 6 41 74 -1 -2
10 35 41 47 -1 17 43 62 73 -1 3 10 41 84 -1 38 49 61 80 -1 2 24 27 37 -1 10 69 72 76 -1 8 40 57 95 -1 -2
8 14 61 82 -1 34 65 84 89 -1 -2
13 71 85 87 -1 36 53 57 91 -1 63 75 86 97 -1 9 19 27 60 -1 -2
3 37 55 98 -1 -2
26 55 75 99 -1 3 40 44 92 -1 26 56 66 91 -1 22 81 88 97 -1 54 65 77 86 -1 -2
41 65 75 79 -1 -2
16 18 62 69 -1 2 25 32 46 -1 -2
26 30 43 67 -1 14 19 24 83 -1 19 35 51 87 -1 27 53 57 77 -1 23 74 93 99 -1 -2
2 61 71 78 -1 77 88 90 91 -1 2 21 38 85 -1 -2
12 22 33 56 -1 7 61 64 81 -1 7 56 77 81 -1 45 76 77 90 -1 -2
16 19 71 77 -1 19 29 35 82 -1 40 41 64 70 -1 8 82 87 99 -1 -2
21 23 28 93 -1 48 51 59 60 -1 32 37 41 50 -1 28 47 55 88 -1 -2
33 36 67 74 -1 3 22 44 80 -1 16 19 74 77 -1 35 65 89 94 -1 5 87 89 100 -1 22 39 40 99 -1 2 6 22 32 -1 59 84 91 98 -1 -2
45 60 75 78 -1 26 65 75 91 -1 -2
9 28 89 96 -1 63 72 77 96 -1 51 68 70 71 -1 3 30 42 43 -1 28 59 71 88 -1 -2
61 82 97 98 -1 2 5 75 80 -1 22 54 84 89 -1 46 61 90 96 -1 -2
2 52 56 91 -1 -2
10 28 34 75 -1 9 31 45 86 -1 31 51 67 95 -1 15 32 46 59 -1 17 67 83 96 -1 13 38 53 78 -1 12 28 45 88 -1 -2
27 30 36 99 -1 32 37 43 63 -1 14 39 66 70 -1 12 15 41 75 -1 -2
4 25 63 85 -1 14 28 56 97 -1 8 20 37 74 -1 7 38 43 73 -1 5 63 69 79 -1 50 62 82 98 -1 -2
1 35 51 90 -1 47 66 69 88 -1 -2
17 33 38 51 -1 19 55 64 69 -1 40 56 73 76 -1 8 12 32 73 -1 49 50 59 70 -1 9 19 70 100 -1 -2
35 60 79 94 -1 54 60 75 76 -1 45 57 91 98 -1 9 28 29 44 -1 2 19 21 62 -1 6 31 36 48 -1 -2
19 61 69 80 -1 9 20 31 67 -1 9 51 77 97 -1 26 40 56 90 -1 5 79 80 88 -1 -2
8 30 67 98 -1 5 6 22 36 -1 5 49 84 86 -1 3 9 37 53 -1 -2
5 13 75 96 -1 12 52 70 77 -1 27 80 87 94 -1 26 50 90 91 -1 38 50 52 55 -1 -2
18 21 36 63 -1 37 43 49 85 -1 43 50 65 88 -1 53 71 80 100 -1 14 43 51 91 -1 22 53 56 85 -1 -2
26 28 92 95 -1 12 18 21 93 -1 12 42 82 91 -1 -2
54 63 69 77 -1 13 24 35 100 -1 7 18 21 41 -1 28 77 79 90 -1 -2
43 67 72 87 -1 -2
18 44 64 70 -1 -2
33 56 59 80 -1 49 50 61 100 -1 11 31 37 53 -1 69 74 80 88 -1 38 54 92 99 -1 -2
2 14 36 39 -1 -2
68 75 85 98 -1 -2
22 50 58 72 -1 -2
13 28 34 53 -1 30 45 58 77 -1 8 62 70 99 -1 7 9 25 70 -1 8 45 69 96 -1 18 41 50 58 -1 -2
29 68 93 94 -1 22 66 86 88 -1 52 83 92 96 -1 33 48 91 95 -1 3 12 16 36 -1 37 80 86 93 -1 -2
5 31 35 89 -1 25 56 72 81 -1 34 36 79 100 -1 -2
17 26 32 73 -1 29 56 60 63 -1 -2
7 79 87 97 -1 1 4 55 87 -1 12 73 78 79 -1 44 46 92 95 -1 1 10 69 86 -1 -2
62 84 88 98 -1 -2
3 26 34 47 -1 23 26 32 70 -1 1 6 17 43 -1 13 58 71 80 -1 35 55 71 90 -1 8 55 95 97 -1 -2
1 3 31 70 -1 49 64 69 94 -1 16 64 68 94 -1 33 39 53 67 -1 4 53 75 93 -1 -2
56 72 80 87 -1 39 64 71 83 -1 6 44 66 76 -1 13 17 23 73 -1 2 26 47 97 -1 23 24 29 49 -1 -2
12 39 58 72 -1 -2
2 27 47 57 -1 8 31 37 53 -1 40 42 44 78 -1 35 58 85 90 -1 11 24 43 89 -1 4 20 21 86 -1 34 35 94 97 -1 41 51 65 95 -1 -2
1 40 41 98 -1 1 30 38 42 -1 1 6 62 66 -1 -2
19 23 67 71 -1 42 84 90 92 -1 -2
77 81 82 93 -1 45 50 60 63 -1 8 17 22 74 -1 35 58 65 80 -1 7 15 58 85 -1 3 66 72 77 -1 -2
28 30 86 88 -1 -2
6 43 72 98 -1 30 33 38 61 -1 10 19 32 95 -1 16 17 34 42 -1 28 46 83 97 -1 -2
36 46 48 53 -1 12 40 49 88 -1 62 81 82 95 -1 13 16 27 63 -1 23 29 42 59 -1 21 62 68 72 -1 31 43 58 72 -1 11 38 91 95 -1 -2
5 46 57 64 -1 38 47 55 84 -1 42 57 70 86 -1 13 16 61 66 -1 11 21 30 81 -1 11 42 58 77 -1 31 55 87 89 -1 -2
33 40 65 72 -1 5 26 27 82 -1 3 39 73 77 -1 1 25 53 97 -1 36 52 60 99 -1 9 20 22 53 -1 27 66 82 99 -1 9 53 58 96 -1 -2
16 74 78 89 -1 35 62 78 79 -1 13 15 42 45 -1 17 46 76 92 -1 40 44 97 100 -1 -2
7 26 27 44 -1 10 31 51 88 -1 -2
13 43 46 50 -1 -2
23 33 91 100 -1 3 40 42 87 -1 21 58 69 94 -1 13 32 40 87 -1 12 28 30 63 -1 6 14 69 99 -1 4 8 17 52 -1 19 54 83 98 -1 -2
24 31 51 95 -1 -2
38 51 79 96 -1 8 22 59 97 -1 15 18 64 65 -1 -2
37 76 84 93 -1 24 89 94 95 -1 2 16 32 56 -1 56 59 64 88 -1 3 9 23 68 -1 -2
4 22 89 100 -1 2 49 52 78 -1 26 78 80 91 -1 71 76 82 84 -1 18 29 44 57 -1 8 11 14 77 -1 42 57 66 69 -1 7 60 76 77 -1 -2
2 23 42 63 -1 5 42 64 91 -1 27 29 81 96 -1 12 33 36 48 -1 10 41 58 71 -1 10 67 71 98 -1 6 51 62 90 -1 -2
46 83 88 93 -1 57 60 61 79 -1 29 42 90 96 -1 26 28 95 96 -1 2 11 18 84 -1 2 8 21 41 -1 35 51 70 83 -1 -2
37 40 49 65 -1 8 31 83 91 -1 -2
28 65 71 82 -1 9 23 41 47 -1 12 24 29 84 -1 28 31 36 88 -1 -2
39 46 68 98 -1 16 47 94 99 -1 4 19 58 88 -1 22 67 85 86 -1 2 7 11 94 -1 14 33 62 100 -1 28 63 67 72 -1 -2
27 41 90 98 -1 19 29 31 57 -1 42 56 74 81 -1 -2
49 50 58 99 -1 -2
11 66 99 100 -1 10 21 29 38 -1 40 64 66 87 -1 1 47 72 79 -1 32 38 61 100 -1 2 6 65 82 -1 12 36 86 97 -1 -2
49 65 94 98 -1 -2
13 33 49 53 -1 7 27 58 94 -1 11 54 96 97 -1 12 38 59 65 -1 36 64 87 93 -1 21 44 83 91 -1 2 7 15 67 -1 1 61 64 90 -1 -2
8 37 55 66 -1 22 36 67 80 -1 3 4 63 75 -1 -2
26 44 66 90 -1 25 33 52 53 -1 -2
9 12 35 98 -1 39 69 81 93 -1 -2
12 14 66 98 -1 7 18 89 91 -1 38 70 74 87 -1 4 20 57 88 -1 65 79 85 90 -1 16 20 23 45 -1 3 47 64 68 -1 51 83 93 98 -1 -2
28 29 60 76 -1 5 19 88 91 -1 -2
36 42 86 99 -1 8 15 38 47 -1 -2
1 47 86 96 -1 10 14 38 83 -1 15 27 42 70 -1 1 38 42 51 -1 -2
6 33 70 81 -1 12 78 79 95 -1 17 35 50 95 -1 -2
11 46 85 89 -1 10 72 83 95 -1 13 21 93 98 -1 36 78 91 92 -1 5 49 56 84 -1 4 16 31 49 -1 1 58 61 67 -1 -2
35 59 69 90 -1 3 18 23 79 -1 21 41 77 82 -1 13 60 67 83 -1 43 58 80 82 -1 -2
41 55 79 81 -1 -2
20 53 57 71 -1 15 45 64 80 -1 -2
12 25 75 81 -1 6 25 50 100 -1 1 10 11 57 -1 1 39 73 83 -1 19 24 49 87 -1 59 62 68 70 -1 18 30 84 90 -1 40 44 52 80 -1 -2
19 34 45 81 -1 8 24 27 96 -1 10 26 36 86 -1 -2
25 48 74 80 -1 29 60 77 92 -1 18 33 47 87 -1 9 24 57 66 -1 52 72 79 93 -1 20 29 31 46 -1 -2
53 55 59 93 -1 7 38 62 90 -1 67 68 73 77 -1 22 38 42 73 -1 -2
5 16 51 87 -1 20 89 95 96 -1 -2
29 34 54 69 -1 53 72 84 89 -1 39 73 91 95 -1 1 17 36 62 -1 45 61 63 76 -1 4 87 90 99 -1 53 59 64 100 -1 -2
8 32 62 68 -1 36 46 83 87 -1 1 32 44 82 -1 42 52 67 76 -1 31 85 87 96 -1 -2
35 61 66 69 -1 21 43 71 87 -1 35 36 59 84 -1 4 15 48 92 -1 -2
9 34 36 42 -1 6 13 21 77 -1 14 18 64 88 -1 30 48 79 94 -1 1 30 85 86 -1 15 38 63 85 -1 -2
19 60 67 78 -1 3 21 56 100 -1 -2
3 5 66 68 -1 24 88 91 100 -1 28 51 73 97 -1 14 41 68 76 -1 12 18 86 90 -1 3 9 26 81 -1 2 5 47 57 -1 17 20 31 74 -1 -2
15 22 77 97 -1 3 15 51 56 -1 -2
9 40 42 84 -1 -2
21 41 52 65 -1 10 21 64 78 -1 56 59 81 84 -1 -2
27 30 58 67 -1 23 29 55 89 -1 18 23 26 42 -1 11 61 65 90 -1 10 47 92 98 -1 17 46 63 95 -1 -2
26 34 50 83 -1 22 44 60 66 -1 31 59 65 99 -1 25 32 44 49 -1 7 45 81 86 -1 -2
39 48 75 83 -1 22 37 42 67 -1 12 21 76 97 -1 33 52 71 84 -1 10 44 85 98 -1 44 47 49 56 -1 -2
33 84 91 100 -1 31 53 61 96 -1 11 33 58 69 -1 26 42 68 100 -1 -2
23 38 72 91 -1 50 59 67 82 -1 1 7 9 32 -1 2 64 69 97 -1 28 63 71 79 -1 30 62 75 83 -1 -2
31 50 83 96 -1 20 45 88 99 -1 18 48 60 63 -1 52 66 90 91 -1 39 61 62 81 -1 36 56 59 80 -1 8 32 47 63 -1 37 84 86 99 -1 -2
29 41 60 78 -1 -2
27 48 49 79 -1 20 30 64 82 -1 -2
7 9 20 44 -1 9 14 51 82 -1 16 37 40 66 -1 55 78 88 100 -1 17 37 55 66 -1 -2
29 30 37 86 -1 25 44 56 95 -1 -2
6 27 39 89 -1 12 18 30 69 -1 43 55 73 95 -1 23 32 35 48 -1 6 44 78 88 -1 24 61 66 69 -1 27 29 68 94 -1 14 29 46 65 -1 -2
13 24 93 100 -1 14 52 93 96 -1 4 20 37 88 -1 17 24 31 43 -1 5 25 63 69 -1 12 29 33 76 -1 38 46 56 93 -1 23 33 64 77 -1 -2
5 8 23 77 -1 21 80 89 99 -1 7 63 81 85 -1 12 75 90 96 -1 29 45 80 88 -1 -2
1 45 64 84 -1 -2
5 35 68 98 -1 31 48 59 100 -1 17 46 81 85 -1 13 23 38 76 -1 10 57 85 86 -1 7 17 82 87 -1 16 60 75 87 -1 6 28 56 65 -1 -2
12 25 48 86 -1 29 59 74 90 -1 13 47 79 83 -1 21 30 53 98 -1 9 34 50 72 -1 17 40 80 88 -1 5 70 73 95 -1 -2
31 45 75 90 -1 5 11 50 95 -1 18 20 40 98 -1 3 13 84 87 -1 -2
23 45 58 94 -1 36 38 48 99 -1 13 28 74 96 -1 25 70 80 95 -1 -2
50 67 85 90 -1 33 41 81 90 -1 8 19 39 47 -1 22 51 71 94 -1 14 37 55 96 -1 16 68 78 85 -1 -2
1 26 27 92 -1 -2
35 70 77 83 -1 20 54 56 67 -1 17 25 73 88 -1 24 62 63 96 -1 13 17 65 75 -1 9 17 42 55 -1 -2
18 69 77 94 -1 2 14 32 96 -1 20 37 46 54 -1 4 6 62 94 -1 19 25 39 59 -1 -2
12 58 80 83 -1 35 63 75 99 -1 8 49 76 85 -1 4 49 60 94 -1 -2
4 24 36 51 -1 17 19 32 36 -1 40 55 73 75 -1 15 39 52 81 -1 3 58 82 84 -1 8 29 33 92 -1 15 30 36 85 -1 30 51 53 59 -1 -2
10 56 73 85 -1 2 11 66 69 -1 33 53 70 77 -1 13 39 73 87 -1 65 69 79 81 -1 13 16 54 73 -1 9 17 49 55 -1 11 67 71 100 -1 -2
36 37 43 51 -1 22 80 82 88 -1 18 54 97 100 -1 -2
1 60 79 97 -1 -2
11 33 71 89 -1 41 63 90 99 -1 17 51 71 79 -1 16 54 79 99 -1 3 65 66 72 -1 48 78 79 99 -1 7 39 49 94 -1 41 76 83 93 -1 -2
12 43 66 83 -1 17 31 67 77 -1 18 78 89 97 -1 12 20 36 82 -1 40 46 60 70 -1 3 43 75 80 -1 48 72 86 100 -1 15 45 56 63 -1 -2
2 17 20 60 -1 8 32 48 89 -1 45 62 80 93 -1 7 51 71 98 -1 61 72 83 91 -1 -2
52 65 75 81 -1 26 49 54 55 -1 26 38 53 66 -1 7 20 66 87 -1 30 62 88 94 -1 -2
59 62 75 84 -1 15 36 53 56 -1 45 53 93 95 -1 8 48 55 71 -1 -2
19 23 30 98 -1 5 23 51 96 -1 20 25 26 99 -1 26 44 66 84 -1 36 37 83 84 -1 -2
2 77 78 95 -1 16 23 61 88 -1 -2
15 20 78 88 -1 48 51 70 80 -1 15 43 56 61 -1 8 19 47 70 -1 31 61 75 96 -1 15 54 75 87 -1 -2
25 54 77 87 -1 -2
13 15 81 92 -1 -2
8 38 53 86 -1 59 69 72 78 -1 2 11 18 67 -1 6 18 63 88 -1 3 7 23 59 -1 7 17 58 63 -1 -2
22 36 38 54 -1 59 60 61 78 -1 4 30 31 88 -1 20 34 68 74 -1 13 27 83 99 -1 26 32 38 48 -1 14 45 82 85 -1 -2
33 91 92 97 -1 24 28 33 97 -1 10 34 45 94 -1 10 32 48 50 -1 3 39 61 65 -1 27 43 45 93 -1 19 23 37 46 -1 39 49 88 100 -1 -2
1 44 51 94 -1 22 24 29 77 -1 14 27 50 74 -1 16 24 27 84 -1 -2
32 39 66 93 -1 19 54 68 77 -1 33 37 38 45 -1 -2
48 65 70 86 -1 3 25 29 80 -1 10 25 53 91 -1 -2
8 43 56 82 -1 -2
39 44 70 97 -1 34 40 52 61 -1 22 32 66 77 -1 23 39 47 91 -1 24 51 53 73 -1 1 13 55 64 -1 2 16 36 80 -1 -2
10 34 76 96 -1 12 51 75 91 -1 36 90 96 98 -1 26 42 48 87 -1 -2
31 74 85 99 -1 7 33 54 97 -1 6 15 21 74 -1 15 25 51 65 -1 22 65 73 83 -1 7 76 82 84 -1 -2
10 22 35 36 -1 -2
13 48 72 73 -1 27 34 76 96 -1 10 12 29 50 -1 13 16 19 46 -1 71 74 85 94 -1 -2
43 50 60 82 -1 22 59 62 98 -1 5 19 35 81 -1 -2
1 13 39 40 -1 30 64 90 95 -1 1 23 49 61 -1 31 48 80 91 -1 15 60 61 89 -1 -2
10 24 31 92 -1 29 49 57 87 -1 20 38 66 90 -1 3 33 43 48 -1 -2
4 50 57 80 -1 32 36 54 64 -1 42 56 58 77 -1 8 52 83 92 -1 8 27 36 58 -1 5 68 89 97 -1 -2
16 65 70 100 -1 23 33 40 82 -1 13 57 68 96 -1 51 68 77 80 -1 13 27 40 82 -1 34 55 94 98 -1 -2
52 53 92 98 -1 12 14 28 52 -1 1 20 32 82 -1 38 47 69 81 -1 -2
1 61 71 96 -1 15 25 75 76 -1 38 57 89 93 -1 1 6 22 80 -1 29 37 39 59 -1 -2
34 38 58 82 -1 25 30 51 76 -1 39 45 77 95 -1 16 32 69 86 -1 -2
6 12 30 55 -1 1 19 48 95 -1 2 52 66 88 -1 2 22 50 64 -1 41 71 90 93 -1 15 45 63 96 -1 8 64 89 96 -1 34 60 76 99 -1 -2
47 77 86 91 -1 7 62 77 91 -1 23 53 60 61 -1 31 41 53 81 -1 -2
24 35 74 78 -1 57 63 66 84 -1 25 57 71 83 -1 34 59 64 80 -1 33 41 77 100 -1 -2
19 20 67 79 -1 28 30 39 63 -1 3 26 27 60 -1 41 68 93 99 -1 17 22 75 84 -1 9 41 85 86 -1 5 47 66 77 -1 -2
2 44 58 78 -1 25 57 63 90 -1 3 33 36 60 -1 61 67 72 98 -1 8 61 88 92 -1 6 20 36 49 -1 -2
5 42 60 74 -1 22 23 32 85 -1 6 34 52 94 -1 -2
45 56 78 87 -1 19 55 75 89 -1 21 41 90 92 -1 9 28 51 95 -1 -2
1 3 21 99 -1 12 29 62 93 -1 7 54 78 82 -1 20 36 75 88 -1 3 11 17 62 -1 3 10 52 92 -1 23 42 74 75 -1 -2
4 24 79 93 -1 31 58 60 63 -1 13 16 30 71 -1 36 44 68 81 -1 23 69 84 87 -1 18 23 44 90 -1 -2
25 35 47 64 -1 11 80 92 94 -1 22 28 47 74 -1 25 33 45 85 -1 23 37 53 77 -1 18 19 23 99 -1 3 35 81 100 -1 1 12 65 80 -1 -2
7 8 44 81 -1 17 24 52 88 -1 1 3 55 86 -1 -2
3 15 92 93 -1 3 39 81 83 -1 37 53 93 97 -1 3 22 28 90 -1 42 53 67 85 -1 10 21 40 64 -1 21 48 81 86 -1 8 69 96 100 -1 -2
57 62 71 81 -1 2 36 56 81 -1 62 67 76 88 -1 12 17 67 85 -1 17 49 55 99 -1 13 24 87 96 -1 3 23 54 95 -1 -2
30 55 68 92 -1 58 85 88 92 -1 -2
1 23 59 62 -1 41 47 64 79 -1 2 8 27 67 -1 36 47 60 62 -1 2 6 35 47 -1 13 55 79 100 -1 6 45 55 84 -1 -2
3 34 61 100 -1 5 7 40 54 -1 -2
3 14 19 70 -1 2 32 69 90 -1 7 25 40 94 -1 23 38 86 96 -1 2 7 17 22 -1 54 84 88 95 -1 15 22 31 44 -1 10 27 54 100 -1 -2
19 20 22 77 -1 22 77 88 99 -1 53 54 82 99 -1 12 14 19 70 -1 19 45 49 99 -1 -2
4 23 46 95 -1 -2
9 40 60 86 -1 28 47 86 98 -1 33 40 86 99 -1 -2
19 30 53 95 -1 -2
2 16 17 89 -1 -2
3 28 56 99 -1 1 8 29 94 -1 46 57 66 67 -1 24 53 80 95 -1 70 75 84 88 -1 12 56 66 95 -1 29 67 84 94 -1 -2
28 31 75 95 -1 -2
13 63 82 89 -1 -2
48 49 77 84 -1 2 47 83 94 -1 2 4 36 59 -1 40 43 68 83 -1 4 37 82 99 -1 22 35 68 72 -1 6 12 49 100 -1 31 46 68 83 -1 -2
11 77 78 82 -1 17 45 84 100 -1 17 20 36 70 -1 36 41 44 47 -1 27 67 79 89 -1 28 54 62 97 -1 -2
11 53 77 80 -1 9 12 68 84 -1 38 56 72 88 -1 12 77 84 87 -1 15 31 41 58 -1 24 39 40 100 -1 2 4 39 85 -1 10 55 66 70 -1 -2
22 64 76 89 -1 -2
1 2 29 71 -1 17 31 38 99 -1 27 38 46 67 -1 5 12 70 87 -1 -2
24 27 82 84 -1 45 64 78 88 -1 29 30 58 100 -1 9 11 20 33 -1 17 22 27 45 -1 3 4 90 92 -1 53 84 89 99 -1 -2
59 67 85 89 -1 8 24 51 96 -1 3 29 39 51 -1 22 27 41 43 -1 2 5 48 92 -1 16 37 47 51 -1 13 16 27 63 -1 37 52 57 72 -1 -2
29 48 66 97 -1 28 38 76 85 -1 21 79 81 93 -1 22 52 54 66 -1 16 21 54 100 -1 -2
41 63 90 93 -1 -2
54 75 84 96 -1 -2
29 63 64 85 -1 27 40 58 65 -1 1 18 66 93 -1 10 33 42 89 -1 -2
51 72 77 87 -1 38 77 78 79 -1 18 21 49 99 -1 34 70 78 90 -1 -2
70 71 80 81 -1 -2
13 26 39 73 -1 27 30 86 94 -1 18 79 89 92 -1 3 5 38 45 -1 1 72 91 95 -1 15 33 55 92 -1 14 16 42 78 -1 -2
34 50 73 85 -1 22 23 58 60 -1 16 42 74 75 -1 16 42 53 94 -1 28 39 70 83 -1 20 26 45 78 -1 7 15 29 91 -1 -2
2 49 86 91 -1 45 64 71 94 -1 21 56 64 78 -1 20 31 33 45 -1 -2
6 15 59 65 -1 22 23 39 83 -1 -2
40 45 72 81 -1 27 44 50 93 -1 12 13 28 36 -1 33 40 47 52 -1 -2
44 51 53 93 -1 10 22 37 92 -1 9 11 74 81 -1 8 32 80 81 -1 6 39 60 85 -1 3 17 83 95 -1 33 57 67 82 -1 11 14 61 86 -1 -2
17 54 71 75 -1 37 54 62 75 -1 1 46 57 67 -1 10 74 93 94 -1 18 46 70 88 -1 29 65 71 80 -1 46 52 61 67 -1 -2
58 62 80 97 -1 25 28 40 44 -1 31 55 78 87 -1 3 20 22 68 -1 -2
30 55 64 69 -1 1 48 63 76 -1 20 21 42 99 -1 11 34 58 96 -1 -2
14 17 26 68 -1 -2
14 67 71 92 -1 31 52 82 99 -1 23 33 65 75 -1 33 42 59 87 -1 20 45 60 84 -1 -2
9 80 91 93 -1 64 67 75 82 -1 8 12 59 60 -1 -2
14 68 78 86 -1 5 27 78 99 -1 78 86 87 90 -1 10 66 78 90 -1 6 11 26 67 -1 27 67 76 93 -1 7 20 40 76 -1 -2
17 58 65 92 -1 72 73 81 100 -1 16 33 41 98 -1 3 38 77 91 -1 38 53 79 87 -1 39 64 66 70 -1 -2
4 11 50 66 -1 26 54 69 74 -1 21 24 51 79 -1 24 82 90 98 -1 28 58 62 86 -1 5 23 50 58 -1 -2
34 68 91 93 -1 -2
14 18 48 54 -1 46 54 88 93 -1 23 36 51 98 -1 38 61 65 79 -1 -2
30 38 70 98 -1 18 48 60 94 -1 23 32 38 94 -1 -2
71 87 90 97 -1 19 30 71 76 -1 22 31 33 51 -1 45 66 72 81 -1 10 15 29 78 -1 30 32 41 99 -1 20 38 63 65 -1 -2
18 46 68 78 -1 53 61 62 85 -1 25 57 63 66 -1 -2
37 54 66 79 -1 31 40 49 99 -1 22 30 68 90 -1 10 40 43 82 -1 -2
1 19 20 39 -1 8 40 54 82 -1 7 12 59 72 -1 17 60 64 77 -1 2 24 37 78 -1 7 42 53 82 -1 26 32 71 76 -1 -2
45 72 83 99 -1 2 18 33 95 -1 4 22 50 66 -1 13 34 66 98 -1 -2
46 56 85 97 -1 8 75 77 98 -1 -2
15 25 54 83 -1 45 53 55 92 -1 11 41 47 50 -1 6 29 42 45 -1 17 50 85 93 -1 19 52 61 65 -1 -2
21 69 86 89 -1 1 56 80 95 -1 44 66 77 98 -1 -2
12 15 48 52 -1 12 42 69 100 -1 7 17 32 36 -1 -2
35 41 55 85 -1 -2
5 93 98 100 -1 48 62 65 83 -1 25 29 69 92 -1 7 9 58 68 -1 25 54 66 71 -1 11 30 59 68 -1 17 76 78 95 -1 -2
26 34 96 100 -1 4 46 53 88 -1 24 56 68 84 -1 58 68 70 81 -1 26 41 43 57 -1 16 34 69 95 -1 29 34 75 88 -1 -2
12 67 90 92 -1 5 25 71 95 -1 7 12 68 100 -1 2 18 20 32 -1 67 77 80 88 -1 37 44 78 91 -1 15 16 58 92 -1 11 28 32 72 -1 -2
7 38 68 79 -1 38 42 54 61 -1 4 28 68 97 -1 24 70 72 87 -1 6 15 46 59 -1 -2
12 31 59 84 -1 24 37 64 98 -1 51 65 89 99 -1 15 30 48 73 -1 4 9 14 34 -1 35 57 58 80 -1 -2
30 37 88 89 -1 -2
7 27 32 70 -1 11 25 27 62 -1 4 21 39 51 -1 17 80 88 99 -1 -2
11 17 21 91 -1 12 25 48 88 -1 29 52 84 97 -1 29 46 54 80 -1 21 29 55 57 -1 9 21 51 58 -1 34 47 64 70 -1 -2
5 25 58 65 -1 7 8 56 57 -1 -2
25 30 41 96 -1 -2
28 55 63 95 -1 14 16 40 56 -1 21 33 40 59 -1 27 47 50 63 -1 6 26 29 92 -1 2 24 83 90 -1 11 36 53 57 -1 -2
50 74 91 99 -1 -2
12 43 65 91 -1 49 58 78 92 -1 9 21 59 64 -1 3 48 62 64 -1 44 56 70 95 -1 24 47 50 69 -1 -2
7 13 23 48 -1 2 39 78 84 -1 18 42 44 74 -1 11 36 86 88 -1 20 31 39 90 -1 28 33 36 75 -1 -2
11 21 59 97 -1 18 36 47 95 -1 56 65 67 95 -1 7 29 43 61 -1 -2
6 35 36 97 -1 7 20 38 66 -1 8 50 76 82 -1 -2
11 64 66 84 -1 11 27 60 81 -1 -2
10 24 41 42 -1 14 19 41 100 -1 2 43 50 61 -1 11 19 73 80 -1 27 41 76 88 -1 15 54 58 99 -1 48 57 58 86 -1 40 76 79 95 -1 -2
23 39 52 72 -1 31 36 48 69 -1 20 26 67 90 -1 2 6 51 75 -1 -2
34 57 84 96 -1 2 39 48 70 -1 1 15 49 55 -1 29 36 53 82 -1 14 42 64 73 -1 27 34 56 87 -1 18 63 88 97 -1 -2
21 48 88 94 -1 -2
55 62 84 94 -1 66 71 72 75 -1 8 41 79 81 -1 24 54 90 97 -1 1 12 16 56 -1 46 62 91 95 -1 13 36 49 95 -1 21 28 52 77 -1 -2
11 18 74 98 -1 9 37 63 96 -1 -2
5 20 73 88 -1 20 28 59 79 -1 -2
10 46 81 94 -1 28 33 88 97 -1 47 52 62 88 -1 32 65 81 94 -1 -2
21 67 69 75 -1 6 13 15 33 -1 2 81 93 97 -1 3 19 27 89 -1 10 22 82 90 -1 33 39 81 95 -1 64 78 83 84 -1 -2
58 80 85 91 -1 3 28 78 93 -1 12 70 80 99 -1 31 40 42 90 -1 10 49 50 61 -1 20 27 37 39 -1 36 69 97 99 -1 23 36 45 78 -1 -2
21 50 76 84 -1 10 18 22 80 -1 23 47 82 91 -1 2 47 75 97 -1 1 23 45 66 -1 15 23 26 75 -1 -2
8 68 80 94 -1 -2
23 25 44 90 -1 39 79 89 94 -1 4 79 92 100 -1 32 41 58 74 -1 37 38 59 81 -1 9 20 39 79 -1 -2
21 36 67 100 -1 23 32 38 98 -1 11 38 54 75 -1 2 16 72 78 -1 2 10 63 88 -1 16 63 91 98 -1 16 23 73 100 -1 -2
22 34 53 89 -1 5 15 42 45 -1 -2
22 51 55 84 -1 1 2 47 49 -1 21 51 71 87 -1 4 7 71 96 -1 1 40 74 100 -1 25 32 77 97 -1 22 52 85 87 -1 -2
20 43 50 99 -1 50 51 61 72 -1 6 36 68 91 -1 17 23 27 36 -1 31 70 74 96 -1 20 47 67 87 -1 18 63 73 100 -1 -2
21 50 52 59 -1 2 62 96 99 -1 45 88 89 95 -1 -2
5 48 65 97 -1 3 41 51 95 -1 53 66 76 79 -1 14 39 49 95 -1 -2
34 65 82 87 -1 43 73 79 82 -1 44 56 68 92 -1 -2
6 24 54 90 -1 46 48 53 90 -1 20 30 32 95 -1 -2
74 89 92 94 -1 13 50 53 73 -1 1 81 86 95 -1 -2
14 30 51 85 -1 5 39 45 57 -1 6 27 50 97 -1 8 20 47 97 -1 22 42 91 100 -1 7 26 42 72 -1 1 20 50 53 -1 -2
26 28 43 64 -1 6 17 23 48 -1 1 17 26 100 -1 -2
8 17 21 76 -1 5 24 35 96 -1 2 15 50 53 -1 -2
30 46 77 82 -1 24 41 47 48 -1 29 69 71 100 -1 20 60 95 100 -1 14 24 69 88 -1 47 74 82 94 -1 2 7 55 65 -1 -2
23 42 45 67 -1 27 42 43 62 -1 1 54 63 100 -1 27 36 54 67 -1 -2
43 47 56 59 -1 15 29 47 82 -1 -2
3 11 62 89 -1 25 30 75 83 -1 12 14 48 64 -1 24 65 71 80 -1 37 52 60 75 -1 6 51 85 86 -1 -2
20 43 70 86 -1 9 81 82 96 -1 37 42 57 79 -1 1 9 29 64 -1 2 63 65 71 -1 1 38 70 76 -1 5 63 74 85 -1 -2
33 35 84 92 -1 10 39 44 76 -1 1 35 65 89 -1 20 21 25 61 -1 -2
15 55 74 98 -1 31 50 60 91 -1 11 29 33 84 -1 39 45 51 79 -1 24 65 66 96 -1 39 68 78 88 -1 40 45 48 54 -1 27 35 45 49 -1 -2
24 35 62 64 -1 26 34 82 97 -1 1 12 61 76 -1 3 19 59 78 -1 64 70 87 94 -1 22 54 57 89 -1 6 26 75 79 -1 -2
20 46 61 65 -1 17 38 40 99 -1 -2
12 40 60 94 -1 5 38 46 82 -1 26 68 70 84 -1 19 26 45 97 -1 43 48 55 98 -1 2 39 43 85 -1 -2
2 14 90 94 -1 7 42 58 74 -1 -2
8 48 82 92 -1 8 32 78 89 -1 19 41 52 70 -1 32 36 79 87 -1 9 31 88 90 -1 20 27 42 51 -1 -2
4 16 53 91 -1 40 47 77 87 -1 7 31 50 67 -1 2 19 46 48 -1 3 25 30 88 -1 82 87 90 92 -1 9 13 70 75 -1 7 64 87 100 -1 -2
25 33 71 88 -1 19 28 35 70 -1 4 13 41 94 -1 36 37 67 81 -1 46 54 74 76 -1 18 38 42 74 -1 -2
20 62 71 99 -1 29 50 58 69 -1 45 65 71 98 -1 -2
52 63 80 99 -1 15 49 65 86 -1 42 49 61 98 -1 -2
24 40 57 80 -1 16 61 75 76 -1 21 35 54 67 -1 -2
21 60 74 85 -1 8 25 42 62 -1 56 68 85 90 -1 2 59 68 92 -1 38 42 67 77 -1 6 23 32 54 -1 7 37 52 80 -1 43 55 62 78 -1 -2
16 29 51 95 -1 15 31 35 59 -1 10 11 42 46 -1 14 31 55 61 -1 37 52 58 95 -1 -2
7 23 62 100 -1 63 75 79 99 -1 14 38 43 93 -1 65 72 77 93 -1 42 78 83 96 -1 10 44 51 79 -1 -2
26 27 42 48 -1 26 31 73 78 -1 34 58 80 83 -1 20 38 68 77 -1 2 13 21 56 -1 2 73 74 98 -1 32 52 59 99 -1 -2
2 12 73 80 -1 -2
41 50 85 87 -1 1 16 18 99 -1 -2
8 22 79 92 -1 55 70 75 87 -1 -2
4 14 26 62 -1 27 35 47 92 -1 2 6 16 38 -1 -2
42 46 76 78 -1 40 48 76 77 -1 23 25 82 87 -1 8 35 98 100 -1 -2
20 31 53 61 -1 32 39 42 46 -1 8 54 66 84 -1 2 26 45 99 -1 19 20 44 69 -1 2 9 43 46 -1 19 49 70 89 -1 -2
55 73 87 96 -1 11 43 50 71 -1 57 74 93 96 -1 41 53 83 88 -1 1 31 34 57 -1 2 6 15 21 -1 13 29 41 64 -1 38 64 81 82 -1 -2
23 26 43 81 -1 -2
4 33 63 74 -1 48 68 88 97 -1 20 27 45 82 -1 14 42 49 79 -1 -2
1 24 78 93 -1 12 70 89 92 -1 7 9 27 38 -1 15 61 67 75 -1 14 18 24 72 -1 -2
38 49 67 93 -1 21 29 45 91 -1 51 75 80 91 -1 2 3 48 85 -1 19 45 51 89 -1 -2
13 21 79 91 -1 4 8 57 65 -1 16 34 83 92 -1 27 44 47 70 -1 7 35 70 71 -1 44 56 82 95 -1 -2
21 23 57 71 -1 2 28 44 53 -1 29 37 53 59 -1 10 32 37 43 -1 21 24 43 85 -1 23 45 58 95 -1 27 42 52 89 -1 53 61 87 88 -1 -2
6 76 87 94 -1 4 67 72 84 -1 8 65 75 78 -1 43 44 58 80 -1 24 42 86 97 -1 5 39 73 98 -1 4 44 72 90 -1 48 57 81 91 -1 -2
8 15 33 62 -1 23 35 42 93 -1 12 47 52 67 -1 11 39 76 84 -1 1 25 36 59 -1 30 32 53 78 -1 -2
22 26 43 74 -1 15 30 94 95 -1 12 17 24 93 -1 -2
17 19 52 86 -1 10 17 70 99 -1 -2
12 47 76 88 -1 5 6 11 52 -1 34 61 73 89 -1 -2
48 61 68 95 -1 44 54 76 98 -1 13 37 72 95 -1 9 12 15 50 -1 -2
42 47 50 95 -1 61 70 82 90 -1 5 25 48 51 -1 -2
18 38 40 98 -1 35 36 72 87 -1 5 22 43 59 -1 73 75 86 96 -1 28 63 66 76 -1 -2
17 24 73 85 -1 12 38 43 84 -1 -2
32 33 49 81 -1 19 58 77 84 -1 30 57 63 90 -1 15 34 52 79 -1 15 20 62 79 -1 48 52 69 80 -1 1 16 37 42 -1 14 25 77 97 -1 -2
31 37 54 64 -1 26 54 60 75 -1 -2
12 39 75 100 -1 62 69 75 79 -1 33 51 58 65 -1 -2
8 9 47 72 -1 -2
3 62 73 98 -1 36 54 61 87 -1 24 35 91 98 -1 -2
3 8 57 76 -1 20 81 92 95 -1 58 62 75 79 -1 41 53 79 88 -1 19 62 65 66 -1 5 59 83 92 -1 22 51 58 68 -1 -2
4 9 20 45 -1 11 21 44 72 -1 51 58 80 87 -1 26 42 70 96 -1 13 14 36 55 -1 -2
33 58 75 77 -1 42 73 78 98 -1 1 17 90 93 -1 9 14 29 32 -1 30 70 76 83 -1 10 12 51 96 -1 20 30 64 81 -1 2 34 79 81 -1 -2
3 55 81 93 -1 49 55 67 98 -1 8 13 38 66 -1 -2
45 54 70 73 -1 3 24 80 96 -1 18 39 70 95 -1 10 11 32 88 -1 51 71 76 96 -1 23 24 51 81 -1 4 38 39 87 -1 -2
30 56 88 91 -1 7 39 53 66 -1 13 24 53 83 -1 -2
21 32 64 67 -1 -2
12 18 23 51 -1 15 26 70 100 -1 -2
7 61 72 89 -1 6 30 46 61 -1 39 59 68 80 -1 11 36 69 89 -1 57 59 60 70 -1 -2
10 19 27 94 -1 11 57 93 98 -1 2 72 91 98 -1 23 55 61 96 -1 8 13 23 90 -1 24 27 30 61 -1 37 75 85 93 -1 -2
1 21 49 97 -1 47 68 75 79 -1 15 21 56 81 -1 53 60 69 99 -1 -2
20 32 50 91 -1 11 47 53 79 -1 9 21 52 80 -1 48 65 79 82 -1 8 59 85 94 -1 30 36 59 80 -1 -2
10 19 28 73 -1 2 68 95 99 -1 12 36 53 58 -1 3 11 19 36 -1 8 22 77 79 -1 -2
1 5 39 100 -1 12 42 50 73 -1 -2
5 39 48 76 -1 32 47 88 94 -1 10 15 19 78 -1 35 48 89 93 -1 2 13 75 80 -1 19 22 25 51 -1 22 40 47 81 -1 -2
18 49 65 95 -1 18 36 84 87 -1 -2
35 46 62 64 -1 44 70 85 91 -1 10 22 39 66 -1 1 2 4 13 -1 28 36 40 64 -1 47 79 80 93 -1 11 41 45 96 -1 -2
6 12 14 58 -1 9 25 29 67 -1 40 52 55 80 -1 5 24 45 76 -1 31 32 52 61 -1 6 41 42 76 -1 -2
9 44 72 92 -1 -2
8 60 62 63 -1 6 14 27 82 -1 -2
26 29 40 73 -1 10 13 15 34 -1 18 38 49 85 -1 12 55 73 100 -1 -2
32 36 68 95 -1 19 48 87 91 -1 -2
5 12 74 81 -1 38 46 74 81 -1 20 31 61 77 -1 -2
33 37 67 84 -1 -2
46 53 62 64 -1 4 54 69 93 -1 2 25 55 68 -1 23 31 41 78 -1 17 27 93 94 -1 36 55 71 78 -1 -2
14 33 38 74 -1 -2
2 25 27 38 -1 2 10 50 58 -1 2 12 75 89 -1 18 44 52 59 -1 -2
14 20 39 93 -1 5 24 94 97 -1 9 16 63 77 -1 21 33 35 81 -1 11 21 89 93 -1 2 30 41 47 -1 -2
20 64 73 76 -1 16 32 52 74 -1 -2
7 16 19 81 -1 -2
6 37 51 57 -1 30 42 54 83 -1 19 74 85 91 -1 -2
46 55 71 96 -1 5 9 11 82 -1 6 18 59 85 -1 84 87 91 98 -1 -2
11 47 78 91 -1 26 66 95 96 -1 15 33 72 95 -1 23 42 93 95 -1 12 24 59 97 -1 21 35 68 92 -1 14 43 69 92 -1 -2
12 63 73 97 -1 -2
18 68 80 95 -1 36 39 48 64 -1 15 22 76 81 -1 13 25 38 65 -1 50 60 61 94 -1 55 74 84 91 -1 -2
10 14 72 93 -1 40 47 56 77 -1 1 16 46 91 -1 -2
18 65 79 96 -1 18 41 70 99 -1 -2
15 42 60 98 -1 27 63 68 73 -1 46 66 70 91 -1 44 52 64 100 -1 14 15 77 97 -1 4 84 87 92 -1 -2
1 7 86 95 -1 21 27 29 56 -1 29 41 66 87 -1 -2
16 33 38 96 -1 4 46 62 71 -1 9 28 46 55 -1 4 31 90 96 -1 41 42 59 64 -1 33 51 53 82 -1 23 46 64 71 -1 4 14 28 54 -1 -2
4 22 46 100 -1 35 41 42 48 -1 56 72 87 95 -1 4 18 51 69 -1 -2
1 9 27 53 -1 23 55 62 100 -1 26 50 64 80 -1 26 50 58 73 -1 1 8 38 91 -1 -2
45 50 70 72 -1 1 52 70 96 -1 62 68 74 95 -1 -2
12 16 17 62 -1 50 51 55 63 -1 19 21 27 29 -1 13 25 60 76 -1 4 19 88 100 -1 21 35 65 70 -1 -2
3 15 79 85 -1 6 34 62 70 -1 -2
56 57 71 75 -1 32 38 40 97 -1 9 49 55 94 -1 12 15 29 74 -1 -2
70 72 73 83 -1 -2
2 7 52 90 -1 28 72 81 83 -1 22 44 48 98 -1 56 63 67 96 -1 29 70 76 87 -1 2 22 29 65 -1 15 19 20 96 -1 -2
55 76 84 100 -1 5 39 70 92 -1 14 46 48 97 -1 -2
4 23 72 85 -1 28 31 44 96 -1 -2
14 66 70 81 -1 7 26 30 93 -1 1 8 39 99 -1 14 63 69 70 -1 10 31 41 79 -1 22 49 87 91 -1 8 69 81 82 -1 -2
11 23 81 88 -1 9 72 75 86 -1 3 16 37 97 -1 9 21 49 81 -1 47 53 71 86 -1 4 42 43 57 -1 9 14 47 94 -1 -2
9 31 82 93 -1 20 72 73 96 -1 20 29 34 80 -1 23 93 97 98 -1 10 49 85 99 -1 2 58 65 70 -1 10 29 44 81 -1 39 58 69 89 -1 -2
27 29 77 87 -1 64 76 92 99 -1 30 46 61 95 -1 60 80 83 84 -1 17 69 72 90 -1 -2
22 28 33 82 -1 21 22 36 96 -1 5 12 18 42 -1 37 43 47 54 -1 45 46 65 95 -1 30 39 92 99 -1 26 41 68 85 -1 30 32 52 54 -1 -2
39 47 57 78 -1 9 28 46 73 -1 4 27 30 43 -1 9 18 41 72 -1 51 74 79 83 -1 29 45 86 100 -1 7 54 84 85 -1 -2
35 78 79 82 -1 16 36 46 68 -1 -2
5 32 49 98 -1 17 70 96 98 -1 13 88 89 97 -1 -2
22 27 48 78 -1 37 66 76 80 -1 -2
18 52 58 67 -1 -2
5 37 83 96 -1 25 82 91 93 -1 15 18 21 29 -1 -2
8 24 80 95 -1 33 54 97 99 -1 -2
23 26 42 75 -1 35 43 53 84 -1 33 41 56 83 -1 67 71 91 97 -1 10 22 26 53 -1 8 20 21 42 -1 41 49 61 84 -1 8 51 84 98 -1 -2
2 10 20 33 -1 5 15 60 89 -1 2 47 53 82 -1 2 6 7 66 -1 -2
31 51 71 92 -1 13 23 59 88 -1 5 13 44 83 -1 41 44 56 62 -1 -2
14 45 61 93 -1 28 72 80 95 -1 19 55 65 80 -1 8 36 46 48 -1 84 92 98 99 -1 -2
6 29 46 63 -1 9 10 46 74 -1 -2
32 46 85 93 -1 4 38 57 76 -1 50 59 64 98 -1 2 30 83 85 -1 9 64 69 80 -1 1 13 35 36 -1 -2
12 52 89 96 -1 7 62 80 84 -1 9 12 71 84 -1 8 43 63 98 -1 21 31 37 42 -1 6 24 77 84 -1 -2
29 50 80 88 -1 19 26 47 85 -1 49 87 92 94 -1 15 32 51 67 -1 -2
60 83 90 94 -1 1 9 61 76 -1 28 36 48 53 -1 16 53 78 89 -1 41 43 54 77 -1 22 29 78 99 -1 44 47 67 95 -1 9 17 44 74 -1 -2
3 17 49 51 -1 15 27 29 37 -1 40 51 80 100 -1 31 49 71 76 -1 55 64 79 81 -1 -2
21 26 87 88 -1 33 39 71 87 -1 25 43 72 97 -1 36 54 57 62 -1 11 29 49 73 -1 16 37 83 100 -1 -2
40 61 87 93 -1 20 41 49 68 -1 1 16 18 34 -1 16 46 56 86 -1 39 46 54 88 -1 48 72 89 99 -1 22 54 60 90 -1 54 67 90 92 -1 -2
13 40 41 56 -1 22 23 24 68 -1 6 67 85 94 -1 8 14 34 48 -1 -2
61 69 75 97 -1 34 81 83 86 -1 15 22 79 98 -1 -2
4 37 59 74 -1 7 29 30 41 -1 15 34 65 75 -1 22 26 51 85 -1 45 51 74 92 -1 21 28 75 84 -1 -2
50 52 73 80 -1 5 56 70 71 -1 45 50 66 94 -1 16 18 72 75 -1 12 53 74 90 -1 1 56 68 100 -1 26 34 36 49 -1 -2
25 37 52 98 -1 25 53 66 71 -1 -2
51 69 79 94 -1 6 20 88 100 -1 16 22 49 58 -1 5 26 75 81 -1 14 16 55 95 -1 21 69 83 85 -1 -2
42 65 69 93 -1 13 19 42 82 -1 17 37 54 63 -1 5 38 39 48 -1 50 60 83 91 -1 30 45 47 73 -1 -2
5 66 68 98 -1 10 12 15 69 -1 13 27 43 72 -1 39 65 84 99 -1 -2
35 61 74 97 -1 7 14 70 78 -1 22 26 38 62 -1 37 66 69 79 -1 4 22 27 88 -1 27 31 39 71 -1 34 42 53 85 -1 -2
6 11 31 40 -1 65 70 83 97 -1 -2
10 12 23 97 -1 24 40 48 96 -1 22 58 66 84 -1 8 43 54 74 -1 -2
5 16 52 99 -1 -2
16 45 60 73 -1 17 49 71 80 -1 5 73 84 89 -1 51 56 75 85 -1 25 38 78 79 -1 31 64 92 99 -1 -2
3 18 22 34 -1 4 28 41 99 -1 5 18 34 63 -1 6 26 50 95 -1 35 41 51 54 -1 23 65 77 98 -1 7 36 70 93 -1 -2
6 62 87 97 -1 27 37 58 70 -1 -2
17 20 56 71 -1 12 18 27 60 -1 32 67 85 86 -1 24 47 78 100 -1 -2
2 17 28 86 -1 -2
8 62 67 97 -1 23 63 70 99 -1 9 38 59 63 -1 41 55 74 80 -1 29 51 83 89 -1 19 32 37 83 -1 8 21 67 69 -1 69 78 80 87 -1 -2
30 58 66 67 -1 -2
28 56 84 99 -1 9 44 82 84 -1 13 14 39 40 -1 34 39 64 81 -1 42 64 91 92 -1 -2
56 81 83 96 -1 -2
30 62 80 96 -1 2 13 23 80 -1 -2
1 61 80 95 -1 -2
8 48 76 86 -1 6 34 65 93 -1 28 63 79 98 -1 23 28 72 100 -1 11 26 39 71 -1 19 31 38 94 -1 -2
15 18 34 80 -1 26 48 49 78 -1 -2
43 66 89 90 -1 -2
17 18 44 62 -1 4 26 31 35 -1 42 61 63 72 -1 19 37 54 100 -1 24 32 58 73 -1 11 51 61 78 -1 37 40 50 72 -1 7 76 91 98 -1 -2
8 15 38 89 -1 19 66 88 94 -1 -2
4 38 63 95 -1 -2
50 55 90 92 -1 11 54 62 94 -1 46 77 89 99 -1 28 35 39 42 -1 36 55 92 93 -1 38 53 58 86 -1 40 72 78 87 -1 -2
39 42 48 82 -1 10 51 65 75 -1 1 17 81 91 -1 -2
9 26 28 61 -1 -2
48 56 84 95 -1 21 35 46 82 -1 14 26 31 65 -1 32 56 61 80 -1 2 23 40 81 -1 18 20 72 86 -1 15 49 57 89 -1 -2
42 55 73 96 -1 56 60 95 98 -1 21 90 95 96 -1 22 33 35 92 -1 1 30 75 97 -1 65 67 80 82 -1 5 23 28 68 -1 -2
1 8 20 84 -1 3 24 50 74 -1 -2
11 31 36 70 -1 6 55 67 92 -1 1 32 91 93 -1 -2
4 9 72 87 -1 8 19 22 99 -1 11 37 42 62 -1 48 71 93 96 -1 11 58 69 83 -1 6 24 31 54 -1 10 67 87 99 -1 -2
7 13 26 87 -1 35 68 72 100 -1 11 42 65 82 -1 49 52 73 75 -1 3 11 39 44 -1 30 31 54 61 -1 1 2 58 65 -1 6 60 63 79 -1 -2
22 41 51 64 -1 20 23 34 77 -1 34 47 86 93 -1 12 29 33 67 -1 11 26 29 90 -1 2 32 48 58 -1 -2
11 64 71 86 -1 7 13 57 86 -1 18 31 40 63 -1 -2
37 49 84 98 -1 2 22 59 97 -1 29 43 60 91 -1 14 41 90 97 -1 -2
27 45 77 89 -1 33 77 90 97 -1 21 23 86 96 -1 7 38 40 48 -1 23 57 92 97 -1 1 11 64 84 -1 51 63 89 90 -1 -2
4 51 59 92 -1 18 33 36 93 -1 -2
8 20 27 84 -1 9 37 73 83 -1 26 69 78 81 -1 44 45 50 73 -1 18 27 46 61 -1 32 58 69 70 -1 41 53 58 98 -1 -2
4 6 59 84 -1 20 34 45 70 -1 11 29 57 80 -1 4 12 72 100 -1 -2
23 27 45 70 -1 16 35 61 75 -1 14 40 64 83 -1 16 26 32 72 -1 -2
45 70 82 95 -1 32 35 77 79 -1 37 49 53 62 -1 29 37 60 90 -1 20 64 71 93 -1 3 13 42 91 -1 37 45 46 99 -1 32 42 68 91 -1 -2
27 46 63 80 -1 42 57 58 74 -1 -2
34 53 78 93 -1 17 29 77 82 -1 14 54 63 93 -1 2 14 66 85 -1 20 31 50 77 -1 26 46 63 89 -1 13 25 64 73 -1 -2
17 60 80 99 -1 46 79 95 100 -1 6 17 29 65 -1 10 25 77 80 -1 -2
20 49 63 84 -1 3 35 43 54 -1 13 21 55 96 -1 19 67 89 93 -1 -2
7 39 62 100 -1 -2
23 49 74 92 -1 23 54 65 82 -1 11 16 62 68 -1 25 29 54 98 -1 11 51 57 73 -1 19 28 30 49 -1 13 53 63 77 -1 20 61 63 96 -1 -2
7 26 64 68 -1 13 24 49 68 -1 -2
65 70 91 94 -1 21 74 77 94 -1 8 40 71 92 -1 31 41 80 91 -1 8 33 65 69 -1 2 14 19 47 -1 15 68 73 78 -1 65 73 95 96 -1 -2
37 40 57 90 -1 16 34 63 100 -1 5 7 35 70 -1 -2
3 33 48 79 -1 5 38 44 65 -1 -2
19 51 77 87 -1 18 50 62 99 -1 51 56 67 100 -1 6 28 30 60 -1 22 24 33 62 -1 6 29 30 61 -1 2 3 27 71 -1 46 51 68 84 -1 -2
3 10 22 96 -1 6 15 73 86 -1 2 53 74 90 -1 26 32 34 49 -1 28 37 48 53 -1 8 17 50 66 -1 68 79 87 97 -1 -2
46 51 68 94 -1 21 55 70 92 -1 2 28 43 100 -1 8 17 35 80 -1 21 68 85 87 -1 -2
3 31 53 56 -1 3 9 18 98 -1 8 12 46 73 -1 3 42 62 86 -1 -2
15 22 31 87 -1 32 64 69 89 -1 63 64 97 98 -1 -2
7 27 52 85 -1 7 9 18 20 -1 4 48 67 98 -1 23 61 69 85 -1 8 65 67 87 -1 5 19 41 61 -1 -2
7 27 28 69 -1 7 10 36 76 -1 43 47 66 72 -1 23 41 64 65 -1 22 26 70 90 -1 -2
34 38 43 75 -1 31 60 88 98 -1 21 26 80 83 -1 6 20 44 61 -1 9 23 59 96 -1 -2
1 11 55 84 -1 9 47 89 100 -1 14 30 61 77 -1 1 11 19 95 -1 21 58 60 71 -1 29 40 70 87 -1 3 86 91 96 -1 18 62 69 76 -1 -2
24 36 39 74 -1 32 65 69 93 -1 1 11 17 98 -1 4 38 65 70 -1 -2
16 61 68 73 -1 2 20 60 80 -1 16 47 52 78 -1 3 31 35 77 -1 11 19 43 50 -1 -2
40 52 73 100 -1 20 36 46 89 -1 -2
30 41 60 92 -1 -2
13 18 30 70 -1 68 69 71 92 -1 32 35 85 94 -1 21 31 55 76 -1 -2
26 35 52 68 -1 28 34 91 93 -1 5 13 25 75 -1 13 49 80 83 -1 17 20 41 99 -1 6 9 22 83 -1 28 30 60 91 -1 -2
17 45 50 55 -1 1 4 62 86 -1 -2
29 34 42 65 -1 20 26 43 71 -1 67 87 95 98 -1 24 38 51 93 -1 58 67 79 89 -1 2 43 58 69 -1 -2
1 4 21 63 -1 5 20 67 71 -1 5 12 31 66 -1 6 34 68 77 -1 5 57 63 93 -1 -2
6 34 42 58 -1 9 88 97 99 -1 23 54 55 67 -1 1 34 38 95 -1 17 69 70 88 -1 -2
12 21 28 89 -1 3 22 31 79 -1 19 28 37 74 -1 9 81 82 85 -1 14 76 91 97 -1 -2
8 20 48 78 -1 55 60 71 99 -1 29 68 79 81 -1 2 55 66 96 -1 19 22 67 79 -1 19 40 85 88 -1 -2
22 58 60 73 -1 1 30 34 53 -1 1 18 34 62 -1 14 42 43 47 -1 -2
7 35 52 66 -1 -2
19 28 48 98 -1 3 9 32 43 -1 20 57 80 90 -1 46 63 73 86 -1 12 17 19 25 -1 29 49 52 73 -1 11 65 79 100 -1 -2
12 26 27 86 -1 18 31 39 55 -1 13 16 68 85 -1 -2
14 16 25 61 -1 14 20 45 82 -1 23 27 33 36 -1 8 21 48 85 -1 13 27 56 72 -1 53 56 57 61 -1 -2
25 35 80 97 -1 5 27 37 43 -1 36 43 55 64 -1 -2
5 7 28 93 -1 14 16 29 90 -1 36 37 41 73 -1 32 71 89 95 -1 10 37 61 85 -1 -2
17 29 72 96 -1 5 52 57 99 -1 6 30 93 94 -1 -2
9 41 55 85 -1 12 21 40 76 -1 25 42 55 56 -1 33 42 76 99 -1 9 59 63 87 -1 -2
21 56 66 89 -1 19 87 89 92 -1 -2
16 23 34 40 -1 75 83 84 100 -1 41 43 62 82 -1 -2
12 13 29 49 -1 21 22 28 84 -1 -2
30 62 72 80 -1 -2
25 29 33 98 -1 37 45 86 96 -1 7 31 84 94 -1 6 23 50 76 -1 -2
59 72 83 85 -1 33 35 63 76 -1 -2
60 67 71 83 -1 -2
12 40 54 87 -1 3 10 95 97 -1 9 26 62 74 -1 -2
66 93 99 100 -1 30 58 64 92 -1 25 56 68 75 -1 1 16 57 83 -1 -2
1 21 24 32 -1 17 28 79 90 -1 -2
7 28 61 67 -1 37 44 46 74 -1 20 28 83 95 -1 17 23 57 85 -1 33 58 83 100 -1 76 85 94 98 -1 -2
1 11 22 68 -1 33 65 73 82 -1 2 20 97 99 -1 35 71 76 90 -1 11 32 42 100 -1 17 23 87 97 -1 -2
9 42 57 66 -1 19 61 98 99 -1 4 12 53 63 -1 6 56 91 92 -1 8 27 36 63 -1 2 38 52 63 -1 21 63 80 95 -1 54 80 85 88 -1 -2
29 33 39 49 -1 6 18 66 76 -1 -2
1 46 59 70 -1 24 57 86 88 -1 28 48 95 100 -1 5 14 39 60 -1 12 23 25 27 -1 3 15 20 90 -1 11 28 41 45 -1 4 8 38 72 -1 -2
33 37 70 80 -1 16 19 40 79 -1 28 43 69 71 -1 14 59 70 81 -1 44 64 70 84 -1 -2
19 38 75 98 -1 7 12 49 66 -1 15 50 61 79 -1 7 27 69 85 -1 8 43 62 87 -1 -2
17 34 39 88 -1 28 43 69 71 -1 37 60 61 98 -1 58 66 68 70 -1 30 48 71 74 -1 -2
24 33 35 95 -1 8 28 32 59 -1 21 22 62 69 -1 9 11 30 87 -1 44 87 92 99 -1 47 63 95 98 -1 21 55 69 75 -1 -2
18 28 32 61 -1 11 23 48 67 -1 14 45 76 88 -1 3 20 30 59 -1 -2
39 52 68 93 -1 -2
84 85 93 94 -1 16 46 84 97 -1 31 59 61 79 -1 -2
53 58 62 92 -1 8 31 52 55 -1 19 35 39 55 -1 26 54 79 94 -1 29 63 71 99 -1 3 4 45 90 -1 9 31 56 96 -1 5 36 38 39 -1 -2
12 17 48 87 -1 5 18 61 74 -1 -2
29 34 48 95 -1 23 75 87 95 -1 28 32 61 95 -1 7 31 44 82 -1 -2
2 26 29 34 -1 45 71 90 100 -1 6 70 76 95 -1 11 53 55 85 -1 -2
10 27 45 98 -1 16 36 78 99 -1 7 37 40 86 -1 -2
38 47 64 84 -1 36 39 48 91 -1 21 46 55 84 -1 4 16 30 72 -1 29 37 85 86 -1 33 57 65 95 -1 -2
8 18 42 72 -1 68 77 86 97 -1 42 72 76 90 -1 47 52 69 74 -1 62 70 77 90 -1 22 23 48 100 -1 -2
3 25 61 92 -1 9 17 21 23 -1 2 31 32 65 -1 24 32 57 95 -1 4 52 54 97 -1 4 29 45 72 -1 11 45 57 77 -1 -2
11 13 44 63 -1 58 81 94 100 -1 -2
5 12 57 94 -1 6 14 43 54 -1 11 36 47 100 -1 44 60 64 76 -1 -2
27 29 43 88 -1 25 64 68 99 -1 21 52 54 71 -1 9 28 80 100 -1 5 19 39 65 -1 -2
12 31 41 43 -1 13 24 51 92 -1 -2
56 81 88 100 -1 34 72 73 93 -1 61 73 87 92 -1 2 48 64 85 -1 25 54 85 98 -1 -2
13 18 28 85 -1 5 34 36 81 -1 2 3 11 41 -1 -2
31 79 83 86 -1 6 8 56 90 -1 14 19 89 90 -1 10 22 52 76 -1 8 47 50 64 -1 -2
37 43 49 93 -1 4 23 79 91 -1 22 84 95 99 -1 -2
15 28 33 62 -1 30 42 59 73 -1 40 56 63 88 -1 24 28 40 43 -1 1 6 74 100 -1 12 38 41 62 -1 -2
1 15 37 42 -1 -2
11 21 87 100 -1 27 51 60 68 -1 -2
48 52 58 72 -1 4 33 34 70 -1 25 45 67 84 -1 10 16 59 62 -1 36 54 68 83 -1 1 42 55 68 -1 18 34 38 79 -1 26 55 60 84 -1 -2
1 6 59 89 -1 24 32 37 77 -1 16 56 73 89 -1 33 44 47 75 -1 3 17 33 58 -1 -2
47 52 55 96 -1 16 32 36 43 -1 8 33 79 97 -1 17 22 85 98 -1 7 33 83 84 -1 55 73 74 86 -1 -2
24 56 61 76 -1 35 46 62 90 -1 21 33 57 60 -1 24 48 53 85 -1 -2
41 51 75 93 -1 20 25 31 90 -1 37 80 86 94 -1 -2
13 40 75 97 -1 6 48 91 97 -1 17 50 52 66 -1 23 35 71 89 -1 5 55 67 70 -1 20 22 35 44 -1 -2
47 53 59 79 -1 25 49 81 87 -1 17 38 66 84 -1 34 75 84 93 -1 49 50 93 94 -1 36 48 56 62 -1 -2
28 59 83 84 -1 15 22 41 65 -1 48 60 66 86 -1 12 14 60 99 -1 76 79 91 96 -1 25 26 64 88 -1 -2
38 59 89 94 -1 39 43 73 74 -1 -2
32 47 61 91 -1 4 30 34 36 -1 16 27 77 89 -1 30 49 87 90 -1 49 57 90 93 -1 5 23 38 63 -1 23 67 76 98 -1 8 24 35 39 -1 -2
44 54 71 99 -1 22 34 61 64 -1 18 40 74 93 -1 18 49 85 87 -1 25 48 51 80 -1 22 26 58 67 -1 8 16 58 98 -1 -2
61 83 93 99 -1 -2
4 19 24 94 -1 50 69 88 92 -1 -2
6 48 66 85 -1 36 56 95 96 -1 44 62 65 95 -1 8 11 15 81 -1 -2
3 7 69 82 -1 10 83 86 98 -1 31 62 70 79 -1 6 38 61 94 -1 4 39 77 91 -1 29 32 41 66 -1 -2
1 11 16 21 -1 -2
36 84 90 99 -1 -2
22 33 53 65 -1 41 46 47 97 -1 -2
41 65 77 93 -1 7 15 51 97 -1 32 43 71 78 -1 15 43 62 74 -1 23 31 41 89 -1 6 16 22 97 -1 30 45 49 63 -1 5 19 49 87 -1 -2
13 15 32 83 -1 3 9 34 95 -1 16 36 56 59 -1 8 38 90 95 -1 4 24 37 87 -1 3 35 36 85 -1 47 69 80 93 -1 -2
29 54 68 80 -1 2 55 83 94 -1 12 15 24 66 -1 33 49 82 99 -1 -2
12 28 52 94 -1 10 23 33 42 -1 21 40 72 84 -1 -2
45 84 94 95 -1 13 44 46 68 -1 8 39 67 94 -1 18 23 75 97 -1 44 67 81 90 -1 9 47 70 92 -1 -2
24 25 44 67 -1 39 54 63 100 -1 13 25 32 76 -1 2 25 37 79 -1 1 13 25 82 -1 -2
17 20 69 76 -1 15 64 85 95 -1 39 80 89 91 -1 7 24 85 86 -1 12 66 80 93 -1 -2
19 42 45 71 -1 -2
2 7 33 39 -1 17 23 64 81 -1 25 50 52 97 -1 30 43 81 90 -1 29 39 57 69 -1 30 42 71 74 -1 22 30 44 72 -1 -2
6 39 47 88 -1 -2
39 83 90 99 -1 24 46 48 81 -1 32 47 75 78 -1 10 35 83 89 -1 35 36 68 86 -1 13 17 40 99 -1 1 15 43 49 -1 8 13 14 36 -1 -2
12 26 42 89 -1 -2
15 32 62 100 -1 24 76 97 100 -1 29 57 67 95 -1 1 13 28 68 -1 3 37 48 67 -1 -2
35 45 54 77 -1 8 92 95 99 -1 24 36 40 100 -1 -2
10 11 39 99 -1 3 20 62 71 -1 -2
36 41 49 55 -1 56 62 72 93 -1 15 60 68 83 -1 9 11 67 74 -1 44 50 60 91 -1 -2
4 72 88 91 -1 5 43 67 89 -1 17 40 80 97 -1 -2
7 53 58 82 -1 54 75 77 83 -1 -2
2 4 75 80 -1 1 14 59 100 -1 12 32 70 71 -1 51 53 84 89 -1 40 42 69 95 -1 14 15 93 96 -1 -2
1 25 56 84 -1 13 46 83 85 -1 3 57 73 78 -1 32 51 55 85 -1 33 36 47 99 -1 16 33 36 96 -1 -2
25 31 34 69 -1 1 21 24 86 -1 56 57 76 78 -1 -2
4 15 29 36 -1 23 66 69 71 -1 5 18 37 51 -1 -2
15 22 74 85 -1 37 44 58 69 -1 6 17 26 82 -1 3 34 75 96 -1 35 54 62 95 -1 8 20 23 77 -1 -2
16 25 47 60 -1 19 44 60 86 -1 6 48 68 89 -1 -2
6 24 89 98 -1 24 29 63 76 -1 -2
16 23 32 48 -1 2 15 87 89 -1 5 21 51 71 -1 1 2 80 89 -1 11 25 48 80 -1 2 14 30 57 -1 14 17 69 85 -1 -2
17 32 58 81 -1 16 41 50 58 -1 45 47 92 98 -1 2 9 19 59 -1 2 3 76 89 -1 5 6 53 60 -1 8 24 39 46 -1 5 55 70 72 -1 -2
22 51 64 86 -1 10 67 88 96 -1 -2
8 24 38 53 -1 2 12 48 100 -1 12 22 81 89 -1 14 36 58 66 -1 30 31 72 100 -1 12 36 66 92 -1 59 72 80 99 -1 54 56 85 88 -1 -2
57 60 86 97 -1 32 38 60 65 -1 49 52 72 78 -1 23 41 45 61 -1 2 4 73 78 -1 1 28 49 97 -1 15 41 48 67 -1 -2
21 37 43 75 -1 61 66 71 95 -1 32 37 46 68 -1 -2
6 27 40 77 -1 -2
52 53 63 69 -1 9 14 28 46 -1 3 72 89 91 -1 -2
7 54 95 97 -1 33 44 65 75 -1 6 60 68 70 -1 14 25 60 92 -1 20 21 26 73 -1 39 63 64 74 -1 15 51 61 93 -1 -2
15 22 26 55 -1 2 47 48 53 -1 48 65 71 72 -1 12 16 71 82 -1 69 74 77 81 -1 33 36 71 95 -1 -2
20 24 32 68 -1 39 65 77 100 -1 -2
25 33 80 93 -1 7 37 76 83 -1 8 16 59 86 -1 -2
20 69 84 96 -1 -2
27 37 74 91 -1 -2
22 40 63 72 -1 26 40 47 72 -1 24 38 72 96 -1 -2
36 55 60 90 -1 5 73 77 94 -1 -2
22 43 54 87 -1 7 11 29 72 -1 19 20 30 41 -1 12 17 27 78 -1 7 48 81 99 -1 5 30 80 91 -1 -2
19 44 47 78 -1 21 34 60 87 -1 9 31 36 60 -1 24 59 77 95 -1 24 25 79 88 -1 18 20 45 55 -1 27 28 63 76 -1 43 55 74 79 -1 -2
62 77 83 94 -1 5 8 16 54 -1 12 14 82 96 -1 -2
31 37 51 53 -1 18 30 44 78 -1 42 43 69 87 -1 50 70 89 92 -1 4 56 57 62 -1 17 34 72 96 -1 -2
2 30 80 94 -1 11 13 37 88 -1 7 23 83 91 -1 13 44 52 53 -1 15 52 57 92 -1 2 21 77 78 -1 -2
16 25 45 97 -1 25 56 62 69 -1 32 34 35 53 -1 -2
18 21 77 98 -1 25 36 37 76 -1 19 31 47 91 -1 -2
57 70 81 92 -1 12 55 64 67 -1 -2
15 28 51 97 -1 24 29 58 82 -1 50 59 83 93 -1 18 32 72 92 -1 -2
52 72 84 100 -1 23 46 74 97 -1 24 25 27 43 -1 -2
24 39 64 91 -1 6 8 72 94 -1 66 94 97 98 -1 2 72 73 93 -1 -2
6 8 56 83 -1 43 65 72 73 -1 12 64 81 87 -1 41 47 76 82 -1 -2
25 35 65 98 -1 19 43 65 83 -1 31 43 52 84 -1 5 15 45 90 -1 49 67 97 100 -1 -2
51 62 92 95 -1 5 14 48 76 -1 17 46 53 63 -1 54 73 92 93 -1 2 10 13 70 -1 10 11 45 62 -1 10 21 25 70 -1 31 76 79 80 -1 -2
44 47 60 96 -1 34 71 90 95 -1 6 21 94 98 -1 11 27 77 92 -1 46 48 71 98 -1 43 61 74 92 -1 18 44 69 86 -1 29 41 70 74 -1 -2
21 26 65 71 -1 25 67 71 92 -1 6 7 17 89 -1 14 39 48 75 -1 -2
2 20 41 59 -1 11 12 46 95 -1 11 17 49 80 -1 -2
1 42 68 96 -1 72 73 75 100 -1 33 79 81 82 -1 14 74 75 76 -1 5 7 71 92 -1 7 29 61 75 -1 -2
13 57 70 86 -1 18 50 72 100 -1 24 31 67 74 -1 21 43 80 91 -1 2 25 38 99 -1 13 39 51 71 -1 -2
20 40 43 92 -1 24 31 67 90 -1 19 59 63 67 -1 60 68 77 91 -1 29 30 45 94 -1 12 28 66 82 -1 -2
10 13 38 41 -1 13 14 50 59 -1 22 28 44 83 -1 -2
37 43 67 69 -1 -2
11 50 54 84 -1 -2
14 23 27 55 -1 15 24 54 72 -1 -2
26 31 32 50 -1 43 52 63 88 -1 47 61 63 68 -1 7 48 79 80 -1 29 37 42 52 -1 -2
38 43 81 87 -1 6 15 57 95 -1 15 67 87 95 -1 26 37 40 78 -1 15 41 63 71 -1 14 26 63 95 -1 -2
26 30 36 43 -1 62 66 90 97 -1 36 43 88 97 -1 22 23 29 84 -1 17 57 77 99 -1 24 28 30 36 -1 15 57 73 87 -1 -2
48 65 67 95 -1 2 76 82 85 -1 8 24 65 69 -1 29 34 78 79 -1 4 21 30 59 -1 83 88 90 92 -1 3 19 83 92 -1 -2
23 35 44 60 -1 15 56 58 71 -1 35 37 72 75 -1 31 33 78 94 -1 39 69 77 79 -1 54 60 91 99 -1 1 30 53 98 -1 3 12 40 98 -1 -2
19 21 52 71 -1 14 44 66 92 -1 16 21 33 90 -1 63 68 84 93 -1 -2
31 36 64 73 -1 5 9 10 39 -1 19 59 66 73 -1 34 55 62 90 -1 13 20 22 24 -1 13 16 20 71 -1 6 17 19 47 -1 38 53 59 88 -1 -2
13 18 70 95 -1 7 56 86 91 -1 3 23 58 87 -1 5 43 54 98 -1 25 30 39 86 -1 13 29 30 54 -1 12 26 28 88 -1 -2
4 18 87 100 -1 2 7 68 92 -1 -2
57 65 78 83 -1 -2
31 50 57 68 -1 49 71 76 98 -1 -2
51 59 90 95 -1 -2
1 14 54 81 -1 46 69 91 92 -1 -2
1 55 58 60 -1 11 54 64 92 -1 -2
12 14 27 73 -1 18 38 49 81 -1 -2
23 76 89 92 -1 46 78 81 83 -1 -2
11 42 61 98 -1 12 19 29 45 -1 17 40 87 95 -1 11 23 49 86 -1 6 17 89 95 -1 2 29 35 50 -1 28 31 53 58 -1 11 20 32 81 -1 -2
13 19 33 74 -1 30 49 70 96 -1 37 40 63 83 -1 34 53 80 96 -1 26 73 78 93 -1 -2
25 84 90 93 -1 10 45 50 87 -1 25 28 66 100 -1 17 40 44 91 -1 31 40 91 98 -1 48 65 80 99 -1 3 43 75 76 -1 26 51 64 71 -1 -2
33 42 60 93 -1 30 31 84 98 -1 27 28 52 81 -1 12 60 67 86 -1 -2
11 45 73 98 -1 2 45 55 69 -1 6 22 25 66 -1 -2
16 24 28 34 -1 5 38 54 90 -1 -2
9 36 51 52 -1 27 28 56 65 -1 18 45 76 85 -1 -2
6 11 57 93 -1 10 33 50 66 -1 60 74 76 78 -1 -2
28 35 40 94 -1 17 51 72 73 -1 16 39 64 88 -1 -2
6 35 51 71 -1 22 40 46 82 -1 28 44 47 49 -1 -2
11 21 60 94 -1 3 6 32 62 -1 6 9 76 89 -1 5 48 77 98 -1 27 40 63 80 -1 -2
20 88 95 96 -1 3 55 87 99 -1 8 19 33 80 -1 20 62 86 88 -1 23 27 38 70 -1 24 25 91 100 -1 1 27 34 75 -1 5 44 85 93 -1 -2
26 53 74 100 -1 23 35 78 86 -1 32 63 82 85 -1 40 53 72 76 -1 15 75 83 94 -1 -2
14 19 82 99 -1 18 72 79 93 -1 19 24 29 44 -1 3 87 88 93 -1 -2
6 38 59 100 -1 -2
35 39 60 78 -1 36 78 98 99 -1 60 69 77 89 -1 2 55 66 67 -1 18 19 29 67 -1 22 28 59 82 -1 -2
19 78 81 90 -1 19 27 45 98 -1 38 46 64 95 -1 17 25 92 95 -1 -2
3 5 37 38 -1 48 72 81 86 -1 9 33 42 83 -1 12 31 50 96 -1 60 75 80 96 -1 6 49 60 62 -1 -2
20 28 34 92 -1 43 54 90 95 -1 4 44 45 54 -1 14 23 38 99 -1 14 18 57 95 -1 -2
12 48 60 69 -1 70 79 95 96 -1 11 39 65 73 -1 -2
5 24 34 62 -1 22 26 29 33 -1 2 49 51 64 -1 1 22 88 96 -1 31 57 63 67 -1 -2
20 29 72 82 -1 2 33 58 64 -1 47 76 94 96 -1 3 11 90 96 -1 -2
9 20 39 46 -1 18 29 32 99 -1 22 41 49 90 -1 47 51 59 91 -1 39 47 55 74 -1 -2
53 68 74 94 -1 6 42 71 77 -1 2 11 30 61 -1 4 28 59 68 -1 19 20 21 84 -1 25 69 95 98 -1 -2
8 52 53 79 -1 45 65 69 92 -1 48 60 74 91 -1 29 61 63 86 -1 15 16 70 74 -1 58 83 86 91 -1 40 73 96 100 -1 -2
14 22 57 74 -1 33 47 66 75 -1 26 48 60 61 -1 10 17 69 93 -1 -2
20 28 34 53 -1 5 37 41 99 -1 15 26 50 56 -1 1 36 82 91 -1 9 57 80 83 -1 19 22 33 92 -1 4 39 52 99 -1 34 44 71 99 -1 -2
55 83 93 96 -1 4 18 25 70 -1 -2
6 51 72 91 -1 -2
4 16 23 51 -1 23 39 66 70 -1 39 49 55 94 -1 16 27 48 67 -1 23 61 68 69 -1 23 24 38 93 -1 -2
16 17 72 89 -1 31 34 49 93 -1 1 61 83 96 -1 -2
67 79 91 92 -1 49 76 85 91 -1 -2
4 50 60 70 -1 6 30 50 94 -1 32 35 60 82 -1 26 38 54 55 -1 5 17 21 92 -1 -2
25 42 44 59 -1 2 18 49 98 -1 1 27 73 98 -1 22 71 82 94 -1 11 29 50 79 -1 5 20 46 52 -1 13 42 48 90 -1 -2
14 34 55 69 -1 47 69 75 100 -1 1 3 43 91 -1 24 25 53 94 -1 20 27 45 71 -1 -2
12 18 34 83 -1 10 29 55 96 -1 -2
15 32 54 76 -1 -2
10 37 59 64 -1 7 32 40 73 -1 17 52 59 79 -1 21 22 34 36 -1 16 66 68 83 -1 2 54 65 94 -1 4 44 46 77 -1 16 54 61 88 -1 -2
23 56 63 88 -1 6 40 78 90 -1 1 2 30 50 -1 36 84 95 96 -1 47 51 63 85 -1 7 24 25 56 -1 16 23 59 68 -1 41 43 58 80 -1 -2
13 53 87 92 -1 67 71 92 96 -1 20 33 69 79 -1 25 26 66 76 -1 18 44 52 56 -1 -2
1 5 80 94 -1 18 39 82 100 -1 34 38 69 72 -1 -2
20 23 33 56 -1 10 15 39 96 -1 37 38 43 87 -1 39 63 78 100 -1 29 81 85 93 -1 17 53 78 100 -1 9 46 55 76 -1 -2
2 13 48 50 -1 -2
16 32 48 96 -1 -2
49 69 72 95 -1 11 34 39 57 -1 11 27 52 77 -1 41 52 74 77 -1 -2
24 44 61 74 -1 30 50 84 99 -1 6 44 49 61 -1 43 69 79 80 -1 10 14 61 89 -1 -2
37 56 87 89 -1 19 52 58 99 -1 -2
38 41 59 84 -1 31 51 57 94 -1 23 29 73 74 -1 12 65 75 80 -1 40 42 54 64 -1 14 25 35 59 -1 -2
33 50 84 91 -1 7 17 56 95 -1 3 11 75 92 -1 44 47 50 82 -1 19 29 46 97 -1 -2
8 56 86 95 -1 30 41 97 100 -1 17 25 84 90 -1 18 19 56 61 -1 18 51 58 87 -1 17 27 71 95 -1 -2
55 56 93 97 -1 1 27 40 41 -1 5 11 28 53 -1 8 25 54 67 -1 9 20 43 53 -1 -2
24 44 53 55 -1 8 23 33 86 -1 4 5 29 58 -1 11 29 66 91 -1 11 23 74 81 -1 5 7 20 75 -1 -2
9 57 61 63 -1 -2
4 7 14 58 -1 4 68 76 93 -1 64 67 98 99 -1 57 61 73 79 -1 4 72 80 95 -1 46 70 80 88 -1 11 24 37 39 -1 -2
6 29 54 86 -1 15 26 57 64 -1 43 49 71 78 -1 21 57 71 76 -1 -2
57 59 67 96 -1 30 33 36 51 -1 8 35 44 87 -1 59 79 80 87 -1 8 23 58 94 -1 2 45 48 95 -1 66 68 72 84 -1 14 18 38 85 -1 -2
58 79 81 95 -1 -2
32 38 72 81 -1 -2
5 58 84 94 -1 8 70 78 92 -1 40 56 59 94 -1 18 19 30 96 -1 16 37 55 93 -1 31 64 72 74 -1 -2
58 66 67 77 -1 10 34 61 71 -1 25 34 77 98 -1 9 41 47 65 -1 9 22 36 74 -1 4 11 57 73 -1 12 16 56 66 -1 48 49 78 86 -1 -2
31 48 80 88 -1 5 29 31 45 -1 20 41 72 75 -1 1 46 82 89 -1 6 27 38 42 -1 23 51 56 75 -1 -2
4 74 81 88 -1 -2
15 78 85 96 -1 50 62 63 69 -1 1 42 63 65 -1 5 11 43 47 -1 32 67 89 100 -1 30 31 38 47 -1 16 56 72 97 -1 34 77 82 87 -1 -2
5 25 47 91 -1 21 32 61 93 -1 12 40 46 94 -1 11 16 64 86 -1 11 12 91 96 -1 17 61 74 77 -1 19 47 65 78 -1 -2
9 25 51 97 -1 18 48 98 100 -1 20 22 31 74 -1 20 56 80 95 -1 26 73 79 81 -1 6 22 31 64 -1 -2
28 56 58 61 -1 17 48 66 97 -1 23 59 67 91 -1 37 38 80 81 -1 -2
2 59 90 96 -1 21 40 57 69 -1 13 45 76 84 -1 1 20 62 86 -1 -2
41 47 68 93 -1 9 38 66 72 -1 -2
2 56 72 100 -1 15 19 67 69 -1 10 14 21 83 -1 13 65 73 86 -1 16 37 44 52 -1 49 57 76 97 -1 20 21 37 79 -1 66 80 86 87 -1 -2
22 32 52 60 -1 10 49 60 82 -1 8 76 88 95 -1 -2
21 30 59 91 -1 33 44 73 94 -1 -2
23 69 72 94 -1 16 37 58 59 -1 20 47 70 100 -1 14 27 30 91 -1 33 35 55 68 -1 22 42 88 91 -1 19 59 87 93 -1 1 42 44 89 -1 -2
19 43 48 67 -1 12 78 91 95 -1 21 39 42 59 -1 2 18 89 94 -1 9 79 86 90 -1 17 49 51 56 -1 -2
4 20 65 89 -1 14 20 30 88 -1 14 15 27 64 -1 -2
5 19 41 59 -1 5 21 79 88 -1 -2
12 21 34 91 -1 -2
19 57 60 78 -1 -2
21 39 42 66 -1 -2
11 13 31 40 -1 6 25 53 62 -1 10 29 79 95 -1 9 10 38 56 -1 8 22 38 82 -1 12 38 74 95 -1 30 70 81 97 -1 21 34 52 100 -1 -2
9 23 34 77 -1 47 55 72 97 -1 3 6 72 85 -1 -2
18 25 40 51 -1 55 71 72 81 -1 6 8 32 88 -1 21 27 42 57 -1 1 58 74 82 -1 9 43 44 71 -1 10 71 77 94 -1 28 60 77 86 -1 -2
35 37 44 92 -1 16 22 25 36 -1 -2
4 17 35 82 -1 25 40 82 96 -1 -2
40 86 97 98 -1 12 15 21 84 -1 22 36 63 72 -1 15 43 73 90 -1 1 65 73 92 -1 -2
8 11 28 30 -1 4 33 59 70 -1 49 86 96 99 -1 7 38 43 54 -1 62 72 75 88 -1 38 60 72 83 -1 -2
19 63 74 87 -1 5 22 70 91 -1 9 24 27 98 -1 -2
31 45 52 88 -1 4 51 67 95 -1 19 35 58 100 -1 25 53 70 89 -1 11 19 70 95 -1 26 43 67 81 -1 35 54 56 100 -1 -2
44 45 54 90 -1 45 59 87 91 -1 9 11 48 83 -1 1 50 74 91 -1 21 30 40 46 -1 14 15 21 67 -1 -2
1 8 28 99 -1 -2
52 75 81 85 -1 14 41 55 79 -1 29 39 66 99 -1 64 77 90 95 -1 8 13 37 100 -1 41 43 66 90 -1 52 57 61 79 -1 -2
25 58 82 96 -1 -2
83 84 93 95 -1 54 60 81 86 -1 9 11 33 79 -1 11 40 41 61 -1 -2
37 40 75 93 -1 -2
62 66 81 100 -1 38 67 83 94 -1 9 19 35 92 -1 -2
38 67 75 90 -1 34 37 81 84 -1 1 32 72 89 -1 -2
3 61 70 78 -1 46 58 60 65 -1 -2
36 70 72 75 -1 77 90 91 100 -1 -2
27 28 63 87 -1 27 53 97 98 -1 22 69 70 81 -1 4 44 72 86 -1 19 32 55 67 -1 5 21 32 58 -1 -2
27 51 74 88 -1 3 60 63 66 -1 37 79 92 97 -1 -2
29 63 72 74 -1 15 38 42 63 -1 1 48 61 99 -1 32 60 65 84 -1 24 26 29 70 -1 -2
1 57 86 89 -1 40 50 56 83 -1 3 14 77 92 -1 8 41 61 99 -1 3 5 19 38 -1 -2
5 49 68 98 -1 34 45 81 96 -1 -2
49 56 75 98 -1 31 37 52 75 -1 9 33 38 49 -1 4 11 19 86 -1 19 36 58 73 -1 -2
3 52 74 81 -1 -2
28 29 79 93 -1 16 18 44 67 -1 17 67 81 84 -1 -2
20 34 71 83 -1 5 20 43 88 -1 3 48 72 100 -1 8 45 54 84 -1 -2
34 51 64 96 -1 29 33 40 41 -1 5 25 45 95 -1 -2
24 61 65 81 -1 37 82 85 100 -1 17 32 73 90 -1 -2
14 22 59 75 -1 3 9 61 73 -1 35 62 69 80 -1 -2
9 26 83 89 -1 52 57 59 79 -1 4 40 59 88 -1 -2
3 15 20 88 -1 9 15 30 73 -1 21 48 64 68 -1 7 12 34 83 -1 8 63 64 93 -1 -2
17 22 73 85 -1 41 42 74 100 -1 67 78 87 94 -1 9 29 87 92 -1 -2
28 53 69 70 -1 7 47 73 96 -1 -2
13 50 55 84 -1 15 23 25 69 -1 5 20 47 49 -1 33 37 56 93 -1 3 22 32 50 -1 24 55 82 85 -1 42 46 70 94 -1 2 21 42 75 -1 -2
18 33 51 97 -1 1 40 79 81 -1 4 22 44 58 -1 -2
6 44 59 91 -1 -2
4 58 78 81 -1 16 22 87 93 -1 16 32 53 78 -1 14 56 86 90 -1 57 68 71 82 -1 6 10 23 80 -1 32 43 65 75 -1 -2
42 52 69 90 -1 24 27 86 93 -1 12 18 20 95 -1 27 45 53 84 -1 1 4 23 36 -1 40 44 76 78 -1 15 20 66 82 -1 -2
15 26 78 81 -1 -2
29 44 66 90 -1 45 47 52 54 -1 9 16 72 98 -1 6 15 17 73 -1 -2
13 14 59 62 -1 2 24 26 42 -1 8 58 74 92 -1 -2
26 27 29 30 -1 32 85 98 100 -1 2 64 96 97 -1 36 50 51 52 -1 49 93 97 99 -1 35 49 66 88 -1 31 48 51 87 -1 -2
35 51 69 71 -1 2 14 64 69 -1 47 49 70 72 -1 -2
46 49 66 93 -1 1 34 69 99 -1 2 36 60 67 -1 5 66 74 95 -1 -2
26 44 50 77 -1 26 48 61 66 -1 51 62 75 92 -1 22 33 40 44 -1 15 38 80 100 -1 -2
2 58 81 98 -1 -2
26 28 42 72 -1 15 42 82 95 -1 8 28 33 86 -1 40 44 48 96 -1 16 44 52 98 -1 -2
18 39 72 77 -1 5 19 77 97 -1 -2
19 67 90 91 -1 31 84 85 98 -1 11 13 45 60 -1 12 24 56 93 -1 4 50 51 90 -1 -2
22 53 84 89 -1 1 4 45 62 -1 3 14 62 74 -1 22 52 66 84 -1 6 44 52 88 -1 -2
6 72 96 99 -1 40 52 61 67 -1 76 83 91 93 -1 16 20 54 84 -1 -2
11 72 86 91 -1 12 14 63 98 -1 -2
27 44 66 67 -1 -2
13 63 83 100 -1 2 10 17 98 -1 1 29 57 71 -1 15 26 38 47 -1 -2
6 35 56 97 -1 17 66 87 97 -1 3 13 17 50 -1 18 63 66 95 -1 4 8 17 84 -1 27 55 64 100 -1 9 31 54 58 -1 -2
3 17 80 97 -1 11 18 28 57 -1 5 6 77 78 -1 5 34 54 62 -1 14 18 31 99 -1 26 34 41 70 -1 13 44 64 78 -1 -2
3 27 57 88 -1 4 6 10 89 -1 2 23 71 78 -1 16 50 57 88 -1 3 25 72 74 -1 12 65 68 69 -1 5 17 37 57 -1 12 40 89 95 -1 -2
49 51 71 92 -1 -2
47 52 68 92 -1 20 81 85 93 -1 3 4 7 96 -1 3 9 10 51 -1 -2
10 61 90 99 -1 31 77 84 86 -1 40 57 65 81 -1 -2
20 76 77 79 -1 10 47 58 94 -1 14 22 44 78 -1 3 60 62 65 -1 23 79 90 97 -1 14 18 29 89 -1 -2
1 44 54 64 -1 37 45 57 65 -1 44 57 75 93 -1 8 14 26 85 -1 24 46 88 91 -1 20 44 55 83 -1 3 12 23 66 -1 -2
6 40 51 88 -1 34 56 59 73 -1 8 25 87 93 -1 4 9 25 85 -1 1 65 72 96 -1 25 27 82 88 -1 5 14 67 73 -1 16 24 35 41 -1 -2
59 67 68 80 -1 20 22 26 43 -1 6 25 57 74 -1 1 14 23 38 -1 30 68 71 91 -1 -2
7 34 65 98 -1 15 41 67 86 -1 47 52 95 97 -1 11 48 67 70 -1 49 53 75 89 -1 -2
16 31 58 97 -1 15 22 34 99 -1 56 68 69 81 -1 3 19 24 81 -1 24 31 92 100 -1 -2
10 13 20 45 -1 -2
11 29 68 74 -1 22 53 64 98 -1 4 28 51 60 -1 7 38 62 94 -1 38 58 65 92 -1 12 14 24 85 -1 -2
41 63 75 79 -1 7 61 64 99 -1 12 15 56 88 -1 43 67 71 97 -1 14 62 63 90 -1 2 22 36 43 -1 14 18 31 32 -1 3 29 80 82 -1 -2
20 25 48 79 -1 -2
49 56 86 99 -1 36 37 86 94 -1 33 43 48 95 -1 34 39 54 59 -1 3 55 66 100 -1 27 44 80 90 -1 12 46 68 97 -1 -2
19 48 78 86 -1 36 43 75 92 -1 29 41 77 83 -1 56 68 88 94 -1 1 41 50 62 -1 47 54 58 66 -1 45 66 70 86 -1 1 9 14 76 -1 -2
14 40 46 54 -1 76 79 81 92 -1 7 23 73 90 -1 35 55 67 96 -1 6 8 19 55 -1 10 16 43 68 -1 24 51 76 96 -1 -2
8 41 87 88 -1 12 19 40 47 -1 9 16 21 93 -1 28 55 57 90 -1 2 18 60 83 -1 2 9 23 30 -1 33 40 85 92 -1 -2
14 28 42 99 -1 29 62 70 77 -1 31 49 53 76 -1 10 25 38 58 -1 59 66 76 81 -1 6 23 76 99 -1 23 27 32 78 -1 -2
2 42 43 44 -1 30 36 66 73 -1 28 46 63 65 -1 6 13 17 69 -1 11 21 33 37 -1 7 47 54 85 -1 -2
5 47 54 94 -1 4 17 18 23 -1 14 28 37 56 -1 7 10 25 91 -1 46 63 66 97 -1 14 52 59 86 -1 -2
25 28 69 77 -1 -2
2 27 35 74 -1 67 71 78 87 -1 10 48 68 90 -1 4 28 57 100 -1 7 67 69 78 -1 35 50 77 86 -1 -2
14 19 58 77 -1 51 52 59 72 -1 7 13 61 78 -1 7 21 34 65 -1 8 22 28 62 -1 22 59 63 88 -1 -2
1 28 42 89 -1 47 63 65 97 -1 13 28 86 95 -1 8 10 19 69 -1 18 28 51 82 -1 1 32 48 70 -1 8 36 53 99 -1 -2
18 21 45 100 -1 22 60 61 73 -1 42 56 84 94 -1 -2
38 40 43 65 -1 -2
5 35 40 92 -1 2 76 95 97 -1 24 31 70 72 -1 22 37 44 61 -1 9 48 77 100 -1 24 73 80 93 -1 19 44 63 93 -1 -2
8 18 23 56 -1 9 26 65 87 -1 21 50 65 68 -1 14 64 84 92 -1 11 25 53 59 -1 4 41 57 59 -1 17 31 45 81 -1 44 47 77 84 -1 -2
9 35 56 67 -1 14 40 62 91 -1 -2
1 40 80 90 -1 25 34 38 76 -1 5 20 37 66 -1 17 59 80 98 -1 32 70 74 96 -1 -2
9 39 70 96 -1 14 37 73 84 -1 32 47 58 79 -1 20 40 64 97 -1 14 57 67 70 -1 -2
4 13 16 63 -1 9 12 18 85 -1 2 6 28 61 -1 35 40 93 94 -1 15 37 52 84 -1 29 56 68 74 -1 13 21 35 51 -1 8 17 29 64 -1 -2
5 31 37 76 -1 24 57 69 75 -1 36 53 57 93 -1 1 15 44 88 -1 -2
7 63 85 94 -1 7 9 80 83 -1 1 17 36 72 -1 41 44 61 90 -1 4 33 69 95 -1 44 62 86 89 -1 16 28 30 79 -1 17 43 82 91 -1 -2
1 15 57 96 -1 21 42 64 72 -1 40 42 67 83 -1 25 53 57 66 -1 5 48 74 92 -1 1 8 64 91 -1 -2
15 19 20 27 -1 27 46 56 60 -1 12 32 69 89 -1 3 74 85 98 -1 14 33 38 91 -1 13 39 81 84 -1 21 57 74 100 -1 -2
16 43 86 93 -1 20 28 62 82 -1 -2
14 27 31 75 -1 -2
10 76 84 94 -1 3 20 86 87 -1 22 56 62 79 -1 9 26 57 70 -1 -2
1 22 61 97 -1 1 39 51 80 -1 19 22 56 64 -1 -2
32 35 44 61 -1 15 56 62 87 -1 41 43 44 53 -1 27 31 52 86 -1 17 19 35 41 -1 11 18 53 92 -1 -2
51 65 89 97 -1 15 29 38 60 -1 7 61 63 92 -1 30 39 45 73 -1 53 67 79 88 -1 -2
35 50 63 84 -1 68 86 97 98 -1 -2
44 88 92 100 -1 13 20 63 64 -1 -2
34 66 83 98 -1 7 42 97 98 -1 3 63 81 93 -1 -2
21 64 68 97 -1 20 36 63 68 -1 14 16 63 85 -1 -2
4 16 37 60 -1 2 3 62 79 -1 -2
3 4 16 31 -1 -2
11 22 63 80 -1 -2
55 78 82 87 -1 16 41 62 69 -1 2 59 94 96 -1 30 56 61 67 -1 -2
22 53 57 58 -1 11 19 61 72 -1 25 38 40 69 -1 6 24 70 98 -1 -2
13 18 48 92 -1 33 38 87 88 -1 29 76 80 84 -1 -2
16 40 63 64 -1 20 53 62 79 -1 5 22 49 80 -1 4 26 39 77 -1 -2
4 66 76 93 -1 6 10 69 80 -1 16 56 65 66 -1 1 21 27 75 -1 54 60 71 93 -1 5 22 33 57 -1 25 34 54 96 -1 -2
13 21 49 84 -1 11 38 52 63 -1 8 24 34 68 -1 -2
8 15 43 87 -1 40 89 90 91 -1 -2
1 25 56 89 -1 58 68 72 73 -1 38 59 85 97 -1 12 16 18 29 -1 30 34 70 89 -1 18 26 27 32 -1 -2
29 61 73 80 -1 2 18 48 60 -1 2 13 65 80 -1 19 43 61 100 -1 50 55 77 79 -1 11 49 85 86 -1 2 8 25 38 -1 -2
44 57 76 100 -1 23 27 42 88 -1 26 55 67 96 -1 11 36 56 81 -1 -2
23 42 64 96 -1 20 36 53 99 -1 6 32 72 94 -1 13 50 72 97 -1 2 10 49 79 -1 36 50 64 97 -1 11 32 44 57 -1 -2
45 67 76 89 -1 7 55 90 96 -1 46 48 65 67 -1 9 54 84 89 -1 35 58 77 86 -1 -2
22 45 69 86 -1 22 51 71 82 -1 1 18 61 66 -1 35 44 56 68 -1 14 64 87 91 -1 50 66 81 85 -1 -2
14 30 41 73 -1 -2
11 63 72 90 -1 5 38 52 61 -1 37 41 42 95 -1 7 14 34 67 -1 5 13 41 70 -1 52 66 74 85 -1 16 66 74 79 -1 78 83 87 99 -1 -2
11 21 71 74 -1 29 66 79 90 -1 16 26 27 99 -1 -2
6 25 59 60 -1 1 8 33 57 -1 -2
23 33 57 90 -1 8 39 79 84 -1 1 36 75 87 -1 24 54 69 90 -1 14 16 21 41 -1 -2
21 26 53 93 -1 45 72 91 100 -1 6 31 41 64 -1 -2
10 41 54 86 -1 14 45 62 96 -1 4 30 41 60 -1 25 44 50 85 -1 76 84 87 95 -1 46 56 62 86 -1 -2
15 55 72 97 -1 5 36 48 88 -1 23 81 83 87 -1 -2
10 15 44 58 -1 19 33 52 57 -1 5 15 60 84 -1 9 49 58 63 -1 38 44 75 81 -1 14 24 25 39 -1 -2
5 11 44 64 -1 3 18 22 38 -1 14 37 86 87 -1 15 71 83 93 -1 38 64 77 86 -1 37 51 63 98 -1 33 69 77 86 -1 2 21 33 60 -1 -2
17 27 43 63 -1 6 28 54 69 -1 14 38 88 94 -1 8 9 26 67 -1 -2
9 10 28 93 -1 9 31 57 97 -1 24 46 54 70 -1 49 85 94 95 -1 8 33 39 44 -1 74 75 84 100 -1 -2
5 51 57 100 -1 35 46 70 75 -1 54 78 84 85 -1 16 18 70 92 -1 10 29 39 100 -1 12 35 66 87 -1 9 20 46 82 -1 -2
5 19 55 68 -1 19 31 35 64 -1 -2
35 65 79 86 -1 19 47 61 70 -1 6 70 75 91 -1 -2
12 58 83 96 -1 18 41 50 98 -1 -2
1 49 59 83 -1 3 31 51 87 -1 35 44 64 69 -1 -2
6 14 22 53 -1 22 24 59 74 -1 43 57 71 89 -1 10 21 63 73 -1 13 18 88 91 -1 -2
14 39 77 95 -1 9 52 53 81 -1 3 6 15 27 -1 34 86 90 98 -1 10 23 53 60 -1 2 52 67 88 -1 60 73 74 89 -1 -2
12 67 78 83 -1 60 64 67 78 -1 -2
2 4 70 72 -1 -2
25 26 71 73 -1 22 41 45 93 -1 17 25 46 91 -1 -2
2 4 11 64 -1 19 44 66 87 -1 5 6 46 92 -1 36 61 88 91 -1 26 32 33 54 -1 11 46 59 63 -1 -2
21 52 54 100 -1 5 31 34 57 -1 23 29 71 85 -1 -2
33 45 61 100 -1 11 16 26 37 -1 11 14 85 100 -1 3 33 40 95 -1 23 42 81 93 -1 -2
46 56 57 71 -1 13 44 58 90 -1 50 59 76 86 -1 28 43 56 80 -1 4 29 59 82 -1 54 66 76 80 -1 45 56 76 78 -1 -2
4 38 45 59 -1 6 21 49 53 -1 21 39 48 79 -1 33 37 49 63 -1 20 21 73 84 -1 8 10 58 79 -1 15 24 30 72 -1 55 67 84 86 -1 -2
24 51 74 92 -1 18 21 26 82 -1 3 43 45 64 -1 -2
5 29 49 50 -1 -2
2 63 69 97 -1 12 56 70 87 -1 45 62 64 98 -1 1 38 56 92 -1 -2
10 15 53 99 -1 -2
5 49 64 83 -1 3 7 49 70 -1 11 80 82 94 -1 14 35 74 98 -1 2 32 40 55 -1 10 22 36 61 -1 6 30 32 33 -1 -2
26 60 66 84 -1 23 30 36 72 -1 18 63 86 88 -1 4 15 26 91 -1 40 53 92 97 -1 26 46 60 73 -1 5 49 72 79 -1 43 45 53 97 -1 -2
34 82 93 100 -1 26 30 44 72 -1 -2
25 38 45 67 -1 7 10 71 72 -1 13 39 57 100 -1 24 25 30 71 -1 21 30 31 64 -1 10 31 62 77 -1 20 21 83 95 -1 -2
9 15 30 44 -1 24 26 34 98 -1 32 73 84 98 -1 -2
8 37 38 71 -1 22 28 48 56 -1 45 63 80 82 -1 37 38 98 99 -1 10 16 59 78 -1 14 50 51 75 -1 33 50 67 68 -1 -2
47 63 64 86 -1 38 41 54 93 -1 5 7 66 83 -1 -2
14 40 45 82 -1 31 39 77 89 -1 37 63 73 80 -1 -2
34 46 56 89 -1 10 27 38 46 -1 -2
12 52 59 68 -1 19 43 46 100 -1 6 53 72 78 -1 10 43 58 94 -1 17 37 39 99 -1 8 27 34 98 -1 2 46 49 83 -1 2 26 40 42 -1 -2
2 28 45 99 -1 3 14 23 70 -1 44 47 85 99 -1 47 89 93 96 -1 2 57 65 85 -1 -2
15 34 43 87 -1 14 56 96 100 -1 3 14 16 86 -1 11 31 72 86 -1 28 29 58 62 -1 6 10 31 50 -1 -2
28 67 78 98 -1 2 35 48 50 -1 -2
10 19 49 88 -1 19 62 69 87 -1 14 24 26 99 -1 31 39 45 47 -1 7 24 61 94 -1 19 77 92 100 -1 1 33 59 78 -1 -2
24 63 83 91 -1 36 60 91 94 -1 40 46 88 90 -1 5 47 51 70 -1 46 87 88 95 -1 21 55 56 61 -1 35 41 58 91 -1 45 61 82 98 -1 -2
6 15 25 87 -1 19 74 82 95 -1 36 39 71 94 -1 -2
24 30 65 80 -1 40 53 61 95 -1 48 79 93 97 -1 22 72 74 99 -1 5 22 26 56 -1 10 11 23 31 -1 -2
57 62 66 90 -1 26 62 71 80 -1 3 46 67 74 -1 32 34 72 88 -1 6 59 70 77 -1 -2
11 20 36 68 -1 50 62 81 87 -1 5 35 50 71 -1 15 27 73 97 -1 3 10 12 69 -1 23 41 45 92 -1 12 53 63 94 -1 44 66 71 96 -1 -2
20 24 51 91 -1 31 42 43 88 -1 2 17 42 75 -1 40 55 68 92 -1 -2
38 72 87 97 -1 -2
45 63 74 79 -1 8 23 38 70 -1 29 33 79 97 -1 -2
8 56 61 70 -1 22 31 49 68 -1 18 80 88 91 -1 3 36 81 88 -1 39 42 70 81 -1 29 45 93 100 -1 -2
38 45 50 75 -1 23 32 72 87 -1 -2
7 21 95 100 -1 -2
26 29 58 82 -1 33 39 66 94 -1 6 21 49 89 -1 11 37 67 71 -1 -2
3 57 64 73 -1 15 28 41 56 -1 2 21 51 58 -1 18 70 89 95 -1 3 19 62 72 -1 20 53 61 80 -1 13 29 42 92 -1 8 14 16 32 -1 -2
26 35 39 96 -1 34 40 80 85 -1 -2
19 36 63 94 -1 47 82 85 87 -1 65 66 78 100 -1 4 6 38 86 -1 59 72 77 88 -1 15 25 64 90 -1 24 48 90 93 -1 47 88 94 100 -1 -2
13 33 38 45 -1 38 43 58 77 -1 19 41 49 90 -1 41 51 95 99 -1 15 34 69 75 -1 6 25 67 82 -1 55 75 84 96 -1 9 28 75 93 -1 -2
9 43 82 88 -1 -2
2 13 37 89 -1 18 20 50 85 -1 14 24 51 70 -1 61 80 82 96 -1 16 88 92 94 -1 4 45 85 94 -1 -2
75 76 89 90 -1 1 28 61 86 -1 51 85 87 88 -1 10 19 46 57 -1 -2
1 9 53 85 -1 6 34 53 93 -1 1 34 41 70 -1 -2
1 22 27 94 -1 23 24 32 62 -1 3 30 31 73 -1 2 40 75 90 -1 5 21 32 79 -1 11 56 90 99 -1 22 43 51 54 -1 42 50 62 84 -1 -2
12 18 38 99 -1 13 24 73 78 -1 53 63 76 95 -1 14 71 75 88 -1 -2
21 33 83 95 -1 7 38 60 62 -1 -2
13 21 33 82 -1 6 47 50 58 -1 11 16 26 33 -1 27 67 82 90 -1 13 20 22 61 -1 15 16 54 93 -1 26 29 81 88 -1 -2
22 46 73 84 -1 10 44 57 100 -1 22 38 68 73 -1 25 57 72 93 -1 4 18 37 65 -1 34 50 66 67 -1 8 41 44 53 -1 5 23 26 93 -1 -2
12 19 58 64 -1 -2
35 44 49 51 -1 16 26 87 98 -1 8 32 35 51 -1 13 40 67 99 -1 31 52 55 78 -1 10 31 41 68 -1 26 36 48 54 -1 -2
27 30 53 75 -1 28 43 51 55 -1 26 70 75 90 -1 32 57 71 80 -1 -2
14 71 97 100 -1 12 42 86 93 -1 1 16 18 98 -1 5 47 62 85 -1 32 64 80 85 -1 -2
8 12 69 79 -1 12 66 85 95 -1 13 19 30 47 -1 25 37 65 78 -1 18 65 74 91 -1 3 46 59 81 -1 -2
8 13 41 56 -1 -2
2 49 71 83 -1 4 32 64 98 -1 34 73 91 94 -1 4 18 28 43 -1 3 29 36 61 -1 -2
10 30 69 89 -1 29 48 65 67 -1 5 73 89 100 -1 26 47 52 81 -1 17 33 46 56 -1 9 62 77 87 -1 1 16 46 87 -1 20 39 86 97 -1 -2
6 9 35 78 -1 14 21 34 72 -1 29 65 92 100 -1 50 59 70 90 -1 3 21 54 86 -1 -2
1 63 82 91 -1 -2
11 28 46 75 -1 8 22 62 90 -1 43 48 55 95 -1 11 54 60 66 -1 30 34 47 99 -1 25 49 66 86 -1 21 39 57 90 -1 20 21 25 86 -1 -2
10 50 62 83 -1 12 31 62 84 -1 25 32 71 79 -1 2 22 89 100 -1 44 49 81 90 -1 33 36 42 52 -1 43 65 87 100 -1 15 47 78 82 -1 -2
3 31 41 55 -1 4 5 12 34 -1 29 32 40 80 -1 3 32 57 91 -1 4 10 28 85 -1 3 32 55 91 -1 -2
42 66 77 100 -1 40 43 76 83 -1 12 16 32 100 -1 -2
5 33 71 76 -1 25 42 77 81 -1 17 29 33 57 -1 40 42 72 96 -1 -2
25 39 40 64 -1 20 24 55 80 -1 4 15 47 98 -1 3 53 82 93 -1 15 30 44 45 -1 17 26 86 95 -1 -2
15 23 27 52 -1 -2
42 69 73 94 -1 9 53 57 86 -1 -2
10 62 82 89 -1 -2
13 43 47 83 -1 57 68 74 78 -1 29 44 58 73 -1 13 34 55 67 -1 4 45 63 89 -1 -2
6 14 54 92 -1 9 19 48 95 -1 27 33 46 90 -1 27 48 66 72 -1 27 50 70 94 -1 38 54 58 59 -1 -2
12 53 83 99 -1 30 47 77 99 -1 4 22 36 44 -1 54 58 75 89 -1 -2
6 27 38 95 -1 3 12 26 29 -1 10 46 59 69 -1 41 42 60 69 -1 -2
63 81 92 99 -1 7 12 46 84 -1 5 30 40 87 -1 6 52 89 91 -1 10 18 84 87 -1 20 22 26 74 -1 -2
28 75 81 82 -1 10 19 22 43 -1 23 34 41 57 -1 47 51 85 87 -1 46 79 84 98 -1 1 12 74 93 -1 67 68 73 85 -1 9 52 54 57 -1 -2
25 71 76 95 -1 3 10 28 33 -1 -2
2 21 22 40 -1 7 10 12 32 -1 31 34 37 87 -1 20 39 52 57 -1 21 43 44 59 -1 1 3 6 57 -1 -2
50 53 62 84 -1 8 19 74 94 -1 23 35 58 81 -1 23 63 76 81 -1 47 92 98 100 -1 -2
28 50 66 76 -1 13 70 77 84 -1 1 16 48 85 -1 1 19 27 72 -1 1 62 69 87 -1 20 52 53 95 -1 12 31 60 74 -1 -2
11 46 94 95 -1 26 31 61 82 -1 8 25 33 49 -1 37 39 92 94 -1 11 32 39 57 -1 24 27 54 58 -1 23 43 53 57 -1 6 23 32 85 -1 -2
15 47 56 62 -1 30 55 76 89 -1 14 54 62 77 -1 15 28 55 80 -1 33 50 67 83 -1 22 28 35 84 -1 -2
13 30 70 88 -1 41 50 52 91 -1 4 55 86 94 -1 -2
15 84 91 92 -1 9 28 53 77 -1 1 7 54 58 -1 5 61 92 93 -1 7 11 29 71 -1 13 25 35 57 -1 19 24 54 65 -1 -2
6 13 16 89 -1 -2
15 33 59 100 -1 39 48 68 89 -1 27 47 55 67 -1 -2
7 39 42 99 -1 24 38 79 84 -1 -2
11 18 56 88 -1 9 24 38 46 -1 3 49 53 87 -1 30 72 75 88 -1 26 32 56 70 -1 -2
21 40 59 89 -1 17 18 42 86 -1 36 50 65 66 -1 -2
29 44 85 99 -1 5 11 37 57 -1 -2
29 30 38 48 -1 30 54 88 97 -1 40 42 55 85 -1 8 31 51 66 -1 1 20 53 59 -1 4 60 95 97 -1 -2
8 20 55 81 -1 50 57 59 70 -1 15 16 73 99 -1 -2
29 73 79 83 -1 24 49 60 62 -1 30 75 78 85 -1 32 72 86 100 -1 3 5 52 60 -1 -2
16 31 65 66 -1 38 81 85 91 -1 10 33 43 73 -1 8 31 69 76 -1 -2
36 41 90 99 -1 67 82 88 93 -1 4 71 76 83 -1 13 25 71 74 -1 22 23 24 57 -1 66 81 96 99 -1 -2
32 43 46 60 -1 74 76 90 93 -1 4 13 25 42 -1 16 17 57 80 -1 11 40 73 88 -1 15 16 36 86 -1 20 47 60 97 -1 -2
52 59 76 91 -1 13 40 61 74 -1 2 19 40 64 -1 10 55 82 87 -1 25 81 85 90 -1 6 17 44 56 -1 31 48 49 54 -1 2 8 23 94 -1 -2
5 29 77 86 -1 15 30 61 69 -1 7 34 79 93 -1 -2
14 16 43 65 -1 13 15 48 81 -1 20 27 46 78 -1 38 51 63 70 -1 34 36 85 98 -1 20 43 46 55 -1 25 50 86 94 -1 -2
5 30 52 90 -1 24 54 83 93 -1 3 70 77 79 -1 -2
40 42 53 91 -1 7 29 43 75 -1 15 29 33 89 -1 4 40 83 94 -1 8 27 33 79 -1 9 15 27 88 -1 25 56 81 85 -1 9 56 77 85 -1 -2
8 28 31 48 -1 4 41 50 72 -1 26 50 54 56 -1 -2
16 50 75 84 -1 -2
21 22 34 76 -1 14 48 75 76 -1 -2
57 81 96 98 -1 8 61 91 99 -1 16 69 76 92 -1 17 24 25 83 -1 -2
25 54 69 70 -1 45 48 51 92 -1 9 15 70 72 -1 12 23 51 98 -1 3 30 87 95 -1 31 49 55 67 -1 36 48 86 99 -1 -2
21 56 64 78 -1 16 27 87 89 -1 2 5 18 92 -1 3 72 85 97 -1 49 65 75 79 -1 15 17 30 59 -1 -2
5 8 59 99 -1 33 49 50 57 -1 1 4 20 73 -1 6 26 34 96 -1 16 17 56 79 -1 16 58 66 81 -1 17 33 74 78 -1 -2
15 17 25 57 -1 37 54 60 65 -1 10 23 35 71 -1 2 30 74 85 -1 28 49 69 83 -1 15 29 43 76 -1 -2
45 57 59 63 -1 72 78 90 99 -1 -2
42 61 84 97 -1 8 51 59 70 -1 4 39 54 59 -1 43 46 59 73 -1 -2
7 22 40 79 -1 21 55 91 92 -1 -2
18 31 53 55 -1 61 71 77 82 -1 -2
17 41 91 94 -1 18 37 72 81 -1 29 30 45 52 -1 9 15 52 85 -1 30 46 66 68 -1 47 53 54 96 -1 11 32 47 61 -1 3 11 15 26 -1 -2
16 30 44 61 -1 -2
34 68 80 99 -1 1 57 67 83 -1 10 11 49 90 -1 9 20 48 97 -1 37 44 62 99 -1 16 63 68 70 -1 3 9 43 56 -1 10 36 54 81 -1 -2
7 9 15 42 -1 17 44 62 97 -1 13 53 76 81 -1 1 25 42 61 -1 7 25 42 70 -1 -2
22 54 63 96 -1 5 21 67 84 -1 -2
2 13 14 95 -1 29 39 72 78 -1 29 56 59 93 -1 31 40 51 60 -1 30 68 81 95 -1 33 45 67 100 -1 -2
35 39 67 86 -1 3 9 27 96 -1 15 44 48 80 -1 8 16 45 79 -1 19 33 44 48 -1 35 82 90 91 -1 -2
35 60 88 98 -1 15 25 45 81 -1 33 55 68 69 -1 13 57 67 80 -1 7 13 36 39 -1 44 61 68 77 -1 -2
3 53 98 99 -1 29 70 97 99 -1 18 30 50 65 -1 11 21 65 87 -1 -2
18 34 52 74 -1 4 48 77 78 -1 11 14 21 29 -1 4 9 17 56 -1 20 24 55 73 -1 22 46 65 77 -1 43 54 65 83 -1 -2
22 30 89 91 -1 2 51 59 91 -1 20 27 50 88 -1 2 6 71 88 -1 11 58 79 94 -1 14 35 55 96 -1 14 34 49 83 -1 32 35 42 69 -1 -2
5 15 35 47 -1 28 36 42 68 -1 13 49 56 65 -1 14 18 23 50 -1 32 66 80 85 -1 23 42 58 90 -1 16 37 71 72 -1 -2
13 51 73 99 -1 -2
7 64 74 84 -1 38 54 80 98 -1 -2
21 39 56 94 -1 11 51 74 80 -1 -2
20 65 94 96 -1 12 19 56 86 -1 -2
65 71 84 100 -1 29 40 49 72 -1 6 47 62 99 -1 25 53 77 91 -1 3 56 76 94 -1 -2
4 71 79 100 -1 26 52 71 85 -1 10 25 46 74 -1 20 46 76 82 -1 23 81 92 95 -1 -2
12 27 42 87 -1 18 66 90 95 -1 -2
36 52 80 84 -1 25 71 74 96 -1 17 20 48 64 -1 16 41 45 95 -1 26 37 47 62 -1 31 35 97 99 -1 65 84 89 92 -1 85 87 90 94 -1 -2
15 32 39 69 -1 5 24 45 49 -1 2 9 89 93 -1 -2
8 32 44 69 -1 22 38 42 74 -1 23 42 73 92 -1 12 36 39 83 -1 46 77 94 97 -1 21 22 50 61 -1 2 23 32 92 -1 -2
10 13 67 73 -1 5 39 65 81 -1 -2
27 43 47 62 -1 -2
28 33 35 66 -1 24 44 45 69 -1 4 13 14 39 -1 8 35 50 69 -1 7 9 23 90 -1 -2
5 33 43 80 -1 34 35 57 59 -1 4 10 44 69 -1 55 57 63 90 -1 13 44 67 91 -1 55 61 81 86 -1 10 11 16 84 -1 -2
20 26 59 73 -1 1 17 20 21 -1 21 39 43 48 -1 58 60 77 93 -1 39 40 50 81 -1 8 9 22 62 -1 48 53 83 97 -1 -2
36 57 84 94 -1 31 45 89 97 -1 6 44 63 85 -1 42 78 86 89 -1 -2
21 49 59 83 -1 21 30 62 71 -1 12 31 44 54 -1 21 44 59 84 -1 49 56 73 97 -1 17 24 50 82 -1 -2
4 11 78 82 -1 50 75 81 83 -1 7 10 29 49 -1 13 43 73 76 -1 29 34 89 90 -1 -2
51 54 69 88 -1 36 50 70 100 -1 13 80 87 90 -1 13 36 49 73 -1 22 38 40 90 -1 26 37 48 70 -1 25 51 62 81 -1 -2
11 17 54 75 -1 -2
26 59 87 97 -1 7 21 25 73 -1 52 72 85 93 -1 58 60 84 95 -1 -2
18 26 38 60 -1 35 36 56 79 -1 19 39 53 90 -1 34 52 58 100 -1 7 40 56 92 -1 49 62 90 92 -1 -2
1 5 51 89 -1 24 35 56 87 -1 -2
45 58 64 67 -1 10 21 69 89 -1 7 35 67 92 -1 16 44 76 95 -1 3 13 60 95 -1 51 62 72 80 -1 30 44 46 91 -1 -2
19 35 72 78 -1 21 22 49 73 -1 32 71 73 79 -1 6 10 69 99 -1 10 29 45 92 -1 -2
24 30 53 79 -1 7 32 46 61 -1 19 26 79 92 -1 18 26 59 64 -1 -2
64 88 89 93 -1 27 71 82 90 -1 7 38 77 98 -1 32 68 80 87 -1 -2
8 20 67 91 -1 48 49 71 86 -1 6 21 55 61 -1 36 52 72 95 -1 2 56 70 95 -1 -2
18 36 58 73 -1 45 69 73 75 -1 17 38 75 90 -1 -2
4 15 89 100 -1 40 51 90 95 -1 33 59 74 82 -1 -2
12 39 95 97 -1 3 7 39 43 -1 -2
1 38 67 93 -1 1 44 88 94 -1 -2
33 34 59 68 -1 28 50 69 80 -1 -2
5 14 52 87 -1 16 17 74 76 -1 1 8 11 44 -1 54 66 68 77 -1 1 43 53 57 -1 9 47 62 70 -1 26 36 39 46 -1 18 35 86 100 -1 -2
12 14 47 63 -1 -2
34 42 63 94 -1 45 59 84 92 -1 2 35 56 75 -1 15 48 64 91 -1 27 49 65 69 -1 12 27 59 96 -1 -2
8 45 55 97 -1 1 5 51 96 -1 19 35 46 83 -1 4 8 28 65 -1 14 37 57 75 -1 -2
5 48 55 68 -1 16 75 77 100 -1 5 6 15 45 -1 -2
13 49 79 86 -1 31 35 47 50 -1 9 21 58 71 -1 20 37 78 90 -1 1 55 79 100 -1 -2
11 18 50 91 -1 10 27 44 48 -1 5 13 22 27 -1 11 38 46 95 -1 32 44 57 61 -1 19 49 56 80 -1 69 80 83 90 -1 67 69 79 80 -1 -2
1 6 71 82 -1 22 39 57 83 -1 19 39 77 90 -1 -2
22 41 54 59 -1 4 10 36 85 -1 18 56 57 64 -1 39 57 75 76 -1 41 43 80 92 -1 8 71 97 100 -1 -2
26 28 55 94 -1 1 58 61 89 -1 7 35 71 100 -1 51 72 87 88 -1 24 57 62 63 -1 2 9 38 98 -1 15 22 24 89 -1 20 24 53 76 -1 -2
27 28 62 75 -1 3 25 56 78 -1 34 41 69 91 -1 31 68 81 98 -1 49 63 74 85 -1 10 28 73 85 -1 -2
3 34 72 98 -1 20 54 59 74 -1 3 32 98 99 -1 6 33 66 96 -1 50 69 71 82 -1 -2
5 18 21 23 -1 14 62 82 84 -1 18 24 47 98 -1 13 43 72 97 -1 17 55 80 83 -1 11 54 69 92 -1 57 73 79 95 -1 45 48 52 75 -1 -2
49 66 92 97 -1 28 53 56 57 -1 8 25 54 89 -1 48 52 70 91 -1 -2
9 47 62 90 -1 7 59 85 93 -1 -2
14 24 50 72 -1 32 60 71 80 -1 6 51 62 77 -1 40 65 85 88 -1 -2
9 38 74 88 -1 23 42 59 60 -1 -2
19 49 67 88 -1 -2
14 25 57 79 -1 32 44 47 52 -1 19 26 42 88 -1 10 21 35 83 -1 1 32 80 81 -1 16 24 73 94 -1 37 90 94 98 -1 54 63 75 86 -1 -2
38 56 67 88 -1 37 45 47 77 -1 4 7 54 91 -1 1 5 6 74 -1 -2
28 32 46 73 -1 33 46 57 94 -1 17 27 28 32 -1 24 33 70 84 -1 11 18 43 64 -1 22 30 52 91 -1 15 30 43 59 -1 30 61 74 77 -1 -2
15 48 52 60 -1 33 76 81 97 -1 25 52 59 76 -1 22 25 28 43 -1 6 22 50 71 -1 1 38 40 54 -1 -2
30 55 67 77 -1 1 43 82 96 -1 22 49 76 82 -1 3 6 34 91 -1 -2
15 34 81 99 -1 -2
9 23 24 69 -1 32 52 69 95 -1 22 30 50 66 -1 -2
3 29 40 73 -1 9 41 43 62 -1 15 58 67 69 -1 21 65 69 70 -1 6 25 92 93 -1 2 6 35 43 -1 24 35 79 92 -1 7 28 57 89 -1 -2
4 15 88 99 -1 -2
4 22 54 79 -1 8 14 49 82 -1 6 8 9 55 -1 19 43 77 95 -1 6 14 71 94 -1 17 40 81 86 -1 14 15 34 86 -1 -2
18 52 56 98 -1 6 24 49 74 -1 38 41 60 66 -1 5 13 40 59 -1 -2
11 44 72 85 -1 22 54 69 72 -1 40 50 64 71 -1 1 7 53 75 -1 14 36 44 61 -1 6 13 39 69 -1 -2
4 9 13 39 -1 3 59 70 80 -1 13 33 80 83 -1 15 25 59 86 -1 35 41 85 98 -1 -2
59 69 73 74 -1 10 22 32 78 -1 14 15 44 65 -1 13 27 33 50 -1 -2
16 22 76 91 -1 36 78 80 85 -1 3 13 50 89 -1 33 45 58 75 -1 -2
14 40 72 90 -1 3 44 57 93 -1 -2
12 37 55 90 -1 14 50 66 95 -1 16 50 84 90 -1 19 35 69 95 -1 7 20 59 76 -1 16 30 52 78 -1 -2
3 4 31 32 -1 10 31 66 91 -1 -2
3 14 21 49 -1 20 31 72 82 -1 13 40 48 62 -1 19 22 34 67 -1 2 12 30 100 -1 22 35 51 73 -1 29 37 72 85 -1 40 58 66 83 -1 -2
57 62 92 94 -1 8 57 65 99 -1 44 52 53 80 -1 3 52 92 96 -1 1 56 67 83 -1 34 41 64 73 -1 2 31 33 74 -1 -2
8 12 70 81 -1 7 70 83 84 -1 17 22 26 47 -1 -2
12 33 65 68 -1 12 56 86 87 -1 21 35 45 54 -1 17 38 55 66 -1 8 15 28 72 -1 17 25 50 99 -1 49 68 71 93 -1 63 73 75 92 -1 -2
16 34 49 68 -1 27 32 44 68 -1 2 27 44 96 -1 11 13 45 58 -1 53 65 69 83 -1 -2
1 13 47 79 -1 23 33 52 57 -1 6 32 35 49 -1 74 80 92 97 -1 5 17 34 70 -1 3 13 38 66 -1 10 36 56 83 -1 -2
29 52 79 96 -1 3 10 26 28 -1 38 65 67 96 -1 15 35 62 81 -1 10 14 44 61 -1 23 40 42 85 -1 13 17 52 93 -1 -2
6 20 37 83 -1 26 38 61 77 -1 65 69 76 94 -1 18 28 63 65 -1 21 39 59 75 -1 -2
12 14 20 87 -1 21 59 71 90 -1 43 59 85 98 -1 8 28 39 71 -1 9 33 81 98 -1 -2
17 36 67 74 -1 21 37 59 66 -1 -2
34 55 64 72 -1 -2
21 27 53 85 -1 38 45 73 96 -1 8 27 53 96 -1 38 48 60 63 -1 -2
7 29 34 52 -1 22 42 43 77 -1 3 34 51 100 -1 35 52 61 80 -1 7 28 50 52 -1 33 37 42 82 -1 17 26 32 80 -1 8 69 72 76 -1 -2
4 29 32 61 -1 50 55 72 88 -1 6 13 76 77 -1 33 56 85 88 -1 29 86 94 100 -1 15 42 84 90 -1 1 8 91 92 -1 16 30 62 79 -1 -2
21 28 39 66 -1 28 67 73 99 -1 15 73 87 89 -1 1 59 65 81 -1 8 33 35 36 -1 2 49 72 85 -1 -2
10 39 56 87 -1 33 65 67 96 -1 6 13 89 94 -1 44 47 89 93 -1 15 30 68 82 -1 36 48 67 99 -1 -2
2 32 38 44 -1 48 68 76 94 -1 -2
31 62 66 69 -1 22 28 32 61 -1 25 52 58 62 -1 6 18 61 63 -1 -2
3 13 74 88 -1 7 12 74 98 -1 39 43 50 62 -1 5 30 71 89 -1 9 10 31 60 -1 8 20 29 89 -1 22 39 69 81 -1 4 25 38 85 -1 -2
6 18 59 90 -1 -2
17 60 68 78 -1 18 29 43 53 -1 20 22 45 86 -1 7 15 19 73 -1 11 61 95 97 -1 16 21 28 70 -1 4 34 72 75 -1 49 53 82 100 -1 -2
40 44 70 88 -1 2 7 27 63 -1 4 37 78 95 -1 -2
11 30 55 70 -1 14 59 65 96 -1 33 63 91 96 -1 22 71 84 95 -1 5 17 68 72 -1 13 36 53 64 -1 49 71 99 100 -1 -2
18 22 98 99 -1 52 90 97 99 -1 18 32 53 87 -1 5 8 31 74 -1 -2
2 24 27 91 -1 11 16 56 93 -1 67 79 88 97 -1 3 38 43 44 -1 26 28 51 71 -1 33 46 61 62 -1 -2
17 29 67 86 -1 24 42 62 83 -1 -2
15 18 60 75 -1 13 42 67 96 -1 26 29 54 91 -1 1 6 32 62 -1 -2
10 63 66 69 -1 -2
33 49 66 99 -1 20 21 46 78 -1 18 63 66 71 -1 19 36 50 57 -1 40 79 81 100 -1 5 23 66 84 -1 5 29 48 78 -1 -2
4 16 22 60 -1 24 39 45 81 -1 44 60 87 91 -1 13 35 46 54 -1 4 11 42 50 -1 2 19 44 83 -1 39 55 73 74 -1 -2
8 19 54 67 -1 5 27 28 79 -1 -2
5 23 29 69 -1 10 26 47 69 -1 36 50 60 81 -1 2 17 81 84 -1 26 44 72 78 -1 1 13 17 75 -1 9 24 43 56 -1 27 29 34 35 -1 -2
2 19 36 88 -1 -2
37 53 65 89 -1 28 37 53 71 -1 26 43 62 86 -1 19 29 33 58 -1 44 51 59 62 -1 7 9 11 31 -1 27 43 56 68 -1 -2
6 51 66 85 -1 1 8 54 65 -1 39 42 58 85 -1 14 17 44 74 -1 29 35 50 54 -1 1 14 31 65 -1 30 36 49 82 -1 24 25 48 59 -1 -2
41 58 72 92 -1 33 35 51 59 -1 38 62 68 78 -1 49 73 83 88 -1 22 48 51 84 -1 -2
18 43 81 91 -1 23 52 77 91 -1 34 46 77 91 -1 2 19 30 97 -1 3 19 30 69 -1 -2
3 20 50 63 -1 -2
13 65 83 87 -1 17 66 68 74 -1 24 42 77 95 -1 19 61 77 78 -1 36 84 86 90 -1 12 55 58 85 -1 19 53 70 87 -1 3 26 67 81 -1 -2
24 45 51 81 -1 31 33 48 87 -1 26 36 38 61 -1 30 31 46 54 -1 1 50 63 99 -1 82 84 87 100 -1 -2
57 95 96 97 -1 25 84 90 93 -1 5 50 55 100 -1 -2
7 15 18 23 -1 44 47 84 86 -1 -2
1 51 67 79 -1 18 41 56 85 -1 3 43 45 56 -1 18 19 59 80 -1 3 51 72 95 -1 48 79 90 100 -1 -2
30 50 63 70 -1 55 61 81 93 -1 -2
5 10 29 98 -1 -2
13 22 38 98 -1 16 45 58 68 -1 9 28 47 90 -1 -2
10 18 23 60 -1 34 39 52 92 -1 8 29 31 35 -1 14 19 50 51 -1 24 37 86 87 -1 -2
18 19 71 89 -1 35 50 53 93 -1 48 52 78 83 -1 49 55 56 82 -1 12 33 37 89 -1 24 34 53 81 -1 -2
59 64 73 94 -1 25 66 86 88 -1 6 9 56 100 -1 19 41 55 74 -1 18 41 50 69 -1 33 37 61 72 -1 13 15 40 97 -1 7 23 25 54 -1 -2
8 13 26 64 -1 1 12 45 55 -1 -2
12 24 63 83 -1 32 48 62 64 -1 7 23 28 47 -1 8 16 24 43 -1 5 11 38 69 -1 -2
21 44 57 90 -1 2 46 50 85 -1 1 22 56 60 -1 -2
8 26 50 73 -1 4 24 61 77 -1 8 19 38 65 -1 -2
16 54 64 94 -1 24 45 54 64 -1 8 42 97 99 -1 25 50 58 87 -1 63 70 80 100 -1 35 76 89 99 -1 23 30 42 52 -1 25 28 34 82 -1 -2
18 22 64 83 -1 17 20 45 87 -1 13 18 77 84 -1 2 14 21 83 -1 20 44 46 93 -1 15 25 38 80 -1 39 61 81 90 -1 14 32 56 94 -1 -2
6 32 44 77 -1 20 72 94 97 -1 27 33 91 99 -1 31 40 83 93 -1 5 41 64 78 -1 44 55 68 76 -1 -2
49 62 78 81 -1 5 20 69 72 -1 44 54 57 100 -1 1 75 79 90 -1 5 32 80 98 -1 9 60 61 74 -1 21 22 73 89 -1 -2
54 57 70 83 -1 16 85 90 93 -1 28 30 53 83 -1 46 60 83 97 -1 23 32 36 80 -1 -2
9 33 84 88 -1 36 63 72 79 -1 -2
36 54 61 79 -1 -2
28 43 74 99 -1 37 40 43 67 -1 9 31 51 53 -1 11 22 56 57 -1 -2
7 38 52 86 -1 5 32 54 83 -1 -2
1 14 34 71 -1 1 39 80 100 -1 42 47 58 77 -1 -2
5 20 46 83 -1 3 4 20 82 -1 -2
21 32 76 88 -1 14 26 63 67 -1 11 40 50 72 -1 17 29 31 34 -1 2 8 76 93 -1 67 88 91 95 -1 -2
38 75 83 88 -1 12 14 17 51 -1 55 56 58 64 -1 2 48 73 85 -1 23 51 65 96 -1 16 42 47 72 -1 16 21 24 36 -1 -2
12 42 66 80 -1 12 17 60 82 -1 42 83 89 91 -1 31 33 45 85 -1 11 50 55 100 -1 21 38 59 62 -1 41 44 57 79 -1 -2
2 84 88 90 -1 27 39 40 51 -1 56 71 74 100 -1 10 13 80 96 -1 58 81 83 90 -1 -2
13 48 50 82 -1 17 38 57 75 -1 2 44 48 54 -1 6 25 48 67 -1 24 35 39 90 -1 -2
24 34 65 73 -1 -2
9 54 92 93 -1 -2
30 40 58 63 -1 3 9 82 100 -1 2 14 38 86 -1 2 55 75 100 -1 4 11 30 68 -1 -2
21 30 42 60 -1 2 6 57 95 -1 53 73 75 88 -1 18 38 46 97 -1 29 38 61 78 -1 23 72 97 98 -1 34 43 75 82 -1 -2
3 13 81 96 -1 27 42 67 80 -1 48 62 68 98 -1 7 74 88 99 -1 37 65 69 83 -1 5 13 49 55 -1 8 16 41 83 -1 41 56 61 86 -1 -2
12 50 73 97 -1 28 74 83 84 -1 -2
35 46 53 60 -1 9 54 64 69 -1 44 74 93 94 -1 3 51 68 86 -1 54 55 72 91 -1 27 37 72 85 -1 1 2 34 82 -1 17 66 70 91 -1 -2
53 64 87 98 -1 35 65 81 98 -1 15 20 44 50 -1 65 70 75 94 -1 23 34 65 92 -1 20 71 83 84 -1 7 23 24 65 -1 -2
33 55 64 68 -1 6 62 66 93 -1 -2
22 61 75 98 -1 1 53 55 100 -1 26 37 62 68 -1 5 6 72 94 -1 -2
4 38 39 48 -1 2 26 56 98 -1 13 43 53 71 -1 43 65 69 73 -1 40 67 68 91 -1 5 74 81 82 -1 -2
31 59 64 73 -1 14 31 34 70 -1 38 54 58 97 -1 30 49 57 94 -1 -2
3 13 48 73 -1 27 74 79 91 -1 -2
27 82 84 85 -1 22 41 65 71 -1 1 24 64 91 -1 -2
9 23 69 91 -1 51 75 95 96 -1 1 24 28 77 -1 -2
16 29 39 66 -1 13 71 72 83 -1 20 23 49 69 -1 17 27 73 90 -1 34 39 83 100 -1 30 68 96 97 -1 -2
17 58 85 98 -1 -2
23 56 80 95 -1 3 58 76 89 -1 4 18 68 90 -1 10 69 75 99 -1 25 53 56 68 -1 -2
2 10 25 63 -1 2 21 70 93 -1 49 73 76 85 -1 5 41 62 96 -1 36 79 81 86 -1 40 47 59 73 -1 -2
32 51 81 90 -1 23 24 27 70 -1 2 41 68 80 -1 16 47 52 63 -1 4 16 38 56 -1 35 46 59 72 -1 -2
32 37 68 88 -1 22 57 70 74 -1 14 19 71 97 -1 -2
1 35 36 98 -1 6 16 45 71 -1 32 65 97 99 -1 3 13 21 97 -1 1 13 61 83 -1 -2
21 23 55 77 -1 51 68 95 100 -1 -2
35 38 54 89 -1 -2
35 63 87 88 -1 46 60 71 74 -1 40 52 59 95 -1 32 34 62 99 -1 14 32 62 97 -1 -2
16 17 37 75 -1 13 25 36 40 -1 19 46 76 95 -1 10 32 64 66 -1 2 21 54 88 -1 2 10 30 94 -1 17 30 57 61 -1 -2
6 36 95 99 -1 2 41 66 88 -1 27 40 65 98 -1 2 16 22 62 -1 6 28 56 69 -1 -2
70 75 95 100 -1 12 70 75 78 -1 -2
16 55 67 80 -1 11 20 36 97 -1 37 52 73 81 -1 14 33 56 76 -1 13 35 48 85 -1 20 50 55 59 -1 50 71 80 89 -1 7 28 61 74 -1 -2
9 10 24 98 -1 39 66 72 84 -1 37 45 71 83 -1 4 37 81 92 -1 4 73 80 89 -1 37 43 47 83 -1 -2
6 34 37 38 -1 17 63 70 100 -1 65 69 89 97 -1 20 64 65 79 -1 24 37 70 83 -1 -2
33 54 56 81 -1 -2
46 56 65 97 -1 24 30 48 67 -1 14 48 87 89 -1 17 31 32 63 -1 34 54 86 98 -1 17 71 75 90 -1 26 62 73 93 -1 20 35 90 93 -1 -2
4 6 36 60 -1 -2
18 67 78 83 -1 11 59 70 91 -1 5 22 48 74 -1 21 48 88 100 -1 10 12 45 89 -1 -2
8 31 82 89 -1 4 7 31 69 -1 4 16 37 38 -1 1 7 17 59 -1 8 34 37 76 -1 -2
4 6 51 78 -1 23 66 78 95 -1 26 37 52 68 -1 37 67 80 85 -1 -2
43 63 79 83 -1 36 54 55 73 -1 3 21 24 50 -1 10 15 82 97 -1 7 63 82 97 -1 2 33 34 51 -1 20 34 48 56 -1 51 61 65 69 -1 -2
34 35 56 67 -1 29 52 76 78 -1 -2
28 68 69 76 -1 24 27 28 46 -1 24 52 63 73 -1 17 35 36 53 -1 -2
49 71 80 97 -1 5 8 43 95 -1 5 21 25 85 -1 12 26 49 51 -1 -2
4 6 33 48 -1 -2
2 41 56 95 -1 5 43 74 88 -1 50 67 71 98 -1 24 30 35 76 -1 -2
67 76 84 99 -1 -2
1 13 31 71 -1 10 25 49 79 -1 11 31 74 89 -1 -2
6 34 80 87 -1 19 32 74 95 -1 2 65 66 86 -1 24 42 59 93 -1 17 29 45 55 -1 7 47 75 89 -1 18 50 54 68 -1 6 26 79 93 -1 -2
13 36 90 96 -1 23 38 48 83 -1 66 76 81 86 -1 -2
5 52 64 71 -1 24 27 91 97 -1 15 33 69 90 -1 28 36 45 62 -1 58 62 77 79 -1 38 50 76 94 -1 -2
6 36 47 65 -1 6 16 17 60 -1 16 31 45 54 -1 -2
44 72 78 81 -1 19 23 38 66 -1 24 25 61 72 -1 -2
24 65 70 86 -1 2 17 32 84 -1 20 32 82 92 -1 8 11 19 68 -1 35 37 47 80 -1 30 45 50 53 -1 -2
7 13 55 79 -1 1 48 63 79 -1 14 34 41 95 -1 20 21 74 98 -1 -2
8 50 51 89 -1 -2
55 74 95 97 -1 31 48 61 89 -1 -2
29 44 69 71 -1 14 47 67 75 -1 16 57 66 93 -1 -2
10 27 58 94 -1 17 27 41 97 -1 5 22 40 85 -1 4 54 77 78 -1 43 62 73 96 -1 10 12 61 66 -1 15 26 89 97 -1 30 32 39 50 -1 -2
56 63 88 92 -1 48 52 58 72 -1 25 42 71 76 -1 18 40 88 89 -1 10 21 52 54 -1 15 21 26 31 -1 14 33 43 72 -1 -2
6 11 78 94 -1 3 22 94 95 -1 20 35 72 88 -1 5 34 95 100 -1 -2
24 26 50 55 -1 4 15 17 48 -1 21 56 64 89 -1 6 11 35 86 -1 -2
24 40 68 69 -1 5 58 83 92 -1 58 59 65 80 -1 59 75 76 88 -1 34 69 81 89 -1 28 44 54 78 -1 -2
12 15 31 95 -1 11 44 56 61 -1 61 73 84 91 -1 -2
1 43 47 69 -1 3 33 69 99 -1 60 66 68 83 -1 6 12 38 39 -1 -2
8 31 40 50 -1 6 44 50 88 -1 -2
8 19 44 90 -1 33 42 58 67 -1 10 39 45 66 -1 11 17 30 87 -1 3 12 21 30 -1 -2
28 62 88 94 -1 4 64 93 95 -1 16 32 44 59 -1 -2
29 39 44 67 -1 11 18 40 71 -1 5 11 51 69 -1 -2
31 54 81 98 -1 25 74 84 85 -1 5 13 48 62 -1 6 66 80 89 -1 16 52 66 84 -1 -2
7 35 40 90 -1 -2
39 56 64 97 -1 33 68 87 97 -1 12 18 31 77 -1 2 27 59 75 -1 27 31 38 63 -1 -2
18 28 34 45 -1 20 27 54 100 -1 12 17 26 100 -1 58 68 75 85 -1 29 34 74 78 -1 5 18 30 70 -1 32 57 87 94 -1 -2
19 56 82 97 -1 21 24 93 99 -1 -2
21 28 85 98 -1 -2
8 17 19 35 -1 29 34 78 83 -1 45 58 62 96 -1 4 46 71 82 -1 8 15 57 70 -1 8 23 65 80 -1 18 40 59 77 -1 28 31 69 97 -1 -2
15 20 55 63 -1 8 9 82 97 -1 7 8 67 70 -1 -2
3 17 34 40 -1 13 44 84 95 -1 29 47 64 99 -1 35 61 64 65 -1 29 41 46 92 -1 2 21 28 80 -1 15 46 61 98 -1 -2
21 25 40 96 -1 19 41 82 97 -1 -2
36 45 72 92 -1 14 25 40 42 -1 16 24 33 66 -1 8 13 34 93 -1 4 40 79 89 -1 6 82 85 97 -1 -2
36 67 81 83 -1 12 23 74 83 -1 -2
3 9 52 57 -1 44 48 74 90 -1 10 44 78 88 -1 7 68 82 85 -1 40 52 53 71 -1 36 64 70 86 -1 46 53 74 97 -1 9 63 91 92 -1 -2
35 55 60 75 -1 2 7 53 98 -1 -2
19 67 79 100 -1 22 25 66 71 -1 29 57 80 99 -1 14 57 71 76 -1 35 72 73 88 -1 50 79 94 100 -1 19 36 39 78 -1 -2
10 14 49 97 -1 4 51 81 86 -1 1 35 55 84 -1 43 52 59 78 -1 12 39 67 68 -1 -2
44 67 82 87 -1 61 70 73 89 -1 19 26 28 52 -1 1 26 27 36 -1 -2
5 36 49 63 -1 11 67 90 99 -1 9 12 23 53 -1 15 36 54 62 -1 46 49 51 52 -1 4 57 71 85 -1 -2
52 80 83 98 -1 19 47 76 86 -1 22 23 63 85 -1 -2
12 32 41 92 -1 22 58 70 83 -1 22 45 70 91 -1 18 40 71 84 -1 8 20 43 66 -1 -2
39 68 88 99 -1 43 57 87 90 -1 17 18 30 97 -1 41 55 64 74 -1 34 61 67 84 -1 6 83 96 98 -1 23 36 56 80 -1 16 20 34 37 -1 -2
20 67 82 88 -1 7 8 30 83 -1 -2
17 47 67 90 -1 16 81 82 92 -1 15 32 35 74 -1 2 13 84 96 -1 -2
3 6 42 44 -1 25 30 87 97 -1 -2
28 46 70 74 -1 12 16 62 76 -1 25 47 68 86 -1 4 61 67 71 -1 17 44 51 76 -1 30 50 60 87 -1 -2
37 60 62 82 -1 36 79 89 90 -1 31 43 72 99 -1 15 18 38 58 -1 14 35 81 90 -1 11 55 89 96 -1 10 39 55 62 -1 -2
10 21 23 82 -1 6 34 64 76 -1 11 62 64 89 -1 2 40 51 67 -1 45 58 81 98 -1 13 39 71 85 -1 -2
6 44 61 95 -1 -2
3 4 29 60 -1 9 33 49 56 -1 4 33 75 88 -1 40 48 83 85 -1 -2
24 27 40 96 -1 13 44 50 70 -1 1 24 68 76 -1 -2
10 47 60 82 -1 5 30 93 100 -1 17 24 54 79 -1 -2
22 67 88 100 -1 7 60 83 93 -1 12 50 73 84 -1 42 72 81 98 -1 6 53 67 68 -1 3 51 71 72 -1 -2
7 45 54 74 -1 3 28 76 78 -1 33 56 74 84 -1 43 66 81 96 -1 43 60 64 86 -1 7 11 41 93 -1 18 32 35 55 -1 12 51 52 53 -1 -2
6 47 48 84 -1 8 19 26 85 -1 51 60 76 95 -1 3 40 89 98 -1 6 41 81 89 -1 -2
26 31 60 82 -1 9 44 59 70 -1 14 21 23 69 -1 20 48 53 54 -1 -2
4 46 51 97 -1 -2
26 39 54 75 -1 -2
30 38 78 90 -1 1 3 58 62 -1 2 79 94 95 -1 17 36 59 63 -1 -2
9 19 33 62 -1 -2
36 51 88 95 -1 8 28 59 60 -1 28 43 54 55 -1 -2
16 54 65 66 -1 14 19 39 50 -1 19 32 71 81 -1 11 41 60 72 -1 -2
4 11 28 82 -1 20 55 67 79 -1 -2
31 62 71 96 -1 10 14 28 50 -1 40 71 72 98 -1 35 67 88 89 -1 6 39 49 99 -1 12 43 44 64 -1 -2
17 22 26 65 -1 20 26 41 43 -1 3 31 34 73 -1 12 28 41 82 -1 41 55 58 68 -1 19 53 70 92 -1 -2
7 54 80 96 -1 26 85 89 92 -1 58 73 81 94 -1 21 52 67 93 -1 22 24 65 95 -1 8 9 12 38 -1 28 31 43 99 -1 -2
29 49 67 99 -1 37 43 88 90 -1 13 17 43 45 -1 16 23 57 92 -1 8 34 36 73 -1 7 50 58 75 -1 29 43 74 86 -1 9 25 30 60 -1 -2
7 29 30 46 -1 18 60 96 99 -1 16 21 60 98 -1 6 11 18 80 -1 3 4 18 51 -1 35 55 66 74 -1 -2
8 48 54 58 -1 -2
11 48 67 97 -1 6 20 65 66 -1 7 18 33 47 -1 -2
9 76 77 92 -1 44 80 88 94 -1 43 48 90 93 -1 1 3 13 37 -1 -2
26 27 41 76 -1 14 16 31 39 -1 6 23 64 68 -1 19 29 35 74 -1 3 23 31 83 -1 -2
8 16 19 61 -1 51 63 68 93 -1 40 50 70 79 -1 42 59 78 95 -1 28 66 81 93 -1 55 56 61 74 -1 -2
46 63 70 90 -1 2 29 58 74 -1 15 60 65 76 -1 12 20 57 78 -1 35 41 71 87 -1 12 50 74 93 -1 9 54 56 65 -1 44 68 72 97 -1 -2
35 66 76 86 -1 56 58 82 94 -1 35 37 55 95 -1 24 30 64 93 -1 30 63 69 77 -1 23 28 40 68 -1 14 69 70 74 -1 36 50 53 55 -1 -2
50 70 82 83 -1 15 27 64 98 -1 22 37 42 93 -1 9 15 69 81 -1 36 41 85 97 -1 2 11 45 84 -1 -2
11 18 28 82 -1 -2
23 24 37 58 -1 13 31 55 98 -1 18 24 64 82 -1 5 64 67 99 -1 86 92 93 95 -1 11 24 68 79 -1 -2
30 51 64 86 -1 50 66 76 99 -1 4 45 83 93 -1 47 67 73 85 -1 11 42 46 97 -1 -2
30 31 73 91 -1 -2
4 66 83 100 -1 -2
2 7 46 94 -1 10 54 69 89 -1 33 60 69 73 -1 33 58 66 98 -1 7 21 42 93 -1 -2
24 28 73 89 -1 11 13 39 51 -1 8 23 60 62 -1 11 13 85 94 -1 25 36 61 72 -1 2 22 50 87 -1 -2
25 81 88 89 -1 22 34 56 88 -1 -2
5 16 42 50 -1 2 5 6 97 -1 10 21 25 41 -1 48 54 82 93 -1 -2
6 13 54 94 -1 18 20 35 94 -1 44 62 63 67 -1 19 37 40 41 -1 40 46 61 97 -1 -2
30 40 47 96 -1 15 39 60 76 -1 33 46 59 63 -1 -2
52 58 65 82 -1 33 52 56 69 -1 17 29 55 58 -1 -2
8 63 85 92 -1 14 17 27 28 -1 38 40 42 55 -1 23 56 78 81 -1 1 34 51 57 -1 6 32 58 61 -1 44 66 77 98 -1 -2
5 13 25 26 -1 7 37 47 83 -1 -2
38 46 55 84 -1 5 36 55 71 -1 28 31 32 45 -1 76 77 79 89 -1 3 5 37 44 -1 8 43 66 70 -1 25 49 74 91 -1 -2
6 22 93 94 -1 24 62 93 94 -1 38 60 74 90 -1 -2
36 39 55 63 -1 8 46 60 88 -1 29 31 32 77 -1 15 19 48 69 -1 -2
20 30 37 89 -1 14 53 78 94 -1 31 56 91 95 -1 18 28 55 90 -1 11 38 76 92 -1 2 5 20 53 -1 -2
36 54 59 99 -1 19 48 63 95 -1 14 41 53 79 -1 6 11 65 89 -1 -2
15 70 79 85 -1 8 24 32 70 -1 11 63 64 65 -1 28 37 57 79 -1 32 39 54 72 -1 -2
64 79 86 89 -1 1 67 87 94 -1 14 49 65 82 -1 -2
24 29 36 85 -1 2 27 71 79 -1 25 28 56 95 -1 8 15 39 46 -1 30 35 87 100 -1 38 78 83 89 -1 -2
22 69 77 86 -1 1 6 50 98 -1 10 42 76 86 -1 2 39 58 98 -1 10 24 49 57 -1 -2
3 23 52 65 -1 39 56 76 77 -1 15 32 53 94 -1 29 33 77 82 -1 7 12 61 93 -1 -2
21 31 75 94 -1 -2
12 16 20 60 -1 19 57 63 88 -1 26 27 43 78 -1 1 14 46 97 -1 57 74 77 82 -1 10 17 61 90 -1 16 42 46 85 -1 -2
66 82 85 89 -1 -2
11 31 46 58 -1 13 49 54 93 -1 -2
10 25 37 96 -1 6 41 63 86 -1 15 19 33 77 -1 -2
44 72 81 94 -1 7 25 42 86 -1 3 11 83 92 -1 51 56 62 95 -1 3 16 23 47 -1 13 29 84 96 -1 42 49 92 98 -1 -2
71 73 86 99 -1 27 34 35 48 -1 15 70 73 81 -1 -2
13 15 21 26 -1 4 29 38 72 -1 39 59 74 83 -1 2 34 63 91 -1 -2
27 42 55 70 -1 12 23 31 39 -1 58 65 89 92 -1 5 35 49 90 -1 -2
27 71 73 80 -1 13 27 43 57 -1 23 34 61 98 -1 46 58 64 91 -1 7 25 47 76 -1 -2
23 49 64 84 -1 21 28 66 75 -1 42 44 80 98 -1 41 55 67 92 -1 30 45 93 100 -1 32 40 74 94 -1 9 25 62 78 -1 21 57 61 97 -1 -2
12 23 43 62 -1 10 25 32 80 -1 8 18 69 100 -1 -2
60 72 79 83 -1 4 27 70 80 -1 20 92 97 98 -1 8 15 84 91 -1 11 16 40 54 -1 7 17 28 84 -1 -2
16 72 78 98 -1 22 31 80 88 -1 34 46 71 88 -1 27 41 42 57 -1 -2
20 28 32 95 -1 1 31 75 93 -1 3 54 63 73 -1 34 51 74 81 -1 2 32 43 78 -1 1 7 24 40 -1 -2
4 10 15 57 -1 -2
54 78 91 96 -1 3 28 35 87 -1 -2
14 30 71 86 -1 1 8 65 99 -1 -2
15 40 53 74 -1 8 13 32 35 -1 24 81 84 98 -1 -2
4 27 42 79 -1 7 37 78 85 -1 16 50 66 93 -1 53 56 87 98 -1 6 30 57 58 -1 34 53 63 97 -1 5 21 30 77 -1 41 58 64 77 -1 -2
7 11 12 28 -1 15 22 84 94 -1 11 17 18 20 -1 23 43 62 94 -1 2 3 15 78 -1 2 3 74 77 -1 64 74 80 98 -1 -2
5 14 67 77 -1 10 20 65 93 -1 -2
47 59 71 87 -1 5 47 72 98 -1 13 50 74 80 -1 5 34 59 96 -1 4 16 27 46 -1 -2
22 57 65 97 -1 14 21 63 92 -1 2 22 59 85 -1 39 49 68 87 -1 13 56 70 79 -1 -2
10 27 74 80 -1 -2
19 34 51 85 -1 2 6 84 95 -1 -2
36 40 76 90 -1 5 44 46 55 -1 -2
10 50 51 93 -1 11 24 48 88 -1 2 75 86 96 -1 1 21 44 48 -1 22 25 32 87 -1 1 27 72 91 -1 11 46 63 71 -1 6 36 64 74 -1 -2
17 31 42 99 -1 3 40 72 95 -1 1 5 27 73 -1 -2
20 40 48 67 -1 2 4 24 72 -1 36 44 67 97 -1 12 23 24 53 -1 5 13 40 50 -1 4 21 72 82 -1 7 17 22 61 -1 45 91 98 99 -1 -2
4 60 78 84 -1 14 54 56 57 -1 13 78 80 92 -1 14 34 99 100 -1 55 63 80 81 -1 -2
37 72 87 97 -1 4 27 57 88 -1 43 62 63 96 -1 26 32 60 97 -1 20 41 91 96 -1 22 32 33 80 -1 5 54 57 80 -1 18 55 79 82 -1 -2
16 41 47 53 -1 41 57 65 69 -1 20 69 72 73 -1 1 52 68 85 -1 1 29 85 92 -1 32 36 48 94 -1 10 65 82 85 -1 11 37 57 77 -1 -2
6 55 69 99 -1 15 24 53 80 -1 29 57 77 84 -1 -2
32 58 79 99 -1 51 68 89 96 -1 1 16 21 69 -1 -2
8 36 46 66 -1 -2
7 22 42 66 -1 21 57 73 86 -1 1 12 38 57 -1 67 82 91 93 -1 2 65 67 78 -1 5 9 22 71 -1 -2
3 5 38 100 -1 11 22 58 89 -1 12 28 78 97 -1 -2
1 15 34 96 -1 -2
40 71 74 86 -1 47 49 93 98 -1 25 37 53 91 -1 8 27 56 79 -1 11 22 41 75 -1 -2
29 61 82 87 -1 16 33 43 61 -1 -2
15 41 51 71 -1 17 18 20 85 -1 52 60 64 79 -1 -2
5 6 32 95 -1 18 36 76 96 -1 29 40 44 54 -1 26 35 52 94 -1 4 23 31 83 -1 34 57 68 83 -1 4 34 39 68 -1 14 24 63 96 -1 -2
12 22 62 94 -1 12 27 31 53 -1 11 40 76 84 -1 22 39 65 78 -1 5 13 27 91 -1 29 46 64 69 -1 26 34 42 82 -1 3 8 48 61 -1 -2
1 63 66 67 -1 4 43 46 61 -1 22 53 63 84 -1 6 27 72 77 -1 4 6 53 74 -1 39 80 81 100 -1 -2
1 10 69 82 -1 3 20 38 92 -1 16 37 49 98 -1 10 42 72 84 -1 10 21 76 91 -1 -2
12 34 74 91 -1 2 39 57 84 -1 -2
3 7 10 47 -1 15 49 63 74 -1 46 48 68 80 -1 9 32 42 91 -1 10 33 60 74 -1 -2
16 36 54 77 -1 20 25 66 88 -1 1 5 27 61 -1 48 51 65 95 -1 -2
55 63 81 98 -1 37 46 52 65 -1 10 18 49 91 -1 66 76 84 91 -1 -2
41 46 68 83 -1 15 40 59 96 -1 39 56 61 65 -1 21 24 60 64 -1 -2
23 38 78 92 -1 65 82 85 87 -1 36 39 63 75 -1 44 58 62 90 -1 3 14 68 93 -1 29 32 74 81 -1 44 52 64 88 -1 38 47 86 95 -1 -2
25 46 51 77 -1 35 57 60 83 -1 -2
35 64 66 71 -1 6 33 46 52 -1 13 52 76 87 -1 10 19 22 100 -1 12 39 60 61 -1 29 30 65 74 -1 10 13 25 70 -1 9 14 58 60 -1 -2
25 27 57 82 -1 -2
5 38 83 88 -1 56 71 92 100 -1 -2
28 44 65 83 -1 4 7 38 64 -1 -2
15 48 57 94 -1 36 53 68 94 -1 54 63 66 78 -1 38 81 94 99 -1 33 54 68 80 -1 25 35 69 79 -1 -2
23 38 53 57 -1 36 40 49 96 -1 46 50 72 89 -1 -2
21 57 65 95 -1 4 53 92 96 -1 10 70 74 98 -1 24 40 54 70 -1 23 30 58 89 -1 8 39 50 95 -1 43 50 82 83 -1 -2
13 24 54 81 -1 9 43 72 74 -1 23 78 81 86 -1 63 76 89 95 -1 34 70 84 87 -1 27 73 76 91 -1 2 5 9 91 -1 -2
27 30 42 89 -1 22 30 65 95 -1 27 31 35 56 -1 33 39 41 93 -1 30 65 73 85 -1 16 62 69 89 -1 47 48 52 95 -1 5 62 66 70 -1 -2
43 52 74 79 -1 -2
29 56 85 92 -1 13 39 64 71 -1 26 32 33 47 -1 9 24 29 36 -1 4 11 56 83 -1 11 60 72 84 -1 34 43 53 70 -1 11 29 65 69 -1 -2
10 50 53 67 -1 2 27 39 78 -1 21 51 90 97 -1 70 77 82 99 -1 -2
17 54 66 94 -1 8 11 15 54 -1 13 27 51 66 -1 6 37 45 55 -1 5 22 42 89 -1 5 26 61 76 -1 4 16 48 71 -1 16 55 78 99 -1 -2
26 28 69 99 -1 3 26 59 77 -1 50 82 88 96 -1 13 38 75 78 -1 45 74 89 97 -1 5 20 55 84 -1 -2
21 31 35 51 -1 48 57 61 89 -1 37 39 66 84 -1 32 53 67 96 -1 60 61 77 97 -1 8 12 78 82 -1 -2
16 29 39 60 -1 -2
1 2 76 77 -1 1 35 83 97 -1 7 10 14 85 -1 13 23 46 88 -1 6 8 59 95 -1 4 16 42 76 -1 2 13 22 75 -1 2 19 50 95 -1 -2
6 75 88 89 -1 5 12 31 81 -1 10 22 23 55 -1 -2
16 58 73 97 -1 6 26 29 91 -1 9 10 62 98 -1 -2
10 44 53 65 -1 41 72 78 81 -1 9 60 79 81 -1 24 45 60 99 -1 17 20 59 91 -1 26 56 57 86 -1 -2
37 40 58 99 -1 37 50 74 97 -1 7 21 79 84 -1 -2
12 38 55 88 -1 27 71 86 97 -1 59 63 79 83 -1 8 39 67 91 -1 20 75 85 95 -1 18 24 28 43 -1 -2
40 51 65 96 -1 6 42 53 94 -1 17 21 34 98 -1 31 52 85 88 -1 38 81 83 91 -1 22 26 82 86 -1 -2
24 26 36 66 -1 48 49 66 76 -1 23 55 69 80 -1 32 34 35 69 -1 19 40 66 87 -1 4 20 68 94 -1 1 33 42 61 -1 -2
24 75 77 87 -1 38 43 84 97 -1 19 60 97 99 -1 43 81 82 89 -1 6 12 38 76 -1 16 24 61 77 -1 -2
4 7 65 96 -1 18 29 48 89 -1 22 34 45 79 -1 14 47 51 82 -1 21 23 88 89 -1 40 73 86 99 -1 -2
6 11 59 63 -1 41 51 64 81 -1 25 29 51 94 -1 40 53 72 76 -1 -2
19 26 44 77 -1 20 46 79 95 -1 30 46 93 94 -1 -2
12 59 65 66 -1 22 68 88 93 -1 -2
33 37 56 60 -1 19 55 61 74 -1 39 55 74 87 -1 2 9 66 72 -1 -2
40 47 64 70 -1 16 43 46 58 -1 -2
1 61 94 99 -1 3 6 39 65 -1 46 51 65 100 -1 14 60 78 86 -1 8 37 79 92 -1 2 22 54 75 -1 17 28 42 68 -1 3 12 26 34 -1 -2
14 24 48 68 -1 10 14 25 58 -1 65 69 73 91 -1 23 74 84 97 -1 30 42 45 74 -1 57 63 82 87 -1 12 14 36 91 -1 9 34 48 97 -1 -2
11 25 41 46 -1 -2
7 16 37 74 -1 -2
16 22 59 92 -1 19 27 33 63 -1 -2
9 14 19 63 -1 59 72 95 99 -1 54 59 65 67 -1 13 34 80 84 -1 13 24 43 76 -1 -2
10 19 50 89 -1 69 84 90 95 -1 16 44 66 72 -1 27 50 60 63 -1 8 13 47 58 -1 36 54 78 93 -1 73 76 88 98 -1 63 67 80 89 -1 -2
33 54 65 71 -1 48 58 62 64 -1 16 30 71 74 -1 16 17 78 83 -1 11 23 91 97 -1 -2
6 34 51 63 -1 11 64 70 91 -1 23 58 82 91 -1 13 29 52 86 -1 23 56 63 85 -1 72 75 82 99 -1 12 67 70 75 -1 26 32 80 88 -1 -2
5 6 50 88 -1 1 42 63 82 -1 14 15 61 63 -1 6 22 46 66 -1 37 38 44 58 -1 22 42 76 83 -1 20 24 25 44 -1 5 39 90 98 -1 -2
34 47 77 95 -1 -2
40 55 62 94 -1 2 34 79 96 -1 11 33 74 99 -1 15 16 20 79 -1 24 48 50 55 -1 25 51 59 74 -1 21 36 46 73 -1 -2
5 27 38 80 -1 44 70 75 82 -1 73 87 94 97 -1 31 35 63 69 -1 5 6 41 97 -1 8 46 85 97 -1 1 3 33 56 -1 -2
24 57 79 100 -1 5 26 28 45 -1 4 11 21 42 -1 15 42 47 52 -1 26 29 34 54 -1 6 16 33 34 -1 -2
7 34 74 98 -1 2 53 54 76 -1 63 73 84 92 -1 10 46 52 99 -1 29 41 67 84 -1 24 32 51 62 -1 -2
28 69 77 94 -1 16 35 77 98 -1 32 62 73 79 -1 3 64 88 98 -1 29 32 37 56 -1 15 38 56 94 -1 13 30 34 46 -1 44 58 74 100 -1 -2
13 39 67 70 -1 13 19 49 97 -1 7 18 49 50 -1 50 59 82 99 -1 34 54 82 95 -1 36 44 63 84 -1 8 10 52 64 -1 -2
4 34 83 85 -1 41 45 66 100 -1 -2
16 20 83 97 -1 2 8 55 70 -1 -2
6 14 20 91 -1 10 43 58 79 -1 11 58 69 73 -1 20 39 55 86 -1 25 64 67 82 -1 16 50 82 97 -1 -2
29 31 74 94 -1 2 22 42 78 -1 3 46 84 95 -1 56 67 69 95 -1 44 56 60 88 -1 19 28 33 53 -1 2 12 34 88 -1 56 79 95 100 -1 -2
24 31 47 64 -1 23 69 85 95 -1 1 30 52 91 -1 2 46 64 94 -1 7 38 72 98 -1 -2
2 33 69 94 -1 5 28 45 80 -1 10 44 69 82 -1 11 18 43 81 -1 19 75 81 99 -1 21 24 29 82 -1 12 64 95 98 -1 -2
2 6 59 98 -1 13 14 18 57 -1 3 25 29 57 -1 34 38 47 65 -1 22 60 85 97 -1 15 33 60 78 -1 22 55 70 85 -1 -2
2 22 25 97 -1 -2
11 16 57 70 -1 9 17 41 74 -1 -2
8 24 89 97 -1 34 63 74 99 -1 12 19 62 70 -1 -2
18 25 84 100 -1 8 47 63 98 -1 6 18 40 58 -1 4 23 40 67 -1 -2
8 41 52 82 -1 26 57 81 82 -1 -2
4 43 51 74 -1 39 85 94 95 -1 20 53 68 77 -1 8 39 42 75 -1 19 23 34 99 -1 25 26 36 63 -1 8 13 49 71 -1 -2
1 5 8 11 -1 25 75 80 100 -1 1 81 97 100 -1 15 35 63 82 -1 24 27 42 70 -1 6 19 21 71 -1 -2
20 24 50 57 -1 49 54 67 90 -1 9 30 80 84 -1 21 22 29 70 -1 43 59 83 86 -1 4 21 31 81 -1 10 12 15 28 -1 -2
6 56 57 100 -1 30 43 49 69 -1 -2
47 59 68 74 -1 6 8 60 75 -1 -2
14 30 55 97 -1 18 19 63 91 -1 21 51 62 73 -1 60 63 93 100 -1 13 55 58 100 -1 10 35 62 84 -1 12 18 51 57 -1 8 24 31 35 -1 -2
1 20 26 86 -1 -2
1 28 70 98 -1 7 21 43 92 -1 22 27 89 92 -1 4 10 65 91 -1 55 57 76 87 -1 31 35 74 87 -1 35 52 70 85 -1 -2
6 41 49 83 -1 17 69 74 90 -1 10 16 28 73 -1 38 47 53 85 -1 -2
24 41 56 58 -1 16 17 49 91 -1 11 29 63 75 -1 8 17 73 79 -1 32 34 36 90 -1 1 14 36 72 -1 32 51 66 85 -1 27 38 65 89 -1 -2
45 80 81 90 -1 13 48 64 80 -1 31 86 92 94 -1 -2
4 52 78 87 -1 7 15 92 94 -1 2 22 54 56 -1 54 71 81 87 -1 13 17 28 57 -1 -2
19 49 69 100 -1 22 60 69 84 -1 -2
1 7 25 54 -1 31 73 79 84 -1 24 54 73 79 -1 18 44 46 59 -1 52 62 82 84 -1 17 51 80 83 -1 18 22 35 75 -1 16 52 53 94 -1 -2
35 47 88 94 -1 30 52 92 100 -1 31 42 65 90 -1 4 33 66 96 -1 19 60 65 78 -1 -2
45 53 81 99 -1 -2
31 36 96 100 -1 17 20 45 89 -1 9 23 41 97 -1 25 56 66 80 -1 2 31 36 43 -1 -2
10 14 38 41 -1 29 56 67 88 -1 62 66 71 97 -1 -2
5 11 52 96 -1 6 47 73 100 -1 48 49 50 63 -1 10 59 64 95 -1 2 4 26 79 -1 1 13 74 98 -1 33 40 52 82 -1 -2
3 66 82 92 -1 -2
57 63 83 84 -1 10 26 70 96 -1 17 35 70 79 -1 1 15 48 63 -1 22 56 62 98 -1 49 50 61 81 -1 16 53 59 76 -1 36 41 64 76 -1 -2
3 18 53 63 -1 27 34 41 52 -1 -2
10 58 59 87 -1 1 17 58 87 -1 -2
44 57 70 86 -1 2 20 21 100 -1 -2
6 16 30 85 -1 18 21 36 60 -1 17 35 41 43 -1 -2
22 58 68 87 -1 10 36 42 82 -1 2 24 64 89 -1 22 54 61 74 -1 -2
13 18 26 36 -1 2 8 28 33 -1 22 32 74 98 -1 -2
5 10 84 100 -1 7 17 37 95 -1 28 35 71 73 -1 -2
38 62 77 95 -1 11 12 66 79 -1 2 11 30 87 -1 4 34 63 74 -1 -2
7 56 78 96 -1 1 37 70 79 -1 28 60 87 95 -1 26 43 92 94 -1 27 30 91 99 -1 19 26 49 52 -1 31 36 44 52 -1 -2
45 47 60 90 -1 25 34 70 73 -1 9 31 39 85 -1 -2
12 14 28 47 -1 5 43 51 54 -1 3 7 43 68 -1 8 26 32 46 -1 28 57 92 95 -1 12 18 45 95 -1 5 6 21 43 -1 -2
6 22 39 91 -1 44 58 67 88 -1 4 28 67 89 -1 1 35 61 82 -1 10 43 66 75 -1 5 7 50 93 -1 9 73 87 89 -1 55 63 72 90 -1 -2
36 76 92 94 -1 9 38 55 92 -1 21 46 67 84 -1 23 71 72 81 -1 -2
17 28 57 71 -1 2 28 44 86 -1 -2
27 59 88 90 -1 63 65 67 83 -1 -2
36 44 53 73 -1 12 46 74 82 -1 30 32 43 98 -1 -2
3 43 71 92 -1 -2
38 50 70 97 -1 6 10 41 71 -1 73 74 80 92 -1 -2
5 25 38 69 -1 12 26 39 58 -1 16 50 65 84 -1 26 41 53 78 -1 18 48 68 86 -1 -2
3 10 38 85 -1 40 43 73 78 -1 30 58 61 77 -1 -2
13 31 34 56 -1 15 55 84 96 -1 13 76 82 96 -1 24 78 91 92 -1 25 28 43 45 -1 3 27 81 97 -1 4 17 36 70 -1 -2
8 24 69 78 -1 9 22 50 82 -1 14 16 33 98 -1 21 30 52 62 -1 25 61 84 86 -1 24 55 88 100 -1 -2
14 51 67 82 -1 3 24 38 60 -1 30 59 82 92 -1 7 25 60 71 -1 28 55 60 80 -1 50 53 54 76 -1 20 45 74 84 -1 27 39 48 88 -1 -2
12 24 29 86 -1 21 63 73 94 -1 20 56 74 92 -1 33 45 76 81 -1 -2
16 44 86 87 -1 -2
2 6 22 80 -1 13 49 64 96 -1 31 34 55 74 -1 33 60 73 95 -1 -2
66 77 89 96 -1 3 44 51 53 -1 46 52 63 81 -1 27 51 64 79 -1 -2
4 6 51 81 -1 2 74 75 99 -1 1 36 60 98 -1 23 67 68 99 -1 5 11 24 40 -1 5 58 67 82 -1 39 56 80 92 -1 6 42 47 77 -1 -2
30 34 74 95 -1 -2
34 64 72 94 -1 15 29 40 97 -1 24 60 82 91 -1 16 41 42 74 -1 60 69 74 91 -1 3 17 28 64 -1 -2
24 42 61 94 -1 33 50 69 80 -1 7 48 56 68 -1 36 42 47 66 -1 30 50 78 83 -1 4 9 25 94 -1 2 52 54 92 -1 35 42 63 79 -1 -2
28 50 75 97 -1 7 18 23 98 -1 -2
39 45 57 84 -1 34 41 62 75 -1 26 32 51 71 -1 13 18 59 80 -1 5 59 79 81 -1 8 9 51 97 -1 -2
63 64 82 94 -1 -2
6 54 84 100 -1 32 58 83 91 -1 2 22 23 55 -1 27 28 37 100 -1 30 42 50 59 -1 13 30 73 76 -1 9 16 34 90 -1 21 59 65 79 -1 -2
1 13 29 62 -1 37 38 72 84 -1 13 15 50 65 -1 7 9 25 47 -1 -2
15 51 59 98 -1 20 46 49 77 -1 -2
3 25 45 50 -1 61 77 79 81 -1 14 38 73 86 -1 5 14 78 93 -1 5 10 79 97 -1 5 12 85 90 -1 -2
21 27 77 82 -1 20 30 62 75 -1 45 53 54 70 -1 35 61 62 97 -1 25 46 50 67 -1 28 38 54 81 -1 -2
9 12 17 69 -1 1 9 53 76 -1 41 53 59 81 -1 -2
7 50 69 74 -1 31 36 38 82 -1 6 62 79 100 -1 47 63 92 94 -1 4 21 51 60 -1 9 50 65 98 -1 34 38 54 60 -1 11 33 49 83 -1 -2
1 28 46 56 -1 -2
52 61 71 87 -1 38 84 90 91 -1 5 15 47 48 -1 24 26 56 71 -1 1 4 23 34 -1 -2
7 50 78 96 -1 6 8 10 80 -1 5 40 77 82 -1 6 8 16 24 -1 39 69 87 100 -1 16 48 54 100 -1 14 50 70 71 -1 -2
17 65 84 92 -1 21 30 38 39 -1 35 66 91 92 -1 22 25 77 100 -1 7 24 33 56 -1 37 39 80 87 -1 -2
20 33 39 88 -1 16 58 64 77 -1 28 47 89 92 -1 14 26 32 45 -1 62 69 76 79 -1 -2
19 54 56 94 -1 21 38 44 68 -1 4 32 46 62 -1 62 74 79 97 -1 -2
2 21 35 88 -1 7 25 56 97 -1 31 46 61 67 -1 4 5 69 89 -1 6 7 38 46 -1 14 81 84 88 -1 -2
50 51 71 82 -1 29 31 68 98 -1 22 38 46 88 -1 6 47 51 92 -1 8 45 81 85 -1 46 51 55 58 -1 48 54 68 98 -1 35 48 59 86 -1 -2
1 19 36 80 -1 23 40 53 91 -1 6 19 65 93 -1 54 66 81 91 -1 3 33 44 63 -1 14 20 29 33 -1 -2
20 67 81 87 -1 13 18 79 82 -1 11 21 49 77 -1 23 55 59 72 -1 16 24 90 94 -1 -2
56 68 78 100 -1 5 48 75 96 -1 35 45 54 68 -1 35 68 74 99 -1 33 53 66 99 -1 5 39 54 81 -1 14 35 53 72 -1 -2
4 21 37 78 -1 9 16 17 41 -1 13 36 61 94 -1 16 22 36 84 -1 11 31 33 39 -1 4 43 49 88 -1 -2
50 54 63 93 -1 3 10 44 73 -1 18 87 94 97 -1 3 24 49 83 -1 20 63 84 99 -1 -2
5 46 80 87 -1 27 30 81 94 -1 7 10 58 82 -1 15 62 68 79 -1 13 52 73 87 -1 5 52 59 73 -1 48 52 56 91 -1 -2
1 27 34 60 -1 27 42 45 55 -1 5 24 65 74 -1 -2
32 33 55 85 -1 41 51 54 97 -1 12 53 56 94 -1 55 73 89 97 -1 29 31 60 77 -1 22 65 72 73 -1 22 30 32 65 -1 14 97 99 100 -1 -2
25 31 42 92 -1 14 78 85 98 -1 -2
26 66 71 89 -1 47 50 70 74 -1 30 74 83 85 -1 -2
5 33 36 79 -1 32 42 52 53 -1 -2
27 32 92 96 -1 12 15 33 38 -1 -2
11 56 72 81 -1 33 77 80 92 -1 -2
22 31 52 89 -1 69 70 80 88 -1 48 52 66 71 -1 24 48 67 78 -1 16 24 62 67 -1 64 72 73 75 -1 -2
2 22 50 85 -1 30 55 67 74 -1 8 69 82 94 -1 12 51 56 64 -1 6 14 79 83 -1 -2
10 28 48 57 -1 19 25 46 88 -1 76 79 97 98 -1 15 31 34 64 -1 2 60 72 73 -1 8 37 39 57 -1 -2
25 54 59 63 -1 9 10 25 91 -1 4 10 45 100 -1 2 30 31 84 -1 28 58 82 88 -1 -2
27 68 75 91 -1 31 71 75 95 -1 7 15 54 74 -1 15 33 61 76 -1 56 59 78 97 -1 33 34 40 44 -1 26 75 92 96 -1 -2
14 45 52 65 -1 29 62 87 93 -1 9 33 45 98 -1 37 45 81 100 -1 37 63 76 93 -1 22 25 35 75 -1 35 46 50 79 -1 1 40 81 96 -1 -2
9 37 67 94 -1 18 24 64 79 -1 27 40 71 85 -1 31 45 47 62 -1 31 36 59 87 -1 8 20 40 45 -1 -2
21 83 85 95 -1 2 29 39 91 -1 6 16 22 43 -1 40 43 48 74 -1 58 61 96 98 -1 -2
12 24 27 50 -1 -2
10 13 27 60 -1 1 21 76 96 -1 8 11 47 53 -1 -2
8 25 61 74 -1 22 60 69 81 -1 21 30 89 91 -1 9 22 26 60 -1 23 42 56 71 -1 52 65 70 83 -1 23 64 71 83 -1 68 69 80 100 -1 -2
9 45 50 84 -1 1 22 78 93 -1 3 66 73 92 -1 13 31 45 90 -1 9 34 52 82 -1 40 44 50 80 -1 -2
29 46 65 91 -1 -2
29 74 76 91 -1 17 25 47 86 -1 18 31 32 58 -1 2 25 35 66 -1 19 53 72 75 -1 -2
38 44 51 62 -1 31 86 90 93 -1 2 44 53 84 -1 40 53 77 98 -1 26 28 42 47 -1 -2
11 34 67 99 -1 44 53 98 99 -1 33 34 38 55 -1 16 41 58 95 -1 30 40 50 90 -1 1 64 71 85 -1 17 18 19 77 -1 -2
14 24 67 87 -1 17 47 79 91 -1 35 49 85 93 -1 18 78 79 93 -1 10 13 81 97 -1 31 36 47 81 -1 9 27 60 67 -1 -2
7 27 33 35 -1 -2
23 49 74 98 -1 19 47 61 93 -1 -2
9 55 58 84 -1 11 19 51 60 -1 43 69 91 96 -1 6 26 44 83 -1 16 19 52 70 -1 4 21 48 95 -1 18 19 39 69 -1 20 43 62 78 -1 -2
45 58 59 93 -1 29 68 71 82 -1 51 73 81 83 -1 36 64 81 94 -1 1 16 18 43 -1 52 73 90 99 -1 -2
64 82 94 97 -1 -2
4 6 33 42 -1 18 29 48 85 -1 8 20 41 84 -1 11 50 51 70 -1 41 49 73 77 -1 22 30 69 73 -1 16 66 69 71 -1 1 25 36 40 -1 -2
37 54 69 87 -1 -2
22 46 63 65 -1 -2
13 48 75 76 -1 7 29 39 100 -1 32 35 85 97 -1 11 22 36 82 -1 5 30 61 89 -1 2 7 28 52 -1 -2
16 24 47 50 -1 31 33 90 99 -1 1 3 14 96 -1 3 63 78 86 -1 15 58 64 92 -1 67 75 76 95 -1 -2
3 25 85 98 -1 21 39 51 88 -1 9 30 68 89 -1 16 71 92 100 -1 -2
23 62 66 82 -1 12 14 19 49 -1 10 48 58 81 -1 55 81 84 93 -1 -2
14 26 74 96 -1 52 60 74 84 -1 1 5 46 63 -1 20 48 60 96 -1 21 48 77 95 -1 24 37 78 96 -1 2 10 65 68 -1 -2
26 36 54 76 -1 5 46 48 88 -1 9 25 85 96 -1 43 76 87 96 -1 -2
26 71 73 85 -1 1 37 46 70 -1 3 24 33 94 -1 24 46 71 91 -1 20 63 84 93 -1 13 37 73 98 -1 4 11 78 83 -1 -2
12 53 58 95 -1 5 63 64 91 -1 9 34 82 84 -1 30 32 57 78 -1 8 15 36 84 -1 -2
1 3 78 86 -1 26 41 64 82 -1 13 40 63 75 -1 49 74 78 89 -1 36 82 86 95 -1 2 11 25 36 -1 1 21 75 82 -1 26 38 56 66 -1 -2
18 35 80 96 -1 16 30 43 44 -1 19 62 64 93 -1 20 24 30 88 -1 12 15 53 65 -1 -2
32 64 68 85 -1 12 16 90 96 -1 -2
21 25 60 74 -1 59 73 78 98 -1 37 40 69 75 -1 62 73 76 82 -1 13 36 95 100 -1 1 54 57 85 -1 9 22 57 85 -1 1 9 61 83 -1 -2
49 74 89 99 -1 35 70 87 92 -1 8 30 44 94 -1 25 59 63 87 -1 3 28 57 66 -1 6 34 70 79 -1 27 63 70 100 -1 4 6 30 100 -1 -2
38 56 60 69 -1 14 25 61 85 -1 37 62 97 98 -1 25 27 66 93 -1 12 20 67 82 -1 43 60 98 99 -1 4 24 63 86 -1 -2
27 56 81 97 -1 49 86 91 93 -1 16 37 71 75 -1 -2
6 75 88 91 -1 35 59 87 99 -1 -2
3 40 45 59 -1 13 70 83 88 -1 33 44 69 82 -1 8 25 77 100 -1 3 6 27 96 -1 -2
4 9 11 77 -1 40 45 64 84 -1 26 44 57 85 -1 42 66 74 90 -1 70 79 90 97 -1 30 45 63 98 -1 -2
4 23 50 80 -1 16 21 54 88 -1 -2
11 47 61 69 -1 18 27 57 68 -1 25 64 71 92 -1 -2
14 18 33 46 -1 38 71 76 85 -1 5 6 20 47 -1 32 34 46 74 -1 4 25 48 90 -1 1 3 25 60 -1 -2
70 72 77 83 -1 33 54 72 91 -1 50 65 74 94 -1 1 62 72 86 -1 20 62 64 65 -1 8 32 35 36 -1 35 36 45 62 -1 24 79 90 99 -1 -2
9 25 30 56 -1 20 32 34 43 -1 16 32 33 80 -1 -2
20 25 33 51 -1 31 32 36 72 -1 -2
12 25 51 78 -1 41 49 51 88 -1 31 76 78 81 -1 2 24 37 83 -1 2 28 30 36 -1 31 39 66 68 -1 -2
27 32 33 55 -1 45 61 66 87 -1 49 64 80 95 -1 -2
16 41 46 78 -1 32 84 87 89 -1 24 43 66 95 -1 -2
12 37 98 100 -1 21 43 46 55 -1 10 48 62 72 -1 69 79 94 99 -1 11 46 53 83 -1 7 83 86 91 -1 -2
7 41 54 56 -1 12 47 67 85 -1 -2
17 30 45 64 -1 -2
70 79 81 84 -1 6 20 45 98 -1 48 58 70 77 -1 63 80 96 100 -1 21 32 54 97 -1 -2
1 26 86 96 -1 44 61 84 99 -1 4 45 53 83 -1 5 24 50 90 -1 7 19 60 85 -1 51 66 74 94 -1 30 32 95 97 -1 61 62 66 95 -1 -2
3 39 40 77 -1 31 71 77 88 -1 13 28 62 99 -1 15 72 74 84 -1 10 11 37 71 -1 25 26 37 51 -1 37 45 49 70 -1 53 56 68 97 -1 -2
34 47 51 83 -1 3 38 56 72 -1 5 7 20 31 -1 22 55 63 73 -1 30 33 55 61 -1 27 36 69 70 -1 21 23 58 77 -1 -2
1 19 54 55 -1 48 70 83 93 -1 6 54 98 99 -1 37 56 65 86 -1 -2
1 92 93 98 -1 1 30 40 86 -1 -2
18 19 42 97 -1 24 58 76 80 -1 21 29 61 94 -1 1 7 58 94 -1 31 55 82 86 -1 5 64 67 70 -1 -2
3 20 75 82 -1 27 38 71 82 -1 20 35 55 71 -1 19 32 35 87 -1 20 33 47 69 -1 -2
10 11 69 90 -1 30 59 77 97 -1 21 33 59 80 -1 15 41 55 79 -1 16 20 54 82 -1 7 10 21 99 -1 3 31 46 90 -1 -2
12 14 34 90 -1 3 39 77 86 -1 -2
24 29 40 55 -1 -2
13 33 44 47 -1 14 17 25 83 -1 46 48 49 75 -1 5 23 44 96 -1 4 44 52 68 -1 37 51 61 62 -1 22 38 52 78 -1 34 49 55 87 -1 -2
21 25 48 67 -1 -2
15 22 23 88 -1 -2
40 49 64 86 -1 43 52 61 73 -1 28 34 36 63 -1 66 67 91 96 -1 -2
23 33 72 83 -1 19 28 36 78 -1 4 51 55 89 -1 12 28 32 34 -1 44 51 54 94 -1 35 78 83 91 -1 -2
7 76 77 80 -1 56 65 69 99 -1 3 34 49 95 -1 11 13 62 63 -1 -2
32 50 67 83 -1 42 70 77 94 -1 2 46 82 88 -1 35 58 60 79 -1 23 64 84 96 -1 20 26 73 92 -1 2 30 35 84 -1 17 34 54 94 -1 -2
13 65 69 88 -1 13 38 50 89 -1 8 29 63 94 -1 11 14 16 67 -1 17 22 61 100 -1 4 17 60 93 -1 46 51 69 70 -1 40 55 80 82 -1 -2
20 22 33 39 -1 6 25 30 71 -1 17 48 77 95 -1 26 30 71 94 -1 13 26 65 96 -1 -2
21 32 67 81 -1 34 39 63 93 -1 25 30 70 93 -1 10 20 69 87 -1 22 30 84 100 -1 -2
15 48 49 83 -1 44 54 61 85 -1 50 70 83 87 -1 28 33 53 69 -1 31 39 42 76 -1 1 27 45 75 -1 2 22 93 95 -1 -2
8 55 69 94 -1 4 16 19 84 -1 43 52 75 76 -1 42 46 58 86 -1 40 42 70 80 -1 -2
2 11 13 50 -1 10 28 69 72 -1 10 47 93 99 -1 -2
15 29 64 97 -1 20 28 32 36 -1 22 38 80 91 -1 48 57 89 99 -1 20 35 58 72 -1 -2
9 13 64 86 -1 -2
11 46 72 100 -1 -2
10 49 81 93 -1 -2
14 48 73 99 -1 70 75 92 98 -1 16 56 76 98 -1 27 58 71 72 -1 23 61 98 100 -1 50 51 76 87 -1 33 41 71 96 -1 19 30 68 79 -1 -2
7 41 87 98 -1 11 15 54 69 -1 35 37 38 45 -1 45 53 70 97 -1 49 55 75 97 -1 38 49 55 77 -1 55 56 58 88 -1 -2
40 45 51 59 -1 14 25 48 100 -1 -2
33 41 74 91 -1 7 28 29 45 -1 7 12 42 86 -1 3 66 76 87 -1 -2
22 32 42 92 -1 54 58 82 93 -1 6 10 46 95 -1 8 21 23 40 -1 -2
10 12 43 58 -1 12 38 44 96 -1 6 37 56 73 -1 4 17 49 94 -1 9 43 54 87 -1 10 11 36 66 -1 43 53 55 100 -1 13 66 84 94 -1 -2
22 29 53 98 -1 57 66 77 86 -1 30 42 53 56 -1 10 52 58 60 -1 5 8 44 94 -1 36 45 88 97 -1 -2
7 16 48 92 -1 -2
8 16 23 74 -1 45 63 88 97 -1 14 21 56 66 -1 -2
23 60 73 81 -1 5 18 50 92 -1 3 58 63 81 -1 30 48 58 77 -1 -2
4 31 32 70 -1 21 44 80 93 -1 -2
1 21 47 84 -1 34 39 63 96 -1 6 12 45 70 -1 8 31 62 81 -1 -2
11 16 31 94 -1 32 44 53 92 -1 8 12 63 73 -1 30 54 70 71 -1 7 63 88 91 -1 4 20 29 86 -1 27 28 65 76 -1 23 73 79 98 -1 -2
3 23 66 100 -1 33 56 60 78 -1 58 73 78 86 -1 12 13 24 59 -1 14 42 55 76 -1 11 36 57 63 -1 52 54 68 83 -1 -2
4 32 34 73 -1 25 55 62 66 -1 31 67 74 90 -1 18 28 31 99 -1 6 41 62 89 -1 1 14 28 62 -1 -2
21 42 69 90 -1 38 41 70 85 -1 12 14 71 80 -1 19 48 58 78 -1 -2
35 42 78 95 -1 24 37 50 53 -1 -2
16 59 78 79 -1 4 13 40 57 -1 9 69 75 100 -1 1 61 64 89 -1 4 71 89 92 -1 7 9 45 52 -1 37 55 89 98 -1 18 46 48 88 -1 -2
22 42 89 100 -1 3 13 82 86 -1 3 11 13 32 -1 12 36 37 90 -1 29 69 78 97 -1 36 37 46 78 -1 1 31 48 57 -1 17 42 45 74 -1 -2
6 12 28 38 -1 5 18 62 97 -1 -2
13 37 70 89 -1 6 13 56 83 -1 9 12 59 77 -1 48 55 78 93 -1 29 32 71 80 -1 5 56 57 58 -1 15 35 48 67 -1 5 40 44 87 -1 -2
19 28 38 58 -1 23 46 74 83 -1 -2
21 31 36 48 -1 21 25 28 84 -1 7 35 55 93 -1 2 45 58 86 -1 -2
15 24 25 89 -1 6 16 38 60 -1 -2
21 27 37 81 -1 3 33 68 93 -1 19 25 50 88 -1 8 72 77 89 -1 47 72 86 87 -1 1 15 78 93 -1 37 39 51 63 -1 -2
10 59 76 79 -1 14 23 48 70 -1 40 42 52 61 -1 36 49 72 80 -1 45 51 68 76 -1 55 77 87 95 -1 21 28 83 90 -1 4 19 59 83 -1 -2
54 56 64 69 -1 63 76 88 97 -1 -2
9 10 25 78 -1 32 87 96 99 -1 -2
21 42 68 83 -1 26 43 49 60 -1 25 29 45 87 -1 -2
3 58 62 75 -1 18 28 29 34 -1 8 11 44 92 -1 -2
3 24 34 36 -1 6 14 24 60 -1 30 32 60 74 -1 9 70 90 97 -1 21 83 84 90 -1 16 33 44 57 -1 17 19 76 100 -1 19 29 91 96 -1 -2
1 5 19 79 -1 8 14 20 65 -1 14 18 43 65 -1 31 90 95 99 -1 2 12 39 89 -1 25 31 35 45 -1 2 12 97 100 -1 -2
21 47 79 93 -1 4 19 36 96 -1 10 62 76 86 -1 7 34 74 89 -1 12 24 62 95 -1 9 64 68 91 -1 6 39 86 98 -1 -2
14 39 72 86 -1 15 32 64 76 -1 24 33 54 77 -1 37 48 58 61 -1 35 36 69 97 -1 6 28 83 100 -1 4 8 17 23 -1 9 14 47 95 -1 -2
77 78 83 97 -1 6 28 74 89 -1 -2
6 20 72 95 -1 -2
9 38 49 57 -1 34 68 69 84 -1 7 50 75 95 -1 15 31 46 56 -1 4 38 64 65 -1 -2
10 20 39 53 -1 15 24 30 55 -1 26 56 58 97 -1 -2
4 11 55 70 -1 36 40 70 85 -1 -2
21 46 52 70 -1 15 44 49 56 -1 9 14 19 26 -1 29 30 40 43 -1 43 46 63 83 -1 15 37 77 78 -1 15 35 43 85 -1 13 51 57 88 -1 -2
7 17 43 99 -1 6 19 26 42 -1 44 53 90 92 -1 13 60 84 87 -1 3 53 74 87 -1 22 56 86 91 -1 -2
33 61 68 87 -1 70 79 86 96 -1 1 22 27 31 -1 11 16 54 61 -1 39 68 71 80 -1 -2
17 64 67 69 -1 19 47 49 100 -1 27 35 39 88 -1 25 66 88 96 -1 52 62 81 96 -1 37 39 64 83 -1 21 23 38 54 -1 -2
14 23 42 89 -1 36 53 92 97 -1 59 64 86 94 -1 7 61 64 68 -1 10 36 88 98 -1 29 70 73 94 -1 -2
17 76 78 90 -1 -2
36 39 62 90 -1 11 84 91 98 -1 38 44 67 91 -1 46 56 63 76 -1 21 54 72 90 -1 62 73 85 95 -1 56 66 73 95 -1 34 43 48 79 -1 -2
8 20 52 59 -1 2 14 28 49 -1 35 69 75 83 -1 53 58 71 74 -1 41 65 74 78 -1 -2
16 42 56 73 -1 12 22 40 98 -1 23 29 38 58 -1 7 62 78 93 -1 14 32 46 62 -1 20 54 66 67 -1 35 56 67 91 -1 6 17 34 79 -1 -2
5 19 56 88 -1 -2
21 23 42 73 -1 42 43 93 99 -1 2 8 32 79 -1 3 14 18 62 -1 3 5 9 18 -1 70 77 88 95 -1 -2
14 36 41 56 -1 67 81 85 98 -1 6 9 51 68 -1 24 38 85 92 -1 44 47 51 54 -1 7 60 64 82 -1 23 45 57 65 -1 -2
9 39 53 76 -1 10 20 68 87 -1 18 31 45 96 -1 23 33 35 83 -1 2 14 66 88 -1 46 62 72 81 -1 15 20 47 62 -1 -2
37 43 77 83 -1 31 38 56 78 -1 39 56 67 97 -1 9 11 37 77 -1 -2
26 37 72 98 -1 11 13 38 70 -1 13 52 69 82 -1 21 39 53 61 -1 12 17 26 77 -1 5 26 32 76 -1 24 49 84 86 -1 23 33 36 40 -1 -2
2 65 72 83 -1 25 58 79 84 -1 37 45 57 94 -1 18 23 49 67 -1 17 26 73 79 -1 21 34 69 91 -1 5 27 52 93 -1 -2
1 54 79 89 -1 72 85 87 88 -1 2 28 29 68 -1 34 56 91 92 -1 58 64 91 99 -1 18 38 61 80 -1 32 35 43 46 -1 -2
27 51 67 80 -1 20 22 30 76 -1 39 61 68 69 -1 17 29 36 93 -1 -2
11 17 31 67 -1 21 37 68 84 -1 -2
31 64 72 89 -1 -2
54 57 58 80 -1 3 10 76 90 -1 13 18 64 94 -1 1 49 53 87 -1 40 69 82 84 -1 -2
7 17 20 26 -1 2 38 85 100 -1 17 38 57 64 -1 16 27 55 98 -1 30 36 55 86 -1 27 74 76 86 -1 21 41 69 84 -1 5 16 80 90 -1 -2
45 49 74 85 -1 17 19 65 75 -1 13 48 58 98 -1 15 21 28 61 -1 16 21 60 66 -1 -2
8 83 85 92 -1 3 6 44 80 -1 53 66 75 91 -1 -2
28 66 70 78 -1 27 81 90 98 -1 43 48 52 85 -1 63 65 87 96 -1 27 35 52 82 -1 -2
4 9 44 54 -1 18 36 68 87 -1 22 61 66 73 -1 31 40 55 69 -1 3 22 30 85 -1 6 7 54 60 -1 5 39 47 56 -1 10 27 66 84 -1 -2
13 19 61 85 -1 19 24 33 55 -1 48 53 58 86 -1 78 83 88 94 -1 -2
18 19 60 91 -1 6 28 72 86 -1 5 13 20 76 -1 45 47 82 89 -1 5 21 45 97 -1 15 27 73 95 -1 11 15 65 70 -1 24 25 32 62 -1 -2
15 39 66 80 -1 17 32 37 66 -1 3 6 13 54 -1 3 27 38 87 -1 73 77 85 91 -1 -2
17 33 34 68 -1 27 34 71 73 -1 -2
29 35 36 56 -1 8 71 74 88 -1 11 55 73 85 -1 26 41 45 56 -1 51 55 68 92 -1 60 63 79 85 -1 48 51 90 93 -1 29 42 74 75 -1 -2
1 31 52 64 -1 22 46 60 71 -1 11 17 52 90 -1 23 29 68 96 -1 44 69 72 90 -1 -2
27 30 65 98 -1 17 20 85 92 -1 9 13 46 96 -1 39 66 86 88 -1 33 48 81 86 -1 4 10 13 82 -1 24 25 65 90 -1 -2
8 9 48 94 -1 11 19 49 98 -1 15 74 87 96 -1 17 31 66 85 -1 2 16 46 67 -1 23 41 62 76 -1 -2
39 47 77 87 -1 -2
18 40 58 98 -1 23 47 56 57 -1 8 26 50 60 -1 8 25 78 96 -1 25 50 61 91 -1 18 74 80 92 -1 -2
12 15 60 79 -1 10 25 64 98 -1 36 39 54 69 -1 57 83 85 88 -1 28 40 53 89 -1 -2
39 41 67 81 -1 25 66 79 89 -1 29 68 89 94 -1 12 28 44 63 -1 -2
45 72 74 78 -1 22 36 49 94 -1 34 49 81 90 -1 -2
7 38 91 93 -1 16 18 51 59 -1 -2
12 17 26 86 -1 16 36 68 81 -1 21 45 53 90 -1 12 18 27 38 -1 52 58 80 94 -1 48 51 81 82 -1 11 15 79 93 -1 14 52 58 94 -1 -2
22 47 55 75 -1 32 40 85 96 -1 14 76 86 90 -1 15 20 66 96 -1 7 28 51 82 -1 -2
12 15 31 62 -1 25 44 63 92 -1 31 51 62 99 -1 4 37 82 87 -1 20 26 28 94 -1 26 41 55 79 -1 4 19 63 70 -1 43 59 63 79 -1 -2
41 42 48 78 -1 -2
3 17 46 56 -1 5 13 72 78 -1 3 23 76 81 -1 17 33 45 93 -1 36 47 78 99 -1 3 27 31 50 -1 -2
36 44 56 94 -1 7 26 43 81 -1 9 15 83 100 -1 41 79 81 91 -1 34 76 86 89 -1 27 72 92 95 -1 -2
27 31 53 87 -1 12 52 84 94 -1 43 53 76 86 -1 -2
15 18 40 95 -1 19 52 93 95 -1 -2
34 53 66 71 -1 10 20 36 98 -1 16 59 73 91 -1 21 44 87 95 -1 24 37 51 56 -1 61 74 83 96 -1 -2
28 40 55 71 -1 6 59 61 63 -1 64 65 88 99 -1 22 62 75 93 -1 -2
1 19 46 81 -1 2 35 44 85 -1 2 85 86 100 -1 -2
29 68 88 93 -1 15 22 58 94 -1 -2
27 74 86 96 -1 10 54 68 96 -1 -2
36 73 85 91 -1 27 33 86 100 -1 24 34 54 86 -1 22 30 62 63 -1 42 60 71 81 -1 18 39 90 99 -1 -2
5 32 61 75 -1 25 31 47 77 -1 7 27 29 83 -1 39 55 65 77 -1 44 71 76 99 -1 4 10 49 65 -1 15 25 34 38 -1 -2
21 32 36 100 -1 32 59 75 88 -1 14 16 77 89 -1 39 67 83 94 -1 13 57 69 93 -1 -2
28 64 82 89 -1 2 4 21 48 -1 -2
20 27 31 66 -1 27 45 50 60 -1 3 10 74 95 -1 6 48 49 83 -1 34 49 65 100 -1 17 23 30 72 -1 -2
22 55 64 86 -1 28 36 61 85 -1 16 58 90 98 -1 8 52 64 91 -1 9 57 85 99 -1 -2
6 23 32 52 -1 34 45 70 85 -1 9 31 79 83 -1 -2
43 44 58 63 -1 22 46 56 68 -1 67 82 91 93 -1 28 32 50 92 -1 8 20 26 77 -1 29 37 63 83 -1 -2
7 19 30 76 -1 26 43 63 68 -1 4 18 65 73 -1 -2
23 64 94 97 -1 -2
7 49 52 84 -1 13 34 35 63 -1 -2
64 83 85 92 -1 1 10 69 72 -1 -2
11 38 62 71 -1 -2
47 87 89 97 -1 3 47 48 83 -1 27 35 40 94 -1 25 54 81 89 -1 9 43 55 84 -1 22 38 53 82 -1 27 60 71 78 -1 -2
14 20 39 71 -1 10 59 82 100 -1 16 46 47 48 -1 10 26 45 50 -1 14 61 68 97 -1 29 49 80 95 -1 2 13 46 80 -1 23 46 47 66 -1 -2
2 55 59 99 -1 -2
17 26 71 95 -1 -2
52 66 67 69 -1 5 14 45 57 -1 14 83 89 90 -1 1 18 74 79 -1 -2
43 67 81 86 -1 48 50 75 96 -1 46 47 54 90 -1 63 80 81 100 -1 13 21 31 86 -1 18 35 47 51 -1 -2
54 68 87 92 -1 2 12 48 82 -1 33 68 76 82 -1 4 23 49 67 -1 -2
39 55 95 98 -1 4 28 30 52 -1 51 71 74 97 -1 37 39 77 100 -1 5 11 22 89 -1 -2
17 32 59 81 -1 25 62 64 71 -1 9 82 85 99 -1 -2
3 22 24 45 -1 10 16 57 63 -1 30 60 82 97 -1 71 73 84 95 -1 -2
37 56 64 98 -1 16 34 47 86 -1 9 56 94 96 -1 15 35 49 67 -1 5 36 87 93 -1 26 41 90 95 -1 -2
3 51 55 56 -1 21 41 71 73 -1 35 53 81 94 -1 10 11 18 45 -1 7 22 23 84 -1 2 18 50 69 -1 21 39 55 73 -1 -2
6 38 61 68 -1 -2
15 19 54 93 -1 30 39 69 70 -1 27 69 71 98 -1 16 42 79 88 -1 37 43 60 89 -1 2 77 83 90 -1 -2
25 38 40 45 -1 6 26 40 57 -1 8 34 50 97 -1 22 36 64 69 -1 11 14 71 97 -1 -2
13 23 61 68 -1 46 60 76 87 -1 6 25 79 90 -1 15 52 74 98 -1 64 80 93 97 -1 75 79 85 90 -1 48 63 90 98 -1 17 27 37 60 -1 -2
18 47 52 100 -1 58 65 90 100 -1 10 70 75 84 -1 9 42 51 98 -1 16 37 51 94 -1 10 12 62 76 -1 2 4 63 85 -1 -2
24 45 46 87 -1 -2
30 32 48 89 -1 5 68 75 79 -1 17 49 66 83 -1 5 33 66 67 -1 26 60 75 98 -1 -2
26 73 81 97 -1 9 27 73 94 -1 2 54 80 90 -1 11 27 35 86 -1 14 44 57 62 -1 22 23 89 90 -1 -2
5 25 34 94 -1 3 45 57 72 -1 7 69 72 74 -1 5 49 53 83 -1 5 69 77 86 -1 9 15 34 58 -1 34 42 58 99 -1 -2
10 38 71 89 -1 -2
27 41 59 91 -1 19 45 78 99 -1 27 28 49 82 -1 -2
20 34 49 51 -1 58 65 67 77 -1 20 38 67 70 -1 49 62 67 74 -1 5 46 52 63 -1 -2
25 27 98 100 -1 17 23 51 74 -1 42 48 94 97 -1 3 24 53 78 -1 11 40 55 60 -1 19 37 65 100 -1 -2
50 59 77 94 -1 36 40 64 78 -1 3 26 62 63 -1 19 35 38 62 -1 4 17 51 88 -1 61 70 71 90 -1 62 80 93 96 -1 -2
7 10 74 76 -1 8 9 29 84 -1 6 19 63 92 -1 23 34 40 82 -1 -2
13 19 20 93 -1 1 13 22 49 -1 14 41 42 44 -1 2 58 65 91 -1 -2
5 27 29 76 -1 11 13 16 83 -1 2 20 32 68 -1 5 47 62 87 -1 40 58 87 88 -1 29 42 43 51 -1 66 75 90 98 -1 -2
30 37 84 88 -1 -2
16 33 72 85 -1 32 55 79 91 -1 -2
40 44 56 62 -1 -2
55 81 85 98 -1 -2
1 61 92 93 -1 23 59 91 92 -1 19 25 88 100 -1 14 24 30 85 -1 42 60 73 83 -1 6 37 43 83 -1 3 31 34 94 -1 31 75 87 94 -1 -2
12 27 30 68 -1 44 49 51 97 -1 1 3 13 26 -1 -2
14 50 53 80 -1 3 7 22 69 -1 -2
16 32 71 93 -1 5 66 82 97 -1 33 45 67 82 -1 8 25 37 44 -1 23 44 68 87 -1 4 46 72 99 -1 -2
14 45 53 72 -1 13 36 63 88 -1 8 75 84 88 -1 11 48 78 92 -1 4 21 25 71 -1 -2
28 65 75 95 -1 8 9 50 76 -1 8 21 35 53 -1 7 39 86 95 -1 12 61 81 97 -1 -2
32 43 95 98 -1 -2
27 54 92 97 -1 2 26 33 87 -1 42 53 61 86 -1 21 61 86 100 -1 3 15 85 98 -1 35 42 58 91 -1 -2
21 23 77 93 -1 44 50 78 93 -1 13 43 49 67 -1 3 34 61 97 -1 51 52 55 65 -1 12 46 47 93 -1 15 23 57 82 -1 -2
13 42 79 94 -1 40 66 69 71 -1 10 28 68 75 -1 -2
16 28 61 99 -1 13 32 59 65 -1 -2
24 29 56 85 -1 2 23 37 49 -1 -2
21 34 68 74 -1 20 52 73 95 -1 10 67 79 81 -1 18 36 59 87 -1 -2
7 36 39 52 -1 1 24 27 28 -1 29 47 57 81 -1 7 58 81 93 -1 50 67 68 81 -1 4 46 73 76 -1 -2
4 24 62 83 -1 24 35 56 57 -1 8 12 29 62 -1 -2
7 44 50 62 -1 19 80 85 95 -1 23 53 79 88 -1 -2
37 39 45 84 -1 1 25 74 88 -1 -2
22 24 71 75 -1 2 35 56 62 -1 19 63 78 81 -1 5 11 31 52 -1 -2
42 69 78 89 -1 -2
28 39 42 55 -1 42 73 79 96 -1 13 14 53 68 -1 44 47 65 82 -1 13 32 56 98 -1 5 21 48 81 -1 11 21 89 98 -1 12 28 50 90 -1 -2
40 59 68 92 -1 13 43 55 96 -1 24 25 27 55 -1 33 37 59 84 -1 44 58 64 66 -1 25 29 74 92 -1 30 37 44 81 -1 -2
14 32 92 95 -1 20 76 84 95 -1 19 70 72 73 -1 4 26 34 87 -1 -2
6 7 79 100 -1 17 33 39 95 -1 39 50 72 92 -1 12 20 21 98 -1 -2
23 38 52 58 -1 6 33 50 94 -1 18 35 39 98 -1 7 24 33 51 -1 -2
27 72 77 84 -1 1 30 70 93 -1 22 73 85 97 -1 37 86 97 100 -1 45 57 63 69 -1 21 33 56 84 -1 -2
17 31 47 71 -1 29 49 70 94 -1 2 16 35 99 -1 17 55 64 96 -1 91 92 93 94 -1 8 18 60 66 -1 15 35 92 93 -1 11 20 21 62 -1 -2
2 66 73 94 -1 31 35 72 80 -1 4 35 49 76 -1 45 55 71 85 -1 27 56 68 93 -1 -2
4 37 67 98 -1 5 6 47 49 -1 37 54 59 99 -1 14 29 71 78 -1 31 55 77 99 -1 38 91 96 98 -1 8 40 58 93 -1 12 25 52 87 -1 -2
1 21 65 85 -1 -2
13 39 80 99 -1 7 29 57 77 -1 11 39 80 85 -1 7 78 80 95 -1 35 56 58 78 -1 21 27 73 94 -1 24 44 78 79 -1 -2
17 55 68 92 -1 16 17 38 99 -1 22 23 24 44 -1 31 34 38 77 -1 35 40 74 77 -1 33 53 76 92 -1 48 59 66 67 -1 -2
2 18 38 61 -1 53 54 76 78 -1 25 47 73 84 -1 19 34 59 85 -1 65 67 83 99 -1 61 71 81 82 -1 23 69 91 98 -1 13 53 61 88 -1 -2
18 51 77 89 -1 51 54 64 73 -1 15 58 62 83 -1 11 69 73 95 -1 29 47 94 99 -1 10 41 46 71 -1 44 45 72 92 -1 -2
9 12 54 97 -1 -2
9 44 61 91 -1 26 61 72 73 -1 3 11 72 76 -1 -2
9 29 82 89 -1 9 20 31 71 -1 16 42 46 55 -1 13 35 65 75 -1 -2
11 40 55 65 -1 55 63 90 97 -1 2 5 33 66 -1 1 10 38 88 -1 -2
11 51 60 96 -1 12 46 51 54 -1 21 47 57 99 -1 19 35 72 88 -1 6 33 46 63 -1 37 44 60 82 -1 -2
13 54 85 89 -1 6 35 91 99 -1 40 45 72 95 -1 14 34 87 89 -1 45 56 82 100 -1 3 5 25 52 -1 -2
24 25 51 76 -1 -2
36 84 98 100 -1 6 7 77 78 -1 21 64 76 91 -1 29 40 64 70 -1 -2
19 40 59 80 -1 10 33 35 74 -1 15 28 86 97 -1 21 28 87 96 -1 -2
31 42 45 60 -1 59 60 81 89 -1 5 7 16 34 -1 10 13 62 84 -1 -2
6 31 49 83 -1 52 56 86 99 -1 -2
9 42 53 66 -1 12 17 55 99 -1 1 35 58 74 -1 27 51 64 72 -1 5 33 83 89 -1 -2
6 14 29 49 -1 -2
31 53 80 81 -1 11 14 66 85 -1 -2
1 15 80 94 -1 -2
11 36 85 94 -1 1 14 63 84 -1 -2
2 5 39 64 -1 25 44 57 79 -1 49 62 82 97 -1 8 12 45 50 -1 -2
20 23 70 79 -1 -2
54 66 98 100 -1 25 31 38 58 -1 8 10 30 75 -1 -2
28 29 41 82 -1 8 20 28 30 -1 -2
38 84 86 89 -1 2 11 74 86 -1 1 16 52 54 -1 4 57 87 94 -1 13 14 35 65 -1 43 74 82 84 -1 -2
2 33 41 74 -1 -2
1 37 45 54 -1 10 42 60 78 -1 27 56 57 93 -1 -2
22 82 91 100 -1 6 51 79 98 -1 6 20 50 94 -1 -2
49 50 63 82 -1 32 53 72 84 -1 1 55 73 86 -1 15 23 66 82 -1 -2
3 57 79 98 -1 17 19 25 58 -1 1 22 56 89 -1 5 11 39 88 -1 10 59 64 72 -1 31 36 52 70 -1 1 18 26 81 -1 -2
35 39 43 75 -1 24 30 33 69 -1 31 82 97 99 -1 6 27 34 78 -1 16 59 60 66 -1 11 50 74 97 -1 -2
17 35 38 44 -1 -2
24 49 74 80 -1 25 40 65 89 -1 9 19 21 24 -1 -2
13 21 54 99 -1 3 20 31 74 -1 -2
18 29 49 92 -1 2 12 51 59 -1 42 55 82 97 -1 9 56 62 80 -1 1 37 60 96 -1 8 19 58 96 -1 19 23 30 45 -1 39 53 83 94 -1 -2
24 44 74 95 -1 7 34 59 76 -1 25 42 92 93 -1 3 14 77 93 -1 -2
6 29 72 91 -1 31 51 65 78 -1 58 64 75 94 -1 7 39 43 62 -1 1 2 52 87 -1 27 55 66 79 -1 30 43 71 92 -1 -2
41 80 93 100 -1 14 18 51 91 -1 12 14 44 46 -1 -2
24 36 49 97 -1 5 16 17 54 -1 -2
8 24 82 100 -1 21 56 81 86 -1 20 45 62 98 -1 27 43 55 72 -1 2 14 21 88 -1 12 30 95 100 -1 6 83 85 89 -1 -2
1 50 56 65 -1 -2
6 31 37 76 -1 20 38 65 89 -1 -2
8 32 40 97 -1 4 8 11 65 -1 -2
2 11 78 96 -1 6 13 65 97 -1 45 69 85 90 -1 19 24 50 56 -1 19 36 53 58 -1 1 22 23 86 -1 21 61 63 64 -1 -2
32 49 60 92 -1 40 44 62 68 -1 16 50 75 81 -1 42 47 80 84 -1 38 55 86 97 -1 7 25 41 99 -1 16 19 53 60 -1 -2
21 28 36 95 -1 8 42 60 91 -1 31 44 61 78 -1 12 53 81 97 -1 18 76 81 99 -1 7 21 54 59 -1 45 55 89 91 -1 -2
37 60 70 85 -1 1 37 68 78 -1 12 13 44 85 -1 6 11 73 78 -1 5 42 47 84 -1 -2
59 69 86 94 -1 45 66 68 93 -1 42 81 96 100 -1 11 21 76 92 -1 -2
42 46 49 59 -1 9 48 55 97 -1 8 34 43 67 -1 24 58 72 91 -1 42 50 54 79 -1 5 10 32 93 -1 42 44 46 53 -1 -2
36 78 97 99 -1 6 53 98 99 -1 42 66 71 84 -1 23 53 64 80 -1 25 62 67 74 -1 -2
20 23 37 45 -1 23 36 49 65 -1 26 64 92 93 -1 33 36 39 79 -1 26 45 95 99 -1 8 11 22 51 -1 -2
5 75 84 97 -1 66 67 70 95 -1 23 53 69 78 -1 57 75 86 92 -1 8 11 21 83 -1 -2
24 64 71 92 -1 13 32 70 87 -1 11 40 51 93 -1 28 56 63 79 -1 25 31 41 83 -1 11 23 30 74 -1 25 44 57 87 -1 10 31 51 70 -1 -2
5 7 68 76 -1 -2
1 17 48 76 -1 20 72 75 77 -1 35 49 65 88 -1 36 40 56 94 -1 6 22 75 89 -1 40 46 50 63 -1 18 77 89 91 -1 16 69 76 78 -1 -2
18 73 87 91 -1 -2
20 37 75 95 -1 25 32 43 66 -1 27 55 76 87 -1 5 66 86 87 -1 58 80 92 97 -1 10 29 59 91 -1 4 19 46 96 -1 14 29 58 69 -1 -2
40 49 69 75 -1 -2
23 38 71 82 -1 -2
22 38 56 61 -1 2 51 82 88 -1 10 15 33 44 -1 -2
27 50 53 83 -1 16 17 50 70 -1 10 88 90 96 -1 46 60 81 86 -1 12 20 27 46 -1 27 37 44 48 -1 38 69 79 100 -1 35 40 53 67 -1 -2
1 17 64 85 -1 -2
7 72 84 95 -1 21 57 71 95 -1 4 42 50 63 -1 26 28 44 59 -1 8 17 25 45 -1 2 42 61 99 -1 -2
48 49 68 77 -1 -2
10 50 88 95 -1 27 73 77 98 -1 -2
12 53 59 95 -1 1 32 76 90 -1 -2
31 55 66 95 -1 24 40 46 60 -1 45 74 84 90 -1 3 8 76 77 -1 18 55 61 82 -1 31 71 73 87 -1 -2
25 27 57 59 -1 -2
3 37 50 74 -1 24 41 44 53 -1 9 20 47 58 -1 31 33 43 52 -1 -2
61 81 82 89 -1 -2
42 57 61 75 -1 58 67 86 92 -1 15 34 49 92 -1 9 67 74 95 -1 10 31 66 97 -1 -2
10 49 82 90 -1 27 31 55 72 -1 41 56 67 91 -1 11 16 32 81 -1 -2
4 12 48 51 -1 25 68 86 87 -1 6 24 31 93 -1 4 17 21 98 -1 20 61 83 100 -1 12 19 84 94 -1 35 53 55 83 -1 -2
48 73 91 94 -1 2 3 32 72 -1 -2
8 41 57 92 -1 4 30 61 87 -1 28 45 51 76 -1 8 33 37 69 -1 17 39 65 78 -1 2 8 34 80 -1 6 24 39 62 -1 -2
9 52 61 87 -1 2 48 66 67 -1 1 69 71 80 -1 9 14 67 90 -1 2 31 46 58 -1 6 35 89 99 -1 -2
25 61 74 87 -1 17 38 89 100 -1 -2
6 10 17 78 -1 31 57 70 100 -1 15 17 37 71 -1 -2
7 44 75 89 -1 13 41 67 88 -1 6 16 33 62 -1 29 52 80 85 -1 17 37 63 99 -1 20 41 51 57 -1 20 39 63 71 -1 28 72 84 86 -1 -2
9 10 34 56 -1 2 40 56 66 -1 -2
15 56 86 88 -1 9 10 28 62 -1 -2
56 68 76 91 -1 3 33 52 97 -1 52 66 72 74 -1 51 53 62 95 -1 73 80 82 100 -1 3 8 14 25 -1 19 25 38 78 -1 -2
10 63 89 91 -1 -2
46 57 69 85 -1 29 35 60 65 -1 6 15 22 93 -1 -2
19 45 61 89 -1 -2
12 20 77 91 -1 -2
15 18 36 51 -1 5 50 73 77 -1 8 17 37 99 -1 18 41 74 91 -1 1 23 37 71 -1 45 80 87 93 -1 15 30 57 75 -1 -2
35 55 66 94 -1 14 33 71 88 -1 -2
6 29 96 98 -1 6 48 59 83 -1 -2
53 68 75 93 -1 16 72 94 98 -1 24 37 50 86 -1 -2
60 64 68 98 -1 45 46 85 100 -1 7 40 77 81 -1 15 67 71 74 -1 23 36 44 64 -1 1 30 57 60 -1 20 56 60 100 -1 -2
19 52 53 61 -1 -2
34 58 74 90 -1 21 38 47 79 -1 12 33 88 97 -1 3 8 90 98 -1 24 34 72 75 -1 -2
5 33 34 94 -1 1 8 60 70 -1 58 78 79 81 -1 38 55 59 95 -1 6 37 44 61 -1 46 59 83 100 -1 17 30 53 68 -1 -2
26 51 60 85 -1 12 55 61 73 -1 12 18 31 90 -1 39 52 54 93 -1 11 83 84 88 -1 9 60 80 85 -1 -2
17 23 33 88 -1 8 49 75 85 -1 55 72 74 99 -1 -2
12 14 61 93 -1 50 77 86 91 -1 11 40 81 93 -1 40 62 68 92 -1 16 20 56 93 -1 13 38 41 60 -1 36 37 49 55 -1 -2
48 54 63 67 -1 8 17 31 49 -1 15 16 53 75 -1 2 11 27 45 -1 12 39 72 90 -1 13 22 90 91 -1 -2
33 52 61 63 -1 14 56 66 97 -1 -2
31 57 87 95 -1 1 65 67 99 -1 17 27 38 64 -1 7 15 44 48 -1 31 38 68 74 -1 54 62 82 87 -1 29 67 73 74 -1 1 29 81 95 -1 -2
25 37 55 91 -1 6 43 73 78 -1 66 67 87 95 -1 8 26 31 64 -1 13 14 45 72 -1 1 10 55 58 -1 21 53 82 99 -1 18 51 69 74 -1 -2
10 19 28 84 -1 39 55 72 92 -1 13 26 36 71 -1 47 69 81 91 -1 6 28 72 94 -1 3 12 13 95 -1 -2
25 43 52 67 -1 7 44 56 90 -1 8 32 39 51 -1 -2
50 77 82 91 -1 3 38 39 44 -1 14 34 36 40 -1 19 52 74 80 -1 33 53 70 72 -1 69 70 72 77 -1 7 12 19 63 -1 1 19 49 57 -1 -2
18 49 55 57 -1 20 42 51 95 -1 65 85 87 98 -1 -2
8 41 57 92 -1 11 20 22 64 -1 -2
33 52 65 87 -1 62 78 85 96 -1 43 76 93 94 -1 13 69 80 98 -1 1 3 40 69 -1 59 76 83 99 -1 -2
59 73 85 99 -1 1 16 30 83 -1 20 31 56 87 -1 53 54 60 94 -1 16 42 43 93 -1 24 28 66 77 -1 12 24 29 89 -1 -2
47 69 75 89 -1 7 32 49 82 -1 4 5 72 94 -1 25 56 83 87 -1 31 37 58 79 -1 13 20 38 75 -1 35 37 54 67 -1 2 33 35 39 -1 -2
24 28 88 100 -1 35 48 80 89 -1 6 37 75 95 -1 7 22 60 65 -1 18 31 41 59 -1 5 23 51 80 -1 -2
13 47 83 89 -1 -2
55 72 84 95 -1 10 55 76 83 -1 50 51 63 79 -1 16 41 44 74 -1 68 72 78 98 -1 5 53 55 67 -1 30 34 36 100 -1 -2
40 55 89 99 -1 -2
8 35 47 59 -1 -2
16 37 68 96 -1 19 51 83 85 -1 55 58 69 88 -1 10 22 53 98 -1 61 66 72 98 -1 29 31 54 63 -1 16 44 72 90 -1 76 91 92 96 -1 -2
8 15 43 63 -1 8 26 39 98 -1 15 31 39 65 -1 21 33 51 59 -1 -2
15 20 42 58 -1 35 57 74 94 -1 13 38 55 57 -1 62 64 65 94 -1 19 59 75 92 -1 43 83 84 88 -1 20 39 78 97 -1 14 19 38 75 -1 -2
32 43 65 78 -1 8 30 42 64 -1 31 34 83 100 -1 -2
20 21 75 85 -1 1 20 70 90 -1 6 46 54 81 -1 13 25 59 77 -1 -2
26 41 77 99 -1 7 9 17 77 -1 74 85 89 98 -1 -2
11 19 49 72 -1 4 26 90 96 -1 6 39 73 81 -1 -2
4 25 60 76 -1 6 7 49 72 -1 14 45 54 61 -1 17 25 48 61 -1 23 34 61 86 -1 16 19 37 50 -1 -2
5 51 54 96 -1 16 30 32 92 -1 6 14 74 93 -1 16 31 51 92 -1 -2
13 28 43 57 -1 47 74 78 93 -1 2 4 46 80 -1 11 34 84 88 -1 12 22 31 67 -1 -2
10 23 24 98 -1 19 33 45 98 -1 56 60 91 96 -1 -2
11 22 42 45 -1 3 5 66 82 -1 5 35 41 56 -1 5 29 39 75 -1 1 61 62 95 -1 6 46 63 85 -1 44 54 56 91 -1 3 4 60 89 -1 -2
5 25 55 91 -1 -2
9 11 28 69 -1 2 49 81 93 -1 10 47 77 85 -1 10 14 19 24 -1 -2
5 57 71 72 -1 9 34 49 56 -1 40 46 48 81 -1 17 36 66 69 -1 -2
18 22 29 70 -1 12 46 63 71 -1 38 40 61 65 -1 6 25 31 89 -1 20 28 44 74 -1 44 56 81 97 -1 19 21 25 64 -1 4 9 79 88 -1 -2
9 46 74 91 -1 70 72 73 86 -1 12 34 80 100 -1 24 44 58 87 -1 13 18 60 65 -1 40 56 65 98 -1 11 22 26 65 -1 15 16 46 69 -1 -2
22 63 76 77 -1 7 38 51 82 -1 24 35 96 100 -1 50 61 65 82 -1 5 38 47 54 -1 24 28 63 87 -1 32 46 62 74 -1 -2
10 11 15 69 -1 17 77 83 89 -1 -2
26 55 57 95 -1 2 21 24 47 -1 4 15 46 64 -1 40 68 86 89 -1 -2
28 49 85 87 -1 -2
46 69 76 80 -1 1 17 82 83 -1 5 13 40 76 -1 5 44 45 51 -1 44 49 74 97 -1 5 55 64 94 -1 22 37 43 59 -1 -2
7 8 21 60 -1 17 50 83 84 -1 3 45 52 81 -1 50 78 88 98 -1 3 4 71 74 -1 46 48 62 64 -1 3 18 53 81 -1 -2
3 24 49 63 -1 8 81 85 87 -1 23 63 65 69 -1 7 41 45 63 -1 21 61 74 77 -1 9 50 73 81 -1 -2
7 74 80 96 -1 -2
2 23 82 91 -1 -2
8 16 36 92 -1 40 45 52 67 -1 3 26 27 53 -1 50 58 68 81 -1 31 44 84 96 -1 9 61 66 99 -1 5 12 30 53 -1 5 52 62 82 -1 -2
4 7 10 52 -1 12 35 89 90 -1 -2
37 42 45 77 -1 18 34 37 63 -1 22 23 53 61 -1 -2
8 50 74 82 -1 32 43 52 100 -1 35 79 80 99 -1 25 71 76 93 -1 2 15 54 62 -1 29 31 50 75 -1 6 31 55 82 -1 41 59 86 90 -1 -2
35 61 82 96 -1 7 16 37 67 -1 41 58 59 97 -1 45 64 76 90 -1 4 9 16 90 -1 52 60 66 71 -1 -2
51 58 67 86 -1 12 58 66 75 -1 1 17 20 45 -1 56 63 67 99 -1 17 43 61 77 -1 2 48 82 84 -1 3 15 16 81 -1 -2
11 13 22 37 -1 10 27 66 100 -1 23 54 77 99 -1 10 37 59 74 -1 14 22 25 73 -1 -2
32 35 38 87 -1 8 20 73 99 -1 15 33 78 93 -1 34 58 86 91 -1 47 58 76 79 -1 -2
9 64 66 82 -1 -2
17 23 39 44 -1 15 47 63 84 -1 -2
86 92 97 98 -1 1 2 62 99 -1 46 51 52 91 -1 14 16 68 80 -1 53 67 78 95 -1 16 56 79 89 -1 -2
67 75 84 91 -1 -2
6 14 26 65 -1 47 50 55 60 -1 30 51 69 89 -1 25 34 47 99 -1 -2
41 49 57 59 -1 10 22 79 97 -1 11 21 30 41 -1 4 13 62 73 -1 -2
14 71 81 90 -1 42 43 61 85 -1 21 31 36 60 -1 13 24 53 65 -1 43 51 78 100 -1 -2
13 24 31 62 -1 13 26 94 95 -1 21 24 59 99 -1 5 21 66 92 -1 -2
11 40 44 79 -1 73 77 78 82 -1 7 15 28 53 -1 41 77 92 96 -1 5 49 90 92 -1 13 62 69 88 -1 16 33 54 76 -1 11 38 45 54 -1 -2
4 12 59 66 -1 42 46 64 86 -1 22 39 54 56 -1 10 37 38 79 -1 -2
29 41 47 87 -1 19 28 29 79 -1 3 23 44 65 -1 14 19 41 67 -1 -2
11 27 49 58 -1 35 39 86 90 -1 23 51 73 75 -1 17 61 75 94 -1 20 35 38 93 -1 -2
24 83 89 94 -1 62 72 74 79 -1 4 26 49 86 -1 6 37 41 47 -1 2 29 30 58 -1 35 70 79 84 -1 -2
40 51 74 81 -1 39 52 86 99 -1 -2
13 80 81 94 -1 22 38 53 66 -1 21 73 76 89 -1 15 47 62 86 -1 10 11 29 79 -1 -2
10 59 66 75 -1 18 49 86 100 -1 36 38 62 86 -1 21 62 73 83 -1 6 16 20 51 -1 19 44 52 59 -1 25 56 72 100 -1 -2
30 36 51 79 -1 -2
9 32 81 91 -1 16 18 59 87 -1 -2
63 73 82 88 -1 -2
11 33 47 91 -1 36 40 73 80 -1 2 41 77 78 -1 48 60 82 84 -1 20 25 35 51 -1 47 66 71 84 -1 -2
13 28 35 86 -1 -2
22 27 47 68 -1 -2
2 46 73 74 -1 14 56 60 95 -1 34 84 89 92 -1 3 31 37 89 -1 23 28 31 81 -1 22 39 59 61 -1 15 23 73 97 -1 -2
21 58 75 100 -1 27 48 58 67 -1 21 82 86 91 -1 65 73 85 98 -1 32 50 53 81 -1 22 38 63 90 -1 66 89 92 100 -1 33 37 45 49 -1 -2
36 57 77 84 -1 9 11 48 100 -1 -2
27 35 46 78 -1 -2
37 53 74 100 -1 -2
26 59 68 80 -1 12 21 27 100 -1 14 25 41 79 -1 13 17 34 68 -1 4 12 69 86 -1 -2
25 44 91 96 -1 55 68 85 91 -1 10 18 43 96 -1 13 31 72 92 -1 1 25 40 93 -1 10 65 68 85 -1 2 18 42 55 -1 -2
30 58 77 97 -1 -2
25 44 86 93 -1 49 67 82 90 -1 15 60 71 73 -1 10 21 39 51 -1 -2
6 33 75 85 -1 -2
23 61 68 92 -1 26 32 65 94 -1 5 11 13 87 -1 45 47 85 91 -1 32 86 95 98 -1 4 41 51 95 -1 29 56 58 93 -1 -2
7 59 73 98 -1 8 28 77 91 -1 12 43 58 85 -1 57 65 72 75 -1 2 11 41 67 -1 23 44 70 82 -1 15 43 56 63 -1 5 12 34 43 -1 -2
11 44 53 61 -1 11 22 50 77 -1 24 25 46 72 -1 21 60 73 76 -1 64 67 76 84 -1 1 43 57 68 -1 -2
3 38 45 46 -1 -2
6 60 70 94 -1 5 80 82 89 -1 4 45 51 68 -1 -2
37 39 79 98 -1 15 18 20 22 -1 -2
32 48 76 97 -1 27 35 60 69 -1 51 88 90 95 -1 12 23 61 69 -1 4 77 78 95 -1 17 38 44 77 -1 10 28 32 61 -1 -2
6 14 78 97 -1 4 57 61 86 -1 -2
17 21 35 66 -1 3 27 33 41 -1 1 9 78 89 -1 -2
11 45 48 95 -1 67 68 72 100 -1 10 48 51 73 -1 3 17 23 24 -1 6 53 63 66 -1 -2
5 38 49 80 -1 14 24 76 96 -1 25 33 99 100 -1 14 43 65 70 -1 28 34 36 85 -1 60 64 74 90 -1 3 62 69 82 -1 -2
8 52 85 95 -1 20 74 89 94 -1 11 20 42 97 -1 -2
13 57 66 83 -1 2 8 49 57 -1 1 47 81 99 -1 -2
5 41 57 58 -1 33 37 44 80 -1 15 23 64 80 -1 15 24 68 78 -1 34 39 51 81 -1 -2
3 27 54 94 -1 1 39 44 84 -1 37 61 66 85 -1 37 73 75 100 -1 29 80 87 88 -1 18 24 40 72 -1 -2
23 46 47 82 -1 7 27 34 65 -1 24 25 50 91 -1 49 51 57 80 -1 32 59 60 98 -1 46 69 70 99 -1 3 21 39 93 -1 -2
11 13 85 91 -1 16 22 39 62 -1 42 44 50 60 -1 -2
3 22 30 94 -1 -2
34 71 84 88 -1 2 31 48 61 -1 24 84 87 99 -1 -2
20 48 58 61 -1 7 51 80 95 -1 39 65 69 97 -1 20 62 79 84 -1 -2
14 38 41 63 -1 -2
7 64 65 85 -1 19 49 63 80 -1 8 43 60 84 -1 5 69 75 80 -1 5 44 77 81 -1 30 38 45 83 -1 1 11 60 96 -1 57 69 83 93 -1 -2
12 41 79 89 -1 -2
8 19 92 93 -1 25 59 67 82 -1 -2
29 46 63 89 -1 7 38 90 100 -1 52 55 75 95 -1 33 36 60 74 -1 6 17 19 35 -1 40 55 72 76 -1 -2
7 62 67 97 -1 19 52 55 63 -1 11 23 40 59 -1 -2
28 36 46 89 -1 7 42 80 88 -1 20 52 58 72 -1 39 44 54 60 -1 45 70 84 98 -1 15 62 63 83 -1 50 52 62 70 -1 1 23 34 81 -1 -2
9 64 80 97 -1 40 50 82 98 -1 5 12 32 82 -1 14 62 86 94 -1 -2
22 50 82 98 -1 21 53 71 85 -1 8 93 95 100 -1 1 22 65 70 -1 -2
17 50 52 77 -1 11 15 55 66 -1 48 67 78 89 -1 3 6 43 93 -1 34 63 82 100 -1 22 42 57 60 -1 -2
22 41 42 84 -1 10 23 28 76 -1 1 13 32 42 -1 19 48 55 79 -1 62 71 80 86 -1 9 46 83 84 -1 27 46 82 83 -1 49 73 88 94 -1 -2
2 14 81 96 -1 -2
9 25 54 57 -1 14 19 60 63 -1 -2
51 61 63 84 -1 -2
57 72 74 87 -1 47 64 73 86 -1 -2
13 56 59 98 -1 -2
77 83 88 98 -1 -2
18 47 49 96 -1 -2
16 29 31 44 -1 71 84 86 100 -1 43 63 72 85 -1 20 49 50 92 -1 17 23 77 79 -1 18 37 45 54 -1 -2
30 35 40 72 -1 10 15 28 42 -1 23 47 76 97 -1 -2
9 53 81 88 -1 22 24 35 41 -1 13 54 58 93 -1 57 60 67 75 -1 10 59 60 72 -1 -2
7 22 26 85 -1 13 64 66 90 -1 1 51 59 64 -1 -2
3 39 79 99 -1 45 68 75 93 -1 16 21 38 100 -1 -2
47 51 72 95 -1 42 66 79 100 -1 -2
4 48 50 95 -1 17 25 57 83 -1 38 41 70 75 -1 24 72 76 77 -1 14 23 35 45 -1 8 51 54 92 -1 2 18 34 79 -1 -2
13 24 29 33 -1 39 41 77 84 -1 4 49 64 72 -1 63 71 81 84 -1 33 53 65 80 -1 1 37 40 81 -1 -2
4 11 37 50 -1 13 25 53 63 -1 6 14 16 73 -1 -2
26 57 84 95 -1 7 18 43 98 -1 2 27 54 93 -1 1 14 16 64 -1 17 48 74 77 -1 19 40 49 98 -1 -2
41 63 69 81 -1 20 27 28 81 -1 40 52 85 94 -1 37 70 88 95 -1 20 22 51 84 -1 -2
32 43 46 63 -1 -2
10 32 75 91 -1 -2
39 52 56 87 -1 18 58 70 93 -1 15 31 32 78 -1 39 70 71 88 -1 1 32 39 52 -1 7 9 30 98 -1 24 36 52 90 -1 -2
9 45 85 88 -1 13 18 54 56 -1 17 53 87 97 -1 46 54 68 81 -1 5 29 59 86 -1 -2
12 34 40 95 -1 28 57 74 76 -1 6 63 65 70 -1 30 65 78 92 -1 4 23 36 58 -1 -2
5 6 29 67 -1 18 70 78 88 -1 54 65 68 69 -1 40 64 81 87 -1 38 40 75 77 -1 4 24 45 90 -1 18 43 74 76 -1 20 62 79 92 -1 -2
3 19 38 50 -1 21 27 79 86 -1 8 29 30 94 -1 2 17 88 92 -1 30 63 71 81 -1 7 25 61 85 -1 -2
55 90 98 99 -1 21 54 86 94 -1 38 43 66 91 -1 37 44 66 94 -1 -2
12 14 27 97 -1 3 24 64 77 -1 31 41 44 80 -1 5 31 79 92 -1 33 59 73 75 -1 16 22 35 96 -1 31 32 72 92 -1 -2
25 27 69 79 -1 30 50 79 93 -1 23 34 39 43 -1 4 45 59 95 -1 -2
19 48 76 77 -1 32 35 64 87 -1 22 75 86 94 -1 5 62 89 91 -1 32 38 66 73 -1 12 35 39 87 -1 -2
45 63 97 100 -1 4 25 58 94 -1 21 53 96 99 -1 43 63 65 88 -1 15 45 70 80 -1 48 64 77 94 -1 2 45 51 65 -1 2 39 65 71 -1 -2
27 45 65 85 -1 5 49 56 64 -1 45 73 82 83 -1 22 49 77 93 -1 55 69 91 92 -1 13 15 28 97 -1 24 73 77 99 -1 -2
17 53 87 98 -1 24 28 43 89 -1 15 17 78 97 -1 -2
20 23 53 64 -1 5 6 69 71 -1 17 26 33 70 -1 6 20 46 58 -1 -2
24 34 71 97 -1 29 73 85 94 -1 42 63 64 97 -1 8 65 79 93 -1 37 51 78 79 -1 2 33 91 99 -1 -2
1 46 55 64 -1 16 22 48 54 -1 21 47 66 90 -1 34 44 59 67 -1 11 44 62 73 -1 -2
49 71 93 99 -1 -2
27 72 92 95 -1 2 3 15 81 -1 16 22 69 85 -1 28 36 67 86 -1 -2
11 20 30 52 -1 21 31 48 54 -1 30 33 61 77 -1 9 91 92 94 -1 21 69 82 87 -1 -2
2 30 54 100 -1 -2
26 28 37 76 -1 6 12 73 81 -1 5 34 52 77 -1 27 29 39 49 -1 -2
3 13 23 56 -1 2 15 68 84 -1 7 11 43 46 -1 -2
20 31 81 98 -1 37 92 93 97 -1 3 4 40 55 -1 53 58 72 83 -1 -2
14 28 29 80 -1 11 63 72 97 -1 8 24 62 69 -1 60 66 67 89 -1 13 17 49 83 -1 -2
22 33 83 85 -1 19 25 89 99 -1 6 15 29 32 -1 -2
26 57 90 91 -1 69 73 75 94 -1 -2
55 72 83 97 -1 12 23 53 83 -1 9 65 66 97 -1 22 37 84 92 -1 12 84 92 97 -1 41 50 86 91 -1 -2
25 80 82 90 -1 2 14 15 85 -1 -2
47 67 78 89 -1 21 46 86 97 -1 31 51 81 83 -1 8 26 28 60 -1 4 9 12 22 -1 47 66 86 88 -1 46 66 79 86 -1 -2
7 31 44 73 -1 -2
49 77 82 96 -1 43 49 55 58 -1 22 55 68 77 -1 65 69 82 84 -1 26 47 58 67 -1 6 17 40 58 -1 18 60 95 96 -1 -2
5 42 73 91 -1 33 54 63 74 -1 -2
15 27 29 42 -1 41 55 60 77 -1 29 38 48 52 -1 3 57 73 91 -1 3 20 84 93 -1 14 24 25 33 -1 5 13 30 98 -1 -2
5 10 20 32 -1 13 17 32 56 -1 1 2 67 83 -1 4 18 64 79 -1 4 30 83 86 -1 17 32 56 72 -1 3 12 44 98 -1 10 34 58 79 -1 -2
46 57 74 96 -1 9 21 75 90 -1 25 37 82 100 -1 14 21 23 53 -1 38 72 80 82 -1 5 26 29 52 -1 11 26 55 89 -1 -2
13 69 86 87 -1 5 26 37 70 -1 20 49 60 78 -1 17 69 74 81 -1 16 56 61 91 -1 63 69 77 88 -1 14 19 24 100 -1 -2
7 55 78 80 -1 16 39 55 85 -1 15 45 54 56 -1 10 26 58 92 -1 8 9 64 70 -1 15 38 68 96 -1 9 21 72 85 -1 -2
4 22 32 80 -1 29 43 44 51 -1 3 36 50 90 -1 4 36 53 72 -1 18 34 44 81 -1 1 53 71 80 -1 -2
41 66 82 85 -1 50 53 64 93 -1 29 42 43 44 -1 42 61 85 100 -1 31 36 85 91 -1 -2
79 91 94 95 -1 -2
16 36 47 60 -1 36 45 57 95 -1 24 29 81 90 -1 5 41 61 73 -1 14 40 46 86 -1 -2
27 50 72 83 -1 5 57 85 98 -1 30 51 85 96 -1 33 50 83 92 -1 8 31 41 59 -1 24 42 69 80 -1 32 61 90 93 -1 10 18 57 84 -1 -2
27 35 44 75 -1 8 42 43 93 -1 1 33 62 99 -1 -2
4 34 36 63 -1 23 63 75 82 -1 18 45 65 69 -1 18 56 79 87 -1 6 27 49 91 -1 28 68 70 79 -1 -2
26 30 78 93 -1 29 42 80 86 -1 45 68 89 91 -1 3 21 57 94 -1 29 33 59 100 -1 11 13 56 84 -1 5 12 54 55 -1 -2
13 35 56 69 -1 41 54 89 92 -1 29 37 77 84 -1 -2
3 25 54 100 -1 47 51 95 99 -1 13 23 30 79 -1 18 39 41 50 -1 -2
1 47 52 89 -1 50 54 65 94 -1 10 75 94 95 -1 1 9 58 65 -1 22 26 57 98 -1 27 85 89 94 -1 -2
20 50 69 80 -1 14 36 97 100 -1 10 38 43 96 -1 2 3 31 56 -1 -2
2 23 79 86 -1 5 7 60 61 -1 10 17 76 89 -1 -2
14 83 86 88 -1 3 4 25 40 -1 7 24 53 82 -1 8 26 38 99 -1 7 17 40 65 -1 56 69 87 90 -1 41 78 79 96 -1 -2
24 68 82 87 -1 12 32 47 92 -1 -2
33 42 55 73 -1 10 35 46 54 -1 19 27 51 74 -1 14 42 44 47 -1 48 55 75 91 -1 47 52 63 89 -1 -2
13 18 35 52 -1 27 41 79 94 -1 -2
1 11 64 88 -1 3 9 81 93 -1 18 35 40 47 -1 4 70 71 91 -1 -2
35 69 76 98 -1 31 38 39 79 -1 55 62 84 100 -1 44 71 72 95 -1 -2
17 32 64 95 -1 20 43 58 92 -1 -2
18 28 40 80 -1 -2
5 6 57 84 -1 42 55 88 91 -1 5 18 21 82 -1 11 17 53 75 -1 5 24 50 95 -1 13 53 59 99 -1 -2
11 58 60 95 -1 7 47 58 97 -1 4 47 65 66 -1 -2
11 31 47 86 -1 10 40 56 91 -1 2 17 19 53 -1 12 25 49 51 -1 -2
5 6 29 86 -1 14 16 22 85 -1 1 51 68 81 -1 9 20 81 99 -1 -2
7 42 46 93 -1 56 72 94 100 -1 7 18 76 87 -1 12 25 42 56 -1 -2
4 52 78 87 -1 31 52 56 86 -1 -2
1 84 85 96 -1 38 87 97 100 -1 13 78 93 94 -1 13 15 79 97 -1 51 55 64 86 -1 28 55 62 85 -1 -2
13 52 54 55 -1 11 33 74 77 -1 -2
30 38 57 84 -1 -2
2 38 39 77 -1 -2
16 41 63 70 -1 -2
7 33 52 87 -1 10 12 34 72 -1 29 60 76 81 -1 9 45 51 76 -1 6 36 53 95 -1 30 32 75 96 -1 32 54 78 85 -1 31 45 77 87 -1 -2
8 49 93 97 -1 19 59 71 77 -1 -2
5 61 82 98 -1 25 45 63 88 -1 11 72 89 99 -1 44 48 57 86 -1 -2
12 20 59 85 -1 5 17 49 94 -1 10 51 55 87 -1 -2
12 29 68 91 -1 17 30 60 82 -1 9 22 39 62 -1 6 24 27 83 -1 24 28 61 63 -1 19 20 41 68 -1 40 41 66 73 -1 24 43 74 80 -1 -2
3 14 17 67 -1 24 37 90 95 -1 25 36 76 98 -1 17 39 48 56 -1 -2
47 65 70 84 -1 28 69 78 79 -1 -2
2 14 23 32 -1 41 62 72 77 -1 10 49 58 63 -1 8 28 46 84 -1 24 33 80 91 -1 18 68 72 86 -1 5 33 45 68 -1 -2
43 50 76 78 -1 6 15 21 31 -1 7 24 34 82 -1 52 54 80 89 -1 38 55 70 93 -1 14 43 83 86 -1 8 12 36 100 -1 14 40 49 61 -1 -2
43 54 58 98 -1 33 40 81 93 -1 6 14 18 35 -1 21 32 42 69 -1 10 14 67 80 -1 9 66 73 85 -1 -2
4 17 19 54 -1 3 15 60 84 -1 7 17 51 57 -1 -2
7 20 27 98 -1 10 32 51 87 -1 49 62 66 92 -1 3 56 88 97 -1 3 4 15 56 -1 29 44 58 67 -1 1 29 97 100 -1 30 71 73 74 -1 -2
1 5 46 98 -1 36 69 77 97 -1 22 24 39 90 -1 -2
17 47 81 89 -1 2 13 15 58 -1 -2
1 31 49 71 -1 9 31 48 100 -1 4 7 80 82 -1 7 11 39 47 -1 -2
20 43 75 89 -1 7 39 58 98 -1 -2
16 57 67 69 -1 -2
21 64 88 91 -1 -2
13 32 48 64 -1 56 59 61 74 -1 3 5 37 97 -1 3 62 65 85 -1 16 61 70 77 -1 3 13 14 52 -1 16 20 22 88 -1 -2
88 93 97 100 -1 2 14 16 96 -1 22 29 30 87 -1 23 53 88 95 -1 10 39 66 83 -1 -2
24 38 68 72 -1 -2
22 57 61 63 -1 -2
3 22 33 36 -1 -2
49 76 78 85 -1 -2
37 66 90 96 -1 7 36 75 100 -1 30 37 42 49 -1 18 38 42 57 -1 4 26 56 62 -1 8 19 32 88 -1 9 12 25 27 -1 -2
39 54 88 98 -1 9 32 66 86 -1 20 26 31 98 -1 -2
4 10 20 43 -1 18 66 95 97 -1 15 31 93 100 -1 3 9 30 54 -1 -2
5 8 22 71 -1 39 41 43 73 -1 69 78 82 97 -1 44 58 75 90 -1 6 20 52 82 -1 -2
22 28 60 97 -1 35 36 70 89 -1 6 10 36 98 -1 4 36 56 79 -1 48 63 65 67 -1 34 64 70 80 -1 6 21 64 77 -1 37 47 55 88 -1 -2
4 28 65 67 -1 -2
17 36 62 96 -1 -2
13 18 38 65 -1 14 34 37 45 -1 6 19 63 94 -1 8 15 75 78 -1 -2
12 15 50 82 -1 14 27 32 91 -1 -2
3 19 50 79 -1 7 35 40 60 -1 4 13 25 41 -1 12 27 49 52 -1 26 59 61 72 -1 57 62 79 82 -1 -2
28 33 42 45 -1 22 29 53 100 -1 17 20 63 80 -1 44 54 60 66 -1 24 31 43 64 -1 9 17 51 60 -1 2 12 26 27 -1 29 39 53 69 -1 -2
6 13 82 97 -1 1 67 84 91 -1 26 62 91 95 -1 13 27 31 46 -1 -2
13 24 51 83 -1 19 40 75 92 -1 1 54 66 99 -1 45 58 63 70 -1 5 18 60 96 -1 6 34 57 66 -1 45 71 87 92 -1 5 28 76 82 -1 -2
12 13 33 36 -1 8 76 77 99 -1 19 31 46 81 -1 -2
14 22 62 85 -1 11 12 28 80 -1 31 35 74 84 -1 5 33 76 94 -1 6 11 65 97 -1 5 80 93 96 -1 13 15 42 73 -1 49 50 77 99 -1 -2
9 48 71 74 -1 24 57 76 93 -1 2 9 99 100 -1 3 23 68 99 -1 14 53 61 65 -1 -2
50 77 82 91 -1 51 87 92 94 -1 8 21 27 43 -1 5 16 27 37 -1 2 11 69 100 -1 15 32 33 83 -1 54 65 72 94 -1 -2
7 23 40 66 -1 9 19 40 77 -1 24 64 67 76 -1 17 19 68 79 -1 16 34 40 61 -1 -2
7 54 88 100 -1 42 63 70 95 -1 45 83 97 98 -1 25 53 75 90 -1 -2
10 21 29 100 -1 6 35 71 76 -1 18 41 48 96 -1 13 26 34 67 -1 -2
1 2 40 64 -1 1 38 91 96 -1 19 40 76 90 -1 7 17 41 55 -1 34 51 78 87 -1 -2
25 38 49 67 -1 54 78 95 97 -1 -2
3 65 69 91 -1 -2
9 22 32 35 -1 38 80 83 87 -1 33 62 86 97 -1 20 25 28 87 -1 20 25 26 97 -1 28 58 68 71 -1 7 10 16 59 -1 -2
1 38 39 55 -1 -2
1 21 22 96 -1 13 24 28 89 -1 3 17 34 43 -1 -2
1 13 14 53 -1 27 33 71 76 -1 6 13 17 72 -1 28 51 62 72 -1 19 39 90 96 -1 39 49 84 90 -1 18 34 82 100 -1 14 52 53 63 -1 -2
25 41 60 87 -1 19 48 55 86 -1 23 30 44 51 -1 29 32 62 72 -1 34 60 72 93 -1 1 10 24 54 -1 2 16 82 90 -1 35 41 68 85 -1 -2
27 33 41 62 -1 2 9 48 62 -1 14 39 90 91 -1 28 45 57 100 -1 1 8 21 79 -1 -2
37 41 66 75 -1 33 39 66 95 -1 2 17 21 49 -1 20 26 27 67 -1 30 32 76 97 -1 10 19 73 93 -1 25 29 57 90 -1 -2
15 24 62 88 -1 25 56 57 84 -1 16 40 82 86 -1 12 21 36 75 -1 -2
4 26 78 80 -1 -2
15 25 46 50 -1 1 43 91 95 -1 20 32 39 81 -1 16 42 50 67 -1 41 58 86 90 -1 -2
3 13 23 29 -1 -2
27 38 74 88 -1 8 41 51 81 -1 11 43 66 83 -1 20 56 66 98 -1 11 43 53 57 -1 4 9 27 56 -1 -2
24 30 56 65 -1 12 58 79 94 -1 4 26 36 93 -1 -2
11 48 73 77 -1 22 35 38 100 -1 60 79 84 90 -1 6 32 88 96 -1 9 27 28 70 -1 6 34 77 99 -1 -2
13 72 79 80 -1 17 42 48 81 -1 2 30 60 64 -1 47 53 80 89 -1 5 21 42 93 -1 -2
23 26 55 99 -1 2 39 56 79 -1 8 15 61 90 -1 49 63 65 81 -1 27 63 70 80 -1 6 21 69 73 -1 3 34 55 92 -1 5 45 86 89 -1 -2
13 49 55 87 -1 36 64 71 98 -1 12 17 69 89 -1 -2
14 21 51 57 -1 7 36 53 87 -1 2 52 62 80 -1 9 15 77 88 -1 24 38 50 76 -1 10 75 77 82 -1 27 59 75 76 -1 23 46 68 73 -1 -2
63 77 91 98 -1 58 60 61 65 -1 13 19 35 38 -1 17 37 41 57 -1 29 43 54 63 -1 38 51 53 95 -1 4 40 78 94 -1 -2
13 86 87 96 -1 15 62 65 97 -1 35 63 68 81 -1 23 24 50 77 -1 42 77 94 99 -1 25 34 51 94 -1 -2
21 58 75 91 -1 14 17 48 79 -1 1 19 49 78 -1 52 89 90 100 -1 -2
60 67 68 89 -1 -2
6 34 36 85 -1 17 41 58 80 -1 -2
55 58 70 85 -1 -2
1 76 86 91 -1 -2
52 68 80 91 -1 19 37 78 82 -1 41 46 50 70 -1 58 74 83 100 -1 22 38 62 94 -1 15 43 72 99 -1 40 64 84 88 -1 16 18 90 95 -1 -2
1 4 15 63 -1 19 29 33 87 -1 -2
27 32 46 58 -1 13 22 23 67 -1 13 34 70 96 -1 20 52 76 89 -1 19 28 31 68 -1 18 20 25 37 -1 -2
13 77 81 82 -1 9 41 59 67 -1 37 55 89 90 -1 -2
8 85 86 93 -1 26 44 70 90 -1 32 61 69 95 -1 20 32 47 94 -1 -2
29 31 33 100 -1 29 56 88 91 -1 1 28 33 63 -1 35 46 55 57 -1 10 36 46 76 -1 49 53 58 87 -1 25 50 87 91 -1 -2
32 56 65 73 -1 32 35 76 99 -1 30 36 64 65 -1 -2
27 40 88 94 -1 17 93 95 98 -1 -2
38 77 81 91 -1 1 54 72 99 -1 41 46 58 96 -1 15 54 55 70 -1 18 55 70 94 -1 -2
5 6 25 68 -1 5 20 43 73 -1 -2
7 54 60 78 -1 45 48 84 99 -1 9 11 47 93 -1 -2
14 54 77 99 -1 58 83 84 89 -1 12 67 73 100 -1 -2
57 59 63 72 -1 -2
67 71 74 77 -1 32 54 84 90 -1 19 25 38 64 -1 61 87 97 99 -1 -2
7 32 34 44 -1 24 33 47 68 -1 17 46 47 76 -1 5 10 38 89 -1 -2
46 67 69 96 -1 -2
19 25 51 82 -1 -2
40 43 61 62 -1 20 23 39 46 -1 14 38 60 75 -1 22 23 75 77 -1 47 69 76 83 -1 -2
60 73 85 89 -1 -2
2 38 47 71 -1 20 72 73 77 -1 5 66 75 76 -1 -2
2 10 23 57 -1 19 37 39 56 -1 6 85 93 99 -1 26 37 44 91 -1 41 50 53 84 -1 7 35 74 84 -1 69 83 86 96 -1 -2
42 43 47 100 -1 14 18 46 60 -1 22 40 63 84 -1 6 35 39 58 -1 22 34 83 84 -1 24 68 74 87 -1 3 25 79 99 -1 -2
59 66 80 92 -1 53 54 68 98 -1 23 75 78 85 -1 2 8 30 68 -1 21 44 75 89 -1 2 6 35 82 -1 14 61 73 83 -1 -2
10 14 43 78 -1 -2
37 46 69 92 -1 21 58 59 96 -1 28 59 78 92 -1 5 14 25 42 -1 -2
6 63 80 82 -1 7 61 89 96 -1 4 6 7 26 -1 4 51 56 85 -1 6 8 47 71 -1 23 41 46 95 -1 13 66 83 90 -1 3 21 54 84 -1 -2
11 31 57 67 -1 12 36 38 52 -1 8 13 47 68 -1 4 32 40 95 -1 20 24 45 84 -1 19 45 54 75 -1 -2
11 37 43 79 -1 6 43 51 69 -1 2 3 13 91 -1 -2
15 33 61 83 -1 4 49 57 89 -1 6 28 31 36 -1 28 29 61 87 -1 20 33 57 73 -1 45 50 52 57 -1 5 10 33 41 -1 -2
1 6 24 76 -1 39 41 45 87 -1 8 33 69 78 -1 7 36 62 69 -1 63 83 95 97 -1 57 58 72 93 -1 -2
9 50 73 97 -1 32 64 91 100 -1 4 18 37 96 -1 9 22 56 86 -1 34 37 59 82 -1 7 21 41 80 -1 38 66 79 95 -1 -2
61 74 84 94 -1 11 43 56 93 -1 57 60 86 97 -1 36 61 66 85 -1 4 17 51 85 -1 50 68 82 98 -1 -2
13 43 64 70 -1 62 92 94 96 -1 57 66 71 94 -1 35 45 60 78 -1 -2
30 52 56 94 -1 27 43 52 96 -1 12 41 58 90 -1 -2
3 29 57 94 -1 -2
4 14 31 45 -1 28 48 87 93 -1 35 52 53 89 -1 34 47 67 83 -1 28 34 45 92 -1 4 47 85 86 -1 47 49 97 99 -1 19 42 55 80 -1 -2
27 37 44 83 -1 -2
11 14 35 41 -1 1 17 21 54 -1 17 32 60 84 -1 -2
6 7 39 80 -1 32 48 54 92 -1 9 27 59 85 -1 -2
40 56 66 88 -1 6 12 14 15 -1 -2
18 32 66 98 -1 27 33 56 74 -1 2 3 8 78 -1 -2
47 75 82 98 -1 2 24 73 79 -1 8 40 81 83 -1 31 43 47 74 -1 23 55 85 97 -1 -2
17 27 38 86 -1 20 37 47 72 -1 17 39 81 84 -1 27 31 56 88 -1 7 81 88 94 -1 5 19 44 95 -1 6 14 41 76 -1 -2
17 28 48 93 -1 14 20 54 66 -1 2 33 62 83 -1 2 69 95 100 -1 62 81 88 97 -1 16 22 87 88 -1 4 21 71 84 -1 22 50 76 84 -1 -2
3 22 89 99 -1 21 22 34 61 -1 25 64 86 100 -1 5 34 73 86 -1 6 10 19 60 -1 -2
42 52 69 72 -1 -2
5 33 38 83 -1 4 18 61 77 -1 -2
45 73 75 87 -1 19 39 49 94 -1 -2
1 34 39 58 -1 6 26 38 94 -1 5 26 78 81 -1 8 58 66 100 -1 25 50 62 72 -1 -2
61 64 81 92 -1 42 66 76 85 -1 -2
30 35 52 84 -1 16 51 58 73 -1 -2
38 44 58 70 -1 43 74 90 96 -1 3 17 54 72 -1 -2
8 19 23 60 -1 -2
21 42 61 93 -1 36 42 52 75 -1 6 22 29 90 -1 18 54 76 92 -1 5 82 93 95 -1 -2
18 52 57 70 -1 -2
18 21 22 44 -1 52 77 82 92 -1 5 21 55 62 -1 2 54 58 74 -1 -2
7 10 17 58 -1 34 37 81 87 -1 34 73 97 100 -1 3 12 49 70 -1 14 15 38 56 -1 -2
57 63 78 98 -1 4 58 83 86 -1 -2
29 32 40 76 -1 31 32 56 94 -1 76 81 88 100 -1 2 34 36 92 -1 62 75 94 97 -1 37 38 67 100 -1 -2
10 16 57 68 -1 -2
16 55 64 99 -1 17 30 57 79 -1 38 45 75 91 -1 27 28 55 63 -1 66 78 96 99 -1 3 40 46 77 -1 9 50 94 100 -1 9 13 68 89 -1 -2
8 36 75 95 -1 48 56 62 68 -1 27 32 77 93 -1 2 47 52 53 -1 22 32 63 90 -1 19 60 77 80 -1 55 62 69 71 -1 9 14 56 79 -1 -2
12 33 50 52 -1 26 96 99 100 -1 3 33 73 83 -1 32 33 95 96 -1 38 82 89 96 -1 26 72 86 100 -1 19 22 52 57 -1 30 37 60 96 -1 -2
6 8 44 48 -1 -2
3 22 50 90 -1 32 55 90 94 -1 19 81 85 97 -1 35 42 72 89 -1 16 40 70 86 -1 -2
13 28 32 81 -1 16 17 22 47 -1 11 12 65 80 -1 -2
21 37 97 100 -1 16 54 68 89 -1 30 41 45 67 -1 51 52 55 74 -1 27 49 80 94 -1 16 30 33 90 -1 -2
58 69 71 95 -1 54 56 60 69 -1 17 18 82 89 -1 19 20 89 100 -1 41 47 72 95 -1 23 46 56 82 -1 -2
35 61 67 71 -1 61 83 86 87 -1 -2
22 47 48 97 -1 46 60 65 68 -1 -2
36 53 57 100 -1 17 48 93 94 -1 70 78 81 90 -1 -2
48 85 91 98 -1 10 24 40 64 -1 19 31 60 86 -1 -2
21 61 70 77 -1 -2
24 32 88 98 -1 -2
21 27 44 73 -1 53 65 82 85 -1 15 43 59 71 -1 18 72 91 92 -1 42 67 71 73 -1 -2
11 47 65 72 -1 44 45 96 98 -1 10 25 57 69 -1 12 64 72 81 -1 57 63 71 96 -1 13 26 58 96 -1 59 69 73 81 -1 2 27 56 71 -1 -2
2 52 76 99 -1 31 40 68 89 -1 6 53 57 80 -1 -2
81 83 87 90 -1 9 20 24 80 -1 5 27 77 95 -1 4 22 29 90 -1 1 12 22 79 -1 17 39 40 55 -1 -2
3 26 79 95 -1 46 49 74 77 -1 16 35 65 80 -1 31 35 48 88 -1 -2
8 15 40 71 -1 15 19 64 65 -1 22 52 91 99 -1 16 25 31 84 -1 35 43 84 86 -1 -2
26 38 56 60 -1 30 65 78 97 -1 -2
23 54 75 87 -1 12 40 44 84 -1 19 65 68 90 -1 -2
6 45 73 95 -1 -2
28 51 54 69 -1 17 38 51 92 -1 -2
26 33 35 98 -1 10 23 35 67 -1 57 65 66 98 -1 14 44 63 68 -1 -2
16 19 65 73 -1 -2
3 11 42 87 -1 9 28 37 42 -1 14 72 86 96 -1 19 42 91 100 -1 5 7 10 33 -1 -2
9 48 65 84 -1 -2
1 27 38 62 -1 24 31 38 52 -1 6 24 67 95 -1 20 79 83 88 -1 44 65 76 87 -1 -2
7 29 42 81 -1 12 42 66 87 -1 13 18 60 95 -1 44 51 82 92 -1 45 52 56 63 -1 5 27 86 93 -1 27 31 44 66 -1 -2
10 30 54 67 -1 17 43 65 87 -1 5 11 87 93 -1 15 88 89 92 -1 42 43 90 99 -1 49 52 62 95 -1 57 64 75 80 -1 24 35 53 91 -1 -2
13 67 69 100 -1 26 27 62 92 -1 4 12 46 49 -1 21 67 89 93 -1 -2
19 30 33 35 -1 8 24 62 91 -1 7 13 62 75 -1 -2
47 58 84 99 -1 3 48 50 88 -1 2 39 61 62 -1 51 63 65 73 -1 -2
11 33 53 60 -1 6 64 88 91 -1 9 37 57 69 -1 23 43 50 91 -1 -2
30 43 62 94 -1 15 50 54 95 -1 2 16 43 59 -1 14 38 59 99 -1 -2
26 38 58 80 -1 36 42 92 93 -1 19 69 79 93 -1 4 29 68 88 -1 22 30 34 61 -1 29 47 61 95 -1 -2
18 40 49 99 -1 2 25 29 78 -1 15 37 73 87 -1 56 57 71 75 -1 -2
24 59 64 97 -1 4 13 61 64 -1 18 32 57 93 -1 -2
35 54 77 81 -1 10 38 39 62 -1 17 45 72 85 -1 42 54 90 95 -1 24 69 84 100 -1 8 14 15 73 -1 8 9 30 78 -1 -2
2 6 65 70 -1 2 8 9 54 -1 53 69 84 100 -1 11 29 39 90 -1 43 64 73 78 -1 39 43 50 57 -1 22 80 81 96 -1 -2
32 40 42 76 -1 4 49 80 94 -1 10 31 47 91 -1 53 69 70 91 -1 -2
37 58 76 84 -1 15 78 90 91 -1 13 26 58 73 -1 1 3 22 84 -1 20 28 51 88 -1 12 13 78 97 -1 20 29 69 91 -1 11 39 48 51 -1 -2
3 10 25 59 -1 3 7 71 97 -1 22 43 58 72 -1 -2
26 39 66 91 -1 8 28 36 44 -1 17 38 47 95 -1 -2
5 13 24 58 -1 -2
6 10 22 52 -1 21 26 36 70 -1 32 36 48 52 -1 -2
2 22 50 68 -1 55 62 77 83 -1 8 21 26 56 -1 -2
7 31 48 76 -1 27 37 48 61 -1 -2
16 52 67 99 -1 9 37 45 59 -1 41 55 68 94 -1 16 69 70 87 -1 8 30 56 62 -1 17 22 64 67 -1 -2
33 44 55 56 -1 54 80 86 95 -1 25 27 70 82 -1 1 11 38 80 -1 17 22 31 62 -1 3 28 31 50 -1 -2
11 15 50 89 -1 7 11 39 93 -1 53 74 90 92 -1 49 64 66 85 -1 8 9 27 94 -1 51 55 75 93 -1 1 13 19 72 -1 4 29 84 98 -1 -2
4 8 33 64 -1 34 53 91 98 -1 36 61 91 94 -1 19 27 61 84 -1 22 49 93 100 -1 8 9 69 90 -1 50 52 55 78 -1 63 79 97 99 -1 -2
10 20 47 70 -1 33 52 63 84 -1 18 26 62 74 -1 14 29 41 55 -1 7 21 51 61 -1 2 67 72 99 -1 4 24 29 79 -1 -2
20 31 54 61 -1 8 24 29 99 -1 10 45 94 95 -1 20 24 60 99 -1 16 60 91 94 -1 20 33 49 63 -1 34 37 80 87 -1 -2
38 50 52 81 -1 -2
48 53 71 100 -1 1 35 54 86 -1 13 16 28 95 -1 35 58 61 63 -1 33 34 38 42 -1 24 41 60 72 -1 -2
26 63 86 97 -1 -2
22 49 76 97 -1 18 20 47 85 -1 32 63 73 98 -1 7 36 61 88 -1 12 32 58 100 -1 -2
4 34 51 58 -1 -2
13 42 63 88 -1 8 36 59 86 -1 15 32 86 90 -1 30 65 81 86 -1 -2
26 52 86 88 -1 38 67 71 85 -1 5 51 58 98 -1 -2
1 7 33 57 -1 53 64 84 99 -1 8 38 52 66 -1 33 35 92 94 -1 10 16 17 46 -1 7 27 69 96 -1 -2
26 36 52 86 -1 13 20 76 79 -1 62 65 68 94 -1 17 86 96 99 -1 2 3 28 39 -1 -2
31 44 55 78 -1 14 16 38 43 -1 30 60 90 91 -1 40 41 67 78 -1 -2
7 56 60 84 -1 25 39 59 80 -1 9 21 36 52 -1 29 63 76 97 -1 8 23 26 30 -1 20 22 78 85 -1 35 81 88 93 -1 -2
27 66 69 98 -1 21 33 75 85 -1 9 21 72 90 -1 57 68 97 100 -1 17 80 86 97 -1 5 61 62 95 -1 3 13 38 53 -1 -2
3 14 52 66 -1 9 19 39 83 -1 61 73 83 90 -1 48 73 75 93 -1 14 17 18 94 -1 17 70 73 96 -1 -2
11 56 60 82 -1 39 41 43 90 -1 43 45 59 61 -1 30 35 54 74 -1 7 19 42 74 -1 -2
76 78 93 98 -1 15 51 59 71 -1 2 12 44 59 -1 14 17 24 82 -1 3 30 43 68 -1 14 65 72 83 -1 10 43 71 91 -1 -2
12 53 90 94 -1 24 36 58 72 -1 -2
18 48 53 66 -1 -2
18 59 61 83 -1 20 65 95 98 -1 54 70 88 90 -1 27 59 65 90 -1 37 57 61 89 -1 2 35 40 81 -1 52 59 64 83 -1 14 46 55 84 -1 -2
2 38 51 55 -1 -2
5 54 78 90 -1 12 37 58 90 -1 13 33 35 87 -1 -2
15 44 57 87 -1 8 41 86 99 -1 6 18 28 36 -1 19 27 46 96 -1 -2
19 28 52 88 -1 8 25 65 89 -1 16 22 77 83 -1 34 61 93 100 -1 -2
40 82 87 95 -1 1 72 89 98 -1 35 46 60 71 -1 23 36 86 100 -1 21 46 66 88 -1 -2
2 24 32 55 -1 12 22 26 77 -1 27 31 32 91 -1 2 22 47 61 -1 8 60 85 100 -1 9 25 80 92 -1 -2
11 33 58 82 -1 36 55 68 100 -1 16 34 55 62 -1 -2
22 72 85 92 -1 8 22 50 92 -1 15 31 38 41 -1 18 23 24 71 -1 5 6 74 87 -1 7 29 53 82 -1 -2
23 46 52 76 -1 19 53 70 87 -1 7 17 61 82 -1 26 60 64 89 -1 7 39 78 84 -1 -2
23 58 91 95 -1 -2
63 81 89 95 -1 28 80 84 87 -1 24 33 39 68 -1 2 22 48 73 -1 12 39 45 98 -1 11 14 47 72 -1 -2
8 51 55 91 -1 29 57 77 82 -1 53 90 95 98 -1 -2
24 26 48 68 -1 3 35 51 96 -1 34 40 44 78 -1 -2
5 19 60 71 -1 25 26 46 82 -1 8 9 55 68 -1 1 32 77 94 -1 14 75 84 97 -1 1 30 71 87 -1 -2
3 6 13 84 -1 56 76 91 100 -1 18 30 46 96 -1 4 61 84 87 -1 -2
4 37 52 64 -1 5 18 55 82 -1 7 21 70 80 -1 10 25 54 62 -1 14 24 29 43 -1 11 33 79 92 -1 5 52 68 70 -1 31 45 65 82 -1 -2
5 33 69 84 -1 10 41 57 64 -1 21 28 50 62 -1 21 36 48 53 -1 13 26 53 62 -1 17 45 82 88 -1 8 46 79 81 -1 25 31 57 77 -1 -2
55 57 72 79 -1 18 37 91 96 -1 39 49 64 76 -1 10 62 90 91 -1 1 12 39 75 -1 56 72 75 91 -1 -2
39 52 54 70 -1 -2
8 36 38 92 -1 44 46 71 75 -1 24 34 72 84 -1 30 58 81 83 -1 -2
34 59 76 80 -1 29 35 64 92 -1 4 9 33 53 -1 18 24 69 71 -1 1 3 37 97 -1 18 32 50 79 -1 2 11 55 91 -1 -2
10 18 25 88 -1 17 46 65 83 -1 10 26 31 79 -1 1 19 71 86 -1 31 32 35 56 -1 -2
25 26 60 84 -1 29 48 57 62 -1 -2
18 37 47 63 -1 12 14 82 89 -1 43 46 52 66 -1 55 66 90 98 -1 -2
6 20 41 60 -1 5 11 25 75 -1 -2
29 30 45 47 -1 1 45 64 69 -1 56 74 82 86 -1 -2
4 6 49 55 -1 35 44 86 90 -1 18 35 44 96 -1 67 78 96 99 -1 27 55 68 84 -1 44 70 77 95 -1 10 13 25 58 -1 -2
4 56 73 76 -1 28 57 59 70 -1 1 38 52 69 -1 21 51 74 86 -1 1 15 16 80 -1 15 24 57 91 -1 1 56 73 81 -1 14 60 68 85 -1 -2
11 37 46 68 -1 16 44 60 83 -1 20 49 70 100 -1 25 52 70 95 -1 -2
46 61 65 77 -1 37 46 62 76 -1 13 31 67 85 -1 11 20 44 92 -1 14 16 21 30 -1 63 67 69 73 -1 1 6 11 16 -1 2 8 22 67 -1 -2
4 33 51 66 -1 7 13 20 22 -1 67 75 78 89 -1 29 31 93 98 -1 7 13 53 91 -1 35 61 65 81 -1 23 37 41 97 -1 -2
9 29 38 77 -1 31 33 39 64 -1 -2
13 19 63 66 -1 13 20 45 75 -1 10 53 89 97 -1 23 24 32 38 -1 19 38 56 83 -1 -2
22 29 64 87 -1 1 24 62 68 -1 9 22 47 82 -1 5 38 59 92 -1 3 9 22 34 -1 13 51 92 99 -1 8 17 59 68 -1 -2
5 8 24 80 -1 22 46 53 74 -1 -2
4 22 84 100 -1 3 36 57 95 -1 37 50 59 62 -1 -2
19 59 60 78 -1 35 55 78 81 -1 -2
24 47 80 81 -1 -2
11 12 79 81 -1 -2
14 30 65 70 -1 1 20 59 86 -1 8 9 32 65 -1 10 53 77 95 -1 56 78 86 90 -1 33 34 48 77 -1 22 25 48 52 -1 29 69 78 79 -1 -2
1 34 35 44 -1 31 46 54 81 -1 13 24 41 96 -1 -2
39 83 97 98 -1 -2
6 7 53 89 -1 25 28 46 64 -1 27 59 67 76 -1 13 40 47 63 -1 2 12 36 39 -1 -2
14 18 69 94 -1 21 62 75 93 -1 17 48 69 72 -1 28 31 52 74 -1 34 48 51 54 -1 -2
6 60 81 84 -1 -2
8 16 33 80 -1 30 42 49 58 -1 16 19 44 56 -1 16 68 97 100 -1 31 51 82 98 -1 72 91 95 100 -1 -2
7 17 55 60 -1 8 29 69 76 -1 3 27 51 69 -1 4 35 54 91 -1 20 38 71 87 -1 2 63 76 83 -1 11 32 58 100 -1 30 35 40 100 -1 -2
24 45 59 72 -1 7 26 76 100 -1 10 37 53 98 -1 32 47 72 95 -1 49 54 57 92 -1 -2
2 12 40 98 -1 36 39 60 75 -1 2 42 64 68 -1 -2
21 32 78 80 -1 -2
11 38 72 95 -1 12 14 40 58 -1 30 53 68 74 -1 9 16 30 61 -1 20 22 37 99 -1 13 30 35 42 -1 -2
5 45 61 91 -1 39 50 67 74 -1 -2
11 27 62 77 -1 -2
26 67 73 81 -1 5 7 25 72 -1 80 87 92 98 -1 28 45 68 69 -1 12 59 89 90 -1 -2
6 65 66 97 -1 43 49 81 89 -1 9 39 48 49 -1 12 38 58 75 -1 4 27 40 69 -1 15 49 87 90 -1 28 31 33 78 -1 5 48 80 92 -1 -2
41 60 64 85 -1 -2
17 19 94 98 -1 15 36 48 67 -1 40 48 51 84 -1 25 41 47 63 -1 30 33 55 58 -1 5 78 82 93 -1 45 47 64 89 -1 -2
4 12 43 63 -1 32 48 64 73 -1 69 85 87 93 -1 8 28 56 74 -1 21 23 48 59 -1 7 18 77 78 -1 6 17 32 83 -1 -2
12 19 37 58 -1 16 17 25 78 -1 2 6 49 97 -1 15 46 57 66 -1 14 19 26 61 -1 9 68 70 82 -1 17 33 71 92 -1 11 58 86 93 -1 -2
13 47 67 83 -1 7 39 43 54 -1 -2
20 50 79 85 -1 6 8 12 55 -1 48 77 91 93 -1 -2
11 37 74 83 -1 17 45 77 90 -1 5 24 88 89 -1 3 5 18 58 -1 16 47 55 64 -1 26 43 73 95 -1 3 28 75 78 -1 29 48 54 68 -1 -2
14 17 18 69 -1 1 13 26 71 -1 -2
11 45 55 64 -1 -2
20 29 34 35 -1 -2
38 65 73 92 -1 42 49 76 86 -1 34 73 82 93 -1 10 11 37 86 -1 33 56 89 94 -1 10 17 85 91 -1 53 55 78 79 -1 -2
9 25 28 98 -1 15 42 63 90 -1 34 40 52 84 -1 5 11 73 80 -1 42 53 69 80 -1 3 43 55 96 -1 -2
1 49 66 94 -1 9 31 39 92 -1 9 26 83 84 -1 -2
8 11 66 92 -1 3 56 77 93 -1 16 26 61 77 -1 18 36 74 89 -1 -2
7 9 60 97 -1 2 22 37 91 -1 13 25 46 75 -1 5 28 58 85 -1 -2
62 66 70 71 -1 5 35 90 100 -1 52 82 92 94 -1 44 59 61 74 -1 25 42 51 85 -1 -2
12 23 55 63 -1 7 14 81 96 -1 12 37 86 100 -1 6 31 37 62 -1 4 14 33 46 -1 3 36 52 92 -1 13 24 90 94 -1 -2
56 61 92 100 -1 13 15 63 100 -1 33 41 63 100 -1 -2
16 28 35 69 -1 28 30 57 88 -1 -2
10 40 56 62 -1 6 48 63 66 -1 6 53 63 97 -1 28 55 85 96 -1 8 20 84 96 -1 7 22 50 73 -1 1 14 38 94 -1 49 64 81 96 -1 -2
10 38 49 65 -1 12 14 30 65 -1 3 35 41 83 -1 11 29 35 38 -1 4 8 45 80 -1 20 30 81 83 -1 10 83 84 89 -1 9 19 35 40 -1 -2
25 64 65 89 -1 16 25 36 94 -1 5 40 50 58 -1 -2
15 28 89 91 -1 3 48 53 86 -1 -2
36 87 96 98 -1 25 39 49 67 -1 -2
6 13 43 60 -1 10 14 19 33 -1 21 61 86 93 -1 28 44 47 75 -1 23 41 43 80 -1 23 78 93 96 -1 21 44 76 84 -1 3 62 65 87 -1 -2
27 46 48 62 -1 25 65 89 97 -1 41 50 69 73 -1 9 15 60 63 -1 18 33 57 70 -1 -2
2 38 46 48 -1 22 33 41 74 -1 43 55 68 85 -1 80 81 87 95 -1 11 43 59 71 -1 25 34 81 92 -1 -2
15 48 80 87 -1 34 47 83 91 -1 10 60 84 97 -1 24 37 63 82 -1 -2
18 33 63 91 -1 11 41 60 100 -1 35 77 84 87 -1 -2
4 15 21 25 -1 2 28 31 53 -1 8 36 53 66 -1 20 56 58 75 -1 9 69 77 98 -1 -2
20 23 54 93 -1 10 32 77 95 -1 17 48 77 89 -1 68 79 84 97 -1 16 75 90 92 -1 3 30 54 62 -1 15 41 58 73 -1 -2
25 44 58 64 -1 15 34 83 95 -1 5 21 25 35 -1 -2
21 36 44 61 -1 35 40 60 84 -1 4 11 90 93 -1 13 67 69 70 -1 10 21 85 92 -1 -2
4 61 96 98 -1 2 16 43 88 -1 24 58 78 91 -1 16 60 62 76 -1 11 19 55 65 -1 33 37 40 64 -1 -2
16 37 42 96 -1 4 18 28 62 -1 48 70 92 97 -1 5 39 47 68 -1 17 20 25 83 -1 -2
32 35 56 85 -1 7 9 41 99 -1 2 28 37 53 -1 12 67 71 83 -1 -2
12 58 60 73 -1 2 9 48 58 -1 -2
7 27 37 40 -1 40 62 68 90 -1 54 59 62 67 -1 12 19 38 78 -1 14 55 57 94 -1 30 36 48 73 -1 -2
3 26 56 70 -1 54 57 85 93 -1 25 27 75 87 -1 22 32 43 60 -1 40 42 52 65 -1 28 61 65 82 -1 9 54 67 84 -1 28 45 72 76 -1 -2
4 6 33 71 -1 16 44 64 70 -1 13 43 55 85 -1 34 35 52 70 -1 -2
37 78 86 94 -1 18 19 54 98 -1 43 47 62 66 -1 17 33 44 91 -1 43 55 69 99 -1 21 24 59 66 -1 -2
16 30 49 56 -1 20 27 60 66 -1 -2
32 37 54 91 -1 10 34 76 86 -1 38 70 84 89 -1 24 33 85 94 -1 -2
51 81 87 98 -1 5 19 20 21 -1 15 34 83 98 -1 -2
24 33 51 73 -1 -2
56 60 61 99 -1 77 89 93 96 -1 2 37 38 58 -1 20 44 58 66 -1 9 49 96 100 -1 53 62 82 84 -1 19 21 56 73 -1 11 48 58 92 -1 -2
48 64 97 99 -1 37 51 61 92 -1 28 38 80 85 -1 55 76 86 99 -1 -2
31 92 93 95 -1 8 20 35 60 -1 18 21 34 85 -1 8 40 45 49 -1 22 26 60 77 -1 23 38 39 64 -1 -2
14 61 72 92 -1 34 38 73 94 -1 7 73 90 99 -1 57 66 90 97 -1 4 32 70 96 -1 -2
10 11 71 76 -1 7 19 62 73 -1 9 26 49 50 -1 4 21 32 70 -1 -2
7 48 58 79 -1 1 22 60 63 -1 25 51 58 65 -1 5 23 39 65 -1 45 75 78 85 -1 -2
3 9 25 56 -1 4 8 74 82 -1 21 51 64 77 -1 38 41 49 80 -1 26 40 78 83 -1 1 26 58 94 -1 2 16 32 67 -1 5 19 30 36 -1 -2
29 30 66 97 -1 17 52 88 95 -1 24 38 72 76 -1 39 63 65 99 -1 11 21 27 39 -1 -2
35 73 82 84 -1 1 22 23 64 -1 27 28 42 93 -1 -2
16 29 64 85 -1 15 25 51 77 -1 1 72 80 92 -1 6 22 65 68 -1 14 57 72 97 -1 24 26 35 77 -1 2 38 77 100 -1 9 35 58 70 -1 -2
6 73 89 93 -1 21 68 86 94 -1 46 80 82 95 -1 34 53 81 97 -1 8 32 67 82 -1 -2
9 11 65 95 -1 6 34 54 77 -1 9 26 35 75 -1 1 18 27 89 -1 21 28 44 67 -1 1 82 89 97 -1 -2
55 65 81 84 -1 2 12 70 79 -1 -2
4 13 17 76 -1 8 25 50 97 -1 30 73 83 95 -1 22 51 77 94 -1 14 18 23 87 -1 -2
5 6 52 70 -1 17 44 47 91 -1 52 67 88 92 -1 17 52 58 98 -1 24 73 91 94 -1 4 47 57 77 -1 17 26 33 56 -1 -2
17 24 35 41 -1 18 22 76 96 -1 -2
32 68 75 88 -1 7 43 65 69 -1 25 41 59 74 -1 42 47 51 54 -1 -2
45 80 83 87 -1 17 41 45 55 -1 -2
8 26 44 93 -1 34 40 53 79 -1 3 20 51 60 -1 31 36 65 100 -1 20 41 75 88 -1 -2
4 5 15 83 -1 4 18 40 91 -1 18 20 26 57 -1 14 19 30 40 -1 1 46 94 98 -1 4 30 38 77 -1 17 46 57 73 -1 -2
7 32 52 66 -1 -2
14 70 75 98 -1 41 48 69 85 -1 -2
3 20 80 94 -1 7 30 60 69 -1 16 55 78 86 -1 -2
9 10 41 82 -1 2 4 13 54 -1 2 25 64 93 -1 4 60 83 93 -1 -2
6 31 85 100 -1 13 20 74 77 -1 5 24 53 54 -1 -2
7 8 51 56 -1 22 54 60 68 -1 17 42 46 53 -1 -2
7 54 79 92 -1 42 67 68 77 -1 5 27 36 86 -1 10 47 53 89 -1 3 14 48 56 -1 25 29 61 93 -1 2 19 91 99 -1 -2
4 15 17 94 -1 13 21 35 55 -1 7 17 25 62 -1 -2
14 43 46 81 -1 17 55 64 89 -1 8 68 78 100 -1 33 43 80 96 -1 6 31 65 99 -1 28 32 36 53 -1 3 19 66 71 -1 14 20 46 98 -1 -2
10 28 59 81 -1 -2
2 36 66 67 -1 37 42 65 86 -1 18 26 48 97 -1 22 26 51 90 -1 6 28 38 63 -1 11 15 59 72 -1 25 50 95 96 -1 1 23 63 80 -1 -2
17 26 32 100 -1 9 29 32 73 -1 35 37 40 63 -1 -2
16 50 57 71 -1 3 15 49 51 -1 34 45 74 79 -1 4 27 38 85 -1 -2
14 19 26 98 -1 9 20 27 33 -1 2 3 8 25 -1 -2
3 32 70 78 -1 31 58 71 81 -1 22 29 52 90 -1 15 80 85 91 -1 6 7 27 47 -1 13 16 24 40 -1 62 72 84 93 -1 20 59 72 74 -1 -2
1 19 73 94 -1 13 19 31 32 -1 9 33 62 69 -1 -2
2 29 62 73 -1 7 22 81 91 -1 37 52 65 81 -1 28 37 51 94 -1 2 39 42 84 -1 -2
1 24 61 91 -1 24 56 57 97 -1 17 79 89 91 -1 24 28 43 84 -1 -2
16 28 30 76 -1 21 24 38 77 -1 22 46 66 69 -1 40 43 91 93 -1 35 41 76 81 -1 7 38 47 89 -1 66 73 93 100 -1 21 43 97 100 -1 -2
15 55 63 78 -1 54 60 62 100 -1 35 50 53 61 -1 4 37 55 67 -1 47 76 85 88 -1 9 12 15 74 -1 29 77 82 93 -1 -2
29 50 56 87 -1 13 18 28 60 -1 15 71 74 78 -1 51 54 59 81 -1 55 77 90 95 -1 15 72 83 91 -1 19 53 61 67 -1 -2
3 48 71 74 -1 9 18 35 71 -1 36 42 47 71 -1 6 85 94 100 -1 13 33 37 74 -1 3 44 46 90 -1 6 10 12 66 -1 19 25 50 55 -1 -2
15 46 51 79 -1 7 31 72 74 -1 29 56 59 67 -1 47 50 79 96 -1 -2
38 75 92 97 -1 31 33 50 93 -1 -2
63 66 96 98 -1 10 23 64 99 -1 16 31 44 84 -1 26 29 38 42 -1 21 61 72 100 -1 -2
7 73 74 100 -1 28 29 69 84 -1 7 27 28 87 -1 8 24 40 52 -1 28 51 52 75 -1 -2
56 67 86 89 -1 3 5 25 42 -1 20 29 33 93 -1 3 16 61 81 -1 23 24 52 62 -1 1 42 67 81 -1 -2
19 67 68 82 -1 19 42 92 98 -1 -2
14 48 59 84 -1 15 40 48 49 -1 -2
20 26 72 88 -1 5 44 49 100 -1 -2
15 23 24 76 -1 -2
10 31 56 66 -1 10 17 71 91 -1 11 30 32 67 -1 5 22 50 51 -1 20 56 96 97 -1 33 38 42 43 -1 9 21 48 80 -1 54 58 76 86 -1 -2
7 13 20 77 -1 16 18 27 28 -1 65 75 83 91 -1 8 9 23 96 -1 14 36 44 91 -1 31 46 71 86 -1 41 53 75 83 -1 5 28 56 93 -1 -2
24 30 49 54 -1 1 10 18 90 -1 2 36 48 56 -1 33 48 49 56 -1 52 57 70 72 -1 28 43 97 100 -1 35 65 71 87 -1 21 29 51 55 -1 -2
48 51 81 98 -1 9 21 33 97 -1 15 20 41 58 -1 17 53 61 91 -1 33 43 67 84 -1 24 79 80 81 -1 -2
9 21 36 68 -1 25 37 78 96 -1 7 28 70 78 -1 -2
24 33 77 83 -1 6 12 45 73 -1 30 42 53 95 -1 34 49 54 55 -1 28 29 36 77 -1 5 44 89 90 -1 21 48 69 100 -1 36 55 56 96 -1 -2
1 6 8 29 -1 7 44 51 92 -1 25 39 47 79 -1 29 72 73 79 -1 -2
17 20 28 52 -1 22 28 60 90 -1 4 38 83 88 -1 55 70 76 93 -1 58 62 87 93 -1 4 44 53 88 -1 -2
11 28 61 79 -1 28 47 76 77 -1 4 62 72 98 -1 16 27 39 94 -1 37 45 46 89 -1 31 36 71 86 -1 -2
17 52 65 90 -1 -2
34 62 86 87 -1 34 65 77 84 -1 25 41 61 89 -1 1 56 77 96 -1 26 32 81 96 -1 42 47 70 75 -1 -2
37 69 82 84 -1 2 25 37 89 -1 54 55 65 68 -1 12 14 69 81 -1 28 50 70 94 -1 7 53 65 70 -1 76 93 94 95 -1 6 32 91 99 -1 -2
34 44 50 53 -1 6 69 74 92 -1 16 38 48 100 -1 12 37 68 87 -1 47 91 97 99 -1 12 30 67 71 -1 -2
21 36 49 66 -1 -2
18 26 29 86 -1 14 55 84 86 -1 25 39 44 88 -1 14 34 54 70 -1 6 8 47 72 -1 -2
2 47 63 91 -1 8 42 47 84 -1 6 10 66 68 -1 7 35 72 89 -1 25 38 81 94 -1 -2
8 44 52 78 -1 38 84 85 96 -1 30 49 58 85 -1 14 50 64 83 -1 14 41 71 80 -1 1 30 60 81 -1 2 37 60 100 -1 -2
27 38 86 87 -1 17 19 20 91 -1 24 29 57 69 -1 5 9 29 78 -1 14 68 79 87 -1 15 27 59 100 -1 49 56 83 99 -1 -2
22 24 44 84 -1 -2
6 41 55 69 -1 14 30 49 51 -1 82 89 91 93 -1 20 23 43 51 -1 31 38 74 82 -1 15 45 53 66 -1 -2
43 71 80 83 -1 12 45 63 67 -1 3 62 84 95 -1 74 76 86 93 -1 -2
15 23 78 82 -1 48 60 80 98 -1 11 67 91 98 -1 3 24 48 49 -1 24 46 58 65 -1 17 29 48 96 -1 -2
33 43 79 99 -1 18 40 81 88 -1 16 33 53 56 -1 3 18 52 81 -1 14 25 29 88 -1 31 34 52 74 -1 1 3 27 81 -1 -2
5 38 40 74 -1 41 43 54 57 -1 72 74 80 93 -1 37 38 45 98 -1 -2
1 20 23 31 -1 10 39 71 86 -1 4 5 25 97 -1 23 58 92 95 -1 -2
27 45 57 63 -1 27 36 64 88 -1 30 32 74 95 -1 -2
11 47 89 97 -1 28 51 73 92 -1 19 40 73 93 -1 -2
11 27 30 67 -1 10 13 24 66 -1 14 70 81 91 -1 28 52 55 87 -1 5 29 35 49 -1 38 42 55 99 -1 4 75 87 93 -1 6 9 71 98 -1 -2
12 41 66 99 -1 27 42 92 100 -1 25 30 42 63 -1 31 68 86 95 -1 5 24 43 93 -1 -2
26 49 52 67 -1 31 38 53 83 -1 16 39 53 63 -1 -2
44 53 59 84 -1 2 47 73 79 -1 7 32 59 68 -1 10 20 86 91 -1 6 27 56 85 -1 40 67 82 88 -1 -2
34 45 63 69 -1 -2
4 6 39 60 -1 31 58 74 100 -1 31 33 52 82 -1 1 11 56 95 -1 16 28 42 56 -1 9 28 51 54 -1 30 42 66 92 -1 26 63 69 76 -1 -2
36 49 62 68 -1 56 64 86 95 -1 12 17 34 47 -1 22 60 78 83 -1 18 31 57 72 -1 -2
15 38 94 100 -1 2 27 31 87 -1 32 33 46 92 -1 -2
7 31 41 89 -1 1 16 35 80 -1 8 27 30 100 -1 12 15 55 72 -1 61 67 77 84 -1 -2
9 21 38 77 -1 4 55 77 79 -1 69 94 97 100 -1 15 34 42 62 -1 11 28 33 55 -1 10 57 90 93 -1 -2
23 26 57 63 -1 -2
19 40 41 88 -1 24 27 89 90 -1 10 14 45 74 -1 -2
20 28 45 56 -1 -2
8 26 35 74 -1 49 52 77 78 -1 10 57 59 80 -1 21 25 32 42 -1 14 16 50 82 -1 9 52 61 99 -1 32 49 54 87 -1 -2
1 29 48 58 -1 7 30 35 55 -1 -2
8 16 53 66 -1 4 22 85 96 -1 10 48 83 93 -1 4 34 47 87 -1 7 8 35 37 -1 18 57 84 91 -1 4 9 13 34 -1 -2
2 12 40 80 -1 24 63 64 74 -1 2 6 63 95 -1 21 35 73 79 -1 37 66 88 99 -1 23 68 78 92 -1 6 26 87 93 -1 5 42 47 88 -1 -2
41 45 68 98 -1 8 39 47 100 -1 2 5 13 54 -1 15 21 92 95 -1 3 35 41 66 -1 -2
12 23 28 93 -1 -2
6 8 9 49 -1 58 83 91 95 -1 12 35 72 92 -1 -2
1 13 79 99 -1 3 17 40 93 -1 77 85 88 99 -1 17 32 57 67 -1 47 54 82 90 -1 -2
3 18 43 71 -1 36 39 50 57 -1 72 75 87 90 -1 50 66 88 94 -1 23 46 67 81 -1 43 75 77 96 -1 9 58 87 90 -1 -2
3 23 36 68 -1 -2
16 19 28 79 -1 19 24 38 86 -1 55 66 78 80 -1 1 18 55 92 -1 8 74 93 94 -1 26 33 35 41 -1 6 20 82 96 -1 -2
9 29 82 91 -1 17 32 62 71 -1 25 41 56 96 -1 16 24 64 85 -1 -2
19 63 81 93 -1 62 63 79 83 -1 2 7 44 65 -1 11 25 30 52 -1 13 21 22 99 -1 5 39 54 99 -1 17 19 67 78 -1 17 31 79 91 -1 -2
12 18 31 65 -1 24 25 28 68 -1 6 41 91 99 -1 7 17 56 77 -1 36 39 56 57 -1 11 50 79 80 -1 8 10 13 57 -1 -2
8 63 95 98 -1 27 47 68 97 -1 22 54 67 97 -1 16 60 63 70 -1 9 42 62 71 -1 -2
7 9 45 51 -1 23 50 88 100 -1 2 20 48 86 -1 15 24 43 99 -1 -2
11 65 88 97 -1 36 39 43 87 -1 35 62 86 97 -1 35 65 84 90 -1 28 29 30 77 -1 30 52 92 97 -1 -2
12 65 71 83 -1 -2
1 28 44 59 -1 10 11 27 57 -1 2 8 11 24 -1 14 56 61 94 -1 15 18 80 86 -1 42 78 87 90 -1 18 31 39 55 -1 -2
38 44 56 99 -1 12 35 81 95 -1 -2
27 44 63 93 -1 2 4 5 24 -1 10 43 49 65 -1 -2
45 51 59 100 -1 6 43 90 92 -1 31 34 45 84 -1 16 42 45 79 -1 15 19 46 85 -1 19 32 52 81 -1 6 66 71 97 -1 -2
15 22 26 62 -1 18 54 62 83 -1 18 32 58 65 -1 59 66 89 90 -1 22 47 48 49 -1 -2
8 10 32 98 -1 4 43 46 78 -1 -2
4 23 56 71 -1 16 87 90 97 -1 69 74 92 96 -1 -2
18 68 73 77 -1 9 10 20 54 -1 32 48 63 99 -1 10 32 80 90 -1 18 50 61 94 -1 19 29 57 86 -1 3 8 48 67 -1 -2
42 63 68 78 -1 30 49 59 71 -1 5 7 11 91 -1 50 69 78 100 -1 9 13 15 20 -1 14 31 49 61 -1 -2
49 56 61 98 -1 9 54 58 61 -1 20 40 42 77 -1 24 25 52 86 -1 9 51 81 94 -1 15 38 61 98 -1 2 21 29 43 -1 -2
14 30 42 96 -1 22 79 88 90 -1 17 27 29 44 -1 -2
46 56 80 94 -1 52 59 66 98 -1 3 11 32 57 -1 15 19 34 84 -1 14 48 50 100 -1 -2
51 68 89 97 -1 2 24 82 93 -1 24 29 38 92 -1 -2
53 66 93 100 -1 3 13 47 59 -1 5 16 35 69 -1 16 21 35 45 -1 36 47 59 71 -1 33 35 67 87 -1 23 35 62 90 -1 -2
30 34 56 69 -1 31 41 56 93 -1 9 36 42 81 -1 29 46 62 76 -1 42 47 48 54 -1 16 50 78 79 -1 12 25 43 86 -1 -2
28 54 87 98 -1 9 31 44 66 -1 3 81 84 85 -1 10 65 73 98 -1 19 32 48 59 -1 -2
10 16 31 66 -1 6 52 57 77 -1 13 72 90 98 -1 16 45 89 100 -1 1 19 24 85 -1 -2
18 27 82 90 -1 20 35 63 89 -1 8 35 59 96 -1 32 34 54 87 -1 56 65 84 85 -1 18 20 41 45 -1 -2
10 44 52 59 -1 -2
28 32 51 77 -1 7 20 61 83 -1 18 27 87 88 -1 10 53 60 81 -1 15 38 42 65 -1 -2
11 41 56 100 -1 -2
21 45 49 61 -1 -2
5 47 50 95 -1 11 16 44 56 -1 16 20 25 41 -1 10 24 86 89 -1 18 48 86 96 -1 8 34 80 88 -1 -2
27 62 83 85 -1 43 45 62 68 -1 7 26 47 97 -1 37 65 66 98 -1 23 41 67 72 -1 5 11 97 98 -1 2 49 72 93 -1 -2
44 47 48 66 -1 7 13 18 39 -1 18 25 81 88 -1 14 23 33 39 -1 9 54 58 92 -1 25 31 71 95 -1 46 66 82 91 -1 39 60 61 63 -1 -2
6 9 23 62 -1 23 32 85 97 -1 2 18 75 85 -1 -2
5 14 78 96 -1 9 15 73 76 -1 21 25 27 88 -1 6 26 60 75 -1 56 63 74 100 -1 50 61 84 94 -1 -2
38 48 62 64 -1 43 47 67 76 -1 13 36 46 86 -1 62 81 84 100 -1 47 75 82 94 -1 18 30 97 99 -1 12 36 61 99 -1 4 10 22 84 -1 -2
36 52 74 97 -1 13 29 44 53 -1 -2
2 39 56 95 -1 11 42 59 63 -1 19 21 41 98 -1 31 44 58 89 -1 19 70 79 96 -1 13 34 37 91 -1 -2
36 40 95 97 -1 8 13 38 72 -1 4 8 30 34 -1 44 46 80 100 -1 -2
19 24 30 62 -1 9 36 53 80 -1 48 76 78 86 -1 25 38 63 99 -1 -2
9 39 52 77 -1 21 67 99 100 -1 -2
7 80 92 93 -1 1 2 27 30 -1 25 67 68 90 -1 22 72 73 100 -1 38 46 55 87 -1 27 74 76 99 -1 -2
9 31 73 94 -1 34 39 56 97 -1 -2
11 46 74 79 -1 62 69 70 72 -1 25 33 50 92 -1 54 79 80 91 -1 -2
8 62 66 73 -1 2 34 62 68 -1 -2
64 72 84 94 -1 12 27 42 43 -1 48 67 78 97 -1 21 45 65 77 -1 15 40 60 93 -1 48 49 58 80 -1 55 59 70 84 -1 -2
3 22 41 72 -1 31 37 58 68 -1 6 31 38 92 -1 -2
1 8 17 18 -1 9 62 73 93 -1 11 45 48 65 -1 16 24 34 80 -1 -2
38 42 82 99 -1 43 58 60 63 -1 55 77 83 94 -1 54 55 56 62 -1 36 39 42 92 -1 25 34 44 91 -1 -2
2 15 28 80 -1 9 22 46 77 -1 14 26 81 87 -1 20 32 76 88 -1 9 64 70 78 -1 26 49 57 97 -1 7 33 74 78 -1 -2
50 64 68 91 -1 19 23 38 90 -1 8 15 20 100 -1 -2
24 46 51 54 -1 51 55 73 83 -1 -2
28 30 94 99 -1 24 52 72 84 -1 15 29 30 81 -1 6 36 78 99 -1 52 55 73 89 -1 32 61 64 66 -1 -2
1 14 49 70 -1 32 36 41 53 -1 18 43 63 97 -1 22 34 49 71 -1 11 23 51 63 -1 23 31 38 69 -1 -2
10 23 38 97 -1 8 29 66 79 -1 4 8 32 87 -1 15 27 34 78 -1 -2
12 34 49 95 -1 57 71 93 97 -1 13 45 57 62 -1 15 18 84 95 -1 10 57 66 72 -1 2 16 79 93 -1 11 32 36 73 -1 26 27 58 81 -1 -2
23 35 63 75 -1 6 44 80 97 -1 16 19 65 78 -1 6 11 64 94 -1 42 59 68 89 -1 40 67 75 85 -1 20 25 47 72 -1 27 46 51 88 -1 -2
55 82 83 86 -1 10 47 65 88 -1 1 28 59 88 -1 7 41 54 64 -1 6 22 38 89 -1 15 33 47 48 -1 9 32 54 89 -1 28 59 67 74 -1 -2
28 46 83 92 -1 -2
23 29 74 88 -1 9 42 51 67 -1 1 39 46 90 -1 -2
19 23 44 85 -1 24 57 70 81 -1 45 62 86 100 -1 26 33 91 100 -1 5 8 80 94 -1 29 34 37 73 -1 2 8 9 16 -1 14 30 53 74 -1 -2
6 8 24 52 -1 10 24 44 78 -1 6 47 82 95 -1 -2
8 28 77 83 -1 51 54 62 71 -1 23 33 81 95 -1 7 12 19 43 -1 12 32 59 79 -1 6 18 65 94 -1 9 45 78 86 -1 46 63 74 84 -1 -2
12 23 32 38 -1 11 38 61 94 -1 69 72 86 95 -1 13 16 70 75 -1 16 51 66 88 -1 40 43 59 75 -1 29 65 93 98 -1 -2
9 55 93 98 -1 14 43 83 90 -1 5 45 51 53 -1 1 17 44 86 -1 22 33 59 69 -1 17 26 60 89 -1 25 53 80 82 -1 23 31 45 51 -1 -2
10 22 40 50 -1 24 42 52 95 -1 21 23 59 76 -1 33 51 58 64 -1 -2
24 48 53 89 -1 1 40 46 90 -1 31 52 56 94 -1 15 48 80 96 -1 9 39 49 91 -1 28 59 74 83 -1 13 63 94 99 -1 39 44 62 69 -1 -2
36 81 86 100 -1 -2
4 39 47 84 -1 32 40 49 97 -1 38 63 67 99 -1 -2
26 43 88 91 -1 13 38 63 77 -1 14 44 76 81 -1 18 35 61 96 -1 17 55 60 96 -1 6 14 28 70 -1 25 55 74 81 -1 -2
45 65 96 97 -1 45 53 63 91 -1 9 15 69 76 -1 -2
5 49 50 71 -1 18 27 32 69 -1 12 16 23 54 -1 31 33 68 86 -1 28 55 62 68 -1 9 42 43 55 -1 1 39 66 80 -1 66 78 89 96 -1 -2
19 20 27 38 -1 12 54 77 85 -1 7 29 31 63 -1 5 59 69 78 -1 1 24 64 72 -1 15 20 49 57 -1 -2
17 34 62 72 -1 7 75 94 96 -1 71 81 82 92 -1 10 17 44 90 -1 65 69 85 91 -1 -2
45 60 73 77 -1 -2
45 68 75 85 -1 54 69 90 93 -1 2 42 51 68 -1 -2
7 50 68 90 -1 14 39 99 100 -1 21 34 41 84 -1 47 51 85 93 -1 10 21 36 87 -1 7 32 62 87 -1 2 63 71 90 -1 -2
9 63 82 86 -1 57 74 81 91 -1 2 12 13 99 -1 -2
17 54 63 83 -1 23 24 41 43 -1 4 30 44 52 -1 47 62 72 100 -1 -2
15 44 55 99 -1 24 56 59 90 -1 4 18 42 43 -1 -2
11 41 67 78 -1 7 10 35 76 -1 20 23 32 90 -1 61 62 66 95 -1 9 66 67 68 -1 -2
21 24 52 88 -1 -2
3 66 69 85 -1 48 65 67 96 -1 7 13 48 49 -1 43 46 72 73 -1 42 44 51 93 -1 -2
61 69 74 79 -1 -2
32 36 66 98 -1 22 39 85 98 -1 15 77 91 100 -1 -2
30 65 71 73 -1 45 51 76 88 -1 22 59 61 76 -1 15 32 35 78 -1 36 39 89 92 -1 20 22 45 59 -1 64 74 83 99 -1 -2
28 39 54 94 -1 49 85 88 99 -1 45 63 68 91 -1 9 42 63 88 -1 9 38 47 84 -1 -2
8 10 30 92 -1 17 18 25 50 -1 3 28 75 95 -1 4 58 68 85 -1 14 33 48 75 -1 12 41 48 70 -1 -2
3 54 56 78 -1 1 56 72 92 -1 -2
32 80 89 93 -1 25 34 52 63 -1 11 28 43 85 -1 1 28 35 99 -1 1 6 41 52 -1 -2
30 64 91 94 -1 10 18 72 99 -1 17 25 30 92 -1 45 61 66 67 -1 28 48 70 88 -1 -2
5 25 59 96 -1 35 40 71 99 -1 3 49 93 100 -1 16 45 55 90 -1 20 49 58 65 -1 8 32 76 85 -1 14 30 90 99 -1 -2
21 30 90 92 -1 12 37 40 70 -1 17 71 82 98 -1 6 16 22 65 -1 7 18 44 99 -1 8 46 49 75 -1 9 21 28 51 -1 -2
45 68 79 85 -1 7 15 23 98 -1 4 8 35 36 -1 24 47 61 73 -1 8 32 55 99 -1 3 13 18 39 -1 -2
23 55 65 82 -1 9 14 33 94 -1 -2
20 60 67 70 -1 13 26 59 81 -1 21 29 46 81 -1 23 27 39 78 -1 11 12 27 30 -1 -2
38 47 57 76 -1 22 61 77 86 -1 29 40 53 56 -1 3 39 96 100 -1 24 65 77 88 -1 16 22 30 87 -1 26 33 51 87 -1 -2
2 48 74 96 -1 39 47 69 95 -1 16 44 77 88 -1 63 66 70 72 -1 6 24 55 71 -1 29 41 52 79 -1 11 34 36 87 -1 -2
1 23 68 75 -1 5 6 18 24 -1 10 18 54 77 -1 3 4 43 69 -1 9 14 21 69 -1 -2
15 44 55 61 -1 7 8 13 93 -1 5 84 91 98 -1 31 77 82 84 -1 32 62 83 97 -1 6 64 77 99 -1 28 36 65 82 -1 -2
3 7 42 93 -1 22 32 35 39 -1 4 7 44 51 -1 27 33 67 74 -1 6 14 34 82 -1 23 63 71 97 -1 18 22 49 85 -1 13 18 85 92 -1 -2
10 18 61 71 -1 25 32 87 96 -1 -2
15 27 50 76 -1 12 14 50 83 -1 25 30 69 89 -1 47 66 69 75 -1 43 54 64 82 -1 51 60 76 89 -1 5 7 51 55 -1 17 27 39 83 -1 -2
49 65 95 96 -1 9 24 65 71 -1 -2
44 69 91 93 -1 15 55 94 100 -1 -2
22 33 56 83 -1 10 38 57 97 -1 5 15 37 62 -1 -2
19 48 80 81 -1 9 38 53 65 -1 15 23 83 99 -1 17 24 58 69 -1 44 62 87 95 -1 25 62 73 96 -1 10 28 32 42 -1 -2
35 66 76 77 -1 14 43 49 82 -1 31 46 49 83 -1 14 41 64 91 -1 45 55 61 87 -1 23 48 66 75 -1 17 37 39 48 -1 -2
8 21 30 51 -1 10 25 61 100 -1 11 70 86 96 -1 54 68 79 84 -1 2 19 52 53 -1 4 72 75 77 -1 24 42 43 91 -1 30 44 65 90 -1 -2
16 18 65 69 -1 16 46 54 95 -1 21 50 68 96 -1 23 63 68 99 -1 33 47 85 98 -1 13 33 50 68 -1 -2
40 57 87 99 -1 16 19 44 95 -1 14 42 46 58 -1 -2
15 51 61 92 -1 3 78 80 93 -1 2 3 30 40 -1 8 23 30 59 -1 28 32 33 53 -1 3 43 50 58 -1 8 40 43 90 -1 15 71 87 92 -1 -2
4 22 44 46 -1 -2
65 72 77 88 -1 14 43 47 87 -1 3 51 55 96 -1 7 18 60 68 -1 4 5 51 62 -1 -2
22 42 56 62 -1 6 31 34 95 -1 27 36 43 76 -1 22 31 39 99 -1 4 12 70 92 -1 -2
11 30 31 82 -1 22 49 52 95 -1 18 49 58 92 -1 18 42 72 80 -1 10 47 60 79 -1 13 18 48 55 -1 8 23 35 82 -1 -2
20 23 47 68 -1 12 52 85 87 -1 12 52 81 97 -1 46 52 87 100 -1 -2
14 25 30 80 -1 33 47 53 81 -1 17 35 39 79 -1 32 63 73 94 -1 -2
28 42 49 87 -1 32 46 47 52 -1 11 21 46 48 -1 -2
20 78 81 90 -1 32 44 47 72 -1 17 34 60 93 -1 23 41 54 99 -1 16 61 74 92 -1 24 51 69 93 -1 -2
45 57 58 60 -1 30 62 72 85 -1 6 64 78 89 -1 14 35 52 97 -1 4 54 55 91 -1 -2
32 34 83 100 -1 -2
18 53 63 76 -1 20 30 56 80 -1 2 65 83 86 -1 29 64 69 83 -1 32 50 59 94 -1 -2
46 65 77 94 -1 25 49 60 63 -1 6 15 36 54 -1 24 45 78 99 -1 17 86 88 94 -1 -2
14 28 68 75 -1 30 64 80 95 -1 9 29 47 55 -1 7 22 33 78 -1 17 34 37 51 -1 -2
6 29 71 85 -1 29 57 86 92 -1 44 65 68 97 -1 7 34 62 96 -1 -2
2 18 21 62 -1 25 59 67 85 -1 11 45 51 76 -1 -2
18 29 46 80 -1 10 39 40 84 -1 8 56 67 88 -1 21 35 70 76 -1 40 86 88 92 -1 -2
23 52 70 72 -1 8 32 53 80 -1 53 60 61 87 -1 6 16 44 63 -1 6 14 31 76 -1 -2
47 51 77 97 -1 6 29 54 98 -1 24 25 40 93 -1 12 59 80 84 -1 22 27 41 47 -1 -2
7 12 13 91 -1 4 9 51 54 -1 55 65 88 100 -1 3 49 54 62 -1 22 28 38 57 -1 20 29 48 49 -1 45 48 71 91 -1 -2
13 34 42 74 -1 18 21 55 87 -1 1 24 92 97 -1 -2
10 16 20 94 -1 15 30 60 96 -1 51 87 91 96 -1 -2
9 15 89 93 -1 27 30 36 96 -1 6 17 28 82 -1 7 55 66 81 -1 3 14 26 79 -1 3 6 24 94 -1 63 64 88 98 -1 21 65 69 90 -1 -2
9 54 61 69 -1 41 49 73 76 -1 1 15 39 54 -1 12 41 51 100 -1 -2
36 55 58 64 -1 39 58 71 82 -1 1 6 27 95 -1 13 67 76 77 -1 7 15 39 61 -1 17 31 35 97 -1 -2
42 72 82 83 -1 51 88 96 97 -1 2 13 32 75 -1 6 15 72 93 -1 12 85 97 100 -1 25 58 82 100 -1 27 31 68 98 -1 48 49 65 92 -1 -2
26 42 76 83 -1 12 62 64 86 -1 13 29 48 82 -1 36 48 74 77 -1 -2
32 39 42 93 -1 22 39 55 58 -1 9 85 93 95 -1 10 39 49 96 -1 25 42 59 82 -1 16 44 74 90 -1 -2
17 21 28 88 -1 23 29 44 94 -1 6 62 72 80 -1 19 49 62 84 -1 21 40 68 83 -1 -2
1 29 94 96 -1 19 58 64 80 -1 8 17 42 82 -1 2 39 60 81 -1 4 28 52 96 -1 38 45 62 95 -1 1 16 75 99 -1 -2
1 48 75 92 -1 10 20 39 48 -1 52 56 70 75 -1 24 47 72 74 -1 30 51 80 81 -1 6 24 38 90 -1 4 61 73 87 -1 -2
20 82 87 91 -1 33 75 96 100 -1 2 21 39 75 -1 41 53 56 67 -1 14 35 60 77 -1 -2
16 33 57 81 -1 48 51 62 72 -1 10 16 88 99 -1 15 39 47 56 -1 12 68 88 95 -1 -2
12 37 86 89 -1 26 54 66 95 -1 45 54 79 89 -1 -2
25 60 70 82 -1 34 38 46 97 -1 35 73 75 100 -1 4 32 49 94 -1 7 34 43 69 -1 69 71 85 99 -1 -2
12 14 29 35 -1 -2
9 22 59 67 -1 8 31 48 92 -1 21 79 94 99 -1 15 29 66 83 -1 -2
9 32 53 88 -1 -2
7 24 58 85 -1 7 9 24 68 -1 -2
27 32 56 71 -1 53 62 68 92 -1 14 40 53 78 -1 15 23 57 61 -1 3 50 64 78 -1 -2
53 54 59 65 -1 41 42 44 57 -1 6 8 31 48 -1 18 29 60 71 -1 11 13 66 72 -1 2 3 26 32 -1 18 30 42 97 -1 4 60 84 91 -1 -2
2 18 90 93 -1 46 51 56 59 -1 5 68 76 98 -1 77 86 93 97 -1 8 58 95 97 -1 10 12 39 93 -1 -2
31 44 53 66 -1 52 62 82 92 -1 25 50 94 96 -1 32 49 55 83 -1 28 29 33 94 -1 26 31 65 86 -1 50 51 56 64 -1 -2
31 35 47 84 -1 -2
17 52 80 86 -1 28 30 76 86 -1 59 65 83 93 -1 31 34 42 94 -1 9 80 87 99 -1 11 16 22 66 -1 30 41 45 89 -1 22 34 45 53 -1 -2
5 39 42 96 -1 34 56 60 89 -1 41 55 60 84 -1 30 39 64 84 -1 -2
13 19 42 92 -1 5 11 49 82 -1 13 37 47 76 -1 23 73 83 98 -1 21 86 87 97 -1 -2
9 25 31 83 -1 3 33 61 65 -1 6 64 71 93 -1 -2
15 19 82 92 -1 19 31 33 38 -1 10 49 58 95 -1 -2
22 42 43 50 -1 36 91 94 95 -1 2 7 22 45 -1 12 24 73 77 -1 14 25 42 74 -1 12 49 54 88 -1 76 81 93 99 -1 20 31 55 71 -1 -2
4 39 90 92 -1 13 47 67 91 -1 2 32 35 100 -1 26 29 70 78 -1 14 34 86 95 -1 5 30 60 68 -1 25 41 63 67 -1 67 72 74 78 -1 -2
19 60 77 80 -1 -2
6 24 52 94 -1 2 30 73 93 -1 12 23 62 67 -1 28 30 48 49 -1 15 43 48 69 -1 9 18 33 62 -1 -2
18 66 83 90 -1 1 33 68 69 -1 -2
3 16 22 56 -1 4 16 24 69 -1 26 49 63 64 -1 28 47 72 80 -1 27 45 64 85 -1 9 11 49 60 -1 19 24 68 83 -1 1 23 36 63 -1 -2
1 34 42 68 -1 26 33 51 57 -1 39 49 57 82 -1 1 27 57 61 -1 20 25 81 100 -1 -2
21 36 67 98 -1 27 30 56 82 -1 -2
6 40 45 65 -1 13 20 27 75 -1 13 18 52 77 -1 40 53 70 79 -1 24 38 44 48 -1 1 20 26 83 -1 -2
11 34 47 62 -1 12 31 44 88 -1 62 64 68 79 -1 38 53 63 85 -1 39 51 65 94 -1 21 45 47 79 -1 -2
14 15 31 62 -1 3 36 69 82 -1 3 8 18 42 -1 16 71 78 97 -1 7 25 37 84 -1 -2
40 48 79 90 -1 -2
20 25 52 56 -1 32 39 56 62 -1 14 22 67 85 -1 6 45 78 91 -1 10 35 56 58 -1 8 28 31 84 -1 -2
28 68 96 98 -1 4 5 28 89 -1 25 34 76 86 -1 -2
7 82 88 92 -1 1 29 35 86 -1 23 28 94 98 -1 38 67 84 98 -1 50 70 88 91 -1 -2
42 50 74 90 -1 12 17 58 59 -1 -2
19 22 40 86 -1 15 40 41 99 -1 6 60 62 93 -1 24 33 41 69 -1 16 42 60 96 -1 32 52 58 79 -1 -2
15 20 68 81 -1 13 46 61 91 -1 42 44 47 59 -1 -2
10 40 46 80 -1 18 43 55 71 -1 26 38 39 60 -1 36 46 75 84 -1 46 66 88 94 -1 2 36 86 99 -1 -2
37 38 46 88 -1 -2
46 68 79 82 -1 1 7 69 96 -1 14 71 85 99 -1 -2
18 31 36 84 -1 3 43 63 89 -1 13 15 35 47 -1 31 34 55 95 -1 49 54 85 92 -1 62 66 68 93 -1 6 11 54 88 -1 7 20 51 77 -1 -2
3 5 44 73 -1 19 28 55 78 -1 7 18 73 85 -1 12 72 74 82 -1 22 33 34 35 -1 19 42 43 98 -1 12 17 83 90 -1 -2
7 55 70 73 -1 39 48 59 84 -1 12 22 61 82 -1 20 43 56 88 -1 4 16 25 90 -1 31 47 75 96 -1 5 56 67 74 -1 -2
7 25 36 58 -1 3 26 86 87 -1 1 6 64 89 -1 5 23 49 76 -1 26 27 55 84 -1 22 26 30 52 -1 -2
27 32 44 61 -1 5 68 83 99 -1 -2
8 46 74 84 -1 23 32 52 68 -1 14 23 43 67 -1 17 28 38 72 -1 14 23 29 99 -1 53 74 89 94 -1 12 13 39 47 -1 24 32 76 95 -1 -2
28 42 74 98 -1 -2
36 40 62 87 -1 5 11 52 71 -1 18 30 35 76 -1 10 13 39 62 -1 35 45 56 71 -1 -2
73 78 82 96 -1 61 63 69 99 -1 2 80 82 85 -1 23 48 73 75 -1 21 33 38 42 -1 63 69 72 76 -1 15 31 64 87 -1 -2
28 36 48 87 -1 14 43 55 79 -1 33 63 83 84 -1 12 81 82 100 -1 18 24 25 65 -1 41 42 67 92 -1 41 47 61 92 -1 6 49 95 98 -1 -2
42 62 78 97 -1 1 44 61 70 -1 -2
8 16 39 86 -1 2 4 73 95 -1 5 32 54 75 -1 24 72 85 96 -1 47 76 89 91 -1 -2
59 75 91 100 -1 15 16 43 86 -1 22 41 58 80 -1 5 10 34 87 -1 -2
21 51 84 100 -1 27 35 52 79 -1 -2
15 29 37 100 -1 4 16 42 78 -1 63 78 80 99 -1 -2
9 21 63 84 -1 -2
17 54 63 80 -1 26 36 49 53 -1 30 42 68 86 -1 22 25 58 73 -1 22 61 70 95 -1 12 45 87 95 -1 20 74 81 99 -1 -2
2 26 37 47 -1 31 33 59 81 -1 25 28 38 64 -1 18 52 55 64 -1 45 51 61 70 -1 -2
28 42 67 84 -1 26 40 43 47 -1 1 24 54 81 -1 -2
19 36 78 87 -1 4 53 65 86 -1 15 50 60 78 -1 19 76 79 98 -1 48 54 94 100 -1 16 26 39 90 -1 8 14 27 90 -1 3 48 68 93 -1 -2
61 81 91 93 -1 5 31 32 61 -1 8 14 44 96 -1 15 26 65 69 -1 3 47 93 99 -1 72 73 79 81 -1 -2
16 33 71 92 -1 18 31 76 92 -1 10 44 50 80 -1 7 71 89 92 -1 15 34 81 84 -1 34 50 63 87 -1 61 66 73 87 -1 31 57 80 91 -1 -2
18 45 60 78 -1 35 36 68 80 -1 25 55 78 86 -1 -2
15 64 73 95 -1 17 21 55 80 -1 14 56 59 87 -1 12 16 67 97 -1 1 5 58 79 -1 25 48 56 60 -1 13 34 76 88 -1 2 32 76 94 -1 -2
33 52 64 68 -1 -2
35 77 82 90 -1 26 63 75 94 -1 3 74 79 94 -1 7 53 68 69 -1 5 30 31 63 -1 15 23 58 78 -1 36 44 47 53 -1 -2
1 35 88 95 -1 28 33 40 100 -1 12 16 24 50 -1 49 61 67 73 -1 22 39 89 99 -1 8 30 34 75 -1 6 56 61 74 -1 -2
2 3 5 93 -1 2 7 33 54 -1 9 21 83 95 -1 4 7 8 11 -1 78 80 84 95 -1 20 40 55 71 -1 -2
2 32 61 70 -1 38 43 72 83 -1 6 15 24 40 -1 34 37 67 90 -1 47 65 93 99 -1 11 47 56 88 -1 51 77 85 95 -1 -2
13 24 53 57 -1 4 62 72 91 -1 -2
3 36 44 74 -1 13 41 48 50 -1 -2
28 39 53 79 -1 12 65 80 97 -1 45 56 79 88 -1 26 28 39 88 -1 -2
7 24 45 84 -1 62 65 76 79 -1 54 64 67 82 -1 1 18 30 37 -1 19 29 56 82 -1 3 47 59 69 -1 8 18 61 98 -1 9 18 74 84 -1 -2
18 24 25 47 -1 36 60 88 99 -1 4 9 19 88 -1 13 14 19 63 -1 -2
18 45 46 85 -1 16 22 73 93 -1 5 13 91 92 -1 1 23 53 81 -1 4 17 60 81 -1 10 22 31 80 -1 -2
42 64 79 91 -1 33 37 45 55 -1 34 46 74 82 -1 37 60 82 86 -1 14 22 33 73 -1 42 47 59 72 -1 15 41 43 81 -1 -2
72 84 89 91 -1 33 37 51 95 -1 6 19 24 28 -1 11 16 65 99 -1 29 37 47 100 -1 19 79 89 100 -1 -2
32 36 48 90 -1 -2
12 16 36 68 -1 21 61 62 90 -1 2 53 63 74 -1 24 25 63 64 -1 16 22 33 68 -1 5 31 38 88 -1 3 34 36 50 -1 4 6 9 84 -1 -2
21 55 70 79 -1 66 75 90 96 -1 19 35 81 82 -1 1 3 29 66 -1 26 48 54 56 -1 26 55 65 66 -1 -2
73 77 81 82 -1 25 58 63 69 -1 13 24 65 96 -1 1 11 38 76 -1 17 46 73 81 -1 1 38 63 80 -1 -2
35 50 64 96 -1 55 57 70 78 -1 59 60 98 99 -1 12 16 17 59 -1 -2
20 65 71 79 -1 33 63 80 97 -1 -2
39 47 73 93 -1 43 84 85 87 -1 23 69 84 100 -1 25 71 73 87 -1 27 36 82 98 -1 15 16 76 90 -1 18 29 35 49 -1 -2
25 28 45 97 -1 50 51 72 77 -1 21 27 54 55 -1 6 18 19 92 -1 52 60 61 76 -1 -2
18 60 76 81 -1 10 31 71 87 -1 14 33 36 81 -1 53 67 73 99 -1 -2
27 61 63 81 -1 1 6 31 83 -1 -2
6 16 31 83 -1 -2
17 39 61 76 -1 1 27 44 50 -1 42 82 89 99 -1 72 83 88 92 -1 13 32 42 50 -1 39 43 69 90 -1 1 16 28 31 -1 38 58 60 95 -1 -2
33 47 50 74 -1 84 90 92 93 -1 17 62 96 99 -1 15 21 53 68 -1 12 43 56 74 -1 9 20 71 89 -1 53 73 86 100 -1 10 17 76 77 -1 -2
11 20 37 56 -1 -2
26 31 45 89 -1 8 24 25 26 -1 -2
6 25 26 50 -1 4 28 33 99 -1 7 39 71 91 -1 31 38 43 62 -1 -2
5 13 18 37 -1 -2
31 46 75 89 -1 -2
51 64 67 80 -1 1 38 57 66 -1 17 18 26 36 -1 13 32 47 62 -1 14 18 55 99 -1 -2
15 65 79 82 -1 -2
2 21 75 80 -1 -2
3 4 44 92 -1 37 42 60 89 -1 27 49 55 99 -1 17 45 79 98 -1 -2
6 14 65 69 -1 8 13 24 85 -1 31 63 72 91 -1 9 40 81 94 -1 16 25 38 55 -1 7 19 22 74 -1 -2
7 12 68 72 -1 16 30 35 67 -1 29 36 48 53 -1 6 34 78 98 -1 8 35 64 69 -1 7 22 76 87 -1 -2
21 45 72 76 -1 -2
6 17 22 36 -1 55 72 96 97 -1 21 36 58 68 -1 -2
31 52 66 83 -1 13 41 59 97 -1 28 34 53 60 -1 1 5 37 57 -1 -2
18 64 74 76 -1 2 28 33 49 -1 -2
20 34 70 97 -1 1 3 23 77 -1 1 60 66 69 -1 45 57 59 87 -1 -2
7 29 79 87 -1 13 16 31 56 -1 -2
19 30 50 93 -1 48 72 86 89 -1 14 17 31 42 -1 -2
23 27 39 78 -1 2 8 54 60 -1 32 48 57 65 -1 54 78 95 96 -1 26 35 48 88 -1 34 44 67 95 -1 13 19 63 77 -1 -2
19 73 81 86 -1 -2
4 18 78 84 -1 -2
26 36 56 58 -1 3 13 42 50 -1 3 39 82 91 -1 -2
19 40 84 86 -1 10 33 78 93 -1 11 16 64 99 -1 12 48 71 79 -1 3 12 63 76 -1 14 30 42 44 -1 -2
15 34 45 58 -1 20 31 65 84 -1 24 32 56 99 -1 27 28 47 59 -1 42 54 76 85 -1 7 25 34 79 -1 -2
30 45 63 88 -1 4 36 65 69 -1 16 37 54 77 -1 4 26 31 94 -1 12 19 57 67 -1 13 17 87 100 -1 12 33 73 91 -1 -2
31 70 83 96 -1 32 44 89 95 -1 7 28 57 90 -1 -2
3 5 77 82 -1 24 35 39 76 -1 6 14 50 57 -1 32 39 65 68 -1 43 67 77 85 -1 52 75 82 85 -1 49 86 94 96 -1 19 37 56 95 -1 -2
36 43 60 86 -1 37 40 74 76 -1 39 59 62 83 -1 10 19 70 75 -1 21 22 26 73 -1 17 45 60 90 -1 21 25 31 44 -1 12 31 60 72 -1 -2
31 32 49 64 -1 36 43 50 71 -1 -2
40 66 77 94 -1 22 33 70 88 -1 20 34 65 80 -1 41 72 86 94 -1 1 25 55 97 -1 27 37 69 81 -1 21 53 65 84 -1 9 52 85 96 -1 -2
34 74 80 90 -1 17 23 77 95 -1 10 49 64 76 -1 7 58 70 80 -1 -2
24 34 52 90 -1 19 55 79 90 -1 -2
36 39 64 87 -1 45 49 64 87 -1 4 45 90 97 -1 53 55 75 91 -1 22 43 74 89 -1 8 10 22 93 -1 -2
20 29 35 82 -1 28 38 39 63 -1 11 76 78 83 -1 -2
66 88 89 98 -1 -2
28 31 50 91 -1 24 52 73 82 -1 2 13 50 66 -1 -2
12 22 42 63 -1 -2
47 68 78 90 -1 45 47 69 90 -1 13 18 50 52 -1 -2
20 29 31 43 -1 2 4 57 85 -1 25 47 93 95 -1 -2
22 37 40 56 -1 51 84 93 95 -1 8 18 62 71 -1 3 36 75 97 -1 7 36 75 77 -1 -2
2 6 44 71 -1 46 55 59 95 -1 16 47 83 85 -1 33 34 42 69 -1 39 56 58 69 -1 23 28 55 79 -1 51 67 79 86 -1 4 25 26 91 -1 -2
22 28 58 72 -1 35 48 73 95 -1 10 28 45 52 -1 43 49 73 91 -1 -2
28 75 80 95 -1 25 49 89 100 -1 24 45 71 95 -1 10 47 82 88 -1 1 76 93 95 -1 27 29 47 100 -1 -2
3 38 64 87 -1 20 44 47 69 -1 10 31 35 96 -1 -2
5 8 16 35 -1 14 72 82 97 -1 -2
38 69 85 88 -1 20 22 42 46 -1 18 62 71 84 -1 10 14 85 99 -1 -2
37 39 44 75 -1 8 33 65 87 -1 1 17 92 99 -1 4 6 13 34 -1 6 38 41 43 -1 -2
2 41 55 97 -1 32 35 37 97 -1 18 63 70 96 -1 17 21 90 92 -1 23 37 38 43 -1 24 50 53 58 -1 2 15 26 48 -1 11 21 24 98 -1 -2
23 28 33 71 -1 38 39 69 87 -1 -2
43 57 60 93 -1 25 27 44 73 -1 13 20 31 37 -1 47 65 77 97 -1 9 55 61 84 -1 11 52 56 69 -1 24 29 35 52 -1 38 40 60 75 -1 -2
13 30 52 91 -1 7 26 63 67 -1 15 23 91 100 -1 -2
5 31 35 49 -1 10 11 63 87 -1 10 22 92 98 -1 8 53 54 72 -1 39 54 88 99 -1 9 10 48 66 -1 61 81 92 97 -1 -2
28 29 64 94 -1 33 60 74 88 -1 20 24 36 47 -1 -2
22 24 41 42 -1 47 50 55 56 -1 28 34 48 89 -1 21 37 48 86 -1 3 12 87 100 -1 4 77 97 98 -1 17 64 68 90 -1 18 52 53 74 -1 -2
43 56 62 66 -1 32 72 87 93 -1 1 32 72 82 -1 58 62 89 99 -1 26 29 57 71 -1 10 45 87 100 -1 15 36 74 99 -1 -2
1 37 44 95 -1 -2
9 18 32 53 -1 19 34 86 99 -1 47 50 66 94 -1 12 30 32 93 -1 -2
17 23 30 90 -1 49 77 81 91 -1 15 29 73 91 -1 32 51 84 89 -1 15 18 46 52 -1 13 25 47 65 -1 -2
7 10 33 62 -1 16 42 51 76 -1 64 67 94 98 -1 -2
19 27 39 57 -1 30 34 36 65 -1 30 42 50 79 -1 11 33 37 44 -1 26 53 71 87 -1 14 28 71 90 -1 -2
41 61 66 82 -1 52 53 65 98 -1 38 54 85 89 -1 -2
12 46 55 79 -1 43 55 74 84 -1 -2
10 41 49 98 -1 31 67 79 95 -1 4 41 62 63 -1 -2
25 27 35 46 -1 25 33 38 63 -1 -2
1 32 47 66 -1 10 27 30 53 -1 -2
22 43 53 74 -1 -2
2 12 13 68 -1 57 60 74 76 -1 2 43 46 95 -1 22 45 81 90 -1 14 60 65 97 -1 10 13 29 30 -1 -2
6 56 76 99 -1 4 15 95 99 -1 36 78 85 88 -1 55 63 69 77 -1 -2
19 21 23 83 -1 13 22 42 75 -1 21 35 53 94 -1 37 43 50 75 -1 54 60 63 95 -1 24 27 74 94 -1 -2
2 37 74 76 -1 11 16 53 86 -1 27 45 64 69 -1 14 50 61 77 -1 5 47 49 85 -1 -2
15 18 40 65 -1 15 62 82 86 -1 -2
17 23 45 81 -1 16 33 66 90 -1 21 37 50 87 -1 54 68 75 83 -1 2 54 61 63 -1 33 64 70 77 -1 20 37 48 58 -1 -2
4 10 40 94 -1 18 57 92 94 -1 28 52 58 79 -1 10 27 72 98 -1 71 73 78 100 -1 13 22 80 94 -1 29 34 58 84 -1 -2
6 43 66 84 -1 18 27 30 77 -1 -2
37 50 61 90 -1 17 35 42 71 -1 47 67 95 98 -1 -2
10 28 58 81 -1 49 69 85 94 -1 17 47 59 91 -1 10 20 27 43 -1 6 25 43 70 -1 22 38 58 60 -1 34 46 48 57 -1 -2
33 57 75 88 -1 26 58 67 95 -1 -2
11 34 39 69 -1 34 73 77 99 -1 3 8 40 73 -1 28 30 32 46 -1 9 15 64 97 -1 27 44 52 86 -1 17 44 49 63 -1 1 15 63 77 -1 -2
8 28 36 56 -1 56 72 74 80 -1 17 57 76 91 -1 -2
48 51 94 95 -1 17 56 57 88 -1 8 82 93 98 -1 17 22 39 50 -1 11 21 40 84 -1 -2
30 57 86 91 -1 45 47 81 84 -1 16 18 60 92 -1 1 23 50 90 -1 4 33 59 90 -1 -2
17 23 45 93 -1 7 21 32 94 -1 28 56 81 87 -1 2 57 66 77 -1 10 28 40 85 -1 12 37 39 91 -1 18 28 44 59 -1 48 72 96 97 -1 -2
50 56 89 96 -1 27 42 88 91 -1 3 11 73 75 -1 44 67 72 96 -1 23 54 58 94 -1 26 34 58 71 -1 21 28 41 78 -1 55 63 70 73 -1 -2
38 50 52 86 -1 43 60 79 86 -1 24 29 51 74 -1 4 65 70 75 -1 4 32 67 100 -1 -2
17 53 95 98 -1 -2
13 35 64 70 -1 3 20 57 83 -1 -2
46 71 94 100 -1 9 23 75 91 -1 -2
51 52 54 82 -1 11 32 70 86 -1 44 74 85 98 -1 26 38 56 94 -1 30 60 75 78 -1 66 73 96 100 -1 23 28 64 86 -1 -2
14 47 69 78 -1 17 55 57 78 -1 19 41 53 56 -1 -2
3 24 67 76 -1 12 24 40 89 -1 -2
2 50 55 65 -1 -2
65 77 94 99 -1 69 70 73 76 -1 4 78 80 90 -1 21 47 67 75 -1 12 27 33 80 -1 -2
90 95 98 100 -1 15 31 45 57 -1 17 30 53 67 -1 -2
13 15 39 61 -1 18 39 53 70 -1 2 74 75 99 -1 17 18 20 33 -1 9 11 13 75 -1 3 23 52 86 -1 -2
4 8 87 98 -1 11 70 73 79 -1 37 42 66 97 -1 -2
17 58 77 89 -1 15 31 77 84 -1 -2
33 46 49 60 -1 32 39 43 46 -1 11 55 94 98 -1 38 42 65 91 -1 -2
6 22 48 58 -1 42 63 88 99 -1 18 44 46 72 -1 4 31 67 76 -1 3 30 50 94 -1 21 34 78 91 -1 21 34 51 95 -1 -2
10 17 43 67 -1 12 13 21 85 -1 9 11 26 51 -1 21 42 72 81 -1 15 33 54 82 -1 21 24 80 95 -1 14 47 55 88 -1 35 40 79 96 -1 -2
2 34 72 86 -1 16 36 69 79 -1 9 40 57 63 -1 19 27 36 71 -1 5 15 69 78 -1 32 59 67 77 -1 2 21 74 77 -1 -2
34 50 55 68 -1 6 59 71 72 -1 -2
12 49 50 83 -1 28 43 60 63 -1 15 40 76 96 -1 -2
9 34 43 76 -1 55 82 90 92 -1 1 10 35 61 -1 -2
31 50 51 87 -1 18 31 61 77 -1 16 36 77 78 -1 16 24 43 60 -1 -2
40 56 80 83 -1 36 71 81 97 -1 23 74 81 86 -1 33 62 83 86 -1 8 15 44 52 -1 -2
26 47 73 94 -1 9 48 50 94 -1 22 33 47 81 -1 32 51 57 82 -1 -2
21 24 31 38 -1 -2
40 63 68 88 -1 28 41 58 91 -1 9 24 73 83 -1 25 30 31 91 -1 7 18 68 85 -1 24 51 53 58 -1 2 5 11 55 -1 -2
2 7 28 60 -1 -2
45 64 67 95 -1 20 33 35 90 -1 3 8 9 30 -1 34 36 78 87 -1 5 42 61 74 -1 15 39 57 87 -1 31 61 66 100 -1 -2
26 37 60 97 -1 2 44 51 87 -1 41 55 57 95 -1 8 53 64 100 -1 5 41 70 79 -1 -2
2 33 61 72 -1 88 90 99 100 -1 2 31 71 85 -1 -2
2 16 64 93 -1 26 43 61 80 -1 6 28 39 45 -1 -2
35 58 73 88 -1 5 78 83 86 -1 31 39 69 76 -1 20 27 41 60 -1 11 20 85 88 -1 -2
8 44 80 100 -1 1 18 62 79 -1 29 36 64 81 -1 13 44 65 69 -1 -2
9 16 20 52 -1 18 23 42 58 -1 7 36 39 95 -1 39 61 70 85 -1 7 64 95 96 -1 -2
22 44 51 97 -1 20 30 36 67 -1 1 22 26 97 -1 5 12 76 88 -1 20 80 84 90 -1 22 23 46 91 -1 -2
1 27 90 97 -1 -2
31 64 88 89 -1 60 62 83 92 -1 4 7 10 34 -1 19 24 49 75 -1 -2
2 22 43 82 -1 38 49 66 75 -1 3 55 78 93 -1 29 57 67 76 -1 14 36 68 94 -1 11 33 34 95 -1 -2
16 56 67 73 -1 25 32 66 78 -1 14 55 74 78 -1 3 8 47 63 -1 87 94 96 99 -1 2 6 32 61 -1 18 43 69 73 -1 34 58 70 78 -1 -2
15 72 82 100 -1 15 33 55 96 -1 4 19 24 83 -1 36 55 78 80 -1 8 38 49 75 -1 41 60 83 94 -1 80 81 94 97 -1 -2
37 81 83 88 -1 13 25 27 42 -1 67 71 74 92 -1 9 28 54 61 -1 20 23 43 47 -1 -2
11 28 79 91 -1 16 35 74 89 -1 18 29 56 92 -1 20 39 63 96 -1 21 53 64 68 -1 9 37 43 98 -1 -2
43 48 49 53 -1 7 13 37 67 -1 60 72 83 87 -1 22 58 59 74 -1 -2
35 40 50 99 -1 14 28 90 94 -1 13 30 70 78 -1 19 58 94 96 -1 13 43 44 60 -1 -2
27 39 66 84 -1 -2
7 13 20 33 -1 51 66 80 90 -1 30 34 81 86 -1 10 33 63 90 -1 46 58 71 86 -1 14 18 91 94 -1 17 25 57 75 -1 26 61 77 87 -1 -2
19 37 59 100 -1 14 38 47 68 -1 2 7 46 54 -1 17 35 44 68 -1 16 40 47 64 -1 40 51 52 89 -1 23 43 66 85 -1 -2
43 62 68 92 -1 16 48 76 86 -1 25 47 59 91 -1 -2
65 67 75 88 -1 -2
19 24 28 40 -1 1 40 49 80 -1 34 62 64 93 -1 7 42 52 88 -1 -2
13 33 42 81 -1 43 44 70 99 -1 84 93 96 98 -1 11 35 45 85 -1 6 51 61 85 -1 -2
13 22 59 65 -1 44 51 75 100 -1 3 51 71 78 -1 9 65 78 100 -1 -2
22 48 82 94 -1 23 24 39 48 -1 23 32 65 91 -1 1 3 43 55 -1 10 63 66 93 -1 26 30 58 59 -1 -2
5 18 19 24 -1 10 21 35 37 -1 12 57 77 98 -1 13 23 66 76 -1 -2
2 21 58 100 -1 47 63 69 82 -1 4 36 64 77 -1 5 47 51 78 -1 4 12 18 21 -1 -2
3 55 65 85 -1 -2
2 3 4 59 -1 16 41 71 84 -1 17 61 66 93 -1 -2
15 22 34 75 -1 3 44 49 71 -1 -2
3 19 47 50 -1 19 36 52 93 -1 48 55 61 91 -1 11 17 66 73 -1 9 21 66 87 -1 7 37 57 74 -1 45 49 55 69 -1 -2
37 59 81 92 -1 -2
26 37 69 92 -1 51 55 95 97 -1 -2
3 6 54 99 -1 19 61 67 73 -1 1 52 68 94 -1 26 42 83 90 -1 50 56 57 73 -1 15 33 53 69 -1 -2
21 49 65 98 -1 -2
7 30 52 76 -1 7 42 74 79 -1 39 54 90 100 -1 9 22 46 48 -1 18 33 60 96 -1 33 94 95 98 -1 -2
56 71 87 98 -1 4 21 63 72 -1 4 67 74 100 -1 41 56 64 96 -1 -2
18 35 79 97 -1 42 46 63 92 -1 27 40 51 81 -1 16 39 74 92 -1 44 81 89 100 -1 -2
30 68 71 92 -1 39 44 75 92 -1 65 74 79 98 -1 13 15 69 97 -1 34 42 58 59 -1 31 42 61 78 -1 -2
15 46 53 58 -1 13 17 25 64 -1 11 12 23 47 -1 16 52 71 73 -1 18 32 52 92 -1 15 24 32 33 -1 -2
13 32 74 82 -1 24 32 39 89 -1 -2
2 24 71 72 -1 -2
37 39 60 98 -1 15 29 44 77 -1 12 18 21 67 -1 8 56 78 82 -1 11 52 65 86 -1 15 20 84 91 -1 -2
9 37 50 93 -1 30 74 79 92 -1 1 23 30 33 -1 17 59 66 73 -1 -2
13 18 44 53 -1 18 43 57 93 -1 22 26 41 42 -1 11 61 68 81 -1 -2
10 68 77 80 -1 21 40 48 62 -1 -2
27 58 67 91 -1 6 27 83 99 -1 41 62 63 73 -1 -2
22 27 32 72 -1 -2
6 48 56 95 -1 -2
11 50 89 97 -1 36 74 86 90 -1 44 57 68 90 -1 55 70 86 91 -1 40 71 87 98 -1 14 36 43 53 -1 -2
10 19 28 92 -1 -2
7 23 36 41 -1 13 18 38 48 -1 60 70 78 98 -1 7 50 63 97 -1 29 34 38 83 -1 3 58 79 90 -1 12 15 18 93 -1 -2
17 32 92 98 -1 7 36 43 59 -1 26 46 69 76 -1 30 52 68 76 -1 18 20 50 78 -1 -2
28 73 81 99 -1 8 29 38 68 -1 4 24 67 76 -1 32 63 69 100 -1 -2
5 10 13 34 -1 6 39 52 94 -1 6 9 37 41 -1 5 17 71 92 -1 2 8 25 51 -1 17 57 81 93 -1 28 50 64 90 -1 36 61 64 96 -1 -2
1 35 57 70 -1 24 27 49 67 -1 10 41 87 97 -1 3 23 35 64 -1 15 23 77 78 -1 76 81 89 90 -1 6 16 58 88 -1 36 37 55 65 -1 -2
4 46 91 93 -1 9 16 83 87 -1 11 23 63 95 -1 18 35 53 55 -1 -2
2 20 46 87 -1 2 31 37 53 -1 6 10 75 93 -1 31 44 45 61 -1 2 5 61 90 -1 -2
5 32 33 52 -1 74 76 88 97 -1 1 21 57 81 -1 14 20 27 47 -1 8 29 41 79 -1 12 56 86 89 -1 -2
1 29 45 74 -1 -2
2 26 82 93 -1 46 54 58 75 -1 16 72 85 91 -1 35 47 57 79 -1 6 31 34 88 -1 8 52 88 100 -1 10 15 49 90 -1 -2
4 34 37 77 -1 55 58 59 89 -1 21 24 58 91 -1 -2
25 43 48 75 -1 4 67 69 79 -1 22 59 77 94 -1 19 37 41 63 -1 16 27 35 91 -1 -2
16 66 74 80 -1 9 20 80 97 -1 28 34 77 91 -1 23 26 72 91 -1 -2
33 48 67 82 -1 16 34 39 69 -1 -2
37 52 68 83 -1 12 32 49 96 -1 21 50 51 98 -1 3 74 90 99 -1 4 75 88 92 -1 35 60 74 91 -1 16 30 83 89 -1 -2
25 42 70 87 -1 18 92 96 97 -1 -2
9 55 57 71 -1 61 65 73 89 -1 21 32 48 75 -1 8 62 77 98 -1 9 20 24 63 -1 12 23 44 46 -1 7 27 46 85 -1 24 51 57 92 -1 -2
7 13 39 69 -1 9 60 70 76 -1 4 9 21 81 -1 12 47 54 72 -1 14 23 32 94 -1 -2
8 30 45 89 -1 45 77 79 90 -1 22 36 52 99 -1 68 71 74 88 -1 38 45 47 61 -1 17 29 40 59 -1 23 24 29 54 -1 10 14 24 58 -1 -2
58 87 95 97 -1 15 38 85 92 -1 18 41 68 70 -1 19 26 49 52 -1 55 63 69 90 -1 15 21 28 56 -1 -2
31 37 71 94 -1 1 6 77 82 -1 6 35 56 84 -1 -2
13 42 87 100 -1 16 70 80 86 -1 29 37 70 99 -1 13 54 58 62 -1 -2
6 12 14 40 -1 51 56 78 99 -1 -2
58 70 89 99 -1 46 49 62 73 -1 5 38 62 85 -1 26 27 70 73 -1 12 28 58 79 -1 38 56 58 77 -1 18 19 90 95 -1 -2
20 43 49 87 -1 27 86 92 94 -1 70 86 99 100 -1 -2
22 37 70 83 -1 25 44 65 68 -1 28 58 59 70 -1 22 64 73 75 -1 18 29 86 93 -1 41 49 84 96 -1 13 51 54 65 -1 2 19 31 39 -1 -2
4 37 39 83 -1 2 35 46 72 -1 32 56 69 90 -1 -2
36 80 86 96 -1 -2
8 17 24 73 -1 37 44 48 98 -1 -2
5 38 62 75 -1 32 64 69 98 -1 29 30 31 77 -1 2 4 48 81 -1 13 14 68 91 -1 14 24 85 93 -1 14 51 73 79 -1 -2
9 62 78 88 -1 10 62 69 76 -1 26 30 46 79 -1 1 41 47 92 -1 -2
43 47 87 98 -1 1 11 22 83 -1 20 48 50 97 -1 18 39 47 71 -1 4 28 51 66 -1 22 70 71 75 -1 4 39 78 81 -1 -2
34 66 95 100 -1 6 34 49 84 -1 3 28 64 100 -1 4 36 55 63 -1 -2
12 13 17 85 -1 24 52 71 97 -1 2 17 20 89 -1 -2
33 65 67 100 -1 36 57 65 95 -1 27 61 76 83 -1 7 62 88 92 -1 45 55 59 87 -1 19 26 27 28 -1 38 58 75 84 -1 12 68 74 83 -1 -2
19 29 70 86 -1 19 41 45 60 -1 27 75 78 81 -1 -2
3 35 48 51 -1 18 28 36 73 -1 20 38 67 87 -1 52 71 99 100 -1 -2
11 16 48 71 -1 18 61 68 79 -1 15 25 64 97 -1 1 2 10 49 -1 24 25 67 69 -1 2 40 50 60 -1 -2
49 73 85 90 -1 27 31 59 78 -1 25 44 86 89 -1 3 18 33 69 -1 17 63 78 81 -1 -2
6 42 69 77 -1 -2
47 58 68 70 -1 20 28 37 54 -1 1 11 41 59 -1 54 72 86 99 -1 -2
25 42 68 71 -1 -2
38 79 84 90 -1 22 31 37 98 -1 13 41 43 95 -1 70 71 80 98 -1 2 24 78 86 -1 27 69 72 88 -1 -2
3 24 44 49 -1 37 45 60 83 -1 35 70 78 98 -1 9 22 56 89 -1 8 18 32 72 -1 1 22 76 89 -1 12 22 34 88 -1 -2
39 53 72 74 -1 14 49 64 76 -1 27 30 61 71 -1 -2
10 21 34 81 -1 43 45 53 67 -1 41 54 66 92 -1 10 17 59 60 -1 39 51 87 90 -1 -2
15 41 54 75 -1 22 40 41 77 -1 58 75 81 82 -1 10 12 28 81 -1 -2
9 63 64 74 -1 -2
33 36 37 57 -1 32 66 76 82 -1 2 17 69 85 -1 31 40 67 86 -1 18 54 67 88 -1 -2
5 20 48 66 -1 16 30 41 82 -1 6 35 40 41 -1 38 51 56 95 -1 45 71 79 84 -1 -2
9 14 27 99 -1 -2
10 32 63 84 -1 15 36 48 63 -1 13 70 73 87 -1 20 29 56 62 -1 1 57 95 97 -1 20 22 31 71 -1 17 39 50 53 -1 -2
25 35 50 65 -1 39 40 73 77 -1 4 7 53 61 -1 29 34 40 91 -1 3 35 75 84 -1 2 10 51 72 -1 3 33 78 88 -1 -2
27 72 81 84 -1 27 33 45 90 -1 20 50 70 92 -1 27 46 53 83 -1 32 33 66 73 -1 14 44 70 81 -1 4 6 62 69 -1 27 58 83 86 -1 -2
9 25 41 76 -1 34 72 75 77 -1 15 48 63 70 -1 10 33 35 40 -1 1 17 41 87 -1 -2
11 32 47 64 -1 21 49 58 88 -1 22 27 48 98 -1 12 17 21 29 -1 18 29 42 47 -1 30 41 70 93 -1 -2
34 46 88 94 -1 25 62 65 83 -1 10 34 53 82 -1 29 39 85 92 -1 52 73 81 92 -1 2 23 83 100 -1 -2
5 11 20 64 -1 -2
4 17 27 43 -1 34 74 87 88 -1 15 27 52 76 -1 9 20 25 27 -1 65 75 85 100 -1 34 68 69 93 -1 45 46 96 100 -1 -2
60 63 80 98 -1 60 77 84 92 -1 3 52 56 59 -1 14 18 60 94 -1 46 63 72 86 -1 1 60 66 74 -1 -2
39 66 84 88 -1 19 25 26 66 -1 -2
6 7 21 52 -1 11 28 30 44 -1 -2
28 33 84 94 -1 37 67 72 87 -1 11 22 23 88 -1 35 46 74 98 -1 33 45 89 93 -1 2 56 84 100 -1 39 50 52 83 -1 -2
53 60 66 68 -1 6 32 38 45 -1 -2
16 31 34 90 -1 24 35 45 97 -1 -2
3 67 68 77 -1 21 36 76 81 -1 61 65 79 84 -1 1 66 67 69 -1 10 12 51 78 -1 -2
5 22 34 57 -1 1 21 23 78 -1 5 37 50 58 -1 13 17 32 82 -1 11 42 76 79 -1 10 15 21 74 -1 44 63 64 66 -1 -2
3 37 53 88 -1 4 16 66 95 -1 5 10 66 98 -1 27 33 40 50 -1 15 55 82 96 -1 41 44 61 72 -1 8 36 71 74 -1 13 34 78 99 -1 -2
70 71 74 100 -1 22 53 76 89 -1 11 36 57 94 -1 53 60 63 90 -1 39 43 49 64 -1 2 39 41 60 -1 -2
24 50 66 94 -1 67 71 82 85 -1 34 48 73 84 -1 4 31 72 89 -1 10 32 63 70 -1 3 8 18 87 -1 -2
5 49 74 95 -1 23 53 81 97 -1 9 37 54 68 -1 2 14 35 53 -1 21 30 54 78 -1 -2
36 38 44 48 -1 5 18 20 65 -1 10 11 44 80 -1 36 62 72 92 -1 38 41 83 84 -1 4 42 56 73 -1 -2
18 20 57 89 -1 31 32 38 80 -1 16 57 63 94 -1 11 40 49 92 -1 -2
6 49 77 86 -1 15 22 48 72 -1 8 54 59 92 -1 59 66 78 92 -1 9 37 82 93 -1 39 46 67 82 -1 15 58 76 98 -1 9 48 50 68 -1 -2
25 68 71 82 -1 11 38 61 92 -1 27 64 71 74 -1 14 23 25 26 -1 17 27 48 89 -1 23 39 69 91 -1 3 19 49 65 -1 20 67 70 95 -1 -2
23 43 75 76 -1 7 12 18 77 -1 20 54 66 71 -1 8 11 16 29 -1 10 48 54 59 -1 4 29 36 69 -1 19 23 67 80 -1 -2
16 18 19 70 -1 3 14 39 57 -1 21 94 99 100 -1 15 17 18 49 -1 42 45 50 82 -1 -2
8 45 50 78 -1 44 46 50 70 -1 4 8 27 57 -1 3 4 13 99 -1 5 6 16 52 -1 24 78 82 94 -1 -2
20 30 64 92 -1 38 81 87 89 -1 -2
7 27 50 97 -1 17 23 34 84 -1 10 15 18 70 -1 3 37 59 85 -1 18 51 57 60 -1 54 57 68 98 -1 -2
24 25 74 80 -1 26 45 59 78 -1 -2
20 55 72 81 -1 3 38 39 44 -1 14 25 75 89 -1 -2
11 31 72 96 -1 -2
14 29 35 86 -1 22 71 76 96 -1 9 14 87 92 -1 19 59 70 76 -1 36 46 87 100 -1 2 16 94 99 -1 51 70 78 91 -1 -2
14 18 58 68 -1 14 46 77 84 -1 9 21 40 76 -1 4 26 44 72 -1 1 4 46 99 -1 22 29 87 90 -1 -2
2 14 44 97 -1 28 33 56 65 -1 28 34 41 79 -1 -2
10 30 63 72 -1 17 26 86 98 -1 45 59 81 93 -1 64 69 70 100 -1 30 32 37 42 -1 -2
10 25 98 99 -1 -2
45 93 99 100 -1 -2
16 27 44 77 -1 12 25 32 48 -1 1 38 60 70 -1 35 51 65 87 -1 75 86 88 91 -1 1 51 63 83 -1 30 66 84 86 -1 9 45 58 86 -1 -2
54 58 68 85 -1 15 28 30 38 -1 17 19 23 34 -1 29 30 64 90 -1 1 15 61 97 -1 56 69 78 86 -1 9 14 66 94 -1 -2
5 46 64 77 -1 49 54 82 84 -1 63 78 80 100 -1 63 66 70 71 -1 1 27 33 94 -1 47 48 63 82 -1 -2
2 21 71 78 -1 16 30 55 94 -1 -2
14 41 61 78 -1 3 4 48 79 -1 -2
5 6 12 82 -1 20 60 69 85 -1 8 12 56 93 -1 8 26 30 75 -1 4 32 65 81 -1 3 22 96 99 -1 25 46 78 88 -1 -2
47 65 89 90 -1 2 5 54 65 -1 9 13 80 94 -1 5 24 56 96 -1 -2
2 24 56 68 -1 29 73 80 85 -1 -2
12 24 29 80 -1 45 83 93 97 -1 25 33 65 94 -1 1 35 64 97 -1 3 20 36 64 -1 28 30 70 83 -1 16 38 52 100 -1 20 37 56 98 -1 -2
13 51 74 77 -1 -2
50 57 63 96 -1 2 5 14 51 -1 -2
14 15 40 76 -1 -2
17 28 65 78 -1 10 40 41 99 -1 16 29 41 89 -1 22 30 53 78 -1 -2
1 15 32 89 -1 9 64 67 94 -1 29 62 76 90 -1 27 30 43 87 -1 3 7 29 40 -1 19 20 88 98 -1 2 28 38 87 -1 -2
16 44 87 95 -1 30 45 77 79 -1 44 64 71 80 -1 2 4 19 76 -1 17 24 75 87 -1 -2
22 26 27 71 -1 15 25 48 71 -1 14 38 84 92 -1 56 68 72 99 -1 -2
32 48 50 56 -1 2 30 67 82 -1 7 45 46 53 -1 17 18 26 86 -1 3 24 70 95 -1 13 17 26 74 -1 11 34 51 61 -1 11 20 46 69 -1 -2
38 72 96 98 -1 37 41 74 100 -1 6 9 36 69 -1 5 73 92 99 -1 -2
17 19 80 94 -1 -2
32 43 63 71 -1 6 45 55 90 -1 3 41 51 97 -1 30 63 75 97 -1 1 45 86 100 -1 -2
3 49 63 71 -1 -2
17 19 50 98 -1 14 15 48 55 -1 11 45 68 75 -1 10 78 85 100 -1 24 45 49 67 -1 45 51 75 87 -1 -2
16 18 22 64 -1 30 37 50 83 -1 22 36 64 82 -1 4 29 51 58 -1 3 78 92 97 -1 19 81 93 95 -1 43 51 64 67 -1 6 74 77 83 -1 -2
36 57 75 98 -1 52 54 58 92 -1 28 49 60 65 -1 4 40 41 100 -1 -2
14 30 59 86 -1 1 11 16 91 -1 -2
21 23 69 84 -1 23 39 64 77 -1 36 43 79 90 -1 17 19 29 96 -1 3 49 88 93 -1 3 7 41 70 -1 11 18 54 76 -1 13 48 51 95 -1 -2
12 22 50 58 -1 21 32 63 77 -1 45 67 68 72 -1 14 73 74 93 -1 39 47 55 78 -1 -2
5 39 55 58 -1 -2
20 81 89 98 -1 36 42 45 51 -1 -2
15 31 40 79 -1 7 9 14 54 -1 23 27 34 64 -1 24 50 54 94 -1 -2
10 22 33 80 -1 -2
32 47 73 97 -1 24 44 70 92 -1 16 31 95 97 -1 5 14 15 69 -1 -2
15 33 44 57 -1 40 80 87 94 -1 22 36 57 90 -1 44 64 84 96 -1 25 56 73 96 -1 23 34 62 76 -1 -2
13 54 74 75 -1 7 19 44 97 -1 32 42 85 92 -1 12 15 18 68 -1 3 12 89 97 -1 4 23 28 46 -1 -2
3 4 29 54 -1 4 26 50 54 -1 15 65 76 81 -1 7 22 47 54 -1 15 40 45 84 -1 38 50 81 82 -1 42 44 61 62 -1 -2
65 68 73 96 -1 -2
37 57 86 97 -1 49 53 83 97 -1 20 25 32 35 -1 2 49 66 79 -1 6 7 19 87 -1 37 40 56 82 -1 -2
4 11 13 57 -1 7 54 65 74 -1 21 23 48 56 -1 55 86 89 92 -1 23 76 90 93 -1 37 70 72 96 -1 62 73 75 100 -1 46 77 78 86 -1 -2
28 39 61 72 -1 47 48 51 86 -1 13 27 47 91 -1 32 40 52 56 -1 -2
48 67 89 99 -1 4 13 22 58 -1 4 17 35 56 -1 9 11 13 96 -1 -2
15 54 56 58 -1 -2
27 35 38 58 -1 -2
30 61 65 69 -1 5 30 39 95 -1 25 30 54 62 -1 17 25 48 94 -1 42 84 85 92 -1 -2
14 15 42 96 -1 17 21 30 71 -1 34 38 61 97 -1 20 32 78 95 -1 11 54 68 79 -1 5 7 50 51 -1 11 24 54 90 -1 24 55 91 99 -1 -2
22 33 38 99 -1 24 43 48 77 -1 3 17 66 98 -1 10 19 41 84 -1 22 25 67 76 -1 13 54 76 82 -1 28 43 64 99 -1 9 32 37 52 -1 -2
12 15 18 26 -1 15 21 31 82 -1 4 71 74 100 -1 35 68 84 99 -1 35 39 53 99 -1 49 78 93 96 -1 1 57 72 84 -1 -2
8 9 12 98 -1 3 62 74 84 -1 4 7 41 85 -1 3 25 50 73 -1 17 36 43 71 -1 10 27 38 91 -1 7 41 83 89 -1 51 64 85 100 -1 -2
35 36 51 62 -1 16 48 72 80 -1 52 55 75 91 -1 16 17 47 63 -1 11 18 47 53 -1 14 16 19 54 -1 32 53 67 98 -1 -2
2 48 69 75 -1 8 31 52 77 -1 7 8 18 93 -1 19 28 59 68 -1 3 38 78 85 -1 28 83 90 100 -1 21 46 82 96 -1 15 81 83 92 -1 -2
11 66 76 100 -1 9 38 67 96 -1 49 53 93 99 -1 17 48 86 90 -1 9 19 29 37 -1 33 50 80 99 -1 39 50 51 86 -1 17 81 97 98 -1 -2
4 6 47 56 -1 50 58 73 89 -1 13 15 43 83 -1 5 62 93 96 -1 -2
10 22 32 46 -1 29 61 81 86 -1 19 28 62 79 -1 9 36 40 61 -1 32 35 69 98 -1 8 24 35 90 -1 -2
29 36 43 81 -1 33 45 62 85 -1 46 69 72 79 -1 -2
19 28 81 98 -1 3 29 79 88 -1 2 3 25 71 -1 24 60 68 81 -1 25 48 88 97 -1 15 32 65 90 -1 12 58 84 89 -1 -2
24 29 54 95 -1 29 35 95 96 -1 -2
16 17 49 75 -1 -2
29 32 33 70 -1 47 84 92 99 -1 -2
4 35 75 78 -1 35 40 66 70 -1 32 40 47 55 -1 11 38 61 97 -1 16 24 30 84 -1 6 9 22 52 -1 12 36 45 94 -1 47 49 57 77 -1 -2
2 4 65 94 -1 16 28 78 83 -1 27 34 72 96 -1 26 54 76 99 -1 42 56 74 92 -1 3 45 78 99 -1 -2
33 57 91 98 -1 11 62 77 79 -1 69 76 79 83 -1 -2
13 32 72 79 -1 27 37 39 97 -1 2 42 51 82 -1 22 37 72 86 -1 1 29 86 91 -1 43 58 91 92 -1 -2
26 48 59 72 -1 21 38 48 89 -1 6 17 19 50 -1 9 67 78 96 -1 52 54 64 93 -1 2 23 81 83 -1 1 27 67 94 -1 31 55 66 76 -1 -2
52 62 73 79 -1 20 37 62 85 -1 12 19 40 100 -1 5 6 49 65 -1 50 71 86 91 -1 19 26 31 65 -1 9 70 76 85 -1 41 66 72 98 -1 -2
21 53 76 78 -1 28 31 32 86 -1 11 30 60 71 -1 -2
41 52 53 68 -1 32 56 57 89 -1 -2
10 43 49 85 -1 49 60 72 95 -1 7 31 65 69 -1 6 41 81 86 -1 23 34 81 91 -1 7 36 59 90 -1 5 11 33 46 -1 -2
1 28 45 79 -1 2 12 13 38 -1 4 42 77 100 -1 43 57 62 70 -1 23 26 36 88 -1 -2
19 21 27 97 -1 9 23 55 62 -1 55 56 67 82 -1 61 62 73 78 -1 -2
1 35 75 99 -1 23 36 37 42 -1 16 36 55 71 -1 46 64 74 84 -1 18 52 66 79 -1 5 27 35 63 -1 3 42 83 95 -1 -2
10 46 51 64 -1 27 41 72 87 -1 1 29 60 70 -1 26 42 80 92 -1 22 55 95 96 -1 -2
41 45 65 80 -1 1 30 54 63 -1 7 71 73 74 -1 68 75 76 99 -1 40 59 71 79 -1 35 53 88 99 -1 21 54 67 90 -1 -2
24 29 38 95 -1 7 67 72 92 -1 1 2 18 83 -1 28 40 57 78 -1 9 23 35 77 -1 7 58 77 80 -1 -2
34 40 79 84 -1 22 35 67 84 -1 23 58 73 95 -1 30 33 63 80 -1 39 41 49 99 -1 16 35 60 91 -1 31 68 70 95 -1 31 47 72 94 -1 -2
39 53 68 93 -1 27 48 60 78 -1 10 62 73 97 -1 11 30 73 95 -1 -2
40 66 68 90 -1 15 32 61 77 -1 -2
45 78 86 100 -1 39 52 57 89 -1 -2
2 17 41 99 -1 25 64 82 99 -1 27 34 73 78 -1 44 54 59 62 -1 21 43 58 79 -1 24 43 52 88 -1 15 37 76 82 -1 -2
10 41 60 84 -1 11 76 86 96 -1 47 48 60 93 -1 5 52 71 76 -1 47 74 87 90 -1 1 2 89 93 -1 91 94 95 99 -1 -2
7 24 52 58 -1 -2
6 58 64 97 -1 8 24 53 75 -1 7 35 81 94 -1 20 40 48 75 -1 -2
12 29 92 96 -1 30 52 59 95 -1 24 32 70 90 -1 35 55 59 74 -1 42 45 46 63 -1 42 49 68 75 -1 12 19 50 91 -1 -2
2 9 19 44 -1 53 62 72 74 -1 53 54 58 59 -1 14 21 69 94 -1 24 66 82 100 -1 32 33 39 62 -1 33 51 67 78 -1 30 67 73 99 -1 -2
6 17 62 67 -1 4 15 20 81 -1 6 17 66 85 -1 26 56 57 94 -1 -2
3 10 14 55 -1 15 37 38 74 -1 45 56 89 95 -1 5 57 68 96 -1 36 56 84 89 -1 -2
2 9 54 97 -1 3 28 33 87 -1 78 82 87 97 -1 16 51 55 59 -1 20 38 84 91 -1 2 43 63 68 -1 21 27 70 71 -1 1 28 35 59 -1 -2
33 61 69 87 -1 24 48 70 98 -1 3 13 59 70 -1 42 66 69 71 -1 19 26 73 100 -1 1 54 60 68 -1 24 60 65 83 -1 1 52 75 89 -1 -2
4 54 57 67 -1 13 38 42 44 -1 18 44 51 68 -1 4 19 45 95 -1 29 39 49 96 -1 31 42 54 82 -1 35 43 93 97 -1 -2
29 34 60 73 -1 19 21 25 58 -1 27 47 49 79 -1 12 78 86 88 -1 -2
31 65 71 72 -1 -2
32 76 88 94 -1 36 61 78 79 -1 2 89 93 97 -1 6 33 54 97 -1 13 20 25 76 -1 20 35 67 82 -1 36 44 52 80 -1 52 72 78 92 -1 -2
30 44 47 53 -1 -2
4 51 63 96 -1 6 11 16 51 -1 6 63 83 94 -1 -2
30 57 73 80 -1 36 47 61 69 -1 15 25 76 98 -1 9 13 31 91 -1 17 21 58 82 -1 -2
34 35 39 44 -1 11 14 56 98 -1 15 24 41 43 -1 7 23 85 91 -1 24 55 61 71 -1 20 65 75 91 -1 11 15 47 83 -1 24 31 61 79 -1 -2
2 25 51 96 -1 23 52 54 72 -1 28 56 64 77 -1 50 58 68 87 -1 2 39 63 95 -1 43 69 74 81 -1 41 43 59 72 -1 -2
18 59 82 85 -1 -2
4 42 67 87 -1 1 62 63 66 -1 37 64 67 79 -1 61 65 86 96 -1 14 35 55 88 -1 4 26 27 61 -1 -2
54 73 84 90 -1 32 53 92 95 -1 11 58 66 73 -1 7 11 40 71 -1 36 43 46 62 -1 -2
2 5 44 98 -1 29 45 47 89 -1 7 29 52 82 -1 2 10 62 95 -1 -2
25 32 46 78 -1 -2
13 75 99 100 -1 3 41 52 74 -1 14 15 46 60 -1 7 15 46 52 -1 -2
3 43 52 70 -1 10 13 19 87 -1 -2
28 45 50 87 -1 38 61 86 99 -1 1 27 51 55 -1 20 27 89 94 -1 -2
33 44 54 81 -1 24 37 67 76 -1 30 67 69 76 -1 33 34 72 74 -1 10 25 49 98 -1 17 38 53 60 -1 25 68 95 100 -1 9 40 45 83 -1 -2
11 23 58 74 -1 34 39 61 70 -1 24 52 63 70 -1 8 17 70 87 -1 -2
3 7 23 40 -1 18 34 41 53 -1 9 61 84 86 -1 6 39 87 97 -1 2 17 62 100 -1 -2
4 10 25 40 -1 20 28 83 88 -1 -2
21 39 41 71 -1 8 19 54 97 -1 29 44 50 93 -1 23 73 76 100 -1 8 11 14 99 -1 -2
26 51 86 94 -1 9 14 65 67 -1 16 32 47 62 -1 -2
2 27 71 98 -1 15 28 55 73 -1 16 18 88 94 -1 13 43 74 94 -1 2 34 38 86 -1 -2
5 17 25 49 -1 48 62 65 93 -1 6 39 80 82 -1 57 63 72 98 -1 30 35 47 73 -1 81 89 92 96 -1 29 31 33 96 -1 35 39 58 91 -1 -2
18 20 40 68 -1 6 51 68 86 -1 28 35 36 70 -1 10 27 48 60 -1 31 58 70 81 -1 -2
7 14 51 63 -1 4 22 59 77 -1 32 60 74 96 -1 20 23 42 43 -1 6 51 57 96 -1 16 52 72 93 -1 9 25 67 90 -1 11 25 58 96 -1 -2
29 32 89 98 -1 5 10 38 66 -1 15 48 53 60 -1 21 23 30 65 -1 38 43 69 93 -1 -2
28 74 77 96 -1 -2
36 76 85 92 -1 43 55 67 82 -1 23 32 42 43 -1 7 15 19 52 -1 14 33 41 59 -1 24 32 72 78 -1 52 59 76 96 -1 21 53 87 94 -1 -2
3 13 74 97 -1 4 13 15 42 -1 8 31 64 71 -1 82 91 98 100 -1 14 42 83 84 -1 36 62 77 96 -1 -2
22 43 99 100 -1 3 8 11 27 -1 -2
22 51 54 58 -1 1 32 40 65 -1 49 53 60 65 -1 -2
8 24 28 56 -1 5 33 72 93 -1 7 14 78 86 -1 15 34 72 78 -1 -2
18 35 42 76 -1 7 11 16 26 -1 1 50 66 80 -1 31 57 59 94 -1 4 30 33 64 -1 1 22 33 63 -1 4 56 63 100 -1 -2
6 36 89 93 -1 16 19 23 70 -1 17 22 24 87 -1 45 46 81 96 -1 11 17 44 78 -1 1 11 77 94 -1 5 55 65 90 -1 -2
12 52 59 78 -1 24 44 50 69 -1 15 24 80 93 -1 13 21 69 71 -1 27 42 56 86 -1 10 45 69 95 -1 8 14 43 74 -1 17 24 38 92 -1 -2
8 15 20 60 -1 1 5 68 87 -1 8 34 66 87 -1 7 22 59 62 -1 20 39 87 91 -1 -2
3 59 73 84 -1 31 71 87 94 -1 30 37 39 78 -1 -2
17 22 33 97 -1 -2
9 46 71 93 -1 15 43 79 94 -1 12 33 60 73 -1 5 25 65 80 -1 12 18 58 84 -1 8 14 77 83 -1 -2
1 26 48 91 -1 21 62 69 77 -1 32 91 95 96 -1 42 50 54 59 -1 18 54 83 97 -1 -2
33 59 79 92 -1 4 29 32 86 -1 10 32 37 83 -1 38 58 65 79 -1 64 83 90 91 -1 8 47 48 77 -1 -2
26 31 76 85 -1 54 60 65 98 -1 -2
12 79 83 86 -1 17 29 50 69 -1 7 32 50 86 -1 27 29 58 73 -1 13 56 59 85 -1 46 81 83 91 -1 25 35 65 96 -1 3 5 15 100 -1 -2
20 21 39 93 -1 8 29 42 76 -1 46 61 70 91 -1 35 57 62 93 -1 29 33 67 93 -1 5 56 86 96 -1 -2
3 24 28 72 -1 8 41 64 82 -1 30 36 39 82 -1 16 31 43 99 -1 18 26 28 49 -1 6 37 62 91 -1 20 23 48 76 -1 -2
27 57 60 71 -1 49 52 60 94 -1 10 32 53 58 -1 -2
2 44 55 91 -1 11 36 65 74 -1 21 38 54 95 -1 11 17 74 75 -1 -2
12 26 34 41 -1 1 30 44 47 -1 12 28 49 66 -1 13 17 35 92 -1 3 12 46 49 -1 6 45 67 95 -1 5 14 83 90 -1 65 71 79 99 -1 -2
21 24 56 76 -1 9 32 52 81 -1 -2
3 11 46 50 -1 16 46 57 96 -1 42 62 91 92 -1 19 57 75 93 -1 49 59 68 91 -1 -2
15 34 41 83 -1 56 66 79 84 -1 54 70 79 92 -1 17 50 74 92 -1 35 47 66 95 -1 9 59 88 99 -1 -2
8 9 43 53 -1 15 68 77 96 -1 79 82 89 99 -1 35 66 78 94 -1 -2
5 11 55 70 -1 47 65 66 80 -1 3 9 57 72 -1 4 21 59 68 -1 9 44 66 87 -1 -2
11 56 57 72 -1 35 48 54 92 -1 14 15 33 43 -1 42 43 49 59 -1 25 32 38 53 -1 4 31 49 73 -1 6 22 43 92 -1 -2
15 40 50 88 -1 -2
36 38 57 81 -1 14 29 62 85 -1 9 33 58 90 -1 19 24 34 64 -1 5 36 52 80 -1 -2
18 27 68 88 -1 18 24 76 93 -1 5 26 32 46 -1 2 68 83 94 -1 1 23 59 96 -1 47 57 77 92 -1 -2
10 50 66 86 -1 4 12 81 96 -1 31 38 68 84 -1 4 6 18 36 -1 19 55 64 69 -1 -2
23 27 64 92 -1 -2
37 57 70 91 -1 5 44 91 93 -1 19 32 53 93 -1 17 21 65 76 -1 38 41 67 73 -1 -2
20 25 51 60 -1 41 81 86 88 -1 5 23 36 51 -1 26 49 74 95 -1 7 31 72 79 -1 12 51 68 79 -1 75 79 96 98 -1 -2
22 42 46 91 -1 30 52 75 98 -1 49 68 73 74 -1 1 16 58 100 -1 17 61 79 89 -1 2 14 32 37 -1 18 34 55 73 -1 9 31 69 99 -1 -2
11 27 55 95 -1 33 48 59 87 -1 19 34 52 84 -1 40 55 63 68 -1 26 39 67 93 -1 6 11 39 44 -1 -2
27 30 53 56 -1 30 55 58 67 -1 32 57 65 98 -1 21 26 57 86 -1 -2
39 42 70 79 -1 23 26 49 89 -1 37 82 88 93 -1 26 36 50 76 -1 4 34 48 88 -1 -2
10 26 40 81 -1 25 52 58 66 -1 2 46 76 84 -1 32 33 41 94 -1 8 19 71 77 -1 18 27 65 72 -1 -2
20 40 49 59 -1 2 12 68 75 -1 5 14 23 88 -1 4 61 88 93 -1 4 51 71 81 -1 32 53 76 96 -1 -2
36 67 92 94 -1 55 61 64 84 -1 2 15 25 35 -1 25 65 92 97 -1 21 34 85 90 -1 12 82 88 89 -1 47 70 85 89 -1 -2
24 52 78 83 -1 38 44 45 53 -1 49 55 87 94 -1 6 41 42 67 -1 51 57 94 97 -1 25 61 70 71 -1 -2
47 53 62 74 -1 37 74 84 94 -1 -2
1 25 64 66 -1 14 16 24 99 -1 9 16 35 70 -1 1 10 42 65 -1 -2
49 61 73 97 -1 31 37 41 52 -1 10 35 62 70 -1 29 32 42 58 -1 35 72 73 90 -1 34 53 83 90 -1 14 16 59 79 -1 -2
23 43 46 96 -1 35 73 79 91 -1 23 29 47 96 -1 24 67 69 95 -1 41 84 86 90 -1 6 31 76 94 -1 19 20 29 64 -1 -2
1 38 62 78 -1 35 54 74 75 -1 1 17 24 73 -1 18 22 53 64 -1 35 61 72 94 -1 -2
3 33 76 86 -1 34 50 82 95 -1 1 3 26 63 -1 4 36 40 52 -1 8 21 47 48 -1 4 19 29 78 -1 16 34 46 71 -1 22 26 35 40 -1 -2
21 36 54 75 -1 41 56 90 100 -1 23 25 68 80 -1 14 61 73 95 -1 1 28 39 53 -1 6 34 41 77 -1 9 21 66 95 -1 -2
18 20 27 78 -1 57 68 71 80 -1 -2
37 71 92 100 -1 17 28 31 64 -1 48 53 69 92 -1 13 60 66 98 -1 14 51 71 97 -1 50 55 67 76 -1 12 21 40 80 -1 -2
28 32 55 81 -1 3 16 49 68 -1 39 56 70 100 -1 2 37 52 78 -1 3 13 18 60 -1 37 42 68 100 -1 31 48 49 90 -1 -2
5 8 38 82 -1 5 24 53 94 -1 -2
16 43 89 97 -1 50 51 60 80 -1 27 71 82 90 -1 16 53 61 79 -1 -2
3 73 82 92 -1 19 21 68 84 -1 24 51 67 86 -1 11 33 51 70 -1 21 54 61 88 -1 48 58 74 94 -1 16 35 72 91 -1 64 70 94 96 -1 -2
4 64 86 100 -1 34 46 52 85 -1 1 10 25 43 -1 11 18 20 42 -1 -2
43 49 86 87 -1 -2
17 56 66 96 -1 31 33 36 42 -1 -2
2 12 30 94 -1 59 64 84 93 -1 34 57 64 79 -1 14 23 53 81 -1 -2
21 37 57 76 -1 14 51 79 83 -1 74 81 82 84 -1 4 12 60 96 -1 13 16 41 70 -1 12 41 53 95 -1 32 42 50 83 -1 -2
16 44 54 93 -1 39 62 82 88 -1 24 29 52 87 -1 36 39 63 94 -1 12 13 24 73 -1 41 43 87 97 -1 24 46 64 85 -1 29 44 56 57 -1 -2
16 25 57 78 -1 5 33 75 91 -1 23 26 31 91 -1 44 81 90 92 -1 -2
51 63 74 97 -1 25 27 34 84 -1 11 34 60 71 -1 -2
22 46 58 82 -1 15 38 72 89 -1 8 22 48 51 -1 61 70 71 72 -1 7 20 51 95 -1 1 21 51 58 -1 23 33 57 65 -1 -2
3 11 88 89 -1 -2
47 59 75 79 -1 2 29 64 77 -1 31 38 82 99 -1 48 63 67 78 -1 8 34 84 93 -1 7 29 46 77 -1 -2
16 27 58 81 -1 9 29 52 83 -1 20 21 54 90 -1 27 53 76 79 -1 6 22 52 86 -1 -2
3 39 83 85 -1 6 26 68 79 -1 16 52 77 89 -1 -2
30 46 65 76 -1 2 8 26 52 -1 9 14 34 97 -1 8 11 39 50 -1 44 55 57 99 -1 -2
1 22 29 70 -1 -2
15 64 81 94 -1 12 25 41 66 -1 24 27 51 90 -1 63 79 80 94 -1 22 44 66 84 -1 -2
30 53 61 66 -1 51 70 84 98 -1 15 30 32 59 -1 30 32 61 84 -1 43 60 83 97 -1 1 12 14 72 -1 6 27 71 96 -1 17 28 51 91 -1 -2
11 24 48 88 -1 12 33 65 98 -1 -2
20 66 80 84 -1 -2
3 38 45 62 -1 39 40 57 71 -1 -2
55 57 92 94 -1 -2
12 42 70 97 -1 3 28 66 93 -1 12 77 85 98 -1 13 35 68 70 -1 22 47 84 88 -1 44 49 51 65 -1 21 67 87 88 -1 29 33 42 84 -1 -2
11 26 34 76 -1 51 53 81 100 -1 1 3 65 85 -1 17 32 89 100 -1 23 48 92 98 -1 8 84 94 100 -1 7 19 70 89 -1 4 45 50 53 -1 -2
9 14 60 70 -1 1 8 46 86 -1 3 43 44 69 -1 1 41 58 70 -1 -2
35 57 68 69 -1 32 39 57 73 -1 11 22 45 74 -1 49 52 83 84 -1 54 56 72 91 -1 9 77 82 100 -1 11 15 34 69 -1 6 19 25 90 -1 -2
26 61 73 84 -1 5 18 20 89 -1 17 23 42 79 -1 -2
22 54 72 83 -1 31 62 87 93 -1 18 40 55 76 -1 -2
22 46 59 86 -1 7 9 90 91 -1 6 44 58 67 -1 -2
28 60 80 81 -1 35 40 84 93 -1 -2
71 82 83 98 -1 48 55 63 71 -1 8 36 92 98 -1 -2
2 10 24 38 -1 65 81 91 98 -1 43 76 80 97 -1 10 31 35 94 -1 16 22 77 91 -1 30 44 45 84 -1 -2
27 41 82 100 -1 3 41 53 96 -1 7 44 73 96 -1 26 34 67 69 -1 -2
14 31 42 61 -1 2 13 30 50 -1 39 51 84 97 -1 17 29 87 93 -1 2 5 57 76 -1 18 22 25 95 -1 45 51 92 100 -1 -2
12 30 33 97 -1 -2
21 50 56 86 -1 15 31 66 96 -1 7 13 58 80 -1 -2
8 24 60 61 -1 15 32 73 77 -1 37 55 71 83 -1 48 54 56 89 -1 -2
2 23 65 68 -1 60 63 65 78 -1 16 54 56 75 -1 3 13 32 41 -1 40 51 76 94 -1 5 15 60 94 -1 11 45 60 61 -1 2 7 19 52 -1 -2
7 25 39 54 -1 29 61 79 84 -1 1 47 60 91 -1 14 17 97 98 -1 14 25 31 39 -1 31 34 76 92 -1 20 36 72 84 -1 -2
20 31 67 100 -1 71 84 98 100 -1 27 48 56 92 -1 3 29 43 75 -1 -2
10 17 37 39 -1 2 42 59 91 -1 24 55 64 85 -1 -2
28 32 37 82 -1 54 79 81 88 -1 52 66 84 86 -1 30 93 99 100 -1 -2
41 47 53 62 -1 6 62 81 87 -1 11 54 62 74 -1 -2
15 38 50 51 -1 -2
43 58 73 100 -1 11 33 34 72 -1 29 36 43 83 -1 -2
8 39 69 96 -1 4 56 68 82 -1 16 26 42 77 -1 46 72 74 94 -1 -2
12 13 61 86 -1 32 86 95 99 -1 5 33 52 83 -1 43 58 80 89 -1 26 56 81 100 -1 4 26 34 51 -1 -2
18 20 35 98 -1 3 23 48 99 -1 18 42 63 92 -1 15 64 70 92 -1 34 69 75 86 -1 60 82 85 98 -1 7 42 68 77 -1 -2
22 73 87 91 -1 1 28 62 72 -1 48 73 89 96 -1 6 18 24 68 -1 58 72 84 100 -1 -2
47 66 74 83 -1 28 45 62 79 -1 1 40 46 85 -1 5 55 91 98 -1 24 35 47 66 -1 28 46 65 89 -1 -2
3 12 64 70 -1 15 58 72 82 -1 13 40 48 62 -1 14 37 51 81 -1 25 30 31 57 -1 13 28 31 94 -1 10 18 43 82 -1 9 40 61 79 -1 -2
5 14 76 98 -1 -2
15 50 66 86 -1 24 47 48 94 -1 55 56 76 79 -1 2 8 32 74 -1 20 64 79 97 -1 26 39 59 95 -1 -2
9 85 86 98 -1 33 44 50 92 -1 12 61 84 86 -1 35 42 51 75 -1 45 56 72 82 -1 9 53 77 94 -1 2 3 25 62 -1 15 17 29 56 -1 -2
11 37 40 55 -1 5 49 80 90 -1 24 29 57 92 -1 -2
35 56 61 62 -1 46 57 77 97 -1 44 67 76 92 -1 54 56 65 76 -1 30 57 59 97 -1 23 57 72 81 -1 33 35 85 95 -1 30 37 75 96 -1 -2
10 17 54 59 -1 21 49 60 63 -1 -2
19 59 64 86 -1 28 32 57 85 -1 -2
6 55 96 99 -1 -2
4 27 36 96 -1 30 41 81 84 -1 6 47 58 99 -1 30 68 80 95 -1 16 21 54 94 -1 72 77 84 97 -1 10 54 59 91 -1 -2
1 3 4 57 -1 7 45 67 90 -1 9 26 59 87 -1 21 32 50 83 -1 7 24 39 51 -1 -2
24 36 62 76 -1 31 65 78 93 -1 9 55 57 81 -1 10 35 59 70 -1 63 64 67 98 -1 -2
18 94 95 97 -1 3 54 56 57 -1 12 48 69 76 -1 4 60 63 100 -1 2 14 77 89 -1 30 35 80 90 -1 17 21 39 79 -1 34 61 63 72 -1 -2
28 47 95 98 -1 11 30 48 62 -1 24 43 76 92 -1 7 27 36 42 -1 9 13 61 83 -1 45 46 59 99 -1 48 85 87 91 -1 27 37 45 86 -1 -2
11 47 64 94 -1 1 5 15 29 -1 -2
2 27 75 81 -1 20 30 58 64 -1 -2
28 42 43 78 -1 20 47 49 86 -1 13 23 67 81 -1 10 34 46 73 -1 32 33 59 90 -1 10 85 86 89 -1 8 45 69 79 -1 15 54 85 89 -1 -2
41 66 68 90 -1 48 54 57 100 -1 2 51 68 81 -1 -2
27 46 73 86 -1 23 28 32 38 -1 -2
48 51 68 74 -1 59 60 89 93 -1 2 73 74 92 -1 36 64 65 85 -1 5 7 35 42 -1 -2
28 52 90 95 -1 12 14 45 92 -1 2 16 37 62 -1 7 93 97 98 -1 -2
45 63 68 83 -1 3 27 63 89 -1 14 33 43 96 -1 1 3 8 53 -1 -2
3 18 61 82 -1 -2
26 53 73 79 -1 50 65 79 97 -1 45 96 98 100 -1 -2
2 38 62 67 -1 -2
17 36 37 49 -1 25 72 73 84 -1 -2
18 53 64 67 -1 5 32 42 48 -1 38 56 77 90 -1 -2
2 32 37 68 -1 10 31 34 69 -1 -2
60 78 84 92 -1 75 78 94 99 -1 48 76 82 99 -1 12 25 61 65 -1 7 13 26 35 -1 -2
29 65 85 87 -1 32 37 79 97 -1 -2
21 48 55 72 -1 20 31 49 71 -1 2 39 68 92 -1 25 27 35 83 -1 4 7 12 36 -1 17 19 54 67 -1 40 57 71 75 -1 -2
31 33 37 38 -1 1 3 47 69 -1 28 29 56 70 -1 12 47 78 99 -1 22 24 54 70 -1 63 76 87 93 -1 -2
12 36 46 86 -1 4 31 73 79 -1 -2
43 49 51 78 -1 5 51 55 65 -1 18 21 23 89 -1 -2
28 35 90 93 -1 -2
10 11 56 70 -1 13 32 77 89 -1 14 21 81 82 -1 6 55 67 86 -1 38 62 77 98 -1 -2
1 54 77 99 -1 59 68 76 86 -1 27 64 69 80 -1 21 37 70 80 -1 22 62 68 70 -1 -2
4 21 26 32 -1 23 26 70 95 -1 -2
13 45 52 90 -1 50 60 65 74 -1 17 49 61 77 -1 21 43 61 83 -1 34 84 98 100 -1 6 13 48 69 -1 -2
29 35 38 84 -1 4 18 66 78 -1 6 72 73 88 -1 14 65 89 96 -1 28 35 93 96 -1 1 33 66 80 -1 19 54 58 79 -1 -2
6 57 58 63 -1 28 31 41 68 -1 8 43 84 90 -1 34 39 66 89 -1 15 61 82 93 -1 -2
30 44 83 98 -1 1 33 51 80 -1 8 46 57 81 -1 4 13 23 29 -1 6 11 55 93 -1 -2
12 76 83 96 -1 40 68 74 92 -1 26 40 66 96 -1 2 35 38 50 -1 33 52 70 73 -1 42 69 87 100 -1 -2
28 51 85 97 -1 21 55 85 97 -1 34 35 52 78 -1 12 45 68 92 -1 60 77 79 83 -1 8 62 67 90 -1 -2
27 41 51 91 -1 13 33 49 82 -1 -2
34 36 60 83 -1 5 31 40 67 -1 14 22 71 79 -1 -2
32 84 85 98 -1 1 45 54 67 -1 5 28 32 46 -1 23 46 47 57 -1 -2
32 60 74 86 -1 19 46 52 86 -1 48 73 75 79 -1 13 28 66 80 -1 18 55 79 85 -1 35 46 65 69 -1 6 20 37 96 -1 36 46 47 69 -1 -2
41 58 59 85 -1 -2
11 40 44 66 -1 7 46 81 83 -1 17 28 39 60 -1 -2
10 67 92 99 -1 83 90 99 100 -1 23 38 64 90 -1 18 72 94 95 -1 -2
2 31 33 90 -1 4 37 63 80 -1 8 41 46 84 -1 13 22 57 60 -1 14 23 62 70 -1 19 25 75 100 -1 22 75 79 95 -1 14 21 22 28 -1 -2
8 24 28 85 -1 9 43 49 68 -1 1 16 37 66 -1 24 90 95 99 -1 46 56 72 100 -1 -2
5 8 31 81 -1 9 37 66 70 -1 5 26 61 80 -1 9 59 68 82 -1 22 34 62 96 -1 35 53 57 81 -1 -2
3 16 50 58 -1 32 43 82 88 -1 22 28 75 77 -1 6 34 36 40 -1 1 53 56 71 -1 14 31 34 60 -1 4 52 74 97 -1 31 48 58 80 -1 -2
14 28 40 95 -1 -2
3 60 75 77 -1 57 59 62 86 -1 6 11 27 51 -1 -2
12 15 26 46 -1 29 51 63 73 -1 21 60 62 69 -1 3 5 69 74 -1 7 44 66 81 -1 10 45 52 100 -1 21 27 75 80 -1 -2
2 84 85 96 -1 -2
10 67 76 99 -1 37 63 69 73 -1 33 57 71 81 -1 44 58 66 80 -1 11 20 31 66 -1 -2
40 51 62 63 -1 37 68 75 91 -1 31 48 57 91 -1 32 42 50 64 -1 -2
13 33 67 71 -1 -2
27 28 49 86 -1 8 36 85 99 -1 36 38 56 78 -1 31 42 46 57 -1 -2
1 6 38 98 -1 31 67 75 95 -1 24 72 73 79 -1 35 51 77 84 -1 5 23 34 90 -1 10 47 50 91 -1 50 79 92 95 -1 2 48 65 100 -1 -2
7 62 70 93 -1 20 22 46 75 -1 52 78 82 88 -1 12 21 78 89 -1 29 42 47 50 -1 10 16 33 60 -1 3 16 39 60 -1 14 62 65 94 -1 -2
30 49 72 99 -1 3 48 50 68 -1 -2
51 63 82 95 -1 4 6 35 44 -1 7 12 21 92 -1 6 13 43 76 -1 6 73 76 93 -1 13 23 26 66 -1 18 72 89 97 -1 -2
4 10 14 53 -1 -2
3 49 55 75 -1 19 50 58 95 -1 41 44 48 64 -1 21 26 77 80 -1 1 25 60 90 -1 20 49 64 77 -1 4 43 56 66 -1 5 22 40 87 -1 -2
6 29 37 88 -1 8 44 52 88 -1 50 59 68 93 -1 12 30 70 94 -1 28 43 50 57 -1 -2
6 31 37 48 -1 2 9 14 18 -1 5 21 61 76 -1 34 40 56 96 -1 10 12 27 35 -1 7 17 18 74 -1 -2
9 21 48 69 -1 23 30 61 98 -1 -2
46 55 89 97 -1 31 33 55 89 -1 21 54 67 82 -1 21 48 65 69 -1 50 56 59 96 -1 18 21 28 30 -1 19 49 57 77 -1 -2
4 5 58 74 -1 12 56 69 96 -1 13 19 25 56 -1 -2
5 22 46 77 -1 8 49 53 64 -1 17 21 38 57 -1 -2
5 18 22 69 -1 58 70 78 80 -1 44 58 60 80 -1 6 30 52 56 -1 42 52 77 79 -1 13 66 85 93 -1 21 56 89 91 -1 34 41 88 96 -1 -2
10 11 43 79 -1 37 45 53 57 -1 17 32 63 100 -1 15 34 43 91 -1 22 26 45 57 -1 33 48 60 77 -1 16 37 40 56 -1 -2
23 39 44 71 -1 -2
52 63 65 88 -1 17 20 44 47 -1 16 47 69 93 -1 25 32 62 68 -1 -2
37 39 54 86 -1 8 28 35 81 -1 7 19 57 100 -1 7 9 36 88 -1 23 50 88 99 -1 53 75 93 94 -1 2 47 58 75 -1 -2
38 49 55 59 -1 1 29 57 73 -1 46 56 75 77 -1 -2
22 47 71 94 -1 27 69 74 91 -1 4 21 31 68 -1 11 15 22 26 -1 3 31 85 96 -1 10 25 41 95 -1 4 30 56 87 -1 6 12 44 58 -1 -2
4 6 8 61 -1 3 61 68 79 -1 34 52 77 86 -1 -2
31 42 49 54 -1 21 27 40 75 -1 24 28 48 55 -1 31 67 71 76 -1 1 71 92 93 -1 6 10 92 97 -1 39 57 59 87 -1 4 26 46 65 -1 -2
13 57 63 76 -1 1 73 91 100 -1 28 51 66 81 -1 -2
26 43 51 68 -1 41 55 58 89 -1 64 70 72 100 -1 10 27 40 43 -1 20 40 63 91 -1 15 29 55 66 -1 6 17 83 91 -1 -2
4 35 39 86 -1 1 44 75 96 -1 33 49 51 86 -1 16 34 90 97 -1 -2
26 33 36 94 -1 1 26 86 88 -1 -2
1 5 6 80 -1 28 73 75 93 -1 -2
11 29 68 97 -1 8 49 58 76 -1 21 32 41 91 -1 -2
15 41 60 68 -1 15 69 71 95 -1 1 18 54 61 -1 -2
28 33 69 96 -1 28 32 54 83 -1 18 27 36 92 -1 45 46 64 72 -1 40 41 63 71 -1 41 60 70 92 -1 10 41 47 100 -1 -2
45 70 87 95 -1 20 30 32 85 -1 -2
29 36 86 98 -1 19 22 32 44 -1 44 73 87 88 -1 30 31 63 74 -1 4 26 49 61 -1 1 41 95 100 -1 -2
14 42 85 98 -1 20 21 42 100 -1 10 23 66 73 -1 2 12 16 28 -1 2 21 34 92 -1 -2
17 35 57 75 -1 19 20 67 76 -1 3 9 36 65 -1 44 57 89 97 -1 2 31 43 55 -1 20 71 73 87 -1 51 52 60 73 -1 -2
20 71 79 92 -1 33 37 57 60 -1 31 40 74 91 -1 4 11 20 28 -1 30 40 72 74 -1 -2
9 34 45 52 -1 14 21 26 93 -1 13 30 72 86 -1 -2
21 39 59 82 -1 -2
26 33 37 59 -1 19 37 43 63 -1 18 47 69 91 -1 14 16 41 75 -1 14 31 85 98 -1 8 32 39 49 -1 1 8 15 70 -1 -2
2 15 74 94 -1 6 27 62 99 -1 17 67 77 90 -1 8 44 92 97 -1 -2
10 61 72 99 -1 16 18 71 72 -1 -2
42 43 77 84 -1 9 28 74 94 -1 27 29 47 84 -1 52 68 71 81 -1 14 32 68 84 -1 20 39 41 60 -1 10 61 68 71 -1 59 63 65 96 -1 -2
20 35 39 63 -1 21 67 78 100 -1 10 13 49 71 -1 33 65 80 83 -1 26 33 42 57 -1 -2
7 21 41 63 -1 4 57 70 80 -1 6 35 39 96 -1 -2
22 40 76 77 -1 11 23 33 96 -1 6 44 80 95 -1 23 53 59 83 -1 28 29 51 81 -1 16 27 93 99 -1 7 20 33 37 -1 29 31 57 58 -1 -2
9 29 53 75 -1 1 40 54 90 -1 16 24 39 54 -1 1 17 66 99 -1 29 50 80 96 -1 1 14 21 59 -1 6 31 51 84 -1 -2
16 21 81 89 -1 7 22 53 92 -1 19 20 85 93 -1 6 22 54 85 -1 1 4 75 76 -1 43 55 69 93 -1 24 25 58 100 -1 42 45 53 69 -1 -2
3 16 81 97 -1 17 23 58 63 -1 42 45 80 85 -1 17 18 25 99 -1 14 38 76 87 -1 32 49 70 80 -1 -2
16 21 91 95 -1 4 35 37 81 -1 39 63 69 99 -1 5 25 60 71 -1 25 42 61 70 -1 14 60 69 97 -1 -2
34 54 67 91 -1 9 25 28 47 -1 9 10 49 61 -1 11 28 58 63 -1 11 38 79 85 -1 -2
7 36 38 96 -1 -2
12 60 68 87 -1 24 34 40 100 -1 4 15 50 79 -1 14 27 31 52 -1 -2
51 71 79 90 -1 44 76 79 81 -1 13 25 73 76 -1 21 30 40 73 -1 17 43 65 71 -1 -2
31 39 41 60 -1 17 18 28 100 -1 8 14 19 35 -1 18 32 77 83 -1 -2
4 22 54 57 -1 -2
33 42 45 72 -1 15 26 62 65 -1 16 31 55 57 -1 40 68 98 99 -1 31 65 75 89 -1 31 43 46 58 -1 7 9 16 17 -1 16 71 75 91 -1 -2
6 9 21 82 -1 46 71 75 82 -1 12 93 95 100 -1 40 61 63 69 -1 -2
50 68 69 71 -1 -2
1 13 36 42 -1 8 13 18 52 -1 10 19 39 61 -1 1 10 71 94 -1 -2
28 35 47 88 -1 -2
26 71 84 86 -1 1 6 45 83 -1 -2
44 58 74 79 -1 19 21 93 96 -1 15 34 35 55 -1 4 11 29 82 -1 13 27 43 76 -1 -2
8 33 63 70 -1 -2
8 47 67 72 -1 20 71 92 96 -1 38 47 54 68 -1 8 29 84 96 -1 33 35 54 56 -1 7 50 65 72 -1 15 44 49 55 -1 -2
10 16 21 73 -1 23 37 81 100 -1 -2
29 39 45 89 -1 1 27 85 99 -1 26 65 66 68 -1 13 19 51 67 -1 4 22 47 94 -1 -2
8 75 94 97 -1 37 80 95 97 -1 19 48 81 99 -1 24 40 44 98 -1 23 37 79 86 -1 -2
35 37 41 74 -1 13 25 41 42 -1 13 17 69 77 -1 4 22 44 78 -1 -2
2 16 54 58 -1 29 56 63 96 -1 14 44 58 97 -1 16 40 62 74 -1 12 40 41 71 -1 8 58 83 90 -1 16 66 82 99 -1 39 42 57 65 -1 -2
8 71 75 87 -1 12 29 58 87 -1 13 17 59 94 -1 21 26 72 92 -1 20 27 38 86 -1 -2
5 35 60 87 -1 15 41 80 89 -1 24 35 72 75 -1 49 51 81 92 -1 24 35 73 81 -1 15 27 54 93 -1 9 16 17 50 -1 -2
3 42 58 73 -1 -2
5 54 65 98 -1 3 42 61 97 -1 18 24 27 68 -1 25 33 65 77 -1 26 37 63 69 -1 2 6 15 41 -1 3 25 66 93 -1 -2
5 34 54 63 -1 25 42 61 87 -1 3 64 67 91 -1 3 13 37 90 -1 7 67 89 94 -1 21 29 50 52 -1 22 65 76 89 -1 20 25 26 95 -1 -2
27 38 51 62 -1 3 7 24 62 -1 52 54 83 85 -1 14 23 33 46 -1 -2
11 66 74 81 -1 34 50 59 95 -1 27 31 73 78 -1 49 61 91 98 -1 36 47 52 75 -1 20 55 68 97 -1 19 26 36 98 -1 28 59 80 91 -1 -2
4 63 81 86 -1 -2
2 40 71 83 -1 -2
14 69 71 83 -1 41 46 54 55 -1 -2
6 43 55 96 -1 11 23 42 99 -1 27 67 81 94 -1 62 64 89 98 -1 74 92 96 98 -1 -2
58 81 87 95 -1 1 2 64 99 -1 30 77 89 91 -1 -2
27 28 46 83 -1 33 60 61 100 -1 42 48 79 90 -1 3 57 70 78 -1 37 61 84 90 -1 -2
7 30 69 93 -1 10 57 72 82 -1 13 14 27 76 -1 6 23 31 96 -1 4 15 73 79 -1 45 78 87 98 -1 3 31 60 66 -1 42 50 64 65 -1 -2
2 12 60 65 -1 -2
8 17 41 82 -1 36 68 80 99 -1 32 34 39 99 -1 32 58 76 78 -1 32 44 71 97 -1 15 39 79 88 -1 -2
25 28 77 100 -1 15 16 60 66 -1 7 35 49 51 -1 2 4 9 42 -1 22 38 39 54 -1 64 81 95 99 -1 8 13 28 56 -1 34 43 44 45 -1 -2
6 55 77 80 -1 6 19 30 40 -1 7 16 71 78 -1 -2
15 23 31 79 -1 26 62 74 95 -1 14 32 34 62 -1 5 32 49 79 -1 5 8 24 67 -1 -2
37 84 90 98 -1 -2
56 71 79 98 -1 20 27 43 99 -1 39 58 65 83 -1 21 28 32 42 -1 50 79 83 87 -1 -2
8 58 65 88 -1 31 36 50 85 -1 -2
4 49 60 78 -1 64 67 88 96 -1 40 42 47 78 -1 48 55 62 72 -1 12 33 65 96 -1 27 40 83 92 -1 12 38 54 90 -1 4 29 31 35 -1 -2
16 17 24 46 -1 27 28 34 39 -1 21 55 79 83 -1 17 33 40 60 -1 9 72 73 92 -1 4 18 77 99 -1 -2
29 62 71 78 -1 68 83 90 95 -1 58 60 73 89 -1 11 16 41 79 -1 59 64 66 99 -1 3 4 25 55 -1 31 42 65 69 -1 -2
15 36 66 96 -1 24 46 76 78 -1 13 27 43 69 -1 8 30 69 91 -1 35 77 94 97 -1 17 66 81 91 -1 26 29 53 58 -1 5 39 40 53 -1 -2
21 47 61 80 -1 30 32 58 83 -1 15 62 71 95 -1 24 27 30 60 -1 -2
7 37 39 76 -1 15 19 34 49 -1 21 36 77 81 -1 13 46 51 70 -1 13 14 85 89 -1 1 56 89 93 -1 48 66 70 96 -1 -2
2 22 81 85 -1 46 57 78 94 -1 7 12 56 95 -1 10 22 33 96 -1 -2
3 51 93 94 -1 16 22 56 59 -1 30 52 69 88 -1 -2
25 40 83 93 -1 21 29 50 60 -1 -2
13 53 69 93 -1 1 24 71 99 -1 23 40 68 73 -1 4 49 68 94 -1 -2
18 33 42 51 -1 20 32 34 66 -1 3 9 42 92 -1 12 40 44 84 -1 21 42 49 82 -1 44 58 65 73 -1 3 20 45 75 -1 -2
63 70 81 85 -1 -2
2 21 22 66 -1 11 18 20 48 -1 6 7 60 71 -1 -2
39 50 57 83 -1 20 39 45 89 -1 -2
17 20 39 54 -1 7 24 72 90 -1 14 45 56 75 -1 13 18 25 83 -1 28 41 57 71 -1 43 48 63 94 -1 26 45 46 63 -1 17 32 53 86 -1 -2
9 19 40 50 -1 3 36 65 81 -1 -2
4 60 78 99 -1 7 20 39 40 -1 14 39 62 95 -1 51 57 58 82 -1 17 26 28 88 -1 16 49 66 86 -1 22 41 83 87 -1 27 41 45 54 -1 -2
10 20 51 98 -1 9 49 87 97 -1 18 19 46 85 -1 3 11 18 35 -1 -2
11 42 49 94 -1 10 13 48 73 -1 25 60 72 91 -1 -2
7 38 46 86 -1 15 35 41 70 -1 35 58 78 94 -1 31 35 36 82 -1 30 32 47 56 -1 20 50 77 99 -1 5 25 62 89 -1 55 58 76 79 -1 -2
25 35 92 95 -1 36 49 66 75 -1 16 42 72 98 -1 -2
4 22 27 70 -1 5 21 24 52 -1 39 58 83 93 -1 28 73 74 78 -1 51 55 76 97 -1 -2
9 63 67 85 -1 34 38 46 86 -1 26 33 46 100 -1 22 50 55 96 -1 5 40 70 86 -1 -2
35 41 54 97 -1 69 83 85 94 -1 15 34 72 84 -1 11 22 37 89 -1 21 35 73 82 -1 18 26 61 73 -1 37 67 74 94 -1 -2
61 81 89 100 -1 14 62 65 93 -1 2 17 80 86 -1 38 41 69 88 -1 2 42 56 72 -1 -2
8 29 44 75 -1 24 27 35 90 -1 58 72 75 83 -1 4 12 37 81 -1 67 68 91 98 -1 50 54 66 94 -1 -2
2 33 66 78 -1 -2
40 63 86 91 -1 24 53 85 96 -1 2 31 38 74 -1 17 19 74 86 -1 30 59 67 89 -1 8 25 33 60 -1 34 72 77 79 -1 -2
42 65 69 71 -1 21 42 59 63 -1 5 74 79 80 -1 22 44 49 51 -1 18 29 48 76 -1 6 16 66 91 -1 -2
36 49 60 92 -1 21 30 51 94 -1 19 45 74 83 -1 22 74 97 98 -1 20 40 67 70 -1 10 47 57 89 -1 -2
21 52 63 100 -1 11 26 57 98 -1 26 31 41 46 -1 3 52 71 80 -1 22 50 66 88 -1 1 40 72 96 -1 -2
37 39 47 98 -1 6 30 77 82 -1 14 17 30 74 -1 49 58 73 82 -1 1 13 60 71 -1 50 56 57 79 -1 -2
17 62 65 71 -1 -2
39 74 86 98 -1 2 11 37 82 -1 10 18 88 89 -1 22 29 51 93 -1 4 9 16 61 -1 -2
7 42 70 98 -1 10 14 85 88 -1 19 26 58 70 -1 3 8 13 30 -1 66 89 96 99 -1 -2
20 23 87 92 -1 12 52 53 62 -1 16 29 60 71 -1 17 27 76 80 -1 24 53 65 82 -1 10 13 20 99 -1 53 63 78 98 -1 3 85 90 95 -1 -2
9 10 59 97 -1 30 33 55 83 -1 11 16 27 72 -1 8 22 35 56 -1 47 68 81 92 -1 -2
29 65 72 82 -1 9 16 47 95 -1 6 52 63 97 -1 2 62 66 79 -1 -2
22 34 48 100 -1 -2
15 30 31 56 -1 12 53 69 81 -1 11 34 85 99 -1 6 21 59 84 -1 19 33 78 82 -1 -2
68 69 74 90 -1 32 46 85 100 -1 5 76 91 97 -1 15 40 44 60 -1 -2
26 53 66 76 -1 28 38 40 51 -1 64 72 89 91 -1 13 17 47 59 -1 4 19 44 57 -1 1 12 71 76 -1 -2
27 50 70 97 -1 4 14 18 55 -1 66 67 74 99 -1 -2
8 48 65 76 -1 22 40 42 80 -1 11 12 30 87 -1 3 57 67 78 -1 41 48 58 97 -1 8 10 73 74 -1 20 30 40 66 -1 -2
5 32 35 96 -1 10 11 58 83 -1 40 43 84 92 -1 1 7 40 97 -1 26 49 69 100 -1 -2
22 38 72 96 -1 48 87 90 94 -1 3 38 78 93 -1 18 67 68 81 -1 14 41 71 75 -1 2 15 86 90 -1 8 29 86 100 -1 10 39 65 82 -1 -2
1 11 38 43 -1 -2
14 23 71 80 -1 26 32 62 83 -1 -2
13 16 60 71 -1 53 58 78 86 -1 12 18 44 76 -1 30 57 77 86 -1 -2
9 14 96 98 -1 -2
39 70 77 84 -1 7 20 59 78 -1 15 60 96 100 -1 -2
22 26 41 98 -1 11 30 31 39 -1 46 52 63 77 -1 17 33 58 81 -1 8 67 73 84 -1 31 70 78 84 -1 49 62 73 86 -1 -2
7 40 44 95 -1 46 50 77 96 -1 4 29 31 49 -1 4 57 59 84 -1 54 60 84 96 -1 27 36 44 72 -1 12 37 39 87 -1 -2
39 40 60 90 -1 -2
15 47 55 94 -1 1 13 39 99 -1 16 17 78 94 -1 -2
49 60 74 83 -1 39 76 86 95 -1 7 23 43 66 -1 15 27 48 69 -1 66 74 81 83 -1 9 23 87 89 -1 -2
4 25 74 91 -1 45 46 71 88 -1 24 42 51 55 -1 16 37 82 98 -1 -2
25 39 62 78 -1 -2
48 55 89 92 -1 6 17 72 85 -1 23 57 87 98 -1 42 55 76 80 -1 1 2 8 23 -1 18 23 43 76 -1 -2
42 44 57 95 -1 24 33 68 85 -1 6 48 58 88 -1 25 32 83 91 -1 -2
1 23 57 67 -1 35 48 62 91 -1 5 19 53 72 -1 8 32 42 79 -1 -2
20 35 38 95 -1 36 42 44 100 -1 16 53 63 87 -1 8 22 54 85 -1 7 69 77 97 -1 -2
26 30 32 41 -1 4 15 45 70 -1 3 20 57 66 -1 5 13 56 65 -1 43 49 54 95 -1 31 49 65 85 -1 14 22 82 92 -1 6 31 59 78 -1 -2
1 19 25 82 -1 16 42 69 88 -1 2 8 21 45 -1 35 37 75 79 -1 2 9 19 23 -1 2 9 54 99 -1 2 14 32 48 -1 6 42 83 88 -1 -2
41 52 72 75 -1 13 23 90 96 -1 26 39 66 93 -1 10 22 37 43 -1 2 11 15 47 -1 16 72 82 95 -1 31 69 80 95 -1 57 71 78 85 -1 -2
29 39 40 66 -1 -2
4 11 59 98 -1 21 31 63 76 -1 2 22 31 86 -1 5 26 93 94 -1 32 74 86 99 -1 -2
10 15 38 90 -1 27 38 49 75 -1 23 24 66 95 -1 25 77 88 92 -1 -2
41 53 56 57 -1 26 47 55 92 -1 10 19 40 43 -1 4 18 45 73 -1 12 15 18 31 -1 4 12 49 55 -1 -2
22 35 38 92 -1 47 62 75 87 -1 -2
5 8 63 100 -1 13 41 75 84 -1 51 74 84 97 -1 9 42 55 99 -1 76 78 80 81 -1 1 41 75 84 -1 10 28 33 85 -1 -2
22 66 87 90 -1 15 46 51 93 -1 30 54 64 99 -1 1 29 35 89 -1 31 40 90 95 -1 8 16 63 74 -1 7 15 50 64 -1 -2
9 13 34 52 -1 4 7 84 88 -1 1 2 59 91 -1 32 65 66 96 -1 67 72 82 93 -1 4 24 28 44 -1 -2
3 12 37 66 -1 -2
16 31 62 88 -1 18 21 31 69 -1 -2
7 22 68 76 -1 25 38 62 82 -1 10 52 65 84 -1 13 18 63 87 -1 19 40 48 87 -1 20 50 82 95 -1 5 10 46 83 -1 -2
38 49 73 90 -1 -2
63 70 87 96 -1 32 60 64 65 -1 10 21 53 71 -1 -2
25 31 46 90 -1 43 94 95 99 -1 54 56 81 83 -1 24 69 76 95 -1 4 43 70 79 -1 7 64 87 88 -1 -2
42 72 85 99 -1 12 30 75 86 -1 12 52 83 89 -1 14 42 46 93 -1 20 53 67 80 -1 30 39 68 88 -1 15 50 85 88 -1 -2
53 55 62 72 -1 9 13 15 23 -1 31 67 84 91 -1 27 37 60 99 -1 28 43 60 87 -1 53 74 88 95 -1 -2
57 73 78 89 -1 20 35 49 85 -1 37 46 67 71 -1 3 35 39 75 -1 -2
4 8 18 24 -1 3 86 89 98 -1 34 94 98 99 -1 7 31 47 69 -1 58 94 96 98 -1 27 45 85 92 -1 -2
11 43 64 89 -1 42 44 71 96 -1 26 54 57 70 -1 2 10 72 89 -1 27 34 66 92 -1 3 20 38 70 -1 -2
2 26 86 99 -1 22 68 82 90 -1 19 25 83 94 -1 40 77 94 99 -1 20 25 68 80 -1 21 41 57 92 -1 5 67 79 97 -1 32 37 58 88 -1 -2
51 61 74 77 -1 44 58 82 85 -1 6 38 61 79 -1 16 24 62 85 -1 -2
4 41 92 99 -1 22 66 74 78 -1 13 28 54 67 -1 46 52 76 94 -1 17 26 51 64 -1 66 73 76 78 -1 15 34 51 56 -1 -2
31 33 87 97 -1 22 35 87 88 -1 3 9 42 80 -1 25 41 44 97 -1 6 8 52 80 -1 1 17 33 83 -1 -2
2 12 71 87 -1 10 11 38 57 -1 -2
35 46 85 86 -1 19 26 45 94 -1 23 65 92 99 -1 -2
34 60 71 99 -1 9 42 71 96 -1 11 62 78 79 -1 17 20 23 33 -1 42 48 71 80 -1 6 48 69 79 -1 -2
2 70 73 85 -1 7 22 65 73 -1 11 55 66 85 -1 26 35 53 69 -1 26 29 80 97 -1 -2
22 53 67 84 -1 11 36 58 79 -1 6 14 37 80 -1 46 70 86 96 -1 23 49 86 95 -1 21 23 42 92 -1 15 43 59 78 -1 17 24 63 77 -1 -2
9 13 46 77 -1 37 69 86 93 -1 12 20 67 74 -1 11 50 60 96 -1 -2
26 73 78 84 -1 26 45 62 66 -1 7 23 91 96 -1 11 29 92 95 -1 14 37 38 60 -1 -2
7 37 78 87 -1 46 47 77 83 -1 24 25 55 73 -1 31 61 69 89 -1 1 7 42 61 -1 -2
24 41 81 85 -1 6 12 27 46 -1 44 62 68 100 -1 8 25 35 80 -1 4 14 73 83 -1 -2
3 24 38 39 -1 5 45 66 68 -1 18 55 70 85 -1 -2
5 8 82 86 -1 13 30 31 89 -1 24 25 67 87 -1 10 51 58 84 -1 -2
21 61 66 71 -1 24 79 82 93 -1 36 50 67 81 -1 -2
6 11 61 96 -1 44 64 85 92 -1 6 73 79 80 -1 39 66 71 97 -1 18 19 28 62 -1 23 35 84 88 -1 37 45 64 66 -1 -2
30 36 46 74 -1 10 60 86 100 -1 14 47 67 84 -1 21 55 67 79 -1 15 52 84 87 -1 -2
9 12 67 99 -1 7 16 17 84 -1 45 51 86 94 -1 -2
66 77 91 95 -1 41 44 77 94 -1 21 37 38 59 -1 -2
48 51 87 98 -1 13 26 38 60 -1 -2
42 50 55 62 -1 25 37 38 66 -1 7 47 51 63 -1 6 51 62 74 -1 56 60 89 98 -1 -2
21 50 58 86 -1 11 51 85 100 -1 29 30 55 64 -1 -2
7 13 26 60 -1 24 26 91 96 -1 26 35 53 81 -1 24 53 94 97 -1 34 42 56 84 -1 9 37 72 91 -1 46 68 80 95 -1 -2
2 24 94 97 -1 -2
6 16 42 74 -1 -2
21 44 73 89 -1 45 48 61 78 -1 6 16 41 63 -1 8 34 70 88 -1 7 24 39 69 -1 27 31 32 47 -1 9 13 17 48 -1 31 41 67 80 -1 -2
1 34 41 82 -1 -2
27 54 71 78 -1 15 28 49 89 -1 22 29 62 72 -1 -2
13 17 51 77 -1 -2
27 32 33 55 -1 24 56 75 81 -1 4 61 71 86 -1 40 53 73 91 -1 53 70 89 92 -1 6 47 48 56 -1 2 40 45 94 -1 -2
18 19 43 54 -1 55 68 95 98 -1 -2
24 36 60 86 -1 18 49 56 79 -1 25 64 66 84 -1 1 6 22 59 -1 3 14 47 96 -1 3 7 11 86 -1 -2
18 52 64 69 -1 58 61 68 96 -1 1 28 40 75 -1 15 72 80 97 -1 22 38 57 92 -1 32 41 49 61 -1 11 13 58 62 -1 5 19 24 89 -1 -2
26 69 77 85 -1 3 45 58 100 -1 11 17 18 57 -1 9 36 50 92 -1 -2
15 56 63 100 -1 5 34 37 77 -1 16 33 53 94 -1 13 31 66 85 -1 15 44 84 95 -1 -2
7 11 45 52 -1 12 17 70 74 -1 3 64 72 75 -1 12 36 50 61 -1 6 15 44 71 -1 12 20 82 88 -1 -2
2 12 88 92 -1 43 70 79 90 -1 7 72 94 96 -1 9 16 72 94 -1 -2
24 31 41 42 -1 4 37 50 72 -1 8 25 47 49 -1 -2
47 52 77 95 -1 35 48 71 74 -1 17 37 41 57 -1 5 82 86 88 -1 4 23 36 58 -1 -2
23 39 69 80 -1 -2
53 58 69 84 -1 52 57 87 99 -1 13 22 68 79 -1 7 27 37 43 -1 -2
68 88 91 97 -1 61 75 78 95 -1 4 34 40 60 -1 24 25 32 71 -1 29 57 63 82 -1 16 88 94 98 -1 9 38 72 99 -1 15 46 47 54 -1 -2
40 75 77 93 -1 -2
37 41 86 100 -1 8 14 59 71 -1 4 16 92 93 -1 6 9 37 63 -1 18 38 48 49 -1 -2
35 42 73 79 -1 8 22 54 55 -1 41 75 91 95 -1 26 28 52 54 -1 8 21 55 92 -1 11 30 61 65 -1 -2
2 72 89 97 -1 32 48 49 52 -1 -2
12 67 75 96 -1 -2
6 12 36 48 -1 1 12 42 61 -1 17 23 75 83 -1 1 28 74 91 -1 18 23 40 66 -1 30 46 90 97 -1 16 28 53 86 -1 -2
14 53 67 73 -1 15 66 76 94 -1 32 36 51 94 -1 2 23 30 94 -1 -2
7 51 57 87 -1 -2
48 70 74 96 -1 9 54 63 85 -1 24 47 48 76 -1 -2
32 71 77 85 -1 38 67 89 90 -1 -2
25 36 51 75 -1 1 3 56 69 -1 10 30 32 60 -1 46 58 80 86 -1 19 79 85 90 -1 -2
1 16 37 39 -1 1 16 49 93 -1 1 33 46 59 -1 12 39 85 88 -1 18 42 85 97 -1 -2
19 30 58 65 -1 13 50 60 90 -1 -2
7 43 79 84 -1 7 15 18 70 -1 35 47 68 72 -1 25 38 40 98 -1 4 36 60 90 -1 4 12 28 29 -1 45 47 59 85 -1 12 48 53 65 -1 -2
19 33 49 74 -1 -2
1 40 81 96 -1 25 52 53 66 -1 9 61 77 88 -1 25 31 53 54 -1 66 67 77 85 -1 22 54 72 74 -1 15 18 31 81 -1 -2
35 63 93 94 -1 29 37 51 54 -1 34 47 49 52 -1 20 51 55 84 -1 52 60 80 81 -1 -2
33 36 43 61 -1 13 14 48 74 -1 1 35 85 97 -1 -2
10 31 39 57 -1 42 43 59 95 -1 10 48 58 83 -1 29 42 69 91 -1 -2
34 42 97 99 -1 35 47 75 82 -1 13 51 55 86 -1 26 36 40 82 -1 30 38 64 95 -1 -2
7 25 88 95 -1 29 38 61 71 -1 -2
41 65 78 91 -1 47 64 95 99 -1 15 40 45 96 -1 31 34 74 92 -1 25 37 47 63 -1 -2
2 7 9 41 -1 14 29 42 96 -1 49 63 80 88 -1 4 14 52 57 -1 55 63 65 80 -1 -2
8 82 87 89 -1 14 74 83 91 -1 2 51 70 98 -1 45 55 59 62 -1 24 42 54 61 -1 13 15 47 100 -1 -2
6 22 56 90 -1 26 39 48 63 -1 4 37 81 92 -1 43 71 80 84 -1 5 47 54 85 -1 47 48 66 99 -1 1 79 90 100 -1 -2
51 61 64 91 -1 9 45 69 79 -1 -2
28 47 50 92 -1 31 45 62 88 -1 27 44 65 76 -1 26 38 53 83 -1 -2
14 15 20 40 -1 10 31 47 79 -1 22 24 77 99 -1 -2
12 21 34 73 -1 14 19 71 82 -1 13 28 72 85 -1 -2
31 53 56 95 -1 4 17 32 88 -1 1 71 77 86 -1 66 82 83 87 -1 -2
40 41 57 93 -1 23 31 37 88 -1 14 46 71 80 -1 -2
17 39 81 85 -1 8 25 55 58 -1 3 6 46 48 -1 13 72 75 86 -1 22 37 59 96 -1 31 52 61 88 -1 12 66 71 72 -1 63 65 84 99 -1 -2
8 41 69 97 -1 14 39 69 78 -1 -2
7 10 50 53 -1 26 56 57 68 -1 26 41 49 83 -1 2 54 57 94 -1 17 32 54 90 -1 -2
29 31 37 62 -1 29 56 63 90 -1 5 65 73 93 -1 23 26 27 61 -1 44 47 62 73 -1 36 48 69 91 -1 3 35 46 68 -1 -2
4 21 51 52 -1 -2
3 62 71 73 -1 23 27 30 75 -1 -2
32 75 83 99 -1 6 45 62 65 -1 14 24 62 78 -1 23 32 39 94 -1 -2
9 66 67 73 -1 9 40 61 94 -1 -2
23 50 53 69 -1 7 26 27 45 -1 3 50 70 80 -1 5 39 43 72 -1 2 9 25 47 -1 -2
5 11 31 82 -1 1 31 40 49 -1 9 37 38 68 -1 12 48 49 83 -1 12 55 59 69 -1 22 64 76 83 -1 2 12 44 66 -1 7 17 34 95 -1 -2
16 48 54 79 -1 24 30 52 81 -1 -2
10 17 21 85 -1 54 63 86 93 -1 23 39 66 70 -1 7 62 88 98 -1 38 77 96 97 -1 7 49 66 84 -1 -2
10 15 16 68 -1 33 47 90 93 -1 9 28 47 82 -1 19 41 52 85 -1 15 16 25 90 -1 -2
51 56 94 96 -1 -2
6 18 32 36 -1 12 35 62 77 -1 6 11 80 90 -1 50 51 63 89 -1 5 36 45 49 -1 25 74 78 98 -1 30 61 63 84 -1 -2
47 76 93 98 -1 1 26 31 37 -1 5 64 74 94 -1 43 45 48 49 -1 31 34 59 90 -1 15 23 93 97 -1 10 46 49 58 -1 25 41 52 77 -1 -2
20 65 83 98 -1 -2
7 24 35 84 -1 20 57 60 96 -1 2 33 55 67 -1 16 24 36 80 -1 2 31 41 48 -1 4 75 77 90 -1 -2
11 63 67 79 -1 10 36 54 78 -1 -2
16 38 45 74 -1 17 21 41 78 -1 16 48 73 83 -1 10 11 17 88 -1 4 29 89 92 -1 42 89 92 94 -1 21 30 74 81 -1 -2
36 48 85 87 -1 -2
8 22 53 82 -1 12 86 93 97 -1 22 50 72 82 -1 8 35 54 72 -1 24 26 58 95 -1 5 29 85 90 -1 -2
31 32 65 96 -1 2 33 41 88 -1 35 52 75 94 -1 17 21 40 93 -1 23 77 81 100 -1 -2
5 22 40 56 -1 7 37 69 78 -1 -2
1 57 81 98 -1 48 51 92 95 -1 48 57 66 79 -1 6 64 78 99 -1 4 18 49 70 -1 -2
15 19 93 99 -1 18 36 50 83 -1 14 50 54 68 -1 3 25 27 29 -1 58 76 88 93 -1 18 58 83 91 -1 -2
2 25 34 48 -1 -2
5 30 57 77 -1 1 18 38 41 -1 35 79 81 97 -1 54 63 75 95 -1 7 44 61 97 -1 32 37 59 87 -1 1 41 46 71 -1 -2
3 7 12 54 -1 65 85 91 94 -1 -2
48 66 68 81 -1 3 24 27 45 -1 27 70 74 77 -1 1 23 39 51 -1 13 17 43 86 -1 -2
38 40 76 100 -1 20 22 27 87 -1 -2
29 31 76 86 -1 42 70 76 97 -1 2 63 89 95 -1 33 38 57 88 -1 44 54 78 85 -1 2 22 27 68 -1 -2
14 49 62 79 -1 39 56 76 96 -1 2 11 30 80 -1 8 44 68 89 -1 12 26 30 39 -1 23 51 69 95 -1 7 20 70 99 -1 23 37 38 58 -1 -2
33 39 48 70 -1 6 30 64 67 -1 -2
6 64 69 82 -1 16 32 76 80 -1 25 50 51 69 -1 39 84 91 93 -1 -2
41 46 97 100 -1 15 25 37 66 -1 5 16 38 50 -1 1 38 46 89 -1 16 31 36 69 -1 -2
4 52 55 65 -1 10 36 80 85 -1 17 25 79 93 -1 69 70 72 91 -1 -2
17 30 50 97 -1 17 18 43 49 -1 -2
28 56 71 82 -1 7 20 45 46 -1 -2
26 39 48 71 -1 17 74 85 97 -1 30 54 91 100 -1 -2
29 33 36 58 -1 -2
6 9 92 93 -1 74 82 86 90 -1 5 12 73 75 -1 23 42 48 52 -1 -2
16 69 77 97 -1 19 41 64 70 -1 57 78 92 100 -1 -2
4 22 45 85 -1 2 34 61 92 -1 6 9 83 89 -1 2 19 32 50 -1 43 65 85 86 -1 11 24 64 78 -1 36 64 70 99 -1 9 41 80 90 -1 -2
24 84 85 87 -1 17 34 80 96 -1 2 27 52 65 -1 59 63 74 83 -1 -2
32 71 96 100 -1 65 74 78 99 -1 47 66 72 83 -1 1 10 64 95 -1 16 55 67 88 -1 11 32 33 96 -1 21 30 60 69 -1 10 23 56 64 -1 -2
6 69 90 98 -1 23 80 91 100 -1 1 34 82 91 -1 1 8 52 67 -1 22 44 55 70 -1 40 53 86 96 -1 11 36 78 85 -1 -2
6 9 62 99 -1 38 46 74 98 -1 2 45 65 69 -1 20 29 33 78 -1 11 27 53 79 -1 -2
1 9 31 100 -1 -2
8 22 43 80 -1 16 62 75 85 -1 -2
38 66 94 97 -1 -2
24 33 79 88 -1 -2
10 32 41 96 -1 7 80 87 90 -1 40 57 64 87 -1 15 48 77 88 -1 19 23 50 80 -1 21 33 83 93 -1 27 38 61 87 -1 35 42 54 67 -1 -2
35 60 72 89 -1 27 52 55 86 -1 32 41 63 89 -1 -2
14 15 36 38 -1 10 28 50 89 -1 47 74 80 85 -1 26 32 89 91 -1 3 70 86 87 -1 20 22 60 87 -1 -2
37 56 71 83 -1 14 30 71 96 -1 27 29 38 78 -1 8 9 29 33 -1 15 18 48 88 -1 -2
3 55 76 80 -1 14 31 58 79 -1 26 38 46 91 -1 -2
30 34 71 89 -1 26 41 44 88 -1 1 13 90 100 -1 7 19 25 90 -1 5 23 39 54 -1 30 40 87 93 -1 -2
11 16 95 97 -1 43 76 79 94 -1 3 5 14 99 -1 4 46 57 73 -1 17 39 82 98 -1 13 37 61 67 -1 7 38 65 70 -1 3 32 61 95 -1 -2
11 37 39 91 -1 6 36 65 88 -1 -2
31 35 88 95 -1 17 63 94 99 -1 9 59 82 100 -1 18 59 66 99 -1 19 79 97 98 -1 23 82 89 98 -1 -2
14 39 41 86 -1 33 39 69 93 -1 -2
2 30 69 93 -1 7 12 16 26 -1 43 63 81 87 -1 10 44 49 57 -1 -2
19 22 42 96 -1 22 62 64 92 -1 25 42 48 68 -1 1 10 57 75 -1 -2
17 81 86 96 -1 38 62 87 97 -1 3 34 65 90 -1 31 44 60 80 -1 3 35 37 50 -1 22 53 84 87 -1 10 39 61 83 -1 20 38 57 71 -1 -2
1 17 23 29 -1 9 39 72 81 -1 14 38 67 86 -1 17 18 35 99 -1 28 39 60 84 -1 39 52 59 98 -1 4 57 96 97 -1 -2
6 15 56 93 -1 8 25 68 91 -1 44 52 89 91 -1 4 16 24 56 -1 7 58 63 73 -1 4 5 16 70 -1 46 50 62 100 -1 -2
2 61 72 79 -1 18 38 91 93 -1 70 77 93 97 -1 17 21 33 37 -1 42 47 60 82 -1 2 12 32 71 -1 21 24 40 44 -1 9 35 83 89 -1 -2
8 71 81 89 -1 53 76 90 94 -1 5 7 70 94 -1 14 42 51 64 -1 27 28 79 83 -1 -2
10 40 54 83 -1 29 48 80 98 -1 24 27 54 56 -1 20 28 62 90 -1 20 27 55 58 -1 -2
41 48 49 57 -1 31 32 33 91 -1 -2
4 53 80 90 -1 -2
25 29 45 72 -1 21 46 53 70 -1 55 60 62 96 -1 9 19 45 91 -1 7 40 49 82 -1 20 76 93 100 -1 -2
52 53 55 93 -1 2 22 35 58 -1 39 42 46 85 -1 14 46 83 93 -1 34 43 75 91 -1 -2
14 25 42 56 -1 11 27 61 83 -1 33 52 55 60 -1 18 57 68 70 -1 21 65 73 79 -1 46 64 68 84 -1 23 35 60 95 -1 -2
29 34 56 72 -1 17 24 35 83 -1 12 49 60 80 -1 -2
39 53 77 97 -1 24 48 59 64 -1 8 69 76 97 -1 3 34 42 98 -1 59 81 84 85 -1 13 15 25 98 -1 1 12 40 88 -1 -2
8 60 61 75 -1 21 35 37 48 -1 41 78 83 91 -1 19 27 38 64 -1 14 52 58 100 -1 12 20 63 90 -1 6 33 74 98 -1 -2
14 15 23 74 -1 38 70 75 92 -1 23 45 58 74 -1 15 38 39 40 -1 6 50 61 64 -1 3 21 28 65 -1 44 47 63 91 -1 -2
5 70 74 87 -1 -2
15 19 57 71 -1 16 34 37 60 -1 -2
2 16 23 97 -1 33 74 86 100 -1 21 23 31 36 -1 36 49 51 70 -1 8 29 33 74 -1 6 52 64 78 -1 -2
6 78 85 86 -1 18 62 67 95 -1 6 9 54 65 -1 62 69 81 97 -1 -2
2 4 92 99 -1 18 82 96 99 -1 2 38 42 96 -1 6 12 74 97 -1 10 31 43 44 -1 -2
46 57 68 94 -1 14 45 54 63 -1 26 58 68 100 -1 30 37 48 72 -1 1 17 36 61 -1 3 9 32 96 -1 21 62 76 90 -1 -2
2 4 35 93 -1 -2
11 59 60 69 -1 30 47 52 93 -1 21 40 56 72 -1 8 36 51 59 -1 2 13 16 75 -1 -2
18 30 47 57 -1 3 42 93 97 -1 13 22 51 79 -1 57 62 68 70 -1 14 41 96 97 -1 33 59 62 63 -1 44 56 77 86 -1 -2
19 42 49 93 -1 2 11 43 46 -1 -2
10 22 69 72 -1 3 85 86 98 -1 11 53 78 85 -1 19 42 48 71 -1 35 38 57 87 -1 1 57 87 92 -1 17 21 25 70 -1 -2
19 29 38 48 -1 9 24 30 77 -1 44 45 64 85 -1 24 53 78 79 -1 9 11 34 35 -1 16 58 83 85 -1 36 39 62 74 -1 20 28 30 40 -1 -2
38 66 77 79 -1 50 74 80 91 -1 41 64 70 97 -1 3 22 62 65 -1 49 86 93 98 -1 20 33 34 66 -1 8 57 66 90 -1 -2
20 21 59 79 -1 7 58 59 67 -1 -2
50 75 76 100 -1 22 68 72 98 -1 32 33 47 80 -1 43 72 80 83 -1 8 34 45 60 -1 9 69 84 85 -1 12 38 80 94 -1 14 53 65 84 -1 -2
9 17 70 93 -1 15 44 85 100 -1 -2
44 49 65 73 -1 22 77 83 93 -1 3 17 51 83 -1 50 55 66 71 -1 14 23 42 80 -1 -2
7 16 69 83 -1 30 51 55 96 -1 16 20 29 89 -1 -2
1 10 85 92 -1 15 41 83 94 -1 12 37 49 98 -1 30 58 77 99 -1 11 62 67 89 -1 -2
56 70 74 75 -1 30 31 45 65 -1 8 12 19 86 -1 20 64 69 83 -1 57 71 81 89 -1 35 36 51 95 -1 -2
5 24 29 34 -1 28 41 57 100 -1 38 48 86 92 -1 16 32 54 87 -1 30 34 45 46 -1 70 72 85 94 -1 9 39 53 95 -1 69 74 84 100 -1 -2
3 22 54 65 -1 44 49 53 85 -1 27 40 66 95 -1 -2
40 56 88 99 -1 47 53 56 57 -1 14 54 61 66 -1 27 54 64 81 -1 11 33 74 99 -1 35 62 78 82 -1 13 40 44 55 -1 -2
2 11 35 62 -1 1 47 76 85 -1 12 58 73 75 -1 11 18 26 51 -1 33 54 65 70 -1 -2
8 57 59 71 -1 7 45 63 75 -1 8 17 35 91 -1 23 81 83 93 -1 7 20 68 80 -1 4 35 54 56 -1 12 44 58 59 -1 -2
6 32 38 99 -1 -2
33 49 50 85 -1 6 76 80 81 -1 -2
5 25 36 72 -1 8 17 24 42 -1 -2
72 79 86 94 -1 5 30 40 86 -1 14 38 62 99 -1 9 23 76 99 -1 -2
40 61 74 75 -1 22 46 70 72 -1 17 37 77 97 -1 19 69 83 84 -1 1 28 57 87 -1 17 48 50 71 -1 40 73 83 90 -1 15 68 80 86 -1 -2
12 49 57 81 -1 15 36 40 63 -1 -2
60 62 86 94 -1 6 37 50 55 -1 1 40 51 84 -1 30 33 65 78 -1 9 34 65 80 -1 -2
5 34 42 91 -1 45 59 78 99 -1 4 74 75 85 -1 16 36 62 69 -1 17 19 65 84 -1 31 63 82 83 -1 27 55 82 94 -1 -2
54 56 81 88 -1 5 9 57 72 -1 8 14 54 86 -1 35 46 60 78 -1 -2
23 36 80 93 -1 1 15 33 40 -1 21 22 24 45 -1 -2
36 61 62 63 -1 13 23 32 54 -1 7 53 77 80 -1 6 17 71 75 -1 -2
21 32 78 88 -1 33 51 76 88 -1 -2
19 75 80 84 -1 3 38 51 60 -1 29 33 78 99 -1 10 12 28 67 -1 -2
8 43 63 69 -1 18 38 45 88 -1 6 13 55 85 -1 -2
42 44 92 94 -1 2 13 55 96 -1 27 32 49 100 -1 1 19 24 39 -1 9 18 74 76 -1 13 74 80 92 -1 26 28 34 40 -1 15 28 45 99 -1 -2
30 53 57 100 -1 53 60 86 95 -1 4 10 16 54 -1 21 31 68 86 -1 -2
33 46 81 84 -1 44 74 81 90 -1 3 24 51 95 -1 3 29 68 79 -1 -2
2 73 77 84 -1 -2
2 6 34 74 -1 22 35 41 59 -1 7 15 19 62 -1 17 68 90 99 -1 28 52 54 58 -1 -2
19 49 67 85 -1 1 46 83 84 -1 46 57 64 100 -1 25 36 81 87 -1 29 61 83 91 -1 29 53 74 93 -1 31 43 50 63 -1 -2
49 72 91 99 -1 68 73 80 93 -1 39 49 54 71 -1 -2
23 36 66 98 -1 42 83 89 95 -1 5 33 47 91 -1 15 27 84 95 -1 18 87 94 96 -1 12 53 63 95 -1 -2
35 47 78 97 -1 3 7 9 32 -1 46 54 67 87 -1 28 60 74 90 -1 17 26 27 87 -1 5 25 68 89 -1 -2
42 45 53 56 -1 -2
16 61 72 90 -1 39 44 57 64 -1 6 45 60 65 -1 23 26 32 97 -1 14 15 60 65 -1 1 8 38 95 -1 34 36 90 96 -1 12 36 39 79 -1 -2
41 52 56 76 -1 38 59 63 74 -1 -2
11 28 49 80 -1 7 21 24 66 -1 19 61 74 91 -1 2 12 18 33 -1 2 35 38 80 -1 22 64 71 74 -1 13 51 71 84 -1 -2
3 68 73 81 -1 42 43 47 52 -1 17 27 30 78 -1 5 18 47 71 -1 -2
17 56 57 68 -1 16 17 25 96 -1 15 32 53 88 -1 -2
28 30 59 60 -1 3 14 21 57 -1 1 7 38 46 -1 25 32 81 95 -1 19 38 90 99 -1 -2
15 89 90 99 -1 4 17 25 95 -1 34 38 46 87 -1 3 24 96 98 -1 15 17 33 72 -1 4 62 99 100 -1 2 3 58 98 -1 28 37 40 44 -1 -2
6 17 24 87 -1 8 50 70 96 -1 1 50 52 63 -1 -2
18 26 63 65 -1 1 11 40 44 -1 20 41 56 65 -1 32 42 45 79 -1 40 69 80 84 -1 15 36 76 97 -1 -2
17 52 60 92 -1 38 44 55 69 -1 17 39 59 61 -1 17 18 34 98 -1 -2
1 9 26 29 -1 17 55 86 98 -1 2 12 38 46 -1 14 37 50 76 -1 -2
34 53 55 63 -1 32 50 57 73 -1 25 30 82 83 -1 -2
26 40 60 74 -1 25 38 45 81 -1 2 10 71 73 -1 -2
10 19 24 89 -1 25 34 39 94 -1 2 15 66 67 -1 34 48 89 99 -1 57 66 77 85 -1 7 24 33 80 -1 -2
29 52 55 84 -1 21 43 54 65 -1 4 65 66 83 -1 26 36 55 56 -1 9 33 39 54 -1 4 44 66 77 -1 18 42 51 52 -1 -2
12 14 29 41 -1 46 59 72 99 -1 31 44 62 67 -1 14 28 44 58 -1 5 18 33 95 -1 57 58 68 83 -1 6 10 21 71 -1 -2
9 50 53 67 -1 4 10 57 64 -1 11 24 34 91 -1 30 32 34 35 -1 40 42 50 74 -1 68 70 92 94 -1 4 68 76 88 -1 -2
9 80 81 85 -1 45 48 64 70 -1 18 56 60 80 -1 5 43 67 96 -1 18 60 65 72 -1 10 34 58 59 -1 2 15 29 71 -1 22 24 67 100 -1 -2
3 64 81 87 -1 17 68 78 96 -1 1 3 49 69 -1 -2
24 48 52 82 -1 17 43 47 82 -1 4 72 74 78 -1 23 53 59 77 -1 -2
24 31 80 99 -1 -2
2 21 38 55 -1 44 70 92 96 -1 21 56 79 99 -1 2 5 59 95 -1 46 54 96 98 -1 49 52 56 70 -1 23 41 52 96 -1 -2
24 41 57 100 -1 7 12 19 88 -1 -2
22 42 48 79 -1 22 35 42 43 -1 56 86 87 100 -1 24 46 58 79 -1 21 49 75 91 -1 8 66 86 95 -1 -2
8 11 87 100 -1 11 18 36 52 -1 7 28 29 90 -1 45 59 65 89 -1 1 64 69 76 -1 1 37 86 99 -1 -2
18 57 70 91 -1 29 33 82 91 -1 -2
5 77 78 79 -1 14 38 58 76 -1 24 25 78 93 -1 18 19 46 100 -1 -2
75 86 87 95 -1 16 59 64 86 -1 13 32 75 82 -1 4 48 77 90 -1 -2
31 35 62 67 -1 -2
35 78 88 90 -1 21 53 81 96 -1 -2
40 94 96 100 -1 6 16 86 93 -1 3 33 91 95 -1 33 38 87 99 -1 38 60 64 100 -1 16 23 47 85 -1 55 68 86 87 -1 -2
50 62 67 84 -1 2 24 76 80 -1 15 23 57 99 -1 -2
12 22 26 86 -1 6 25 26 33 -1 6 18 42 95 -1 -2
23 49 67 83 -1 15 40 51 67 -1 6 37 40 100 -1 27 31 42 46 -1 17 39 67 80 -1 -2
19 29 53 75 -1 10 38 45 75 -1 20 45 46 81 -1 32 62 72 89 -1 -2
10 22 57 88 -1 7 22 63 89 -1 61 71 80 99 -1 7 56 73 89 -1 -2
3 47 82 86 -1 40 59 73 75 -1 -2
19 63 78 85 -1 15 38 43 89 -1 5 28 46 55 -1 25 29 63 80 -1 -2
8 43 51 53 -1 2 43 66 86 -1 15 61 86 94 -1 18 27 75 85 -1 -2
29 47 56 96 -1 26 30 66 80 -1 -2
31 59 63 71 -1 21 56 90 93 -1 22 41 59 69 -1 4 11 36 45 -1 -2
12 19 26 82 -1 -2
24 35 53 75 -1 15 29 59 67 -1 8 42 70 96 -1 5 17 34 86 -1 34 39 63 84 -1 -2
34 36 92 93 -1 -2
11 17 56 84 -1 1 17 45 98 -1 2 39 44 47 -1 -2
1 42 77 91 -1 34 76 81 89 -1 13 31 51 60 -1 10 38 45 93 -1 -2
4 13 33 97 -1 1 55 60 72 -1 20 39 44 62 -1 9 30 98 99 -1 6 17 79 99 -1 -2
29 31 40 76 -1 -2
20 45 51 79 -1 44 47 58 59 -1 46 72 75 81 -1 4 41 47 60 -1 -2
57 62 77 95 -1 19 23 55 80 -1 21 35 77 97 -1 19 73 87 94 -1 -2
26 55 58 68 -1 4 8 32 97 -1 15 72 84 96 -1 -2
7 37 48 80 -1 14 38 71 75 -1 17 37 55 69 -1 56 80 87 100 -1 3 5 20 95 -1 18 28 40 50 -1 -2
11 62 81 90 -1 1 35 46 63 -1 52 61 66 69 -1 18 64 66 72 -1 -2
23 34 40 72 -1 23 50 71 97 -1 25 35 72 90 -1 5 12 67 88 -1 -2
24 42 44 86 -1 13 29 74 84 -1 16 19 20 61 -1 37 46 62 64 -1 24 40 60 68 -1 42 46 54 97 -1 6 52 74 83 -1 -2
70 72 92 94 -1 2 31 60 62 -1 -2
40 53 64 95 -1 68 71 79 92 -1 17 46 51 60 -1 6 13 42 100 -1 -2
25 65 80 98 -1 18 34 49 55 -1 6 46 66 99 -1 11 19 69 98 -1 18 61 63 93 -1 23 31 38 41 -1 6 39 40 100 -1 -2
4 9 41 53 -1 27 37 43 45 -1 66 67 86 90 -1 60 79 87 88 -1 -2
1 63 66 81 -1 -2
20 23 46 63 -1 50 61 69 98 -1 9 32 46 47 -1 4 68 73 93 -1 16 29 60 67 -1 -2
5 59 62 80 -1 7 51 80 99 -1 4 37 38 66 -1 20 36 76 90 -1 9 35 45 70 -1 5 54 76 79 -1 2 30 68 76 -1 4 5 25 57 -1 -2
15 70 78 89 -1 14 90 93 97 -1 33 54 74 76 -1 40 43 74 84 -1 13 48 50 79 -1 3 40 54 55 -1 4 32 42 63 -1 -2
29 30 54 88 -1 8 26 77 83 -1 35 42 44 94 -1 4 64 87 99 -1 35 47 60 96 -1 32 57 85 89 -1 23 30 66 84 -1 4 22 42 66 -1 -2
2 52 58 87 -1 6 9 76 81 -1 18 32 52 100 -1 16 29 51 63 -1 -2
3 4 43 79 -1 -2
7 59 68 96 -1 39 49 69 85 -1 9 61 71 91 -1 26 34 81 94 -1 3 55 80 86 -1 -2
34 35 51 92 -1 22 35 55 59 -1 21 30 33 35 -1 23 49 87 98 -1 11 37 48 74 -1 41 46 67 93 -1 8 17 41 58 -1 25 31 32 83 -1 -2
12 42 52 75 -1 5 27 58 61 -1 27 38 72 87 -1 3 20 55 62 -1 -2
16 90 95 96 -1 21 25 29 30 -1 21 38 51 66 -1 32 55 64 85 -1 -2
10 39 56 72 -1 10 31 33 82 -1 -2
4 32 59 100 -1 24 47 77 93 -1 18 45 68 78 -1 7 10 38 66 -1 -2
7 9 22 37 -1 24 35 81 98 -1 49 54 57 88 -1 17 53 71 89 -1 -2
10 27 36 96 -1 14 25 37 55 -1 52 53 59 67 -1 53 71 86 99 -1 7 34 58 74 -1 14 19 53 81 -1 -2
6 12 29 88 -1 13 62 78 86 -1 16 27 31 78 -1 12 56 73 94 -1 -2
2 45 48 89 -1 10 14 57 62 -1 5 15 25 96 -1 19 32 37 57 -1 -2
31 89 90 91 -1 -2
12 40 74 95 -1 10 64 79 89 -1 16 47 76 93 -1 3 37 49 93 -1 39 60 65 72 -1 17 27 38 41 -1 12 20 36 96 -1 21 22 72 98 -1 -2
70 72 91 94 -1 34 61 62 95 -1 27 32 47 69 -1 -2
18 21 38 62 -1 26 49 60 74 -1 5 49 55 75 -1 19 22 41 50 -1 26 46 56 79 -1 11 28 58 62 -1 24 59 69 72 -1 63 71 80 82 -1 -2
20 21 54 93 -1 9 17 62 83 -1 37 39 67 76 -1 13 55 61 78 -1 4 9 33 55 -1 35 52 83 90 -1 18 32 91 92 -1 -2
5 6 40 86 -1 22 51 53 57 -1 -2
19 54 82 94 -1 6 43 48 89 -1 24 57 77 87 -1 19 51 81 84 -1 58 64 67 91 -1 5 27 44 76 -1 -2
6 9 60 92 -1 64 65 80 95 -1 4 34 50 52 -1 26 54 59 89 -1 8 27 60 88 -1 5 7 38 50 -1 9 12 35 46 -1 35 57 75 93 -1 -2
35 38 67 82 -1 22 64 67 88 -1 43 55 71 88 -1 20 29 40 44 -1 7 32 77 88 -1 26 78 87 100 -1 -2
75 79 91 97 -1 3 30 44 46 -1 39 55 78 100 -1 19 35 72 100 -1 3 11 90 91 -1 8 11 19 28 -1 21 25 37 62 -1 8 9 19 38 -1 -2
5 50 75 77 -1 1 63 84 94 -1 2 46 65 75 -1 -2
28 44 70 83 -1 24 35 53 56 -1 19 22 53 76 -1 38 40 46 73 -1 20 28 30 31 -1 2 24 61 72 -1 12 32 41 61 -1 -2
4 7 12 44 -1 18 19 23 27 -1 23 31 35 45 -1 36 67 83 92 -1 3 34 75 93 -1 65 67 70 73 -1 23 38 67 93 -1 1 60 67 87 -1 -2
7 25 61 83 -1 52 80 86 89 -1 16 20 47 100 -1 81 82 84 90 -1 47 58 80 93 -1 10 13 42 91 -1 -2
6 50 56 80 -1 24 32 34 44 -1 3 47 52 91 -1 11 47 51 60 -1 16 17 54 61 -1 19 48 69 90 -1 18 29 38 62 -1 8 26 46 84 -1 -2
21 55 70 76 -1 6 23 45 99 -1 5 43 74 97 -1 13 34 41 78 -1 19 54 90 96 -1 4 33 72 94 -1 -2
19 50 57 84 -1 6 22 80 91 -1 16 85 92 98 -1 55 71 74 75 -1 -2
43 51 79 99 -1 -2
4 12 28 63 -1 29 42 46 64 -1 15 48 64 90 -1 10 30 52 95 -1 -2
47 58 66 69 -1 -2
37 56 72 77 -1 31 51 57 79 -1 -2
39 51 82 85 -1 8 44 62 82 -1 12 23 78 89 -1 48 58 80 96 -1 17 36 45 69 -1 41 82 85 90 -1 17 30 71 91 -1 -2
52 60 83 84 -1 16 34 38 96 -1 7 58 61 69 -1 38 60 62 88 -1 13 23 29 85 -1 13 19 59 93 -1 47 50 69 77 -1 30 32 42 64 -1 -2
3 46 56 89 -1 -2
12 23 40 57 -1 6 15 60 73 -1 23 49 68 96 -1 21 81 88 92 -1 56 58 60 89 -1 8 16 38 87 -1 12 35 83 84 -1 -2
16 30 68 72 -1 -2
24 39 56 57 -1 35 37 60 92 -1 15 27 52 89 -1 -2
9 11 28 76 -1 10 19 35 94 -1 29 35 58 82 -1 1 42 64 82 -1 32 45 78 85 -1 -2
17 20 23 28 -1 23 49 73 100 -1 26 49 72 92 -1 -2
25 30 46 47 -1 42 47 60 94 -1 5 42 63 64 -1 4 30 54 81 -1 30 34 79 88 -1 8 25 77 91 -1 30 50 64 77 -1 -2
14 49 58 98 -1 7 10 28 33 -1 28 52 61 78 -1 4 28 37 63 -1 14 22 59 92 -1 8 12 17 49 -1 37 71 82 90 -1 18 23 36 75 -1 -2
5 17 55 90 -1 4 50 62 70 -1 37 48 78 98 -1 10 16 20 35 -1 10 15 63 97 -1 29 38 76 95 -1 -2
21 47 69 70 -1 1 13 23 88 -1 11 59 69 78 -1 31 33 50 94 -1 25 29 95 99 -1 -2
5 11 66 79 -1 1 19 35 59 -1 8 14 36 44 -1 8 38 47 76 -1 6 51 85 87 -1 3 42 80 93 -1 5 18 89 93 -1 20 59 70 78 -1 -2
29 35 56 83 -1 16 43 47 90 -1 -2
6 46 58 65 -1 10 23 31 84 -1 9 21 35 93 -1 7 58 75 94 -1 8 15 77 87 -1 -2
17 28 36 39 -1 39 56 72 96 -1 -2
64 76 89 97 -1 8 47 57 62 -1 2 13 28 89 -1 1 7 43 91 -1 11 24 44 53 -1 -2
19 38 62 77 -1 29 37 40 51 -1 6 27 42 80 -1 37 45 79 89 -1 1 3 92 95 -1 19 50 56 99 -1 26 34 61 65 -1 -2
17 18 26 100 -1 35 48 59 94 -1 -2
30 37 91 94 -1 -2
16 36 52 91 -1 8 53 71 94 -1 28 50 53 90 -1 19 30 52 78 -1 16 26 31 74 -1 16 29 68 99 -1 12 24 31 92 -1 21 81 93 95 -1 -2
4 16 80 86 -1 34 52 59 71 -1 36 75 82 90 -1 8 23 57 87 -1 -2
41 65 67 79 -1 25 55 74 92 -1 4 33 71 91 -1 56 80 94 100 -1 8 75 82 91 -1 12 30 41 53 -1 -2
8 16 32 33 -1 -2
3 26 46 58 -1 10 13 37 73 -1 1 9 34 89 -1 1 12 14 65 -1 20 31 32 55 -1 20 21 31 37 -1 53 61 63 65 -1 -2
40 67 94 97 -1 33 42 81 95 -1 57 61 64 74 -1 8 10 39 80 -1 47 62 67 83 -1 20 28 80 82 -1 5 16 21 51 -1 11 50 83 97 -1 -2
4 33 34 87 -1 37 56 70 91 -1 3 40 62 76 -1 -2
12 20 26 74 -1 10 12 58 77 -1 60 66 77 99 -1 18 47 94 100 -1 25 53 70 93 -1 1 5 39 82 -1 -2
36 42 66 87 -1 3 24 77 96 -1 -2
3 32 83 99 -1 12 14 39 72 -1 -2
71 76 93 96 -1 1 62 84 100 -1 6 12 48 91 -1 2 20 88 91 -1 -2
16 21 97 98 -1 33 34 43 99 -1 13 85 87 99 -1 -2
14 34 47 71 -1 40 48 81 93 -1 12 64 72 76 -1 17 28 50 83 -1 7 44 66 74 -1 15 19 62 73 -1 21 56 58 61 -1 -2
18 61 80 98 -1 -2
39 57 60 69 -1 33 41 68 100 -1 2 29 67 78 -1 10 31 83 93 -1 13 29 82 93 -1 11 29 48 92 -1 28 47 74 88 -1 16 34 58 99 -1 -2
1 46 95 97 -1 23 26 49 56 -1 -2
7 12 66 100 -1 36 38 51 98 -1 -2
14 27 78 99 -1 40 57 59 71 -1 43 65 82 89 -1 28 47 66 89 -1 32 55 73 80 -1 20 29 49 54 -1 -2
30 32 61 97 -1 16 59 71 83 -1 11 44 53 67 -1 38 44 55 79 -1 28 34 46 99 -1 8 15 64 98 -1 28 55 86 90 -1 10 28 86 88 -1 -2
25 40 50 65 -1 -2
12 28 47 100 -1 4 22 78 90 -1 13 51 54 64 -1 -2
2 5 50 83 -1 54 64 81 84 -1 17 20 32 67 -1 28 72 76 84 -1 19 48 65 80 -1 13 30 69 78 -1 -2
39 62 89 90 -1 72 75 76 88 -1 27 29 61 93 -1 16 30 48 59 -1 17 82 90 97 -1 49 67 69 90 -1 -2
19 31 53 67 -1 42 74 87 90 -1 -2
19 52 60 87 -1 32 34 67 97 -1 7 30 66 99 -1 12 23 42 71 -1 10 42 59 89 -1 -2
44 56 78 82 -1 66 78 82 89 -1 3 47 65 75 -1 25 35 46 48 -1 16 57 62 73 -1 25 47 84 85 -1 12 25 34 94 -1 3 29 45 71 -1 -2
35 58 73 77 -1 46 48 66 81 -1 10 35 70 74 -1 -2
37 41 69 99 -1 5 26 54 100 -1 3 16 44 52 -1 4 19 38 95 -1 21 48 62 64 -1 -2
9 16 29 31 -1 13 37 74 88 -1 48 68 78 89 -1 -2
12 37 74 83 -1 69 74 83 90 -1 19 43 57 82 -1 18 46 52 99 -1 -2
8 54 61 70 -1 9 21 31 50 -1 11 19 72 99 -1 17 20 26 91 -1 6 9 30 100 -1 -2
5 19 49 96 -1 22 26 75 76 -1 6 39 49 75 -1 9 20 32 45 -1 5 11 47 75 -1 -2
19 26 57 95 -1 -2
23 77 80 83 -1 -2
45 74 77 100 -1 7 12 26 27 -1 71 79 83 98 -1 32 39 40 80 -1 8 22 66 93 -1 5 9 42 85 -1 -2
18 27 40 70 -1 -2
23 60 68 83 -1 46 53 54 88 -1 1 73 77 96 -1 3 16 19 27 -1 16 44 56 74 -1 26 43 68 82 -1 65 67 92 94 -1 -2
11 61 65 73 -1 -2
7 20 79 92 -1 1 26 34 86 -1 35 57 70 76 -1 -2
15 41 99 100 -1 7 63 90 92 -1 11 12 64 68 -1 -2
6 14 56 82 -1 -2
30 68 85 89 -1 57 66 73 81 -1 12 15 30 35 -1 5 24 43 54 -1 18 67 91 94 -1 -2
70 78 79 92 -1 37 45 52 88 -1 21 34 59 62 -1 -2
35 60 82 83 -1 33 35 87 96 -1 2 26 48 87 -1 13 29 47 79 -1 7 12 80 89 -1 4 28 57 91 -1 -2
61 77 88 90 -1 3 20 61 70 -1 -2
6 47 71 84 -1 1 9 63 98 -1 22 25 60 94 -1 58 76 96 100 -1 52 68 80 82 -1 29 40 73 78 -1 -2
13 34 45 55 -1 29 50 74 95 -1 -2
25 38 42 83 -1 -2
22 35 59 99 -1 28 30 53 95 -1 17 24 54 95 -1 -2
9 44 83 85 -1 7 17 43 45 -1 -2
1 25 54 99 -1 5 26 51 79 -1 36 49 65 83 -1 4 61 89 90 -1 30 76 80 82 -1 1 4 5 28 -1 -2
11 38 76 77 -1 1 19 40 78 -1 13 25 80 99 -1 -2
51 68 74 88 -1 13 19 37 75 -1 4 13 67 71 -1 15 50 73 99 -1 8 20 32 100 -1 14 24 47 52 -1 -2
17 51 59 88 -1 38 43 55 91 -1 17 29 36 62 -1 17 41 97 99 -1 10 22 31 60 -1 21 35 86 88 -1 -2
9 49 85 90 -1 13 21 59 99 -1 5 17 46 99 -1 13 30 46 47 -1 -2
17 22 42 97 -1 42 44 48 67 -1 32 51 90 96 -1 39 40 66 78 -1 8 58 63 72 -1 8 12 17 28 -1 55 62 74 84 -1 -2
3 46 49 81 -1 1 32 77 97 -1 26 29 48 77 -1 3 40 84 98 -1 7 26 38 48 -1 24 29 34 42 -1 19 34 69 95 -1 53 61 70 80 -1 -2
50 60 66 91 -1 31 70 87 96 -1 6 36 43 72 -1 17 23 60 75 -1 8 10 38 66 -1 45 82 87 97 -1 16 32 55 100 -1 22 26 72 82 -1 -2
22 26 32 56 -1 41 76 91 99 -1 1 8 62 78 -1 26 38 41 94 -1 7 31 33 81 -1 -2
20 38 60 75 -1 38 47 59 83 -1 6 21 51 60 -1 10 22 40 69 -1 48 57 83 99 -1 2 7 31 65 -1 -2
49 55 63 82 -1 40 51 65 74 -1 21 34 37 85 -1 19 69 71 96 -1 8 11 17 81 -1 5 19 55 71 -1 4 33 71 94 -1 29 42 78 84 -1 -2
3 24 32 49 -1 5 39 47 60 -1 23 26 80 82 -1 42 71 72 84 -1 36 51 69 88 -1 20 54 56 74 -1 -2
28 32 51 72 -1 27 53 85 88 -1 8 32 52 94 -1 20 38 46 69 -1 -2
24 31 75 80 -1 19 28 51 88 -1 14 22 23 51 -1 -2
39 44 67 73 -1 20 22 37 90 -1 17 75 90 93 -1 16 70 81 98 -1 67 85 89 93 -1 4 15 43 56 -1 -2
2 50 91 100 -1 12 14 21 79 -1 35 45 84 87 -1 3 20 35 79 -1 -2
17 45 64 79 -1 2 19 32 57 -1 -2
3 69 82 83 -1 30 39 48 50 -1 27 73 86 95 -1 8 23 25 67 -1 11 31 67 81 -1 28 29 42 51 -1 49 60 90 94 -1 36 78 87 90 -1 -2
16 27 82 95 -1 39 42 54 68 -1 57 72 79 89 -1 5 18 41 87 -1 13 20 88 89 -1 -2
21 28 47 66 -1 -2
2 6 53 67 -1 14 43 51 78 -1 18 21 33 80 -1 1 13 51 96 -1 7 15 16 71 -1 4 19 28 71 -1 -2
17 52 63 87 -1 -2
3 37 60 80 -1 6 41 69 99 -1 -2
32 38 43 87 -1 51 63 77 91 -1 60 73 82 85 -1 54 72 73 97 -1 54 56 89 96 -1 15 68 85 100 -1 1 3 25 85 -1 -2
25 65 68 80 -1 2 18 25 46 -1 25 29 54 63 -1 4 44 76 99 -1 31 47 88 97 -1 15 34 56 100 -1 22 58 78 83 -1 -2
43 51 62 72 -1 23 65 74 89 -1 -2
79 80 93 98 -1 14 33 60 80 -1 11 21 39 50 -1 13 69 74 87 -1 -2
14 68 77 98 -1 18 35 41 50 -1 49 61 86 100 -1 57 71 76 91 -1 11 19 29 32 -1 4 12 86 91 -1 17 45 48 85 -1 -2
1 75 83 90 -1 -2
16 42 74 99 -1 1 2 33 63 -1 61 82 83 85 -1 -2
2 48 82 97 -1 2 50 63 71 -1 17 26 49 66 -1 26 55 75 77 -1 65 71 73 77 -1 21 38 47 69 -1 -2
16 27 44 76 -1 23 28 29 72 -1 20 45 67 97 -1 5 26 53 85 -1 17 19 44 91 -1 1 4 32 46 -1 10 59 65 99 -1 12 52 66 97 -1 -2
6 10 57 67 -1 2 14 64 65 -1 10 58 70 89 -1 12 13 22 51 -1 44 89 95 96 -1 36 45 55 85 -1 -2
20 29 34 56 -1 11 26 29 80 -1 4 10 31 62 -1 33 84 91 92 -1 29 83 85 100 -1 11 19 27 39 -1 1 20 32 63 -1 3 20 85 88 -1 -2
19 37 45 51 -1 4 25 77 90 -1 12 55 77 81 -1 -2
13 57 61 77 -1 33 54 67 81 -1 8 35 41 94 -1 45 69 78 97 -1 2 22 45 87 -1 17 32 54 78 -1 6 21 38 39 -1 -2
20 31 52 83 -1 29 32 54 77 -1 2 9 27 69 -1 40 54 82 93 -1 55 61 78 100 -1 -2
2 6 26 76 -1 3 7 11 35 -1 -2
17 38 67 93 -1 5 18 28 83 -1 20 22 29 47 -1 1 4 72 97 -1 43 70 89 99 -1 19 61 64 95 -1 -2
25 61 71 97 -1 25 43 60 65 -1 34 82 84 88 -1 16 47 48 84 -1 26 56 90 100 -1 5 22 77 85 -1 -2
1 26 34 95 -1 -2
6 21 55 69 -1 10 82 91 92 -1 6 51 90 96 -1 27 46 74 76 -1 2 6 51 77 -1 12 34 46 89 -1 -2
8 57 68 95 -1 34 54 61 84 -1 25 52 74 85 -1 54 79 86 93 -1 6 41 68 89 -1 8 15 17 70 -1 -2
35 63 66 93 -1 44 47 63 68 -1 37 59 94 98 -1 43 54 64 97 -1 33 38 52 79 -1 6 40 83 87 -1 54 56 84 85 -1 8 36 68 81 -1 -2
19 31 53 77 -1 5 22 47 75 -1 22 45 66 93 -1 21 25 40 49 -1 22 37 51 75 -1 10 25 28 64 -1 1 34 59 93 -1 -2
9 16 43 59 -1 51 82 84 91 -1 3 7 21 82 -1 2 18 62 63 -1 50 52 55 89 -1 -2
23 29 41 77 -1 12 49 61 77 -1 11 27 29 78 -1 67 74 76 91 -1 -2
20 55 61 74 -1 7 21 74 97 -1 30 32 62 66 -1 7 15 30 37 -1 13 46 84 90 -1 14 28 89 95 -1 2 14 51 78 -1 8 76 85 88 -1 -2
23 51 75 83 -1 15 21 24 93 -1 1 11 33 50 -1 25 53 58 60 -1 25 44 54 92 -1 2 18 75 77 -1 5 45 54 69 -1 -2
6 30 58 77 -1 6 15 44 62 -1 33 35 57 75 -1 10 12 66 92 -1 5 20 50 89 -1 61 66 77 94 -1 30 62 74 98 -1 2 53 83 90 -1 -2
11 56 84 87 -1 26 48 62 73 -1 -2
5 26 55 68 -1 -2
21 33 35 47 -1 8 12 29 45 -1 -2
51 68 77 80 -1 25 42 44 95 -1 23 58 78 81 -1 56 61 71 98 -1 3 39 57 71 -1 21 26 61 95 -1 26 76 87 100 -1 5 79 87 99 -1 -2
1 9 70 87 -1 46 52 71 84 -1 6 13 21 44 -1 22 48 68 96 -1 20 24 52 66 -1 49 78 96 98 -1 47 53 66 89 -1 24 57 77 93 -1 -2
35 75 76 78 -1 33 35 82 99 -1 29 34 77 88 -1 23 25 27 54 -1 65 72 75 86 -1 30 37 84 92 -1 13 39 84 86 -1 29 44 57 85 -1 -2
22 71 77 82 -1 51 60 62 97 -1 9 48 58 99 -1 29 39 78 83 -1 36 37 47 95 -1 37 69 75 90 -1 3 9 31 73 -1 -2
28 43 75 96 -1 56 62 65 75 -1 17 44 66 94 -1 6 74 75 77 -1 23 35 50 78 -1 11 35 60 85 -1 3 27 45 76 -1 1 15 73 96 -1 -2
12 19 45 52 -1 18 24 29 81 -1 5 39 70 85 -1 1 4 5 85 -1 66 76 82 90 -1 11 17 79 80 -1 -2
36 46 54 89 -1 39 81 86 88 -1 2 10 17 55 -1 15 22 32 42 -1 21 27 46 76 -1 14 16 54 63 -1 -2
7 47 56 89 -1 16 26 34 95 -1 3 62 65 88 -1 11 22 38 86 -1 14 16 24 32 -1 29 67 89 90 -1 19 26 68 90 -1 -2
14 28 75 91 -1 -2
67 70 80 94 -1 44 83 84 92 -1 -2
19 60 82 97 -1 7 31 39 66 -1 -2
20 39 46 96 -1 2 12 23 67 -1 7 21 33 89 -1 1 61 85 95 -1 11 14 29 45 -1 10 34 56 91 -1 26 81 95 98 -1 15 47 53 77 -1 -2
15 40 88 98 -1 30 39 63 71 -1 5 11 76 95 -1 7 17 34 65 -1 7 20 71 95 -1 -2
26 46 53 77 -1 24 67 84 87 -1 18 30 57 64 -1 28 30 64 88 -1 46 58 63 97 -1 -2
11 35 48 75 -1 -2
1 24 65 93 -1 -2
79 86 89 92 -1 12 32 51 81 -1 36 40 92 100 -1 5 6 66 83 -1 48 74 88 97 -1 55 75 78 95 -1 5 20 50 85 -1 -2
10 27 65 76 -1 7 57 65 100 -1 15 61 83 97 -1 -2
38 61 72 93 -1 16 18 33 71 -1 50 51 77 82 -1 33 62 74 91 -1 22 34 54 89 -1 -2
41 75 77 88 -1 -2
31 42 63 95 -1 1 52 62 93 -1 -2
6 49 74 83 -1 6 21 50 52 -1 7 34 59 77 -1 19 25 33 53 -1 1 7 74 87 -1 16 50 94 95 -1 25 42 58 91 -1 57 74 79 98 -1 -2
35 36 60 84 -1 38 77 83 84 -1 17 58 67 93 -1 12 20 35 98 -1 10 23 74 78 -1 21 22 48 97 -1 3 25 36 45 -1 17 25 28 46 -1 -2
19 27 28 41 -1 25 33 58 95 -1 25 57 85 95 -1 26 43 80 83 -1 36 57 73 84 -1 15 59 68 99 -1 -2
44 68 72 95 -1 11 17 27 28 -1 18 32 72 76 -1 6 55 64 94 -1 21 45 59 97 -1 10 51 64 74 -1 21 27 41 50 -1 -2
17 60 68 69 -1 35 38 44 53 -1 45 61 76 95 -1 1 15 57 100 -1 4 47 62 93 -1 10 15 58 71 -1 -2
10 28 48 92 -1 23 25 51 56 -1 15 16 37 61 -1 6 49 80 84 -1 18 59 80 90 -1 -2
37 68 84 91 -1 3 16 36 42 -1 28 31 42 96 -1 15 17 22 39 -1 25 29 37 90 -1 -2
19 43 55 59 -1 7 10 84 95 -1 3 13 78 86 -1 14 51 56 92 -1 7 27 62 98 -1 17 23 62 77 -1 31 37 75 98 -1 13 29 40 85 -1 -2
30 54 58 98 -1 41 48 69 77 -1 -2
56 63 64 84 -1 14 16 48 79 -1 12 33 56 80 -1 6 32 37 57 -1 2 5 17 33 -1 21 53 80 89 -1 9 13 36 59 -1 -2
34 43 58 71 -1 8 42 62 65 -1 17 40 47 62 -1 31 33 54 95 -1 38 70 81 88 -1 7 50 61 87 -1 3 7 61 76 -1 -2
55 69 84 100 -1 31 61 62 87 -1 12 17 26 32 -1 -2
22 49 87 100 -1 59 65 68 71 -1 18 31 36 57 -1 -2
16 17 63 87 -1 26 42 47 94 -1 20 26 65 87 -1 19 25 40 61 -1 27 30 47 79 -1 22 26 42 70 -1 -2
18 50 68 80 -1 -2
24 30 62 90 -1 1 27 65 82 -1 3 44 82 100 -1 6 38 69 99 -1 -2
20 40 90 94 -1 14 42 47 60 -1 3 62 66 73 -1 -2
25 46 52 82 -1 57 73 79 95 -1 -2
6 9 86 96 -1 29 35 66 72 -1 29 69 85 90 -1 -2
3 30 35 47 -1 5 68 70 83 -1 16 17 26 29 -1 16 23 34 59 -1 -2
19 26 56 98 -1 5 26 62 86 -1 -2
42 74 80 88 -1 21 41 46 57 -1 28 37 58 78 -1 9 26 38 75 -1 26 29 60 74 -1 36 47 59 63 -1 36 45 67 85 -1 12 35 45 49 -1 -2
11 23 25 87 -1 23 62 77 98 -1 19 70 75 94 -1 8 24 81 84 -1 12 14 59 61 -1 17 30 53 82 -1 -2
24 28 30 60 -1 17 57 83 86 -1 30 62 81 93 -1 2 15 35 67 -1 79 83 85 98 -1 27 31 83 87 -1 33 34 36 96 -1 -2
9 47 50 96 -1 14 42 49 86 -1 23 31 46 86 -1 10 34 49 66 -1 44 74 83 92 -1 24 28 49 51 -1 2 42 44 98 -1 -2
16 69 76 97 -1 12 29 52 81 -1 8 70 75 100 -1 15 29 47 56 -1 3 19 24 50 -1 6 14 50 76 -1 -2
59 92 94 99 -1 -2
31 70 79 92 -1 7 34 58 59 -1 3 45 46 84 -1 11 28 94 98 -1 72 80 88 98 -1 6 11 62 99 -1 -2
1 7 40 50 -1 11 12 93 100 -1 -2
3 13 44 71 -1 12 24 33 63 -1 6 58 69 88 -1 17 80 83 94 -1 12 25 83 86 -1 13 26 27 38 -1 9 29 34 66 -1 -2
2 4 86 94 -1 7 12 52 89 -1 11 44 53 80 -1 17 51 79 94 -1 16 52 65 80 -1 2 26 49 76 -1 38 44 75 98 -1 -2
15 33 57 98 -1 53 62 67 70 -1 7 58 65 100 -1 56 83 85 94 -1 47 64 66 71 -1 32 49 74 99 -1 17 45 47 54 -1 1 42 72 79 -1 -2
33 49 75 93 -1 6 80 84 92 -1 15 37 63 78 -1 45 52 87 92 -1 4 37 52 70 -1 1 66 85 99 -1 -2
13 52 96 100 -1 10 25 58 85 -1 42 56 76 92 -1 11 82 89 98 -1 27 35 44 65 -1 14 28 76 92 -1 -2
5 27 29 51 -1 4 11 32 78 -1 5 14 39 48 -1 20 63 83 84 -1 -2
24 39 67 93 -1 14 16 80 89 -1 75 78 85 88 -1 3 32 57 66 -1 -2
1 7 21 35 -1 20 22 51 65 -1 5 40 55 71 -1 24 60 62 66 -1 1 27 30 66 -1 18 28 85 90 -1 54 59 70 88 -1 -2
14 30 34 36 -1 -2
6 41 54 80 -1 2 38 93 100 -1 18 40 54 95 -1 5 10 50 59 -1 -2
5 10 32 99 -1 4 5 12 69 -1 20 48 74 89 -1 4 19 36 67 -1 4 54 73 82 -1 77 78 93 95 -1 2 46 80 82 -1 -2
12 48 70 72 -1 2 29 34 71 -1 12 19 23 89 -1 2 48 73 95 -1 15 36 56 65 -1 -2
65 69 83 87 -1 34 40 46 85 -1 -2
39 41 63 100 -1 -2
14 16 70 85 -1 3 55 61 89 -1 8 11 40 70 -1 -2
15 64 91 99 -1 3 51 58 92 -1 -2
56 59 69 74 -1 -2
9 13 20 46 -1 -2
23 35 47 51 -1 48 56 65 71 -1 10 29 33 59 -1 -2
9 39 66 95 -1 59 84 90 95 -1 4 26 32 80 -1 6 20 35 94 -1 -2
29 68 84 95 -1 18 23 32 86 -1 -2
29 33 72 85 -1 -2
7 25 61 86 -1 6 32 33 88 -1 3 5 11 24 -1 -2
43 56 84 86 -1 31 32 50 70 -1 -2
48 50 59 82 -1 -2
20 38 48 66 -1 20 34 35 50 -1 13 22 31 61 -1 22 23 68 86 -1 6 61 82 93 -1 6 17 23 57 -1 10 29 40 65 -1 11 20 35 98 -1 -2
54 56 73 89 -1 -2
3 23 80 97 -1 30 37 43 94 -1 5 46 85 98 -1 -2
45 76 83 87 -1 17 74 79 97 -1 3 53 69 73 -1 46 52 58 67 -1 43 47 55 58 -1 51 59 79 96 -1 -2
18 21 55 88 -1 39 54 70 73 -1 1 10 11 78 -1 25 48 59 89 -1 47 89 94 99 -1 68 77 92 95 -1 4 40 57 73 -1 -2
2 27 33 99 -1 14 17 51 88 -1 16 29 48 76 -1 21 42 51 82 -1 -2
15 38 83 94 -1 23 26 34 43 -1 31 57 68 95 -1 -2
1 12 68 77 -1 -2
6 28 49 55 -1 4 52 57 71 -1 52 76 96 97 -1 22 45 48 89 -1 -2
34 47 79 98 -1 31 32 33 66 -1 15 38 58 76 -1 19 34 38 66 -1 1 21 40 55 -1 34 63 65 71 -1 -2
47 48 92 94 -1 -2
49 60 81 85 -1 6 11 21 32 -1 27 71 77 98 -1 2 28 83 85 -1 29 54 69 87 -1 56 59 95 98 -1 2 4 38 54 -1 25 26 58 100 -1 -2
12 30 55 86 -1 52 55 59 86 -1 26 40 49 82 -1 20 38 39 50 -1 14 28 50 79 -1 9 11 36 51 -1 11 72 97 98 -1 16 25 38 40 -1 -2
7 70 95 98 -1 4 5 8 51 -1 1 40 60 65 -1 15 17 41 50 -1 -2
2 20 31 98 -1 63 72 77 83 -1 -2
20 38 59 70 -1 10 12 38 39 -1 2 42 63 65 -1 17 32 80 85 -1 -2
19 68 72 73 -1 -2
8 54 57 93 -1 -2
34 69 74 83 -1 9 35 41 42 -1 4 7 21 76 -1 11 37 71 84 -1 -2
24 33 63 99 -1 12 37 68 91 -1 57 77 82 94 -1 3 37 91 93 -1 -2
32 54 86 98 -1 23 61 66 77 -1 -2
29 50 61 97 -1 18 39 65 73 -1 18 21 32 98 -1 45 63 69 74 -1 1 33 60 76 -1 3 5 69 73 -1 -2
15 41 55 72 -1 6 70 80 81 -1 23 44 55 90 -1 19 63 74 93 -1 2 20 40 97 -1 24 28 85 87 -1 7 59 73 94 -1 -2
29 40 56 96 -1 19 43 68 90 -1 32 84 97 100 -1 16 42 45 59 -1 8 28 50 75 -1 30 36 42 47 -1 -2
5 9 48 95 -1 -2
16 52 70 84 -1 19 29 67 85 -1 -2
7 24 59 75 -1 47 59 76 89 -1 23 29 32 62 -1 15 33 40 91 -1 2 26 32 78 -1 2 42 68 72 -1 -2
79 85 89 91 -1 7 62 73 95 -1 19 28 67 86 -1 39 43 58 97 -1 20 55 77 83 -1 -2
29 62 63 98 -1 -2
6 26 72 92 -1 29 50 69 72 -1 3 9 38 92 -1 35 52 88 93 -1 -2
40 69 88 97 -1 38 48 72 84 -1 23 71 73 77 -1 17 19 71 97 -1 21 24 47 77 -1 28 55 57 88 -1 -2
10 69 76 97 -1 14 78 90 97 -1 20 45 63 98 -1 28 31 35 38 -1 20 31 35 36 -1 -2
22 57 58 91 -1 2 10 72 79 -1 28 31 67 85 -1 -2
6 32 87 94 -1 -2
24 64 98 100 -1 3 27 51 56 -1 -2
26 27 47 53 -1 57 58 68 71 -1 13 35 59 86 -1 -2
2 48 59 79 -1 50 77 81 88 -1 50 68 91 97 -1 55 59 66 95 -1 7 45 50 82 -1 28 53 71 97 -1 11 25 37 40 -1 -2
43 77 79 80 -1 29 43 74 91 -1 7 9 45 67 -1 12 16 87 96 -1 28 31 46 97 -1 1 45 81 88 -1 -2
35 38 59 97 -1 16 56 58 68 -1 4 56 68 76 -1 35 62 86 97 -1 20 61 76 80 -1 37 39 61 62 -1 -2
42 64 95 98 -1 2 31 77 94 -1 20 35 61 86 -1 65 67 75 86 -1 -2
16 20 31 76 -1 34 74 90 98 -1 8 34 48 85 -1 38 42 50 78 -1 11 15 69 91 -1 21 47 52 64 -1 2 22 44 60 -1 -2
4 8 11 49 -1 36 46 90 97 -1 15 25 41 72 -1 17 23 44 77 -1 8 11 23 55 -1 7 17 36 68 -1 -2
3 20 78 100 -1 22 26 41 67 -1 6 44 58 94 -1 18 34 63 79 -1 6 10 22 58 -1 39 40 86 89 -1 25 50 76 83 -1 6 39 41 51 -1 -2
33 49 52 60 -1 11 12 42 47 -1 24 37 61 86 -1 17 52 77 85 -1 34 53 74 78 -1 -2
40 41 56 89 -1 23 50 52 60 -1 2 77 81 90 -1 1 7 37 57 -1 6 25 31 62 -1 20 53 66 98 -1 -2
53 79 86 90 -1 -2
17 90 92 99 -1 27 41 79 84 -1 2 16 25 49 -1 14 81 85 88 -1 31 41 44 78 -1 39 53 65 68 -1 21 43 70 100 -1 -2
38 47 74 89 -1 28 34 79 83 -1 25 33 89 93 -1 1 42 58 59 -1 12 38 48 57 -1 50 67 76 99 -1 12 25 45 82 -1 -2
2 43 86 93 -1 16 55 66 94 -1 3 60 83 95 -1 25 36 45 92 -1 -2
20 23 88 97 -1 47 78 80 87 -1 13 35 55 63 -1 42 45 49 76 -1 20 23 89 95 -1 35 38 47 99 -1 -2
3 83 87 92 -1 52 70 79 85 -1 6 75 78 89 -1 4 32 63 65 -1 -2
1 68 73 84 -1 8 59 65 93 -1 -2
11 20 25 39 -1 31 80 87 93 -1 6 11 66 80 -1 19 55 60 89 -1 -2
37 54 69 77 -1 2 7 11 42 -1 11 29 49 88 -1 35 59 83 92 -1 48 53 56 82 -1 26 42 46 87 -1 12 16 78 83 -1 39 82 92 96 -1 -2
9 20 31 93 -1 43 54 71 80 -1 3 72 88 100 -1 9 16 69 80 -1 3 23 80 83 -1 -2
1 4 49 81 -1 22 36 84 97 -1 2 22 33 93 -1 12 34 80 95 -1 41 60 66 91 -1 43 93 98 100 -1 47 62 67 90 -1 -2
68 76 88 97 -1 3 6 48 96 -1 4 29 69 90 -1 -2
38 40 58 93 -1 56 80 98 99 -1 26 36 89 93 -1 21 46 73 85 -1 11 14 86 99 -1 -2
4 44 63 71 -1 15 30 69 79 -1 30 39 56 60 -1 24 35 52 75 -1 -2
9 81 84 98 -1 62 87 89 91 -1 3 21 35 66 -1 30 33 45 56 -1 9 16 49 68 -1 71 74 77 79 -1 13 23 73 98 -1 -2
49 67 73 95 -1 8 29 37 90 -1 26 85 91 99 -1 20 60 91 95 -1 1 12 39 97 -1 32 57 82 94 -1 8 43 59 72 -1 -2
22 26 32 49 -1 15 25 59 79 -1 4 14 20 55 -1 -2
52 75 79 98 -1 47 55 70 81 -1 10 38 50 100 -1 -2
15 69 90 94 -1 8 25 54 88 -1 16 21 24 66 -1 -2
5 15 74 100 -1 -2
5 18 44 67 -1 -2
3 33 41 58 -1 -2
18 80 89 92 -1 1 41 87 89 -1 2 10 66 78 -1 40 45 47 53 -1 18 48 82 90 -1 18 54 67 78 -1 -2
8 42 52 73 -1 -2
10 23 42 50 -1 32 45 80 92 -1 32 45 70 74 -1 37 61 74 89 -1 9 41 46 53 -1 12 38 63 93 -1 40 41 69 83 -1 -2
30 47 63 89 -1 28 33 83 89 -1 18 49 63 92 -1 32 74 78 81 -1 -2
30 46 60 100 -1 -2
76 80 82 95 -1 4 13 72 93 -1 8 31 91 95 -1 35 59 64 76 -1 35 66 88 89 -1 8 29 55 70 -1 1 16 49 64 -1 -2
2 23 31 82 -1 14 23 69 77 -1 14 20 58 86 -1 6 7 30 96 -1 22 27 28 47 -1 -2
23 72 76 89 -1 48 49 68 95 -1 11 14 48 86 -1 6 35 48 86 -1 4 7 53 88 -1 22 42 47 98 -1 -2
14 31 78 90 -1 34 38 43 95 -1 2 3 58 73 -1 17 36 44 62 -1 -2
32 38 60 97 -1 12 18 69 89 -1 23 25 71 81 -1 50 68 74 82 -1 -2
1 54 78 79 -1 6 75 77 87 -1 38 47 89 94 -1 33 54 62 90 -1 16 20 26 86 -1 13 45 52 54 -1 -2
17 24 43 52 -1 3 4 55 62 -1 8 44 46 90 -1 18 40 81 92 -1 2 38 57 95 -1 27 44 58 88 -1 7 86 98 99 -1 -2
3 37 48 57 -1 12 14 27 32 -1 3 6 91 100 -1 28 30 44 47 -1 15 25 55 94 -1 63 90 95 100 -1 19 45 56 85 -1 10 23 59 63 -1 -2
12 23 69 86 -1 46 68 73 77 -1 23 24 33 84 -1 26 31 60 68 -1 -2
2 18 87 92 -1 26 31 48 58 -1 15 42 60 87 -1 48 84 85 89 -1 38 50 52 91 -1 21 46 64 76 -1 11 53 54 77 -1 -2
19 34 56 92 -1 15 42 87 95 -1 26 43 60 73 -1 -2
11 29 36 61 -1 18 23 55 78 -1 27 52 56 64 -1 34 54 59 93 -1 46 68 77 83 -1 45 63 71 86 -1 -2
45 68 72 87 -1 37 49 77 80 -1 7 22 37 99 -1 8 14 41 52 -1 23 65 70 84 -1 10 11 29 81 -1 27 58 92 98 -1 -2
3 6 87 90 -1 17 37 71 95 -1 22 35 51 82 -1 14 23 27 89 -1 30 50 89 94 -1 -2
17 25 33 51 -1 27 37 43 67 -1 6 19 67 68 -1 18 41 42 93 -1 -2
9 37 45 74 -1 2 7 12 19 -1 8 10 16 62 -1 12 23 45 47 -1 -2
10 24 28 61 -1 3 9 31 57 -1 14 21 59 80 -1 3 10 19 97 -1 21 29 56 94 -1 34 51 62 69 -1 7 38 40 85 -1 13 15 25 52 -1 -2
17 23 75 90 -1 10 16 37 80 -1 2 11 73 96 -1 57 58 76 96 -1 42 74 93 96 -1 2 7 38 53 -1 37 67 76 81 -1 7 53 64 82 -1 -2
8 24 50 80 -1 8 17 27 70 -1 16 43 52 94 -1 -2
17 23 45 50 -1 12 33 76 93 -1 34 55 58 66 -1 8 52 61 67 -1 4 7 13 76 -1 5 8 50 68 -1 5 15 24 44 -1 6 51 79 89 -1 -2
13 18 33 56 -1 59 73 89 94 -1 35 82 87 97 -1 -2
73 77 80 89 -1 2 34 75 85 -1 4 16 72 82 -1 11 15 78 91 -1 37 52 80 97 -1 37 45 61 75 -1 -2
11 19 55 94 -1 27 54 63 77 -1 3 30 42 62 -1 28 34 68 86 -1 12 14 57 80 -1 13 17 45 69 -1 15 21 51 73 -1 24 58 77 87 -1 -2
31 58 78 100 -1 22 53 83 92 -1 1 3 28 77 -1 29 56 77 79 -1 14 36 82 85 -1 16 17 55 64 -1 32 51 66 94 -1 1 4 70 93 -1 -2
2 35 56 58 -1 36 37 46 81 -1 33 57 78 98 -1 12 45 83 98 -1 20 44 57 83 -1 32 87 89 96 -1 30 59 76 80 -1 -2
9 26 43 59 -1 7 18 81 86 -1 23 73 91 94 -1 17 26 58 72 -1 20 22 43 94 -1 35 54 61 93 -1 -2
17 26 42 94 -1 11 36 71 77 -1 40 42 48 79 -1 30 35 40 74 -1 4 22 39 96 -1 -2
9 22 64 69 -1 6 23 30 88 -1 21 41 76 81 -1 1 11 50 55 -1 50 51 80 89 -1 29 44 45 54 -1 49 50 52 76 -1 -2
6 31 35 81 -1 48 63 66 67 -1 3 27 38 40 -1 30 47 57 98 -1 3 65 78 90 -1 20 36 56 70 -1 3 24 53 93 -1 11 13 61 100 -1 -2
11 30 55 67 -1 47 51 66 85 -1 44 60 74 77 -1 -2
38 65 67 76 -1 26 27 34 74 -1 18 22 27 37 -1 49 68 79 81 -1 1 5 12 63 -1 21 58 71 93 -1 10 26 28 37 -1 -2
21 35 55 88 -1 11 49 78 92 -1 13 19 58 94 -1 10 14 61 68 -1 56 69 71 72 -1 15 39 89 100 -1 -2
2 7 51 89 -1 16 68 78 84 -1 7 13 56 67 -1 -2
15 65 74 99 -1 25 44 63 93 -1 10 23 35 90 -1 5 58 77 96 -1 12 20 87 90 -1 39 51 72 82 -1 -2
5 8 11 36 -1 65 67 77 87 -1 20 43 47 94 -1 8 22 24 40 -1 33 42 46 60 -1 22 53 54 56 -1 -2
22 63 69 88 -1 26 34 43 87 -1 17 58 80 88 -1 47 52 53 57 -1 16 29 50 56 -1 28 30 61 82 -1 21 22 85 95 -1 30 36 54 94 -1 -2
24 31 84 91 -1 27 57 59 74 -1 11 17 47 88 -1 11 17 39 93 -1 -2
30 36 59 64 -1 31 39 44 50 -1 7 48 69 77 -1 14 44 78 80 -1 72 82 86 93 -1 2 46 56 79 -1 4 55 57 82 -1 -2
9 14 33 51 -1 2 30 46 54 -1 25 54 61 75 -1 6 11 25 97 -1 -2
31 81 97 99 -1 4 32 53 55 -1 1 17 20 38 -1 5 60 76 95 -1 -2
24 55 66 93 -1 3 5 22 31 -1 -2
20 44 53 82 -1 6 11 65 81 -1 6 20 90 95 -1 17 61 67 77 -1 1 12 45 99 -1 10 12 59 81 -1 17 24 43 48 -1 51 57 80 92 -1 -2
50 55 88 92 -1 10 12 25 57 -1 -2
18 58 88 92 -1 50 63 67 82 -1 6 34 60 83 -1 3 16 49 59 -1 68 69 72 84 -1 7 25 48 100 -1 -2
5 25 61 91 -1 6 7 25 43 -1 3 67 76 82 -1 -2
6 45 90 94 -1 8 25 43 45 -1 -2
25 65 68 82 -1 11 57 78 81 -1 18 41 67 85 -1 52 71 73 99 -1 -2
25 56 93 97 -1 14 16 18 48 -1 21 26 39 61 -1 22 75 80 85 -1 3 21 23 67 -1 24 46 55 61 -1 57 71 76 91 -1 18 25 40 95 -1 -2
7 12 87 95 -1 12 17 43 45 -1 52 76 93 95 -1 22 30 49 91 -1 -2
5 38 46 77 -1 40 46 67 87 -1 40 42 96 100 -1 13 20 60 81 -1 -2
77 80 84 100 -1 -2
11 23 48 90 -1 2 8 34 95 -1 -2
41 63 80 83 -1 26 41 92 96 -1 7 67 84 93 -1 -2
3 23 32 69 -1 26 40 82 92 -1 19 26 41 59 -1 -2
29 36 83 97 -1 3 17 40 51 -1 38 39 71 79 -1 27 47 77 92 -1 16 28 29 51 -1 19 61 83 99 -1 16 40 55 75 -1 10 36 71 79 -1 -2
2 4 22 71 -1 55 69 74 75 -1 -2
4 13 38 63 -1 28 58 72 78 -1 75 81 92 95 -1 4 71 78 98 -1 13 32 38 42 -1 61 69 74 75 -1 1 27 32 81 -1 -2
31 63 69 81 -1 62 64 82 92 -1 4 5 56 64 -1 11 41 52 69 -1 -2
29 43 51 77 -1 30 62 73 88 -1 14 30 53 93 -1 23 60 71 90 -1 1 63 70 95 -1 39 82 84 94 -1 23 46 65 78 -1 41 51 63 91 -1 -2
23 67 72 87 -1 50 56 78 88 -1 22 64 88 92 -1 -2
4 27 57 58 -1 30 60 88 98 -1 8 41 68 95 -1 -2
17 34 55 74 -1 30 31 34 72 -1 22 40 62 82 -1 -2
27 61 62 90 -1 7 17 57 98 -1 -2
14 25 28 97 -1 -2
16 23 38 42 -1 16 29 47 88 -1 7 79 99 100 -1 20 69 88 90 -1 22 47 49 53 -1 7 62 78 86 -1 17 30 35 54 -1 -2
26 36 62 90 -1 28 29 62 66 -1 44 46 62 99 -1 3 43 85 96 -1 4 66 83 88 -1 7 12 70 79 -1 22 43 86 92 -1 16 67 68 86 -1 -2
8 35 46 79 -1 19 49 54 91 -1 23 28 37 68 -1 40 42 61 92 -1 -2
26 31 62 81 -1 8 13 14 26 -1 24 71 82 97 -1 11 38 41 51 -1 13 33 42 85 -1 58 59 86 91 -1 21 32 67 71 -1 -2
34 43 59 80 -1 -2
44 68 70 90 -1 22 64 72 92 -1 28 73 81 98 -1 -2
20 48 78 94 -1 -2
8 26 74 84 -1 20 51 59 72 -1 1 20 42 55 -1 22 24 25 64 -1 -2
21 48 61 83 -1 26 53 59 60 -1 3 22 61 80 -1 30 50 51 77 -1 -2
30 43 47 88 -1 -2
8 72 83 85 -1 21 27 58 81 -1 6 9 39 60 -1 -2
29 32 38 49 -1 30 56 67 82 -1 45 47 52 99 -1 32 57 72 82 -1 15 28 36 70 -1 -2
50 54 65 83 -1 20 31 77 81 -1 36 90 92 100 -1 7 19 72 83 -1 -2
27 40 52 81 -1 11 50 56 61 -1 1 31 34 60 -1 25 55 66 80 -1 9 55 86 97 -1 16 49 52 53 -1 2 38 52 86 -1 -2
4 16 25 48 -1 11 14 21 89 -1 11 52 67 83 -1 -2
31 34 35 77 -1 6 12 26 72 -1 4 41 42 80 -1 46 64 91 95 -1 16 28 45 55 -1 23 36 60 99 -1 31 33 34 99 -1 11 30 39 92 -1 -2
1 27 46 74 -1 77 84 87 88 -1 2 31 44 58 -1 14 68 76 79 -1 -2
43 48 51 97 -1 50 59 81 86 -1 21 24 35 67 -1 30 31 39 82 -1 42 62 66 97 -1 7 14 46 79 -1 10 48 50 93 -1 -2
35 43 55 64 -1 -2
31 51 53 69 -1 3 27 54 64 -1 23 27 45 54 -1 -2
34 43 47 72 -1 9 21 60 62 -1 27 49 64 69 -1 19 66 86 87 -1 26 54 61 76 -1 7 43 74 82 -1 -2
3 49 64 81 -1 15 17 25 68 -1 -2
7 27 35 91 -1 3 82 89 97 -1 43 87 93 94 -1 11 62 64 85 -1 20 54 66 81 -1 13 45 54 59 -1 -2
20 59 94 99 -1 16 22 30 82 -1 59 84 87 100 -1 5 38 91 95 -1 8 32 34 76 -1 31 33 57 89 -1 3 11 28 77 -1 29 44 68 78 -1 -2
24 29 46 47 -1 61 63 69 84 -1 30 45 48 92 -1 27 57 87 91 -1 31 32 36 77 -1 20 53 66 80 -1 -2
19 20 46 92 -1 9 36 54 99 -1 1 18 26 60 -1 21 34 48 88 -1 1 26 69 91 -1 1 17 38 69 -1 -2
15 24 28 83 -1 11 51 78 92 -1 7 76 84 99 -1 31 71 89 96 -1 4 40 63 96 -1 25 34 44 76 -1 31 47 53 59 -1 10 24 40 97 -1 -2
2 15 48 72 -1 11 12 72 81 -1 3 13 41 80 -1 39 47 48 99 -1 21 32 61 90 -1 2 39 65 73 -1 43 61 82 94 -1 12 62 65 95 -1 -2
12 16 82 96 -1 8 22 29 52 -1 11 25 59 86 -1 56 62 90 94 -1 -2
5 11 31 96 -1 21 31 62 69 -1 2 34 47 99 -1 16 39 46 83 -1 45 62 84 95 -1 23 33 54 59 -1 -2
33 36 93 94 -1 20 46 50 89 -1 12 15 25 29 -1 16 53 64 98 -1 7 18 33 68 -1 39 53 63 94 -1 -2
24 47 49 74 -1 22 86 91 100 -1 59 61 78 86 -1 -2
34 37 52 70 -1 39 67 83 89 -1 18 76 91 100 -1 7 12 66 68 -1 43 80 91 94 -1 19 46 51 90 -1 32 39 45 79 -1 -2
10 23 43 76 -1 -2
2 19 48 79 -1 5 27 45 80 -1 4 8 11 20 -1 60 61 80 93 -1 37 58 78 99 -1 -2
14 37 39 69 -1 -2
29 64 84 94 -1 49 73 75 88 -1 13 15 61 89 -1 10 44 51 68 -1 20 27 81 94 -1 19 83 96 100 -1 -2
5 32 52 92 -1 -2
2 61 72 79 -1 48 54 59 99 -1 7 16 53 87 -1 8 58 76 77 -1 -2
9 26 32 52 -1 7 9 23 25 -1 53 59 74 99 -1 49 56 75 94 -1 31 60 77 79 -1 15 20 24 51 -1 6 54 75 83 -1 51 63 67 100 -1 -2
5 10 11 30 -1 -2
28 62 93 97 -1 1 51 58 83 -1 18 33 61 69 -1 -2
12 29 67 92 -1 3 12 16 71 -1 27 66 89 97 -1 11 12 13 49 -1 8 9 68 72 -1 17 84 89 96 -1 25 53 67 70 -1 41 78 87 92 -1 -2
15 31 61 83 -1 13 18 32 98 -1 24 27 37 69 -1 1 16 61 91 -1 1 14 44 46 -1 36 45 62 82 -1 56 74 80 88 -1 -2
2 57 63 75 -1 35 53 61 96 -1 -2
21 64 84 93 -1 37 39 80 83 -1 2 26 93 94 -1 -2
6 16 42 94 -1 32 82 94 99 -1 15 20 48 73 -1 17 51 76 78 -1 23 45 97 99 -1 11 12 17 21 -1 57 62 89 98 -1 17 30 68 96 -1 -2
22 31 51 75 -1 27 30 95 100 -1 19 39 40 56 -1 5 14 41 86 -1 -2
3 24 77 80 -1 -2
42 46 60 84 -1 37 41 77 81 -1 -2
22 27 71 94 -1 -2
8 18 32 58 -1 7 63 80 81 -1 6 14 35 84 -1 22 64 83 98 -1 49 61 87 95 -1 2 17 93 96 -1 13 37 50 58 -1 -2
55 72 75 79 -1 26 29 81 90 -1 71 72 83 91 -1 -2
2 38 77 97 -1 41 72 76 79 -1 4 24 68 91 -1 11 24 67 83 -1 24 37 43 93 -1 14 30 33 78 -1 -2
6 65 90 99 -1 1 2 60 90 -1 -2
13 56 64 82 -1 13 26 47 75 -1 12 45 50 64 -1 7 18 19 30 -1 -2
13 16 31 56 -1 5 30 67 69 -1 56 62 65 78 -1 33 38 39 74 -1 24 74 86 99 -1 6 16 21 82 -1 4 5 48 90 -1 13 56 89 95 -1 -2
34 44 82 87 -1 7 27 81 93 -1 19 24 80 82 -1 6 57 74 89 -1 19 25 73 74 -1 17 20 25 36 -1 25 50 69 87 -1 22 34 42 68 -1 -2
28 43 56 89 -1 48 83 84 86 -1 37 56 97 100 -1 33 42 73 78 -1 5 15 18 49 -1 4 65 71 89 -1 -2
36 63 72 84 -1 11 46 54 84 -1 9 11 30 41 -1 -2
2 7 36 73 -1 30 36 51 72 -1 20 26 61 76 -1 31 42 99 100 -1 8 26 51 81 -1 22 32 37 42 -1 9 10 26 58 -1 41 48 49 51 -1 -2
8 22 28 56 -1 21 27 31 48 -1 -2
14 25 33 78 -1 25 28 74 75 -1 10 46 63 80 -1 10 33 45 67 -1 -2
57 61 62 81 -1 11 32 34 50 -1 3 34 59 86 -1 30 54 60 67 -1 9 20 21 91 -1 9 84 93 95 -1 4 35 94 95 -1 16 46 56 80 -1 -2
9 49 67 83 -1 12 29 32 69 -1 2 35 67 73 -1 -2
5 77 84 92 -1 50 57 74 84 -1 -2
18 34 43 70 -1 4 65 68 91 -1 3 5 8 100 -1 -2
1 77 83 99 -1 13 34 81 84 -1 55 72 73 80 -1 28 29 51 70 -1 2 3 58 85 -1 9 29 73 91 -1 -2
29 42 64 81 -1 13 28 38 67 -1 21 44 58 73 -1 -2
21 53 58 87 -1 22 51 52 93 -1 10 12 24 92 -1 23 56 61 92 -1 25 49 68 98 -1 19 33 37 68 -1 2 70 78 94 -1 -2
19 22 69 94 -1 -2
20 44 75 79 -1 -2
21 57 58 72 -1 40 41 63 97 -1 37 56 68 72 -1 -2
32 75 78 90 -1 17 25 73 91 -1 9 22 54 58 -1 3 46 76 87 -1 3 17 32 34 -1 7 19 47 63 -1 67 68 81 94 -1 -2
53 66 76 95 -1 24 55 63 92 -1 -2
12 18 34 85 -1 33 74 88 94 -1 29 54 65 88 -1 51 61 82 94 -1 17 20 21 51 -1 6 42 62 71 -1 49 55 75 91 -1 -2
4 23 62 93 -1 32 51 55 92 -1 2 18 24 33 -1 20 22 28 72 -1 27 39 43 87 -1 18 28 36 63 -1 63 75 80 87 -1 -2
8 49 59 63 -1 24 34 51 74 -1 9 42 81 90 -1 7 60 68 87 -1 11 19 31 54 -1 16 41 69 81 -1 -2
2 4 67 71 -1 45 57 74 82 -1 -2
5 27 60 80 -1 29 33 50 58 -1 2 29 61 96 -1 3 7 14 90 -1 57 78 81 94 -1 6 20 83 94 -1 1 45 72 79 -1 19 25 27 52 -1 -2
4 17 20 100 -1 26 56 61 87 -1 15 36 66 93 -1 43 63 74 80 -1 7 29 40 51 -1 7 9 41 64 -1 -2
24 30 38 73 -1 53 56 58 77 -1 31 42 52 62 -1 -2
2 4 27 33 -1 16 49 62 65 -1 -2
10 64 70 95 -1 18 24 32 45 -1 68 79 95 98 -1 23 33 44 59 -1 -2
21 24 44 65 -1 9 17 51 85 -1 2 23 29 91 -1 17 66 86 93 -1 12 17 22 60 -1 18 28 46 96 -1 28 30 53 70 -1 -2
19 22 46 100 -1 4 24 37 74 -1 34 35 68 79 -1 23 65 76 95 -1 6 21 30 80 -1 21 41 58 72 -1 49 59 63 67 -1 -2
20 27 52 91 -1 22 27 56 100 -1 45 68 90 92 -1 20 24 68 95 -1 14 36 49 79 -1 1 4 11 31 -1 43 55 56 65 -1 -2
15 31 48 89 -1 79 80 83 86 -1 10 46 86 95 -1 18 25 41 42 -1 -2
8 41 65 89 -1 2 19 35 83 -1 33 43 52 91 -1 6 29 66 77 -1 -2
32 73 82 96 -1 18 46 62 76 -1 6 25 60 90 -1 58 61 71 72 -1 14 36 65 93 -1 -2
2 76 85 86 -1 27 35 81 93 -1 -2
10 52 54 71 -1 -2
45 48 59 97 -1 -2
54 60 64 96 -1 11 16 19 66 -1 20 24 35 45 -1 38 46 48 92 -1 -2
19 20 55 88 -1 21 32 38 100 -1 -2
13 14 47 79 -1 -2
10 20 82 95 -1 23 36 69 96 -1 1 28 76 91 -1 1 63 71 80 -1 2 58 73 100 -1 29 43 73 89 -1 -2
10 48 59 95 -1 2 42 76 83 -1 24 48 72 95 -1 4 11 21 97 -1 -2
34 43 47 97 -1 8 48 84 87 -1 -2
16 18 53 54 -1 5 45 48 96 -1 -2
5 15 23 93 -1 8 35 41 95 -1 14 15 28 69 -1 5 11 42 43 -1 28 59 60 69 -1 31 38 90 96 -1 3 8 66 91 -1 25 39 48 97 -1 -2
47 73 84 99 -1 2 51 76 80 -1 6 13 25 88 -1 36 49 57 80 -1 1 29 49 63 -1 13 78 87 98 -1 7 35 43 67 -1 -2
20 47 58 76 -1 6 37 54 62 -1 18 20 44 86 -1 -2
3 21 60 73 -1 10 38 63 64 -1 22 34 50 78 -1 8 14 76 100 -1 3 19 45 84 -1 19 32 52 72 -1 15 31 37 47 -1 -2
28 29 71 85 -1 9 57 77 78 -1 11 61 88 92 -1 39 80 89 93 -1 2 18 23 71 -1 -2
2 19 20 31 -1 10 31 61 83 -1 8 19 46 92 -1 5 11 51 79 -1 23 29 47 79 -1 2 13 41 86 -1 -2
14 40 57 68 -1 53 85 86 89 -1 10 41 49 87 -1 23 40 43 77 -1 50 59 87 91 -1 11 19 28 69 -1 2 30 44 74 -1 -2
8 49 85 87 -1 35 58 99 100 -1 -2
41 49 56 92 -1 21 75 77 87 -1 3 29 56 91 -1 19 49 66 98 -1 3 20 27 40 -1 31 40 67 70 -1 14 37 53 85 -1 15 34 48 56 -1 -2
50 53 72 99 -1 14 71 79 80 -1 7 14 16 46 -1 13 27 81 91 -1 -2
36 37 77 98 -1 55 79 91 93 -1 21 23 58 92 -1 17 45 65 81 -1 3 9 11 75 -1 10 21 34 39 -1 15 27 29 92 -1 -2
24 27 37 87 -1 1 27 45 50 -1 29 33 42 44 -1 33 53 64 68 -1 12 13 45 80 -1 26 37 51 95 -1 17 39 94 95 -1 40 72 78 94 -1 -2
4 7 61 96 -1 57 60 68 86 -1 56 87 96 98 -1 1 66 78 99 -1 3 8 71 95 -1 -2
4 5 37 62 -1 19 34 36 61 -1 12 86 90 99 -1 5 36 75 78 -1 13 22 38 56 -1 2 46 54 87 -1 19 46 94 97 -1 -2
39 46 74 89 -1 13 37 79 95 -1 46 72 99 100 -1 24 39 60 74 -1 28 77 84 94 -1 13 25 67 100 -1 35 36 73 81 -1 5 35 60 91 -1 -2
15 65 67 94 -1 39 50 57 86 -1 43 56 60 84 -1 16 42 90 95 -1 24 38 52 74 -1 2 37 84 87 -1 30 39 61 69 -1 -2
42 54 89 98 -1 33 55 79 97 -1 54 60 76 79 -1 4 10 41 76 -1 33 39 43 44 -1 4 31 68 80 -1 2 28 75 82 -1 10 17 21 48 -1 -2
20 42 64 81 -1 21 38 55 63 -1 40 52 56 92 -1 7 55 58 84 -1 -2
4 80 85 93 -1 52 63 84 93 -1 21 45 81 97 -1 12 38 61 63 -1 10 12 26 54 -1 6 61 73 97 -1 16 19 43 90 -1 2 19 39 73 -1 -2
25 37 56 99 -1 4 6 46 79 -1 26 79 84 100 -1 40 56 82 96 -1 21 64 71 80 -1 3 7 14 64 -1 5 66 81 86 -1 -2
3 26 40 60 -1 4 17 68 87 -1 27 29 41 49 -1 4 44 67 90 -1 -2
49 67 78 82 -1 6 15 42 76 -1 21 26 29 64 -1 13 96 97 100 -1 26 45 46 63 -1 -2
18 58 61 81 -1 6 17 46 53 -1 1 18 36 98 -1 8 11 33 59 -1 6 11 22 30 -1 8 9 97 99 -1 6 65 73 89 -1 -2
16 41 91 100 -1 33 60 75 86 -1 51 64 65 68 -1 16 24 59 67 -1 21 54 59 63 -1 11 24 51 76 -1 1 26 61 97 -1 -2
18 29 42 83 -1 28 41 94 95 -1 13 57 86 87 -1 -2
48 69 87 89 -1 -2
32 58 76 90 -1 28 31 44 54 -1 4 39 57 59 -1 18 29 36 41 -1 50 66 98 100 -1 3 33 68 71 -1 20 67 93 95 -1 -2
33 67 74 87 -1 42 54 82 90 -1 -2
29 56 73 93 -1 41 49 67 98 -1 6 37 71 92 -1 11 14 26 43 -1 32 35 51 59 -1 6 32 86 95 -1 4 51 58 86 -1 -2
25 52 57 58 -1 27 66 76 80 -1 5 48 51 86 -1 12 24 56 57 -1 5 27 55 73 -1 27 71 79 88 -1 12 61 92 97 -1 -2
19 52 53 56 -1 19 81 88 94 -1 7 15 96 99 -1 11 50 57 58 -1 1 33 39 94 -1 25 52 56 96 -1 36 46 62 90 -1 20 52 58 72 -1 -2
32 80 98 99 -1 -2
7 47 61 96 -1 -2
41 43 55 93 -1 15 26 66 85 -1 -2
24 79 93 100 -1 50 56 65 70 -1 3 4 9 55 -1 3 29 68 75 -1 -2
6 20 70 79 -1 27 63 82 99 -1 21 38 79 99 -1 2 42 66 82 -1 8 41 51 80 -1 -2
11 24 31 78 -1 19 58 75 98 -1 21 34 51 69 -1 14 42 46 99 -1 12 31 41 87 -1 23 52 78 79 -1 24 39 83 95 -1 -2
12 76 77 79 -1 -2
22 26 28 73 -1 39 49 66 90 -1 61 67 73 76 -1 16 72 84 93 -1 9 21 41 65 -1 11 49 65 89 -1 15 40 64 84 -1 -2
9 50 63 76 -1 9 14 16 80 -1 -2
24 28 37 100 -1 28 56 64 94 -1 18 25 28 62 -1 4 28 80 94 -1 -2
6 32 78 94 -1 28 83 86 93 -1 5 9 19 35 -1 15 29 33 47 -1 5 28 58 99 -1 -2
14 65 68 100 -1 6 15 52 61 -1 14 24 33 51 -1 24 29 87 95 -1 -2
16 20 28 89 -1 4 5 6 67 -1 15 57 70 86 -1 12 43 60 90 -1 8 22 30 93 -1 38 48 67 94 -1 10 11 51 82 -1 -2
15 49 54 70 -1 15 32 79 100 -1 20 24 67 78 -1 9 17 94 100 -1 2 20 33 95 -1 20 45 77 78 -1 38 43 53 62 -1 32 37 71 83 -1 -2
40 48 80 94 -1 6 57 71 74 -1 29 45 58 90 -1 48 72 75 84 -1 8 23 66 98 -1 23 32 51 91 -1 8 13 59 94 -1 25 28 65 78 -1 -2
4 15 66 85 -1 16 36 46 92 -1 14 40 43 67 -1 15 16 36 49 -1 2 15 27 86 -1 7 35 58 93 -1 -2
7 10 26 78 -1 21 38 65 66 -1 3 37 39 98 -1 25 67 89 98 -1 44 58 83 90 -1 19 40 60 92 -1 -2
28 30 66 84 -1 -2
3 12 22 84 -1 1 9 58 84 -1 16 35 53 83 -1 58 61 83 89 -1 -2
12 34 58 60 -1 27 36 46 61 -1 40 79 83 84 -1 14 16 74 98 -1 26 66 68 79 -1 46 57 58 71 -1 51 62 69 90 -1 -2
6 51 84 93 -1 25 61 66 85 -1 40 69 89 92 -1 2 69 74 84 -1 -2
12 17 30 56 -1 -2
7 30 47 72 -1 27 38 66 70 -1 22 23 56 92 -1 14 16 27 47 -1 -2
4 33 41 76 -1 13 53 83 95 -1 33 41 74 80 -1 22 43 62 87 -1 16 45 72 79 -1 30 82 89 97 -1 22 26 64 86 -1 25 59 62 94 -1 -2
10 17 80 100 -1 33 51 72 78 -1 6 33 45 63 -1 18 50 56 94 -1 39 48 69 97 -1 5 41 54 75 -1 2 55 57 73 -1 48 50 66 86 -1 -2
21 64 81 92 -1 9 16 31 67 -1 16 18 48 55 -1 26 30 40 70 -1 4 13 16 17 -1 6 12 18 76 -1 8 26 90 99 -1 58 69 81 84 -1 -2
5 49 59 79 -1 40 48 64 99 -1 -2
32 49 57 80 -1 28 44 62 76 -1 19 35 45 90 -1 -2
18 25 44 64 -1 13 30 85 89 -1 3 5 38 79 -1 2 12 14 46 -1 -2
3 28 33 98 -1 3 7 47 70 -1 10 34 53 63 -1 34 40 70 78 -1 8 31 57 80 -1 -2
9 26 65 86 -1 5 18 39 87 -1 30 44 48 68 -1 46 52 58 83 -1 2 24 49 98 -1 45 54 66 96 -1 -2
27 38 59 67 -1 37 47 73 77 -1 9 55 88 94 -1 19 42 68 88 -1 14 35 72 79 -1 11 19 33 54 -1 3 5 61 84 -1 -2
10 31 58 76 -1 32 54 75 76 -1 -2
13 52 85 99 -1 33 54 64 98 -1 36 58 68 91 -1 18 72 86 88 -1 32 52 58 100 -1 4 77 79 95 -1 35 46 70 95 -1 7 45 71 86 -1 -2
15 16 55 84 -1 2 10 32 39 -1 12 55 68 91 -1 -2
37 39 72 100 -1 23 63 90 93 -1 -2
20 29 42 60 -1 20 32 50 69 -1 -2
7 17 45 48 -1 11 23 73 75 -1 6 27 84 95 -1 28 44 56 65 -1 33 36 67 70 -1 5 56 89 95 -1 24 75 92 100 -1 26 46 69 97 -1 -2
13 57 82 89 -1 26 46 70 71 -1 10 36 56 71 -1 -2
55 59 79 96 -1 11 40 76 78 -1 39 63 79 93 -1 -2
18 30 45 56 -1 19 34 58 82 -1 3 33 53 63 -1 5 68 82 95 -1 50 72 73 74 -1 -2
2 45 62 75 -1 23 43 55 61 -1 16 19 51 55 -1 8 25 43 78 -1 19 24 59 69 -1 -2
15 43 54 86 -1 25 50 52 78 -1 20 24 57 85 -1 2 24 66 96 -1 2 18 23 30 -1 35 69 70 94 -1 8 63 85 88 -1 33 67 69 72 -1 -2
12 56 59 80 -1 28 50 60 95 -1 31 46 85 99 -1 12 67 82 100 -1 21 40 84 87 -1 -2
22 50 54 81 -1 21 35 54 94 -1 29 64 90 97 -1 -2
22 43 61 85 -1 39 45 51 96 -1 4 42 66 98 -1 10 36 61 85 -1 -2
16 17 45 69 -1 8 30 95 96 -1 -2
29 41 47 97 -1 19 36 37 56 -1 2 34 70 71 -1 26 42 70 100 -1 12 32 39 69 -1 16 40 41 98 -1 13 14 49 58 -1 32 41 48 76 -1 -2
16 62 66 72 -1 35 65 73 96 -1 -2
10 54 69 99 -1 7 58 82 92 -1 31 33 49 68 -1 12 68 82 84 -1 -2
31 51 82 85 -1 31 43 49 51 -1 -2
75 76 77 83 -1 1 58 88 93 -1 43 52 71 88 -1 10 44 51 72 -1 9 49 61 83 -1 -2
29 32 33 77 -1 7 25 58 79 -1 19 38 75 95 -1 23 39 41 92 -1 45 61 65 100 -1 8 13 51 53 -1 5 21 55 83 -1 -2
1 44 78 81 -1 28 31 63 76 -1 36 69 85 92 -1 8 23 55 94 -1 29 49 74 90 -1 8 27 69 98 -1 8 26 38 88 -1 7 10 45 85 -1 -2
4 72 86 93 -1 -2
22 23 73 100 -1 34 55 81 93 -1 5 75 83 87 -1 15 48 61 88 -1 9 29 53 89 -1 -2
30 49 77 82 -1 37 39 43 48 -1 44 60 69 95 -1 -2
54 63 66 70 -1 -2
4 9 55 59 -1 29 34 44 92 -1 -2
22 52 61 87 -1 16 57 63 81 -1 4 52 94 99 -1 11 21 94 96 -1 -2
6 15 27 40 -1 22 46 61 91 -1 -2
8 26 64 73 -1 6 18 42 44 -1 22 31 59 97 -1 19 27 37 71 -1 27 49 72 77 -1 -2
27 70 77 94 -1 6 34 36 48 -1 1 55 61 86 -1 8 26 63 68 -1 27 33 79 99 -1 20 21 23 61 -1 -2
5 22 45 64 -1 34 50 64 85 -1 32 41 49 66 -1 34 56 88 96 -1 11 24 43 61 -1 15 71 75 78 -1 -2
1 7 59 69 -1 38 80 83 90 -1 5 14 17 95 -1 28 30 35 46 -1 39 44 88 97 -1 -2
11 59 83 98 -1 76 80 83 86 -1 1 48 62 98 -1 14 36 37 80 -1 39 61 71 95 -1 -2
40 80 95 100 -1 4 9 54 56 -1 11 30 55 81 -1 11 60 75 92 -1 13 22 92 99 -1 21 36 39 48 -1 17 39 70 75 -1 27 39 63 85 -1 -2
21 27 33 86 -1 10 22 38 80 -1 5 23 26 44 -1 24 72 91 100 -1 45 61 67 96 -1 -2
5 8 22 95 -1 11 13 62 82 -1 14 40 64 97 -1 10 20 25 53 -1 37 77 78 84 -1 16 35 72 90 -1 2 29 45 51 -1 -2
33 53 57 78 -1 5 12 53 85 -1 37 58 90 95 -1 18 42 64 66 -1 11 54 86 98 -1 11 16 75 81 -1 -2
32 40 67 93 -1 4 7 76 97 -1 17 24 69 71 -1 3 82 88 89 -1 26 42 55 74 -1 16 49 53 69 -1 1 22 77 88 -1 -2
12 43 63 89 -1 27 38 50 100 -1 21 29 37 88 -1 -2
8 14 47 51 -1 1 39 84 89 -1 -2
35 69 79 80 -1 -2
36 50 51 56 -1 -2
31 62 76 98 -1 5 20 72 79 -1 26 32 35 50 -1 26 48 91 96 -1 -2
3 57 63 92 -1 1 25 30 90 -1 -2
36 39 64 94 -1 32 59 75 94 -1 16 62 69 86 -1 43 84 90 92 -1 -2
19 30 85 90 -1 45 58 69 94 -1 -2
2 54 84 88 -1 14 20 33 88 -1 5 69 87 100 -1 8 57 59 98 -1 4 17 64 69 -1 11 15 36 43 -1 15 26 66 72 -1 -2
11 15 40 96 -1 -2
19 27 29 47 -1 13 64 77 80 -1 15 27 51 83 -1 26 32 86 99 -1 15 32 33 79 -1 -2
12 53 86 92 -1 7 34 66 81 -1 3 14 41 95 -1 46 58 89 99 -1 23 46 70 73 -1 13 28 44 86 -1 3 23 61 72 -1 -2
37 76 83 94 -1 7 21 48 89 -1 23 28 40 93 -1 -2
11 57 63 67 -1 32 53 69 77 -1 28 32 82 90 -1 19 52 69 96 -1 1 8 41 100 -1 2 19 36 37 -1 10 25 73 78 -1 29 30 88 100 -1 -2
1 15 38 96 -1 14 60 79 98 -1 15 17 18 71 -1 5 10 13 55 -1 28 45 48 65 -1 -2
19 42 47 89 -1 5 29 39 42 -1 9 37 38 50 -1 39 54 69 87 -1 6 49 69 78 -1 1 21 62 91 -1 1 18 38 77 -1 11 61 73 77 -1 -2
51 62 63 100 -1 11 22 29 65 -1 24 49 79 100 -1 18 41 62 81 -1 14 68 74 89 -1 23 34 91 97 -1 -2
24 27 33 51 -1 7 19 43 70 -1 28 76 80 91 -1 14 43 62 91 -1 33 50 52 78 -1 48 62 63 90 -1 1 10 48 98 -1 3 5 34 47 -1 -2
1 12 14 95 -1 14 56 57 66 -1 33 40 57 91 -1 5 31 35 38 -1 57 68 77 94 -1 41 66 73 96 -1 -2
6 14 51 84 -1 31 54 61 90 -1 23 41 73 76 -1 20 56 67 82 -1 1 62 74 89 -1 -2
2 37 59 64 -1 5 38 70 99 -1 1 35 65 92 -1 10 18 19 90 -1 -2
20 21 50 84 -1 59 64 67 78 -1 29 34 40 83 -1 -2
5 37 83 84 -1 -2
30 38 44 60 -1 27 51 64 89 -1 10 11 89 93 -1 17 23 81 88 -1 15 18 50 90 -1 5 21 45 97 -1 9 13 36 45 -1 -2
21 42 65 98 -1 3 29 77 99 -1 18 44 56 85 -1 24 55 70 85 -1 46 52 59 72 -1 4 50 55 60 -1 18 47 59 81 -1 16 25 56 57 -1 -2
10 61 90 100 -1 -2
15 31 63 90 -1 1 4 27 76 -1 40 48 58 94 -1 30 35 38 74 -1 41 78 87 94 -1 28 35 38 49 -1 5 7 13 71 -1 1 6 46 64 -1 -2
32 71 79 90 -1 44 45 50 68 -1 68 77 78 95 -1 33 73 83 88 -1 14 15 32 41 -1 7 23 47 74 -1 34 66 73 74 -1 13 40 87 88 -1 -2
2 6 32 79 -1 3 11 32 62 -1 11 35 39 97 -1 -2
9 19 27 60 -1 2 43 44 56 -1 6 40 50 66 -1 57 66 89 99 -1 54 78 89 95 -1 7 22 62 80 -1 23 37 45 51 -1 2 6 78 81 -1 -2
15 18 29 31 -1 9 20 33 98 -1 12 50 52 63 -1 45 66 69 99 -1 35 53 61 73 -1 10 61 79 85 -1 -2
25 31 62 75 -1 3 17 27 75 -1 25 41 71 99 -1 5 8 56 85 -1 7 27 45 78 -1 23 37 48 54 -1 -2
11 28 41 68 -1 20 27 30 75 -1 6 16 40 58 -1 -2
5 6 12 73 -1 16 47 65 91 -1 11 46 63 79 -1 12 39 49 98 -1 29 53 71 79 -1 -2
6 84 85 95 -1 -2
44 70 74 99 -1 28 47 58 96 -1 15 62 78 86 -1 8 20 60 76 -1 24 38 54 89 -1 29 65 68 89 -1 -2
68 71 73 82 -1 17 20 47 53 -1 9 74 99 100 -1 15 35 37 57 -1 12 43 66 86 -1 21 28 54 93 -1 10 22 30 44 -1 -2
5 8 71 89 -1 12 16 37 91 -1 2 24 54 88 -1 43 54 68 81 -1 14 20 53 71 -1 16 23 39 59 -1 70 82 86 90 -1 41 71 84 94 -1 -2
42 46 52 88 -1 19 51 74 76 -1 46 57 65 70 -1 -2
31 36 56 96 -1 30 55 84 95 -1 14 57 72 100 -1 -2
32 35 39 88 -1 7 36 46 92 -1 -2
13 26 49 76 -1 27 48 90 92 -1 9 19 52 75 -1 18 37 90 94 -1 -2
34 53 79 91 -1 41 46 83 93 -1 6 7 75 90 -1 12 15 34 37 -1 9 51 78 97 -1 15 25 70 78 -1 17 38 51 79 -1 -2
5 28 29 64 -1 24 50 82 89 -1 -2
26 63 81 82 -1 45 48 50 54 -1 17 65 77 92 -1 58 76 79 96 -1 -2
5 8 38 83 -1 3 9 77 99 -1 17 19 51 77 -1 5 6 38 41 -1 -2
13 42 63 78 -1 8 11 12 74 -1 5 11 69 78 -1 5 23 43 51 -1 29 48 62 86 -1 20 23 65 97 -1 31 34 65 73 -1 17 24 82 91 -1 -2
24 41 65 87 -1 13 40 42 86 -1 35 71 73 81 -1 54 56 71 81 -1 1 65 71 79 -1 13 47 72 95 -1 17 46 52 83 -1 -2
17 41 67 88 -1 8 49 56 60 -1 2 40 91 97 -1 1 48 61 68 -1 17 37 38 64 -1 3 79 94 96 -1 44 58 75 98 -1 8 37 38 62 -1 -2
19 37 40 66 -1 16 46 59 79 -1 7 36 45 50 -1 6 7 45 61 -1 -2
16 33 45 48 -1 24 30 69 75 -1 62 64 85 98 -1 31 38 50 75 -1 10 48 86 91 -1 -2
15 22 49 93 -1 -2
11 30 71 97 -1 36 78 79 100 -1 6 17 63 83 -1 26 52 75 93 -1 18 73 81 85 -1 26 65 67 91 -1 10 36 59 62 -1 -2
1 74 91 95 -1 3 5 20 93 -1 44 55 73 99 -1 35 85 94 100 -1 13 39 49 94 -1 4 24 47 92 -1 15 50 54 97 -1 -2
12 15 22 38 -1 36 40 60 87 -1 10 82 99 100 -1 35 54 63 89 -1 20 66 77 84 -1 4 18 46 93 -1 -2
6 11 33 49 -1 20 35 65 92 -1 1 30 38 46 -1 -2
28 29 56 83 -1 22 33 38 66 -1 6 26 54 85 -1 19 55 56 65 -1 24 35 74 89 -1 -2
30 67 81 95 -1 -2
4 34 46 71 -1 32 68 74 79 -1 38 62 75 98 -1 37 57 58 77 -1 21 40 56 95 -1 27 40 51 59 -1 -2
67 81 88 94 -1 8 9 52 89 -1 38 49 68 92 -1 2 55 62 92 -1 10 53 63 67 -1 22 94 96 97 -1 -2
6 19 25 83 -1 11 18 43 81 -1 13 24 37 100 -1 -2
19 20 44 73 -1 8 19 37 78 -1 13 64 81 98 -1 51 60 68 75 -1 4 36 40 88 -1 12 17 68 96 -1 10 13 39 74 -1 22 37 87 89 -1 -2
18 35 68 69 -1 25 33 49 92 -1 26 70 84 90 -1 -2
18 60 73 94 -1 28 47 71 76 -1 -2
14 23 26 87 -1 4 6 45 47 -1 3 7 38 99 -1 21 31 64 73 -1 26 68 80 81 -1 24 26 36 42 -1 22 63 81 96 -1 15 63 71 87 -1 -2
21 80 82 92 -1 -2
24 46 69 81 -1 28 30 66 75 -1 10 11 24 40 -1 -2
41 51 55 62 -1 6 49 70 71 -1 5 9 49 63 -1 13 19 36 70 -1 25 60 63 67 -1 36 39 48 52 -1 16 38 76 83 -1 -2
33 59 61 67 -1 15 20 41 49 -1 -2
20 24 27 48 -1 12 29 34 92 -1 -2
34 64 75 98 -1 3 12 27 97 -1 16 68 89 98 -1 -2
39 51 86 95 -1 7 65 78 85 -1 -2
50 62 81 90 -1 20 31 41 47 -1 55 64 81 97 -1 2 28 86 96 -1 -2
6 12 24 98 -1 -2
14 41 59 66 -1 9 21 62 99 -1 9 10 38 90 -1 24 54 57 74 -1 14 19 26 52 -1 17 57 65 91 -1 -2
14 41 53 86 -1 32 62 70 86 -1 62 68 71 86 -1 11 26 47 69 -1 5 6 44 97 -1 6 46 62 86 -1 48 50 85 88 -1 -2
13 31 94 99 -1 12 50 51 58 -1 64 81 87 99 -1 25 49 87 97 -1 -2
38 39 75 98 -1 5 73 89 100 -1 2 69 81 90 -1 29 59 63 84 -1 -2
25 50 77 96 -1 29 62 79 80 -1 21 47 54 82 -1 -2
34 37 73 86 -1 11 23 65 100 -1 4 47 51 100 -1 10 15 41 52 -1 44 52 63 97 -1 39 46 55 73 -1 -2
26 35 43 66 -1 19 68 79 98 -1 19 35 42 98 -1 12 44 52 83 -1 -2
6 72 73 74 -1 2 88 91 100 -1 5 40 73 80 -1 32 42 56 68 -1 49 59 75 87 -1 9 15 67 87 -1 -2
7 15 80 92 -1 66 75 90 98 -1 -2
23 34 72 92 -1 -2
1 25 33 84 -1 24 30 36 42 -1 17 39 42 69 -1 -2
18 21 29 78 -1 46 68 85 96 -1 1 47 72 83 -1 25 45 67 69 -1 54 69 86 93 -1 -2
27 35 52 72 -1 1 21 28 58 -1 8 55 56 99 -1 6 61 78 82 -1 40 44 59 89 -1 -2
5 19 39 97 -1 37 44 51 74 -1 19 27 51 89 -1 5 22 33 47 -1 23 25 26 79 -1 1 72 84 96 -1 1 23 28 65 -1 10 33 46 74 -1 -2
2 10 58 98 -1 29 37 52 89 -1 14 26 70 94 -1 28 42 43 74 -1 23 59 74 99 -1 3 66 84 94 -1 12 37 53 95 -1 -2
2 44 73 100 -1 29 51 76 88 -1 -2
29 78 82 87 -1 4 47 57 100 -1 62 66 90 91 -1 49 54 56 88 -1 33 71 85 95 -1 1 13 32 64 -1 27 38 44 69 -1 -2
6 11 43 75 -1 36 51 63 74 -1 29 41 57 90 -1 9 24 25 46 -1 18 26 43 83 -1 15 33 55 67 -1 6 73 85 87 -1 2 22 78 89 -1 -2
3 18 34 72 -1 11 19 60 90 -1 18 46 83 87 -1 28 54 60 61 -1 15 20 29 51 -1 8 22 39 95 -1 9 14 87 91 -1 35 42 46 91 -1 -2
54 66 95 99 -1 25 43 52 96 -1 31 34 44 53 -1 42 71 72 83 -1 4 10 43 64 -1 3 23 72 76 -1 -2
7 22 40 56 -1 1 37 80 81 -1 -2
13 38 89 90 -1 22 40 46 69 -1 50 64 78 100 -1 -2
38 68 72 91 -1 22 24 27 81 -1 67 75 77 97 -1 1 4 43 98 -1 29 55 56 93 -1 7 9 23 56 -1 -2
27 60 80 100 -1 64 73 79 86 -1 24 55 89 96 -1 55 72 82 94 -1 38 48 68 81 -1 -2
13 18 53 85 -1 28 76 92 100 -1 35 37 38 79 -1 3 23 91 100 -1 -2
24 74 75 78 -1 24 58 81 97 -1 7 36 50 97 -1 26 27 94 98 -1 26 77 86 91 -1 12 15 18 21 -1 -2
3 36 47 79 -1 -2
1 37 64 87 -1 -2
30 54 65 98 -1 26 39 44 90 -1 24 44 51 71 -1 2 12 44 55 -1 70 71 94 100 -1 -2
68 82 84 99 -1 12 44 62 86 -1 17 39 53 84 -1 22 53 59 99 -1 -2
25 75 80 91 -1 16 26 31 84 -1 6 8 20 84 -1 19 41 70 79 -1 35 79 91 100 -1 -2
9 27 78 81 -1 45 50 87 97 -1 10 13 27 64 -1 -2
64 76 86 88 -1 42 51 72 92 -1 17 26 30 60 -1 12 81 97 100 -1 -2
9 47 73 79 -1 16 21 43 53 -1 6 18 97 100 -1 4 17 27 80 -1 -2
37 41 58 94 -1 11 16 23 36 -1 38 41 64 65 -1 17 34 71 88 -1 9 43 51 98 -1 27 31 45 84 -1 5 16 85 100 -1 -2
24 27 44 84 -1 2 28 53 63 -1 55 59 82 83 -1 -2
40 64 75 79 -1 68 71 74 88 -1 25 29 78 94 -1 7 36 39 76 -1 6 30 60 76 -1 -2
46 50 61 85 -1 1 32 46 95 -1 7 54 61 100 -1 -2
8 9 27 57 -1 14 63 74 94 -1 14 15 57 78 -1 15 31 42 53 -1 7 62 93 100 -1 10 39 79 89 -1 87 91 92 100 -1 20 82 84 99 -1 -2
1 25 38 77 -1 25 58 76 88 -1 -2
13 21 41 57 -1 39 42 60 70 -1 2 53 78 100 -1 16 18 20 59 -1 -2
16 45 59 79 -1 26 32 41 69 -1 3 5 68 83 -1 -2
18 43 46 64 -1 14 43 68 77 -1 7 10 23 29 -1 29 75 93 98 -1 -2
8 30 35 80 -1 26 33 55 65 -1 1 19 86 91 -1 14 29 41 56 -1 33 43 59 94 -1 15 19 61 70 -1 16 69 79 97 -1 29 39 53 100 -1 -2
31 75 91 94 -1 14 26 44 72 -1 37 48 54 96 -1 4 77 80 96 -1 35 42 64 74 -1 -2
4 26 29 44 -1 47 57 75 84 -1 4 63 78 92 -1 59 72 89 99 -1 -2
2 34 67 83 -1 -2
16 50 72 78 -1 8 36 43 46 -1 10 35 73 86 -1 -2
30 33 42 50 -1 -2
20 25 35 54 -1 -2
27 43 55 81 -1 25 50 85 100 -1 -2
27 78 79 86 -1 -2
35 38 51 94 -1 35 59 64 74 -1 -2
4 31 70 80 -1 14 22 30 35 -1 5 13 23 85 -1 17 31 45 50 -1 -2
1 15 20 78 -1 36 38 52 69 -1 21 30 58 65 -1 -2
14 22 59 60 -1 22 26 42 81 -1 9 60 75 91 -1 -2
9 46 58 74 -1 -2
50 72 94 100 -1 21 26 33 79 -1 16 41 79 83 -1 37 45 46 58 -1 3 18 47 77 -1 2 38 73 88 -1 17 61 77 85 -1 10 15 66 72 -1 -2
8 24 41 49 -1 5 76 99 100 -1 8 33 40 62 -1 3 13 38 66 -1 26 39 65 83 -1 -2
18 40 54 58 -1 55 58 67 83 -1 13 46 55 75 -1 33 62 76 93 -1 21 67 83 100 -1 52 59 68 90 -1 16 34 48 69 -1 -2
33 52 74 80 -1 20 25 38 39 -1 -2
24 28 29 39 -1 1 21 43 89 -1 22 27 35 55 -1 30 52 67 81 -1 -2
18 19 73 75 -1 4 6 41 83 -1 -2
33 35 87 95 -1 -2
9 32 67 98 -1 6 29 61 78 -1 18 36 78 89 -1 48 52 85 90 -1 31 58 79 83 -1 -2
56 89 90 91 -1 21 46 55 99 -1 28 39 41 76 -1 44 51 57 65 -1 -2
8 31 37 46 -1 13 68 85 92 -1 19 33 68 87 -1 14 21 43 44 -1 -2
4 31 33 74 -1 52 62 77 84 -1 7 57 81 88 -1 13 31 63 83 -1 -2
27 44 63 84 -1 25 31 37 82 -1 1 31 44 48 -1 5 22 42 63 -1 -2
46 70 84 87 -1 -2
16 28 47 60 -1 4 7 41 55 -1 14 42 78 92 -1 17 18 21 81 -1 4 56 58 75 -1 -2
23 30 67 73 -1 15 86 93 98 -1 13 23 68 93 -1 -2
29 35 78 81 -1 23 45 67 75 -1 23 64 66 81 -1 25 36 90 91 -1 2 37 40 44 -1 12 67 79 99 -1 57 88 91 100 -1 -2
30 41 45 78 -1 16 32 39 46 -1 -2
4 17 60 83 -1 -2
5 10 11 21 -1 9 24 66 91 -1 11 14 46 62 -1 5 23 76 99 -1 12 56 62 100 -1 11 57 58 80 -1 -2
19 32 60 66 -1 8 76 77 90 -1 33 51 56 62 -1 38 40 70 75 -1 42 77 88 97 -1 17 38 57 93 -1 -2
45 54 62 68 -1 19 38 86 96 -1 19 52 58 82 -1 37 38 53 77 -1 14 17 60 67 -1 2 8 69 79 -1 3 4 56 84 -1 -2
42 48 85 94 -1 32 45 51 93 -1 8 31 38 67 -1 8 46 80 92 -1 -2
16 20 33 69 -1 2 29 61 74 -1 11 28 37 47 -1 2 61 64 89 -1 7 46 99 100 -1 -2
1 69 82 99 -1 34 39 72 93 -1 32 68 73 85 -1 36 50 58 66 -1 -2
24 37 60 86 -1 43 44 56 94 -1 6 13 59 62 -1 -2
34 50 59 90 -1 9 32 46 57 -1 -2
14 42 53 67 -1 -2
26 61 65 76 -1 3 6 37 55 -1 1 11 68 72 -1 -2
32 63 70 76 -1 38 40 43 82 -1 28 32 48 100 -1 7 49 55 96 -1 21 37 82 93 -1 10 54 60 71 -1 4 12 63 89 -1 25 31 32 82 -1 -2
13 37 54 93 -1 18 45 60 68 -1 21 49 89 94 -1 20 47 52 57 -1 -2
41 67 73 86 -1 14 25 63 75 -1 28 29 49 60 -1 -2
12 33 44 65 -1 16 33 48 73 -1 17 19 39 70 -1 38 81 88 92 -1 -2
24 42 48 53 -1 29 36 44 85 -1 2 36 39 41 -1 4 49 76 95 -1 4 45 71 80 -1 16 32 65 78 -1 15 28 37 89 -1 11 41 42 74 -1 -2
50 66 76 78 -1 46 60 85 94 -1 52 64 75 76 -1 4 16 34 78 -1 8 58 65 71 -1 2 29 56 58 -1 34 47 78 83 -1 1 17 63 72 -1 -2
2 6 78 90 -1 17 25 35 81 -1 49 75 76 93 -1 44 62 83 92 -1 41 56 75 81 -1 17 47 53 79 -1 -2
5 20 34 45 -1 29 88 90 95 -1 21 76 95 96 -1 44 54 67 73 -1 17 19 29 39 -1 36 50 55 94 -1 -2
30 45 86 99 -1 11 18 62 70 -1 10 27 50 52 -1 10 26 32 93 -1 4 46 58 82 -1 -2
1 41 54 74 -1 2 26 45 57 -1 20 42 58 73 -1 13 47 78 98 -1 11 29 45 80 -1 11 48 59 72 -1 -2
6 62 72 87 -1 31 38 54 70 -1 16 48 55 96 -1 2 20 66 93 -1 13 26 81 92 -1 -2
88 93 98 99 -1 45 76 81 93 -1 27 64 80 93 -1 2 22 32 80 -1 -2
3 42 68 93 -1 24 36 38 74 -1 7 63 70 76 -1 5 69 92 99 -1 11 46 57 71 -1 -2
18 41 91 98 -1 -2
7 34 48 71 -1 7 49 51 79 -1 2 45 94 99 -1 23 31 51 96 -1 -2
35 61 68 88 -1 12 54 97 98 -1 17 47 61 71 -1 -2
35 47 80 84 -1 19 26 45 81 -1 3 12 16 47 -1 3 48 61 86 -1 34 56 57 84 -1 -2
15 66 74 76 -1 -2
6 33 59 81 -1 4 66 84 87 -1 48 69 71 79 -1 20 49 65 69 -1 5 45 64 75 -1 12 30 43 79 -1 -2
10 22 81 84 -1 14 21 53 98 -1 11 26 38 52 -1 9 37 51 97 -1 -2
27 52 59 72 -1 55 61 85 93 -1 46 62 76 79 -1 -2
5 11 30 39 -1 1 27 40 55 -1 19 47 53 85 -1 6 31 37 65 -1 6 17 43 57 -1 4 30 35 59 -1 35 46 51 100 -1 -2
62 70 91 94 -1 17 28 67 92 -1 -2
7 50 56 69 -1 35 67 73 85 -1 19 43 88 94 -1 32 33 37 85 -1 55 59 63 74 -1 -2
51 60 78 90 -1 5 12 59 70 -1 17 35 39 47 -1 20 25 31 32 -1 21 30 68 92 -1 4 18 27 57 -1 12 58 89 99 -1 -2
46 49 91 92 -1 6 14 78 100 -1 3 45 83 90 -1 3 57 94 97 -1 2 6 35 81 -1 25 48 61 83 -1 -2
3 41 46 66 -1 -2
67 71 77 89 -1 20 32 59 66 -1 -2
5 69 74 86 -1 27 28 62 100 -1 10 41 72 86 -1 11 55 59 60 -1 3 28 44 45 -1 -2
4 7 59 68 -1 12 17 25 91 -1 59 71 86 89 -1 24 39 57 60 -1 1 15 64 90 -1 11 52 55 56 -1 -2
22 53 81 91 -1 4 6 18 91 -1 22 26 59 64 -1 2 48 57 72 -1 25 26 55 96 -1 6 37 57 100 -1 41 66 96 97 -1 -2
27 44 71 85 -1 33 58 78 93 -1 -2
17 43 82 86 -1 14 32 40 48 -1 3 24 44 81 -1 -2
40 55 77 91 -1 9 50 59 84 -1 19 35 44 94 -1 6 14 33 54 -1 5 17 20 62 -1 31 32 35 39 -1 43 49 61 86 -1 -2
36 39 41 79 -1 28 35 46 97 -1 -2
18 55 60 97 -1 -2
13 17 46 87 -1 9 55 73 85 -1 36 44 46 57 -1 -2
40 81 85 88 -1 -2
4 14 23 100 -1 -2
17 59 78 98 -1 16 25 50 85 -1 11 18 62 85 -1 -2
16 63 79 94 -1 30 32 34 95 -1 8 49 82 87 -1 21 35 54 96 -1 2 14 27 77 -1 2 51 89 97 -1 39 55 77 98 -1 44 66 75 78 -1 -2
30 53 56 89 -1 32 45 55 97 -1 21 26 36 99 -1 31 37 57 89 -1 3 36 80 99 -1 31 32 34 39 -1 17 26 71 82 -1 -2
26 65 72 94 -1 4 20 51 71 -1 32 65 94 99 -1 32 50 52 72 -1 3 33 48 54 -1 -2
27 58 61 90 -1 26 35 38 92 -1 20 49 61 62 -1 1 56 75 84 -1 4 7 58 64 -1 -2
14 24 59 74 -1 1 6 62 100 -1 6 47 83 88 -1 -2
8 60 70 98 -1 52 60 64 80 -1 10 29 73 74 -1 7 23 27 80 -1 57 61 96 99 -1 -2
29 42 43 78 -1 29 68 85 93 -1 14 72 73 78 -1 5 22 66 73 -1 36 46 60 85 -1 13 23 37 51 -1 33 38 40 86 -1 20 27 94 99 -1 -2
25 36 52 82 -1 3 35 37 43 -1 -2
11 43 66 79 -1 3 46 52 89 -1 50 78 82 85 -1 5 72 76 79 -1 2 52 74 83 -1 49 72 85 87 -1 20 54 56 77 -1 -2
6 41 42 94 -1 15 27 41 73 -1 29 47 67 81 -1 -2
23 47 53 68 -1 -2
15 46 59 78 -1 5 76 79 98 -1 34 45 57 82 -1 -2
8 26 69 97 -1 1 44 76 93 -1 6 46 53 70 -1 35 54 56 88 -1 27 60 68 81 -1 5 39 55 100 -1 15 28 80 91 -1 -2
27 35 46 54 -1 1 13 47 99 -1 11 28 35 60 -1 21 29 42 47 -1 53 76 79 82 -1 2 39 49 62 -1 27 35 49 51 -1 24 47 62 95 -1 -2
21 53 66 86 -1 14 83 88 99 -1 32 48 84 92 -1 6 81 84 86 -1 -2
30 54 84 93 -1 24 30 61 79 -1 15 43 80 82 -1 17 21 70 75 -1 11 24 31 35 -1 3 80 82 96 -1 -2
32 33 58 92 -1 23 25 51 80 -1 60 64 76 77 -1 16 64 71 74 -1 12 35 46 93 -1 41 43 46 79 -1 21 30 37 54 -1 16 38 50 51 -1 -2
4 16 22 56 -1 27 38 48 98 -1 27 30 55 83 -1 6 22 74 79 -1 1 7 41 74 -1 2 14 31 61 -1 55 72 76 89 -1 -2
4 17 72 81 -1 -2
6 32 76 99 -1 25 43 66 79 -1 31 58 72 73 -1 4 15 22 50 -1 15 24 32 81 -1 36 54 73 95 -1 19 88 93 99 -1 10 37 38 78 -1 -2
4 28 46 74 -1 1 40 88 98 -1 10 23 38 64 -1 1 4 16 85 -1 27 92 94 98 -1 13 36 58 66 -1 36 42 47 67 -1 -2
31 71 76 96 -1 22 59 74 89 -1 23 37 82 87 -1 32 48 76 96 -1 27 75 79 93 -1 -2
80 89 92 96 -1 23 38 49 89 -1 7 29 67 92 -1 33 48 58 64 -1 7 69 85 94 -1 11 23 58 72 -1 8 30 74 75 -1 27 57 66 100 -1 -2
46 52 69 95 -1 23 34 47 63 -1 2 10 20 40 -1 4 65 77 87 -1 10 12 53 54 -1 -2
4 29 38 77 -1 62 71 77 83 -1 5 15 21 62 -1 12 49 71 91 -1 21 53 94 98 -1 21 43 61 65 -1 4 41 70 79 -1 24 38 88 98 -1 -2
11 47 83 90 -1 4 49 51 66 -1 45 68 69 86 -1 11 50 67 80 -1 1 18 33 51 -1 -2
55 74 83 98 -1 20 30 49 82 -1 -2
7 17 74 89 -1 23 24 31 99 -1 5 9 70 96 -1 -2
30 51 70 86 -1 16 21 37 54 -1 45 46 75 98 -1 6 70 77 88 -1 -2
17 29 31 35 -1 31 55 72 80 -1 53 82 85 91 -1 22 77 79 92 -1 29 36 49 57 -1 14 24 33 99 -1 40 71 80 83 -1 -2
8 18 19 20 -1 -2
6 20 38 83 -1 2 7 30 92 -1 18 43 57 84 -1 38 66 74 85 -1 5 64 74 84 -1 -2
19 66 73 76 -1 -2
21 38 39 45 -1 8 40 55 82 -1 13 21 56 87 -1 8 44 75 95 -1 16 23 64 99 -1 -2
38 72 79 84 -1 21 58 75 80 -1 19 22 62 85 -1 43 67 79 99 -1 -2
38 40 61 82 -1 5 68 97 98 -1 12 59 81 99 -1 14 24 49 74 -1 10 13 48 77 -1 6 26 44 58 -1 19 50 52 78 -1 -2
16 52 54 91 -1 1 4 13 64 -1 9 23 66 93 -1 21 50 72 98 -1 -2
26 66 82 87 -1 13 16 20 94 -1 13 31 61 86 -1 15 77 98 99 -1 14 49 58 72 -1 1 67 68 72 -1 39 41 44 80 -1 13 22 25 96 -1 -2
10 65 76 100 -1 11 53 65 66 -1 7 28 74 87 -1 -2
22 26 72 74 -1 20 61 73 78 -1 1 29 64 98 -1 2 25 60 94 -1 10 45 55 85 -1 23 67 72 81 -1 22 68 91 100 -1 -2
13 33 64 88 -1 -2
9 32 68 83 -1 5 26 28 94 -1 45 70 91 92 -1 -2
33 48 56 88 -1 21 30 69 79 -1 1 36 55 63 -1 48 59 90 97 -1 15 44 89 95 -1 1 14 79 92 -1 -2
16 38 79 89 -1 41 49 65 87 -1 6 32 38 52 -1 6 40 51 99 -1 9 17 32 70 -1 31 43 50 83 -1 48 57 65 100 -1 21 52 56 88 -1 -2
7 38 50 72 -1 34 49 54 86 -1 -2
52 54 60 80 -1 68 85 87 93 -1 -2
38 39 43 48 -1 18 44 74 82 -1 19 24 25 46 -1 20 29 61 66 -1 34 48 53 61 -1 -2
40 68 75 92 -1 18 26 27 72 -1 32 72 77 97 -1 27 61 65 72 -1 2 82 89 97 -1 4 13 46 54 -1 23 73 82 99 -1 -2
7 24 58 67 -1 7 44 73 78 -1 10 34 45 59 -1 42 70 73 80 -1 18 21 53 55 -1 38 58 71 99 -1 6 44 65 89 -1 35 44 87 98 -1 -2
19 26 55 63 -1 9 25 26 73 -1 13 25 26 41 -1 36 42 85 91 -1 2 7 18 58 -1 -2
17 44 57 92 -1 40 44 45 58 -1 2 3 8 22 -1 77 78 83 84 -1 25 45 60 66 -1 -2
28 66 81 92 -1 9 53 72 82 -1 11 52 60 62 -1 5 66 74 79 -1 5 42 46 56 -1 10 26 61 65 -1 26 44 57 74 -1 3 36 76 78 -1 -2
3 31 74 89 -1 -2
13 59 64 73 -1 44 58 89 97 -1 24 26 35 91 -1 15 51 69 82 -1 32 64 76 92 -1 9 47 71 85 -1 -2
6 18 20 52 -1 31 69 71 97 -1 52 56 57 81 -1 2 4 15 22 -1 -2
9 13 95 97 -1 31 74 84 91 -1 -2
6 14 79 99 -1 13 54 62 98 -1 5 27 68 90 -1 18 30 33 68 -1 8 14 48 85 -1 -2
15 17 23 97 -1 2 44 52 71 -1 3 5 38 91 -1 26 47 69 72 -1 26 49 53 80 -1 32 55 71 96 -1 35 40 50 78 -1 -2
15 29 74 97 -1 1 5 22 73 -1 5 6 34 71 -1 20 52 75 92 -1 30 60 92 99 -1 25 37 41 59 -1 -2
17 29 36 95 -1 30 34 72 80 -1 -2
30 57 67 84 -1 -2
6 16 28 46 -1 9 13 40 58 -1 23 70 86 91 -1 12 25 70 92 -1 9 45 61 96 -1 -2
7 22 85 93 -1 21 55 91 94 -1 23 50 52 76 -1 14 48 57 94 -1 -2
1 7 31 46 -1 -2
21 31 51 84 -1 19 40 44 89 -1 46 51 74 83 -1 36 37 69 81 -1 27 58 77 80 -1 4 31 49 93 -1 21 35 44 96 -1 -2
2 59 80 88 -1 -2
9 53 83 91 -1 30 57 64 67 -1 33 34 45 99 -1 19 53 77 85 -1 33 60 67 88 -1 14 30 75 98 -1 -2
20 52 53 63 -1 17 29 50 75 -1 -2
76 82 85 96 -1 -2
36 57 80 92 -1 38 55 61 72 -1 72 76 86 94 -1 29 37 70 95 -1 8 41 74 92 -1 57 64 83 90 -1 -2
4 28 36 100 -1 36 74 80 81 -1 20 30 48 52 -1 13 21 69 73 -1 7 21 35 87 -1 -2
19 27 69 100 -1 64 77 86 99 -1 56 78 90 92 -1 -2
23 41 69 81 -1 7 43 67 91 -1 -2
28 68 86 87 -1 33 43 73 95 -1 1 59 83 91 -1 17 68 79 80 -1 12 33 45 98 -1 -2
2 26 84 86 -1 2 42 68 71 -1 4 12 31 65 -1 -2
34 69 83 86 -1 10 19 35 66 -1 34 49 59 62 -1 3 29 30 44 -1 -2
13 70 78 86 -1 42 43 54 61 -1 18 36 55 97 -1 7 8 23 30 -1 28 54 77 88 -1 -2
6 20 63 80 -1 23 69 77 78 -1 5 62 67 68 -1 30 64 89 91 -1 6 8 10 43 -1 7 30 79 92 -1 30 35 62 97 -1 -2
32 62 68 93 -1 41 52 88 94 -1 -2
16 71 87 96 -1 -2
3 6 7 72 -1 32 62 81 100 -1 8 43 84 86 -1 51 71 89 98 -1 -2
15 19 36 37 -1 -2
27 62 66 82 -1 24 26 33 55 -1 4 55 70 78 -1 24 31 84 88 -1 5 72 73 92 -1 14 18 72 86 -1 -2
14 26 39 80 -1 31 43 44 53 -1 39 71 90 97 -1 47 58 59 81 -1 -2
31 51 66 93 -1 -2
69 74 76 81 -1 40 45 74 79 -1 6 18 92 98 -1 4 28 40 73 -1 1 28 82 91 -1 10 11 77 93 -1 5 22 55 79 -1 18 59 85 97 -1 -2
19 43 51 55 -1 58 82 89 90 -1 27 45 58 64 -1 10 66 96 97 -1 -2
14 41 42 95 -1 -2
43 62 68 70 -1 4 31 67 95 -1 -2
31 33 67 73 -1 7 47 51 57 -1 2 11 53 89 -1 1 36 48 70 -1 39 61 66 80 -1 -2
1 5 32 40 -1 62 64 70 75 -1 54 63 86 88 -1 -2
12 49 97 98 -1 13 30 54 80 -1 30 63 85 94 -1 -2
22 26 32 98 -1 51 53 64 90 -1 24 36 68 70 -1 -2
20 33 69 85 -1 -2
9 21 50 92 -1 22 24 80 82 -1 32 39 59 79 -1 23 34 42 58 -1 7 82 97 100 -1 -2
28 43 50 53 -1 27 51 53 68 -1 43 49 94 98 -1 24 26 81 88 -1 -2
43 47 72 87 -1 -2
13 21 30 56 -1 12 52 60 85 -1 3 14 18 77 -1 11 17 20 50 -1 -2
22 35 84 99 -1 -2
45 52 82 91 -1 39 41 44 55 -1 28 39 61 62 -1 15 55 87 92 -1 1 24 56 71 -1 -2
14 49 79 84 -1 -2
7 40 48 75 -1 4 63 89 99 -1 3 55 89 98 -1 -2
31 54 66 74 -1 24 28 54 85 -1 22 35 55 93 -1 13 27 30 73 -1 18 31 40 49 -1 20 29 31 74 -1 -2
13 33 58 64 -1 5 24 26 46 -1 37 45 52 66 -1 3 5 41 86 -1 -2
4 17 18 25 -1 -2
7 55 61 92 -1 34 35 83 90 -1 15 40 74 90 -1 14 49 84 94 -1 14 15 47 63 -1 25 26 61 82 -1 -2
20 70 84 87 -1 4 17 41 79 -1 26 43 77 98 -1 13 31 38 95 -1 1 22 69 86 -1 18 41 63 77 -1 -2
17 23 66 72 -1 26 33 68 85 -1 -2
32 38 62 81 -1 48 53 66 83 -1 18 50 66 94 -1 2 31 57 59 -1 -2
47 80 82 87 -1 35 43 83 89 -1 -2
49 50 51 95 -1 17 51 61 89 -1 23 35 45 61 -1 19 35 39 72 -1 -2
19 25 32 78 -1 20 54 79 81 -1 1 60 72 92 -1 27 34 36 53 -1 25 29 56 66 -1 17 39 75 82 -1 -2
3 35 38 49 -1 25 55 65 81 -1 64 89 92 95 -1 15 16 40 61 -1 7 25 35 67 -1 42 52 53 71 -1 7 45 66 77 -1 39 65 74 76 -1 -2
9 32 34 72 -1 4 42 84 98 -1 -2
4 9 13 87 -1 25 28 46 53 -1 11 27 63 66 -1 38 45 48 80 -1 4 6 60 100 -1 23 41 49 76 -1 13 15 22 72 -1 -2
21 23 54 59 -1 23 34 44 59 -1 63 72 75 96 -1 23 54 59 72 -1 48 73 90 99 -1 20 33 66 89 -1 -2
10 28 43 91 -1 7 17 86 88 -1 16 18 26 88 -1 26 72 87 88 -1 23 24 96 99 -1 12 62 67 98 -1 11 51 74 93 -1 4 14 23 49 -1 -2
43 62 79 93 -1 57 71 72 76 -1 8 68 79 82 -1 5 35 65 87 -1 -2
9 25 61 96 -1 59 73 80 95 -1 28 31 60 81 -1 -2
17 51 52 81 -1 2 7 15 80 -1 3 11 30 94 -1 -2
8 12 39 63 -1 37 58 71 76 -1 64 82 84 89 -1 70 72 75 88 -1 5 17 87 99 -1 -2
5 17 61 97 -1 1 64 84 97 -1 -2
9 10 25 73 -1 18 34 81 99 -1 20 33 41 49 -1 -2
11 44 73 99 -1 3 8 48 96 -1 17 29 94 98 -1 2 42 57 78 -1 7 19 27 33 -1 -2
27 48 59 74 -1 6 58 70 77 -1 41 50 71 93 -1 47 53 63 98 -1 39 52 59 66 -1 15 62 92 97 -1 18 26 61 80 -1 -2
36 40 53 67 -1 5 66 73 86 -1 1 5 42 91 -1 -2
14 45 66 82 -1 32 40 88 90 -1 8 11 12 83 -1 12 21 54 96 -1 25 26 36 98 -1 3 14 65 79 -1 45 54 62 81 -1 -2
26 33 64 71 -1 11 51 88 98 -1 17 23 29 70 -1 14 22 33 74 -1 2 20 23 64 -1 1 21 55 97 -1 5 35 79 96 -1 27 28 29 40 -1 -2
38 50 84 91 -1 13 54 68 96 -1 40 68 80 85 -1 10 17 58 92 -1 20 22 23 79 -1 19 61 76 96 -1 -2
6 13 19 36 -1 12 31 82 98 -1 31 43 81 86 -1 29 52 57 58 -1 1 73 75 85 -1 3 27 46 92 -1 -2
47 92 94 96 -1 2 40 85 92 -1 14 45 91 92 -1 26 73 77 99 -1 5 13 55 68 -1 36 55 86 95 -1 -2
21 31 32 59 -1 14 35 83 85 -1 16 55 60 63 -1 32 79 80 98 -1 -2
13 35 85 95 -1 13 18 21 73 -1 28 51 65 68 -1 -2
24 63 73 75 -1 51 69 89 98 -1 19 32 70 77 -1 16 33 57 81 -1 47 52 67 90 -1 22 28 31 99 -1 7 8 58 85 -1 2 67 94 100 -1 -2
2 34 86 88 -1 16 30 31 54 -1 3 4 8 55 -1 9 11 57 73 -1 20 31 49 97 -1 -2
4 23 26 78 -1 9 31 86 89 -1 1 24 61 81 -1 -2
10 20 29 72 -1 65 68 69 90 -1 36 54 86 92 -1 35 39 81 84 -1 16 31 77 87 -1 8 12 61 68 -1 -2
47 57 71 93 -1 12 30 64 73 -1 11 34 71 95 -1 17 33 36 52 -1 39 63 80 100 -1 31 60 72 100 -1 23 28 79 93 -1 19 43 75 78 -1 -2
1 24 84 88 -1 39 44 79 100 -1 23 25 48 60 -1 1 68 74 77 -1 2 9 34 80 -1 14 32 40 92 -1 2 51 59 89 -1 34 51 58 95 -1 -2
19 26 66 98 -1 2 4 39 46 -1 15 20 31 33 -1 36 46 49 76 -1 48 54 86 96 -1 36 46 63 85 -1 -2
10 18 69 96 -1 29 39 67 82 -1 1 43 57 69 -1 14 16 80 91 -1 33 41 47 79 -1 22 50 64 72 -1 -2
32 72 81 96 -1 2 58 92 95 -1 17 69 80 86 -1 26 67 87 90 -1 -2
8 19 43 100 -1 -2
22 23 26 57 -1 3 9 11 61 -1 13 35 54 97 -1 16 60 88 100 -1 -2
25 28 70 80 -1 19 30 59 97 -1 -2
10 81 82 92 -1 7 16 62 64 -1 18 67 92 94 -1 38 58 64 78 -1 8 54 62 88 -1 34 78 83 89 -1 7 12 71 74 -1 4 71 72 97 -1 -2
1 7 49 74 -1 2 80 87 88 -1 3 29 72 94 -1 34 42 66 78 -1 15 52 65 72 -1 21 47 56 94 -1 6 51 62 89 -1 4 17 21 23 -1 -2
8 69 73 97 -1 -2
30 36 72 77 -1 8 13 36 75 -1 -2
14 21 43 52 -1 36 66 87 96 -1 -2
14 31 47 63 -1 -2
26 59 67 91 -1 25 71 74 85 -1 14 18 43 61 -1 8 46 52 65 -1 12 58 60 100 -1 10 14 54 80 -1 -2
58 81 84 98 -1 34 39 45 75 -1 1 24 28 80 -1 25 33 53 96 -1 15 29 46 88 -1 28 52 58 82 -1 -2
39 42 79 94 -1 29 30 39 84 -1 -2
1 35 37 86 -1 -2
30 34 43 82 -1 16 29 41 92 -1 13 16 74 79 -1 -2
6 19 30 62 -1 23 50 67 79 -1 5 14 49 66 -1 19 22 43 65 -1 34 35 43 88 -1 3 56 59 77 -1 -2
2 27 31 53 -1 1 76 80 99 -1 -2
5 6 18 80 -1 27 35 36 53 -1 1 56 68 70 -1 -2
45 84 88 94 -1 20 67 70 75 -1 14 15 59 86 -1 2 18 56 80 -1 -2
33 44 65 72 -1 6 27 32 49 -1 19 71 98 100 -1 37 40 49 80 -1 1 28 49 52 -1 25 32 70 75 -1 35 45 52 62 -1 -2
23 60 68 84 -1 -2
37 50 70 81 -1 61 64 83 91 -1 -2
4 70 98 100 -1 9 40 90 92 -1 33 35 93 96 -1 -2
1 77 81 87 -1 1 21 57 79 -1 7 15 26 93 -1 13 69 74 82 -1 2 28 31 82 -1 13 45 51 64 -1 -2
28 53 92 93 -1 39 41 90 100 -1 -2
12 17 30 81 -1 24 54 57 100 -1 1 10 11 89 -1 17 42 43 74 -1 43 44 47 56 -1 -2
10 47 92 99 -1 4 59 67 82 -1 17 63 71 76 -1 20 22 29 49 -1 8 20 53 84 -1 -2
2 31 77 80 -1 40 52 69 91 -1 -2
38 64 96 99 -1 -2
31 52 67 89 -1 6 29 31 75 -1 2 10 17 89 -1 24 27 47 93 -1 14 29 34 42 -1 -2
3 25 38 87 -1 37 49 59 80 -1 33 55 78 99 -1 3 59 63 66 -1 3 28 68 95 -1 -2
1 37 55 92 -1 32 63 86 92 -1 8 10 24 56 -1 -2
28 70 84 85 -1 3 17 25 53 -1 -2
54 77 89 92 -1 8 18 20 29 -1 26 41 67 77 -1 -2
7 23 24 64 -1 14 18 61 97 -1 2 4 13 16 -1 13 24 45 76 -1 63 92 95 99 -1 41 48 62 86 -1 3 23 66 99 -1 -2
21 71 77 81 -1 16 17 33 50 -1 1 57 72 86 -1 -2
9 20 69 85 -1 20 64 70 85 -1 47 64 72 100 -1 5 69 76 94 -1 -2
54 57 60 95 -1 12 18 59 86 -1 51 53 91 92 -1 -2
11 46 48 96 -1 10 14 23 82 -1 -2
15 62 64 83 -1 8 29 97 100 -1 21 29 44 95 -1 16 18 19 67 -1 2 28 52 60 -1 42 61 69 94 -1 18 50 51 54 -1 1 4 46 97 -1 -2
25 26 45 59 -1 54 77 80 93 -1 60 64 71 85 -1 14 58 83 89 -1 -2
11 15 85 96 -1 33 38 61 80 -1 70 75 76 92 -1 13 18 52 80 -1 34 54 62 75 -1 25 60 61 87 -1 10 18 42 82 -1 -2
20 57 75 81 -1 3 5 30 86 -1 7 16 38 90 -1 3 25 28 46 -1 -2
14 33 86 91 -1 18 28 42 49 -1 2 26 79 90 -1 7 10 38 59 -1 64 65 75 100 -1 7 27 46 55 -1 5 25 78 79 -1 27 65 70 76 -1 -2
27 33 35 87 -1 2 84 87 94 -1 41 54 58 91 -1 13 24 49 62 -1 -2
7 37 39 85 -1 57 63 91 100 -1 15 28 81 83 -1 14 31 46 54 -1 12 18 73 75 -1 -2
26 58 66 86 -1 32 37 51 71 -1 83 85 94 100 -1 12 57 74 75 -1 11 40 56 91 -1 3 64 70 98 -1 32 33 78 81 -1 39 68 85 97 -1 -2
17 22 31 56 -1 16 25 69 95 -1 22 63 71 96 -1 4 31 40 86 -1 36 45 76 97 -1 23 25 50 82 -1 36 47 65 77 -1 -2
8 13 26 46 -1 -2
27 58 69 80 -1 4 47 62 64 -1 34 43 51 79 -1 15 82 83 93 -1 14 19 53 60 -1 13 33 57 89 -1 6 17 20 91 -1 18 47 71 94 -1 -2
16 25 41 92 -1 33 42 87 88 -1 -2
16 52 65 93 -1 2 33 63 82 -1 12 21 54 91 -1 20 27 47 92 -1 -2
57 60 63 74 -1 -2
47 70 72 92 -1 36 63 65 93 -1 2 37 58 71 -1 3 9 17 80 -1 24 44 77 78 -1 27 31 82 98 -1 -2
9 41 75 81 -1 42 50 68 83 -1 3 8 52 82 -1 26 47 73 75 -1 13 17 88 100 -1 8 30 62 87 -1 -2
31 62 74 85 -1 41 71 86 98 -1 3 17 60 67 -1 31 46 53 94 -1 9 42 61 84 -1 2 10 21 52 -1 10 13 22 55 -1 70 71 77 80 -1 -2
19 59 91 99 -1 38 42 44 92 -1 28 35 63 89 -1 -2
23 50 60 66 -1 30 31 67 89 -1 5 7 26 69 -1 -2
17 27 38 49 -1 25 33 47 51 -1 12 17 44 88 -1 -2
21 41 81 92 -1 10 18 70 99 -1 4 10 76 80 -1 -2
8 32 59 89 -1 6 37 65 81 -1 8 30 60 86 -1 29 31 61 93 -1 14 35 66 99 -1 29 46 56 88 -1 5 31 34 92 -1 8 31 33 34 -1 -2
28 40 46 78 -1 7 46 67 98 -1 60 61 63 96 -1 37 45 58 76 -1 14 15 44 45 -1 5 19 41 68 -1 33 74 81 98 -1 -2
48 51 80 98 -1 27 34 58 83 -1 31 35 49 65 -1 -2
17 56 62 84 -1 12 42 54 95 -1 26 28 69 70 -1 56 83 84 93 -1 39 45 83 86 -1 -2
55 66 67 81 -1 18 37 50 76 -1 15 16 51 86 -1 10 49 61 77 -1 47 51 69 93 -1 28 46 59 76 -1 -2
55 65 68 83 -1 44 57 66 74 -1 23 55 78 97 -1 7 32 34 79 -1 11 44 48 57 -1 42 53 57 82 -1 73 75 96 100 -1 -2
39 40 82 89 -1 28 45 77 94 -1 3 7 30 63 -1 17 43 46 88 -1 -2
24 43 51 92 -1 9 37 47 55 -1 36 94 95 96 -1 24 50 55 72 -1 26 41 47 67 -1 1 8 28 53 -1 14 63 74 100 -1 1 20 55 85 -1 -2
16 54 79 90 -1 35 69 72 99 -1 37 45 47 61 -1 15 25 77 92 -1 36 47 55 79 -1 -2
19 40 51 53 -1 25 30 31 69 -1 37 42 50 72 -1 3 7 8 57 -1 2 53 71 79 -1 29 49 57 74 -1 -2
25 32 42 75 -1 20 57 66 93 -1 -2
40 58 83 90 -1 -2
9 61 65 99 -1 3 93 98 99 -1 -2
26 27 45 52 -1 -2
18 48 77 92 -1 1 17 22 91 -1 13 31 53 69 -1 -2
53 61 77 98 -1 32 49 65 91 -1 53 75 81 93 -1 -2
1 30 39 74 -1 4 35 49 89 -1 -2
15 36 40 78 -1 11 53 89 93 -1 10 39 57 91 -1 24 43 45 89 -1 43 58 68 95 -1 15 44 65 98 -1 17 26 37 82 -1 65 68 76 85 -1 -2
19 24 61 88 -1 -2
1 54 87 89 -1 12 18 25 78 -1 -2
29 46 49 100 -1 17 24 78 80 -1 1 14 89 99 -1 18 34 96 99 -1 7 17 26 82 -1 1 76 89 94 -1 -2
21 43 51 98 -1 17 28 55 58 -1 6 8 62 84 -1 3 34 73 81 -1 -2
53 87 91 96 -1 68 76 84 97 -1 1 18 22 99 -1 24 44 50 100 -1 -2
6 7 40 93 -1 9 14 85 93 -1 -2
19 44 51 79 -1 7 18 76 83 -1 22 26 36 37 -1 4 27 50 58 -1 23 45 54 89 -1 22 31 88 100 -1 43 46 53 88 -1 40 59 78 98 -1 -2
41 52 65 89 -1 33 47 50 80 -1 15 26 47 71 -1 -2
16 62 85 100 -1 2 31 36 45 -1 25 33 41 80 -1 -2
44 53 81 86 -1 2 64 69 94 -1 -2
8 22 49 57 -1 6 15 17 82 -1 2 19 33 62 -1 1 51 57 92 -1 31 36 62 79 -1 -2
43 50 62 72 -1 6 41 96 97 -1 7 11 39 53 -1 52 56 77 86 -1 17 31 47 73 -1 -2
8 19 48 76 -1 21 43 47 84 -1 1 26 52 67 -1 35 58 71 87 -1 -2
26 27 36 41 -1 8 24 25 43 -1 22 35 41 70 -1 29 71 75 82 -1 4 19 45 50 -1 9 63 76 78 -1 35 60 89 99 -1 -2
35 43 82 96 -1 15 60 90 91 -1 -2
23 32 71 90 -1 24 43 48 60 -1 -2
13 27 28 87 -1 1 18 51 92 -1 23 44 77 78 -1 21 67 82 84 -1 17 28 30 71 -1 -2
6 32 53 79 -1 60 71 93 100 -1 17 25 79 88 -1 3 18 85 93 -1 13 31 64 74 -1 1 29 35 46 -1 61 62 74 99 -1 -2
24 31 69 77 -1 -2
46 62 86 90 -1 3 25 27 57 -1 39 45 57 67 -1 23 40 48 55 -1 34 67 75 97 -1 2 5 19 50 -1 13 36 38 77 -1 33 48 89 97 -1 -2
10 14 87 93 -1 -2
49 61 63 72 -1 41 46 81 97 -1 37 86 95 97 -1 5 42 50 85 -1 8 22 26 33 -1 11 33 55 88 -1 16 33 35 63 -1 16 24 41 49 -1 -2
41 51 76 84 -1 45 52 82 92 -1 9 29 51 75 -1 -2
48 62 67 94 -1 11 24 59 91 -1 5 12 14 16 -1 3 21 60 68 -1 21 22 25 26 -1 26 61 70 79 -1 4 68 84 92 -1 29 56 59 74 -1 -2
10 21 54 70 -1 -2
28 29 81 83 -1 44 50 57 95 -1 -2
16 22 26 61 -1 27 32 59 89 -1 58 60 79 84 -1 8 20 37 55 -1 34 58 70 92 -1 10 39 40 91 -1 -2
13 41 64 89 -1 38 39 43 52 -1 1 9 27 56 -1 5 83 93 99 -1 2 29 44 74 -1 39 50 86 87 -1 33 68 87 96 -1 5 10 28 76 -1 -2
20 52 74 95 -1 6 21 42 91 -1 6 14 24 69 -1 11 58 75 90 -1 -2
5 10 70 81 -1 14 27 30 66 -1 -2
9 48 60 95 -1 19 35 42 54 -1 35 53 85 88 -1 2 39 83 85 -1 35 43 53 93 -1 4 28 42 66 -1 11 78 79 84 -1 -2
6 26 43 56 -1 1 26 77 99 -1 10 22 33 41 -1 11 33 71 90 -1 20 38 83 86 -1 13 35 54 57 -1 -2
2 18 42 73 -1 13 30 48 68 -1 14 57 60 72 -1 -2
55 60 80 89 -1 28 84 86 97 -1 8 11 74 78 -1 13 16 60 77 -1 12 35 41 68 -1 26 41 46 71 -1 -2
10 21 41 70 -1 2 16 72 85 -1 37 50 65 69 -1 -2
7 40 93 97 -1 3 24 57 94 -1 6 49 64 89 -1 6 40 66 89 -1 7 26 39 44 -1 -2
30 50 81 97 -1 11 22 42 74 -1 40 42 55 58 -1 41 49 51 88 -1 6 10 78 84 -1 19 21 43 75 -1 15 91 92 95 -1 53 74 90 96 -1 -2
23 59 61 93 -1 20 76 88 94 -1 12 18 25 62 -1 -2
24 41 44 61 -1 11 49 56 72 -1 48 69 85 86 -1 -2
5 36 43 62 -1 21 26 42 98 -1 -2
1 3 46 80 -1 -2
14 40 43 65 -1 48 59 70 94 -1 29 49 69 85 -1 -2
14 27 54 57 -1 31 85 91 96 -1 -2
20 35 60 94 -1 16 57 63 87 -1 10 12 44 59 -1 2 33 71 73 -1 9 34 38 94 -1 7 19 25 44 -1 4 47 66 81 -1 -2
4 36 59 76 -1 7 8 45 56 -1 10 20 43 81 -1 24 40 75 93 -1 17 61 85 86 -1 12 38 69 71 -1 3 48 56 73 -1 -2
9 20 52 60 -1 12 60 75 97 -1 49 58 72 73 -1 9 38 56 86 -1 15 19 63 76 -1 -2
14 51 88 98 -1 48 65 66 85 -1 3 43 52 68 -1 -2
32 52 83 90 -1 11 34 63 79 -1 36 41 73 80 -1 -2
5 45 88 90 -1 29 62 75 77 -1 32 54 64 88 -1 9 69 82 85 -1 8 43 71 86 -1 18 52 72 97 -1 13 18 53 63 -1 1 23 36 78 -1 -2
4 35 40 46 -1 -2
7 52 54 59 -1 29 35 57 80 -1 2 4 8 31 -1 -2
16 40 64 76 -1 17 30 36 99 -1 29 49 51 59 -1 16 26 39 98 -1 12 52 55 75 -1 32 37 60 95 -1 -2
38 57 84 88 -1 18 24 41 57 -1 15 29 42 61 -1 12 26 80 91 -1 18 27 78 97 -1 31 42 76 81 -1 -2
4 55 80 82 -1 37 79 88 92 -1 23 38 52 91 -1 28 53 63 96 -1 22 40 91 95 -1 -2
14 26 57 95 -1 18 66 73 91 -1 41 64 70 86 -1 -2
2 9 68 77 -1 32 34 41 80 -1 3 12 22 40 -1 -2
21 23 55 58 -1 33 50 73 96 -1 8 30 38 46 -1 35 51 56 86 -1 7 8 20 58 -1 17 40 52 82 -1 13 35 40 84 -1 30 35 39 46 -1 -2
40 60 76 100 -1 8 20 29 43 -1 25 28 62 90 -1 45 54 72 82 -1 -2
3 6 76 86 -1 18 61 96 99 -1 1 30 50 72 -1 8 72 73 88 -1 1 15 64 72 -1 -2
33 34 38 61 -1 12 16 45 100 -1 3 87 93 99 -1 16 43 82 88 -1 19 38 50 52 -1 -2
31 69 79 81 -1 -2
47 59 85 98 -1 13 66 74 84 -1 58 70 82 99 -1 13 42 65 70 -1 -2
4 25 85 89 -1 10 23 88 93 -1 -2
4 21 68 95 -1 7 47 51 91 -1 38 46 68 74 -1 15 27 66 69 -1 5 20 25 81 -1 -2
57 85 92 99 -1 4 46 48 85 -1 7 8 20 64 -1 36 40 42 72 -1 11 51 90 97 -1 23 30 46 67 -1 7 41 69 74 -1 -2
6 16 45 80 -1 22 34 48 68 -1 8 20 60 68 -1 34 45 59 93 -1 7 16 26 33 -1 16 64 85 93 -1 2 31 35 79 -1 27 53 72 91 -1 -2
9 17 62 83 -1 32 50 69 76 -1 16 76 87 96 -1 19 23 31 38 -1 32 39 60 64 -1 40 43 59 84 -1 5 36 80 92 -1 -2
5 33 49 67 -1 2 33 82 91 -1 17 78 91 100 -1 17 90 91 92 -1 31 46 78 100 -1 17 31 32 37 -1 4 14 16 20 -1 7 26 32 40 -1 -2
39 55 61 90 -1 17 21 32 90 -1 48 55 70 92 -1 21 39 70 91 -1 11 25 63 100 -1 21 31 64 89 -1 46 54 64 91 -1 -2
32 37 42 82 -1 5 35 51 100 -1 14 23 54 93 -1 8 60 78 84 -1 3 66 86 98 -1 23 83 85 93 -1 -2
31 56 64 99 -1 27 49 61 73 -1 22 23 57 93 -1 39 54 63 89 -1 24 43 59 77 -1 3 43 62 69 -1 10 77 80 88 -1 -2
3 45 76 88 -1 14 27 57 67 -1 2 33 50 65 -1 3 8 38 79 -1 15 25 69 82 -1 -2
6 27 29 34 -1 5 28 89 99 -1 2 60 67 81 -1 44 50 55 91 -1 -2
19 56 71 83 -1 1 39 69 95 -1 33 37 39 69 -1 9 16 73 87 -1 14 33 46 61 -1 11 40 44 88 -1 18 47 61 89 -1 22 28 59 98 -1 -2
22 44 61 65 -1 24 29 44 50 -1 32 37 87 93 -1 -2
11 22 28 80 -1 33 85 90 92 -1 15 61 76 78 -1 -2
17 60 65 76 -1 -2
37 61 70 86 -1 14 24 41 54 -1 25 34 82 92 -1 14 48 61 66 -1 13 57 67 77 -1 5 10 17 81 -1 -2
2 13 45 96 -1 5 21 82 95 -1 42 44 83 91 -1 36 57 86 88 -1 6 32 41 62 -1 13 31 33 53 -1 12 48 49 75 -1 26 57 62 63 -1 -2
1 5 23 40 -1 -2
14 37 62 72 -1 3 36 56 89 -1 41 47 58 67 -1 27 43 87 91 -1 19 37 51 57 -1 16 19 21 54 -1 58 77 83 98 -1 -2
6 51 69 76 -1 46 48 55 87 -1 66 67 80 86 -1 19 37 67 75 -1 31 52 61 69 -1 -2
13 56 62 100 -1 11 49 74 87 -1 4 6 49 82 -1 13 94 96 97 -1 -2
3 36 64 86 -1 -2
24 48 60 67 -1 34 52 57 81 -1 45 66 74 84 -1 35 41 56 68 -1 8 11 38 94 -1 -2
9 64 69 87 -1 -2
39 54 80 93 -1 20 70 75 86 -1 7 32 57 73 -1 34 47 58 65 -1 29 38 62 96 -1 36 62 86 91 -1 15 39 53 90 -1 15 44 79 95 -1 -2
47 58 78 86 -1 8 31 58 76 -1 19 30 95 98 -1 4 6 26 61 -1 2 22 42 90 -1 13 18 80 89 -1 5 22 60 78 -1 25 32 50 55 -1 -2
11 25 37 80 -1 20 24 40 87 -1 -2
8 28 50 75 -1 22 35 90 100 -1 17 20 75 95 -1 1 6 22 36 -1 -2
46 53 79 100 -1 11 36 80 82 -1 37 42 70 85 -1 42 52 64 86 -1 18 53 56 93 -1 7 27 69 73 -1 -2
35 45 55 70 -1 7 21 54 72 -1 26 65 75 83 -1 3 30 74 98 -1 2 20 75 78 -1 27 34 54 94 -1 -2
13 23 25 32 -1 3 5 68 74 -1 20 29 78 92 -1 18 44 54 60 -1 35 45 73 94 -1 15 37 73 100 -1 40 45 79 84 -1 23 26 35 87 -1 -2
9 74 86 93 -1 30 58 87 92 -1 8 19 59 77 -1 21 47 80 85 -1 -2
9 11 34 52 -1 87 91 99 100 -1 34 65 68 80 -1 28 37 66 71 -1 10 30 63 79 -1 1 16 17 90 -1 -2
3 14 38 52 -1 26 32 44 72 -1 18 27 36 96 -1 30 48 49 73 -1 18 65 73 82 -1 -2
48 65 69 78 -1 48 51 62 85 -1 9 37 39 63 -1 37 43 52 61 -1 61 62 77 82 -1 26 58 64 65 -1 -2
41 66 84 100 -1 39 51 71 91 -1 7 32 38 49 -1 -2
27 31 42 81 -1 44 50 58 65 -1 31 45 76 100 -1 -2
30 62 66 78 -1 5 18 77 96 -1 7 18 22 72 -1 33 58 76 91 -1 30 32 66 96 -1 -2
9 15 80 82 -1 6 52 70 93 -1 7 20 39 79 -1 20 34 44 45 -1 32 75 82 96 -1 1 14 41 79 -1 7 35 53 83 -1 13 20 30 89 -1 -2
3 11 35 65 -1 1 43 66 94 -1 37 38 61 86 -1 2 23 64 91 -1 32 77 79 88 -1 10 16 20 29 -1 -2
33 36 59 67 -1 -2
39 43 44 62 -1 -2
28 30 74 82 -1 23 41 51 96 -1 24 29 68 91 -1 1 27 45 74 -1 14 42 64 89 -1 1 17 19 27 -1 -2
30 64 92 96 -1 13 23 38 69 -1 18 20 43 100 -1 47 54 66 72 -1 -2
3 11 82 87 -1 38 60 72 96 -1 -2
9 19 29 93 -1 -2
13 43 59 99 -1 20 41 62 76 -1 9 83 90 99 -1 8 37 84 88 -1 13 51 64 79 -1 -2
6 19 57 96 -1 3 6 34 66 -1 34 39 52 62 -1 12 43 71 72 -1 14 31 56 66 -1 -2
13 67 69 84 -1 6 17 49 74 -1 10 74 89 93 -1 68 69 87 89 -1 7 29 99 100 -1 8 31 56 99 -1 24 47 53 74 -1 -2
19 56 79 86 -1 28 45 73 75 -1 -2
22 80 88 95 -1 4 68 74 84 -1 65 84 92 96 -1 8 14 30 90 -1 -2
63 70 84 87 -1 3 29 62 87 -1 1 13 50 83 -1 21 40 58 69 -1 27 62 63 77 -1 1 7 18 97 -1 -2
7 16 83 99 -1 9 14 15 26 -1 5 27 35 68 -1 9 47 89 100 -1 9 47 48 53 -1 8 41 52 68 -1 -2
3 7 56 72 -1 6 24 39 90 -1 31 51 72 81 -1 34 55 68 95 -1 33 46 86 94 -1 27 53 65 85 -1 21 39 42 88 -1 20 46 47 80 -1 -2
60 66 75 95 -1 34 61 65 88 -1 4 16 62 89 -1 15 50 65 80 -1 10 45 52 86 -1 -2
42 47 53 80 -1 1 30 40 54 -1 5 43 48 70 -1 37 51 52 97 -1 16 32 34 91 -1 -2
5 29 82 94 -1 13 21 51 89 -1 12 73 81 89 -1 4 64 68 75 -1 -2
44 57 75 100 -1 2 44 50 100 -1 22 34 91 94 -1 31 32 81 91 -1 -2
26 31 46 76 -1 32 66 80 97 -1 18 22 35 64 -1 6 8 22 56 -1 1 10 23 89 -1 -2
45 65 72 87 -1 20 46 76 78 -1 16 61 67 98 -1 51 55 66 69 -1 -2
8 56 87 91 -1 27 81 83 97 -1 18 25 37 77 -1 41 60 87 92 -1 31 35 60 69 -1 12 34 41 48 -1 -2
3 24 25 95 -1 46 67 80 85 -1 33 62 67 80 -1 64 70 86 91 -1 21 37 61 88 -1 35 38 60 88 -1 17 55 60 85 -1 12 19 61 99 -1 -2
42 45 51 91 -1 10 28 41 79 -1 34 72 86 99 -1 5 31 32 61 -1 30 44 70 86 -1 51 67 85 93 -1 -2
59 68 75 84 -1 42 46 51 92 -1 16 61 73 75 -1 -2
3 64 83 87 -1 6 33 46 89 -1 14 29 66 97 -1 6 26 41 54 -1 2 31 52 93 -1 -2
1 4 17 47 -1 7 32 71 78 -1 26 42 43 66 -1 -2
18 27 33 48 -1 2 45 47 90 -1 10 33 58 97 -1 9 52 61 64 -1 27 29 61 70 -1 60 84 89 90 -1 28 35 55 60 -1 -2
22 71 72 81 -1 11 70 76 86 -1 -2
45 58 75 86 -1 5 41 42 45 -1 5 10 44 57 -1 4 40 48 91 -1 12 39 58 91 -1 12 30 52 61 -1 9 39 69 74 -1 -2
46 57 65 97 -1 8 43 71 100 -1 14 19 27 46 -1 25 63 71 92 -1 16 26 41 64 -1 -2
24 31 35 88 -1 13 29 52 92 -1 56 57 68 99 -1 -2
6 7 42 54 -1 21 36 86 89 -1 44 69 70 78 -1 1 22 57 64 -1 12 33 78 87 -1 6 46 69 83 -1 -2
7 29 47 90 -1 2 10 21 96 -1 19 27 36 58 -1 10 24 62 75 -1 22 51 53 82 -1 44 45 49 90 -1 6 67 76 97 -1 28 51 63 64 -1 -2
16 34 40 55 -1 13 59 87 97 -1 33 41 48 64 -1 -2
5 10 84 86 -1 25 28 36 44 -1 28 38 43 64 -1 6 39 85 94 -1 14 20 32 68 -1 32 48 76 87 -1 -2
4 7 13 39 -1 7 38 72 95 -1 -2
3 8 34 59 -1 18 75 79 98 -1 28 77 92 99 -1 -2
8 19 20 79 -1 64 74 92 94 -1 13 39 56 75 -1 33 37 81 84 -1 2 60 64 84 -1 16 46 63 64 -1 28 65 69 72 -1 11 35 41 93 -1 -2
8 39 64 83 -1 38 56 65 71 -1 11 58 92 94 -1 6 29 42 97 -1 17 26 28 37 -1 25 28 47 97 -1 30 90 95 98 -1 8 34 68 76 -1 -2
18 78 79 94 -1 4 21 44 78 -1 28 83 85 98 -1 55 56 86 88 -1 17 46 53 96 -1 -2
2 36 86 89 -1 28 36 50 78 -1 13 48 69 75 -1 15 30 35 66 -1 30 38 66 91 -1 10 30 54 59 -1 3 41 46 80 -1 23 40 92 96 -1 -2
12 19 36 38 -1 2 28 60 82 -1 6 10 34 96 -1 -2
7 14 41 85 -1 -2
9 27 66 86 -1 7 46 47 61 -1 15 40 41 82 -1 11 50 59 83 -1 1 20 85 97 -1 -2
26 72 76 90 -1 8 36 38 66 -1 7 41 50 97 -1 17 41 62 88 -1 4 51 63 71 -1 8 31 35 60 -1 11 14 18 27 -1 8 12 93 98 -1 -2
26 58 67 76 -1 -2
1 20 54 76 -1 2 11 57 61 -1 22 37 67 85 -1 -2
9 56 80 88 -1 42 85 86 91 -1 33 56 69 70 -1 54 72 74 98 -1 -2
31 37 41 63 -1 7 12 43 64 -1 3 11 21 42 -1 25 43 44 77 -1 8 26 43 91 -1 6 9 23 75 -1 25 60 65 92 -1 14 67 85 97 -1 -2
23 39 48 67 -1 2 23 73 96 -1 -2
2 11 73 80 -1 7 32 48 76 -1 44 65 68 88 -1 56 70 84 97 -1 1 17 70 99 -1 -2
9 45 61 90 -1 7 19 30 40 -1 7 55 57 66 -1 47 57 66 69 -1 32 61 72 80 -1 16 20 32 59 -1 16 20 31 40 -1 4 71 72 99 -1 -2
16 34 51 98 -1 14 53 81 82 -1 45 65 66 93 -1 11 35 58 70 -1 21 41 60 96 -1 -2
2 52 54 61 -1 10 18 33 85 -1 1 5 9 57 -1 10 23 49 60 -1 41 46 73 86 -1 3 4 33 50 -1 -2
30 38 62 87 -1 19 36 64 97 -1 48 51 61 96 -1 27 39 60 78 -1 1 55 57 66 -1 13 23 75 80 -1 5 14 58 61 -1 53 80 97 100 -1 -2
1 23 38 88 -1 1 8 72 90 -1 20 21 30 35 -1 32 42 44 70 -1 21 57 62 85 -1 11 20 23 35 -1 31 68 76 92 -1 9 73 74 88 -1 -2
5 10 18 84 -1 7 44 59 87 -1 7 18 69 81 -1 3 16 62 68 -1 -2
15 27 34 78 -1 -2
17 48 69 86 -1 5 25 26 55 -1 20 62 77 97 -1 7 44 51 92 -1 72 83 88 93 -1 8 19 25 93 -1 34 36 64 93 -1 16 19 66 100 -1 -2
10 65 67 88 -1 15 39 64 86 -1 4 6 35 60 -1 60 64 77 87 -1 13 40 49 77 -1 6 24 25 68 -1 42 56 59 76 -1 -2
7 68 76 92 -1 9 47 50 56 -1 37 39 66 99 -1 -2
25 67 80 96 -1 49 88 90 99 -1 -2
30 76 77 89 -1 9 74 94 98 -1 13 69 86 87 -1 21 22 43 96 -1 5 36 78 81 -1 10 73 82 97 -1 28 42 49 100 -1 -2
17 57 59 72 -1 5 17 20 86 -1 8 28 43 85 -1 2 12 49 88 -1 4 9 27 83 -1 45 47 84 91 -1 6 35 61 75 -1 2 19 45 70 -1 -2
36 40 52 80 -1 16 40 54 77 -1 25 27 30 84 -1 6 16 38 65 -1 2 10 78 95 -1 -2
25 31 54 86 -1 32 43 54 92 -1 20 81 90 92 -1 20 34 72 74 -1 30 40 43 92 -1 11 23 55 79 -1 37 47 50 97 -1 13 33 92 95 -1 -2
20 33 90 94 -1 -2
19 54 67 96 -1 12 45 87 99 -1 27 31 48 96 -1 22 47 56 82 -1 7 71 85 99 -1 18 32 40 82 -1 -2
41 46 75 88 -1 12 14 54 65 -1 -2
35 56 86 97 -1 14 32 52 61 -1 33 45 72 100 -1 38 53 59 80 -1 7 8 64 93 -1 31 43 45 100 -1 5 7 65 84 -1 -2
14 38 53 73 -1 27 35 62 92 -1 20 49 66 71 -1 16 46 48 89 -1 7 19 40 80 -1 9 72 78 92 -1 -2
6 14 17 45 -1 8 29 44 68 -1 5 19 77 85 -1 57 78 83 89 -1 -2
7 38 46 62 -1 5 18 57 99 -1 1 43 56 70 -1 28 29 80 100 -1 41 58 89 90 -1 -2
1 19 45 71 -1 12 49 67 90 -1 39 76 88 98 -1 -2
30 49 60 88 -1 -2
10 26 28 87 -1 25 36 44 78 -1 39 41 45 55 -1 18 49 63 68 -1 22 43 44 70 -1 40 52 69 90 -1 6 24 70 97 -1 31 33 48 77 -1 -2
45 58 84 91 -1 18 45 66 67 -1 1 34 70 90 -1 64 68 83 100 -1 46 47 65 75 -1 6 34 42 68 -1 15 24 29 83 -1 29 35 57 93 -1 -2
1 11 32 99 -1 14 34 72 76 -1 15 17 49 87 -1 13 40 45 73 -1 -2
5 49 63 71 -1 15 41 81 93 -1 -2
16 17 84 97 -1 14 45 48 79 -1 16 19 50 91 -1 2 3 14 98 -1 25 28 32 96 -1 1 4 27 42 -1 17 27 51 93 -1 -2
25 63 72 90 -1 8 43 53 73 -1 61 65 71 98 -1 27 83 96 99 -1 28 36 68 69 -1 -2
11 65 66 67 -1 4 54 78 99 -1 14 19 78 90 -1 -2
20 46 73 98 -1 3 10 17 51 -1 12 36 79 80 -1 16 33 38 86 -1 6 43 52 74 -1 12 51 74 75 -1 21 82 89 92 -1 -2
4 30 71 88 -1 30 68 84 96 -1 -2
11 19 26 93 -1 2 9 68 71 -1 6 32 64 88 -1 18 59 68 89 -1 -2
37 44 72 86 -1 84 88 95 100 -1 25 32 50 98 -1 12 19 21 48 -1 19 22 79 84 -1 -2
29 43 51 53 -1 76 91 93 100 -1 49 56 65 69 -1 19 66 68 94 -1 1 44 71 79 -1 3 43 58 75 -1 51 54 58 99 -1 -2
19 31 32 92 -1 54 89 91 96 -1 11 30 41 76 -1 7 25 30 69 -1 48 58 78 95 -1 25 34 42 67 -1 -2
33 51 80 85 -1 20 48 80 85 -1 27 72 90 100 -1 48 56 68 83 -1 2 25 63 89 -1 10 28 66 90 -1 -2
24 32 50 84 -1 -2
23 57 75 97 -1 53 69 89 96 -1 27 69 77 83 -1 40 68 69 91 -1 -2
27 38 61 76 -1 1 10 48 58 -1 6 46 87 96 -1 22 41 44 95 -1 -2
11 27 60 69 -1 -2
38 90 92 96 -1 1 11 30 90 -1 26 49 81 94 -1 3 7 55 84 -1 22 43 98 99 -1 -2
7 20 53 61 -1 62 84 95 98 -1 -2
4 41 66 71 -1 13 28 47 66 -1 23 31 50 71 -1 -2
23 57 76 90 -1 43 50 61 91 -1 3 38 47 80 -1 1 62 82 94 -1 34 35 54 82 -1 20 25 28 46 -1 -2
16 38 49 89 -1 7 63 65 99 -1 33 53 67 73 -1 11 31 54 86 -1 18 24 91 95 -1 -2
5 18 25 92 -1 24 58 69 79 -1 53 83 85 100 -1 -2
15 74 79 83 -1 23 36 48 68 -1 32 37 51 98 -1 49 57 69 97 -1 2 40 41 64 -1 16 27 45 100 -1 35 49 50 96 -1 35 42 64 70 -1 -2
29 62 66 70 -1 20 22 31 60 -1 24 26 47 53 -1 13 21 54 70 -1 -2
27 49 58 85 -1 51 64 70 91 -1 3 12 50 67 -1 -2
53 66 83 91 -1 10 45 48 90 -1 13 37 68 72 -1 10 49 56 92 -1 24 65 95 99 -1 20 58 87 96 -1 5 35 44 67 -1 42 47 63 81 -1 -2
7 64 79 89 -1 2 11 41 59 -1 -2
1 53 54 97 -1 11 27 31 79 -1 -2
73 79 88 94 -1 -2
10 23 68 89 -1 10 25 82 90 -1 38 69 80 89 -1 16 19 30 83 -1 21 38 77 84 -1 42 73 79 96 -1 21 42 57 89 -1 31 45 51 74 -1 -2
54 56 74 85 -1 3 20 43 77 -1 32 62 84 91 -1 -2
14 61 70 90 -1 28 44 53 87 -1 38 40 45 81 -1 42 50 61 81 -1 53 83 97 98 -1 -2
34 84 90 92 -1 27 51 74 78 -1 -2
28 45 53 56 -1 47 52 92 93 -1 28 76 80 96 -1 25 55 60 81 -1 10 15 27 43 -1 31 45 59 63 -1 30 32 48 89 -1 11 17 21 96 -1 -2
17 27 83 96 -1 4 7 12 35 -1 34 38 93 96 -1 -2
26 52 69 80 -1 10 19 26 30 -1 -2
14 76 79 85 -1 16 27 63 73 -1 31 72 73 90 -1 37 47 77 91 -1 -2
11 23 52 87 -1 18 50 68 91 -1 15 28 35 78 -1 14 72 73 84 -1 77 80 97 98 -1 -2
12 19 58 100 -1 23 28 47 52 -1 13 17 59 81 -1 7 15 34 99 -1 27 28 55 95 -1 64 65 78 89 -1 -2
42 50 59 65 -1 37 54 86 93 -1 24 25 52 70 -1 43 52 69 89 -1 1 26 28 46 -1 6 31 40 50 -1 -2
12 29 34 60 -1 30 31 33 91 -1 6 47 48 97 -1 13 61 63 81 -1 14 51 63 99 -1 -2
21 49 81 94 -1 31 53 87 89 -1 13 44 68 90 -1 5 17 73 99 -1 35 64 93 100 -1 4 42 63 84 -1 9 15 55 84 -1 -2
31 35 38 45 -1 -2
6 48 66 72 -1 1 14 49 84 -1 3 45 66 75 -1 26 56 93 98 -1 23 37 56 88 -1 10 42 63 97 -1 39 53 77 89 -1 -2
59 62 94 100 -1 12 35 78 87 -1 -2
14 17 28 88 -1 5 48 49 53 -1 25 63 93 99 -1 15 56 65 86 -1 42 63 69 98 -1 9 42 51 74 -1 32 37 63 81 -1 5 20 28 90 -1 -2
18 21 50 91 -1 8 23 84 86 -1 64 79 93 97 -1 1 81 86 89 -1 -2
3 46 68 100 -1 22 24 52 55 -1 1 45 77 85 -1 26 47 75 82 -1 2 48 56 64 -1 -2
1 38 50 86 -1 9 27 53 82 -1 4 19 59 83 -1 48 64 70 99 -1 4 34 64 96 -1 -2
17 34 64 90 -1 6 29 75 82 -1 -2
37 55 81 94 -1 23 43 44 71 -1 35 53 67 71 -1 21 29 63 73 -1 26 54 85 94 -1 16 44 49 98 -1 3 22 63 90 -1 -2
32 34 60 73 -1 6 17 38 51 -1 4 7 47 52 -1 47 75 81 88 -1 46 48 54 88 -1 20 50 58 74 -1 3 15 23 56 -1 29 37 42 61 -1 -2
33 80 81 85 -1 14 53 80 82 -1 8 37 43 93 -1 18 30 57 84 -1 24 52 55 66 -1 3 21 80 93 -1 34 44 84 94 -1 29 86 92 96 -1 -2
4 26 64 65 -1 18 33 54 88 -1 58 67 92 96 -1 45 55 72 95 -1 21 63 87 97 -1 -2
21 50 55 96 -1 19 23 50 88 -1 23 62 94 95 -1 51 79 91 97 -1 -2
1 5 11 50 -1 40 49 52 59 -1 51 75 80 91 -1 25 35 60 96 -1 44 55 74 100 -1 21 49 89 91 -1 14 59 71 93 -1 -2
37 61 79 91 -1 13 31 41 97 -1 27 37 77 91 -1 29 49 66 97 -1 20 36 78 84 -1 13 26 61 84 -1 2 14 37 81 -1 6 35 50 94 -1 -2
5 40 58 78 -1 38 39 64 83 -1 2 40 54 79 -1 25 27 68 98 -1 15 47 50 71 -1 -2
34 48 71 78 -1 6 11 43 63 -1 3 50 80 100 -1 59 86 94 98 -1 1 60 64 87 -1 7 14 40 66 -1 11 58 64 72 -1 -2
24 37 38 77 -1 10 18 63 81 -1 2 19 30 72 -1 24 75 89 97 -1 19 41 76 84 -1 16 54 77 98 -1 -2
13 56 69 96 -1 -2
40 63 71 75 -1 36 42 60 97 -1 -2
29 37 40 43 -1 -2
33 35 56 95 -1 1 24 54 76 -1 11 20 46 72 -1 60 77 95 98 -1 22 66 90 99 -1 -2
23 32 34 35 -1 25 30 31 86 -1 22 58 65 84 -1 33 82 92 95 -1 2 74 76 88 -1 7 16 23 51 -1 29 36 41 53 -1 40 67 71 98 -1 -2
9 20 54 86 -1 -2
6 16 83 94 -1 -2
5 57 67 99 -1 27 45 84 86 -1 26 30 44 59 -1 17 62 92 94 -1 32 34 46 74 -1 -2
11 46 79 96 -1 13 43 49 61 -1 34 53 62 84 -1 25 67 76 86 -1 11 14 15 22 -1 -2
12 65 67 76 -1 34 60 74 89 -1 46 47 69 96 -1 10 77 79 91 -1 10 24 31 59 -1 15 45 47 75 -1 1 37 38 51 -1 -2
12 18 24 99 -1 3 50 53 74 -1 7 48 77 97 -1 29 40 42 48 -1 19 57 86 89 -1 22 41 52 68 -1 -2
16 49 62 93 -1 3 72 82 93 -1 4 13 55 79 -1 21 35 40 66 -1 5 19 35 51 -1 17 33 60 85 -1 -2
24 25 68 94 -1 18 55 78 81 -1 -2
60 74 81 96 -1 47 50 59 62 -1 14 24 31 37 -1 14 22 45 86 -1 9 17 21 42 -1 14 39 58 96 -1 33 35 88 100 -1 36 49 91 95 -1 -2
23 28 35 48 -1 23 57 64 77 -1 8 13 70 78 -1 -2
21 39 82 98 -1 -2
10 45 49 91 -1 13 56 90 97 -1 17 21 27 93 -1 8 31 52 99 -1 27 55 74 81 -1 19 38 65 100 -1 -2
59 70 79 98 -1 37 63 88 97 -1 5 21 22 68 -1 3 54 56 82 -1 1 2 8 71 -1 17 23 75 96 -1 70 75 77 79 -1 -2
12 21 58 90 -1 7 51 66 69 -1 38 40 64 73 -1 23 29 45 76 -1 7 23 47 48 -1 11 46 62 96 -1 -2
22 43 64 73 -1 39 52 87 99 -1 11 40 58 89 -1 51 58 70 80 -1 34 65 95 96 -1 -2
34 45 61 70 -1 -2
20 51 81 84 -1 29 73 87 97 -1 8 31 61 74 -1 16 39 74 95 -1 14 26 87 100 -1 -2
13 18 56 66 -1 12 56 61 83 -1 1 6 29 85 -1 5 8 32 95 -1 21 33 40 44 -1 -2
18 61 83 95 -1 28 74 75 83 -1 26 57 78 88 -1 -2
70 75 87 93 -1 16 29 69 87 -1 22 33 98 100 -1 34 57 87 88 -1 15 20 28 63 -1 16 24 56 88 -1 15 57 69 74 -1 -2
17 23 27 46 -1 37 40 45 77 -1 29 30 36 97 -1 1 37 42 93 -1 23 36 42 56 -1 12 37 93 100 -1 -2
43 58 75 90 -1 41 52 53 62 -1 12 15 20 48 -1 19 34 46 85 -1 59 77 85 95 -1 2 58 63 98 -1 -2
15 28 64 68 -1 17 32 63 88 -1 9 40 71 92 -1 -2
50 60 62 90 -1 22 25 59 99 -1 17 37 73 84 -1 3 36 68 82 -1 8 38 52 59 -1 31 43 68 95 -1 15 84 87 93 -1 12 26 30 57 -1 -2
38 55 71 86 -1 4 5 27 69 -1 -2
4 23 66 99 -1 1 29 67 82 -1 2 18 48 80 -1 39 41 62 68 -1 31 66 69 70 -1 -2
17 24 33 68 -1 -2
25 36 40 94 -1 -2
13 24 26 65 -1 18 45 65 93 -1 13 32 48 75 -1 36 52 55 80 -1 14 44 52 69 -1 1 16 48 65 -1 -2
14 18 19 80 -1 5 24 60 77 -1 24 37 40 43 -1 18 22 65 83 -1 27 61 63 68 -1 5 40 54 63 -1 14 30 63 85 -1 -2
10 39 43 89 -1 14 68 94 95 -1 31 52 66 76 -1 3 31 43 67 -1 7 8 50 93 -1 3 4 37 41 -1 34 41 61 91 -1 -2
25 44 57 99 -1 13 19 38 72 -1 -2
31 37 47 60 -1 41 59 91 97 -1 19 63 66 93 -1 87 91 94 98 -1 26 32 62 91 -1 32 36 77 87 -1 16 56 85 99 -1 6 9 36 97 -1 -2
21 43 74 77 -1 23 44 67 80 -1 23 61 95 97 -1 4 32 46 66 -1 -2
11 12 30 37 -1 10 51 70 98 -1 10 11 75 92 -1 1 12 33 62 -1 14 37 62 100 -1 -2
21 37 44 89 -1 60 67 82 87 -1 19 44 56 65 -1 25 47 65 81 -1 5 31 68 95 -1 -2
12 26 95 100 -1 8 21 40 44 -1 -2
16 22 28 44 -1 7 82 94 99 -1 10 54 77 90 -1 -2
15 25 34 59 -1 6 7 81 82 -1 6 9 33 83 -1 22 36 37 81 -1 -2
7 10 17 89 -1 38 45 49 88 -1 6 19 23 91 -1 5 16 38 67 -1 8 37 45 61 -1 36 69 72 92 -1 -2
55 90 95 99 -1 51 62 80 84 -1 20 21 26 53 -1 28 45 64 72 -1 1 75 98 99 -1 -2
10 24 66 88 -1 7 11 48 80 -1 38 40 63 67 -1 35 67 71 81 -1 -2
66 69 84 97 -1 23 47 72 85 -1 9 53 59 89 -1 43 44 61 84 -1 31 40 60 64 -1 15 39 79 86 -1 47 65 82 83 -1 28 31 60 66 -1 -2
1 24 56 74 -1 10 29 37 95 -1 55 61 80 88 -1 6 10 18 29 -1 -2
33 43 51 83 -1 1 65 79 100 -1 35 58 59 88 -1 29 40 80 95 -1 32 39 75 86 -1 25 29 32 69 -1 13 14 24 73 -1 -2
15 33 42 49 -1 25 28 76 97 -1 19 27 43 60 -1 -2
2 49 79 98 -1 28 35 39 73 -1 6 10 31 33 -1 13 36 87 89 -1 -2
27 32 53 94 -1 12 16 43 65 -1 51 55 82 91 -1 33 52 55 77 -1 6 7 88 94 -1 9 14 60 81 -1 15 20 52 85 -1 -2
28 57 59 76 -1 25 34 45 60 -1 38 66 93 94 -1 34 40 52 73 -1 -2
7 67 84 98 -1 4 16 55 76 -1 8 55 75 96 -1 4 31 37 76 -1 28 34 47 92 -1 -2
17 35 43 82 -1 8 49 56 78 -1 -2
20 23 81 100 -1 -2
4 58 60 67 -1 16 29 40 87 -1 22 31 93 94 -1 -2
13 22 45 65 -1 1 72 99 100 -1 4 7 24 59 -1 11 14 47 58 -1 -2
59 67 84 91 -1 8 21 51 96 -1 61 72 79 85 -1 27 46 63 90 -1 -2
11 14 33 85 -1 15 52 57 84 -1 5 63 76 89 -1 -2
1 5 58 92 -1 42 65 90 95 -1 4 13 42 55 -1 3 30 35 36 -1 35 41 72 93 -1 6 55 64 97 -1 -2
76 79 88 98 -1 5 28 45 87 -1 -2
22 30 40 74 -1 21 41 57 60 -1 -2
19 35 58 87 -1 28 31 65 81 -1 52 72 89 100 -1 29 30 44 98 -1 -2
2 26 63 89 -1 37 56 65 66 -1 44 60 69 78 -1 20 22 49 84 -1 28 67 71 76 -1 1 4 67 93 -1 3 18 24 63 -1 -2
20 61 72 97 -1 2 38 47 61 -1 13 23 94 100 -1 3 4 57 75 -1 -2
17 18 58 94 -1 -2
47 86 92 98 -1 7 17 19 71 -1 25 74 75 79 -1 3 8 40 48 -1 7 16 48 55 -1 2 46 49 64 -1 -2
17 39 55 72 -1 2 40 75 87 -1 48 81 89 90 -1 28 56 57 97 -1 3 13 45 56 -1 -2
14 54 74 95 -1 -2
16 38 60 92 -1 -2
7 18 38 45 -1 -2
29 43 53 75 -1 6 17 23 79 -1 8 12 67 69 -1 40 41 62 95 -1 32 71 77 78 -1 9 32 41 71 -1 36 41 50 58 -1 -2
37 48 69 92 -1 43 64 81 93 -1 -2
43 47 64 69 -1 -2
39 58 65 91 -1 48 51 59 99 -1 2 11 48 88 -1 22 44 57 94 -1 24 38 43 50 -1 -2
32 68 80 89 -1 16 39 40 62 -1 6 14 49 66 -1 24 63 81 99 -1 9 19 64 86 -1 3 15 30 100 -1 -2
9 46 79 99 -1 5 18 48 99 -1 38 44 50 98 -1 14 24 69 80 -1 -2
9 58 61 82 -1 36 54 60 82 -1 -2
28 30 94 99 -1 -2
27 30 43 97 -1 30 88 92 94 -1 17 26 48 68 -1 3 47 69 88 -1 6 9 21 74 -1 -2
14 47 57 65 -1 6 7 58 95 -1 57 80 88 91 -1 11 53 72 100 -1 13 24 49 100 -1 6 16 18 23 -1 5 29 54 73 -1 72 78 79 99 -1 -2
16 41 78 93 -1 3 32 68 94 -1 13 38 54 87 -1 8 14 70 84 -1 9 16 65 92 -1 11 15 19 84 -1 5 18 60 99 -1 -2
10 13 94 95 -1 5 33 55 89 -1 26 57 61 93 -1 -2
28 29 46 72 -1 38 65 66 78 -1 -2
15 39 45 97 -1 52 53 82 86 -1 26 27 55 68 -1 21 41 73 100 -1 4 6 44 78 -1 -2
2 19 70 75 -1 7 19 31 81 -1 4 42 58 99 -1 -2
3 38 53 78 -1 10 17 97 100 -1 5 81 86 96 -1 5 8 75 88 -1 47 63 84 85 -1 44 60 91 99 -1 5 27 45 63 -1 1 16 24 92 -1 -2
3 12 56 74 -1 12 15 18 41 -1 27 32 80 85 -1 11 15 79 92 -1 25 60 71 96 -1 21 66 70 79 -1 29 69 91 100 -1 9 34 35 59 -1 -2
12 23 95 97 -1 29 47 50 60 -1 42 55 74 82 -1 1 11 22 62 -1 -2
8 62 74 77 -1 30 43 44 97 -1 24 47 53 71 -1 10 49 65 80 -1 13 23 57 62 -1 34 41 73 74 -1 7 25 34 69 -1 -2
4 28 63 87 -1 8 26 30 57 -1 33 58 69 95 -1 20 38 50 89 -1 53 78 79 100 -1 3 41 90 95 -1 43 46 75 87 -1 11 38 45 69 -1 -2
13 65 77 99 -1 64 70 85 98 -1 31 35 56 80 -1 20 27 45 82 -1 21 32 34 46 -1 -2
22 23 89 96 -1 2 21 47 72 -1 4 10 44 84 -1 11 53 86 93 -1 2 12 15 52 -1 3 14 71 78 -1 -2
9 13 19 93 -1 9 33 50 99 -1 33 42 67 70 -1 11 63 64 95 -1 33 34 50 64 -1 6 59 88 90 -1 16 69 74 81 -1 5 12 27 86 -1 -2
18 51 95 96 -1 7 17 27 82 -1 26 31 91 96 -1 30 62 75 100 -1 1 6 13 71 -1 9 32 45 70 -1 11 36 57 77 -1 -2
12 29 57 90 -1 16 63 83 97 -1 10 17 40 72 -1 -2
19 73 82 91 -1 7 16 28 48 -1 -2
24 83 87 89 -1 15 57 80 83 -1 43 50 86 96 -1 23 58 73 100 -1 -2
46 66 79 86 -1 21 25 49 90 -1 10 41 56 75 -1 -2
31 37 42 56 -1 25 36 55 91 -1 55 67 84 93 -1 18 27 33 99 -1 24 44 51 70 -1 -2
9 43 55 80 -1 16 65 82 84 -1 37 43 82 89 -1 -2
8 14 16 96 -1 10 31 64 77 -1 3 27 67 99 -1 16 27 37 87 -1 13 23 45 56 -1 50 71 77 98 -1 3 34 39 87 -1 -2
66 72 73 84 -1 -2
4 43 65 77 -1 22 51 53 89 -1 28 54 82 89 -1 15 39 59 87 -1 14 23 29 83 -1 22 36 47 64 -1 -2
4 30 37 98 -1 2 10 46 58 -1 29 35 48 53 -1 31 43 55 85 -1 10 32 58 83 -1 11 29 43 83 -1 14 36 88 97 -1 12 31 64 66 -1 -2
32 49 53 74 -1 18 36 49 87 -1 17 34 50 70 -1 14 40 59 64 -1 23 38 64 66 -1 9 28 76 78 -1 -2
37 67 90 100 -1 11 38 75 82 -1 13 21 51 81 -1 49 56 93 100 -1 -2
13 19 53 73 -1 53 64 88 98 -1 1 12 31 69 -1 -2
21 30 81 92 -1 8 43 50 76 -1 43 86 88 93 -1 8 20 71 92 -1 8 45 58 83 -1 11 14 29 38 -1 18 47 63 86 -1 30 59 70 95 -1 -2
23 35 73 81 -1 29 54 92 99 -1 8 38 78 79 -1 15 61 78 90 -1 3 39 53 90 -1 15 29 91 92 -1 75 78 87 94 -1 -2
6 11 54 63 -1 5 8 11 18 -1 17 33 67 87 -1 20 49 71 72 -1 3 37 85 100 -1 -2
8 71 77 85 -1 17 39 45 49 -1 14 17 23 54 -1 22 39 53 82 -1 3 24 42 95 -1 6 36 90 93 -1 7 59 65 67 -1 9 43 80 87 -1 -2
8 19 40 43 -1 7 38 72 99 -1 53 57 81 99 -1 22 45 55 63 -1 5 7 48 53 -1 6 30 72 93 -1 6 23 33 69 -1 -2
1 7 19 49 -1 6 12 26 77 -1 1 5 23 35 -1 5 10 54 84 -1 55 74 86 96 -1 45 49 55 87 -1 -2
3 43 62 66 -1 44 45 62 70 -1 3 22 95 100 -1 -2
5 25 39 80 -1 41 66 83 91 -1 43 51 56 80 -1 -2
3 13 15 55 -1 20 28 37 48 -1 16 21 45 84 -1 17 66 93 94 -1 16 40 56 97 -1 6 18 40 51 -1 3 45 62 88 -1 8 29 31 42 -1 -2
15 68 72 82 -1 26 29 66 88 -1 16 39 80 81 -1 -2
21 35 50 74 -1 34 44 57 91 -1 9 30 36 44 -1 22 29 42 80 -1 27 39 52 80 -1 -2
10 29 31 76 -1 16 38 76 80 -1 -2
17 64 68 80 -1 -2
36 59 92 93 -1 29 69 83 97 -1 28 31 43 68 -1 11 38 63 71 -1 7 50 55 66 -1 7 23 59 75 -1 18 80 89 94 -1 -2
45 46 59 85 -1 12 31 55 67 -1 18 53 88 96 -1 4 77 80 89 -1 24 48 56 77 -1 14 19 63 67 -1 5 24 47 99 -1 2 15 65 66 -1 -2
24 30 75 76 -1 3 13 43 85 -1 10 44 54 88 -1 6 20 27 90 -1 15 42 54 57 -1 7 18 54 90 -1 33 47 70 100 -1 9 16 26 77 -1 -2
7 8 10 94 -1 75 77 79 85 -1 -2
31 49 50 85 -1 5 7 21 64 -1 32 49 52 98 -1 16 24 57 59 -1 14 22 31 91 -1 30 40 78 82 -1 -2
3 13 43 71 -1 7 46 55 75 -1 10 25 45 78 -1 -2
19 33 61 90 -1 40 58 81 99 -1 16 55 67 74 -1 -2
27 43 51 93 -1 28 40 58 75 -1 27 45 52 95 -1 39 41 80 89 -1 27 31 41 61 -1 -2
17 21 33 94 -1 24 74 87 90 -1 2 32 41 55 -1 23 25 44 95 -1 -2
4 45 52 64 -1 11 31 84 97 -1 13 22 53 89 -1 5 56 57 70 -1 -2
5 23 67 94 -1 48 51 82 95 -1 37 38 39 100 -1 18 20 35 65 -1 15 47 84 100 -1 -2
11 55 78 79 -1 13 77 84 91 -1 4 25 44 95 -1 28 51 80 98 -1 -2
21 30 76 89 -1 29 45 60 79 -1 -2
29 38 52 59 -1 8 38 48 66 -1 13 59 71 73 -1 8 14 20 93 -1 -2
63 71 86 100 -1 61 67 94 95 -1 36 48 56 72 -1 17 57 66 100 -1 19 47 75 95 -1 56 62 72 79 -1 10 19 21 49 -1 31 39 44 56 -1 -2
3 27 36 63 -1 -2
2 49 65 67 -1 8 10 15 66 -1 2 22 58 63 -1 7 42 75 79 -1 23 79 93 94 -1 -2
14 21 48 83 -1 24 52 59 61 -1 -2
5 6 52 79 -1 4 25 65 95 -1 9 17 65 87 -1 22 51 94 97 -1 -2
1 5 41 79 -1 15 26 65 74 -1 -2
26 60 69 89 -1 3 27 68 72 -1 8 16 70 72 -1 -2
6 37 75 100 -1 15 21 71 73 -1 22 27 93 99 -1 25 39 51 58 -1 39 47 86 89 -1 2 22 28 100 -1 23 27 40 88 -1 -2
6 38 46 97 -1 74 86 94 99 -1 6 43 48 76 -1 3 33 92 96 -1 15 21 51 84 -1 16 36 44 78 -1 -2
8 69 73 81 -1 20 30 63 81 -1 47 53 64 79 -1 20 66 77 88 -1 2 42 49 66 -1 7 42 57 75 -1 10 12 62 93 -1 -2
9 58 61 97 -1 19 59 68 100 -1 27 38 40 75 -1 37 61 73 86 -1 21 46 47 88 -1 -2
4 33 41 79 -1 9 10 25 87 -1 20 46 63 66 -1 19 29 35 37 -1 5 25 32 38 -1 20 55 66 97 -1 -2
56 67 88 100 -1 2 31 78 81 -1 12 51 55 59 -1 64 84 90 95 -1 41 66 78 82 -1 16 23 27 99 -1 12 36 42 68 -1 -2
23 37 58 66 -1 35 48 62 80 -1 31 48 65 88 -1 38 74 93 98 -1 15 17 29 66 -1 -2
23 37 66 76 -1 12 14 52 91 -1 19 60 73 90 -1 9 21 84 98 -1 7 12 16 44 -1 -2
9 58 95 98 -1 -2
12 13 27 96 -1 30 36 82 87 -1 3 42 84 97 -1 4 28 63 99 -1 3 6 27 93 -1 44 63 89 92 -1 28 73 82 85 -1 -2
2 5 34 99 -1 42 45 55 56 -1 7 49 69 99 -1 16 35 46 73 -1 15 35 44 51 -1 30 31 66 84 -1 -2
20 36 69 73 -1 27 32 42 46 -1 16 53 65 75 -1 -2
14 37 53 71 -1 26 34 73 85 -1 34 42 73 100 -1 -2
23 43 80 86 -1 6 36 42 67 -1 41 76 82 88 -1 8 36 38 39 -1 47 67 81 96 -1 13 35 42 86 -1 -2
4 24 76 96 -1 8 29 34 60 -1 30 52 65 89 -1 17 23 30 68 -1 15 33 71 82 -1 1 69 75 83 -1 5 53 84 100 -1 9 48 62 90 -1 -2
37 63 78 93 -1 29 31 76 99 -1 -2
3 28 68 93 -1 26 75 85 96 -1 47 82 83 93 -1 57 83 87 100 -1 22 24 39 70 -1 9 40 83 97 -1 -2
19 28 54 86 -1 29 76 80 98 -1 1 10 37 78 -1 23 33 90 96 -1 -2
30 63 91 93 -1 10 23 66 77 -1 -2
21 32 94 95 -1 4 9 23 51 -1 22 42 43 69 -1 17 41 47 89 -1 32 65 69 79 -1 1 38 59 70 -1 5 17 69 92 -1 23 52 94 97 -1 -2
1 16 21 52 -1 18 40 61 95 -1 -2
39 60 65 71 -1 9 56 84 86 -1 26 36 52 99 -1 26 27 48 80 -1 -2
22 24 71 89 -1 33 34 41 49 -1 7 43 62 74 -1 38 72 74 88 -1 2 3 44 86 -1 30 51 66 78 -1 -2
13 73 90 100 -1 6 62 74 87 -1 25 28 60 82 -1 -2
28 58 74 97 -1 14 41 42 77 -1 4 27 36 55 -1 9 11 64 66 -1 11 26 52 54 -1 46 49 52 79 -1 1 17 44 57 -1 11 25 69 97 -1 -2
42 54 95 99 -1 -2
3 12 16 34 -1 21 26 29 69 -1 22 44 57 88 -1 41 59 88 91 -1 7 36 41 53 -1 21 60 89 92 -1 12 48 58 63 -1 -2
22 30 32 83 -1 -2
16 27 32 49 -1 10 75 87 99 -1 27 32 63 70 -1 2 25 57 59 -1 8 30 59 86 -1 39 53 62 79 -1 13 18 57 100 -1 19 37 75 97 -1 -2
27 28 64 89 -1 15 45 67 74 -1 32 38 47 50 -1 19 76 80 88 -1 7 36 72 97 -1 13 93 94 98 -1 19 32 71 99 -1 13 47 57 94 -1 -2
38 54 83 86 -1 28 34 73 90 -1 10 65 84 92 -1 10 20 72 86 -1 30 64 73 90 -1 36 49 82 90 -1 21 23 38 83 -1 -2
1 25 26 79 -1 3 79 86 93 -1 25 40 53 61 -1 17 21 71 75 -1 13 32 41 61 -1 27 47 52 88 -1 11 16 32 94 -1 45 59 66 76 -1 -2
33 80 89 99 -1 16 72 93 100 -1 56 69 74 99 -1 -2
49 85 89 95 -1 35 38 56 92 -1 45 68 82 89 -1 12 22 44 57 -1 3 32 64 95 -1 -2
13 47 58 97 -1 4 45 63 88 -1 13 33 90 98 -1 4 33 37 66 -1 3 12 22 91 -1 2 13 34 87 -1 15 65 71 73 -1 4 14 61 82 -1 -2
12 22 30 70 -1 26 34 55 88 -1 1 7 78 84 -1 21 32 40 56 -1 -2
11 14 67 73 -1 -2
30 53 75 94 -1 43 65 83 86 -1 6 14 43 68 -1 2 7 20 89 -1 -2
33 78 80 91 -1 -2
79 81 89 95 -1 3 45 64 69 -1 11 12 28 29 -1 -2
29 72 93 97 -1 52 59 75 80 -1 13 18 41 68 -1 4 56 67 85 -1 52 70 71 94 -1 47 60 67 85 -1 17 73 75 86 -1 20 31 57 66 -1 -2
13 38 49 70 -1 46 67 85 91 -1 9 21 56 88 -1 6 17 38 47 -1 35 53 58 64 -1 61 62 66 81 -1 14 29 36 95 -1 7 65 81 84 -1 -2
24 33 34 35 -1 10 51 73 76 -1 8 10 17 95 -1 -2
26 61 69 91 -1 36 69 81 92 -1 5 16 49 51 -1 44 73 74 86 -1 4 26 33 93 -1 64 72 74 86 -1 -2
29 42 70 93 -1 13 73 77 84 -1 48 69 72 93 -1 12 23 64 81 -1 23 27 51 87 -1 -2
18 21 57 99 -1 7 22 32 73 -1 12 16 27 87 -1 23 30 44 95 -1 -2
83 84 89 97 -1 29 38 82 98 -1 8 21 66 83 -1 42 49 55 69 -1 3 15 82 98 -1 8 85 91 94 -1 43 56 73 95 -1 -2
23 24 25 33 -1 20 21 66 90 -1 -2
4 26 37 84 -1 5 70 71 80 -1 -2
6 17 37 45 -1 2 64 70 93 -1 2 19 39 45 -1 1 11 40 42 -1 1 3 42 53 -1 -2
3 34 77 94 -1 12 20 53 65 -1 25 57 86 87 -1 21 72 74 98 -1 -2
4 12 42 99 -1 58 61 91 97 -1 22 27 53 73 -1 10 42 53 66 -1 19 31 54 95 -1 -2
13 54 58 99 -1 12 29 71 94 -1 6 42 47 97 -1 3 16 27 87 -1 12 38 54 87 -1 12 27 34 46 -1 10 16 80 81 -1 5 67 74 95 -1 -2
27 34 59 60 -1 81 85 96 99 -1 77 87 97 99 -1 -2
49 64 70 73 -1 9 28 63 64 -1 9 59 82 90 -1 6 51 66 84 -1 8 33 56 82 -1 12 22 32 59 -1 26 48 52 78 -1 -2
19 50 65 66 -1 27 28 81 89 -1 39 63 75 83 -1 6 11 46 96 -1 5 39 52 70 -1 25 62 70 71 -1 33 56 60 71 -1 -2
9 14 20 74 -1 30 35 72 97 -1 20 28 30 80 -1 18 53 62 86 -1 21 22 63 73 -1 13 34 66 96 -1 -2
4 6 17 100 -1 55 61 75 99 -1 34 35 54 96 -1 4 45 73 90 -1 -2
6 44 55 96 -1 13 26 48 71 -1 29 60 61 99 -1 4 31 72 88 -1 2 14 79 85 -1 -2
18 35 55 76 -1 10 34 36 48 -1 39 45 57 82 -1 25 27 37 58 -1 54 56 58 70 -1 -2
20 31 33 57 -1 2 15 28 64 -1 20 36 77 79 -1 -2
12 50 70 93 -1 35 40 64 67 -1 52 67 87 93 -1 45 78 86 87 -1 35 51 71 86 -1 5 11 39 50 -1 -2
6 24 31 42 -1 18 21 43 100 -1 41 42 43 96 -1 39 42 66 83 -1 9 45 81 99 -1 -2
31 47 50 71 -1 3 19 52 73 -1 30 52 73 84 -1 49 68 92 95 -1 -2
36 44 47 48 -1 37 58 74 93 -1 31 33 57 62 -1 11 69 76 100 -1 -2
21 40 43 75 -1 2 14 31 32 -1 40 46 47 81 -1 1 37 60 76 -1 1 3 82 93 -1 -2
12 15 20 74 -1 -2
2 17 39 78 -1 8 31 61 78 -1 30 35 71 78 -1 -2
23 47 50 76 -1 4 29 34 52 -1 -2
14 67 73 91 -1 8 15 17 84 -1 1 11 28 51 -1 42 55 68 70 -1 14 37 74 78 -1 7 48 96 98 -1 43 65 81 88 -1 -2
47 58 60 80 -1 13 18 19 95 -1 23 28 31 47 -1 -2
29 78 79 94 -1 -2
10 30 51 76 -1 7 52 76 96 -1 16 22 65 95 -1 -2
16 23 57 69 -1 25 62 65 73 -1 -2
30 40 55 99 -1 30 47 71 96 -1 21 66 75 92 -1 -2
3 4 32 67 -1 34 42 45 50 -1 26 74 75 79 -1 24 71 86 91 -1 27 60 66 87 -1 -2
12 15 26 76 -1 15 31 73 92 -1 48 54 61 87 -1 18 29 76 89 -1 51 60 69 98 -1 18 33 78 87 -1 34 66 80 91 -1 3 33 39 97 -1 -2
14 15 71 90 -1 8 41 50 72 -1 5 50 74 85 -1 3 12 38 67 -1 5 16 37 92 -1 3 9 94 97 -1 15 66 95 98 -1 17 32 51 97 -1 -2
33 42 68 76 -1 -2
29 36 52 82 -1 31 38 62 98 -1 5 62 70 97 -1 -2
33 62 87 95 -1 32 50 59 93 -1 3 29 47 75 -1 -2
8 22 76 95 -1 72 79 84 87 -1 1 10 14 16 -1 66 80 89 94 -1 21 37 61 87 -1 31 48 52 97 -1 7 27 29 33 -1 4 53 78 95 -1 -2
1 9 54 59 -1 -2
8 59 66 73 -1 11 17 43 89 -1 7 16 67 96 -1 -2
15 25 79 96 -1 27 30 35 49 -1 17 73 90 94 -1 -2
27 41 85 100 -1 39 41 56 80 -1 1 78 98 99 -1 10 19 28 87 -1 -2
21 43 54 85 -1 26 63 81 91 -1 27 35 81 95 -1 23 41 73 93 -1 -2
1 10 69 72 -1 34 39 72 97 -1 40 44 75 92 -1 24 31 41 90 -1 -2
29 44 77 92 -1 -2
18 28 82 85 -1 10 19 59 68 -1 28 38 77 82 -1 2 9 38 48 -1 11 31 51 74 -1 -2
30 53 59 71 -1 8 36 52 79 -1 10 18 33 76 -1 56 58 95 98 -1 -2
10 36 41 81 -1 18 45 77 86 -1 2 65 75 77 -1 11 77 96 100 -1 20 44 54 63 -1 30 42 53 75 -1 -2
1 24 49 85 -1 1 46 71 86 -1 33 40 69 91 -1 -2
6 48 79 92 -1 1 6 57 64 -1 3 9 14 24 -1 -2
13 58 66 87 -1 10 66 99 100 -1 19 20 30 89 -1 29 53 54 74 -1 17 25 34 93 -1 22 32 59 67 -1 8 53 66 86 -1 12 17 55 81 -1 -2
13 19 75 97 -1 4 24 56 60 -1 -2
6 17 40 94 -1 2 59 96 98 -1 12 23 61 80 -1 35 73 75 85 -1 1 13 61 87 -1 4 53 60 98 -1 -2
28 43 50 88 -1 -2
11 40 44 72 -1 49 56 81 89 -1 5 13 81 99 -1 19 35 39 98 -1 4 8 72 75 -1 -2
46 64 70 83 -1 14 20 89 90 -1 6 33 36 83 -1 22 35 72 89 -1 -2
31 32 39 99 -1 5 54 85 89 -1 61 68 73 98 -1 7 38 47 49 -1 -2
3 26 31 49 -1 21 25 38 68 -1 14 17 32 75 -1 2 23 77 80 -1 20 47 70 97 -1 44 55 89 91 -1 -2
43 67 87 96 -1 24 37 57 81 -1 6 45 87 90 -1 8 17 36 83 -1 67 70 72 82 -1 31 37 47 80 -1 11 26 57 74 -1 -2
33 69 73 96 -1 20 25 44 92 -1 9 37 72 84 -1 2 9 41 95 -1 12 18 42 63 -1 23 24 35 97 -1 30 43 71 76 -1 52 68 77 96 -1 -2
30 77 95 100 -1 40 54 86 98 -1 5 31 62 80 -1 51 82 85 99 -1 22 24 30 69 -1 -2
6 10 78 94 -1 -2
11 51 75 93 -1 13 20 30 52 -1 55 56 79 94 -1 40 43 68 99 -1 -2
23 29 64 92 -1 16 46 74 90 -1 17 31 63 97 -1 41 64 76 96 -1 -2
9 14 34 72 -1 10 38 75 88 -1 15 66 78 88 -1 24 42 44 58 -1 -2
3 6 43 53 -1 -2
8 39 51 64 -1 31 32 94 97 -1 13 46 68 92 -1 10 22 71 83 -1 -2
22 49 53 86 -1 20 49 56 94 -1 48 54 56 61 -1 -2
36 39 77 86 -1 6 8 82 85 -1 4 39 53 72 -1 -2
32 54 75 82 -1 15 60 88 99 -1 -2
4 36 64 88 -1 13 54 61 88 -1 4 14 32 77 -1 5 32 37 86 -1 27 29 64 94 -1 31 37 43 85 -1 -2
34 58 59 71 -1 13 18 23 96 -1 7 17 23 89 -1 8 29 80 89 -1 46 71 95 99 -1 -2
9 15 60 61 -1 -2
20 65 79 92 -1 14 32 79 92 -1 2 26 67 73 -1 39 56 60 85 -1 15 47 78 94 -1 16 47 89 99 -1 11 28 37 83 -1 4 28 71 98 -1 -2
13 53 60 96 -1 15 21 87 96 -1 22 27 28 98 -1 19 26 60 99 -1 43 66 74 79 -1 1 57 67 82 -1 12 37 63 77 -1 -2
13 45 59 65 -1 22 82 93 100 -1 49 51 81 97 -1 34 56 62 67 -1 12 16 28 69 -1 1 11 22 74 -1 4 5 56 93 -1 18 39 74 83 -1 -2
12 25 54 75 -1 7 70 76 100 -1 5 58 75 84 -1 44 74 83 91 -1 -2
8 20 25 38 -1 33 35 48 93 -1 1 35 40 57 -1 1 9 64 85 -1 40 54 59 75 -1 9 34 80 90 -1 9 25 76 95 -1 -2
8 9 37 50 -1 -2
7 68 70 80 -1 63 74 79 90 -1 22 54 66 71 -1 2 4 12 63 -1 9 16 46 57 -1 -2
19 22 52 79 -1 6 18 25 73 -1 3 41 80 86 -1 7 10 35 54 -1 -2
22 27 43 61 -1 15 28 46 82 -1 25 48 62 64 -1 77 78 80 88 -1 4 61 63 84 -1 12 18 27 39 -1 1 12 22 48 -1 24 41 43 59 -1 -2
22 64 71 93 -1 10 65 70 81 -1 34 63 67 89 -1 -2
18 50 69 87 -1 10 28 78 97 -1 11 69 73 80 -1 13 41 60 80 -1 3 68 72 92 -1 63 67 68 94 -1 1 33 96 98 -1 -2
24 39 41 89 -1 18 39 42 84 -1 4 26 27 87 -1 4 14 31 94 -1 37 64 75 97 -1 19 52 84 94 -1 1 13 35 76 -1 37 43 87 96 -1 -2
51 79 82 89 -1 27 38 43 94 -1 29 30 35 68 -1 20 72 77 82 -1 6 24 61 92 -1 16 83 89 95 -1 -2
55 95 96 97 -1 4 9 11 41 -1 24 27 74 79 -1 56 78 88 95 -1 15 17 64 99 -1 11 81 86 92 -1 -2
15 22 27 46 -1 5 58 62 83 -1 9 24 34 53 -1 31 33 56 87 -1 -2
7 37 59 62 -1 -2
25 59 82 95 -1 12 76 77 84 -1 11 43 61 66 -1 -2
36 50 79 92 -1 25 62 84 92 -1 -2
1 25 27 88 -1 13 20 48 88 -1 6 17 50 60 -1 1 3 5 50 -1 2 27 63 100 -1 33 90 97 99 -1 9 88 89 92 -1 -2
12 50 63 95 -1 3 8 32 98 -1 29 48 68 81 -1 1 32 89 98 -1 -2
3 22 36 91 -1 27 36 38 92 -1 53 62 70 75 -1 3 47 54 55 -1 -2
14 71 91 95 -1 11 58 66 93 -1 3 42 46 73 -1 3 20 92 94 -1 43 51 60 63 -1 42 82 92 98 -1 -2
40 79 94 98 -1 33 40 41 64 -1 34 66 93 94 -1 19 23 31 43 -1 12 16 83 93 -1 9 56 68 91 -1 -2
15 41 58 87 -1 9 11 42 50 -1 19 59 87 93 -1 4 15 20 60 -1 43 45 51 96 -1 1 27 29 100 -1 2 22 67 80 -1 41 81 84 87 -1 -2
27 39 53 81 -1 9 75 87 88 -1 -2
24 59 64 68 -1 11 27 57 62 -1 24 41 72 100 -1 30 43 57 63 -1 7 51 75 96 -1 19 35 72 78 -1 21 36 78 85 -1 -2
6 75 83 95 -1 26 44 90 97 -1 28 41 70 90 -1 36 46 88 90 -1 2 28 67 99 -1 20 56 63 91 -1 33 58 62 84 -1 -2
29 34 83 87 -1 -2
4 29 63 82 -1 2 8 18 59 -1 18 68 86 90 -1 -2
55 57 92 100 -1 50 60 77 81 -1 74 79 81 83 -1 -2
18 33 71 90 -1 13 38 87 88 -1 -2
2 25 59 98 -1 33 62 67 83 -1 5 47 63 64 -1 4 13 72 90 -1 -2
13 49 60 77 -1 30 54 91 92 -1 21 43 69 97 -1 31 35 38 43 -1 51 63 76 79 -1 -2
5 16 39 57 -1 28 58 67 72 -1 1 44 46 67 -1 2 26 28 50 -1 -2
16 27 56 88 -1 9 28 29 95 -1 -2
12 36 66 82 -1 26 46 64 68 -1 31 33 61 99 -1 51 53 64 65 -1 31 64 69 85 -1 9 20 62 79 -1 -2
16 46 83 94 -1 35 46 67 68 -1 16 32 42 54 -1 9 38 54 83 -1 11 81 82 85 -1 9 46 54 60 -1 1 15 50 60 -1 16 20 21 54 -1 -2
44 47 52 53 -1 43 82 85 88 -1 15 28 79 90 -1 5 9 27 96 -1 42 56 84 91 -1 41 67 92 93 -1 17 18 70 71 -1 1 43 73 98 -1 -2
1 8 75 99 -1 19 26 38 80 -1 3 43 47 48 -1 5 87 91 98 -1 4 18 20 95 -1 -2
9 22 44 91 -1 -2
2 14 21 70 -1 67 70 76 97 -1 5 14 68 78 -1 -2
16 22 64 80 -1 38 55 61 78 -1 1 35 45 54 -1 9 13 18 35 -1 25 45 78 91 -1 34 38 42 62 -1 -2
37 54 74 81 -1 31 48 52 79 -1 2 4 16 76 -1 53 59 76 93 -1 21 41 51 76 -1 7 25 41 86 -1 13 65 79 99 -1 24 28 32 52 -1 -2
21 47 56 65 -1 39 50 90 92 -1 18 48 76 83 -1 5 19 43 55 -1 7 9 57 72 -1 -2
6 51 75 89 -1 44 72 80 85 -1 15 61 72 73 -1 2 24 88 94 -1 -2
25 29 47 74 -1 -2
5 19 35 83 -1 25 38 48 96 -1 3 34 45 49 -1 41 67 85 87 -1 50 78 81 92 -1 15 19 20 48 -1 -2
26 38 59 90 -1 25 30 36 95 -1 12 17 23 83 -1 5 50 61 65 -1 -2
10 47 80 99 -1 8 21 47 90 -1 -2
56 62 63 69 -1 -2
7 11 31 53 -1 27 54 57 92 -1 12 35 63 92 -1 56 60 69 78 -1 12 40 68 81 -1 20 22 59 97 -1 35 39 84 85 -1 12 28 51 75 -1 -2
19 46 79 87 -1 30 54 81 90 -1 12 68 86 88 -1 24 56 78 93 -1 31 53 74 91 -1 9 34 44 95 -1 -2
6 31 67 86 -1 29 64 73 74 -1 3 17 26 86 -1 21 24 28 36 -1 4 8 35 65 -1 16 18 64 93 -1 45 59 76 91 -1 -2
22 38 62 76 -1 12 41 87 88 -1 32 55 65 75 -1 9 12 32 80 -1 -2
45 53 61 70 -1 32 71 77 84 -1 4 6 48 78 -1 -2
14 42 54 85 -1 15 18 44 65 -1 25 54 59 86 -1 -2
26 27 59 74 -1 25 63 68 69 -1 24 63 72 92 -1 5 72 94 95 -1 19 37 40 79 -1 18 25 35 47 -1 -2
24 84 89 94 -1 10 42 54 99 -1 23 32 52 96 -1 -2
64 66 75 90 -1 8 21 45 49 -1 35 54 75 85 -1 8 45 58 93 -1 34 70 79 94 -1 26 68 79 80 -1 12 17 41 48 -1 20 24 42 73 -1 -2
9 12 52 89 -1 13 37 70 96 -1 4 45 73 92 -1 -2
17 55 74 80 -1 13 22 50 70 -1 22 36 37 79 -1 1 11 26 72 -1 30 52 64 86 -1 31 76 82 85 -1 29 55 71 94 -1 42 45 88 94 -1 -2
21 46 50 62 -1 -2
40 41 47 56 -1 52 59 72 82 -1 20 29 36 62 -1 30 48 69 74 -1 14 49 62 65 -1 54 68 75 86 -1 -2
4 30 40 99 -1 2 6 20 55 -1 56 89 95 97 -1 11 15 39 48 -1 -2
9 12 17 42 -1 48 75 83 96 -1 16 61 65 100 -1 17 58 69 93 -1 7 33 68 93 -1 1 45 60 73 -1 -2
1 46 70 83 -1 20 77 83 87 -1 7 8 43 99 -1 32 60 79 99 -1 4 42 58 77 -1 1 12 18 21 -1 16 31 47 100 -1 -2
4 18 26 51 -1 22 34 56 62 -1 -2
39 42 44 73 -1 21 79 91 98 -1 -2
23 59 73 82 -1 1 19 55 91 -1 2 15 31 97 -1 40 41 76 96 -1 37 44 58 82 -1 18 48 69 74 -1 9 34 61 70 -1 14 32 36 89 -1 -2
20 24 36 73 -1 9 36 94 98 -1 8 10 72 98 -1 45 65 72 80 -1 15 34 75 76 -1 -2
18 32 68 74 -1 11 37 73 82 -1 13 55 85 98 -1 -2
10 13 52 76 -1 26 28 60 81 -1 1 24 25 68 -1 23 43 52 70 -1 7 37 38 98 -1 24 79 91 100 -1 32 34 60 85 -1 33 37 72 75 -1 -2
17 35 43 80 -1 47 64 93 96 -1 27 58 64 70 -1 17 29 39 89 -1 7 8 58 91 -1 17 28 45 90 -1 70 71 81 89 -1 -2
4 46 91 94 -1 24 66 69 83 -1 -2
1 10 46 89 -1 -2
21 45 53 55 -1 10 55 66 81 -1 7 22 63 91 -1 20 27 58 68 -1 -2
28 41 72 76 -1 12 35 45 46 -1 19 62 72 82 -1 7 74 89 95 -1 -2
1 38 74 90 -1 14 15 33 56 -1 4 10 44 63 -1 8 10 64 86 -1 5 11 29 94 -1 52 66 78 98 -1 15 24 48 62 -1 -2
1 11 23 98 -1 6 13 71 95 -1 46 73 83 100 -1 4 19 42 47 -1 1 12 29 73 -1 -2
20 43 65 75 -1 36 41 51 98 -1 55 73 80 98 -1 62 68 71 78 -1 23 37 47 70 -1 21 44 51 97 -1 -2
14 49 64 92 -1 -2
23 48 98 99 -1 23 51 60 84 -1 22 29 44 54 -1 31 51 60 86 -1 -2
1 31 71 88 -1 8 10 25 30 -1 54 73 84 85 -1 42 53 62 78 -1 18 20 22 33 -1 12 27 34 64 -1 8 15 57 65 -1 33 50 82 95 -1 -2
10 19 27 69 -1 5 36 70 96 -1 19 27 44 80 -1 8 31 35 96 -1 -2
10 24 55 93 -1 10 28 76 91 -1 11 12 29 57 -1 -2
17 49 84 87 -1 56 57 62 96 -1 4 28 59 70 -1 21 30 75 99 -1 -2
8 48 58 87 -1 12 17 41 72 -1 7 16 22 38 -1 -2
8 25 40 51 -1 39 56 76 89 -1 -2
44 84 96 98 -1 -2
15 40 52 62 -1 38 48 60 83 -1 -2
5 24 62 94 -1 2 22 77 91 -1 11 28 52 77 -1 16 24 48 55 -1 8 12 79 87 -1 21 39 66 84 -1 -2
23 49 66 98 -1 70 71 73 86 -1 9 21 76 95 -1 10 37 45 73 -1 52 55 58 79 -1 10 78 94 97 -1 -2
21 26 48 93 -1 6 8 66 83 -1 3 22 66 67 -1 22 37 44 99 -1 21 38 50 59 -1 -2
6 38 58 62 -1 29 72 91 99 -1 29 42 77 97 -1 20 25 91 99 -1 1 2 11 30 -1 6 14 37 99 -1 19 83 85 87 -1 39 58 75 95 -1 -2
5 43 56 61 -1 11 34 65 88 -1 13 72 81 83 -1 13 20 50 81 -1 18 37 41 73 -1 70 84 85 98 -1 -2
28 44 97 98 -1 59 67 74 90 -1 10 13 67 68 -1 1 8 63 76 -1 1 13 42 90 -1 -2
2 50 51 87 -1 33 54 71 92 -1 21 27 33 66 -1 1 27 77 81 -1 -2
13 33 36 91 -1 -2
11 22 39 70 -1 9 54 87 95 -1 53 68 72 75 -1 14 72 84 91 -1 38 41 81 83 -1 16 24 75 81 -1 22 40 84 97 -1 35 54 82 98 -1 -2
1 13 73 75 -1 39 43 59 67 -1 34 62 69 93 -1 18 30 43 78 -1 -2
18 45 46 97 -1 -2
50 71 84 90 -1 15 56 65 95 -1 12 43 65 88 -1 17 48 90 93 -1 3 50 68 80 -1 1 13 50 62 -1 -2
12 17 25 56 -1 14 57 67 82 -1 38 63 76 95 -1 10 20 34 69 -1 21 22 53 66 -1 16 21 50 94 -1 -2
7 15 36 69 -1 23 39 44 95 -1 12 17 27 86 -1 33 35 64 73 -1 1 3 44 61 -1 5 29 41 97 -1 17 29 89 93 -1 -2
11 24 50 71 -1 20 36 51 68 -1 19 24 33 63 -1 -2
33 42 49 77 -1 2 17 24 92 -1 2 36 37 51 -1 2 13 23 90 -1 50 71 79 80 -1 10 15 21 94 -1 -2
4 53 77 91 -1 14 18 37 89 -1 69 85 86 91 -1 37 53 95 100 -1 24 64 65 77 -1 25 32 35 85 -1 11 18 69 100 -1 14 24 52 88 -1 -2
19 26 28 90 -1 41 67 81 85 -1 1 50 51 84 -1 32 33 50 58 -1 78 83 91 92 -1 10 30 65 74 -1 11 15 40 49 -1 -2
38 52 76 92 -1 15 80 91 97 -1 38 57 95 100 -1 6 40 56 85 -1 3 5 76 86 -1 17 36 62 66 -1 -2
21 56 59 82 -1 -2
13 15 24 43 -1 10 21 81 84 -1 7 22 61 99 -1 13 31 81 94 -1 37 69 90 98 -1 25 66 68 89 -1 39 43 55 58 -1 -2
34 41 83 89 -1 23 30 41 89 -1 17 19 21 83 -1 -2
13 45 55 71 -1 26 41 42 51 -1 7 27 54 88 -1 -2
26 28 79 93 -1 40 50 96 100 -1 37 45 76 85 -1 -2
11 79 94 99 -1 35 47 83 89 -1 -2
4 14 16 34 -1 22 50 59 96 -1 4 75 80 86 -1 6 67 96 98 -1 -2
5 45 50 88 -1 43 46 58 88 -1 7 21 30 86 -1 23 31 40 59 -1 -2
13 67 90 92 -1 23 25 60 93 -1 -2
46 90 92 98 -1 15 23 34 89 -1 38 59 91 93 -1 2 30 48 62 -1 4 15 40 97 -1 18 60 80 95 -1 36 38 87 97 -1 1 49 60 80 -1 -2
10 54 63 84 -1 34 70 83 87 -1 23 48 73 88 -1 40 47 57 95 -1 -2
1 31 52 77 -1 2 6 41 94 -1 -2
8 57 70 89 -1 31 50 95 99 -1 1 19 31 55 -1 4 29 40 88 -1 27 43 66 74 -1 1 14 51 68 -1 34 74 78 86 -1 -2
5 35 89 90 -1 12 18 39 40 -1 -2
20 25 83 100 -1 10 11 49 84 -1 4 10 39 45 -1 52 60 66 77 -1 16 34 58 91 -1 50 52 79 94 -1 39 51 77 78 -1 -2
18 21 27 83 -1 -2
17 19 74 93 -1 19 37 38 56 -1 37 85 89 93 -1 17 55 65 84 -1 16 19 25 36 -1 29 67 76 93 -1 -2
18 58 69 79 -1 24 27 33 44 -1 9 55 65 69 -1 6 16 45 68 -1 40 58 93 97 -1 10 31 36 64 -1 1 37 46 93 -1 -2
32 50 87 93 -1 10 25 58 98 -1 10 14 70 87 -1 19 29 60 92 -1 -2
4 38 72 93 -1 22 47 51 52 -1 42 56 64 97 -1 -2
31 62 66 85 -1 8 34 36 48 -1 16 43 72 91 -1 10 17 44 98 -1 14 17 79 83 -1 2 18 68 79 -1 -2
19 56 67 95 -1 44 49 63 98 -1 -2
1 19 51 59 -1 3 47 59 95 -1 8 31 49 97 -1 63 67 88 92 -1 25 49 63 91 -1 59 72 78 96 -1 19 55 66 82 -1 -2
1 57 94 98 -1 29 55 87 100 -1 6 14 29 72 -1 8 37 62 95 -1 33 35 50 78 -1 -2
1 24 47 62 -1 -2
5 12 27 86 -1 -2
5 50 60 97 -1 40 42 67 71 -1 -2
16 21 66 69 -1 -2
6 8 52 54 -1 10 17 63 96 -1 9 18 27 48 -1 -2
6 12 41 62 -1 15 23 54 66 -1 21 37 48 67 -1 28 31 53 70 -1 21 70 78 96 -1 9 14 25 74 -1 16 60 85 97 -1 -2
50 71 74 86 -1 67 95 97 100 -1 6 40 62 71 -1 -2
31 34 49 64 -1 27 35 79 99 -1 6 65 88 92 -1 -2
51 74 79 84 -1 34 43 82 84 -1 7 23 91 94 -1 -2
39 40 78 99 -1 23 24 42 75 -1 30 38 91 100 -1 2 7 40 41 -1 10 19 24 76 -1 17 32 36 63 -1 16 18 27 78 -1 28 33 80 93 -1 -2
20 32 70 88 -1 18 53 66 78 -1 43 59 61 70 -1 25 30 37 40 -1 34 54 93 100 -1 12 61 83 89 -1 18 42 56 63 -1 2 49 70 96 -1 -2
3 9 44 88 -1 17 18 22 32 -1 1 5 34 40 -1 -2
2 6 75 88 -1 47 74 82 94 -1 37 53 60 84 -1 8 35 36 67 -1 13 15 17 73 -1 18 74 84 94 -1 34 53 57 76 -1 -2
24 47 90 94 -1 1 38 57 71 -1 42 56 76 93 -1 21 46 51 98 -1 -2
7 31 63 87 -1 1 80 94 98 -1 30 77 79 81 -1 45 93 95 100 -1 34 35 59 61 -1 21 63 85 95 -1 2 3 22 60 -1 -2
22 28 29 45 -1 39 40 81 89 -1 4 14 59 74 -1 36 46 69 97 -1 43 46 65 97 -1 48 60 73 81 -1 -2
40 52 69 90 -1 5 43 89 100 -1 -2
35 47 65 91 -1 15 40 84 89 -1 8 19 67 95 -1 3 65 66 80 -1 10 49 69 86 -1 33 36 47 87 -1 1 47 60 87 -1 11 20 64 84 -1 -2
27 47 64 66 -1 64 65 74 82 -1 7 8 20 36 -1 20 28 32 60 -1 41 54 59 69 -1 37 52 57 62 -1 -2
28 35 60 99 -1 71 72 73 99 -1 2 5 8 28 -1 -2
26 27 45 98 -1 21 67 84 89 -1 7 23 90 96 -1 -2
18 41 67 91 -1 4 36 83 87 -1 26 43 81 85 -1 18 21 84 96 -1 5 42 45 69 -1 16 30 39 74 -1 -2
52 66 94 97 -1 30 39 66 74 -1 15 38 63 94 -1 -2
38 39 52 56 -1 4 15 23 54 -1 33 38 40 41 -1 10 23 64 90 -1 -2
3 51 92 96 -1 21 25 34 75 -1 2 17 67 87 -1 20 45 81 100 -1 2 13 83 99 -1 7 41 71 81 -1 -2
7 42 76 99 -1 -2
68 81 87 100 -1 25 53 60 81 -1 52 54 64 85 -1 32 51 55 67 -1 16 29 59 89 -1 9 21 61 81 -1 -2
13 18 91 96 -1 42 45 47 95 -1 16 24 53 56 -1 5 69 98 99 -1 -2
52 73 85 94 -1 1 31 63 89 -1 15 62 79 86 -1 11 28 36 54 -1 -2
4 8 10 39 -1 -2
31 65 78 92 -1 61 81 87 92 -1 7 8 66 95 -1 12 21 81 99 -1 42 45 87 94 -1 23 58 72 74 -1 24 26 37 100 -1 2 3 48 62 -1 -2
12 25 31 78 -1 2 19 21 25 -1 -2
16 27 94 99 -1 14 63 71 99 -1 19 28 62 95 -1 11 32 37 42 -1 -2
6 67 86 96 -1 -2
47 70 96 100 -1 -2
18 50 53 68 -1 31 64 83 92 -1 7 36 40 75 -1 -2
26 36 57 69 -1 41 60 83 98 -1 5 9 19 75 -1 9 40 51 99 -1 15 17 61 97 -1 50 71 72 75 -1 33 62 72 89 -1 -2
59 80 90 93 -1 -2
23 49 79 87 -1 11 38 54 85 -1 35 67 80 84 -1 46 53 64 93 -1 5 30 54 91 -1 25 34 84 96 -1 30 49 63 98 -1 62 74 83 89 -1 -2
1 17 72 86 -1 41 44 92 100 -1 12 47 62 74 -1 13 67 71 91 -1 17 31 74 90 -1 6 18 72 88 -1 15 73 74 84 -1 12 43 72 82 -1 -2
19 23 41 52 -1 3 13 33 72 -1 5 14 29 78 -1 22 61 82 94 -1 11 12 26 91 -1 -2
55 61 65 74 -1 22 50 52 63 -1 5 9 43 82 -1 -2
1 56 90 98 -1 9 23 43 66 -1 31 70 91 93 -1 7 30 41 48 -1 -2
9 20 84 91 -1 -2
27 44 46 76 -1 71 78 86 87 -1 14 58 90 99 -1 35 63 80 99 -1 12 58 67 93 -1 5 51 83 94 -1 7 17 43 65 -1 -2
48 57 72 75 -1 61 63 89 91 -1 5 26 36 60 -1 15 38 76 91 -1 23 90 93 98 -1 25 42 53 55 -1 35 50 73 97 -1 1 8 32 69 -1 -2
1 5 41 43 -1 -2
23 29 48 88 -1 13 16 45 97 -1 -2
4 30 58 71 -1 14 32 39 80 -1 3 61 65 88 -1 8 29 50 58 -1 -2
41 53 86 99 -1 7 10 19 74 -1 60 81 91 93 -1 -2
3 6 69 86 -1 17 44 62 92 -1 31 32 50 93 -1 15 47 79 97 -1 77 78 79 84 -1 4 57 92 99 -1 -2
6 28 31 89 -1 5 24 49 61 -1 72 76 79 81 -1 33 45 74 80 -1 41 46 62 97 -1 -2
26 38 41 42 -1 10 15 27 60 -1 53 57 93 95 -1 19 42 76 81 -1 7 27 63 77 -1 18 25 47 56 -1 41 63 86 90 -1 -2
23 41 81 95 -1 7 21 57 100 -1 19 40 51 65 -1 20 65 78 95 -1 30 67 91 95 -1 8 32 47 59 -1 -2
50 55 58 74 -1 7 26 70 72 -1 44 52 63 98 -1 -2
5 29 33 62 -1 17 20 65 95 -1 34 58 69 94 -1 1 11 21 36 -1 29 75 84 92 -1 -2
45 67 82 92 -1 12 25 43 51 -1 -2
22 36 44 48 -1 19 33 97 100 -1 43 45 79 87 -1 59 63 86 100 -1 9 16 74 80 -1 4 5 64 80 -1 4 19 21 56 -1 -2
31 52 57 93 -1 11 19 28 92 -1 -2
26 52 98 100 -1 8 19 45 96 -1 2 18 81 100 -1 34 57 64 99 -1 8 48 80 96 -1 14 38 83 99 -1 13 30 32 65 -1 -2
56 57 68 91 -1 9 21 92 97 -1 -2
17 47 52 85 -1 20 40 60 87 -1 6 23 82 98 -1 15 36 59 98 -1 3 26 72 75 -1 31 36 49 74 -1 13 33 43 65 -1 29 33 73 82 -1 -2
18 19 47 100 -1 3 59 79 97 -1 22 71 79 98 -1 4 61 65 81 -1 21 51 55 77 -1 7 11 51 68 -1 30 42 49 88 -1 29 30 79 94 -1 -2
1 45 57 90 -1 57 76 79 82 -1 31 70 80 98 -1 -2
41 74 78 99 -1 -2
10 38 67 75 -1 28 44 66 71 -1 4 50 53 55 -1 -2
2 55 64 78 -1 32 56 92 100 -1 2 25 83 99 -1 11 25 40 50 -1 19 22 69 73 -1 11 29 53 76 -1 27 30 92 100 -1 37 72 80 98 -1 -2
39 72 84 87 -1 26 41 72 92 -1 9 65 77 81 -1 -2
15 35 73 100 -1 10 28 54 58 -1 27 46 56 79 -1 17 20 44 72 -1 8 10 33 90 -1 9 66 86 92 -1 -2
23 37 79 98 -1 30 57 71 97 -1 -2
3 9 29 63 -1 18 39 74 76 -1 22 28 37 92 -1 20 44 71 93 -1 17 39 42 68 -1 13 57 65 90 -1 -2
96 97 99 100 -1 7 22 52 92 -1 3 71 73 98 -1 -2
2 31 35 54 -1 3 26 29 83 -1 -2
21 39 41 74 -1 33 71 86 88 -1 10 23 30 41 -1 74 89 99 100 -1 4 45 83 90 -1 28 43 45 55 -1 13 47 70 82 -1 22 26 33 90 -1 -2
16 36 50 51 -1 12 33 35 64 -1 21 45 76 90 -1 1 44 46 96 -1 -2
28 51 67 100 -1 11 27 46 89 -1 16 77 78 100 -1 1 9 34 100 -1 7 39 63 90 -1 1 3 16 82 -1 19 20 77 87 -1 -2
17 52 73 90 -1 3 35 65 93 -1 39 43 59 73 -1 6 31 66 99 -1 4 20 25 79 -1 9 12 18 20 -1 5 25 45 75 -1 7 43 60 64 -1 -2
7 17 22 25 -1 10 37 82 86 -1 8 30 40 66 -1 1 7 17 74 -1 -2
8 57 81 93 -1 10 45 77 89 -1 25 36 43 80 -1 25 54 64 86 -1 -2
24 56 63 79 -1 2 53 58 89 -1 20 66 81 89 -1 19 31 78 91 -1 44 88 92 94 -1 -2
26 73 89 100 -1 -2
9 44 65 78 -1 -2
10 92 94 99 -1 -2
15 25 49 70 -1 13 28 30 58 -1 5 35 55 97 -1 47 49 68 95 -1 11 29 34 89 -1 13 53 59 100 -1 41 61 77 90 -1 -2
6 18 27 75 -1 -2
10 19 58 80 -1 1 22 25 30 -1 44 47 58 80 -1 7 14 43 70 -1 7 15 28 83 -1 2 64 80 89 -1 14 29 85 96 -1 10 36 61 89 -1 -2
7 30 47 87 -1 26 87 92 100 -1 7 9 31 32 -1 5 49 54 56 -1 -2
21 69 85 98 -1 1 9 19 79 -1 25 28 48 52 -1 51 52 72 83 -1 22 52 61 65 -1 8 11 18 32 -1 8 39 48 63 -1 -2
7 14 36 51 -1 4 9 60 76 -1 26 38 80 81 -1 15 26 64 89 -1 -2
20 40 45 57 -1 -2
29 33 60 81 -1 -2
8 13 86 93 -1 20 40 41 85 -1 18 66 67 97 -1 30 34 36 47 -1 7 32 87 92 -1 -2
5 21 61 92 -1 22 26 70 91 -1 15 88 94 98 -1 7 50 52 82 -1 7 14 15 37 -1 -2
10 49 53 54 -1 8 44 57 99 -1 14 22 33 50 -1 63 91 97 98 -1 6 10 51 78 -1 21 27 54 56 -1 20 58 80 100 -1 1 2 34 37 -1 -2
34 45 65 71 -1 30 40 82 83 -1 -2
20 64 85 88 -1 -2
18 62 86 99 -1 27 48 88 89 -1 14 21 66 78 -1 -2
8 48 57 93 -1 -2
22 51 61 73 -1 21 23 50 95 -1 64 71 80 97 -1 12 15 32 33 -1 4 9 82 84 -1 8 75 95 97 -1 57 62 78 80 -1 -2
15 46 65 78 -1 7 32 60 73 -1 16 21 28 35 -1 -2
28 54 57 81 -1 11 28 46 66 -1 39 46 48 72 -1 31 67 92 96 -1 13 16 24 43 -1 9 12 59 93 -1 -2
46 70 95 99 -1 17 20 54 56 -1 13 28 46 52 -1 -2
32 74 87 100 -1 47 67 69 91 -1 4 9 28 78 -1 8 47 68 80 -1 -2
4 40 42 43 -1 3 11 52 73 -1 40 47 96 99 -1 60 67 83 84 -1 5 10 31 80 -1 28 30 32 75 -1 54 60 89 96 -1 -2
10 34 48 80 -1 -2
20 32 49 58 -1 9 14 44 99 -1 30 33 54 55 -1 28 30 44 48 -1 7 71 84 89 -1 60 83 88 90 -1 -2
15 65 89 99 -1 11 20 42 50 -1 18 21 27 84 -1 -2
56 77 90 94 -1 1 31 46 73 -1 25 47 51 75 -1 32 46 49 70 -1 36 56 64 80 -1 -2
9 52 57 68 -1 15 31 48 88 -1 51 71 88 89 -1 6 12 62 95 -1 3 27 44 69 -1 17 21 38 67 -1 -2
4 6 56 64 -1 20 34 36 45 -1 1 39 46 56 -1 30 44 59 92 -1 23 35 77 98 -1 4 22 42 86 -1 35 40 49 52 -1 18 49 51 63 -1 -2
69 70 84 88 -1 10 13 33 44 -1 2 34 48 82 -1 2 10 12 50 -1 24 25 45 71 -1 -2
24 38 67 75 -1 -2
2 20 69 79 -1 46 58 69 79 -1 12 42 51 65 -1 10 25 62 65 -1 2 32 68 99 -1 12 39 99 100 -1 -2
3 36 61 63 -1 36 71 99 100 -1 25 32 45 85 -1 6 60 62 91 -1 7 30 33 47 -1 5 17 46 51 -1 13 24 28 52 -1 -2
12 24 53 98 -1 19 52 80 96 -1 1 17 63 77 -1 5 10 14 17 -1 -2
4 36 51 98 -1 -2
16 24 30 35 -1 52 70 76 88 -1 16 40 70 97 -1 -2
51 56 64 67 -1 18 59 68 81 -1 6 48 71 78 -1 30 42 71 79 -1 -2
44 61 94 98 -1 1 62 72 88 -1 25 57 76 96 -1 40 69 83 95 -1 8 18 31 39 -1 15 16 18 54 -1 11 14 51 88 -1 2 48 68 99 -1 -2
1 30 66 71 -1 -2
5 13 37 55 -1 7 25 40 43 -1 2 29 73 88 -1 7 13 57 96 -1 26 39 48 64 -1 36 49 69 71 -1 -2
33 36 84 97 -1 14 18 34 38 -1 8 12 51 97 -1 1 19 59 97 -1 59 64 81 89 -1 -2
53 54 62 72 -1 23 32 52 59 -1 6 11 35 88 -1 -2
6 34 41 43 -1 25 40 48 54 -1 -2
8 12 59 96 -1 2 38 54 82 -1 -2
8 10 58 95 -1 5 6 19 58 -1 17 47 78 100 -1 14 41 76 82 -1 45 66 80 96 -1 13 20 68 95 -1 23 55 57 82 -1 43 82 84 96 -1 -2
31 49 55 62 -1 34 37 41 91 -1 2 6 42 57 -1 3 17 65 89 -1 -2
2 22 45 96 -1 2 42 77 90 -1 -2
57 68 74 99 -1 65 76 82 85 -1 26 48 49 94 -1 65 77 82 88 -1 38 69 72 83 -1 30 40 46 61 -1 41 67 77 97 -1 -2
28 37 83 98 -1 25 43 54 62 -1 36 37 56 82 -1 -2
24 29 55 79 -1 60 63 66 80 -1 -2
6 20 44 69 -1 -2
27 53 93 99 -1 2 6 70 76 -1 21 39 51 57 -1 6 14 67 77 -1 6 35 50 56 -1 26 65 78 89 -1 -2
16 30 71 98 -1 12 66 87 89 -1 8 32 49 69 -1 8 36 97 100 -1 -2
3 5 80 96 -1 2 7 21 54 -1 -2
8 38 77 89 -1 10 69 88 96 -1 4 7 48 70 -1 -2
12 27 87 97 -1 14 69 79 91 -1 39 47 55 99 -1 14 22 54 68 -1 3 12 37 57 -1 15 18 40 81 -1 32 76 94 99 -1 19 53 87 91 -1 -2
9 30 62 73 -1 10 11 27 98 -1 52 60 78 81 -1 9 30 38 75 -1 32 39 84 88 -1 1 45 58 82 -1 -2
4 56 66 90 -1 12 24 42 64 -1 5 20 33 74 -1 13 29 91 94 -1 -2
29 65 87 94 -1 -2
26 32 44 46 -1 4 45 69 95 -1 8 36 56 82 -1 17 25 54 90 -1 -2
37 42 61 63 -1 31 35 73 99 -1 23 29 38 58 -1 44 47 78 92 -1 25 52 72 84 -1 7 42 46 58 -1 12 15 58 99 -1 23 31 61 98 -1 -2
6 11 39 53 -1 21 41 69 100 -1 8 36 59 68 -1 -2
15 40 70 81 -1 6 76 90 99 -1 25 40 70 82 -1 10 11 38 75 -1 -2
8 30 66 69 -1 4 8 71 80 -1 8 65 69 92 -1 24 32 72 73 -1 17 24 50 84 -1 -2
1 8 24 52 -1 -2
20 61 66 85 -1 21 27 68 87 -1 13 28 42 89 -1 -2
54 64 78 85 -1 27 47 74 87 -1 40 45 72 85 -1 63 74 78 93 -1 14 48 55 73 -1 50 53 63 66 -1 -2
10 21 67 69 -1 14 40 88 94 -1 27 34 97 98 -1 35 39 57 87 -1 12 22 23 68 -1 4 42 48 85 -1 12 24 26 80 -1 -2
10 61 74 98 -1 3 69 72 75 -1 3 37 69 73 -1 57 65 79 93 -1 32 48 89 93 -1 10 48 81 94 -1 6 41 49 92 -1 -2
5 13 34 75 -1 -2
2 31 62 82 -1 13 18 67 69 -1 34 73 90 93 -1 55 74 81 91 -1 10 11 12 66 -1 16 39 43 84 -1 -2
27 40 44 74 -1 23 76 96 99 -1 15 17 47 89 -1 44 49 65 67 -1 1 50 62 67 -1 3 69 72 100 -1 -2
34 58 65 73 -1 25 30 42 66 -1 9 21 30 96 -1 27 37 49 82 -1 42 48 80 82 -1 39 64 69 86 -1 -2
2 30 52 63 -1 2 12 88 93 -1 -2
23 45 61 78 -1 26 30 42 76 -1 39 50 59 77 -1 39 46 89 96 -1 29 36 57 69 -1 29 33 44 47 -1 -2
1 11 68 77 -1 -2
36 59 78 83 -1 18 69 73 98 -1 8 16 55 73 -1 22 36 66 80 -1 18 29 31 70 -1 -2
10 52 84 93 -1 2 25 95 98 -1 1 47 65 94 -1 16 62 78 97 -1 57 88 94 95 -1 10 27 37 89 -1 -2
9 32 74 94 -1 59 77 90 96 -1 4 34 43 74 -1 -2
53 57 75 94 -1 9 45 49 50 -1 4 21 76 87 -1 42 62 69 92 -1 23 43 65 92 -1 10 15 45 75 -1 -2
7 31 39 57 -1 22 40 49 94 -1 -2
6 40 45 92 -1 25 44 54 65 -1 64 74 83 93 -1 13 29 37 38 -1 4 13 40 57 -1 12 53 66 98 -1 -2
38 61 87 92 -1 19 42 87 93 -1 -2
8 26 81 92 -1 4 33 75 100 -1 5 11 49 63 -1 2 47 78 89 -1 45 47 72 74 -1 1 9 32 69 -1 14 19 52 72 -1 34 58 65 74 -1 -2
5 58 88 96 -1 9 33 41 80 -1 -2
17 37 44 96 -1 9 46 65 76 -1 9 46 87 100 -1 13 26 43 81 -1 2 23 77 94 -1 7 51 73 99 -1 18 19 29 67 -1 38 46 79 91 -1 -2
17 46 58 71 -1 17 34 83 93 -1 31 52 61 72 -1 31 67 68 79 -1 -2
16 36 57 67 -1 1 6 8 63 -1 10 20 77 85 -1 14 27 31 32 -1 5 35 53 70 -1 11 28 32 43 -1 6 10 40 96 -1 -2
12 71 72 92 -1 26 29 54 92 -1 7 30 38 78 -1 13 32 42 82 -1 17 21 68 78 -1 -2
19 24 90 93 -1 13 34 43 60 -1 5 27 34 50 -1 8 22 69 86 -1 18 22 87 88 -1 45 81 83 85 -1 44 46 57 62 -1 -2
14 53 67 100 -1 6 16 39 65 -1 15 32 53 64 -1 57 59 74 88 -1 9 62 65 87 -1 26 28 93 99 -1 -2
38 39 55 65 -1 -2
12 44 86 87 -1 6 39 50 76 -1 45 47 58 71 -1 17 27 28 61 -1 -2
36 46 50 74 -1 23 27 50 88 -1 19 32 37 42 -1 -2
18 59 77 80 -1 6 51 68 72 -1 32 48 69 83 -1 46 68 88 90 -1 4 32 63 97 -1 -2
51 85 98 99 -1 4 13 25 39 -1 21 24 39 58 -1 7 72 75 82 -1 10 43 58 94 -1 7 13 20 70 -1 47 56 69 92 -1 13 29 46 92 -1 -2
18 25 47 49 -1 35 40 65 73 -1 32 53 66 67 -1 -2
14 26 28 79 -1 14 20 32 40 -1 41 62 67 89 -1 6 44 48 97 -1 -2
7 66 90 100 -1 24 36 64 75 -1 14 64 75 99 -1 53 64 71 88 -1 16 27 30 69 -1 28 39 62 64 -1 -2
18 35 45 54 -1 7 29 56 63 -1 8 61 67 86 -1 4 5 90 97 -1 -2
17 22 81 97 -1 34 58 80 88 -1 28 65 83 99 -1 22 27 66 92 -1 1 41 67 93 -1 26 41 90 96 -1 19 28 40 81 -1 6 27 84 95 -1 -2
55 56 61 89 -1 -2
23 47 52 54 -1 60 62 67 84 -1 -2
2 32 52 78 -1 32 51 76 86 -1 7 53 54 63 -1 16 31 45 49 -1 46 47 58 84 -1 1 27 52 58 -1 13 50 63 66 -1 -2
5 28 69 82 -1 19 45 56 82 -1 31 73 74 100 -1 -2
12 13 90 94 -1 3 39 54 78 -1 15 35 40 43 -1 23 24 36 66 -1 -2
36 61 64 71 -1 9 48 49 93 -1 8 38 78 82 -1 27 61 92 98 -1 25 32 54 86 -1 1 80 82 98 -1 -2
1 16 25 42 -1 25 38 67 84 -1 28 50 77 89 -1 9 46 50 96 -1 23 46 73 90 -1 -2
10 16 21 90 -1 33 36 80 92 -1 8 58 66 78 -1 -2
17 22 60 66 -1 39 42 51 66 -1 2 33 86 100 -1 9 25 62 74 -1 33 74 75 82 -1 11 20 21 74 -1 -2
4 36 38 56 -1 2 27 63 72 -1 6 88 90 95 -1 3 24 30 32 -1 2 53 58 93 -1 18 64 74 97 -1 63 66 67 83 -1 39 73 75 85 -1 -2
26 54 56 80 -1 9 41 57 93 -1 46 65 88 99 -1 72 74 80 85 -1 19 32 34 69 -1 8 74 89 100 -1 48 49 60 86 -1 9 18 22 61 -1 -2
28 46 70 77 -1 10 32 56 70 -1 1 49 65 96 -1 30 45 73 88 -1 1 30 60 65 -1 -2
1 27 57 76 -1 17 26 43 60 -1 29 57 82 96 -1 2 53 73 99 -1 1 2 32 61 -1 31 69 82 83 -1 -2
19 27 32 62 -1 -2
8 20 23 69 -1 5 79 92 97 -1 23 25 42 91 -1 11 50 54 74 -1 -2
9 32 84 91 -1 40 46 52 63 -1 17 20 57 80 -1 36 40 47 85 -1 -2
26 43 47 72 -1 83 87 92 96 -1 51 59 85 89 -1 11 45 84 91 -1 31 41 70 89 -1 -2
23 66 86 88 -1 27 40 71 85 -1 -2
19 30 34 64 -1 36 46 69 82 -1 22 47 90 100 -1 40 45 71 86 -1 -2
51 89 94 95 -1 24 39 41 93 -1 3 27 49 57 -1 18 35 71 78 -1 -2
23 46 48 78 -1 14 39 45 67 -1 5 10 25 42 -1 -2
25 36 37 60 -1 24 47 48 89 -1 18 34 35 76 -1 -2
15 25 41 67 -1 -2
6 63 68 82 -1 28 38 51 93 -1 35 36 83 95 -1 30 32 47 82 -1 7 14 30 71 -1 -2
27 41 63 88 -1 17 27 49 94 -1 8 41 75 77 -1 -2
3 12 45 46 -1 58 78 84 85 -1 -2
9 12 56 58 -1 3 7 43 47 -1 29 49 65 68 -1 18 29 47 59 -1 -2
5 45 84 89 -1 53 59 61 92 -1 6 35 76 97 -1 16 39 53 92 -1 2 18 78 92 -1 10 12 19 89 -1 17 22 67 69 -1 19 37 41 50 -1 -2
14 16 24 86 -1 23 41 82 93 -1 8 43 51 96 -1 18 39 70 76 -1 -2
8 14 60 95 -1 50 58 75 100 -1 43 69 84 97 -1 6 33 47 86 -1 7 19 37 42 -1 7 54 68 91 -1 -2
35 41 46 67 -1 48 53 85 100 -1 5 14 63 76 -1 2 61 98 99 -1 42 58 63 88 -1 49 68 77 90 -1 -2
21 29 50 100 -1 -2
3 39 45 93 -1 19 38 71 96 -1 8 22 36 65 -1 16 17 34 82 -1 9 56 60 80 -1 -2
32 36 57 69 -1 65 70 86 99 -1 33 52 73 74 -1 15 45 50 95 -1 18 27 29 32 -1 21 27 86 89 -1 19 51 70 80 -1 6 49 74 79 -1 -2
27 46 56 80 -1 -2
38 57 69 97 -1 -2
35 47 91 94 -1 33 61 73 88 -1 40 46 62 84 -1 -2
15 31 39 49 -1 2 15 40 99 -1 34 35 41 57 -1 9 21 67 73 -1 35 48 57 70 -1 -2
28 51 75 87 -1 5 15 43 89 -1 18 29 42 78 -1 7 18 48 63 -1 4 48 82 85 -1 31 45 47 55 -1 -2
22 44 78 92 -1 37 87 90 93 -1 -2
17 34 41 98 -1 28 45 59 91 -1 60 75 80 88 -1 16 33 54 98 -1 4 29 72 83 -1 5 33 39 67 -1 27 41 60 95 -1 -2
55 70 94 97 -1 48 70 74 86 -1 30 34 41 61 -1 19 21 44 88 -1 26 33 35 77 -1 33 36 63 74 -1 -2
27 35 58 61 -1 6 73 76 99 -1 57 60 76 94 -1 7 8 31 47 -1 -2
37 50 60 66 -1 1 8 53 60 -1 23 37 53 68 -1 3 24 26 95 -1 11 19 56 72 -1 50 55 64 81 -1 -2
16 18 41 47 -1 4 15 79 81 -1 5 22 37 94 -1 28 40 51 100 -1 -2
21 70 71 98 -1 9 16 49 65 -1 51 59 72 96 -1 6 14 21 55 -1 -2
32 36 52 55 -1 35 54 68 83 -1 1 49 60 75 -1 24 29 58 76 -1 8 44 73 93 -1 22 36 42 88 -1 -2
18 37 46 66 -1 3 4 48 55 -1 25 37 56 70 -1 3 43 53 88 -1 -2
1 79 92 98 -1 31 64 67 70 -1 13 56 83 100 -1 1 18 54 65 -1 16 40 57 73 -1 -2
23 36 40 85 -1 2 31 51 62 -1 40 42 46 56 -1 36 47 64 80 -1 9 37 66 75 -1 13 18 38 43 -1 19 52 84 100 -1 -2
7 14 90 98 -1 26 29 48 69 -1 18 40 89 99 -1 20 28 38 91 -1 4 35 80 97 -1 23 24 37 74 -1 -2
4 35 42 77 -1 -2
4 42 77 80 -1 11 39 80 83 -1 1 53 74 75 -1 48 70 95 96 -1 5 25 45 64 -1 21 28 50 65 -1 57 70 86 98 -1 -2
6 73 79 100 -1 15 25 75 98 -1 64 67 85 89 -1 3 8 16 94 -1 40 54 71 82 -1 24 25 26 54 -1 -2
23 29 60 87 -1 2 9 11 30 -1 67 68 91 93 -1 11 42 81 98 -1 10 28 42 58 -1 -2
2 5 73 81 -1 18 40 47 94 -1 6 77 78 95 -1 21 37 66 92 -1 22 32 41 94 -1 25 47 52 97 -1 17 24 37 74 -1 -2
36 46 56 87 -1 10 21 38 89 -1 2 25 67 100 -1 19 69 86 88 -1 -2
31 55 67 80 -1 22 23 51 54 -1 9 13 23 63 -1 7 11 20 52 -1 12 33 81 92 -1 18 31 44 87 -1 10 62 79 86 -1 -2
29 35 40 57 -1 1 9 53 75 -1 45 46 59 92 -1 5 32 47 85 -1 16 21 87 88 -1 21 69 76 95 -1 23 34 42 44 -1 -2
53 60 82 90 -1 34 38 67 77 -1 31 55 86 93 -1 19 54 72 97 -1 27 30 33 72 -1 -2
23 37 57 66 -1 21 56 62 65 -1 34 61 65 82 -1 5 36 45 77 -1 -2
22 74 78 81 -1 11 28 53 89 -1 28 29 80 91 -1 17 28 57 70 -1 30 32 45 83 -1 23 71 85 99 -1 -2
20 42 50 67 -1 19 63 86 93 -1 24 39 57 69 -1 -2
6 15 68 70 -1 45 73 77 98 -1 -2
10 58 73 97 -1 -2
18 30 45 79 -1 15 23 38 80 -1 28 50 62 96 -1 12 22 27 83 -1 -2
44 49 53 62 -1 3 4 45 99 -1 27 47 62 68 -1 28 57 58 70 -1 10 46 56 75 -1 -2
6 25 47 67 -1 36 55 91 92 -1 7 19 36 95 -1 14 20 39 67 -1 65 71 89 98 -1 -2
19 25 28 56 -1 -2
13 25 71 96 -1 19 56 70 72 -1 21 39 61 83 -1 16 24 58 94 -1 7 11 38 77 -1 13 24 59 78 -1 39 48 68 86 -1 -2
2 24 63 91 -1 15 23 29 50 -1 12 31 44 76 -1 2 35 59 69 -1 -2
23 31 38 69 -1 18 59 65 97 -1 20 36 90 99 -1 11 15 76 83 -1 38 39 72 77 -1 21 42 86 89 -1 36 48 52 86 -1 -2
1 25 30 83 -1 6 12 36 86 -1 58 70 77 92 -1 8 9 59 85 -1 29 49 74 92 -1 25 28 37 89 -1 40 44 74 81 -1 39 53 54 57 -1 -2
30 34 39 100 -1 4 21 39 69 -1 9 37 60 82 -1 -2
12 13 30 92 -1 8 37 65 95 -1 6 42 66 68 -1 72 76 85 92 -1 16 25 65 80 -1 21 22 52 59 -1 38 50 60 85 -1 -2
16 27 30 92 -1 -2
43 52 55 97 -1 14 23 45 73 -1 2 13 69 88 -1 32 49 73 95 -1 30 39 76 98 -1 -2
22 45 49 68 -1 25 39 48 65 -1 23 32 78 85 -1 3 24 30 37 -1 -2
49 60 64 95 -1 21 76 77 90 -1 8 56 68 97 -1 9 17 21 54 -1 15 20 53 74 -1 -2
11 39 50 63 -1 2 67 77 86 -1 -2
3 4 60 81 -1 8 15 52 96 -1 28 30 87 99 -1 33 50 52 55 -1 13 28 48 85 -1 40 59 85 94 -1 19 46 71 83 -1 -2
5 37 51 94 -1 12 22 69 96 -1 13 81 96 100 -1 10 28 61 94 -1 7 25 39 87 -1 20 38 81 83 -1 -2
22 23 39 55 -1 28 34 39 86 -1 20 29 61 80 -1 11 42 81 93 -1 -2
16 22 26 78 -1 42 71 87 90 -1 -2
3 18 84 95 -1 35 54 71 76 -1 34 51 73 94 -1 29 38 69 73 -1 -2
22 32 67 98 -1 -2
12 40 53 61 -1 5 42 73 80 -1 21 35 39 44 -1 6 23 29 93 -1 39 73 81 94 -1 39 57 61 81 -1 -2
11 42 82 88 -1 1 30 73 93 -1 -2
2 13 47 48 -1 9 26 63 68 -1 -2
4 24 79 97 -1 34 61 67 69 -1 52 78 80 98 -1 -2
20 55 71 94 -1 25 29 59 96 -1 -2
2 26 79 91 -1 8 15 85 94 -1 34 66 70 71 -1 6 8 37 38 -1 -2
7 73 79 94 -1 -2
1 59 81 83 -1 37 52 69 89 -1 45 49 66 88 -1 10 13 43 93 -1 21 31 46 74 -1 -2
45 51 53 74 -1 13 36 48 53 -1 49 77 86 99 -1 29 64 70 78 -1 -2
6 8 13 61 -1 7 39 65 88 -1 31 49 68 80 -1 2 9 13 92 -1 26 34 52 60 -1 30 39 70 91 -1 10 75 81 83 -1 7 42 58 63 -1 -2
17 37 77 79 -1 18 20 26 52 -1 38 66 76 77 -1 16 23 58 78 -1 5 15 56 61 -1 38 58 66 84 -1 12 15 16 67 -1 -2
55 57 86 94 -1 4 36 60 88 -1 5 24 29 95 -1 21 48 64 87 -1 29 59 89 92 -1 41 43 70 95 -1 -2
21 45 67 75 -1 36 48 79 87 -1 3 70 76 85 -1 26 51 58 73 -1 5 12 26 86 -1 5 30 31 93 -1 -2
6 19 40 61 -1 21 41 75 90 -1 6 44 49 54 -1 57 60 75 82 -1 1 48 79 89 -1 51 58 73 98 -1 -2
11 23 59 93 -1 7 9 28 30 -1 25 35 58 71 -1 6 22 47 53 -1 2 30 37 58 -1 -2
1 54 59 81 -1 30 73 75 80 -1 25 46 68 86 -1 57 74 88 97 -1 -2
6 46 74 96 -1 25 34 37 52 -1 4 27 32 65 -1 21 28 75 93 -1 33 34 35 54 -1 -2
10 48 51 56 -1 65 70 83 99 -1 6 17 40 78 -1 9 24 66 70 -1 1 22 41 72 -1 -2
1 24 59 61 -1 7 8 27 54 -1 27 38 54 98 -1 -2
25 34 59 86 -1 9 43 48 88 -1 20 27 35 85 -1 12 49 76 94 -1 -2
65 90 91 96 -1 2 4 13 83 -1 -2
5 14 41 77 -1 -2
2 26 82 87 -1 -2
6 17 35 91 -1 -2
27 70 79 93 -1 13 53 64 88 -1 7 13 17 38 -1 -2
29 43 74 88 -1 21 32 58 86 -1 4 35 52 87 -1 33 46 52 85 -1 25 50 80 91 -1 -2
13 16 50 80 -1 5 8 37 48 -1 1 35 78 98 -1 5 52 57 73 -1 26 37 62 73 -1 9 26 33 53 -1 16 23 32 40 -1 -2
43 56 60 84 -1 20 52 63 78 -1 11 71 81 85 -1 56 68 69 71 -1 23 66 87 98 -1 37 41 68 72 -1 15 41 77 96 -1 5 42 43 90 -1 -2
42 58 82 97 -1 -2
10 11 57 75 -1 32 72 82 90 -1 -2
4 30 59 68 -1 18 25 49 69 -1 31 41 58 99 -1 36 60 82 87 -1 7 54 80 85 -1 13 35 39 55 -1 15 45 70 77 -1 33 42 56 82 -1 -2
2 92 98 100 -1 6 22 45 55 -1 15 24 73 82 -1 6 37 66 99 -1 9 48 55 83 -1 63 85 87 95 -1 34 57 63 68 -1 5 71 83 97 -1 -2
3 36 53 54 -1 27 36 63 81 -1 23 37 42 77 -1 20 44 61 76 -1 5 47 81 92 -1 15 43 45 79 -1 -2
21 24 74 86 -1 12 16 34 45 -1 35 62 68 96 -1 2 42 46 57 -1 66 80 84 94 -1 36 40 56 93 -1 -2
21 32 36 62 -1 3 4 46 70 -1 39 43 66 99 -1 30 47 59 97 -1 20 50 69 93 -1 -2
26 42 57 99 -1 9 45 72 98 -1 19 39 61 70 -1 5 30 80 91 -1 1 10 13 70 -1 56 59 64 90 -1 -2
39 69 93 96 -1 -2
15 45 47 60 -1 11 19 35 59 -1 58 59 65 90 -1 4 22 49 52 -1 -2
8 13 25 28 -1 16 44 59 74 -1 31 59 64 65 -1 -2
1 2 87 89 -1 17 68 71 82 -1 -2
53 70 91 96 -1 32 47 65 67 -1 16 26 27 38 -1 15 58 75 85 -1 -2
38 72 95 99 -1 11 27 55 68 -1 1 52 77 94 -1 -2
1 35 87 97 -1 43 55 66 74 -1 -2
39 52 76 77 -1 18 20 65 91 -1 2 13 44 52 -1 55 73 79 84 -1 46 61 65 88 -1 14 25 33 65 -1 11 34 54 79 -1 14 57 59 92 -1 -2
4 80 99 100 -1 51 58 72 87 -1 -2
7 34 43 81 -1 64 71 87 98 -1 54 58 66 70 -1 16 32 74 92 -1 7 33 77 92 -1 5 6 19 98 -1 -2
4 13 33 71 -1 -2
4 44 46 47 -1 14 47 56 95 -1 4 27 39 99 -1 5 90 92 94 -1 7 8 12 16 -1 31 32 96 100 -1 -2
2 23 32 66 -1 9 46 64 96 -1 20 43 44 45 -1 3 69 74 94 -1 29 61 69 91 -1 -2
17 26 32 94 -1 18 29 79 85 -1 -2
44 49 70 98 -1 19 20 31 46 -1 34 42 80 83 -1 51 73 79 82 -1 -2
1 24 28 70 -1 7 65 78 82 -1 5 17 35 66 -1 13 19 41 85 -1 12 24 42 95 -1 -2
7 8 29 80 -1 10 23 67 72 -1 13 60 87 89 -1 14 15 38 52 -1 48 62 78 84 -1 34 51 69 80 -1 -2
22 29 30 90 -1 74 79 90 91 -1 13 60 62 65 -1 3 67 86 89 -1 31 46 85 91 -1 20 25 85 90 -1 4 22 36 55 -1 -2
7 28 30 35 -1 -2
6 35 50 86 -1 8 41 67 95 -1 13 59 72 82 -1 21 26 45 61 -1 26 45 57 99 -1 -2
22 61 66 70 -1 11 29 43 96 -1 72 73 85 86 -1 13 14 43 68 -1 -2
10 73 75 96 -1 15 40 45 92 -1 22 65 79 80 -1 38 40 65 81 -1 16 49 86 94 -1 6 27 51 77 -1 -2
41 49 63 90 -1 56 59 67 92 -1 15 41 70 97 -1 29 40 44 65 -1 3 22 25 60 -1 2 18 30 33 -1 4 32 40 86 -1 33 57 59 96 -1 -2
9 59 91 95 -1 8 54 68 73 -1 63 69 73 77 -1 4 34 89 95 -1 -2
8 42 47 91 -1 52 64 80 94 -1 29 32 59 87 -1 16 45 71 97 -1 -2
45 56 75 98 -1 -2
17 20 71 82 -1 35 36 52 78 -1 11 27 61 86 -1 5 37 65 85 -1 22 30 34 53 -1 20 25 62 98 -1 9 26 61 100 -1 -2
42 59 74 81 -1 -2
4 22 53 81 -1 -2
2 44 96 97 -1 6 9 30 31 -1 2 44 49 97 -1 2 24 28 40 -1 11 23 38 94 -1 16 19 72 87 -1 7 26 30 80 -1 -2
51 60 78 94 -1 36 38 49 92 -1 28 45 92 98 -1 61 69 72 90 -1 12 29 45 66 -1 24 46 65 94 -1 24 46 47 55 -1 27 43 49 76 -1 -2
7 15 75 88 -1 3 8 76 93 -1 40 70 76 80 -1 54 59 90 98 -1 6 37 93 100 -1 -2
5 59 80 89 -1 -2
18 24 65 90 -1 9 13 22 91 -1 49 62 86 94 -1 15 32 40 98 -1 33 58 93 97 -1 12 46 47 72 -1 -2
3 25 35 62 -1 8 49 67 87 -1 22 28 32 46 -1 1 16 53 88 -1 12 40 66 73 -1 3 9 64 79 -1 -2
6 15 36 54 -1 -2
22 53 67 85 -1 35 49 50 76 -1 20 52 53 73 -1 -2
25 40 47 73 -1 6 9 81 84 -1 19 42 52 55 -1 -2
58 60 61 75 -1 4 11 65 79 -1 27 44 78 99 -1 -2
26 40 78 89 -1 -2
36 60 68 73 -1 -2
1 38 41 47 -1 9 28 63 75 -1 13 15 63 80 -1 -2
30 31 60 66 -1 -2
16 53 71 87 -1 32 50 76 79 -1 8 19 76 80 -1 24 30 44 93 -1 43 53 78 85 -1 39 75 83 91 -1 -2
47 72 79 92 -1 2 22 63 64 -1 -2
10 14 25 79 -1 29 31 32 57 -1 21 49 65 82 -1 13 23 65 74 -1 1 11 24 73 -1 5 20 41 76 -1 25 40 50 57 -1 6 69 78 87 -1 -2
8 27 36 86 -1 28 49 70 72 -1 50 51 83 88 -1 4 10 18 87 -1 21 48 75 94 -1 11 49 75 94 -1 32 50 55 58 -1 26 55 72 83 -1 -2
47 74 92 96 -1 14 57 79 82 -1 4 17 46 78 -1 23 37 55 65 -1 9 40 62 71 -1 -2
27 40 63 74 -1 17 59 60 61 -1 -2
22 24 45 92 -1 8 16 44 81 -1 7 60 67 98 -1 -2
14 56 87 100 -1 38 45 61 70 -1 29 63 88 93 -1 6 44 52 81 -1 14 71 72 99 -1 2 15 44 86 -1 -2
18 23 26 39 -1 6 10 18 51 -1 -2
16 40 41 89 -1 4 36 50 100 -1 23 69 85 97 -1 13 54 61 78 -1 40 74 75 90 -1 8 18 33 68 -1 11 13 25 68 -1 -2
11 32 50 80 -1 1 2 11 53 -1 2 20 48 98 -1 53 54 69 86 -1 22 26 93 95 -1 8 10 26 47 -1 2 9 55 75 -1 48 62 67 90 -1 -2
41 69 88 90 -1 7 45 49 57 -1 12 49 64 82 -1 2 24 45 59 -1 9 20 35 99 -1 29 43 44 67 -1 -2
23 31 71 99 -1 2 39 85 88 -1 17 31 73 86 -1 77 81 84 97 -1 38 73 81 99 -1 9 42 88 99 -1 -2
16 34 46 56 -1 14 49 70 96 -1 10 12 29 96 -1 40 49 97 99 -1 9 61 62 86 -1 -2
38 49 51 95 -1 15 37 78 91 -1 73 84 85 98 -1 -2
19 43 78 82 -1 32 35 53 78 -1 57 62 87 90 -1 21 30 51 88 -1 32 57 64 72 -1 21 25 33 40 -1 21 39 63 69 -1 -2
18 52 66 70 -1 15 36 38 64 -1 15 47 60 72 -1 1 7 55 97 -1 4 23 45 71 -1 47 53 54 72 -1 -2
28 30 68 85 -1 12 38 58 84 -1 -2
19 44 59 73 -1 35 36 63 99 -1 14 61 81 95 -1 6 18 28 96 -1 70 71 84 87 -1 7 65 74 88 -1 18 24 34 47 -1 11 12 91 96 -1 -2
8 11 79 87 -1 7 39 44 46 -1 36 43 77 93 -1 5 44 49 99 -1 7 51 71 86 -1 -2
1 22 37 42 -1 -2
42 64 72 99 -1 9 16 40 99 -1 1 43 60 77 -1 11 45 59 72 -1 2 10 23 92 -1 17 30 33 47 -1 17 52 57 61 -1 -2
5 23 65 100 -1 7 62 68 82 -1 17 48 55 71 -1 3 38 54 93 -1 5 38 48 92 -1 17 18 81 85 -1 -2
20 22 31 70 -1 3 28 37 41 -1 3 8 30 37 -1 37 40 85 98 -1 50 81 85 95 -1 3 46 69 97 -1 -2
39 79 80 86 -1 -2
9 48 66 96 -1 22 25 35 63 -1 7 30 74 85 -1 20 50 93 100 -1 12 34 35 70 -1 30 87 93 94 -1 2 7 13 88 -1 3 9 31 90 -1 -2
12 14 66 83 -1 49 55 80 94 -1 33 74 82 86 -1 -2
13 18 59 79 -1 9 33 55 85 -1 35 48 68 77 -1 1 25 82 96 -1 58 59 84 92 -1 7 20 57 66 -1 -2
3 10 19 42 -1 9 16 83 88 -1 15 45 59 77 -1 25 48 49 58 -1 -2
41 55 75 100 -1 11 22 24 48 -1 17 35 48 93 -1 13 23 36 92 -1 14 16 38 53 -1 19 32 34 53 -1 50 63 85 88 -1 33 40 43 72 -1 -2
2 70 83 91 -1 25 53 71 78 -1 12 17 20 53 -1 5 18 66 85 -1 -2
45 52 59 61 -1 30 36 68 82 -1 3 12 49 60 -1 9 18 26 80 -1 17 33 49 84 -1 51 74 79 91 -1 14 41 78 97 -1 6 53 57 97 -1 -2
32 41 90 98 -1 43 49 83 94 -1 -2
23 50 86 88 -1 11 65 82 85 -1 8 10 19 34 -1 21 31 59 61 -1 -2
62 79 98 100 -1 39 52 93 95 -1 43 90 92 93 -1 -2
40 46 62 100 -1 19 21 30 81 -1 2 35 82 85 -1 20 27 29 96 -1 -2
44 50 65 70 -1 5 32 36 88 -1 9 22 81 96 -1 12 43 50 86 -1 47 48 49 58 -1 52 55 79 81 -1 5 10 57 82 -1 -2
9 14 62 66 -1 5 12 21 28 -1 1 12 66 81 -1 13 31 46 79 -1 22 32 57 62 -1 10 65 72 98 -1 3 34 37 85 -1 9 49 64 91 -1 -2
34 62 74 97 -1 24 33 69 82 -1 11 25 45 65 -1 -2
23 47 75 89 -1 47 48 49 73 -1 12 21 46 91 -1 6 34 54 77 -1 -2
1 41 79 97 -1 26 45 55 86 -1 43 73 82 98 -1 24 37 43 62 -1 4 7 53 91 -1 8 39 51 76 -1 27 66 74 97 -1 33 42 67 77 -1 -2
2 21 32 80 -1 42 79 96 99 -1 26 66 83 84 -1 24 29 68 73 -1 1 5 13 87 -1 38 47 53 92 -1 75 78 86 98 -1 -2
4 18 55 71 -1 38 50 57 73 -1 2 47 65 71 -1 45 46 65 69 -1 23 42 70 77 -1 8 14 54 91 -1 -2
47 56 78 88 -1 8 20 26 29 -1 8 47 77 88 -1 13 15 17 73 -1 3 45 62 93 -1 9 32 65 73 -1 33 40 58 81 -1 -2
18 46 80 91 -1 25 37 92 96 -1 5 6 47 87 -1 -2
36 40 56 60 -1 10 36 41 74 -1 25 82 87 99 -1 14 15 18 99 -1 31 77 89 92 -1 52 57 77 91 -1 38 81 89 95 -1 -2
26 49 90 92 -1 29 41 45 53 -1 37 39 65 92 -1 14 16 19 40 -1 56 60 83 89 -1 27 51 54 80 -1 -2
2 32 33 68 -1 10 56 76 86 -1 33 45 75 82 -1 16 74 92 99 -1 -2
36 48 84 86 -1 17 46 84 90 -1 32 68 71 73 -1 21 35 45 80 -1 -2
10 12 56 70 -1 4 11 32 95 -1 38 42 50 80 -1 11 60 62 95 -1 66 79 89 97 -1 2 51 53 73 -1 26 43 76 85 -1 -2
2 78 79 95 -1 7 14 55 99 -1 6 18 23 77 -1 10 20 40 64 -1 3 37 45 80 -1 8 28 37 60 -1 6 45 50 93 -1 -2
6 31 69 78 -1 6 28 58 64 -1 7 8 30 60 -1 34 38 77 93 -1 -2
3 9 44 74 -1 49 56 94 97 -1 9 41 59 68 -1 26 50 90 91 -1 3 64 67 94 -1 -2
41 43 57 94 -1 10 45 59 63 -1 -2
8 47 68 71 -1 23 56 81 94 -1 21 33 48 56 -1 50 60 90 94 -1 3 66 68 87 -1 -2
32 73 82 84 -1 38 46 50 59 -1 6 39 42 72 -1 29 58 62 92 -1 16 72 80 82 -1 -2
33 51 59 62 -1 16 22 45 62 -1 26 62 80 81 -1 -2
13 31 59 78 -1 -2
65 67 77 86 -1 9 22 52 71 -1 17 26 59 85 -1 64 82 88 95 -1 16 42 74 88 -1 12 41 47 90 -1 3 16 44 99 -1 -2
23 25 26 54 -1 37 43 54 80 -1 19 21 45 86 -1 12 18 62 88 -1 2 58 85 88 -1 9 15 36 79 -1 5 17 54 58 -1 -2
8 38 53 99 -1 18 34 39 59 -1 3 29 46 55 -1 2 36 59 64 -1 6 9 60 100 -1 -2
40 54 83 91 -1 -2
14 68 77 100 -1 25 35 38 75 -1 25 69 72 99 -1 2 11 20 46 -1 57 63 72 80 -1 27 77 87 98 -1 16 17 63 81 -1 -2
1 25 48 53 -1 14 31 35 60 -1 17 45 91 94 -1 -2
14 37 74 88 -1 36 69 71 93 -1 23 27 39 77 -1 21 70 86 87 -1 20 43 70 94 -1 7 14 33 75 -1 2 7 21 26 -1 43 49 56 58 -1 -2
4 7 11 95 -1 36 46 49 72 -1 40 43 48 90 -1 18 56 62 97 -1 18 22 27 67 -1 -2
7 21 78 86 -1 14 40 77 81 -1 18 26 55 56 -1 12 16 39 71 -1 19 44 60 86 -1 16 30 57 73 -1 5 38 43 51 -1 -2
28 37 63 79 -1 11 18 69 97 -1 6 9 20 92 -1 11 25 34 89 -1 7 17 20 30 -1 32 69 75 76 -1 9 30 45 93 -1 -2
10 14 34 51 -1 4 26 54 71 -1 -2
18 43 62 74 -1 46 70 81 94 -1 4 32 33 62 -1 55 79 82 98 -1 24 35 83 97 -1 -2
11 35 75 77 -1 18 54 62 69 -1 -2
23 25 36 66 -1 3 30 61 70 -1 20 24 39 71 -1 14 39 74 91 -1 39 41 72 96 -1 -2
6 12 65 79 -1 33 50 58 86 -1 21 33 49 55 -1 -2
46 52 55 97 -1 36 39 71 74 -1 3 15 17 88 -1 8 25 37 77 -1 -2
21 32 63 87 -1 4 51 70 87 -1 11 37 47 93 -1 23 34 80 100 -1 13 32 39 87 -1 10 45 83 91 -1 10 58 66 69 -1 52 59 76 78 -1 -2
24 27 64 68 -1 21 65 78 91 -1 -2
36 52 79 84 -1 27 34 90 93 -1 32 47 66 72 -1 26 55 66 93 -1 24 53 58 83 -1 6 21 38 45 -1 9 32 55 70 -1 -2
2 42 45 53 -1 -2
20 44 51 97 -1 61 70 88 99 -1 5 47 70 99 -1 -2
37 51 63 81 -1 39 53 67 87 -1 -2
10 68 84 89 -1 -2
11 34 54 67 -1 4 50 74 75 -1 33 48 50 97 -1 -2
11 17 82 87 -1 6 10 13 29 -1 32 47 60 67 -1 -2
36 44 55 81 -1 5 14 39 52 -1 -2
5 42 71 82 -1 42 54 74 97 -1 26 52 57 94 -1 -2
21 50 55 58 -1 -2
32 44 52 72 -1 19 21 79 86 -1 -2
18 41 51 93 -1 19 54 60 82 -1 5 7 15 83 -1 31 55 59 65 -1 25 83 90 95 -1 9 79 80 84 -1 -2
1 48 70 86 -1 5 19 30 58 -1 41 43 52 95 -1 35 41 72 84 -1 4 27 48 56 -1 18 45 64 83 -1 29 41 80 94 -1 -2
10 50 64 87 -1 8 70 74 99 -1 12 36 48 69 -1 12 31 51 91 -1 -2
13 15 54 85 -1 18 87 90 99 -1 2 39 46 49 -1 31 47 66 78 -1 32 56 59 61 -1 5 11 38 75 -1 26 56 63 83 -1 13 47 51 89 -1 -2
25 30 40 49 -1 27 84 88 92 -1 16 50 67 89 -1 6 46 62 87 -1 1 35 79 84 -1 3 6 39 99 -1 12 50 73 81 -1 8 12 74 81 -1 -2
4 30 95 97 -1 33 40 43 88 -1 1 25 43 88 -1 4 19 25 69 -1 34 52 76 88 -1 9 13 91 92 -1 3 30 59 91 -1 4 8 34 60 -1 -2
48 58 60 70 -1 29 59 76 82 -1 6 61 79 85 -1 -2
39 77 84 91 -1 -2
12 33 48 66 -1 36 41 69 80 -1 16 54 65 73 -1 -2
5 9 70 88 -1 25 50 83 85 -1 4 10 20 88 -1 2 7 9 53 -1 -2
24 55 80 99 -1 10 12 32 78 -1 7 8 14 78 -1 2 6 28 93 -1 9 19 49 90 -1 34 50 52 55 -1 30 41 46 69 -1 -2
24 32 68 88 -1 -2
10 13 36 61 -1 22 66 88 92 -1 10 69 84 93 -1 19 46 61 70 -1 3 19 33 52 -1 -2
24 26 76 92 -1 10 27 47 64 -1 57 70 72 94 -1 23 83 96 99 -1 16 29 64 95 -1 -2
36 52 68 72 -1 2 31 47 90 -1 14 57 75 100 -1 -2
38 50 53 96 -1 17 27 57 77 -1 14 25 83 92 -1 5 28 83 87 -1 -2
1 35 37 70 -1 13 22 28 74 -1 9 10 42 85 -1 13 43 53 80 -1 17 87 89 91 -1 21 23 27 96 -1 1 18 65 68 -1 70 90 98 100 -1 -2
8 17 23 97 -1 2 13 67 72 -1 19 23 36 75 -1 1 25 46 48 -1 17 37 63 84 -1 26 38 41 67 -1 38 48 55 90 -1 -2
9 37 85 88 -1 34 57 73 94 -1 5 24 52 88 -1 25 34 74 83 -1 14 40 78 87 -1 10 32 36 39 -1 3 52 60 78 -1 -2
14 48 54 84 -1 33 41 47 98 -1 8 27 58 91 -1 -2
7 53 54 83 -1 28 65 72 97 -1 7 41 81 96 -1 18 20 37 90 -1 46 68 95 98 -1 24 57 71 99 -1 9 12 22 97 -1 -2
23 32 75 93 -1 20 22 49 68 -1 25 72 77 88 -1 18 32 53 97 -1 3 15 36 43 -1 39 54 55 83 -1 -2
31 40 46 98 -1 7 24 37 99 -1 28 56 69 89 -1 2 5 31 82 -1 28 63 75 92 -1 4 13 90 91 -1 42 81 84 95 -1 8 30 70 77 -1 -2
17 47 79 91 -1 31 57 80 83 -1 5 31 58 91 -1 14 28 51 87 -1 -2
16 33 73 95 -1 1 12 24 96 -1 17 52 84 95 -1 24 30 33 93 -1 17 39 74 87 -1 12 22 55 78 -1 12 41 44 53 -1 -2
17 19 64 89 -1 -2
27 30 55 88 -1 25 43 64 92 -1 3 29 38 55 -1 17 19 70 86 -1 24 62 68 72 -1 23 58 83 97 -1 -2
30 49 54 73 -1 11 58 71 89 -1 41 44 85 95 -1 25 26 42 76 -1 5 46 74 85 -1 -2
14 42 50 64 -1 26 50 51 90 -1 7 39 53 89 -1 12 22 58 61 -1 28 73 87 88 -1 -2
45 48 58 77 -1 37 62 73 100 -1 11 55 61 90 -1 -2
15 70 75 92 -1 69 89 90 91 -1 15 33 44 90 -1 1 2 7 58 -1 3 10 42 92 -1 -2
17 38 63 82 -1 48 49 85 91 -1 7 57 73 77 -1 51 71 89 99 -1 32 33 58 60 -1 45 51 84 97 -1 11 15 24 99 -1 -2
50 61 72 74 -1 23 29 55 78 -1 -2
20 27 43 75 -1 57 64 83 85 -1 10 22 65 70 -1 7 24 68 99 -1 -2
18 31 45 53 -1 18 25 42 59 -1 4 50 55 73 -1 -2
14 47 54 95 -1 4 24 47 69 -1 37 69 75 84 -1 34 63 86 88 -1 24 63 73 99 -1 18 29 41 73 -1 6 31 36 70 -1 -2
32 53 79 92 -1 23 38 75 93 -1 5 14 68 94 -1 10 17 37 75 -1 24 46 56 99 -1 14 42 52 67 -1 -2
9 26 38 89 -1 -2
40 65 76 87 -1 26 43 65 89 -1 -2
5 28 43 54 -1 14 55 57 89 -1 -2
64 85 89 98 -1 20 22 33 39 -1 58 59 76 98 -1 10 23 54 84 -1 15 41 42 79 -1 3 10 19 20 -1 3 12 57 79 -1 -2
7 33 79 96 -1 23 41 55 90 -1 26 53 59 74 -1 -2
7 52 64 92 -1 -2
35 42 74 96 -1 15 23 41 57 -1 14 15 35 89 -1 -2
22 75 93 100 -1 23 41 64 99 -1 18 74 79 88 -1 3 48 68 95 -1 9 24 66 99 -1 -2
36 45 92 94 -1 4 31 54 100 -1 9 32 37 78 -1 -2
4 22 81 82 -1 -2
39 63 69 80 -1 12 38 53 60 -1 30 62 68 92 -1 10 18 35 90 -1 -2
4 9 23 49 -1 -2
12 28 49 94 -1 9 77 89 100 -1 68 69 89 99 -1 6 28 38 98 -1 -2
23 51 76 78 -1 29 36 58 63 -1 7 59 60 88 -1 -2
19 20 65 69 -1 15 37 54 100 -1 -2
1 80 83 97 -1 8 68 74 92 -1 9 77 82 95 -1 4 7 47 78 -1 7 14 57 59 -1 29 51 66 76 -1 23 33 52 76 -1 2 62 74 78 -1 -2
16 22 53 98 -1 1 20 26 81 -1 36 49 62 83 -1 -2
2 8 19 93 -1 30 72 82 88 -1 16 18 20 49 -1 -2
12 31 79 98 -1 14 18 78 99 -1 19 64 82 96 -1 27 43 51 54 -1 1 25 33 99 -1 1 34 62 87 -1 10 26 63 95 -1 23 24 34 44 -1 -2
6 24 43 48 -1 29 55 60 94 -1 -2
10 15 78 87 -1 63 81 89 100 -1 2 12 61 74 -1 54 64 88 99 -1 46 63 91 93 -1 24 75 78 86 -1 12 84 87 90 -1 -2
58 63 90 98 -1 28 41 74 85 -1 25 40 61 74 -1 34 40 46 55 -1 55 63 85 87 -1 11 16 26 85 -1 17 23 49 51 -1 -2
31 38 43 47 -1 5 6 67 75 -1 43 52 59 72 -1 -2
51 73 82 86 -1 9 64 93 99 -1 25 31 67 95 -1 30 42 62 77 -1 30 57 82 85 -1 47 64 90 99 -1 52 74 87 97 -1 3 25 32 91 -1 -2
5 41 74 97 -1 37 52 76 83 -1 4 5 58 89 -1 25 34 35 96 -1 27 36 88 93 -1 -2
3 64 81 90 -1 4 47 50 74 -1 5 62 79 99 -1 7 12 81 89 -1 47 48 60 79 -1 6 33 82 85 -1 33 52 75 84 -1 37 74 99 100 -1 -2
42 49 77 92 -1 29 59 79 88 -1 11 37 38 56 -1 42 52 65 90 -1 -2
19 36 37 64 -1 24 27 32 53 -1 -2
8 64 81 83 -1 1 52 76 88 -1 27 31 45 97 -1 13 50 68 84 -1 9 18 51 63 -1 37 56 60 83 -1 23 39 55 70 -1 -2
46 53 66 91 -1 1 31 53 100 -1 2 43 50 95 -1 45 46 53 67 -1 59 67 82 91 -1 17 80 81 97 -1 38 56 57 98 -1 19 31 44 51 -1 -2
43 52 55 58 -1 4 13 88 93 -1 74 89 99 100 -1 8 14 18 46 -1 25 44 74 82 -1 15 57 64 72 -1 60 70 72 82 -1 4 26 58 94 -1 -2
7 33 79 86 -1 -2
5 10 94 99 -1 56 68 72 80 -1 19 52 71 87 -1 -2
11 18 38 89 -1 21 32 54 75 -1 10 11 35 36 -1 3 14 29 31 -1 17 31 58 100 -1 -2
29 87 93 98 -1 59 66 74 78 -1 25 29 82 97 -1 14 15 32 40 -1 -2
18 69 88 90 -1 17 34 39 63 -1 18 44 53 85 -1 12 43 70 87 -1 -2
17 21 42 92 -1 -2
28 37 57 95 -1 60 73 74 90 -1 -2
4 48 72 97 -1 21 40 43 97 -1 35 61 62 94 -1 23 71 74 76 -1 32 36 39 74 -1 8 28 36 46 -1 43 53 68 74 -1 -2
7 30 40 80 -1 -2
38 64 83 100 -1 11 18 36 46 -1 18 33 59 61 -1 9 21 30 61 -1 -2
15 53 68 93 -1 48 53 54 65 -1 29 39 86 93 -1 -2
31 85 91 97 -1 -2
8 18 28 94 -1 30 62 80 97 -1 21 59 66 89 -1 48 70 95 98 -1 33 36 70 97 -1 22 58 93 95 -1 22 36 44 46 -1 7 9 95 97 -1 -2
26 60 71 73 -1 32 69 75 92 -1 1 20 47 64 -1 9 31 49 61 -1 42 44 67 76 -1 -2
6 8 60 81 -1 27 46 81 84 -1 13 20 47 81 -1 -2
2 52 54 81 -1 28 30 42 54 -1 59 66 73 91 -1 -2
31 43 80 98 -1 17 37 60 75 -1 13 15 85 90 -1 6 25 47 49 -1 27 35 54 81 -1 66 77 80 83 -1 32 78 84 92 -1 -2
10 17 23 70 -1 11 32 38 66 -1 31 70 77 100 -1 26 49 72 89 -1 35 42 55 99 -1 11 47 48 70 -1 -2
21 28 52 91 -1 15 44 77 84 -1 23 25 50 68 -1 -2
4 24 42 43 -1 10 39 90 91 -1 40 42 73 96 -1 -2
4 10 73 97 -1 23 31 39 62 -1 42 61 80 90 -1 31 51 63 87 -1 26 28 75 98 -1 -2
7 19 27 78 -1 14 47 88 89 -1 22 25 76 91 -1 38 58 71 81 -1 39 43 59 62 -1 22 30 67 76 -1 -2
5 32 53 82 -1 -2
23 39 58 80 -1 40 46 60 61 -1 7 24 68 78 -1 19 28 40 47 -1 2 3 34 99 -1 39 52 56 93 -1 18 49 72 99 -1 -2
24 51 77 90 -1 -2
1 14 58 90 -1 -2
5 10 27 77 -1 -2
27 29 60 80 -1 -2
17 46 47 77 -1 32 36 48 68 -1 8 22 42 59 -1 -2
19 47 78 87 -1 -2
12 19 47 88 -1 14 20 38 40 -1 17 20 39 76 -1 -2
50 61 63 98 -1 19 25 62 89 -1 1 8 9 87 -1 22 25 31 36 -1 20 31 54 76 -1 74 77 96 100 -1 8 25 49 74 -1 -2
52 57 70 72 -1 -2
4 21 62 69 -1 28 81 88 93 -1 34 47 67 74 -1 16 67 69 83 -1 -2
46 58 88 89 -1 -2
3 29 60 72 -1 32 47 85 94 -1 33 78 79 85 -1 5 19 30 35 -1 23 33 35 43 -1 11 35 69 79 -1 -2
8 11 18 38 -1 -2
49 63 87 88 -1 -2
5 27 57 85 -1 4 17 19 59 -1 28 30 88 98 -1 17 30 99 100 -1 4 43 89 100 -1 -2
4 43 74 96 -1 -2
26 63 74 86 -1 3 40 56 78 -1 2 6 8 26 -1 3 8 9 53 -1 8 9 80 81 -1 29 37 64 74 -1 -2
34 66 74 77 -1 -2
13 21 71 85 -1 13 61 72 86 -1 7 20 36 48 -1 27 53 58 67 -1 -2
27 65 78 94 -1 22 28 58 87 -1 10 56 86 98 -1 19 40 51 52 -1 -2
14 23 38 39 -1 -2
31 35 78 95 -1 42 64 75 77 -1 34 88 90 94 -1 5 11 20 58 -1 3 44 52 89 -1 14 15 26 83 -1 5 40 72 76 -1 24 26 55 91 -1 -2
1 18 19 37 -1 4 6 9 97 -1 -2
33 64 68 73 -1 2 11 27 29 -1 -2
11 49 52 100 -1 12 21 35 61 -1 23 41 49 83 -1 -2
18 46 49 79 -1 -2
15 19 38 66 -1 27 38 48 82 -1 -2
3 26 40 43 -1 5 61 97 98 -1 12 66 70 90 -1 3 52 67 82 -1 10 47 49 77 -1 23 33 46 59 -1 7 29 40 70 -1 -2
22 45 75 86 -1 21 57 71 95 -1 33 65 69 71 -1 15 28 33 42 -1 14 33 48 54 -1 35 62 78 88 -1 11 62 68 84 -1 13 59 65 75 -1 -2
60 61 63 68 -1 16 36 72 74 -1 5 29 44 57 -1 10 23 37 75 -1 5 27 65 69 -1 14 38 75 87 -1 12 47 53 55 -1 1 30 59 82 -1 -2
17 51 65 97 -1 14 26 40 77 -1 9 28 52 53 -1 5 50 80 92 -1 12 26 32 69 -1 8 68 83 92 -1 -2
3 10 21 70 -1 8 12 39 73 -1 35 51 68 98 -1 6 42 67 95 -1 2 30 77 91 -1 38 47 61 78 -1 10 12 65 88 -1 2 27 60 83 -1 -2
70 79 81 92 -1 -2
68 77 91 94 -1 38 65 90 98 -1 18 73 86 93 -1 26 37 64 68 -1 10 59 80 83 -1 21 60 64 74 -1 -2
36 54 78 90 -1 44 56 79 90 -1 38 43 57 74 -1 7 26 36 71 -1 20 73 89 95 -1 14 75 92 100 -1 42 51 75 84 -1 -2
37 44 58 87 -1 26 56 57 89 -1 28 46 57 81 -1 17 23 57 95 -1 6 27 28 40 -1 -2
35 60 63 64 -1 26 45 59 85 -1 22 49 52 62 -1 45 49 62 72 -1 13 20 69 72 -1 15 27 65 70 -1 7 31 92 94 -1 26 39 43 86 -1 -2
7 29 75 83 -1 48 58 68 75 -1 13 27 49 81 -1 34 75 86 100 -1 -2
27 31 68 92 -1 13 25 72 91 -1 9 49 54 81 -1 39 53 64 69 -1 11 15 63 91 -1 4 12 59 82 -1 8 42 58 97 -1 40 48 77 96 -1 -2
14 23 57 78 -1 51 72 84 96 -1 8 51 54 69 -1 1 18 21 56 -1 2 24 63 77 -1 2 19 48 81 -1 58 67 71 72 -1 -2
57 76 97 100 -1 1 14 27 53 -1 29 36 59 93 -1 6 8 25 76 -1 3 8 15 99 -1 36 64 77 95 -1 4 16 32 79 -1 3 5 15 38 -1 -2
35 48 58 97 -1 10 35 67 74 -1 11 20 99 100 -1 31 47 66 82 -1 24 26 53 58 -1 -2
5 31 61 71 -1 1 13 46 53 -1 2 3 36 44 -1 5 57 86 89 -1 36 58 61 65 -1 15 54 56 84 -1 23 62 79 83 -1 -2
3 52 71 86 -1 60 81 82 85 -1 8 61 71 100 -1 33 39 48 76 -1 19 22 43 59 -1 -2
56 63 64 70 -1 10 16 19 62 -1 4 60 61 69 -1 12 45 59 77 -1 38 70 72 94 -1 17 59 83 85 -1 56 61 94 97 -1 25 46 87 90 -1 -2
3 36 52 87 -1 14 17 54 70 -1 -2
19 22 29 73 -1 -2
4 14 50 63 -1 30 54 82 98 -1 -2
18 28 72 91 -1 12 19 36 86 -1 13 55 62 71 -1 15 65 69 75 -1 5 16 66 67 -1 -2
33 66 86 98 -1 47 50 67 98 -1 4 84 91 100 -1 24 65 74 85 -1 -2
18 33 41 44 -1 22 39 77 96 -1 24 34 47 84 -1 77 80 84 95 -1 17 39 64 89 -1 21 23 42 70 -1 19 33 68 89 -1 2 5 68 71 -1 -2
8 64 74 97 -1 -2
17 35 51 88 -1 15 46 58 76 -1 52 65 69 80 -1 3 20 37 75 -1 6 21 25 90 -1 12 47 52 62 -1 40 50 57 66 -1 6 7 29 84 -1 -2
5 10 50 73 -1 13 55 58 70 -1 57 71 86 99 -1 23 41 66 68 -1 11 44 80 99 -1 16 21 41 58 -1 10 79 83 97 -1 21 22 77 90 -1 -2
6 51 54 81 -1 12 65 78 100 -1 23 57 80 90 -1 11 58 68 95 -1 7 12 26 94 -1 8 25 34 55 -1 4 16 27 45 -1 -2
6 10 23 47 -1 6 27 54 77 -1 46 56 64 95 -1 10 40 77 88 -1 -2
24 25 35 70 -1 30 34 92 98 -1 6 14 64 83 -1 58 63 70 95 -1 22 44 93 97 -1 10 61 66 93 -1 1 17 50 83 -1 24 60 65 95 -1 -2
1 21 38 89 -1 6 9 61 65 -1 42 52 94 97 -1 43 61 77 97 -1 5 48 50 97 -1 -2
49 70 77 98 -1 -2
2 16 37 53 -1 4 36 67 79 -1 24 59 65 95 -1 10 20 36 63 -1 40 57 70 91 -1 12 20 51 84 -1 5 51 64 84 -1 -2
58 73 99 100 -1 31 62 69 71 -1 -2
35 36 54 88 -1 5 31 62 83 -1 -2
62 77 85 86 -1 31 81 94 100 -1 39 46 84 97 -1 29 42 47 98 -1 -2
13 41 46 90 -1 25 43 76 93 -1 1 4 66 74 -1 7 53 55 64 -1 26 47 59 62 -1 1 20 53 77 -1 12 26 95 96 -1 -2
15 50 78 80 -1 33 48 54 100 -1 24 26 84 85 -1 1 32 38 85 -1 13 53 56 95 -1 1 29 74 81 -1 10 24 71 81 -1 -2
44 67 80 94 -1 51 64 74 82 -1 5 46 53 59 -1 5 45 62 95 -1 -2
5 13 54 82 -1 -2
25 60 64 94 -1 31 39 64 89 -1 -2
29 49 66 97 -1 11 42 62 70 -1 22 32 46 72 -1 7 33 58 81 -1 10 15 38 82 -1 2 39 58 98 -1 -2
21 28 56 89 -1 10 69 93 98 -1 37 83 86 87 -1 21 56 83 100 -1 -2
46 52 69 90 -1 34 35 54 83 -1 13 42 64 87 -1 -2
27 32 59 70 -1 13 28 47 94 -1 20 71 78 90 -1 4 57 72 73 -1 46 64 69 99 -1 6 8 42 97 -1 14 25 57 73 -1 1 12 33 82 -1 -2
43 64 70 84 -1 17 18 53 85 -1 12 24 86 94 -1 2 5 48 88 -1 58 74 83 89 -1 20 36 57 69 -1 -2
19 36 46 76 -1 3 15 77 98 -1 -2
59 76 84 92 -1 47 53 85 95 -1 -2
29 44 56 58 -1 1 27 51 98 -1 9 31 33 58 -1 7 10 19 78 -1 35 54 68 94 -1 70 72 79 97 -1 2 5 82 84 -1 -2
38 53 65 78 -1 4 38 55 82 -1 29 38 42 46 -1 29 48 77 88 -1 10 71 77 98 -1 43 93 96 100 -1 -2
7 34 61 93 -1 35 37 71 81 -1 16 38 48 49 -1 24 72 83 91 -1 14 37 48 97 -1 32 54 72 93 -1 -2
31 45 64 95 -1 13 19 20 48 -1 25 31 40 92 -1 2 6 56 93 -1 7 15 57 67 -1 11 23 61 75 -1 -2
51 64 68 100 -1 -2
17 20 67 96 -1 57 61 95 96 -1 10 12 61 71 -1 2 22 43 57 -1 11 41 99 100 -1 -2
1 27 52 83 -1 2 4 23 79 -1 13 23 66 85 -1 8 20 36 76 -1 19 24 34 56 -1 11 23 32 84 -1 -2
48 50 80 81 -1 25 61 74 85 -1 15 28 66 81 -1 21 24 59 82 -1 3 37 38 45 -1 28 41 46 66 -1 59 82 90 95 -1 28 70 76 92 -1 -2
30 38 67 70 -1 15 36 95 98 -1 34 39 95 98 -1 15 57 92 97 -1 -2
19 74 79 99 -1 35 49 89 97 -1 -2
17 37 91 95 -1 10 12 29 84 -1 -2
28 34 37 91 -1 -2
16 17 55 82 -1 38 40 81 84 -1 16 28 60 80 -1 38 40 45 61 -1 42 79 93 94 -1 8 53 69 80 -1 19 41 51 83 -1 -2
13 36 63 81 -1 17 22 45 60 -1 -2
43 59 75 79 -1 7 33 63 92 -1 16 53 56 58 -1 12 28 32 91 -1 63 87 90 99 -1 10 15 26 86 -1 -2
33 85 90 91 -1 55 74 75 88 -1 23 29 72 97 -1 6 11 84 100 -1 10 53 62 87 -1 40 59 83 95 -1 -2
13 22 58 97 -1 24 71 74 91 -1 23 52 54 61 -1 19 58 70 88 -1 15 37 81 86 -1 30 41 54 96 -1 33 44 80 95 -1 -2
23 67 72 94 -1 15 17 88 90 -1 9 35 53 67 -1 12 28 57 64 -1 15 24 36 63 -1 20 33 44 55 -1 2 11 46 99 -1 21 80 81 92 -1 -2
45 67 84 100 -1 -2
24 54 63 67 -1 11 14 64 82 -1 5 25 62 83 -1 19 71 78 96 -1 14 18 65 73 -1 6 47 80 94 -1 23 42 44 86 -1 44 46 52 72 -1 -2
11 14 49 81 -1 -2
3 28 40 91 -1 4 15 46 89 -1 26 35 68 84 -1 7 24 37 66 -1 23 74 88 97 -1 7 31 87 92 -1 26 33 78 85 -1 18 23 36 100 -1 -2
54 63 68 90 -1 9 13 74 92 -1 15 47 75 82 -1 39 66 67 88 -1 8 17 48 81 -1 -2
9 42 59 100 -1 53 59 94 100 -1 3 49 53 71 -1 7 36 86 89 -1 46 54 59 79 -1 -2
6 11 53 69 -1 -2
10 27 39 97 -1 17 70 74 77 -1 21 66 89 100 -1 22 39 45 84 -1 8 14 38 65 -1 -2
55 67 76 84 -1 4 17 55 75 -1 11 71 79 88 -1 14 50 57 92 -1 10 37 71 91 -1 23 36 42 94 -1 45 68 90 99 -1 -2
4 25 63 82 -1 25 34 50 73 -1 -2
3 18 36 81 -1 14 15 74 92 -1 2 5 12 25 -1 16 23 42 48 -1 16 36 87 93 -1 17 35 37 61 -1 21 52 61 66 -1 3 57 76 97 -1 -2
20 51 80 85 -1 15 22 72 99 -1 41 61 76 91 -1 33 35 51 73 -1 19 34 35 49 -1 12 19 53 62 -1 5 18 71 86 -1 -2
36 70 78 83 -1 -2
24 39 70 74 -1 24 61 70 72 -1 34 39 66 93 -1 21 33 49 77 -1 23 36 64 93 -1 16 85 90 93 -1 4 36 70 75 -1 -2
22 57 70 97 -1 23 28 85 92 -1 3 7 81 90 -1 29 44 86 93 -1 27 50 85 94 -1 21 26 54 94 -1 7 36 40 76 -1 -2
36 64 77 93 -1 15 27 50 98 -1 -2
42 49 53 78 -1 45 67 81 95 -1 8 50 71 86 -1 10 12 16 92 -1 21 26 41 73 -1 21 55 56 84 -1 -2
5 25 37 98 -1 17 57 66 78 -1 3 6 9 97 -1 29 59 78 79 -1 3 19 21 63 -1 -2
17 42 58 72 -1 14 37 61 100 -1 60 65 84 94 -1 1 43 79 89 -1 24 29 34 93 -1 7 34 47 63 -1 -2
36 43 63 72 -1 12 15 19 56 -1 11 65 81 82 -1 8 25 29 55 -1 3 7 13 22 -1 1 11 14 46 -1 27 43 52 62 -1 -2
23 33 78 85 -1 23 54 78 81 -1 34 50 55 63 -1 8 15 50 64 -1 24 36 46 81 -1 1 17 88 95 -1 -2
12 41 47 96 -1 11 42 75 79 -1 -2
13 31 38 42 -1 -2
21 28 51 89 -1 -2
3 34 51 95 -1 19 24 56 98 -1 12 54 56 93 -1 7 36 78 86 -1 24 27 54 87 -1 13 46 73 77 -1 -2
34 47 62 82 -1 4 16 63 97 -1 18 40 76 97 -1 7 41 84 85 -1 21 37 57 95 -1 43 58 72 95 -1 -2
3 4 69 98 -1 5 34 45 69 -1 38 41 78 100 -1 9 56 66 77 -1 13 20 21 73 -1 -2
47 68 80 87 -1 13 62 87 90 -1 12 33 75 76 -1 11 12 16 48 -1 46 49 52 90 -1 1 29 77 80 -1 55 63 66 72 -1 6 69 70 84 -1 -2
9 23 65 92 -1 10 44 46 94 -1 8 15 19 57 -1 56 66 85 93 -1 12 37 46 52 -1 37 47 82 89 -1 1 3 7 78 -1 56 61 64 81 -1 -2
7 56 70 89 -1 -2
12 13 28 46 -1 59 75 83 96 -1 35 45 54 56 -1 29 30 50 59 -1 5 24 28 29 -1 53 62 69 80 -1 -2
14 16 74 88 -1 13 19 98 100 -1 1 7 22 96 -1 -2
4 30 61 83 -1 29 38 47 79 -1 -2
46 48 81 90 -1 5 84 94 97 -1 6 19 53 72 -1 17 19 51 68 -1 4 15 17 30 -1 19 26 59 68 -1 26 28 38 89 -1 -2
3 24 69 87 -1 73 74 89 96 -1 5 32 52 70 -1 5 28 42 73 -1 4 16 61 69 -1 16 42 60 77 -1 -2
15 41 45 82 -1 6 16 88 89 -1 -2
40 59 61 84 -1 1 55 65 77 -1 17 36 70 88 -1 25 38 40 49 -1 1 38 54 70 -1 13 74 88 93 -1 -2
1 81 86 99 -1 -2
30 54 78 97 -1 12 75 80 88 -1 -2
43 46 82 83 -1 32 35 36 57 -1 -2
9 22 34 45 -1 9 61 65 86 -1 1 15 22 94 -1 4 16 45 63 -1 3 25 77 79 -1 36 50 70 89 -1 19 23 68 80 -1 -2
19 41 50 66 -1 -2
28 82 84 93 -1 10 39 53 83 -1 -2
35 43 51 70 -1 -2
32 34 64 98 -1 14 31 45 94 -1 5 11 69 79 -1 -2
24 78 94 98 -1 -2
19 47 88 94 -1 49 56 78 83 -1 49 53 61 80 -1 11 13 34 73 -1 -2
35 46 56 88 -1 1 18 50 96 -1 19 94 97 99 -1 23 33 65 90 -1 27 30 71 76 -1 12 70 78 82 -1 23 45 66 95 -1 -2
4 12 28 77 -1 -2
6 48 64 71 -1 3 15 26 88 -1 21 38 66 81 -1 26 27 43 67 -1 41 68 71 92 -1 8 39 82 83 -1 15 39 65 92 -1 8 17 34 46 -1 -2
9 18 57 71 -1 16 24 48 81 -1 20 43 59 67 -1 11 17 28 83 -1 36 59 62 74 -1 6 53 56 68 -1 -2
22 52 57 95 -1 -2
2 44 81 92 -1 43 49 51 84 -1 17 30 31 97 -1 1 40 67 94 -1 28 46 82 83 -1 8 15 34 98 -1 2 15 40 57 -1 43 60 69 100 -1 -2
25 35 79 81 -1 51 74 79 95 -1 6 10 13 83 -1 6 35 44 97 -1 4 34 67 97 -1 -2
13 16 42 67 -1 13 62 63 96 -1 4 36 87 94 -1 4 11 49 77 -1 3 62 92 97 -1 15 19 49 85 -1 36 46 64 75 -1 -2
29 58 59 84 -1 6 60 84 88 -1 55 62 67 84 -1 18 25 32 65 -1 33 50 80 94 -1 22 39 57 68 -1 24 63 78 79 -1 -2
10 33 41 61 -1 29 56 65 72 -1 53 54 70 99 -1 11 19 76 89 -1 2 16 22 61 -1 -2
5 31 61 64 -1 14 31 40 71 -1 25 26 88 91 -1 27 65 78 98 -1 -2
1 25 29 90 -1 5 9 15 99 -1 7 27 29 77 -1 36 65 94 95 -1 1 24 45 55 -1 56 65 93 98 -1 7 16 55 96 -1 -2
27 42 45 46 -1 21 40 44 68 -1 4 19 28 96 -1 8 29 60 74 -1 29 46 51 52 -1 3 48 68 80 -1 18 22 71 73 -1 14 51 62 74 -1 -2
40 59 82 99 -1 12 46 74 93 -1 20 28 34 59 -1 12 39 79 85 -1 -2
21 69 72 93 -1 18 30 41 89 -1 11 17 34 47 -1 57 62 88 90 -1 54 63 93 94 -1 20 61 71 81 -1 20 26 44 97 -1 -2
32 40 52 68 -1 25 53 61 76 -1 -2
4 34 71 79 -1 4 47 83 90 -1 11 30 79 85 -1 -2
2 32 51 52 -1 26 67 71 75 -1 1 33 82 89 -1 51 77 86 90 -1 -2
4 8 91 98 -1 6 19 45 74 -1 -2
24 27 75 96 -1 39 42 71 81 -1 44 78 79 80 -1 64 66 88 99 -1 8 34 37 45 -1 19 40 65 77 -1 7 11 33 94 -1 1 51 54 82 -1 -2
14 18 42 90 -1 41 77 87 94 -1 38 58 60 86 -1 17 34 49 71 -1 2 21 28 77 -1 2 8 24 38 -1 28 51 58 80 -1 31 56 76 91 -1 -2
26 36 48 62 -1 34 65 66 99 -1 35 49 59 94 -1 15 43 81 93 -1 24 43 60 62 -1 22 41 56 96 -1 29 58 64 90 -1 23 48 51 83 -1 -2
3 45 67 86 -1 20 30 82 93 -1 5 6 15 81 -1 7 12 37 52 -1 14 21 39 88 -1 -2
5 40 74 81 -1 19 28 40 59 -1 1 4 24 56 -1 -2
41 44 67 95 -1 8 9 25 69 -1 21 38 50 84 -1 6 21 72 77 -1 17 58 60 80 -1 20 34 57 95 -1 19 25 29 70 -1 -2
48 58 62 88 -1 78 81 85 99 -1 17 51 55 96 -1 26 71 94 99 -1 36 41 55 59 -1 16 46 88 96 -1 20 36 55 84 -1 -2
44 58 74 88 -1 5 40 85 98 -1 21 49 58 59 -1 33 60 65 76 -1 11 81 84 97 -1 9 13 45 80 -1 3 26 32 42 -1 1 15 53 76 -1 -2
1 16 44 94 -1 23 36 62 84 -1 -2
2 44 56 64 -1 5 8 13 26 -1 -2
18 27 77 79 -1 22 26 36 72 -1 17 20 22 83 -1 7 64 79 93 -1 -2
19 22 53 100 -1 -2
37 64 70 85 -1 5 16 62 85 -1 5 13 36 56 -1 50 75 78 88 -1 3 42 48 62 -1 17 23 37 93 -1 -2
29 66 85 94 -1 11 24 25 39 -1 8 26 51 57 -1 32 41 50 85 -1 1 30 38 99 -1 -2
33 60 76 82 -1 11 24 39 49 -1 7 10 11 94 -1 4 21 42 74 -1 4 15 40 55 -1 9 19 81 97 -1 -2
44 56 62 100 -1 11 56 75 81 -1 50 61 84 91 -1 36 44 79 83 -1 11 91 96 100 -1 11 34 37 47 -1 -2
1 65 74 75 -1 30 43 47 96 -1 15 42 78 100 -1 13 56 80 92 -1 2 9 70 74 -1 17 40 74 86 -1 16 19 72 95 -1 -2
57 58 86 96 -1 54 56 79 92 -1 59 65 83 85 -1 -2
19 24 36 52 -1 34 37 38 79 -1 6 25 62 73 -1 25 58 73 93 -1 -2
47 56 76 87 -1 15 26 43 53 -1 51 56 80 97 -1 2 45 47 93 -1 -2
65 67 86 100 -1 12 47 92 99 -1 2 64 85 94 -1 8 25 32 43 -1 -2
7 34 37 88 -1 -2
9 59 61 91 -1 1 31 35 47 -1 -2
15 25 68 75 -1 25 36 74 86 -1 -2
7 17 27 51 -1 40 54 69 95 -1 4 9 79 86 -1 36 40 85 93 -1 15 19 46 95 -1 30 51 67 92 -1 21 22 27 65 -1 -2
10 22 94 96 -1 -2
3 8 31 99 -1 24 46 67 68 -1 22 45 80 100 -1 19 41 56 86 -1 55 58 62 73 -1 37 47 72 95 -1 9 19 77 84 -1 3 39 61 91 -1 -2
5 13 74 75 -1 18 34 96 99 -1 9 15 19 28 -1 11 55 66 76 -1 2 75 76 82 -1 14 31 36 98 -1 -2
3 7 54 98 -1 2 6 32 34 -1 -2
34 53 63 82 -1 51 61 79 87 -1 82 88 93 96 -1 -2
53 55 89 98 -1 38 47 70 97 -1 40 51 59 84 -1 56 60 95 97 -1 55 66 72 86 -1 19 31 88 97 -1 -2
43 57 69 93 -1 29 73 83 96 -1 8 26 69 97 -1 29 33 39 61 -1 9 35 49 64 -1 -2
7 61 94 97 -1 4 33 78 87 -1 16 23 29 98 -1 -2
11 49 53 100 -1 10 41 51 58 -1 37 38 39 78 -1 -2
4 34 83 98 -1 25 53 54 84 -1 9 32 64 85 -1 39 52 68 88 -1 2 12 25 42 -1 25 56 73 95 -1 -2
10 48 53 67 -1 65 79 85 87 -1 24 67 77 88 -1 9 50 70 94 -1 11 25 55 84 -1 14 17 35 87 -1 5 15 35 55 -1 -2
11 54 69 100 -1 -2
37 53 73 75 -1 18 23 27 93 -1 2 4 87 90 -1 29 57 82 97 -1 -2
35 56 61 78 -1 4 24 35 84 -1 2 14 79 89 -1 6 44 46 100 -1 5 21 59 85 -1 15 18 80 89 -1 50 71 75 84 -1 22 47 69 86 -1 -2
38 57 72 77 -1 33 53 58 75 -1 -2
4 7 25 44 -1 19 34 60 98 -1 34 35 76 79 -1 8 29 34 64 -1 13 58 68 96 -1 3 38 58 92 -1 16 43 82 94 -1 -2
30 42 56 95 -1 12 24 41 76 -1 11 19 89 90 -1 8 20 78 95 -1 10 15 38 72 -1 -2
65 71 79 88 -1 -2
9 32 36 47 -1 7 27 33 57 -1 22 43 55 60 -1 12 15 64 99 -1 8 18 65 86 -1 -2
38 70 78 91 -1 17 46 48 72 -1 16 68 74 89 -1 50 56 79 92 -1 12 26 47 100 -1 5 75 90 97 -1 22 27 49 65 -1 30 40 93 95 -1 -2
36 45 70 79 -1 23 33 44 71 -1 7 11 17 89 -1 4 14 71 100 -1 1 68 90 100 -1 14 30 84 91 -1 -2
32 47 58 81 -1 16 51 54 82 -1 16 36 37 54 -1 20 39 47 87 -1 11 56 60 71 -1 -2
2 28 52 83 -1 28 43 66 95 -1 21 29 31 73 -1 -2
26 39 47 60 -1 38 49 62 68 -1 8 39 44 49 -1 -2
2 21 47 83 -1 30 31 53 100 -1 8 14 15 52 -1 -2
13 28 38 97 -1 23 41 74 77 -1 -2
20 27 83 86 -1 -2
2 16 41 69 -1 40 64 68 96 -1 4 15 21 90 -1 26 34 48 54 -1 -2
25 46 73 86 -1 -2
2 24 49 62 -1 4 64 83 98 -1 5 38 44 85 -1 32 36 58 62 -1 10 45 73 94 -1 40 42 58 91 -1 4 33 82 88 -1 1 35 56 68 -1 -2
27 46 48 100 -1 29 61 77 94 -1 2 20 52 53 -1 23 30 74 99 -1 52 67 74 87 -1 25 30 31 63 -1 14 55 80 90 -1 15 67 69 99 -1 -2
17 41 63 97 -1 14 60 63 89 -1 3 27 77 100 -1 -2
18 19 61 70 -1 12 34 44 74 -1 30 74 81 93 -1 -2
15 69 77 97 -1 58 63 82 87 -1 3 41 73 85 -1 28 42 54 73 -1 17 37 71 73 -1 -2
18 63 65 70 -1 27 43 81 97 -1 9 28 39 81 -1 -2
2 11 47 69 -1 21 25 38 99 -1 36 50 76 78 -1 43 45 99 100 -1 -2
3 13 38 72 -1 2 30 59 90 -1 12 38 49 99 -1 40 70 74 90 -1 7 52 60 77 -1 28 30 34 70 -1 5 60 90 99 -1 20 47 81 85 -1 -2
9 18 20 77 -1 39 55 60 78 -1 57 79 80 98 -1 20 63 68 97 -1 38 84 89 99 -1 -2
30 36 53 59 -1 33 44 53 73 -1 9 69 77 86 -1 23 37 42 43 -1 15 22 30 74 -1 38 72 81 94 -1 -2
15 26 66 76 -1 20 28 32 89 -1 1 36 73 89 -1 1 10 23 98 -1 27 51 53 64 -1 8 27 32 55 -1 -2
8 22 24 67 -1 -2
17 24 48 82 -1 13 26 33 38 -1 26 44 45 47 -1 -2
11 15 57 74 -1 29 38 62 70 -1 7 26 69 97 -1 23 35 73 81 -1 -2
11 27 46 89 -1 -2
27 39 42 81 -1 8 63 65 86 -1 6 28 38 88 -1 -2
44 45 58 94 -1 28 54 73 97 -1 7 39 48 54 -1 35 39 41 91 -1 -2
6 32 38 85 -1 16 32 35 43 -1 12 15 41 98 -1 41 44 50 86 -1 -2
14 18 25 46 -1 15 69 73 95 -1 44 49 59 77 -1 52 68 79 83 -1 25 43 65 87 -1 13 52 57 58 -1 24 28 52 79 -1 -2
26 27 71 73 -1 36 44 57 78 -1 17 56 62 72 -1 27 31 61 99 -1 40 89 91 94 -1 3 14 22 27 -1 5 7 12 54 -1 24 73 76 85 -1 -2
29 35 49 65 -1 18 38 62 69 -1 7 37 47 98 -1 -2
6 12 16 71 -1 -2
34 48 56 57 -1 10 18 25 70 -1 27 36 59 99 -1 -2
19 48 89 98 -1 36 37 77 87 -1 11 27 42 58 -1 22 34 35 65 -1 22 52 61 83 -1 44 49 53 69 -1 37 45 83 85 -1 27 41 42 66 -1 -2
7 11 41 98 -1 -2
20 65 73 77 -1 38 43 65 92 -1 3 32 62 72 -1 34 77 92 96 -1 28 35 46 80 -1 -2
6 7 33 87 -1 35 44 47 95 -1 -2
11 38 48 61 -1 -2
31 33 46 97 -1 -2
18 58 73 78 -1 23 28 34 79 -1 12 19 22 65 -1 1 13 21 62 -1 51 84 92 100 -1 18 31 60 81 -1 10 25 43 49 -1 -2
23 41 77 95 -1 14 54 75 87 -1 50 76 85 91 -1 18 69 80 94 -1 25 50 57 94 -1 -2
3 65 76 90 -1 3 51 87 93 -1 16 19 62 99 -1 11 61 76 87 -1 15 60 73 100 -1 7 35 49 58 -1 21 38 53 60 -1 -2
69 75 81 82 -1 9 58 68 75 -1 31 43 49 83 -1 23 40 48 95 -1 17 35 77 83 -1 -2
5 30 75 96 -1 -2
45 57 83 87 -1 23 42 44 80 -1 32 50 88 89 -1 23 63 71 79 -1 15 21 23 61 -1 -2
27 32 86 97 -1 15 45 47 62 -1 -2
19 36 41 99 -1 17 53 55 68 -1 2 35 48 52 -1 26 50 65 100 -1 73 81 84 96 -1 8 36 66 83 -1 -2
54 71 78 91 -1 2 37 77 92 -1 12 76 99 100 -1 12 22 65 75 -1 9 59 71 84 -1 -2
10 26 28 95 -1 29 82 83 95 -1 38 39 43 79 -1 5 63 70 89 -1 27 85 90 96 -1 56 62 74 75 -1 -2
14 23 46 79 -1 22 23 25 90 -1 19 41 44 53 -1 2 26 81 100 -1 8 46 79 97 -1 30 39 78 93 -1 23 28 54 99 -1 15 29 30 65 -1 -2
34 68 97 98 -1 -2
45 72 81 84 -1 72 74 83 100 -1 23 42 68 89 -1 16 60 75 99 -1 36 39 71 91 -1 19 31 50 97 -1 20 35 72 76 -1 43 51 68 100 -1 -2
8 26 29 73 -1 44 60 80 89 -1 42 73 75 86 -1 18 33 43 80 -1 20 25 30 36 -1 25 34 36 54 -1 31 44 56 74 -1 -2
9 17 62 65 -1 28 50 68 98 -1 -2
22 47 52 81 -1 3 24 27 40 -1 23 38 75 77 -1 3 12 55 72 -1 15 24 52 74 -1 5 6 63 93 -1 14 59 69 95 -1 -2
17 39 53 95 -1 3 60 97 100 -1 14 44 73 89 -1 6 14 74 93 -1 22 25 62 92 -1 -2
1 14 24 73 -1 23 44 65 69 -1 8 34 53 72 -1 16 87 90 98 -1 3 7 30 40 -1 -2
1 79 87 100 -1 50 61 75 88 -1 36 43 76 84 -1 21 28 61 83 -1 -2
1 41 49 75 -1 29 32 41 76 -1 14 29 30 47 -1 7 28 39 60 -1 -2
20 33 72 96 -1 7 22 46 88 -1 20 42 80 96 -1 42 52 60 85 -1 29 34 48 57 -1 -2
18 33 44 79 -1 12 70 73 80 -1 20 31 36 72 -1 6 19 34 66 -1 -2
55 58 60 90 -1 -2
25 46 56 59 -1 12 40 66 100 -1 8 13 91 96 -1 17 23 57 63 -1 -2
11 24 59 75 -1 7 33 41 79 -1 1 23 39 56 -1 11 43 58 77 -1 37 60 73 96 -1 -2
40 56 58 71 -1 12 16 27 32 -1 14 28 50 98 -1 18 20 52 73 -1 5 11 16 87 -1 46 63 67 69 -1 21 41 49 84 -1 15 69 75 79 -1 -2
31 36 48 63 -1 18 24 34 52 -1 38 59 85 96 -1 6 26 51 74 -1 14 36 66 78 -1 12 17 29 81 -1 5 20 30 70 -1 42 44 48 69 -1 -2
5 9 52 63 -1 14 40 49 81 -1 -2
45 62 68 72 -1 10 43 54 91 -1 12 45 46 53 -1 35 38 67 95 -1 4 15 34 91 -1 -2
10 32 61 78 -1 -2
25 37 52 93 -1 34 44 69 87 -1 18 20 27 80 -1 10 23 24 42 -1 3 17 87 90 -1 16 50 58 89 -1 16 69 84 88 -1 -2
56 73 75 100 -1 17 55 58 91 -1 -2
8 11 21 70 -1 17 50 71 73 -1 5 24 72 92 -1 35 36 39 97 -1 31 69 72 89 -1 9 60 94 99 -1 -2
45 50 54 84 -1 38 40 50 99 -1 10 11 44 51 -1 65 87 88 93 -1 17 42 44 46 -1 26 36 51 53 -1 11 18 71 88 -1 -2
72 82 94 96 -1 23 53 90 95 -1 -2
2 48 63 94 -1 1 10 36 73 -1 44 61 66 88 -1 -2
3 71 72 76 -1 32 38 72 87 -1 43 64 78 96 -1 6 13 36 80 -1 32 46 64 86 -1 70 71 74 84 -1 34 47 82 100 -1 12 30 33 94 -1 -2
79 80 83 85 -1 5 44 52 55 -1 12 32 63 97 -1 3 22 26 43 -1 1 15 42 74 -1 69 72 95 97 -1 1 52 73 90 -1 4 39 46 74 -1 -2
22 30 38 80 -1 10 56 80 81 -1 -2
1 4 36 86 -1 -2
1 32 42 90 -1 27 46 47 75 -1 42 78 82 85 -1 1 30 69 78 -1 2 34 55 73 -1 13 24 29 79 -1 3 15 32 65 -1 -2
10 72 80 81 -1 16 42 48 93 -1 32 37 41 50 -1 1 73 77 89 -1 -2
38 50 79 85 -1 13 29 57 93 -1 30 48 53 70 -1 30 45 55 75 -1 21 75 77 96 -1 12 46 79 87 -1 18 42 51 90 -1 8 52 73 74 -1 -2
7 64 82 83 -1 -2
21 91 95 97 -1 56 66 68 93 -1 43 60 84 90 -1 7 39 41 52 -1 18 30 33 76 -1 8 10 65 72 -1 9 30 39 61 -1 13 16 72 85 -1 -2
1 14 27 90 -1 1 7 61 97 -1 48 56 90 99 -1 24 25 74 87 -1 43 72 79 95 -1 20 32 74 97 -1 20 42 90 100 -1 48 71 83 93 -1 -2
54 64 82 97 -1 12 18 20 40 -1 35 48 51 58 -1 8 46 63 96 -1 -2
15 43 67 97 -1 40 45 51 82 -1 3 28 38 48 -1 39 56 80 95 -1 63 66 90 92 -1 5 42 64 92 -1 6 23 25 72 -1 -2
10 55 65 76 -1 6 22 30 94 -1 2 6 61 86 -1 20 38 86 97 -1 52 62 79 96 -1 4 30 76 84 -1 27 38 39 48 -1 16 19 53 97 -1 -2
20 25 63 85 -1 12 57 94 96 -1 3 8 23 96 -1 3 4 68 79 -1 4 9 14 71 -1 48 51 96 98 -1 41 63 82 85 -1 14 18 65 95 -1 -2
17 43 52 65 -1 68 84 91 99 -1 66 72 90 91 -1 24 30 51 89 -1 15 30 72 79 -1 8 22 37 74 -1 3 33 46 99 -1 25 40 45 89 -1 -2
21 38 57 95 -1 2 5 13 26 -1 -2
18 64 68 88 -1 17 53 76 89 -1 1 16 71 82 -1 31 65 83 96 -1 20 45 59 71 -1 -2
6 18 68 94 -1 -2
26 46 68 98 -1 25 37 52 63 -1 12 30 57 90 -1 -2
8 70 75 80 -1 4 34 43 77 -1 12 13 33 73 -1 59 60 79 94 -1 3 22 61 96 -1 17 34 53 93 -1 68 69 70 79 -1 -2
5 31 39 68 -1 13 21 47 54 -1 14 34 43 86 -1 27 36 84 100 -1 3 51 71 86 -1 19 43 53 85 -1 -2
47 52 53 88 -1 -2
10 14 35 95 -1 31 61 64 80 -1 21 31 58 73 -1 3 33 76 93 -1 33 36 45 52 -1 -2
3 5 33 98 -1 12 37 52 60 -1 23 27 31 63 -1 5 34 51 60 -1 22 41 43 46 -1 15 61 92 100 -1 11 45 69 87 -1 -2
6 15 21 39 -1 10 16 34 39 -1 54 60 69 75 -1 36 41 69 94 -1 -2
12 36 63 94 -1 2 5 55 74 -1 1 79 80 94 -1 26 28 81 96 -1 12 32 36 52 -1 7 37 56 78 -1 6 17 18 66 -1 21 31 72 81 -1 -2
9 31 62 78 -1 59 68 85 97 -1 15 85 87 92 -1 35 66 85 94 -1 41 66 76 88 -1 52 68 70 76 -1 -2
11 23 60 80 -1 10 38 66 89 -1 31 49 93 98 -1 26 38 79 89 -1 4 27 78 99 -1 19 26 78 88 -1 -2
9 12 19 75 -1 12 61 75 96 -1 59 62 75 92 -1 -2
18 49 51 65 -1 45 62 85 98 -1 34 62 89 91 -1 17 24 77 88 -1 12 57 74 81 -1 18 30 67 85 -1 53 56 57 90 -1 14 45 56 82 -1 -2
36 54 71 90 -1 27 34 52 96 -1 -2
40 47 97 98 -1 -2
11 77 78 89 -1 15 57 78 94 -1 42 62 83 91 -1 -2
5 9 16 36 -1 50 55 56 89 -1 3 42 51 74 -1 14 46 67 88 -1 11 19 56 70 -1 34 59 90 98 -1 -2
2 14 47 92 -1 6 10 12 92 -1 35 57 64 73 -1 -2
10 35 81 89 -1 10 29 78 82 -1 32 42 46 52 -1 34 50 55 94 -1 5 21 34 69 -1 21 76 84 95 -1 -2
11 25 27 41 -1 52 56 64 69 -1 6 13 19 99 -1 39 54 59 93 -1 17 46 93 100 -1 -2
42 58 70 79 -1 35 59 69 94 -1 32 36 57 77 -1 29 63 89 100 -1 7 54 75 98 -1 -2
2 10 42 80 -1 73 77 90 100 -1 12 20 37 93 -1 7 30 50 92 -1 29 70 82 96 -1 3 14 23 51 -1 21 43 77 87 -1 3 26 31 42 -1 -2
1 2 33 77 -1 -2
62 81 84 88 -1 -2
2 26 41 59 -1 13 35 75 84 -1 1 47 68 95 -1 6 23 47 75 -1 5 14 18 84 -1 32 33 62 91 -1 48 55 90 95 -1 15 35 75 96 -1 -2
20 33 63 92 -1 10 42 56 97 -1 6 30 49 87 -1 17 36 59 73 -1 3 61 62 64 -1 41 78 79 92 -1 8 33 49 83 -1 -2
64 83 87 96 -1 5 10 34 73 -1 13 57 84 93 -1 10 15 46 50 -1 -2
6 69 76 94 -1 21 23 45 61 -1 18 44 48 89 -1 2 12 43 70 -1 -2
1 18 30 69 -1 49 51 67 72 -1 -2
44 61 78 79 -1 37 61 62 82 -1 20 32 37 53 -1 4 21 24 27 -1 2 16 61 90 -1 -2
13 27 84 88 -1 25 27 36 43 -1 10 32 39 86 -1 43 65 94 99 -1 16 30 60 83 -1 -2
12 33 80 88 -1 32 58 71 72 -1 4 59 68 75 -1 6 51 78 85 -1 40 49 70 92 -1 27 41 44 93 -1 21 30 42 76 -1 -2
6 12 42 47 -1 22 45 80 83 -1 76 80 86 97 -1 -2
14 33 51 100 -1 -2
18 20 64 75 -1 10 67 70 99 -1 35 50 66 93 -1 6 19 20 21 -1 1 54 65 79 -1 21 54 71 92 -1 -2
17 18 73 89 -1 44 68 75 94 -1 24 45 59 92 -1 22 34 47 58 -1 -2
33 58 60 95 -1 64 74 75 91 -1 9 55 76 95 -1 24 67 69 88 -1 11 54 56 94 -1 29 36 77 98 -1 6 10 46 83 -1 -2
19 31 66 78 -1 15 42 71 79 -1 64 71 85 89 -1 19 37 39 46 -1 20 51 77 94 -1 33 46 60 81 -1 45 74 93 98 -1 -2
1 60 78 87 -1 46 77 88 99 -1 45 46 80 93 -1 17 65 70 81 -1 -2
31 40 72 74 -1 3 11 30 47 -1 36 39 57 82 -1 5 21 23 50 -1 22 41 44 66 -1 4 6 72 91 -1 6 15 61 90 -1 32 44 93 99 -1 -2
14 37 50 78 -1 10 39 41 82 -1 35 46 53 75 -1 50 65 77 89 -1 43 48 68 98 -1 5 33 38 93 -1 -2
13 25 90 91 -1 29 60 73 74 -1 15 21 72 81 -1 3 22 66 94 -1 4 31 32 53 -1 -2
19 25 36 74 -1 33 49 67 72 -1 -2
17 20 22 70 -1 8 49 52 86 -1 -2
1 20 53 77 -1 25 41 57 79 -1 27 40 48 58 -1 8 49 67 89 -1 9 24 26 76 -1 11 20 49 55 -1 10 26 50 89 -1 -2
26 48 75 80 -1 4 34 42 71 -1 13 35 62 65 -1 8 10 69 72 -1 43 50 66 100 -1 -2
2 34 89 99 -1 16 20 37 66 -1 25 28 73 81 -1 -2
44 86 88 100 -1 23 31 81 91 -1 5 19 45 62 -1 29 74 75 77 -1 19 37 70 77 -1 -2
66 67 69 79 -1 7 16 82 96 -1 10 15 56 98 -1 -2
54 56 85 98 -1 -2
12 49 55 90 -1 34 53 77 99 -1 1 8 65 79 -1 60 65 81 85 -1 -2
34 57 61 77 -1 30 40 67 68 -1 17 31 36 45 -1 30 59 73 87 -1 13 69 80 88 -1 49 82 84 96 -1 6 45 88 98 -1 -2
31 61 85 90 -1 4 16 55 68 -1 16 25 58 95 -1 3 6 38 80 -1 -2
42 68 71 91 -1 13 54 64 75 -1 34 56 59 65 -1 45 68 73 94 -1 -2
32 36 87 88 -1 15 42 51 97 -1 1 37 49 61 -1 81 84 94 96 -1 15 62 80 95 -1 29 40 64 82 -1 9 36 81 96 -1 16 28 53 54 -1 -2
16 30 63 100 -1 3 12 37 70 -1 2 35 60 88 -1 30 32 44 60 -1 5 16 41 81 -1 -2
46 54 64 68 -1 16 40 67 80 -1 -2
17 46 54 65 -1 37 44 68 79 -1 10 35 76 94 -1 23 30 36 99 -1 12 18 26 46 -1 12 28 68 71 -1 -2
37 38 60 61 -1 20 24 29 45 -1 80 86 99 100 -1 15 43 46 53 -1 6 29 77 94 -1 28 42 45 72 -1 27 43 58 76 -1 -2
33 42 52 80 -1 5 6 44 58 -1 -2
37 47 68 78 -1 14 32 47 81 -1 1 4 10 12 -1 5 7 57 60 -1 32 44 60 96 -1 4 5 8 89 -1 25 36 51 73 -1 39 54 77 80 -1 -2
1 23 33 34 -1 2 12 45 82 -1 24 51 82 85 -1 17 32 74 100 -1 34 61 87 99 -1 6 11 70 78 -1 -2
22 33 88 98 -1 13 14 29 86 -1 7 21 30 33 -1 -2
24 70 92 93 -1 -2
6 69 73 85 -1 2 41 50 72 -1 28 35 65 74 -1 29 41 57 78 -1 9 48 52 85 -1 11 28 60 86 -1 22 35 65 77 -1 -2
37 48 66 90 -1 20 44 57 63 -1 4 33 52 75 -1 14 21 45 50 -1 5 38 52 78 -1 39 58 70 77 -1 38 44 51 90 -1 -2
80 84 85 93 -1 5 29 96 98 -1 10 27 90 96 -1 37 42 55 96 -1 42 48 58 93 -1 41 57 69 72 -1 -2
15 25 32 76 -1 48 63 74 87 -1 1 29 38 59 -1 62 63 95 100 -1 3 16 22 38 -1 13 45 84 93 -1 20 33 92 96 -1 37 52 56 66 -1 -2
8 25 44 52 -1 59 71 76 84 -1 -2
2 10 25 46 -1 15 17 31 44 -1 36 40 68 95 -1 3 87 95 98 -1 49 62 65 93 -1 9 13 66 90 -1 30 55 65 99 -1 -2
15 25 68 76 -1 47 49 56 83 -1 25 43 59 75 -1 23 58 66 95 -1 2 13 87 96 -1 3 16 35 95 -1 24 32 77 84 -1 10 26 52 94 -1 -2
18 57 65 82 -1 10 29 49 73 -1 -2
14 32 88 92 -1 19 39 71 85 -1 5 31 42 79 -1 3 51 52 75 -1 12 20 29 76 -1 38 53 72 81 -1 7 30 61 75 -1 -2
4 51 61 62 -1 15 21 24 34 -1 8 23 41 66 -1 21 53 64 81 -1 6 22 27 98 -1 -2
42 69 82 89 -1 -2
31 34 41 58 -1 80 81 96 98 -1 12 48 70 87 -1 -2
1 19 47 93 -1 -2
32 75 77 87 -1 8 54 82 95 -1 37 42 50 91 -1 23 46 65 83 -1 5 13 70 73 -1 26 43 45 46 -1 18 66 70 89 -1 4 32 67 91 -1 -2
16 47 82 91 -1 41 42 47 57 -1 -2
46 64 70 79 -1 14 19 43 69 -1 24 40 42 83 -1 -2
1 44 81 91 -1 19 46 47 84 -1 -2
9 12 61 72 -1 28 46 60 74 -1 12 21 52 74 -1 6 19 65 88 -1 2 70 92 94 -1 5 72 76 77 -1 10 30 59 83 -1 14 38 66 97 -1 -2
13 23 93 99 -1 16 21 52 87 -1 31 66 76 81 -1 25 45 61 94 -1 -2
16 46 50 64 -1 10 54 61 88 -1 -2
3 6 66 86 -1 13 31 38 80 -1 48 79 87 100 -1 18 26 56 73 -1 21 63 79 81 -1 1 5 68 77 -1 16 61 84 98 -1 -2
15 41 58 60 -1 4 20 45 90 -1 9 11 53 94 -1 23 42 70 98 -1 3 28 38 69 -1 21 24 34 86 -1 -2
9 63 73 86 -1 24 55 79 86 -1 30 42 52 70 -1 19 55 78 97 -1 29 33 89 90 -1 15 26 39 49 -1 -2
7 25 52 81 -1 1 5 7 80 -1 11 61 90 100 -1 33 53 88 100 -1 43 54 68 89 -1 -2
20 53 56 77 -1 32 49 77 93 -1 20 25 29 93 -1 1 15 59 70 -1 -2
36 56 67 85 -1 23 64 78 100 -1 23 32 33 58 -1 9 43 46 98 -1 3 10 33 40 -1 15 46 55 99 -1 2 58 69 80 -1 26 29 53 71 -1 -2
4 7 25 51 -1 3 28 52 100 -1 20 59 86 92 -1 -2
4 77 92 98 -1 -2
28 36 47 53 -1 14 26 67 75 -1 3 17 35 76 -1 -2
38 63 74 84 -1 33 57 60 85 -1 8 38 48 49 -1 5 36 55 74 -1 21 25 49 50 -1 44 45 58 90 -1 3 25 26 31 -1 -2
30 48 93 95 -1 56 59 66 81 -1 5 24 73 97 -1 7 22 42 72 -1 23 56 65 95 -1 14 40 59 74 -1 -2
12 52 75 97 -1 9 75 80 85 -1 4 17 71 73 -1 -2
61 90 95 99 -1 -2
75 77 80 91 -1 29 39 42 96 -1 23 76 77 93 -1 32 54 68 81 -1 1 16 52 65 -1 13 23 68 91 -1 -2
21 28 54 89 -1 -2
13 20 60 95 -1 6 23 30 90 -1 -2
45 50 53 65 -1 13 47 80 82 -1 2 9 14 15 -1 10 25 58 92 -1 -2
59 61 89 91 -1 -2
2 14 38 47 -1 13 49 58 63 -1 23 50 67 88 -1 61 67 79 87 -1 25 72 76 100 -1 19 25 31 58 -1 8 48 80 90 -1 -2
48 86 89 94 -1 8 25 58 70 -1 7 22 71 72 -1 17 23 41 61 -1 -2
5 47 84 89 -1 16 17 30 63 -1 8 34 75 98 -1 11 15 45 64 -1 6 14 48 53 -1 12 34 48 62 -1 8 32 55 100 -1 17 25 29 72 -1 -2
12 45 71 73 -1 -2
15 19 60 67 -1 -2
29 54 65 68 -1 21 23 43 91 -1 24 40 51 59 -1 14 22 27 81 -1 1 4 33 89 -1 11 36 52 90 -1 46 48 69 70 -1 21 40 56 74 -1 -2
2 33 46 97 -1 18 25 28 29 -1 -2
10 43 71 98 -1 13 22 28 74 -1 34 75 78 93 -1 -2
11 13 47 71 -1 24 52 69 95 -1 8 71 89 95 -1 8 25 82 89 -1 15 72 92 99 -1 -2
37 47 50 82 -1 1 16 17 77 -1 15 20 23 60 -1 -2
17 72 80 88 -1 8 24 37 66 -1 -2
16 22 58 64 -1 23 36 44 81 -1 1 52 76 91 -1 1 2 4 35 -1 7 34 62 77 -1 16 17 28 47 -1 19 21 26 53 -1 11 68 73 81 -1 -2
1 43 61 91 -1 61 71 76 98 -1 17 28 51 79 -1 -2
22 36 72 81 -1 7 41 75 84 -1 25 28 37 100 -1 11 27 43 70 -1 61 66 68 90 -1 45 49 59 95 -1 19 37 40 60 -1 26 48 50 83 -1 -2
12 22 32 84 -1 33 52 55 78 -1 18 40 50 52 -1 11 53 61 70 -1 49 64 79 88 -1 -2
35 57 81 99 -1 38 54 56 60 -1 2 6 24 58 -1 29 50 83 96 -1 -2
30 75 78 85 -1 19 24 30 36 -1 27 51 79 96 -1 25 27 28 87 -1 33 67 73 86 -1 42 53 89 92 -1 -2
26 50 66 83 -1 8 11 15 54 -1 18 24 25 86 -1 8 26 68 70 -1 -2
10 14 34 53 -1 20 53 68 82 -1 34 50 58 81 -1 9 34 61 62 -1 15 21 38 58 -1 10 12 43 50 -1 5 41 48 100 -1 45 50 61 94 -1 -2
36 68 87 99 -1 30 54 76 85 -1 44 54 62 85 -1 33 40 43 57 -1 25 41 63 81 -1 2 20 55 86 -1 26 35 61 87 -1 -2
28 46 62 69 -1 6 26 30 38 -1 34 37 56 74 -1 7 16 76 97 -1 8 33 47 58 -1 12 51 80 97 -1 -2
3 60 63 83 -1 42 88 90 96 -1 11 58 88 91 -1 2 35 64 81 -1 18 37 51 83 -1 7 61 71 93 -1 41 55 84 88 -1 4 10 26 60 -1 -2
17 26 53 56 -1 15 21 23 24 -1 73 76 84 96 -1 -2
19 43 50 62 -1 26 56 66 69 -1 34 67 93 96 -1 -2
4 15 43 81 -1 22 56 70 98 -1 11 22 35 36 -1 35 46 79 100 -1 49 54 69 80 -1 15 24 72 82 -1 5 77 89 99 -1 11 12 17 61 -1 -2
11 12 50 62 -1 4 17 22 63 -1 -2
12 66 79 91 -1 8 19 27 74 -1 20 50 97 100 -1 5 49 71 78 -1 47 58 66 95 -1 -2
6 10 24 77 -1 -2
5 9 30 90 -1 23 30 77 81 -1 5 18 30 64 -1 41 55 77 79 -1 16 31 59 83 -1 -2
22 46 80 92 -1 41 76 80 88 -1 2 17 50 68 -1 3 57 73 78 -1 7 18 30 50 -1 5 16 22 72 -1 3 23 68 96 -1 -2
36 54 58 70 -1 -2
1 19 20 43 -1 18 39 71 72 -1 7 23 85 98 -1 -2
16 21 27 32 -1 14 28 91 96 -1 6 29 38 67 -1 20 28 50 93 -1 9 17 45 62 -1 6 17 48 95 -1 27 40 53 91 -1 13 61 63 73 -1 -2
4 22 24 62 -1 2 44 92 97 -1 39 45 50 94 -1 30 71 73 82 -1 40 45 53 76 -1 15 30 31 93 -1 19 28 40 94 -1 75 79 80 100 -1 -2
31 35 59 77 -1 59 69 71 82 -1 4 6 69 73 -1 -2
48 58 94 98 -1 4 12 37 91 -1 10 47 49 53 -1 20 32 71 83 -1 10 36 59 79 -1 -2
4 29 35 78 -1 4 41 66 97 -1 28 52 76 80 -1 -2
44 58 79 93 -1 -2
16 55 66 96 -1 27 58 92 97 -1 64 67 69 99 -1 9 36 55 68 -1 3 61 72 77 -1 1 49 73 83 -1 -2
10 41 64 81 -1 35 42 54 92 -1 21 71 81 84 -1 11 55 66 99 -1 32 55 80 88 -1 4 10 91 93 -1 -2
14 55 90 97 -1 5 17 36 70 -1 6 27 43 63 -1 -2
10 50 54 85 -1 14 32 37 46 -1 75 77 79 86 -1 35 36 87 90 -1 17 34 73 89 -1 6 18 54 92 -1 -2
54 67 82 98 -1 19 56 81 87 -1 9 28 57 93 -1 22 27 64 91 -1 21 66 76 80 -1 -2
8 25 49 69 -1 12 29 39 91 -1 -2
4 54 55 91 -1 24 36 52 73 -1 42 63 78 90 -1 13 80 85 99 -1 3 37 89 99 -1 59 66 76 96 -1 36 52 67 81 -1 9 34 82 100 -1 -2
45 47 49 84 -1 34 54 56 94 -1 -2
28 36 45 84 -1 64 77 78 82 -1 39 43 91 92 -1 1 47 57 82 -1 16 71 73 83 -1 42 47 67 85 -1 12 40 41 100 -1 -2
2 42 49 59 -1 73 77 85 99 -1 23 60 96 98 -1 -2
27 39 66 77 -1 21 22 24 43 -1 5 44 77 81 -1 23 33 37 62 -1 17 68 73 88 -1 5 36 39 63 -1 18 23 45 57 -1 60 71 79 92 -1 -2
47 57 61 67 -1 1 8 82 98 -1 23 41 89 99 -1 5 39 65 72 -1 16 49 58 59 -1 28 46 53 60 -1 48 53 60 88 -1 17 44 58 79 -1 -2
40 78 82 86 -1 11 55 58 97 -1 9 13 41 52 -1 -2
23 48 93 98 -1 3 38 42 63 -1 3 30 79 100 -1 -2
18 55 71 94 -1 40 60 90 92 -1 -2
33 64 95 100 -1 11 16 31 73 -1 19 26 63 94 -1 43 47 51 71 -1 50 64 80 92 -1 22 38 85 93 -1 39 84 88 90 -1 19 27 52 80 -1 -2
46 64 88 96 -1 7 52 96 99 -1 7 66 67 73 -1 17 38 46 57 -1 5 33 43 90 -1 -2
41 57 71 76 -1 -2
44 46 76 79 -1 15 50 72 94 -1 4 44 53 90 -1 -2
19 55 87 93 -1 17 18 33 99 -1 6 29 72 90 -1 36 66 88 96 -1 18 28 29 61 -1 12 43 62 73 -1 2 5 34 90 -1 -2
10 57 65 99 -1 -2
4 10 56 82 -1 1 18 22 99 -1 7 31 60 89 -1 2 6 22 24 -1 13 19 84 89 -1 9 23 31 99 -1 51 78 96 99 -1 54 94 99 100 -1 -2
20 29 35 61 -1 21 42 86 99 -1 3 24 62 83 -1 3 20 48 68 -1 -2
2 29 80 97 -1 -2
9 11 80 98 -1 16 20 40 50 -1 74 76 94 95 -1 -2
13 35 55 93 -1 -2
44 49 59 78 -1 21 26 65 78 -1 -2
3 52 54 83 -1 10 15 34 88 -1 5 31 39 45 -1 22 33 62 75 -1 6 30 62 83 -1 47 60 78 90 -1 -2
27 47 69 77 -1 52 61 69 94 -1 19 50 66 72 -1 43 57 71 90 -1 37 48 63 73 -1 2 12 29 48 -1 30 55 77 88 -1 67 80 84 88 -1 -2
21 67 73 79 -1 4 50 54 62 -1 33 38 72 76 -1 12 37 47 100 -1 11 39 78 92 -1 27 86 94 95 -1 -2
6 8 19 32 -1 8 16 27 55 -1 -2
14 26 83 86 -1 4 50 53 55 -1 -2
8 16 25 97 -1 -2
12 13 26 27 -1 1 8 19 31 -1 14 31 40 59 -1 9 29 35 84 -1 43 46 52 57 -1 18 22 41 89 -1 -2
19 26 52 64 -1 26 71 74 76 -1 11 20 40 59 -1 -2
38 48 80 94 -1 17 64 70 77 -1 23 30 88 91 -1 9 14 58 68 -1 34 67 78 89 -1 38 60 75 76 -1 -2
6 79 91 98 -1 48 83 91 97 -1 14 58 76 82 -1 18 52 85 99 -1 -2
13 26 81 95 -1 21 46 85 98 -1 2 15 50 77 -1 25 30 51 66 -1 34 42 80 99 -1 -2
28 57 74 95 -1 29 36 88 100 -1 2 7 68 87 -1 2 34 38 69 -1 21 25 36 85 -1 9 46 47 84 -1 9 49 76 93 -1 -2
13 41 44 96 -1 -2
9 47 65 80 -1 26 31 47 98 -1 2 55 90 97 -1 24 41 68 78 -1 -2
4 29 42 73 -1 54 59 80 100 -1 31 84 86 88 -1 22 23 63 91 -1 52 70 77 79 -1 4 6 93 95 -1 32 35 46 72 -1 29 51 66 83 -1 -2
20 63 73 88 -1 4 9 12 51 -1 1 48 50 89 -1 31 88 93 96 -1 14 33 65 67 -1 -2
5 26 76 87 -1 28 31 32 95 -1 12 20 27 50 -1 55 68 70 87 -1 27 36 41 50 -1 23 24 43 83 -1 31 64 65 88 -1 7 23 33 87 -1 -2
1 6 55 93 -1 6 15 60 66 -1 15 29 55 72 -1 -2
14 44 54 98 -1 -2
28 53 75 81 -1 13 48 75 97 -1 24 46 83 91 -1 -2
18 49 61 70 -1 22 37 53 58 -1 -2
29 77 90 96 -1 17 39 70 90 -1 14 15 40 60 -1 -2
8 20 22 54 -1 8 12 35 75 -1 9 48 61 95 -1 6 17 25 94 -1 -2
44 53 68 88 -1 32 45 47 49 -1 7 24 28 49 -1 41 69 77 99 -1 35 42 90 97 -1 -2
3 18 25 43 -1 3 42 57 89 -1 22 32 60 76 -1 5 17 86 89 -1 2 27 85 92 -1 10 19 59 98 -1 24 60 62 73 -1 -2
13 27 56 77 -1 38 60 82 99 -1 22 40 72 74 -1 32 59 61 98 -1 2 55 72 81 -1 21 30 65 71 -1 -2
8 27 38 69 -1 54 66 68 88 -1 22 35 62 82 -1 55 63 64 92 -1 -2
9 18 42 93 -1 28 59 81 98 -1 13 44 73 99 -1 17 45 71 97 -1 -2
3 66 68 78 -1 5 12 50 66 -1 10 35 44 45 -1 18 20 65 93 -1 8 50 59 100 -1 21 34 90 96 -1 -2
29 39 64 72 -1 -2
14 25 36 54 -1 44 61 71 100 -1 21 30 46 92 -1 24 34 35 89 -1 10 24 27 28 -1 9 16 55 58 -1 28 36 66 78 -1 -2
32 59 80 98 -1 1 17 22 66 -1 8 61 91 99 -1 5 18 23 94 -1 -2
10 14 38 54 -1 38 51 88 97 -1 12 61 77 82 -1 52 56 76 82 -1 9 45 64 70 -1 2 24 33 50 -1 -2
14 16 36 91 -1 26 54 63 72 -1 13 17 52 60 -1 29 49 58 93 -1 10 41 74 87 -1 3 10 42 45 -1 22 25 30 91 -1 17 53 59 67 -1 -2
43 44 62 97 -1 25 42 78 100 -1 7 40 70 99 -1 34 61 74 98 -1 -2
8 47 71 95 -1 24 25 44 82 -1 23 54 92 94 -1 5 9 30 73 -1 15 34 42 58 -1 21 24 45 74 -1 -2
46 53 70 86 -1 12 31 75 78 -1 37 45 73 79 -1 1 23 51 85 -1 1 16 67 94 -1 -2
42 67 79 97 -1 6 15 49 56 -1 -2
13 21 32 69 -1 6 8 63 64 -1 1 31 81 99 -1 18 70 71 92 -1 57 64 70 95 -1 13 60 71 85 -1 9 28 34 68 -1 2 21 45 72 -1 -2
68 86 93 95 -1 33 39 48 89 -1 11 32 39 42 -1 14 33 58 73 -1 -2
7 37 42 78 -1 26 34 48 82 -1 4 43 94 100 -1 -2
50 55 81 99 -1 67 74 97 100 -1 26 49 74 80 -1 3 16 27 58 -1 5 18 64 65 -1 63 67 76 82 -1 18 24 35 90 -1 -2
18 21 41 55 -1 -2
59 73 88 94 -1 4 32 34 80 -1 -2
49 59 61 82 -1 12 21 22 54 -1 50 56 57 70 -1 14 23 28 68 -1 24 26 62 100 -1 23 24 85 93 -1 26 38 45 62 -1 -2
11 42 55 88 -1 15 58 91 93 -1 9 59 66 96 -1 12 13 38 47 -1 55 61 82 86 -1 3 7 57 90 -1 15 49 74 86 -1 11 24 49 82 -1 -2
14 69 82 98 -1 57 65 70 71 -1 32 52 90 92 -1 7 19 23 40 -1 -2
15 20 51 71 -1 11 14 32 75 -1 3 23 58 60 -1 34 38 76 78 -1 -2
5 27 68 76 -1 -2
3 21 81 92 -1 12 43 44 78 -1 -2
3 25 70 76 -1 24 41 45 53 -1 1 5 6 83 -1 -2
44 52 81 92 -1 -2
15 33 64 93 -1 4 28 53 68 -1 2 34 45 79 -1 -2
24 66 70 73 -1 7 19 68 92 -1 15 34 75 93 -1 16 58 70 100 -1 18 31 45 53 -1 -2
44 56 76 91 -1 58 60 79 96 -1 -2
3 63 69 72 -1 24 32 41 86 -1 2 57 65 80 -1 8 35 53 60 -1 2 11 29 86 -1 11 20 50 90 -1 26 49 89 99 -1 17 34 37 53 -1 -2
12 30 81 99 -1 -2
4 8 61 96 -1 59 61 90 99 -1 3 8 48 56 -1 17 35 51 70 -1 -2
1 47 60 74 -1 23 25 46 89 -1 13 17 26 52 -1 18 19 24 72 -1 14 44 55 82 -1 14 58 66 83 -1 43 50 82 94 -1 31 33 41 49 -1 -2
22 33 73 81 -1 17 67 70 79 -1 20 35 65 86 -1 -2
46 52 69 79 -1 12 27 45 56 -1 1 61 82 98 -1 -2
9 43 68 95 -1 26 43 71 74 -1 8 30 57 90 -1 7 80 87 93 -1 26 32 54 61 -1 5 14 67 71 -1 69 75 86 100 -1 -2
11 49 74 80 -1 2 18 21 69 -1 47 52 72 85 -1 12 71 74 96 -1 1 16 40 57 -1 14 30 38 83 -1 4 37 48 77 -1 -2
43 47 61 80 -1 54 67 73 81 -1 19 27 37 89 -1 3 30 48 59 -1 16 63 72 96 -1 21 47 76 92 -1 1 11 28 32 -1 -2
9 26 62 80 -1 -2
35 45 58 84 -1 9 18 30 90 -1 10 75 76 99 -1 21 43 72 90 -1 10 47 53 97 -1 11 45 66 92 -1 -2
15 40 94 97 -1 5 20 47 66 -1 15 55 60 91 -1 6 49 68 78 -1 4 10 13 68 -1 16 39 50 57 -1 -2
19 53 82 91 -1 27 78 87 92 -1 12 31 82 90 -1 23 40 59 93 -1 19 67 90 97 -1 4 28 82 84 -1 3 27 37 72 -1 -2
6 21 66 70 -1 13 23 41 58 -1 6 26 47 54 -1 55 64 81 99 -1 2 14 34 74 -1 -2
17 70 76 97 -1 27 39 41 59 -1 9 21 94 100 -1 4 5 23 24 -1 30 50 52 73 -1 25 35 43 69 -1 -2
4 11 47 99 -1 41 51 59 72 -1 29 66 68 87 -1 11 55 62 84 -1 34 65 66 94 -1 -2
5 8 50 80 -1 -2
32 33 88 98 -1 12 22 45 84 -1 -2
30 51 76 84 -1 2 19 54 69 -1 4 35 40 53 -1 40 64 72 99 -1 19 55 74 75 -1 44 59 85 91 -1 40 64 82 100 -1 11 41 58 91 -1 -2
10 42 56 62 -1 39 51 60 93 -1 30 75 82 91 -1 12 22 70 100 -1 18 23 49 100 -1 31 48 70 95 -1 2 36 66 91 -1 66 70 77 91 -1 -2
5 17 62 67 -1 -2
29 33 56 68 -1 7 49 91 96 -1 43 64 69 89 -1 27 38 62 67 -1 72 79 87 93 -1 14 21 70 93 -1 -2
14 21 34 91 -1 33 34 46 77 -1 4 28 53 92 -1 1 15 22 92 -1 25 26 59 86 -1 -2
53 60 81 89 -1 24 27 75 94 -1 18 29 30 69 -1 28 50 75 96 -1 39 43 68 74 -1 10 54 85 91 -1 57 71 83 88 -1 10 19 21 66 -1 -2
13 37 55 76 -1 -2
16 34 49 69 -1 12 78 80 82 -1 12 68 84 87 -1 36 79 86 96 -1 16 50 58 68 -1 68 70 71 98 -1 -2
4 21 38 76 -1 14 56 70 100 -1 32 44 48 73 -1 49 54 69 84 -1 30 37 89 97 -1 3 48 50 57 -1 34 40 56 67 -1 42 80 91 94 -1 -2
12 33 47 100 -1 8 12 61 73 -1 9 18 56 100 -1 8 35 41 55 -1 -2
15 38 66 72 -1 9 45 79 82 -1 12 26 40 80 -1 50 53 64 80 -1 30 76 78 98 -1 22 52 80 85 -1 7 49 58 86 -1 -2
43 56 71 72 -1 24 46 74 96 -1 10 21 34 81 -1 6 24 76 79 -1 1 26 53 81 -1 -2
22 23 34 87 -1 10 12 53 70 -1 27 62 83 91 -1 15 43 45 53 -1 14 43 86 88 -1 6 69 83 91 -1 10 32 50 69 -1 10 29 95 98 -1 -2
20 42 98 99 -1 17 37 41 74 -1 4 29 33 66 -1 16 34 48 64 -1 30 38 59 80 -1 36 74 77 83 -1 4 59 82 97 -1 -2
15 65 86 100 -1 12 35 57 64 -1 47 53 86 97 -1 14 37 39 57 -1 4 26 57 64 -1 13 32 49 70 -1 4 15 24 60 -1 10 22 48 84 -1 -2
47 57 89 95 -1 51 76 81 90 -1 21 34 49 68 -1 6 38 86 93 -1 45 60 77 98 -1 3 31 33 98 -1 -2
23 45 58 87 -1 -2
37 63 64 93 -1 18 25 26 89 -1 7 13 33 79 -1 41 46 48 65 -1 5 13 36 63 -1 -2
9 46 55 66 -1 9 11 29 65 -1 11 16 58 72 -1 25 51 72 83 -1 1 7 69 78 -1 49 52 63 80 -1 37 38 49 97 -1 -2
22 63 70 87 -1 1 26 43 87 -1 38 62 97 98 -1 9 49 89 92 -1 5 26 95 99 -1 45 54 71 84 -1 -2
11 39 54 91 -1 -2
47 53 83 84 -1 15 42 72 81 -1 -2
19 59 81 92 -1 -2
34 62 85 91 -1 7 15 51 99 -1 -2
39 62 67 82 -1 8 36 83 97 -1 -2
26 30 56 80 -1 20 36 74 81 -1 22 26 62 99 -1 10 20 32 64 -1 27 30 63 67 -1 2 20 33 34 -1 4 73 81 92 -1 2 10 15 46 -1 -2
19 44 79 94 -1 14 28 42 100 -1 3 20 48 68 -1 -2
5 69 80 98 -1 12 55 59 88 -1 16 22 49 92 -1 6 56 72 80 -1 10 46 50 78 -1 -2
10 32 54 73 -1 3 12 65 88 -1 23 24 63 68 -1 6 64 88 99 -1 18 19 55 90 -1 48 49 70 94 -1 -2
25 51 60 66 -1 6 49 71 72 -1 9 35 40 58 -1 35 50 78 97 -1 -2
25 68 77 95 -1 10 21 29 30 -1 12 40 43 97 -1 -2
40 45 71 86 -1 10 79 84 94 -1 -2
25 59 81 82 -1 31 36 38 88 -1 35 40 45 49 -1 19 23 24 43 -1 13 18 22 52 -1 -2
16 46 58 97 -1 5 43 53 81 -1 -2
23 25 42 49 -1 38 63 64 66 -1 58 60 62 71 -1 5 13 77 80 -1 11 24 57 78 -1 17 35 87 89 -1 -2
45 59 65 78 -1 13 63 66 89 -1 2 10 30 58 -1 29 56 66 86 -1 -2
31 51 62 95 -1 3 8 19 65 -1 6 18 54 62 -1 9 17 60 79 -1 34 56 65 69 -1 -2
35 58 63 94 -1 29 43 49 97 -1 -2
19 25 28 92 -1 3 11 16 19 -1 -2
17 43 75 87 -1 29 31 45 70 -1 12 29 78 87 -1 55 71 74 81 -1 1 65 83 98 -1 12 41 47 92 -1 18 27 33 79 -1 1 30 31 100 -1 -2
10 37 79 87 -1 7 8 21 50 -1 -2
7 33 34 46 -1 15 39 63 90 -1 7 43 74 84 -1 18 59 86 89 -1 13 57 69 82 -1 48 76 95 100 -1 8 36 55 90 -1 -2
14 38 54 81 -1 1 78 81 91 -1 12 16 23 82 -1 -2
11 23 35 39 -1 2 63 76 93 -1 8 61 86 97 -1 3 47 54 90 -1 28 45 85 89 -1 52 55 87 92 -1 10 60 97 99 -1 -2
3 35 48 68 -1 18 34 36 90 -1 10 22 28 62 -1 -2
11 20 29 79 -1 28 50 67 74 -1 8 10 24 47 -1 23 59 62 69 -1 54 56 79 100 -1 30 50 51 52 -1 -2
1 3 40 75 -1 22 41 49 89 -1 26 51 52 86 -1 63 80 82 88 -1 -2
34 45 56 64 -1 8 34 74 77 -1 3 32 39 44 -1 4 26 66 67 -1 27 31 53 71 -1 15 44 47 48 -1 -2
16 20 21 74 -1 2 14 56 99 -1 6 11 53 61 -1 -2
23 38 42 66 -1 15 40 44 97 -1 18 41 45 78 -1 37 44 70 72 -1 23 66 91 92 -1 -2
5 23 37 40 -1 10 51 92 96 -1 15 16 71 86 -1 62 64 77 94 -1 39 60 62 65 -1 25 43 48 77 -1 34 39 82 91 -1 -2
43 67 93 98 -1 9 44 56 94 -1 14 15 35 64 -1 12 23 50 80 -1 41 47 72 95 -1 -2
24 25 37 87 -1 40 42 66 100 -1 46 76 79 95 -1 4 42 67 91 -1 24 43 68 69 -1 45 63 70 94 -1 -2
24 41 54 91 -1 20 33 84 95 -1 1 28 33 74 -1 7 34 39 40 -1 1 23 48 96 -1 5 8 17 37 -1 -2
38 58 64 100 -1 6 7 55 69 -1 17 63 76 90 -1 14 19 81 97 -1 16 17 48 84 -1 -2
13 20 26 61 -1 5 29 50 84 -1 9 46 56 95 -1 7 28 81 97 -1 25 45 51 58 -1 1 51 90 98 -1 50 77 99 100 -1 10 25 60 69 -1 -2
16 31 32 84 -1 21 57 63 74 -1 55 61 76 89 -1 1 33 45 99 -1 -2
38 81 95 98 -1 9 11 36 42 -1 8 58 94 99 -1 9 21 24 40 -1 11 20 52 81 -1 8 9 18 38 -1 21 33 74 94 -1 -2
8 50 57 65 -1 11 36 90 92 -1 17 35 49 66 -1 20 32 56 78 -1 6 27 65 89 -1 34 42 60 70 -1 22 25 27 53 -1 6 18 41 70 -1 -2
22 39 40 74 -1 53 74 77 99 -1 63 64 70 98 -1 16 36 52 63 -1 24 32 52 64 -1 -2
19 23 26 49 -1 49 54 94 96 -1 -2
40 61 70 87 -1 39 40 79 94 -1 1 44 67 71 -1 13 41 42 72 -1 3 50 62 74 -1 35 48 49 90 -1 -2
41 48 51 55 -1 -2
10 32 48 58 -1 2 46 67 69 -1 13 63 74 90 -1 54 67 88 98 -1 5 48 49 91 -1 -2
9 14 53 72 -1 18 36 75 96 -1 20 51 82 96 -1 51 82 91 100 -1 45 48 73 96 -1 20 30 44 96 -1 31 56 66 99 -1 23 55 73 80 -1 -2
29 45 60 74 -1 40 72 78 81 -1 11 18 24 25 -1 4 38 64 83 -1 4 49 71 91 -1 23 43 75 95 -1 -2
20 36 54 78 -1 28 35 95 100 -1 -2
12 43 59 84 -1 43 70 93 98 -1 32 53 74 92 -1 8 41 83 98 -1 32 38 76 91 -1 -2
14 42 62 82 -1 69 74 83 92 -1 1 58 61 62 -1 45 48 75 87 -1 1 7 24 59 -1 -2
14 21 30 96 -1 16 27 33 53 -1 4 34 81 85 -1 17 26 85 89 -1 -2
11 33 35 100 -1 23 62 78 82 -1 4 22 37 77 -1 17 44 70 75 -1 2 32 50 64 -1 -2
11 14 47 81 -1 43 47 80 91 -1 9 58 91 93 -1 14 42 83 99 -1 -2
33 52 55 74 -1 -2
28 44 49 67 -1 -2
27 42 61 64 -1 -2
51 86 89 98 -1 64 82 91 99 -1 10 53 61 75 -1 59 62 64 88 -1 67 75 80 97 -1 -2
20 24 56 65 -1 49 52 70 84 -1 14 19 65 75 -1 7 10 46 60 -1 10 29 61 90 -1 -2
10 47 71 93 -1 14 23 50 100 -1 64 76 86 100 -1 5 18 73 95 -1 17 32 34 60 -1 52 67 68 96 -1 9 16 58 87 -1 24 38 66 85 -1 -2
8 29 71 96 -1 34 46 63 75 -1 3 11 18 99 -1 17 26 32 86 -1 25 45 66 84 -1 12 42 63 90 -1 -2
7 88 92 100 -1 2 4 71 91 -1 34 48 50 82 -1 -2
4 57 61 76 -1 39 70 76 79 -1 13 21 37 76 -1 66 77 79 89 -1 21 27 67 69 -1 -2
6 22 73 81 -1 8 13 54 67 -1 2 5 42 43 -1 2 10 23 85 -1 5 12 43 48 -1 -2
8 46 73 77 -1 8 22 23 49 -1 31 51 54 60 -1 3 12 21 70 -1 18 39 78 91 -1 51 76 80 100 -1 -2
11 53 92 97 -1 15 51 91 98 -1 24 27 50 70 -1 23 40 50 99 -1 5 21 41 45 -1 24 66 89 92 -1 -2
13 25 33 81 -1 -2
3 10 19 47 -1 7 23 27 46 -1 -2
6 17 47 81 -1 26 38 44 84 -1 23 32 55 100 -1 18 61 75 76 -1 3 56 73 84 -1 53 75 81 100 -1 -2
39 44 87 100 -1 27 28 49 72 -1 11 29 50 63 -1 -2
2 16 20 86 -1 33 48 60 82 -1 3 53 57 65 -1 14 55 80 94 -1 11 14 35 94 -1 4 12 29 35 -1 30 68 72 81 -1 -2
26 29 55 90 -1 30 55 66 78 -1 22 43 49 88 -1 20 68 70 84 -1 14 21 34 65 -1 -2
3 6 9 86 -1 10 13 52 95 -1 20 31 43 87 -1 1 32 33 97 -1 -2
6 29 55 75 -1 -2
28 60 76 82 -1 61 68 81 83 -1 35 52 72 78 -1 2 27 47 78 -1 40 77 82 85 -1 42 62 85 87 -1 -2
27 81 89 97 -1 -2
3 38 45 61 -1 24 29 56 85 -1 28 40 73 99 -1 6 18 23 90 -1 -2
39 41 76 99 -1 9 11 24 76 -1 13 23 31 47 -1 74 81 82 99 -1 20 41 62 100 -1 1 2 4 15 -1 -2
13 20 32 78 -1 7 54 72 75 -1 48 64 81 98 -1 12 42 69 76 -1 -2
11 30 55 97 -1 56 66 67 73 -1 8 10 78 82 -1 16 51 66 73 -1 61 91 93 95 -1 28 49 64 95 -1 56 64 87 89 -1 5 49 64 100 -1 -2
3 7 49 82 -1 21 80 91 100 -1 3 5 34 48 -1 57 64 67 89 -1 -2
9 10 73 90 -1 -2
23 35 52 66 -1 -2
23 29 91 96 -1 7 22 47 80 -1 43 51 92 98 -1 -2
20 53 55 98 -1 16 22 56 69 -1 -2
29 36 73 99 -1 9 43 47 94 -1 49 72 86 94 -1 -2
10 52 70 81 -1 21 33 88 93 -1 -2
6 37 51 64 -1 3 21 37 55 -1 23 30 76 94 -1 69 90 95 100 -1 -2
1 8 45 81 -1 37 56 77 93 -1 3 50 81 98 -1 41 54 78 88 -1 -2
10 86 89 96 -1 -2
19 22 45 60 -1 24 69 77 89 -1 13 21 40 54 -1 5 15 20 67 -1 10 45 52 85 -1 -2
22 23 50 96 -1 44 59 94 99 -1 28 49 73 84 -1 1 10 28 72 -1 7 55 58 73 -1 19 27 62 85 -1 53 63 84 94 -1 4 23 70 83 -1 -2
9 25 54 98 -1 24 67 76 77 -1 10 22 44 93 -1 72 79 83 94 -1 26 41 71 93 -1 5 17 27 86 -1 -2
11 14 84 88 -1 20 23 87 99 -1 23 38 55 81 -1 28 68 70 94 -1 24 61 65 71 -1 26 78 85 98 -1 32 40 68 80 -1 42 45 58 60 -1 -2
26 61 67 77 -1 49 53 72 89 -1 24 28 63 100 -1 26 48 51 95 -1 13 42 62 96 -1 23 38 56 93 -1 -2
26 64 71 90 -1 1 36 76 83 -1 54 58 62 96 -1 22 44 46 72 -1 -2
2 82 86 87 -1 22 55 57 92 -1 11 29 88 92 -1 -2
8 53 63 86 -1 -2
44 59 66 88 -1 -2
55 60 74 75 -1 3 56 60 97 -1 13 23 74 91 -1 25 68 80 95 -1 43 49 67 99 -1 -2
15 65 71 97 -1 7 23 45 74 -1 32 47 75 92 -1 17 38 60 84 -1 19 53 61 77 -1 9 13 19 58 -1 7 72 94 95 -1 28 47 51 87 -1 -2
16 53 82 88 -1 39 48 74 99 -1 -2
2 74 89 90 -1 -2
21 71 78 95 -1 29 34 78 86 -1 34 44 69 81 -1 38 55 62 65 -1 14 55 78 88 -1 17 58 65 90 -1 -2
3 25 33 75 -1 16 27 75 90 -1 27 39 63 94 -1 11 12 70 75 -1 10 54 79 89 -1 -2
33 54 59 81 -1 7 31 59 64 -1 9 32 36 93 -1 8 25 33 53 -1 9 16 22 58 -1 7 10 14 29 -1 45 69 71 83 -1 5 18 49 72 -1 -2
14 39 81 84 -1 40 42 54 93 -1 9 21 50 93 -1 2 14 57 81 -1 8 21 56 75 -1 3 51 76 85 -1 22 25 37 40 -1 -2
19 36 58 89 -1 21 34 88 100 -1 -2
18 30 33 84 -1 56 81 88 98 -1 29 39 75 96 -1 7 15 35 88 -1 31 43 64 93 -1 1 33 55 65 -1 13 15 17 96 -1 -2
9 14 43 98 -1 9 18 21 29 -1 -2
11 23 57 71 -1 23 50 53 97 -1 20 40 43 50 -1 -2
10 22 26 76 -1 34 41 55 62 -1 7 22 40 82 -1 -2
31 61 63 95 -1 20 25 33 72 -1 -2
3 18 29 31 -1 5 18 20 42 -1 1 39 53 75 -1 31 79 92 96 -1 24 27 74 80 -1 4 20 35 83 -1 37 54 86 88 -1 -2
37 75 87 96 -1 10 70 73 79 -1 13 31 36 63 -1 20 31 32 34 -1 42 78 79 97 -1 1 48 56 92 -1 40 45 53 65 -1 -2
67 84 87 92 -1 10 26 76 88 -1 23 41 43 87 -1 10 12 40 99 -1 54 57 63 89 -1 13 22 25 35 -1 32 49 56 100 -1 -2
27 45 79 99 -1 30 37 54 97 -1 9 53 90 94 -1 5 43 69 99 -1 30 67 81 83 -1 14 38 51 73 -1 -2
52 55 60 84 -1 1 21 43 61 -1 3 34 63 74 -1 42 64 70 92 -1 31 36 62 82 -1 -2
21 29 59 94 -1 14 55 64 96 -1 64 87 90 97 -1 6 12 49 77 -1 30 47 58 97 -1 -2
5 19 32 49 -1 -2
6 50 56 73 -1 23 46 71 75 -1 7 15 83 88 -1 20 27 31 77 -1 12 30 72 87 -1 -2
7 8 14 39 -1 66 68 76 91 -1 33 68 79 95 -1 9 39 65 69 -1 17 18 40 87 -1 42 44 68 83 -1 -2
22 26 56 60 -1 11 40 45 78 -1 70 72 73 78 -1 -2
16 36 59 82 -1 -2
8 33 46 83 -1 -2
17 33 39 94 -1 3 16 40 46 -1 1 54 89 93 -1 13 22 51 58 -1 8 32 41 55 -1 41 50 61 89 -1 34 36 41 60 -1 11 77 99 100 -1 -2
37 42 47 93 -1 33 37 87 89 -1 -2
50 91 97 100 -1 27 40 70 85 -1 42 66 89 96 -1 4 13 16 41 -1 -2
34 46 76 90 -1 -2
11 15 67 91 -1 7 23 78 99 -1 25 61 64 72 -1 6 44 55 78 -1 2 29 35 51 -1 11 59 60 63 -1 -2
14 32 65 78 -1 20 36 53 72 -1 1 50 58 82 -1 -2
30 63 80 92 -1 30 46 56 66 -1 1 35 72 90 -1 4 74 84 97 -1 45 50 79 86 -1 4 23 25 41 -1 46 81 97 99 -1 18 19 46 95 -1 -2
4 59 63 67 -1 -2
6 7 23 92 -1 39 46 49 65 -1 10 18 29 82 -1 33 38 51 87 -1 41 50 65 95 -1 17 27 54 86 -1 -2
3 38 47 50 -1 7 14 27 64 -1 56 69 80 81 -1 12 30 39 97 -1 2 3 25 90 -1 -2
8 18 22 95 -1 -2
31 36 59 63 -1 47 53 63 67 -1 -2
18 30 46 66 -1 32 56 68 99 -1 22 25 65 80 -1 24 27 55 65 -1 26 62 68 88 -1 -2
40 49 80 94 -1 26 48 57 63 -1 79 84 85 100 -1 27 30 32 63 -1 -2
7 22 23 48 -1 50 58 94 98 -1 27 38 64 75 -1 12 45 54 63 -1 -2
28 39 57 64 -1 36 47 96 100 -1 -2
5 27 40 75 -1 15 59 63 77 -1 6 66 80 85 -1 55 60 76 78 -1 25 32 80 81 -1 -2
11 21 49 97 -1 8 34 64 85 -1 24 43 51 83 -1 14 16 20 41 -1 -2
1 14 40 76 -1 3 15 61 73 -1 73 82 96 100 -1 1 43 68 95 -1 36 39 76 99 -1 42 45 60 85 -1 -2
12 26 37 74 -1 12 23 53 59 -1 23 40 64 98 -1 22 30 73 95 -1 -2
38 44 53 71 -1 29 48 64 77 -1 11 15 25 29 -1 2 66 85 89 -1 48 80 93 97 -1 15 27 45 47 -1 -2
10 84 92 95 -1 23 42 53 64 -1 -2
5 28 72 79 -1 15 28 90 93 -1 29 46 70 81 -1 58 67 78 91 -1 12 17 88 100 -1 17 34 52 89 -1 -2
3 59 67 76 -1 20 30 58 99 -1 -2
42 55 77 87 -1 1 14 34 41 -1 38 47 64 89 -1 35 40 52 64 -1 14 59 87 99 -1 -2
3 51 66 93 -1 23 32 67 91 -1 21 46 51 70 -1 24 36 96 100 -1 -2
10 28 68 95 -1 9 11 41 47 -1 9 18 27 62 -1 19 32 86 98 -1 13 59 70 76 -1 12 13 41 62 -1 15 18 29 50 -1 39 61 74 100 -1 -2
59 67 79 99 -1 3 35 57 79 -1 52 53 68 84 -1 53 73 97 98 -1 -2
17 24 29 53 -1 2 56 81 90 -1 23 59 70 98 -1 9 11 49 88 -1 10 59 75 100 -1 18 32 50 97 -1 3 14 22 68 -1 -2
49 55 89 99 -1 5 22 72 89 -1 6 67 89 91 -1 1 5 13 14 -1 22 48 64 92 -1 10 61 89 91 -1 -2
20 43 69 76 -1 79 82 86 94 -1 9 28 30 54 -1 11 46 80 97 -1 10 40 62 82 -1 -2
5 22 95 99 -1 10 31 67 69 -1 15 27 50 70 -1 6 9 31 75 -1 17 58 73 99 -1 -2
32 34 58 85 -1 47 72 73 87 -1 15 24 31 98 -1 54 82 86 89 -1 5 27 35 62 -1 9 28 58 89 -1 -2
13 41 52 98 -1 31 54 68 87 -1 4 44 65 68 -1 9 29 63 75 -1 47 48 80 90 -1 -2
16 66 78 99 -1 49 75 76 95 -1 12 18 30 92 -1 17 19 31 63 -1 25 32 52 73 -1 -2
8 19 48 54 -1 53 55 65 86 -1 27 29 54 57 -1 17 21 26 79 -1 58 68 74 91 -1 1 7 28 82 -1 60 61 67 72 -1 5 35 38 48 -1 -2
15 18 57 76 -1 11 46 87 98 -1 47 55 60 94 -1 2 40 53 62 -1 40 68 87 94 -1 28 32 33 71 -1 8 20 68 69 -1 7 44 56 81 -1 -2
28 41 81 87 -1 20 34 40 90 -1 8 55 72 85 -1 -2
7 29 34 67 -1 24 33 59 65 -1 23 28 36 40 -1 12 58 68 70 -1 19 85 95 98 -1 21 54 56 86 -1 17 21 24 64 -1 3 59 68 92 -1 -2
30 69 92 96 -1 6 13 72 83 -1 2 22 81 83 -1 3 11 14 17 -1 9 26 30 92 -1 37 62 68 85 -1 -2
22 32 52 69 -1 15 38 51 76 -1 18 53 54 64 -1 12 53 57 59 -1 6 37 53 79 -1 36 51 52 95 -1 -2
35 47 54 64 -1 26 41 64 66 -1 -2
14 40 63 66 -1 28 34 56 72 -1 2 19 64 83 -1 26 38 75 88 -1 -2
4 5 16 62 -1 42 48 72 78 -1 7 31 47 84 -1 9 44 75 80 -1 8 37 39 92 -1 -2
35 47 74 78 -1 26 75 97 100 -1 39 72 93 94 -1 24 42 50 87 -1 -2
62 77 80 94 -1 19 69 75 77 -1 38 54 57 88 -1 12 15 54 72 -1 -2
33 41 54 58 -1 20 50 51 58 -1 35 73 82 98 -1 11 56 75 86 -1 3 30 70 82 -1 7 38 52 86 -1 -2
19 23 40 99 -1 8 19 44 90 -1 45 66 93 100 -1 -2
43 49 61 72 -1 4 22 28 84 -1 -2
21 73 87 90 -1 32 47 80 97 -1 12 19 42 74 -1 41 72 74 88 -1 19 46 62 95 -1 11 50 82 93 -1 5 33 47 65 -1 -2
22 47 58 98 -1 -2
26 60 77 80 -1 21 26 34 47 -1 6 22 49 62 -1 18 46 63 97 -1 21 29 74 79 -1 9 15 18 85 -1 -2
31 36 54 63 -1 3 23 32 83 -1 9 16 42 70 -1 62 64 79 95 -1 13 18 37 94 -1 8 21 63 77 -1 -2
6 35 56 60 -1 22 23 67 89 -1 8 69 75 84 -1 10 39 47 50 -1 -2
15 17 85 88 -1 8 27 37 61 -1 24 42 94 97 -1 -2
18 36 39 92 -1 15 49 53 63 -1 2 26 82 91 -1 68 79 82 99 -1 6 15 25 61 -1 8 13 36 40 -1 12 16 48 79 -1 38 58 80 84 -1 -2
28 51 54 96 -1 17 41 48 70 -1 20 33 72 97 -1 22 27 51 80 -1 12 91 96 100 -1 -2
1 8 9 23 -1 29 57 82 100 -1 24 34 50 59 -1 16 64 66 94 -1 12 16 39 59 -1 26 28 75 91 -1 15 28 94 97 -1 -2
6 37 62 74 -1 18 39 43 93 -1 12 72 79 81 -1 35 46 55 88 -1 -2
65 66 70 90 -1 43 58 59 95 -1 41 63 66 91 -1 6 19 38 86 -1 3 13 16 51 -1 15 18 46 88 -1 5 18 51 83 -1 32 45 66 78 -1 -2
26 37 74 98 -1 -2
36 53 56 59 -1 -2
1 10 45 90 -1 3 49 59 80 -1 -2
12 56 61 72 -1 44 69 92 94 -1 6 13 25 87 -1 17 21 59 92 -1 -2
15 52 54 56 -1 -2
13 50 64 76 -1 45 57 63 99 -1 -2
11 34 71 81 -1 2 39 80 99 -1 4 57 68 88 -1 42 55 88 99 -1 -2
22 47 53 91 -1 39 46 50 96 -1 5 6 18 92 -1 -2
31 48 68 96 -1 38 40 72 78 -1 3 58 62 74 -1 32 61 91 96 -1 21 45 61 68 -1 -2
12 32 68 87 -1 11 22 25 89 -1 7 61 80 91 -1 9 30 38 94 -1 7 13 41 73 -1 -2
50 57 63 85 -1 48 62 87 99 -1 14 57 58 91 -1 6 46 61 92 -1 14 24 90 92 -1 13 39 48 49 -1 34 83 93 94 -1 9 17 92 95 -1 -2
2 66 84 86 -1 28 32 42 76 -1 -2
23 82 91 98 -1 17 70 87 98 -1 -2
10 28 56 58 -1 19 86 89 98 -1 -2
54 55 61 95 -1 1 3 11 85 -1 7 45 61 82 -1 -2
5 30 63 94 -1 23 49 56 79 -1 23 42 73 88 -1 8 33 40 60 -1 15 24 64 82 -1 34 53 65 80 -1 24 46 63 66 -1 31 45 55 74 -1 -2
1 34 45 57 -1 16 17 44 50 -1 26 40 61 70 -1 5 39 87 99 -1 65 72 73 96 -1 -2
9 67 79 90 -1 52 57 71 93 -1 5 39 77 78 -1 17 24 64 68 -1 10 20 21 78 -1 -2
5 21 22 99 -1 21 42 43 45 -1 4 44 84 93 -1 -2
55 71 74 88 -1 1 10 13 46 -1 3 9 26 99 -1 2 7 10 97 -1 12 42 53 80 -1 16 33 91 93 -1 -2
89 92 93 100 -1 31 36 38 82 -1 4 23 29 42 -1 -2
17 22 68 79 -1 21 55 77 87 -1 11 40 87 91 -1 12 47 63 75 -1 -2
9 39 73 85 -1 14 20 29 40 -1 33 52 70 86 -1 23 39 50 95 -1 33 36 51 90 -1 -2
35 46 66 83 -1 28 62 74 94 -1 5 22 25 77 -1 4 38 77 90 -1 -2
51 61 64 73 -1 39 44 45 89 -1 33 38 90 96 -1 5 46 57 99 -1 -2
14 41 46 98 -1 -2
49 55 72 91 -1 39 48 49 81 -1 6 37 61 76 -1 38 60 66 97 -1 2 19 63 71 -1 5 14 42 81 -1 15 22 47 66 -1 -2
6 14 71 85 -1 5 60 82 97 -1 -2
5 6 25 44 -1 1 17 56 96 -1 40 49 62 93 -1 28 33 49 100 -1 46 64 86 92 -1 -2
4 18 33 82 -1 5 47 62 85 -1 -2
10 38 75 88 -1 21 58 86 92 -1 19 28 47 58 -1 20 28 76 78 -1 16 21 85 100 -1 -2
19 41 48 57 -1 17 20 44 94 -1 4 36 47 70 -1 -2
40 73 92 100 -1 26 49 71 82 -1 -2
27 71 73 75 -1 5 44 74 97 -1 5 28 57 91 -1 56 70 71 93 -1 28 44 62 79 -1 -2
21 33 44 65 -1 14 31 51 71 -1 35 45 63 100 -1 10 11 50 71 -1 19 34 44 87 -1 11 28 57 79 -1 -2
31 38 74 96 -1 -2
13 39 57 94 -1 10 17 41 91 -1 3 53 55 60 -1 23 32 57 63 -1 -2
26 67 71 99 -1 36 43 49 78 -1 8 27 47 99 -1 72 83 97 99 -1 6 32 71 97 -1 37 44 70 79 -1 -2
13 57 87 99 -1 4 12 45 90 -1 -2
40 46 62 89 -1 5 55 73 99 -1 2 16 23 53 -1 8 26 28 40 -1 27 32 50 74 -1 2 6 46 85 -1 -2
29 49 72 74 -1 16 47 59 96 -1 47 69 76 84 -1 -2
9 17 22 74 -1 11 19 35 37 -1 34 61 74 79 -1 23 45 58 67 -1 19 24 25 62 -1 -2
24 63 85 87 -1 -2
17 72 83 92 -1 -2
62 77 97 100 -1 -2
15 31 47 52 -1 -2
22 29 36 80 -1 10 19 47 66 -1 23 53 62 63 -1 6 36 37 89 -1 18 44 64 88 -1 -2
22 41 46 57 -1 24 25 33 43 -1 -2
5 23 34 64 -1 20 37 68 100 -1 19 20 57 88 -1 20 29 54 71 -1 53 56 65 67 -1 19 41 59 65 -1 -2
38 39 73 77 -1 8 79 97 99 -1 7 21 56 73 -1 48 81 87 100 -1 27 30 89 90 -1 5 21 37 82 -1 4 38 56 68 -1 -2
1 8 64 87 -1 11 46 61 94 -1 5 19 48 52 -1 -2
24 29 66 94 -1 9 19 38 100 -1 -2
24 81 97 99 -1 8 17 41 50 -1 1 25 46 92 -1 19 23 78 93 -1 25 33 68 81 -1 24 51 57 69 -1 50 74 79 82 -1 -2
11 61 83 89 -1 8 26 27 79 -1 10 42 54 79 -1 -2
23 38 39 82 -1 1 32 40 74 -1 13 40 55 73 -1 9 11 16 78 -1 37 44 80 94 -1 27 55 72 99 -1 -2
16 21 34 77 -1 23 29 41 87 -1 29 67 82 89 -1 51 56 61 63 -1 2 25 51 95 -1 24 39 66 92 -1 -2
54 57 79 91 -1 1 10 37 90 -1 -2
24 36 44 80 -1 43 52 59 62 -1 24 32 49 70 -1 8 41 67 71 -1 -2
37 38 51 61 -1 2 58 67 73 -1 8 43 67 70 -1 28 59 82 86 -1 22 44 61 67 -1 46 52 88 100 -1 17 60 64 78 -1 -2
25 53 78 100 -1 1 30 64 80 -1 39 45 80 99 -1 22 31 44 50 -1 1 53 55 71 -1 -2
10 14 25 80 -1 41 60 83 100 -1 23 66 72 82 -1 39 63 90 99 -1 -2
55 69 78 82 -1 30 37 49 100 -1 6 34 55 85 -1 10 12 40 62 -1 25 35 36 100 -1 14 30 67 98 -1 -2
37 46 58 64 -1 12 37 61 71 -1 19 26 50 53 -1 4 36 61 91 -1 -2
18 21 31 36 -1 14 61 69 83 -1 10 65 76 96 -1 46 56 63 86 -1 -2
2 48 64 90 -1 14 22 59 100 -1 9 21 26 79 -1 -2
11 15 65 80 -1 51 54 63 91 -1 5 32 57 68 -1 20 25 68 95 -1 -2
38 44 56 57 -1 3 33 58 64 -1 -2
30 59 77 99 -1 38 58 65 100 -1 49 51 55 61 -1 16 61 86 98 -1 15 51 95 96 -1 -2
6 18 44 53 -1 27 42 56 80 -1 3 6 23 51 -1 61 76 91 100 -1 30 39 57 77 -1 -2
16 74 76 90 -1 72 74 92 94 -1 29 37 79 95 -1 5 24 36 93 -1 7 8 56 97 -1 -2
27 35 47 74 -1 1 7 30 72 -1 7 8 30 35 -1 50 57 78 99 -1 10 32 39 90 -1 3 16 56 95 -1 8 39 74 84 -1 2 15 41 80 -1 -2
14 65 72 88 -1 32 39 57 82 -1 35 74 76 96 -1 59 79 85 95 -1 -2
3 17 22 34 -1 16 31 70 83 -1 29 48 75 90 -1 20 46 48 61 -1 36 37 44 51 -1 20 36 41 81 -1 -2
12 20 39 76 -1 17 19 49 69 -1 6 41 73 78 -1 5 48 73 90 -1 6 49 62 76 -1 9 26 54 86 -1 20 29 48 53 -1 -2
24 29 44 55 -1 33 51 92 96 -1 34 50 82 99 -1 -2
16 19 38 41 -1 13 15 26 66 -1 8 26 61 65 -1 39 75 84 89 -1 31 49 68 83 -1 2 6 46 65 -1 15 56 59 80 -1 -2
34 41 91 96 -1 -2
12 14 87 90 -1 6 9 32 100 -1 36 43 73 87 -1 23 29 70 74 -1 -2
21 29 73 83 -1 9 21 42 100 -1 10 42 46 95 -1 42 54 70 76 -1 8 10 31 61 -1 -2
34 47 52 82 -1 31 55 72 91 -1 36 38 85 94 -1 15 35 72 76 -1 22 23 33 53 -1 73 81 82 86 -1 2 46 69 88 -1 36 45 86 94 -1 -2
12 39 75 90 -1 54 77 87 95 -1 12 40 64 78 -1 33 42 60 95 -1 5 73 77 81 -1 9 81 88 98 -1 75 85 88 98 -1 23 46 48 86 -1 -2
57 60 74 93 -1 15 24 72 91 -1 82 87 88 92 -1 7 56 66 67 -1 26 48 52 62 -1 -2
26 52 64 91 -1 10 31 48 66 -1 39 57 58 98 -1 25 36 50 78 -1 22 29 38 44 -1 1 7 47 49 -1 4 10 44 58 -1 -2
11 25 69 94 -1 12 74 87 90 -1 25 58 75 89 -1 3 14 19 58 -1 47 49 76 93 -1 12 13 25 78 -1 1 74 88 93 -1 -2
20 28 34 61 -1 4 19 87 97 -1 9 28 73 97 -1 8 11 80 92 -1 8 13 43 68 -1 -2
2 17 59 69 -1 7 14 40 58 -1 43 57 67 96 -1 6 18 34 81 -1 5 38 50 64 -1 6 48 60 69 -1 16 34 54 85 -1 -2
15 20 66 92 -1 3 8 39 92 -1 9 46 82 85 -1 2 53 87 98 -1 27 32 66 70 -1 -2
45 65 82 85 -1 7 38 46 69 -1 19 28 33 96 -1 -2
2 13 36 75 -1 17 46 80 97 -1 24 65 67 77 -1 36 45 71 97 -1 15 70 75 78 -1 12 78 79 99 -1 39 43 80 90 -1 -2
1 80 85 91 -1 13 27 67 89 -1 48 57 62 79 -1 3 15 59 63 -1 -2
6 26 57 88 -1 2 28 30 62 -1 3 18 92 98 -1 3 11 36 53 -1 24 29 41 70 -1 18 39 42 78 -1 49 55 58 69 -1 11 23 72 91 -1 -2
18 44 62 71 -1 3 67 73 85 -1 4 40 61 76 -1 14 47 59 73 -1 13 17 65 78 -1 6 19 77 93 -1 -2
9 27 42 84 -1 7 59 96 99 -1 67 78 96 98 -1 6 12 19 55 -1 6 36 73 84 -1 -2
8 35 75 77 -1 6 20 84 98 -1 34 41 77 83 -1 -2
18 38 55 84 -1 34 35 76 82 -1 14 28 51 68 -1 5 12 79 94 -1 36 58 66 99 -1 9 12 16 73 -1 -2
8 35 38 70 -1 3 21 24 76 -1 25 70 79 95 -1 33 49 63 89 -1 4 28 35 78 -1 18 42 57 62 -1 -2
12 13 18 47 -1 -2
46 47 75 78 -1 56 68 98 99 -1 12 65 86 91 -1 26 39 41 48 -1 16 28 40 79 -1 22 55 81 86 -1 -2
13 23 25 79 -1 -2
13 68 71 87 -1 -2
11 22 78 82 -1 -2
24 79 96 100 -1 17 21 35 98 -1 9 33 47 99 -1 -2
24 38 46 63 -1 3 49 56 76 -1 2 45 59 91 -1 -2
19 57 69 77 -1 24 31 62 97 -1 14 21 54 86 -1 9 22 71 79 -1 -2
9 11 59 74 -1 -2
13 28 29 35 -1 9 19 73 91 -1 25 56 66 76 -1 17 26 62 64 -1 31 37 64 71 -1 22 30 71 85 -1 7 62 92 93 -1 -2
31 34 71 93 -1 -2
6 10 37 66 -1 56 69 90 94 -1 8 37 70 71 -1 34 45 91 92 -1 -2
37 56 82 89 -1 52 95 97 98 -1 -2
13 50 68 74 -1 15 19 34 57 -1 27 54 88 95 -1 12 52 86 96 -1 59 93 95 96 -1 -2
49 74 86 98 -1 2 77 86 93 -1 36 60 72 77 -1 1 8 31 48 -1 39 76 84 98 -1 14 88 93 95 -1 29 45 69 72 -1 12 38 79 93 -1 -2
19 29 54 72 -1 10 34 50 74 -1 -2
10 42 48 92 -1 15 30 56 90 -1 14 23 41 95 -1 9 56 58 71 -1 -2
16 30 70 74 -1 45 55 83 86 -1 33 49 79 89 -1 24 25 36 60 -1 2 23 43 81 -1 -2
1 33 79 100 -1 7 55 77 96 -1 5 30 41 56 -1 10 30 57 65 -1 -2
9 20 61 71 -1 11 26 75 81 -1 56 60 89 92 -1 -2
54 56 57 76 -1 22 40 63 75 -1 5 15 39 53 -1 1 70 86 98 -1 23 29 43 87 -1 9 14 53 81 -1 37 56 84 99 -1 -2
29 34 55 65 -1 -2
51 76 83 91 -1 13 65 94 96 -1 25 26 87 94 -1 5 47 62 80 -1 81 85 86 93 -1 62 63 71 92 -1 -2
52 54 55 69 -1 24 26 44 77 -1 -2
57 59 68 77 -1 16 70 74 88 -1 -2
34 50 63 66 -1 44 68 80 90 -1 12 59 70 82 -1 19 44 91 99 -1 2 4 46 62 -1 57 70 84 98 -1 -2
12 53 66 71 -1 27 28 70 99 -1 18 25 52 69 -1 44 62 73 84 -1 8 10 86 87 -1 8 52 57 97 -1 21 74 87 93 -1 2 16 37 39 -1 -2
23 44 71 75 -1 1 15 93 94 -1 -2
6 58 73 94 -1 1 58 90 95 -1 6 67 70 89 -1 36 68 77 78 -1 -2
6 34 55 93 -1 -2
2 15 22 35 -1 1 29 71 90 -1 27 34 40 74 -1 -2
7 65 83 98 -1 77 95 97 100 -1 -2
19 28 46 92 -1 18 30 46 93 -1 4 26 48 77 -1 1 44 48 80 -1 46 51 52 93 -1 7 20 56 92 -1 -2
8 78 82 86 -1 47 60 61 77 -1 37 48 53 84 -1 7 22 55 58 -1 -2
14 73 77 90 -1 6 52 65 74 -1 7 14 22 62 -1 9 27 51 69 -1 23 24 26 89 -1 24 29 72 74 -1 -2
23 51 52 69 -1 23 31 44 100 -1 3 29 72 93 -1 17 40 62 69 -1 49 82 87 91 -1 24 34 83 85 -1 2 18 86 89 -1 56 76 89 91 -1 -2
25 51 57 85 -1 7 11 14 83 -1 32 62 68 73 -1 35 50 79 97 -1 4 46 91 100 -1 -2
17 24 31 65 -1 -2
1 48 50 52 -1 23 38 79 91 -1 2 14 17 86 -1 14 37 86 89 -1 17 33 54 55 -1 -2
2 21 50 54 -1 15 52 88 97 -1 17 45 93 94 -1 28 73 77 78 -1 29 30 68 87 -1 20 34 83 85 -1 17 52 53 94 -1 30 50 68 81 -1 -2
39 47 75 90 -1 1 11 19 22 -1 30 36 37 100 -1 69 83 91 100 -1 50 65 66 75 -1 55 56 57 90 -1 19 21 25 40 -1 -2
17 50 54 56 -1 9 14 39 76 -1 26 42 73 95 -1 15 51 92 94 -1 23 25 31 74 -1 19 49 75 96 -1 35 48 88 97 -1 57 62 82 98 -1 -2
37 64 82 85 -1 4 19 86 89 -1 -2
25 31 52 94 -1 -2
20 35 41 83 -1 2 25 48 91 -1 -2
23 26 61 82 -1 28 69 70 77 -1 3 20 49 86 -1 7 35 55 94 -1 2 11 47 73 -1 -2
17 43 87 96 -1 23 34 43 72 -1 34 52 57 98 -1 33 53 84 96 -1 11 52 73 81 -1 5 44 69 85 -1 64 77 80 85 -1 3 23 48 86 -1 -2
3 72 79 90 -1 -2
30 64 73 88 -1 12 28 69 81 -1 27 34 73 95 -1 1 18 29 49 -1 -2
19 48 59 83 -1 70 71 80 91 -1 10 32 42 99 -1 -2
5 26 27 84 -1 -2
39 55 68 84 -1 2 7 34 73 -1 82 85 86 94 -1 12 42 52 68 -1 58 62 84 96 -1 13 33 63 64 -1 5 49 70 90 -1 -2
27 35 60 85 -1 43 59 65 83 -1 55 62 75 95 -1 30 36 61 84 -1 9 35 45 79 -1 37 45 72 83 -1 -2
43 55 64 88 -1 1 17 84 89 -1 28 49 54 90 -1 2 4 38 77 -1 -2
4 28 82 84 -1 7 51 55 61 -1 20 22 49 87 -1 6 48 51 74 -1 19 37 50 57 -1 12 25 45 73 -1 3 7 96 98 -1 25 30 42 86 -1 -2
6 33 41 77 -1 42 51 64 87 -1 9 62 94 97 -1 4 7 21 81 -1 3 8 39 77 -1 14 30 54 68 -1 46 50 62 70 -1 39 60 77 79 -1 -2
64 81 90 100 -1 56 67 78 84 -1 -2
20 37 91 94 -1 1 7 9 19 -1 -2
19 46 52 68 -1 7 60 61 73 -1 -2
30 34 75 83 -1 18 52 78 91 -1 7 50 61 98 -1 9 44 57 58 -1 -2
28 30 52 67 -1 26 35 39 41 -1 10 62 84 98 -1 -2
28 55 59 88 -1 40 46 68 74 -1 1 13 86 97 -1 41 52 78 90 -1 34 39 44 96 -1 2 47 53 84 -1 17 42 84 91 -1 4 41 66 87 -1 -2
46 58 69 77 -1 63 73 74 96 -1 8 15 25 78 -1 4 62 68 95 -1 8 25 28 48 -1 14 45 57 65 -1 43 78 87 90 -1 34 59 67 76 -1 -2
66 88 91 98 -1 19 41 56 64 -1 14 48 49 54 -1 -2
4 35 68 87 -1 18 41 59 82 -1 4 39 71 84 -1 10 11 75 90 -1 31 64 66 77 -1 24 54 67 71 -1 18 27 35 89 -1 53 59 71 98 -1 -2
1 45 51 53 -1 -2
31 44 64 81 -1 6 42 43 95 -1 26 47 61 77 -1 20 34 57 68 -1 33 49 91 95 -1 5 20 25 100 -1 33 89 92 99 -1 7 15 75 79 -1 -2
30 33 42 52 -1 21 34 43 59 -1 23 47 50 68 -1 16 24 28 93 -1 16 27 50 86 -1 17 37 55 92 -1 14 19 26 44 -1 -2
17 24 26 68 -1 4 11 71 99 -1 16 55 72 83 -1 23 66 76 86 -1 59 80 91 97 -1 -2
39 48 77 89 -1 17 20 37 77 -1 1 7 29 58 -1 10 11 41 61 -1 3 45 64 65 -1 10 18 31 96 -1 64 69 80 90 -1 1 15 30 100 -1 -2
48 61 64 76 -1 -2
11 13 70 82 -1 13 19 43 65 -1 9 38 62 67 -1 -2
27 59 62 99 -1 9 32 81 100 -1 8 28 39 65 -1 25 45 72 73 -1 -2
32 40 65 71 -1 18 46 72 92 -1 17 29 33 50 -1 2 28 69 72 -1 31 39 86 89 -1 -2
18 24 51 98 -1 34 45 64 79 -1 3 18 43 50 -1 10 78 89 90 -1 -2
19 60 78 100 -1 20 24 37 91 -1 31 38 59 78 -1 5 9 20 64 -1 30 36 47 77 -1 -2
37 40 86 93 -1 29 33 54 86 -1 -2
11 34 35 38 -1 3 40 72 75 -1 34 47 51 83 -1 12 47 48 73 -1 8 11 48 52 -1 5 8 19 58 -1 15 25 72 100 -1 66 76 79 91 -1 -2
27 57 66 97 -1 -2
8 10 12 77 -1 5 16 23 93 -1 13 18 61 86 -1 6 7 44 52 -1 -2
44 62 71 98 -1 11 16 35 44 -1 -2
5 37 76 99 -1 11 67 70 75 -1 20 24 79 86 -1 25 79 81 83 -1 16 26 63 91 -1 2 32 35 53 -1 2 27 72 91 -1 -2
29 41 62 84 -1 2 5 56 92 -1 39 52 67 74 -1 6 8 67 100 -1 22 25 27 38 -1 -2
12 22 37 51 -1 -2
13 59 79 89 -1 55 58 65 76 -1 18 42 51 77 -1 12 14 23 46 -1 18 60 68 75 -1 44 47 81 94 -1 -2
12 43 90 97 -1 2 46 53 55 -1 6 47 49 91 -1 3 7 35 78 -1 6 17 61 87 -1 41 64 87 99 -1 7 37 65 75 -1 -2
19 25 62 98 -1 73 74 77 92 -1 14 46 68 84 -1 1 12 14 32 -1 7 43 74 100 -1 -2
3 28 57 97 -1 61 63 80 95 -1 28 44 90 97 -1 52 53 66 73 -1 43 49 55 74 -1 4 22 59 99 -1 17 64 71 75 -1 -2
23 24 60 73 -1 37 38 41 68 -1 5 61 93 96 -1 27 41 44 95 -1 -2
38 43 86 100 -1 -2
33 49 53 85 -1 6 42 45 88 -1 10 50 53 61 -1 -2
41 58 76 81 -1 10 42 51 61 -1 -2
6 42 77 96 -1 2 5 6 16 -1 49 52 93 98 -1 28 36 76 83 -1 -2
50 76 78 95 -1 3 20 71 85 -1 28 35 39 58 -1 2 59 63 95 -1 36 71 76 89 -1 5 22 38 79 -1 -2
15 30 44 55 -1 1 9 53 78 -1 11 29 45 82 -1 16 64 71 97 -1 27 62 96 99 -1 14 25 42 47 -1 -2
19 52 75 97 -1 4 39 57 81 -1 19 37 53 78 -1 32 62 80 98 -1 17 33 88 98 -1 -2
14 94 97 99 -1 1 32 53 81 -1 8 43 46 100 -1 8 29 48 78 -1 8 28 49 77 -1 -2
28 31 44 90 -1 47 70 78 100 -1 12 65 68 91 -1 40 62 79 81 -1 9 71 87 88 -1 -2
24 36 60 83 -1 10 28 58 67 -1 11 46 74 90 -1 41 80 94 98 -1 18 42 70 88 -1 5 58 70 83 -1 -2
32 39 88 90 -1 6 10 80 93 -1 -2
2 7 46 57 -1 4 5 32 78 -1 51 72 82 85 -1 -2
13 15 24 37 -1 12 22 28 36 -1 27 30 54 84 -1 9 26 89 95 -1 42 79 84 97 -1 2 36 77 97 -1 16 42 59 77 -1 -2
7 22 88 98 -1 14 20 38 56 -1 4 10 24 65 -1 52 64 66 82 -1 35 63 68 69 -1 5 46 49 72 -1 -2
5 29 42 91 -1 3 34 83 90 -1 28 61 89 94 -1 -2
17 36 56 97 -1 18 20 30 71 -1 30 47 67 86 -1 17 58 59 98 -1 6 19 32 39 -1 24 43 80 97 -1 34 36 39 51 -1 40 49 57 71 -1 -2
46 64 73 81 -1 28 39 54 98 -1 6 13 21 98 -1 25 51 53 100 -1 13 14 40 77 -1 7 29 55 87 -1 12 21 46 77 -1 18 54 73 100 -1 -2
19 21 67 81 -1 21 34 52 57 -1 42 51 52 76 -1 5 15 69 93 -1 6 13 21 42 -1 -2
25 54 62 80 -1 28 38 40 56 -1 26 28 45 60 -1 35 36 66 90 -1 28 35 41 75 -1 11 29 82 89 -1 3 20 61 99 -1 14 23 54 67 -1 -2
2 13 30 94 -1 34 46 69 83 -1 8 22 63 94 -1 -2
12 65 79 85 -1 9 19 28 52 -1 63 73 83 90 -1 2 57 95 100 -1 10 19 32 45 -1 44 69 77 81 -1 14 29 34 74 -1 -2
6 9 29 97 -1 -2
41 44 47 64 -1 4 36 50 90 -1 8 23 69 84 -1 9 18 27 39 -1 6 29 45 70 -1 35 41 77 92 -1 36 57 86 90 -1 20 25 84 90 -1 -2
8 14 29 49 -1 25 27 29 93 -1 86 97 99 100 -1 19 35 70 97 -1 25 29 93 97 -1 48 52 67 80 -1 14 19 35 37 -1 11 43 69 88 -1 -2
2 24 34 78 -1 4 38 76 77 -1 18 32 79 85 -1 18 45 60 79 -1 44 45 59 65 -1 6 10 63 96 -1 18 40 61 64 -1 -2
50 55 94 99 -1 2 22 33 76 -1 -2
44 55 85 87 -1 2 47 60 97 -1 5 69 79 94 -1 -2
18 65 67 89 -1 3 24 34 75 -1 6 54 61 92 -1 53 71 73 87 -1 37 65 71 82 -1 18 67 69 79 -1 41 46 56 80 -1 -2
26 59 81 91 -1 8 15 25 100 -1 1 5 50 58 -1 10 40 54 96 -1 39 43 59 95 -1 -2
16 26 44 55 -1 19 61 63 92 -1 10 17 26 70 -1 1 69 80 84 -1 -2
8 10 68 93 -1 33 38 61 74 -1 2 44 52 63 -1 6 62 71 74 -1 14 16 77 84 -1 38 40 53 80 -1 9 33 39 67 -1 -2
15 43 45 53 -1 10 56 75 96 -1 5 6 62 73 -1 -2
67 70 71 83 -1 29 45 48 82 -1 22 27 38 40 -1 2 54 60 92 -1 27 31 50 51 -1 11 76 80 95 -1 -2
3 6 77 89 -1 4 13 50 91 -1 27 28 56 82 -1 11 28 53 99 -1 7 88 89 95 -1 23 30 43 82 -1 5 12 35 36 -1 28 79 85 88 -1 -2
15 41 72 88 -1 25 27 44 73 -1 29 78 87 97 -1 -2
12 14 22 25 -1 3 36 73 80 -1 45 64 78 82 -1 -2
16 17 34 90 -1 32 82 86 90 -1 49 68 73 85 -1 27 64 79 81 -1 20 23 35 94 -1 33 35 36 73 -1 -2
85 90 97 99 -1 54 59 83 87 -1 16 18 30 59 -1 24 33 94 97 -1 2 12 59 71 -1 -2
1 56 86 97 -1 4 21 55 77 -1 31 39 68 88 -1 49 55 60 95 -1 9 60 61 64 -1 19 40 56 84 -1 -2
61 73 84 90 -1 19 49 84 89 -1 35 60 86 92 -1 8 15 70 100 -1 46 55 59 93 -1 39 64 84 87 -1 -2
24 61 82 93 -1 9 64 77 79 -1 26 42 55 87 -1 7 22 62 68 -1 16 58 73 96 -1 -2
10 14 44 91 -1 25 41 49 55 -1 9 38 54 68 -1 -2
6 20 48 54 -1 41 48 53 68 -1 -2
9 43 80 82 -1 56 64 66 74 -1 6 15 46 89 -1 50 73 81 84 -1 16 18 40 76 -1 29 62 65 66 -1 23 57 78 94 -1 2 23 67 99 -1 -2
5 68 81 87 -1 11 16 88 93 -1 26 64 67 100 -1 27 28 62 99 -1 19 43 89 91 -1 8 43 62 63 -1 -2
24 39 75 97 -1 4 45 57 72 -1 5 16 22 58 -1 27 33 34 60 -1 12 20 50 51 -1 24 29 64 71 -1 35 38 78 90 -1 -2
66 70 86 89 -1 47 71 89 100 -1 28 32 37 44 -1 34 43 68 88 -1 89 96 99 100 -1 10 19 71 81 -1 -2
13 45 84 91 -1 27 50 65 91 -1 2 21 76 100 -1 26 42 53 59 -1 9 83 85 93 -1 11 20 25 66 -1 11 51 61 94 -1 -2
20 40 73 83 -1 49 54 76 78 -1 17 29 84 95 -1 9 20 48 63 -1 26 42 49 51 -1 15 50 55 77 -1 16 27 32 44 -1 36 44 57 98 -1 -2
36 71 82 87 -1 4 37 61 68 -1 -2
48 61 68 100 -1 18 46 53 84 -1 3 29 35 64 -1 2 48 75 81 -1 25 39 55 96 -1 10 61 88 89 -1 46 50 54 93 -1 -2
6 19 55 69 -1 5 16 24 50 -1 -2
12 39 54 83 -1 2 68 82 88 -1 14 34 55 59 -1 1 6 26 76 -1 34 45 49 84 -1 2 6 73 87 -1 -2
23 24 55 75 -1 29 45 66 94 -1 4 16 74 89 -1 -2
19 59 74 91 -1 9 19 25 93 -1 -2
15 40 74 91 -1 14 39 60 71 -1 19 64 72 75 -1 3 27 40 95 -1 -2
1 40 45 88 -1 26 42 49 90 -1 16 30 42 65 -1 37 38 66 73 -1 17 18 36 66 -1 18 34 76 98 -1 7 44 78 91 -1 -2
2 24 27 96 -1 39 56 82 85 -1 -2
11 15 58 95 -1 38 48 58 91 -1 -2
56 75 82 100 -1 28 31 33 48 -1 24 74 76 93 -1 -2
1 26 36 71 -1 16 53 67 71 -1 12 64 79 84 -1 8 54 61 90 -1 -2
1 46 51 98 -1 4 30 65 87 -1 5 20 80 98 -1 62 71 78 87 -1 4 54 64 71 -1 4 64 80 92 -1 11 54 63 91 -1 26 31 60 83 -1 -2
42 68 79 90 -1 5 14 66 76 -1 47 65 75 95 -1 11 63 65 66 -1 53 68 69 72 -1 6 8 78 96 -1 -2
15 37 39 54 -1 12 38 59 72 -1 3 28 54 85 -1 23 43 91 96 -1 -2
20 49 66 76 -1 -2
36 44 58 59 -1 9 21 38 63 -1 5 10 43 99 -1 -2
14 22 73 83 -1 19 35 61 95 -1 19 36 86 88 -1 18 28 35 68 -1 1 60 80 100 -1 50 60 96 100 -1 -2
33 37 68 90 -1 -2
14 49 89 96 -1 35 57 77 99 -1 8 11 36 65 -1 5 43 59 76 -1 -2
14 45 83 96 -1 1 13 72 81 -1 8 37 48 55 -1 22 47 69 82 -1 8 37 55 56 -1 41 42 87 100 -1 -2
8 37 49 87 -1 11 42 67 87 -1 35 45 89 96 -1 50 68 86 100 -1 68 87 92 93 -1 3 44 48 68 -1 4 28 42 49 -1 38 80 88 95 -1 -2
22 38 41 47 -1 16 73 90 93 -1 10 60 87 94 -1 7 14 91 94 -1 15 23 48 70 -1 21 37 77 91 -1 3 20 37 51 -1 -2
45 47 49 78 -1 3 81 85 87 -1 5 85 88 99 -1 9 53 83 90 -1 -2
4 10 48 57 -1 46 67 70 96 -1 39 57 83 90 -1 13 23 30 66 -1 8 66 87 94 -1 31 40 62 83 -1 3 30 66 92 -1 10 48 54 67 -1 -2
25 60 80 88 -1 7 47 74 98 -1 68 74 93 95 -1 28 30 47 67 -1 21 44 45 70 -1 16 39 41 56 -1 39 62 76 91 -1 -2
6 28 70 87 -1 28 31 66 92 -1 -2
36 64 65 94 -1 10 73 91 93 -1 2 16 43 49 -1 47 62 75 88 -1 24 29 49 64 -1 -2
38 39 81 94 -1 2 8 19 96 -1 39 64 67 90 -1 19 27 72 99 -1 -2
5 42 52 92 -1 11 27 33 95 -1 3 30 69 93 -1 28 35 68 98 -1 4 5 78 90 -1 2 7 52 85 -1 23 29 35 83 -1 -2
13 45 61 65 -1 22 49 73 93 -1 -2
42 52 78 88 -1 56 59 84 92 -1 13 20 53 87 -1 2 10 84 86 -1 7 9 30 55 -1 37 47 89 94 -1 -2
5 15 33 34 -1 17 30 60 97 -1 14 43 45 94 -1 19 33 51 65 -1 15 41 61 98 -1 29 74 80 97 -1 6 21 59 63 -1 -2
7 26 60 71 -1 -2
35 66 73 93 -1 13 39 42 93 -1 36 50 51 64 -1 9 11 23 29 -1 2 19 23 53 -1 5 10 73 82 -1 45 61 62 86 -1 42 48 49 54 -1 -2
38 56 66 100 -1 6 14 27 92 -1 4 11 73 91 -1 -2
18 20 66 86 -1 37 45 51 92 -1 32 58 64 85 -1 12 26 69 99 -1 12 13 19 47 -1 4 31 47 92 -1 -2
32 44 60 98 -1 10 33 41 48 -1 7 9 13 68 -1 10 23 85 88 -1 -2
50 69 82 99 -1 59 63 64 74 -1 2 9 46 65 -1 -2
14 40 45 72 -1 8 12 15 85 -1 58 61 71 95 -1 52 69 74 100 -1 11 37 82 99 -1 15 26 79 88 -1 -2
12 24 69 85 -1 41 75 81 95 -1 14 29 41 92 -1 28 37 44 65 -1 8 13 55 91 -1 -2
23 26 51 99 -1 6 8 19 74 -1 7 8 11 25 -1 -2
16 61 69 93 -1 -2
14 29 74 86 -1 22 60 70 76 -1 11 48 70 71 -1 9 22 44 85 -1 -2
5 37 40 47 -1 9 29 69 73 -1 2 3 13 62 -1 2 21 65 68 -1 -2
7 8 21 67 -1 47 67 80 87 -1 -2
11 55 74 77 -1 3 30 75 98 -1 -2
6 46 70 87 -1 29 35 71 86 -1 6 8 52 55 -1 1 8 49 82 -1 -2
19 44 46 81 -1 43 48 76 86 -1 1 21 83 89 -1 36 43 75 77 -1 52 62 74 100 -1 -2
40 41 57 92 -1 1 47 63 98 -1 28 41 54 57 -1 4 8 63 92 -1 8 17 38 89 -1 4 30 68 80 -1 1 5 74 80 -1 -2
20 55 73 97 -1 52 57 69 86 -1 10 47 82 87 -1 20 35 73 81 -1 19 42 67 86 -1 1 6 51 90 -1 17 19 73 100 -1 -2
8 51 78 84 -1 12 20 60 73 -1 4 5 66 81 -1 1 13 21 27 -1 1 29 62 77 -1 -2
16 22 50 90 -1 1 36 37 87 -1 27 40 81 96 -1 37 46 56 98 -1 54 68 83 87 -1 18 79 85 87 -1 34 52 88 93 -1 -2
2 13 24 82 -1 -2
18 22 24 40 -1 19 20 24 96 -1 5 18 26 86 -1 21 30 58 98 -1 7 46 85 97 -1 3 29 66 70 -1 9 78 82 95 -1 35 47 78 89 -1 -2
30 44 71 79 -1 4 11 66 92 -1 8 70 86 95 -1 12 14 81 100 -1 29 50 55 90 -1 37 52 55 82 -1 -2
9 49 54 100 -1 4 46 55 77 -1 6 18 22 84 -1 33 54 57 91 -1 14 61 70 86 -1 -2
8 59 63 73 -1 34 50 56 98 -1 8 27 85 96 -1 17 65 75 100 -1 31 39 92 97 -1 43 45 46 81 -1 22 90 98 100 -1 34 38 52 96 -1 -2
61 62 80 98 -1 6 35 65 78 -1 24 44 61 77 -1 35 46 47 78 -1 -2
25 57 62 64 -1 16 31 45 60 -1 37 50 57 91 -1 8 27 63 86 -1 -2
14 28 30 41 -1 -2
14 16 29 96 -1 29 31 51 91 -1 28 36 58 65 -1 35 45 61 70 -1 32 36 43 68 -1 11 28 35 67 -1 5 10 32 49 -1 -2
1 13 63 67 -1 12 36 44 92 -1 16 41 51 85 -1 9 37 57 77 -1 24 55 66 72 -1 2 32 45 99 -1 1 2 5 76 -1 -2
19 45 63 81 -1 61 67 68 69 -1 36 51 67 91 -1 36 49 50 81 -1 26 44 91 93 -1 5 6 19 57 -1 30 53 68 93 -1 -2
35 43 72 96 -1 2 33 49 88 -1 8 52 56 62 -1 8 32 58 69 -1 2 11 29 87 -1 12 65 85 89 -1 18 61 74 92 -1 4 49 80 81 -1 -2
72 89 94 96 -1 3 13 58 91 -1 16 46 67 90 -1 1 24 63 78 -1 37 42 54 58 -1 23 70 85 93 -1 -2
18 23 32 33 -1 36 43 45 99 -1 30 42 56 99 -1 8 64 95 99 -1 1 48 56 64 -1 18 38 76 97 -1 30 52 59 76 -1 7 38 91 99 -1 -2
2 20 45 90 -1 27 56 68 73 -1 59 69 75 86 -1 1 5 30 42 -1 -2
10 33 38 48 -1 54 55 87 92 -1 -2
1 52 62 65 -1 -2
38 53 63 92 -1 23 73 77 91 -1 31 60 64 95 -1 -2
24 36 63 64 -1 -2
25 35 44 60 -1 1 44 61 74 -1 11 32 37 67 -1 25 33 40 91 -1 11 39 44 91 -1 26 67 69 83 -1 1 46 61 95 -1 48 50 67 87 -1 -2
14 57 58 82 -1 58 66 69 77 -1 -2
5 28 81 87 -1 1 14 60 65 -1 5 27 49 70 -1 -2
15 37 63 93 -1 41 61 76 94 -1 9 19 31 71 -1 10 30 50 81 -1 25 80 97 98 -1 15 24 32 56 -1 47 65 66 87 -1 -2
3 25 51 71 -1 18 28 60 89 -1 17 27 46 68 -1 10 52 82 85 -1 36 83 86 92 -1 11 15 17 91 -1 -2
14 28 44 66 -1 -2
10 84 94 98 -1 20 38 58 82 -1 7 14 27 42 -1 27 61 63 71 -1 9 32 53 94 -1 -2
17 32 84 92 -1 13 47 60 76 -1 11 48 72 99 -1 3 58 93 100 -1 8 21 51 58 -1 28 36 37 47 -1 57 62 71 78 -1 -2
2 10 24 61 -1 2 3 43 56 -1 31 36 57 66 -1 30 36 38 53 -1 36 47 58 79 -1 -2
17 84 91 94 -1 -2
22 65 78 86 -1 4 17 21 54 -1 24 26 53 55 -1 1 43 91 92 -1 -2
10 28 68 88 -1 22 73 84 86 -1 2 45 63 95 -1 25 36 58 68 -1 -2
2 82 91 96 -1 15 32 79 100 -1 40 50 78 80 -1 33 75 79 98 -1 51 66 75 86 -1 21 31 35 100 -1 -2
14 16 62 73 -1 12 46 78 81 -1 1 14 37 39 -1 21 44 45 83 -1 -2
42 45 64 72 -1 10 43 48 63 -1 3 19 47 98 -1 10 34 90 98 -1 1 11 24 80 -1 35 60 92 94 -1 -2
28 45 51 71 -1 6 13 53 73 -1 58 62 77 80 -1 8 21 27 89 -1 9 31 71 94 -1 16 25 33 54 -1 -2
66 78 80 91 -1 7 61 80 81 -1 28 37 54 89 -1 39 44 71 98 -1 13 28 43 69 -1 2 48 49 99 -1 4 25 40 63 -1 -2
4 66 69 89 -1 12 52 55 66 -1 49 81 91 95 -1 6 28 85 91 -1 9 56 62 94 -1 -2
14 68 80 82 -1 23 81 82 87 -1 4 10 81 87 -1 12 17 72 86 -1 1 47 62 92 -1 36 72 90 95 -1 -2
4 17 49 74 -1 3 5 23 44 -1 13 31 50 88 -1 2 45 87 96 -1 -2
6 9 38 43 -1 13 31 52 62 -1 8 51 66 74 -1 1 18 74 88 -1 1 10 73 100 -1 23 43 70 76 -1 12 32 34 81 -1 -2
42 57 68 76 -1 20 45 70 77 -1 4 70 72 87 -1 13 42 64 73 -1 22 24 54 79 -1 -2
25 34 54 57 -1 -2
20 25 63 75 -1 20 24 26 27 -1 8 29 76 81 -1 54 59 61 83 -1 2 12 53 98 -1 8 18 24 98 -1 13 22 57 96 -1 -2
18 40 68 79 -1 10 37 53 67 -1 54 78 87 94 -1 34 52 64 82 -1 62 63 69 84 -1 23 34 72 91 -1 -2
3 4 76 87 -1 42 52 68 85 -1 9 17 70 76 -1 9 32 63 89 -1 19 21 39 64 -1 18 19 33 37 -1 4 38 46 53 -1 3 47 72 96 -1 -2
34 60 81 90 -1 14 47 66 73 -1 31 61 73 91 -1 12 41 54 55 -1 24 46 59 92 -1 4 33 80 90 -1 9 58 66 77 -1 23 48 53 81 -1 -2
25 28 46 73 -1 30 34 74 88 -1 -2
38 43 63 73 -1 31 66 83 86 -1 31 34 72 73 -1 14 16 22 92 -1 1 37 49 65 -1 -2
36 64 79 89 -1 4 57 76 84 -1 13 49 54 62 -1 -2
35 48 49 71 -1 16 31 54 74 -1 15 21 32 86 -1 38 47 58 75 -1 34 79 82 100 -1 1 7 59 63 -1 27 35 69 82 -1 -2
36 37 71 96 -1 8 25 57 68 -1 1 3 50 83 -1 39 73 74 100 -1 -2
5 23 79 88 -1 -2
7 25 44 82 -1 58 76 78 99 -1 14 24 82 88 -1 5 11 65 98 -1 16 46 67 69 -1 45 54 78 97 -1 -2
19 67 74 78 -1 30 53 64 69 -1 20 29 51 73 -1 5 63 92 94 -1 42 61 74 98 -1 -2
6 8 21 33 -1 -2
15 20 30 90 -1 24 27 43 55 -1 26 33 76 86 -1 8 62 66 93 -1 58 75 79 93 -1 20 68 74 81 -1 18 70 71 93 -1 -2
16 24 62 96 -1 14 57 64 72 -1 21 39 52 53 -1 6 16 44 56 -1 18 26 75 95 -1 -2
3 9 48 96 -1 7 16 34 55 -1 5 23 58 65 -1 21 45 65 69 -1 6 22 78 81 -1 29 69 88 96 -1 1 5 57 98 -1 19 34 36 73 -1 -2
3 43 72 92 -1 5 14 37 67 -1 2 35 42 71 -1 9 35 39 98 -1 25 35 91 97 -1 8 21 43 45 -1 55 60 62 90 -1 -2
30 64 89 95 -1 6 40 78 100 -1 36 87 90 94 -1 -2
10 25 58 90 -1 16 37 75 79 -1 17 55 65 72 -1 70 88 95 97 -1 22 43 50 51 -1 20 71 75 90 -1 8 36 44 47 -1 -2
14 35 57 73 -1 30 68 72 100 -1 26 35 56 100 -1 -2
53 74 84 95 -1 17 56 91 98 -1 28 47 68 92 -1 22 25 27 83 -1 13 32 78 90 -1 40 70 73 74 -1 -2
3 27 28 91 -1 33 47 86 91 -1 -2
31 33 46 94 -1 15 36 42 99 -1 13 62 70 88 -1 26 42 60 66 -1 4 25 26 95 -1 34 36 55 89 -1 18 66 69 100 -1 -2
8 13 21 26 -1 8 49 60 76 -1 42 54 88 90 -1 12 34 85 90 -1 7 27 88 99 -1 -2
18 36 42 43 -1 39 41 69 99 -1 9 27 66 70 -1 1 26 59 78 -1 15 32 46 100 -1 2 53 57 86 -1 10 40 50 80 -1 -2
10 31 62 79 -1 8 26 27 38 -1 15 51 70 80 -1 76 90 93 94 -1 -2
30 76 77 85 -1 7 18 74 96 -1 31 42 65 91 -1 7 25 64 69 -1 18 33 93 100 -1 7 72 88 94 -1 1 4 74 100 -1 -2
32 71 75 84 -1 4 46 90 95 -1 3 4 26 59 -1 -2
3 37 41 49 -1 34 53 90 94 -1 3 12 32 58 -1 28 45 84 95 -1 4 7 14 32 -1 -2
9 27 35 72 -1 1 20 22 98 -1 21 30 58 78 -1 8 14 15 88 -1 18 26 36 60 -1 18 33 58 64 -1 -2
4 26 38 75 -1 17 18 52 95 -1 29 59 77 90 -1 16 25 53 74 -1 20 39 49 84 -1 28 32 36 58 -1 6 44 77 97 -1 -2
74 75 81 99 -1 32 36 69 93 -1 -2
3 45 61 75 -1 7 17 36 100 -1 19 51 55 65 -1 16 46 61 66 -1 -2
10 32 52 60 -1 54 81 87 96 -1 38 51 65 95 -1 23 24 37 61 -1 -2
47 49 54 56 -1 19 53 68 91 -1 21 22 49 98 -1 -2
7 34 56 93 -1 19 22 55 96 -1 19 76 93 94 -1 53 70 72 77 -1 13 19 55 84 -1 5 41 43 44 -1 27 34 55 60 -1 4 80 81 84 -1 -2
3 12 89 92 -1 17 52 78 88 -1 8 49 57 61 -1 41 45 68 76 -1 24 27 36 59 -1 10 23 56 92 -1 34 41 45 62 -1 -2
42 62 77 79 -1 47 77 79 88 -1 3 72 85 91 -1 19 44 48 98 -1 27 39 66 72 -1 9 36 68 79 -1 12 45 47 82 -1 12 18 33 86 -1 -2
19 57 78 92 -1 -2
9 25 63 76 -1 10 37 74 99 -1 15 19 27 94 -1 -2
43 59 68 75 -1 49 73 77 95 -1 17 53 85 86 -1 -2
3 8 55 58 -1 17 23 55 91 -1 23 50 71 78 -1 -2
5 20 34 59 -1 54 58 88 95 -1 20 64 97 98 -1 -2
8 29 32 86 -1 -2
1 4 62 63 -1 18 42 86 88 -1 59 68 78 99 -1 33 48 97 98 -1 43 80 82 90 -1 24 31 69 83 -1 23 65 75 97 -1 8 14 41 82 -1 -2
4 19 70 91 -1 18 21 30 43 -1 9 58 88 97 -1 38 61 67 97 -1 14 19 22 56 -1 37 44 77 87 -1 25 26 31 82 -1 28 57 79 90 -1 -2
27 46 50 73 -1 13 32 48 79 -1 62 72 82 89 -1 7 43 82 94 -1 2 24 31 33 -1 9 19 28 86 -1 12 35 54 61 -1 -2
4 5 46 47 -1 26 47 57 70 -1 21 23 42 93 -1 24 62 71 89 -1 7 62 76 93 -1 2 26 46 73 -1 28 69 73 75 -1 32 53 65 68 -1 -2
18 30 62 99 -1 2 13 30 83 -1 32 51 54 81 -1 4 15 76 97 -1 13 17 35 88 -1 -2
24 33 44 62 -1 8 15 22 24 -1 -2
31 88 93 96 -1 32 35 47 55 -1 43 46 53 90 -1 26 34 68 88 -1 27 32 54 87 -1 -2
53 56 77 86 -1 13 21 56 89 -1 32 38 70 88 -1 8 23 33 68 -1 7 41 47 63 -1 2 23 27 54 -1 -2
20 34 37 94 -1 15 20 34 68 -1 51 75 88 92 -1 6 32 39 86 -1 33 45 63 88 -1 33 36 52 82 -1 -2
1 11 28 51 -1 -2
11 28 34 58 -1 28 31 32 47 -1 9 12 48 95 -1 1 5 39 57 -1 28 31 38 97 -1 23 50 60 87 -1 6 63 78 94 -1 -2
30 40 81 94 -1 9 43 62 98 -1 -2
50 57 73 78 -1 21 40 46 90 -1 3 20 35 39 -1 17 39 66 94 -1 24 40 52 60 -1 5 35 61 78 -1 44 47 52 86 -1 40 46 66 84 -1 -2
14 24 35 79 -1 9 33 39 60 -1 8 32 55 84 -1 57 62 79 83 -1 7 36 56 60 -1 -2
3 5 40 45 -1 12 32 48 71 -1 5 27 42 89 -1 19 51 87 100 -1 29 65 70 89 -1 -2
19 66 86 87 -1 55 57 64 86 -1 -2
11 27 79 92 -1 7 9 38 62 -1 13 19 53 92 -1 35 77 81 95 -1 -2
8 15 56 81 -1 3 60 71 74 -1 20 28 61 94 -1 -2
34 37 76 79 -1 4 13 53 72 -1 5 9 22 52 -1 29 35 48 66 -1 3 17 40 90 -1 4 12 55 76 -1 16 42 45 51 -1 2 75 78 89 -1 -2
26 41 53 73 -1 54 60 74 80 -1 15 16 74 98 -1 43 62 63 66 -1 -2
16 21 23 88 -1 2 12 57 60 -1 35 42 56 98 -1 17 18 38 61 -1 2 8 35 58 -1 -2
18 38 59 85 -1 27 36 37 82 -1 11 41 44 99 -1 23 30 35 38 -1 57 79 87 97 -1 14 24 33 62 -1 20 45 97 98 -1 -2
4 11 75 82 -1 9 15 53 67 -1 9 26 37 60 -1 20 54 87 92 -1 38 45 63 89 -1 -2
22 33 70 89 -1 9 20 28 70 -1 17 53 61 96 -1 35 39 45 60 -1 19 33 52 71 -1 -2
1 24 58 73 -1 7 40 68 81 -1 16 24 25 62 -1 9 17 31 82 -1 11 14 74 77 -1 -2
15 18 20 49 -1 -2
14 31 65 85 -1 5 50 89 95 -1 25 33 61 90 -1 26 29 69 92 -1 19 74 75 87 -1 9 75 84 99 -1 -2
21 42 47 91 -1 39 42 71 84 -1 -2
25 59 75 82 -1 17 39 74 90 -1 -2
8 74 89 94 -1 35 52 81 84 -1 33 73 75 77 -1 15 47 66 93 -1 11 28 38 69 -1 -2
43 51 86 100 -1 28 35 41 59 -1 51 55 80 89 -1 10 13 49 64 -1 -2
27 41 68 96 -1 8 29 36 90 -1 12 41 55 97 -1 4 7 50 79 -1 22 33 81 90 -1 14 26 32 49 -1 22 78 80 90 -1 15 85 94 100 -1 -2
23 41 44 47 -1 29 44 63 98 -1 40 44 63 73 -1 17 28 89 94 -1 -2
20 22 61 69 -1 -2
3 59 92 98 -1 47 56 59 87 -1 -2
12 32 50 74 -1 8 43 63 69 -1 14 21 44 67 -1 36 37 42 73 -1 9 48 67 85 -1 -2
2 3 50 52 -1 22 36 62 94 -1 25 37 46 86 -1 5 34 55 78 -1 23 51 71 83 -1 16 44 73 75 -1 -2
1 39 55 81 -1 6 41 42 48 -1 41 49 61 92 -1 8 38 41 78 -1 -2
1 44 60 67 -1 10 14 33 91 -1 -2
2 12 77 88 -1 10 26 31 37 -1 1 25 27 61 -1 31 40 52 94 -1 24 54 69 81 -1 17 41 78 90 -1 -2
63 65 72 78 -1 28 55 94 97 -1 7 47 64 99 -1 23 65 79 96 -1 -2
23 26 40 95 -1 10 11 24 74 -1 11 25 72 90 -1 -2
7 44 54 77 -1 12 27 56 95 -1 34 72 81 93 -1 9 52 54 77 -1 3 44 46 100 -1 14 15 44 100 -1 7 74 79 92 -1 3 4 38 53 -1 -2
34 46 75 97 -1 23 65 75 93 -1 2 11 44 57 -1 28 65 66 80 -1 15 16 25 98 -1 19 58 81 96 -1 -2
49 64 81 94 -1 4 9 19 29 -1 10 28 37 91 -1 8 12 28 76 -1 32 43 55 65 -1 4 71 74 76 -1 -2
48 50 89 100 -1 2 6 25 94 -1 29 35 77 90 -1 21 26 92 97 -1 10 26 67 69 -1 -2
7 36 72 92 -1 24 37 40 97 -1 2 29 52 73 -1 10 42 55 85 -1 7 27 42 97 -1 15 31 52 81 -1 85 95 97 99 -1 -2
20 73 83 95 -1 16 70 79 91 -1 -2
63 66 69 87 -1 57 63 72 97 -1 27 37 43 85 -1 3 75 78 85 -1 26 50 92 96 -1 -2
2 42 47 75 -1 16 73 87 98 -1 18 50 57 98 -1 5 20 57 89 -1 17 52 91 96 -1 -2
2 39 50 63 -1 -2
18 41 80 84 -1 13 24 33 50 -1 4 54 90 97 -1 -2
42 47 57 77 -1 1 9 59 73 -1 31 48 51 100 -1 6 24 42 99 -1 -2
29 52 83 87 -1 48 85 87 88 -1 18 33 35 50 -1 24 53 54 58 -1 5 15 32 79 -1 -2
23 29 50 55 -1 3 19 66 67 -1 10 67 81 98 -1 34 74 89 96 -1 23 24 30 78 -1 -2
16 39 70 84 -1 15 84 88 90 -1 18 21 39 90 -1 26 36 45 73 -1 22 27 43 91 -1 42 50 66 67 -1 12 24 32 60 -1 -2
6 29 35 47 -1 11 28 38 94 -1 2 34 89 100 -1 14 22 59 69 -1 15 27 70 71 -1 42 44 48 73 -1 -2
48 61 80 84 -1 24 41 44 90 -1 47 52 77 92 -1 -2
15 21 74 93 -1 17 22 76 85 -1 -2
37 70 85 94 -1 35 38 44 96 -1 34 60 81 93 -1 7 22 43 59 -1 14 56 75 91 -1 3 19 67 98 -1 19 42 63 73 -1 2 54 72 78 -1 -2
35 42 89 98 -1 41 73 81 87 -1 57 60 82 96 -1 75 76 91 99 -1 23 29 58 83 -1 11 70 79 81 -1 4 21 30 65 -1 -2
20 30 33 48 -1 18 26 35 94 -1 29 36 72 80 -1 45 62 68 87 -1 27 59 62 69 -1 39 52 87 93 -1 -2
20 56 83 94 -1 44 73 85 86 -1 -2
37 44 81 87 -1 11 24 26 96 -1 17 22 85 87 -1 25 46 54 55 -1 18 41 68 83 -1 2 13 38 73 -1 7 41 85 96 -1 -2
28 64 69 87 -1 24 51 71 92 -1 -2
50 75 93 95 -1 -2
20 28 62 74 -1 5 8 36 65 -1 10 24 47 100 -1 17 43 83 96 -1 3 60 92 94 -1 16 22 46 79 -1 -2
8 26 74 97 -1 41 54 55 93 -1 5 35 69 72 -1 5 8 77 79 -1 33 39 77 86 -1 10 18 47 67 -1 8 9 70 84 -1 -2
3 20 86 94 -1 12 30 34 78 -1 8 21 35 77 -1 8 62 86 99 -1 67 68 89 99 -1 5 35 51 61 -1 -2
4 31 84 98 -1 -2
19 29 30 58 -1 2 54 74 98 -1 4 20 48 49 -1 34 40 43 79 -1 5 47 62 72 -1 42 50 85 87 -1 -2
16 21 84 97 -1 13 28 46 99 -1 13 18 71 84 -1 7 41 45 88 -1 45 54 82 97 -1 25 28 63 69 -1 18 34 52 57 -1 -2
44 67 81 82 -1 2 79 88 99 -1 27 38 54 66 -1 23 24 69 70 -1 9 30 47 90 -1 16 27 79 83 -1 31 54 63 89 -1 -2
1 63 81 97 -1 32 44 63 68 -1 35 36 67 80 -1 52 58 60 62 -1 3 24 48 89 -1 -2
17 43 75 96 -1 42 47 91 98 -1 -2
10 19 38 79 -1 15 21 30 44 -1 22 34 44 94 -1 -2
64 66 90 92 -1 17 72 90 96 -1 5 37 48 81 -1 9 23 31 61 -1 34 79 83 100 -1 19 50 57 90 -1 9 21 74 93 -1 6 13 23 73 -1 -2
15 33 49 65 -1 23 36 47 49 -1 24 39 55 67 -1 -2
15 20 32 38 -1 16 34 47 80 -1 12 20 78 91 -1 22 66 70 86 -1 11 80 81 90 -1 -2
11 45 60 95 -1 6 7 20 28 -1 72 81 85 94 -1 27 48 81 91 -1 -2
26 42 45 92 -1 6 44 67 99 -1 31 36 85 99 -1 5 24 32 54 -1 24 41 61 67 -1 6 32 38 87 -1 -2
6 11 12 50 -1 13 69 75 76 -1 35 40 58 93 -1 14 29 47 70 -1 9 13 36 66 -1 5 19 63 74 -1 25 67 85 86 -1 25 31 39 81 -1 -2
2 48 71 78 -1 30 66 91 98 -1 51 66 89 93 -1 2 29 48 69 -1 -2
32 48 91 97 -1 40 45 72 73 -1 12 18 61 78 -1 17 21 90 100 -1 34 79 88 91 -1 19 23 24 30 -1 28 58 73 84 -1 41 60 88 95 -1 -2
8 42 57 71 -1 3 55 67 85 -1 2 50 64 85 -1 11 28 50 98 -1 21 37 38 66 -1 45 63 79 84 -1 8 9 15 60 -1 27 68 71 92 -1 -2
10 22 64 95 -1 -2
46 64 68 96 -1 11 29 37 77 -1 -2
10 38 48 51 -1 32 78 93 100 -1 74 76 90 98 -1 26 39 58 61 -1 24 28 68 84 -1 3 12 14 54 -1 2 46 88 94 -1 -2
4 18 21 51 -1 16 74 84 100 -1 9 16 18 55 -1 9 28 53 83 -1 7 18 19 42 -1 49 52 83 87 -1 38 49 83 85 -1 40 41 65 94 -1 -2
13 61 66 71 -1 58 71 73 99 -1 -2
9 20 46 50 -1 15 32 82 93 -1 -2
18 41 64 91 -1 36 51 83 98 -1 -2
1 18 34 96 -1 18 34 51 75 -1 1 16 26 29 -1 15 54 62 91 -1 -2
10 19 38 68 -1 -2
5 61 67 80 -1 26 37 52 97 -1 25 79 84 99 -1 9 45 49 70 -1 -2
8 52 61 97 -1 18 26 50 96 -1 1 43 75 94 -1 61 76 78 91 -1 -2
34 46 63 85 -1 10 74 83 91 -1 8 24 41 100 -1 -2
21 30 36 89 -1 22 26 29 66 -1 7 58 96 99 -1 -2
43 46 58 67 -1 27 28 31 71 -1 19 52 65 96 -1 13 20 40 94 -1 19 30 35 54 -1 1 4 11 53 -1 44 56 69 96 -1 19 42 81 86 -1 -2
9 78 84 97 -1 34 51 53 72 -1 9 31 60 99 -1 6 52 68 70 -1 33 42 52 67 -1 -2
50 61 62 87 -1 6 71 94 99 -1 37 49 83 92 -1 3 8 26 39 -1 61 71 74 83 -1 -2
27 45 72 73 -1 43 69 86 94 -1 2 7 38 55 -1 13 30 51 98 -1 3 14 88 96 -1 30 80 89 100 -1 11 40 48 80 -1 19 63 66 96 -1 -2
10 53 71 89 -1 6 39 53 76 -1 29 66 77 100 -1 18 38 86 89 -1 4 32 36 43 -1 11 16 22 87 -1 -2
17 19 40 43 -1 -2
10 35 38 90 -1 11 15 34 85 -1 21 29 30 47 -1 -2
1 57 71 96 -1 21 52 73 99 -1 22 29 56 68 -1 58 59 63 88 -1 37 42 46 81 -1 30 35 62 82 -1 -2
2 52 55 72 -1 42 57 69 76 -1 14 23 36 46 -1 1 42 70 100 -1 1 59 61 88 -1 16 20 40 97 -1 2 12 34 96 -1 21 52 69 87 -1 -2
60 64 78 87 -1 37 68 81 86 -1 11 18 40 94 -1 9 33 65 77 -1 26 28 50 64 -1 29 76 89 97 -1 13 15 51 75 -1 36 44 47 93 -1 -2
57 67 76 77 -1 22 38 58 77 -1 -2
6 26 67 93 -1 17 32 37 62 -1 -2
39 40 68 80 -1 30 31 40 59 -1 10 12 29 73 -1 19 38 42 49 -1 -2
4 37 77 99 -1 31 32 47 65 -1 60 63 87 96 -1 -2
9 29 79 82 -1 3 42 44 60 -1 4 23 38 54 -1 34 80 88 96 -1 60 80 95 98 -1 -2
12 28 73 100 -1 17 28 29 88 -1 11 26 32 95 -1 20 51 74 99 -1 13 16 63 98 -1 25 77 86 90 -1 24 44 55 77 -1 20 70 72 88 -1 -2
10 20 23 53 -1 30 50 65 93 -1 46 58 75 99 -1 3 20 54 76 -1 -2
2 11 31 65 -1 27 45 71 73 -1 29 31 60 96 -1 -2
2 17 64 81 -1 12 69 78 94 -1 55 56 75 88 -1 31 75 98 100 -1 42 54 62 66 -1 1 11 31 59 -1 1 44 60 95 -1 -2
2 21 45 96 -1 34 40 59 83 -1 5 13 41 88 -1 2 19 43 48 -1 38 47 53 79 -1 57 64 91 96 -1 6 30 46 73 -1 -2
34 58 79 81 -1 14 16 39 48 -1 5 34 59 80 -1 7 9 40 57 -1 22 73 97 99 -1 -2
36 48 62 75 -1 7 17 73 83 -1 -2
19 27 61 97 -1 5 14 51 68 -1 26 40 48 49 -1 7 55 61 97 -1 16 57 72 92 -1 -2
6 39 65 72 -1 30 42 51 91 -1 6 38 41 75 -1 6 46 59 72 -1 2 3 24 55 -1 67 80 93 94 -1 43 47 65 74 -1 25 51 96 99 -1 -2
16 33 40 57 -1 1 69 92 93 -1 10 33 61 91 -1 13 26 40 83 -1 -2
6 7 9 12 -1 15 39 40 98 -1 25 37 41 56 -1 -2
9 12 92 98 -1 -2
1 63 91 95 -1 10 38 87 100 -1 51 57 60 99 -1 9 16 47 84 -1 -2
6 52 63 68 -1 22 23 57 93 -1 29 90 95 97 -1 24 40 73 98 -1 31 43 47 72 -1 18 48 60 64 -1 -2
6 18 20 63 -1 29 66 67 72 -1 -2
30 59 68 90 -1 10 53 71 98 -1 39 46 60 99 -1 51 52 92 98 -1 18 25 45 72 -1 -2
19 23 73 85 -1 8 20 23 74 -1 -2
12 34 51 93 -1 -2
24 52 66 89 -1 7 10 83 84 -1 11 12 18 65 -1 18 60 70 75 -1 7 32 40 75 -1 -2
10 16 23 52 -1 30 36 55 90 -1 14 16 69 95 -1 13 22 39 85 -1 12 44 54 55 -1 5 17 72 73 -1 26 42 49 54 -1 15 83 95 100 -1 -2
33 34 46 52 -1 7 70 82 86 -1 31 32 44 54 -1 1 5 16 88 -1 -2
9 10 79 98 -1 7 20 41 90 -1 -2
1 8 24 41 -1 -2
12 32 76 92 -1 9 13 72 79 -1 52 54 68 79 -1 5 31 39 62 -1 -2
31 76 80 92 -1 3 9 28 40 -1 -2
3 5 23 30 -1 5 31 56 57 -1 -2
6 41 56 91 -1 -2
42 55 90 100 -1 38 49 56 57 -1 3 15 58 59 -1 32 38 44 48 -1 -2
20 49 77 93 -1 3 7 26 72 -1 17 40 82 99 -1 37 56 89 99 -1 21 35 59 88 -1 54 64 73 85 -1 4 22 26 86 -1 -2
32 87 93 99 -1 4 57 61 64 -1 33 41 66 74 -1 29 38 52 64 -1 -2
54 65 86 96 -1 18 63 70 84 -1 67 84 86 95 -1 13 52 63 65 -1 27 28 58 76 -1 40 62 95 100 -1 54 67 70 77 -1 -2
14 49 68 100 -1 -2
3 9 51 55 -1 -2
38 69 76 99 -1 1 73 86 93 -1 19 51 60 99 -1 -2
5 22 31 44 -1 35 81 86 97 -1 42 51 62 67 -1 9 25 54 86 -1 50 62 90 99 -1 12 60 81 85 -1 7 24 56 94 -1 -2
50 53 54 76 -1 20 25 63 82 -1 20 29 59 64 -1 17 30 42 76 -1 18 33 47 98 -1 5 15 40 55 -1 -2
55 58 65 72 -1 9 22 40 100 -1 27 30 60 95 -1 37 53 55 73 -1 -2
7 80 84 87 -1 11 15 23 70 -1 35 46 61 72 -1 1 34 89 100 -1 -2
13 39 49 79 -1 16 43 57 95 -1 -2
9 36 39 44 -1 34 53 58 61 -1 11 16 29 93 -1 52 66 73 79 -1 -2
7 83 90 93 -1 18 33 45 83 -1 8 46 81 89 -1 45 64 72 75 -1 7 25 57 65 -1 6 41 51 52 -1 2 64 95 96 -1 8 35 78 96 -1 -2
3 32 62 80 -1 14 51 58 92 -1 15 55 72 74 -1 37 48 56 92 -1 47 72 84 94 -1 17 28 43 69 -1 2 17 63 89 -1 -2
5 25 68 88 -1 7 20 41 44 -1 21 77 84 100 -1 20 41 92 100 -1 14 19 75 98 -1 44 51 63 70 -1 10 25 55 99 -1 -2
19 43 57 80 -1 3 43 52 75 -1 4 10 16 88 -1 56 63 73 86 -1 43 51 82 87 -1 -2
16 43 86 94 -1 4 11 23 61 -1 22 26 32 88 -1 42 62 86 97 -1 35 57 82 87 -1 35 42 49 97 -1 4 28 69 83 -1 6 53 67 100 -1 -2
13 37 86 88 -1 3 38 41 48 -1 -2
1 20 31 45 -1 2 21 65 87 -1 13 53 72 89 -1 16 62 86 92 -1 11 20 57 86 -1 74 78 86 98 -1 -2
1 46 60 69 -1 16 71 77 81 -1 8 53 60 97 -1 5 41 88 90 -1 -2
7 45 65 81 -1 1 29 41 96 -1 2 29 46 52 -1 2 13 39 44 -1 22 33 40 68 -1 37 40 92 100 -1 -2
58 70 82 91 -1 19 27 44 97 -1 53 68 74 99 -1 32 88 94 98 -1 -2
11 31 77 84 -1 18 21 36 83 -1 2 5 12 42 -1 21 30 38 41 -1 21 25 52 93 -1 43 45 58 68 -1 -2
24 43 66 76 -1 6 24 47 87 -1 10 20 28 52 -1 32 44 67 71 -1 5 10 16 69 -1 13 50 53 80 -1 -2
14 25 79 84 -1 1 26 36 42 -1 7 38 92 96 -1 1 14 46 59 -1 33 37 61 89 -1 40 53 81 95 -1 68 71 79 90 -1 -2
33 46 48 75 -1 4 29 75 84 -1 27 40 46 50 -1 -2
36 39 53 85 -1 16 36 47 57 -1 25 44 86 98 -1 22 47 81 84 -1 2 20 35 62 -1 10 51 91 99 -1 8 36 49 98 -1 15 24 62 64 -1 -2
16 23 54 72 -1 22 24 37 81 -1 22 37 43 50 -1 5 28 43 99 -1 1 26 47 86 -1 65 66 90 100 -1 16 17 36 49 -1 -2
32 82 91 92 -1 8 49 56 63 -1 39 46 49 99 -1 44 68 91 97 -1 31 36 62 78 -1 12 13 75 92 -1 9 28 32 41 -1 10 32 72 85 -1 -2
8 53 61 69 -1 36 43 45 69 -1 24 51 63 95 -1 6 30 40 77 -1 55 58 63 77 -1 26 33 50 73 -1 -2
25 30 37 47 -1 56 58 76 88 -1 31 33 51 76 -1 8 26 71 74 -1 -2
5 23 61 93 -1 -2
5 38 49 67 -1 41 45 57 96 -1 3 11 48 56 -1 75 79 86 93 -1 21 79 87 93 -1 36 37 43 52 -1 43 56 87 90 -1 -2
5 6 19 52 -1 36 79 81 89 -1 6 23 40 57 -1 2 43 71 98 -1 9 47 85 93 -1 3 7 65 93 -1 -2
25 67 72 94 -1 20 43 55 72 -1 7 45 72 94 -1 58 63 76 97 -1 4 46 74 99 -1 21 28 47 77 -1 15 41 57 94 -1 -2
18 37 55 96 -1 2 33 34 85 -1 84 85 89 95 -1 -2
71 93 95 97 -1 9 42 77 88 -1 46 47 55 92 -1 -2
3 25 52 79 -1 25 72 93 99 -1 5 10 32 39 -1 -2
1 28 76 84 -1 21 39 72 96 -1 14 20 51 93 -1 18 57 59 69 -1 9 23 39 42 -1 30 88 90 94 -1 24 45 56 77 -1 70 79 83 87 -1 -2
7 42 84 94 -1 18 52 63 69 -1 7 29 34 98 -1 17 30 84 96 -1 18 54 63 95 -1 39 64 72 98 -1 2 71 72 92 -1 40 59 64 76 -1 -2
75 87 92 94 -1 -2
4 13 38 69 -1 11 23 37 84 -1 -2
17 41 77 91 -1 18 37 43 76 -1 32 43 49 51 -1 33 40 56 71 -1 30 65 78 79 -1 2 29 66 67 -1 26 91 93 100 -1 1 33 62 75 -1 -2
1 2 13 48 -1 12 26 67 98 -1 8 10 29 94 -1 2 20 71 74 -1 32 67 88 99 -1 -2
22 23 46 70 -1 25 26 67 88 -1 9 39 57 73 -1 10 25 50 51 -1 -2
6 52 71 88 -1 5 43 74 82 -1 -2
24 50 53 60 -1 47 55 60 95 -1 -2
4 12 91 95 -1 19 22 76 85 -1 52 68 89 93 -1 -2
76 86 88 99 -1 19 32 59 100 -1 16 26 35 51 -1 20 37 39 58 -1 34 44 58 72 -1 -2
4 26 73 98 -1 36 51 70 74 -1 16 29 40 81 -1 -2
24 55 58 76 -1 21 55 92 99 -1 2 5 64 67 -1 4 38 51 94 -1 1 58 59 86 -1 10 36 87 93 -1 -2
13 29 48 63 -1 21 27 36 92 -1 28 68 70 74 -1 25 35 74 87 -1 15 73 91 98 -1 17 31 57 86 -1 2 3 21 34 -1 -2
7 47 73 93 -1 30 46 55 70 -1 35 47 55 74 -1 -2
17 27 59 73 -1 30 75 77 97 -1 13 14 40 72 -1 21 71 72 79 -1 11 14 36 100 -1 -2
13 28 56 82 -1 16 44 58 98 -1 3 14 20 94 -1 -2
15 41 46 50 -1 4 19 58 63 -1 9 53 64 100 -1 23 38 77 82 -1 37 48 76 81 -1 -2
26 53 54 63 -1 29 73 75 95 -1 24 30 40 90 -1 17 55 62 65 -1 4 7 41 48 -1 5 19 31 67 -1 -2
21 39 49 86 -1 4 24 39 80 -1 52 56 70 83 -1 16 20 71 97 -1 12 33 68 93 -1 3 16 41 55 -1 3 11 38 67 -1 51 54 96 97 -1 -2
5 15 30 46 -1 11 81 96 98 -1 -2
1 6 55 82 -1 26 27 48 55 -1 20 71 78 89 -1 54 55 73 84 -1 18 34 56 91 -1 48 60 61 94 -1 20 32 50 64 -1 27 85 87 100 -1 -2
77 87 97 99 -1 42 50 56 94 -1 38 44 72 73 -1 4 56 72 78 -1 -2
12 13 54 77 -1 3 38 73 86 -1 18 81 83 88 -1 75 82 90 95 -1 9 27 80 86 -1 5 11 25 31 -1 17 25 29 76 -1 -2
3 37 51 54 -1 6 10 48 74 -1 27 30 53 96 -1 5 27 70 85 -1 18 20 39 43 -1 37 47 70 84 -1 -2
17 31 62 77 -1 4 18 22 84 -1 57 60 64 94 -1 12 42 68 100 -1 -2
20 24 44 61 -1 19 45 52 91 -1 1 20 38 92 -1 26 33 78 81 -1 32 37 48 83 -1 18 31 57 88 -1 -2
17 53 85 93 -1 20 21 40 87 -1 17 23 32 56 -1 27 52 55 64 -1 19 48 63 95 -1 1 21 37 93 -1 -2
17 30 83 99 -1 18 19 23 44 -1 24 51 85 96 -1 2 19 44 91 -1 24 39 81 82 -1 48 58 66 70 -1 6 33 48 80 -1 -2
49 78 90 95 -1 48 69 78 87 -1 4 13 49 100 -1 49 65 67 86 -1 -2
6 20 56 98 -1 3 37 45 58 -1 4 33 59 99 -1 2 36 51 71 -1 4 14 46 52 -1 -2
14 17 29 43 -1 67 82 86 95 -1 4 47 71 100 -1 -2
74 76 86 91 -1 13 52 65 75 -1 -2
33 40 46 69 -1 3 44 68 98 -1 19 48 69 89 -1 34 48 49 88 -1 34 46 81 100 -1 3 34 72 74 -1 11 19 82 88 -1 1 23 42 88 -1 -2
4 15 42 51 -1 18 53 54 57 -1 51 75 78 97 -1 25 54 78 89 -1 22 38 48 97 -1 21 70 82 98 -1 2 35 41 92 -1 17 23 31 77 -1 -2
50 65 73 96 -1 12 23 59 84 -1 6 55 61 89 -1 4 8 21 39 -1 37 40 58 79 -1 3 17 33 62 -1 4 27 74 95 -1 -2
9 40 58 93 -1 -2
65 72 74 99 -1 53 67 97 98 -1 28 87 96 97 -1 51 52 85 94 -1 24 85 90 92 -1 6 34 59 77 -1 2 6 51 94 -1 56 58 71 91 -1 -2
14 46 67 93 -1 36 37 52 97 -1 17 47 49 66 -1 26 27 70 74 -1 41 68 85 91 -1 14 80 90 99 -1 4 16 25 29 -1 -2
4 11 46 57 -1 43 52 90 91 -1 24 51 59 98 -1 9 10 50 64 -1 53 56 82 98 -1 34 62 83 90 -1 4 29 58 82 -1 -2
9 21 80 82 -1 15 28 78 83 -1 11 40 50 91 -1 26 32 95 99 -1 26 31 49 97 -1 2 11 18 93 -1 6 12 26 76 -1 -2
18 42 92 96 -1 47 53 82 94 -1 25 28 37 72 -1 25 48 61 65 -1 64 78 82 95 -1 33 40 54 89 -1 19 32 42 97 -1 -2
11 34 47 79 -1 48 53 79 91 -1 13 36 61 71 -1 7 15 28 72 -1 1 25 28 74 -1 28 44 63 77 -1 35 60 67 71 -1 1 16 65 91 -1 -2
36 39 66 90 -1 2 12 69 90 -1 35 57 59 91 -1 29 36 57 67 -1 13 24 32 36 -1 -2
9 18 60 78 -1 29 30 38 73 -1 29 61 72 91 -1 4 14 21 83 -1 6 37 57 95 -1 23 25 88 99 -1 27 29 32 48 -1 -2
17 36 64 69 -1 12 83 85 94 -1 36 49 86 88 -1 9 15 33 41 -1 35 57 58 91 -1 10 23 43 73 -1 36 56 84 98 -1 -2
10 16 34 63 -1 53 66 70 71 -1 6 14 46 90 -1 4 53 61 93 -1 -2
8 47 81 95 -1 7 28 43 94 -1 45 65 73 81 -1 11 46 76 99 -1 -2
24 50 96 97 -1 4 10 51 71 -1 10 11 30 40 -1 32 34 76 90 -1 -2
1 5 75 76 -1 31 33 57 61 -1 7 13 62 75 -1 34 55 57 65 -1 -2
27 40 59 74 -1 10 14 40 96 -1 -2
7 19 47 56 -1 11 63 75 96 -1 6 10 83 93 -1 17 29 55 57 -1 5 40 42 91 -1 39 60 84 85 -1 -2
22 30 81 98 -1 -2
20 33 42 57 -1 10 45 72 84 -1 7 35 44 65 -1 24 58 73 80 -1 43 53 76 94 -1 5 54 70 72 -1 -2
35 56 68 81 -1 -2
20 24 31 100 -1 56 64 82 90 -1 34 43 78 100 -1 26 35 67 92 -1 21 43 46 58 -1 14 52 65 73 -1 -2
9 43 48 86 -1 33 35 61 71 -1 9 29 50 57 -1 39 42 43 80 -1 23 47 53 61 -1 10 46 71 93 -1 42 52 55 82 -1 7 10 86 88 -1 -2
23 52 80 92 -1 53 73 82 88 -1 2 34 63 72 -1 19 26 77 92 -1 27 32 77 99 -1 35 37 47 72 -1 -2
20 32 66 67 -1 23 38 76 86 -1 40 50 51 96 -1 28 85 89 100 -1 -2
23 52 58 90 -1 -2
28 68 69 72 -1 -2
27 70 79 100 -1 1 34 40 47 -1 26 40 76 81 -1 21 37 45 79 -1 10 25 54 56 -1 8 30 42 92 -1 -2
37 38 43 51 -1 33 39 72 89 -1 16 17 22 47 -1 63 72 79 94 -1 4 30 53 90 -1 -2
6 17 20 83 -1 6 13 55 68 -1 8 27 37 50 -1 16 21 53 91 -1 11 14 21 40 -1 -2
38 53 87 96 -1 57 72 81 92 -1 -2
30 39 72 89 -1 8 24 60 88 -1 16 32 43 75 -1 3 19 36 51 -1 2 64 73 95 -1 -2
33 56 82 98 -1 70 74 82 93 -1 10 38 68 88 -1 2 43 62 99 -1 19 41 49 58 -1 22 34 41 83 -1 -2
4 51 60 70 -1 6 39 51 77 -1 -2
6 11 21 26 -1 2 52 54 89 -1 -2
30 35 52 61 -1 9 43 61 94 -1 16 20 50 95 -1 10 28 51 93 -1 -2
28 41 73 90 -1 9 12 41 80 -1 11 49 69 91 -1 4 10 83 95 -1 4 12 20 89 -1 -2
3 20 60 66 -1 -2
22 55 56 77 -1 3 28 35 41 -1 43 52 82 93 -1 -2
1 6 32 43 -1 2 23 38 45 -1 40 53 79 84 -1 15 60 72 87 -1 28 42 65 86 -1 9 22 25 89 -1 7 24 41 82 -1 1 57 90 98 -1 -2
18 54 64 80 -1 3 11 12 88 -1 15 25 60 96 -1 15 18 52 82 -1 2 31 52 61 -1 37 39 90 94 -1 10 34 56 94 -1 -2
8 28 41 57 -1 5 38 60 80 -1 16 25 35 95 -1 3 31 43 45 -1 61 77 84 98 -1 29 54 77 86 -1 1 15 86 99 -1 36 49 88 97 -1 -2
25 53 57 59 -1 32 54 59 99 -1 4 28 29 84 -1 8 23 53 74 -1 3 43 52 68 -1 -2
29 34 37 90 -1 20 23 55 58 -1 40 52 64 65 -1 10 44 66 80 -1 12 47 69 73 -1 -2
16 34 60 87 -1 23 59 84 97 -1 13 15 42 57 -1 14 58 91 98 -1 8 39 46 78 -1 54 73 86 91 -1 10 30 60 87 -1 14 21 31 51 -1 -2
5 23 43 87 -1 36 51 61 76 -1 5 30 71 92 -1 21 27 31 66 -1 10 12 26 40 -1 42 51 81 92 -1 -2
15 25 30 72 -1 6 51 63 71 -1 8 34 65 84 -1 3 26 36 57 -1 45 52 83 93 -1 33 36 44 64 -1 50 68 80 83 -1 43 68 69 73 -1 -2
17 26 79 89 -1 36 54 81 97 -1 4 61 68 84 -1 37 43 74 84 -1 5 38 45 80 -1 -2
45 57 62 63 -1 16 60 80 89 -1 58 60 66 82 -1 -2
8 35 56 62 -1 -2
2 67 71 98 -1 1 32 58 92 -1 14 26 28 78 -1 57 82 89 98 -1 8 51 82 91 -1 18 26 45 70 -1 11 37 78 85 -1 13 31 69 94 -1 -2
5 18 57 84 -1 19 39 87 90 -1 17 23 32 75 -1 5 15 19 58 -1 42 58 61 84 -1 12 46 56 94 -1 4 10 13 45 -1 52 64 77 97 -1 -2
20 31 32 59 -1 53 66 76 77 -1 28 37 63 79 -1 35 60 63 80 -1 1 39 52 89 -1 -2
8 49 53 77 -1 37 55 58 84 -1 36 52 96 99 -1 62 70 78 79 -1 33 42 46 89 -1 14 58 63 64 -1 -2
37 45 89 99 -1 1 4 28 94 -1 10 51 74 77 -1 -2
9 21 38 81 -1 13 21 37 41 -1 35 56 68 71 -1 7 21 80 90 -1 50 62 69 88 -1 18 23 62 85 -1 -2
43 47 59 82 -1 57 73 76 77 -1 10 27 55 66 -1 18 44 62 98 -1 47 58 74 87 -1 40 41 76 91 -1 -2
11 22 51 100 -1 45 55 63 64 -1 20 31 64 100 -1 23 54 63 64 -1 17 68 79 90 -1 14 26 58 83 -1 4 50 64 67 -1 3 19 71 83 -1 -2
11 40 46 100 -1 7 63 89 95 -1 6 42 57 58 -1 21 24 42 100 -1 13 27 87 90 -1 -2
8 41 70 89 -1 -2
2 15 82 94 -1 20 69 79 86 -1 1 10 92 99 -1 16 22 51 54 -1 22 40 48 54 -1 30 77 90 96 -1 13 35 69 94 -1 27 30 37 64 -1 -2
6 23 34 55 -1 33 39 50 61 -1 16 43 62 90 -1 -2
52 79 92 97 -1 2 27 67 68 -1 3 10 12 63 -1 39 70 80 89 -1 -2
19 25 31 90 -1 22 33 35 36 -1 11 31 52 82 -1 22 56 72 85 -1 -2
4 17 40 99 -1 12 51 53 63 -1 -2
13 23 48 75 -1 33 57 76 93 -1 -2
42 49 60 100 -1 42 52 65 96 -1 25 35 40 46 -1 23 30 56 94 -1 13 31 48 91 -1 -2
5 16 35 62 -1 2 3 72 90 -1 41 55 72 93 -1 10 81 85 97 -1 24 35 62 78 -1 30 41 75 93 -1 12 17 35 84 -1 35 36 43 44 -1 -2
12 65 72 82 -1 6 18 62 64 -1 5 68 84 87 -1 -2
5 30 82 97 -1 5 22 38 89 -1 -2
14 23 48 64 -1 30 64 82 90 -1 31 34 66 82 -1 -2
16 31 37 64 -1 43 59 61 87 -1 10 15 21 98 -1 18 19 56 58 -1 -2
15 59 73 84 -1 1 24 26 46 -1 -2
2 37 40 79 -1 13 17 29 31 -1 28 38 67 80 -1 24 64 86 90 -1 37 57 60 68 -1 16 41 74 95 -1 -2
9 40 72 83 -1 1 27 94 95 -1 -2
5 10 29 89 -1 10 28 38 95 -1 4 9 12 80 -1 -2
6 53 73 75 -1 14 65 99 100 -1 35 44 59 100 -1 -2
4 40 50 52 -1 11 19 40 75 -1 9 17 35 47 -1 3 36 37 82 -1 40 44 55 95 -1 27 30 51 97 -1 -2
20 32 56 57 -1 10 68 90 93 -1 3 37 69 99 -1 9 50 59 80 -1 9 28 50 54 -1 -2
34 38 96 100 -1 11 16 20 88 -1 3 55 73 99 -1 3 51 78 88 -1 9 48 89 99 -1 -2
38 48 60 79 -1 24 26 40 42 -1 5 59 61 85 -1 11 26 52 98 -1 9 57 79 91 -1 -2
1 40 57 89 -1 4 10 14 67 -1 4 23 30 59 -1 15 16 39 88 -1 3 13 33 72 -1 -2
12 25 58 63 -1 14 21 73 99 -1 5 53 63 90 -1 -2
32 45 83 94 -1 19 22 73 98 -1 29 43 45 89 -1 23 66 69 94 -1 10 44 56 71 -1 11 33 34 64 -1 1 4 24 47 -1 -2
29 41 68 90 -1 43 58 68 77 -1 -2
13 24 66 90 -1 30 41 76 99 -1 1 20 42 51 -1 8 15 36 44 -1 -2
43 45 61 75 -1 12 66 75 100 -1 22 33 74 75 -1 9 35 45 62 -1 15 63 80 95 -1 -2
5 7 55 77 -1 51 58 77 84 -1 -2
11 54 89 92 -1 -2
20 21 37 76 -1 25 62 70 79 -1 34 41 45 48 -1 22 31 35 36 -1 14 19 39 65 -1 -2
9 68 71 81 -1 4 10 25 63 -1 10 42 70 74 -1 -2
33 47 56 90 -1 2 76 80 84 -1 3 15 36 47 -1 -2
50 61 69 97 -1 10 16 66 91 -1 4 10 86 96 -1 6 39 43 98 -1 17 30 69 79 -1 -2
9 10 31 53 -1 16 20 34 49 -1 30 37 44 99 -1 26 34 85 98 -1 4 11 53 79 -1 16 46 74 81 -1 -2
22 54 70 90 -1 2 33 34 96 -1 20 24 80 94 -1 -2
9 29 75 98 -1 10 37 84 95 -1 25 30 42 86 -1 -2
7 18 69 77 -1 19 31 63 66 -1 51 72 80 96 -1 11 27 83 86 -1 19 24 29 61 -1 -2
27 72 81 90 -1 30 39 51 56 -1 8 18 54 100 -1 1 39 49 95 -1 23 48 91 96 -1 45 53 97 99 -1 12 14 30 93 -1 6 30 33 91 -1 -2
24 38 85 100 -1 13 31 34 56 -1 38 41 43 66 -1 14 47 53 84 -1 1 69 77 80 -1 11 21 46 50 -1 32 46 47 84 -1 6 59 70 90 -1 -2
6 13 59 69 -1 17 51 63 94 -1 31 67 79 84 -1 5 46 49 50 -1 35 71 82 87 -1 10 11 31 88 -1 33 38 45 74 -1 8 13 46 99 -1 -2
6 32 33 77 -1 7 42 87 100 -1 2 8 30 67 -1 9 24 56 67 -1 -2
15 17 37 61 -1 57 90 94 95 -1 1 42 75 100 -1 -2
19 27 43 48 -1 6 8 18 51 -1 9 17 58 96 -1 42 47 48 80 -1 -2
28 45 51 98 -1 15 30 31 75 -1 -2
27 28 37 73 -1 8 9 14 65 -1 10 17 71 100 -1 43 59 66 94 -1 50 71 77 93 -1 -2
3 57 65 67 -1 7 30 67 92 -1 2 6 25 53 -1 7 22 53 70 -1 30 49 80 93 -1 20 71 81 90 -1 -2
8 63 81 91 -1 1 3 11 73 -1 -2
33 34 53 70 -1 9 17 26 34 -1 2 27 32 54 -1 -2
29 37 59 94 -1 34 50 60 100 -1 68 81 86 87 -1 5 7 39 96 -1 -2
24 57 74 97 -1 3 27 68 84 -1 37 43 47 84 -1 5 7 19 32 -1 4 40 43 77 -1 -2
6 26 85 100 -1 21 42 45 84 -1 11 27 50 65 -1 -2
32 65 68 92 -1 -2
2 11 59 62 -1 42 92 96 98 -1 83 98 99 100 -1 -2
6 12 86 90 -1 12 24 62 95 -1 32 33 72 78 -1 14 44 46 64 -1 15 16 32 92 -1 32 52 56 77 -1 -2
58 64 69 90 -1 26 38 76 79 -1 14 52 71 75 -1 8 60 74 81 -1 51 57 68 86 -1 -2
7 22 48 95 -1 5 8 20 27 -1 3 50 63 72 -1 27 32 62 95 -1 23 52 54 65 -1 14 15 33 38 -1 3 31 36 76 -1 26 31 75 79 -1 -2
33 47 81 85 -1 2 62 77 87 -1 -2
14 15 19 86 -1 68 78 87 98 -1 30 58 69 88 -1 9 27 52 77 -1 25 57 91 99 -1 -2
20 32 45 85 -1 -2
20 32 58 59 -1 71 76 97 99 -1 6 24 83 89 -1 30 48 67 78 -1 2 53 69 88 -1 13 19 21 40 -1 6 12 47 69 -1 -2
31 33 40 82 -1 21 66 70 94 -1 9 35 63 97 -1 20 34 74 92 -1 28 61 97 100 -1 4 11 75 77 -1 -2
24 31 43 86 -1 17 33 69 73 -1 -2
25 28 59 91 -1 14 33 35 99 -1 6 59 87 98 -1 44 59 83 89 -1 16 18 46 83 -1 63 69 86 90 -1 2 9 32 48 -1 -2
47 53 78 89 -1 15 16 66 69 -1 4 22 42 58 -1 -2
14 33 39 46 -1 2 15 30 85 -1 45 60 81 82 -1 11 66 68 97 -1 49 73 81 88 -1 11 36 46 94 -1 26 28 42 74 -1 -2
33 40 74 98 -1 30 44 54 93 -1 9 27 44 84 -1 -2
15 36 78 93 -1 19 22 41 48 -1 6 16 52 89 -1 33 42 80 82 -1 2 38 41 89 -1 1 39 77 78 -1 -2
9 18 68 73 -1 -2
1 9 29 97 -1 33 52 59 87 -1 55 64 91 99 -1 11 45 53 97 -1 -2
3 28 83 85 -1 15 18 34 42 -1 50 57 81 85 -1 21 34 43 72 -1 36 41 55 93 -1 2 75 77 99 -1 -2
70 82 85 90 -1 54 70 91 95 -1 2 40 52 75 -1 32 38 47 86 -1 21 23 28 46 -1 22 33 83 94 -1 12 33 75 86 -1 -2
17 27 57 78 -1 16 46 61 73 -1 -2
3 6 35 49 -1 6 53 59 86 -1 26 28 54 56 -1 1 26 28 90 -1 -2
20 22 68 95 -1 21 62 64 100 -1 51 58 72 84 -1 28 32 35 48 -1 32 41 69 81 -1 -2
7 11 27 37 -1 9 11 42 72 -1 3 10 59 82 -1 10 32 48 62 -1 50 63 85 87 -1 35 42 63 93 -1 44 55 68 79 -1 -2
20 37 39 44 -1 4 84 88 98 -1 22 30 60 94 -1 -2
48 52 67 71 -1 22 40 63 74 -1 -2
19 29 68 82 -1 3 46 51 79 -1 1 54 85 98 -1 22 64 78 97 -1 10 30 36 69 -1 25 42 46 47 -1 -2
66 74 77 88 -1 15 36 64 96 -1 19 21 42 63 -1 45 53 58 75 -1 30 48 56 97 -1 24 61 69 70 -1 -2
21 36 46 47 -1 5 16 52 86 -1 -2
28 29 33 59 -1 9 21 26 64 -1 27 31 61 80 -1 42 47 60 62 -1 34 36 74 77 -1 27 56 77 88 -1 19 23 41 95 -1 47 77 84 93 -1 -2
24 43 90 94 -1 -2
11 28 76 86 -1 10 52 53 54 -1 41 69 82 97 -1 -2
12 35 48 49 -1 20 27 80 91 -1 4 21 33 92 -1 -2
11 42 75 78 -1 -2
4 21 70 87 -1 33 55 63 98 -1 -2
6 11 39 53 -1 5 41 59 76 -1 12 15 41 55 -1 10 42 43 100 -1 8 48 68 84 -1 60 81 87 88 -1 5 8 36 94 -1 46 70 75 91 -1 -2
26 73 85 93 -1 1 20 23 49 -1 37 66 72 80 -1 23 27 91 92 -1 -2
5 6 84 96 -1 26 33 36 38 -1 14 29 65 85 -1 31 41 51 53 -1 26 33 36 47 -1 24 50 64 78 -1 -2
15 31 71 72 -1 8 39 88 98 -1 34 43 45 76 -1 14 64 83 94 -1 6 64 81 87 -1 1 13 44 49 -1 34 58 61 81 -1 9 47 62 84 -1 -2
10 71 75 80 -1 13 52 69 76 -1 12 61 68 99 -1 19 45 71 92 -1 2 10 67 78 -1 29 62 65 100 -1 -2
5 23 55 94 -1 22 77 80 95 -1 17 42 48 76 -1 22 26 36 81 -1 5 46 70 96 -1 9 15 31 45 -1 10 33 68 84 -1 5 19 43 87 -1 -2
27 31 49 78 -1 -2
12 62 74 93 -1 14 18 24 78 -1 1 34 79 93 -1 24 45 86 93 -1 31 40 43 52 -1 8 39 59 87 -1 13 14 27 96 -1 13 15 62 82 -1 -2
18 68 74 75 -1 4 13 25 98 -1 20 22 60 85 -1 23 79 88 96 -1 -2
6 13 18 73 -1 7 31 37 48 -1 6 10 21 77 -1 47 56 83 91 -1 30 46 64 96 -1 20 46 49 81 -1 -2
30 74 86 91 -1 1 66 67 68 -1 17 24 84 92 -1 35 49 61 75 -1 1 45 68 73 -1 6 51 58 62 -1 8 46 53 82 -1 41 89 92 95 -1 -2
4 7 29 86 -1 7 13 15 24 -1 5 63 69 91 -1 43 56 70 91 -1 82 91 94 97 -1 -2
18 33 42 95 -1 -2
8 29 47 59 -1 3 10 46 95 -1 13 35 85 88 -1 7 22 46 70 -1 10 51 55 90 -1 11 15 45 65 -1 29 31 67 96 -1 38 77 84 93 -1 -2
4 84 92 97 -1 6 13 73 77 -1 16 17 18 75 -1 22 48 72 82 -1 5 37 38 54 -1 21 24 65 91 -1 10 22 79 85 -1 -2
18 44 65 89 -1 20 52 62 72 -1 4 49 84 86 -1 -2
9 28 31 34 -1 24 49 77 95 -1 22 26 39 75 -1 3 17 39 77 -1 15 16 35 100 -1 11 13 44 87 -1 6 35 42 56 -1 -2
5 42 48 91 -1 20 23 80 100 -1 45 56 86 96 -1 28 35 53 62 -1 66 67 70 97 -1 -2
16 67 85 93 -1 -2
2 18 40 62 -1 -2
36 54 81 89 -1 16 41 61 64 -1 33 63 80 95 -1 13 34 74 81 -1 2 3 8 14 -1 26 40 88 95 -1 34 61 73 80 -1 19 35 37 76 -1 -2
8 48 50 97 -1 8 14 50 59 -1 9 71 75 77 -1 60 66 67 92 -1 14 33 88 94 -1 10 29 37 61 -1 -2
58 60 67 79 -1 71 90 98 100 -1 -2
10 32 35 49 -1 -2
11 30 34 59 -1 19 38 75 83 -1 11 12 40 64 -1 -2
40 41 49 59 -1 17 27 50 54 -1 -2
30 32 71 93 -1 26 62 75 85 -1 24 38 43 95 -1 28 83 89 94 -1 31 44 68 82 -1 19 39 41 77 -1 -2
3 45 80 87 -1 42 43 65 74 -1 3 17 23 92 -1 4 22 41 51 -1 12 15 31 58 -1 -2
75 79 89 97 -1 45 46 85 89 -1 6 35 77 89 -1 67 70 88 96 -1 2 7 13 48 -1 28 48 58 87 -1 44 53 81 94 -1 -2
24 32 39 73 -1 -2
3 8 43 52 -1 2 21 66 67 -1 5 64 91 100 -1 3 67 86 90 -1 3 25 30 51 -1 8 11 18 38 -1 18 36 74 83 -1 -2
32 36 45 64 -1 26 42 61 69 -1 15 55 80 86 -1 28 38 40 66 -1 -2
26 42 50 54 -1 32 41 69 97 -1 9 15 78 94 -1 36 62 75 88 -1 2 26 61 75 -1 -2
16 19 59 89 -1 7 16 56 71 -1 25 26 47 74 -1 6 49 65 99 -1 17 26 32 81 -1 -2
35 48 65 93 -1 -2
19 31 60 76 -1 10 18 60 87 -1 -2
8 17 20 88 -1 11 48 55 81 -1 5 43 54 78 -1 17 30 39 64 -1 16 21 36 93 -1 15 35 74 85 -1 1 69 79 90 -1 -2
24 43 44 85 -1 56 76 96 100 -1 12 43 46 65 -1 17 44 79 89 -1 10 32 59 65 -1 30 65 86 89 -1 -2
6 31 55 64 -1 -2
41 49 87 97 -1 49 61 97 100 -1 33 52 60 94 -1 5 38 79 85 -1 -2
35 63 90 93 -1 1 59 76 91 -1 19 29 35 57 -1 5 7 76 90 -1 26 42 44 99 -1 26 61 75 82 -1 -2
7 60 77 93 -1 35 76 88 90 -1 2 4 93 99 -1 47 52 78 94 -1 -2
21 32 37 94 -1 35 53 85 100 -1 14 19 75 76 -1 7 16 56 67 -1 -2
3 11 51 95 -1 -2
40 46 53 57 -1 10 11 54 88 -1 22 47 49 85 -1 40 76 85 95 -1 11 15 41 53 -1 23 58 75 98 -1 20 40 68 74 -1 -2
33 34 49 74 -1 12 20 36 71 -1 6 58 69 88 -1 4 9 30 60 -1 14 25 49 65 -1 -2
17 21 48 91 -1 9 51 72 92 -1 15 20 41 61 -1 41 74 79 80 -1 3 23 32 55 -1 27 60 68 79 -1 15 26 29 73 -1 -2
12 85 88 100 -1 3 46 54 87 -1 -2
18 49 76 88 -1 26 47 71 90 -1 9 43 48 68 -1 2 43 70 75 -1 -2
5 52 53 95 -1 30 36 77 88 -1 25 41 42 91 -1 23 50 71 87 -1 -2
18 25 41 55 -1 3 26 86 87 -1 2 26 34 98 -1 -2
3 4 32 99 -1 4 38 61 91 -1 22 25 81 99 -1 12 69 86 90 -1 -2
48 72 77 84 -1 4 16 62 87 -1 3 28 46 77 -1 -2
41 42 64 83 -1 -2
17 33 56 99 -1 73 84 91 92 -1 33 51 63 90 -1 25 42 51 54 -1 -2
1 58 82 88 -1 1 6 23 28 -1 26 31 67 84 -1 3 8 15 64 -1 -2
51 57 65 91 -1 18 24 78 85 -1 -2
15 37 42 66 -1 24 73 81 84 -1 -2
4 52 87 97 -1 36 61 62 73 -1 -2
1 9 50 52 -1 34 45 72 92 -1 3 60 63 76 -1 15 32 63 89 -1 15 16 18 81 -1 -2
16 27 51 63 -1 20 35 40 44 -1 10 11 66 79 -1 19 43 47 90 -1 32 40 56 77 -1 -2
40 74 75 84 -1 38 46 47 52 -1 -2
13 36 60 83 -1 58 70 79 94 -1 17 21 27 52 -1 26 41 57 66 -1 -2
9 42 65 80 -1 2 10 35 48 -1 26 51 92 96 -1 27 68 76 96 -1 26 74 79 98 -1 8 20 53 98 -1 -2
17 19 92 99 -1 -2
12 52 62 98 -1 4 14 53 78 -1 25 41 94 96 -1 25 50 73 92 -1 2 29 39 67 -1 -2
27 38 54 66 -1 -2
2 6 24 32 -1 40 48 57 66 -1 14 27 36 81 -1 11 27 39 52 -1 9 51 53 87 -1 1 37 59 86 -1 -2
14 17 80 100 -1 17 23 57 99 -1 23 47 53 69 -1 34 42 45 86 -1 16 19 44 57 -1 10 22 77 82 -1 26 45 55 84 -1 -2
11 12 41 93 -1 -2
6 56 64 70 -1 31 39 55 86 -1 64 70 84 97 -1 -2
58 63 79 90 -1 47 55 56 98 -1 9 22 37 76 -1 26 63 68 98 -1 -2
29 30 31 33 -1 -2
48 62 70 84 -1 -2
30 47 62 64 -1 -2
26 41 49 82 -1 36 53 55 100 -1 21 42 64 65 -1 33 40 89 93 -1 24 31 41 47 -1 -2
5 28 50 97 -1 57 67 71 85 -1 -2
26 36 56 96 -1 19 21 52 90 -1 32 56 62 88 -1 -2
52 65 98 100 -1 9 13 77 84 -1 2 5 19 77 -1 -2
3 14 15 26 -1 10 17 25 47 -1 7 43 75 97 -1 -2
16 27 34 74 -1 23 54 71 72 -1 16 36 73 100 -1 -2
1 59 66 98 -1 25 48 50 75 -1 -2
21 53 89 100 -1 44 69 70 80 -1 17 30 58 85 -1 23 34 67 77 -1 5 7 10 59 -1 -2
2 34 40 47 -1 46 54 80 81 -1 7 24 90 91 -1 4 24 40 70 -1 2 5 17 67 -1 25 34 70 82 -1 41 51 74 89 -1 13 27 74 81 -1 -2
15 20 56 64 -1 22 27 34 60 -1 16 35 60 87 -1 2 38 47 63 -1 16 23 29 55 -1 -2
39 60 82 100 -1 59 63 67 96 -1 31 77 97 99 -1 60 64 72 90 -1 -2
10 33 73 74 -1 12 47 82 90 -1 12 20 29 76 -1 28 30 31 35 -1 6 41 50 89 -1 33 81 96 98 -1 -2
3 9 51 82 -1 9 29 72 78 -1 56 69 70 73 -1 8 46 89 98 -1 -2
12 31 42 82 -1 61 71 85 95 -1 52 92 93 95 -1 3 27 52 84 -1 -2
4 33 74 90 -1 -2
57 62 66 75 -1 12 57 60 64 -1 -2
16 35 56 79 -1 -2
20 44 87 100 -1 1 10 25 96 -1 17 35 36 96 -1 1 24 83 93 -1 6 35 39 96 -1 10 17 45 81 -1 12 29 44 89 -1 31 85 92 98 -1 -2
17 58 63 98 -1 33 64 74 80 -1 33 43 45 79 -1 9 84 90 93 -1 7 92 95 98 -1 18 37 87 93 -1 -2
1 45 92 95 -1 58 87 90 96 -1 18 42 75 83 -1 9 10 37 92 -1 27 38 84 92 -1 14 33 39 55 -1 -2
12 80 96 98 -1 1 72 85 92 -1 83 89 94 95 -1 57 71 90 93 -1 -2
6 15 46 76 -1 15 19 49 50 -1 42 69 70 77 -1 5 15 33 70 -1 30 77 85 96 -1 14 60 82 93 -1 46 84 86 93 -1 14 26 29 66 -1 -2
25 51 98 99 -1 5 10 52 93 -1 4 6 50 94 -1 4 82 89 100 -1 10 17 30 96 -1 7 12 69 89 -1 5 30 66 82 -1 1 9 58 91 -1 -2
20 42 53 61 -1 76 80 81 90 -1 6 22 46 67 -1 39 44 61 90 -1 58 78 83 91 -1 -2
11 64 72 89 -1 5 38 48 92 -1 17 33 47 63 -1 33 49 56 86 -1 -2
16 43 47 78 -1 2 8 16 43 -1 18 29 31 66 -1 10 29 43 94 -1 -2
39 49 53 82 -1 36 52 54 100 -1 10 15 38 71 -1 16 51 76 81 -1 33 49 67 100 -1 -2
2 11 16 86 -1 27 72 87 100 -1 45 57 74 89 -1 37 44 63 87 -1 5 34 59 80 -1 2 34 91 95 -1 -2
10 52 62 69 -1 56 60 92 95 -1 11 17 27 68 -1 8 61 86 93 -1 11 34 54 55 -1 8 16 25 98 -1 -2
7 41 81 96 -1 18 46 72 87 -1 21 77 79 82 -1 9 14 16 72 -1 26 48 90 94 -1 -2
62 63 66 67 -1 34 43 55 81 -1 29 53 58 87 -1 3 23 47 83 -1 -2
1 31 40 84 -1 -2
7 46 56 88 -1 1 21 28 52 -1 22 40 41 56 -1 22 53 57 82 -1 1 29 65 79 -1 9 13 16 44 -1 41 66 77 93 -1 28 32 34 88 -1 -2
21 26 60 97 -1 34 36 55 79 -1 25 53 76 82 -1 45 62 67 74 -1 51 61 72 76 -1 52 54 55 82 -1 38 46 59 95 -1 -2
18 34 47 86 -1 2 32 64 78 -1 -2
2 44 70 82 -1 9 42 46 63 -1 22 32 38 90 -1 48 80 81 92 -1 -2
2 24 44 65 -1 21 35 53 95 -1 19 27 30 37 -1 5 34 52 58 -1 8 14 62 72 -1 -2
3 4 32 50 -1 -2
8 20 94 96 -1 28 53 68 75 -1 22 29 76 79 -1 8 16 17 79 -1 27 62 84 97 -1 7 42 70 76 -1 -2
4 10 25 92 -1 6 40 44 94 -1 -2
5 63 94 99 -1 -2
9 15 77 89 -1 47 67 69 92 -1 8 17 52 76 -1 33 49 59 65 -1 44 46 81 96 -1 5 27 34 85 -1 -2
29 93 94 97 -1 11 14 25 82 -1 71 84 92 96 -1 8 33 58 96 -1 5 28 54 58 -1 10 15 59 68 -1 10 31 39 99 -1 -2
1 55 56 100 -1 31 35 79 89 -1 27 37 60 76 -1 1 65 78 96 -1 -2
30 34 54 84 -1 52 66 97 100 -1 16 71 73 76 -1 -2
7 22 72 84 -1 5 21 26 95 -1 44 45 77 95 -1 25 29 46 63 -1 36 72 79 90 -1 3 5 69 88 -1 -2
71 80 86 97 -1 1 69 79 84 -1 28 32 58 97 -1 -2
24 41 59 73 -1 77 88 96 100 -1 -2
36 42 64 76 -1 -2
10 40 55 62 -1 4 70 74 85 -1 22 27 59 85 -1 27 64 74 77 -1 52 83 99 100 -1 7 55 60 65 -1 20 36 84 96 -1 26 32 43 96 -1 -2
43 51 83 93 -1 -2
17 22 51 64 -1 4 13 23 41 -1 23 31 53 81 -1 52 78 88 93 -1 33 55 70 91 -1 -2
42 59 83 96 -1 1 18 41 78 -1 25 42 71 87 -1 7 47 65 79 -1 13 56 76 98 -1 16 42 52 98 -1 56 58 68 71 -1 -2
4 9 58 69 -1 32 37 75 94 -1 37 50 70 95 -1 23 36 43 67 -1 -2
13 17 69 88 -1 -2
29 46 55 100 -1 -2
54 75 77 88 -1 26 82 91 94 -1 35 45 54 91 -1 4 14 42 81 -1 42 66 83 92 -1 16 37 91 97 -1 2 9 79 92 -1 -2
19 33 73 82 -1 11 21 51 70 -1 16 20 52 84 -1 26 81 88 96 -1 14 21 33 86 -1 3 7 41 85 -1 11 25 41 44 -1 57 60 76 97 -1 -2
3 5 15 21 -1 8 63 87 99 -1 32 36 82 98 -1 38 40 71 87 -1 10 18 51 72 -1 42 46 88 95 -1 24 65 72 99 -1 11 25 75 80 -1 -2
34 37 77 85 -1 19 26 52 97 -1 -2
22 31 68 89 -1 3 17 23 85 -1 2 15 54 60 -1 -2
11 19 36 96 -1 23 43 77 83 -1 4 52 64 75 -1 13 74 82 94 -1 16 32 70 79 -1 23 37 50 90 -1 86 89 96 100 -1 -2
68 73 74 82 -1 -2
16 36 73 89 -1 11 50 73 98 -1 22 64 71 83 -1 69 87 90 93 -1 34 67 80 96 -1 14 17 57 77 -1 1 63 81 99 -1 -2
21 34 55 85 -1 28 33 68 93 -1 14 35 49 98 -1 25 30 33 58 -1 1 28 33 83 -1 -2
1 30 66 79 -1 9 30 41 57 -1 10 28 57 100 -1 -2
14 25 82 95 -1 3 20 39 75 -1 15 41 57 98 -1 1 53 61 71 -1 -2
9 27 70 97 -1 10 18 28 47 -1 -2
10 32 49 94 -1 58 60 80 85 -1 38 43 46 58 -1 10 15 27 41 -1 46 60 88 92 -1 11 67 82 99 -1 2 24 43 47 -1 16 78 81 86 -1 -2
7 21 25 60 -1 27 41 42 47 -1 8 24 69 70 -1 23 48 83 93 -1 11 19 35 61 -1 -2
34 59 70 100 -1 22 37 56 72 -1 29 37 58 77 -1 -2
45 60 73 91 -1 -2
59 94 96 100 -1 7 20 70 80 -1 -2
6 34 53 56 -1 50 58 98 100 -1 61 63 67 96 -1 55 78 84 85 -1 8 12 18 42 -1 -2
20 31 45 49 -1 41 46 50 70 -1 16 20 40 69 -1 8 25 59 92 -1 23 33 36 88 -1 -2
26 60 73 94 -1 2 27 36 49 -1 14 42 70 83 -1 10 12 66 95 -1 15 17 35 39 -1 22 42 48 64 -1 5 18 37 89 -1 -2
14 54 64 71 -1 53 81 86 93 -1 35 38 53 93 -1 18 31 75 77 -1 4 23 33 78 -1 -2
27 43 55 85 -1 30 33 64 72 -1 10 11 20 36 -1 33 76 78 86 -1 16 38 68 89 -1 -2
14 60 66 87 -1 3 39 57 72 -1 35 41 64 97 -1 4 49 82 100 -1 -2
13 72 75 83 -1 59 75 80 81 -1 -2
28 45 80 97 -1 12 26 37 73 -1 52 63 79 98 -1 21 29 36 53 -1 32 45 70 78 -1 -2
20 53 55 84 -1 36 51 64 85 -1 2 23 45 89 -1 47 84 85 99 -1 -2
16 25 30 94 -1 10 22 54 60 -1 60 66 78 84 -1 17 48 70 79 -1 -2
1 44 66 80 -1 6 9 21 98 -1 37 53 85 96 -1 11 30 76 93 -1 14 17 34 52 -1 28 52 56 88 -1 12 42 46 58 -1 -2
34 65 68 98 -1 27 34 55 87 -1 44 54 61 65 -1 35 53 66 95 -1 9 14 53 62 -1 13 42 50 63 -1 -2
21 42 56 97 -1 21 31 43 92 -1 6 17 42 73 -1 36 56 62 86 -1 25 32 54 84 -1 -2
19 44 69 80 -1 57 84 88 95 -1 41 49 50 95 -1 10 28 44 69 -1 8 55 78 85 -1 19 25 44 48 -1 32 59 65 85 -1 8 43 56 88 -1 -2
14 23 40 92 -1 53 58 61 88 -1 7 43 73 98 -1 38 89 91 96 -1 12 44 55 95 -1 43 68 70 93 -1 -2
11 35 54 60 -1 29 43 44 91 -1 -2
21 35 58 99 -1 4 65 92 95 -1 9 12 16 65 -1 -2
27 47 67 77 -1 41 44 63 70 -1 19 52 74 100 -1 4 50 73 75 -1 8 25 67 71 -1 -2
3 42 48 76 -1 19 22 45 52 -1 1 11 49 68 -1 12 51 86 95 -1 -2
28 42 43 49 -1 1 23 28 40 -1 -2
42 57 78 86 -1 23 49 53 84 -1 35 41 46 84 -1 10 51 95 96 -1 9 13 42 60 -1 36 57 67 77 -1 -2
13 36 69 81 -1 26 47 60 89 -1 19 49 72 84 -1 -2
34 46 82 88 -1 10 11 52 61 -1 34 39 45 60 -1 1 8 39 85 -1 4 9 24 75 -1 39 48 53 76 -1 9 21 90 97 -1 -2
17 30 31 88 -1 5 16 20 35 -1 10 35 57 91 -1 11 16 18 38 -1 25 30 45 53 -1 37 78 80 87 -1 -2
32 33 64 69 -1 7 18 44 59 -1 17 58 62 80 -1 9 49 50 69 -1 61 65 83 93 -1 16 33 69 97 -1 7 58 70 96 -1 -2
48 81 92 93 -1 9 61 67 86 -1 19 31 40 100 -1 1 29 46 87 -1 38 42 84 91 -1 -2
8 31 34 64 -1 56 75 83 88 -1 -2
22 28 43 77 -1 49 55 68 81 -1 25 74 83 89 -1 10 33 67 75 -1 10 53 82 92 -1 -2
66 74 80 87 -1 1 11 49 68 -1 21 34 48 66 -1 -2
20 42 86 88 -1 53 57 61 73 -1 16 36 62 76 -1 -2
8 20 48 79 -1 57 70 71 74 -1 -2
18 28 32 89 -1 4 13 34 68 -1 13 61 77 78 -1 -2
74 78 90 97 -1 53 55 74 93 -1 18 72 74 87 -1 -2
25 39 43 86 -1 33 39 53 63 -1 38 40 63 80 -1 58 75 82 85 -1 9 49 56 74 -1 -2
30 54 55 72 -1 16 65 82 90 -1 31 39 43 50 -1 10 44 59 96 -1 42 50 97 99 -1 -2
16 36 39 75 -1 -2
22 35 39 58 -1 19 47 60 67 -1 62 67 81 86 -1 2 23 52 60 -1 39 47 58 87 -1 70 73 76 100 -1 6 8 21 27 -1 -2
16 50 62 85 -1 4 45 79 88 -1 14 43 63 71 -1 3 21 31 74 -1 23 39 64 95 -1 -2
33 71 84 87 -1 2 40 69 87 -1 63 73 77 92 -1 3 4 91 98 -1 4 8 46 48 -1 -2
15 22 75 78 -1 5 73 75 92 -1 -2
22 32 91 97 -1 10 13 18 24 -1 3 28 54 60 -1 1 16 19 44 -1 -2
2 55 77 90 -1 29 41 53 100 -1 21 37 50 58 -1 1 29 45 60 -1 8 33 74 78 -1 14 45 47 95 -1 23 38 62 76 -1 34 45 81 97 -1 -2
8 31 37 86 -1 -2
36 40 94 96 -1 -2
10 19 30 96 -1 40 42 51 63 -1 -2
6 8 47 72 -1 2 39 51 100 -1 11 18 28 66 -1 2 3 55 67 -1 3 7 37 67 -1 10 32 62 77 -1 -2
27 60 62 93 -1 11 15 25 54 -1 -2
5 30 33 93 -1 52 84 87 88 -1 4 23 33 53 -1 23 37 46 48 -1 8 33 34 85 -1 14 27 88 93 -1 -2
17 52 67 99 -1 2 79 91 97 -1 27 28 41 52 -1 -2
27 84 85 88 -1 -2
26 30 40 76 -1 -2
84 88 91 94 -1 21 26 37 45 -1 22 42 49 72 -1 36 60 86 91 -1 37 40 57 73 -1 -2
19 47 75 97 -1 25 55 82 96 -1 28 40 95 99 -1 31 35 55 63 -1 31 63 71 76 -1 4 9 34 100 -1 37 45 48 56 -1 9 34 41 42 -1 -2
1 27 69 94 -1 22 30 54 59 -1 18 49 96 98 -1 27 32 44 76 -1 39 63 64 82 -1 -2
27 77 89 95 -1 17 31 52 79 -1 10 27 47 59 -1 38 72 85 93 -1 15 27 67 99 -1 11 61 63 71 -1 42 59 96 97 -1 -2
3 28 67 70 -1 5 19 45 55 -1 6 19 39 55 -1 5 20 49 95 -1 -2
30 47 68 84 -1 11 35 58 59 -1 31 39 43 85 -1 16 43 47 97 -1 19 48 62 84 -1 12 65 68 99 -1 24 46 59 72 -1 11 82 90 93 -1 -2
35 51 54 68 -1 -2
21 46 52 95 -1 43 62 85 92 -1 23 41 43 47 -1 39 50 58 90 -1 22 67 84 90 -1 34 64 67 87 -1 8 61 76 82 -1 27 33 67 95 -1 -2
9 24 27 36 -1 1 10 12 43 -1 47 53 81 93 -1 8 9 52 57 -1 1 2 78 85 -1 7 34 63 75 -1 -2
13 47 60 74 -1 1 5 87 88 -1 6 44 56 71 -1 2 7 95 100 -1 19 27 66 97 -1 19 29 43 67 -1 3 10 30 94 -1 -2
4 41 51 80 -1 -2
10 19 52 66 -1 26 32 49 100 -1 -2
50 63 75 84 -1 2 7 54 90 -1 3 61 78 90 -1 6 44 54 94 -1 35 58 70 86 -1 48 59 73 97 -1 6 63 73 93 -1 -2
11 37 45 60 -1 -2
1 25 30 40 -1 5 81 82 98 -1 4 67 92 98 -1 11 17 62 70 -1 26 41 48 82 -1 22 28 45 58 -1 5 18 23 91 -1 10 37 55 76 -1 -2
24 43 60 80 -1 15 40 58 89 -1 9 27 47 93 -1 11 21 30 93 -1 17 53 89 98 -1 -2
16 65 86 99 -1 2 11 19 100 -1 8 34 65 74 -1 32 47 79 81 -1 25 36 77 88 -1 33 60 78 98 -1 -2
13 51 77 81 -1 -2
11 14 33 89 -1 -2
1 12 20 53 -1 25 78 83 87 -1 -2
21 28 41 85 -1 53 77 79 96 -1 10 31 91 92 -1 42 49 69 75 -1 25 33 71 76 -1 48 56 77 95 -1 -2
11 45 56 88 -1 61 69 74 81 -1 20 30 54 87 -1 50 56 64 65 -1 2 37 91 95 -1 12 13 67 82 -1 22 31 53 63 -1 -2
20 54 57 84 -1 19 46 80 87 -1 -2
10 28 89 96 -1 -2
5 37 82 88 -1 24 56 58 78 -1 1 54 93 97 -1 62 69 86 97 -1 14 33 55 90 -1 -2
14 50 68 90 -1 15 38 55 68 -1 4 15 54 85 -1 26 28 30 91 -1 -2
37 65 86 90 -1 7 9 10 76 -1 8 25 36 61 -1 29 59 70 89 -1 5 28 42 64 -1 15 24 26 96 -1 -2
56 61 67 95 -1 7 33 65 91 -1 18 32 74 83 -1 8 27 68 92 -1 -2
3 76 97 98 -1 6 25 30 79 -1 -2
19 24 45 70 -1 17 81 92 93 -1 -2
15 32 33 75 -1 5 8 58 96 -1 3 10 33 80 -1 3 9 71 100 -1 5 11 59 68 -1 29 56 97 99 -1 -2
11 16 37 69 -1 41 42 76 92 -1 24 34 42 87 -1 -2
20 25 40 68 -1 53 54 80 88 -1 12 46 88 90 -1 -2
17 34 67 75 -1 24 39 59 93 -1 1 11 77 95 -1 24 57 61 96 -1 -2
14 29 59 88 -1 -2
7 21 54 81 -1 12 26 28 59 -1 46 47 58 75 -1 24 30 36 49 -1 9 11 56 62 -1 -2
22 64 96 99 -1 3 17 53 83 -1 8 12 53 64 -1 16 21 37 60 -1 -2
9 65 70 80 -1 39 65 71 76 -1 8 11 23 44 -1 30 41 67 73 -1 20 43 45 75 -1 10 38 44 48 -1 2 10 37 63 -1 -2
22 23 27 35 -1 3 33 81 100 -1 31 44 45 80 -1 25 35 41 78 -1 12 55 73 74 -1 23 32 55 92 -1 9 12 70 98 -1 1 26 39 49 -1 -2
25 45 47 94 -1 5 24 48 55 -1 10 54 55 56 -1 17 26 29 53 -1 -2
42 44 59 91 -1 2 22 60 87 -1 10 26 49 81 -1 -2
21 25 53 56 -1 3 26 39 56 -1 25 53 66 87 -1 35 45 77 90 -1 13 17 24 87 -1 20 30 46 58 -1 15 16 46 60 -1 -2
26 58 70 90 -1 -2
4 27 98 100 -1 -2
15 38 60 75 -1 3 8 10 51 -1 52 53 54 59 -1 51 61 80 88 -1 6 9 26 28 -1 -2
7 17 25 41 -1 17 39 52 91 -1 30 51 56 58 -1 -2
47 54 69 88 -1 1 16 42 48 -1 -2
7 20 78 93 -1 -2
27 31 34 61 -1 1 19 42 71 -1 5 43 47 100 -1 2 4 76 84 -1 58 71 80 91 -1 36 50 67 72 -1 12 23 33 44 -1 -2
1 9 32 81 -1 8 42 59 67 -1 20 37 52 90 -1 51 57 61 89 -1 2 20 75 95 -1 -2
12 26 62 86 -1 13 52 61 97 -1 22 63 68 71 -1 9 12 15 92 -1 -2
39 51 81 85 -1 16 47 97 99 -1 7 44 75 96 -1 4 9 25 57 -1 -2
14 18 23 66 -1 19 22 27 64 -1 -2
7 28 54 76 -1 10 31 53 84 -1 16 22 40 62 -1 5 20 36 92 -1 9 23 45 58 -1 5 62 86 89 -1 -2
16 61 66 75 -1 14 81 84 92 -1 57 60 71 74 -1 43 67 73 93 -1 -2
12 16 34 77 -1 35 70 80 96 -1 -2
48 53 57 83 -1 10 12 16 31 -1 5 40 50 79 -1 1 68 77 80 -1 27 81 83 94 -1 16 18 70 78 -1 8 18 61 68 -1 15 62 68 76 -1 -2
2 57 95 100 -1 56 84 86 100 -1 3 39 64 96 -1 45 59 62 77 -1 -2
23 33 37 67 -1 31 38 97 99 -1 20 33 35 81 -1 22 27 61 89 -1 14 15 74 95 -1 14 50 59 86 -1 10 11 44 78 -1 -2
3 8 26 67 -1 2 28 50 86 -1 27 79 94 100 -1 25 33 38 84 -1 11 20 41 75 -1 31 56 61 65 -1 27 42 59 85 -1 -2
17 29 44 46 -1 -2
8 30 34 47 -1 5 49 71 78 -1 22 42 65 72 -1 2 9 11 99 -1 3 31 32 55 -1 21 41 74 90 -1 1 10 24 89 -1 5 13 38 96 -1 -2
29 47 92 97 -1 28 46 89 93 -1 48 55 75 99 -1 3 50 82 88 -1 4 64 87 95 -1 11 36 85 96 -1 28 30 83 95 -1 29 40 56 64 -1 -2
5 16 24 80 -1 2 48 98 99 -1 56 71 76 84 -1 56 75 85 94 -1 -2
6 65 69 99 -1 20 33 73 93 -1 25 27 64 94 -1 59 60 72 82 -1 6 7 35 73 -1 -2
17 34 50 63 -1 6 20 26 99 -1 6 14 85 98 -1 59 60 62 88 -1 -2
33 43 51 70 -1 16 27 34 46 -1 14 41 77 80 -1 -2
17 27 40 89 -1 6 18 68 86 -1 2 6 65 94 -1 55 59 87 88 -1 17 21 52 80 -1 -2
48 68 74 90 -1 40 62 80 81 -1 12 21 25 55 -1 2 11 31 53 -1 12 13 46 61 -1 37 63 86 92 -1 20 51 67 81 -1 -2
13 23 61 78 -1 4 38 84 90 -1 15 52 83 95 -1 46 51 52 85 -1 -2
35 48 56 82 -1 6 7 42 71 -1 17 51 55 97 -1 40 46 69 93 -1 13 18 23 91 -1 -2
1 27 57 75 -1 7 31 35 84 -1 21 23 26 40 -1 -2
32 71 72 86 -1 15 31 39 72 -1 35 43 51 83 -1 1 5 67 96 -1 30 43 45 57 -1 -2
15 39 41 45 -1 4 18 20 64 -1 10 25 73 87 -1 28 36 45 75 -1 13 44 69 72 -1 2 4 49 100 -1 -2
42 44 47 92 -1 27 80 81 84 -1 65 67 95 99 -1 8 31 37 42 -1 6 39 40 50 -1 -2
20 25 65 76 -1 10 28 68 86 -1 21 39 44 61 -1 27 73 96 98 -1 9 34 62 78 -1 -2
15 35 43 88 -1 7 59 65 91 -1 17 27 36 39 -1 8 10 71 78 -1 8 51 55 70 -1 -2
2 8 41 56 -1 37 46 76 83 -1 2 14 62 63 -1 -2
15 25 50 89 -1 6 21 29 92 -1 27 28 32 33 -1 21 46 74 75 -1 -2
19 58 65 67 -1 2 25 46 71 -1 -2
4 13 49 55 -1 44 55 58 69 -1 36 47 63 95 -1 58 60 61 85 -1 8 27 59 65 -1 48 52 61 74 -1 -2
44 48 52 60 -1 3 36 68 99 -1 43 63 80 98 -1 -2
66 76 88 89 -1 20 32 67 88 -1 -2
13 15 84 100 -1 -2
16 40 59 72 -1 37 38 87 94 -1 22 25 50 71 -1 28 43 55 80 -1 19 52 57 64 -1 -2
7 13 55 83 -1 16 29 34 87 -1 -2
32 33 43 73 -1 43 53 59 90 -1 19 42 74 77 -1 16 26 63 71 -1 41 45 60 78 -1 25 34 82 95 -1 10 31 83 100 -1 11 25 30 84 -1 -2
17 40 41 52 -1 24 29 47 64 -1 35 39 59 76 -1 -2
9 24 39 44 -1 15 25 53 55 -1 -2
51 69 87 95 -1 66 69 70 81 -1 48 75 76 88 -1 17 29 44 75 -1 30 50 83 89 -1 47 68 71 77 -1 2 39 57 77 -1 -2
72 79 81 87 -1 8 22 57 80 -1 40 46 71 83 -1 54 62 67 96 -1 16 82 85 88 -1 24 31 36 60 -1 -2
35 41 62 90 -1 6 34 44 61 -1 42 64 70 71 -1 12 31 74 87 -1 26 37 50 83 -1 19 34 45 48 -1 -2
12 30 47 57 -1 14 50 59 96 -1 13 57 89 94 -1 23 24 49 98 -1 16 71 90 99 -1 -2
6 18 49 67 -1 6 11 33 81 -1 2 20 43 96 -1 -2
12 20 60 98 -1 5 21 49 75 -1 31 54 91 94 -1 34 56 74 96 -1 36 70 89 96 -1 -2
45 60 67 100 -1 10 20 76 90 -1 30 58 86 96 -1 17 40 57 66 -1 13 23 52 86 -1 48 60 81 91 -1 -2
64 68 76 77 -1 1 3 19 89 -1 13 52 62 76 -1 13 16 67 82 -1 -2
18 26 29 82 -1 8 50 62 83 -1 9 12 50 93 -1 18 52 84 91 -1 20 53 70 90 -1 67 72 86 98 -1 5 8 53 75 -1 1 20 91 97 -1 -2
45 52 65 83 -1 18 53 77 92 -1 -2
26 47 77 87 -1 -2
42 50 80 87 -1 41 73 79 99 -1 -2
41 56 73 97 -1 22 25 28 34 -1 39 50 80 100 -1 30 64 83 97 -1 44 52 57 72 -1 -2
25 44 70 81 -1 22 75 81 88 -1 45 51 66 91 -1 -2
11 36 59 95 -1 21 63 72 80 -1 -2
14 74 79 93 -1 28 46 83 93 -1 1 24 38 39 -1 12 13 21 53 -1 55 64 86 99 -1 61 70 78 98 -1 -2
26 50 64 89 -1 33 57 95 99 -1 12 21 90 98 -1 3 42 57 72 -1 11 36 76 82 -1 8 15 31 50 -1 21 22 41 79 -1 -2
35 36 45 55 -1 17 24 64 98 -1 2 27 31 44 -1 32 45 80 93 -1 27 29 57 98 -1 7 46 49 82 -1 10 29 60 93 -1 -2
16 40 46 58 -1 52 58 59 81 -1 6 35 72 91 -1 -2
40 73 87 92 -1 1 24 37 59 -1 1 38 71 94 -1 42 59 74 89 -1 8 34 46 79 -1 21 28 49 83 -1 24 57 59 97 -1 4 58 63 79 -1 -2
19 70 74 88 -1 -2
18 28 32 69 -1 4 54 55 77 -1 7 15 53 91 -1 14 61 76 84 -1 10 45 60 87 -1 9 36 50 93 -1 4 23 29 59 -1 -2
36 46 52 100 -1 23 74 82 85 -1 20 51 80 82 -1 -2
51 60 69 72 -1 35 49 66 97 -1 9 42 62 81 -1 1 4 25 69 -1 3 12 25 32 -1 43 63 71 95 -1 22 70 93 100 -1 14 43 72 83 -1 -2
3 54 55 70 -1 13 23 42 90 -1 3 11 18 78 -1 21 24 27 68 -1 -2
5 15 19 61 -1 9 10 41 79 -1 3 12 26 88 -1 8 26 34 42 -1 15 16 46 88 -1 -2
11 26 31 41 -1 11 27 50 86 -1 5 12 49 69 -1 7 68 88 95 -1 5 49 68 99 -1 -2
33 36 65 84 -1 21 56 70 80 -1 15 44 72 77 -1 1 12 39 45 -1 38 48 67 76 -1 5 46 94 100 -1 17 52 54 57 -1 16 55 76 89 -1 -2
29 59 72 87 -1 34 44 54 93 -1 3 19 47 54 -1 4 9 17 40 -1 54 56 74 89 -1 19 42 60 73 -1 -2
28 43 63 96 -1 16 38 75 90 -1 -2
27 44 51 81 -1 -2
24 26 36 57 -1 14 33 43 52 -1 38 83 89 100 -1 2 30 78 80 -1 28 46 50 98 -1 -2
41 46 68 88 -1 52 61 74 90 -1 -2
5 9 82 91 -1 16 32 45 94 -1 21 25 28 60 -1 47 49 70 78 -1 24 57 60 94 -1 11 86 92 95 -1 5 41 53 64 -1 -2
12 14 25 75 -1 34 71 91 92 -1 12 37 73 96 -1 58 73 91 96 -1 52 57 86 92 -1 -2
21 61 66 90 -1 58 67 75 97 -1 21 25 28 82 -1 27 36 56 77 -1 -2
28 34 55 99 -1 25 29 56 74 -1 8 14 24 91 -1 28 35 39 86 -1 1 22 70 84 -1 3 62 84 93 -1 33 35 40 81 -1 19 24 83 87 -1 -2
1 6 19 48 -1 3 51 71 72 -1 14 39 57 78 -1 13 33 61 65 -1 52 57 74 100 -1 18 41 48 91 -1 -2
15 51 69 76 -1 22 28 50 66 -1 17 21 42 61 -1 10 72 81 93 -1 2 41 81 90 -1 23 41 51 65 -1 16 49 69 86 -1 -2
17 43 57 71 -1 -2
7 36 39 54 -1 2 53 59 84 -1 16 19 75 98 -1 14 19 47 94 -1 8 13 77 94 -1 33 41 61 76 -1 -2
12 14 40 73 -1 27 67 85 94 -1 -2
38 63 79 82 -1 -2
53 60 64 70 -1 22 26 29 30 -1 18 33 35 43 -1 3 18 26 77 -1 4 41 90 91 -1 7 24 34 84 -1 -2
18 27 60 86 -1 -2
28 73 79 84 -1 34 39 47 55 -1 16 35 63 78 -1 31 63 83 99 -1 -2
5 8 54 93 -1 43 44 67 85 -1 -2
9 23 24 65 -1 25 47 54 90 -1 2 10 30 72 -1 16 46 66 93 -1 14 46 66 88 -1 31 38 39 72 -1 26 41 73 86 -1 -2
1 27 41 57 -1 -2
21 69 76 80 -1 46 55 90 98 -1 44 60 67 91 -1 15 47 48 68 -1 53 91 96 98 -1 40 55 70 94 -1 22 24 31 64 -1 -2
23 33 71 100 -1 16 28 47 88 -1 8 9 23 99 -1 19 36 40 53 -1 8 30 52 94 -1 5 78 91 96 -1 29 30 53 68 -1 -2
10 12 16 49 -1 4 15 85 86 -1 3 17 54 93 -1 5 32 41 81 -1 -2
24 27 57 69 -1 30 76 94 96 -1 54 59 66 79 -1 24 25 54 95 -1 12 59 81 95 -1 33 43 78 96 -1 -2
42 73 93 99 -1 8 26 45 76 -1 7 34 45 71 -1 8 10 63 76 -1 -2
76 79 83 93 -1 4 50 68 77 -1 7 25 47 73 -1 11 46 53 65 -1 -2
48 69 78 89 -1 37 48 84 99 -1 34 48 90 92 -1 -2
24 30 38 65 -1 11 30 47 70 -1 9 38 45 99 -1 3 42 53 60 -1 44 49 80 87 -1 -2
33 47 78 93 -1 7 41 70 100 -1 47 49 58 76 -1 32 65 83 96 -1 1 25 43 75 -1 11 47 63 69 -1 -2
12 22 39 89 -1 8 13 60 97 -1 4 6 51 53 -1 34 46 66 96 -1 24 31 88 93 -1 1 7 17 71 -1 -2
7 15 34 55 -1 -2
25 35 70 80 -1 47 58 61 91 -1 6 23 81 97 -1 11 32 37 83 -1 -2
9 38 71 85 -1 24 43 80 88 -1 4 34 58 80 -1 30 53 61 86 -1 37 61 69 76 -1 26 64 66 99 -1 16 40 60 90 -1 23 39 67 99 -1 -2
4 32 38 93 -1 40 73 91 93 -1 28 70 86 94 -1 19 32 37 91 -1 18 19 52 74 -1 47 57 79 97 -1 22 53 68 77 -1 25 31 69 75 -1 -2
8 53 75 81 -1 9 22 44 82 -1 41 66 75 99 -1 13 16 36 60 -1 5 45 60 95 -1 19 21 37 98 -1 13 18 76 99 -1 -2
5 53 64 74 -1 5 19 67 69 -1 55 74 96 98 -1 29 80 83 91 -1 64 71 90 96 -1 -2
14 23 43 58 -1 -2
40 48 88 100 -1 -2
3 57 74 91 -1 18 60 66 82 -1 28 44 57 58 -1 29 47 74 97 -1 58 70 88 98 -1 -2
4 22 70 88 -1 39 81 90 98 -1 8 43 56 91 -1 10 14 15 55 -1 38 48 49 66 -1 13 29 59 81 -1 42 53 55 88 -1 26 34 46 67 -1 -2
67 82 90 96 -1 10 47 55 99 -1 10 87 89 98 -1 14 22 40 42 -1 36 44 57 96 -1 19 29 52 61 -1 -2
1 78 99 100 -1 5 10 19 89 -1 7 54 89 98 -1 7 15 61 86 -1 6 27 39 45 -1 5 14 48 55 -1 6 23 26 68 -1 -2
68 75 84 99 -1 23 30 32 41 -1 14 77 85 91 -1 25 48 58 95 -1 14 43 50 56 -1 -2
27 55 60 93 -1 11 29 38 84 -1 1 42 87 100 -1 24 38 61 72 -1 2 12 43 77 -1 23 38 60 87 -1 -2
11 16 25 41 -1 -2
25 55 86 90 -1 73 83 95 97 -1 2 10 50 75 -1 2 57 63 97 -1 39 41 57 64 -1 11 34 52 92 -1 -2
20 31 54 57 -1 24 34 95 98 -1 -2
2 24 30 51 -1 -2
65 66 84 97 -1 6 16 31 37 -1 -2
6 8 39 76 -1 14 16 33 39 -1 8 12 50 70 -1 20 68 73 90 -1 27 68 78 95 -1 -2
19 69 93 95 -1 6 17 90 94 -1 25 70 73 80 -1 19 31 77 98 -1 11 13 78 98 -1 12 24 50 59 -1 67 79 83 87 -1 13 56 92 96 -1 -2
65 70 72 84 -1 17 34 40 46 -1 28 41 50 89 -1 70 75 86 98 -1 1 36 41 45 -1 12 25 58 72 -1 -2
25 41 65 83 -1 12 45 83 93 -1 15 20 63 98 -1 43 47 51 55 -1 6 13 66 67 -1 -2
5 17 18 67 -1 43 49 88 95 -1 88 91 94 95 -1 30 45 58 65 -1 -2
17 32 74 78 -1 -2
33 49 69 82 -1 21 33 75 84 -1 33 49 58 81 -1 4 64 73 100 -1 2 8 51 71 -1 30 46 61 63 -1 -2
29 31 41 45 -1 32 66 75 90 -1 12 39 58 96 -1 8 44 64 93 -1 25 44 55 77 -1 17 26 34 51 -1 -2
17 29 38 74 -1 29 41 78 94 -1 23 50 70 92 -1 39 54 56 59 -1 -2
24 58 61 87 -1 67 72 82 88 -1 29 32 82 88 -1 62 78 84 94 -1 24 49 61 98 -1 -2
20 77 89 96 -1 24 40 53 70 -1 -2
5 42 50 63 -1 4 22 48 68 -1 8 33 46 78 -1 -2
25 30 67 84 -1 11 14 54 78 -1 13 29 44 74 -1 54 72 73 82 -1 18 52 58 77 -1 6 21 77 99 -1 51 73 87 91 -1 11 21 41 56 -1 -2
11 32 34 85 -1 1 45 59 91 -1 27 44 85 91 -1 33 66 69 78 -1 -2
73 77 93 100 -1 35 62 75 96 -1 1 9 19 31 -1 12 26 46 86 -1 42 71 72 95 -1 15 64 75 76 -1 32 39 66 73 -1 -2
42 70 75 96 -1 2 36 47 56 -1 3 35 86 92 -1 11 41 80 94 -1 22 80 93 97 -1 26 55 57 73 -1 -2
19 52 61 66 -1 2 15 23 35 -1 41 73 76 83 -1 3 49 67 90 -1 -2
13 33 50 93 -1 7 21 42 91 -1 38 91 94 97 -1 50 51 52 70 -1 15 72 84 94 -1 11 19 53 85 -1 6 21 43 70 -1 20 34 74 91 -1 -2
32 62 89 95 -1 2 22 38 76 -1 20 26 51 54 -1 22 59 86 95 -1 10 16 79 89 -1 47 50 81 96 -1 8 23 24 85 -1 -2
34 58 64 83 -1 38 41 55 95 -1 32 59 62 77 -1 -2
16 17 34 52 -1 6 8 52 53 -1 31 38 82 88 -1 3 19 36 83 -1 27 31 35 71 -1 10 32 39 82 -1 3 5 28 49 -1 32 76 84 88 -1 -2
18 50 79 91 -1 11 20 29 67 -1 26 31 84 94 -1 21 26 28 77 -1 67 69 73 97 -1 3 31 77 85 -1 -2
7 27 72 89 -1 25 28 38 74 -1 17 18 68 98 -1 9 22 49 50 -1 13 58 62 74 -1 4 42 48 75 -1 31 48 54 60 -1 -2
37 48 53 88 -1 3 27 55 59 -1 26 33 37 56 -1 16 43 66 87 -1 24 35 91 99 -1 -2
22 47 56 68 -1 50 68 78 98 -1 20 35 72 81 -1 15 50 83 90 -1 26 39 95 100 -1 5 9 53 96 -1 25 32 58 71 -1 -2
5 67 68 73 -1 40 43 53 63 -1 58 73 91 98 -1 -2
24 44 80 83 -1 15 16 36 59 -1 14 48 70 75 -1 6 26 49 76 -1 20 42 48 64 -1 1 20 33 90 -1 -2
12 14 25 63 -1 55 62 87 96 -1 61 63 76 85 -1 13 38 41 69 -1 5 19 71 76 -1 -2
4 11 38 97 -1 11 36 57 70 -1 1 26 41 76 -1 1 9 47 53 -1 -2
7 8 15 18 -1 -2
2 34 61 76 -1 35 45 80 81 -1 -2
10 13 37 91 -1 -2
9 24 35 50 -1 12 21 48 99 -1 16 17 77 91 -1 4 8 44 83 -1 39 55 77 88 -1 27 59 80 98 -1 12 31 39 65 -1 -2
2 3 19 97 -1 27 67 68 74 -1 25 33 75 84 -1 -2
8 26 86 100 -1 7 63 65 85 -1 18 22 37 67 -1 9 48 64 94 -1 1 15 28 52 -1 33 60 67 90 -1 15 16 41 79 -1 1 24 43 68 -1 -2
3 43 49 84 -1 51 75 89 91 -1 48 59 62 79 -1 4 18 28 68 -1 -2
37 59 77 86 -1 81 87 96 99 -1 5 15 46 52 -1 23 31 61 63 -1 12 32 37 87 -1 6 10 36 60 -1 2 79 94 98 -1 -2
38 53 68 77 -1 29 31 36 90 -1 15 20 22 71 -1 17 30 79 93 -1 33 66 87 100 -1 57 59 69 97 -1 22 43 78 96 -1 -2
19 29 58 98 -1 -2
3 25 60 68 -1 17 34 47 85 -1 15 24 60 63 -1 2 18 53 86 -1 15 16 36 59 -1 -2
29 38 90 100 -1 17 49 61 65 -1 20 65 85 94 -1 11 35 48 51 -1 20 57 60 92 -1 -2
34 53 59 92 -1 38 45 74 88 -1 9 21 48 49 -1 15 24 39 56 -1 18 62 69 91 -1 13 36 78 87 -1 4 36 56 83 -1 -2
12 53 59 72 -1 19 20 60 71 -1 57 68 74 92 -1 53 73 77 95 -1 11 24 44 54 -1 10 33 48 58 -1 8 37 39 48 -1 8 22 31 79 -1 -2
60 75 86 98 -1 -2
16 64 71 81 -1 58 69 71 90 -1 65 67 75 80 -1 14 60 67 93 -1 22 32 40 70 -1 43 71 86 91 -1 -2
25 65 69 79 -1 4 31 35 66 -1 13 24 46 92 -1 15 28 54 71 -1 -2
27 41 84 86 -1 16 19 61 70 -1 8 74 86 98 -1 -2
23 31 36 42 -1 22 26 30 90 -1 -2
25 39 71 84 -1 13 46 87 93 -1 16 21 78 90 -1 2 6 25 80 -1 21 26 44 60 -1 12 25 63 64 -1 33 43 69 84 -1 -2
5 37 78 86 -1 25 52 58 68 -1 -2
22 43 50 54 -1 10 22 43 91 -1 2 29 55 56 -1 2 19 87 91 -1 26 33 45 51 -1 25 52 61 87 -1 15 30 78 79 -1 29 54 77 84 -1 -2
1 17 62 77 -1 3 12 68 82 -1 45 69 80 100 -1 -2
65 75 89 97 -1 19 35 53 88 -1 22 44 69 96 -1 10 18 66 82 -1 26 31 61 78 -1 29 47 48 82 -1 8 36 63 97 -1 2 47 52 70 -1 -2
1 3 22 69 -1 40 57 60 68 -1 27 51 71 74 -1 2 31 34 83 -1 -2
51 54 70 94 -1 20 43 55 99 -1 34 43 79 82 -1 27 68 86 99 -1 -2
35 47 69 90 -1 18 34 42 60 -1 45 50 52 81 -1 28 53 91 93 -1 30 55 58 86 -1 -2
34 39 41 66 -1 9 48 49 70 -1 8 12 20 83 -1 2 38 81 100 -1 34 52 58 84 -1 -2
72 73 87 92 -1 5 28 35 46 -1 27 28 39 98 -1 17 37 76 79 -1 -2
38 71 74 91 -1 26 48 66 72 -1 1 23 40 90 -1 16 40 46 98 -1 37 40 62 74 -1 -2
12 27 49 85 -1 21 42 45 65 -1 -2
46 51 56 67 -1 7 27 42 78 -1 25 70 88 97 -1 9 30 32 77 -1 14 26 33 56 -1 7 63 80 90 -1 15 17 84 86 -1 -2
9 16 36 82 -1 11 18 34 89 -1 18 28 57 81 -1 14 23 39 56 -1 -2
12 17 44 58 -1 34 61 64 95 -1 8 16 46 86 -1 24 27 36 83 -1 -2
3 68 81 89 -1 4 39 71 97 -1 5 57 87 91 -1 10 22 31 70 -1 -2
4 51 88 95 -1 17 23 64 85 -1 1 12 76 95 -1 18 39 68 75 -1 2 23 43 59 -1 7 61 63 90 -1 -2
34 41 46 89 -1 27 46 85 89 -1 3 6 53 84 -1 -2
24 32 51 59 -1 -2
9 20 53 54 -1 13 33 43 91 -1 -2
9 18 24 68 -1 12 17 42 70 -1 1 9 16 64 -1 39 40 62 78 -1 17 87 98 99 -1 3 57 91 99 -1 28 56 72 88 -1 -2
22 57 58 87 -1 -2
9 25 31 44 -1 22 33 46 72 -1 13 20 30 80 -1 9 47 75 88 -1 -2
2 5 9 70 -1 8 32 60 90 -1 28 29 30 74 -1 46 54 60 98 -1 41 81 84 89 -1 -2
48 72 87 99 -1 -2
26 37 61 92 -1 -2
20 35 63 94 -1 16 27 43 47 -1 1 24 63 83 -1 65 88 94 100 -1 93 94 97 99 -1 -2
9 32 47 69 -1 -2
37 38 56 78 -1 10 56 84 92 -1 6 66 79 93 -1 6 43 56 72 -1 68 86 87 94 -1 -2
5 72 85 94 -1 24 36 63 74 -1 44 51 65 96 -1 13 27 56 78 -1 18 31 73 85 -1 26 35 42 90 -1 51 74 77 84 -1 66 82 98 99 -1 -2
26 45 61 67 -1 21 45 81 97 -1 44 45 83 94 -1 36 64 72 96 -1 3 8 40 48 -1 25 70 85 89 -1 22 29 55 81 -1 42 61 87 97 -1 -2
27 63 86 99 -1 -2
1 6 13 88 -1 50 53 75 84 -1 5 78 84 88 -1 47 56 65 81 -1 20 33 86 87 -1 18 22 40 42 -1 -2
22 46 52 61 -1 4 6 34 49 -1 -2
23 28 63 86 -1 24 33 39 57 -1 26 38 67 96 -1 -2
35 39 89 90 -1 15 34 47 58 -1 13 20 63 64 -1 40 60 80 87 -1 2 12 21 83 -1 43 44 48 98 -1 31 38 39 96 -1 -2
38 58 76 89 -1 -2
48 56 61 98 -1 6 17 32 67 -1 7 23 58 81 -1 54 90 99 100 -1 7 63 71 82 -1 1 56 78 79 -1 7 16 48 64 -1 -2
11 14 72 86 -1 13 54 55 62 -1 28 37 61 74 -1 24 44 56 75 -1 11 73 75 98 -1 -2
30 38 42 72 -1 13 53 71 74 -1 9 15 29 64 -1 32 68 85 96 -1 11 61 70 86 -1 -2
28 35 49 91 -1 12 28 80 84 -1 14 21 45 58 -1 11 13 43 70 -1 2 15 63 87 -1 27 66 67 76 -1 48 59 65 75 -1 -2
15 48 80 95 -1 17 65 68 97 -1 12 22 37 76 -1 -2
47 50 73 88 -1 2 50 91 95 -1 20 30 57 62 -1 10 14 17 98 -1 8 31 80 97 -1 -2
1 36 55 100 -1 7 17 60 80 -1 2 7 10 13 -1 6 13 90 99 -1 11 12 50 69 -1 13 28 61 86 -1 -2
38 69 86 89 -1 50 56 58 81 -1 38 53 54 94 -1 -2
2 76 77 92 -1 29 74 76 100 -1 10 22 32 93 -1 47 66 75 89 -1 2 29 46 57 -1 30 33 48 70 -1 12 14 34 99 -1 30 37 78 85 -1 -2
13 62 66 96 -1 3 38 39 71 -1 10 46 78 82 -1 20 33 45 53 -1 10 64 71 97 -1 2 24 65 90 -1 50 68 79 96 -1 -2
18 21 48 94 -1 4 10 31 85 -1 49 56 60 85 -1 11 37 88 92 -1 34 60 93 95 -1 27 62 70 73 -1 -2
38 41 89 90 -1 13 35 63 79 -1 55 82 90 93 -1 6 26 35 86 -1 1 81 90 91 -1 8 9 51 92 -1 3 8 48 94 -1 -2
8 68 73 90 -1 12 53 64 77 -1 -2
4 25 45 59 -1 76 83 88 100 -1 6 67 87 90 -1 2 41 95 99 -1 -2
8 9 31 69 -1 7 42 92 97 -1 -2
1 21 56 86 -1 1 65 66 94 -1 32 70 82 93 -1 32 37 56 99 -1 9 10 51 91 -1 4 5 18 56 -1 45 58 84 86 -1 -2
6 23 64 97 -1 1 47 74 99 -1 18 30 40 71 -1 22 29 34 66 -1 5 19 31 83 -1 12 40 57 98 -1 -2
11 15 57 100 -1 44 53 84 90 -1 -2
6 16 35 94 -1 24 54 91 99 -1 -2
28 34 65 66 -1 5 69 73 84 -1 53 57 71 96 -1 29 59 64 88 -1 36 37 51 88 -1 41 58 59 92 -1 22 36 69 82 -1 39 59 83 98 -1 -2
7 20 31 37 -1 5 18 58 91 -1 -2
21 32 33 93 -1 -2
5 18 29 39 -1 5 40 48 74 -1 28 31 76 93 -1 42 60 65 88 -1 6 37 59 89 -1 2 79 82 89 -1 17 53 96 97 -1 -2
33 40 42 76 -1 20 34 92 95 -1 -2
37 39 41 95 -1 37 39 52 91 -1 1 16 31 68 -1 10 28 54 91 -1 -2
36 44 54 60 -1 26 45 56 76 -1 18 20 31 93 -1 -2
2 9 67 84 -1 16 27 58 65 -1 55 62 79 81 -1 -2
35 59 79 85 -1 -2
8 17 56 100 -1 10 21 64 97 -1 5 15 38 90 -1 -2
20 43 90 99 -1 1 52 72 92 -1 13 39 48 80 -1 38 60 66 96 -1 -2
5 21 51 100 -1 49 64 70 72 -1 -2
9 66 87 88 -1 9 52 53 58 -1 2 13 24 51 -1 17 64 86 98 -1 -2
25 27 33 79 -1 26 84 97 100 -1 26 29 63 80 -1 25 26 45 59 -1 -2
36 48 53 76 -1 -2
8 80 87 96 -1 60 63 70 99 -1 22 76 88 100 -1 3 8 9 45 -1 11 13 42 88 -1 -2
20 36 58 69 -1 17 22 25 58 -1 2 19 55 99 -1 -2
36 40 41 70 -1 29 44 60 92 -1 24 81 90 92 -1 20 65 87 90 -1 25 83 87 99 -1 2 7 17 52 -1 31 36 62 71 -1 10 36 48 94 -1 -2
48 49 57 71 -1 12 31 57 91 -1 29 38 44 63 -1 28 29 49 100 -1 44 45 73 83 -1 9 46 69 72 -1 54 75 89 99 -1 10 38 66 80 -1 -2
26 59 82 87 -1 1 9 14 27 -1 10 43 45 63 -1 -2
9 30 41 77 -1 31 35 71 92 -1 -2
1 66 83 84 -1 27 60 65 93 -1 42 78 90 98 -1 -2
27 44 82 88 -1 50 77 89 98 -1 17 64 85 87 -1 45 54 70 86 -1 17 54 65 90 -1 4 12 32 38 -1 -2
31 33 73 82 -1 10 43 54 91 -1 -2
37 54 71 95 -1 4 20 65 79 -1 5 9 16 93 -1 26 29 33 89 -1 4 64 88 93 -1 9 11 81 94 -1 -2
4 10 21 29 -1 22 40 44 81 -1 12 34 42 74 -1 24 45 73 88 -1 1 10 33 66 -1 11 46 49 81 -1 -2
17 26 37 50 -1 41 64 66 86 -1 21 42 58 91 -1 59 81 90 91 -1 17 27 51 78 -1 -2
14 56 62 79 -1 30 32 72 95 -1 9 31 39 56 -1 60 66 69 95 -1 -2
39 43 49 71 -1 13 15 23 81 -1 -2
10 52 65 76 -1 76 80 94 98 -1 9 32 35 73 -1 -2
12 32 65 96 -1 15 34 36 63 -1 9 67 81 98 -1 1 13 21 28 -1 5 51 76 78 -1 3 34 53 71 -1 -2
3 20 66 82 -1 40 55 76 100 -1 30 73 77 93 -1 -2
15 28 53 96 -1 35 61 65 91 -1 13 22 81 88 -1 -2
17 19 34 86 -1 1 7 88 92 -1 59 69 87 93 -1 7 9 50 60 -1 -2
23 28 59 63 -1 32 45 70 77 -1 4 9 11 42 -1 6 18 45 69 -1 28 41 42 66 -1 16 34 54 71 -1 1 9 64 76 -1 -2
37 44 73 81 -1 -2
18 38 48 97 -1 7 26 95 98 -1 14 24 64 69 -1 14 39 63 96 -1 13 45 67 69 -1 -2
32 43 82 99 -1 33 74 82 90 -1 13 18 73 78 -1 8 60 74 90 -1 33 39 71 74 -1 10 12 15 67 -1 49 50 65 88 -1 18 31 52 93 -1 -2
21 71 79 98 -1 18 64 80 100 -1 -2
12 19 66 84 -1 16 25 41 63 -1 22 48 88 96 -1 14 42 56 94 -1 19 45 62 99 -1 -2
31 52 61 82 -1 27 54 58 83 -1 5 9 43 61 -1 -2
40 65 81 92 -1 -2
11 54 70 88 -1 35 37 67 97 -1 5 49 72 87 -1 5 57 68 84 -1 51 59 61 77 -1 16 26 46 63 -1 10 31 35 88 -1 25 28 40 52 -1 -2
53 57 63 98 -1 6 35 52 93 -1 -2
23 26 31 62 -1 22 26 36 95 -1 34 47 70 100 -1 16 48 51 56 -1 69 73 81 100 -1 -2
4 7 64 97 -1 15 41 92 98 -1 -2
15 62 79 97 -1 14 31 36 75 -1 14 17 69 86 -1 40 47 76 99 -1 -2
41 43 67 77 -1 10 31 74 92 -1 39 48 49 88 -1 2 21 45 57 -1 -2
13 23 87 94 -1 19 56 61 77 -1 25 81 92 95 -1 13 20 62 78 -1 -2
28 40 91 92 -1 -2
6 59 80 99 -1 7 79 95 96 -1 19 22 27 96 -1 -2
16 60 71 89 -1 2 10 43 54 -1 42 49 73 74 -1 -2
41 51 80 81 -1 15 38 42 46 -1 -2
19 62 70 72 -1 18 42 62 82 -1 4 26 60 64 -1 7 40 63 81 -1 -2
14 16 67 76 -1 30 52 68 70 -1 21 35 38 71 -1 22 72 98 99 -1 40 54 60 82 -1 -2
6 16 57 80 -1 31 60 66 68 -1 5 32 53 97 -1 36 43 63 85 -1 10 65 77 96 -1 28 37 50 100 -1 13 42 76 82 -1 -2
1 19 49 94 -1 27 48 51 84 -1 7 32 33 73 -1 -2
67 68 74 78 -1 11 17 29 89 -1 11 42 72 91 -1 -2
1 21 34 45 -1 45 72 82 87 -1 42 49 63 99 -1 5 24 60 96 -1 23 44 78 93 -1 42 45 50 75 -1 -2
31 57 60 88 -1 10 31 72 97 -1 12 13 18 89 -1 2 34 88 93 -1 -2
23 70 79 82 -1 34 38 57 90 -1 -2
14 46 64 73 -1 4 12 57 84 -1 1 7 10 17 -1 4 29 42 95 -1 4 5 47 78 -1 46 60 63 100 -1 5 10 48 52 -1 -2
18 21 66 86 -1 20 27 58 83 -1 19 46 58 70 -1 -2
7 47 72 90 -1 11 31 33 65 -1 5 23 60 95 -1 4 20 41 48 -1 4 21 74 75 -1 25 28 33 71 -1 -2
44 72 80 87 -1 20 46 63 88 -1 17 27 49 62 -1 16 37 46 84 -1 5 18 52 91 -1 17 22 49 54 -1 3 43 57 71 -1 -2
37 81 89 96 -1 -2
13 84 88 94 -1 -2
2 14 69 78 -1 1 37 76 78 -1 15 52 82 88 -1 4 17 50 93 -1 -2
1 5 33 37 -1 3 4 40 48 -1 12 16 53 75 -1 25 48 78 94 -1 22 29 33 99 -1 1 16 29 36 -1 16 26 79 100 -1 -2
41 77 92 95 -1 4 32 53 57 -1 40 54 84 97 -1 -2
66 85 97 98 -1 20 23 26 66 -1 10 16 83 99 -1 16 17 25 79 -1 24 40 70 77 -1 -2
19 35 36 49 -1 -2
22 25 42 93 -1 7 44 45 68 -1 30 75 89 98 -1 8 69 74 94 -1 18 37 54 91 -1 76 82 94 95 -1 24 36 58 78 -1 21 68 84 85 -1 -2
6 49 65 74 -1 3 13 22 82 -1 1 30 31 36 -1 27 29 46 78 -1 28 33 37 89 -1 6 31 54 100 -1 10 39 78 100 -1 -2
56 66 84 87 -1 46 51 69 79 -1 35 38 75 87 -1 5 22 35 36 -1 20 23 67 84 -1 9 40 73 88 -1 -2
21 46 60 89 -1 28 47 66 73 -1 49 59 73 77 -1 -2
37 38 45 63 -1 7 46 57 98 -1 -2
65 76 84 97 -1 57 59 76 85 -1 20 42 64 76 -1 -2
26 50 54 92 -1 9 49 59 94 -1 -2
1 3 46 84 -1 27 74 79 90 -1 7 39 70 90 -1 14 49 50 87 -1 2 21 55 93 -1 15 30 68 76 -1 35 36 70 75 -1 -2
30 37 47 68 -1 21 47 62 65 -1 12 36 65 77 -1 -2
63 65 69 94 -1 15 24 51 57 -1 9 21 36 43 -1 26 29 65 71 -1 25 29 41 46 -1 43 46 57 91 -1 31 47 79 81 -1 23 24 69 73 -1 -2
4 29 68 85 -1 -2
21 23 50 53 -1 43 53 85 94 -1 5 37 70 91 -1 34 39 50 93 -1 18 33 42 94 -1 -2
5 22 60 79 -1 2 62 78 91 -1 13 58 64 100 -1 52 57 70 98 -1 56 67 76 96 -1 41 73 82 83 -1 4 29 74 91 -1 -2
30 74 82 89 -1 7 42 70 72 -1 23 29 76 97 -1 8 42 75 92 -1 5 18 78 92 -1 41 44 46 47 -1 13 15 31 81 -1 -2
29 66 78 98 -1 35 64 91 93 -1 -2
8 20 29 40 -1 8 32 50 54 -1 19 52 65 87 -1 -2
70 80 89 99 -1 4 30 37 75 -1 2 37 40 81 -1 26 33 50 51 -1 12 28 30 89 -1 41 60 85 97 -1 -2
1 30 50 90 -1 10 37 54 90 -1 40 41 56 74 -1 17 35 56 89 -1 -2
21 57 73 90 -1 14 32 64 95 -1 19 29 52 69 -1 1 40 71 73 -1 9 31 53 77 -1 -2
4 9 27 85 -1 11 46 54 82 -1 16 43 52 67 -1 67 70 72 85 -1 -2
22 44 60 61 -1 31 66 72 99 -1 4 16 37 54 -1 10 24 41 85 -1 11 20 32 83 -1 25 39 53 82 -1 8 12 17 94 -1 9 36 52 58 -1 -2
18 57 81 85 -1 -2
36 67 74 92 -1 9 21 69 100 -1 27 32 68 96 -1 10 80 95 98 -1 -2
47 53 59 81 -1 27 32 45 74 -1 42 44 83 91 -1 11 13 15 100 -1 8 26 59 70 -1 14 61 63 79 -1 1 83 89 90 -1 -2
1 25 29 71 -1 6 22 23 39 -1 48 64 73 92 -1 32 76 93 98 -1 2 29 50 57 -1 -2
11 28 51 57 -1 29 46 66 98 -1 -2
2 25 50 94 -1 -2
10 11 12 31 -1 22 71 74 97 -1 13 19 30 33 -1 48 72 76 90 -1 16 31 46 94 -1 -2
25 45 76 88 -1 12 69 80 97 -1 22 51 55 94 -1 33 70 88 100 -1 21 35 47 85 -1 -2
17 41 61 89 -1 13 28 69 83 -1 11 44 66 78 -1 12 20 45 57 -1 9 24 59 91 -1 14 41 53 63 -1 63 75 91 98 -1 -2
28 47 70 77 -1 14 57 69 96 -1 10 21 52 73 -1 30 37 45 87 -1 22 54 92 95 -1 20 24 34 66 -1 -2
24 49 60 80 -1 17 32 78 100 -1 12 78 82 91 -1 5 8 38 45 -1 4 45 55 56 -1 14 18 45 67 -1 -2
2 7 48 86 -1 26 53 62 83 -1 15 22 27 95 -1 20 42 43 83 -1 31 62 68 83 -1 5 52 76 93 -1 1 15 33 64 -1 -2
11 14 75 80 -1 14 16 43 83 -1 -2
25 27 56 93 -1 11 40 63 73 -1 16 22 26 55 -1 11 13 51 82 -1 -2
27 63 70 78 -1 24 50 68 92 -1 63 81 90 94 -1 -2
18 72 89 100 -1 16 51 72 75 -1 -2
25 82 99 100 -1 -2
48 55 65 72 -1 -2
30 50 61 66 -1 11 29 57 77 -1 49 66 76 80 -1 18 30 71 77 -1 3 15 27 84 -1 13 32 74 84 -1 -2
2 12 32 98 -1 34 43 62 75 -1 -2
57 73 87 91 -1 68 73 88 99 -1 56 64 73 90 -1 27 60 91 98 -1 56 62 84 92 -1 -2
33 53 68 85 -1 20 40 63 69 -1 52 72 88 98 -1 -2
29 52 90 97 -1 11 58 61 79 -1 -2
31 53 83 91 -1 52 59 66 86 -1 7 30 65 83 -1 -2
8 59 64 93 -1 -2
5 14 62 96 -1 -2
48 52 59 75 -1 -2
7 16 25 28 -1 24 27 37 49 -1 63 72 95 100 -1 13 80 88 93 -1 4 18 44 69 -1 21 69 80 90 -1 2 5 28 43 -1 -2
18 32 47 52 -1 20 44 80 99 -1 30 39 88 96 -1 31 33 88 98 -1 -2
4 12 19 32 -1 8 15 21 56 -1 7 31 43 47 -1 17 54 71 94 -1 7 17 33 48 -1 42 52 66 90 -1 1 34 48 53 -1 -2
6 74 75 89 -1 5 24 60 78 -1 4 34 59 92 -1 6 29 34 71 -1 10 17 46 81 -1 -2
15 50 72 75 -1 9 11 54 64 -1 -2
5 28 41 67 -1 8 9 16 28 -1 53 60 77 80 -1 3 49 56 72 -1 49 52 66 84 -1 -2
7 27 60 66 -1 10 24 82 92 -1 -2
4 19 21 80 -1 19 46 47 98 -1 3 12 45 93 -1 2 33 80 96 -1 5 11 13 71 -1 -2
17 34 39 70 -1 30 36 85 89 -1 1 29 62 92 -1 4 43 46 98 -1 16 30 71 96 -1 23 31 51 100 -1 -2
6 7 69 73 -1 9 10 48 61 -1 -2
12 48 75 82 -1 34 43 60 97 -1 27 31 50 56 -1 33 52 55 68 -1 23 28 68 80 -1 6 39 58 63 -1 16 54 59 63 -1 -2
13 19 62 81 -1 45 56 79 91 -1 12 45 81 93 -1 2 63 73 83 -1 47 52 53 82 -1 -2
4 8 30 47 -1 2 5 6 95 -1 20 28 68 99 -1 2 8 14 47 -1 -2
16 33 86 91 -1 -2
5 20 41 46 -1 51 54 73 77 -1 36 42 75 79 -1 37 46 52 83 -1 37 59 62 94 -1 -2
11 28 66 68 -1 39 64 67 74 -1 -2
34 65 69 72 -1 4 12 46 82 -1 3 59 92 94 -1 -2
8 54 59 63 -1 3 42 45 64 -1 37 42 61 92 -1 3 22 68 94 -1 35 62 73 87 -1 1 4 60 94 -1 1 25 70 79 -1 11 14 34 75 -1 -2
18 39 78 89 -1 10 51 84 87 -1 19 49 65 90 -1 5 36 54 81 -1 -2
7 24 53 84 -1 -2
30 69 92 93 -1 40 44 49 92 -1 41 43 48 67 -1 9 14 15 94 -1 -2
33 45 83 92 -1 -2
7 32 33 66 -1 20 21 29 59 -1 11 22 30 32 -1 44 46 62 74 -1 13 39 53 59 -1 43 49 70 83 -1 10 57 63 69 -1 -2
58 61 84 100 -1 30 43 77 98 -1 14 22 33 52 -1 19 31 38 71 -1 30 35 55 97 -1 -2
29 32 53 97 -1 29 38 62 91 -1 33 41 65 88 -1 8 16 37 91 -1 -2
7 52 87 96 -1 5 45 48 71 -1 66 79 97 98 -1 32 33 60 63 -1 10 21 51 75 -1 1 34 85 86 -1 34 60 67 92 -1 -2
5 36 49 57 -1 -2
13 17 72 84 -1 -2
34 48 49 64 -1 5 21 68 93 -1 27 39 51 67 -1 13 32 60 65 -1 24 48 74 94 -1 21 22 24 55 -1 -2
54 78 91 97 -1 23 39 44 78 -1 16 31 63 73 -1 33 38 49 76 -1 19 29 82 88 -1 -2
76 80 87 95 -1 28 63 64 93 -1 16 26 73 74 -1 1 2 60 92 -1 15 32 67 93 -1 9 48 87 92 -1 55 79 84 91 -1 -2
25 94 97 98 -1 4 42 51 52 -1 3 20 32 90 -1 7 23 76 91 -1 27 81 90 100 -1 -2
47 48 50 96 -1 3 48 53 63 -1 29 32 42 63 -1 27 30 46 88 -1 5 34 74 99 -1 9 32 53 95 -1 -2
7 13 26 38 -1 36 37 69 80 -1 29 45 47 59 -1 29 41 46 63 -1 -2
13 21 36 43 -1 49 59 71 80 -1 15 37 68 94 -1 23 40 59 91 -1 37 42 93 100 -1 9 12 38 61 -1 8 34 35 84 -1 52 67 74 98 -1 -2
45 58 63 79 -1 7 85 88 91 -1 22 29 33 59 -1 20 26 70 92 -1 46 49 55 81 -1 50 75 93 95 -1 -2
47 61 73 84 -1 29 44 72 79 -1 25 58 64 91 -1 -2
42 53 85 91 -1 7 8 62 94 -1 -2
4 12 44 67 -1 15 25 36 87 -1 -2
10 47 76 95 -1 38 42 67 91 -1 21 87 92 100 -1 28 65 93 97 -1 6 12 66 77 -1 2 43 66 100 -1 13 28 69 73 -1 -2
18 38 54 92 -1 21 27 41 71 -1 18 32 76 78 -1 3 5 31 76 -1 19 28 83 89 -1 -2
26 35 65 73 -1 16 31 67 86 -1 32 39 62 93 -1 3 75 82 97 -1 62 71 82 98 -1 -2
25 58 75 89 -1 -2
2 48 62 98 -1 8 17 27 87 -1 22 51 82 89 -1 2 16 46 52 -1 13 18 24 41 -1 60 85 95 97 -1 13 16 40 91 -1 -2
34 37 48 92 -1 2 3 59 89 -1 12 39 77 92 -1 12 24 37 65 -1 51 71 87 100 -1 5 8 10 20 -1 -2
4 54 61 96 -1 13 24 32 58 -1 6 13 15 81 -1 16 38 53 54 -1 19 50 66 70 -1 -2
24 38 48 97 -1 65 68 72 78 -1 18 45 84 99 -1 1 43 61 99 -1 -2
19 51 63 71 -1 28 41 49 64 -1 27 63 93 99 -1 2 19 46 70 -1 30 49 79 88 -1 -2
6 7 59 82 -1 11 28 39 86 -1 12 46 51 96 -1 35 69 76 83 -1 -2
2 21 39 41 -1 3 44 63 78 -1 49 51 90 92 -1 34 44 88 92 -1 20 42 65 70 -1 22 39 65 90 -1 28 52 53 100 -1 -2
39 59 76 83 -1 24 33 50 91 -1 -2
25 68 85 96 -1 13 62 67 74 -1 24 29 41 74 -1 13 28 44 67 -1 13 22 75 89 -1 -2
43 92 93 99 -1 30 35 42 71 -1 13 14 19 65 -1 26 61 63 81 -1 -2
44 57 84 89 -1 47 49 69 87 -1 15 47 59 98 -1 -2
3 25 77 81 -1 40 60 78 100 -1 -2
6 56 65 85 -1 40 41 89 96 -1 22 25 55 100 -1 -2
30 41 58 88 -1 25 37 44 84 -1 42 78 86 88 -1 29 47 59 61 -1 29 37 66 71 -1 9 18 61 67 -1 19 34 68 73 -1 9 31 35 50 -1 -2
1 23 32 78 -1 21 28 31 65 -1 28 32 48 91 -1 13 42 52 99 -1 14 58 82 92 -1 18 53 62 67 -1 9 46 67 90 -1 -2
7 26 36 51 -1 13 37 65 93 -1 34 50 57 100 -1 42 51 52 88 -1 9 54 88 100 -1 18 50 53 95 -1 55 57 93 94 -1 1 32 83 95 -1 -2
2 21 22 59 -1 4 17 44 46 -1 26 51 75 98 -1 21 26 54 56 -1 8 15 28 49 -1 24 45 65 74 -1 2 20 31 36 -1 -2
7 62 78 79 -1 28 69 80 82 -1 51 79 81 85 -1 -2
21 36 68 87 -1 32 49 74 90 -1 10 55 60 73 -1 8 20 28 84 -1 9 25 60 71 -1 43 55 68 78 -1 -2
31 54 65 93 -1 6 69 76 90 -1 9 14 23 53 -1 12 26 71 73 -1 27 28 34 35 -1 3 30 32 72 -1 12 41 72 74 -1 -2
4 8 10 90 -1 14 85 92 94 -1 -2
41 46 54 72 -1 22 62 69 95 -1 21 26 29 32 -1 1 21 32 52 -1 30 73 75 91 -1 14 32 58 66 -1 72 86 91 92 -1 3 22 57 64 -1 -2
2 48 54 60 -1 19 34 36 45 -1 15 42 62 77 -1 9 13 43 77 -1 12 64 88 98 -1 6 14 21 81 -1 -2
24 53 77 91 -1 11 33 54 65 -1 -2
11 32 79 96 -1 6 24 34 67 -1 1 35 92 99 -1 6 13 40 98 -1 9 90 92 98 -1 29 40 72 99 -1 32 48 68 90 -1 -2
28 41 69 97 -1 8 48 68 99 -1 11 34 85 100 -1 -2
23 25 41 49 -1 -2
23 50 57 83 -1 27 43 44 63 -1 32 54 58 69 -1 18 27 59 69 -1 33 51 53 77 -1 11 17 39 93 -1 -2
27 63 72 92 -1 64 70 77 81 -1 11 14 30 61 -1 4 48 57 78 -1 40 47 66 95 -1 -2
7 39 47 66 -1 27 50 76 78 -1 6 50 59 62 -1 23 29 46 97 -1 1 37 50 84 -1 -2
15 59 73 81 -1 -2
9 13 26 63 -1 22 25 37 84 -1 6 16 68 86 -1 7 18 65 73 -1 11 94 98 99 -1 28 32 35 75 -1 -2
1 13 44 76 -1 3 18 25 46 -1 13 39 40 71 -1 54 60 66 95 -1 16 26 27 60 -1 5 16 52 74 -1 3 60 74 89 -1 -2
6 7 40 100 -1 58 81 87 89 -1 8 16 47 60 -1 26 42 54 78 -1 3 21 45 58 -1 37 71 84 99 -1 -2
52 53 93 97 -1 36 46 58 71 -1 14 20 31 34 -1 -2
48 66 76 90 -1 37 62 87 89 -1 47 59 61 87 -1 24 49 52 77 -1 -2
2 36 59 73 -1 13 27 56 78 -1 -2
29 30 43 59 -1 -2
2 26 37 77 -1 44 83 84 96 -1 7 20 61 86 -1 48 55 65 95 -1 10 54 69 90 -1 -2
10 46 65 77 -1 3 49 54 99 -1 21 64 94 98 -1 -2
27 29 59 86 -1 31 37 41 81 -1 22 40 72 80 -1 4 15 34 59 -1 22 30 43 49 -1 10 26 41 81 -1 8 34 38 53 -1 9 20 30 38 -1 -2
21 57 63 67 -1 37 49 55 81 -1 18 48 63 71 -1 -2
61 73 75 77 -1 12 33 38 40 -1 19 28 62 90 -1 8 37 59 85 -1 39 47 48 86 -1 -2
48 69 79 85 -1 40 67 78 89 -1 1 20 35 52 -1 8 23 36 54 -1 3 6 49 50 -1 8 28 53 93 -1 1 8 72 88 -1 27 38 55 100 -1 -2
51 55 59 68 -1 15 74 78 84 -1 6 20 27 94 -1 9 10 53 66 -1 5 17 19 21 -1 32 67 71 80 -1 18 68 69 86 -1 -2
14 45 48 54 -1 4 7 16 78 -1 13 15 53 68 -1 -2
23 40 50 58 -1 3 60 89 90 -1 -2
14 23 34 48 -1 7 11 48 50 -1 13 36 63 94 -1 7 81 87 95 -1 8 11 15 29 -1 23 47 83 94 -1 7 53 58 90 -1 -2
4 33 70 82 -1 8 19 34 68 -1 11 13 74 97 -1 57 59 74 100 -1 -2
8 60 72 78 -1 -2
5 25 61 63 -1 3 10 50 65 -1 -2
15 71 84 98 -1 12 38 69 91 -1 -2
55 82 96 99 -1 1 48 78 89 -1 -2
3 21 42 57 -1 14 27 41 96 -1 52 67 73 97 -1 9 62 82 93 -1 71 83 86 87 -1 62 72 73 81 -1 -2
65 89 95 100 -1 16 56 80 93 -1 3 29 34 86 -1 21 57 74 98 -1 3 28 63 65 -1 8 33 38 79 -1 7 19 62 84 -1 -2
28 37 80 100 -1 27 33 39 60 -1 35 53 61 68 -1 4 32 88 99 -1 45 79 82 94 -1 -2
27 72 81 90 -1 4 37 46 88 -1 33 61 76 88 -1 -2
2 8 63 88 -1 50 52 79 98 -1 8 48 59 62 -1 69 72 88 95 -1 6 47 80 89 -1 63 64 71 89 -1 -2
28 38 40 44 -1 5 68 70 71 -1 50 52 67 79 -1 11 38 66 89 -1 4 55 72 88 -1 17 41 61 86 -1 64 90 98 100 -1 -2
18 32 78 99 -1 24 28 82 91 -1 5 7 21 28 -1 -2
39 62 82 85 -1 46 66 96 99 -1 1 42 51 60 -1 37 63 82 90 -1 6 20 41 60 -1 -2
23 24 41 79 -1 26 46 84 98 -1 2 29 44 92 -1 2 14 61 65 -1 22 27 31 63 -1 4 20 85 99 -1 12 27 40 98 -1 32 51 60 82 -1 -2
1 7 25 66 -1 49 86 92 98 -1 7 11 26 75 -1 -2
15 74 93 99 -1 1 25 36 37 -1 6 48 83 88 -1 -2
20 34 57 100 -1 7 34 80 98 -1 43 77 79 94 -1 -2
9 60 89 95 -1 22 64 76 81 -1 7 23 69 70 -1 -2
20 56 85 92 -1 54 57 75 84 -1 4 34 63 85 -1 -2
4 12 86 93 -1 3 32 49 51 -1 10 18 72 89 -1 30 41 61 66 -1 1 19 23 78 -1 59 78 94 95 -1 24 29 35 45 -1 7 32 34 73 -1 -2
46 50 77 92 -1 32 38 71 80 -1 -2
58 69 86 91 -1 46 47 65 82 -1 64 66 73 99 -1 61 64 70 100 -1 -2
30 34 35 70 -1 40 48 83 93 -1 2 57 72 75 -1 7 36 53 62 -1 4 36 46 61 -1 20 42 75 89 -1 60 62 65 98 -1 -2
32 41 57 63 -1 8 22 36 77 -1 8 37 49 53 -1 35 45 58 65 -1 -2
5 13 16 91 -1 10 38 41 86 -1 10 64 85 94 -1 6 10 78 86 -1 42 79 87 93 -1 10 58 88 97 -1 19 39 90 100 -1 2 28 56 66 -1 -2
23 29 34 82 -1 3 16 54 64 -1 25 48 74 88 -1 13 29 40 53 -1 1 20 33 42 -1 34 39 46 64 -1 42 45 49 89 -1 5 7 52 100 -1 -2
9 36 53 54 -1 2 15 66 94 -1 21 27 75 90 -1 39 52 64 71 -1 41 42 86 100 -1 -2
22 45 50 69 -1 21 31 78 80 -1 46 51 68 72 -1 -2
20 21 48 86 -1 14 21 42 88 -1 2 6 70 89 -1 32 38 77 79 -1 14 25 47 80 -1 11 31 86 87 -1 -2
11 15 64 75 -1 -2
20 42 80 90 -1 31 34 38 97 -1 -2
5 13 35 64 -1 37 51 75 84 -1 42 57 69 83 -1 42 45 55 92 -1 14 45 67 99 -1 23 27 45 71 -1 9 26 55 100 -1 3 16 49 72 -1 -2
10 12 31 81 -1 21 70 71 78 -1 11 37 41 48 -1 37 58 80 87 -1 36 65 78 89 -1 64 69 93 98 -1 23 33 45 89 -1 -2
15 41 72 83 -1 39 54 84 99 -1 7 45 62 75 -1 22 27 29 84 -1 15 38 57 89 -1 14 18 47 76 -1 -2
35 40 67 98 -1 11 29 43 93 -1 35 37 67 98 -1 9 16 67 95 -1 -2
18 46 91 97 -1 31 73 78 85 -1 9 27 76 97 -1 36 54 74 86 -1 11 56 97 98 -1 32 52 56 93 -1 4 24 36 90 -1 -2
7 57 63 94 -1 13 35 36 90 -1 7 30 54 99 -1 38 50 63 68 -1 -2
3 5 56 69 -1 31 67 68 98 -1 -2
45 54 59 65 -1 11 19 54 91 -1 71 73 81 100 -1 44 77 85 98 -1 -2
27 65 80 95 -1 10 15 57 75 -1 47 61 63 95 -1 21 31 60 95 -1 2 37 40 69 -1 17 29 53 87 -1 5 41 49 85 -1 45 58 95 96 -1 -2
21 30 32 95 -1 6 15 52 78 -1 -2
16 41 52 96 -1 42 59 73 74 -1 58 62 68 73 -1 23 25 81 97 -1 48 70 85 91 -1 14 50 90 97 -1 24 31 43 55 -1 -2
3 5 51 83 -1 21 37 45 69 -1 17 24 27 65 -1 12 62 83 85 -1 20 24 57 100 -1 -2
19 21 69 90 -1 9 45 49 52 -1 20 23 32 63 -1 15 25 65 72 -1 4 12 20 43 -1 7 17 62 76 -1 -2
18 34 51 83 -1 2 30 36 88 -1 7 32 47 68 -1 -2
16 45 51 98 -1 6 34 47 70 -1 -2
18 44 59 94 -1 19 51 52 100 -1 49 60 77 86 -1 1 76 83 97 -1 8 19 22 68 -1 25 48 50 66 -1 43 81 90 94 -1 -2
11 18 35 71 -1 19 28 63 74 -1 3 43 63 88 -1 10 27 49 71 -1 -2
5 62 89 95 -1 6 56 95 100 -1 3 38 41 59 -1 44 59 63 92 -1 22 41 79 97 -1 -2
32 33 71 98 -1 25 26 69 90 -1 6 14 62 82 -1 24 37 45 98 -1 16 48 53 94 -1 53 57 81 88 -1 5 26 38 78 -1 -2
45 49 64 68 -1 28 56 62 67 -1 14 55 68 91 -1 -2
13 26 32 99 -1 10 62 86 97 -1 -2
9 24 77 94 -1 12 55 87 95 -1 51 63 85 91 -1 12 50 67 77 -1 12 15 52 74 -1 6 27 59 86 -1 19 45 65 74 -1 18 62 70 90 -1 -2
1 29 52 78 -1 3 43 59 93 -1 5 9 33 68 -1 16 32 84 99 -1 33 43 52 65 -1 4 47 49 77 -1 8 18 29 80 -1 6 21 86 90 -1 -2
6 38 73 78 -1 9 67 86 98 -1 -2
39 46 65 80 -1 10 21 74 88 -1 14 73 76 85 -1 19 37 88 92 -1 13 35 68 87 -1 -2
19 26 42 91 -1 -2
38 39 48 88 -1 1 8 71 92 -1 3 30 47 79 -1 4 30 84 92 -1 4 22 53 88 -1 -2
1 7 56 72 -1 50 54 72 82 -1 4 11 14 65 -1 47 68 76 87 -1 2 17 73 74 -1 14 53 84 96 -1 17 25 28 89 -1 26 34 39 45 -1 -2
9 19 32 62 -1 22 63 65 87 -1 12 33 45 61 -1 -2
15 43 72 75 -1 -2
6 17 47 71 -1 -2
5 34 67 89 -1 4 16 22 80 -1 12 14 41 84 -1 13 24 29 33 -1 -2
10 28 44 100 -1 7 19 67 88 -1 28 29 71 79 -1 11 51 65 96 -1 5 6 7 40 -1 6 9 49 68 -1 10 12 46 57 -1 -2
19 22 35 63 -1 32 38 52 93 -1 8 40 57 95 -1 -2
44 51 60 63 -1 47 53 56 85 -1 15 74 89 97 -1 -2
44 47 67 77 -1 24 29 41 92 -1 21 26 44 58 -1 2 3 45 97 -1 7 25 30 46 -1 36 55 71 79 -1 43 46 58 99 -1 -2
45 75 83 98 -1 7 51 97 98 -1 39 40 63 65 -1 26 44 62 73 -1 8 43 72 81 -1 64 80 84 100 -1 -2
21 55 73 77 -1 13 25 55 96 -1 12 45 57 68 -1 30 33 48 53 -1 36 45 50 53 -1 4 18 38 95 -1 13 17 22 79 -1 15 60 91 98 -1 -2
11 30 45 88 -1 27 57 85 86 -1 15 67 70 72 -1 11 29 50 94 -1 7 60 86 90 -1 5 47 67 92 -1 -2
10 23 36 87 -1 9 32 36 73 -1 32 51 64 91 -1 23 25 38 71 -1 1 22 75 92 -1 2 27 37 83 -1 10 36 70 90 -1 34 46 79 92 -1 -2
12 24 86 87 -1 23 34 37 99 -1 5 38 61 88 -1 30 32 44 67 -1 11 43 67 96 -1 10 21 36 71 -1 -2
2 32 59 90 -1 18 40 45 71 -1 8 15 80 100 -1 11 20 25 35 -1 17 33 75 97 -1 -2
16 29 39 90 -1 56 76 94 98 -1 3 15 19 32 -1 15 38 72 85 -1 49 58 64 99 -1 20 62 83 100 -1 73 82 87 90 -1 -2
31 52 73 77 -1 40 45 98 99 -1 14 31 40 64 -1 20 42 67 97 -1 -2
5 36 58 87 -1 -2
19 31 32 81 -1 5 22 45 99 -1 -2
2 44 49 53 -1 2 7 21 90 -1 14 19 41 98 -1 25 37 59 91 -1 -2
3 28 65 86 -1 46 49 52 89 -1 14 16 29 91 -1 59 61 77 80 -1 21 30 54 95 -1 26 57 85 86 -1 -2
1 17 50 70 -1 17 36 40 46 -1 17 31 36 61 -1 14 60 67 98 -1 49 58 70 95 -1 55 57 69 97 -1 -2
8 26 38 64 -1 26 37 80 90 -1 6 16 38 70 -1 29 52 62 70 -1 34 45 76 89 -1 53 67 95 96 -1 41 62 63 93 -1 -2
9 15 23 86 -1 -2
30 37 58 67 -1 -2
4 18 57 87 -1 41 65 75 95 -1 21 48 78 87 -1 13 18 30 87 -1 -2
4 20 33 51 -1 13 25 73 81 -1 30 34 83 91 -1 -2
21 49 78 92 -1 9 15 74 96 -1 45 46 78 79 -1 -2
18 40 61 75 -1 13 45 94 96 -1 6 15 21 97 -1 6 14 24 44 -1 33 45 62 78 -1 2 38 52 61 -1 -2
2 14 52 69 -1 10 22 38 61 -1 -2
29 54 73 84 -1 36 51 52 84 -1 28 49 74 93 -1 17 42 73 78 -1 -2
26 35 38 82 -1 17 33 62 80 -1 19 31 37 58 -1 1 64 72 95 -1 2 39 40 88 -1 3 62 65 66 -1 8 13 53 94 -1 5 44 47 83 -1 -2
31 46 50 70 -1 2 45 53 86 -1 16 45 61 89 -1 -2
20 60 68 79 -1 29 52 53 98 -1 14 39 93 100 -1 15 38 75 98 -1 7 25 44 54 -1 18 26 80 90 -1 -2
21 65 67 90 -1 38 41 47 52 -1 44 51 57 63 -1 20 31 39 49 -1 4 45 77 79 -1 4 87 95 100 -1 -2
24 34 79 97 -1 18 22 43 79 -1 -2
13 19 40 42 -1 17 26 52 88 -1 18 71 76 81 -1 1 13 81 96 -1 26 47 48 92 -1 -2
19 26 65 97 -1 2 56 68 98 -1 19 34 44 76 -1 29 50 58 68 -1 34 48 50 100 -1 6 21 32 39 -1 -2
13 28 60 94 -1 19 32 74 81 -1 -2
12 24 68 94 -1 -2
5 55 65 91 -1 10 27 33 37 -1 29 44 78 93 -1 13 36 47 63 -1 16 39 75 91 -1 -2
10 22 58 60 -1 6 25 30 88 -1 8 17 25 53 -1 15 36 41 90 -1 9 13 53 94 -1 -2
35 39 72 92 -1 16 41 76 77 -1 17 32 44 95 -1 11 12 36 67 -1 18 26 35 73 -1 3 41 48 95 -1 -2
12 51 85 98 -1 19 26 31 70 -1 56 64 69 82 -1 23 58 86 93 -1 11 31 39 87 -1 6 35 53 73 -1 12 49 66 97 -1 -2
3 29 61 62 -1 37 65 72 81 -1 4 30 49 57 -1 2 9 54 67 -1 8 13 79 82 -1 18 41 57 71 -1 39 62 65 67 -1 -2
23 28 33 98 -1 4 58 64 70 -1 2 14 77 99 -1 50 79 87 90 -1 23 54 61 78 -1 -2
15 69 78 94 -1 32 33 85 100 -1 -2
13 15 69 84 -1 20 29 39 64 -1 49 58 80 93 -1 2 34 45 94 -1 6 20 47 93 -1 2 14 49 99 -1 27 46 55 73 -1 -2
31 47 83 86 -1 36 73 86 87 -1 -2
31 57 66 77 -1 3 6 49 99 -1 41 64 92 98 -1 9 18 52 87 -1 16 27 46 52 -1 -2
6 62 83 99 -1 1 29 66 77 -1 12 37 38 61 -1 27 64 80 92 -1 1 3 21 24 -1 -2
41 53 54 77 -1 36 65 72 75 -1 22 85 89 91 -1 15 61 83 97 -1 6 27 46 70 -1 -2
83 93 94 96 -1 5 43 73 93 -1 6 16 42 48 -1 70 76 77 81 -1 -2
32 41 43 60 -1 -2
38 81 83 98 -1 11 52 58 63 -1 6 15 38 43 -1 3 56 60 98 -1 2 23 27 35 -1 -2
7 45 52 90 -1 25 40 76 77 -1 -2
59 73 82 87 -1 19 23 34 83 -1 14 42 51 68 -1 37 56 60 70 -1 13 27 43 58 -1 4 32 86 98 -1 -2
3 11 51 88 -1 22 46 58 99 -1 13 19 38 47 -1 51 64 92 97 -1 64 78 87 88 -1 24 32 39 75 -1 5 58 60 71 -1 -2
31 42 44 92 -1 21 24 54 59 -1 24 25 26 94 -1 3 24 46 96 -1 25 44 57 77 -1 2 36 67 78 -1 26 43 81 97 -1 10 19 38 46 -1 -2
19 42 46 100 -1 3 77 89 97 -1 7 35 54 72 -1 9 78 87 95 -1 11 30 65 94 -1 18 65 71 83 -1 48 82 89 97 -1 35 61 72 79 -1 -2
4 57 69 91 -1 2 16 17 93 -1 -2
38 49 84 90 -1 23 48 60 91 -1 21 22 37 44 -1 2 48 80 98 -1 28 34 53 69 -1 8 23 51 78 -1 17 38 44 89 -1 -2
9 31 50 74 -1 4 48 77 83 -1 16 55 66 91 -1 47 62 87 92 -1 8 15 24 64 -1 17 39 82 98 -1 8 11 20 86 -1 11 42 59 66 -1 -2
62 77 78 100 -1 28 42 44 54 -1 7 19 53 67 -1 13 23 31 49 -1 -2
22 42 60 71 -1 42 45 74 75 -1 42 94 96 97 -1 3 27 67 71 -1 6 7 61 96 -1 41 46 72 88 -1 19 29 41 89 -1 31 36 50 78 -1 -2
29 32 79 88 -1 5 30 83 91 -1 -2
3 71 77 93 -1 -2
28 39 65 98 -1 23 28 48 97 -1 3 14 35 97 -1 17 22 64 100 -1 4 8 36 48 -1 29 44 62 72 -1 19 44 66 80 -1 -2
40 48 79 87 -1 -2
5 35 39 48 -1 35 50 79 93 -1 28 36 46 71 -1 38 52 64 88 -1 8 29 42 44 -1 7 41 42 75 -1 27 51 53 68 -1 10 22 66 76 -1 -2
12 43 72 82 -1 21 26 80 95 -1 9 27 42 92 -1 4 6 30 58 -1 11 24 56 79 -1 -2
1 19 23 31 -1 -2
8 49 51 66 -1 19 25 64 65 -1 42 47 90 95 -1 -2
16 72 79 97 -1 -2
33 40 71 93 -1 11 13 88 89 -1 6 19 38 78 -1 11 67 86 90 -1 36 37 58 67 -1 1 36 59 96 -1 29 44 65 78 -1 -2
23 27 33 45 -1 4 10 18 85 -1 7 47 80 88 -1 35 38 47 72 -1 1 14 49 87 -1 4 18 64 80 -1 22 25 54 94 -1 -2
16 18 26 61 -1 30 78 95 100 -1 1 29 55 74 -1 44 72 97 100 -1 35 46 67 94 -1 41 57 64 90 -1 2 23 47 73 -1 -2
1 28 91 95 -1 17 28 69 89 -1 18 23 33 76 -1 21 41 55 91 -1 35 37 49 50 -1 -2
39 73 76 82 -1 14 62 74 79 -1 -2
56 89 90 96 -1 42 58 77 100 -1 18 57 62 88 -1 29 33 79 91 -1 16 45 76 77 -1 12 47 72 97 -1 11 15 61 88 -1 -2
31 49 54 59 -1 29 60 87 98 -1 12 23 30 86 -1 4 27 82 98 -1 3 8 33 62 -1 11 45 62 73 -1 -2
17 23 81 99 -1 24 28 34 38 -1 18 73 95 98 -1 24 36 64 95 -1 7 18 73 84 -1 -2
27 31 51 100 -1 4 61 79 96 -1 5 23 49 63 -1 1 63 86 99 -1 3 37 57 74 -1 3 5 63 100 -1 -2
47 49 63 68 -1 -2
11 28 71 77 -1 21 36 65 82 -1 22 82 95 97 -1 -2
13 62 78 87 -1 6 32 53 68 -1 13 42 86 98 -1 15 43 51 67 -1 32 53 65 99 -1 19 24 62 68 -1 21 57 60 78 -1 -2
7 9 16 94 -1 6 35 41 80 -1 27 70 86 99 -1 37 84 92 95 -1 28 46 57 88 -1 19 43 50 51 -1 -2
9 43 61 85 -1 2 7 66 83 -1 7 45 61 68 -1 27 33 48 57 -1 15 17 42 76 -1 11 43 74 91 -1 -2
3 40 49 56 -1 -2
12 25 59 92 -1 4 10 39 55 -1 4 53 67 78 -1 27 62 71 82 -1 -2
16 52 55 62 -1 23 42 72 97 -1 13 32 62 66 -1 24 27 67 89 -1 35 44 49 90 -1 7 25 60 95 -1 -2
3 24 69 77 -1 19 20 59 61 -1 31 39 42 100 -1 15 30 48 80 -1 7 8 66 97 -1 27 51 71 94 -1 13 19 83 84 -1 -2
1 51 72 74 -1 55 56 71 72 -1 25 26 35 36 -1 17 44 58 80 -1 14 18 58 98 -1 7 20 24 75 -1 5 41 56 60 -1 -2
31 51 52 89 -1 81 89 95 99 -1 24 66 88 97 -1 16 23 55 83 -1 7 23 37 91 -1 -2
16 31 51 79 -1 4 17 33 67 -1 28 70 72 92 -1 39 67 78 85 -1 4 36 67 100 -1 40 46 70 79 -1 33 64 73 81 -1 18 31 72 82 -1 -2
8 9 22 56 -1 13 40 65 92 -1 39 45 92 99 -1 3 21 34 83 -1 -2
48 52 87 100 -1 16 38 65 93 -1 27 32 74 84 -1 3 70 74 86 -1 11 24 28 87 -1 16 18 71 88 -1 13 19 35 48 -1 4 33 62 81 -1 -2
24 42 51 94 -1 45 62 68 73 -1 4 51 65 98 -1 -2
11 15 87 97 -1 66 68 72 79 -1 6 51 83 92 -1 7 21 60 83 -1 19 51 63 100 -1 -2
24 25 29 63 -1 24 29 34 51 -1 -2
13 27 36 77 -1 3 50 53 83 -1 15 20 66 84 -1 4 24 26 66 -1 -2
54 61 87 94 -1 3 57 81 100 -1 18 60 75 84 -1 9 29 68 81 -1 -2
32 43 49 57 -1 -2
2 71 84 96 -1 33 37 76 83 -1 17 33 64 70 -1 3 8 44 46 -1 15 23 76 77 -1 66 67 72 94 -1 -2
5 34 76 85 -1 -2
7 13 22 95 -1 8 12 42 69 -1 8 9 21 71 -1 11 14 21 80 -1 3 26 52 66 -1 17 74 82 99 -1 18 44 71 79 -1 -2
8 13 21 56 -1 8 26 72 85 -1 11 43 62 75 -1 -2
3 44 51 86 -1 3 38 66 82 -1 28 36 57 98 -1 38 40 92 98 -1 34 65 93 99 -1 2 11 22 96 -1 15 51 68 99 -1 8 53 77 80 -1 -2
17 18 22 86 -1 -2
9 22 45 67 -1 13 29 79 81 -1 4 40 75 99 -1 2 41 68 81 -1 -2
5 8 40 55 -1 4 7 50 51 -1 -2
26 27 63 65 -1 33 47 49 91 -1 17 37 66 76 -1 26 64 77 99 -1 -2
18 37 83 93 -1 -2
17 26 87 88 -1 11 34 70 82 -1 8 27 32 99 -1 30 35 54 62 -1 7 12 80 100 -1 -2
20 36 50 80 -1 -2
11 41 44 67 -1 44 49 62 65 -1 22 68 79 98 -1 20 50 75 89 -1 3 29 30 62 -1 8 11 22 37 -1 -2
17 30 43 95 -1 37 59 85 97 -1 49 93 94 95 -1 32 35 38 49 -1 -2
11 50 69 78 -1 36 38 57 96 -1 7 64 67 70 -1 22 26 58 74 -1 18 19 70 99 -1 15 75 78 79 -1 8 42 81 83 -1 19 20 41 98 -1 -2
44 91 92 95 -1 24 29 47 68 -1 -2
6 17 54 56 -1 39 48 89 91 -1 36 40 79 97 -1 11 23 65 99 -1 15 54 68 91 -1 19 42 62 69 -1 49 52 62 96 -1 9 40 51 92 -1 -2
6 36 48 94 -1 20 23 29 87 -1 -2
10 11 90 91 -1 14 27 35 92 -1 4 23 76 81 -1 7 31 43 56 -1 18 73 78 82 -1 -2
17 28 43 89 -1 10 18 54 63 -1 19 55 58 69 -1 37 75 95 97 -1 -2
22 39 82 89 -1 38 45 62 66 -1 9 31 62 71 -1 26 27 31 48 -1 9 10 77 90 -1 47 56 61 62 -1 56 57 73 99 -1 8 62 71 91 -1 -2
37 41 48 81 -1 32 40 84 96 -1 1 42 59 80 -1 13 32 71 98 -1 1 21 60 99 -1 59 75 86 100 -1 17 20 40 56 -1 -2
16 67 84 95 -1 9 25 72 95 -1 42 64 89 98 -1 23 25 31 39 -1 -2
6 13 51 62 -1 10 19 33 76 -1 29 39 81 86 -1 5 24 54 85 -1 56 81 90 97 -1 7 12 55 90 -1 70 82 88 100 -1 22 23 42 71 -1 -2
28 43 68 78 -1 24 27 58 90 -1 17 74 77 96 -1 3 22 36 45 -1 -2
53 55 69 95 -1 24 35 83 86 -1 5 29 89 92 -1 34 46 76 87 -1 -2
6 14 22 99 -1 10 70 76 97 -1 4 17 42 86 -1 5 59 66 86 -1 49 54 66 95 -1 44 80 82 91 -1 22 26 35 85 -1 -2
7 8 45 87 -1 55 56 91 94 -1 49 75 77 82 -1 54 59 89 94 -1 4 48 55 71 -1 -2
22 27 38 55 -1 36 59 68 83 -1 12 33 45 76 -1 7 31 60 63 -1 1 24 60 67 -1 16 73 79 92 -1 55 83 91 96 -1 -2
15 43 50 94 -1 8 26 67 70 -1 13 51 74 98 -1 37 75 84 91 -1 17 20 45 48 -1 -2
8 26 54 59 -1 15 61 67 90 -1 5 6 49 85 -1 21 31 42 72 -1 2 19 45 84 -1 -2
26 40 44 47 -1 44 52 92 97 -1 -2
17 31 62 78 -1 13 37 57 84 -1 29 38 97 100 -1 15 38 40 61 -1 11 77 80 96 -1 9 41 75 86 -1 -2
49 52 92 93 -1 21 33 49 54 -1 2 28 42 89 -1 2 26 42 91 -1 22 62 67 98 -1 -2
29 37 84 93 -1 1 18 37 41 -1 16 49 80 91 -1 40 41 44 82 -1 22 28 67 90 -1 9 12 42 67 -1 -2
36 54 58 71 -1 5 27 48 96 -1 24 35 74 83 -1 -2
38 66 70 71 -1 3 10 78 90 -1 24 55 59 72 -1 27 28 81 98 -1 13 55 78 98 -1 28 60 75 98 -1 14 57 86 92 -1 -2
6 11 45 59 -1 5 19 24 44 -1 -2
43 72 82 95 -1 38 55 61 69 -1 12 47 51 100 -1 15 79 91 95 -1 3 28 80 82 -1 -2
4 40 56 89 -1 13 39 69 70 -1 19 53 91 99 -1 18 39 68 72 -1 18 19 44 55 -1 11 59 72 81 -1 5 15 74 100 -1 26 71 72 78 -1 -2
47 57 76 86 -1 49 56 71 77 -1 -2
40 53 92 98 -1 35 62 73 83 -1 8 15 65 95 -1 -2
7 35 49 51 -1 7 73 94 100 -1 43 48 79 100 -1 24 38 46 91 -1 4 18 52 78 -1 47 76 96 97 -1 5 67 79 82 -1 45 62 76 82 -1 -2
42 46 63 69 -1 10 21 60 90 -1 10 61 79 84 -1 34 47 52 87 -1 9 40 49 79 -1 33 34 68 99 -1 41 50 81 96 -1 -2
58 76 80 89 -1 44 72 75 82 -1 2 30 39 77 -1 56 87 89 99 -1 47 54 68 84 -1 17 38 52 71 -1 4 16 25 99 -1 49 59 79 85 -1 -2
57 66 77 87 -1 13 22 49 78 -1 6 8 50 77 -1 32 54 56 82 -1 26 29 57 63 -1 -2
32 49 51 72 -1 32 52 71 81 -1 51 63 66 83 -1 -2
6 20 77 78 -1 31 60 65 82 -1 8 9 16 98 -1 -2
15 23 28 29 -1 8 16 34 66 -1 1 22 60 87 -1 32 40 63 69 -1 22 37 47 88 -1 15 18 75 99 -1 1 89 96 100 -1 7 12 30 64 -1 -2
53 75 88 93 -1 13 55 63 82 -1 20 26 55 61 -1 28 35 36 63 -1 28 45 69 89 -1 10 26 41 84 -1 10 39 62 64 -1 -2
6 35 49 86 -1 58 74 80 88 -1 2 28 54 96 -1 8 35 41 42 -1 10 30 44 47 -1 -2
13 14 50 65 -1 12 46 84 94 -1 32 41 45 60 -1 32 48 56 60 -1 31 39 80 100 -1 25 57 65 72 -1 -2
15 25 71 80 -1 15 30 46 76 -1 34 60 81 92 -1 53 81 83 84 -1 10 41 43 87 -1 -2
32 78 97 98 -1 19 31 50 75 -1 -2
15 29 39 66 -1 -2
6 56 90 98 -1 2 18 29 32 -1 2 29 62 79 -1 15 27 59 97 -1 7 34 90 96 -1 1 16 21 43 -1 6 52 76 93 -1 2 69 80 93 -1 -2
26 46 49 56 -1 38 39 73 76 -1 21 64 88 91 -1 10 16 22 88 -1 10 25 65 91 -1 3 6 19 62 -1 29 56 57 99 -1 2 37 65 77 -1 -2
19 32 84 98 -1 3 10 37 63 -1 32 54 79 88 -1 25 26 30 70 -1 -2
17 41 48 82 -1 5 38 63 72 -1 27 40 76 98 -1 8 17 33 50 -1 10 42 90 91 -1 7 44 65 72 -1 8 50 61 67 -1 27 42 57 85 -1 -2
3 13 83 91 -1 9 22 50 57 -1 -2
10 18 25 37 -1 9 16 29 38 -1 15 65 76 86 -1 24 25 41 97 -1 6 29 92 96 -1 5 27 90 97 -1 61 67 71 100 -1 34 43 52 90 -1 -2
23 57 74 90 -1 49 59 79 85 -1 5 50 82 84 -1 25 28 39 95 -1 2 38 78 79 -1 18 40 58 87 -1 12 15 20 30 -1 25 32 58 75 -1 -2
5 56 86 90 -1 15 16 71 81 -1 8 15 83 100 -1 22 57 63 87 -1 15 33 36 84 -1 23 42 47 83 -1 21 49 51 62 -1 31 68 71 86 -1 -2
15 32 52 54 -1 44 56 58 61 -1 22 32 48 88 -1 50 72 74 82 -1 1 9 71 88 -1 1 29 34 48 -1 -2
4 20 33 70 -1 14 26 58 78 -1 36 54 57 82 -1 21 43 65 93 -1 13 18 25 79 -1 24 35 47 73 -1 19 30 37 50 -1 -2
27 53 73 99 -1 18 26 93 100 -1 7 29 57 80 -1 17 48 74 82 -1 6 65 88 89 -1 -2
65 78 83 87 -1 33 44 50 94 -1 13 30 31 73 -1 10 12 23 68 -1 13 28 32 71 -1 32 40 56 88 -1 -2
28 37 46 80 -1 17 27 37 51 -1 12 46 61 96 -1 58 66 69 73 -1 11 30 53 95 -1 14 28 54 100 -1 2 52 64 84 -1 -2
2 4 31 45 -1 26 40 66 74 -1 11 14 46 57 -1 22 25 33 43 -1 11 28 63 69 -1 -2
1 3 54 55 -1 19 59 82 90 -1 10 28 34 82 -1 -2
27 66 69 86 -1 32 59 92 94 -1 6 43 56 71 -1 13 78 94 99 -1 12 36 58 92 -1 -2
18 32 70 73 -1 24 43 60 89 -1 14 19 23 69 -1 24 48 63 82 -1 9 20 33 72 -1 15 20 50 80 -1 -2
19 32 77 79 -1 30 48 49 92 -1 18 28 32 88 -1 -2
15 16 58 98 -1 20 39 59 86 -1 26 41 58 91 -1 -2
1 34 54 87 -1 2 15 22 94 -1 -2
11 44 49 85 -1 7 17 18 19 -1 4 60 63 68 -1 8 22 29 71 -1 32 56 57 75 -1 12 22 29 35 -1 -2
21 42 78 100 -1 11 56 67 80 -1 6 29 53 58 -1 5 18 54 88 -1 4 21 59 63 -1 -2
25 56 70 93 -1 2 71 88 99 -1 12 71 73 76 -1 22 41 86 90 -1 37 39 78 86 -1 6 34 70 82 -1 7 11 82 100 -1 -2
9 51 67 72 -1 1 43 56 66 -1 50 56 74 83 -1 25 31 62 63 -1 20 82 88 94 -1 24 25 65 69 -1 25 28 75 98 -1 38 41 84 98 -1 -2
48 72 99 100 -1 5 26 44 72 -1 -2
12 41 81 85 -1 2 4 49 97 -1 2 32 37 81 -1 8 31 51 72 -1 33 39 88 97 -1 -2
22 28 62 66 -1 1 40 46 98 -1 17 34 60 66 -1 64 68 82 97 -1 38 45 46 53 -1 -2
32 54 55 76 -1 48 54 67 78 -1 15 34 39 75 -1 10 52 68 98 -1 3 51 57 67 -1 41 49 87 97 -1 -2
22 34 51 92 -1 10 33 66 90 -1 48 85 90 93 -1 15 78 82 91 -1 8 31 63 84 -1 54 56 63 76 -1 48 60 75 84 -1 -2
7 19 53 57 -1 16 35 61 84 -1 3 12 63 68 -1 25 31 39 68 -1 14 63 69 88 -1 11 26 32 100 -1 37 62 80 100 -1 6 29 57 91 -1 -2
17 26 27 42 -1 8 35 55 61 -1 11 41 54 92 -1 15 59 63 100 -1 41 44 70 73 -1 17 74 84 98 -1 28 47 85 95 -1 53 55 75 85 -1 -2
38 44 49 55 -1 25 64 67 72 -1 22 57 73 83 -1 9 45 56 99 -1 9 37 44 54 -1 -2
66 73 93 94 -1 12 35 36 71 -1 2 14 16 98 -1 21 48 65 75 -1 4 9 29 92 -1 3 16 46 97 -1 6 15 87 91 -1 -2
21 63 71 81 -1 16 34 65 100 -1 16 17 57 64 -1 35 47 75 100 -1 37 57 63 97 -1 -2
19 42 49 56 -1 21 22 25 69 -1 38 48 70 77 -1 23 44 55 98 -1 -2
36 53 62 88 -1 13 54 70 79 -1 2 25 40 63 -1 18 28 38 60 -1 10 22 62 85 -1 22 26 83 93 -1 -2
21 29 62 99 -1 11 27 47 65 -1 56 59 70 73 -1 36 55 60 81 -1 -2
31 78 86 90 -1 -2
9 19 38 75 -1 -2
4 23 53 67 -1 2 58 84 90 -1 10 36 84 86 -1 -2
17 19 40 80 -1 34 42 71 92 -1 21 26 70 85 -1 31 65 74 76 -1 -2
5 35 59 92 -1 38 48 72 92 -1 40 55 57 66 -1 -2
1 2 54 64 -1 19 22 51 57 -1 15 37 40 64 -1 20 46 56 80 -1 -2
15 42 46 75 -1 8 41 60 69 -1 63 82 86 89 -1 6 14 85 94 -1 16 41 48 69 -1 22 37 70 71 -1 11 19 32 74 -1 -2
6 59 77 98 -1 12 66 83 93 -1 1 33 72 98 -1 -2
39 70 74 94 -1 1 59 62 76 -1 18 34 79 83 -1 -2
4 28 68 98 -1 19 30 31 63 -1 8 25 34 80 -1 17 22 50 97 -1 18 21 26 85 -1 19 60 78 87 -1 3 8 37 59 -1 -2
38 59 72 80 -1 2 22 34 55 -1 15 22 29 56 -1 16 43 46 74 -1 35 43 49 63 -1 13 23 57 85 -1 -2
22 32 58 86 -1 13 53 54 70 -1 1 22 75 91 -1 4 27 75 91 -1 28 30 32 50 -1 -2
23 35 46 74 -1 8 32 34 72 -1 -2
14 26 89 98 -1 45 53 91 94 -1 11 69 89 100 -1 9 24 63 95 -1 4 17 47 68 -1 25 30 71 76 -1 17 29 71 77 -1 -2
22 24 67 81 -1 10 57 91 92 -1 33 68 86 94 -1 4 21 69 71 -1 2 19 92 94 -1 24 58 68 86 -1 4 80 93 96 -1 1 53 61 93 -1 -2
8 30 35 44 -1 25 33 45 56 -1 4 11 76 79 -1 9 68 75 98 -1 3 17 54 66 -1 15 28 36 54 -1 -2
3 26 73 96 -1 38 47 64 74 -1 18 44 57 87 -1 10 31 45 60 -1 44 80 85 87 -1 19 61 86 91 -1 -2
37 80 81 94 -1 19 63 83 96 -1 23 30 72 81 -1 4 49 56 73 -1 20 35 49 60 -1 -2
53 55 62 66 -1 17 53 62 80 -1 19 65 71 97 -1 33 43 60 94 -1 7 26 32 58 -1 19 58 72 87 -1 1 29 30 98 -1 -2
55 64 68 92 -1 14 24 49 55 -1 28 68 73 75 -1 4 6 28 92 -1 19 44 54 70 -1 -2
29 38 45 93 -1 10 19 36 71 -1 27 73 74 93 -1 -2
33 34 91 96 -1 -2
13 49 75 81 -1 38 45 48 53 -1 43 46 78 81 -1 -2
15 30 74 98 -1 16 23 36 87 -1 5 39 58 100 -1 31 33 59 100 -1 -2
8 76 83 97 -1 16 31 35 67 -1 26 69 84 87 -1 8 25 43 61 -1 5 32 52 81 -1 -2
4 48 82 86 -1 2 13 25 80 -1 -2
14 25 70 80 -1 22 26 48 56 -1 -2
11 13 22 40 -1 30 32 44 61 -1 1 46 65 100 -1 18 77 87 93 -1 13 32 40 66 -1 -2
2 9 14 29 -1 -2
23 30 60 99 -1 30 52 90 96 -1 20 40 43 68 -1 51 58 94 98 -1 12 15 29 59 -1 8 12 37 86 -1 5 55 64 87 -1 -2
41 48 58 70 -1 11 12 52 75 -1 -2
4 22 81 89 -1 2 54 84 85 -1 1 11 42 77 -1 12 24 94 100 -1 -2
17 51 66 79 -1 44 46 48 100 -1 2 47 71 92 -1 66 80 83 95 -1 17 20 30 34 -1 5 54 57 79 -1 21 32 46 47 -1 21 40 65 68 -1 -2
25 28 58 74 -1 5 23 36 93 -1 23 34 94 99 -1 12 46 64 81 -1 20 65 80 96 -1 7 33 45 86 -1 31 63 84 94 -1 -2
2 23 36 79 -1 17 21 33 90 -1 17 55 88 92 -1 47 65 72 74 -1 -2
14 22 24 59 -1 21 68 70 71 -1 -2
24 26 74 75 -1 25 30 59 82 -1 3 16 79 97 -1 19 32 35 97 -1 35 39 60 77 -1 23 45 54 66 -1 11 26 51 56 -1 -2
6 43 51 88 -1 13 55 67 95 -1 81 92 98 99 -1 4 34 53 84 -1 25 58 63 80 -1 1 42 52 98 -1 14 25 38 60 -1 -2
33 58 61 96 -1 22 42 62 99 -1 23 33 37 85 -1 14 26 56 93 -1 3 14 21 72 -1 11 64 74 87 -1 -2
13 24 70 99 -1 33 73 76 95 -1 39 41 88 97 -1 10 51 62 94 -1 31 49 53 81 -1 -2
8 71 74 85 -1 15 17 30 32 -1 20 71 76 100 -1 38 41 90 92 -1 9 23 49 56 -1 4 32 71 91 -1 22 37 50 90 -1 -2
13 17 50 73 -1 55 67 95 99 -1 3 6 68 91 -1 13 23 47 48 -1 5 58 92 98 -1 8 65 70 87 -1 3 27 34 84 -1 -2
23 25 94 99 -1 3 54 81 98 -1 72 74 85 87 -1 2 5 46 69 -1 -2
16 68 93 95 -1 19 31 53 88 -1 25 64 67 84 -1 16 31 55 90 -1 14 33 67 93 -1 2 38 76 85 -1 17 41 50 54 -1 29 62 75 92 -1 -2
31 36 57 96 -1 1 51 75 78 -1 -2
51 71 87 96 -1 -2
10 24 30 92 -1 23 37 51 89 -1 15 90 99 100 -1 24 27 28 32 -1 46 58 59 62 -1 9 17 37 88 -1 47 54 72 99 -1 42 59 62 71 -1 -2
11 32 61 98 -1 19 28 52 66 -1 31 38 87 96 -1 6 14 30 98 -1 2 7 13 63 -1 36 47 60 100 -1 -2
24 29 45 53 -1 10 38 41 84 -1 12 21 24 28 -1 7 19 41 82 -1 31 67 73 83 -1 2 20 52 85 -1 -2
4 66 75 88 -1 47 71 74 92 -1 1 6 22 44 -1 23 47 71 87 -1 11 17 29 43 -1 22 63 66 77 -1 -2
6 39 51 69 -1 2 61 64 74 -1 45 68 74 85 -1 11 19 46 61 -1 29 40 84 93 -1 18 54 61 80 -1 30 39 45 65 -1 -2
46 50 95 99 -1 22 54 68 84 -1 24 35 84 85 -1 22 29 46 48 -1 21 40 63 72 -1 22 48 86 95 -1 22 54 83 96 -1 17 31 82 99 -1 -2
2 39 88 91 -1 38 75 85 87 -1 12 34 51 80 -1 -2
15 42 49 89 -1 17 29 34 82 -1 3 12 71 90 -1 8 15 63 70 -1 -2
5 21 41 62 -1 2 61 64 78 -1 20 39 51 96 -1 11 45 77 99 -1 15 28 79 82 -1 -2
12 28 68 92 -1 -2
5 13 21 61 -1 3 23 60 73 -1 4 11 72 85 -1 18 52 67 96 -1 -2
6 15 52 57 -1 -2
19 34 53 89 -1 5 31 80 83 -1 19 33 44 73 -1 28 55 67 88 -1 10 26 31 70 -1 41 50 71 79 -1 25 78 79 88 -1 41 64 71 73 -1 -2
14 34 85 94 -1 57 77 93 97 -1 5 14 20 68 -1 10 36 90 93 -1 10 15 35 40 -1 7 31 45 77 -1 -2
3 14 28 64 -1 3 12 41 70 -1 15 26 41 69 -1 26 37 75 76 -1 7 38 41 74 -1 4 59 99 100 -1 -2
9 37 82 85 -1 12 26 47 90 -1 48 70 72 94 -1 -2
45 64 86 88 -1 -2
1 50 65 67 -1 5 29 45 69 -1 59 61 72 76 -1 55 72 82 100 -1 18 30 38 52 -1 18 26 28 36 -1 -2
26 30 53 62 -1 10 12 43 89 -1 6 11 25 80 -1 6 31 34 57 -1 31 32 55 86 -1 59 85 90 97 -1 63 72 73 92 -1 17 70 75 81 -1 -2
10 23 56 72 -1 -2
15 51 56 57 -1 1 74 82 92 -1 23 51 62 67 -1 1 8 22 34 -1 15 18 28 81 -1 15 23 82 90 -1 -2
10 41 43 78 -1 38 74 79 88 -1 48 49 70 96 -1 2 20 27 37 -1 -2
16 18 40 51 -1 -2
14 28 52 67 -1 61 76 80 93 -1 34 42 70 75 -1 50 57 87 96 -1 42 50 79 97 -1 12 34 84 91 -1 5 16 74 97 -1 14 30 53 63 -1 -2
26 53 58 82 -1 4 5 7 37 -1 5 12 13 79 -1 39 48 58 62 -1 15 24 40 51 -1 -2
5 32 57 81 -1 12 13 22 71 -1 1 40 50 59 -1 -2
41 42 79 99 -1 41 53 66 73 -1 -2
5 78 85 98 -1 18 67 85 89 -1 5 18 21 100 -1 1 22 31 94 -1 11 15 34 69 -1 70 89 96 97 -1 3 27 57 85 -1 -2
2 24 27 36 -1 9 65 70 91 -1 15 20 22 36 -1 -2
24 34 56 89 -1 4 42 46 68 -1 18 44 58 98 -1 -2
15 21 42 77 -1 9 30 62 81 -1 32 50 87 96 -1 12 26 34 81 -1 35 79 94 98 -1 9 45 62 64 -1 8 15 35 72 -1 -2
7 16 21 93 -1 7 49 65 85 -1 37 67 69 71 -1 6 7 16 34 -1 11 33 39 45 -1 31 42 47 59 -1 -2
12 23 62 73 -1 26 71 72 99 -1 25 27 28 51 -1 29 43 71 100 -1 4 15 20 54 -1 18 26 59 77 -1 2 38 41 60 -1 -2
16 46 95 97 -1 25 26 38 90 -1 43 55 87 99 -1 -2
1 12 15 90 -1 6 15 25 50 -1 7 43 80 90 -1 16 28 34 81 -1 10 16 28 72 -1 11 26 62 77 -1 -2
10 57 73 93 -1 10 43 80 87 -1 49 61 77 78 -1 -2
16 31 49 52 -1 27 32 85 90 -1 4 19 23 28 -1 -2
37 51 63 84 -1 30 32 49 63 -1 64 72 76 90 -1 5 32 46 55 -1 -2
9 45 89 90 -1 33 37 46 94 -1 25 32 54 64 -1 15 51 52 71 -1 26 36 45 70 -1 21 68 71 92 -1 25 42 47 68 -1 16 28 29 75 -1 -2
13 24 78 93 -1 9 88 94 96 -1 40 56 65 67 -1 -2
26 44 63 85 -1 23 32 34 83 -1 11 14 47 58 -1 -2
8 59 77 80 -1 3 28 61 85 -1 3 8 59 74 -1 51 58 60 75 -1 4 58 63 81 -1 6 11 71 94 -1 22 57 60 79 -1 27 35 68 78 -1 -2
28 63 75 91 -1 86 96 97 100 -1 34 49 69 83 -1 -2
24 38 49 54 -1 18 41 65 67 -1 63 69 89 90 -1 28 77 89 98 -1 28 53 66 80 -1 12 23 75 87 -1 13 15 69 76 -1 20 27 60 72 -1 -2
19 28 82 93 -1 -2
36 64 79 84 -1 10 38 40 81 -1 38 46 64 91 -1 39 58 88 97 -1 31 33 83 98 -1 14 30 45 65 -1 33 34 35 71 -1 -2
6 52 54 84 -1 20 25 48 81 -1 6 8 83 87 -1 50 61 80 97 -1 -2
2 38 50 85 -1 27 46 80 94 -1 7 20 63 74 -1 38 43 52 92 -1 4 25 47 64 -1 18 29 36 88 -1 8 24 49 92 -1 10 15 23 58 -1 -2
37 83 90 95 -1 15 46 62 96 -1 -2
22 27 33 83 -1 11 40 67 86 -1 18 52 55 83 -1 9 14 18 35 -1 18 49 84 89 -1 1 55 84 86 -1 3 36 79 100 -1 14 21 87 93 -1 -2
2 29 45 60 -1 23 76 99 100 -1 -2
17 52 70 80 -1 22 34 47 92 -1 23 24 54 100 -1 -2
52 59 67 72 -1 -2
26 44 45 99 -1 8 18 28 32 -1 19 38 62 91 -1 20 49 54 81 -1 42 43 71 86 -1 7 47 48 69 -1 10 41 63 64 -1 -2
16 34 58 89 -1 36 42 52 87 -1 28 42 72 79 -1 49 54 66 69 -1 29 56 72 99 -1 23 39 64 66 -1 12 19 31 55 -1 1 7 70 76 -1 -2
4 26 57 61 -1 2 19 88 93 -1 22 38 41 46 -1 -2
12 68 72 75 -1 37 59 65 88 -1 22 48 71 92 -1 -2
16 30 64 82 -1 -2
1 77 94 99 -1 24 32 41 44 -1 43 48 81 88 -1 5 13 33 76 -1 12 35 59 87 -1 8 27 30 76 -1 34 38 78 82 -1 -2
3 23 71 83 -1 6 21 31 50 -1 19 25 53 84 -1 6 20 79 95 -1 9 23 51 96 -1 -2
20 40 49 97 -1 6 19 61 63 -1 22 36 64 92 -1 7 19 48 73 -1 6 60 70 83 -1 38 56 83 92 -1 -2
1 57 59 61 -1 22 41 58 88 -1 2 33 62 90 -1 10 51 55 69 -1 22 24 77 83 -1 -2
38 59 87 94 -1 27 33 37 96 -1 18 43 82 88 -1 -2
18 62 95 98 -1 22 50 89 98 -1 9 16 58 100 -1 34 48 67 99 -1 -2
5 57 95 98 -1 1 28 62 78 -1 9 40 53 76 -1 55 69 84 93 -1 49 56 73 88 -1 80 90 94 97 -1 -2
2 67 76 97 -1 10 15 39 51 -1 -2
27 45 47 82 -1 19 37 49 98 -1 -2
46 63 85 98 -1 -2
28 49 66 89 -1 35 75 93 94 -1 25 45 55 61 -1 4 17 55 78 -1 -2
4 15 58 73 -1 3 47 73 94 -1 48 77 85 91 -1 42 64 71 80 -1 -2
6 43 69 79 -1 4 15 23 61 -1 -2
3 10 21 96 -1 -2
24 41 53 82 -1 22 55 78 79 -1 11 14 36 42 -1 -2
39 41 66 85 -1 67 68 72 81 -1 43 50 57 78 -1 3 9 69 91 -1 9 18 31 65 -1 38 41 71 76 -1 6 36 72 93 -1 -2
6 8 18 99 -1 6 53 76 81 -1 15 78 83 93 -1 34 38 54 65 -1 26 41 61 65 -1 -2
7 44 59 72 -1 6 29 57 66 -1 11 19 26 30 -1 1 6 10 19 -1 3 47 52 82 -1 10 56 82 97 -1 41 57 71 99 -1 -2
8 68 70 93 -1 49 57 78 85 -1 5 9 16 98 -1 1 4 16 35 -1 2 51 53 80 -1 -2
8 56 65 98 -1 10 32 38 68 -1 9 63 68 74 -1 56 83 93 99 -1 15 37 46 88 -1 -2
24 43 59 62 -1 9 57 64 74 -1 3 23 72 94 -1 31 60 78 85 -1 36 43 53 81 -1 -2
17 25 37 50 -1 4 23 31 96 -1 25 28 35 73 -1 10 24 51 94 -1 17 42 73 99 -1 20 32 61 76 -1 5 39 48 56 -1 19 60 73 86 -1 -2
31 33 49 85 -1 23 29 98 100 -1 45 50 62 68 -1 21 45 56 68 -1 -2
1 15 73 77 -1 29 69 71 86 -1 13 41 65 87 -1 4 10 66 79 -1 -2
14 31 62 92 -1 40 84 90 91 -1 5 48 70 71 -1 18 64 79 89 -1 67 78 84 99 -1 33 37 84 85 -1 -2
7 68 92 100 -1 -2
5 27 59 73 -1 18 43 81 97 -1 16 23 47 90 -1 25 27 78 86 -1 27 78 81 96 -1 -2
25 32 71 99 -1 12 62 85 87 -1 5 8 29 43 -1 18 63 74 83 -1 37 62 85 86 -1 44 71 73 99 -1 3 7 42 56 -1 19 35 52 99 -1 -2
3 16 45 92 -1 17 33 83 95 -1 24 27 42 86 -1 -2
18 30 76 87 -1 11 23 42 49 -1 15 19 54 66 -1 53 63 74 88 -1 -2
7 32 64 83 -1 17 47 94 100 -1 18 28 69 99 -1 -2
31 49 68 83 -1 12 13 71 90 -1 10 36 82 94 -1 14 34 46 90 -1 29 60 85 94 -1 9 22 34 95 -1 26 30 35 77 -1 -2
1 5 76 95 -1 9 44 90 91 -1 35 37 46 62 -1 -2
11 14 95 97 -1 28 47 77 80 -1 -2
11 16 64 73 -1 12 13 42 50 -1 42 51 67 91 -1 22 52 59 88 -1 2 48 59 77 -1 36 50 56 67 -1 -2
16 17 65 71 -1 27 71 92 98 -1 -2
2 24 33 35 -1 -2
36 52 73 97 -1 21 38 76 88 -1 46 73 84 97 -1 10 39 43 67 -1 20 47 59 82 -1 13 22 40 98 -1 -2
13 67 95 98 -1 33 38 85 87 -1 27 47 49 100 -1 40 47 49 95 -1 10 36 54 92 -1 6 18 42 72 -1 13 25 63 76 -1 -2
15 46 48 78 -1 63 70 77 80 -1 -2
31 47 64 99 -1 11 31 54 87 -1 3 75 78 86 -1 12 85 86 94 -1 3 8 52 88 -1 10 13 43 44 -1 34 46 76 83 -1 2 57 84 89 -1 -2
4 36 94 98 -1 1 16 40 100 -1 89 90 94 97 -1 7 17 40 90 -1 41 50 80 96 -1 40 58 62 65 -1 14 23 40 86 -1 -2
53 56 60 87 -1 67 82 93 97 -1 10 83 90 95 -1 -2
5 16 49 80 -1 16 75 86 97 -1 25 41 91 95 -1 -2
40 42 87 96 -1 1 5 18 58 -1 22 44 70 91 -1 54 63 67 95 -1 18 66 97 98 -1 47 53 58 70 -1 31 62 81 92 -1 -2
36 52 69 98 -1 24 61 83 90 -1 23 56 68 89 -1 19 37 49 50 -1 -2
36 37 85 92 -1 25 29 33 75 -1 27 53 88 92 -1 14 33 45 57 -1 11 34 55 63 -1 35 50 56 96 -1 -2
54 57 64 83 -1 -2
13 47 58 76 -1 10 56 74 81 -1 6 18 54 80 -1 26 44 82 94 -1 12 18 66 72 -1 -2
9 32 44 85 -1 7 44 75 78 -1 -2
40 48 64 77 -1 19 32 95 97 -1 1 28 65 92 -1 11 79 92 97 -1 -2
6 17 27 67 -1 37 38 56 78 -1 5 13 38 70 -1 -2
7 28 41 84 -1 39 69 77 79 -1 7 53 54 95 -1 7 15 39 50 -1 29 46 70 95 -1 46 67 80 100 -1 -2
4 49 95 99 -1 -2
71 74 85 93 -1 -2
9 15 33 83 -1 15 52 61 98 -1 80 83 91 93 -1 20 41 87 92 -1 12 68 73 86 -1 18 29 85 94 -1 -2
11 22 25 29 -1 42 69 96 98 -1 9 42 87 93 -1 32 48 64 98 -1 6 35 41 85 -1 -2
11 17 80 86 -1 75 81 83 95 -1 16 44 74 77 -1 14 37 40 78 -1 5 26 81 90 -1 -2
10 57 60 84 -1 35 50 58 92 -1 43 54 79 100 -1 18 21 23 74 -1 17 34 38 68 -1 -2
38 45 50 53 -1 56 62 67 91 -1 -2
29 30 39 50 -1 25 44 46 91 -1 -2
21 40 69 93 -1 41 70 79 96 -1 20 29 83 86 -1 -2
16 52 67 75 -1 2 39 58 87 -1 34 66 67 71 -1 -2
25 40 69 91 -1 24 33 71 81 -1 4 7 32 44 -1 28 43 71 93 -1 21 49 82 91 -1 5 10 27 37 -1 22 30 55 86 -1 -2
8 29 89 96 -1 18 29 31 40 -1 61 68 90 94 -1 12 39 50 57 -1 24 30 89 91 -1 21 28 39 72 -1 -2
23 51 90 99 -1 39 69 70 77 -1 4 18 20 44 -1 9 36 52 90 -1 32 60 67 90 -1 58 77 87 99 -1 -2
14 19 20 28 -1 35 60 79 88 -1 2 27 55 76 -1 -2
22 29 65 97 -1 9 10 66 92 -1 3 4 24 93 -1 10 31 41 77 -1 13 42 48 65 -1 -2
57 61 69 75 -1 4 52 70 89 -1 -2
5 10 78 82 -1 21 45 48 54 -1 18 36 66 80 -1 -2
1 30 38 78 -1 30 50 68 79 -1 13 29 43 51 -1 5 21 36 78 -1 -2
3 7 86 100 -1 -2
16 20 71 95 -1 -2
33 64 84 88 -1 1 57 70 96 -1 20 72 74 88 -1 10 47 52 86 -1 -2
43 52 92 98 -1 4 11 47 69 -1 25 75 84 100 -1 55 67 79 82 -1 17 19 36 38 -1 34 38 50 88 -1 24 38 44 60 -1 15 31 41 63 -1 -2
36 50 79 87 -1 7 13 81 82 -1 16 37 95 100 -1 5 11 83 86 -1 5 16 41 74 -1 16 22 92 97 -1 -2
3 30 32 62 -1 -2
21 43 49 54 -1 15 24 46 83 -1 -2
11 25 55 99 -1 18 35 57 88 -1 10 17 35 49 -1 26 27 53 60 -1 1 11 22 65 -1 44 59 63 80 -1 42 66 69 89 -1 -2
5 62 67 75 -1 2 89 93 95 -1 25 65 77 95 -1 -2
28 44 53 73 -1 4 29 72 90 -1 19 34 42 51 -1 12 48 70 80 -1 8 81 86 100 -1 -2
2 35 39 48 -1 -2
19 35 58 65 -1 27 34 73 92 -1 22 64 71 80 -1 26 37 74 84 -1 6 18 61 68 -1 15 40 68 88 -1 2 75 93 94 -1 11 19 28 47 -1 -2
50 54 84 94 -1 17 35 46 62 -1 50 67 79 85 -1 6 36 37 47 -1 3 25 46 79 -1 -2
22 30 39 68 -1 12 39 75 89 -1 -2
1 49 61 96 -1 9 31 37 57 -1 11 46 59 92 -1 5 18 29 83 -1 28 41 67 90 -1 34 59 67 84 -1 -2
33 35 60 94 -1 19 39 48 76 -1 3 52 60 99 -1 17 36 69 89 -1 36 39 81 94 -1 -2
51 60 63 93 -1 -2
41 61 70 72 -1 29 30 61 62 -1 3 16 27 60 -1 -2
1 34 41 53 -1 52 53 74 87 -1 13 30 64 95 -1 28 39 41 61 -1 -2
10 18 43 46 -1 41 57 87 95 -1 -2
17 40 76 94 -1 9 48 49 89 -1 6 16 52 66 -1 42 58 68 74 -1 8 54 80 85 -1 4 49 51 73 -1 15 35 51 80 -1 28 45 87 97 -1 -2
3 27 65 73 -1 8 17 31 65 -1 -2
30 72 79 95 -1 -2
6 36 92 99 -1 6 7 64 83 -1 -2
22 39 72 85 -1 3 17 41 86 -1 4 33 56 89 -1 25 60 73 89 -1 8 62 65 83 -1 56 58 65 96 -1 4 44 62 76 -1 -2
22 23 31 71 -1 -2
6 13 25 30 -1 3 55 74 82 -1 -2
35 62 69 93 -1 25 37 67 95 -1 1 21 24 48 -1 17 24 42 82 -1 17 50 64 100 -1 5 20 22 51 -1 16 23 52 87 -1 -2
16 56 63 76 -1 22 55 61 95 -1 17 33 43 84 -1 13 17 24 58 -1 51 65 67 98 -1 2 38 55 59 -1 15 67 82 99 -1 13 23 32 34 -1 -2
8 13 35 85 -1 14 48 54 78 -1 21 73 79 90 -1 10 36 66 80 -1 4 7 79 83 -1 26 57 83 87 -1 12 17 47 82 -1 36 69 76 95 -1 -2
30 41 85 97 -1 11 68 82 86 -1 33 40 46 92 -1 25 32 56 65 -1 12 42 51 78 -1 1 39 63 84 -1 -2
13 52 96 98 -1 14 21 33 98 -1 12 28 36 50 -1 23 70 77 81 -1 42 45 70 78 -1 27 51 65 95 -1 8 46 62 74 -1 -2
14 41 61 92 -1 1 7 62 82 -1 19 45 59 61 -1 5 17 70 75 -1 14 18 81 97 -1 -2
27 58 65 98 -1 15 22 80 97 -1 10 19 36 52 -1 6 33 64 84 -1 -2
14 43 85 98 -1 5 28 55 65 -1 15 43 53 61 -1 13 24 75 81 -1 26 86 87 96 -1 -2
3 21 71 89 -1 9 15 42 97 -1 -2
9 14 91 92 -1 -2
2 28 32 84 -1 18 52 72 89 -1 24 29 31 47 -1 12 56 60 75 -1 10 36 66 75 -1 41 54 83 86 -1 53 56 90 97 -1 33 37 56 79 -1 -2
28 60 71 87 -1 32 49 83 98 -1 -2
55 57 62 78 -1 -2
8 40 54 63 -1 16 32 33 88 -1 11 17 21 49 -1 20 28 36 52 -1 -2
1 18 43 90 -1 22 27 93 100 -1 11 15 53 85 -1 28 48 81 82 -1 -2
4 30 59 74 -1 17 40 94 100 -1 2 36 62 80 -1 12 55 67 81 -1 12 73 86 99 -1 -2
25 62 90 96 -1 41 51 88 97 -1 1 28 51 76 -1 11 74 84 100 -1 5 26 48 57 -1 44 71 87 95 -1 13 27 75 94 -1 48 61 84 91 -1 -2
55 81 92 97 -1 12 49 59 97 -1 36 46 92 96 -1 26 55 94 99 -1 3 8 37 70 -1 1 34 63 68 -1 11 20 47 49 -1 -2
28 29 45 77 -1 7 33 77 94 -1 9 25 47 76 -1 -2
4 15 16 37 -1 40 44 82 91 -1 47 60 73 86 -1 24 37 67 95 -1 5 45 69 86 -1 -2
4 47 67 79 -1 10 83 86 88 -1 -2
27 55 85 97 -1 37 43 61 78 -1 11 25 73 100 -1 6 72 74 92 -1 1 24 33 67 -1 25 27 68 75 -1 5 66 74 95 -1 1 15 45 96 -1 -2
24 47 76 88 -1 8 15 28 67 -1 -2
50 54 67 99 -1 36 41 52 72 -1 32 52 59 79 -1 11 35 41 58 -1 1 3 55 71 -1 44 48 74 93 -1 32 55 89 91 -1 -2
23 36 62 70 -1 -2
2 24 62 74 -1 12 63 73 96 -1 1 28 38 73 -1 38 49 58 78 -1 4 14 49 85 -1 5 26 52 65 -1 45 61 72 97 -1 13 14 35 37 -1 -2
5 22 37 81 -1 -2
6 16 19 31 -1 42 51 58 77 -1 21 27 92 97 -1 1 43 56 89 -1 28 53 58 76 -1 21 33 71 90 -1 34 69 71 83 -1 -2
10 29 40 87 -1 5 12 28 72 -1 16 27 43 50 -1 37 71 84 89 -1 -2
34 41 51 85 -1 16 26 29 59 -1 41 73 79 96 -1 10 14 20 44 -1 17 44 56 99 -1 13 32 45 90 -1 -2
12 49 83 93 -1 16 21 22 27 -1 5 25 36 100 -1 -2
26 48 87 93 -1 7 43 70 90 -1 41 68 79 100 -1 5 10 19 63 -1 -2
2 21 22 88 -1 5 59 74 99 -1 26 53 60 96 -1 15 23 56 75 -1 19 59 67 75 -1 -2
3 20 23 66 -1 11 16 20 56 -1 7 20 45 98 -1 2 17 62 64 -1 8 24 84 93 -1 21 28 49 69 -1 -2
3 60 93 100 -1 3 13 27 42 -1 11 16 27 44 -1 16 56 77 86 -1 72 74 81 93 -1 9 33 39 40 -1 32 52 57 84 -1 -2
4 21 31 33 -1 7 31 64 99 -1 9 11 29 77 -1 24 52 84 98 -1 14 51 73 85 -1 73 86 88 95 -1 26 39 66 99 -1 -2
1 22 42 88 -1 19 20 21 24 -1 6 13 47 65 -1 -2
26 27 41 80 -1 -2
4 5 18 47 -1 20 34 67 85 -1 11 53 66 75 -1 3 4 38 70 -1 10 54 74 97 -1 49 60 86 87 -1 4 13 17 79 -1 -2
2 4 12 45 -1 4 44 49 94 -1 12 35 38 52 -1 -2
18 40 42 90 -1 21 25 50 85 -1 9 18 27 83 -1 -2
40 71 75 84 -1 -2
42 55 61 96 -1 27 46 58 83 -1 5 6 8 55 -1 53 55 73 80 -1 -2
31 61 86 91 -1 7 21 31 76 -1 31 36 64 69 -1 12 19 35 48 -1 1 3 53 99 -1 -2
28 65 76 94 -1 -2
25 47 75 86 -1 -2
30 32 39 52 -1 10 33 37 78 -1 -2
13 21 55 85 -1 19 52 53 78 -1 26 32 74 94 -1 1 2 36 67 -1 4 21 44 95 -1 -2
19 29 64 73 -1 16 20 31 54 -1 44 72 80 96 -1 -2
41 54 64 93 -1 10 65 77 100 -1 3 39 73 76 -1 11 24 40 99 -1 49 62 68 98 -1 -2
8 31 74 97 -1 15 24 51 67 -1 35 62 87 91 -1 6 28 49 52 -1 7 13 29 33 -1 8 20 30 54 -1 -2
21 27 55 64 -1 22 59 78 94 -1 5 21 30 73 -1 3 60 75 97 -1 29 55 65 79 -1 56 60 71 82 -1 4 31 62 85 -1 -2
70 75 76 93 -1 40 49 53 58 -1 15 46 81 99 -1 40 41 87 98 -1 35 43 83 99 -1 12 51 64 85 -1 10 44 79 86 -1 11 46 74 100 -1 -2
10 18 61 82 -1 26 36 54 70 -1 63 89 97 99 -1 19 28 31 73 -1 7 44 46 48 -1 14 19 60 63 -1 25 32 57 58 -1 -2
25 31 52 78 -1 13 70 84 100 -1 5 76 79 85 -1 3 21 63 76 -1 46 56 67 73 -1 4 10 13 18 -1 -2
14 36 56 76 -1 11 24 34 39 -1 4 14 61 67 -1 9 12 51 83 -1 -2
42 63 84 91 -1 10 11 69 90 -1 -2
2 7 42 87 -1 39 60 66 71 -1 26 58 66 77 -1 9 20 38 52 -1 29 32 68 93 -1 3 16 30 55 -1 -2
14 38 50 69 -1 3 4 59 65 -1 -2
78 81 87 94 -1 1 19 69 91 -1 11 58 93 95 -1 10 74 79 91 -1 18 46 59 78 -1 7 71 85 98 -1 -2
6 51 55 67 -1 11 24 73 87 -1 33 55 84 100 -1 13 36 38 90 -1 -2
7 42 62 81 -1 20 31 45 89 -1 -2
16 49 52 77 -1 32 35 70 76 -1 18 19 83 93 -1 21 22 85 94 -1 52 58 62 79 -1 20 53 57 78 -1 6 19 60 93 -1 -2
11 31 52 89 -1 7 12 86 93 -1 6 28 39 98 -1 30 31 37 43 -1 -2
3 45 47 94 -1 -2
2 32 46 99 -1 -2
14 15 36 80 -1 37 59 74 76 -1 16 24 37 49 -1 -2
10 38 65 72 -1 6 53 58 80 -1 1 4 70 92 -1 7 53 71 83 -1 -2
8 10 18 64 -1 55 62 67 71 -1 -2
67 69 75 79 -1 -2
27 47 66 85 -1 4 63 64 97 -1 13 24 85 88 -1 -2
21 64 73 99 -1 26 38 44 90 -1 17 18 36 41 -1 23 70 74 83 -1 48 51 61 67 -1 -2
44 63 84 92 -1 13 15 44 71 -1 17 27 61 82 -1 8 32 47 54 -1 4 17 24 64 -1 50 60 65 99 -1 -2
31 80 82 94 -1 -2
27 36 70 94 -1 29 64 81 87 -1 9 32 45 90 -1 4 14 34 84 -1 -2
37 40 61 85 -1 -2
75 90 97 99 -1 12 59 60 84 -1 -2
46 70 75 90 -1 2 19 22 93 -1 11 73 80 92 -1 -2
42 44 57 68 -1 5 17 35 76 -1 33 48 71 88 -1 39 44 50 67 -1 -2
3 22 55 66 -1 15 27 83 97 -1 27 39 63 99 -1 11 32 47 99 -1 28 54 62 89 -1 -2
8 9 49 86 -1 8 20 26 61 -1 2 43 78 94 -1 -2
30 53 67 70 -1 11 40 42 64 -1 24 56 73 78 -1 -2
21 41 76 77 -1 40 61 62 100 -1 7 47 72 78 -1 23 39 79 82 -1 10 14 43 87 -1 74 78 82 87 -1 67 71 73 95 -1 8 27 38 54 -1 -2
19 28 47 90 -1 18 63 66 90 -1 -2
25 34 40 67 -1 27 74 79 92 -1 46 51 58 92 -1 -2
1 34 89 96 -1 -2
33 50 64 67 -1 4 49 56 100 -1 20 35 56 92 -1 9 13 54 69 -1 23 26 42 63 -1 16 32 77 99 -1 7 60 80 90 -1 18 45 84 99 -1 -2
22 26 76 90 -1 -2
7 57 82 99 -1 18 44 84 93 -1 8 15 28 44 -1 15 23 40 75 -1 43 44 65 84 -1 30 83 88 100 -1 15 30 33 82 -1 18 62 64 78 -1 -2
4 29 76 84 -1 20 46 62 98 -1 33 35 48 79 -1 51 55 64 100 -1 -2
1 14 30 96 -1 16 21 69 73 -1 26 53 75 88 -1 1 15 17 19 -1 -2
10 17 24 68 -1 11 17 38 70 -1 35 43 45 57 -1 50 70 98 99 -1 -2
2 10 58 100 -1 17 31 40 93 -1 70 71 93 98 -1 9 34 47 97 -1 -2
1 37 44 64 -1 16 75 81 89 -1 17 22 91 93 -1 21 32 88 97 -1 3 28 61 65 -1 56 57 93 98 -1 -2
9 11 33 67 -1 -2
23 63 89 92 -1 9 43 48 92 -1 22 67 69 86 -1 32 44 69 73 -1 70 90 96 98 -1 -2
8 51 76 98 -1 4 43 46 55 -1 23 33 43 100 -1 5 10 24 49 -1 10 19 45 60 -1 1 12 19 55 -1 24 33 44 56 -1 3 11 19 28 -1 -2
30 45 62 100 -1 22 75 92 93 -1 10 28 33 97 -1 11 13 26 85 -1 3 64 92 97 -1 10 12 18 79 -1 -2
19 50 69 91 -1 3 8 61 74 -1 2 7 23 43 -1 36 62 76 94 -1 7 18 31 78 -1 38 41 58 98 -1 -2
6 20 21 99 -1 -2
4 9 65 99 -1 12 79 80 83 -1 10 13 36 87 -1 -2
11 19 68 88 -1 24 42 43 100 -1 1 27 79 83 -1 42 43 51 97 -1 13 18 86 100 -1 20 42 55 58 -1 -2
4 8 16 72 -1 5 43 55 66 -1 3 6 75 93 -1 74 76 77 80 -1 33 55 85 90 -1 23 46 66 73 -1 1 22 44 75 -1 -2
31 34 39 80 -1 -2
4 16 30 49 -1 17 79 96 97 -1 7 23 50 65 -1 4 54 60 79 -1 4 35 47 72 -1 -2
13 33 51 85 -1 14 21 37 39 -1 69 76 79 99 -1 41 62 68 80 -1 -2
11 57 69 72 -1 -2
43 53 57 85 -1 14 18 52 61 -1 66 73 83 97 -1 18 20 28 96 -1 32 36 43 77 -1 28 43 71 97 -1 22 33 67 72 -1 28 29 72 78 -1 -2
1 70 90 100 -1 -2
1 25 36 81 -1 83 85 86 93 -1 26 32 61 77 -1 4 17 69 74 -1 11 50 77 98 -1 11 16 69 95 -1 3 26 30 94 -1 36 39 53 64 -1 -2
13 26 59 73 -1 43 47 62 93 -1 7 41 71 77 -1 70 76 85 89 -1 -2
32 46 76 100 -1 9 42 65 69 -1 23 40 73 78 -1 8 21 28 94 -1 11 36 38 81 -1 5 33 34 93 -1 55 57 94 95 -1 -2
12 33 39 86 -1 9 36 46 71 -1 20 30 58 98 -1 22 50 62 81 -1 21 49 73 94 -1 -2
42 70 78 81 -1 13 22 35 49 -1 34 75 87 97 -1 30 36 58 74 -1 28 32 58 94 -1 34 60 61 83 -1 17 37 46 82 -1 -2
29 48 60 90 -1 -2
14 20 55 69 -1 22 29 61 90 -1 19 50 61 65 -1 -2
15 36 63 75 -1 -2
18 39 74 98 -1 26 39 66 81 -1 2 48 75 96 -1 7 14 63 64 -1 35 52 62 66 -1 7 9 10 88 -1 8 31 62 83 -1 7 13 34 53 -1 -2
39 42 65 76 -1 16 43 55 85 -1 2 43 62 72 -1 33 80 94 98 -1 13 20 43 44 -1 8 20 28 46 -1 2 6 10 15 -1 -2
5 36 56 68 -1 29 36 66 82 -1 28 75 81 86 -1 13 26 37 79 -1 17 71 89 100 -1 9 45 46 85 -1 14 43 49 77 -1 8 24 31 99 -1 -2
61 76 88 100 -1 -2
3 49 54 85 -1 20 40 43 93 -1 19 47 57 97 -1 27 37 45 87 -1 10 20 60 89 -1 29 41 52 98 -1 3 28 90 95 -1 10 27 84 92 -1 -2
10 17 43 54 -1 16 43 79 87 -1 -2
26 33 53 56 -1 -2
52 87 90 99 -1 3 41 74 92 -1 6 38 73 84 -1 20 31 73 83 -1 14 47 49 74 -1 12 57 82 93 -1 2 11 39 88 -1 5 11 57 66 -1 -2
7 22 65 91 -1 45 61 75 79 -1 -2
4 55 66 80 -1 7 49 62 83 -1 -2
28 48 68 73 -1 -2
30 60 75 80 -1 3 5 84 99 -1 17 29 89 94 -1 -2
3 5 12 99 -1 34 47 65 75 -1 2 83 86 89 -1 2 17 42 48 -1 22 24 50 77 -1 -2
60 84 94 99 -1 19 50 71 89 -1 21 38 47 63 -1 5 38 72 80 -1 1 7 17 75 -1 24 53 62 77 -1 4 14 69 92 -1 30 36 53 93 -1 -2
15 42 44 53 -1 4 9 14 39 -1 2 4 60 63 -1 1 21 68 91 -1 -2
11 15 68 99 -1 23 41 46 58 -1 1 5 30 69 -1 24 52 53 93 -1 23 50 84 91 -1 14 59 61 86 -1 -2
23 36 65 76 -1 51 56 83 97 -1 17 30 52 62 -1 65 67 84 85 -1 29 50 57 91 -1 -2
44 46 54 95 -1 31 67 74 90 -1 6 29 55 79 -1 62 78 88 95 -1 19 26 40 41 -1 5 77 80 89 -1 8 25 33 62 -1 -2
1 13 32 43 -1 -2
25 75 84 90 -1 19 38 89 93 -1 3 39 48 99 -1 -2
62 75 92 95 -1 3 49 65 86 -1 19 30 40 74 -1 32 45 54 78 -1 13 49 61 90 -1 14 27 39 82 -1 2 6 70 76 -1 5 53 65 94 -1 -2
11 19 39 83 -1 25 31 39 49 -1 11 18 59 68 -1 -2
20 71 72 77 -1 31 48 63 92 -1 18 46 61 87 -1 11 44 49 78 -1 10 35 79 88 -1 5 56 58 88 -1 -2
20 37 59 64 -1 16 24 34 35 -1 14 33 82 92 -1 -2
3 23 43 80 -1 -2
23 71 88 94 -1 29 42 44 76 -1 20 74 78 80 -1 62 66 70 79 -1 37 38 42 67 -1 18 61 88 89 -1 3 16 19 26 -1 21 40 51 92 -1 -2
25 52 74 99 -1 1 8 22 56 -1 54 60 69 79 -1 9 46 74 77 -1 49 50 53 72 -1 25 56 57 96 -1 -2
5 20 33 90 -1 8 27 34 83 -1 4 10 30 38 -1 12 35 71 92 -1 43 44 59 87 -1 48 75 87 94 -1 -2
39 80 82 86 -1 8 35 48 71 -1 5 43 44 84 -1 47 87 98 100 -1 26 64 78 99 -1 -2
49 59 90 94 -1 -2
11 14 62 77 -1 9 64 96 97 -1 3 8 51 88 -1 1 15 18 25 -1 1 22 56 60 -1 5 19 35 99 -1 36 42 78 79 -1 45 51 84 90 -1 -2
13 20 44 48 -1 -2
10 34 57 78 -1 5 60 66 75 -1 8 9 25 94 -1 2 22 38 41 -1 7 9 11 33 -1 -2
32 34 49 65 -1 38 42 77 91 -1 28 60 78 90 -1 6 7 76 99 -1 1 3 10 36 -1 16 32 37 91 -1 17 19 37 57 -1 39 51 88 98 -1 -2
32 52 87 99 -1 23 57 76 82 -1 5 40 54 86 -1 8 20 55 75 -1 11 53 62 78 -1 -2
14 59 88 95 -1 47 55 63 78 -1 34 38 51 69 -1 -2
31 45 50 70 -1 22 38 40 45 -1 12 24 33 57 -1 15 50 56 97 -1 31 66 81 100 -1 2 4 15 61 -1 18 23 30 55 -1 18 24 89 96 -1 -2
13 36 71 97 -1 10 28 40 74 -1 4 12 16 59 -1 1 8 36 52 -1 16 44 45 98 -1 12 44 49 73 -1 17 43 49 92 -1 10 47 51 98 -1 -2
6 50 71 75 -1 4 46 71 97 -1 9 20 88 90 -1 15 51 59 63 -1 -2
7 25 61 91 -1 31 65 83 89 -1 8 28 38 62 -1 17 45 71 88 -1 36 57 76 86 -1 13 37 55 57 -1 -2
6 38 59 62 -1 2 41 79 100 -1 8 30 31 56 -1 54 57 61 68 -1 23 28 76 86 -1 11 14 47 65 -1 25 49 66 82 -1 4 6 93 97 -1 -2
2 50 57 71 -1 20 42 47 59 -1 7 63 88 96 -1 22 52 54 77 -1 44 69 70 75 -1 20 72 83 92 -1 -2
21 62 76 86 -1 23 34 72 86 -1 1 77 89 98 -1 3 37 52 78 -1 27 33 36 59 -1 -2
11 43 45 58 -1 35 60 92 94 -1 18 39 61 89 -1 33 46 65 86 -1 24 34 59 96 -1 -2
40 64 87 100 -1 15 19 57 90 -1 13 43 57 88 -1 3 32 39 93 -1 22 27 60 94 -1 -2
23 60 72 98 -1 10 40 47 69 -1 35 51 69 79 -1 4 13 46 69 -1 23 32 67 83 -1 7 61 78 97 -1 15 39 49 100 -1 -2
37 77 83 89 -1 5 11 35 42 -1 -2
6 12 31 54 -1 10 43 70 89 -1 -2
36 42 75 95 -1 8 71 74 84 -1 3 9 36 45 -1 15 25 74 90 -1 -2
2 16 26 71 -1 38 83 85 96 -1 32 65 73 99 -1 28 30 72 84 -1 20 55 76 80 -1 54 64 84 96 -1 65 72 84 96 -1 13 30 38 55 -1 -2
9 31 45 65 -1 35 50 56 63 -1 21 30 68 76 -1 -2
21 78 79 81 -1 1 40 63 89 -1 57 64 71 82 -1 11 82 96 99 -1 -2
21 33 37 63 -1 10 13 79 96 -1 4 30 62 77 -1 34 35 72 95 -1 -2
25 45 79 88 -1 21 55 83 94 -1 10 15 24 37 -1 32 39 72 80 -1 31 35 40 84 -1 43 44 75 97 -1 24 64 92 99 -1 45 47 78 94 -1 -2
44 60 78 83 -1 17 30 32 95 -1 33 44 81 100 -1 12 39 61 73 -1 46 71 81 99 -1 -2
1 74 75 87 -1 27 40 64 96 -1 63 76 82 95 -1 7 25 71 95 -1 27 30 47 80 -1 3 13 81 87 -1 18 33 63 93 -1 30 51 71 96 -1 -2
54 64 68 79 -1 39 40 45 95 -1 25 44 76 87 -1 39 42 44 48 -1 49 69 75 81 -1 8 33 60 84 -1 7 14 87 89 -1 -2
22 28 36 45 -1 14 20 54 99 -1 31 35 61 100 -1 9 39 80 94 -1 56 66 72 86 -1 42 64 66 95 -1 18 26 39 78 -1 22 25 41 54 -1 -2
14 33 69 92 -1 20 58 69 75 -1 6 9 60 90 -1 21 52 56 75 -1 27 63 82 87 -1 25 58 75 79 -1 3 35 52 67 -1 11 34 57 83 -1 -2
4 33 42 57 -1 15 21 47 48 -1 10 44 93 98 -1 -2
49 65 79 96 -1 10 25 86 99 -1 16 62 81 83 -1 -2
5 26 60 83 -1 11 21 85 89 -1 20 46 57 58 -1 16 51 73 85 -1 3 10 27 71 -1 -2
51 53 85 95 -1 12 27 46 64 -1 59 66 76 86 -1 44 55 66 90 -1 -2
7 24 27 55 -1 8 27 43 72 -1 7 13 61 65 -1 17 53 68 93 -1 47 58 79 85 -1 -2
14 36 38 62 -1 23 28 33 57 -1 29 42 53 54 -1 39 43 55 96 -1 20 32 49 63 -1 36 51 72 79 -1 30 38 48 71 -1 -2
15 44 83 85 -1 7 11 48 54 -1 -2
5 7 45 74 -1 39 62 80 99 -1 63 67 87 99 -1 7 19 68 92 -1 -2
9 52 69 78 -1 21 40 69 73 -1 18 37 45 66 -1 11 76 89 95 -1 9 33 93 100 -1 8 37 44 88 -1 -2
4 38 41 74 -1 18 68 79 96 -1 -2
37 43 71 77 -1 15 19 31 36 -1 6 21 59 87 -1 9 45 50 54 -1 18 51 71 97 -1 -2
8 24 30 58 -1 35 46 52 92 -1 38 70 81 92 -1 19 21 65 72 -1 31 51 72 75 -1 -2
3 7 38 67 -1 -2
14 48 78 86 -1 -2
10 59 75 92 -1 30 53 54 55 -1 32 54 77 99 -1 22 43 72 94 -1 18 27 39 46 -1 28 41 43 78 -1 -2
18 47 53 94 -1 21 23 30 94 -1 16 20 25 47 -1 51 67 68 85 -1 46 77 84 87 -1 15 32 55 97 -1 -2
41 43 53 91 -1 5 20 23 68 -1 11 21 66 77 -1 55 66 74 75 -1 4 10 13 44 -1 -2
16 27 48 53 -1 17 18 68 78 -1 48 67 84 97 -1 23 29 44 52 -1 -2
2 44 59 72 -1 12 49 74 82 -1 14 42 65 92 -1 46 65 81 96 -1 21 34 52 86 -1 3 27 28 56 -1 39 74 81 100 -1 -2
24 80 81 91 -1 1 26 56 71 -1 27 42 69 83 -1 2 17 18 99 -1 23 44 47 86 -1 -2
24 42 47 72 -1 8 76 78 89 -1 -2
37 48 73 83 -1 45 61 95 98 -1 6 22 38 87 -1 9 60 79 88 -1 28 36 61 93 -1 11 35 52 75 -1 27 36 62 84 -1 -2
2 48 64 66 -1 13 44 61 87 -1 38 44 67 97 -1 10 19 73 95 -1 -2
4 28 91 98 -1 -2
1 4 45 51 -1 6 8 13 28 -1 27 59 61 63 -1 27 34 42 45 -1 32 53 79 100 -1 15 22 80 85 -1 42 68 89 96 -1 16 38 57 92 -1 -2
16 47 72 96 -1 -2
23 42 50 77 -1 24 38 43 75 -1 -2
2 62 91 95 -1 9 14 58 70 -1 3 61 80 81 -1 7 74 76 86 -1 -2
20 22 69 88 -1 6 10 40 93 -1 7 47 89 93 -1 21 53 95 98 -1 -2
10 55 60 89 -1 15 44 70 90 -1 7 46 53 94 -1 9 22 81 93 -1 -2
39 63 65 68 -1 27 33 44 53 -1 15 29 60 88 -1 1 23 63 95 -1 10 19 28 96 -1 -2
22 58 82 85 -1 10 26 65 80 -1 23 57 69 70 -1 48 66 71 82 -1 24 37 86 100 -1 33 51 82 88 -1 15 29 64 67 -1 3 13 27 49 -1 -2
22 28 29 32 -1 12 16 27 31 -1 33 51 81 90 -1 53 64 75 97 -1 11 37 61 88 -1 7 17 58 71 -1 -2
56 70 83 85 -1 9 42 52 91 -1 -2
26 50 85 98 -1 13 33 48 53 -1 2 10 38 60 -1 22 50 60 65 -1 18 50 55 69 -1 9 32 36 97 -1 51 63 70 91 -1 -2
1 21 60 82 -1 50 75 95 96 -1 1 20 26 61 -1 16 59 89 94 -1 9 10 59 76 -1 44 48 81 91 -1 9 35 76 79 -1 -2
27 39 74 82 -1 2 17 63 81 -1 13 23 35 68 -1 40 56 58 77 -1 51 53 55 59 -1 -2
44 46 48 59 -1 -2
21 32 56 78 -1 23 35 41 93 -1 -2
35 79 90 98 -1 18 37 61 62 -1 38 57 61 80 -1 5 12 30 51 -1 -2
10 36 84 100 -1 -2
19 27 69 80 -1 16 27 51 90 -1 4 10 26 63 -1 -2
6 57 95 97 -1 14 49 79 95 -1 9 37 67 87 -1 9 26 56 67 -1 34 43 54 76 -1 -2
17 24 59 85 -1 19 47 65 87 -1 5 31 90 99 -1 -2
30 35 71 98 -1 47 67 69 71 -1 14 37 41 87 -1 -2
23 55 73 77 -1 8 14 38 64 -1 30 53 88 94 -1 -2
3 83 84 92 -1 12 37 47 70 -1 3 15 68 100 -1 -2
9 16 40 100 -1 19 23 40 69 -1 -2
2 34 53 95 -1 32 37 60 83 -1 57 80 84 97 -1 16 20 51 100 -1 19 50 76 85 -1 -2
25 27 52 65 -1 -2
37 42 57 59 -1 10 20 46 75 -1 2 47 50 64 -1 44 67 68 93 -1 36 64 79 89 -1 2 56 65 76 -1 -2
13 68 73 83 -1 26 39 61 77 -1 15 32 46 85 -1 32 78 82 95 -1 7 27 28 44 -1 20 29 55 93 -1 -2
1 41 42 84 -1 18 31 64 82 -1 40 47 95 96 -1 14 58 80 83 -1 30 34 48 78 -1 38 52 76 99 -1 -2
13 33 37 95 -1 -2
5 39 78 84 -1 2 28 45 83 -1 13 24 36 62 -1 -2
56 61 62 78 -1 7 9 17 19 -1 -2
15 48 53 64 -1 32 34 80 100 -1 6 73 74 81 -1 7 23 59 67 -1 37 71 91 93 -1 -2
16 28 64 93 -1 2 47 52 67 -1 7 59 79 98 -1 10 57 68 95 -1 10 37 38 71 -1 5 19 34 87 -1 18 37 51 76 -1 -2
13 15 53 62 -1 11 35 66 85 -1 11 43 89 99 -1 6 36 60 84 -1 -2
53 58 67 98 -1 39 41 43 78 -1 34 37 64 71 -1 12 44 50 97 -1 3 80 93 97 -1 17 32 39 77 -1 26 44 57 78 -1 60 62 78 90 -1 -2
23 53 57 93 -1 13 19 34 67 -1 26 47 79 99 -1 39 47 89 94 -1 6 30 35 97 -1 1 13 30 83 -1 -2
1 37 48 91 -1 23 92 96 100 -1 13 53 59 63 -1 17 20 47 92 -1 25 73 86 88 -1 29 45 64 67 -1 3 30 65 93 -1 -2
17 45 94 99 -1 17 36 81 84 -1 2 15 65 74 -1 7 15 68 74 -1 5 9 37 89 -1 34 46 74 93 -1 -2
33 45 62 63 -1 4 11 97 99 -1 15 58 69 97 -1 -2
7 44 58 80 -1 -2
27 49 73 76 -1 30 74 75 85 -1 34 45 70 92 -1 62 68 84 86 -1 1 7 17 100 -1 48 50 65 76 -1 20 31 95 96 -1 41 43 93 96 -1 -2
4 66 87 88 -1 4 6 25 85 -1 -2
11 12 69 100 -1 21 31 40 42 -1 33 34 37 48 -1 56 83 87 95 -1 -2
23 31 45 75 -1 13 18 37 60 -1 -2
53 67 89 90 -1 7 15 94 96 -1 3 73 86 92 -1 -2
5 9 82 100 -1 29 43 71 97 -1 14 18 50 57 -1 56 69 81 99 -1 -2
8 23 41 57 -1 23 51 92 99 -1 22 30 55 66 -1 13 47 75 89 -1 28 61 68 84 -1 -2
3 54 77 99 -1 11 36 43 68 -1 -2
14 34 40 60 -1 2 31 45 72 -1 -2
24 31 61 96 -1 7 10 16 39 -1 -2
21 32 82 86 -1 10 17 58 92 -1 29 31 64 79 -1 53 65 79 89 -1 47 51 57 92 -1 12 23 59 80 -1 14 36 56 81 -1 33 35 51 63 -1 -2
34 39 81 84 -1 13 22 79 86 -1 -2
8 38 67 100 -1 3 42 46 98 -1 49 67 77 78 -1 14 31 80 94 -1 16 18 48 70 -1 17 19 36 88 -1 -2
6 11 15 46 -1 -2
6 22 70 72 -1 24 67 75 86 -1 10 43 59 74 -1 27 42 68 98 -1 18 69 86 95 -1 7 46 91 94 -1 -2
21 31 38 40 -1 34 35 52 70 -1 22 44 75 94 -1 23 52 71 95 -1 7 19 54 66 -1 18 46 66 97 -1 14 54 57 98 -1 -2
4 49 50 82 -1 18 31 71 82 -1 7 72 80 93 -1 -2
15 33 43 48 -1 11 24 41 95 -1 2 40 48 93 -1 15 22 34 53 -1 -2
11 35 49 95 -1 58 60 79 84 -1 2 19 29 66 -1 28 49 60 98 -1 13 23 29 32 -1 35 44 45 52 -1 65 76 81 98 -1 8 23 91 97 -1 -2
25 48 50 83 -1 27 39 65 69 -1 9 30 31 99 -1 15 42 61 97 -1 53 70 72 100 -1 21 85 93 97 -1 23 39 44 55 -1 14 50 91 93 -1 -2
33 39 48 78 -1 -2
8 15 43 92 -1 7 66 77 85 -1 6 21 61 94 -1 5 20 68 90 -1 5 40 69 86 -1 37 41 68 79 -1 -2
34 45 82 93 -1 1 34 37 68 -1 9 47 74 95 -1 15 28 48 94 -1 21 42 45 55 -1 65 81 91 95 -1 -2
3 8 65 95 -1 8 26 27 81 -1 6 10 41 91 -1 12 60 82 99 -1 42 44 50 58 -1 14 57 66 87 -1 19 20 75 85 -1 24 59 74 93 -1 -2
55 64 79 80 -1 8 27 70 73 -1 27 31 45 63 -1 -2
33 55 56 70 -1 18 66 71 97 -1 31 52 83 100 -1 13 61 75 84 -1 -2
36 48 61 79 -1 9 30 57 77 -1 -2
44 62 79 92 -1 22 34 44 100 -1 11 23 26 86 -1 8 36 45 85 -1 -2
23 34 44 94 -1 34 60 77 90 -1 24 27 55 90 -1 -2
12 20 34 54 -1 35 40 60 61 -1 5 13 79 89 -1 61 73 84 89 -1 1 49 88 94 -1 42 64 67 92 -1 5 27 48 59 -1 2 3 18 64 -1 -2
37 38 74 88 -1 27 47 50 82 -1 10 57 69 78 -1 34 51 58 90 -1 61 89 90 93 -1 23 44 69 80 -1 9 10 44 45 -1 2 56 58 60 -1 -2
11 31 43 56 -1 49 60 75 82 -1 22 64 79 94 -1 21 57 76 96 -1 45 54 63 85 -1 4 54 67 72 -1 15 27 36 99 -1 -2
13 31 67 96 -1 8 10 33 36 -1 18 20 22 89 -1 13 17 90 92 -1 10 12 17 59 -1 50 78 79 85 -1 6 12 36 78 -1 -2
70 77 85 91 -1 -2
28 58 75 90 -1 18 53 59 60 -1 1 46 48 54 -1 46 58 74 89 -1 8 38 50 51 -1 45 74 82 97 -1 15 27 39 58 -1 -2
9 12 72 95 -1 31 37 38 46 -1 27 38 47 52 -1 23 47 71 75 -1 -2
23 24 32 43 -1 26 42 67 94 -1 49 54 73 100 -1 1 33 37 63 -1 9 69 99 100 -1 25 72 80 86 -1 22 33 90 93 -1 -2
17 18 19 89 -1 44 50 61 83 -1 29 37 52 54 -1 25 41 45 51 -1 -2
12 39 73 83 -1 37 48 52 61 -1 5 41 42 91 -1 34 43 75 88 -1 15 16 75 91 -1 41 52 62 91 -1 16 41 92 97 -1 -2
5 21 51 67 -1 15 52 67 82 -1 21 25 67 86 -1 10 40 60 84 -1 -2
27 41 53 62 -1 27 33 80 86 -1 35 38 56 93 -1 14 26 47 92 -1 18 40 43 74 -1 5 73 91 99 -1 8 23 29 47 -1 3 49 65 68 -1 -2
16 28 32 53 -1 12 32 48 64 -1 -2
28 35 51 83 -1 13 20 58 90 -1 6 17 71 92 -1 -2
22 49 67 77 -1 -2
17 52 75 85 -1 22 34 67 77 -1 28 38 66 71 -1 18 22 50 94 -1 38 62 86 95 -1 -2
42 57 82 97 -1 12 22 23 98 -1 12 55 68 96 -1 27 39 64 90 -1 14 57 78 85 -1 6 12 68 75 -1 9 55 57 92 -1 29 30 32 100 -1 -2
44 71 74 84 -1 25 28 57 88 -1 13 33 58 94 -1 30 32 44 82 -1 12 16 71 95 -1 23 59 61 88 -1 13 49 51 63 -1 -2
18 31 57 84 -1 1 13 17 27 -1 18 38 47 52 -1 65 69 82 84 -1 2 26 44 93 -1 34 45 53 91 -1 35 46 83 94 -1 22 74 87 100 -1 -2
17 19 62 71 -1 17 18 24 56 -1 -2
5 15 72 76 -1 29 36 60 73 -1 14 41 57 83 -1 41 46 62 90 -1 7 26 34 95 -1 6 11 21 60 -1 7 14 47 48 -1 14 23 69 82 -1 -2
13 55 57 69 -1 -2
11 28 78 94 -1 6 37 51 64 -1 30 34 99 100 -1 35 40 83 85 -1 -2
44 46 67 71 -1 61 70 80 100 -1 1 40 51 83 -1 22 28 39 76 -1 7 31 33 65 -1 -2
6 11 81 98 -1 8 15 17 55 -1 11 16 28 32 -1 12 38 43 45 -1 -2
42 63 87 92 -1 9 23 46 100 -1 -2
11 23 29 59 -1 42 46 49 100 -1 3 32 42 66 -1 4 21 27 92 -1 12 32 56 94 -1 -2
24 62 78 98 -1 -2
12 31 38 74 -1 9 48 50 55 -1 1 38 48 100 -1 -2
46 72 80 90 -1 16 23 66 88 -1 4 6 12 95 -1 10 36 44 70 -1 13 47 69 100 -1 4 20 44 74 -1 3 7 28 69 -1 24 47 91 97 -1 -2
9 44 68 69 -1 5 9 10 67 -1 36 46 64 100 -1 29 47 80 91 -1 6 58 71 96 -1 19 54 58 85 -1 -2
17 72 76 82 -1 10 15 21 55 -1 12 22 74 97 -1 21 43 64 99 -1 17 30 63 83 -1 -2
3 13 46 53 -1 7 22 57 66 -1 7 49 50 89 -1 15 80 83 84 -1 -2
22 54 82 94 -1 50 59 67 78 -1 4 42 43 93 -1 25 34 49 54 -1 16 54 55 98 -1 11 51 58 88 -1 26 29 36 73 -1 -2
24 64 69 70 -1 24 50 81 90 -1 31 43 56 57 -1 42 58 82 91 -1 -2
37 51 52 85 -1 4 13 49 67 -1 12 20 26 76 -1 10 33 51 97 -1 63 64 72 80 -1 7 19 29 60 -1 33 56 64 85 -1 32 46 64 87 -1 -2
41 66 80 90 -1 25 26 40 75 -1 42 73 85 97 -1 8 35 43 72 -1 12 39 63 98 -1 37 39 74 79 -1 10 17 57 60 -1 -2
3 18 69 79 -1 13 33 63 95 -1 -2
16 67 69 98 -1 33 49 61 70 -1 2 29 50 80 -1 17 21 30 43 -1 -2
19 23 58 93 -1 5 11 45 67 -1 46 49 63 93 -1 45 46 78 90 -1 53 60 69 72 -1 -2
35 50 74 80 -1 42 51 89 99 -1 3 49 72 78 -1 16 17 48 63 -1 -2
21 44 93 98 -1 23 34 66 90 -1 -2
8 12 57 95 -1 13 31 64 66 -1 -2
48 50 56 61 -1 22 29 43 79 -1 5 43 47 98 -1 8 49 61 85 -1 26 32 43 63 -1 17 22 47 59 -1 -2
12 28 34 53 -1 6 55 83 90 -1 13 24 51 83 -1 -2
3 25 46 88 -1 6 62 64 91 -1 13 31 43 59 -1 59 65 72 89 -1 -2
11 13 36 45 -1 38 49 60 67 -1 1 41 71 93 -1 6 49 58 88 -1 5 25 34 53 -1 -2
1 37 65 75 -1 67 81 86 90 -1 12 27 30 70 -1 25 37 74 80 -1 33 39 83 90 -1 -2
34 50 57 92 -1 38 71 86 94 -1 18 35 66 90 -1 2 28 34 46 -1 43 45 72 94 -1 -2
23 32 43 48 -1 15 21 30 61 -1 20 52 72 92 -1 3 61 66 95 -1 -2
35 40 55 100 -1 31 49 88 95 -1 -2
13 51 65 91 -1 9 50 66 97 -1 10 23 26 87 -1 42 63 82 99 -1 8 34 72 99 -1 21 31 40 41 -1 4 57 75 92 -1 -2
9 61 72 74 -1 34 39 74 98 -1 64 77 88 100 -1 27 44 50 81 -1 20 28 80 96 -1 17 24 82 92 -1 -2
20 51 61 96 -1 2 35 50 61 -1 5 14 25 62 -1 -2
26 67 81 88 -1 -2
4 8 25 34 -1 17 20 70 86 -1 5 26 49 98 -1 19 29 51 83 -1 48 63 75 79 -1 -2
6 30 75 92 -1 24 35 39 95 -1 9 34 43 85 -1 13 42 77 84 -1 30 39 68 76 -1 33 41 64 90 -1 7 25 46 59 -1 19 28 61 75 -1 -2
8 13 58 74 -1 63 75 83 97 -1 5 11 22 51 -1 -2
17 40 50 93 -1 6 41 76 95 -1 27 62 65 92 -1 -2
6 10 19 83 -1 -2
9 18 19 67 -1 -2
6 15 25 87 -1 9 21 65 97 -1 44 52 86 93 -1 44 47 55 65 -1 54 55 82 86 -1 28 37 57 65 -1 -2
10 19 73 93 -1 6 21 30 41 -1 20 85 88 89 -1 1 9 42 47 -1 12 13 70 88 -1 -2
13 50 51 62 -1 50 65 71 88 -1 5 27 60 61 -1 7 13 40 95 -1 22 32 88 96 -1 42 53 67 78 -1 24 49 56 86 -1 10 25 43 93 -1 -2
2 45 57 87 -1 1 28 56 64 -1 3 18 59 93 -1 46 52 55 77 -1 41 43 47 80 -1 13 23 24 34 -1 -2
28 34 36 83 -1 12 71 88 96 -1 6 29 44 63 -1 24 45 80 82 -1 14 15 22 89 -1 -2
35 50 76 85 -1 5 7 15 66 -1 27 33 71 78 -1 57 73 76 85 -1 25 30 55 82 -1 -2
10 11 43 81 -1 56 57 66 81 -1 49 54 56 66 -1 22 31 77 79 -1 8 48 61 86 -1 43 48 91 95 -1 11 22 48 85 -1 -2
7 26 64 68 -1 1 6 12 69 -1 14 51 72 100 -1 -2
17 24 54 60 -1 5 11 24 89 -1 12 24 46 99 -1 28 55 86 94 -1 2 7 26 86 -1 37 42 62 73 -1 -2
24 71 80 92 -1 17 76 77 91 -1 32 40 54 57 -1 8 58 75 80 -1 -2
20 42 55 83 -1 34 37 79 94 -1 -2
34 39 72 98 -1 38 56 72 79 -1 22 55 60 73 -1 27 39 48 64 -1 -2
25 42 51 54 -1 11 50 85 94 -1 26 35 65 75 -1 -2
8 22 31 51 -1 57 65 67 77 -1 22 54 67 82 -1 19 38 43 80 -1 27 52 56 99 -1 61 82 95 96 -1 -2
61 68 80 99 -1 35 55 92 100 -1 24 40 44 97 -1 9 25 36 44 -1 -2
6 16 78 82 -1 19 23 31 64 -1 34 49 50 60 -1 6 50 68 80 -1 4 33 36 94 -1 -2
31 35 52 89 -1 10 16 28 31 -1 8 16 91 99 -1 3 67 73 76 -1 24 59 73 98 -1 -2
12 25 34 85 -1 10 12 94 98 -1 4 86 87 91 -1 -2
12 25 39 94 -1 1 6 48 73 -1 9 61 77 93 -1 10 54 67 84 -1 63 71 87 93 -1 -2
12 50 52 55 -1 16 22 30 93 -1 5 68 88 95 -1 7 13 46 61 -1 -2
26 34 73 92 -1 1 64 75 89 -1 -2
21 43 48 100 -1 2 16 21 80 -1 41 48 49 71 -1 22 28 76 81 -1 29 37 53 75 -1 47 61 87 92 -1 -2
12 36 53 71 -1 28 33 58 66 -1 11 18 48 77 -1 4 20 42 68 -1 27 51 64 66 -1 44 51 80 97 -1 -2
9 19 31 66 -1 27 51 67 89 -1 49 80 87 88 -1 36 57 70 97 -1 12 49 51 73 -1 14 65 67 91 -1 23 47 79 90 -1 42 53 86 95 -1 -2
2 10 16 59 -1 30 33 55 56 -1 25 45 87 92 -1 2 18 30 79 -1 17 37 39 70 -1 36 39 61 62 -1 17 43 68 81 -1 -2
12 48 50 77 -1 21 43 66 67 -1 4 16 42 58 -1 27 43 97 99 -1 -2
22 82 83 94 -1 -2
61 86 91 92 -1 -2
11 36 50 98 -1 9 15 86 93 -1 16 38 61 71 -1 12 41 51 63 -1 1 82 88 94 -1 -2
27 29 35 66 -1 2 35 88 90 -1 8 66 67 89 -1 8 73 82 88 -1 -2
27 56 60 94 -1 19 32 38 81 -1 -2
25 37 87 98 -1 9 49 93 100 -1 7 72 80 95 -1 1 15 87 95 -1 -2
5 38 51 73 -1 24 31 54 75 -1 15 18 37 89 -1 3 28 64 94 -1 5 16 21 86 -1 1 49 71 77 -1 10 49 63 92 -1 -2
1 18 56 57 -1 22 27 45 56 -1 -2
3 30 53 89 -1 4 19 62 85 -1 30 39 66 82 -1 1 31 32 39 -1 5 37 75 76 -1 8 31 57 93 -1 7 61 68 79 -1 -2
18 53 60 68 -1 3 13 68 78 -1 10 17 32 64 -1 20 61 67 84 -1 12 16 19 54 -1 -2
35 38 42 92 -1 3 39 66 72 -1 18 50 58 82 -1 6 22 56 84 -1 4 37 58 83 -1 8 33 72 79 -1 5 30 36 60 -1 -2
17 31 38 65 -1 16 19 38 95 -1 22 38 68 97 -1 45 59 68 95 -1 3 20 32 37 -1 1 27 39 49 -1 7 82 87 95 -1 -2
7 47 48 75 -1 46 81 85 96 -1 39 41 80 89 -1 17 59 73 99 -1 10 34 54 65 -1 15 18 51 97 -1 28 40 57 66 -1 32 67 95 100 -1 -2
22 32 65 82 -1 11 73 87 99 -1 -2
3 6 14 22 -1 6 35 75 87 -1 45 54 63 65 -1 3 23 35 85 -1 41 66 93 98 -1 -2
2 25 33 53 -1 7 33 80 93 -1 13 34 40 85 -1 2 55 79 96 -1 37 42 74 97 -1 30 39 47 68 -1 18 20 21 99 -1 7 30 88 91 -1 -2
17 39 45 70 -1 13 19 52 85 -1 -2
34 38 57 89 -1 -2
13 36 42 74 -1 28 29 44 67 -1 55 74 93 95 -1 -2
38 57 76 87 -1 -2
3 15 85 92 -1 -2
17 49 64 70 -1 5 41 45 46 -1 -2
8 19 87 99 -1 24 60 65 68 -1 6 28 37 99 -1 14 57 77 100 -1 -2
55 56 74 96 -1 4 40 75 93 -1 -2
21 86 89 99 -1 -2
47 71 74 83 -1 42 48 89 93 -1 -2
1 31 71 80 -1 6 36 57 60 -1 25 59 76 89 -1 51 69 74 81 -1 11 74 76 95 -1 3 12 16 95 -1 9 40 48 75 -1 3 22 47 78 -1 -2
34 59 67 77 -1 11 30 50 87 -1 2 55 66 95 -1 9 55 61 76 -1 8 39 75 81 -1 24 31 36 79 -1 26 47 53 74 -1 -2
28 56 59 93 -1 2 5 49 90 -1 10 26 77 96 -1 26 65 66 78 -1 13 16 49 98 -1 18 56 57 86 -1 20 90 94 99 -1 -2
33 47 57 99 -1 -2
7 50 51 93 -1 36 42 43 83 -1 6 36 37 84 -1 -2
18 26 53 99 -1 10 18 43 97 -1 46 51 78 95 -1 34 36 61 69 -1 42 58 67 90 -1 13 37 67 75 -1 -2
34 39 59 98 -1 27 66 78 91 -1 67 77 94 100 -1 18 81 84 98 -1 10 25 48 90 -1 18 31 33 61 -1 20 41 42 99 -1 24 45 62 76 -1 -2
5 9 12 42 -1 48 55 85 100 -1 4 71 83 96 -1 -2
18 47 93 100 -1 -2
21 44 66 70 -1 4 9 37 88 -1 28 39 46 66 -1 20 27 59 89 -1 34 81 86 99 -1 65 82 86 91 -1 2 24 60 78 -1 -2
26 33 41 76 -1 3 41 46 52 -1 21 57 70 78 -1 19 21 64 96 -1 20 62 66 79 -1 68 78 88 100 -1 29 35 36 96 -1 21 55 88 95 -1 -2
7 41 62 85 -1 57 73 77 99 -1 13 37 82 98 -1 12 32 74 84 -1 5 19 22 92 -1 21 56 76 88 -1 -2
10 63 68 77 -1 17 20 58 66 -1 10 18 25 59 -1 25 48 51 88 -1 14 41 43 72 -1 16 33 41 46 -1 38 43 54 56 -1 3 63 86 88 -1 -2
34 35 59 92 -1 37 41 49 60 -1 13 28 71 77 -1 33 49 97 99 -1 45 67 75 83 -1 26 49 54 75 -1 16 23 61 71 -1 -2
6 57 70 77 -1 17 18 22 44 -1 -2
8 32 57 76 -1 22 52 74 85 -1 -2
6 28 33 54 -1 3 12 34 49 -1 -2
16 35 51 87 -1 40 84 88 98 -1 5 24 31 38 -1 -2
2 34 56 64 -1 43 53 66 69 -1 -2
2 44 62 92 -1 24 33 49 73 -1 15 21 63 91 -1 -2
24 43 47 54 -1 9 36 63 65 -1 6 7 28 81 -1 3 76 79 88 -1 1 13 36 53 -1 -2
23 29 82 86 -1 67 73 94 98 -1 16 37 70 100 -1 5 29 45 51 -1 -2
56 71 73 94 -1 32 66 74 92 -1 29 48 87 98 -1 6 7 55 92 -1 29 70 75 93 -1 58 59 78 81 -1 19 48 54 89 -1 47 48 83 96 -1 -2
4 41 78 84 -1 38 41 55 65 -1 27 47 88 97 -1 36 40 45 67 -1 1 32 63 90 -1 25 47 49 72 -1 -2
19 42 49 67 -1 26 35 74 93 -1 13 61 64 78 -1 35 46 71 72 -1 4 9 59 70 -1 11 68 76 88 -1 18 19 22 84 -1 8 18 26 88 -1 -2
4 16 38 41 -1 3 55 56 62 -1 18 47 57 64 -1 7 10 48 49 -1 -2
36 37 38 96 -1 9 15 51 100 -1 17 27 68 78 -1 30 53 63 84 -1 36 39 64 71 -1 5 30 48 74 -1 -2
37 40 89 95 -1 20 26 30 40 -1 -2
10 12 33 41 -1 1 20 80 88 -1 14 21 49 88 -1 1 31 54 79 -1 1 12 18 48 -1 29 32 66 79 -1 19 47 51 74 -1 28 30 81 85 -1 -2
17 19 44 59 -1 25 53 60 86 -1 7 27 65 69 -1 -2
55 58 86 91 -1 9 23 46 71 -1 35 64 75 89 -1 5 28 44 95 -1 28 43 92 97 -1 37 65 68 95 -1 55 67 86 99 -1 66 90 91 93 -1 -2
46 72 75 93 -1 41 64 92 96 -1 1 31 45 49 -1 -2
56 69 74 91 -1 15 62 84 100 -1 11 35 42 44 -1 35 46 74 87 -1 1 9 27 46 -1 27 31 61 93 -1 23 35 54 88 -1 23 46 92 95 -1 -2
7 17 35 43 -1 4 5 27 55 -1 3 76 85 92 -1 68 79 85 86 -1 4 12 49 66 -1 15 22 60 70 -1 16 38 72 91 -1 28 33 51 77 -1 -2
3 11 75 78 -1 -2
70 97 99 100 -1 -2
22 27 57 88 -1 3 66 78 85 -1 -2
32 61 70 71 -1 3 10 28 65 -1 30 64 65 91 -1 -2
12 29 45 55 -1 1 28 74 79 -1 22 30 48 50 -1 13 26 48 80 -1 29 52 59 93 -1 5 11 42 84 -1 4 12 78 96 -1 7 15 69 75 -1 -2
26 39 53 95 -1 -2
40 45 67 100 -1 60 84 94 98 -1 65 75 80 95 -1 -2
16 30 73 92 -1 50 54 68 70 -1 1 22 47 63 -1 4 35 38 79 -1 18 27 53 62 -1 16 18 30 98 -1 -2
7 38 50 77 -1 -2
13 18 69 87 -1 10 21 26 97 -1 23 26 57 69 -1 48 67 68 97 -1 1 8 58 85 -1 2 30 35 70 -1 35 46 68 82 -1 14 31 79 92 -1 -2
58 68 75 98 -1 -2
10 18 60 93 -1 32 50 64 70 -1 6 46 47 80 -1 1 49 62 93 -1 13 27 69 70 -1 64 73 75 84 -1 3 8 45 91 -1 11 81 85 98 -1 -2
24 56 63 64 -1 8 29 64 65 -1 13 19 52 95 -1 18 37 54 66 -1 -2
10 20 45 74 -1 54 60 72 94 -1 5 9 82 93 -1 6 45 48 71 -1 21 46 73 91 -1 44 55 71 89 -1 -2
18 39 43 74 -1 14 44 62 91 -1 1 22 96 97 -1 5 54 79 95 -1 -2
13 22 65 75 -1 41 54 71 80 -1 -2
43 49 55 76 -1 40 47 79 81 -1 -2
40 54 70 71 -1 5 6 81 86 -1 2 27 50 53 -1 10 46 47 48 -1 14 18 38 68 -1 2 59 65 67 -1 10 25 28 46 -1 1 61 70 87 -1 -2
18 41 73 88 -1 13 28 71 73 -1 26 67 80 88 -1 55 71 77 78 -1 36 65 67 99 -1 18 26 69 80 -1 -2
20 68 76 81 -1 11 24 55 85 -1 26 29 69 89 -1 16 45 47 53 -1 3 19 34 86 -1 18 40 93 100 -1 27 42 80 83 -1 28 59 69 99 -1 -2
34 40 65 76 -1 36 57 59 95 -1 42 58 92 98 -1 4 53 76 94 -1 54 81 91 95 -1 45 51 83 84 -1 -2
5 8 56 99 -1 11 37 45 61 -1 26 53 78 99 -1 46 64 78 98 -1 10 18 26 70 -1 59 80 88 96 -1 20 49 56 94 -1 -2
2 37 44 75 -1 -2
26 69 71 84 -1 1 31 50 59 -1 22 48 55 72 -1 20 48 51 88 -1 46 49 55 74 -1 38 58 84 88 -1 2 14 23 81 -1 -2
45 52 53 63 -1 30 33 60 96 -1 -2
18 67 80 90 -1 22 24 25 65 -1 12 26 88 97 -1 -2
47 61 77 88 -1 10 39 67 92 -1 29 69 70 74 -1 4 39 43 93 -1 13 24 35 82 -1 24 29 45 72 -1 -2
19 53 73 98 -1 2 15 35 80 -1 9 18 30 45 -1 7 74 89 94 -1 15 28 63 77 -1 39 42 77 90 -1 -2
57 67 75 82 -1 14 35 77 78 -1 65 77 90 99 -1 7 64 90 92 -1 19 32 52 97 -1 -2
3 8 14 62 -1 35 49 56 87 -1 34 52 65 79 -1 4 31 34 84 -1 29 39 43 85 -1 32 62 72 93 -1 43 61 77 83 -1 -2
23 49 53 58 -1 12 47 74 90 -1 11 41 51 65 -1 38 41 68 88 -1 21 59 63 94 -1 3 28 49 97 -1 -2
10 82 94 96 -1 -2
25 73 78 82 -1 24 55 64 70 -1 26 54 92 98 -1 30 33 71 89 -1 24 27 45 49 -1 -2
11 23 29 30 -1 2 42 83 86 -1 30 31 71 84 -1 27 32 83 92 -1 -2
1 3 24 67 -1 -2
9 37 46 82 -1 1 46 51 62 -1 6 19 20 77 -1 -2
51 61 71 83 -1 17 29 38 88 -1 25 50 60 63 -1 7 36 44 79 -1 -2
9 32 35 96 -1 18 20 45 47 -1 19 25 33 75 -1 5 27 51 61 -1 56 60 85 97 -1 44 49 91 96 -1 16 38 52 91 -1 4 9 13 68 -1 -2
29 60 90 91 -1 7 48 51 53 -1 53 67 84 88 -1 8 31 58 59 -1 8 60 77 88 -1 52 56 71 87 -1 -2
43 82 93 98 -1 -2
4 7 34 37 -1 14 37 47 86 -1 -2
13 46 88 96 -1 6 38 62 64 -1 12 15 57 59 -1 20 55 89 92 -1 -2
1 36 44 69 -1 16 29 71 94 -1 12 18 72 78 -1 -2
18 65 66 68 -1 8 47 48 67 -1 5 16 20 97 -1 5 70 77 80 -1 50 85 87 97 -1 4 36 37 67 -1 -2
16 81 87 89 -1 24 30 80 99 -1 -2
13 21 66 71 -1 5 56 67 87 -1 34 60 78 100 -1 41 57 76 90 -1 29 52 53 58 -1 15 65 89 100 -1 52 59 66 68 -1 5 10 40 56 -1 -2
19 74 76 89 -1 34 56 82 95 -1 12 15 50 68 -1 3 18 69 99 -1 9 29 47 73 -1 2 12 41 50 -1 -2
3 67 73 99 -1 11 37 60 95 -1 9 50 71 75 -1 53 66 76 89 -1 -2
35 39 70 88 -1 -2
55 59 63 97 -1 23 32 75 94 -1 21 24 31 95 -1 68 70 71 80 -1 29 32 56 98 -1 14 46 48 56 -1 -2
28 36 86 94 -1 40 44 61 90 -1 -2
2 20 40 69 -1 7 14 25 67 -1 -2
11 14 24 66 -1 37 49 61 77 -1 12 45 73 74 -1 11 14 24 100 -1 18 24 62 87 -1 26 30 45 46 -1 33 59 93 95 -1 -2
13 66 68 77 -1 16 55 56 97 -1 7 44 46 55 -1 12 15 68 69 -1 19 30 33 43 -1 18 20 50 93 -1 35 68 74 87 -1 -2
43 54 77 86 -1 5 43 63 89 -1 9 61 66 88 -1 13 32 58 73 -1 -2
17 32 51 95 -1 14 40 90 91 -1 12 64 76 96 -1 -2
21 39 47 93 -1 27 34 57 96 -1 3 92 94 95 -1 -2
9 33 79 89 -1 -2
54 74 77 89 -1 2 8 92 100 -1 31 36 85 100 -1 16 27 85 86 -1 63 74 81 96 -1 5 22 39 72 -1 10 17 30 33 -1 4 72 95 96 -1 -2
6 10 65 81 -1 17 64 74 99 -1 44 63 87 100 -1 32 60 86 98 -1 24 45 72 92 -1 21 55 60 92 -1 3 10 78 82 -1 5 68 80 90 -1 -2
19 35 66 87 -1 8 12 31 89 -1 15 56 61 76 -1 13 60 79 83 -1 17 71 73 100 -1 47 62 63 79 -1 39 53 58 70 -1 -2
4 42 46 77 -1 37 55 58 63 -1 -2
11 20 23 56 -1 12 16 71 80 -1 3 64 68 98 -1 34 44 71 85 -1 10 66 75 86 -1 15 38 60 95 -1 -2
3 6 44 91 -1 43 44 66 88 -1 56 57 77 87 -1 23 47 51 60 -1 -2
2 51 61 80 -1 32 74 80 90 -1 29 43 56 88 -1 48 75 77 81 -1 17 31 43 62 -1 37 51 74 81 -1 24 49 68 84 -1 17 19 88 96 -1 -2
29 33 64 67 -1 -2
23 28 34 86 -1 6 58 73 92 -1 18 25 43 56 -1 24 54 78 82 -1 21 22 48 67 -1 14 26 47 72 -1 44 55 57 58 -1 -2
37 43 92 95 -1 3 16 73 82 -1 16 45 47 66 -1 -2
13 27 57 66 -1 1 4 15 33 -1 20 31 41 90 -1 10 46 64 88 -1 -2
38 60 70 89 -1 20 23 71 92 -1 40 68 80 85 -1 -2
14 18 38 75 -1 71 79 80 82 -1 35 53 68 86 -1 6 12 19 92 -1 42 51 96 99 -1 14 72 75 98 -1 -2
62 67 69 87 -1 32 39 72 92 -1 4 10 26 79 -1 17 36 48 99 -1 25 29 51 74 -1 30 55 56 88 -1 2 37 74 99 -1 -2
33 46 69 91 -1 22 23 45 51 -1 -2
6 55 58 87 -1 23 67 81 85 -1 4 34 58 80 -1 17 18 28 54 -1 16 19 53 93 -1 18 27 99 100 -1 30 49 83 100 -1 16 18 73 77 -1 -2
15 43 84 90 -1 35 36 61 78 -1 27 40 46 73 -1 7 15 88 93 -1 6 43 75 97 -1 26 59 72 100 -1 -2
23 33 48 50 -1 3 19 21 91 -1 19 33 58 92 -1 30 53 75 76 -1 21 53 91 98 -1 9 21 68 76 -1 20 50 58 78 -1 23 26 31 60 -1 -2
19 40 42 65 -1 46 66 83 87 -1 10 11 20 22 -1 22 27 29 51 -1 15 27 44 92 -1 3 21 35 72 -1 -2
3 18 71 76 -1 22 87 91 95 -1 26 46 66 97 -1 4 23 46 85 -1 34 36 54 88 -1 30 74 78 90 -1 30 35 50 64 -1 7 47 95 99 -1 -2
11 19 36 83 -1 -2
2 64 67 92 -1 36 48 78 100 -1 12 26 39 48 -1 -2
8 11 41 90 -1 19 24 62 65 -1 -2
38 51 82 88 -1 37 59 64 79 -1 -2
27 42 59 88 -1 43 48 49 54 -1 7 14 49 84 -1 8 15 52 86 -1 6 9 19 79 -1 37 42 96 99 -1 8 20 93 97 -1 -2
24 33 62 66 -1 6 7 19 48 -1 53 65 95 97 -1 8 19 76 91 -1 15 20 35 52 -1 13 53 62 88 -1 31 86 96 99 -1 21 54 55 69 -1 -2
25 47 52 67 -1 10 13 29 82 -1 28 76 77 79 -1 28 31 45 91 -1 26 61 86 96 -1 -2
22 34 66 71 -1 25 51 54 93 -1 15 19 74 83 -1 8 22 70 96 -1 9 42 61 92 -1 31 36 69 89 -1 19 52 64 65 -1 29 35 61 74 -1 -2
24 58 68 88 -1 51 71 75 99 -1 52 53 87 90 -1 41 50 65 82 -1 17 32 77 100 -1 33 41 65 88 -1 -2
35 62 67 90 -1 6 74 86 88 -1 13 32 80 84 -1 41 42 92 97 -1 5 25 39 67 -1 -2
9 34 42 48 -1 12 14 16 59 -1 12 19 63 72 -1 32 48 83 91 -1 -2
48 55 56 77 -1 52 61 73 74 -1 -2
50 62 76 95 -1 26 35 55 86 -1 1 59 80 90 -1 11 29 44 96 -1 26 50 67 85 -1 -2
43 55 66 82 -1 5 16 26 66 -1 17 53 58 88 -1 29 31 69 72 -1 38 39 40 85 -1 8 13 33 49 -1 18 29 49 77 -1 -2
4 11 80 97 -1 17 34 36 49 -1 18 33 58 68 -1 8 13 46 71 -1 5 16 89 94 -1 4 12 55 68 -1 2 18 30 33 -1 -2
21 27 56 76 -1 13 36 71 74 -1 -2
42 91 99 100 -1 30 74 91 95 -1 -2
25 30 35 62 -1 8 54 59 72 -1 12 15 51 52 -1 8 27 62 82 -1 10 49 59 60 -1 6 30 51 68 -1 26 37 80 82 -1 28 41 58 62 -1 -2
4 47 68 83 -1 50 62 63 87 -1 36 58 75 85 -1 33 44 52 69 -1 36 61 66 79 -1 6 65 80 89 -1 10 18 33 45 -1 -2
19 22 66 74 -1 30 31 55 64 -1 5 10 37 60 -1 -2
7 70 88 91 -1 16 40 79 93 -1 12 29 40 93 -1 34 37 81 96 -1 58 72 74 76 -1 39 92 94 98 -1 6 7 41 62 -1 -2
17 71 81 84 -1 21 23 45 70 -1 12 17 64 82 -1 17 35 53 57 -1 14 16 47 89 -1 7 53 92 98 -1 24 72 77 84 -1 -2
28 34 41 94 -1 9 34 38 99 -1 2 21 36 79 -1 40 53 63 95 -1 47 52 64 80 -1 20 34 58 80 -1 -2
5 58 78 87 -1 40 71 76 91 -1 15 17 42 53 -1 9 10 47 100 -1 1 38 50 96 -1 19 46 73 95 -1 18 21 25 78 -1 54 62 95 99 -1 -2
3 40 65 83 -1 5 25 77 84 -1 21 25 52 80 -1 26 30 77 84 -1 -2
24 38 62 80 -1 19 31 41 45 -1 -2
6 17 47 78 -1 1 18 86 90 -1 5 35 59 88 -1 9 21 48 49 -1 23 33 58 84 -1 20 23 87 93 -1 15 24 49 84 -1 18 76 92 94 -1 -2
11 65 88 93 -1 10 21 37 75 -1 -2
3 44 67 69 -1 19 47 58 59 -1 11 40 41 96 -1 16 34 40 92 -1 37 42 53 87 -1 22 34 50 79 -1 22 30 39 70 -1 22 23 37 86 -1 -2
8 10 26 62 -1 18 29 64 77 -1 -2
11 18 36 44 -1 34 60 86 91 -1 1 37 47 88 -1 37 52 66 100 -1 3 53 81 98 -1 11 19 41 76 -1 5 41 54 80 -1 -2
34 55 74 96 -1 23 26 59 99 -1 12 29 32 37 -1 8 10 65 88 -1 -2
9 12 50 62 -1 2 46 77 80 -1 3 24 53 78 -1 36 38 67 79 -1 16 38 40 88 -1 2 3 16 71 -1 -2
43 70 92 96 -1 8 18 21 75 -1 27 49 85 93 -1 18 30 36 61 -1 -2
18 28 50 73 -1 26 38 68 88 -1 24 42 50 92 -1 17 36 49 78 -1 12 19 28 64 -1 -2
1 46 71 99 -1 4 11 36 70 -1 44 55 65 81 -1 9 38 50 65 -1 19 48 49 80 -1 7 61 69 83 -1 -2
34 35 48 79 -1 -2
12 22 38 41 -1 12 25 33 98 -1 3 48 85 87 -1 23 66 79 82 -1 5 19 47 65 -1 -2
20 54 78 88 -1 32 56 87 100 -1 42 52 74 82 -1 7 71 84 92 -1 -2
18 32 50 89 -1 22 34 90 94 -1 11 68 79 89 -1 22 32 40 43 -1 32 34 80 87 -1 -2
30 44 60 94 -1 30 56 75 91 -1 12 22 53 89 -1 -2
18 21 39 78 -1 5 20 22 30 -1 13 66 85 98 -1 1 12 15 24 -1 10 15 57 86 -1 53 62 72 86 -1 12 37 84 91 -1 10 27 56 96 -1 -2
1 14 26 88 -1 44 46 51 68 -1 4 19 22 95 -1 39 55 77 90 -1 1 16 29 78 -1 9 56 59 96 -1 -2
4 31 32 42 -1 16 33 62 92 -1 2 9 11 28 -1 33 80 90 95 -1 18 23 51 77 -1 30 39 48 58 -1 -2
20 46 64 73 -1 -2
53 56 90 92 -1 -2
22 39 41 75 -1 9 20 57 75 -1 45 70 78 82 -1 20 53 69 93 -1 13 31 89 95 -1 1 26 59 80 -1 6 21 52 53 -1 11 18 69 93 -1 -2
9 16 39 96 -1 2 7 44 88 -1 2 19 41 80 -1 9 42 87 89 -1 6 9 78 88 -1 10 12 53 73 -1 22 34 36 71 -1 33 52 75 91 -1 -2
31 42 68 89 -1 58 67 81 84 -1 -2
30 39 95 100 -1 68 82 84 89 -1 11 48 58 67 -1 44 62 93 97 -1 54 58 62 72 -1 15 30 44 99 -1 -2
6 9 88 90 -1 3 30 35 82 -1 36 63 73 98 -1 16 23 56 65 -1 11 22 61 94 -1 9 23 30 64 -1 16 27 58 89 -1 2 6 65 87 -1 -2
22 25 75 81 -1 32 75 83 96 -1 23 29 59 75 -1 20 35 43 62 -1 23 45 47 80 -1 15 17 62 82 -1 5 15 53 65 -1 19 78 81 87 -1 -2
29 55 68 91 -1 -2
9 34 53 87 -1 18 31 66 84 -1 -2
11 38 84 99 -1 19 28 35 65 -1 -2
15 26 74 82 -1 2 38 39 73 -1 1 43 66 83 -1 21 82 84 88 -1 -2
39 71 91 100 -1 7 11 17 100 -1 35 38 87 88 -1 23 73 82 83 -1 -2
22 28 41 81 -1 19 68 94 99 -1 7 48 52 79 -1 34 66 67 92 -1 23 48 50 54 -1 1 4 21 50 -1 -2
34 41 55 84 -1 25 64 65 73 -1 42 56 61 75 -1 19 24 78 79 -1 20 32 57 80 -1 23 52 70 82 -1 12 39 52 74 -1 -2
43 73 75 95 -1 5 27 36 43 -1 23 52 55 66 -1 17 35 69 82 -1 2 57 69 74 -1 17 32 38 42 -1 -2
3 58 64 86 -1 1 22 24 32 -1 15 49 74 78 -1 20 27 32 41 -1 -2
6 43 51 80 -1 17 22 25 75 -1 45 49 74 86 -1 1 25 39 72 -1 42 51 76 92 -1 18 44 52 91 -1 -2
4 15 17 89 -1 30 45 91 92 -1 9 79 82 98 -1 20 56 75 94 -1 19 62 69 94 -1 15 24 61 87 -1 3 12 23 36 -1 -2
12 20 64 87 -1 50 84 92 97 -1 8 15 24 97 -1 4 39 50 73 -1 1 70 92 100 -1 -2
7 41 43 87 -1 5 7 45 98 -1 -2
21 50 61 86 -1 -2
11 38 45 95 -1 -2
38 53 77 91 -1 -2
17 45 46 78 -1 1 3 32 91 -1 48 75 84 87 -1 61 62 69 93 -1 32 38 39 56 -1 26 35 46 99 -1 16 30 34 65 -1 65 67 71 90 -1 -2
5 58 81 93 -1 21 69 82 96 -1 9 16 31 35 -1 38 71 86 90 -1 46 55 66 90 -1 -2
9 37 72 99 -1 34 43 77 92 -1 3 91 94 96 -1 18 20 49 74 -1 -2
1 5 13 46 -1 41 81 89 91 -1 34 49 59 92 -1 47 60 77 81 -1 15 36 55 90 -1 20 40 68 90 -1 14 24 45 49 -1 -2
53 54 65 97 -1 8 75 84 85 -1 2 13 27 41 -1 -2
22 34 54 78 -1 13 39 52 72 -1 40 51 86 88 -1 9 26 58 68 -1 5 26 75 98 -1 26 34 63 98 -1 5 63 75 82 -1 2 20 51 78 -1 -2
16 19 23 37 -1 30 54 71 96 -1 13 14 63 66 -1 -2
17 36 89 93 -1 -2
1 14 74 91 -1 -2
21 48 51 76 -1 10 11 70 84 -1 -2
3 24 49 64 -1 4 25 37 51 -1 7 68 71 79 -1 1 22 38 85 -1 32 33 38 79 -1 -2
7 31 91 98 -1 6 19 84 88 -1 23 49 53 66 -1 21 43 55 100 -1 -2
13 14 54 56 -1 8 22 34 97 -1 31 42 57 73 -1 37 46 64 68 -1 6 32 64 95 -1 56 76 91 97 -1 -2
13 58 62 68 -1 15 16 75 96 -1 2 4 39 82 -1 26 27 48 77 -1 -2
12 25 56 90 -1 17 41 44 53 -1 -2
11 57 66 88 -1 8 10 36 89 -1 17 40 56 97 -1 20 70 72 98 -1 8 15 28 59 -1 -2
62 65 80 98 -1 40 51 55 96 -1 -2
1 5 28 42 -1 9 10 25 78 -1 -2
17 20 54 97 -1 4 85 86 93 -1 -2
21 47 61 82 -1 6 21 51 60 -1 67 73 95 99 -1 14 36 82 99 -1 30 41 45 68 -1 16 50 52 91 -1 26 27 37 96 -1 -2
3 17 20 46 -1 16 53 84 92 -1 15 20 74 79 -1 45 49 51 94 -1 28 46 60 75 -1 48 57 85 91 -1 -2
23 50 54 91 -1 2 8 10 97 -1 3 32 68 99 -1 18 33 63 75 -1 -2
37 47 71 96 -1 8 65 87 98 -1 14 31 56 88 -1 -2
11 29 58 99 -1 45 47 61 71 -1 22 35 77 91 -1 43 69 76 89 -1 20 45 53 90 -1 20 46 55 61 -1 12 53 88 98 -1 18 38 65 82 -1 -2
16 25 32 53 -1 16 18 32 90 -1 17 47 71 72 -1 32 41 47 57 -1 42 73 74 90 -1 -2
3 27 54 76 -1 34 53 54 81 -1 48 51 73 99 -1 38 68 74 83 -1 36 42 44 97 -1 -2
21 35 46 85 -1 24 28 47 72 -1 17 22 67 89 -1 19 37 45 91 -1 34 61 64 87 -1 20 32 47 78 -1 -2
20 36 62 94 -1 44 48 83 90 -1 -2
23 46 55 88 -1 -2
6 22 89 93 -1 2 15 29 56 -1 -2
10 20 64 93 -1 19 22 26 98 -1 2 62 64 75 -1 -2
16 33 43 47 -1 41 56 70 87 -1 20 30 63 92 -1 -2
34 43 78 79 -1 3 11 22 72 -1 19 52 93 96 -1 4 8 17 30 -1 16 40 65 74 -1 5 21 29 84 -1 5 12 38 53 -1 -2
35 36 62 95 -1 10 55 69 70 -1 13 48 85 98 -1 24 59 73 93 -1 4 46 76 92 -1 1 59 94 100 -1 4 17 49 83 -1 1 57 62 78 -1 -2
56 73 74 87 -1 25 30 57 100 -1 50 66 82 89 -1 54 71 78 80 -1 5 31 55 81 -1 15 35 48 93 -1 5 14 78 96 -1 -2
36 39 61 63 -1 -2
32 57 66 86 -1 7 43 46 96 -1 72 79 84 91 -1 51 58 62 96 -1 -2
46 74 83 96 -1 11 34 49 82 -1 26 83 87 99 -1 17 68 88 92 -1 -2
18 28 69 90 -1 16 34 50 60 -1 39 42 65 69 -1 18 39 54 61 -1 13 58 62 88 -1 26 68 76 77 -1 -2
2 20 28 34 -1 1 44 69 76 -1 39 49 65 93 -1 27 43 58 71 -1 1 31 39 97 -1 4 13 39 61 -1 -2
5 36 59 70 -1 5 26 41 82 -1 21 25 40 69 -1 43 59 83 94 -1 29 47 56 100 -1 -2
10 21 53 90 -1 -2
55 60 91 98 -1 27 28 36 55 -1 10 26 43 92 -1 8 14 50 54 -1 22 30 53 91 -1 14 44 59 68 -1 8 38 54 74 -1 1 37 56 81 -1 -2
10 44 55 94 -1 42 49 74 78 -1 8 24 63 79 -1 10 46 52 58 -1 42 44 46 73 -1 4 42 60 83 -1 -2
28 55 96 99 -1 -2
16 31 46 99 -1 21 34 73 80 -1 3 8 27 47 -1 21 44 70 74 -1 37 55 88 97 -1 -2
10 39 77 91 -1 9 17 41 99 -1 59 71 81 82 -1 10 58 76 86 -1 20 81 84 96 -1 21 44 53 75 -1 17 46 77 90 -1 1 57 71 77 -1 -2
9 22 34 97 -1 7 20 91 95 -1 19 43 64 84 -1 -2
26 41 53 82 -1 3 12 18 65 -1 12 37 59 63 -1 13 82 87 95 -1 11 38 45 81 -1 32 74 90 91 -1 7 44 68 91 -1 10 14 84 91 -1 -2
19 64 89 97 -1 12 29 30 71 -1 19 36 54 82 -1 29 37 82 98 -1 23 26 41 100 -1 8 15 46 65 -1 16 33 41 99 -1 -2
24 26 92 93 -1 10 49 53 69 -1 -2
4 42 74 94 -1 -2
20 21 31 84 -1 39 42 57 58 -1 11 44 62 63 -1 9 38 70 96 -1 15 41 49 69 -1 1 5 17 90 -1 2 81 87 90 -1 -2
10 21 58 80 -1 29 32 35 51 -1 10 48 57 74 -1 14 24 45 56 -1 44 51 76 94 -1 -2
9 27 36 41 -1 2 56 75 91 -1 18 44 58 77 -1 10 29 87 95 -1 20 32 44 96 -1 -2
6 44 86 96 -1 4 22 81 82 -1 9 17 40 71 -1 60 63 89 99 -1 7 43 76 99 -1 46 60 67 70 -1 12 26 30 92 -1 62 72 86 94 -1 -2
36 48 63 92 -1 35 44 67 69 -1 -2
50 69 90 100 -1 -2
3 75 81 86 -1 35 58 59 80 -1 6 12 36 71 -1 1 31 89 94 -1 56 57 67 84 -1 44 69 84 85 -1 32 46 66 67 -1 -2
32 39 55 66 -1 46 77 85 88 -1 13 76 86 92 -1 -2
4 25 33 73 -1 5 60 77 87 -1 -2
64 66 87 92 -1 8 75 76 79 -1 7 17 39 53 -1 9 39 44 89 -1 17 34 45 66 -1 39 54 71 94 -1 -2
36 57 64 81 -1 -2
6 20 28 70 -1 7 18 20 74 -1 1 48 59 80 -1 16 70 79 90 -1 10 13 17 98 -1 1 25 36 83 -1 16 26 78 89 -1 -2
2 31 37 67 -1 13 31 34 92 -1 15 46 93 98 -1 36 61 74 86 -1 24 68 93 96 -1 8 22 72 74 -1 33 74 84 91 -1 53 61 68 80 -1 -2
25 67 83 90 -1 28 31 65 82 -1 15 22 53 57 -1 22 33 54 69 -1 14 16 54 68 -1 16 37 39 46 -1 -2
25 29 35 66 -1 22 26 33 40 -1 27 36 60 64 -1 10 17 31 38 -1 3 60 80 88 -1 -2
31 34 44 81 -1 5 9 69 73 -1 18 36 57 96 -1 8 43 46 60 -1 42 51 81 99 -1 20 28 30 53 -1 24 48 64 90 -1 -2
42 54 76 97 -1 40 56 64 77 -1 16 25 79 84 -1 23 37 40 84 -1 3 25 30 31 -1 1 5 51 96 -1 -2
11 38 44 86 -1 17 36 49 91 -1 2 49 68 92 -1 -2
17 56 69 88 -1 -2
1 34 52 70 -1 36 44 57 88 -1 -2
15 26 70 71 -1 17 54 55 75 -1 15 23 34 35 -1 16 24 73 85 -1 29 61 67 85 -1 45 48 60 93 -1 8 39 47 76 -1 4 9 64 76 -1 -2
34 36 56 94 -1 11 12 24 46 -1 23 61 63 67 -1 -2
42 54 62 88 -1 39 43 48 79 -1 6 9 13 24 -1 5 52 84 100 -1 5 37 44 64 -1 10 16 83 100 -1 -2
31 37 42 87 -1 15 16 47 75 -1 -2
17 24 37 80 -1 19 52 81 94 -1 -2
51 54 61 94 -1 23 27 53 82 -1 -2
31 38 60 87 -1 10 18 58 71 -1 48 50 66 90 -1 34 42 74 80 -1 23 37 63 86 -1 32 36 39 43 -1 3 18 21 97 -1 9 38 64 81 -1 -2
14 16 21 86 -1 29 39 54 67 -1 2 3 9 94 -1 16 30 31 78 -1 54 64 75 97 -1 -2
6 50 83 85 -1 17 41 67 92 -1 27 61 77 91 -1 -2
5 54 63 75 -1 17 40 52 53 -1 12 72 82 94 -1 30 55 79 85 -1 5 27 43 57 -1 16 33 89 95 -1 48 49 55 80 -1 -2
12 35 39 79 -1 10 84 85 90 -1 4 33 37 80 -1 19 26 59 95 -1 7 8 54 88 -1 10 42 73 90 -1 -2
30 43 76 88 -1 16 64 82 86 -1 15 74 79 99 -1 9 36 37 61 -1 28 46 49 94 -1 4 10 18 32 -1 -2
20 69 82 94 -1 28 38 42 91 -1 18 19 42 92 -1 13 27 65 79 -1 69 74 82 92 -1 10 35 86 93 -1 14 43 81 93 -1 2 23 26 82 -1 -2
23 49 59 86 -1 15 21 63 80 -1 1 27 34 82 -1 38 39 42 44 -1 17 37 51 53 -1 29 34 58 73 -1 17 48 58 94 -1 37 38 41 100 -1 -2
6 15 76 95 -1 14 19 57 59 -1 7 13 17 69 -1 47 49 73 76 -1 18 55 57 58 -1 1 2 58 81 -1 24 35 55 95 -1 22 51 53 56 -1 -2
8 34 79 90 -1 15 40 55 61 -1 21 56 59 76 -1 36 41 57 99 -1 14 18 52 99 -1 -2
31 36 39 78 -1 23 49 60 93 -1 -2
2 11 53 63 -1 -2
38 68 72 95 -1 -2
8 50 55 86 -1 26 29 48 72 -1 34 63 69 84 -1 2 5 75 76 -1 11 17 36 89 -1 -2
5 23 49 86 -1 13 19 58 70 -1 18 22 44 49 -1 37 50 54 77 -1 -2
10 58 78 92 -1 51 63 80 97 -1 -2
2 33 76 84 -1 1 32 58 99 -1 17 19 34 62 -1 6 13 25 88 -1 -2
1 3 7 90 -1 -2
27 80 85 95 -1 12 71 81 93 -1 -2
8 11 55 66 -1 -2
40 58 68 98 -1 1 20 29 62 -1 -2
2 22 24 60 -1 4 26 52 62 -1 46 47 78 90 -1 -2
2 26 46 70 -1 -2
20 45 49 87 -1 28 67 71 92 -1 33 39 80 97 -1 13 21 57 96 -1 20 61 64 70 -1 15 38 63 71 -1 20 41 85 86 -1 17 36 78 97 -1 -2
15 19 70 78 -1 -2
6 37 65 87 -1 -2
40 42 83 95 -1 5 66 67 85 -1 -2
62 73 76 94 -1 39 50 63 91 -1 6 28 48 54 -1 51 55 69 99 -1 25 53 77 95 -1 -2
29 32 44 88 -1 52 80 90 94 -1 55 83 85 100 -1 8 24 50 55 -1 12 23 92 99 -1 26 27 31 52 -1 29 78 99 100 -1 16 21 22 32 -1 -2
4 55 66 98 -1 34 35 37 45 -1 29 31 50 85 -1 1 4 37 89 -1 24 71 75 91 -1 4 49 63 64 -1 22 23 26 41 -1 6 13 32 40 -1 -2
6 20 52 98 -1 15 18 19 33 -1 -2
13 17 72 94 -1 30 68 70 72 -1 63 69 75 83 -1 23 28 36 48 -1 4 14 90 99 -1 42 43 63 82 -1 -2
4 47 73 76 -1 42 45 93 100 -1 51 72 82 95 -1 4 27 75 80 -1 3 32 87 97 -1 19 41 50 77 -1 40 46 52 92 -1 36 45 48 57 -1 -2
3 41 63 70 -1 -2
4 7 14 83 -1 4 61 76 95 -1 -2
17 61 71 77 -1 4 15 70 92 -1 26 53 81 92 -1 48 52 73 76 -1 -2
15 26 27 87 -1 32 72 81 83 -1 14 50 64 99 -1 8 32 86 95 -1 -2
6 12 26 58 -1 18 79 92 95 -1 38 43 76 90 -1 11 22 26 65 -1 -2
19 39 56 62 -1 34 54 67 80 -1 -2
38 44 53 89 -1 22 30 53 74 -1 37 48 80 93 -1 7 14 28 83 -1 17 27 96 99 -1 58 68 85 90 -1 4 7 74 77 -1 -2
6 28 88 97 -1 2 7 10 21 -1 33 44 64 83 -1 22 62 73 77 -1 5 30 50 62 -1 10 29 67 71 -1 -2
22 29 55 82 -1 29 36 67 91 -1 15 36 66 77 -1 11 17 19 41 -1 3 59 93 99 -1 56 62 80 83 -1 56 72 75 90 -1 -2
1 24 78 90 -1 -2
28 29 36 50 -1 3 8 33 44 -1 4 6 64 98 -1 11 28 76 100 -1 51 60 75 92 -1 66 70 72 78 -1 29 40 47 68 -1 15 38 42 79 -1 -2
33 45 47 84 -1 12 14 19 49 -1 22 26 71 95 -1 43 59 83 88 -1 -2
23 39 56 70 -1 13 25 28 96 -1 30 35 45 76 -1 10 46 96 99 -1 13 14 15 63 -1 22 51 95 97 -1 3 5 46 86 -1 4 48 64 75 -1 -2
2 3 27 84 -1 7 8 24 45 -1 15 79 86 91 -1 30 83 90 97 -1 51 52 63 69 -1 -2
9 36 40 57 -1 -2
9 41 98 100 -1 21 25 37 48 -1 23 26 88 94 -1 5 51 53 92 -1 58 68 75 80 -1 -2
12 16 32 33 -1 25 37 70 96 -1 27 38 65 66 -1 3 25 38 41 -1 19 41 45 88 -1 20 24 37 38 -1 2 72 87 88 -1 -2
12 25 27 57 -1 2 19 51 96 -1 3 32 49 51 -1 -2
1 5 35 39 -1 46 61 82 84 -1 18 49 52 92 -1 24 28 35 38 -1 30 66 78 80 -1 -2
49 56 67 98 -1 17 48 75 92 -1 -2
11 46 48 84 -1 27 39 58 90 -1 11 66 78 94 -1 17 20 23 47 -1 19 34 63 97 -1 13 50 82 94 -1 -2
13 30 50 89 -1 21 30 46 84 -1 1 32 39 51 -1 2 30 45 80 -1 35 37 44 71 -1 24 41 49 78 -1 15 48 50 81 -1 14 30 34 57 -1 -2
11 31 54 61 -1 1 32 41 97 -1 44 66 85 100 -1 29 42 52 83 -1 1 50 57 100 -1 -2
25 86 90 97 -1 -2
18 22 31 67 -1 -2
15 24 79 82 -1 27 49 74 83 -1 35 42 82 99 -1 22 32 51 76 -1 26 48 55 81 -1 8 48 74 100 -1 34 47 58 64 -1 34 40 69 93 -1 -2
5 47 79 90 -1 8 14 50 96 -1 40 44 86 94 -1 -2
43 72 79 85 -1 -2
12 56 89 90 -1 17 18 59 94 -1 8 47 80 82 -1 28 33 69 70 -1 9 31 94 96 -1 25 34 62 100 -1 39 52 78 88 -1 39 52 77 95 -1 -2
9 12 64 80 -1 26 37 56 57 -1 32 42 74 99 -1 -2
30 59 87 89 -1 13 22 73 76 -1 -2
50 58 59 81 -1 29 65 72 81 -1 9 17 42 78 -1 7 12 68 70 -1 9 31 87 95 -1 31 78 82 91 -1 -2
9 60 90 93 -1 24 29 60 67 -1 3 64 74 75 -1 17 32 54 81 -1 9 49 61 64 -1 -2
9 24 60 70 -1 7 17 24 58 -1 -2
4 24 38 43 -1 21 26 42 65 -1 7 78 83 90 -1 -2
1 43 61 78 -1 18 23 27 66 -1 7 18 45 68 -1 38 46 47 96 -1 -2
8 50 66 94 -1 20 26 40 51 -1 37 44 54 73 -1 4 41 53 85 -1 8 10 38 75 -1 -2
38 56 65 92 -1 11 29 55 90 -1 27 35 46 53 -1 -2
6 41 65 85 -1 14 34 40 76 -1 11 27 42 71 -1 5 29 33 59 -1 11 43 55 59 -1 9 11 82 84 -1 17 65 74 88 -1 11 26 67 91 -1 -2
33 52 67 98 -1 2 18 31 32 -1 20 58 94 97 -1 38 62 78 88 -1 -2
14 37 42 83 -1 46 49 65 78 -1 5 28 76 89 -1 36 67 77 100 -1 28 50 75 92 -1 12 51 56 91 -1 -2
4 18 33 45 -1 10 30 34 99 -1 -2
62 84 85 90 -1 4 73 81 82 -1 -2
41 61 77 83 -1 -2
12 28 35 52 -1 4 80 86 99 -1 16 42 57 69 -1 -2
29 48 63 86 -1 -2
1 67 70 95 -1 34 44 76 82 -1 32 52 90 98 -1 9 27 75 84 -1 7 19 53 73 -1 3 35 76 79 -1 29 33 48 83 -1 -2
6 24 68 73 -1 37 40 70 93 -1 13 57 63 84 -1 4 20 24 85 -1 1 22 38 54 -1 15 51 84 97 -1 -2
34 51 70 88 -1 42 69 94 96 -1 21 36 53 89 -1 21 42 73 92 -1 2 8 9 38 -1 -2
22 42 64 82 -1 15 37 68 71 -1 -2
26 36 50 89 -1 26 30 45 88 -1 16 69 78 82 -1 44 50 74 81 -1 -2
2 11 60 76 -1 -2
3 42 51 99 -1 20 25 57 92 -1 -2
5 16 28 31 -1 -2
6 12 31 61 -1 37 45 66 80 -1 9 12 72 78 -1 5 52 91 96 -1 5 16 44 96 -1 -2
21 41 42 99 -1 19 29 53 92 -1 13 43 65 85 -1 8 71 73 93 -1 22 39 65 87 -1 28 43 99 100 -1 -2
1 55 75 99 -1 30 54 72 99 -1 38 49 73 85 -1 -2
11 15 63 69 -1 -2
5 25 30 67 -1 -2
63 67 83 87 -1 11 23 35 91 -1 10 48 90 91 -1 -2
12 65 82 86 -1 2 23 39 53 -1 2 10 67 82 -1 -2
28 40 61 91 -1 6 36 63 64 -1 -2
1 36 55 92 -1 -2
26 68 83 95 -1 10 69 75 91 -1 13 47 54 71 -1 9 33 41 63 -1 8 14 53 62 -1 28 29 55 84 -1 4 55 91 93 -1 4 30 32 81 -1 -2
3 4 20 51 -1 29 55 74 94 -1 33 47 79 94 -1 10 46 67 95 -1 -2
26 40 69 72 -1 19 20 36 50 -1 9 25 56 79 -1 18 29 36 62 -1 9 44 51 82 -1 15 70 75 100 -1 45 53 56 82 -1 30 44 87 93 -1 -2
31 32 37 93 -1 18 49 52 96 -1 13 35 57 70 -1 38 70 88 100 -1 -2
39 43 86 98 -1 36 37 53 79 -1 5 52 67 75 -1 18 76 84 97 -1 29 34 74 78 -1 63 70 96 97 -1 35 42 62 63 -1 -2
4 12 22 89 -1 13 29 52 87 -1 4 19 38 95 -1 27 45 71 82 -1 17 24 62 88 -1 -2
28 72 88 100 -1 12 17 18 74 -1 13 34 67 85 -1 28 52 65 92 -1 19 29 39 64 -1 25 55 60 93 -1 15 44 46 78 -1 23 25 40 42 -1 -2
29 44 50 65 -1 10 13 16 35 -1 1 24 79 97 -1 51 56 83 91 -1 42 69 86 98 -1 -2
64 81 82 90 -1 21 29 78 89 -1 2 12 37 92 -1 1 22 34 70 -1 10 18 31 61 -1 24 38 66 93 -1 18 24 86 99 -1 -2
2 55 93 95 -1 29 44 46 95 -1 12 76 84 87 -1 15 43 49 70 -1 1 26 70 73 -1 -2
5 22 27 83 -1 2 20 42 58 -1 60 77 84 94 -1 41 63 82 89 -1 -2
6 28 49 58 -1 -2
13 40 47 57 -1 23 45 68 87 -1 4 77 87 100 -1 17 49 60 96 -1 7 14 74 96 -1 12 51 63 79 -1 -2
5 20 27 81 -1 5 24 28 44 -1 28 42 43 49 -1 13 22 55 91 -1 -2
13 26 54 61 -1 18 71 73 89 -1 24 42 62 83 -1 6 34 73 95 -1 31 50 78 88 -1 6 33 69 79 -1 4 27 81 89 -1 -2
27 42 71 91 -1 25 30 60 63 -1 49 55 65 83 -1 8 28 38 98 -1 7 13 79 91 -1 47 70 78 91 -1 13 77 85 86 -1 -2
13 22 64 100 -1 45 51 73 83 -1 11 32 69 70 -1 -2
52 63 65 83 -1 17 19 20 91 -1 3 40 56 98 -1 -2
2 37 76 91 -1 2 9 63 69 -1 40 67 71 74 -1 14 18 44 66 -1 11 12 56 63 -1 -2
7 55 84 98 -1 39 64 80 99 -1 62 63 67 73 -1 -2
7 18 63 72 -1 2 57 65 89 -1 9 49 52 60 -1 34 42 76 88 -1 13 30 90 96 -1 3 21 88 100 -1 37 44 53 64 -1 17 45 64 94 -1 -2
2 22 31 64 -1 3 19 32 96 -1 36 52 56 89 -1 5 21 44 54 -1 22 36 57 88 -1 -2
12 41 44 69 -1 15 23 79 95 -1 38 74 79 100 -1 19 39 57 58 -1 16 40 73 100 -1 18 20 65 98 -1 30 49 79 82 -1 -2
34 56 77 93 -1 6 9 24 92 -1 24 49 50 51 -1 55 65 75 93 -1 62 86 87 92 -1 3 36 58 92 -1 18 60 66 78 -1 -2
1 9 38 66 -1 2 4 7 30 -1 -2
2 22 86 91 -1 1 4 8 22 -1 17 30 52 74 -1 30 45 56 58 -1 11 34 58 76 -1 -2
14 53 60 61 -1 10 32 39 66 -1 -2
41 61 92 98 -1 78 86 87 100 -1 27 55 63 82 -1 55 62 75 79 -1 -2
4 47 62 93 -1 30 62 65 83 -1 3 6 13 18 -1 4 26 41 96 -1 23 66 82 96 -1 -2
28 31 34 96 -1 31 44 62 76 -1 31 33 45 51 -1 5 59 75 80 -1 7 52 58 89 -1 -2
3 24 38 76 -1 21 40 42 72 -1 4 20 46 61 -1 -2
47 86 92 97 -1 52 70 75 85 -1 44 53 59 70 -1 31 48 49 97 -1 5 30 36 53 -1 -2
7 30 54 83 -1 25 34 40 78 -1 34 36 50 51 -1 47 51 79 81 -1 -2
17 65 90 91 -1 23 34 51 54 -1 25 34 73 75 -1 2 8 14 72 -1 4 8 16 73 -1 -2
9 31 81 82 -1 -2
4 7 36 48 -1 -2
6 21 40 84 -1 22 26 71 86 -1 16 45 53 60 -1 11 12 33 65 -1 5 9 14 31 -1 21 28 78 98 -1 33 34 39 72 -1 -2
4 5 18 81 -1 -2
20 35 58 82 -1 59 80 82 86 -1 16 50 76 86 -1 4 50 62 100 -1 43 49 63 84 -1 30 35 72 86 -1 -2
16 48 62 67 -1 33 54 64 76 -1 2 39 68 69 -1 10 38 42 43 -1 33 41 90 93 -1 -2
6 17 44 94 -1 7 26 43 69 -1 31 40 51 99 -1 10 16 35 64 -1 15 46 70 90 -1 16 32 56 63 -1 -2
17 21 70 97 -1 6 11 53 83 -1 8 49 71 85 -1 11 19 39 63 -1 -2
4 32 62 69 -1 75 76 78 97 -1 14 27 74 80 -1 47 61 78 100 -1 1 11 34 50 -1 36 51 83 96 -1 3 45 59 78 -1 -2
61 64 81 87 -1 7 42 56 78 -1 -2
23 71 76 86 -1 8 36 43 82 -1 21 36 94 98 -1 5 13 39 82 -1 6 16 70 92 -1 -2
20 26 33 97 -1 2 10 13 47 -1 11 47 50 94 -1 5 18 33 67 -1 29 30 49 50 -1 24 36 51 74 -1 37 51 53 100 -1 69 71 76 99 -1 -2
9 61 74 77 -1 33 36 43 73 -1 3 15 75 80 -1 6 45 59 87 -1 27 50 58 60 -1 11 50 77 90 -1 42 48 74 95 -1 39 59 69 89 -1 -2
1 18 22 67 -1 -2
3 52 78 80 -1 -2
34 44 55 74 -1 46 67 74 87 -1 37 63 69 90 -1 10 26 70 95 -1 13 37 54 89 -1 24 41 54 74 -1 -2
16 25 33 80 -1 9 15 44 95 -1 22 37 44 64 -1 19 45 72 96 -1 19 41 67 78 -1 1 51 62 77 -1 5 33 59 63 -1 12 18 46 93 -1 -2
13 45 67 74 -1 12 66 72 81 -1 1 32 43 67 -1 17 33 57 85 -1 19 38 81 86 -1 1 74 83 100 -1 -2
18 62 75 99 -1 21 54 83 98 -1 6 25 56 87 -1 30 39 58 62 -1 5 70 72 97 -1 28 48 60 68 -1 17 40 59 72 -1 62 73 77 80 -1 -2
14 26 31 34 -1 18 30 45 82 -1 19 35 71 74 -1 43 84 88 93 -1 14 30 85 91 -1 -2
14 24 38 89 -1 31 72 85 95 -1 1 4 14 42 -1 17 20 66 77 -1 17 63 98 99 -1 34 51 81 86 -1 61 72 75 100 -1 6 14 52 64 -1 -2
11 30 61 64 -1 13 40 42 95 -1 24 36 39 53 -1 15 30 46 64 -1 28 59 87 98 -1 13 31 54 96 -1 32 65 68 88 -1 -2
7 11 18 37 -1 31 39 67 99 -1 42 46 73 80 -1 21 26 76 98 -1 -2
26 38 46 83 -1 24 37 73 84 -1 30 54 89 97 -1 -2
4 34 88 91 -1 1 2 26 58 -1 25 29 31 74 -1 8 62 86 87 -1 -2
45 62 84 86 -1 10 12 72 96 -1 23 40 76 96 -1 -2
15 30 66 95 -1 5 11 66 80 -1 2 23 80 83 -1 44 83 91 98 -1 22 34 58 83 -1 -2
22 39 83 91 -1 57 78 82 88 -1 26 47 75 81 -1 9 22 57 72 -1 -2
1 28 59 71 -1 59 69 80 96 -1 -2
10 28 31 47 -1 33 41 52 58 -1 22 47 75 90 -1 24 43 72 77 -1 29 38 49 55 -1 10 44 85 92 -1 49 55 63 89 -1 42 54 80 98 -1 -2
56 93 95 99 -1 12 17 70 80 -1 -2
53 65 77 79 -1 9 41 72 73 -1 30 56 62 95 -1 16 59 87 91 -1 52 60 71 80 -1 15 24 85 95 -1 -2
36 60 64 80 -1 21 44 52 76 -1 7 17 30 93 -1 6 20 32 64 -1 -2
2 34 81 83 -1 37 44 46 72 -1 30 41 42 71 -1 8 28 48 64 -1 1 62 93 99 -1 23 24 84 92 -1 -2
25 39 64 91 -1 -2
32 52 57 76 -1 1 17 21 65 -1 1 35 90 92 -1 17 45 49 84 -1 -2
13 63 66 81 -1 4 51 55 62 -1 32 34 66 85 -1 18 27 43 64 -1 20 35 42 78 -1 36 58 66 97 -1 24 56 72 96 -1 -2
16 25 26 47 -1 65 68 88 99 -1 -2
12 32 91 98 -1 20 23 40 44 -1 37 61 79 87 -1 4 6 54 64 -1 22 30 83 97 -1 -2
23 50 58 61 -1 35 50 53 83 -1 22 32 68 98 -1 29 62 86 90 -1 24 25 31 63 -1 -2
45 47 85 87 -1 -2
52 53 76 81 -1 27 33 78 97 -1 -2
9 16 65 83 -1 -2
33 41 56 95 -1 13 42 74 82 -1 15 56 61 62 -1 -2
51 68 78 99 -1 12 66 82 89 -1 39 48 56 100 -1 -2
10 73 84 87 -1 10 21 51 59 -1 23 30 40 98 -1 -2
54 67 81 86 -1 20 38 51 79 -1 7 47 80 81 -1 4 52 74 97 -1 -2
31 61 63 93 -1 34 45 58 89 -1 42 61 66 84 -1 54 76 93 99 -1 4 29 47 89 -1 39 42 43 89 -1 22 32 49 100 -1 2 58 74 94 -1 -2
12 16 70 98 -1 19 35 42 80 -1 -2
24 49 58 66 -1 21 40 41 75 -1 5 30 45 80 -1 5 17 54 94 -1 22 23 54 66 -1 48 60 64 99 -1 -2
14 45 65 84 -1 -2
25 39 75 85 -1 8 11 54 55 -1 10 24 55 67 -1 4 37 61 81 -1 5 10 29 84 -1 5 6 33 44 -1 18 50 51 59 -1 -2
5 17 28 90 -1 8 68 79 92 -1 11 17 22 55 -1 -2
1 21 67 95 -1 10 13 25 86 -1 24 35 46 92 -1 69 76 81 98 -1 31 69 75 100 -1 22 31 34 93 -1 35 39 68 86 -1 -2
9 11 69 87 -1 5 16 85 86 -1 2 17 31 49 -1 26 29 30 71 -1 59 84 93 96 -1 4 34 39 96 -1 5 23 29 95 -1 -2
10 49 71 80 -1 27 48 74 91 -1 69 71 76 81 -1 1 9 47 78 -1 51 66 77 83 -1 18 32 35 58 -1 22 24 27 49 -1 -2
3 10 79 99 -1 -2
13 16 34 71 -1 6 19 43 98 -1 1 14 24 42 -1 9 72 84 91 -1 10 34 61 76 -1 27 44 56 92 -1 7 12 17 73 -1 27 40 47 89 -1 -2
13 50 53 54 -1 -2
40 61 64 76 -1 6 8 93 99 -1 21 22 62 77 -1 6 8 31 83 -1 3 26 59 90 -1 22 58 74 93 -1 -2
15 42 45 72 -1 18 24 44 82 -1 10 30 39 59 -1 48 68 82 89 -1 34 48 77 93 -1 16 48 85 91 -1 -2
22 28 32 68 -1 -2
32 48 53 84 -1 22 44 63 83 -1 17 70 81 92 -1 20 37 70 77 -1 -2
37 48 65 70 -1 -2
46 82 83 85 -1 20 34 46 74 -1 15 22 44 98 -1 1 31 46 82 -1 1 35 48 57 -1 33 65 81 87 -1 54 82 93 97 -1 26 43 77 99 -1 -2
8 23 76 87 -1 18 25 64 96 -1 32 44 89 91 -1 41 53 62 99 -1 10 16 67 80 -1 6 11 27 41 -1 10 37 50 61 -1 -2
53 59 74 75 -1 16 28 37 66 -1 31 58 71 95 -1 11 23 58 63 -1 41 49 51 81 -1 12 38 61 89 -1 24 38 81 100 -1 35 55 59 61 -1 -2
15 18 59 97 -1 3 84 89 97 -1 35 41 68 87 -1 40 75 86 94 -1 1 20 33 76 -1 11 35 76 90 -1 6 21 31 48 -1 -2
18 44 76 94 -1 43 63 86 94 -1 1 15 16 99 -1 21 23 29 63 -1 18 61 91 93 -1 4 59 65 98 -1 13 59 83 99 -1 -2
5 8 41 73 -1 -2
72 73 76 94 -1 11 29 75 93 -1 7 14 37 78 -1 16 17 64 98 -1 45 54 60 69 -1 5 6 9 79 -1 22 39 63 82 -1 -2
35 70 91 98 -1 7 36 60 75 -1 1 36 43 100 -1 24 73 75 79 -1 -2
24 44 45 79 -1 7 20 36 40 -1 13 36 37 80 -1 6 8 18 85 -1 1 6 69 76 -1 -2
33 39 54 56 -1 -2
59 90 94 99 -1 14 29 54 83 -1 -2
5 66 77 95 -1 4 9 11 42 -1 5 7 37 53 -1 29 58 68 92 -1 28 49 50 66 -1 51 57 72 75 -1 2 6 42 92 -1 -2
27 54 74 91 -1 8 12 77 94 -1 -2
16 39 63 100 -1 31 72 82 100 -1 6 16 40 61 -1 33 44 89 100 -1 3 52 79 90 -1 4 27 55 58 -1 9 25 29 78 -1 7 19 51 91 -1 -2
82 86 92 96 -1 2 61 69 89 -1 5 7 26 54 -1 -2
6 41 57 69 -1 28 32 94 95 -1 19 36 59 75 -1 22 37 61 76 -1 56 64 81 87 -1 7 18 70 85 -1 80 85 91 94 -1 -2
33 38 74 86 -1 27 34 89 100 -1 22 39 54 92 -1 -2
7 12 18 36 -1 14 17 33 100 -1 31 45 50 74 -1 4 5 33 52 -1 22 40 46 84 -1 6 75 90 99 -1 -2
15 24 85 91 -1 4 44 48 93 -1 12 54 62 84 -1 17 45 78 88 -1 27 38 46 68 -1 11 37 52 57 -1 10 19 45 77 -1 -2
12 17 32 79 -1 34 42 85 92 -1 25 33 52 53 -1 5 16 40 66 -1 2 9 17 67 -1 4 19 45 69 -1 -2
23 40 60 87 -1 36 50 63 100 -1 68 74 82 87 -1 66 86 94 97 -1 -2
7 56 87 92 -1 41 49 71 94 -1 45 79 88 90 -1 10 51 61 63 -1 -2
54 84 89 99 -1 56 59 81 85 -1 2 33 42 72 -1 3 48 76 79 -1 4 48 86 94 -1 -2
11 44 54 59 -1 3 8 18 50 -1 63 64 94 97 -1 32 68 83 88 -1 14 25 62 71 -1 4 39 41 62 -1 5 12 35 37 -1 55 73 74 98 -1 -2
28 33 37 88 -1 -2
8 28 47 59 -1 23 58 90 92 -1 30 50 62 77 -1 29 31 41 54 -1 -2
8 10 26 44 -1 10 23 38 44 -1 -2
22 38 57 88 -1 17 66 91 92 -1 11 33 59 85 -1 8 61 92 95 -1 65 70 96 99 -1 1 3 30 79 -1 43 65 66 80 -1 28 29 70 85 -1 -2
20 24 36 55 -1 33 52 59 73 -1 27 54 65 77 -1 6 17 79 82 -1 23 27 73 83 -1 19 30 31 65 -1 -2
3 26 53 100 -1 3 32 50 62 -1 2 60 61 83 -1 23 48 67 89 -1 49 58 62 90 -1 44 57 64 74 -1 -2
18 62 83 87 -1 -2
18 24 86 98 -1 -2
5 6 23 59 -1 3 22 28 68 -1 44 46 81 97 -1 2 6 59 86 -1 9 23 26 33 -1 9 23 52 53 -1 1 10 34 95 -1 -2
1 27 73 85 -1 39 49 50 96 -1 3 57 59 86 -1 8 28 48 75 -1 -2
16 56 57 98 -1 49 51 53 62 -1 26 55 83 100 -1 7 50 55 78 -1 8 17 35 48 -1 26 34 43 48 -1 33 48 60 72 -1 9 35 51 89 -1 -2
24 40 43 62 -1 4 42 57 61 -1 14 35 50 57 -1 -2
5 19 44 77 -1 7 9 77 83 -1 26 33 58 93 -1 38 53 56 64 -1 19 27 53 67 -1 49 56 69 85 -1 21 47 81 92 -1 31 34 80 98 -1 -2
27 35 81 86 -1 21 36 47 66 -1 26 69 89 91 -1 34 37 39 80 -1 21 38 54 94 -1 2 3 16 99 -1 12 47 48 80 -1 7 64 69 88 -1 -2
46 73 90 94 -1 42 52 56 91 -1 -2
20 33 43 54 -1 -2
2 32 56 66 -1 14 42 63 93 -1 7 30 34 36 -1 20 44 46 91 -1 5 22 45 70 -1 51 53 62 98 -1 4 36 49 98 -1 -2
35 65 70 80 -1 1 6 65 95 -1 7 36 61 70 -1 -2
29 50 57 59 -1 19 28 64 95 -1 -2
30 64 80 89 -1 67 76 81 92 -1 6 38 48 59 -1 14 27 41 87 -1 46 60 80 94 -1 10 18 78 88 -1 7 8 94 96 -1 -2
14 27 36 75 -1 5 77 83 93 -1 46 48 58 59 -1 14 80 90 95 -1 6 12 37 40 -1 31 43 49 84 -1 -2
10 12 14 19 -1 27 63 64 92 -1 23 88 90 96 -1 9 68 94 95 -1 -2
2 14 51 92 -1 45 53 67 90 -1 1 34 37 80 -1 7 89 94 99 -1 2 34 41 87 -1 4 58 67 99 -1 -2
18 52 67 73 -1 44 49 89 97 -1 16 42 59 83 -1 -2
23 30 71 95 -1 11 40 51 97 -1 43 47 67 91 -1 5 60 65 100 -1 -2
45 61 65 81 -1 7 11 20 88 -1 6 72 73 76 -1 3 18 48 62 -1 -2
31 41 52 71 -1 11 24 46 84 -1 59 73 74 77 -1 -2
29 62 81 97 -1 24 48 61 81 -1 6 51 58 90 -1 54 58 63 100 -1 50 84 86 94 -1 19 29 90 96 -1 -2
46 62 75 79 -1 39 47 61 96 -1 5 6 14 97 -1 -2
77 79 89 92 -1 29 46 52 66 -1 12 49 76 94 -1 42 54 61 64 -1 27 41 70 88 -1 29 59 67 91 -1 6 28 78 95 -1 -2
13 80 84 94 -1 37 38 57 88 -1 -2
26 53 64 71 -1 37 68 69 93 -1 19 30 43 73 -1 22 48 88 90 -1 6 31 47 92 -1 17 19 30 82 -1 7 10 37 47 -1 -2
7 12 60 83 -1 13 40 55 95 -1 3 6 50 69 -1 16 43 62 91 -1 9 20 42 85 -1 20 84 89 94 -1 -2
2 44 70 83 -1 -2
21 39 44 78 -1 -2
8 20 67 86 -1 16 21 72 77 -1 26 40 64 92 -1 -2
18 51 67 77 -1 4 5 63 79 -1 36 45 46 90 -1 3 24 60 94 -1 1 5 9 16 -1 -2
42 72 77 100 -1 2 13 23 79 -1 2 22 27 74 -1 31 85 96 100 -1 40 56 78 87 -1 9 39 62 84 -1 -2
28 51 81 88 -1 5 40 63 80 -1 -2
9 12 47 54 -1 14 29 62 88 -1 -2
56 59 90 99 -1 6 25 72 93 -1 9 18 79 94 -1 3 24 56 76 -1 10 15 77 96 -1 22 43 66 68 -1 8 24 55 58 -1 25 30 81 94 -1 -2
19 28 40 84 -1 5 30 33 83 -1 44 47 55 80 -1 27 57 67 96 -1 3 29 53 71 -1 5 7 68 80 -1 -2
8 20 55 97 -1 44 51 63 99 -1 28 53 57 92 -1 -2
5 38 95 96 -1 15 32 39 61 -1 -2
2 9 47 78 -1 3 12 32 65 -1 63 65 77 82 -1 7 19 36 86 -1 36 38 50 83 -1 16 23 44 67 -1 -2
21 23 71 78 -1 35 48 90 98 -1 -2
37 69 81 92 -1 -2
26 31 35 95 -1 10 41 72 83 -1 13 90 92 99 -1 26 44 45 99 -1 21 80 86 95 -1 15 45 69 80 -1 -2
20 95 96 98 -1 28 62 67 70 -1 -2
40 43 88 91 -1 8 46 69 79 -1 15 22 36 88 -1 33 46 53 65 -1 24 37 73 85 -1 1 58 65 68 -1 -2
60 69 85 91 -1 12 40 64 74 -1 6 23 34 48 -1 44 48 67 76 -1 -2
4 6 60 90 -1 26 33 36 38 -1 -2
20 47 90 98 -1 53 61 64 73 -1 26 34 42 50 -1 18 30 45 82 -1 14 15 19 33 -1 -2
18 41 46 81 -1 -2
58 68 86 99 -1 6 22 36 80 -1 -2
35 69 71 78 -1 16 46 89 90 -1 6 56 72 76 -1 3 30 58 77 -1 2 49 63 86 -1 2 49 61 84 -1 -2
55 58 65 69 -1 2 59 67 73 -1 -2
4 6 51 87 -1 16 37 84 90 -1 7 51 59 80 -1 2 36 43 81 -1 56 57 58 70 -1 26 49 79 91 -1 10 34 57 78 -1 -2
15 17 31 100 -1 9 37 39 66 -1 33 47 51 92 -1 18 21 51 75 -1 3 24 75 76 -1 14 29 49 75 -1 4 17 43 97 -1 -2
3 42 81 84 -1 4 38 51 89 -1 15 26 63 70 -1 36 63 65 100 -1 -2
53 54 61 89 -1 2 10 88 92 -1 43 52 53 68 -1 1 36 47 94 -1 22 58 69 75 -1 24 25 74 76 -1 8 39 44 78 -1 -2
12 14 57 100 -1 3 4 10 91 -1 6 10 93 98 -1 33 77 95 97 -1 45 64 76 77 -1 12 25 42 83 -1 16 26 27 97 -1 -2
3 13 65 81 -1 11 57 68 83 -1 -2
43 59 66 67 -1 33 47 49 76 -1 4 63 87 96 -1 3 36 73 100 -1 -2
42 53 71 78 -1 8 12 29 56 -1 46 48 71 80 -1 26 43 70 96 -1 47 56 81 98 -1 10 24 89 93 -1 1 4 48 54 -1 -2
42 53 97 100 -1 38 48 56 63 -1 65 67 72 75 -1 1 34 70 81 -1 21 83 95 97 -1 2 31 75 100 -1 -2
4 42 63 73 -1 6 31 62 69 -1 5 16 39 81 -1 2 61 76 77 -1 31 81 89 92 -1 -2
23 51 96 98 -1 3 5 42 50 -1 2 35 43 61 -1 23 64 79 82 -1 5 37 51 71 -1 -2
26 49 66 94 -1 -2
34 48 82 99 -1 -2
12 17 46 47 -1 12 60 62 79 -1 -2
38 50 67 68 -1 23 48 95 99 -1 6 19 59 99 -1 7 27 30 95 -1 9 29 37 58 -1 14 21 75 79 -1 11 26 59 85 -1 4 10 37 69 -1 -2
47 49 53 87 -1 27 32 41 78 -1 33 35 36 75 -1 17 76 82 91 -1 56 61 89 96 -1 10 74 91 94 -1 28 47 73 89 -1 3 46 55 67 -1 -2
57 83 91 97 -1 36 42 71 79 -1 39 51 53 66 -1 14 49 63 78 -1 3 45 65 90 -1 -2
18 51 52 62 -1 43 51 83 100 -1 -2
19 78 94 95 -1 6 23 28 38 -1 34 53 57 87 -1 12 23 31 90 -1 16 31 39 93 -1 15 22 39 92 -1 8 15 59 77 -1 18 41 49 93 -1 -2
47 69 72 77 -1 21 41 45 61 -1 33 49 77 90 -1 -2
3 15 36 83 -1 19 40 59 98 -1 31 38 57 81 -1 -2
4 28 57 58 -1 8 10 21 91 -1 7 10 38 60 -1 20 24 36 88 -1 21 55 75 77 -1 1 8 79 90 -1 -2
7 14 15 81 -1 18 22 45 58 -1 20 48 69 73 -1 49 57 63 93 -1 22 40 46 53 -1 45 47 62 92 -1 43 48 75 85 -1 17 38 93 100 -1 -2
6 48 75 76 -1 18 73 88 95 -1 37 57 63 86 -1 25 29 44 95 -1 14 28 90 100 -1 28 61 69 86 -1 37 38 79 95 -1 -2
13 17 83 95 -1 -2
29 43 54 64 -1 5 58 63 93 -1 13 21 81 83 -1 19 20 35 99 -1 1 91 92 95 -1 6 14 38 100 -1 -2
11 12 45 94 -1 9 49 59 63 -1 6 33 42 85 -1 56 71 74 97 -1 12 45 70 77 -1 -2
9 22 30 34 -1 54 81 95 97 -1 2 14 51 92 -1 68 79 95 97 -1 -2
23 24 45 56 -1 17 35 54 59 -1 6 24 39 62 -1 28 39 61 65 -1 22 43 46 71 -1 -2
41 72 78 82 -1 -2
24 25 26 81 -1 17 56 59 79 -1 10 36 56 81 -1 36 43 60 100 -1 4 20 26 82 -1 7 13 43 77 -1 33 82 93 98 -1 1 41 67 82 -1 -2
18 27 42 73 -1 4 27 67 90 -1 1 42 53 87 -1 20 21 27 49 -1 -2
63 71 73 92 -1 34 54 65 78 -1 2 23 53 85 -1 7 44 78 81 -1 6 70 72 98 -1 12 33 36 52 -1 59 63 69 100 -1 24 40 52 62 -1 -2
22 49 55 70 -1 -2
3 5 17 86 -1 2 17 30 54 -1 54 56 77 85 -1 2 3 53 84 -1 5 27 84 94 -1 -2
14 49 76 90 -1 17 47 63 80 -1 1 85 89 96 -1 16 18 22 94 -1 51 68 73 96 -1 -2
18 26 29 65 -1 26 60 62 65 -1 27 28 30 95 -1 20 29 61 67 -1 4 56 66 85 -1 23 64 90 96 -1 15 22 47 80 -1 14 22 33 87 -1 -2
5 85 96 97 -1 4 24 28 92 -1 17 21 28 60 -1 -2
13 26 32 37 -1 3 56 89 96 -1 -2
18 21 79 97 -1 8 12 51 99 -1 3 57 77 86 -1 -2
28 55 82 91 -1 28 53 69 96 -1 9 37 57 100 -1 11 39 78 82 -1 19 41 52 74 -1 3 44 54 66 -1 10 23 69 92 -1 15 24 39 80 -1 -2
3 4 72 90 -1 19 25 38 69 -1 16 35 54 56 -1 8 9 10 32 -1 44 47 63 94 -1 1 15 17 70 -1 31 33 60 92 -1 -2
9 19 39 70 -1 -2
30 45 68 74 -1 27 54 65 99 -1 19 42 57 88 -1 12 37 77 84 -1 -2
36 45 76 95 -1 56 61 73 76 -1 28 41 74 99 -1 41 58 74 79 -1 8 33 55 88 -1 -2
43 51 57 86 -1 24 45 65 74 -1 15 42 65 96 -1 1 2 92 94 -1 8 12 87 91 -1 28 48 71 99 -1 -2
2 38 50 66 -1 45 52 80 96 -1 19 66 73 100 -1 10 40 51 97 -1 4 31 78 92 -1 33 57 70 72 -1 -2
4 45 50 86 -1 -2
33 36 48 51 -1 1 24 33 67 -1 10 34 57 75 -1 14 30 60 87 -1 -2
28 51 86 100 -1 4 50 53 85 -1 31 56 71 80 -1 5 12 69 76 -1 -2
9 15 40 47 -1 -2
54 60 62 63 -1 20 58 70 92 -1 29 34 42 96 -1 13 33 76 99 -1 34 46 86 98 -1 24 43 76 80 -1 -2
39 47 63 84 -1 8 40 67 91 -1 24 40 71 89 -1 4 27 35 76 -1 39 47 59 93 -1 26 39 61 93 -1 -2
6 16 34 88 -1 33 61 66 81 -1 7 54 79 87 -1 -2
26 32 68 82 -1 2 28 49 67 -1 14 39 47 74 -1 40 76 82 98 -1 10 24 25 92 -1 -2
49 64 66 97 -1 34 41 53 54 -1 -2
31 62 89 90 -1 -2
10 12 39 54 -1 -2
27 31 35 64 -1 13 14 58 82 -1 12 37 83 99 -1 6 23 49 69 -1 -2
19 24 30 65 -1 1 3 70 83 -1 15 19 38 67 -1 -2
1 6 42 47 -1 21 22 54 69 -1 8 47 56 80 -1 30 72 77 99 -1 4 15 42 76 -1 5 23 30 49 -1 -2
65 77 83 89 -1 61 77 78 95 -1 -2
4 8 47 84 -1 10 11 44 90 -1 19 25 66 81 -1 35 44 55 80 -1 67 94 98 99 -1 30 33 52 83 -1 -2
1 13 64 93 -1 21 38 75 78 -1 22 32 53 58 -1 4 8 65 72 -1 4 6 32 51 -1 30 48 80 100 -1 11 25 32 59 -1 -2
32 35 60 67 -1 13 69 85 93 -1 2 19 36 56 -1 5 31 46 66 -1 3 5 47 83 -1 14 25 71 75 -1 17 25 65 81 -1 7 11 13 67 -1 -2
8 23 84 86 -1 21 63 69 70 -1 16 44 61 97 -1 34 53 58 60 -1 4 8 57 81 -1 10 50 78 96 -1 -2
4 45 82 83 -1 27 29 36 82 -1 1 19 77 99 -1 55 60 82 85 -1 5 86 92 97 -1 20 41 47 59 -1 7 79 98 100 -1 4 53 59 98 -1 -2
12 46 79 83 -1 8 15 36 49 -1 34 72 91 96 -1 16 22 40 84 -1 1 63 74 95 -1 -2
13 14 35 54 -1 42 43 52 73 -1 54 58 76 84 -1 -2
10 28 59 81 -1 33 46 53 66 -1 -2
7 21 35 40 -1 21 30 40 91 -1 12 18 34 82 -1 1 10 39 56 -1 -2
25 90 97 98 -1 47 63 76 78 -1 17 36 60 95 -1 19 26 27 28 -1 4 18 65 71 -1 -2
29 48 61 71 -1 22 31 43 51 -1 -2
28 56 74 95 -1 4 22 58 84 -1 -2
25 47 61 68 -1 23 44 45 74 -1 33 70 84 86 -1 10 25 37 88 -1 -2
17 20 31 81 -1 -2
4 9 57 72 -1 53 70 95 98 -1 58 69 80 93 -1 6 19 44 51 -1 5 33 73 79 -1 32 46 51 88 -1 6 73 85 87 -1 -2
32 44 51 90 -1 -2
3 15 23 60 -1 57 78 91 98 -1 -2
20 51 81 89 -1 14 30 51 74 -1 19 20 25 45 -1 19 59 66 81 -1 2 12 76 93 -1 43 81 86 89 -1 11 23 41 69 -1 4 13 37 63 -1 -2
10 53 56 76 -1 9 31 51 81 -1 18 60 62 83 -1 -2
25 27 67 91 -1 8 31 49 63 -1 43 62 72 98 -1 27 58 92 100 -1 26 49 54 58 -1 1 23 72 77 -1 -2
2 7 49 71 -1 24 37 53 91 -1 24 67 74 82 -1 33 47 68 89 -1 1 25 72 75 -1 23 33 58 81 -1 18 74 75 81 -1 4 15 32 77 -1 -2
9 16 31 96 -1 9 27 80 91 -1 27 52 85 96 -1 8 39 51 90 -1 37 53 61 93 -1 -2
32 38 57 60 -1 48 50 65 78 -1 53 66 73 96 -1 13 24 35 54 -1 3 50 51 55 -1 18 48 49 86 -1 35 59 74 77 -1 20 54 60 66 -1 -2
15 30 74 85 -1 38 45 82 97 -1 23 61 70 94 -1 6 54 71 76 -1 18 31 48 62 -1 44 67 79 89 -1 -2
2 4 24 92 -1 -2
18 46 55 100 -1 41 66 94 100 -1 66 74 79 91 -1 1 31 46 55 -1 -2
12 57 85 88 -1 4 11 42 96 -1 58 74 84 92 -1 -2
4 23 71 95 -1 3 12 87 88 -1 27 42 49 71 -1 4 24 43 92 -1 33 43 77 92 -1 71 85 94 100 -1 -2
24 47 61 63 -1 16 18 77 88 -1 -2
7 43 68 88 -1 9 35 38 52 -1 7 9 35 89 -1 1 2 77 87 -1 4 35 42 60 -1 -2
37 43 51 90 -1 12 63 81 95 -1 23 52 66 87 -1 -2
28 54 66 70 -1 10 21 50 83 -1 17 24 36 64 -1 33 56 71 77 -1 31 59 71 80 -1 31 44 51 75 -1 -2
31 85 90 91 -1 2 64 86 98 -1 58 64 72 88 -1 -2
12 21 27 74 -1 25 29 43 73 -1 -2
43 83 96 97 -1 68 72 81 97 -1 2 57 70 89 -1 23 34 69 94 -1 27 42 53 84 -1 24 63 70 100 -1 33 54 67 82 -1 -2
9 29 88 99 -1 24 32 53 83 -1 15 46 65 83 -1 -2
25 41 53 91 -1 -2
30 44 49 87 -1 12 29 68 99 -1 3 12 19 24 -1 41 54 65 98 -1 25 30 49 85 -1 4 39 42 54 -1 49 71 89 100 -1 20 29 61 99 -1 -2
29 31 45 74 -1 1 47 87 89 -1 -2
11 19 92 98 -1 8 20 63 72 -1 -2
6 21 24 51 -1 8 23 54 71 -1 -2
17 30 60 97 -1 19 40 64 98 -1 12 28 67 90 -1 2 41 67 75 -1 32 62 85 93 -1 31 32 72 79 -1 34 52 88 96 -1 -2
77 80 86 96 -1 5 68 81 85 -1 13 15 69 70 -1 3 14 35 52 -1 -2
29 60 70 73 -1 11 20 53 88 -1 8 41 62 80 -1 7 34 50 70 -1 -2
7 49 51 88 -1 -2
21 53 65 71 -1 24 41 60 76 -1 3 51 73 93 -1 21 46 72 96 -1 14 39 59 83 -1 13 33 42 76 -1 49 54 94 99 -1 12 39 77 86 -1 -2
6 12 39 96 -1 34 41 64 91 -1 1 9 40 49 -1 -2
11 27 37 59 -1 25 62 68 81 -1 25 42 80 89 -1 22 47 51 88 -1 14 29 39 59 -1 51 71 98 100 -1 74 76 91 97 -1 -2
14 44 61 89 -1 17 66 78 83 -1 7 12 30 53 -1 34 58 61 66 -1 10 39 58 99 -1 -2
6 13 21 75 -1 3 54 94 98 -1 11 58 82 93 -1 34 61 63 68 -1 28 31 42 98 -1 12 36 38 89 -1 10 19 48 61 -1 13 33 50 72 -1 -2
15 60 91 99 -1 38 44 52 80 -1 9 52 65 96 -1 13 15 59 84 -1 27 33 61 81 -1 23 25 37 60 -1 -2
21 29 35 84 -1 37 43 64 90 -1 -2
17 71 79 85 -1 4 58 64 97 -1 37 54 90 93 -1 29 31 52 74 -1 34 42 90 96 -1 -2
11 76 89 90 -1 3 56 60 87 -1 17 24 27 59 -1 6 47 72 94 -1 20 43 71 74 -1 -2
22 80 84 99 -1 8 32 89 97 -1 29 55 58 69 -1 18 41 43 54 -1 12 31 36 50 -1 7 45 54 63 -1 -2
3 4 64 77 -1 13 31 43 47 -1 38 49 59 62 -1 4 46 52 54 -1 6 44 62 95 -1 14 37 74 79 -1 29 51 71 87 -1 12 87 90 97 -1 -2
1 43 48 60 -1 -2
24 27 33 69 -1 56 67 85 92 -1 -2
17 29 77 88 -1 38 39 54 60 -1 2 78 87 89 -1 36 37 45 65 -1 23 26 69 79 -1 14 19 42 50 -1 -2
5 50 52 99 -1 17 40 50 73 -1 16 34 92 93 -1 70 78 89 98 -1 -2
41 50 53 87 -1 28 57 64 83 -1 25 29 55 97 -1 3 10 54 73 -1 38 65 76 87 -1 14 38 61 63 -1 -2
11 12 69 70 -1 14 25 74 80 -1 2 5 29 100 -1 10 27 59 97 -1 4 18 88 90 -1 33 43 64 71 -1 8 65 75 94 -1 15 22 53 96 -1 -2
32 39 84 97 -1 15 30 44 86 -1 27 42 50 56 -1 26 48 54 80 -1 50 66 74 84 -1 14 16 54 70 -1 22 27 58 78 -1 9 40 76 78 -1 -2
26 64 72 75 -1 38 56 66 97 -1 6 42 46 87 -1 45 49 63 76 -1 5 32 56 95 -1 -2
11 57 90 96 -1 5 14 15 41 -1 50 52 63 75 -1 45 63 94 100 -1 15 28 74 87 -1 6 16 17 100 -1 -2
17 45 58 84 -1 17 18 53 73 -1 30 63 79 83 -1 13 41 65 95 -1 -2
20 46 76 85 -1 80 91 98 99 -1 13 79 80 96 -1 17 44 58 63 -1 -2
1 56 70 76 -1 14 35 48 73 -1 42 47 54 55 -1 -2
11 54 60 85 -1 25 30 33 51 -1 -2
6 12 26 31 -1 15 33 47 95 -1 37 38 78 97 -1 53 62 90 95 -1 -2
17 34 83 96 -1 35 68 82 86 -1 21 59 76 95 -1 18 27 73 98 -1 4 42 80 90 -1 -2
27 36 38 57 -1 27 41 58 92 -1 29 38 72 88 -1 16 29 44 64 -1 21 25 55 87 -1 -2
23 35 59 90 -1 -2
18 34 40 66 -1 5 9 52 58 -1 31 45 49 53 -1 -2
3 41 59 64 -1 49 50 53 63 -1 3 21 62 93 -1 39 72 74 99 -1 33 41 49 53 -1 1 7 10 57 -1 4 19 20 68 -1 -2
37 76 81 100 -1 18 22 41 88 -1 25 32 58 93 -1 14 33 36 88 -1 43 48 57 92 -1 32 51 72 81 -1 11 25 35 56 -1 -2
3 5 24 97 -1 36 73 76 97 -1 10 21 25 85 -1 7 48 71 79 -1 18 46 49 76 -1 21 40 63 74 -1 9 58 59 97 -1 1 17 40 55 -1 -2
23 25 79 80 -1 26 57 85 89 -1 3 44 57 87 -1 55 56 71 73 -1 82 87 89 93 -1 7 14 22 55 -1 21 74 79 97 -1 10 32 43 88 -1 -2
34 66 75 78 -1 11 76 88 95 -1 4 23 28 38 -1 -2
35 46 90 100 -1 38 41 74 76 -1 40 47 77 89 -1 41 77 81 86 -1 20 67 82 87 -1 4 30 54 87 -1 4 50 66 86 -1 23 37 87 98 -1 -2
12 37 61 88 -1 1 36 51 54 -1 22 69 92 98 -1 17 39 45 80 -1 53 61 86 98 -1 -2
14 31 60 95 -1 20 37 71 94 -1 -2
28 33 77 97 -1 1 24 52 54 -1 -2
32 43 44 90 -1 11 18 26 50 -1 -2
3 14 51 98 -1 24 28 41 73 -1 -2
5 8 41 93 -1 -2
10 13 42 90 -1 6 8 81 85 -1 3 62 65 100 -1 40 79 93 96 -1 15 32 95 98 -1 1 13 34 66 -1 -2
3 26 32 99 -1 15 18 37 58 -1 15 40 46 82 -1 27 31 62 83 -1 5 8 39 67 -1 84 89 91 94 -1 30 35 74 92 -1 8 36 50 95 -1 -2
7 26 68 96 -1 9 24 48 80 -1 1 7 12 14 -1 39 72 73 85 -1 27 46 62 82 -1 3 58 68 100 -1 10 30 49 62 -1 -2
36 81 86 98 -1 -2
24 64 75 83 -1 25 64 70 97 -1 36 48 63 76 -1 1 55 81 86 -1 43 45 63 78 -1 40 42 51 62 -1 19 54 80 93 -1 -2
2 28 53 83 -1 10 32 54 83 -1 -2
14 27 73 85 -1 2 59 94 95 -1 19 55 82 95 -1 51 64 78 82 -1 30 45 58 83 -1 4 68 84 86 -1 3 22 63 73 -1 -2
28 42 55 63 -1 17 61 64 73 -1 20 34 70 83 -1 13 62 70 85 -1 47 52 65 72 -1 38 43 51 54 -1 4 17 74 84 -1 42 68 69 79 -1 -2
28 29 45 67 -1 21 58 62 76 -1 27 57 58 86 -1 9 79 85 90 -1 -2
7 30 76 93 -1 46 47 62 63 -1 36 51 74 100 -1 6 18 37 91 -1 6 24 31 83 -1 12 25 27 55 -1 -2
14 15 35 81 -1 37 75 86 89 -1 18 44 58 76 -1 12 28 49 59 -1 -2
28 47 64 65 -1 26 54 93 99 -1 46 53 79 99 -1 43 79 82 92 -1 17 36 41 93 -1 17 41 63 83 -1 14 29 33 38 -1 32 49 61 78 -1 -2
34 36 52 92 -1 -2
41 62 65 94 -1 62 65 76 95 -1 1 9 25 97 -1 11 56 63 91 -1 1 19 28 86 -1 -2
17 21 42 78 -1 13 32 49 69 -1 7 53 84 86 -1 7 11 74 87 -1 2 15 30 65 -1 17 62 78 91 -1 -2
6 59 87 93 -1 24 67 74 83 -1 8 52 76 92 -1 10 13 27 85 -1 13 36 58 99 -1 21 26 37 54 -1 -2
15 40 64 66 -1 57 58 60 82 -1 -2
37 62 82 95 -1 3 29 74 93 -1 28 35 58 81 -1 13 51 52 94 -1 -2
24 37 49 83 -1 26 30 48 58 -1 12 31 58 60 -1 30 31 45 51 -1 8 22 78 90 -1 27 33 36 48 -1 12 17 61 70 -1 -2
29 39 40 64 -1 6 21 65 86 -1 1 8 30 96 -1 24 51 55 97 -1 14 23 34 66 -1 62 91 94 98 -1 24 54 56 66 -1 5 7 46 62 -1 -2
7 11 27 87 -1 19 30 75 81 -1 13 18 72 98 -1 40 46 52 93 -1 32 36 48 52 -1 12 37 42 71 -1 -2
22 72 92 97 -1 8 45 52 56 -1 5 17 27 75 -1 23 36 38 98 -1 7 12 38 85 -1 -2
6 52 76 77 -1 44 58 72 89 -1 13 28 78 86 -1 5 13 28 87 -1 5 30 59 62 -1 -2
36 49 81 96 -1 9 39 70 74 -1 2 19 43 65 -1 1 18 54 72 -1 -2
46 48 67 85 -1 4 42 50 98 -1 -2
8 29 45 57 -1 35 39 49 76 -1 -2
71 76 82 99 -1 1 5 47 54 -1 20 28 30 43 -1 18 40 50 76 -1 9 42 53 57 -1 23 28 81 89 -1 -2
9 20 66 100 -1 14 15 42 86 -1 65 70 89 99 -1 25 30 39 89 -1 49 64 81 91 -1 -2
3 11 52 77 -1 9 35 89 93 -1 24 30 56 60 -1 29 53 54 98 -1 9 38 69 71 -1 -2
3 33 37 71 -1 13 34 37 43 -1 44 53 58 72 -1 20 21 24 58 -1 22 26 36 93 -1 -2
1 32 66 100 -1 22 82 90 93 -1 20 57 60 67 -1 13 74 83 100 -1 1 5 18 47 -1 12 72 77 83 -1 -2
1 19 45 46 -1 11 32 67 95 -1 16 24 51 87 -1 9 36 55 95 -1 1 61 78 94 -1 15 33 80 83 -1 39 63 66 74 -1 54 64 72 100 -1 -2
33 43 66 92 -1 33 53 59 93 -1 58 70 86 95 -1 32 49 50 51 -1 5 17 21 30 -1 37 72 97 99 -1 -2
29 75 81 90 -1 22 58 68 89 -1 5 7 28 55 -1 35 39 48 62 -1 -2
19 31 32 75 -1 -2
11 35 72 75 -1 20 68 74 81 -1 16 34 36 96 -1 53 68 74 78 -1 38 49 75 91 -1 37 53 67 69 -1 -2
37 60 62 88 -1 17 47 59 91 -1 18 53 63 83 -1 14 38 63 95 -1 32 49 55 90 -1 16 24 46 69 -1 -2
20 50 67 79 -1 10 21 22 72 -1 5 48 49 64 -1 30 54 73 94 -1 2 19 23 31 -1 -2
7 57 61 87 -1 13 54 82 89 -1 31 59 73 90 -1 30 62 81 88 -1 1 43 60 77 -1 29 73 76 86 -1 9 30 42 92 -1 35 37 62 73 -1 -2
24 28 59 73 -1 -2
37 64 72 94 -1 -2
1 4 41 77 -1 14 63 83 90 -1 -2
17 21 30 66 -1 2 23 65 91 -1 4 43 53 60 -1 7 70 85 89 -1 -2
2 43 91 95 -1 14 31 48 92 -1 26 58 75 95 -1 37 55 65 81 -1 4 7 24 89 -1 2 60 63 96 -1 -2
2 14 39 47 -1 -2
17 33 62 83 -1 5 12 71 96 -1 74 77 87 92 -1 40 46 79 86 -1 2 48 58 64 -1 27 38 44 46 -1 61 78 90 100 -1 -2
1 5 39 91 -1 -2
9 24 34 70 -1 61 87 88 90 -1 -2
19 29 71 75 -1 22 43 63 75 -1 28 41 52 57 -1 -2
19 54 79 82 -1 38 46 63 88 -1 5 9 89 99 -1 9 32 64 97 -1 8 32 76 90 -1 -2
6 10 36 52 -1 51 68 69 74 -1 7 29 64 71 -1 46 53 81 98 -1 46 74 89 96 -1 6 37 41 96 -1 71 77 82 97 -1 -2
19 58 66 95 -1 32 79 97 98 -1 5 58 78 81 -1 23 43 44 59 -1 2 3 79 98 -1 10 42 50 51 -1 9 35 92 93 -1 -2
50 54 58 87 -1 5 32 63 85 -1 6 56 80 86 -1 35 39 86 87 -1 -2
6 8 23 56 -1 7 18 28 62 -1 50 61 93 100 -1 -2
38 44 54 91 -1 2 14 17 69 -1 34 51 87 88 -1 26 53 66 93 -1 -2
5 20 43 54 -1 20 22 67 96 -1 3 20 30 51 -1 17 47 48 55 -1 53 90 91 95 -1 8 33 45 48 -1 -2
19 22 36 85 -1 47 49 82 84 -1 -2
26 31 49 82 -1 21 48 69 87 -1 18 42 86 100 -1 1 29 51 57 -1 1 17 37 79 -1 -2
10 16 48 90 -1 -2
2 6 20 79 -1 43 75 84 88 -1 30 40 60 69 -1 44 50 70 92 -1 39 85 86 98 -1 10 17 63 96 -1 8 24 73 77 -1 13 17 56 61 -1 -2
34 62 97 100 -1 -2
9 22 32 37 -1 -2
9 32 45 100 -1 19 21 63 90 -1 1 3 23 47 -1 28 59 74 83 -1 -2
7 13 27 54 -1 19 34 79 90 -1 17 33 50 87 -1 4 59 75 84 -1 18 27 41 78 -1 25 54 81 88 -1 10 63 71 92 -1 -2
11 17 40 93 -1 7 66 71 94 -1 18 27 69 79 -1 9 11 51 62 -1 9 26 42 100 -1 6 9 15 33 -1 13 48 58 90 -1 10 66 71 79 -1 -2
13 29 48 69 -1 67 73 79 92 -1 78 86 87 97 -1 28 33 60 87 -1 47 60 77 99 -1 12 42 51 73 -1 4 14 50 90 -1 3 4 5 61 -1 -2
3 14 38 62 -1 3 36 48 92 -1 13 20 35 90 -1 6 24 78 90 -1 39 64 76 98 -1 -2
18 27 46 87 -1 19 48 90 93 -1 33 49 53 89 -1 25 44 69 82 -1 34 44 59 60 -1 2 12 33 37 -1 -2
19 28 91 92 -1 58 69 71 93 -1 3 19 60 63 -1 33 42 46 56 -1 35 47 50 74 -1 -2
3 19 87 89 -1 -2
23 77 88 91 -1 3 36 75 96 -1 73 76 80 81 -1 22 32 42 87 -1 9 15 28 80 -1 -2
9 33 38 85 -1 2 42 80 86 -1 -2
2 4 17 64 -1 13 35 44 90 -1 6 12 44 88 -1 4 21 74 79 -1 35 38 75 80 -1 5 10 91 95 -1 -2
17 38 74 80 -1 14 37 43 84 -1 17 31 51 76 -1 56 63 90 100 -1 3 14 26 83 -1 1 68 80 98 -1 24 32 36 65 -1 17 37 57 75 -1 -2
3 13 34 65 -1 -2
46 55 56 97 -1 15 16 53 54 -1 12 20 70 98 -1 23 46 49 54 -1 2 46 71 99 -1 42 66 75 88 -1 22 26 58 100 -1 16 33 66 81 -1 -2
15 19 47 80 -1 2 62 77 85 -1 5 42 50 60 -1 14 25 84 94 -1 12 17 33 56 -1 13 21 47 69 -1 -2
5 10 22 71 -1 19 21 47 55 -1 46 67 86 100 -1 32 41 74 100 -1 -2
12 17 22 78 -1 -2
3 23 42 100 -1 2 33 65 90 -1 42 68 71 92 -1 8 48 59 95 -1 37 53 58 80 -1 -2
34 42 59 61 -1 16 33 52 84 -1 6 9 16 72 -1 34 42 53 83 -1 2 7 26 90 -1 -2
39 64 81 97 -1 15 18 33 43 -1 15 32 56 59 -1 -2
50 56 62 92 -1 20 36 56 95 -1 8 44 89 92 -1 -2
20 28 94 98 -1 20 55 73 92 -1 6 39 84 92 -1 17 32 40 67 -1 7 33 47 50 -1 -2
3 22 26 86 -1 3 27 61 84 -1 -2
3 23 71 93 -1 14 28 52 59 -1 19 36 52 96 -1 -2
8 31 45 56 -1 4 38 44 81 -1 13 36 55 56 -1 -2
13 38 68 83 -1 10 26 51 100 -1 19 28 29 39 -1 -2
36 57 68 95 -1 9 61 64 69 -1 34 59 63 71 -1 10 33 58 61 -1 32 33 74 99 -1 5 14 37 78 -1 12 72 88 93 -1 -2
9 29 77 89 -1 28 36 37 85 -1 8 19 34 37 -1 10 11 76 82 -1 30 58 66 77 -1 13 24 38 43 -1 17 62 72 77 -1 35 36 62 79 -1 -2
8 53 67 76 -1 35 61 71 72 -1 48 57 76 85 -1 -2
14 33 93 97 -1 29 49 94 95 -1 30 41 81 96 -1 11 61 76 89 -1 8 16 41 67 -1 37 75 76 86 -1 40 56 64 71 -1 41 51 63 70 -1 -2
43 65 81 86 -1 7 13 42 76 -1 22 26 29 87 -1 44 45 55 67 -1 1 14 50 69 -1 26 68 83 93 -1 21 28 44 84 -1 29 38 41 44 -1 -2
75 77 95 96 -1 8 32 39 88 -1 12 34 42 96 -1 -2
29 70 78 81 -1 -2
13 17 58 91 -1 31 79 86 98 -1 13 19 43 87 -1 -2
29 30 34 37 -1 13 45 70 79 -1 1 36 41 61 -1 36 40 42 62 -1 28 56 90 100 -1 25 26 67 96 -1 -2
6 58 70 74 -1 6 67 85 96 -1 20 38 50 54 -1 20 30 53 100 -1 -2
20 29 62 73 -1 18 29 34 73 -1 21 34 47 54 -1 15 45 75 100 -1 37 54 64 78 -1 33 38 67 82 -1 19 76 79 82 -1 18 39 40 87 -1 -2
9 22 30 45 -1 18 71 77 78 -1 5 57 78 98 -1 -2
28 65 85 89 -1 15 26 29 94 -1 16 44 49 53 -1 2 32 84 92 -1 2 21 82 88 -1 -2
57 85 89 90 -1 9 23 31 77 -1 1 15 17 40 -1 33 57 87 96 -1 -2
7 23 60 90 -1 25 26 53 77 -1 16 48 81 90 -1 14 53 84 89 -1 -2
11 21 68 73 -1 41 60 95 98 -1 22 30 51 80 -1 1 29 39 84 -1 2 19 79 82 -1 -2
19 39 64 66 -1 6 67 90 93 -1 6 10 49 78 -1 9 18 37 45 -1 3 46 51 71 -1 24 45 56 70 -1 -2
2 6 31 58 -1 20 35 70 75 -1 10 43 65 98 -1 15 25 70 93 -1 47 58 71 84 -1 30 35 48 63 -1 -2
9 24 78 89 -1 -2
64 71 75 80 -1 27 33 51 78 -1 17 23 34 85 -1 17 33 53 67 -1 -2
44 45 76 90 -1 -2
4 12 18 76 -1 -2
28 39 57 64 -1 34 69 70 91 -1 7 11 38 87 -1 -2
3 25 35 68 -1 -2
50 73 92 93 -1 11 15 19 95 -1 -2
19 20 21 77 -1 20 24 28 59 -1 25 43 65 84 -1 -2
25 35 63 91 -1 34 39 48 76 -1 -2
15 30 85 94 -1 -2
25 27 43 85 -1 38 54 73 89 -1 -2
2 3 66 87 -1 1 51 60 89 -1 3 14 48 55 -1 1 14 66 85 -1 -2
23 34 53 72 -1 7 15 80 89 -1 4 10 48 77 -1 38 50 78 90 -1 -2
22 69 75 82 -1 11 52 84 100 -1 16 32 61 80 -1 66 76 79 97 -1 15 21 61 93 -1 2 75 76 94 -1 15 16 58 76 -1 -2
51 58 64 86 -1 16 20 31 49 -1 3 46 51 84 -1 1 48 67 74 -1 54 60 64 73 -1 -2
16 37 40 56 -1 51 80 85 95 -1 7 92 94 99 -1 39 69 71 76 -1 13 41 48 55 -1 5 32 81 92 -1 -2
2 24 51 86 -1 3 25 62 98 -1 8 42 77 89 -1 6 12 57 60 -1 9 19 30 41 -1 37 70 77 82 -1 -2
16 35 46 55 -1 6 38 91 97 -1 48 60 61 91 -1 22 56 70 77 -1 6 47 71 90 -1 60 75 91 98 -1 25 58 71 81 -1 2 29 47 74 -1 -2
26 40 56 60 -1 28 31 38 83 -1 18 50 69 80 -1 11 45 68 100 -1 22 66 72 84 -1 33 41 55 81 -1 -2
37 90 92 99 -1 2 45 52 100 -1 22 32 62 69 -1 -2
2 29 34 88 -1 -2
28 39 60 80 -1 11 21 54 95 -1 8 11 54 79 -1 12 17 37 92 -1 6 22 30 92 -1 -2
47 52 56 63 -1 4 33 94 96 -1 -2
36 51 58 67 -1 15 53 88 94 -1 -2
15 21 29 44 -1 15 23 34 100 -1 13 16 47 80 -1 2 24 50 90 -1 -2
9 14 21 59 -1 6 43 64 92 -1 44 50 64 72 -1 21 57 73 78 -1 28 42 52 88 -1 12 71 80 89 -1 25 32 75 89 -1 -2
4 29 51 75 -1 14 39 53 60 -1 6 17 34 95 -1 12 21 41 64 -1 7 23 25 31 -1 17 44 47 83 -1 -2
18 86 88 96 -1 52 59 69 85 -1 1 21 54 97 -1 24 33 35 95 -1 -2
30 47 69 71 -1 3 49 89 96 -1 14 15 28 53 -1 7 20 66 89 -1 17 19 48 81 -1 23 31 47 85 -1 13 50 91 96 -1 44 51 60 83 -1 -2
25 74 76 85 -1 22 51 80 82 -1 24 50 89 97 -1 9 43 48 68 -1 44 61 68 77 -1 4 9 61 90 -1 10 19 54 86 -1 -2
18 56 62 81 -1 77 90 92 95 -1 46 59 95 99 -1 -2
4 9 12 32 -1 38 42 78 99 -1 3 16 20 43 -1 36 37 78 85 -1 25 59 66 92 -1 23 26 47 87 -1 5 41 61 86 -1 19 67 70 73 -1 -2
2 9 19 88 -1 9 72 82 91 -1 3 6 21 70 -1 6 35 49 83 -1 9 23 88 90 -1 -2
12 78 82 97 -1 -2
6 21 75 99 -1 28 34 75 76 -1 -2
15 24 73 97 -1 49 59 73 82 -1 54 61 62 84 -1 28 45 63 76 -1 18 41 48 67 -1 20 52 66 97 -1 -2
11 14 22 71 -1 17 31 33 97 -1 56 61 77 85 -1 7 19 20 92 -1 -2
15 46 52 92 -1 13 30 55 66 -1 20 25 27 37 -1 2 23 52 76 -1 22 68 81 87 -1 -2
70 86 95 99 -1 9 12 16 57 -1 -2
