1 -1 2 -1 -2
3 -1 4 -1 5 -1 6 -1 7 -1 8 -1 9 -1 -2
10 -1 2 -1 11 -1 12 -1 13 -1 14 -1 15 -1 16 -1 17 -1 -2
18 -1 19 -1 20 -1 21 -1 22 -1 7 -1 23 -1 24 -1 25 -1 26 -1 27 -1 -2
7 -1 28 -1 19 -1 29 -1 7 -1 9 -1 30 -1 -2
18 -1 31 -1 32 -1 24 -1 33 -1 34 -1 35 -1 25 -1 36 -1 37 -1 38 -1 39 -1 40 -1 41 -1 42 -1 36 -1 43 -1 -2
44 -1 45 -1 46 -1 47 -1 48 -1 25 -1 49 -1 50 -1 -2
40 -1 51 -1 52 -1 53 -1 54 -1 13 -1 18 -1 55 -1 56 -1 -2
53 -1 57 -1 58 -1 59 -1 -2
2 -1 60 -1 13 -1 61 -1 40 -1 51 -1 62 -1 63 -1 2 -1 64 -1 65 -1 53 -1 66 -1 67 -1 68 -1 69 -1 70 -1 71 -1 72 -1 73 -1 74 -1 75 -1 76 -1 24 -1 77 -1 78 -1 79 -1 80 -1 -2
7 -1 81 -1 73 -1 67 -1 82 -1 83 -1 58 -1 25 -1 84 -1 85 -1 86 -1 -2
87 -1 67 -1 88 -1 89 -1 25 -1 90 -1 91 -1 92 -1 93 -1 -2
91 -1 94 -1 95 -1 7 -1 9 -1 66 -1 96 -1 97 -1 98 -1 99 -1 58 -1 100 -1 101 -1 -2
102 -1 7 -1 103 -1 36 -1 104 -1 -2
10 -1 15 -1 18 -1 105 -1 106 -1 73 -1 80 -1 106 -1 73 -1 80 -1 107 -1 7 -1 108 -1 -2
109 -1 80 -1 110 -1 66 -1 111 -1 57 -1 58 -1 112 -1 22 -1 25 -1 113 -1 91 -1 92 -1 114 -1 93 -1 -2
7 -1 68 -1 36 -1 31 -1 115 -1 -2
45 -1 116 -1 28 -1 117 -1 95 -1 7 -1 118 -1 -2
2 -1 119 -1 120 -1 15 -1 7 -1 68 -1 36 -1 44 -1 -2
18 -1 121 -1 122 -1 123 -1 124 -1 7 -1 23 -1 87 -1 125 -1 126 -1 -2
7 -1 116 -1 36 -1 127 -1 128 -1 129 -1 87 -1 130 -1 131 -1 95 -1 7 -1 132 -1 133 -1 134 -1 135 -1 136 -1 -2
25 -1 137 -1 19 -1 138 -1 95 -1 7 -1 139 -1 24 -1 140 -1 141 -1 142 -1 25 -1 143 -1 22 -1 25 -1 144 -1 -2
40 -1 136 -1 7 -1 68 -1 36 -1 145 -1 146 -1 147 -1 45 -1 148 -1 149 -1 45 -1 150 -1 22 -1 151 -1 73 -1 25 -1 152 -1 153 -1 -2
7 -1 137 -1 154 -1 155 -1 -2
156 -1 18 -1 157 -1 158 -1 25 -1 159 -1 160 -1 24 -1 161 -1 162 -1 73 -1 163 -1 164 -1 165 -1 7 -1 68 -1 166 -1 167 -1 -2
7 -1 168 -1 169 -1 45 -1 133 -1 170 -1 -2
171 -1 172 -1 15 -1 7 -1 116 -1 36 -1 173 -1 136 -1 2 -1 174 -1 175 -1 121 -1 25 -1 176 -1 177 -1 53 -1 11 -1 -2
66 -1 178 -1 179 -1 180 -1 181 -1 18 -1 182 -1 183 -1 7 -1 68 -1 36 -1 2 -1 184 -1 185 -1 186 -1 22 -1 45 -1 141 -1 10 -1 187 -1 18 -1 188 -1 189 -1 67 -1 190 -1 -2
187 -1 191 -1 114 -1 183 -1 7 -1 108 -1 192 -1 67 -1 193 -1 194 -1 87 -1 10 -1 195 -1 22 -1 7 -1 116 -1 36 -1 196 -1 197 -1 -2
18 -1 198 -1 40 -1 16 -1 73 -1 25 -1 199 -1 73 -1 84 -1 85 -1 200 -1 87 -1 201 -1 202 -1 22 -1 80 -1 -2
45 -1 28 -1 203 -1 40 -1 25 -1 204 -1 205 -1 -2
95 -1 103 -1 18 -1 206 -1 58 -1 161 -1 207 -1 208 -1 22 -1 25 -1 209 -1 210 -1 87 -1 18 -1 47 -1 132 -1 3 -1 211 -1 212 -1 213 -1 40 -1 171 -1 214 -1 18 -1 182 -1 -2
18 -1 215 -1 102 -1 48 -1 45 -1 216 -1 -2
217 -1 18 -1 218 -1 219 -1 220 -1 25 -1 221 -1 222 -1 -2
7 -1 223 -1 224 -1 22 -1 225 -1 226 -1 45 -1 227 -1 228 -1 -2
229 -1 19 -1 230 -1 231 -1 89 -1 7 -1 232 -1 233 -1 73 -1 7 -1 9 -1 234 -1 -2
235 -1 18 -1 236 -1 3 -1 237 -1 238 -1 79 -1 7 -1 239 -1 22 -1 16 -1 73 -1 7 -1 84 -1 240 -1 -2
18 -1 241 -1 40 -1 242 -1 95 -1 7 -1 243 -1 58 -1 25 -1 244 -1 95 -1 161 -1 245 -1 246 -1 -2
191 -1 247 -1 18 -1 191 -1 25 -1 248 -1 73 -1 249 -1 250 -1 6 -1 251 -1 252 -1 142 -1 7 -1 253 -1 -2
53 -1 195 -1 254 -1 112 -1 7 -1 68 -1 36 -1 241 -1 40 -1 255 -1 256 -1 7 -1 257 -1 73 -1 7 -1 258 -1 199 -1 73 -1 240 -1 48 -1 45 -1 259 -1 -2
260 -1 67 -1 261 -1 262 -1 55 -1 7 -1 116 -1 36 -1 124 -1 45 -1 263 -1 264 -1 -2
53 -1 265 -1 7 -1 113 -1 266 -1 53 -1 -2
235 -1 80 -1 267 -1 25 -1 113 -1 268 -1 7 -1 68 -1 36 -1 95 -1 7 -1 243 -1 -2
269 -1 161 -1 270 -1 25 -1 271 -1 211 -1 272 -1 -2
80 -1 267 -1 25 -1 113 -1 7 -1 116 -1 36 -1 252 -1 158 -1 73 -1 45 -1 205 -1 -2
45 -1 223 -1 273 -1 58 -1 159 -1 69 -1 -2
18 -1 274 -1 24 -1 275 -1 131 -1 7 -1 276 -1 277 -1 7 -1 278 -1 73 -1 240 -1 -2
279 -1 22 -1 280 -1 73 -1 45 -1 281 -1 246 -1 18 -1 282 -1 79 -1 80 -1 24 -1 283 -1 284 -1 -2
285 -1 158 -1 73 -1 229 -1 286 -1 287 -1 288 -1 15 -1 18 -1 22 -1 161 -1 289 -1 290 -1 -2
269 -1 291 -1 67 -1 292 -1 293 -1 -2
294 -1 80 -1 295 -1 -2
106 -1 296 -1 297 -1 80 -1 298 -1 -2
2 -1 299 -1 184 -1 300 -1 25 -1 301 -1 287 -1 302 -1 35 -1 18 -1 19 -1 303 -1 7 -1 246 -1 304 -1 87 -1 45 -1 305 -1 306 -1 136 -1 -2
7 -1 116 -1 166 -1 307 -1 308 -1 309 -1 87 -1 18 -1 224 -1 310 -1 7 -1 311 -1 246 -1 -2
7 -1 68 -1 36 -1 312 -1 136 -1 313 -1 -2
314 -1 161 -1 315 -1 18 -1 15 -1 -2
45 -1 316 -1 317 -1 22 -1 318 -1 -2
18 -1 274 -1 319 -1 131 -1 7 -1 276 -1 -2
229 -1 19 -1 320 -1 22 -1 7 -1 309 -1 45 -1 321 -1 99 -1 322 -1 7 -1 243 -1 -2
7 -1 116 -1 36 -1 127 -1 323 -1 45 -1 141 -1 324 -1 220 -1 7 -1 134 -1 325 -1 -2
35 -1 25 -1 326 -1 7 -1 68 -1 36 -1 327 -1 328 -1 7 -1 329 -1 73 -1 330 -1 -2
18 -1 331 -1 24 -1 161 -1 162 -1 73 -1 332 -1 333 -1 73 -1 334 -1 335 -1 25 -1 144 -1 336 -1 131 -1 332 -1 337 -1 87 -1 158 -1 220 -1 7 -1 23 -1 -2
229 -1 19 -1 25 -1 338 -1 339 -1 87 -1 212 -1 340 -1 341 -1 79 -1 25 -1 222 -1 25 -1 36 -1 87 -1 25 -1 342 -1 24 -1 25 -1 343 -1 87 -1 25 -1 344 -1 25 -1 345 -1 346 -1 347 -1 22 -1 7 -1 348 -1 87 -1 25 -1 349 -1 350 -1 351 -1 73 -1 8 -1 87 -1 352 -1 -2
131 -1 79 -1 7 -1 353 -1 23 -1 354 -1 25 -1 355 -1 356 -1 357 -1 6 -1 7 -1 358 -1 -2
7 -1 68 -1 36 -1 331 -1 24 -1 359 -1 360 -1 361 -1 7 -1 362 -1 -2
7 -1 116 -1 36 -1 363 -1 24 -1 364 -1 252 -1 22 -1 7 -1 365 -1 -2
91 -1 366 -1 7 -1 355 -1 -2
44 -1 7 -1 116 -1 36 -1 19 -1 367 -1 24 -1 368 -1 -2
18 -1 369 -1 87 -1 7 -1 355 -1 47 -1 370 -1 82 -1 -2
371 -1 372 -1 7 -1 68 -1 36 -1 22 -1 7 -1 113 -1 -2
161 -1 373 -1 73 -1 374 -1 375 -1 370 -1 376 -1 377 -1 -2
80 -1 378 -1 22 -1 25 -1 379 -1 40 -1 25 -1 380 -1 381 -1 -2
382 -1 381 -1 31 -1 40 -1 383 -1 7 -1 68 -1 36 -1 -2
18 -1 384 -1 385 -1 40 -1 386 -1 87 -1 153 -1 45 -1 223 -1 -2
235 -1 18 -1 47 -1 25 -1 387 -1 388 -1 220 -1 45 -1 28 -1 87 -1 389 -1 123 -1 7 -1 362 -1 -2
7 -1 116 -1 36 -1 390 -1 391 -1 136 -1 392 -1 24 -1 393 -1 394 -1 66 -1 395 -1 45 -1 396 -1 58 -1 397 -1 73 -1 398 -1 -2
18 -1 31 -1 40 -1 51 -1 399 -1 40 -1 400 -1 7 -1 309 -1 158 -1 73 -1 7 -1 139 -1 -2
63 -1 95 -1 401 -1 18 -1 402 -1 87 -1 403 -1 226 -1 -2
191 -1 404 -1 15 -1 18 -1 277 -1 45 -1 405 -1 406 -1 53 -1 54 -1 161 -1 407 -1 408 -1 -2
2 -1 182 -1 409 -1 67 -1 410 -1 411 -1 412 -1 413 -1 7 -1 116 -1 36 -1 19 -1 22 -1 25 -1 414 -1 24 -1 415 -1 141 -1 416 -1 79 -1 7 -1 216 -1 -2
18 -1 31 -1 40 -1 51 -1 417 -1 418 -1 419 -1 420 -1 -2
418 -1 419 -1 420 -1 -2
2 -1 299 -1 184 -1 300 -1 25 -1 223 -1 7 -1 68 -1 36 -1 145 -1 7 -1 421 -1 73 -1 161 -1 422 -1 -2
191 -1 404 -1 53 -1 7 -1 108 -1 19 -1 423 -1 417 -1 418 -1 419 -1 420 -1 -2
2 -1 299 -1 184 -1 300 -1 25 -1 223 -1 -2
2 -1 299 -1 7 -1 68 -1 36 -1 390 -1 131 -1 48 -1 7 -1 8 -1 -2
1 -1 424 -1 -2
7 -1 425 -1 426 -1 427 -1 428 -1 45 -1 429 -1 124 -1 136 -1 87 -1 80 -1 430 -1 25 -1 431 -1 66 -1 38 -1 432 -1 22 -1 7 -1 433 -1 -2
7 -1 116 -1 36 -1 434 -1 22 -1 87 -1 7 -1 3 -1 435 -1 87 -1 436 -1 22 -1 7 -1 9 -1 -2
7 -1 68 -1 36 -1 22 -1 437 -1 40 -1 438 -1 124 -1 439 -1 327 -1 440 -1 441 -1 231 -1 25 -1 442 -1 443 -1 411 -1 25 -1 444 -1 445 -1 87 -1 212 -1 446 -1 22 -1 216 -1 447 -1 87 -1 448 -1 220 -1 25 -1 449 -1 145 -1 73 -1 340 -1 450 -1 -2
7 -1 3 -1 4 -1 451 -1 452 -1 149 -1 7 -1 453 -1 454 -1 -2
7 -1 212 -1 446 -1 455 -1 124 -1 98 -1 449 -1 87 -1 47 -1 98 -1 456 -1 457 -1 458 -1 -2
80 -1 459 -1 460 -1 461 -1 87 -1 461 -1 87 -1 241 -1 40 -1 462 -1 463 -1 79 -1 332 -1 464 -1 465 -1 -2
7 -1 68 -1 36 -1 466 -1 45 -1 377 -1 40 -1 7 -1 467 -1 87 -1 451 -1 468 -1 7 -1 449 -1 24 -1 25 -1 469 -1 470 -1 -2
7 -1 116 -1 36 -1 127 -1 45 -1 471 -1 472 -1 473 -1 87 -1 474 -1 24 -1 7 -1 475 -1 73 -1 476 -1 -2
7 -1 477 -1 478 -1 126 -1 460 -1 87 -1 479 -1 35 -1 214 -1 480 -1 -2
7 -1 84 -1 85 -1 86 -1 79 -1 7 -1 68 -1 166 -1 82 -1 273 -1 95 -1 7 -1 481 -1 58 -1 25 -1 132 -1 482 -1 483 -1 63 -1 45 -1 484 -1 19 -1 416 -1 79 -1 7 -1 449 -1 66 -1 485 -1 486 -1 40 -1 51 -1 487 -1 -2
7 -1 116 -1 36 -1 488 -1 7 -1 84 -1 85 -1 86 -1 35 -1 25 -1 489 -1 -2
95 -1 490 -1 7 -1 68 -1 36 -1 491 -1 7 -1 449 -1 87 -1 492 -1 493 -1 -2
18 -1 494 -1 131 -1 79 -1 45 -1 316 -1 87 -1 495 -1 -2
45 -1 216 -1 496 -1 226 -1 136 -1 58 -1 25 -1 497 -1 498 -1 -2
7 -1 116 -1 36 -1 252 -1 499 -1 500 -1 45 -1 501 -1 502 -1 87 -1 494 -1 131 -1 6 -1 7 -1 503 -1 73 -1 45 -1 28 -1 -2
91 -1 92 -1 32 -1 24 -1 25 -1 504 -1 505 -1 -2
7 -1 506 -1 73 -1 7 -1 449 -1 31 -1 40 -1 153 -1 98 -1 507 -1 508 -1 -2
91 -1 509 -1 510 -1 123 -1 48 -1 7 -1 511 -1 352 -1 73 -1 512 -1 -2
382 -1 38 -1 513 -1 15 -1 7 -1 116 -1 36 -1 -2
45 -1 28 -1 514 -1 515 -1 -2
516 -1 148 -1 124 -1 7 -1 8 -1 517 -1 98 -1 477 -1 87 -1 518 -1 519 -1 40 -1 520 -1 -2
521 -1 9 -1 522 -1 84 -1 523 -1 524 -1 226 -1 519 -1 -2
7 -1 3 -1 4 -1 525 -1 526 -1 527 -1 -2
191 -1 15 -1 7 -1 68 -1 36 -1 -2
106 -1 15 -1 7 -1 108 -1 -2
382 -1 38 -1 513 -1 91 -1 494 -1 87 -1 154 -1 -2
25 -1 528 -1 529 -1 44 -1 47 -1 87 -1 530 -1 95 -1 7 -1 9 -1 -2
7 -1 116 -1 36 -1 531 -1 459 -1 45 -1 82 -1 87 -1 532 -1 7 -1 533 -1 534 -1 269 -1 535 -1 48 -1 7 -1 467 -1 -2
80 -1 536 -1 537 -1 24 -1 25 -1 538 -1 539 -1 540 -1 -2
66 -1 533 -1 188 -1 121 -1 45 -1 99 -1 353 -1 114 -1 -2
269 -1 25 -1 541 -1 542 -1 7 -1 116 -1 36 -1 543 -1 -2
18 -1 64 -1 544 -1 124 -1 161 -1 545 -1 546 -1 22 -1 7 -1 82 -1 -2
18 -1 547 -1 294 -1 548 -1 549 -1 -2
550 -1 57 -1 513 -1 551 -1 -2
214 -1 2 -1 19 -1 136 -1 552 -1 553 -1 18 -1 188 -1 554 -1 555 -1 87 -1 19 -1 138 -1 95 -1 7 -1 481 -1 -2
18 -1 241 -1 40 -1 556 -1 -2
557 -1 -2
557 -1 -2
557 -1 -2
57 -1 558 -1 559 -1 510 -1 104 -1 7 -1 68 -1 36 -1 -2
53 -1 560 -1 561 -1 73 -1 562 -1 2 -1 563 -1 7 -1 564 -1 22 -1 67 -1 565 -1 18 -1 566 -1 452 -1 -2
7 -1 567 -1 116 -1 36 -1 145 -1 25 -1 421 -1 73 -1 568 -1 569 -1 -2
45 -1 28 -1 570 -1 87 -1 47 -1 25 -1 571 -1 484 -1 572 -1 -2
420 -1 18 -1 573 -1 35 -1 214 -1 574 -1 -2
7 -1 575 -1 19 -1 25 -1 576 -1 482 -1 577 -1 24 -1 25 -1 578 -1 73 -1 579 -1 22 -1 580 -1 581 -1 7 -1 582 -1 583 -1 73 -1 584 -1 585 -1 -2
7 -1 148 -1 124 -1 7 -1 8 -1 327 -1 586 -1 519 -1 126 -1 -2
7 -1 3 -1 4 -1 587 -1 588 -1 87 -1 589 -1 25 -1 84 -1 590 -1 73 -1 591 -1 -2
106 -1 592 -1 593 -1 60 -1 -2
106 -1 592 -1 593 -1 60 -1 594 -1 7 -1 68 -1 36 -1 595 -1 596 -1 22 -1 45 -1 497 -1 498 -1 -2
7 -1 597 -1 481 -1 31 -1 40 -1 598 -1 7 -1 116 -1 36 -1 87 -1 89 -1 25 -1 90 -1 18 -1 589 -1 13 -1 599 -1 -2
44 -1 18 -1 600 -1 45 -1 601 -1 73 -1 602 -1 -2
18 -1 603 -1 226 -1 87 -1 403 -1 7 -1 68 -1 36 -1 -2
18 -1 604 -1 605 -1 45 -1 606 -1 -2
607 -1 18 -1 15 -1 22 -1 608 -1 609 -1 610 -1 -2
607 -1 -2
382 -1 441 -1 611 -1 124 -1 67 -1 292 -1 293 -1 67 -1 113 -1 67 -1 612 -1 53 -1 613 -1 614 -1 67 -1 615 -1 305 -1 18 -1 47 -1 126 -1 -2
45 -1 28 -1 616 -1 35 -1 214 -1 617 -1 6 -1 161 -1 618 -1 472 -1 -2
18 -1 619 -1 158 -1 45 -1 148 -1 -2
191 -1 191 -1 620 -1 18 -1 621 -1 622 -1 51 -1 300 -1 25 -1 288 -1 7 -1 623 -1 316 -1 73 -1 45 -1 305 -1 19 -1 624 -1 6 -1 25 -1 625 -1 626 -1 -2
212 -1 627 -1 224 -1 628 -1 7 -1 629 -1 -2
630 -1 7 -1 631 -1 92 -1 632 -1 -2
7 -1 633 -1 73 -1 25 -1 634 -1 635 -1 124 -1 161 -1 636 -1 637 -1 35 -1 214 -1 638 -1 22 -1 639 -1 -2
191 -1 -2
191 -1 -2
412 -1 640 -1 641 -1 642 -1 7 -1 68 -1 36 -1 622 -1 599 -1 66 -1 309 -1 40 -1 561 -1 418 -1 643 -1 73 -1 644 -1 13 -1 15 -1 7 -1 108 -1 423 -1 645 -1 126 -1 87 -1 646 -1 7 -1 647 -1 149 -1 45 -1 648 -1 -2
53 -1 649 -1 2 -1 119 -1 650 -1 40 -1 651 -1 441 -1 382 -1 652 -1 622 -1 53 -1 -2
13 -1 298 -1 7 -1 653 -1 654 -1 -2
298 -1 643 -1 655 -1 95 -1 441 -1 656 -1 10 -1 424 -1 241 -1 7 -1 68 -1 36 -1 -2
7 -1 116 -1 166 -1 249 -1 44 -1 107 -1 -2
175 -1 657 -1 561 -1 -2
658 -1 7 -1 659 -1 660 -1 73 -1 80 -1 -2
175 -1 657 -1 561 -1 2 -1 267 -1 661 -1 7 -1 68 -1 36 -1 -2
53 -1 64 -1 662 -1 12 -1 25 -1 288 -1 7 -1 116 -1 36 -1 196 -1 87 -1 663 -1 131 -1 664 -1 45 -1 307 -1 262 -1 22 -1 7 -1 467 -1 -2
665 -1 666 -1 667 -1 45 -1 28 -1 40 -1 668 -1 7 -1 108 -1 669 -1 73 -1 7 -1 449 -1 -2
149 -1 7 -1 427 -1 84 -1 670 -1 73 -1 540 -1 671 -1 672 -1 673 -1 674 -1 -2
675 -1 676 -1 677 -1 97 -1 678 -1 147 -1 25 -1 679 -1 307 -1 -2
25 -1 199 -1 73 -1 680 -1 681 -1 361 -1 58 -1 25 -1 334 -1 73 -1 682 -1 -2
7 -1 352 -1 430 -1 683 -1 231 -1 684 -1 149 -1 7 -1 575 -1 685 -1 686 -1 92 -1 687 -1 -2
7 -1 3 -1 688 -1 316 -1 40 -1 316 -1 87 -1 95 -1 689 -1 669 -1 73 -1 7 -1 449 -1 690 -1 95 -1 490 -1 -2
106 -1 589 -1 53 -1 691 -1 40 -1 692 -1 561 -1 89 -1 693 -1 7 -1 68 -1 36 -1 22 -1 25 -1 248 -1 73 -1 694 -1 -2
214 -1 67 -1 134 -1 695 -1 696 -1 607 -1 58 -1 25 -1 697 -1 593 -1 698 -1 51 -1 172 -1 699 -1 7 -1 116 -1 36 -1 -2
1 -1 700 -1 -2
7 -1 701 -1 22 -1 7 -1 702 -1 703 -1 126 -1 87 -1 704 -1 496 -1 149 -1 7 -1 8 -1 -2
705 -1 706 -1 241 -1 40 -1 707 -1 58 -1 141 -1 -2
708 -1 709 -1 7 -1 688 -1 24 -1 25 -1 710 -1 711 -1 87 -1 712 -1 252 -1 40 -1 713 -1 98 -1 714 -1 715 -1 -2
91 -1 716 -1 717 -1 22 -1 7 -1 718 -1 73 -1 7 -1 449 -1 -2
2 -1 719 -1 58 -1 25 -1 720 -1 15 -1 7 -1 68 -1 36 -1 22 -1 721 -1 610 -1 -2
722 -1 723 -1 3 -1 724 -1 89 -1 25 -1 725 -1 726 -1 7 -1 116 -1 36 -1 -2
25 -1 727 -1 728 -1 73 -1 729 -1 730 -1 731 -1 732 -1 277 -1 7 -1 688 -1 87 -1 25 -1 733 -1 73 -1 734 -1 352 -1 -2
735 -1 87 -1 736 -1 252 -1 124 -1 7 -1 737 -1 738 -1 629 -1 -2
2 -1 662 -1 2 -1 739 -1 740 -1 15 -1 7 -1 68 -1 36 -1 -2
66 -1 741 -1 742 -1 19 -1 161 -1 743 -1 744 -1 355 -1 15 -1 7 -1 116 -1 36 -1 -2
562 -1 7 -1 745 -1 73 -1 7 -1 8 -1 708 -1 252 -1 40 -1 519 -1 7 -1 68 -1 36 -1 746 -1 18 -1 182 -1 6 -1 25 -1 747 -1 748 -1 73 -1 45 -1 307 -1 87 -1 606 -1 749 -1 202 -1 22 -1 45 -1 216 -1 -2
7 -1 116 -1 36 -1 19 -1 667 -1 40 -1 633 -1 87 -1 750 -1 -2
35 -1 708 -1 751 -1 102 -1 149 -1 7 -1 8 -1 752 -1 87 -1 579 -1 706 -1 241 -1 40 -1 753 -1 7 -1 754 -1 -2
229 -1 92 -1 755 -1 735 -1 277 -1 7 -1 9 -1 -2
2 -1 171 -1 756 -1 757 -1 542 -1 7 -1 68 -1 36 -1 -2
2 -1 758 -1 2 -1 695 -1 759 -1 66 -1 760 -1 761 -1 89 -1 7 -1 762 -1 763 -1 708 -1 15 -1 7 -1 116 -1 36 -1 764 -1 -2
7 -1 8 -1 430 -1 765 -1 87 -1 766 -1 767 -1 58 -1 25 -1 432 -1 768 -1 562 -1 84 -1 769 -1 770 -1 771 -1 40 -1 772 -1 24 -1 25 -1 773 -1 774 -1 -2
7 -1 688 -1 775 -1 95 -1 776 -1 777 -1 79 -1 349 -1 778 -1 779 -1 -2
25 -1 780 -1 252 -1 87 -1 273 -1 95 -1 519 -1 -2
781 -1 172 -1 782 -1 7 -1 68 -1 36 -1 -2
2 -1 758 -1 2 -1 327 -1 161 -1 783 -1 784 -1 7 -1 116 -1 36 -1 785 -1 7 -1 780 -1 -2
786 -1 91 -1 224 -1 40 -1 787 -1 95 -1 7 -1 752 -1 87 -1 579 -1 706 -1 66 -1 788 -1 226 -1 519 -1 -2
789 -1 790 -1 13 -1 791 -1 792 -1 793 -1 7 -1 68 -1 36 -1 -2
418 -1 10 -1 51 -1 794 -1 123 -1 795 -1 -2
2 -1 796 -1 797 -1 15 -1 7 -1 116 -1 36 -1 -2
18 -1 241 -1 40 -1 798 -1 79 -1 161 -1 799 -1 800 -1 -2
2 -1 613 -1 236 -1 15 -1 18 -1 44 -1 66 -1 801 -1 24 -1 802 -1 627 -1 803 -1 98 -1 99 -1 790 -1 299 -1 804 -1 316 -1 391 -1 163 -1 805 -1 806 -1 79 -1 25 -1 465 -1 -2
22 -1 66 -1 807 -1 593 -1 790 -1 51 -1 808 -1 6 -1 332 -1 809 -1 810 -1 89 -1 7 -1 811 -1 812 -1 73 -1 7 -1 813 -1 -2
235 -1 814 -1 51 -1 123 -1 40 -1 332 -1 73 -1 67 -1 815 -1 816 -1 87 -1 10 -1 817 -1 563 -1 628 -1 -2
818 -1 819 -1 792 -1 -2
658 -1 106 -1 818 -1 60 -1 -2
818 -1 819 -1 792 -1 -2
79 -1 161 -1 820 -1 24 -1 821 -1 822 -1 87 -1 823 -1 824 -1 87 -1 441 -1 66 -1 -2
823 -1 824 -1 825 -1 -2
513 -1 -2
550 -1 18 -1 44 -1 826 -1 87 -1 47 -1 40 -1 827 -1 -2
95 -1 25 -1 637 -1 25 -1 513 -1 579 -1 483 -1 19 -1 828 -1 7 -1 8 -1 829 -1 -2
91 -1 354 -1 123 -1 87 -1 589 -1 42 -1 590 -1 -2
35 -1 91 -1 532 -1 7 -1 483 -1 830 -1 831 -1 -2
832 -1 7 -1 228 -1 73 -1 25 -1 833 -1 809 -1 252 -1 48 -1 834 -1 -2
226 -1 7 -1 513 -1 579 -1 483 -1 229 -1 835 -1 836 -1 734 -1 837 -1 -2
7 -1 829 -1 182 -1 739 -1 25 -1 838 -1 839 -1 73 -1 840 -1 841 -1 87 -1 842 -1 73 -1 843 -1 844 -1 -2
229 -1 252 -1 7 -1 845 -1 73 -1 7 -1 427 -1 35 -1 7 -1 627 -1 846 -1 847 -1 269 -1 309 -1 -2
7 -1 116 -1 36 -1 848 -1 161 -1 849 -1 -2
850 -1 18 -1 851 -1 172 -1 611 -1 852 -1 853 -1 -2
7 -1 854 -1 855 -1 -2
856 -1 2 -1 576 -1 40 -1 857 -1 7 -1 858 -1 859 -1 6 -1 7 -1 860 -1 -2
53 -1 790 -1 861 -1 171 -1 25 -1 74 -1 862 -1 24 -1 25 -1 863 -1 79 -1 269 -1 864 -1 238 -1 124 -1 7 -1 503 -1 73 -1 865 -1 809 -1 -2
866 -1 867 -1 22 -1 159 -1 87 -1 74 -1 790 -1 868 -1 792 -1 48 -1 7 -1 862 -1 87 -1 869 -1 852 -1 870 -1 871 -1 40 -1 7 -1 872 -1 684 -1 7 -1 14 -1 873 -1 859 -1 24 -1 874 -1 875 -1 441 -1 461 -1 790 -1 876 -1 792 -1 -2
235 -1 22 -1 7 -1 877 -1 878 -1 879 -1 7 -1 880 -1 881 -1 87 -1 7 -1 882 -1 883 -1 10 -1 180 -1 852 -1 884 -1 73 -1 885 -1 87 -1 886 -1 7 -1 809 -1 252 -1 79 -1 58 -1 25 -1 887 -1 888 -1 889 -1 24 -1 890 -1 891 -1 -2
7 -1 3 -1 829 -1 354 -1 123 -1 87 -1 892 -1 148 -1 -2
235 -1 91 -1 893 -1 158 -1 25 -1 894 -1 895 -1 66 -1 896 -1 149 -1 7 -1 897 -1 73 -1 8 -1 -2
7 -1 394 -1 31 -1 40 -1 898 -1 7 -1 809 -1 -2
4 -1 24 -1 549 -1 79 -1 899 -1 87 -1 390 -1 226 -1 7 -1 900 -1 -2
91 -1 794 -1 123 -1 901 -1 902 -1 87 -1 903 -1 519 -1 131 -1 -2
91 -1 899 -1 904 -1 -2
391 -1 905 -1 906 -1 87 -1 907 -1 7 -1 908 -1 354 -1 423 -1 -2
22 -1 7 -1 909 -1 7 -1 829 -1 327 -1 696 -1 910 -1 98 -1 911 -1 89 -1 868 -1 -2
158 -1 22 -1 7 -1 754 -1 91 -1 912 -1 40 -1 7 -1 809 -1 87 -1 913 -1 -2
25 -1 248 -1 252 -1 40 -1 519 -1 -2
914 -1 80 -1 15 -1 -2
91 -1 495 -1 158 -1 98 -1 915 -1 87 -1 241 -1 40 -1 916 -1 -2
914 -1 -2
914 -1 -2
914 -1 917 -1 60 -1 918 -1 691 -1 15 -1 7 -1 248 -1 -2
7 -1 3 -1 829 -1 509 -1 95 -1 919 -1 108 -1 87 -1 5 -1 44 -1 131 -1 79 -1 7 -1 449 -1 -2
332 -1 920 -1 252 -1 921 -1 149 -1 7 -1 352 -1 87 -1 922 -1 98 -1 923 -1 -2
63 -1 924 -1 7 -1 116 -1 36 -1 121 -1 123 -1 87 -1 925 -1 926 -1 927 -1 -2
18 -1 928 -1 45 -1 929 -1 87 -1 930 -1 48 -1 7 -1 708 -1 196 -1 931 -1 -2
7 -1 908 -1 31 -1 932 -1 73 -1 933 -1 934 -1 740 -1 66 -1 247 -1 124 -1 25 -1 263 -1 935 -1 73 -1 7 -1 467 -1 -2
87 -1 936 -1 16 -1 248 -1 19 -1 937 -1 24 -1 25 -1 938 -1 -2
25 -1 939 -1 73 -1 4 -1 24 -1 940 -1 508 -1 66 -1 903 -1 511 -1 735 -1 149 -1 7 -1 8 -1 35 -1 7 -1 941 -1 942 -1 943 -1 25 -1 944 -1 87 -1 145 -1 945 -1 -2
628 -1 22 -1 7 -1 711 -1 7 -1 116 -1 36 -1 241 -1 40 -1 242 -1 58 -1 25 -1 946 -1 -2
7 -1 68 -1 36 -1 5 -1 22 -1 947 -1 230 -1 24 -1 45 -1 307 -1 948 -1 -2
391 -1 25 -1 90 -1 16 -1 73 -1 7 -1 4 -1 73 -1 940 -1 508 -1 367 -1 25 -1 949 -1 66 -1 19 -1 950 -1 95 -1 7 -1 951 -1 87 -1 952 -1 25 -1 836 -1 862 -1 124 -1 7 -1 735 -1 -2
212 -1 953 -1 954 -1 22 -1 87 -1 955 -1 956 -1 468 -1 7 -1 449 -1 -2
538 -1 467 -1 957 -1 22 -1 7 -1 958 -1 35 -1 7 -1 959 -1 960 -1 -2
226 -1 961 -1 99 -1 124 -1 7 -1 449 -1 7 -1 862 -1 402 -1 -2
37 -1 962 -1 53 -1 963 -1 25 -1 248 -1 -2
7 -1 116 -1 36 -1 964 -1 202 -1 87 -1 965 -1 -2
18 -1 952 -1 966 -1 967 -1 45 -1 968 -1 969 -1 970 -1 58 -1 971 -1 972 -1 -2
418 -1 15 -1 7 -1 212 -1 953 -1 -2
7 -1 688 -1 973 -1 7 -1 449 -1 -2
91 -1 273 -1 316 -1 974 -1 22 -1 98 -1 975 -1 25 -1 976 -1 73 -1 977 -1 89 -1 7 -1 353 -1 506 -1 -2
978 -1 91 -1 979 -1 123 -1 7 -1 503 -1 73 -1 7 -1 908 -1 87 -1 492 -1 149 -1 7 -1 980 -1 -2
79 -1 900 -1 91 -1 981 -1 25 -1 36 -1 -2
18 -1 943 -1 25 -1 982 -1 40 -1 98 -1 457 -1 -2
121 -1 983 -1 984 -1 985 -1 18 -1 986 -1 -2
643 -1 15 -1 7 -1 116 -1 36 -1 593 -1 267 -1 7 -1 36 -1 327 -1 25 -1 987 -1 377 -1 87 -1 442 -1 988 -1 -2
747 -1 989 -1 226 -1 45 -1 46 -1 92 -1 990 -1 48 -1 161 -1 991 -1 381 -1 73 -1 992 -1 -2
45 -1 99 -1 92 -1 993 -1 87 -1 994 -1 995 -1 40 -1 996 -1 -2
932 -1 997 -1 92 -1 998 -1 6 -1 25 -1 999 -1 73 -1 1000 -1 66 -1 198 -1 123 -1 7 -1 1001 -1 503 -1 73 -1 45 -1 1002 -1 87 -1 252 -1 131 -1 7 -1 43 -1 503 -1 73 -1 45 -1 316 -1 1003 -1 136 -1 48 -1 1004 -1 -2
1005 -1 1006 -1 -2
1007 -1 1008 -1 1009 -1 1010 -1 1011 -1 73 -1 1012 -1 1013 -1 1014 -1 18 -1 15 -1 -2
1015 -1 15 -1 7 -1 116 -1 36 -1 1016 -1 12 -1 52 -1 229 -1 92 -1 25 -1 1017 -1 1018 -1 73 -1 230 -1 -2
7 -1 953 -1 92 -1 1019 -1 22 -1 7 -1 958 -1 87 -1 787 -1 -2
44 -1 1020 -1 107 -1 7 -1 859 -1 -2
917 -1 1021 -1 1022 -1 18 -1 268 -1 917 -1 1021 -1 1022 -1 918 -1 121 -1 79 -1 1023 -1 15 -1 7 -1 116 -1 36 -1 -2
1 -1 1024 -1 -2
7 -1 1009 -1 198 -1 79 -1 -2
7 -1 3 -1 688 -1 5 -1 131 -1 87 -1 532 -1 -2
391 -1 25 -1 90 -1 91 -1 241 -1 40 -1 750 -1 -2
7 -1 1025 -1 754 -1 73 -1 7 -1 512 -1 708 -1 1026 -1 126 -1 87 -1 1027 -1 1028 -1 1029 -1 149 -1 7 -1 8 -1 -2
861 -1 706 -1 73 -1 1030 -1 1031 -1 198 -1 597 -1 335 -1 7 -1 352 -1 87 -1 7 -1 1032 -1 1033 -1 79 -1 7 -1 1034 -1 830 -1 1035 -1 87 -1 1036 -1 1037 -1 35 -1 214 -1 25 -1 1038 -1 92 -1 1039 -1 -2
7 -1 1031 -1 1040 -1 7 -1 1041 -1 73 -1 7 -1 3 -1 4 -1 22 -1 216 -1 -2
7 -1 859 -1 488 -1 40 -1 1042 -1 311 -1 519 -1 1043 -1 16 -1 860 -1 22 -1 45 -1 1000 -1 87 -1 1044 -1 -2
10 -1 2 -1 51 -1 1045 -1 18 -1 1046 -1 15 -1 -2
7 -1 116 -1 36 -1 830 -1 1047 -1 -2
18 -1 1048 -1 22 -1 25 -1 1049 -1 1050 -1 40 -1 45 -1 28 -1 -2
382 -1 1051 -1 267 -1 43 -1 -2
214 -1 2 -1 327 -1 1052 -1 18 -1 44 -1 1053 -1 1054 -1 6 -1 7 -1 801 -1 1000 -1 -2
269 -1 1055 -1 40 -1 1056 -1 55 -1 18 -1 22 -1 161 -1 1057 -1 290 -1 -2
45 -1 141 -1 830 -1 444 -1 24 -1 1058 -1 35 -1 18 -1 532 -1 7 -1 859 -1 1044 -1 -2
1059 -1 1056 -1 22 -1 25 -1 1060 -1 52 -1 63 -1 7 -1 1061 -1 73 -1 7 -1 1009 -1 1062 -1 87 -1 1063 -1 519 -1 40 -1 1064 -1 87 -1 1065 -1 -2
91 -1 127 -1 136 -1 361 -1 7 -1 900 -1 87 -1 224 -1 131 -1 25 -1 1066 -1 887 -1 143 -1 48 -1 7 -1 878 -1 -2
80 -1 19 -1 25 -1 84 -1 264 -1 24 -1 253 -1 73 -1 25 -1 737 -1 1067 -1 -2
25 -1 1068 -1 1069 -1 161 -1 1070 -1 1071 -1 -2
22 -1 25 -1 333 -1 73 -1 1072 -1 3 -1 84 -1 1073 -1 92 -1 1074 -1 -2
25 -1 85 -1 1075 -1 1076 -1 35 -1 214 -1 7 -1 477 -1 327 -1 696 -1 1077 -1 461 -1 80 -1 5 -1 22 -1 7 -1 718 -1 73 -1 7 -1 239 -1 -2
1078 -1 7 -1 1066 -1 143 -1 19 -1 1079 -1 24 -1 25 -1 1080 -1 923 -1 -2
25 -1 1081 -1 1082 -1 1083 -1 40 -1 7 -1 1084 -1 -2
7 -1 859 -1 1085 -1 1086 -1 1087 -1 87 -1 332 -1 546 -1 1088 -1 1089 -1 -2
235 -1 18 -1 737 -1 22 -1 7 -1 1090 -1 58 -1 25 -1 1091 -1 1092 -1 -2
7 -1 68 -1 36 -1 5 -1 1093 -1 1094 -1 58 -1 25 -1 1095 -1 1096 -1 22 -1 25 -1 1097 -1 -2
7 -1 116 -1 36 -1 274 -1 226 -1 7 -1 878 -1 87 -1 1098 -1 -2
18 -1 19 -1 1099 -1 95 -1 7 -1 1100 -1 73 -1 7 -1 1051 -1 87 -1 45 -1 1101 -1 194 -1 145 -1 136 -1 719 -1 551 -1 444 -1 -2
18 -1 1102 -1 45 -1 1103 -1 1104 -1 -2
44 -1 18 -1 1105 -1 158 -1 -2
2 -1 1106 -1 1107 -1 382 -1 2 -1 180 -1 53 -1 -2
1084 -1 87 -1 1108 -1 57 -1 95 -1 1109 -1 106 -1 22 -1 7 -1 112 -1 589 -1 53 -1 691 -1 40 -1 817 -1 561 -1 22 -1 382 -1 431 -1 89 -1 295 -1 -2
314 -1 25 -1 1110 -1 340 -1 1111 -1 53 -1 54 -1 -2
57 -1 95 -1 66 -1 1089 -1 7 -1 68 -1 36 -1 514 -1 -2
18 -1 31 -1 1112 -1 1113 -1 -2
18 -1 19 -1 1114 -1 220 -1 25 -1 222 -1 1115 -1 1116 -1 22 -1 45 -1 216 -1 -2
7 -1 116 -1 36 -1 1117 -1 226 -1 7 -1 878 -1 -2
382 -1 38 -1 161 -1 1118 -1 -2
1119 -1 171 -1 7 -1 859 -1 -2
1119 -1 180 -1 136 -1 106 -1 2 -1 662 -1 73 -1 18 -1 19 -1 183 -1 6 -1 25 -1 1120 -1 73 -1 307 -1 66 -1 486 -1 1121 -1 7 -1 923 -1 -2
7 -1 859 -1 252 -1 131 -1 7 -1 1082 -1 -2
18 -1 1122 -1 25 -1 1123 -1 1124 -1 124 -1 7 -1 352 -1 -2
7 -1 116 -1 36 -1 1125 -1 1126 -1 -2
18 -1 19 -1 650 -1 40 -1 1127 -1 1128 -1 -2
7 -1 859 -1 19 -1 1129 -1 220 -1 7 -1 1123 -1 1124 -1 1130 -1 80 -1 1131 -1 87 -1 1132 -1 45 -1 1133 -1 99 -1 40 -1 1134 -1 7 -1 337 -1 73 -1 7 -1 1082 -1 -2
63 -1 7 -1 249 -1 73 -1 7 -1 116 -1 36 -1 1135 -1 -2
18 -1 1136 -1 45 -1 969 -1 22 -1 1058 -1 87 -1 1137 -1 45 -1 1057 -1 1138 -1 40 -1 7 -1 68 -1 36 -1 -2
269 -1 650 -1 40 -1 1056 -1 -2
57 -1 1139 -1 57 -1 -2
1059 -1 1056 -1 22 -1 25 -1 1060 -1 18 -1 19 -1 1054 -1 24 -1 1140 -1 1141 -1 45 -1 1142 -1 22 -1 787 -1 95 -1 7 -1 1143 -1 1144 -1 -2
63 -1 7 -1 859 -1 215 -1 79 -1 7 -1 239 -1 24 -1 1145 -1 1146 -1 -2
10 -1 15 -1 18 -1 391 -1 918 -1 613 -1 1065 -1 1147 -1 1148 -1 58 -1 1149 -1 332 -1 -2
214 -1 607 -1 918 -1 1150 -1 1151 -1 79 -1 519 -1 1073 -1 7 -1 116 -1 36 -1 145 -1 643 -1 1152 -1 231 -1 22 -1 25 -1 1153 -1 1050 -1 -2
1059 -1 1056 -1 22 -1 226 -1 25 -1 1060 -1 -2
57 -1 557 -1 57 -1 1139 -1 7 -1 68 -1 36 -1 1154 -1 22 -1 25 -1 84 -1 1155 -1 79 -1 580 -1 92 -1 1156 -1 549 -1 87 -1 1157 -1 -2
18 -1 145 -1 25 -1 1158 -1 421 -1 -2
412 -1 640 -1 1159 -1 593 -1 182 -1 13 -1 662 -1 73 -1 1160 -1 53 -1 73 -1 67 -1 1073 -1 -2
643 -1 1161 -1 -2
1162 -1 25 -1 1163 -1 73 -1 1164 -1 214 -1 53 -1 613 -1 519 -1 87 -1 10 -1 1151 -1 1165 -1 1166 -1 79 -1 933 -1 1167 -1 7 -1 859 -1 661 -1 1168 -1 1169 -1 45 -1 316 -1 87 -1 1170 -1 45 -1 82 -1 -2
7 -1 1146 -1 1171 -1 87 -1 1172 -1 -2
7 -1 116 -1 36 -1 1173 -1 1174 -1 25 -1 1175 -1 87 -1 428 -1 25 -1 1176 -1 1126 -1 -2
7 -1 68 -1 36 -1 19 -1 543 -1 1177 -1 87 -1 795 -1 7 -1 859 -1 308 -1 149 -1 45 -1 1178 -1 1179 -1 -2
18 -1 1180 -1 25 -1 1181 -1 1182 -1 24 -1 734 -1 837 -1 79 -1 80 -1 40 -1 7 -1 68 -1 36 -1 87 -1 25 -1 887 -1 16 -1 24 -1 752 -1 78 -1 79 -1 80 -1 40 -1 7 -1 116 -1 36 -1 -2
114 -1 18 -1 737 -1 22 -1 7 -1 1090 -1 -2
7 -1 116 -1 36 -1 509 -1 1183 -1 7 -1 401 -1 733 -1 73 -1 997 -1 1184 -1 124 -1 7 -1 352 -1 -2
235 -1 18 -1 1185 -1 202 -1 123 -1 22 -1 45 -1 1182 -1 87 -1 494 -1 131 -1 -2
7 -1 68 -1 36 -1 19 -1 1186 -1 1094 -1 1187 -1 58 -1 161 -1 1188 -1 -2
7 -1 734 -1 1189 -1 1190 -1 87 -1 224 -1 79 -1 7 -1 511 -1 1181 -1 73 -1 45 -1 1002 -1 -2
7 -1 829 -1 1191 -1 -2
22 -1 7 -1 1192 -1 182 -1 51 -1 236 -1 7 -1 1193 -1 73 -1 1194 -1 35 -1 7 -1 8 -1 31 -1 40 -1 1195 -1 519 -1 715 -1 -2
7 -1 521 -1 73 -1 467 -1 361 -1 7 -1 1196 -1 503 -1 635 -1 58 -1 1197 -1 -2
161 -1 1198 -1 1199 -1 73 -1 7 -1 348 -1 327 -1 121 -1 98 -1 1200 -1 1201 -1 22 -1 7 -1 1202 -1 87 -1 22 -1 1025 -1 740 -1 92 -1 1203 -1 40 -1 51 -1 1204 -1 -2
7 -1 68 -1 36 -1 19 -1 1205 -1 6 -1 25 -1 1206 -1 261 -1 -2
18 -1 304 -1 45 -1 141 -1 87 -1 184 -1 45 -1 28 -1 1207 -1 6 -1 45 -1 1208 -1 -2
45 -1 1209 -1 377 -1 19 -1 1210 -1 24 -1 1211 -1 -2
45 -1 141 -1 1212 -1 22 -1 7 -1 711 -1 -2
18 -1 1213 -1 45 -1 606 -1 1214 -1 519 -1 158 -1 58 -1 25 -1 1215 -1 95 -1 25 -1 1216 -1 -2
18 -1 1217 -1 1218 -1 22 -1 45 -1 1002 -1 -2
419 -1 420 -1 899 -1 7 -1 68 -1 36 -1 1219 -1 123 -1 -2
191 -1 191 -1 558 -1 1021 -1 559 -1 7 -1 116 -1 36 -1 104 -1 22 -1 25 -1 932 -1 248 -1 -2
40 -1 760 -1 1220 -1 18 -1 15 -1 40 -1 760 -1 1220 -1 22 -1 852 -1 1023 -1 7 -1 68 -1 36 -1 1221 -1 316 -1 -2
7 -1 735 -1 73 -1 7 -1 878 -1 903 -1 1222 -1 226 -1 7 -1 134 -1 73 -1 7 -1 116 -1 36 -1 1223 -1 58 -1 332 -1 1224 -1 87 -1 1225 -1 1226 -1 22 -1 7 -1 887 -1 1182 -1 24 -1 7 -1 752 -1 78 -1 79 -1 80 -1 -2
1 -1 1227 -1 -2
832 -1 7 -1 116 -1 36 -1 198 -1 87 -1 494 -1 131 -1 87 -1 241 -1 40 -1 255 -1 -2
7 -1 68 -1 36 -1 206 -1 7 -1 1228 -1 73 -1 7 -1 139 -1 220 -1 136 -1 -2
18 -1 830 -1 1229 -1 95 -1 7 -1 116 -1 36 -1 1230 -1 136 -1 -2
91 -1 690 -1 -2
10 -1 15 -1 7 -1 116 -1 36 -1 102 -1 92 -1 22 -1 25 -1 1231 -1 2 -1 11 -1 66 -1 15 -1 7 -1 108 -1 1232 -1 -2
91 -1 312 -1 7 -1 1233 -1 22 -1 230 -1 -2
106 -1 22 -1 7 -1 59 -1 54 -1 593 -1 650 -1 40 -1 60 -1 693 -1 7 -1 116 -1 36 -1 391 -1 25 -1 90 -1 -2
45 -1 28 -1 19 -1 423 -1 93 -1 -2
1234 -1 1235 -1 18 -1 262 -1 106 -1 22 -1 7 -1 59 -1 54 -1 593 -1 650 -1 40 -1 60 -1 12 -1 52 -1 2 -1 622 -1 11 -1 15 -1 7 -1 68 -1 36 -1 22 -1 25 -1 1236 -1 248 -1 -2
10 -1 662 -1 73 -1 272 -1 573 -1 7 -1 108 -1 -2
662 -1 73 -1 272 -1 53 -1 340 -1 288 -1 -2
53 -1 622 -1 691 -1 40 -1 298 -1 983 -1 904 -1 1237 -1 73 -1 1238 -1 60 -1 53 -1 2 -1 267 -1 145 -1 161 -1 302 -1 73 -1 1239 -1 10 -1 662 -1 -2
11 -1 1240 -1 22 -1 7 -1 1241 -1 2 -1 11 -1 25 -1 178 -1 123 -1 22 -1 1242 -1 15 -1 7 -1 68 -1 36 -1 -2
53 -1 11 -1 25 -1 178 -1 123 -1 22 -1 1242 -1 893 -1 7 -1 116 -1 36 -1 -2
123 -1 22 -1 1242 -1 -2
856 -1 7 -1 1243 -1 54 -1 593 -1 1244 -1 314 -1 1245 -1 593 -1 1150 -1 857 -1 25 -1 1246 -1 55 -1 7 -1 108 -1 1247 -1 1248 -1 -2
7 -1 116 -1 36 -1 830 -1 44 -1 1249 -1 -2
60 -1 53 -1 11 -1 983 -1 16 -1 1250 -1 18 -1 963 -1 1251 -1 -2
2 -1 11 -1 42 -1 178 -1 1252 -1 79 -1 1253 -1 1254 -1 1252 -1 79 -1 1253 -1 1254 -1 1235 -1 7 -1 116 -1 36 -1 22 -1 161 -1 1255 -1 1256 -1 -2
1252 -1 79 -1 1253 -1 1254 -1 24 -1 161 -1 162 -1 73 -1 1257 -1 1258 -1 18 -1 47 -1 45 -1 377 -1 40 -1 7 -1 75 -1 -2
7 -1 68 -1 36 -1 5 -1 588 -1 87 -1 1259 -1 22 -1 7 -1 1260 -1 73 -1 45 -1 28 -1 -2
10 -1 936 -1 2 -1 649 -1 53 -1 54 -1 650 -1 40 -1 1261 -1 -2
53 -1 298 -1 561 -1 1119 -1 -2
269 -1 7 -1 615 -1 593 -1 1150 -1 60 -1 267 -1 80 -1 -2
1262 -1 25 -1 1246 -1 87 -1 195 -1 57 -1 66 -1 178 -1 123 -1 79 -1 1263 -1 66 -1 -2
53 -1 1264 -1 1265 -1 80 -1 -2
106 -1 1266 -1 -2
53 -1 54 -1 1267 -1 -2
10 -1 1147 -1 593 -1 1150 -1 1268 -1 332 -1 194 -1 73 -1 7 -1 859 -1 -2
825 -1 -2
589 -1 2 -1 171 -1 12 -1 -2
1269 -1 2 -1 184 -1 12 -1 -2
181 -1 80 -1 38 -1 1270 -1 66 -1 25 -1 36 -1 37 -1 1271 -1 997 -1 58 -1 66 -1 1150 -1 613 -1 194 -1 40 -1 1272 -1 -2
643 -1 2 -1 1106 -1 294 -1 1157 -1 87 -1 25 -1 1273 -1 -2
40 -1 1274 -1 -2
73 -1 644 -1 13 -1 -2
2 -1 622 -1 11 -1 684 -1 80 -1 38 -1 -2
60 -1 53 -1 -2
2 -1 154 -1 13 -1 -2
24 -1 441 -1 67 -1 1275 -1 226 -1 108 -1 1276 -1 53 -1 299 -1 11 -1 1277 -1 1278 -1 1238 -1 -2
106 -1 -2
1279 -1 -2
1119 -1 51 -1 1280 -1 103 -1 -2
593 -1 1150 -1 817 -1 628 -1 95 -1 1242 -1 36 -1 1281 -1 -2
229 -1 54 -1 643 -1 1282 -1 22 -1 1242 -1 -2
2 -1 622 -1 662 -1 593 -1 1150 -1 1283 -1 25 -1 1284 -1 40 -1 857 -1 792 -1 1285 -1 87 -1 1286 -1 25 -1 1246 -1 40 -1 7 -1 1287 -1 89 -1 7 -1 1165 -1 1288 -1 1289 -1 66 -1 593 -1 613 -1 1290 -1 40 -1 1283 -1 136 -1 24 -1 -2
106 -1 -2
643 -1 73 -1 644 -1 13 -1 -2
171 -1 172 -1 191 -1 404 -1 622 -1 53 -1 1291 -1 95 -1 561 -1 58 -1 66 -1 -2
2 -1 1106 -1 613 -1 80 -1 -2
558 -1 66 -1 -2
2 -1 267 -1 689 -1 -2
2 -1 267 -1 -2
106 -1 -2
2 -1 119 -1 13 -1 -2
269 -1 643 -1 300 -1 431 -1 -2
2 -1 267 -1 -2
1292 -1 121 -1 904 -1 1293 -1 53 -1 613 -1 1294 -1 -2
10 -1 53 -1 267 -1 1295 -1 1277 -1 607 -1 1165 -1 1296 -1 1297 -1 1298 -1 229 -1 87 -1 1299 -1 95 -1 490 -1 7 -1 116 -1 36 -1 1300 -1 40 -1 1301 -1 1302 -1 -2
7 -1 68 -1 36 -1 154 -1 24 -1 300 -1 1303 -1 66 -1 18 -1 224 -1 1304 -1 -2
391 -1 25 -1 90 -1 18 -1 1305 -1 66 -1 18 -1 19 -1 22 -1 25 -1 1306 -1 684 -1 1307 -1 1308 -1 830 -1 79 -1 822 -1 -2
229 -1 252 -1 25 -1 1309 -1 348 -1 66 -1 1310 -1 7 -1 1311 -1 226 -1 58 -1 1312 -1 1313 -1 -2
25 -1 1314 -1 1315 -1 19 -1 22 -1 45 -1 1316 -1 -2
18 -1 1317 -1 40 -1 1134 -1 7 -1 859 -1 73 -1 7 -1 1009 -1 1207 -1 149 -1 136 -1 -2
92 -1 95 -1 760 -1 1220 -1 936 -1 15 -1 7 -1 859 -1 672 -1 45 -1 248 -1 1318 -1 7 -1 1319 -1 87 -1 1320 -1 66 -1 19 -1 356 -1 1321 -1 79 -1 900 -1 161 -1 2 -1 1322 -1 53 -1 1323 -1 1324 -1 195 -1 1285 -1 18 -1 1325 -1 22 -1 161 -1 1326 -1 1256 -1 -2
1327 -1 1328 -1 158 -1 562 -1 918 -1 1324 -1 195 -1 18 -1 1329 -1 1330 -1 95 -1 7 -1 68 -1 36 -1 -2
7 -1 116 -1 36 -1 1317 -1 252 -1 149 -1 87 -1 1331 -1 7 -1 859 -1 6 -1 7 -1 1332 -1 -2
214 -1 53 -1 1044 -1 114 -1 1119 -1 1333 -1 53 -1 18 -1 15 -1 -2
7 -1 859 -1 1334 -1 87 -1 1335 -1 45 -1 307 -1 87 -1 606 -1 -2
22 -1 7 -1 103 -1 1254 -1 7 -1 116 -1 36 -1 1336 -1 53 -1 808 -1 792 -1 22 -1 25 -1 1337 -1 1338 -1 1256 -1 -2
80 -1 1339 -1 561 -1 1119 -1 40 -1 662 -1 73 -1 80 -1 -2
1292 -1 25 -1 1340 -1 40 -1 1341 -1 53 -1 132 -1 1162 -1 89 -1 66 -1 -2
22 -1 7 -1 1342 -1 1254 -1 67 -1 908 -1 38 -1 810 -1 89 -1 1274 -1 1013 -1 87 -1 1343 -1 643 -1 1344 -1 22 -1 80 -1 -2
936 -1 790 -1 53 -1 211 -1 790 -1 53 -1 13 -1 804 -1 382 -1 809 -1 226 -1 87 -1 857 -1 792 -1 316 -1 684 -1 852 -1 194 -1 54 -1 211 -1 40 -1 1345 -1 684 -1 593 -1 1346 -1 18 -1 1347 -1 500 -1 7 -1 859 -1 -2
235 -1 18 -1 1348 -1 45 -1 1349 -1 87 -1 1350 -1 25 -1 1152 -1 -2
2 -1 1264 -1 899 -1 7 -1 859 -1 2 -1 1264 -1 -2
382 -1 908 -1 622 -1 1346 -1 40 -1 561 -1 -2
1292 -1 121 -1 40 -1 10 -1 235 -1 183 -1 7 -1 116 -1 36 -1 1150 -1 53 -1 1272 -1 792 -1 332 -1 194 -1 1351 -1 121 -1 1352 -1 699 -1 7 -1 859 -1 1353 -1 -2
45 -1 377 -1 19 -1 752 -1 87 -1 45 -1 141 -1 92 -1 130 -1 -2
10 -1 235 -1 15 -1 7 -1 116 -1 36 -1 1150 -1 53 -1 1272 -1 792 -1 332 -1 797 -1 1351 -1 121 -1 1352 -1 699 -1 7 -1 859 -1 1353 -1 -2
272 -1 1354 -1 136 -1 87 -1 18 -1 369 -1 -2
1355 -1 573 -1 7 -1 116 -1 36 -1 -2
18 -1 367 -1 7 -1 859 -1 37 -1 241 -1 40 -1 613 -1 595 -1 1179 -1 -2
7 -1 116 -1 36 -1 1356 -1 136 -1 35 -1 214 -1 18 -1 92 -1 1357 -1 -2
53 -1 1358 -1 1359 -1 18 -1 1360 -1 382 -1 659 -1 1361 -1 38 -1 332 -1 1362 -1 1363 -1 87 -1 53 -1 54 -1 22 -1 80 -1 -2
2 -1 119 -1 226 -1 40 -1 1333 -1 53 -1 7 -1 442 -1 1364 -1 73 -1 7 -1 859 -1 589 -1 1365 -1 1366 -1 58 -1 25 -1 1367 -1 1368 -1 220 -1 45 -1 1369 -1 -2
45 -1 141 -1 354 -1 1370 -1 124 -1 45 -1 82 -1 -2
7 -1 1000 -1 1371 -1 87 -1 1171 -1 58 -1 7 -1 841 -1 73 -1 25 -1 1372 -1 -2
44 -1 7 -1 116 -1 36 -1 1373 -1 45 -1 1374 -1 -2
513 -1 1375 -1 5 -1 220 -1 45 -1 1376 -1 -2
269 -1 650 -1 40 -1 1056 -1 18 -1 55 -1 1377 -1 45 -1 148 -1 -2
63 -1 7 -1 859 -1 893 -1 87 -1 737 -1 22 -1 7 -1 352 -1 -2
7 -1 68 -1 36 -1 235 -1 252 -1 1126 -1 -2
18 -1 486 -1 937 -1 24 -1 1378 -1 -2
607 -1 15 -1 18 -1 -2
607 -1 175 -1 751 -1 7 -1 559 -1 -2
7 -1 859 -1 38 -1 7 -1 291 -1 36 -1 22 -1 7 -1 139 -1 37 -1 1150 -1 868 -1 792 -1 87 -1 2 -1 1379 -1 1380 -1 60 -1 1277 -1 18 -1 1150 -1 936 -1 658 -1 441 -1 43 -1 15 -1 7 -1 116 -1 36 -1 -2
214 -1 53 -1 622 -1 58 -1 7 -1 309 -1 2 -1 1381 -1 756 -1 53 -1 1382 -1 613 -1 285 -1 79 -1 382 -1 1383 -1 95 -1 441 -1 91 -1 327 -1 42 -1 1384 -1 -2
95 -1 7 -1 669 -1 73 -1 80 -1 91 -1 198 -1 79 -1 900 -1 -2
7 -1 859 -1 354 -1 95 -1 7 -1 951 -1 1385 -1 7 -1 864 -1 24 -1 1386 -1 1387 -1 -2
562 -1 18 -1 372 -1 7 -1 688 -1 18 -1 241 -1 40 -1 1388 -1 45 -1 1389 -1 226 -1 22 -1 7 -1 162 -1 -2
12 -1 1055 -1 40 -1 563 -1 918 -1 628 -1 18 -1 899 -1 -2
7 -1 829 -1 94 -1 95 -1 919 -1 108 -1 -2
1390 -1 15 -1 7 -1 116 -1 36 -1 -2
7 -1 68 -1 36 -1 273 -1 95 -1 45 -1 28 -1 -2
1391 -1 650 -1 40 -1 563 -1 792 -1 628 -1 53 -1 171 -1 18 -1 15 -1 1392 -1 -2
7 -1 116 -1 36 -1 241 -1 40 -1 336 -1 226 -1 87 -1 462 -1 45 -1 1393 -1 -2
722 -1 58 -1 40 -1 171 -1 53 -1 60 -1 80 -1 18 -1 15 -1 105 -1 -2
7 -1 859 -1 1171 -1 95 -1 25 -1 949 -1 -2
25 -1 862 -1 252 -1 95 -1 45 -1 1394 -1 -2
722 -1 58 -1 40 -1 171 -1 53 -1 60 -1 80 -1 7 -1 116 -1 36 -1 1235 -1 70 -1 -2
161 -1 1395 -1 36 -1 22 -1 548 -1 549 -1 492 -1 131 -1 22 -1 7 -1 862 -1 87 -1 367 -1 7 -1 959 -1 -2
7 -1 859 -1 1396 -1 1397 -1 -2
45 -1 1364 -1 327 -1 25 -1 1145 -1 1398 -1 -2
7 -1 3 -1 829 -1 273 -1 95 -1 7 -1 862 -1 -2
2 -1 1399 -1 10 -1 613 -1 40 -1 817 -1 22 -1 542 -1 7 -1 68 -1 36 -1 -2
7 -1 116 -1 36 -1 19 -1 1207 -1 58 -1 25 -1 1400 -1 1401 -1 -2
2 -1 1106 -1 15 -1 18 -1 -2
2 -1 1106 -1 -2
2 -1 622 -1 1402 -1 106 -1 53 -1 60 -1 63 -1 2 -1 1106 -1 10 -1 63 -1 1403 -1 7 -1 108 -1 -2
91 -1 943 -1 25 -1 1047 -1 944 -1 -2
22 -1 7 -1 909 -1 7 -1 859 -1 19 -1 1404 -1 226 -1 1405 -1 1406 -1 945 -1 63 -1 7 -1 316 -1 73 -1 7 -1 116 -1 36 -1 943 -1 136 -1 95 -1 1407 -1 -2
7 -1 1408 -1 1409 -1 1410 -1 6 -1 7 -1 1411 -1 73 -1 7 -1 1395 -1 36 -1 48 -1 7 -1 862 -1 273 -1 79 -1 124 -1 7 -1 864 -1 -2
314 -1 25 -1 288 -1 7 -1 68 -1 36 -1 600 -1 45 -1 1412 -1 -2
607 -1 986 -1 7 -1 116 -1 36 -1 1413 -1 1414 -1 -2
607 -1 -2
10 -1 214 -1 53 -1 662 -1 314 -1 607 -1 1415 -1 10 -1 195 -1 22 -1 7 -1 862 -1 87 -1 235 -1 814 -1 171 -1 18 -1 492 -1 131 -1 48 -1 7 -1 477 -1 87 -1 1114 -1 202 -1 22 -1 161 -1 1416 -1 1256 -1 95 -1 7 -1 951 -1 -2
814 -1 171 -1 18 -1 15 -1 40 -1 45 -1 28 -1 35 -1 7 -1 168 -1 434 -1 536 -1 131 -1 -2
814 -1 171 -1 7 -1 36 -1 22 -1 548 -1 549 -1 652 -1 955 -1 7 -1 862 -1 468 -1 7 -1 481 -1 -2
35 -1 91 -1 198 -1 7 -1 859 -1 1417 -1 149 -1 7 -1 980 -1 87 -1 369 -1 -2
7 -1 68 -1 36 -1 19 -1 1114 -1 1165 -1 1418 -1 -2
10 -1 1419 -1 382 -1 7 -1 43 -1 431 -1 391 -1 441 -1 18 -1 986 -1 22 -1 25 -1 1420 -1 248 -1 -2
7 -1 116 -1 36 -1 145 -1 643 -1 1152 -1 -2
1 -1 1421 -1 -2
35 -1 91 -1 366 -1 7 -1 1287 -1 272 -1 31 -1 44 -1 40 -1 1422 -1 40 -1 7 -1 68 -1 36 -1 -2
513 -1 1084 -1 18 -1 542 -1 -2
18 -1 94 -1 95 -1 7 -1 1423 -1 481 -1 -2
412 -1 106 -1 25 -1 1424 -1 1425 -1 18 -1 642 -1 -2
60 -1 53 -1 662 -1 607 -1 104 -1 123 -1 7 -1 116 -1 36 -1 109 -1 2 -1 1426 -1 154 -1 53 -1 1427 -1 80 -1 18 -1 369 -1 22 -1 25 -1 1428 -1 248 -1 -2
420 -1 106 -1 25 -1 134 -1 814 -1 1429 -1 382 -1 1044 -1 1430 -1 7 -1 68 -1 166 -1 1431 -1 -2
18 -1 430 -1 1049 -1 -2
1355 -1 804 -1 7 -1 862 -1 461 -1 18 -1 573 -1 -2
804 -1 962 -1 132 -1 1139 -1 -2
36 -1 1281 -1 593 -1 1432 -1 962 -1 132 -1 1433 -1 739 -1 7 -1 116 -1 36 -1 22 -1 7 -1 951 -1 509 -1 95 -1 45 -1 28 -1 24 -1 1434 -1 141 -1 -2
1269 -1 13 -1 18 -1 15 -1 -2
92 -1 650 -1 79 -1 -2
53 -1 1435 -1 220 -1 80 -1 18 -1 241 -1 40 -1 1436 -1 45 -1 28 -1 24 -1 647 -1 -2
7 -1 68 -1 36 -1 354 -1 123 -1 87 -1 1335 -1 45 -1 606 -1 -2
1437 -1 131 -1 15 -1 7 -1 116 -1 36 -1 -2
814 -1 1438 -1 7 -1 862 -1 149 -1 7 -1 108 -1 36 -1 241 -1 40 -1 916 -1 -2
1437 -1 131 -1 15 -1 7 -1 116 -1 36 -1 114 -1 -2
647 -1 1439 -1 124 -1 7 -1 68 -1 166 -1 46 -1 -2
229 -1 19 -1 25 -1 84 -1 1440 -1 73 -1 1441 -1 66 -1 924 -1 1442 -1 136 -1 -2
87 -1 18 -1 661 -1 1443 -1 24 -1 45 -1 148 -1 -2
63 -1 7 -1 862 -1 198 -1 79 -1 40 -1 7 -1 1444 -1 73 -1 7 -1 1445 -1 -2
7 -1 116 -1 36 -1 19 -1 1129 -1 220 -1 1130 -1 80 -1 35 -1 80 -1 517 -1 1446 -1 1447 -1 45 -1 1209 -1 849 -1 -2
1437 -1 131 -1 18 -1 70 -1 1235 -1 -2
2 -1 1106 -1 1448 -1 7 -1 68 -1 36 -1 -2
2 -1 1106 -1 60 -1 1277 -1 7 -1 862 -1 1449 -1 24 -1 933 -1 647 -1 -2
1234 -1 18 -1 1336 -1 1385 -1 7 -1 1450 -1 1162 -1 804 -1 382 -1 862 -1 132 -1 790 -1 53 -1 -2
684 -1 22 -1 7 -1 59 -1 54 -1 53 -1 256 -1 792 -1 40 -1 295 -1 7 -1 1450 -1 273 -1 95 -1 7 -1 352 -1 87 -1 154 -1 -2
102 -1 18 -1 104 -1 -2
12 -1 1451 -1 106 -1 7 -1 1452 -1 1453 -1 10 -1 106 -1 22 -1 1021 -1 112 -1 60 -1 2 -1 1402 -1 106 -1 7 -1 1452 -1 1453 -1 693 -1 7 -1 68 -1 36 -1 -2
18 -1 428 -1 25 -1 1454 -1 1176 -1 -2
53 -1 1162 -1 804 -1 382 -1 132 -1 211 -1 7 -1 836 -1 477 -1 616 -1 -2
149 -1 16 -1 503 -1 467 -1 252 -1 1455 -1 22 -1 -2
7 -1 68 -1 36 -1 55 -1 158 -1 22 -1 712 -1 87 -1 308 -1 25 -1 1456 -1 40 -1 7 -1 108 -1 503 -1 -2
7 -1 116 -1 36 -1 573 -1 1457 -1 87 -1 7 -1 1450 -1 145 -1 1458 -1 -2
7 -1 862 -1 1459 -1 89 -1 25 -1 379 -1 58 -1 161 -1 889 -1 79 -1 25 -1 1460 -1 1461 -1 -2
235 -1 80 -1 1462 -1 -2
1437 -1 131 -1 15 -1 7 -1 116 -1 36 -1 22 -1 25 -1 1463 -1 1464 -1 35 -1 18 -1 19 -1 1465 -1 48 -1 7 -1 467 -1 -2
7 -1 1450 -1 218 -1 45 -1 959 -1 40 -1 1466 -1 24 -1 7 -1 1467 -1 -2
18 -1 198 -1 131 -1 1468 -1 464 -1 647 -1 -2
7 -1 68 -1 166 -1 1469 -1 211 -1 1470 -1 19 -1 1471 -1 6 -1 7 -1 467 -1 -2
3 -1 211 -1 212 -1 1472 -1 1473 -1 628 -1 1474 -1 73 -1 1020 -1 87 -1 1336 -1 79 -1 98 -1 1475 -1 -2
25 -1 36 -1 1476 -1 79 -1 25 -1 1287 -1 1477 -1 87 -1 241 -1 40 -1 1478 -1 -2
7 -1 1479 -1 73 -1 25 -1 1480 -1 441 -1 390 -1 40 -1 7 -1 97 -1 980 -1 -2
25 -1 1481 -1 150 -1 22 -1 25 -1 836 -1 862 -1 19 -1 1170 -1 79 -1 7 -1 9 -1 97 -1 7 -1 1482 -1 -2
18 -1 1483 -1 1484 -1 468 -1 7 -1 1485 -1 -2
80 -1 19 -1 25 -1 1486 -1 73 -1 427 -1 22 -1 7 -1 1487 -1 73 -1 580 -1 7 -1 1488 -1 1489 -1 73 -1 7 -1 862 -1 486 -1 1490 -1 -2
3 -1 1491 -1 44 -1 252 -1 123 -1 -2
1492 -1 15 -1 7 -1 68 -1 36 -1 1493 -1 -2
658 -1 80 -1 -2
1492 -1 106 -1 38 -1 15 -1 7 -1 116 -1 36 -1 -2
658 -1 7 -1 939 -1 73 -1 66 -1 1494 -1 79 -1 1253 -1 1254 -1 -2
2 -1 1162 -1 1495 -1 314 -1 7 -1 1496 -1 7 -1 116 -1 36 -1 15 -1 -2
80 -1 1419 -1 412 -1 1497 -1 183 -1 45 -1 28 -1 -2
214 -1 53 -1 695 -1 18 -1 385 -1 40 -1 1498 -1 63 -1 16 -1 860 -1 943 -1 40 -1 7 -1 1499 -1 73 -1 7 -1 862 -1 87 -1 7 -1 108 -1 19 -1 1500 -1 7 -1 228 -1 73 -1 7 -1 1450 -1 -2
7 -1 168 -1 327 -1 1501 -1 25 -1 1502 -1 24 -1 45 -1 1503 -1 548 -1 549 -1 87 -1 327 -1 696 -1 1504 -1 -2
7 -1 1505 -1 22 -1 7 -1 108 -1 836 -1 862 -1 252 -1 1506 -1 -2
35 -1 45 -1 477 -1 1507 -1 123 -1 18 -1 491 -1 158 -1 87 -1 1331 -1 7 -1 116 -1 36 -1 6 -1 7 -1 1508 -1 87 -1 1509 -1 136 -1 48 -1 7 -1 862 -1 1510 -1 106 -1 19 -1 411 -1 7 -1 1511 -1 25 -1 1165 -1 1296 -1 1512 -1 73 -1 1513 -1 1514 -1 95 -1 7 -1 68 -1 36 -1 -2
7 -1 1450 -1 73 -1 7 -1 1515 -1 477 -1 19 -1 1516 -1 1517 -1 149 -1 7 -1 1467 -1 87 -1 466 -1 22 -1 7 -1 1489 -1 73 -1 7 -1 862 -1 -2
1186 -1 87 -1 1518 -1 7 -1 68 -1 36 -1 492 -1 22 -1 -2
814 -1 1462 -1 382 -1 16 -1 135 -1 593 -1 1150 -1 817 -1 1285 -1 7 -1 108 -1 1519 -1 784 -1 -2
35 -1 91 -1 47 -1 468 -1 7 -1 575 -1 91 -1 184 -1 66 -1 7 -1 1520 -1 1287 -1 19 -1 1521 -1 24 -1 1276 -1 -2
7 -1 68 -1 36 -1 308 -1 25 -1 84 -1 1522 -1 -2
63 -1 7 -1 787 -1 141 -1 73 -1 7 -1 1523 -1 92 -1 416 -1 79 -1 7 -1 1524 -1 228 -1 73 -1 7 -1 36 -1 22 -1 548 -1 549 -1 -2
25 -1 1198 -1 148 -1 491 -1 131 -1 40 -1 868 -1 1525 -1 7 -1 1526 -1 123 -1 -2
79 -1 7 -1 1287 -1 332 -1 4 -1 1527 -1 80 -1 87 -1 241 -1 40 -1 1528 -1 80 -1 87 -1 1529 -1 80 -1 -2
25 -1 1530 -1 1531 -1 7 -1 72 -1 226 -1 -2
919 -1 1532 -1 22 -1 7 -1 1533 -1 1523 -1 1534 -1 40 -1 1535 -1 45 -1 141 -1 79 -1 7 -1 1536 -1 377 -1 73 -1 7 -1 36 -1 22 -1 7 -1 548 -1 549 -1 -2
91 -1 1537 -1 40 -1 87 -1 1538 -1 879 -1 7 -1 1530 -1 1528 -1 519 -1 1539 -1 -2
7 -1 829 -1 252 -1 1540 -1 123 -1 7 -1 1287 -1 87 -1 509 -1 1541 -1 95 -1 7 -1 1542 -1 -2
91 -1 354 -1 89 -1 25 -1 379 -1 1543 -1 98 -1 1544 -1 40 -1 171 -1 7 -1 103 -1 1545 -1 73 -1 364 -1 1546 -1 95 -1 519 -1 -2
63 -1 7 -1 1523 -1 471 -1 87 -1 1537 -1 22 -1 1547 -1 1548 -1 40 -1 834 -1 7 -1 36 -1 22 -1 548 -1 549 -1 1549 -1 377 -1 1550 -1 519 -1 -2
7 -1 1551 -1 92 -1 35 -1 1552 -1 91 -1 92 -1 13 -1 229 -1 -2
91 -1 354 -1 234 -1 7 -1 1553 -1 87 -1 782 -1 1554 -1 -2
1492 -1 15 -1 7 -1 68 -1 36 -1 -2
441 -1 43 -1 15 -1 7 -1 116 -1 36 -1 -2
411 -1 7 -1 1555 -1 148 -1 7 -1 1450 -1 1556 -1 1557 -1 73 -1 1558 -1 -2
7 -1 688 -1 532 -1 136 -1 298 -1 25 -1 1559 -1 1560 -1 95 -1 7 -1 565 -1 73 -1 7 -1 1523 -1 7 -1 879 -1 1561 -1 1229 -1 527 -1 -2
1391 -1 1562 -1 15 -1 7 -1 116 -1 36 -1 452 -1 1563 -1 298 -1 628 -1 715 -1 91 -1 1564 -1 1565 -1 123 -1 7 -1 1287 -1 -2
832 -1 22 -1 280 -1 73 -1 80 -1 91 -1 746 -1 25 -1 199 -1 73 -1 1566 -1 1282 -1 -2
7 -1 1567 -1 79 -1 81 -1 92 -1 937 -1 24 -1 25 -1 1568 -1 1569 -1 -2
91 -1 327 -1 1570 -1 1554 -1 124 -1 7 -1 1571 -1 1572 -1 562 -1 91 -1 327 -1 1573 -1 7 -1 103 -1 1574 -1 1575 -1 73 -1 161 -1 1576 -1 -2
91 -1 92 -1 1577 -1 79 -1 98 -1 1578 -1 87 -1 1579 -1 95 -1 7 -1 1580 -1 1581 -1 73 -1 7 -1 4 -1 22 -1 7 -1 1523 -1 -2
7 -1 829 -1 145 -1 25 -1 84 -1 1582 -1 87 -1 235 -1 198 -1 1583 -1 731 -1 25 -1 1246 -1 -2
91 -1 402 -1 22 -1 280 -1 73 -1 80 -1 87 -1 273 -1 123 -1 -2
1584 -1 247 -1 7 -1 116 -1 36 -1 452 -1 -2
7 -1 36 -1 19 -1 1129 -1 -2
1584 -1 1585 -1 7 -1 68 -1 36 -1 -2
91 -1 354 -1 89 -1 25 -1 379 -1 87 -1 509 -1 1586 -1 -2
7 -1 1587 -1 44 -1 331 -1 45 -1 99 -1 -2
6 -1 1588 -1 2 -1 174 -1 1391 -1 25 -1 1589 -1 18 -1 15 -1 22 -1 161 -1 1590 -1 87 -1 18 -1 114 -1 1591 -1 48 -1 25 -1 1592 -1 -2
7 -1 68 -1 36 -1 1217 -1 87 -1 1593 -1 45 -1 148 -1 -2
7 -1 116 -1 36 -1 492 -1 48 -1 7 -1 1246 -1 -2
285 -1 22 -1 172 -1 18 -1 15 -1 40 -1 45 -1 28 -1 -2
7 -1 68 -1 36 -1 492 -1 22 -1 87 -1 7 -1 116 -1 36 -1 491 -1 149 -1 87 -1 1594 -1 7 -1 246 -1 201 -1 -2
235 -1 18 -1 563 -1 45 -1 82 -1 158 -1 7 -1 1595 -1 -2
1584 -1 18 -1 573 -1 313 -1 1492 -1 1253 -1 1596 -1 1139 -1 7 -1 1584 -1 273 -1 131 -1 87 -1 981 -1 7 -1 483 -1 73 -1 7 -1 116 -1 36 -1 -2
1597 -1 -2
1253 -1 1254 -1 -2
1598 -1 18 -1 1599 -1 308 -1 45 -1 1600 -1 25 -1 1601 -1 79 -1 7 -1 316 -1 -2
35 -1 7 -1 1602 -1 1603 -1 628 -1 7 -1 829 -1 716 -1 316 -1 1121 -1 7 -1 1604 -1 1605 -1 87 -1 766 -1 513 -1 1606 -1 73 -1 1607 -1 -2
10 -1 269 -1 441 -1 149 -1 15 -1 7 -1 68 -1 36 -1 102 -1 -2
92 -1 226 -1 158 -1 73 -1 80 -1 -2
87 -1 1608 -1 1293 -1 2 -1 1609 -1 -2
1409 -1 1608 -1 -2
80 -1 273 -1 40 -1 561 -1 1610 -1 66 -1 593 -1 92 -1 1611 -1 -2
2 -1 119 -1 1612 -1 40 -1 1134 -1 80 -1 13 -1 607 -1 -2
2 -1 119 -1 1613 -1 -2
87 -1 2 -1 1614 -1 87 -1 1615 -1 66 -1 1616 -1 2 -1 622 -1 758 -1 1617 -1 80 -1 38 -1 13 -1 7 -1 1618 -1 90 -1 1619 -1 38 -1 2 -1 622 -1 758 -1 40 -1 1620 -1 25 -1 1621 -1 95 -1 161 -1 1622 -1 379 -1 63 -1 412 -1 640 -1 640 -1 178 -1 2 -1 662 -1 7 -1 90 -1 38 -1 1623 -1 40 -1 1624 -1 158 -1 40 -1 53 -1 66 -1 67 -1 1625 -1 67 -1 1626 -1 67 -1 1627 -1 429 -1 87 -1 67 -1 1628 -1 108 -1 1629 -1 1150 -1 298 -1 80 -1 1162 -1 35 -1 62 -1 89 -1 67 -1 1630 -1 412 -1 640 -1 641 -1 35 -1 91 -1 1046 -1 60 -1 89 -1 108 -1 1276 -1 -2
53 -1 1150 -1 171 -1 106 -1 53 -1 1122 -1 792 -1 40 -1 87 -1 2 -1 1631 -1 1632 -1 1614 -1 412 -1 640 -1 640 -1 178 -1 66 -1 2 -1 592 -1 861 -1 171 -1 1633 -1 1557 -1 22 -1 53 -1 580 -1 592 -1 400 -1 561 -1 40 -1 1634 -1 66 -1 53 -1 613 -1 1635 -1 25 -1 1636 -1 36 -1 1637 -1 1638 -1 7 -1 1639 -1 1640 -1 7 -1 1637 -1 1641 -1 19 -1 1642 -1 6 -1 1643 -1 73 -1 1644 -1 73 -1 1645 -1 -2
22 -1 269 -1 1646 -1 1647 -1 1648 -1 92 -1 13 -1 1649 -1 22 -1 1650 -1 63 -1 92 -1 1651 -1 40 -1 1652 -1 35 -1 1653 -1 1654 -1 310 -1 1655 -1 1656 -1 -2
25 -1 1657 -1 309 -1 40 -1 1658 -1 73 -1 519 -1 19 -1 1659 -1 40 -1 1660 -1 519 -1 40 -1 7 -1 1661 -1 73 -1 7 -1 1662 -1 1491 -1 73 -1 1663 -1 -2
382 -1 19 -1 1165 -1 419 -1 89 -1 7 -1 1641 -1 87 -1 1664 -1 643 -1 1641 -1 327 -1 904 -1 1665 -1 -2
562 -1 80 -1 19 -1 1666 -1 66 -1 161 -1 1667 -1 1668 -1 19 -1 40 -1 51 -1 1669 -1 40 -1 1670 -1 40 -1 1671 -1 161 -1 1672 -1 1276 -1 25 -1 1198 -1 1673 -1 1674 -1 937 -1 24 -1 1675 -1 4 -1 87 -1 25 -1 1198 -1 1676 -1 1677 -1 1678 -1 142 -1 7 -1 1679 -1 87 -1 1680 -1 22 -1 138 -1 35 -1 214 -1 91 -1 92 -1 7 -1 1681 -1 73 -1 7 -1 1682 -1 73 -1 1683 -1 -2
1684 -1 79 -1 791 -1 1685 -1 1686 -1 316 -1 40 -1 98 -1 1687 -1 87 -1 1688 -1 92 -1 1689 -1 24 -1 1690 -1 1691 -1 6 -1 1692 -1 36 -1 124 -1 1693 -1 40 -1 1694 -1 73 -1 1695 -1 -2
7 -1 1640 -1 1696 -1 73 -1 7 -1 1697 -1 1639 -1 1698 -1 1699 -1 24 -1 25 -1 1700 -1 66 -1 80 -1 19 -1 13 -1 40 -1 51 -1 1701 -1 22 -1 7 -1 1702 -1 87 -1 7 -1 1696 -1 1703 -1 1704 -1 48 -1 161 -1 1705 -1 694 -1 351 -1 -2
1162 -1 35 -1 91 -1 327 -1 1706 -1 66 -1 25 -1 513 -1 1118 -1 19 -1 226 -1 40 -1 51 -1 1707 -1 1708 -1 1457 -1 215 -1 40 -1 1374 -1 1709 -1 22 -1 1710 -1 89 -1 1711 -1 1712 -1 1713 -1 1670 -1 -2
7 -1 1673 -1 1714 -1 19 -1 22 -1 25 -1 1715 -1 1716 -1 48 -1 25 -1 1717 -1 1718 -1 87 -1 7 -1 1719 -1 1720 -1 1704 -1 1721 -1 327 -1 1722 -1 40 -1 1723 -1 7 -1 1724 -1 1725 -1 -2
1726 -1 80 -1 19 -1 66 -1 1030 -1 22 -1 7 -1 1727 -1 7 -1 1639 -1 1728 -1 1198 -1 4 -1 22 -1 1712 -1 1729 -1 1704 -1 1730 -1 361 -1 25 -1 1731 -1 22 -1 1670 -1 -2
91 -1 589 -1 13 -1 228 -1 1732 -1 73 -1 7 -1 1733 -1 1668 -1 63 -1 1734 -1 40 -1 25 -1 1401 -1 73 -1 1735 -1 1736 -1 73 -1 929 -1 3 -1 1737 -1 73 -1 1738 -1 1739 -1 25 -1 1740 -1 73 -1 1741 -1 1742 -1 25 -1 1696 -1 73 -1 1600 -1 87 -1 25 -1 1743 -1 73 -1 1744 -1 -2
1290 -1 327 -1 1745 -1 -2
7 -1 576 -1 1401 -1 327 -1 1746 -1 234 -1 1747 -1 73 -1 983 -1 866 -1 142 -1 25 -1 623 -1 579 -1 1748 -1 -2
1749 -1 74 -1 1750 -1 1751 -1 7 -1 1752 -1 63 -1 229 -1 19 -1 643 -1 1575 -1 73 -1 36 -1 211 -1 1753 -1 87 -1 643 -1 1754 -1 124 -1 7 -1 1755 -1 -2
7 -1 1401 -1 19 -1 1756 -1 124 -1 269 -1 1757 -1 1758 -1 87 -1 269 -1 1759 -1 19 -1 1609 -1 40 -1 228 -1 25 -1 1760 -1 24 -1 7 -1 1733 -1 1526 -1 95 -1 25 -1 1761 -1 1624 -1 -2
25 -1 1762 -1 73 -1 7 -1 1763 -1 19 -1 1764 -1 158 -1 325 -1 1765 -1 87 -1 1766 -1 6 -1 1766 -1 7 -1 1767 -1 1768 -1 532 -1 7 -1 159 -1 1769 -1 73 -1 7 -1 1770 -1 35 -1 91 -1 252 -1 87 -1 198 -1 -2
1610 -1 229 -1 1771 -1 774 -1 7 -1 1772 -1 1773 -1 73 -1 25 -1 1017 -1 1774 -1 63 -1 7 -1 1763 -1 19 -1 1775 -1 40 -1 1134 -1 1277 -1 40 -1 1776 -1 -2
7 -1 1640 -1 327 -1 643 -1 1777 -1 73 -1 1206 -1 1712 -1 87 -1 80 -1 182 -1 1721 -1 51 -1 15 -1 66 -1 80 -1 327 -1 1778 -1 35 -1 25 -1 1779 -1 22 -1 7 -1 513 -1 1780 -1 1781 -1 562 -1 45 -1 1782 -1 7 -1 1783 -1 327 -1 1784 -1 7 -1 1785 -1 -2
95 -1 66 -1 90 -1 7 -1 1696 -1 327 -1 1786 -1 124 -1 3 -1 1787 -1 607 -1 66 -1 80 -1 19 -1 1788 -1 89 -1 689 -1 503 -1 40 -1 1789 -1 220 -1 80 -1 -2
1790 -1 4 -1 327 -1 973 -1 40 -1 7 -1 1791 -1 73 -1 7 -1 1785 -1 87 -1 25 -1 939 -1 73 -1 1684 -1 327 -1 1792 -1 98 -1 1793 -1 89 -1 136 -1 -2
562 -1 7 -1 1783 -1 25 -1 1794 -1 1795 -1 273 -1 95 -1 7 -1 733 -1 18 -1 184 -1 66 -1 91 -1 1796 -1 7 -1 1797 -1 40 -1 51 -1 73 -1 513 -1 868 -1 40 -1 136 -1 22 -1 7 -1 350 -1 1798 -1 580 -1 18 -1 19 -1 1799 -1 89 -1 45 -1 1800 -1 -2
87 -1 607 -1 382 -1 1801 -1 1640 -1 19 -1 1669 -1 628 -1 40 -1 25 -1 1802 -1 73 -1 7 -1 1803 -1 40 -1 1804 -1 25 -1 1805 -1 684 -1 332 -1 73 -1 7 -1 1684 -1 607 -1 1806 -1 1807 -1 98 -1 1808 -1 73 -1 382 -1 1809 -1 66 -1 7 -1 1696 -1 1810 -1 269 -1 1811 -1 1812 -1 7 -1 1639 -1 1640 -1 -2
95 -1 7 -1 90 -1 73 -1 580 -1 2 -1 119 -1 1813 -1 7 -1 1640 -1 327 -1 25 -1 1017 -1 1814 -1 1684 -1 87 -1 1815 -1 1816 -1 63 -1 7 -1 1526 -1 73 -1 7 -1 1696 -1 19 -1 1817 -1 73 -1 4 -1 37 -1 327 -1 299 -1 236 -1 25 -1 1818 -1 1819 -1 1820 -1 79 -1 7 -1 1821 -1 -2
63 -1 80 -1 19 -1 161 -1 1695 -1 89 -1 580 -1 91 -1 1822 -1 87 -1 562 -1 7 -1 379 -1 252 -1 89 -1 7 -1 1823 -1 1824 -1 123 -1 7 -1 1825 -1 19 -1 13 -1 1651 -1 40 -1 51 -1 25 -1 36 -1 37 -1 1771 -1 13 -1 195 -1 1826 -1 391 -1 45 -1 1827 -1 -2
1828 -1 1829 -1 1830 -1 19 -1 25 -1 1342 -1 1831 -1 22 -1 7 -1 103 -1 1743 -1 73 -1 7 -1 1832 -1 1833 -1 87 -1 1162 -1 95 -1 382 -1 90 -1 18 -1 19 -1 1834 -1 361 -1 95 -1 7 -1 1835 -1 73 -1 7 -1 4 -1 1836 -1 25 -1 1837 -1 1838 -1 89 -1 549 -1 66 -1 1839 -1 87 -1 1840 -1 66 -1 1841 -1 -2
18 -1 19 -1 1842 -1 1843 -1 -2
7 -1 1844 -1 838 -1 774 -1 73 -1 1845 -1 1846 -1 19 -1 13 -1 1781 -1 35 -1 18 -1 327 -1 696 -1 1083 -1 40 -1 1634 -1 80 -1 -2
80 -1 589 -1 13 -1 1652 -1 66 -1 1847 -1 66 -1 68 -1 377 -1 87 -1 411 -1 66 -1 752 -1 1848 -1 229 -1 19 -1 25 -1 1340 -1 580 -1 1305 -1 73 -1 1849 -1 -2
18 -1 19 -1 13 -1 1842 -1 1850 -1 40 -1 1333 -1 1851 -1 63 -1 18 -1 19 -1 1165 -1 1852 -1 73 -1 1853 -1 327 -1 696 -1 7 -1 1854 -1 73 -1 45 -1 1855 -1 87 -1 73 -1 45 -1 1856 -1 18 -1 1857 -1 66 -1 7 -1 1858 -1 73 -1 606 -1 432 -1 1409 -1 73 -1 269 -1 1624 -1 1859 -1 25 -1 36 -1 1818 -1 95 -1 1276 -1 87 -1 327 -1 1276 -1 1860 -1 95 -1 136 -1 -2
1861 -1 22 -1 7 -1 1862 -1 142 -1 25 -1 1863 -1 973 -1 1864 -1 1865 -1 51 -1 25 -1 1618 -1 1866 -1 89 -1 25 -1 1867 -1 1868 -1 79 -1 25 -1 1869 -1 63 -1 7 -1 1431 -1 73 -1 1829 -1 1830 -1 19 -1 22 -1 1870 -1 95 -1 80 -1 -2
332 -1 213 -1 95 -1 708 -1 18 -1 1771 -1 195 -1 1871 -1 40 -1 7 -1 1872 -1 73 -1 7 -1 1763 -1 87 -1 739 -1 7 -1 1188 -1 1873 -1 1874 -1 1875 -1 7 -1 1876 -1 503 -1 73 -1 7 -1 1877 -1 580 -1 91 -1 327 -1 327 -1 158 -1 24 -1 836 -1 1878 -1 1879 -1 325 -1 -2
1830 -1 1771 -1 1437 -1 87 -1 1880 -1 22 -1 1881 -1 230 -1 40 -1 933 -1 1638 -1 87 -1 1882 -1 7 -1 1828 -1 1883 -1 73 -1 519 -1 340 -1 1884 -1 1885 -1 1886 -1 163 -1 327 -1 1695 -1 22 -1 1887 -1 1888 -1 -2
295 -1 18 -1 15 -1 1889 -1 786 -1 814 -1 51 -1 1890 -1 48 -1 25 -1 1891 -1 73 -1 1892 -1 87 -1 235 -1 7 -1 929 -1 790 -1 613 -1 40 -1 285 -1 361 -1 87 -1 1893 -1 53 -1 158 -1 -2
593 -1 1894 -1 60 -1 -2
658 -1 1895 -1 418 -1 593 -1 1150 -1 857 -1 1402 -1 73 -1 1896 -1 15 -1 7 -1 1763 -1 24 -1 1897 -1 1898 -1 73 -1 45 -1 1899 -1 -2
63 -1 7 -1 1900 -1 1766 -1 1901 -1 1830 -1 1902 -1 7 -1 1763 -1 89 -1 1675 -1 1903 -1 252 -1 1904 -1 316 -1 124 -1 7 -1 280 -1 1905 -1 149 -1 98 -1 1906 -1 1907 -1 87 -1 1908 -1 1909 -1 87 -1 1910 -1 89 -1 7 -1 1768 -1 40 -1 1911 -1 7 -1 309 -1 -2
4 -1 899 -1 95 -1 519 -1 124 -1 7 -1 1912 -1 35 -1 1913 -1 127 -1 1913 -1 87 -1 124 -1 7 -1 637 -1 325 -1 635 -1 22 -1 1139 -1 1914 -1 1566 -1 1915 -1 124 -1 1738 -1 1739 -1 -2
7 -1 927 -1 1916 -1 6 -1 7 -1 1917 -1 19 -1 643 -1 1918 -1 1919 -1 -2
1920 -1 1921 -1 106 -1 25 -1 1740 -1 1922 -1 562 -1 80 -1 104 -1 -2
7 -1 1923 -1 55 -1 158 -1 87 -1 7 -1 576 -1 1401 -1 1924 -1 48 -1 25 -1 1925 -1 -2
340 -1 1926 -1 1927 -1 198 -1 1928 -1 22 -1 45 -1 1929 -1 316 -1 40 -1 171 -1 7 -1 1759 -1 87 -1 7 -1 1696 -1 5 -1 131 -1 22 -1 7 -1 1930 -1 6 -1 7 -1 1912 -1 87 -1 1931 -1 22 -1 230 -1 -2
786 -1 7 -1 1342 -1 1762 -1 73 -1 7 -1 1763 -1 1932 -1 628 -1 361 -1 7 -1 1731 -1 22 -1 25 -1 1933 -1 73 -1 1934 -1 87 -1 22 -1 1935 -1 90 -1 340 -1 1926 -1 1927 -1 252 -1 1928 -1 316 -1 87 -1 1936 -1 45 -1 212 -1 1937 -1 87 -1 45 -1 1938 -1 -2
235 -1 229 -1 19 -1 904 -1 1939 -1 6 -1 7 -1 1937 -1 87 -1 1940 -1 142 -1 7 -1 185 -1 1941 -1 496 -1 927 -1 580 -1 22 -1 1935 -1 90 -1 491 -1 1829 -1 1830 -1 -2
7 -1 1942 -1 1943 -1 1309 -1 624 -1 25 -1 1944 -1 95 -1 7 -1 82 -1 73 -1 7 -1 1748 -1 332 -1 1735 -1 1945 -1 1946 -1 -2
91 -1 327 -1 212 -1 1737 -1 10 -1 1947 -1 -2
98 -1 1768 -1 19 -1 1948 -1 -2
7 -1 453 -1 22 -1 98 -1 280 -1 19 -1 1949 -1 87 -1 1521 -1 24 -1 1790 -1 1950 -1 87 -1 1951 -1 63 -1 7 -1 1952 -1 1737 -1 92 -1 607 -1 1947 -1 66 -1 80 -1 19 -1 1953 -1 214 -1 25 -1 1954 -1 1771 -1 1955 -1 1956 -1 1957 -1 35 -1 1958 -1 89 -1 7 -1 1637 -1 1768 -1 -2
229 -1 19 -1 25 -1 1959 -1 1960 -1 89 -1 7 -1 1637 -1 1961 -1 1962 -1 1963 -1 124 -1 7 -1 1942 -1 -2
7 -1 1763 -1 327 -1 1680 -1 22 -1 1964 -1 7 -1 1952 -1 1965 -1 316 -1 220 -1 7 -1 1733 -1 1526 -1 63 -1 73 -1 644 -1 327 -1 291 -1 385 -1 40 -1 1966 -1 519 -1 25 -1 84 -1 -2
7 -1 1960 -1 19 -1 924 -1 1967 -1 79 -1 7 -1 1952 -1 43 -1 1968 -1 40 -1 1969 -1 1970 -1 580 -1 327 -1 696 -1 1971 -1 6 -1 836 -1 1972 -1 73 -1 1768 -1 -2
7 -1 1952 -1 440 -1 1973 -1 1974 -1 6 -1 25 -1 1409 -1 831 -1 1668 -1 19 -1 1975 -1 87 -1 1865 -1 51 -1 1976 -1 -2
382 -1 19 -1 106 -1 7 -1 1763 -1 327 -1 40 -1 1234 -1 87 -1 80 -1 1329 -1 1977 -1 25 -1 1978 -1 73 -1 3 -1 1903 -1 1979 -1 87 -1 1980 -1 1981 -1 -2
1982 -1 1983 -1 1984 -1 1985 -1 25 -1 1668 -1 73 -1 1986 -1 4 -1 73 -1 45 -1 1782 -1 73 -1 1637 -1 41 -1 22 -1 1987 -1 24 -1 25 -1 1017 -1 1288 -1 647 -1 7 -1 476 -1 580 -1 1771 -1 1988 -1 45 -1 1641 -1 95 -1 7 -1 1942 -1 -2
7 -1 1640 -1 1857 -1 7 -1 1457 -1 562 -1 91 -1 184 -1 7 -1 1989 -1 1828 -1 1990 -1 1423 -1 340 -1 1926 -1 1927 -1 87 -1 91 -1 1190 -1 35 -1 16 -1 36 -1 1991 -1 1992 -1 66 -1 91 -1 1771 -1 51 -1 1993 -1 -2
229 -1 19 -1 25 -1 1994 -1 73 -1 1995 -1 -2
4 -1 1996 -1 98 -1 1393 -1 1997 -1 310 -1 98 -1 1840 -1 87 -1 1998 -1 98 -1 1999 -1 277 -1 98 -1 2000 -1 87 -1 98 -1 2001 -1 91 -1 979 -1 48 -1 25 -1 2002 -1 153 -1 24 -1 2003 -1 40 -1 7 -1 901 -1 2004 -1 2005 -1 -2
80 -1 38 -1 2006 -1 40 -1 2007 -1 66 -1 924 -1 1692 -1 36 -1 428 -1 628 -1 45 -1 2008 -1 87 -1 273 -1 2009 -1 48 -1 80 -1 35 -1 214 -1 40 -1 2010 -1 25 -1 2011 -1 1812 -1 -2
235 -1 91 -1 2012 -1 98 -1 2013 -1 24 -1 513 -1 1402 -1 -2
229 -1 19 -1 84 -1 2014 -1 87 -1 80 -1 19 -1 13 -1 2015 -1 66 -1 25 -1 2016 -1 1795 -1 157 -1 25 -1 2017 -1 211 -1 440 -1 25 -1 2018 -1 24 -1 25 -1 2019 -1 40 -1 51 -1 848 -1 22 -1 807 -1 18 -1 547 -1 51 -1 1979 -1 -2
91 -1 589 -1 13 -1 2020 -1 40 -1 662 -1 73 -1 356 -1 1979 -1 91 -1 31 -1 2021 -1 22 -1 25 -1 61 -1 40 -1 11 -1 106 -1 1771 -1 2022 -1 87 -1 856 -1 80 -1 1771 -1 57 -1 562 -1 80 -1 19 -1 2023 -1 -2
4 -1 1154 -1 70 -1 95 -1 98 -1 1684 -1 22 -1 25 -1 2024 -1 61 -1 40 -1 51 -1 1139 -1 40 -1 2025 -1 7 -1 1165 -1 103 -1 2026 -1 66 -1 1771 -1 51 -1 1761 -1 87 -1 1684 -1 273 -1 2027 -1 95 -1 98 -1 4 -1 2028 -1 519 -1 974 -1 98 -1 429 -1 2029 -1 226 -1 519 -1 -2
25 -1 1720 -1 247 -1 229 -1 92 -1 404 -1 394 -1 87 -1 7 -1 1639 -1 1640 -1 19 -1 628 -1 40 -1 1502 -1 -2
7 -1 1696 -1 327 -1 7 -1 43 -1 73 -1 50 -1 22 -1 7 -1 1768 -1 2030 -1 87 -1 7 -1 4 -1 2031 -1 2032 -1 361 -1 7 -1 74 -1 1731 -1 1692 -1 483 -1 19 -1 1153 -1 325 -1 63 -1 391 -1 441 -1 229 -1 19 -1 1290 -1 40 -1 51 -1 1573 -1 63 -1 25 -1 1080 -1 2033 -1 2034 -1 25 -1 2035 -1 -2
80 -1 2036 -1 7 -1 118 -1 22 -1 1637 -1 1692 -1 36 -1 22 -1 7 -1 1639 -1 1640 -1 327 -1 2037 -1 306 -1 25 -1 1080 -1 300 -1 2038 -1 24 -1 25 -1 2039 -1 580 -1 2040 -1 40 -1 2041 -1 -2
63 -1 423 -1 131 -1 7 -1 1731 -1 252 -1 2042 -1 1903 -1 37 -1 848 -1 927 -1 40 -1 1926 -1 1927 -1 87 -1 235 -1 2043 -1 79 -1 -2
22 -1 90 -1 7 -1 1640 -1 252 -1 40 -1 7 -1 81 -1 73 -1 25 -1 2044 -1 87 -1 2045 -1 519 -1 79 -1 7 -1 2024 -1 19 -1 7 -1 901 -1 887 -1 577 -1 73 -1 25 -1 1637 -1 1762 -1 87 -1 1847 -1 7 -1 1762 -1 2046 -1 7 -1 1027 -1 993 -1 2047 -1 73 -1 7 -1 1670 -1 1960 -1 -2
229 -1 19 -1 25 -1 84 -1 73 -1 2048 -1 2049 -1 -2
7 -1 1640 -1 491 -1 25 -1 2050 -1 580 -1 7 -1 1684 -1 2051 -1 2052 -1 35 -1 7 -1 1254 -1 2053 -1 6 -1 7 -1 1763 -1 35 -1 2054 -1 89 -1 7 -1 1637 -1 1739 -1 -2
7 -1 4 -1 2055 -1 123 -1 80 -1 22 -1 25 -1 747 -1 2056 -1 -2
91 -1 2036 -1 25 -1 1523 -1 2057 -1 628 -1 25 -1 2058 -1 2059 -1 63 -1 2060 -1 229 -1 19 -1 643 -1 2061 -1 2062 -1 -2
80 -1 19 -1 2063 -1 66 -1 7 -1 453 -1 79 -1 580 -1 2064 -1 1798 -1 54 -1 1501 -1 38 -1 13 -1 58 -1 25 -1 2065 -1 144 -1 -2
87 -1 391 -1 519 -1 252 -1 2066 -1 25 -1 2067 -1 1740 -1 7 -1 1739 -1 2068 -1 124 -1 503 -1 40 -1 503 -1 35 -1 7 -1 576 -1 50 -1 47 -1 158 -1 73 -1 7 -1 1731 -1 87 -1 7 -1 1567 -1 2069 -1 98 -1 2070 -1 35 -1 7 -1 2071 -1 1907 -1 2072 -1 95 -1 7 -1 2047 -1 -2
7 -1 2073 -1 1640 -1 2074 -1 269 -1 248 -1 87 -1 104 -1 2075 -1 63 -1 24 -1 1624 -1 40 -1 7 -1 1740 -1 -2
195 -1 79 -1 1739 -1 -2
10 -1 857 -1 1402 -1 73 -1 53 -1 -2
622 -1 51 -1 1992 -1 -2
723 -1 80 -1 40 -1 519 -1 7 -1 2076 -1 2077 -1 87 -1 2078 -1 87 -1 2079 -1 149 -1 7 -1 1969 -1 87 -1 2080 -1 453 -1 87 -1 7 -1 2081 -1 35 -1 91 -1 994 -1 40 -1 98 -1 2082 -1 2083 -1 2084 -1 98 -1 2085 -1 87 -1 665 -1 2086 -1 73 -1 2087 -1 -2
91 -1 145 -1 643 -1 1152 -1 40 -1 7 -1 1768 -1 -2
805 -1 220 -1 7 -1 81 -1 73 -1 7 -1 2047 -1 2088 -1 933 -1 1739 -1 92 -1 2089 -1 22 -1 25 -1 1715 -1 87 -1 832 -1 7 -1 1768 -1 182 -1 739 -1 7 -1 2090 -1 248 -1 73 -1 161 -1 2091 -1 2092 -1 158 -1 7 -1 90 -1 89 -1 2093 -1 -2
25 -1 379 -1 978 -1 7 -1 103 -1 2094 -1 1360 -1 158 -1 87 -1 229 -1 182 -1 51 -1 236 -1 7 -1 2095 -1 87 -1 7 -1 2096 -1 73 -1 25 -1 2097 -1 2098 -1 -2
1926 -1 1927 -1 87 -1 25 -1 939 -1 73 -1 1684 -1 492 -1 40 -1 7 -1 2099 -1 1960 -1 63 -1 7 -1 4 -1 73 -1 7 -1 1696 -1 5 -1 22 -1 7 -1 1958 -1 73 -1 7 -1 2047 -1 58 -1 607 -1 1790 -1 2100 -1 1276 -1 87 -1 2101 -1 106 -1 91 -1 1771 -1 613 -1 696 -1 2102 -1 40 -1 171 -1 214 -1 91 -1 327 -1 696 -1 1684 -1 -2
1610 -1 7 -1 2103 -1 73 -1 7 -1 1942 -1 252 -1 921 -1 149 -1 7 -1 81 -1 73 -1 7 -1 2047 -1 87 -1 2104 -1 22 -1 513 -1 482 -1 2105 -1 22 -1 7 -1 2106 -1 40 -1 7 -1 365 -1 -2
7 -1 4 -1 273 -1 391 -1 519 -1 87 -1 369 -1 -2
40 -1 7 -1 365 -1 182 -1 51 -1 1573 -1 2107 -1 7 -1 1741 -1 1740 -1 2057 -1 95 -1 25 -1 2108 -1 2109 -1 24 -1 1692 -1 36 -1 384 -1 22 -1 25 -1 1218 -1 2110 -1 24 -1 1692 -1 2111 -1 -2
214 -1 25 -1 36 -1 1150 -1 563 -1 22 -1 576 -1 1712 -1 24 -1 25 -1 2111 -1 1740 -1 87 -1 285 -1 158 -1 73 -1 80 -1 24 -1 161 -1 2112 -1 2113 -1 18 -1 547 -1 51 -1 2114 -1 24 -1 25 -1 2115 -1 2116 -1 1790 -1 2117 -1 -2
391 -1 7 -1 2111 -1 1740 -1 252 -1 25 -1 576 -1 887 -1 2118 -1 431 -1 580 -1 19 -1 212 -1 1736 -1 73 -1 1637 -1 1768 -1 87 -1 95 -1 7 -1 1581 -1 73 -1 519 -1 87 -1 40 -1 7 -1 43 -1 19 -1 161 -1 2119 -1 1066 -1 580 -1 19 -1 7 -1 2120 -1 1637 -1 1739 -1 -2
1759 -1 1984 -1 87 -1 45 -1 2121 -1 2122 -1 123 -1 7 -1 2047 -1 -2
7 -1 2100 -1 1640 -1 5 -1 423 -1 -2
7 -1 2119 -1 1066 -1 44 -1 430 -1 25 -1 576 -1 2123 -1 50 -1 -2
7 -1 1742 -1 2124 -1 98 -1 84 -1 2125 -1 40 -1 7 -1 59 -1 73 -1 7 -1 1739 -1 79 -1 7 -1 2047 -1 87 -1 7 -1 212 -1 1736 -1 73 -1 1768 -1 252 -1 79 -1 -2
7 -1 1640 -1 5 -1 423 -1 -2
73 -1 25 -1 2126 -1 25 -1 1720 -1 896 -1 269 -1 1708 -1 87 -1 7 -1 1684 -1 268 -1 -2
332 -1 488 -1 7 -1 340 -1 1175 -1 2127 -1 -2
2128 -1 123 -1 7 -1 2129 -1 7 -1 1640 -1 1921 -1 66 -1 80 -1 327 -1 696 -1 2130 -1 40 -1 195 -1 79 -1 -2
7 -1 2131 -1 73 -1 7 -1 4 -1 1609 -1 40 -1 171 -1 513 -1 756 -1 35 -1 861 -1 35 -1 91 -1 2132 -1 7 -1 648 -1 73 -1 7 -1 2047 -1 63 -1 229 -1 19 -1 1290 -1 40 -1 51 -1 1573 -1 231 -1 25 -1 2133 -1 2024 -1 87 -1 7 -1 1027 -1 2134 -1 624 -1 6 -1 7 -1 1942 -1 -2
1790 -1 1743 -1 2135 -1 22 -1 2136 -1 740 -1 2137 -1 95 -1 98 -1 4 -1 87 -1 15 -1 756 -1 580 -1 60 -1 13 -1 1652 -1 22 -1 7 -1 2138 -1 2139 -1 -2
91 -1 2140 -1 2141 -1 91 -1 2140 -1 2142 -1 87 -1 91 -1 2140 -1 1894 -1 58 -1 2143 -1 -2
87 -1 7 -1 4 -1 236 -1 643 -1 1441 -1 2144 -1 91 -1 236 -1 643 -1 2145 -1 1260 -1 933 -1 2146 -1 4 -1 -2
91 -1 1857 -1 66 -1 229 -1 19 -1 356 -1 848 -1 332 -1 866 -1 73 -1 2147 -1 40 -1 60 -1 35 -1 91 -1 327 -1 696 -1 2148 -1 87 -1 91 -1 2107 -1 1857 -1 66 -1 25 -1 140 -1 2149 -1 19 -1 1850 -1 149 -1 98 -1 2150 -1 87 -1 2151 -1 -2
229 -1 19 -1 25 -1 513 -1 2152 -1 73 -1 2153 -1 142 -1 1951 -1 2154 -1 73 -1 253 -1 87 -1 2155 -1 73 -1 1950 -1 -2
2156 -1 2157 -1 1694 -1 385 -1 40 -1 1134 -1 760 -1 87 -1 2158 -1 2159 -1 89 -1 1709 -1 2160 -1 73 -1 173 -1 7 -1 4 -1 22 -1 280 -1 73 -1 519 -1 -2
1684 -1 327 -1 2034 -1 2161 -1 73 -1 2162 -1 149 -1 933 -1 1276 -1 -2
7 -1 904 -1 2163 -1 91 -1 1916 -1 7 -1 904 -1 1651 -1 91 -1 92 -1 40 -1 1635 -1 2164 -1 124 -1 98 -1 2165 -1 -2
1926 -1 1927 -1 19 -1 1405 -1 161 -1 2166 -1 2167 -1 79 -1 25 -1 1749 -1 2168 -1 -2
562 -1 7 -1 103 -1 911 -1 73 -1 7 -1 2169 -1 252 -1 124 -1 1318 -1 7 -1 4 -1 2101 -1 109 -1 18 -1 5 -1 607 -1 347 -1 7 -1 2168 -1 31 -1 35 -1 116 -1 35 -1 7 -1 2170 -1 2171 -1 -2
63 -1 214 -1 18 -1 19 -1 347 -1 22 -1 7 -1 162 -1 18 -1 327 -1 25 -1 1110 -1 834 -1 87 -1 66 -1 2172 -1 38 -1 109 -1 1276 -1 2173 -1 7 -1 2170 -1 2171 -1 -2
1165 -1 2037 -1 18 -1 327 -1 696 -1 25 -1 2174 -1 40 -1 519 -1 63 -1 562 -1 91 -1 184 -1 382 -1 2175 -1 340 -1 2176 -1 607 -1 2177 -1 2178 -1 7 -1 1367 -1 760 -1 2179 -1 580 -1 2180 -1 22 -1 7 -1 162 -1 80 -1 2181 -1 519 -1 44 -1 66 -1 91 -1 327 -1 2182 -1 136 -1 2183 -1 87 -1 25 -1 36 -1 37 -1 182 -1 2184 -1 7 -1 2185 -1 73 -1 25 -1 1637 -1 1696 -1 19 -1 2186 -1 40 -1 1759 -1 2187 -1 -2
87 -1 91 -1 308 -1 136 -1 25 -1 2126 -1 1139 -1 2188 -1 2189 -1 66 -1 1771 -1 298 -1 519 -1 692 -1 136 -1 2190 -1 2191 -1 2192 -1 2175 -1 340 -1 2176 -1 1114 -1 79 -1 25 -1 2193 -1 1600 -1 -2
22 -1 25 -1 1715 -1 45 -1 2194 -1 1027 -1 82 -1 45 -1 2034 -1 2195 -1 307 -1 1901 -1 45 -1 2196 -1 327 -1 1635 -1 2197 -1 87 -1 2198 -1 2199 -1 40 -1 519 -1 -2
87 -1 382 -1 38 -1 7 -1 309 -1 73 -1 2200 -1 -2
63 -1 423 -1 7 -1 1640 -1 327 -1 13 -1 2201 -1 285 -1 40 -1 7 -1 1254 -1 684 -1 1826 -1 2202 -1 2203 -1 98 -1 2204 -1 73 -1 7 -1 1165 -1 2205 -1 73 -1 25 -1 1696 -1 -2
91 -1 1642 -1 142 -1 904 -1 1951 -1 2206 -1 904 -1 1950 -1 2207 -1 149 -1 904 -1 253 -1 -2
7 -1 1670 -1 1961 -1 327 -1 31 -1 40 -1 51 -1 1304 -1 63 -1 44 -1 7 -1 1739 -1 1477 -1 58 -1 2208 -1 124 -1 98 -1 2209 -1 87 -1 461 -1 7 -1 1640 -1 229 -1 241 -1 25 -1 894 -1 2210 -1 2211 -1 -2
229 -1 537 -1 394 -1 40 -1 2212 -1 40 -1 285 -1 79 -1 87 -1 35 -1 7 -1 2213 -1 2169 -1 241 -1 40 -1 534 -1 48 -1 519 -1 7 -1 4 -1 184 -1 7 -1 347 -1 609 -1 1970 -1 73 -1 7 -1 1952 -1 43 -1 87 -1 2214 -1 1857 -1 66 -1 91 -1 92 -1 1611 -1 40 -1 2215 -1 519 -1 -2
7 -1 2216 -1 431 -1 19 -1 7 -1 2126 -1 2217 -1 73 -1 25 -1 350 -1 2218 -1 79 -1 7 -1 1952 -1 440 -1 -2
1692 -1 36 -1 390 -1 1428 -1 2219 -1 2220 -1 -2
562 -1 91 -1 491 -1 7 -1 929 -1 73 -1 7 -1 1970 -1 91 -1 154 -1 91 -1 327 -1 2221 -1 7 -1 2222 -1 2223 -1 63 -1 91 -1 92 -1 2224 -1 40 -1 171 -1 1684 -1 1318 -1 519 -1 147 -1 98 -1 1793 -1 87 -1 2225 -1 24 -1 2226 -1 2227 -1 87 -1 541 -1 -2
24 -1 25 -1 576 -1 2228 -1 2229 -1 7 -1 1640 -1 241 -1 40 -1 2230 -1 7 -1 2047 -1 87 -1 35 -1 91 -1 198 -1 87 -1 224 -1 91 -1 182 -1 739 -1 2231 -1 2232 -1 123 -1 7 -1 2233 -1 7 -1 2234 -1 19 -1 608 -1 -2
80 -1 19 -1 58 -1 7 -1 2235 -1 73 -1 25 -1 2236 -1 80 -1 19 -1 2237 -1 924 -1 2238 -1 22 -1 269 -1 1398 -1 63 -1 80 -1 19 -1 608 -1 -2
214 -1 25 -1 36 -1 224 -1 229 -1 19 -1 25 -1 2239 -1 66 -1 18 -1 1771 -1 575 -1 2240 -1 1963 -1 2045 -1 7 -1 1624 -1 684 -1 18 -1 19 -1 2241 -1 -2
7 -1 2233 -1 1746 -1 98 -1 2242 -1 22 -1 98 -1 440 -1 148 -1 35 -1 91 -1 1594 -1 87 -1 1171 -1 1709 -1 123 -1 24 -1 98 -1 43 -1 148 -1 -2
1955 -1 537 -1 7 -1 916 -1 2128 -1 123 -1 7 -1 2233 -1 1829 -1 1830 -1 45 -1 377 -1 2243 -1 45 -1 141 -1 894 -1 899 -1 80 -1 316 -1 35 -1 214 -1 18 -1 92 -1 2244 -1 7 -1 2245 -1 -2
7 -1 2233 -1 252 -1 123 -1 -2
7 -1 2246 -1 327 -1 696 -1 22 -1 836 -1 1668 -1 2247 -1 7 -1 1970 -1 2248 -1 2249 -1 124 -1 2250 -1 2251 -1 124 -1 382 -1 2252 -1 2253 -1 87 -1 13 -1 25 -1 2254 -1 22 -1 7 -1 1640 -1 184 -1 1849 -1 2255 -1 1165 -1 2256 -1 60 -1 -2
7 -1 2257 -1 73 -1 382 -1 2258 -1 2222 -1 2084 -1 161 -1 2259 -1 2260 -1 -2
226 -1 2240 -1 2261 -1 4 -1 44 -1 215 -1 87 -1 903 -1 1709 -1 220 -1 7 -1 2262 -1 73 -1 7 -1 2047 -1 87 -1 1585 -1 -2
87 -1 933 -1 2240 -1 92 -1 2124 -1 6 -1 2263 -1 87 -1 423 -1 2263 -1 1183 -1 924 -1 2264 -1 4 -1 73 -1 7 -1 1640 -1 494 -1 220 -1 7 -1 2265 -1 879 -1 7 -1 1736 -1 2059 -1 19 -1 2266 -1 6 -1 1526 -1 391 -1 1526 -1 22 -1 1679 -1 87 -1 2267 -1 -2
7 -1 103 -1 2268 -1 7 -1 103 -1 36 -1 16 -1 299 -1 1150 -1 51 -1 2269 -1 103 -1 2091 -1 40 -1 2270 -1 7 -1 81 -1 73 -1 7 -1 2047 -1 19 -1 1829 -1 1830 -1 87 -1 300 -1 19 -1 7 -1 2271 -1 66 -1 18 -1 327 -1 7 -1 2272 -1 40 -1 2273 -1 45 -1 1926 -1 24 -1 25 -1 2274 -1 2275 -1 -2
7 -1 1696 -1 1921 -1 2276 -1 106 -1 80 -1 327 -1 1321 -1 80 -1 589 -1 13 -1 613 -1 40 -1 2277 -1 40 -1 51 -1 2130 -1 6 -1 7 -1 1637 -1 2278 -1 -2
80 -1 327 -1 1516 -1 25 -1 609 -1 1960 -1 24 -1 7 -1 2279 -1 73 -1 226 -1 1980 -1 1198 -1 4 -1 87 -1 80 -1 1921 -1 80 -1 -2
80 -1 1921 -1 551 -1 66 -1 80 -1 19 -1 513 -1 2280 -1 89 -1 7 -1 1639 -1 1640 -1 87 -1 35 -1 7 -1 4 -1 494 -1 2281 -1 79 -1 98 -1 2282 -1 91 -1 1807 -1 98 -1 2283 -1 22 -1 25 -1 894 -1 1824 -1 123 -1 7 -1 2233 -1 89 -1 25 -1 379 -1 229 -1 19 -1 1290 -1 63 -1 2283 -1 87 -1 235 -1 44 -1 1743 -1 2135 -1 92 -1 2284 -1 6 -1 4 -1 37 -1 2285 -1 40 -1 195 -1 131 -1 7 -1 2286 -1 73 -1 7 -1 2222 -1 87 -1 57 -1 89 -1 98 -1 2287 -1 -2
7 -1 2288 -1 92 -1 234 -1 7 -1 2289 -1 73 -1 2290 -1 91 -1 92 -1 2034 -1 2291 -1 1139 -1 647 -1 643 -1 53 -1 1264 -1 7 -1 2292 -1 79 -1 7 -1 1952 -1 440 -1 19 -1 2293 -1 22 -1 513 -1 2281 -1 2294 -1 -2
7 -1 2103 -1 22 -1 98 -1 2295 -1 142 -1 7 -1 162 -1 145 -1 25 -1 261 -1 35 -1 73 -1 2296 -1 2297 -1 1465 -1 48 -1 467 -1 87 -1 2061 -1 2169 -1 2298 -1 97 -1 7 -1 1316 -1 73 -1 7 -1 2233 -1 -2
7 -1 2233 -1 273 -1 87 -1 184 -1 -2
7 -1 1502 -1 19 -1 2045 -1 519 -1 -2
7 -1 1942 -1 92 -1 2299 -1 6 -1 25 -1 576 -1 2300 -1 50 -1 73 -1 2301 -1 1754 -1 1973 -1 229 -1 182 -1 51 -1 1573 -1 25 -1 2302 -1 1740 -1 24 -1 673 -1 4 -1 2303 -1 95 -1 7 -1 1739 -1 -2
441 -1 149 -1 7 -1 1738 -1 7 -1 2304 -1 19 -1 2305 -1 1405 -1 1139 -1 2306 -1 73 -1 74 -1 1754 -1 -2
1879 -1 126 -1 3 -1 1736 -1 73 -1 1637 -1 1768 -1 92 -1 2307 -1 87 -1 95 -1 7 -1 637 -1 382 -1 2222 -1 273 -1 58 -1 25 -1 2308 -1 2309 -1 -2
80 -1 486 -1 66 -1 836 -1 887 -1 1679 -1 73 -1 4 -1 92 -1 128 -1 2310 -1 468 -1 7 -1 1670 -1 2311 -1 -2
229 -1 1771 -1 613 -1 696 -1 1457 -1 1761 -1 2312 -1 40 -1 7 -1 1640 -1 63 -1 2313 -1 1926 -1 1927 -1 215 -1 79 -1 81 -1 73 -1 7 -1 2047 -1 234 -1 25 -1 1544 -1 73 -1 348 -1 22 -1 45 -1 1526 -1 -2
18 -1 182 -1 13 -1 613 -1 1761 -1 161 -1 2026 -1 40 -1 231 -1 7 -1 1696 -1 124 -1 356 -1 2314 -1 628 -1 7 -1 1108 -1 -2
102 -1 18 -1 19 -1 2102 -1 40 -1 2315 -1 158 -1 272 -1 87 -1 1624 -1 95 -1 7 -1 1942 -1 -2
1829 -1 1830 -1 390 -1 361 -1 7 -1 50 -1 2225 -1 40 -1 7 -1 4 -1 40 -1 2316 -1 95 -1 2317 -1 1963 -1 87 -1 58 -1 25 -1 608 -1 87 -1 1086 -1 2318 -1 7 -1 1696 -1 114 -1 198 -1 40 -1 2319 -1 -2
7 -1 2320 -1 1976 -1 25 -1 513 -1 1732 -1 73 -1 7 -1 1952 -1 2321 -1 -2
80 -1 182 -1 51 -1 15 -1 66 -1 229 -1 92 -1 291 -1 3 -1 2322 -1 2323 -1 73 -1 834 -1 1807 -1 6 -1 7 -1 4 -1 391 -1 98 -1 2324 -1 2325 -1 79 -1 7 -1 2262 -1 -2
16 -1 19 -1 2326 -1 22 -1 7 -1 2327 -1 2328 -1 73 -1 7 -1 1823 -1 1175 -1 -2
7 -1 108 -1 19 -1 25 -1 2329 -1 2330 -1 580 -1 38 -1 2331 -1 236 -1 391 -1 25 -1 2332 -1 2333 -1 92 -1 441 -1 1429 -1 40 -1 2334 -1 1926 -1 1927 -1 5 -1 79 -1 7 -1 453 -1 87 -1 2335 -1 1931 -1 89 -1 45 -1 348 -1 40 -1 2336 -1 -2
35 -1 861 -1 35 -1 80 -1 589 -1 18 -1 537 -1 87 -1 55 -1 158 -1 228 -1 123 -1 87 -1 10 -1 2222 -1 114 -1 -2
593 -1 790 -1 2337 -1 382 -1 1502 -1 35 -1 861 -1 35 -1 593 -1 1150 -1 2241 -1 519 -1 7 -1 2338 -1 73 -1 7 -1 1684 -1 635 -1 894 -1 58 -1 4 -1 2225 -1 79 -1 2339 -1 22 -1 25 -1 2340 -1 -2
87 -1 7 -1 2341 -1 2233 -1 537 -1 89 -1 98 -1 2342 -1 -2
80 -1 19 -1 1574 -1 131 -1 2047 -1 382 -1 90 -1 -2
7 -1 946 -1 73 -1 2343 -1 4 -1 2344 -1 149 -1 7 -1 2345 -1 -2
63 -1 7 -1 1942 -1 327 -1 13 -1 696 -1 2346 -1 40 -1 7 -1 513 -1 2347 -1 2348 -1 6 -1 7 -1 1640 -1 87 -1 91 -1 936 -1 47 -1 220 -1 519 -1 25 -1 2349 -1 2320 -1 73 -1 836 -1 606 -1 -2
4 -1 224 -1 22 -1 1692 -1 2350 -1 309 -1 87 -1 98 -1 1995 -1 1603 -1 79 -1 7 -1 2351 -1 453 -1 -2
332 -1 2352 -1 24 -1 25 -1 2353 -1 2354 -1 6 -1 332 -1 350 -1 2355 -1 2263 -1 218 -1 2356 -1 131 -1 58 -1 2357 -1 73 -1 2358 -1 24 -1 2263 -1 80 -1 1771 -1 2359 -1 1652 -1 66 -1 332 -1 1797 -1 327 -1 44 -1 367 -1 519 -1 6 -1 98 -1 2360 -1 87 -1 2361 -1 98 -1 307 -1 124 -1 411 -1 519 -1 -2
1790 -1 1684 -1 92 -1 131 -1 63 -1 1926 -1 1927 -1 2362 -1 87 -1 1518 -1 19 -1 423 -1 2363 -1 -2
18 -1 19 -1 924 -1 7 -1 401 -1 36 -1 22 -1 7 -1 2222 -1 63 -1 13 -1 40 -1 45 -1 541 -1 2364 -1 40 -1 45 -1 2365 -1 307 -1 -2
95 -1 16 -1 90 -1 80 -1 31 -1 66 -1 7 -1 2366 -1 1771 -1 51 -1 432 -1 -2
7 -1 2367 -1 73 -1 7 -1 2320 -1 19 -1 1112 -1 35 -1 214 -1 25 -1 2368 -1 2369 -1 92 -1 1518 -1 22 -1 7 -1 2370 -1 457 -1 -2
91 -1 2371 -1 2372 -1 98 -1 1491 -1 87 -1 2373 -1 323 -1 35 -1 214 -1 80 -1 92 -1 1788 -1 40 -1 298 -1 2374 -1 310 -1 7 -1 348 -1 73 -1 1502 -1 -2
80 -1 19 -1 7 -1 379 -1 73 -1 2375 -1 7 -1 379 -1 73 -1 7 -1 2376 -1 580 -1 611 -1 40 -1 7 -1 2377 -1 73 -1 7 -1 2378 -1 -2
7 -1 1693 -1 1175 -1 1105 -1 87 -1 2379 -1 2380 -1 2381 -1 108 -1 1684 -1 2063 -1 893 -1 87 -1 7 -1 4 -1 93 -1 2382 -1 31 -1 40 -1 2383 -1 98 -1 2384 -1 89 -1 16 -1 401 -1 2385 -1 -2
114 -1 91 -1 586 -1 310 -1 382 -1 755 -1 1722 -1 73 -1 7 -1 162 -1 87 -1 805 -1 904 -1 7 -1 1696 -1 19 -1 2307 -1 -2
1829 -1 1830 -1 2386 -1 87 -1 1309 -1 19 -1 10 -1 22 -1 2253 -1 87 -1 2387 -1 18 -1 2388 -1 66 -1 7 -1 4 -1 37 -1 327 -1 696 -1 1520 -1 40 -1 136 -1 92 -1 161 -1 340 -1 2389 -1 2390 -1 37 -1 1771 -1 613 -1 2391 -1 40 -1 1380 -1 89 -1 7 -1 2272 -1 73 -1 7 -1 1696 -1 87 -1 25 -1 2392 -1 2393 -1 37 -1 327 -1 696 -1 2394 -1 40 -1 2395 -1 226 -1 45 -1 2396 -1 22 -1 2026 -1 40 -1 817 -1 48 -1 7 -1 1641 -1 -2
229 -1 19 -1 643 -1 2397 -1 73 -1 351 -1 -2
7 -1 1640 -1 252 -1 131 -1 79 -1 25 -1 1802 -1 73 -1 7 -1 2321 -1 87 -1 35 -1 861 -1 35 -1 7 -1 1942 -1 327 -1 2398 -1 66 -1 7 -1 1640 -1 19 -1 2399 -1 40 -1 2400 -1 91 -1 2401 -1 158 -1 1574 -1 2402 -1 40 -1 7 -1 1108 -1 87 -1 2403 -1 643 -1 90 -1 22 -1 2404 -1 2405 -1 -2
22 -1 933 -1 2406 -1 80 -1 38 -1 13 -1 2407 -1 40 -1 2277 -1 89 -1 25 -1 2222 -1 40 -1 285 -1 2408 -1 -2
53 -1 2409 -1 7 -1 2222 -1 53 -1 2410 -1 40 -1 260 -1 80 -1 87 -1 214 -1 53 -1 1134 -1 66 -1 53 -1 1264 -1 80 -1 38 -1 1562 -1 40 -1 2411 -1 217 -1 40 -1 332 -1 108 -1 1254 -1 -2
7 -1 1670 -1 2200 -1 92 -1 13 -1 2412 -1 2413 -1 63 -1 91 -1 92 -1 4 -1 73 -1 1344 -1 -2
25 -1 2414 -1 87 -1 2415 -1 946 -1 73 -1 2233 -1 252 -1 1826 -1 48 -1 7 -1 2416 -1 87 -1 1818 -1 95 -1 7 -1 1581 -1 73 -1 2417 -1 4 -1 -2
87 -1 95 -1 66 -1 1165 -1 379 -1 7 -1 2418 -1 19 -1 2221 -1 87 -1 2221 -1 6 -1 7 -1 2233 -1 -2
7 -1 1952 -1 1835 -1 19 -1 2419 -1 2420 -1 87 -1 2421 -1 382 -1 18 -1 589 -1 13 -1 2422 -1 2423 -1 87 -1 904 -1 2424 -1 927 -1 -2
7 -1 1640 -1 273 -1 95 -1 1709 -1 87 -1 1921 -1 66 -1 91 -1 327 -1 25 -1 1777 -1 -2
91 -1 5 -1 131 -1 87 -1 2425 -1 2426 -1 35 -1 91 -1 184 -1 7 -1 1737 -1 2042 -1 40 -1 2253 -1 1960 -1 40 -1 2098 -1 7 -1 2427 -1 87 -1 91 -1 1426 -1 369 -1 35 -1 7 -1 1763 -1 2428 -1 2429 -1 1126 -1 -2
7 -1 1640 -1 327 -1 643 -1 904 -1 2430 -1 24 -1 7 -1 1502 -1 -2
91 -1 327 -1 2221 -1 80 -1 87 -1 7 -1 2431 -1 2432 -1 92 -1 291 -1 2433 -1 -2
229 -1 19 -1 25 -1 2434 -1 124 -1 7 -1 1835 -1 87 -1 7 -1 4 -1 479 -1 2435 -1 1709 -1 35 -1 1759 -1 1984 -1 951 -1 87 -1 2436 -1 35 -1 25 -1 2437 -1 273 -1 24 -1 45 -1 49 -1 388 -1 95 -1 25 -1 2438 -1 87 -1 2439 -1 87 -1 2440 -1 50 -1 73 -1 2441 -1 580 -1 19 -1 45 -1 2442 -1 1640 -1 1696 -1 73 -1 7 -1 50 -1 -2
562 -1 311 -1 340 -1 1926 -1 1927 -1 25 -1 2443 -1 134 -1 1207 -1 95 -1 2127 -1 7 -1 2444 -1 377 -1 41 -1 22 -1 423 -1 904 -1 2436 -1 87 -1 951 -1 989 -1 -2
18 -1 428 -1 628 -1 45 -1 2445 -1 -2
2128 -1 123 -1 7 -1 2233 -1 15 -1 18 -1 -2
18 -1 2012 -1 45 -1 2445 -1 87 -1 2446 -1 628 -1 -2
131 -1 7 -1 915 -1 73 -1 7 -1 84 -1 2175 -1 1926 -1 2447 -1 2448 -1 -2
18 -1 354 -1 58 -1 25 -1 827 -1 89 -1 25 -1 576 -1 379 -1 87 -1 603 -1 22 -1 568 -1 249 -1 220 -1 45 -1 2449 -1 1938 -1 -2
2450 -1 53 -1 2451 -1 288 -1 622 -1 1107 -1 229 -1 787 -1 58 -1 25 -1 2452 -1 -2
195 -1 180 -1 1828 -1 1830 -1 2 -1 691 -1 40 -1 171 -1 136 -1 7 -1 1938 -1 2206 -1 35 -1 214 -1 18 -1 92 -1 79 -1 2453 -1 87 -1 198 -1 391 -1 1830 -1 -2
66 -1 1828 -1 2091 -1 2114 -1 202 -1 832 -1 45 -1 377 -1 2454 -1 24 -1 2455 -1 2456 -1 87 -1 18 -1 327 -1 2107 -1 2457 -1 45 -1 2458 -1 -2
18 -1 327 -1 299 -1 1573 -1 7 -1 1926 -1 22 -1 300 -1 25 -1 2110 -1 -2
1830 -1 53 -1 1828 -1 2459 -1 -2
2460 -1 25 -1 419 -1 641 -1 87 -1 1901 -1 35 -1 7 -1 1759 -1 327 -1 47 -1 126 -1 124 -1 7 -1 1926 -1 7 -1 1926 -1 47 -1 126 -1 124 -1 7 -1 1831 -1 -2
7 -1 2461 -1 377 -1 -2
106 -1 790 -1 593 -1 60 -1 936 -1 15 -1 7 -1 1938 -1 2462 -1 87 -1 1675 -1 -2
2463 -1 136 -1 15 -1 1829 -1 1830 -1 -2
7 -1 3 -1 1684 -1 273 -1 131 -1 2402 -1 40 -1 98 -1 1578 -1 684 -1 494 -1 7 -1 1526 -1 73 -1 98 -1 2018 -1 -2
7 -1 377 -1 19 -1 2464 -1 539 -1 141 -1 94 -1 95 -1 7 -1 352 -1 -2
149 -1 7 -1 3 -1 2363 -1 2441 -1 19 -1 25 -1 2465 -1 774 -1 73 -1 2169 -1 87 -1 79 -1 7 -1 81 -1 73 -1 7 -1 2047 -1 2466 -1 2467 -1 1743 -1 73 -1 1637 -1 1768 -1 19 -1 2049 -1 2468 -1 2469 -1 -2
622 -1 53 -1 662 -1 80 -1 1771 -1 51 -1 1562 -1 241 -1 7 -1 1938 -1 593 -1 1865 -1 791 -1 136 -1 1183 -1 763 -1 643 -1 15 -1 1830 -1 -2
2 -1 1264 -1 1374 -1 66 -1 2470 -1 161 -1 2471 -1 1918 -1 -2
1292 -1 121 -1 40 -1 2472 -1 316 -1 87 -1 2473 -1 121 -1 40 -1 2463 -1 340 -1 2474 -1 73 -1 644 -1 15 -1 7 -1 1938 -1 95 -1 805 -1 -2
67 -1 4 -1 121 -1 2475 -1 2476 -1 1830 -1 268 -1 316 -1 40 -1 45 -1 84 -1 50 -1 87 -1 3 -1 4 -1 252 -1 460 -1 16 -1 24 -1 25 -1 2477 -1 16 -1 24 -1 25 -1 2478 -1 -2
91 -1 806 -1 22 -1 7 -1 1260 -1 73 -1 7 -1 1670 -1 2479 -1 -2
2169 -1 2480 -1 97 -1 98 -1 1316 -1 -2
2481 -1 172 -1 15 -1 1830 -1 2482 -1 -2
7 -1 4 -1 1726 -1 2483 -1 40 -1 2484 -1 98 -1 2404 -1 40 -1 7 -1 2485 -1 430 -1 1677 -1 87 -1 2486 -1 2487 -1 2488 -1 91 -1 182 -1 13 -1 57 -1 40 -1 171 -1 2489 -1 7 -1 2169 -1 252 -1 -2
7 -1 2490 -1 1528 -1 73 -1 7 -1 2477 -1 2491 -1 7 -1 1108 -1 635 -1 2492 -1 7 -1 2210 -1 2493 -1 73 -1 2402 -1 2169 -1 -2
786 -1 7 -1 108 -1 2494 -1 241 -1 40 -1 2478 -1 -2
2 -1 649 -1 15 -1 7 -1 1938 -1 460 -1 2495 -1 1562 -1 2496 -1 45 -1 194 -1 2497 -1 1830 -1 2498 -1 -2
715 -1 22 -1 2006 -1 2499 -1 91 -1 273 -1 95 -1 7 -1 1526 -1 -2
235 -1 1830 -1 2500 -1 45 -1 1393 -1 44 -1 2501 -1 202 -1 -2
181 -1 18 -1 15 -1 2495 -1 1562 -1 171 -1 106 -1 1391 -1 121 -1 18 -1 218 -1 40 -1 45 -1 2502 -1 87 -1 45 -1 148 -1 2503 -1 7 -1 1526 -1 73 -1 7 -1 497 -1 2091 -1 -2
63 -1 45 -1 148 -1 2371 -1 149 -1 7 -1 2504 -1 73 -1 7 -1 2505 -1 -2
7 -1 103 -1 2506 -1 19 -1 2507 -1 24 -1 2508 -1 1849 -1 87 -1 18 -1 589 -1 13 -1 2020 -1 40 -1 2509 -1 2510 -1 80 -1 -2
195 -1 79 -1 15 -1 7 -1 1938 -1 1910 -1 -2
1830 -1 619 -1 45 -1 85 -1 860 -1 87 -1 45 -1 969 -1 2511 -1 7 -1 2512 -1 2504 -1 -2
95 -1 401 -1 18 -1 1190 -1 24 -1 2513 -1 377 -1 -2
18 -1 327 -1 2514 -1 25 -1 2515 -1 25 -1 633 -1 25 -1 2516 -1 25 -1 2517 -1 2518 -1 25 -1 2519 -1 25 -1 84 -1 807 -1 73 -1 2520 -1 87 -1 2521 -1 -2
18 -1 273 -1 95 -1 7 -1 1938 -1 -2
229 -1 19 -1 25 -1 230 -1 -2
7 -1 1938 -1 19 -1 974 -1 66 -1 18 -1 327 -1 696 -1 25 -1 2522 -1 40 -1 298 -1 1830 -1 60 -1 441 -1 7 -1 2523 -1 2524 -1 -2
10 -1 15 -1 1830 -1 658 -1 441 -1 2 -1 662 -1 -2
53 -1 613 -1 45 -1 2525 -1 87 -1 2526 -1 181 -1 15 -1 7 -1 1938 -1 45 -1 377 -1 2527 -1 87 -1 235 -1 18 -1 2104 -1 158 -1 22 -1 25 -1 2126 -1 1367 -1 2162 -1 95 -1 7 -1 3 -1 1694 -1 -2
109 -1 622 -1 53 -1 2212 -1 123 -1 24 -1 66 -1 1216 -1 -2
106 -1 54 -1 53 -1 1295 -1 295 -1 -2
2212 -1 60 -1 53 -1 739 -1 -2
2 -1 299 -1 184 -1 300 -1 2528 -1 1901 -1 35 -1 18 -1 55 -1 158 -1 22 -1 45 -1 2529 -1 7 -1 3 -1 4 -1 92 -1 2530 -1 89 -1 98 -1 2531 -1 -2
1955 -1 1078 -1 7 -1 2169 -1 92 -1 2532 -1 -2
7 -1 1216 -1 19 -1 2533 -1 -2
80 -1 19 -1 13 -1 25 -1 2534 -1 2535 -1 84 -1 2536 -1 431 -1 -2
1830 -1 87 -1 7 -1 1938 -1 114 -1 273 -1 95 -1 919 -1 108 -1 22 -1 25 -1 2006 -1 93 -1 2537 -1 -2
44 -1 7 -1 1938 -1 2538 -1 158 -1 25 -1 2539 -1 1044 -1 -2
80 -1 19 -1 25 -1 2368 -1 1044 -1 580 -1 327 -1 269 -1 2540 -1 22 -1 66 -1 1732 -1 73 -1 7 -1 1340 -1 580 -1 38 -1 103 -1 331 -1 6 -1 7 -1 2541 -1 73 -1 7 -1 2542 -1 -2
10 -1 18 -1 15 -1 2198 -1 40 -1 1830 -1 2 -1 649 -1 593 -1 327 -1 615 -1 2543 -1 136 -1 22 -1 181 -1 15 -1 1830 -1 -2
7 -1 3 -1 1694 -1 354 -1 487 -1 2544 -1 149 -1 98 -1 2545 -1 -2
2 -1 649 -1 15 -1 1830 -1 80 -1 1771 -1 51 -1 1562 -1 214 -1 593 -1 466 -1 136 -1 22 -1 1896 -1 181 -1 15 -1 7 -1 1938 -1 -2
235 -1 1991 -1 2546 -1 66 -1 18 -1 327 -1 145 -1 1830 -1 2496 -1 7 -1 1526 -1 18 -1 2547 -1 24 -1 513 -1 2548 -1 87 -1 428 -1 1374 -1 73 -1 7 -1 497 -1 1684 -1 2549 -1 -2
1830 -1 2124 -1 136 -1 -2
2550 -1 92 -1 2551 -1 66 -1 98 -1 969 -1 547 -1 13 -1 719 -1 7 -1 2552 -1 -2
91 -1 1171 -1 126 -1 7 -1 2552 -1 2074 -1 766 -1 2553 -1 2554 -1 48 -1 7 -1 1216 -1 87 -1 7 -1 3 -1 1684 -1 2555 -1 273 -1 114 -1 95 -1 919 -1 2556 -1 92 -1 1894 -1 138 -1 95 -1 919 -1 108 -1 -2
91 -1 2557 -1 24 -1 1607 -1 -2
7 -1 1938 -1 15 -1 2 -1 649 -1 593 -1 2558 -1 547 -1 1234 -1 272 -1 -2
60 -1 53 -1 11 -1 7 -1 1712 -1 2559 -1 91 -1 622 -1 2010 -1 7 -1 1712 -1 1183 -1 7 -1 1216 -1 38 -1 937 -1 22 -1 15 -1 1830 -1 2560 -1 45 -1 2561 -1 40 -1 161 -1 2562 -1 373 -1 -2
622 -1 91 -1 15 -1 7 -1 1938 -1 2563 -1 66 -1 18 -1 327 -1 145 -1 7 -1 2564 -1 -2
418 -1 10 -1 18 -1 55 -1 44 -1 1473 -1 2565 -1 792 -1 1234 -1 2566 -1 18 -1 1150 -1 739 -1 792 -1 441 -1 43 -1 15 -1 1830 -1 -2
60 -1 53 -1 11 -1 7 -1 1712 -1 2 -1 1264 -1 2567 -1 25 -1 50 -1 73 -1 80 -1 15 -1 7 -1 1938 -1 -2
1830 -1 19 -1 1842 -1 2568 -1 -2
2 -1 1150 -1 2569 -1 3 -1 989 -1 63 -1 10 -1 60 -1 80 -1 15 -1 7 -1 1938 -1 -2
195 -1 35 -1 1879 -1 35 -1 53 -1 1150 -1 -2
658 -1 1562 -1 1293 -1 1290 -1 -2
87 -1 7 -1 2570 -1 613 -1 121 -1 852 -1 2571 -1 2276 -1 1830 -1 273 -1 95 -1 45 -1 3 -1 4 -1 -2
2127 -1 18 -1 2572 -1 -2
7 -1 1694 -1 252 -1 40 -1 2127 -1 24 -1 25 -1 2573 -1 138 -1 1409 -1 2574 -1 -2
7 -1 1938 -1 2575 -1 45 -1 2445 -1 40 -1 45 -1 2576 -1 -2
1830 -1 2577 -1 354 -1 149 -1 7 -1 1216 -1 -2
7 -1 1670 -1 2479 -1 1819 -1 2578 -1 -2
418 -1 1855 -1 852 -1 305 -1 188 -1 2579 -1 22 -1 7 -1 1218 -1 427 -1 73 -1 2580 -1 63 -1 45 -1 1797 -1 188 -1 2581 -1 468 -1 2582 -1 35 -1 7 -1 2583 -1 2584 -1 124 -1 7 -1 2561 -1 73 -1 7 -1 2585 -1 -2
2586 -1 593 -1 2587 -1 418 -1 1855 -1 7 -1 84 -1 2588 -1 2583 -1 87 -1 1830 -1 1973 -1 2589 -1 87 -1 115 -1 327 -1 1786 -1 643 -1 2590 -1 123 -1 40 -1 382 -1 1624 -1 63 -1 18 -1 402 -1 24 -1 25 -1 2591 -1 974 -1 87 -1 273 -1 95 -1 7 -1 2552 -1 -2
7 -1 1938 -1 331 -1 2592 -1 -2
87 -1 124 -1 2593 -1 2594 -1 2595 -1 18 -1 241 -1 87 -1 235 -1 18 -1 551 -1 252 -1 40 -1 161 -1 669 -1 -2
87 -1 124 -1 2593 -1 2594 -1 2595 -1 15 -1 1830 -1 -2
7 -1 1938 -1 44 -1 1495 -1 25 -1 2596 -1 22 -1 7 -1 316 -1 1732 -1 73 -1 7 -1 1637 -1 2597 -1 1712 -1 87 -1 18 -1 2598 -1 80 -1 24 -1 7 -1 1145 -1 1256 -1 73 -1 25 -1 36 -1 37 -1 188 -1 2599 -1 1128 -1 87 -1 1150 -1 195 -1 79 -1 -2
418 -1 2333 -1 613 -1 2290 -1 418 -1 2333 -1 613 -1 2290 -1 15 -1 1830 -1 -2
2290 -1 1235 -1 7 -1 1938 -1 22 -1 1139 -1 2600 -1 -2
2290 -1 15 -1 1830 -1 -2
87 -1 235 -1 18 -1 19 -1 331 -1 6 -1 332 -1 2601 -1 73 -1 974 -1 89 -1 18 -1 47 -1 44 -1 220 -1 45 -1 3 -1 4 -1 87 -1 2602 -1 15 -1 2603 -1 7 -1 2604 -1 22 -1 7 -1 2320 -1 73 -1 7 -1 1670 -1 2479 -1 19 -1 2605 -1 87 -1 2606 -1 -2
16 -1 73 -1 7 -1 2574 -1 1694 -1 252 -1 1126 -1 24 -1 45 -1 2478 -1 -2
18 -1 2074 -1 45 -1 103 -1 2607 -1 73 -1 1108 -1 87 -1 89 -1 25 -1 379 -1 73 -1 2608 -1 2590 -1 80 -1 19 -1 943 -1 2609 -1 1318 -1 382 -1 2552 -1 580 -1 124 -1 269 -1 2464 -1 377 -1 273 -1 2610 -1 158 -1 124 -1 7 -1 1216 -1 -2
235 -1 7 -1 1795 -1 2611 -1 45 -1 2478 -1 2612 -1 7 -1 99 -1 -2
1829 -1 1830 -1 206 -1 35 -1 214 -1 2613 -1 327 -1 696 -1 2614 -1 2074 -1 124 -1 628 -1 45 -1 2615 -1 -2
18 -1 327 -1 206 -1 66 -1 2413 -1 7 -1 2494 -1 1865 -1 1312 -1 7 -1 2478 -1 2612 -1 7 -1 377 -1 -2
80 -1 327 -1 696 -1 2611 -1 79 -1 7 -1 99 -1 -2
229 -1 19 -1 25 -1 513 -1 1624 -1 2348 -1 2616 -1 2617 -1 103 -1 2618 -1 327 -1 696 -1 2611 -1 79 -1 7 -1 99 -1 -2
856 -1 2619 -1 -2
7 -1 1938 -1 241 -1 40 -1 2620 -1 -2
10 -1 73 -1 2621 -1 36 -1 2473 -1 2622 -1 24 -1 441 -1 933 -1 2623 -1 1264 -1 53 -1 11 -1 791 -1 67 -1 2624 -1 281 -1 2625 -1 79 -1 7 -1 1738 -1 -2
195 -1 79 -1 89 -1 2626 -1 2627 -1 87 -1 2478 -1 53 -1 7 -1 36 -1 24 -1 7 -1 2478 -1 44 -1 2628 -1 1527 -1 45 -1 440 -1 472 -1 24 -1 45 -1 43 -1 860 -1 87 -1 273 -1 95 -1 45 -1 2091 -1 89 -1 1457 -1 -2
1830 -1 794 -1 7 -1 2478 -1 124 -1 7 -1 453 -1 -2
195 -1 40 -1 7 -1 365 -1 18 -1 15 -1 40 -1 7 -1 1981 -1 36 -1 -2
18 -1 2107 -1 2629 -1 7 -1 108 -1 2494 -1 -2
53 -1 817 -1 411 -1 2630 -1 551 -1 1119 -1 2631 -1 382 -1 2524 -1 7 -1 1981 -1 36 -1 2072 -1 1428 -1 423 -1 89 -1 7 -1 81 -1 73 -1 7 -1 2632 -1 234 -1 2633 -1 983 -1 2404 -1 40 -1 7 -1 1260 -1 124 -1 2489 -1 7 -1 2169 -1 252 -1 87 -1 7 -1 108 -1 36 -1 127 -1 95 -1 161 -1 2634 -1 2234 -1 63 -1 18 -1 19 -1 2635 -1 22 -1 66 -1 18 -1 273 -1 316 -1 2636 -1 212 -1 213 -1 -2
382 -1 38 -1 2487 -1 7 -1 2637 -1 7 -1 2241 -1 87 -1 2638 -1 -2
1829 -1 1830 -1 937 -1 7 -1 2478 -1 2639 -1 87 -1 235 -1 22 -1 25 -1 748 -1 580 -1 19 -1 58 -1 25 -1 421 -1 73 -1 2640 -1 18 -1 2641 -1 7 -1 2604 -1 48 -1 7 -1 1216 -1 87 -1 35 -1 80 -1 2352 -1 80 -1 145 -1 25 -1 2642 -1 -2
1830 -1 44 -1 402 -1 87 -1 2643 -1 45 -1 2644 -1 507 -1 2645 -1 -2
2413 -1 593 -1 613 -1 696 -1 1001 -1 15 -1 7 -1 1938 -1 -2
45 -1 388 -1 2371 -1 2646 -1 -2
80 -1 1865 -1 613 -1 696 -1 1562 -1 214 -1 593 -1 695 -1 2647 -1 136 -1 1162 -1 95 -1 382 -1 90 -1 -2
73 -1 644 -1 214 -1 593 -1 2253 -1 763 -1 7 -1 1526 -1 1771 -1 613 -1 696 -1 2648 -1 53 -1 15 -1 1830 -1 201 -1 67 -1 46 -1 18 -1 19 -1 13 -1 7 -1 2649 -1 2091 -1 -2
18 -1 114 -1 937 -1 7 -1 2478 -1 87 -1 2641 -1 7 -1 1108 -1 -2
1894 -1 7 -1 1108 -1 145 -1 66 -1 2642 -1 -2
89 -1 25 -1 2650 -1 1830 -1 2137 -1 2651 -1 58 -1 25 -1 36 -1 2652 -1 202 -1 158 -1 73 -1 2653 -1 -2
861 -1 229 -1 19 -1 1290 -1 40 -1 51 -1 1573 -1 63 -1 7 -1 2464 -1 377 -1 -2
1830 -1 937 -1 7 -1 2478 -1 -2
419 -1 2333 -1 18 -1 55 -1 40 -1 7 -1 1938 -1 -2
109 -1 266 -1 53 -1 804 -1 136 -1 2654 -1 562 -1 53 -1 563 -1 136 -1 22 -1 -2
382 -1 235 -1 1830 -1 241 -1 40 -1 2655 -1 -2
7 -1 1938 -1 1857 -1 -2
18 -1 19 -1 2656 -1 40 -1 7 -1 2561 -1 -2
195 -1 79 -1 36 -1 18 -1 55 -1 621 -1 924 -1 22 -1 25 -1 916 -1 -2
1830 -1 2657 -1 316 -1 7 -1 2478 -1 -2
80 -1 198 -1 1126 -1 22 -1 25 -1 2658 -1 2659 -1 -2
562 -1 7 -1 1108 -1 2352 -1 80 -1 145 -1 25 -1 2642 -1 -2
7 -1 2304 -1 73 -1 98 -1 281 -1 -2
124 -1 149 -1 7 -1 2134 -1 252 -1 7 -1 673 -1 774 -1 73 -1 25 -1 1763 -1 1720 -1 2541 -1 158 -1 7 -1 2660 -1 87 -1 978 -1 2661 -1 1972 -1 73 -1 45 -1 2442 -1 2662 -1 2663 -1 252 -1 2664 -1 316 -1 40 -1 684 -1 7 -1 1637 -1 1768 -1 5 -1 1392 -1 79 -1 7 -1 2665 -1 1670 -1 1960 -1 -2
7 -1 1770 -1 92 -1 10 -1 2666 -1 87 -1 91 -1 2130 -1 856 -1 91 -1 327 -1 2667 -1 2668 -1 142 -1 7 -1 2669 -1 73 -1 7 -1 2417 -1 1942 -1 -2
91 -1 327 -1 2670 -1 696 -1 2671 -1 6 -1 7 -1 513 -1 2672 -1 87 -1 562 -1 25 -1 419 -1 1942 -1 2673 -1 126 -1 22 -1 2674 -1 18 -1 2312 -1 211 -1 978 -1 2675 -1 25 -1 1254 -1 684 -1 18 -1 2676 -1 123 -1 24 -1 25 -1 2677 -1 87 -1 2678 -1 377 -1 7 -1 2679 -1 214 -1 80 -1 38 -1 25 -1 1763 -1 2680 -1 -2
7 -1 2663 -1 327 -1 2681 -1 2682 -1 2683 -1 643 -1 2684 -1 320 -1 73 -1 1823 -1 95 -1 66 -1 90 -1 -2
229 -1 19 -1 25 -1 1759 -1 2685 -1 66 -1 7 -1 1639 -1 1640 -1 327 -1 1516 -1 7 -1 2686 -1 2687 -1 73 -1 7 -1 1766 -1 63 -1 7 -1 1961 -1 1329 -1 66 -1 214 -1 7 -1 1739 -1 327 -1 13 -1 2688 -1 607 -1 2689 -1 7 -1 2690 -1 2222 -1 182 -1 13 -1 613 -1 696 -1 145 -1 607 -1 2691 -1 87 -1 7 -1 212 -1 108 -1 1736 -1 73 -1 1768 -1 73 -1 644 -1 589 -1 13 -1 2692 -1 98 -1 2693 -1 66 -1 98 -1 2292 -1 79 -1 7 -1 1952 -1 440 -1 327 -1 2682 -1 1790 -1 2242 -1 66 -1 1771 -1 613 -1 696 -1 2694 -1 95 -1 7 -1 1640 -1 -2
7 -1 1763 -1 2063 -1 15 -1 66 -1 63 -1 89 -1 519 -1 7 -1 1645 -1 1771 -1 13 -1 613 -1 696 -1 2695 -1 -2
1823 -1 2696 -1 981 -1 919 -1 108 -1 377 -1 40 -1 377 -1 95 -1 1692 -1 1176 -1 63 -1 7 -1 2233 -1 2697 -1 2051 -1 87 -1 2698 -1 -2
25 -1 1017 -1 1688 -1 2699 -1 63 -1 91 -1 2699 -1 2488 -1 91 -1 92 -1 1688 -1 -2
7 -1 2700 -1 4 -1 589 -1 13 -1 758 -1 80 -1 40 -1 1652 -1 66 -1 91 -1 92 -1 2449 -1 87 -1 2701 -1 95 -1 7 -1 2702 -1 73 -1 7 -1 1696 -1 -2
214 -1 91 -1 92 -1 2703 -1 91 -1 2063 -1 2704 -1 2705 -1 66 -1 7 -1 2706 -1 73 -1 7 -1 1640 -1 327 -1 696 -1 576 -1 1052 -1 40 -1 519 -1 87 -1 66 -1 7 -1 2222 -1 327 -1 696 -1 25 -1 84 -1 431 -1 53 -1 11 -1 1162 -1 47 -1 628 -1 22 -1 7 -1 309 -1 73 -1 161 -1 2707 -1 2319 -1 -2
1983 -1 1984 -1 2708 -1 45 -1 2709 -1 79 -1 7 -1 1960 -1 580 -1 91 -1 327 -1 124 -1 7 -1 1942 -1 -2
340 -1 1926 -1 1927 -1 73 -1 7 -1 1640 -1 2710 -1 45 -1 1684 -1 87 -1 7 -1 2711 -1 327 -1 696 -1 607 -1 513 -1 66 -1 1829 -1 1830 -1 121 -1 2185 -1 73 -1 25 -1 1743 -1 -2
80 -1 19 -1 13 -1 1409 -1 73 -1 25 -1 1743 -1 -2
2712 -1 2713 -1 87 -1 2714 -1 4 -1 403 -1 98 -1 760 -1 1061 -1 -2
7 -1 1743 -1 327 -1 2391 -1 48 -1 2418 -1 24 -1 25 -1 2715 -1 73 -1 2716 -1 -2
7 -1 2205 -1 73 -1 1829 -1 1830 -1 1528 -1 347 -1 24 -1 320 -1 -2
18 -1 2717 -1 40 -1 51 -1 332 -1 1766 -1 25 -1 1759 -1 87 -1 214 -1 18 -1 1955 -1 430 -1 25 -1 1759 -1 66 -1 379 -1 73 -1 2718 -1 19 -1 13 -1 2634 -1 22 -1 2283 -1 40 -1 7 -1 379 -1 562 -1 18 -1 273 -1 95 -1 45 -1 760 -1 2719 -1 73 -1 2712 -1 2720 -1 -2
18 -1 2721 -1 7 -1 457 -1 87 -1 2052 -1 24 -1 2722 -1 16 -1 340 -1 2390 -1 87 -1 3 -1 1415 -1 1828 -1 2723 -1 -2
936 -1 15 -1 18 -1 40 -1 202 -1 2 -1 613 -1 172 -1 25 -1 152 -1 84 -1 1526 -1 73 -1 4 -1 24 -1 580 -1 2 -1 1150 -1 60 -1 272 -1 22 -1 136 -1 2724 -1 7 -1 2085 -1 2725 -1 2320 -1 40 -1 298 -1 519 -1 7 -1 615 -1 1743 -1 22 -1 7 -1 1696 -1 -2
18 -1 327 -1 328 -1 519 -1 91 -1 92 -1 45 -1 4 -1 -2
2 -1 790 -1 60 -1 106 -1 2 -1 1150 -1 89 -1 53 -1 18 -1 15 -1 -2
60 -1 53 -1 7 -1 2726 -1 89 -1 561 -1 7 -1 1640 -1 2727 -1 79 -1 7 -1 2632 -1 -2
84 -1 701 -1 92 -1 2728 -1 87 -1 229 -1 486 -1 1121 -1 7 -1 4 -1 2729 -1 2730 -1 582 -1 2731 -1 580 -1 92 -1 607 -1 2732 -1 66 -1 25 -1 1772 -1 2733 -1 22 -1 2734 -1 24 -1 7 -1 2279 -1 73 -1 16 -1 182 -1 1286 -1 79 -1 7 -1 2735 -1 73 -1 2736 -1 -2
909 -1 2399 -1 73 -1 7 -1 1694 -1 1678 -1 2737 -1 98 -1 2738 -1 35 -1 98 -1 2739 -1 92 -1 247 -1 158 -1 6 -1 7 -1 1816 -1 -2
933 -1 92 -1 7 -1 4 -1 2740 -1 40 -1 2741 -1 2742 -1 391 -1 25 -1 1428 -1 1766 -1 73 -1 2743 -1 87 -1 2744 -1 -2
7 -1 2745 -1 252 -1 460 -1 87 -1 7 -1 2746 -1 73 -1 7 -1 2747 -1 701 -1 2748 -1 7 -1 2632 -1 87 -1 7 -1 2024 -1 830 -1 22 -1 7 -1 2749 -1 711 -1 -2
838 -1 2750 -1 1819 -1 95 -1 272 -1 -2
16 -1 6 -1 16 -1 7 -1 2370 -1 1491 -1 92 -1 2575 -1 40 -1 7 -1 1108 -1 1183 -1 7 -1 2632 -1 19 -1 2266 -1 6 -1 3 -1 576 -1 843 -1 278 -1 73 -1 4 -1 -2
172 -1 87 -1 229 -1 161 -1 2091 -1 5 -1 2751 -1 22 -1 45 -1 1488 -1 2752 -1 24 -1 25 -1 2753 -1 73 -1 25 -1 2754 -1 2320 -1 539 -1 79 -1 45 -1 2755 -1 -2
124 -1 7 -1 2024 -1 229 -1 252 -1 95 -1 213 -1 7 -1 774 -1 73 -1 1740 -1 1907 -1 2756 -1 2757 -1 95 -1 98 -1 2758 -1 87 -1 16 -1 182 -1 2759 -1 18 -1 236 -1 7 -1 2760 -1 1275 -1 2761 -1 73 -1 7 -1 1567 -1 -2
7 -1 780 -1 2762 -1 2614 -1 142 -1 2588 -1 1071 -1 2763 -1 -2
838 -1 2750 -1 1819 -1 95 -1 272 -1 -2
22 -1 7 -1 2764 -1 7 -1 1768 -1 87 -1 1739 -1 2765 -1 40 -1 7 -1 2766 -1 73 -1 25 -1 2767 -1 277 -1 7 -1 1763 -1 87 -1 7 -1 1942 -1 580 -1 19 -1 256 -1 1254 -1 332 -1 1945 -1 123 -1 7 -1 1748 -1 -2
7 -1 2768 -1 2663 -1 327 -1 1991 -1 2500 -1 332 -1 866 -1 73 -1 25 -1 2769 -1 2770 -1 87 -1 91 -1 92 -1 163 -1 25 -1 419 -1 2771 -1 24 -1 643 -1 2772 -1 281 -1 97 -1 2249 -1 40 -1 2773 -1 -2
7 -1 2774 -1 73 -1 7 -1 1641 -1 273 -1 468 -1 7 -1 2771 -1 2775 -1 149 -1 7 -1 2776 -1 73 -1 582 -1 2731 -1 -2
22 -1 90 -1 7 -1 1401 -1 1746 -1 2777 -1 1126 -1 40 -1 171 -1 -2
7 -1 1640 -1 35 -1 80 -1 1746 -1 184 -1 25 -1 1696 -1 2778 -1 40 -1 7 -1 43 -1 87 -1 184 -1 25 -1 1740 -1 2779 -1 40 -1 857 -1 1960 -1 -2
7 -1 1763 -1 2780 -1 316 -1 2781 -1 24 -1 320 -1 87 -1 2782 -1 40 -1 51 -1 2783 -1 2784 -1 -2
786 -1 7 -1 1640 -1 19 -1 2785 -1 40 -1 857 -1 2786 -1 6 -1 7 -1 1912 -1 87 -1 2422 -1 269 -1 804 -1 -2
2787 -1 7 -1 2788 -1 2789 -1 229 -1 92 -1 904 -1 1293 -1 2790 -1 158 -1 73 -1 7 -1 2791 -1 87 -1 1666 -1 66 -1 91 -1 327 -1 2792 -1 7 -1 659 -1 2793 -1 -2
7 -1 1639 -1 1640 -1 19 -1 40 -1 51 -1 943 -1 22 -1 2794 -1 1183 -1 7 -1 2795 -1 379 -1 73 -1 7 -1 2771 -1 87 -1 235 -1 91 -1 92 -1 40 -1 51 -1 1669 -1 1126 -1 40 -1 2337 -1 25 -1 1645 -1 -2
22 -1 2796 -1 91 -1 2797 -1 40 -1 7 -1 2798 -1 66 -1 7 -1 1759 -1 22 -1 2185 -1 19 -1 2799 -1 2402 -1 40 -1 519 -1 22 -1 2026 -1 91 -1 15 -1 40 -1 723 -1 7 -1 2800 -1 2251 -1 95 -1 7 -1 1618 -1 379 -1 -2
87 -1 22 -1 2672 -1 79 -1 25 -1 836 -1 2047 -1 40 -1 7 -1 43 -1 1983 -1 1984 -1 5 -1 79 -1 45 -1 1600 -1 87 -1 488 -1 45 -1 2801 -1 879 -1 316 -1 73 -1 136 -1 45 -1 2121 -1 87 -1 7 -1 2802 -1 2803 -1 98 -1 2804 -1 2805 -1 2806 -1 -2
80 -1 38 -1 1894 -1 419 -1 40 -1 57 -1 1428 -1 95 -1 25 -1 1759 -1 87 -1 7 -1 2233 -1 92 -1 1054 -1 24 -1 1140 -1 -2
7 -1 2788 -1 4 -1 114 -1 252 -1 158 -1 73 -1 7 -1 2791 -1 87 -1 2130 -1 106 -1 19 -1 2807 -1 7 -1 1984 -1 82 -1 63 -1 1901 -1 7 -1 2788 -1 4 -1 2101 -1 106 -1 19 -1 2807 -1 7 -1 1984 -1 82 -1 -2
44 -1 161 -1 2166 -1 431 -1 1745 -1 -2
40 -1 7 -1 440 -1 87 -1 325 -1 19 -1 25 -1 2808 -1 1637 -1 1740 -1 87 -1 25 -1 2302 -1 44 -1 486 -1 79 -1 7 -1 2809 -1 1847 -1 7 -1 1739 -1 -2
7 -1 2302 -1 19 -1 25 -1 36 -1 24 -1 25 -1 2810 -1 2811 -1 19 -1 74 -1 231 -1 89 -1 25 -1 1066 -1 73 -1 752 -1 22 -1 7 -1 2812 -1 -2
87 -1 382 -1 2302 -1 241 -1 40 -1 2813 -1 2814 -1 87 -1 80 -1 104 -1 40 -1 1759 -1 1984 -1 411 -1 7 -1 2815 -1 73 -1 7 -1 859 -1 73 -1 7 -1 1740 -1 -2
80 -1 15 -1 7 -1 2816 -1 54 -1 356 -1 1570 -1 79 -1 412 -1 2812 -1 87 -1 43 -1 936 -1 562 -1 7 -1 1639 -1 1640 -1 327 -1 440 -1 1637 -1 229 -1 19 -1 161 -1 2817 -1 73 -1 1566 -1 2818 -1 22 -1 919 -1 1743 -1 -2
25 -1 2819 -1 73 -1 933 -1 2820 -1 327 -1 696 -1 2821 -1 22 -1 7 -1 103 -1 2822 -1 63 -1 2249 -1 2823 -1 607 -1 66 -1 7 -1 1639 -1 1640 -1 2010 -1 35 -1 25 -1 1779 -1 7 -1 2824 -1 73 -1 7 -1 2816 -1 -2
7 -1 2800 -1 390 -1 2251 -1 -2
7 -1 2816 -1 54 -1 356 -1 1570 -1 79 -1 412 -1 2812 -1 87 -1 43 -1 1984 -1 2446 -1 40 -1 684 -1 1926 -1 1927 -1 5 -1 2825 -1 79 -1 45 -1 1749 -1 1600 -1 87 -1 25 -1 379 -1 978 -1 25 -1 1175 -1 390 -1 361 -1 7 -1 1401 -1 2128 -1 123 -1 7 -1 2233 -1 25 -1 444 -1 939 -1 73 -1 7 -1 4 -1 92 -1 2223 -1 22 -1 7 -1 1731 -1 2826 -1 87 -1 1169 -1 95 -1 98 -1 2000 -1 87 -1 1840 -1 -2
7 -1 2233 -1 331 -1 1126 -1 -2
91 -1 2827 -1 87 -1 1026 -1 22 -1 25 -1 2828 -1 50 -1 142 -1 7 -1 1740 -1 87 -1 40 -1 7 -1 440 -1 87 -1 43 -1 73 -1 80 -1 -2
7 -1 2081 -1 247 -1 158 -1 40 -1 519 -1 1131 -1 2829 -1 519 -1 13 -1 40 -1 51 -1 1992 -1 -2
7 -1 1485 -1 135 -1 519 -1 19 -1 2830 -1 -2
91 -1 92 -1 645 -1 25 -1 1864 -1 1429 -1 123 -1 6 -1 1790 -1 2831 -1 2832 -1 87 -1 149 -1 7 -1 2833 -1 1970 -1 92 -1 2834 -1 84 -1 2835 -1 73 -1 7 -1 2816 -1 -2
7 -1 1640 -1 369 -1 22 -1 269 -1 2836 -1 -2
7 -1 4 -1 182 -1 936 -1 180 -1 6 -1 7 -1 2837 -1 73 -1 2320 -1 66 -1 7 -1 2816 -1 92 -1 2834 -1 89 -1 2838 -1 580 -1 92 -1 13 -1 2839 -1 1807 -1 22 -1 7 -1 261 -1 73 -1 7 -1 1670 -1 1846 -1 -2
943 -1 715 -1 6 -1 7 -1 1720 -1 7 -1 2233 -1 2055 -1 123 -1 7 -1 103 -1 2047 -1 87 -1 466 -1 79 -1 7 -1 2262 -1 -2
1972 -1 73 -1 7 -1 2816 -1 198 -1 142 -1 98 -1 989 -1 87 -1 7 -1 1640 -1 2130 -1 519 -1 2840 -1 269 -1 2841 -1 1787 -1 -2
7 -1 2842 -1 92 -1 2843 -1 123 -1 40 -1 2844 -1 1963 -1 87 -1 24 -1 25 -1 2845 -1 2846 -1 7 -1 1696 -1 2847 -1 269 -1 1342 -1 1502 -1 -2
25 -1 679 -1 1963 -1 126 -1 79 -1 7 -1 43 -1 7 -1 1763 -1 87 -1 25 -1 1696 -1 73 -1 1768 -1 92 -1 2848 -1 2849 -1 -2
1927 -1 120 -1 13 -1 40 -1 51 -1 2405 -1 87 -1 7 -1 1720 -1 2130 -1 7 -1 1640 -1 40 -1 195 -1 325 -1 805 -1 904 -1 -2
7 -1 1640 -1 2850 -1 127 -1 6 -1 25 -1 2851 -1 73 -1 2852 -1 4 -1 73 -1 7 -1 2816 -1 37 -1 92 -1 2853 -1 2854 -1 66 -1 80 -1 327 -1 696 -1 441 -1 25 -1 2564 -1 -2
25 -1 2222 -1 22 -1 933 -1 2406 -1 38 -1 13 -1 25 -1 1574 -1 2855 -1 -2
1633 -1 2856 -1 967 -1 73 -1 1546 -1 2255 -1 2857 -1 95 -1 2858 -1 2234 -1 731 -1 7 -1 2859 -1 2860 -1 73 -1 7 -1 1942 -1 54 -1 2861 -1 35 -1 861 -1 35 -1 91 -1 54 -1 2862 -1 89 -1 7 -1 2863 -1 73 -1 7 -1 2864 -1 -2
22 -1 933 -1 2406 -1 2865 -1 54 -1 1651 -1 40 -1 2630 -1 95 -1 2866 -1 7 -1 2867 -1 73 -1 25 -1 2868 -1 87 -1 40 -1 195 -1 95 -1 7 -1 2234 -1 2869 -1 22 -1 7 -1 967 -1 25 -1 36 -1 1771 -1 51 -1 2394 -1 40 -1 613 -1 25 -1 84 -1 2870 -1 2871 -1 2807 -1 73 -1 136 -1 -2
7 -1 2222 -1 73 -1 7 -1 1639 -1 1640 -1 1112 -1 2036 -1 7 -1 2253 -1 73 -1 25 -1 513 -1 1523 -1 73 -1 2872 -1 37 -1 89 -1 332 -1 1289 -1 1443 -1 2873 -1 40 -1 2874 -1 7 -1 2875 -1 -2
4 -1 2876 -1 4 -1 224 -1 4 -1 196 -1 229 -1 92 -1 394 -1 382 -1 309 -1 285 -1 382 -1 309 -1 622 -1 195 -1 66 -1 309 -1 53 -1 1264 -1 817 -1 123 -1 66 -1 309 -1 149 -1 7 -1 2877 -1 7 -1 1640 -1 2072 -1 752 -1 22 -1 7 -1 377 -1 2714 -1 87 -1 1229 -1 -2
2200 -1 224 -1 2488 -1 91 -1 92 -1 2181 -1 6 -1 2169 -1 87 -1 2488 -1 91 -1 327 -1 13 -1 161 -1 2878 -1 73 -1 2715 -1 440 -1 22 -1 519 -1 -2
1926 -1 1927 -1 24 -1 25 -1 377 -1 58 -1 25 -1 752 -1 2879 -1 19 -1 356 -1 1509 -1 2261 -1 123 -1 7 -1 2880 -1 6 -1 2881 -1 87 -1 2882 -1 4 -1 -2
212 -1 73 -1 7 -1 2700 -1 801 -1 494 -1 2883 -1 316 -1 87 -1 2884 -1 24 -1 98 -1 141 -1 2488 -1 98 -1 2885 -1 92 -1 2886 -1 158 -1 73 -1 1712 -1 -2
87 -1 2887 -1 7 -1 2888 -1 73 -1 7 -1 2222 -1 19 -1 608 -1 -2
124 -1 7 -1 1960 -1 73 -1 7 -1 1740 -1 80 -1 273 -1 35 -1 214 -1 7 -1 2233 -1 92 -1 256 -1 25 -1 336 -1 149 -1 332 -1 1842 -1 2889 -1 1864 -1 -2
7 -1 1696 -1 2890 -1 25 -1 140 -1 2891 -1 87 -1 746 -1 2321 -1 87 -1 497 -1 4 -1 -2
91 -1 428 -1 2786 -1 24 -1 7 -1 497 -1 2892 -1 24 -1 382 -1 1743 -1 1183 -1 91 -1 182 -1 817 -1 98 -1 348 -1 -2
89 -1 2893 -1 2894 -1 2895 -1 2896 -1 2897 -1 124 -1 7 -1 365 -1 -2
1926 -1 1927 -1 273 -1 1847 -1 136 -1 87 -1 184 -1 66 -1 1984 -1 24 -1 45 -1 2121 -1 327 -1 2503 -1 6 -1 42 -1 2898 -1 87 -1 327 -1 2899 -1 696 -1 97 -1 2249 -1 40 -1 171 -1 7 -1 2900 -1 2901 -1 73 -1 7 -1 2233 -1 2902 -1 -2
786 -1 1984 -1 241 -1 40 -1 2477 -1 25 -1 309 -1 89 -1 45 -1 1600 -1 731 -1 7 -1 2665 -1 1960 -1 -2
18 -1 1184 -1 22 -1 25 -1 2903 -1 277 -1 3 -1 1970 -1 -2
936 -1 80 -1 252 -1 40 -1 1944 -1 66 -1 25 -1 1637 -1 1740 -1 79 -1 7 -1 1879 -1 43 -1 428 -1 2904 -1 40 -1 2564 -1 7 -1 2905 -1 73 -1 7 -1 1639 -1 1640 -1 87 -1 7 -1 859 -1 73 -1 933 -1 1739 -1 13 -1 163 -1 1277 -1 40 -1 668 -1 136 -1 22 -1 280 -1 1514 -1 45 -1 1566 -1 2906 -1 220 -1 7 -1 2632 -1 684 -1 7 -1 507 -1 2233 -1 494 -1 503 -1 6 -1 503 -1 24 -1 7 -1 1670 -1 497 -1 -2
25 -1 2304 -1 252 -1 2066 -1 149 -1 7 -1 2233 -1 2907 -1 87 -1 2908 -1 -2
80 -1 2104 -1 832 -1 149 -1 7 -1 2321 -1 87 -1 7 -1 2304 -1 73 -1 644 -1 2909 -1 1126 -1 2910 -1 2911 -1 -2
63 -1 25 -1 36 -1 2912 -1 158 -1 40 -1 45 -1 2091 -1 6 -1 2333 -1 1159 -1 66 -1 38 -1 16 -1 73 -1 852 -1 1757 -1 1737 -1 7 -1 659 -1 50 -1 2913 -1 24 -1 2914 -1 -2
1980 -1 904 -1 2103 -1 2915 -1 1078 -1 87 -1 16 -1 2641 -1 269 -1 2916 -1 48 -1 7 -1 718 -1 73 -1 7 -1 2917 -1 2918 -1 50 -1 87 -1 7 -1 1639 -1 1640 -1 2919 -1 40 -1 7 -1 1165 -1 2812 -1 73 -1 269 -1 2205 -1 87 -1 537 -1 58 -1 16 -1 36 -1 87 -1 389 -1 -2
1926 -1 1927 -1 2744 -1 2920 -1 95 -1 7 -1 2921 -1 2922 -1 2355 -1 24 -1 45 -1 2923 -1 43 -1 87 -1 440 -1 746 -1 202 -1 2924 -1 25 -1 2162 -1 79 -1 2925 -1 -2
1984 -1 19 -1 35 -1 2656 -1 35 -1 2580 -1 87 -1 45 -1 141 -1 1669 -1 158 -1 2926 -1 -2
106 -1 297 -1 382 -1 869 -1 2927 -1 18 -1 957 -1 158 -1 277 -1 45 -1 2928 -1 406 -1 -2
1927 -1 182 -1 291 -1 2929 -1 7 -1 2930 -1 2930 -1 1740 -1 7 -1 1740 -1 55 -1 1984 -1 22 -1 25 -1 248 -1 580 -1 635 -1 58 -1 2931 -1 1774 -1 -2
54 -1 53 -1 1992 -1 73 -1 7 -1 1739 -1 53 -1 924 -1 428 -1 2932 -1 -2
195 -1 316 -1 229 -1 53 -1 2933 -1 2934 -1 -2
53 -1 2935 -1 -2
53 -1 2208 -1 -2
2936 -1 -2
2936 -1 -2
2936 -1 -2
195 -1 316 -1 229 -1 1631 -1 73 -1 7 -1 4 -1 2073 -1 87 -1 2937 -1 411 -1 7 -1 2938 -1 2939 -1 73 -1 98 -1 2414 -1 1759 -1 -2
63 -1 16 -1 36 -1 746 -1 2349 -1 2940 -1 87 -1 899 -1 1759 -1 80 -1 38 -1 852 -1 1757 -1 1740 -1 66 -1 38 -1 2049 -1 79 -1 792 -1 1790 -1 1234 -1 66 -1 7 -1 2444 -1 377 -1 2941 -1 1183 -1 80 -1 273 -1 58 -1 25 -1 2942 -1 -2
7 -1 1639 -1 1640 -1 2943 -1 40 -1 25 -1 1166 -1 1254 -1 684 -1 91 -1 92 -1 291 -1 411 -1 7 -1 2320 -1 73 -1 7 -1 1670 -1 1961 -1 -2
7 -1 4 -1 184 -1 25 -1 2121 -1 2091 -1 2944 -1 149 -1 7 -1 2945 -1 22 -1 25 -1 1256 -1 2946 -1 40 -1 1056 -1 45 -1 2947 -1 832 -1 -2
7 -1 2233 -1 92 -1 2574 -1 63 -1 7 -1 2205 -1 73 -1 7 -1 1926 -1 19 -1 1429 -1 22 -1 2948 -1 -2
18 -1 1901 -1 2949 -1 40 -1 45 -1 2950 -1 2014 -1 58 -1 25 -1 36 -1 37 -1 38 -1 226 -1 40 -1 2951 -1 73 -1 1288 -1 2110 -1 -2
589 -1 53 -1 739 -1 106 -1 18 -1 15 -1 40 -1 561 -1 -2
589 -1 53 -1 739 -1 106 -1 18 -1 247 -1 792 -1 -2
589 -1 53 -1 739 -1 106 -1 18 -1 247 -1 792 -1 7 -1 1937 -1 2952 -1 98 -1 2953 -1 89 -1 647 -1 40 -1 2954 -1 25 -1 1218 -1 2955 -1 -2
7 -1 1640 -1 1810 -1 1457 -1 40 -1 195 -1 48 -1 1872 -1 220 -1 7 -1 2047 -1 684 -1 91 -1 327 -1 696 -1 2956 -1 -2
340 -1 1927 -1 273 -1 35 -1 214 -1 18 -1 92 -1 226 -1 40 -1 2957 -1 7 -1 1990 -1 158 -1 73 -1 7 -1 1929 -1 63 -1 18 -1 2958 -1 87 -1 428 -1 7 -1 1696 -1 316 -1 40 -1 7 -1 2959 -1 2960 -1 73 -1 7 -1 1670 -1 497 -1 -2
1983 -1 1984 -1 299 -1 2961 -1 40 -1 1926 -1 1927 -1 -2
562 -1 53 -1 54 -1 25 -1 1985 -1 2091 -1 53 -1 60 -1 13 -1 2962 -1 7 -1 2963 -1 73 -1 2964 -1 89 -1 7 -1 1001 -1 1321 -1 40 -1 67 -1 2965 -1 -2
53 -1 2966 -1 126 -1 87 -1 91 -1 2025 -1 87 -1 54 -1 2967 -1 73 -1 7 -1 2968 -1 40 -1 2272 -1 -2
1984 -1 299 -1 304 -1 45 -1 951 -1 1828 -1 2561 -1 40 -1 1927 -1 22 -1 2969 -1 40 -1 7 -1 1485 -1 97 -1 7 -1 2047 -1 73 -1 7 -1 1670 -1 497 -1 63 -1 22 -1 90 -1 229 -1 19 -1 25 -1 1759 -1 2026 -1 643 -1 -2
2970 -1 580 -1 104 -1 2971 -1 73 -1 7 -1 2972 -1 73 -1 45 -1 2442 -1 2973 -1 1696 -1 73 -1 7 -1 50 -1 87 -1 269 -1 1926 -1 -2
22 -1 7 -1 669 -1 1927 -1 19 -1 1761 -1 25 -1 347 -1 2974 -1 2488 -1 18 -1 327 -1 696 -1 2975 -1 488 -1 6 -1 1984 -1 79 -1 66 -1 1766 -1 -2
1984 -1 1921 -1 66 -1 80 -1 38 -1 1428 -1 89 -1 4 -1 40 -1 2976 -1 7 -1 2304 -1 73 -1 98 -1 281 -1 -2
25 -1 1017 -1 2406 -1 978 -1 7 -1 2233 -1 2743 -1 22 -1 1401 -1 79 -1 7 -1 1731 -1 252 -1 220 -1 98 -1 305 -1 7 -1 1740 -1 2073 -1 22 -1 25 -1 1738 -1 87 -1 91 -1 2629 -1 7 -1 1740 -1 87 -1 7 -1 859 -1 73 -1 7 -1 1740 -1 2977 -1 40 -1 7 -1 2978 -1 73 -1 45 -1 1316 -1 -2
63 -1 7 -1 4 -1 73 -1 7 -1 1740 -1 2130 -1 7 -1 2233 -1 40 -1 195 -1 40 -1 7 -1 2979 -1 2980 -1 2981 -1 2130 -1 7 -1 2233 -1 40 -1 195 -1 40 -1 7 -1 1022 -1 -2
87 -1 382 -1 2982 -1 2983 -1 66 -1 80 -1 38 -1 1610 -1 1562 -1 40 -1 51 -1 25 -1 2494 -1 -2
87 -1 214 -1 18 -1 2984 -1 593 -1 64 -1 2951 -1 25 -1 2390 -1 25 -1 2985 -1 87 -1 2986 -1 4 -1 73 -1 7 -1 1640 -1 1696 -1 73 -1 7 -1 50 -1 327 -1 696 -1 1669 -1 158 -1 40 -1 668 -1 25 -1 2987 -1 79 -1 7 -1 1733 -1 2988 -1 -2
91 -1 1771 -1 51 -1 95 -1 2866 -1 25 -1 2867 -1 73 -1 25 -1 2868 -1 22 -1 2253 -1 73 -1 983 -1 108 -1 2741 -1 73 -1 98 -1 1757 -1 1276 -1 -2
2390 -1 2989 -1 19 -1 2990 -1 1229 -1 95 -1 356 -1 1669 -1 79 -1 382 -1 2742 -1 -2
18 -1 15 -1 66 -1 18 -1 19 -1 2991 -1 -2
229 -1 92 -1 95 -1 2866 -1 3 -1 1816 -1 18 -1 2992 -1 1347 -1 1549 -1 804 -1 80 -1 547 -1 613 -1 696 -1 40 -1 195 -1 79 -1 382 -1 2993 -1 2994 -1 -2
18 -1 19 -1 2995 -1 2996 -1 18 -1 19 -1 1689 -1 6 -1 45 -1 2997 -1 109 -1 589 -1 983 -1 2998 -1 288 -1 1955 -1 2999 -1 7 -1 1641 -1 -2
35 -1 89 -1 136 -1 18 -1 1771 -1 817 -1 158 -1 73 -1 80 -1 35 -1 861 -1 35 -1 3000 -1 18 -1 19 -1 3001 -1 73 -1 80 -1 7 -1 1558 -1 73 -1 25 -1 339 -1 -2
441 -1 382 -1 18 -1 15 -1 40 -1 7 -1 2985 -1 37 -1 3002 -1 3003 -1 3004 -1 3005 -1 73 -1 3006 -1 3007 -1 -2
79 -1 7 -1 309 -1 40 -1 382 -1 2470 -1 3 -1 1694 -1 428 -1 2904 -1 40 -1 238 -1 40 -1 7 -1 365 -1 87 -1 3008 -1 22 -1 7 -1 3009 -1 73 -1 25 -1 973 -1 3010 -1 -2
562 -1 7 -1 2390 -1 3011 -1 382 -1 3012 -1 18 -1 830 -1 887 -1 24 -1 25 -1 2110 -1 580 -1 19 -1 161 -1 3013 -1 73 -1 441 -1 45 -1 3014 -1 -2
1381 -1 53 -1 18 -1 893 -1 -2
1286 -1 519 -1 172 -1 -2
1119 -1 3015 -1 519 -1 25 -1 2494 -1 390 -1 2614 -1 40 -1 7 -1 365 -1 -2
7 -1 2774 -1 73 -1 7 -1 3016 -1 241 -1 40 -1 916 -1 3017 -1 95 -1 7 -1 3 -1 3018 -1 1549 -1 2441 -1 91 -1 182 -1 171 -1 22 -1 7 -1 1218 -1 3019 -1 73 -1 7 -1 3009 -1 1554 -1 3020 -1 1311 -1 124 -1 7 -1 453 -1 87 -1 3021 -1 80 -1 3022 -1 98 -1 3023 -1 1900 -1 40 -1 98 -1 3024 -1 -2
7 -1 3025 -1 394 -1 73 -1 98 -1 1209 -1 2500 -1 7 -1 3026 -1 904 -1 1293 -1 589 -1 7 -1 3027 -1 73 -1 7 -1 2390 -1 -2
91 -1 390 -1 40 -1 3028 -1 7 -1 3016 -1 879 -1 1543 -1 98 -1 3029 -1 3030 -1 87 -1 24 -1 98 -1 3031 -1 3032 -1 24 -1 2574 -1 3033 -1 -2
1011 -1 403 -1 7 -1 2390 -1 24 -1 25 -1 3034 -1 3035 -1 2266 -1 22 -1 3036 -1 79 -1 45 -1 440 -1 503 -1 -2
7 -1 3037 -1 73 -1 3038 -1 1556 -1 1093 -1 461 -1 7 -1 280 -1 73 -1 45 -1 3039 -1 22 -1 1790 -1 3040 -1 -2
25 -1 744 -1 1120 -1 15 -1 7 -1 2390 -1 24 -1 2126 -1 3041 -1 -2
314 -1 7 -1 866 -1 73 -1 2200 -1 25 -1 36 -1 3042 -1 40 -1 3043 -1 89 -1 25 -1 710 -1 3044 -1 2742 -1 267 -1 53 -1 7 -1 3 -1 1694 -1 354 -1 95 -1 2127 -1 423 -1 138 -1 1409 -1 2574 -1 -2
593 -1 291 -1 241 -1 1011 -1 3045 -1 -2
418 -1 53 -1 291 -1 55 -1 7 -1 2390 -1 -2
181 -1 53 -1 291 -1 2 -1 11 -1 441 -1 226 -1 66 -1 -2
63 -1 214 -1 53 -1 662 -1 53 -1 54 -1 650 -1 40 -1 3046 -1 24 -1 561 -1 25 -1 379 -1 978 -1 7 -1 3016 -1 331 -1 79 -1 731 -1 269 -1 3047 -1 -2
1847 -1 7 -1 1816 -1 316 -1 1011 -1 87 -1 3038 -1 92 -1 485 -1 3048 -1 3049 -1 87 -1 3050 -1 40 -1 98 -1 281 -1 879 -1 7 -1 2390 -1 3051 -1 3052 -1 40 -1 7 -1 2985 -1 53 -1 171 -1 106 -1 866 -1 73 -1 4 -1 54 -1 22 -1 7 -1 1641 -1 936 -1 -2
109 -1 562 -1 2 -1 2124 -1 7 -1 1696 -1 80 -1 19 -1 25 -1 1165 -1 2635 -1 431 -1 2 -1 1150 -1 180 -1 53 -1 -2
235 -1 25 -1 2390 -1 327 -1 332 -1 2815 -1 87 -1 214 -1 25 -1 36 -1 3053 -1 1457 -1 18 -1 327 -1 25 -1 1165 -1 836 -1 2239 -1 73 -1 3054 -1 272 -1 1842 -1 3055 -1 -2
63 -1 936 -1 -2
419 -1 2333 -1 -2
214 -1 2 -1 1978 -1 933 -1 4 -1 7 -1 859 -1 790 -1 57 -1 149 -1 25 -1 1891 -1 73 -1 3056 -1 3057 -1 3058 -1 87 -1 3059 -1 825 -1 10 -1 2390 -1 2989 -1 933 -1 4 -1 2020 -1 40 -1 613 -1 1165 -1 419 -1 3060 -1 1165 -1 419 -1 3060 -1 1161 -1 -2
2 -1 1264 -1 51 -1 551 -1 1428 -1 79 -1 519 -1 643 -1 13 -1 551 -1 1428 -1 1336 -1 7 -1 2390 -1 2 -1 180 -1 53 -1 3061 -1 7 -1 1641 -1 38 -1 643 -1 1254 -1 89 -1 25 -1 3062 -1 36 -1 3061 -1 7 -1 2985 -1 3063 -1 24 -1 25 -1 3064 -1 73 -1 3065 -1 580 -1 24 -1 136 -1 327 -1 1635 -1 25 -1 3066 -1 -2
2 -1 662 -1 53 -1 54 -1 43 -1 2390 -1 18 -1 3063 -1 -2
1847 -1 519 -1 7 -1 1694 -1 3067 -1 2681 -1 -2
2648 -1 382 -1 2390 -1 73 -1 3068 -1 -2
18 -1 3069 -1 593 -1 54 -1 145 -1 73 -1 3070 -1 -2
2 -1 622 -1 171 -1 983 -1 1289 -1 89 -1 441 -1 382 -1 3071 -1 562 -1 593 -1 54 -1 79 -1 1711 -1 1712 -1 -2
80 -1 3072 -1 58 -1 356 -1 95 -1 2408 -1 22 -1 3073 -1 -2
229 -1 38 -1 643 -1 513 -1 3074 -1 22 -1 25 -1 1163 -1 73 -1 4 -1 3075 -1 158 -1 40 -1 3076 -1 161 -1 3009 -1 73 -1 7 -1 1942 -1 562 -1 441 -1 7 -1 139 -1 3077 -1 66 -1 593 -1 3078 -1 327 -1 25 -1 3062 -1 2358 -1 22 -1 2240 -1 2406 -1 7 -1 3079 -1 377 -1 73 -1 2390 -1 2989 -1 44 -1 1556 -1 40 -1 7 -1 365 -1 -2
25 -1 84 -1 904 -1 2743 -1 87 -1 3080 -1 2014 -1 18 -1 15 -1 -2
562 -1 18 -1 252 -1 40 -1 7 -1 2987 -1 18 -1 327 -1 696 -1 759 -1 40 -1 668 -1 7 -1 2390 -1 1098 -1 24 -1 3081 -1 -2
933 -1 1276 -1 64 -1 613 -1 3082 -1 58 -1 3083 -1 18 -1 15 -1 262 -1 -2
40 -1 51 -1 52 -1 7 -1 1254 -1 19 -1 13 -1 3084 -1 -2
7 -1 453 -1 239 -1 327 -1 696 -1 488 -1 89 -1 7 -1 3085 -1 73 -1 3083 -1 87 -1 80 -1 19 -1 1488 -1 87 -1 2368 -1 -2
25 -1 2295 -1 73 -1 337 -1 1083 -1 40 -1 7 -1 3086 -1 103 -1 239 -1 580 -1 19 -1 3087 -1 63 -1 3088 -1 -2
7 -1 1816 -1 3089 -1 3090 -1 562 -1 18 -1 184 -1 7 -1 1309 -1 253 -1 73 -1 827 -1 87 -1 3091 -1 -2
1859 -1 91 -1 804 -1 1739 -1 79 -1 792 -1 91 -1 790 -1 299 -1 817 -1 792 -1 158 -1 73 -1 172 -1 18 -1 15 -1 3092 -1 40 -1 7 -1 3016 -1 -2
7 -1 4 -1 1850 -1 40 -1 3093 -1 136 -1 22 -1 161 -1 2112 -1 1899 -1 441 -1 1554 -1 2425 -1 87 -1 31 -1 1165 -1 3094 -1 87 -1 2666 -1 -2
1119 -1 298 -1 382 -1 48 -1 25 -1 3095 -1 18 -1 1666 -1 -2
18 -1 1669 -1 1011 -1 87 -1 3038 -1 7 -1 3 -1 3009 -1 3096 -1 158 -1 79 -1 3097 -1 -2
18 -1 2137 -1 7 -1 2263 -1 235 -1 1183 -1 18 -1 182 -1 662 -1 73 -1 643 -1 904 -1 756 -1 40 -1 180 -1 519 -1 40 -1 60 -1 -2
2387 -1 18 -1 198 -1 3098 -1 24 -1 25 -1 3099 -1 3055 -1 3100 -1 87 -1 3101 -1 7 -1 453 -1 22 -1 280 -1 73 -1 45 -1 1960 -1 -2
22 -1 3102 -1 18 -1 252 -1 220 -1 25 -1 3103 -1 1011 -1 3104 -1 161 -1 3105 -1 -2
18 -1 313 -1 3106 -1 136 -1 40 -1 2603 -1 80 -1 126 -1 -2
7 -1 4 -1 496 -1 98 -1 1164 -1 79 -1 7 -1 3107 -1 73 -1 7 -1 993 -1 3108 -1 87 -1 3109 -1 98 -1 1840 -1 411 -1 98 -1 1491 -1 87 -1 3110 -1 98 -1 3111 -1 91 -1 3082 -1 22 -1 3112 -1 520 -1 -2
3113 -1 2180 -1 22 -1 7 -1 3114 -1 87 -1 25 -1 3115 -1 73 -1 3116 -1 252 -1 142 -1 7 -1 3032 -1 1595 -1 -2
25 -1 513 -1 3117 -1 3118 -1 73 -1 3119 -1 3120 -1 7 -1 377 -1 73 -1 16 -1 36 -1 87 -1 18 -1 531 -1 3121 -1 35 -1 18 -1 331 -1 45 -1 3122 -1 1155 -1 40 -1 25 -1 3123 -1 1254 -1 -2
42 -1 2494 -1 965 -1 40 -1 25 -1 2018 -1 382 -1 38 -1 441 -1 1266 -1 295 -1 -2
643 -1 1344 -1 22 -1 3124 -1 382 -1 2470 -1 -2
91 -1 63 -1 73 -1 644 -1 15 -1 7 -1 2985 -1 562 -1 371 -1 2130 -1 561 -1 3125 -1 66 -1 371 -1 3126 -1 904 -1 89 -1 561 -1 1293 -1 371 -1 589 -1 89 -1 136 -1 2 -1 1419 -1 650 -1 40 -1 1107 -1 983 -1 73 -1 45 -1 1939 -1 7 -1 2723 -1 3127 -1 19 -1 607 -1 100 -1 66 -1 18 -1 182 -1 291 -1 3128 -1 45 -1 3129 -1 -2
229 -1 19 -1 25 -1 2126 -1 84 -1 3130 -1 73 -1 1846 -1 -2
25 -1 1175 -1 124 -1 1011 -1 896 -1 158 -1 -2
24 -1 643 -1 3131 -1 3132 -1 7 -1 2390 -1 2581 -1 49 -1 40 -1 45 -1 99 -1 -2
936 -1 18 -1 55 -1 1473 -1 792 -1 171 -1 106 -1 53 -1 54 -1 145 -1 73 -1 -2
214 -1 18 -1 1329 -1 197 -1 53 -1 54 -1 145 -1 73 -1 1277 -1 25 -1 36 -1 899 -1 419 -1 2333 -1 1264 -1 53 -1 171 -1 314 -1 441 -1 501 -1 123 -1 22 -1 412 -1 3133 -1 3134 -1 42 -1 36 -1 899 -1 3093 -1 628 -1 412 -1 307 -1 -2
1264 -1 53 -1 336 -1 79 -1 7 -1 239 -1 40 -1 7 -1 3135 -1 229 -1 19 -1 25 -1 2346 -1 3136 -1 73 -1 3137 -1 4 -1 37 -1 3138 -1 1848 -1 124 -1 98 -1 141 -1 1901 -1 35 -1 91 -1 145 -1 3139 -1 98 -1 2242 -1 -2
1011 -1 87 -1 3038 -1 252 -1 3140 -1 123 -1 7 -1 337 -1 2853 -1 3141 -1 927 -1 -2
2223 -1 7 -1 1952 -1 2169 -1 92 -1 2532 -1 87 -1 2541 -1 149 -1 7 -1 2987 -1 -2
7 -1 2390 -1 44 -1 19 -1 3142 -1 87 -1 546 -1 24 -1 25 -1 1344 -1 73 -1 7 -1 330 -1 73 -1 7 -1 431 -1 -2
2277 -1 1183 -1 53 -1 171 -1 16 -1 18 -1 3143 -1 3144 -1 87 -1 652 -1 235 -1 1860 -1 89 -1 332 -1 1018 -1 7 -1 1952 -1 2169 -1 2657 -1 3145 -1 1293 -1 3146 -1 149 -1 7 -1 2987 -1 234 -1 1240 -1 356 -1 2102 -1 40 -1 3147 -1 25 -1 3148 -1 -2
22 -1 382 -1 3149 -1 25 -1 36 -1 19 -1 1818 -1 22 -1 7 -1 1332 -1 -2
18 -1 1334 -1 87 -1 235 -1 494 -1 131 -1 79 -1 7 -1 239 -1 -2
7 -1 1849 -1 460 -1 1335 -1 131 -1 7 -1 482 -1 69 -1 73 -1 45 -1 2947 -1 879 -1 18 -1 273 -1 3150 -1 95 -1 45 -1 1209 -1 -2
229 -1 19 -1 25 -1 3151 -1 -2
229 -1 91 -1 54 -1 -2
229 -1 91 -1 285 -1 7 -1 2242 -1 3152 -1 -2
25 -1 1071 -1 1754 -1 3153 -1 3154 -1 142 -1 7 -1 3108 -1 -2
229 -1 19 -1 25 -1 1309 -1 3155 -1 35 -1 214 -1 124 -1 3156 -1 76 -1 87 -1 7 -1 3157 -1 73 -1 3158 -1 -2
7 -1 4 -1 92 -1 93 -1 -2
142 -1 7 -1 3135 -1 87 -1 226 -1 7 -1 2987 -1 7 -1 2169 -1 73 -1 161 -1 2419 -1 3159 -1 1942 -1 594 -1 2180 -1 3160 -1 2104 -1 87 -1 522 -1 -2
7 -1 4 -1 241 -1 40 -1 2761 -1 -2
109 -1 1264 -1 593 -1 171 -1 519 -1 91 -1 726 -1 142 -1 98 -1 406 -1 -2
7 -1 2390 -1 19 -1 423 -1 3161 -1 -2
18 -1 3063 -1 2141 -1 35 -1 214 -1 18 -1 92 -1 832 -1 3162 -1 89 -1 382 -1 2150 -1 73 -1 7 -1 1942 -1 -2
2277 -1 25 -1 379 -1 -2
53 -1 790 -1 861 -1 51 -1 2102 -1 40 -1 171 -1 519 -1 -2
229 -1 -2
723 -1 80 -1 40 -1 519 -1 25 -1 84 -1 3163 -1 73 -1 887 -1 2441 -1 327 -1 486 -1 22 -1 25 -1 1738 -1 -2
80 -1 19 -1 1426 -1 58 -1 1846 -1 95 -1 161 -1 2363 -1 3164 -1 124 -1 7 -1 2900 -1 490 -1 73 -1 25 -1 271 -1 -2
63 -1 7 -1 2370 -1 1199 -1 3165 -1 35 -1 861 -1 35 -1 7 -1 3166 -1 755 -1 3167 -1 25 -1 3168 -1 431 -1 87 -1 1879 -1 628 -1 -2
91 -1 327 -1 3169 -1 7 -1 3170 -1 40 -1 51 -1 1846 -1 95 -1 519 -1 124 -1 7 -1 1571 -1 3114 -1 -2
936 -1 15 -1 7 -1 2390 -1 3171 -1 593 -1 1150 -1 1528 -1 519 -1 628 -1 2051 -1 214 -1 53 -1 4 -1 54 -1 419 -1 2249 -1 25 -1 36 -1 247 -1 158 -1 22 -1 25 -1 3172 -1 73 -1 1139 -1 513 -1 1140 -1 -2
171 -1 66 -1 178 -1 79 -1 2925 -1 2474 -1 -2
3072 -1 18 -1 79 -1 2925 -1 -2
2 -1 154 -1 18 -1 19 -1 79 -1 2925 -1 229 -1 19 -1 25 -1 3173 -1 310 -1 42 -1 503 -1 73 -1 7 -1 2987 -1 -2
7 -1 2390 -1 3174 -1 48 -1 7 -1 3175 -1 580 -1 3106 -1 66 -1 2271 -1 -2
18 -1 746 -1 25 -1 497 -1 1795 -1 79 -1 7 -1 239 -1 -2
18 -1 3176 -1 158 -1 3177 -1 562 -1 19 -1 3178 -1 1979 -1 -2
562 -1 19 -1 3178 -1 1979 -1 -2
2648 -1 80 -1 562 -1 19 -1 3178 -1 1979 -1 80 -1 19 -1 3179 -1 3180 -1 40 -1 1134 -1 158 -1 7 -1 3181 -1 379 -1 382 -1 36 -1 2762 -1 -2
25 -1 2730 -1 2494 -1 47 -1 220 -1 45 -1 2390 -1 87 -1 693 -1 856 -1 22 -1 1380 -1 60 -1 2 -1 11 -1 2390 -1 2989 -1 327 -1 25 -1 1344 -1 73 -1 2226 -1 607 -1 3182 -1 66 -1 22 -1 7 -1 1900 -1 1342 -1 18 -1 55 -1 3038 -1 18 -1 327 -1 1901 -1 769 -1 45 -1 3183 -1 1140 -1 22 -1 7 -1 90 -1 73 -1 3178 -1 2580 -1 -2
181 -1 15 -1 3038 -1 45 -1 377 -1 41 -1 24 -1 332 -1 3184 -1 2289 -1 73 -1 3185 -1 -2
423 -1 18 -1 19 -1 25 -1 1844 -1 3186 -1 641 -1 -2
195 -1 22 -1 40 -1 3178 -1 1595 -1 87 -1 1860 -1 95 -1 1633 -1 1276 -1 15 -1 7 -1 2390 -1 1910 -1 -2
2387 -1 18 -1 3187 -1 -2
332 -1 73 -1 7 -1 3188 -1 73 -1 7 -1 2771 -1 327 -1 145 -1 309 -1 40 -1 45 -1 3189 -1 -2
3038 -1 273 -1 95 -1 7 -1 246 -1 48 -1 382 -1 108 -1 3175 -1 -2
18 -1 273 -1 95 -1 80 -1 35 -1 214 -1 18 -1 3190 -1 80 -1 19 -1 40 -1 51 -1 45 -1 3191 -1 -2
235 -1 18 -1 2847 -1 87 -1 354 -1 335 -1 7 -1 1526 -1 73 -1 3178 -1 87 -1 1819 -1 3192 -1 48 -1 25 -1 3193 -1 73 -1 3194 -1 822 -1 -2
91 -1 1264 -1 857 -1 382 -1 2987 -1 3195 -1 7 -1 2390 -1 22 -1 25 -1 625 -1 87 -1 3196 -1 3172 -1 -2
18 -1 19 -1 1991 -1 3197 -1 40 -1 1851 -1 -2
7 -1 36 -1 37 -1 327 -1 696 -1 1818 -1 22 -1 7 -1 1332 -1 273 -1 123 -1 95 -1 136 -1 -2
3198 -1 4 -1 92 -1 2049 -1 124 -1 7 -1 3135 -1 -2
7 -1 2390 -1 3199 -1 22 -1 25 -1 1802 -1 212 -1 1981 -1 4 -1 2014 -1 715 -1 3200 -1 -2
622 -1 53 -1 662 -1 229 -1 38 -1 1277 -1 40 -1 60 -1 18 -1 3201 -1 -2
195 -1 87 -1 817 -1 3178 -1 3202 -1 87 -1 723 -1 519 -1 40 -1 1851 -1 37 -1 1150 -1 2328 -1 519 -1 -2
857 -1 3203 -1 551 -1 7 -1 36 -1 37 -1 327 -1 696 -1 1818 -1 22 -1 7 -1 1332 -1 273 -1 95 -1 136 -1 -2
73 -1 7 -1 212 -1 1981 -1 4 -1 37 -1 327 -1 696 -1 2014 -1 16 -1 15 -1 412 -1 565 -1 38 -1 441 -1 3204 -1 123 -1 411 -1 561 -1 2390 -1 18 -1 104 -1 3205 -1 -2
909 -1 7 -1 2390 -1 19 -1 3206 -1 45 -1 2213 -1 -2
45 -1 929 -1 2079 -1 22 -1 7 -1 1849 -1 73 -1 7 -1 36 -1 37 -1 327 -1 696 -1 1818 -1 22 -1 7 -1 1332 -1 87 -1 7 -1 1884 -1 3207 -1 145 -1 25 -1 3208 -1 752 -1 577 -1 79 -1 7 -1 239 -1 -2
109 -1 593 -1 1150 -1 1374 -1 382 -1 1254 -1 268 -1 7 -1 2390 -1 3209 -1 -2
37 -1 3210 -1 593 -1 1264 -1 2985 -1 3061 -1 44 -1 3211 -1 126 -1 124 -1 45 -1 1595 -1 87 -1 224 -1 22 -1 25 -1 3212 -1 -2
2390 -1 542 -1 25 -1 36 -1 35 -1 18 -1 218 -1 40 -1 25 -1 2786 -1 79 -1 7 -1 239 -1 158 -1 73 -1 2653 -1 2 -1 1264 -1 1107 -1 382 -1 -2
2 -1 1291 -1 2 -1 1264 -1 -2
2 -1 662 -1 593 -1 547 -1 1381 -1 126 -1 2989 -1 24 -1 7 -1 3213 -1 141 -1 73 -1 25 -1 419 -1 3214 -1 273 -1 95 -1 7 -1 36 -1 -2
53 -1 54 -1 1992 -1 3215 -1 53 -1 54 -1 1992 -1 18 -1 15 -1 452 -1 -2
7 -1 36 -1 3216 -1 40 -1 45 -1 99 -1 3217 -1 220 -1 7 -1 2390 -1 25 -1 484 -1 2900 -1 73 -1 3218 -1 3219 -1 87 -1 2375 -1 87 -1 3220 -1 40 -1 45 -1 2470 -1 -2
25 -1 379 -1 978 -1 18 -1 3221 -1 1126 -1 87 -1 3222 -1 45 -1 1526 -1 3223 -1 158 -1 73 -1 7 -1 1595 -1 45 -1 606 -1 49 -1 87 -1 7 -1 1389 -1 405 -1 -2
3224 -1 382 -1 2552 -1 19 -1 3225 -1 2387 -1 6 -1 2239 -1 212 -1 213 -1 6 -1 2169 -1 73 -1 7 -1 1942 -1 -2
7 -1 2390 -1 466 -1 45 -1 2213 -1 310 -1 7 -1 3226 -1 73 -1 7 -1 3227 -1 87 -1 1818 -1 24 -1 1402 -1 1183 -1 45 -1 3228 -1 19 -1 1312 -1 -2
1847 -1 136 -1 25 -1 36 -1 2063 -1 3229 -1 79 -1 7 -1 3230 -1 19 -1 1909 -1 3231 -1 58 -1 25 -1 355 -1 -2
2648 -1 80 -1 201 -1 123 -1 15 -1 2989 -1 234 -1 3232 -1 45 -1 82 -1 -2
135 -1 136 -1 19 -1 25 -1 3233 -1 73 -1 25 -1 3114 -1 2106 -1 3234 -1 73 -1 822 -1 3235 -1 3236 -1 95 -1 7 -1 90 -1 24 -1 84 -1 2097 -1 2441 -1 -2
18 -1 830 -1 1047 -1 -2
109 -1 266 -1 18 -1 3237 -1 561 -1 1457 -1 18 -1 55 -1 2854 -1 -2
7 -1 3238 -1 79 -1 7 -1 2800 -1 18 -1 19 -1 3239 -1 -2
25 -1 2868 -1 316 -1 79 -1 7 -1 1731 -1 25 -1 3240 -1 73 -1 7 -1 2663 -1 494 -1 497 -1 3241 -1 45 -1 497 -1 1600 -1 -2
7 -1 36 -1 37 -1 327 -1 696 -1 3229 -1 79 -1 7 -1 3230 -1 423 -1 41 -1 123 -1 45 -1 3242 -1 -2
3243 -1 2162 -1 3244 -1 40 -1 382 -1 1795 -1 -2
1264 -1 53 -1 201 -1 123 -1 -2
1264 -1 53 -1 201 -1 123 -1 -2
1264 -1 53 -1 201 -1 123 -1 -2
2771 -1 -2
658 -1 7 -1 431 -1 40 -1 60 -1 -2
2771 -1 25 -1 3245 -1 2181 -1 2989 -1 87 -1 18 -1 224 -1 220 -1 7 -1 36 -1 37 -1 327 -1 696 -1 1818 -1 22 -1 7 -1 1332 -1 -2
229 -1 19 -1 25 -1 3246 -1 379 -1 -2
235 -1 7 -1 2390 -1 2447 -1 628 -1 40 -1 25 -1 1960 -1 220 -1 7 -1 1849 -1 239 -1 -2
18 -1 47 -1 202 -1 24 -1 25 -1 401 -1 2385 -1 1183 -1 18 -1 182 -1 57 -1 95 -1 7 -1 1981 -1 37 -1 92 -1 2102 -1 40 -1 57 -1 95 -1 136 -1 -2
2128 -1 123 -1 7 -1 2233 -1 18 -1 15 -1 3247 -1 -2
45 -1 606 -1 3248 -1 87 -1 18 -1 218 -1 79 -1 45 -1 377 -1 -2
391 -1 161 -1 3149 -1 25 -1 1828 -1 3249 -1 73 -1 7 -1 1952 -1 1768 -1 127 -1 6 -1 45 -1 3250 -1 4 -1 2104 -1 48 -1 382 -1 3251 -1 3252 -1 -2
63 -1 1162 -1 149 -1 7 -1 3253 -1 18 -1 2073 -1 135 -1 7 -1 1485 -1 73 -1 1849 -1 87 -1 2580 -1 -2
18 -1 47 -1 24 -1 25 -1 3254 -1 40 -1 45 -1 2390 -1 -2
2333 -1 2 -1 547 -1 613 -1 3255 -1 519 -1 95 -1 2866 -1 16 -1 1198 -1 1309 -1 3256 -1 1748 -1 1638 -1 3257 -1 3258 -1 73 -1 3259 -1 3260 -1 -2
217 -1 391 -1 7 -1 1502 -1 73 -1 2917 -1 3261 -1 412 -1 3262 -1 15 -1 593 -1 327 -1 615 -1 857 -1 7 -1 3263 -1 87 -1 195 -1 48 -1 7 -1 3260 -1 63 -1 412 -1 1855 -1 699 -1 2 -1 790 -1 13 -1 195 -1 -2
2 -1 790 -1 13 -1 791 -1 412 -1 3264 -1 -2
441 -1 66 -1 2 -1 613 -1 22 -1 7 -1 139 -1 38 -1 172 -1 87 -1 214 -1 7 -1 3265 -1 3266 -1 80 -1 91 -1 3267 -1 35 -1 10 -1 3266 -1 561 -1 2107 -1 412 -1 3262 -1 15 -1 643 -1 108 -1 2800 -1 -2
852 -1 3268 -1 19 -1 1955 -1 1761 -1 40 -1 951 -1 230 -1 87 -1 300 -1 19 -1 412 -1 3269 -1 66 -1 80 -1 589 -1 13 -1 1422 -1 40 -1 561 -1 40 -1 3270 -1 66 -1 214 -1 412 -1 1855 -1 3126 -1 89 -1 45 -1 3264 -1 80 -1 19 -1 13 -1 412 -1 3264 -1 87 -1 2 -1 19 -1 2186 -1 40 -1 1402 -1 1112 -1 89 -1 412 -1 1558 -1 -2
1926 -1 3271 -1 19 -1 3272 -1 40 -1 7 -1 2800 -1 580 -1 18 -1 327 -1 1026 -1 40 -1 561 -1 95 -1 7 -1 3260 -1 135 -1 7 -1 1502 -1 -2
18 -1 1669 -1 25 -1 3273 -1 40 -1 412 -1 1855 -1 87 -1 382 -1 3273 -1 354 -1 22 -1 7 -1 718 -1 73 -1 852 -1 3274 -1 87 -1 3275 -1 24 -1 25 -1 1911 -1 3276 -1 248 -1 -2
1926 -1 3271 -1 3277 -1 561 -1 285 -1 172 -1 87 -1 1234 -1 66 -1 3278 -1 3279 -1 38 -1 25 -1 3280 -1 36 -1 87 -1 7 -1 1849 -1 73 -1 45 -1 1757 -1 3263 -1 790 -1 51 -1 220 -1 45 -1 82 -1 35 -1 2085 -1 412 -1 1855 -1 15 -1 1290 -1 -2
391 -1 7 -1 3273 -1 327 -1 2391 -1 18 -1 2823 -1 93 -1 89 -1 3281 -1 22 -1 45 -1 3282 -1 6 -1 7 -1 2320 -1 87 -1 382 -1 3283 -1 19 -1 607 -1 3239 -1 40 -1 45 -1 3284 -1 66 -1 1901 -1 412 -1 3262 -1 274 -1 79 -1 3285 -1 35 -1 371 -1 198 -1 226 -1 370 -1 2319 -1 -2
391 -1 382 -1 576 -1 90 -1 412 -1 1855 -1 15 -1 1010 -1 3262 -1 2073 -1 87 -1 273 -1 95 -1 136 -1 -2
1855 -1 104 -1 460 -1 87 -1 35 -1 214 -1 1692 -1 2800 -1 19 -1 3286 -1 124 -1 136 -1 24 -1 1454 -1 3287 -1 -2
1010 -1 53 -1 857 -1 7 -1 3288 -1 87 -1 195 -1 40 -1 7 -1 3260 -1 -2
2 -1 87 -1 3289 -1 87 -1 3290 -1 790 -1 195 -1 149 -1 7 -1 1741 -1 40 -1 3291 -1 217 -1 412 -1 3262 -1 247 -1 792 -1 441 -1 40 -1 41 -1 226 -1 3292 -1 300 -1 756 -1 35 -1 182 -1 51 -1 1516 -1 40 -1 7 -1 3260 -1 -2
87 -1 6 -1 3293 -1 593 -1 327 -1 1573 -1 519 -1 3022 -1 269 -1 3294 -1 87 -1 412 -1 1855 -1 1239 -1 87 -1 412 -1 84 -1 3295 -1 3290 -1 37 -1 19 -1 291 -1 3296 -1 3297 -1 340 -1 92 -1 628 -1 149 -1 7 -1 1970 -1 79 -1 25 -1 576 -1 3298 -1 40 -1 7 -1 3299 -1 3300 -1 -2
1855 -1 87 -1 2 -1 327 -1 852 -1 2242 -1 63 -1 593 -1 2256 -1 3301 -1 40 -1 2320 -1 519 -1 2488 -1 73 -1 7 -1 3302 -1 875 -1 73 -1 3303 -1 -2
593 -1 3082 -1 35 -1 10 -1 35 -1 593 -1 182 -1 79 -1 3304 -1 87 -1 3305 -1 -2
89 -1 7 -1 1631 -1 1732 -1 2535 -1 84 -1 3290 -1 2446 -1 103 -1 79 -1 7 -1 316 -1 73 -1 412 -1 1855 -1 87 -1 235 -1 79 -1 412 -1 316 -1 -2
18 -1 19 -1 25 -1 419 -1 84 -1 36 -1 87 -1 291 -1 55 -1 562 -1 18 -1 1771 -1 3306 -1 22 -1 7 -1 497 -1 73 -1 708 -1 1165 -1 546 -1 87 -1 1165 -1 3307 -1 -2
235 -1 412 -1 1855 -1 1771 -1 3308 -1 136 -1 22 -1 161 -1 340 -1 1027 -1 3309 -1 66 -1 19 -1 607 -1 3310 -1 22 -1 7 -1 3256 -1 1864 -1 66 -1 229 -1 19 -1 13 -1 1901 -1 161 -1 3311 -1 37 -1 589 -1 13 -1 11 -1 73 -1 80 -1 -2
63 -1 382 -1 3312 -1 18 -1 589 -1 234 -1 983 -1 3313 -1 3314 -1 73 -1 977 -1 89 -1 7 -1 712 -1 2 -1 649 -1 66 -1 18 -1 1771 -1 3315 -1 84 -1 3316 -1 3317 -1 3318 -1 -2
936 -1 22 -1 933 -1 2406 -1 73 -1 3319 -1 87 -1 1901 -1 3320 -1 2 -1 2037 -1 3321 -1 95 -1 7 -1 2297 -1 1797 -1 73 -1 7 -1 1276 -1 73 -1 412 -1 1828 -1 2406 -1 -2
412 -1 1855 -1 234 -1 45 -1 3309 -1 87 -1 643 -1 3322 -1 1165 -1 546 -1 1771 -1 235 -1 1610 -1 2203 -1 40 -1 3323 -1 40 -1 45 -1 2333 -1 22 -1 7 -1 3324 -1 63 -1 22 -1 2136 -1 248 -1 2488 -1 73 -1 7 -1 3303 -1 -2
80 -1 19 -1 3261 -1 63 -1 1901 -1 3261 -1 3325 -1 54 -1 546 -1 22 -1 7 -1 3326 -1 3327 -1 3328 -1 25 -1 3329 -1 580 -1 3330 -1 49 -1 40 -1 7 -1 410 -1 -2
63 -1 80 -1 38 -1 13 -1 412 -1 3331 -1 40 -1 723 -1 22 -1 382 -1 3332 -1 7 -1 3333 -1 1877 -1 73 -1 7 -1 3334 -1 1732 -1 73 -1 412 -1 3284 -1 -2
35 -1 25 -1 559 -1 73 -1 2798 -1 412 -1 3262 -1 87 -1 7 -1 3288 -1 92 -1 3335 -1 22 -1 3259 -1 3260 -1 3336 -1 580 -1 145 -1 35 -1 1290 -1 7 -1 3337 -1 79 -1 852 -1 3338 -1 580 -1 3339 -1 22 -1 3319 -1 -2
412 -1 3262 -1 87 -1 370 -1 836 -1 728 -1 92 -1 643 -1 2312 -1 3340 -1 22 -1 7 -1 3341 -1 3342 -1 3022 -1 7 -1 3294 -1 1293 -1 3343 -1 92 -1 304 -1 277 -1 1926 -1 3271 -1 87 -1 1926 -1 3344 -1 3345 -1 79 -1 7 -1 3346 -1 503 -1 87 -1 3311 -1 3345 -1 79 -1 7 -1 3347 -1 503 -1 89 -1 7 -1 3348 -1 73 -1 7 -1 3260 -1 24 -1 300 -1 606 -1 87 -1 1884 -1 3349 -1 35 -1 80 -1 3350 -1 7 -1 2531 -1 73 -1 7 -1 3351 -1 40 -1 51 -1 3352 -1 3353 -1 -2
63 -1 3311 -1 3345 -1 589 -1 13 -1 2020 -1 40 -1 719 -1 3354 -1 40 -1 3355 -1 3319 -1 89 -1 7 -1 2531 -1 73 -1 7 -1 3356 -1 3345 -1 87 -1 7 -1 3357 -1 84 -1 3358 -1 73 -1 7 -1 176 -1 2709 -1 -2
933 -1 4 -1 1894 -1 1501 -1 607 -1 10 -1 310 -1 7 -1 3303 -1 66 -1 3359 -1 7 -1 3303 -1 182 -1 817 -1 519 -1 95 -1 98 -1 2290 -1 229 -1 19 -1 836 -1 3360 -1 73 -1 1277 -1 63 -1 25 -1 3361 -1 -2
607 -1 1692 -1 176 -1 440 -1 135 -1 7 -1 3258 -1 87 -1 2 -1 3362 -1 66 -1 1926 -1 3344 -1 3345 -1 3363 -1 202 -1 25 -1 3364 -1 36 -1 89 -1 214 -1 593 -1 327 -1 440 -1 1896 -1 2419 -1 411 -1 45 -1 1260 -1 229 -1 38 -1 643 -1 3322 -1 63 -1 106 -1 593 -1 182 -1 613 -1 3365 -1 7 -1 1748 -1 -2
18 -1 327 -1 1516 -1 792 -1 158 -1 79 -1 2917 -1 3261 -1 2488 -1 852 -1 3366 -1 1684 -1 327 -1 924 -1 3367 -1 136 -1 -2
22 -1 7 -1 669 -1 18 -1 327 -1 15 -1 1165 -1 10 -1 2 -1 1150 -1 195 -1 35 -1 1879 -1 35 -1 983 -1 73 -1 53 -1 2 -1 19 -1 1894 -1 79 -1 3368 -1 503 -1 73 -1 7 -1 1412 -1 63 -1 1968 -1 40 -1 7 -1 3369 -1 3370 -1 73 -1 1511 -1 412 -1 3371 -1 95 -1 7 -1 2396 -1 73 -1 3372 -1 3373 -1 220 -1 3374 -1 7 -1 16 -1 503 -1 3375 -1 7 -1 108 -1 -2
7 -1 3260 -1 19 -1 440 -1 22 -1 2222 -1 73 -1 1926 -1 3271 -1 -2
18 -1 327 -1 3376 -1 135 -1 7 -1 3258 -1 66 -1 643 -1 3303 -1 547 -1 51 -1 3377 -1 40 -1 3378 -1 7 -1 3379 -1 87 -1 3380 -1 933 -1 2535 -1 3381 -1 73 -1 341 -1 1549 -1 2143 -1 87 -1 3382 -1 92 -1 689 -1 497 -1 211 -1 389 -1 149 -1 7 -1 3327 -1 1859 -1 98 -1 3383 -1 3384 -1 327 -1 696 -1 300 -1 66 -1 91 -1 92 -1 2102 -1 3374 -1 40 -1 817 -1 1979 -1 22 -1 7 -1 1502 -1 3375 -1 40 -1 857 -1 7 -1 576 -1 3385 -1 40 -1 7 -1 3299 -1 -2
73 -1 644 -1 382 -1 3386 -1 1633 -1 4 -1 37 -1 92 -1 24 -1 3387 -1 -2
89 -1 2841 -1 2406 -1 7 -1 3303 -1 2341 -1 40 -1 7 -1 3347 -1 1684 -1 3388 -1 158 -1 73 -1 7 -1 3260 -1 63 -1 861 -1 91 -1 241 -1 40 -1 3378 -1 22 -1 836 -1 875 -1 87 -1 198 -1 3389 -1 87 -1 20 -1 22 -1 1692 -1 1802 -1 40 -1 1134 -1 3390 -1 -2
852 -1 1276 -1 327 -1 263 -1 1128 -1 35 -1 10 -1 35 -1 91 -1 92 -1 2102 -1 87 -1 89 -1 25 -1 3391 -1 84 -1 19 -1 3392 -1 -2
412 -1 3262 -1 2130 -1 561 -1 66 -1 7 -1 103 -1 431 -1 73 -1 330 -1 40 -1 195 -1 19 -1 1926 -1 3393 -1 3394 -1 3395 -1 145 -1 73 -1 1110 -1 3259 -1 3396 -1 -2
80 -1 327 -1 25 -1 3397 -1 3398 -1 87 -1 19 -1 3399 -1 226 -1 7 -1 3398 -1 87 -1 226 -1 7 -1 3400 -1 -2
1926 -1 3271 -1 95 -1 7 -1 90 -1 19 -1 22 -1 412 -1 3401 -1 878 -1 -2
161 -1 3311 -1 2847 -1 87 -1 2281 -1 25 -1 3402 -1 483 -1 226 -1 7 -1 1254 -1 3403 -1 103 -1 73 -1 441 -1 7 -1 3404 -1 3395 -1 580 -1 1926 -1 3271 -1 19 -1 3405 -1 -2
18 -1 367 -1 7 -1 3395 -1 87 -1 241 -1 40 -1 3406 -1 879 -1 7 -1 1926 -1 1642 -1 126 -1 950 -1 87 -1 1559 -1 95 -1 7 -1 2726 -1 90 -1 -2
7 -1 341 -1 3407 -1 184 -1 95 -1 805 -1 66 -1 7 -1 1926 -1 1771 -1 51 -1 3408 -1 214 -1 18 -1 589 -1 13 -1 723 -1 123 -1 45 -1 3395 -1 87 -1 91 -1 3409 -1 136 -1 40 -1 60 -1 80 -1 -2
18 -1 102 -1 3410 -1 13 -1 40 -1 51 -1 3408 -1 87 -1 252 -1 158 -1 73 -1 45 -1 3395 -1 -2
879 -1 412 -1 3262 -1 3411 -1 7 -1 3400 -1 7 -1 1926 -1 3412 -1 218 -1 48 -1 7 -1 3413 -1 73 -1 25 -1 2399 -1 3414 -1 3415 -1 25 -1 444 -1 3416 -1 73 -1 3356 -1 3417 -1 87 -1 45 -1 797 -1 19 -1 1726 -1 3365 -1 89 -1 7 -1 3351 -1 -2
1926 -1 3271 -1 327 -1 2841 -1 3418 -1 3419 -1 24 -1 3311 -1 3345 -1 87 -1 7 -1 3347 -1 1061 -1 102 -1 3339 -1 22 -1 1659 -1 3420 -1 66 -1 18 -1 182 -1 60 -1 1290 -1 24 -1 7 -1 3303 -1 95 -1 441 -1 -2
91 -1 92 -1 1946 -1 3421 -1 87 -1 7 -1 3422 -1 1276 -1 22 -1 7 -1 3260 -1 1771 -1 613 -1 40 -1 857 -1 7 -1 3423 -1 -2
2 -1 60 -1 13 -1 2927 -1 66 -1 1926 -1 3271 -1 19 -1 399 -1 40 -1 3424 -1 45 -1 3395 -1 2 -1 2927 -1 66 -1 18 -1 19 -1 3425 -1 40 -1 25 -1 2271 -1 580 -1 19 -1 936 -1 924 -1 3426 -1 -2
2 -1 758 -1 40 -1 1777 -1 2107 -1 66 -1 7 -1 1926 -1 432 -1 25 -1 444 -1 3427 -1 445 -1 -2
22 -1 2550 -1 3428 -1 18 -1 3429 -1 40 -1 51 -1 3408 -1 87 -1 1979 -1 2364 -1 1293 -1 544 -1 7 -1 3430 -1 63 -1 3262 -1 3431 -1 149 -1 136 -1 -2
2 -1 64 -1 3432 -1 40 -1 382 -1 2407 -1 2396 -1 66 -1 412 -1 3262 -1 3433 -1 22 -1 3434 -1 24 -1 25 -1 1096 -1 -2
382 -1 1096 -1 252 -1 48 -1 7 -1 878 -1 87 -1 234 -1 3435 -1 3436 -1 3437 -1 40 -1 3438 -1 124 -1 412 -1 3262 -1 7 -1 3439 -1 371 -1 19 -1 3405 -1 -2
412 -1 3262 -1 435 -1 7 -1 1110 -1 3440 -1 371 -1 327 -1 1761 -1 40 -1 1926 -1 3271 -1 -2
371 -1 3441 -1 40 -1 1528 -1 7 -1 1096 -1 158 -1 73 -1 7 -1 878 -1 87 -1 1973 -1 7 -1 1096 -1 3442 -1 40 -1 332 -1 3443 -1 37 -1 92 -1 1207 -1 234 -1 7 -1 3443 -1 291 -1 369 -1 87 -1 412 -1 3262 -1 3388 -1 370 -1 3439 -1 -2
7 -1 3303 -1 428 -1 7 -1 3444 -1 1073 -1 73 -1 7 -1 1276 -1 87 -1 3445 -1 519 -1 3032 -1 2641 -1 7 -1 3446 -1 3447 -1 -2
235 -1 91 -1 3448 -1 933 -1 2357 -1 2900 -1 73 -1 3390 -1 87 -1 2641 -1 519 -1 335 -1 7 -1 1581 -1 73 -1 300 -1 73 -1 7 -1 3351 -1 1907 -1 35 -1 91 -1 327 -1 696 -1 2102 -1 40 -1 1134 -1 -2
22 -1 7 -1 340 -1 2406 -1 412 -1 3262 -1 327 -1 327 -1 25 -1 503 -1 1929 -1 73 -1 580 -1 371 -1 19 -1 1165 -1 193 -1 562 -1 371 -1 2446 -1 40 -1 351 -1 79 -1 80 -1 -2
371 -1 327 -1 2107 -1 25 -1 1296 -1 3449 -1 2752 -1 580 -1 1692 -1 3450 -1 327 -1 22 -1 1633 -1 2406 -1 87 -1 580 -1 2 -1 1150 -1 2567 -1 35 -1 16 -1 73 -1 7 -1 3451 -1 73 -1 412 -1 3452 -1 -2
16 -1 1766 -1 412 -1 3262 -1 327 -1 7 -1 2722 -1 73 -1 3453 -1 25 -1 1096 -1 2966 -1 628 -1 124 -1 7 -1 3260 -1 24 -1 382 -1 3454 -1 1929 -1 3455 -1 79 -1 25 -1 836 -1 3456 -1 87 -1 24 -1 7 -1 193 -1 1096 -1 1726 -1 3457 -1 3405 -1 7 -1 3449 -1 2752 -1 2107 -1 3455 -1 -2
412 -1 3458 -1 3459 -1 2130 -1 561 -1 2387 -1 66 -1 91 -1 369 -1 1901 -1 22 -1 98 -1 3460 -1 -2
25 -1 84 -1 978 -1 91 -1 327 -1 7 -1 2722 -1 73 -1 3453 -1 7 -1 1754 -1 124 -1 852 -1 2987 -1 87 -1 3461 -1 3462 -1 149 -1 7 -1 2776 -1 73 -1 7 -1 822 -1 -2
562 -1 7 -1 3303 -1 103 -1 241 -1 98 -1 3463 -1 161 -1 340 -1 3464 -1 -2
3465 -1 37 -1 624 -1 25 -1 878 -1 97 -1 412 -1 3401 -1 878 -1 3466 -1 519 -1 6 -1 3467 -1 441 -1 45 -1 615 -1 194 -1 -2
18 -1 327 -1 327 -1 25 -1 3468 -1 66 -1 7 -1 3469 -1 1771 -1 51 -1 3354 -1 40 -1 3470 -1 7 -1 194 -1 66 -1 91 -1 2084 -1 -2
87 -1 45 -1 615 -1 1745 -1 40 -1 51 -1 25 -1 223 -1 73 -1 3471 -1 1027 -1 124 -1 3427 -1 40 -1 549 -1 22 -1 580 -1 18 -1 327 -1 696 -1 3472 -1 -2
13 -1 576 -1 2387 -1 412 -1 3262 -1 87 -1 412 -1 3473 -1 184 -1 3048 -1 7 -1 246 -1 161 -1 3311 -1 1223 -1 22 -1 3471 -1 1027 -1 124 -1 3427 -1 40 -1 549 -1 -2
7 -1 291 -1 3474 -1 431 -1 580 -1 3475 -1 519 -1 19 -1 66 -1 7 -1 3311 -1 327 -1 3476 -1 40 -1 7 -1 3477 -1 25 -1 576 -1 3478 -1 73 -1 3479 -1 3480 -1 -2
3465 -1 19 -1 25 -1 419 -1 3471 -1 87 -1 214 -1 18 -1 327 -1 696 -1 3405 -1 7 -1 223 -1 229 -1 1771 -1 613 -1 696 -1 643 -1 3478 -1 73 -1 3480 -1 -2
91 -1 92 -1 22 -1 2798 -1 3481 -1 2956 -1 3482 -1 6 -1 7 -1 3303 -1 607 -1 3483 -1 66 -1 7 -1 3347 -1 1684 -1 1771 -1 13 -1 285 -1 48 -1 7 -1 3260 -1 95 -1 441 -1 -2
91 -1 3484 -1 22 -1 98 -1 1872 -1 3485 -1 40 -1 51 -1 3486 -1 73 -1 106 -1 19 -1 2023 -1 -2
80 -1 19 -1 226 -1 441 -1 91 -1 182 -1 60 -1 -2
7 -1 3303 -1 327 -1 291 -1 16 -1 3487 -1 73 -1 1781 -1 87 -1 80 -1 19 -1 1788 -1 40 -1 1289 -1 24 -1 519 -1 562 -1 91 -1 92 -1 3488 -1 24 -1 1645 -1 87 -1 3392 -1 3489 -1 -2
7 -1 860 -1 73 -1 3490 -1 224 -1 536 -1 220 -1 16 -1 3491 -1 1549 -1 3492 -1 80 -1 19 -1 40 -1 1064 -1 1128 -1 66 -1 7 -1 3260 -1 3350 -1 -2
16 -1 1766 -1 18 -1 3493 -1 252 -1 220 -1 25 -1 697 -1 73 -1 1199 -1 73 -1 3494 -1 87 -1 22 -1 25 -1 1017 -1 3281 -1 18 -1 19 -1 497 -1 -2
63 -1 80 -1 19 -1 1052 -1 66 -1 1759 -1 3387 -1 1102 -1 3495 -1 25 -1 1309 -1 1702 -1 48 -1 7 -1 1748 -1 40 -1 1911 -1 80 -1 73 -1 7 -1 3496 -1 87 -1 3497 -1 519 -1 -2
861 -1 229 -1 92 -1 643 -1 3498 -1 22 -1 7 -1 1864 -1 231 -1 836 -1 3302 -1 1972 -1 73 -1 3303 -1 37 -1 3499 -1 2319 -1 22 -1 7 -1 2106 -1 87 -1 2724 -1 3500 -1 3501 -1 66 -1 3502 -1 3503 -1 327 -1 189 -1 -2
7 -1 103 -1 444 -1 3504 -1 40 -1 285 -1 48 -1 7 -1 1748 -1 19 -1 1817 -1 3505 -1 73 -1 859 -1 3506 -1 1743 -1 73 -1 3507 -1 87 -1 95 -1 269 -1 82 -1 2446 -1 1926 -1 3344 -1 3345 -1 -2
412 -1 1855 -1 1239 -1 87 -1 84 -1 3290 -1 3220 -1 24 -1 382 -1 3504 -1 40 -1 41 -1 40 -1 2319 -1 217 -1 40 -1 3508 -1 158 -1 73 -1 1290 -1 25 -1 3509 -1 204 -1 40 -1 66 -1 580 -1 327 -1 737 -1 22 -1 7 -1 1754 -1 -2
3510 -1 3279 -1 87 -1 7 -1 3303 -1 -2
412 -1 1855 -1 19 -1 607 -1 10 -1 1052 -1 73 -1 7 -1 3303 -1 66 -1 35 -1 2 -1 19 -1 1468 -1 45 -1 340 -1 1027 -1 3309 -1 19 -1 25 -1 1575 -1 142 -1 7 -1 3511 -1 1864 -1 -2
2 -1 11 -1 73 -1 643 -1 1289 -1 89 -1 382 -1 231 -1 66 -1 18 -1 19 -1 3512 -1 87 -1 3513 -1 3514 -1 45 -1 1757 -1 3515 -1 87 -1 182 -1 1388 -1 25 -1 3516 -1 1562 -1 1293 -1 7 -1 615 -1 3311 -1 -2
2 -1 790 -1 13 -1 3517 -1 220 -1 856 -1 1428 -1 80 -1 38 -1 89 -1 25 -1 36 -1 40 -1 51 -1 3512 -1 87 -1 40 -1 1340 -1 45 -1 1757 -1 3515 -1 63 -1 2 -1 3518 -1 11 -1 66 -1 80 -1 38 -1 1428 -1 40 -1 2603 -1 25 -1 3516 -1 35 -1 412 -1 1855 -1 903 -1 80 -1 3519 -1 1293 -1 25 -1 3245 -1 124 -1 25 -1 3520 -1 2931 -1 -2
18 -1 327 -1 1894 -1 3521 -1 3522 -1 24 -1 7 -1 3303 -1 87 -1 2 -1 3523 -1 180 -1 109 -1 91 -1 3524 -1 136 -1 607 -1 197 -1 1859 -1 80 -1 19 -1 66 -1 562 -1 161 -1 3311 -1 198 -1 3525 -1 3526 -1 412 -1 1855 -1 1771 -1 3527 -1 80 -1 24 -1 45 -1 929 -1 214 -1 80 -1 607 -1 1745 -1 66 -1 7 -1 3528 -1 19 -1 1321 -1 22 -1 852 -1 878 -1 -2
80 -1 38 -1 3272 -1 40 -1 1234 -1 66 -1 562 -1 7 -1 1781 -1 252 -1 25 -1 3369 -1 444 -1 939 -1 73 -1 3529 -1 3303 -1 3530 -1 124 -1 7 -1 3531 -1 40 -1 3532 -1 24 -1 3533 -1 87 -1 3534 -1 7 -1 3535 -1 73 -1 7 -1 1639 -1 -2
214 -1 1276 -1 327 -1 3536 -1 1052 -1 412 -1 1855 -1 18 -1 1771 -1 613 -1 327 -1 643 -1 3498 -1 -2
18 -1 19 -1 7 -1 615 -1 73 -1 4 -1 -2
18 -1 327 -1 25 -1 3537 -1 73 -1 2150 -1 89 -1 202 -1 87 -1 89 -1 7 -1 659 -1 139 -1 35 -1 10 -1 -2
214 -1 1276 -1 2285 -1 45 -1 419 -1 3371 -1 91 -1 291 -1 327 -1 40 -1 60 -1 2276 -1 35 -1 18 -1 589 -1 87 -1 40 -1 613 -1 45 -1 3538 -1 -2
2 -1 2567 -1 66 -1 805 -1 412 -1 3458 -1 3459 -1 145 -1 561 -1 25 -1 3539 -1 73 -1 3540 -1 3024 -1 87 -1 3541 -1 80 -1 19 -1 3363 -1 25 -1 513 -1 3542 -1 -2
63 -1 16 -1 1766 -1 412 -1 1855 -1 3543 -1 561 -1 22 -1 80 -1 87 -1 3106 -1 561 -1 40 -1 3544 -1 80 -1 89 -1 1955 -1 -2
269 -1 1398 -1 19 -1 3545 -1 18 -1 15 -1 87 -1 300 -1 25 -1 3546 -1 3547 -1 7 -1 1431 -1 73 -1 136 -1 37 -1 2084 -1 80 -1 -2
22 -1 7 -1 3548 -1 3549 -1 25 -1 2535 -1 3550 -1 215 -1 124 -1 7 -1 3299 -1 37 -1 327 -1 1786 -1 513 -1 3460 -1 22 -1 7 -1 3551 -1 -2
412 -1 1855 -1 3552 -1 136 -1 87 -1 3553 -1 136 -1 87 -1 562 -1 18 -1 3554 -1 3555 -1 308 -1 136 -1 7 -1 3540 -1 69 -1 3539 -1 87 -1 7 -1 2535 -1 36 -1 198 -1 628 -1 3556 -1 3557 -1 22 -1 25 -1 3546 -1 66 -1 1771 -1 3558 -1 45 -1 1431 -1 -2
2387 -1 22 -1 25 -1 3559 -1 1899 -1 2 -1 963 -1 412 -1 1855 -1 109 -1 18 -1 327 -1 607 -1 3121 -1 382 -1 3550 -1 87 -1 18 -1 3560 -1 66 -1 2 -1 547 -1 3561 -1 412 -1 3562 -1 904 -1 3563 -1 87 -1 229 -1 2010 -1 66 -1 412 -1 1757 -1 3564 -1 2159 -1 547 -1 51 -1 3565 -1 135 -1 2 -1 1534 -1 40 -1 3566 -1 7 -1 3567 -1 3568 -1 73 -1 412 -1 3569 -1 -2
18 -1 41 -1 561 -1 40 -1 3570 -1 7 -1 3571 -1 3572 -1 3573 -1 87 -1 2 -1 19 -1 1721 -1 3377 -1 40 -1 3574 -1 412 -1 1349 -1 73 -1 7 -1 3575 -1 3576 -1 1183 -1 1692 -1 3577 -1 19 -1 1792 -1 -2
7 -1 3303 -1 247 -1 412 -1 1855 -1 287 -1 3279 -1 87 -1 18 -1 19 -1 1052 -1 3447 -1 35 -1 25 -1 36 -1 1549 -1 3578 -1 19 -1 3579 -1 562 -1 7 -1 3580 -1 3581 -1 136 -1 -2
35 -1 2 -1 613 -1 15 -1 7 -1 974 -1 38 -1 2608 -1 40 -1 561 -1 -2
63 -1 3303 -1 37 -1 327 -1 696 -1 3582 -1 87 -1 3583 -1 6 -1 3584 -1 3585 -1 310 -1 3586 -1 3587 -1 182 -1 24 -1 25 -1 866 -1 73 -1 3588 -1 51 -1 3589 -1 73 -1 933 -1 3303 -1 3590 -1 308 -1 123 -1 25 -1 3591 -1 1001 -1 22 -1 2026 -1 40 -1 3313 -1 25 -1 3592 -1 2127 -1 40 -1 7 -1 1890 -1 73 -1 412 -1 2143 -1 3593 -1 -2
382 -1 1631 -1 3594 -1 2113 -1 73 -1 7 -1 3303 -1 19 -1 25 -1 513 -1 1218 -1 1548 -1 40 -1 441 -1 73 -1 792 -1 123 -1 40 -1 7 -1 90 -1 562 -1 1759 -1 3595 -1 87 -1 45 -1 3596 -1 1641 -1 3597 -1 142 -1 7 -1 1748 -1 87 -1 2428 -1 852 -1 3598 -1 2883 -1 -2
87 -1 2201 -1 513 -1 3599 -1 182 -1 2022 -1 22 -1 852 -1 1748 -1 1901 -1 391 -1 7 -1 2057 -1 87 -1 3048 -1 73 -1 1759 -1 3595 -1 -2
593 -1 92 -1 554 -1 2862 -1 22 -1 852 -1 3600 -1 -2
7 -1 3347 -1 1668 -1 73 -1 3601 -1 87 -1 3303 -1 981 -1 3595 -1 22 -1 16 -1 1502 -1 87 -1 3602 -1 1709 -1 3603 -1 87 -1 3604 -1 91 -1 2909 -1 22 -1 441 -1 3605 -1 -2
7 -1 3601 -1 89 -1 7 -1 1631 -1 1732 -1 198 -1 2408 -1 63 -1 7 -1 3303 -1 3412 -1 1105 -1 123 -1 48 -1 836 -1 875 -1 87 -1 1759 -1 3606 -1 1641 -1 327 -1 643 -1 2312 -1 3597 -1 1946 -1 7 -1 3256 -1 1748 -1 1293 -1 332 -1 73 -1 933 -1 836 -1 875 -1 92 -1 316 -1 48 -1 7 -1 1748 -1 3607 -1 3608 -1 3501 -1 87 -1 1846 -1 1276 -1 124 -1 7 -1 3609 -1 87 -1 3235 -1 66 -1 3610 -1 7 -1 2106 -1 -2
1759 -1 3595 -1 327 -1 440 -1 25 -1 3611 -1 95 -1 3612 -1 87 -1 95 -1 382 -1 90 -1 593 -1 3082 -1 22 -1 269 -1 1309 -1 1444 -1 -2
80 -1 19 -1 551 -1 609 -1 89 -1 7 -1 3303 -1 40 -1 2292 -1 87 -1 80 -1 182 -1 3613 -1 441 -1 37 -1 3614 -1 3615 -1 2249 -1 40 -1 3616 -1 411 -1 269 -1 1200 -1 63 -1 80 -1 182 -1 60 -1 84 -1 310 -1 7 -1 2588 -1 836 -1 875 -1 -2
412 -1 1855 -1 3617 -1 22 -1 7 -1 1958 -1 73 -1 7 -1 3611 -1 -2
45 -1 615 -1 3618 -1 494 -1 1946 -1 3259 -1 3260 -1 87 -1 18 -1 3619 -1 40 -1 51 -1 95 -1 45 -1 3570 -1 -2
18 -1 145 -1 2841 -1 3182 -1 3620 -1 40 -1 45 -1 3570 -1 66 -1 1083 -1 792 -1 40 -1 1634 -1 66 -1 45 -1 3570 -1 19 -1 7 -1 3621 -1 3622 -1 73 -1 1558 -1 -2
1352 -1 73 -1 792 -1 184 -1 983 -1 110 -1 73 -1 3623 -1 136 -1 -2
412 -1 3458 -1 3459 -1 241 -1 40 -1 3624 -1 63 -1 80 -1 643 -1 904 -1 3625 -1 1293 -1 214 -1 371 -1 327 -1 241 -1 40 -1 1044 -1 -2
412 -1 3262 -1 15 -1 1290 -1 -2
3626 -1 412 -1 3627 -1 3262 -1 15 -1 1290 -1 -2
412 -1 1855 -1 15 -1 18 -1 1771 -1 195 -1 3575 -1 332 -1 73 -1 7 -1 575 -1 1318 -1 3259 -1 3260 -1 -2
217 -1 382 -1 19 -1 24 -1 792 -1 332 -1 333 -1 73 -1 25 -1 666 -1 -2
80 -1 19 -1 58 -1 25 -1 3628 -1 211 -1 25 -1 348 -1 211 -1 25 -1 3629 -1 -2
18 -1 198 -1 73 -1 644 -1 -2
412 -1 1828 -1 3295 -1 3290 -1 198 -1 24 -1 136 -1 87 -1 18 -1 428 -1 7 -1 760 -1 3630 -1 73 -1 3631 -1 87 -1 25 -1 1600 -1 -2
91 -1 241 -1 40 -1 3575 -1 25 -1 3632 -1 580 -1 494 -1 22 -1 25 -1 3633 -1 73 -1 7 -1 3634 -1 1318 -1 3259 -1 3260 -1 -2
3290 -1 2446 -1 7 -1 1600 -1 3635 -1 325 -1 73 -1 7 -1 3631 -1 -2
95 -1 25 -1 2399 -1 3636 -1 7 -1 1600 -1 3637 -1 607 -1 66 -1 84 -1 3290 -1 19 -1 924 -1 3638 -1 131 -1 -2
412 -1 1855 -1 31 -1 40 -1 613 -1 3639 -1 25 -1 3391 -1 73 -1 3640 -1 95 -1 382 -1 90 -1 63 -1 80 -1 19 -1 73 -1 643 -1 1712 -1 -2
1735 -1 3303 -1 44 -1 486 -1 158 -1 73 -1 7 -1 3636 -1 -2
2614 -1 87 -1 22 -1 230 -1 91 -1 3641 -1 24 -1 3516 -1 2213 -1 87 -1 3534 -1 220 -1 412 -1 1855 -1 87 -1 412 -1 3295 -1 87 -1 22 -1 25 -1 379 -1 91 -1 92 -1 3642 -1 73 -1 7 -1 3643 -1 3490 -1 1549 -1 1165 -1 3644 -1 19 -1 25 -1 3645 -1 40 -1 7 -1 2205 -1 73 -1 1692 -1 3646 -1 -2
80 -1 3647 -1 2580 -1 211 -1 66 -1 3034 -1 1288 -1 3012 -1 3648 -1 3649 -1 580 -1 38 -1 3650 -1 1293 -1 2580 -1 -2
35 -1 89 -1 792 -1 18 -1 327 -1 2130 -1 412 -1 3262 -1 66 -1 214 -1 18 -1 87 -1 3290 -1 92 -1 13 -1 3220 -1 95 -1 3651 -1 371 -1 1865 -1 3652 -1 25 -1 3653 -1 -2
607 -1 95 -1 3651 -1 593 -1 308 -1 7 -1 2824 -1 40 -1 7 -1 3260 -1 87 -1 832 -1 593 -1 236 -1 7 -1 3654 -1 3655 -1 3656 -1 158 -1 335 -1 7 -1 2745 -1 58 -1 25 -1 2275 -1 40 -1 7 -1 2580 -1 73 -1 412 -1 1855 -1 25 -1 3657 -1 1463 -1 3658 -1 -2
95 -1 7 -1 774 -1 73 -1 382 -1 3655 -1 412 -1 3473 -1 441 -1 241 -1 3659 -1 40 -1 3624 -1 -2
80 -1 2063 -1 2326 -1 852 -1 3660 -1 -2
22 -1 7 -1 2764 -1 25 -1 3504 -1 19 -1 1669 -1 158 -1 580 -1 252 -1 220 -1 7 -1 973 -1 3575 -1 7 -1 3631 -1 652 -1 3104 -1 87 -1 7 -1 1600 -1 423 -1 1675 -1 87 -1 3661 -1 -2
7 -1 2200 -1 746 -1 7 -1 3385 -1 73 -1 1735 -1 3303 -1 -2
91 -1 127 -1 7 -1 3385 -1 332 -1 637 -1 149 -1 7 -1 3327 -1 63 -1 7 -1 3580 -1 24 -1 98 -1 3642 -1 327 -1 25 -1 576 -1 2874 -1 87 -1 2680 -1 19 -1 63 -1 3662 -1 -2
7 -1 3663 -1 73 -1 382 -1 1702 -1 19 -1 66 -1 593 -1 1921 -1 95 -1 2866 -1 66 -1 1855 -1 87 -1 3290 -1 327 -1 13 -1 696 -1 3664 -1 217 -1 -2
63 -1 22 -1 1633 -1 2406 -1 382 -1 19 -1 25 -1 1631 -1 3665 -1 3666 -1 -2
80 -1 19 -1 1562 -1 40 -1 758 -1 519 -1 10 -1 497 -1 -2
412 -1 1855 -1 87 -1 3290 -1 92 -1 1677 -1 149 -1 7 -1 1970 -1 95 -1 25 -1 2368 -1 2234 -1 6 -1 7 -1 1735 -1 3303 -1 -2
3290 -1 2130 -1 561 -1 2387 -1 66 -1 18 -1 182 -1 662 -1 1610 -1 66 -1 18 -1 19 -1 3667 -1 73 -1 356 -1 3668 -1 628 -1 6 -1 3669 -1 -2
7 -1 3580 -1 15 -1 643 -1 2800 -1 87 -1 98 -1 3670 -1 99 -1 145 -1 643 -1 774 -1 -2
91 -1 92 -1 58 -1 3671 -1 1199 -1 -2
63 -1 80 -1 19 -1 35 -1 18 -1 3581 -1 3672 -1 73 -1 2143 -1 2656 -1 377 -1 1692 -1 3673 -1 22 -1 80 -1 3674 -1 87 -1 3675 -1 66 -1 3290 -1 184 -1 1128 -1 22 -1 269 -1 1071 -1 -2
87 -1 3290 -1 19 -1 63 -1 3676 -1 3297 -1 340 -1 -2
80 -1 38 -1 25 -1 3677 -1 2396 -1 95 -1 580 -1 40 -1 51 -1 2724 -1 95 -1 7 -1 3678 -1 -2
22 -1 90 -1 7 -1 3504 -1 252 -1 220 -1 3 -1 904 -1 3303 -1 37 -1 327 -1 35 -1 25 -1 3679 -1 25 -1 36 -1 3680 -1 3681 -1 3682 -1 -2
18 -1 327 -1 440 -1 3612 -1 22 -1 2496 -1 73 -1 25 -1 3683 -1 1600 -1 -2
18 -1 19 -1 2944 -1 7 -1 889 -1 316 -1 40 -1 7 -1 3260 -1 562 -1 7 -1 3303 -1 3581 -1 136 -1 -2
18 -1 87 -1 412 -1 1855 -1 1921 -1 919 -1 108 -1 10 -1 87 -1 98 -1 3684 -1 19 -1 58 -1 519 -1 -2
106 -1 -2
3682 -1 -2
53 -1 172 -1 181 -1 12 -1 172 -1 35 -1 7 -1 3298 -1 19 -1 169 -1 7 -1 3685 -1 3311 -1 2803 -1 3686 -1 1600 -1 63 -1 7 -1 1600 -1 19 -1 1165 -1 3687 -1 87 -1 3688 -1 87 -1 7 -1 3689 -1 19 -1 291 -1 25 -1 2959 -1 16 -1 145 -1 124 -1 3690 -1 3691 -1 -2
229 -1 19 -1 643 -1 1929 -1 -2
87 -1 607 -1 102 -1 7 -1 3685 -1 3311 -1 252 -1 628 -1 24 -1 25 -1 2353 -1 3692 -1 24 -1 3693 -1 3694 -1 220 -1 45 -1 82 -1 -2
562 -1 18 -1 121 -1 220 -1 45 -1 99 -1 18 -1 19 -1 22 -1 300 -1 25 -1 2110 -1 66 -1 7 -1 212 -1 3642 -1 154 -1 40 -1 171 -1 136 -1 2779 -1 45 -1 3516 -1 48 -1 7 -1 3695 -1 73 -1 7 -1 3696 -1 1600 -1 87 -1 1161 -1 45 -1 472 -1 19 -1 1213 -1 89 -1 7 -1 3697 -1 63 -1 44 -1 18 -1 154 -1 1562 -1 73 -1 80 -1 -2
18 -1 327 -1 696 -1 3698 -1 6 -1 25 -1 3699 -1 1624 -1 73 -1 3311 -1 3700 -1 -2
7 -1 3504 -1 19 -1 3048 -1 25 -1 3701 -1 95 -1 7 -1 90 -1 607 -1 18 -1 3702 -1 7 -1 1600 -1 924 -1 123 -1 40 -1 269 -1 141 -1 87 -1 440 -1 80 -1 40 -1 7 -1 576 -1 2580 -1 -2
2 -1 327 -1 15 -1 66 -1 412 -1 1855 -1 19 -1 10 -1 1052 -1 73 -1 7 -1 3303 -1 87 -1 2201 -1 2 -1 613 -1 40 -1 3703 -1 66 -1 1352 -1 73 -1 45 -1 1566 -1 3704 -1 1921 -1 136 -1 -2
40 -1 519 -1 18 -1 19 -1 25 -1 2695 -1 3705 -1 89 -1 220 -1 3706 -1 7 -1 103 -1 708 -1 91 -1 440 -1 412 -1 1855 -1 3707 -1 -2
214 -1 91 -1 327 -1 327 -1 983 -1 3487 -1 66 -1 18 -1 19 -1 287 -1 3279 -1 91 -1 1771 -1 299 -1 613 -1 440 -1 136 -1 3707 -1 -2
18 -1 3708 -1 40 -1 3682 -1 66 -1 91 -1 771 -1 40 -1 438 -1 66 -1 708 -1 63 -1 3682 -1 31 -1 13 -1 40 -1 1402 -1 40 -1 771 -1 80 -1 2201 -1 -2
22 -1 90 -1 91 -1 981 -1 25 -1 3504 -1 73 -1 149 -1 3259 -1 3303 -1 3106 -1 6 -1 25 -1 3709 -1 -2
22 -1 66 -1 3710 -1 229 -1 92 -1 1790 -1 37 -1 1921 -1 412 -1 1855 -1 -2
91 -1 55 -1 158 -1 24 -1 2701 -1 562 -1 91 -1 372 -1 136 -1 -2
850 -1 91 -1 268 -1 287 -1 3279 -1 91 -1 3711 -1 226 -1 136 -1 1405 -1 945 -1 3712 -1 73 -1 7 -1 3713 -1 -2
978 -1 22 -1 7 -1 1766 -1 412 -1 1855 -1 3714 -1 1594 -1 25 -1 2506 -1 124 -1 45 -1 3309 -1 87 -1 161 -1 3311 -1 428 -1 80 -1 124 -1 136 -1 -2
412 -1 1855 -1 963 -1 40 -1 51 -1 3377 -1 40 -1 613 -1 80 -1 114 -1 89 -1 18 -1 19 -1 25 -1 1165 -1 3715 -1 36 -1 87 -1 22 -1 1633 -1 2406 -1 441 -1 419 -1 3716 -1 92 -1 3717 -1 40 -1 1286 -1 2408 -1 7 -1 3574 -1 2504 -1 -2
7 -1 3303 -1 369 -1 87 -1 965 -1 66 -1 25 -1 36 -1 37 -1 19 -1 40 -1 2951 -1 95 -1 3718 -1 2406 -1 3719 -1 13 -1 51 -1 2551 -1 226 -1 25 -1 2506 -1 -2
7 -1 212 -1 3720 -1 92 -1 936 -1 1669 -1 628 -1 22 -1 1402 -1 73 -1 3721 -1 3303 -1 879 -1 7 -1 3709 -1 428 -1 7 -1 2774 -1 73 -1 45 -1 4 -1 131 -1 7 -1 1748 -1 40 -1 2423 -1 3722 -1 7 -1 3351 -1 -2
7 -1 3721 -1 3303 -1 92 -1 936 -1 1165 -1 3715 -1 73 -1 412 -1 1855 -1 3723 -1 136 -1 3724 -1 25 -1 3725 -1 -2
98 -1 3726 -1 252 -1 123 -1 95 -1 7 -1 653 -1 1575 -1 -2
95 -1 7 -1 1872 -1 66 -1 708 -1 91 -1 3727 -1 7 -1 3720 -1 2395 -1 131 -1 87 -1 235 -1 3728 -1 3729 -1 335 -1 519 -1 -2
161 -1 3311 -1 494 -1 220 -1 689 -1 669 -1 73 -1 933 -1 3729 -1 -2
412 -1 1855 -1 3730 -1 2088 -1 40 -1 1473 -1 3682 -1 11 -1 66 -1 18 -1 19 -1 2237 -1 40 -1 298 -1 161 -1 2410 -1 40 -1 438 -1 -2
229 -1 19 -1 291 -1 16 -1 708 -1 277 -1 136 -1 87 -1 7 -1 3678 -1 87 -1 18 -1 19 -1 39 -1 40 -1 298 -1 106 -1 2328 -1 18 -1 182 -1 73 -1 80 -1 -2
3682 -1 3731 -1 40 -1 613 -1 696 -1 2568 -1 124 -1 7 -1 2874 -1 63 -1 7 -1 4 -1 73 -1 66 -1 90 -1 92 -1 13 -1 3732 -1 6 -1 623 -1 3733 -1 -2
22 -1 45 -1 3371 -1 7 -1 2235 -1 1771 -1 51 -1 25 -1 2600 -1 63 -1 382 -1 589 -1 13 -1 3734 -1 136 -1 124 -1 3735 -1 40 -1 2044 -1 24 -1 45 -1 305 -1 -2
412 -1 3295 -1 3290 -1 19 -1 13 -1 3363 -1 95 -1 441 -1 -2
643 -1 16 -1 963 -1 136 -1 214 -1 18 -1 3619 -1 40 -1 2044 -1 310 -1 7 -1 3303 -1 -2
18 -1 19 -1 291 -1 25 -1 641 -1 87 -1 3736 -1 40 -1 3737 -1 45 -1 3569 -1 -2
607 -1 35 -1 1352 -1 963 -1 45 -1 3538 -1 18 -1 3388 -1 519 -1 40 -1 202 -1 63 -1 2 -1 3738 -1 53 -1 18 -1 3002 -1 441 -1 1316 -1 40 -1 7 -1 3739 -1 3740 -1 3740 -1 580 -1 92 -1 1844 -1 2308 -1 3741 -1 95 -1 213 -1 87 -1 95 -1 108 -1 213 -1 2210 -1 3182 -1 1441 -1 1818 -1 158 -1 22 -1 25 -1 290 -1 -2
7 -1 3710 -1 73 -1 3721 -1 3303 -1 3742 -1 22 -1 3743 -1 35 -1 91 -1 2503 -1 98 -1 1757 -1 1864 -1 87 -1 79 -1 7 -1 401 -1 708 -1 124 -1 3744 -1 7 -1 3311 -1 1732 -1 73 -1 7 -1 1872 -1 31 -1 1409 -1 3745 -1 40 -1 857 -1 1218 -1 3746 -1 391 -1 7 -1 576 -1 87 -1 3747 -1 3338 -1 -2
7 -1 3720 -1 92 -1 943 -1 40 -1 7 -1 453 -1 6 -1 3729 -1 35 -1 79 -1 7 -1 3748 -1 708 -1 87 -1 235 -1 7 -1 3303 -1 1594 -1 98 -1 1164 -1 149 -1 98 -1 1491 -1 87 -1 1026 -1 48 -1 901 -1 1151 -1 -2
16 -1 340 -1 3749 -1 5 -1 6 -1 7 -1 2320 -1 35 -1 1804 -1 63 -1 18 -1 3731 -1 40 -1 613 -1 696 -1 25 -1 3750 -1 3751 -1 36 -1 89 -1 18 -1 19 -1 3752 -1 3753 -1 87 -1 214 -1 7 -1 3642 -1 182 -1 613 -1 121 -1 3754 -1 73 -1 7 -1 3729 -1 335 -1 98 -1 3755 -1 87 -1 307 -1 91 -1 1771 -1 613 -1 145 -1 98 -1 2295 -1 2312 -1 -2
7 -1 1872 -1 19 -1 79 -1 25 -1 1741 -1 503 -1 2492 -1 25 -1 1306 -1 73 -1 3086 -1 3756 -1 -2
7 -1 708 -1 19 -1 1165 -1 546 -1 87 -1 7 -1 3757 -1 73 -1 348 -1 2428 -1 131 -1 220 -1 7 -1 3758 -1 3759 -1 2320 -1 -2
25 -1 1017 -1 923 -1 3760 -1 142 -1 7 -1 3761 -1 3326 -1 3762 -1 -2
1218 -1 22 -1 332 -1 3763 -1 182 -1 51 -1 236 -1 7 -1 1464 -1 73 -1 25 -1 1741 -1 3764 -1 -2
95 -1 16 -1 3765 -1 22 -1 7 -1 2764 -1 212 -1 73 -1 7 -1 3303 -1 537 -1 87 -1 3766 -1 7 -1 3720 -1 3106 -1 519 -1 40 -1 3767 -1 7 -1 2320 -1 -2
7 -1 3720 -1 1122 -1 497 -1 3326 -1 3762 -1 7 -1 1224 -1 3749 -1 79 -1 2515 -1 543 -1 794 -1 126 -1 24 -1 45 -1 3534 -1 95 -1 7 -1 3768 -1 82 -1 580 -1 18 -1 327 -1 3769 -1 7 -1 108 -1 3303 -1 2943 -1 114 -1 40 -1 98 -1 1164 -1 2413 -1 919 -1 3770 -1 220 -1 7 -1 108 -1 89 -1 7 -1 3771 -1 73 -1 3772 -1 -2
80 -1 19 -1 25 -1 3773 -1 3774 -1 2524 -1 7 -1 3303 -1 92 -1 974 -1 3775 -1 2488 -1 91 -1 1921 -1 66 -1 7 -1 3720 -1 92 -1 551 -1 2788 -1 40 -1 771 -1 40 -1 1381 -1 126 -1 -2
7 -1 3749 -1 79 -1 2515 -1 3067 -1 2981 -1 40 -1 202 -1 35 -1 18 -1 794 -1 95 -1 7 -1 3768 -1 82 -1 -2
235 -1 18 -1 3776 -1 114 -1 1162 -1 7 -1 2034 -1 3777 -1 73 -1 25 -1 36 -1 37 -1 327 -1 696 -1 123 -1 551 -1 576 -1 -2
412 -1 1855 -1 3778 -1 2251 -1 40 -1 25 -1 3779 -1 87 -1 1642 -1 126 -1 124 -1 7 -1 3311 -1 235 -1 18 -1 3780 -1 80 -1 49 -1 142 -1 45 -1 1002 -1 -2
7 -1 3311 -1 1213 -1 202 -1 3781 -1 87 -1 235 -1 3782 -1 48 -1 66 -1 1872 -1 2320 -1 580 -1 7 -1 3642 -1 327 -1 145 -1 3783 -1 607 -1 3784 -1 87 -1 35 -1 18 -1 224 -1 18 -1 2912 -1 -2
2787 -1 45 -1 1097 -1 45 -1 1848 -1 18 -1 202 -1 241 -1 40 -1 3783 -1 87 -1 149 -1 136 -1 19 -1 412 -1 1855 -1 950 -1 2651 -1 40 -1 817 -1 7 -1 3779 -1 158 -1 114 -1 -2
412 -1 1855 -1 589 -1 13 -1 3424 -1 7 -1 3779 -1 -2
80 -1 327 -1 607 -1 2391 -1 142 -1 7 -1 340 -1 3749 -1 66 -1 80 -1 182 -1 13 -1 3785 -1 51 -1 2682 -1 87 -1 412 -1 1855 -1 440 -1 80 -1 -2
7 -1 556 -1 73 -1 7 -1 3786 -1 2787 -1 1477 -1 7 -1 108 -1 3443 -1 37 -1 35 -1 91 -1 2072 -1 22 -1 98 -1 1164 -1 746 -1 149 -1 519 -1 25 -1 2368 -1 3787 -1 3788 -1 24 -1 161 -1 3789 -1 3790 -1 7 -1 1631 -1 3791 -1 3792 -1 73 -1 3793 -1 -2
3682 -1 2647 -1 45 -1 3794 -1 22 -1 7 -1 82 -1 73 -1 7 -1 3795 -1 73 -1 7 -1 3303 -1 1901 -1 35 -1 7 -1 36 -1 308 -1 158 -1 45 -1 103 -1 513 -1 1175 -1 -2
7 -1 1342 -1 3697 -1 189 -1 161 -1 2386 -1 3443 -1 82 -1 63 -1 3581 -1 136 -1 22 -1 7 -1 3796 -1 73 -1 7 -1 2947 -1 87 -1 18 -1 2657 -1 40 -1 2463 -1 45 -1 377 -1 22 -1 7 -1 2296 -1 3797 -1 95 -1 7 -1 3798 -1 73 -1 7 -1 2320 -1 -2
3799 -1 412 -1 3295 -1 3290 -1 327 -1 696 -1 3800 -1 3801 -1 1312 -1 1739 -1 -2
22 -1 2798 -1 18 -1 2291 -1 212 -1 1312 -1 1739 -1 95 -1 7 -1 3303 -1 37 -1 92 -1 22 -1 7 -1 3802 -1 3803 -1 -2
18 -1 589 -1 13 -1 2493 -1 7 -1 3804 -1 3655 -1 63 -1 428 -1 80 -1 6 -1 7 -1 3805 -1 87 -1 3453 -1 25 -1 3749 -1 3136 -1 3806 -1 136 -1 18 -1 2480 -1 45 -1 3695 -1 24 -1 7 -1 3807 -1 3794 -1 -2
18 -1 2130 -1 561 -1 2088 -1 66 -1 45 -1 3801 -1 73 -1 7 -1 1312 -1 1739 -1 19 -1 1165 -1 3808 -1 2488 -1 80 -1 145 -1 7 -1 3303 -1 1456 -1 87 -1 3809 -1 -2
10 -1 382 -1 3810 -1 1336 -1 22 -1 7 -1 752 -1 3811 -1 73 -1 7 -1 2320 -1 79 -1 7 -1 3812 -1 1741 -1 503 -1 1183 -1 3 -1 3813 -1 3814 -1 390 -1 628 -1 142 -1 7 -1 822 -1 63 -1 1901 -1 235 -1 412 -1 1855 -1 3815 -1 25 -1 3516 -1 24 -1 441 -1 45 -1 2715 -1 -2
80 -1 2181 -1 16 -1 73 -1 7 -1 2417 -1 3303 -1 79 -1 7 -1 648 -1 -2
45 -1 1097 -1 218 -1 124 -1 136 -1 87 -1 18 -1 390 -1 79 -1 1863 -1 3816 -1 -2
7 -1 212 -1 3817 -1 273 -1 95 -1 919 -1 108 -1 3328 -1 2990 -1 -2
98 -1 2319 -1 19 -1 2024 -1 40 -1 519 -1 22 -1 7 -1 1980 -1 497 -1 87 -1 1039 -1 3303 -1 3818 -1 -2
91 -1 1484 -1 2514 -1 3793 -1 87 -1 3819 -1 87 -1 22 -1 1566 -1 2894 -1 124 -1 7 -1 90 -1 562 -1 412 -1 1855 -1 327 -1 3815 -1 7 -1 3779 -1 142 -1 7 -1 3311 -1 3820 -1 91 -1 327 -1 806 -1 40 -1 298 -1 98 -1 309 -1 316 -1 40 -1 7 -1 3300 -1 1132 -1 7 -1 1872 -1 2320 -1 40 -1 3783 -1 158 -1 269 -1 2034 -1 1854 -1 3821 -1 2492 -1 7 -1 497 -1 -2
3822 -1 1502 -1 73 -1 3259 -1 3260 -1 -2
7 -1 3823 -1 663 -1 95 -1 1345 -1 327 -1 3824 -1 852 -1 3256 -1 1864 -1 3 -1 2165 -1 73 -1 1768 -1 89 -1 269 -1 3615 -1 310 -1 7 -1 3303 -1 24 -1 7 -1 2016 -1 3825 -1 66 -1 593 -1 3826 -1 7 -1 4 -1 87 -1 472 -1 519 -1 1896 -1 -2
382 -1 19 -1 13 -1 551 -1 854 -1 25 -1 3827 -1 63 -1 643 -1 16 -1 182 -1 3828 -1 7 -1 2535 -1 3823 -1 87 -1 1161 -1 16 -1 182 -1 3829 -1 66 -1 91 -1 746 -1 2904 -1 40 -1 662 -1 73 -1 792 -1 95 -1 441 -1 3830 -1 95 -1 7 -1 90 -1 1692 -1 2176 -1 73 -1 519 -1 327 -1 45 -1 3831 -1 2514 -1 347 -1 22 -1 45 -1 148 -1 22 -1 1710 -1 89 -1 2295 -1 40 -1 3832 -1 -2
63 -1 852 -1 3 -1 2165 -1 73 -1 929 -1 92 -1 643 -1 2312 -1 3833 -1 3834 -1 87 -1 22 -1 1710 -1 40 -1 3835 -1 7 -1 3836 -1 562 -1 91 -1 92 -1 759 -1 628 -1 131 -1 40 -1 7 -1 3837 -1 40 -1 2999 -1 1759 -1 3387 -1 -2
607 -1 80 -1 1150 -1 51 -1 1573 -1 106 -1 1712 -1 3823 -1 589 -1 792 -1 22 -1 7 -1 309 -1 73 -1 3615 -1 -2
1726 -1 7 -1 3256 -1 1748 -1 3838 -1 1945 -1 1218 -1 22 -1 7 -1 3324 -1 943 -1 269 -1 3839 -1 2900 -1 73 -1 84 -1 3840 -1 3401 -1 3841 -1 87 -1 3263 -1 -2
40 -1 7 -1 242 -1 310 -1 382 -1 2271 -1 7 -1 3481 -1 3823 -1 182 -1 291 -1 1152 -1 6 -1 7 -1 3842 -1 73 -1 42 -1 3843 -1 2026 -1 3844 -1 66 -1 16 -1 2900 -1 1743 -1 73 -1 929 -1 51 -1 1213 -1 22 -1 7 -1 3845 -1 73 -1 3846 -1 89 -1 7 -1 3847 -1 73 -1 15 -1 3845 -1 87 -1 66 -1 7 -1 15 -1 1743 -1 1134 -1 98 -1 1757 -1 606 -1 2004 -1 87 -1 1164 -1 -2
1901 -1 1276 -1 24 -1 852 -1 1344 -1 73 -1 3848 -1 182 -1 13 -1 1044 -1 95 -1 382 -1 2174 -1 -2
562 -1 7 -1 103 -1 3 -1 2165 -1 92 -1 3849 -1 2 -1 327 -1 154 -1 40 -1 2999 -1 16 -1 63 -1 412 -1 1855 -1 3850 -1 561 -1 1468 -1 66 -1 2 -1 19 -1 551 -1 1828 -1 1973 -1 2 -1 19 -1 2900 -1 3372 -1 116 -1 87 -1 1165 -1 1309 -1 -2
607 -1 80 -1 47 -1 158 -1 66 -1 2 -1 19 -1 13 -1 628 -1 2744 -1 24 -1 3851 -1 1641 -1 562 -1 3345 -1 24 -1 45 -1 3852 -1 87 -1 3303 -1 3853 -1 3256 -1 -2
2413 -1 2 -1 19 -1 22 -1 7 -1 1562 -1 1254 -1 40 -1 60 -1 412 -1 2742 -1 214 -1 2 -1 182 -1 -2
562 -1 3854 -1 3303 -1 3855 -1 7 -1 3300 -1 98 -1 3528 -1 87 -1 3856 -1 92 -1 3857 -1 63 -1 7 -1 1017 -1 74 -1 4 -1 2823 -1 1249 -1 87 -1 2037 -1 2249 -1 3858 -1 3859 -1 40 -1 3860 -1 580 -1 2488 -1 73 -1 98 -1 3861 -1 87 -1 3381 -1 91 -1 3301 -1 13 -1 2410 -1 40 -1 3862 -1 -2
22 -1 412 -1 1757 -1 3284 -1 412 -1 2143 -1 3863 -1 19 -1 3724 -1 140 -1 40 -1 412 -1 3401 -1 3864 -1 87 -1 300 -1 19 -1 852 -1 3865 -1 22 -1 519 -1 66 -1 593 -1 3572 -1 3263 -1 2107 -1 31 -1 40 -1 51 -1 3866 -1 -2
3867 -1 391 -1 3867 -1 252 -1 40 -1 412 -1 1855 -1 22 -1 2375 -1 73 -1 7 -1 3422 -1 3868 -1 73 -1 7 -1 1748 -1 3420 -1 66 -1 91 -1 92 -1 226 -1 40 -1 791 -1 1128 -1 87 -1 3869 -1 149 -1 7 -1 3327 -1 40 -1 3291 -1 -2
412 -1 1855 -1 1894 -1 2285 -1 519 -1 3870 -1 87 -1 15 -1 643 -1 904 -1 -2
214 -1 91 -1 3871 -1 136 -1 40 -1 3872 -1 2107 -1 18 -1 3873 -1 274 -1 126 -1 124 -1 519 -1 -2
102 -1 229 -1 252 -1 25 -1 90 -1 562 -1 441 -1 7 -1 3303 -1 737 -1 -2
593 -1 2364 -1 1771 -1 613 -1 327 -1 519 -1 3874 -1 87 -1 1672 -1 22 -1 7 -1 3300 -1 593 -1 1921 -1 106 -1 98 -1 3875 -1 3876 -1 -2
80 -1 19 -1 7 -1 3055 -1 1575 -1 -2
551 -1 861 -1 7 -1 2824 -1 252 -1 66 -1 3311 -1 3345 -1 19 -1 79 -1 45 -1 309 -1 -2
7 -1 1748 -1 19 -1 3877 -1 1675 -1 -2
1276 -1 24 -1 98 -1 3878 -1 3879 -1 3880 -1 48 -1 7 -1 3881 -1 87 -1 3366 -1 1684 -1 2446 -1 3882 -1 40 -1 3883 -1 1692 -1 36 -1 -2
25 -1 836 -1 1668 -1 73 -1 3884 -1 73 -1 7 -1 3885 -1 2124 -1 852 -1 1276 -1 87 -1 7 -1 84 -1 1641 -1 19 -1 936 -1 411 -1 7 -1 2185 -1 73 -1 25 -1 3356 -1 2091 -1 2950 -1 3344 -1 3345 -1 -2
2 -1 327 -1 154 -1 66 -1 24 -1 441 -1 382 -1 3886 -1 73 -1 161 -1 3887 -1 1558 -1 87 -1 2580 -1 3888 -1 22 -1 7 -1 1748 -1 66 -1 412 -1 1855 -1 1771 -1 3889 -1 7 -1 2319 -1 73 -1 852 -1 3186 -1 40 -1 3890 -1 -2
63 -1 22 -1 382 -1 2 -1 19 -1 3891 -1 2862 -1 -2
7 -1 3892 -1 87 -1 7 -1 3893 -1 87 -1 7 -1 2319 -1 22 -1 7 -1 2106 -1 198 -1 79 -1 35 -1 214 -1 229 -1 299 -1 327 -1 696 -1 161 -1 3311 -1 813 -1 73 -1 7 -1 3531 -1 -2
412 -1 3262 -1 87 -1 412 -1 3473 -1 1336 -1 40 -1 3894 -1 40 -1 3895 -1 40 -1 3896 -1 40 -1 3897 -1 40 -1 1433 -1 40 -1 3767 -1 40 -1 298 -1 3898 -1 40 -1 298 -1 3899 -1 3900 -1 -2
1162 -1 135 -1 7 -1 1056 -1 73 -1 919 -1 1766 -1 412 -1 3901 -1 3295 -1 3290 -1 87 -1 1239 -1 3902 -1 158 -1 89 -1 332 -1 3903 -1 3281 -1 2319 -1 87 -1 3904 -1 40 -1 792 -1 214 -1 593 -1 3555 -1 7 -1 490 -1 73 -1 25 -1 2208 -1 3905 -1 124 -1 7 -1 3906 -1 580 -1 852 -1 1855 -1 327 -1 466 -1 131 -1 -2
80 -1 19 -1 25 -1 1558 -1 24 -1 580 -1 2 -1 19 -1 3907 -1 63 -1 80 -1 589 -1 2020 -1 40 -1 561 -1 66 -1 24 -1 7 -1 3303 -1 924 -1 220 -1 792 -1 18 -1 1865 -1 613 -1 3377 -1 561 -1 95 -1 2866 -1 40 -1 195 -1 40 -1 7 -1 3260 -1 87 -1 171 -1 852 -1 4 -1 3908 -1 -2
63 -1 16 -1 2764 -1 593 -1 1477 -1 35 -1 2085 -1 95 -1 45 -1 2434 -1 95 -1 7 -1 929 -1 73 -1 7 -1 1082 -1 87 -1 3909 -1 904 -1 2251 -1 1293 -1 3290 -1 2 -1 492 -1 131 -1 124 -1 7 -1 3910 -1 40 -1 1134 -1 412 -1 1855 -1 1114 -1 6 -1 25 -1 3911 -1 2320 -1 3912 -1 6 -1 269 -1 1071 -1 22 -1 45 -1 3562 -1 -2
3913 -1 15 -1 18 -1 -2
181 -1 1855 -1 195 -1 87 -1 2771 -1 234 -1 25 -1 2800 -1 904 -1 2 -1 145 -1 3914 -1 3915 -1 -2
80 -1 19 -1 7 -1 103 -1 90 -1 22 -1 412 -1 1558 -1 66 -1 2 -1 327 -1 25 -1 974 -1 66 -1 412 -1 1855 -1 1771 -1 3916 -1 45 -1 1340 -1 -2
607 -1 1309 -1 19 -1 382 -1 712 -1 66 -1 2 -1 589 -1 13 -1 1901 -1 3917 -1 25 -1 3918 -1 40 -1 412 -1 3262 -1 87 -1 3473 -1 -2
95 -1 7 -1 669 -1 73 -1 7 -1 3919 -1 2 -1 273 -1 316 -1 -2
7 -1 246 -1 73 -1 7 -1 2987 -1 19 -1 3032 -1 87 -1 22 -1 7 -1 3911 -1 1071 -1 73 -1 7 -1 2320 -1 2 -1 184 -1 412 -1 1855 -1 1114 -1 35 -1 2 -1 327 -1 440 -1 136 -1 -2
95 -1 3259 -1 3260 -1 2 -1 746 -1 277 -1 212 -1 87 -1 1735 -1 1198 -1 411 -1 606 -1 879 -1 7 -1 3379 -1 1704 -1 19 -1 3920 -1 24 -1 340 -1 4 -1 87 -1 341 -1 87 -1 3263 -1 -2
1790 -1 73 -1 412 -1 3921 -1 3922 -1 561 -1 1161 -1 2 -1 31 -1 40 -1 11 -1 1920 -1 231 -1 25 -1 939 -1 73 -1 7 -1 3356 -1 1684 -1 -2
1926 -1 3344 -1 3345 -1 19 -1 22 -1 2686 -1 2185 -1 879 -1 832 -1 411 -1 136 -1 19 -1 1926 -1 3271 -1 25 -1 36 -1 73 -1 7 -1 1748 -1 87 -1 1409 -1 3923 -1 -2
1926 -1 3271 -1 963 -1 2824 -1 73 -1 412 -1 1855 -1 1549 -1 429 -1 18 -1 10 -1 1921 -1 -2
18 -1 15 -1 40 -1 3924 -1 2333 -1 3925 -1 3926 -1 3271 -1 2 -1 592 -1 180 -1 66 -1 3927 -1 340 -1 288 -1 412 -1 3272 -1 3371 -1 73 -1 136 -1 -2
18 -1 790 -1 817 -1 202 -1 87 -1 441 -1 45 -1 3284 -1 3928 -1 87 -1 3929 -1 2 -1 2124 -1 859 -1 3930 -1 1743 -1 89 -1 7 -1 1289 -1 66 -1 25 -1 939 -1 73 -1 412 -1 281 -1 92 -1 22 -1 80 -1 -2
1692 -1 2764 -1 593 -1 92 -1 3931 -1 87 -1 3833 -1 22 -1 7 -1 3032 -1 453 -1 135 -1 7 -1 3260 -1 87 -1 2 -1 3932 -1 40 -1 2864 -1 606 -1 87 -1 40 -1 3093 -1 412 -1 3933 -1 715 -1 1973 -1 40 -1 382 -1 1766 -1 2 -1 613 -1 299 -1 696 -1 2102 -1 40 -1 171 -1 983 -1 1624 -1 40 -1 933 -1 3934 -1 87 -1 229 -1 19 -1 1165 -1 84 -1 73 -1 7 -1 3935 -1 73 -1 606 -1 211 -1 73 -1 7 -1 1836 -1 715 -1 73 -1 3933 -1 22 -1 7 -1 1502 -1 580 -1 127 -1 933 -1 3936 -1 -2
2 -1 3267 -1 1234 -1 3937 -1 66 -1 2 -1 1771 -1 936 -1 51 -1 1409 -1 904 -1 3938 -1 40 -1 859 -1 3939 -1 214 -1 18 -1 327 -1 2148 -1 792 -1 40 -1 1381 -1 58 -1 25 -1 894 -1 1600 -1 -2
229 -1 19 -1 3940 -1 3941 -1 277 -1 7 -1 1684 -1 73 -1 852 -1 3366 -1 87 -1 7 -1 3356 -1 1684 -1 -2
2 -1 1634 -1 7 -1 3356 -1 1684 -1 327 -1 3942 -1 1709 -1 35 -1 356 -1 22 -1 3943 -1 73 -1 25 -1 3944 -1 1809 -1 3945 -1 7 -1 4 -1 73 -1 7 -1 1748 -1 92 -1 924 -1 3946 -1 22 -1 98 -1 61 -1 40 -1 3947 -1 3311 -1 3345 -1 904 -1 1293 -1 2867 -1 309 -1 -2
91 -1 1921 -1 7 -1 1864 -1 91 -1 15 -1 87 -1 91 -1 1921 -1 7 -1 3303 -1 87 -1 91 -1 3948 -1 66 -1 7 -1 1618 -1 2793 -1 19 -1 40 -1 3298 -1 3098 -1 87 -1 2292 -1 7 -1 3347 -1 1668 -1 97 -1 7 -1 82 -1 73 -1 7 -1 1748 -1 -2
332 -1 73 -1 7 -1 904 -1 3949 -1 3950 -1 2364 -1 3483 -1 3951 -1 7 -1 3952 -1 63 -1 933 -1 3953 -1 73 -1 3851 -1 1641 -1 2823 -1 93 -1 87 -1 1817 -1 2492 -1 904 -1 211 -1 3080 -1 3954 -1 73 -1 1939 -1 -2
412 -1 1757 -1 3955 -1 1787 -1 92 -1 66 -1 1973 -1 852 -1 1276 -1 92 -1 854 -1 87 -1 2237 -1 91 -1 327 -1 1409 -1 1562 -1 3889 -1 7 -1 3356 -1 1684 -1 40 -1 3956 -1 7 -1 3957 -1 3515 -1 -2
95 -1 7 -1 669 -1 73 -1 3958 -1 593 -1 236 -1 7 -1 2824 -1 66 -1 1926 -1 3278 -1 3345 -1 24 -1 332 -1 1735 -1 1198 -1 3347 -1 87 -1 3959 -1 2709 -1 580 -1 18 -1 247 -1 7 -1 3852 -1 87 -1 24 -1 226 -1 1980 -1 1198 -1 3303 -1 327 -1 2847 -1 7 -1 1748 -1 95 -1 269 -1 82 -1 87 -1 1516 -1 3260 -1 3960 -1 391 -1 161 -1 3961 -1 73 -1 25 -1 3962 -1 3963 -1 -2
2 -1 182 -1 2864 -1 606 -1 1165 -1 10 -1 63 -1 2 -1 60 -1 13 -1 662 -1 66 -1 2 -1 182 -1 2201 -1 3093 -1 412 -1 3933 -1 715 -1 -2
63 -1 3311 -1 3345 -1 19 -1 2743 -1 220 -1 792 -1 87 -1 1901 -1 859 -1 3939 -1 3964 -1 124 -1 356 -1 3965 -1 95 -1 412 -1 3966 -1 3933 -1 -2
7 -1 1684 -1 943 -1 3967 -1 73 -1 1781 -1 63 -1 22 -1 2672 -1 2550 -1 3260 -1 87 -1 1872 -1 896 -1 24 -1 25 -1 3436 -1 22 -1 580 -1 1920 -1 2124 -1 24 -1 513 -1 1303 -1 87 -1 3968 -1 -2
2 -1 3267 -1 3969 -1 7 -1 3356 -1 1684 -1 37 -1 2130 -1 792 -1 106 -1 91 -1 154 -1 593 -1 547 -1 60 -1 87 -1 235 -1 3420 -1 66 -1 229 -1 19 -1 643 -1 904 -1 40 -1 51 -1 15 -1 2823 -1 22 -1 25 -1 230 -1 580 -1 2 -1 154 -1 19 -1 2364 -1 2436 -1 -2
7 -1 3663 -1 19 -1 66 -1 79 -1 7 -1 2917 -1 73 -1 3261 -1 852 -1 1668 -1 73 -1 226 -1 3970 -1 4 -1 3597 -1 126 -1 2492 -1 7 -1 1529 -1 73 -1 1308 -1 87 -1 7 -1 193 -1 1854 -1 73 -1 3971 -1 40 -1 3947 -1 3311 -1 3345 -1 87 -1 45 -1 3 -1 3972 -1 73 -1 3265 -1 -2
229 -1 2201 -1 3973 -1 24 -1 561 -1 25 -1 966 -1 3974 -1 73 -1 25 -1 2402 -1 199 -1 73 -1 457 -1 1318 -1 7 -1 3379 -1 73 -1 3259 -1 3260 -1 580 -1 3975 -1 852 -1 1411 -1 24 -1 66 -1 3976 -1 1548 -1 580 -1 291 -1 161 -1 3977 -1 2653 -1 73 -1 3978 -1 87 -1 3979 -1 1150 -1 192 -1 -2
2 -1 1239 -1 19 -1 299 -1 3980 -1 1992 -1 73 -1 7 -1 3303 -1 89 -1 40 -1 412 -1 1340 -1 7 -1 513 -1 87 -1 924 -1 7 -1 291 -1 1884 -1 3981 -1 73 -1 7 -1 3303 -1 19 -1 66 -1 91 -1 92 -1 93 -1 4 -1 22 -1 7 -1 3235 -1 -2
214 -1 91 -1 92 -1 981 -1 3982 -1 79 -1 3983 -1 1423 -1 3984 -1 91 -1 182 -1 1894 -1 51 -1 1784 -1 -2
63 -1 80 -1 19 -1 42 -1 559 -1 40 -1 25 -1 3260 -1 937 -1 24 -1 341 -1 87 -1 3263 -1 87 -1 3985 -1 40 -1 3586 -1 7 -1 2057 -1 73 -1 7 -1 3303 -1 3647 -1 3986 -1 3987 -1 87 -1 3361 -1 -2
7 -1 3347 -1 1669 -1 310 -1 792 -1 22 -1 1633 -1 2406 -1 332 -1 2006 -1 3988 -1 73 -1 7 -1 2272 -1 73 -1 7 -1 1783 -1 87 -1 1973 -1 3311 -1 3345 -1 37 -1 3873 -1 1083 -1 519 -1 2387 -1 3989 -1 66 -1 1128 -1 19 -1 3990 -1 24 -1 3991 -1 87 -1 1402 -1 89 -1 7 -1 3992 -1 593 -1 1894 -1 746 -1 66 -1 300 -1 73 -1 852 -1 497 -1 1549 -1 2202 -1 593 -1 1062 -1 2331 -1 1796 -1 1848 -1 79 -1 7 -1 2776 -1 73 -1 98 -1 1491 -1 87 -1 214 -1 3993 -1 1419 -1 1321 -1 40 -1 519 -1 593 -1 698 -1 1901 -1 2328 -1 7 -1 2800 -1 3994 -1 -2
1926 -1 3344 -1 3345 -1 2446 -1 361 -1 7 -1 1401 -1 562 -1 593 -1 2073 -1 805 -1 89 -1 467 -1 -2
2 -1 273 -1 95 -1 136 -1 3995 -1 3996 -1 40 -1 2010 -1 22 -1 45 -1 377 -1 332 -1 1575 -1 73 -1 45 -1 1787 -1 -2
63 -1 79 -1 7 -1 3997 -1 2942 -1 2 -1 182 -1 2010 -1 1290 -1 1973 -1 2 -1 119 -1 2399 -1 936 -1 66 -1 18 -1 206 -1 66 -1 7 -1 3998 -1 1121 -1 792 -1 92 -1 650 -1 40 -1 817 -1 792 -1 10 -1 3604 -1 -2
63 -1 229 -1 19 -1 643 -1 3999 -1 22 -1 7 -1 1260 -1 73 -1 852 -1 3298 -1 -2
593 -1 198 -1 49 -1 1183 -1 593 -1 182 -1 739 -1 142 -1 7 -1 3235 -1 7 -1 4000 -1 1774 -1 73 -1 852 -1 2071 -1 3504 -1 95 -1 2834 -1 3311 -1 4001 -1 -2
852 -1 1926 -1 3345 -1 235 -1 1669 -1 1126 -1 1735 -1 73 -1 45 -1 615 -1 1684 -1 37 -1 4002 -1 7 -1 453 -1 22 -1 7 -1 1952 -1 280 -1 58 -1 607 -1 1790 -1 1744 -1 4003 -1 7 -1 1254 -1 89 -1 25 -1 4004 -1 -2
235 -1 919 -1 73 -1 7 -1 1566 -1 2165 -1 92 -1 2130 -1 98 -1 1254 -1 22 -1 7 -1 50 -1 -2
593 -1 73 -1 859 -1 3930 -1 1743 -1 92 -1 79 -1 7 -1 3857 -1 43 -1 -2
235 -1 593 -1 1703 -1 22 -1 50 -1 87 -1 3597 -1 48 -1 1502 -1 24 -1 561 -1 4005 -1 24 -1 7 -1 347 -1 4006 -1 40 -1 1333 -1 3311 -1 3345 -1 87 -1 4007 -1 45 -1 2525 -1 48 -1 3259 -1 3260 -1 879 -1 95 -1 7 -1 2726 -1 90 -1 2 -1 19 -1 1409 -1 4008 -1 66 -1 16 -1 73 -1 3311 -1 3368 -1 3303 -1 1865 -1 2773 -1 24 -1 7 -1 4009 -1 2793 -1 -2
593 -1 331 -1 4010 -1 1121 -1 7 -1 3326 -1 822 -1 87 -1 2 -1 182 -1 13 -1 4011 -1 138 -1 4012 -1 40 -1 43 -1 87 -1 440 -1 40 -1 298 -1 2399 -1 66 -1 1920 -1 19 -1 73 -1 7 -1 2726 -1 1340 -1 226 -1 382 -1 2253 -1 -2
24 -1 852 -1 859 -1 3939 -1 19 -1 859 -1 4013 -1 73 -1 7 -1 3507 -1 -2
18 -1 19 -1 2107 -1 25 -1 1748 -1 36 -1 87 -1 80 -1 31 -1 66 -1 1692 -1 90 -1 2 -1 273 -1 1847 -1 561 -1 2 -1 981 -1 7 -1 1249 -1 483 -1 73 -1 382 -1 2091 -1 87 -1 2 -1 252 -1 40 -1 4014 -1 124 -1 138 -1 1847 -1 561 -1 -2
423 -1 2 -1 19 -1 1165 -1 1850 -1 40 -1 1860 -1 3303 -1 87 -1 214 -1 2 -1 327 -1 4015 -1 412 -1 2706 -1 22 -1 382 -1 1260 -1 2 -1 1771 -1 613 -1 1321 -1 1239 -1 25 -1 513 -1 4016 -1 89 -1 2 -1 182 -1 4017 -1 25 -1 4018 -1 40 -1 7 -1 82 -1 24 -1 25 -1 2213 -1 4019 -1 95 -1 3088 -1 2571 -1 -2
2 -1 4020 -1 66 -1 2 -1 19 -1 13 -1 95 -1 441 -1 1992 -1 73 -1 7 -1 1942 -1 63 -1 2 -1 1409 -1 4021 -1 66 -1 2399 -1 73 -1 412 -1 1209 -1 1771 -1 3916 -1 98 -1 2953 -1 226 -1 7 -1 4022 -1 73 -1 1502 -1 79 -1 7 -1 2917 -1 3261 -1 4023 -1 -2
63 -1 852 -1 1743 -1 19 -1 35 -1 4024 -1 87 -1 49 -1 35 -1 25 -1 4025 -1 -2
2 -1 60 -1 13 -1 11 -1 37 -1 103 -1 184 -1 4026 -1 2441 -1 22 -1 7 -1 735 -1 73 -1 7 -1 822 -1 22 -1 852 -1 280 -1 -2
7 -1 103 -1 2320 -1 593 -1 1810 -1 2088 -1 19 -1 124 -1 852 -1 1835 -1 684 -1 332 -1 263 -1 3303 -1 92 -1 2225 -1 87 -1 2049 -1 2049 -1 87 -1 2225 -1 -2
593 -1 589 -1 13 -1 1340 -1 7 -1 4027 -1 -2
593 -1 327 -1 236 -1 551 -1 1790 -1 4028 -1 3303 -1 22 -1 7 -1 3300 -1 135 -1 7 -1 1781 -1 -2
91 -1 1981 -1 7 -1 1831 -1 73 -1 7 -1 1743 -1 1900 -1 40 -1 3068 -1 87 -1 25 -1 379 -1 978 -1 91 -1 1979 -1 859 -1 4013 -1 -2
63 -1 593 -1 92 -1 4029 -1 4030 -1 87 -1 2049 -1 176 -1 2469 -1 48 -1 7 -1 4031 -1 4032 -1 73 -1 2441 -1 135 -1 792 -1 -2
7 -1 3303 -1 308 -1 98 -1 394 -1 35 -1 214 -1 7 -1 4033 -1 73 -1 4034 -1 327 -1 1761 -1 2939 -1 40 -1 98 -1 4035 -1 -2
91 -1 224 -1 316 -1 135 -1 792 -1 607 -1 1583 -1 87 -1 607 -1 3412 -1 66 -1 16 -1 327 -1 40 -1 2515 -1 45 -1 2239 -1 35 -1 7 -1 3303 -1 1685 -1 124 -1 4036 -1 40 -1 4036 -1 -2
2 -1 327 -1 25 -1 2126 -1 2104 -1 73 -1 4037 -1 66 -1 91 -1 92 -1 3604 -1 87 -1 382 -1 19 -1 4038 -1 562 -1 2 -1 3778 -1 149 -1 7 -1 1526 -1 73 -1 161 -1 3311 -1 1549 -1 2615 -1 327 -1 25 -1 143 -1 22 -1 80 -1 35 -1 3982 -1 22 -1 7 -1 718 -1 35 -1 214 -1 7 -1 4039 -1 327 -1 696 -1 4040 -1 4041 -1 -2
22 -1 2034 -1 593 -1 92 -1 1295 -1 1842 -1 10 -1 -2
861 -1 593 -1 241 -1 40 -1 171 -1 7 -1 4042 -1 2441 -1 73 -1 74 -1 4 -1 142 -1 7 -1 822 -1 87 -1 80 -1 38 -1 291 -1 3512 -1 40 -1 1234 -1 66 -1 91 -1 92 -1 2158 -1 40 -1 1860 -1 -2
2 -1 1239 -1 3581 -1 2316 -1 73 -1 25 -1 1110 -1 2091 -1 22 -1 25 -1 4043 -1 66 -1 31 -1 73 -1 579 -1 87 -1 4044 -1 -2
45 -1 4045 -1 19 -1 2928 -1 6 -1 25 -1 513 -1 4046 -1 4047 -1 86 -1 87 -1 643 -1 1918 -1 974 -1 7 -1 4048 -1 73 -1 4049 -1 2 -1 1819 -1 95 -1 7 -1 4047 -1 86 -1 -2
300 -1 19 -1 7 -1 4050 -1 73 -1 7 -1 453 -1 277 -1 792 -1 66 -1 18 -1 1184 -1 35 -1 214 -1 18 -1 327 -1 2579 -1 22 -1 7 -1 8 -1 -2
593 -1 441 -1 73 -1 792 -1 92 -1 4051 -1 1847 -1 7 -1 822 -1 87 -1 235 -1 2307 -1 325 -1 24 -1 4052 -1 259 -1 -2
63 -1 44 -1 124 -1 852 -1 1757 -1 440 -1 252 -1 894 -1 394 -1 124 -1 852 -1 4 -1 879 -1 95 -1 7 -1 2726 -1 90 -1 7 -1 4053 -1 73 -1 3303 -1 4054 -1 22 -1 66 -1 1260 -1 -2
852 -1 3136 -1 2671 -1 1704 -1 4055 -1 -2
7 -1 394 -1 2447 -1 468 -1 792 -1 -2
805 -1 2 -1 236 -1 25 -1 2800 -1 66 -1 635 -1 58 -1 4056 -1 235 -1 40 -1 51 -1 4057 -1 852 -1 50 -1 2371 -1 -2
2 -1 236 -1 859 -1 3939 -1 723 -1 161 -1 1229 -1 87 -1 4058 -1 916 -1 87 -1 2 -1 662 -1 18 -1 19 -1 1979 -1 135 -1 18 -1 2533 -1 80 -1 -2
22 -1 25 -1 2800 -1 852 -1 440 -1 4059 -1 327 -1 2391 -1 40 -1 2334 -1 -2
80 -1 19 -1 22 -1 2695 -1 4060 -1 -2
2 -1 11 -1 13 -1 7 -1 2672 -1 73 -1 7 -1 559 -1 63 -1 80 -1 3731 -1 66 -1 1926 -1 3271 -1 327 -1 1761 -1 161 -1 2026 -1 580 -1 19 -1 4061 -1 89 -1 7 -1 2026 -1 40 -1 2427 -1 -2
95 -1 983 -1 4062 -1 229 -1 1150 -1 51 -1 643 -1 3322 -1 73 -1 856 -1 4063 -1 7 -1 440 -1 4059 -1 390 -1 126 -1 -2
593 -1 390 -1 126 -1 551 -1 -2
7 -1 1743 -1 79 -1 852 -1 4064 -1 440 -1 19 -1 7 -1 1743 -1 73 -1 3507 -1 87 -1 2 -1 2567 -1 332 -1 4065 -1 87 -1 4066 -1 4 -1 4067 -1 95 -1 561 -1 4068 -1 -2
66 -1 1743 -1 3484 -1 87 -1 89 -1 7 -1 1631 -1 1732 -1 2762 -1 -2
2 -1 622 -1 11 -1 106 -1 91 -1 4069 -1 562 -1 593 -1 440 -1 7 -1 3260 -1 63 -1 124 -1 7 -1 1502 -1 3296 -1 4070 -1 87 -1 4071 -1 4 -1 4072 -1 -2
22 -1 412 -1 1574 -1 19 -1 4073 -1 -2
7 -1 1864 -1 19 -1 44 -1 2900 -1 73 -1 4074 -1 3303 -1 220 -1 792 -1 24 -1 7 -1 3516 -1 -2
1847 -1 561 -1 35 -1 2 -1 390 -1 2 -1 182 -1 739 -1 7 -1 4075 -1 73 -1 4 -1 4076 -1 40 -1 7 -1 1108 -1 -2
2 -1 662 -1 7 -1 103 -1 756 -1 66 -1 1631 -1 73 -1 792 -1 4077 -1 92 -1 852 -1 2242 -1 -2
4078 -1 220 -1 3055 -1 4079 -1 2 -1 182 -1 13 -1 2660 -1 684 -1 2 -1 308 -1 412 -1 2213 -1 40 -1 7 -1 1930 -1 -2
2 -1 390 -1 89 -1 7 -1 3634 -1 -2
2 -1 184 -1 332 -1 73 -1 852 -1 1757 -1 4 -1 1574 -1 325 -1 73 -1 561 -1 87 -1 2 -1 4080 -1 519 -1 -2
412 -1 1624 -1 73 -1 4081 -1 24 -1 7 -1 3634 -1 19 -1 7 -1 81 -1 73 -1 25 -1 347 -1 4082 -1 -2
63 -1 2 -1 589 -1 13 -1 4083 -1 40 -1 4084 -1 89 -1 7 -1 467 -1 24 -1 441 -1 412 -1 2117 -1 73 -1 4085 -1 -2
2 -1 2181 -1 158 -1 4086 -1 89 -1 7 -1 108 -1 481 -1 -2
2 -1 1609 -1 40 -1 51 -1 1818 -1 22 -1 7 -1 467 -1 -2
123 -1 3764 -1 87 -1 131 -1 3764 -1 2 -1 182 -1 739 -1 7 -1 4087 -1 73 -1 2242 -1 63 -1 1352 -1 73 -1 7 -1 1942 -1 31 -1 40 -1 51 -1 4088 -1 3313 -1 4089 -1 40 -1 561 -1 -2
2 -1 451 -1 607 -1 10 -1 66 -1 2 -1 19 -1 861 -1 2102 -1 40 -1 563 -1 412 -1 99 -1 79 -1 7 -1 4090 -1 132 -1 2345 -1 87 -1 4091 -1 -2
562 -1 2 -1 491 -1 25 -1 2399 -1 4092 -1 362 -1 2 -1 494 -1 131 -1 87 -1 495 -1 87 -1 4093 -1 412 -1 4094 -1 -2
2 -1 532 -1 7 -1 1485 -1 79 -1 7 -1 3634 -1 -2
3303 -1 486 -1 22 -1 1679 -1 79 -1 7 -1 311 -1 4082 -1 2049 -1 95 -1 1628 -1 1491 -1 73 -1 412 -1 1209 -1 37 -1 58 -1 561 -1 327 -1 2377 -1 7 -1 4095 -1 35 -1 98 -1 4096 -1 -2
2 -1 184 -1 904 -1 1293 -1 16 -1 860 -1 1388 -1 123 -1 87 -1 7 -1 82 -1 804 -1 4097 -1 87 -1 4098 -1 -2
2 -1 41 -1 158 -1 89 -1 2408 -1 -2
2 -1 41 -1 158 -1 89 -1 2408 -1 22 -1 66 -1 4099 -1 1797 -1 73 -1 4100 -1 580 -1 2 -1 327 -1 1894 -1 206 -1 468 -1 412 -1 1855 -1 87 -1 412 -1 3262 -1 -2
562 -1 2 -1 215 -1 2 -1 746 -1 2911 -1 22 -1 7 -1 4101 -1 3175 -1 63 -1 412 -1 1855 -1 1114 -1 22 -1 45 -1 513 -1 3282 -1 87 -1 3912 -1 45 -1 3562 -1 1901 -1 35 -1 2 -1 327 -1 440 -1 136 -1 -2
7 -1 659 -1 541 -1 73 -1 7 -1 2524 -1 252 -1 220 -1 561 -1 44 -1 -2
1855 -1 2 -1 1442 -1 158 -1 593 -1 613 -1 696 -1 3604 -1 3626 -1 15 -1 18 -1 2 -1 1609 -1 80 -1 4102 -1 4103 -1 -2
1 -1 2 -1 -2
4102 -1 95 -1 103 -1 4104 -1 73 -1 25 -1 4105 -1 24 -1 7 -1 1631 -1 376 -1 4106 -1 22 -1 7 -1 139 -1 87 -1 25 -1 1587 -1 24 -1 25 -1 568 -1 2149 -1 2550 -1 4107 -1 412 -1 3976 -1 4108 -1 234 -1 4109 -1 211 -1 3848 -1 73 -1 983 -1 866 -1 2015 -1 22 -1 98 -1 4106 -1 -2
80 -1 19 -1 22 -1 25 -1 513 -1 4110 -1 4111 -1 73 -1 25 -1 1254 -1 684 -1 229 -1 92 -1 1790 -1 1276 -1 37 -1 327 -1 285 -1 2408 -1 87 -1 2 -1 19 -1 4112 -1 2488 -1 91 -1 1921 -1 7 -1 4113 -1 73 -1 7 -1 2524 -1 3945 -1 2 -1 19 -1 2924 -1 7 -1 4114 -1 -2
382 -1 145 -1 519 -1 1652 -1 1165 -1 4115 -1 40 -1 7 -1 4116 -1 73 -1 16 -1 73 -1 1549 -1 4117 -1 40 -1 51 -1 52 -1 91 -1 92 -1 2419 -1 4118 -1 87 -1 2 -1 2567 -1 256 -1 513 -1 4119 -1 22 -1 4120 -1 519 -1 2190 -1 89 -1 80 -1 -2
2 -1 19 -1 22 -1 161 -1 4121 -1 73 -1 1340 -1 149 -1 412 -1 4122 -1 211 -1 412 -1 4123 -1 211 -1 4124 -1 80 -1 38 -1 10 -1 40 -1 4125 -1 461 -1 382 -1 2368 -1 4126 -1 4127 -1 63 -1 2 -1 2567 -1 66 -1 562 -1 2 -1 19 -1 25 -1 2393 -1 2 -1 19 -1 2130 -1 66 -1 229 -1 19 -1 25 -1 659 -1 4128 -1 66 -1 15 -1 4123 -1 2160 -1 73 -1 4122 -1 87 -1 412 -1 4129 -1 1340 -1 19 -1 937 -1 95 -1 7 -1 90 -1 24 -1 4130 -1 87 -1 318 -1 -2
22 -1 7 -1 2864 -1 807 -1 80 -1 19 -1 25 -1 431 -1 66 -1 2 -1 1857 -1 40 -1 4131 -1 7 -1 1631 -1 905 -1 4132 -1 73 -1 4133 -1 79 -1 412 -1 1732 -1 2488 -1 2 -1 327 -1 2899 -1 40 -1 195 -1 158 -1 40 -1 332 -1 4134 -1 1624 -1 87 -1 4135 -1 80 -1 87 -1 4136 -1 80 -1 87 -1 857 -1 1892 -1 89 -1 80 -1 87 -1 2 -1 1771 -1 2364 -1 613 -1 327 -1 412 -1 4137 -1 937 -1 24 -1 4138 -1 87 -1 4139 -1 87 -1 327 -1 643 -1 4122 -1 95 -1 441 -1 -2
1340 -1 53 -1 382 -1 19 -1 13 -1 95 -1 441 -1 25 -1 4140 -1 66 -1 2 -1 19 -1 4088 -1 40 -1 4102 -1 -2
2 -1 19 -1 4088 -1 4140 -1 40 -1 25 -1 760 -1 2875 -1 -2
25 -1 36 -1 4141 -1 4142 -1 297 -1 13 -1 58 -1 760 -1 4143 -1 1183 -1 91 -1 1635 -1 340 -1 3950 -1 -2
4144 -1 2 -1 613 -1 696 -1 2148 -1 66 -1 25 -1 36 -1 983 -1 36 -1 37 -1 188 -1 25 -1 679 -1 213 -1 904 -1 2323 -1 73 -1 927 -1 79 -1 25 -1 2399 -1 431 -1 1293 -1 2 -1 613 -1 790 -1 4145 -1 561 -1 2488 -1 73 -1 80 -1 87 -1 4146 -1 45 -1 4147 -1 220 -1 412 -1 4148 -1 82 -1 1183 -1 2 -1 119 -1 4149 -1 24 -1 45 -1 4150 -1 -2
80 -1 19 -1 22 -1 412 -1 4151 -1 40 -1 4152 -1 332 -1 4153 -1 73 -1 7 -1 866 -1 22 -1 382 -1 807 -1 63 -1 7 -1 4154 -1 1855 -1 73 -1 25 -1 4105 -1 87 -1 7 -1 4155 -1 1587 -1 624 -1 7 -1 718 -1 637 -1 4156 -1 87 -1 589 -1 13 -1 285 -1 131 -1 124 -1 98 -1 1970 -1 40 -1 4157 -1 561 -1 24 -1 4158 -1 -2
124 -1 382 -1 2798 -1 2 -1 4159 -1 25 -1 4160 -1 4161 -1 -2
2 -1 432 -1 834 -1 73 -1 7 -1 3487 -1 66 -1 214 -1 2 -1 327 -1 696 -1 4162 -1 6 -1 4163 -1 87 -1 4164 -1 124 -1 16 -1 669 -1 73 -1 7 -1 4165 -1 4166 -1 40 -1 7 -1 108 -1 669 -1 2 -1 547 -1 4167 -1 58 -1 80 -1 2488 -1 22 -1 4168 -1 91 -1 54 -1 140 -1 40 -1 561 -1 87 -1 4169 -1 91 -1 1150 -1 613 -1 25 -1 513 -1 2152 -1 73 -1 4170 -1 158 -1 73 -1 25 -1 559 -1 66 -1 1771 -1 2487 -1 1265 -1 561 -1 7 -1 4171 -1 73 -1 7 -1 4172 -1 4173 -1 -2
382 -1 4102 -1 1817 -1 73 -1 25 -1 4105 -1 87 -1 25 -1 1587 -1 354 -1 40 -1 561 -1 4174 -1 35 -1 25 -1 4175 -1 -2
2 -1 327 -1 2721 -1 7 -1 4176 -1 87 -1 746 -1 66 -1 2 -1 589 -1 13 -1 1634 -1 66 -1 7 -1 1899 -1 73 -1 7 -1 4 -1 4177 -1 4178 -1 124 -1 7 -1 4179 -1 66 -1 229 -1 19 -1 1664 -1 904 -1 4180 -1 40 -1 7 -1 1066 -1 4181 -1 73 -1 561 -1 1293 -1 229 -1 92 -1 4180 -1 40 -1 7 -1 1066 -1 4181 -1 73 -1 519 -1 -2
3375 -1 2201 -1 19 -1 80 -1 983 -1 1256 -1 73 -1 4182 -1 4183 -1 211 -1 108 -1 665 -1 3981 -1 -2
63 -1 80 -1 19 -1 25 -1 4099 -1 4184 -1 3981 -1 80 -1 19 -1 4185 -1 2024 -1 1288 -1 4185 -1 -2
87 -1 936 -1 19 -1 2 -1 1724 -1 73 -1 98 -1 3908 -1 87 -1 4186 -1 4187 -1 73 -1 80 -1 2488 -1 2 -1 184 -1 66 -1 80 -1 19 -1 419 -1 89 -1 561 -1 -2
4188 -1 80 -1 19 -1 419 -1 211 -1 4189 -1 89 -1 7 -1 4105 -1 87 -1 7 -1 1587 -1 2 -1 182 -1 13 -1 11 -1 63 -1 66 -1 1624 -1 4190 -1 53 -1 252 -1 3022 -1 7 -1 2656 -1 73 -1 412 -1 3088 -1 4191 -1 -2
2 -1 119 -1 52 -1 66 -1 80 -1 1771 -1 613 -1 696 -1 904 -1 185 -1 89 -1 561 -1 40 -1 613 -1 4192 -1 220 -1 4193 -1 -2
4194 -1 87 -1 2053 -1 643 -1 4195 -1 1183 -1 2 -1 19 -1 32 -1 6 -1 7 -1 4196 -1 4197 -1 87 -1 7 -1 4198 -1 73 -1 4199 -1 -2
63 -1 35 -1 25 -1 559 -1 73 -1 2798 -1 2 -1 589 -1 13 -1 171 -1 519 -1 89 -1 332 -1 2406 -1 87 -1 95 -1 382 -1 90 -1 91 -1 589 -1 13 -1 2430 -1 561 -1 95 -1 441 -1 -2
2 -1 19 -1 4200 -1 22 -1 4102 -1 95 -1 25 -1 4201 -1 3047 -1 87 -1 412 -1 760 -1 4202 -1 4203 -1 25 -1 4105 -1 87 -1 25 -1 1587 -1 -2
91 -1 2990 -1 2021 -1 561 -1 22 -1 760 -1 4204 -1 87 -1 2 -1 589 -1 13 -1 235 -1 1402 -1 40 -1 171 -1 7 -1 4196 -1 4197 -1 3375 -1 7 -1 4198 -1 73 -1 4199 -1 -2
2 -1 3363 -1 7 -1 4105 -1 87 -1 7 -1 1587 -1 40 -1 51 -1 904 -1 1278 -1 -2
1 -1 424 -1 -2
7 -1 1246 -1 102 -1 2447 -1 158 -1 73 -1 7 -1 4205 -1 4111 -1 48 -1 25 -1 511 -1 4206 -1 73 -1 958 -1 -2
382 -1 378 -1 40 -1 7 -1 843 -1 989 -1 73 -1 25 -1 4207 -1 66 -1 19 -1 58 -1 25 -1 1144 -1 22 -1 25 -1 4208 -1 4209 -1 -2
7 -1 4210 -1 4211 -1 172 -1 87 -1 229 -1 2036 -1 7 -1 84 -1 4212 -1 95 -1 7 -1 2013 -1 73 -1 7 -1 4213 -1 -2
91 -1 92 -1 13 -1 1165 -1 4214 -1 4215 -1 95 -1 615 -1 2487 -1 356 -1 84 -1 2656 -1 4216 -1 73 -1 4217 -1 66 -1 95 -1 98 -1 1631 -1 4218 -1 4219 -1 182 -1 291 -1 3314 -1 16 -1 2798 -1 4220 -1 382 -1 4221 -1 2798 -1 73 -1 1759 -1 1260 -1 -2
63 -1 95 -1 983 -1 4062 -1 2 -1 547 -1 613 -1 1427 -1 40 -1 613 -1 4222 -1 7 -1 4223 -1 73 -1 25 -1 4224 -1 214 -1 80 -1 327 -1 696 -1 247 -1 220 -1 40 -1 2410 -1 40 -1 4225 -1 142 -1 382 -1 4226 -1 -2
22 -1 80 -1 919 -1 36 -1 5 -1 22 -1 45 -1 1757 -1 84 -1 4227 -1 73 -1 4202 -1 607 -1 40 -1 599 -1 -2
80 -1 19 -1 13 -1 607 -1 836 -1 35 -1 25 -1 4228 -1 3375 -1 607 -1 444 -1 35 -1 25 -1 4229 -1 4230 -1 63 -1 7 -1 253 -1 92 -1 4231 -1 87 -1 106 -1 19 -1 3048 -1 1946 -1 7 -1 167 -1 73 -1 45 -1 4227 -1 643 -1 36 -1 1921 -1 -2
80 -1 19 -1 4232 -1 66 -1 7 -1 4233 -1 19 -1 1165 -1 3208 -1 63 -1 441 -1 7 -1 1282 -1 66 -1 1026 -1 142 -1 412 -1 4227 -1 92 -1 650 -1 95 -1 25 -1 132 -1 2109 -1 879 -1 7 -1 4234 -1 4235 -1 22 -1 548 -1 4236 -1 2487 -1 58 -1 4237 -1 -2
7 -1 4238 -1 73 -1 7 -1 4239 -1 1709 -1 589 -1 13 -1 298 -1 66 -1 894 -1 4240 -1 580 -1 2 -1 1921 -1 607 -1 10 -1 -2
760 -1 1220 -1 22 -1 2798 -1 4241 -1 1894 -1 58 -1 4242 -1 679 -1 4243 -1 -2
593 -1 613 -1 4244 -1 87 -1 1288 -1 2159 -1 73 -1 1405 -1 25 -1 1315 -1 22 -1 760 -1 1220 -1 66 -1 4245 -1 7 -1 3705 -1 40 -1 4246 -1 66 -1 919 -1 4247 -1 38 -1 2394 -1 6 -1 4248 -1 40 -1 4249 -1 202 -1 24 -1 25 -1 1120 -1 73 -1 4250 -1 87 -1 25 -1 4251 -1 -2
214 -1 1277 -1 6 -1 2239 -1 1150 -1 51 -1 47 -1 48 -1 25 -1 261 -1 80 -1 38 -1 1353 -1 47 -1 -2
593 -1 54 -1 3433 -1 22 -1 7 -1 4252 -1 73 -1 25 -1 4253 -1 3788 -1 24 -1 1165 -1 444 -1 4254 -1 87 -1 4255 -1 1316 -1 -2
80 -1 19 -1 13 -1 551 -1 1993 -1 95 -1 708 -1 63 -1 382 -1 4102 -1 331 -1 24 -1 7 -1 4256 -1 87 -1 4257 -1 73 -1 161 -1 4258 -1 -2
229 -1 19 -1 25 -1 230 -1 87 -1 2201 -1 229 -1 19 -1 643 -1 230 -1 -2
229 -1 19 -1 25 -1 2136 -1 4259 -1 2413 -1 25 -1 4260 -1 4261 -1 4262 -1 6 -1 4263 -1 4264 -1 87 -1 2201 -1 79 -1 1342 -1 4265 -1 80 -1 19 -1 40 -1 561 -1 230 -1 -2
2 -1 327 -1 4266 -1 412 -1 1316 -1 89 -1 7 -1 2007 -1 73 -1 4102 -1 7 -1 774 -1 145 -1 2063 -1 6 -1 7 -1 4117 -1 73 -1 1980 -1 4267 -1 1276 -1 22 -1 16 -1 1254 -1 -2
2 -1 327 -1 4268 -1 272 -1 1218 -1 3877 -1 1218 -1 25 -1 1307 -1 124 -1 25 -1 4269 -1 4270 -1 63 -1 746 -1 35 -1 1879 -1 35 -1 2 -1 19 -1 4271 -1 291 -1 25 -1 230 -1 -2
760 -1 1220 -1 22 -1 4168 -1 38 -1 25 -1 1568 -1 1241 -1 87 -1 441 -1 1766 -1 87 -1 441 -1 708 -1 80 -1 394 -1 269 -1 2090 -1 2725 -1 4272 -1 1175 -1 25 -1 261 -1 73 -1 4 -1 4273 -1 220 -1 4274 -1 25 -1 261 -1 73 -1 4 -1 4273 -1 220 -1 582 -1 25 -1 4275 -1 2767 -1 66 -1 4276 -1 7 -1 4277 -1 4278 -1 -2
643 -1 16 -1 73 -1 792 -1 31 -1 40 -1 4127 -1 382 -1 199 -1 35 -1 25 -1 2399 -1 3423 -1 73 -1 212 -1 211 -1 1735 -1 4267 -1 1276 -1 4101 -1 715 -1 87 -1 4279 -1 89 -1 4280 -1 24 -1 904 -1 4281 -1 2413 -1 63 -1 4282 -1 22 -1 7 -1 2085 -1 309 -1 -2
2088 -1 391 -1 382 -1 3112 -1 230 -1 73 -1 4102 -1 580 -1 22 -1 4168 -1 38 -1 25 -1 4283 -1 1241 -1 2 -1 241 -1 40 -1 719 -1 66 -1 229 -1 19 -1 25 -1 4284 -1 22 -1 382 -1 3487 -1 73 -1 4285 -1 -2
852 -1 261 -1 22 -1 760 -1 1220 -1 19 -1 13 -1 25 -1 3423 -1 73 -1 852 -1 4286 -1 95 -1 441 -1 -2
80 -1 19 -1 25 -1 3423 -1 73 -1 852 -1 4189 -1 4287 -1 -2
983 -1 2030 -1 73 -1 1961 -1 22 -1 4288 -1 66 -1 1771 -1 4289 -1 40 -1 4290 -1 269 -1 1737 -1 87 -1 235 -1 195 -1 79 -1 25 -1 4291 -1 149 -1 7 -1 575 -1 4292 -1 87 -1 4292 -1 1771 -1 723 -1 123 -1 7 -1 3487 -1 73 -1 59 -1 95 -1 805 -1 214 -1 80 -1 182 -1 739 -1 2559 -1 4293 -1 4017 -1 25 -1 4294 -1 4295 -1 361 -1 16 -1 73 -1 7 -1 503 -1 4296 -1 73 -1 4297 -1 760 -1 1220 -1 -2
1 -1 700 -1 -2
102 -1 25 -1 513 -1 431 -1 252 -1 40 -1 1944 -1 -2
7 -1 1246 -1 1600 -1 4298 -1 95 -1 25 -1 404 -1 2109 -1 746 -1 202 -1 44 -1 95 -1 7 -1 81 -1 73 -1 161 -1 4299 -1 684 -1 142 -1 7 -1 3628 -1 7 -1 4300 -1 4301 -1 58 -1 161 -1 4206 -1 73 -1 4302 -1 -2
80 -1 273 -1 40 -1 561 -1 35 -1 214 -1 229 -1 19 -1 650 -1 40 -1 51 -1 25 -1 2543 -1 -2
22 -1 161 -1 1576 -1 73 -1 300 -1 25 -1 866 -1 25 -1 4303 -1 4304 -1 1426 -1 25 -1 4305 -1 22 -1 580 -1 25 -1 36 -1 2675 -1 66 -1 18 -1 188 -1 4306 -1 4180 -1 89 -1 7 -1 4307 -1 73 -1 4308 -1 35 -1 25 -1 4309 -1 -2
2 -1 19 -1 1405 -1 25 -1 3747 -1 4310 -1 73 -1 7 -1 4311 -1 66 -1 2 -1 1771 -1 4312 -1 22 -1 412 -1 2295 -1 562 -1 7 -1 1600 -1 981 -1 45 -1 4313 -1 24 -1 25 -1 4314 -1 4315 -1 66 -1 2 -1 182 -1 13 -1 613 -1 4268 -1 -2
18 -1 4316 -1 964 -1 45 -1 1735 -1 99 -1 58 -1 25 -1 160 -1 73 -1 4317 -1 87 -1 235 -1 24 -1 25 -1 516 -1 4318 -1 73 -1 4319 -1 18 -1 2207 -1 2614 -1 87 -1 4320 -1 40 -1 7 -1 1489 -1 73 -1 7 -1 2047 -1 35 -1 214 -1 18 -1 327 -1 696 -1 25 -1 4321 -1 -2
562 -1 7 -1 4299 -1 3339 -1 18 -1 3581 -1 45 -1 4322 -1 114 -1 24 -1 513 -1 4323 -1 87 -1 198 -1 1834 -1 628 -1 142 -1 42 -1 4324 -1 -2
2 -1 95 -1 805 -1 273 -1 220 -1 1239 -1 35 -1 356 -1 3750 -1 1902 -1 6 -1 382 -1 2316 -1 -2
382 -1 1600 -1 327 -1 2899 -1 4325 -1 382 -1 4326 -1 73 -1 4327 -1 35 -1 25 -1 4328 -1 211 -1 904 -1 1664 -1 35 -1 25 -1 4329 -1 310 -1 7 -1 4090 -1 4300 -1 87 -1 18 -1 19 -1 73 -1 644 -1 7 -1 4330 -1 87 -1 4331 -1 4332 -1 3983 -1 66 -1 54 -1 13 -1 1894 -1 22 -1 4333 -1 -2
80 -1 4334 -1 19 -1 13 -1 40 -1 51 -1 3736 -1 66 -1 229 -1 182 -1 51 -1 3 -1 4335 -1 58 -1 136 -1 22 -1 7 -1 139 -1 -2
18 -1 4336 -1 40 -1 51 -1 1052 -1 87 -1 4337 -1 4338 -1 89 -1 382 -1 4339 -1 -2
80 -1 19 -1 4340 -1 73 -1 1790 -1 3060 -1 87 -1 4341 -1 -2
63 -1 562 -1 7 -1 1246 -1 215 -1 95 -1 25 -1 1254 -1 684 -1 332 -1 4342 -1 4296 -1 981 -1 87 -1 7 -1 2243 -1 280 -1 73 -1 25 -1 4343 -1 2886 -1 4344 -1 412 -1 4227 -1 4345 -1 229 -1 92 -1 1790 -1 1282 -1 87 -1 35 -1 7 -1 379 -1 73 -1 4285 -1 252 -1 7 -1 1907 -1 92 -1 441 -1 4335 -1 -2
91 -1 92 -1 4346 -1 22 -1 441 -1 3605 -1 -2
80 -1 1865 -1 613 -1 696 -1 25 -1 4347 -1 -2
25 -1 513 -1 4348 -1 19 -1 4349 -1 6 -1 25 -1 860 -1 411 -1 161 -1 4350 -1 79 -1 7 -1 503 -1 336 -1 87 -1 7 -1 4351 -1 1907 -1 2785 -1 40 -1 1925 -1 124 -1 98 -1 2109 -1 589 -1 13 -1 4352 -1 90 -1 22 -1 894 -1 87 -1 4353 -1 4354 -1 -2
91 -1 551 -1 964 -1 98 -1 307 -1 87 -1 2207 -1 2027 -1 40 -1 7 -1 669 -1 73 -1 98 -1 4355 -1 -2
80 -1 19 -1 13 -1 7 -1 4356 -1 63 -1 80 -1 19 -1 7 -1 2800 -1 580 -1 327 -1 95 -1 382 -1 90 -1 7 -1 1722 -1 40 -1 4357 -1 4358 -1 73 -1 4327 -1 1972 -1 79 -1 4359 -1 4360 -1 24 -1 4361 -1 4362 -1 149 -1 7 -1 4302 -1 87 -1 25 -1 513 -1 752 -1 4363 -1 79 -1 7 -1 481 -1 1121 -1 7 -1 4364 -1 -2
1 -1 1024 -1 -2
25 -1 2368 -1 431 -1 22 -1 4365 -1 38 -1 7 -1 2472 -1 73 -1 25 -1 1600 -1 22 -1 45 -1 1687 -1 -2
80 -1 38 -1 25 -1 4366 -1 -2
4367 -1 98 -1 4368 -1 22 -1 4327 -1 229 -1 19 -1 66 -1 226 -1 7 -1 4300 -1 79 -1 7 -1 4369 -1 4370 -1 580 -1 937 -1 561 -1 24 -1 4371 -1 73 -1 1907 -1 650 -1 2858 -1 -2
102 -1 80 -1 1745 -1 1162 -1 22 -1 280 -1 -2
229 -1 19 -1 25 -1 916 -1 87 -1 25 -1 4372 -1 22 -1 7 -1 711 -1 87 -1 786 -1 25 -1 2467 -1 1246 -1 1600 -1 252 -1 3022 -1 412 -1 4227 -1 -2
7 -1 1576 -1 163 -1 696 -1 25 -1 2695 -1 4373 -1 87 -1 4374 -1 600 -1 25 -1 248 -1 124 -1 7 -1 503 -1 336 -1 15 -1 57 -1 158 -1 936 -1 -2
51 -1 904 -1 3715 -1 1264 -1 53 -1 2 -1 2567 -1 25 -1 4375 -1 73 -1 25 -1 4376 -1 95 -1 3387 -1 37 -1 327 -1 385 -1 22 -1 301 -1 40 -1 4225 -1 382 -1 4376 -1 24 -1 25 -1 894 -1 4377 -1 73 -1 332 -1 866 -1 -2
7 -1 4376 -1 4378 -1 136 -1 24 -1 4368 -1 87 -1 45 -1 2110 -1 87 -1 2375 -1 2670 -1 4379 -1 22 -1 7 -1 568 -1 4380 -1 66 -1 18 -1 182 -1 13 -1 1901 -1 817 -1 97 -1 2249 -1 40 -1 7 -1 4376 -1 40 -1 180 -1 136 -1 40 -1 195 -1 40 -1 4034 -1 -2
382 -1 1587 -1 547 -1 613 -1 206 -1 7 -1 2726 -1 61 -1 40 -1 4381 -1 382 -1 36 -1 37 -1 104 -1 124 -1 7 -1 503 -1 336 -1 -2
18 -1 19 -1 1806 -1 4382 -1 18 -1 19 -1 4383 -1 73 -1 7 -1 1722 -1 73 -1 138 -1 158 -1 -2
229 -1 19 -1 1290 -1 936 -1 89 -1 580 -1 40 -1 57 -1 158 -1 -2
7 -1 36 -1 79 -1 7 -1 503 -1 336 -1 327 -1 1509 -1 25 -1 2552 -1 124 -1 25 -1 4384 -1 87 -1 15 -1 40 -1 80 -1 51 -1 904 -1 3715 -1 1264 -1 53 -1 211 -1 814 -1 4385 -1 412 -1 1587 -1 1594 -1 123 -1 87 -1 2629 -1 25 -1 1017 -1 647 -1 73 -1 3219 -1 40 -1 7 -1 108 -1 -2
212 -1 211 -1 1735 -1 2441 -1 2046 -1 48 -1 412 -1 4227 -1 87 -1 35 -1 91 -1 486 -1 104 -1 40 -1 7 -1 4386 -1 211 -1 7 -1 4387 -1 73 -1 7 -1 3653 -1 22 -1 4388 -1 3983 -1 73 -1 4389 -1 -2
919 -1 73 -1 933 -1 4390 -1 19 -1 4391 -1 22 -1 3983 -1 66 -1 2326 -1 7 -1 2271 -1 35 -1 3887 -1 -2
643 -1 2346 -1 36 -1 182 -1 613 -1 4392 -1 66 -1 7 -1 4393 -1 2596 -1 73 -1 7 -1 4394 -1 19 -1 3179 -1 2859 -1 -2
57 -1 158 -1 936 -1 4395 -1 53 -1 87 -1 229 -1 19 -1 1290 -1 22 -1 45 -1 1340 -1 580 -1 2503 -1 933 -1 4396 -1 97 -1 2249 -1 40 -1 180 -1 519 -1 40 -1 195 -1 40 -1 4034 -1 -2
2088 -1 80 -1 4397 -1 291 -1 161 -1 4398 -1 40 -1 11 -1 786 -1 66 -1 933 -1 4399 -1 92 -1 4400 -1 -2
80 -1 19 -1 2487 -1 7 -1 4401 -1 590 -1 580 -1 7 -1 3303 -1 327 -1 40 -1 4402 -1 135 -1 91 -1 198 -1 40 -1 1781 -1 -2
933 -1 4 -1 327 -1 285 -1 40 -1 868 -1 63 -1 35 -1 25 -1 176 -1 87 -1 4403 -1 3435 -1 91 -1 327 -1 103 -1 40 -1 3314 -1 40 -1 382 -1 1587 -1 98 -1 3487 -1 73 -1 45 -1 4404 -1 -2
7 -1 2635 -1 431 -1 22 -1 7 -1 1361 -1 19 -1 7 -1 230 -1 73 -1 7 -1 4387 -1 -2
18 -1 4405 -1 299 -1 25 -1 2800 -1 -2
382 -1 551 -1 40 -1 561 -1 31 -1 40 -1 51 -1 161 -1 4406 -1 40 -1 25 -1 2052 -1 228 -1 -2
18 -1 19 -1 7 -1 4407 -1 4160 -1 214 -1 229 -1 19 -1 25 -1 4160 -1 87 -1 229 -1 19 -1 4200 -1 73 -1 80 -1 25 -1 4307 -1 89 -1 519 -1 -2
91 -1 4408 -1 7 -1 1618 -1 4409 -1 87 -1 4410 -1 316 -1 7 -1 1246 -1 -2
91 -1 1180 -1 25 -1 4411 -1 124 -1 332 -1 4134 -1 1254 -1 73 -1 4412 -1 87 -1 586 -1 80 -1 1131 -1 411 -1 7 -1 2467 -1 431 -1 -2
124 -1 382 -1 2343 -1 4413 -1 4414 -1 91 -1 44 -1 87 -1 4415 -1 4416 -1 25 -1 1600 -1 -2
35 -1 919 -1 36 -1 47 -1 40 -1 195 -1 45 -1 309 -1 18 -1 848 -1 332 -1 140 -1 4257 -1 40 -1 7 -1 1587 -1 879 -1 7 -1 168 -1 4417 -1 45 -1 1687 -1 -2
1 -1 1227 -1 -2
229 -1 19 -1 40 -1 51 -1 4418 -1 22 -1 382 -1 3710 -1 73 -1 853 -1 25 -1 1828 -1 36 -1 22 -1 4370 -1 194 -1 87 -1 4419 -1 -2
936 -1 22 -1 4420 -1 25 -1 1828 -1 36 -1 22 -1 4370 -1 194 -1 87 -1 25 -1 4419 -1 3267 -1 51 -1 25 -1 2368 -1 4421 -1 -2
18 -1 38 -1 13 -1 1651 -1 40 -1 60 -1 2601 -1 63 -1 18 -1 38 -1 1651 -1 40 -1 60 -1 4422 -1 87 -1 2041 -1 40 -1 7 -1 1624 -1 684 -1 91 -1 1635 -1 3993 -1 1293 -1 2601 -1 -2
229 -1 54 -1 2399 -1 73 -1 7 -1 904 -1 4423 -1 4424 -1 73 -1 4425 -1 40 -1 580 -1 4420 -1 188 -1 13 -1 2201 -1 4426 -1 80 -1 38 -1 25 -1 559 -1 73 -1 643 -1 379 -1 214 -1 371 -1 3973 -1 4118 -1 -2
382 -1 559 -1 73 -1 4427 -1 38 -1 16 -1 73 -1 519 -1 -2
2 -1 2660 -1 25 -1 4428 -1 4429 -1 40 -1 561 -1 6 -1 161 -1 4430 -1 305 -1 4431 -1 73 -1 582 -1 1150 -1 4432 -1 -2
4433 -1 4434 -1 16 -1 73 -1 7 -1 615 -1 4435 -1 22 -1 3845 -1 198 -1 79 -1 25 -1 3338 -1 40 -1 4436 -1 87 -1 879 -1 229 -1 18 -1 4437 -1 25 -1 4419 -1 -2
18 -1 19 -1 1093 -1 52 -1 856 -1 582 -1 1150 -1 1771 -1 651 -1 382 -1 4438 -1 63 -1 18 -1 4439 -1 79 -1 7 -1 4440 -1 24 -1 580 -1 18 -1 182 -1 817 -1 25 -1 4441 -1 22 -1 2418 -1 -2
16 -1 4442 -1 4433 -1 3101 -1 45 -1 1739 -1 24 -1 45 -1 2085 -1 1402 -1 3728 -1 7 -1 4419 -1 79 -1 7 -1 316 -1 73 -1 45 -1 82 -1 87 -1 4443 -1 2177 -1 158 -1 48 -1 7 -1 4296 -1 73 -1 582 -1 1150 -1 -2
936 -1 879 -1 4433 -1 19 -1 22 -1 4436 -1 332 -1 4444 -1 4247 -1 327 -1 120 -1 66 -1 582 -1 1150 -1 4397 -1 25 -1 4445 -1 276 -1 -2
7 -1 4446 -1 198 -1 40 -1 2319 -1 7 -1 1900 -1 2764 -1 87 -1 161 -1 2026 -1 89 -1 7 -1 4447 -1 87 -1 4448 -1 19 -1 4449 -1 40 -1 4450 -1 -2
22 -1 212 -1 2406 -1 7 -1 659 -1 4451 -1 19 -1 4452 -1 95 -1 7 -1 760 -1 276 -1 4453 -1 98 -1 4454 -1 87 -1 98 -1 2531 -1 -2
80 -1 188 -1 3830 -1 696 -1 4455 -1 1165 -1 4456 -1 66 -1 4433 -1 4434 -1 327 -1 13 -1 3932 -1 73 -1 4445 -1 4457 -1 95 -1 45 -1 3401 -1 2576 -1 3375 -1 1901 -1 978 -1 22 -1 7 -1 4458 -1 -2
382 -1 4459 -1 73 -1 45 -1 1340 -1 19 -1 3750 -1 4460 -1 -2
18 -1 1865 -1 613 -1 696 -1 161 -1 4461 -1 89 -1 441 -1 18 -1 1921 -1 73 -1 4445 -1 4457 -1 -2
22 -1 45 -1 4462 -1 2309 -1 142 -1 7 -1 3845 -1 45 -1 148 -1 13 -1 1879 -1 124 -1 45 -1 3134 -1 87 -1 45 -1 141 -1 650 -1 4097 -1 22 -1 2026 -1 40 -1 171 -1 37 -1 1771 -1 1860 -1 103 -1 95 -1 7 -1 445 -1 18 -1 252 -1 220 -1 382 -1 576 -1 2136 -1 4463 -1 684 -1 582 -1 1150 -1 19 -1 4453 -1 1704 -1 4464 -1 149 -1 25 -1 2875 -1 277 -1 25 -1 4465 -1 124 -1 7 -1 2860 -1 73 -1 4466 -1 4467 -1 1743 -1 643 -1 -2
4468 -1 87 -1 25 -1 4465 -1 1817 -1 124 -1 7 -1 4469 -1 73 -1 7 -1 752 -1 1071 -1 4470 -1 -2
4433 -1 22 -1 4471 -1 4108 -1 73 -1 4445 -1 4204 -1 4472 -1 4473 -1 142 -1 25 -1 84 -1 246 -1 48 -1 106 -1 64 -1 1894 -1 51 -1 4474 -1 7 -1 1001 -1 669 -1 73 -1 25 -1 4445 -1 276 -1 -2
73 -1 644 -1 18 -1 184 -1 66 -1 7 -1 568 -1 379 -1 327 -1 285 -1 -2
91 -1 92 -1 13 -1 291 -1 1846 -1 95 -1 7 -1 445 -1 87 -1 95 -1 136 -1 63 -1 7 -1 4475 -1 4476 -1 92 -1 2069 -1 7 -1 1631 -1 4477 -1 87 -1 4478 -1 2004 -1 -2
423 -1 2214 -1 4479 -1 2088 -1 4433 -1 4405 -1 24 -1 45 -1 3 -1 4480 -1 87 -1 1979 -1 212 -1 73 -1 7 -1 615 -1 4481 -1 22 -1 582 -1 1150 -1 -2
7 -1 4431 -1 4482 -1 89 -1 382 -1 2982 -1 -2
18 -1 202 -1 327 -1 2391 -1 2858 -1 142 -1 7 -1 246 -1 95 -1 7 -1 2049 -1 73 -1 7 -1 103 -1 1818 -1 24 -1 66 -1 1288 -1 4483 -1 580 -1 4484 -1 4485 -1 4 -1 40 -1 4486 -1 7 -1 4487 -1 4488 -1 73 -1 3175 -1 -2
18 -1 15 -1 66 -1 2387 -1 7 -1 445 -1 19 -1 7 -1 4245 -1 73 -1 25 -1 939 -1 73 -1 108 -1 2736 -1 87 -1 66 -1 102 -1 25 -1 4489 -1 73 -1 2322 -1 4490 -1 92 -1 2394 -1 40 -1 2277 -1 220 -1 4434 -1 87 -1 4491 -1 136 -1 214 -1 18 -1 698 -1 857 -1 66 -1 431 -1 126 -1 1252 -1 87 -1 2463 -1 80 -1 -2
4433 -1 2797 -1 158 -1 40 -1 519 -1 66 -1 80 -1 19 -1 45 -1 445 -1 87 -1 66 -1 18 -1 1771 -1 2003 -1 80 -1 35 -1 25 -1 4492 -1 4493 -1 214 -1 18 -1 4494 -1 40 -1 98 -1 4495 -1 22 -1 7 -1 559 -1 73 -1 45 -1 4496 -1 -2
18 -1 1329 -1 66 -1 18 -1 4497 -1 40 -1 4498 -1 40 -1 294 -1 45 -1 4419 -1 79 -1 1692 -1 2904 -1 562 -1 18 -1 1745 -1 40 -1 719 -1 66 -1 7 -1 3405 -1 73 -1 25 -1 4419 -1 19 -1 25 -1 2283 -1 87 -1 25 -1 4499 -1 40 -1 136 -1 -2
7 -1 4489 -1 4500 -1 2943 -1 87 -1 1666 -1 40 -1 7 -1 3845 -1 66 -1 4433 -1 4434 -1 327 -1 3483 -1 4501 -1 519 -1 87 -1 327 -1 3195 -1 45 -1 4502 -1 73 -1 4503 -1 45 -1 4419 -1 79 -1 7 -1 4504 -1 2127 -1 73 -1 582 -1 1150 -1 3359 -1 18 -1 4505 -1 -2
4433 -1 4506 -1 4507 -1 445 -1 430 -1 25 -1 2596 -1 24 -1 3940 -1 4508 -1 40 -1 80 -1 -2
2088 -1 7 -1 659 -1 1361 -1 3339 -1 22 -1 25 -1 513 -1 283 -1 4509 -1 73 -1 4510 -1 4511 -1 -2
4512 -1 4513 -1 19 -1 25 -1 305 -1 73 -1 4434 -1 87 -1 16 -1 1766 -1 562 -1 7 -1 168 -1 19 -1 4514 -1 4512 -1 252 -1 40 -1 136 -1 87 -1 4515 -1 7 -1 445 -1 -2
18 -1 327 -1 696 -1 4516 -1 536 -1 95 -1 7 -1 752 -1 1071 -1 87 -1 19 -1 22 -1 25 -1 4517 -1 4518 -1 1899 -1 -2
24 -1 7 -1 2368 -1 4519 -1 4520 -1 4521 -1 149 -1 45 -1 483 -1 87 -1 45 -1 3 -1 1739 -1 1792 -1 18 -1 274 -1 49 -1 158 -1 48 -1 7 -1 718 -1 73 -1 7 -1 1066 -1 22 -1 280 -1 73 -1 7 -1 4522 -1 4523 -1 87 -1 952 -1 7 -1 2127 -1 73 -1 441 -1 582 -1 1150 -1 6 -1 25 -1 4524 -1 4525 -1 73 -1 7 -1 4526 -1 73 -1 25 -1 1741 -1 4527 -1 -2
382 -1 19 -1 562 -1 7 -1 4528 -1 4529 -1 537 -1 35 -1 16 -1 36 -1 -2
7 -1 4419 -1 327 -1 696 -1 4530 -1 805 -1 551 -1 2037 -1 -2
562 -1 4512 -1 4531 -1 281 -1 252 -1 40 -1 4532 -1 136 -1 126 -1 91 -1 746 -1 4533 -1 25 -1 1198 -1 87 -1 961 -1 4 -1 1846 -1 4534 -1 95 -1 25 -1 4535 -1 7 -1 4190 -1 19 -1 7 -1 445 -1 -2
412 -1 4536 -1 2130 -1 561 -1 66 -1 18 -1 3169 -1 18 -1 4537 -1 45 -1 4538 -1 22 -1 582 -1 1150 -1 87 -1 4539 -1 45 -1 4540 -1 40 -1 7 -1 4541 -1 4542 -1 73 -1 4543 -1 40 -1 7 -1 1711 -1 87 -1 2322 -1 1732 -1 18 -1 327 -1 1516 -1 22 -1 7 -1 2432 -1 -2
7 -1 4544 -1 40 -1 7 -1 4419 -1 1807 -1 6 -1 7 -1 4545 -1 4546 -1 4547 -1 22 -1 7 -1 3346 -1 702 -1 95 -1 2864 -1 2 -1 662 -1 22 -1 7 -1 4548 -1 73 -1 269 -1 2715 -1 63 -1 1808 -1 38 -1 13 -1 936 -1 4549 -1 6 -1 2469 -1 124 -1 7 -1 4490 -1 231 -1 22 -1 7 -1 1631 -1 4550 -1 3428 -1 -2
80 -1 38 -1 95 -1 2864 -1 3873 -1 25 -1 559 -1 73 -1 1844 -1 4551 -1 87 -1 1759 -1 4109 -1 -2
7 -1 2791 -1 2088 -1 4367 -1 25 -1 513 -1 2152 -1 73 -1 1639 -1 87 -1 4552 -1 38 -1 163 -1 7 -1 4419 -1 3448 -1 460 -1 87 -1 1131 -1 131 -1 269 -1 1332 -1 87 -1 229 -1 936 -1 4553 -1 1790 -1 1828 -1 4 -1 37 -1 4554 -1 66 -1 91 -1 182 -1 13 -1 2691 -1 869 -1 98 -1 2531 -1 234 -1 382 -1 4555 -1 -2
40 -1 599 -1 3541 -1 2 -1 547 -1 1234 -1 66 -1 7 -1 4496 -1 235 -1 4556 -1 519 -1 24 -1 25 -1 866 -1 73 -1 4557 -1 73 -1 2041 -1 -2
229 -1 38 -1 2320 -1 2525 -1 87 -1 4558 -1 22 -1 7 -1 309 -1 91 -1 4089 -1 291 -1 1709 -1 -2
4559 -1 547 -1 1894 -1 11 -1 66 -1 2041 -1 38 -1 25 -1 4560 -1 431 -1 -2
80 -1 4561 -1 131 -1 7 -1 253 -1 73 -1 4562 -1 87 -1 4563 -1 7 -1 341 -1 87 -1 3263 -1 2492 -1 4564 -1 87 -1 7 -1 4565 -1 73 -1 4566 -1 1196 -1 -2
562 -1 80 -1 3330 -1 126 -1 80 -1 4567 -1 4568 -1 4569 -1 684 -1 2395 -1 4490 -1 4570 -1 142 -1 7 -1 1332 -1 -2
80 -1 38 -1 13 -1 25 -1 4571 -1 4572 -1 58 -1 1844 -1 2988 -1 4573 -1 -2
4574 -1 22 -1 4420 -1 593 -1 3267 -1 51 -1 1409 -1 1992 -1 73 -1 933 -1 1828 -1 4 -1 -2
593 -1 4575 -1 131 -1 3957 -1 607 -1 66 -1 593 -1 3267 -1 13 -1 4576 -1 -2
80 -1 38 -1 25 -1 4577 -1 431 -1 -2
2148 -1 1726 -1 25 -1 1218 -1 712 -1 73 -1 7 -1 4419 -1 22 -1 269 -1 2367 -1 220 -1 4578 -1 2 -1 19 -1 13 -1 4579 -1 89 -1 7 -1 462 -1 73 -1 382 -1 2551 -1 1828 -1 36 -1 562 -1 7 -1 4580 -1 224 -1 -2
22 -1 2798 -1 2 -1 4581 -1 22 -1 412 -1 1802 -1 66 -1 2 -1 1865 -1 13 -1 171 -1 7 -1 4582 -1 4583 -1 73 -1 45 -1 3048 -1 -2
63 -1 22 -1 7 -1 909 -1 18 -1 327 -1 1949 -1 7 -1 4207 -1 87 -1 4261 -1 7 -1 2715 -1 73 -1 45 -1 316 -1 87 -1 332 -1 3440 -1 35 -1 10 -1 35 -1 7 -1 4584 -1 4585 -1 40 -1 7 -1 1587 -1 79 -1 7 -1 330 -1 73 -1 138 -1 158 -1 217 -1 -2
2 -1 206 -1 66 -1 2 -1 19 -1 1405 -1 25 -1 4586 -1 4587 -1 -2
2 -1 327 -1 25 -1 760 -1 866 -1 73 -1 4105 -1 25 -1 4227 -1 73 -1 4202 -1 1907 -1 66 -1 182 -1 4588 -1 87 -1 936 -1 2 -1 1329 -1 25 -1 1828 -1 36 -1 22 -1 25 -1 4419 -1 37 -1 1771 -1 4589 -1 4590 -1 66 -1 7 -1 4591 -1 461 -1 136 -1 92 -1 1281 -1 -2
18 -1 19 -1 13 -1 128 -1 25 -1 4592 -1 937 -1 24 -1 4593 -1 4594 -1 -2
18 -1 19 -1 128 -1 7 -1 139 -1 684 -1 229 -1 92 -1 1276 -1 1790 -1 1276 -1 -2
63 -1 978 -1 2 -1 428 -1 136 -1 158 -1 73 -1 7 -1 4587 -1 -2
2 -1 154 -1 18 -1 327 -1 4595 -1 310 -1 7 -1 1256 -1 73 -1 25 -1 4596 -1 63 -1 2 -1 861 -1 3011 -1 66 -1 7 -1 4419 -1 19 -1 13 -1 7 -1 3264 -1 73 -1 25 -1 4596 -1 -2
80 -1 19 -1 7 -1 3264 -1 73 -1 4597 -1 4598 -1 4599 -1 4600 -1 2998 -1 4601 -1 2535 -1 4 -1 4602 -1 87 -1 2263 -1 -2
22 -1 2798 -1 80 -1 19 -1 7 -1 4603 -1 1202 -1 -2
80 -1 19 -1 7 -1 291 -1 445 -1 441 -1 108 -1 4604 -1 1865 -1 35 -1 10 -1 51 -1 3680 -1 1089 -1 211 -1 4605 -1 211 -1 4606 -1 -2
2 -1 4607 -1 412 -1 3218 -1 73 -1 7 -1 1828 -1 36 -1 2488 -1 18 -1 3267 -1 613 -1 696 -1 2487 -1 25 -1 3491 -1 -2
1 -1 1421 -1 -2
229 -1 19 -1 25 -1 1595 -1 4608 -1 161 -1 4609 -1 36 -1 6 -1 4026 -1 3 -1 4610 -1 87 -1 25 -1 4611 -1 19 -1 2186 -1 40 -1 834 -1 25 -1 1828 -1 4612 -1 -2
371 -1 19 -1 4613 -1 1813 -1 22 -1 25 -1 444 -1 343 -1 -2
371 -1 19 -1 2670 -1 4614 -1 40 -1 3032 -1 7 -1 1595 -1 25 -1 3046 -1 -2
106 -1 4615 -1 4616 -1 371 -1 15 -1 479 -1 -2
2 -1 19 -1 2449 -1 40 -1 739 -1 382 -1 1387 -1 124 -1 370 -1 -2
2 -1 327 -1 1609 -1 40 -1 51 -1 2629 -1 79 -1 25 -1 4617 -1 4618 -1 -2
2 -1 613 -1 1573 -1 2098 -1 4619 -1 4500 -1 1813 -1 22 -1 444 -1 4620 -1 95 -1 7 -1 1489 -1 73 -1 25 -1 4621 -1 4622 -1 37 -1 182 -1 13 -1 4491 -1 561 -1 106 -1 19 -1 412 -1 4615 -1 95 -1 7 -1 669 -1 73 -1 7 -1 4623 -1 229 -1 19 -1 25 -1 2436 -1 4624 -1 2266 -1 1525 -1 2 -1 4625 -1 161 -1 705 -1 2506 -1 87 -1 236 -1 161 -1 4626 -1 4627 -1 22 -1 7 -1 1084 -1 -2
229 -1 19 -1 161 -1 4628 -1 4629 -1 97 -1 95 -1 860 -1 87 -1 2 -1 3011 -1 7 -1 1289 -1 -2
25 -1 4630 -1 520 -1 4631 -1 220 -1 1128 -1 87 -1 22 -1 80 -1 25 -1 36 -1 182 -1 4632 -1 7 -1 3048 -1 73 -1 25 -1 4142 -1 4633 -1 73 -1 2240 -1 3297 -1 73 -1 45 -1 1558 -1 -2
7 -1 4634 -1 73 -1 25 -1 4635 -1 356 -1 2575 -1 48 -1 25 -1 1216 -1 4636 -1 7 -1 4637 -1 1398 -1 73 -1 7 -1 1525 -1 -2
7 -1 4638 -1 593 -1 22 -1 4420 -1 2434 -1 7 -1 4639 -1 3778 -1 124 -1 7 -1 4640 -1 428 -1 212 -1 4641 -1 1126 -1 403 -1 40 -1 2127 -1 87 -1 2958 -1 -2
382 -1 4639 -1 182 -1 13 -1 613 -1 696 -1 3080 -1 1293 -1 3838 -1 3297 -1 73 -1 2396 -1 25 -1 513 -1 74 -1 4642 -1 4643 -1 731 -1 45 -1 3134 -1 -2
2 -1 184 -1 66 -1 7 -1 1525 -1 327 -1 696 -1 1918 -1 79 -1 269 -1 465 -1 1293 -1 2 -1 327 -1 3190 -1 -2
978 -1 22 -1 852 -1 4644 -1 2167 -1 25 -1 665 -1 4645 -1 1771 -1 613 -1 696 -1 161 -1 4646 -1 73 -1 4647 -1 4648 -1 -2
3 -1 3498 -1 4649 -1 715 -1 1447 -1 7 -1 423 -1 3281 -1 73 -1 25 -1 498 -1 3338 -1 1771 -1 2 -1 1634 -1 544 -1 25 -1 4650 -1 4651 -1 -2
7 -1 4652 -1 73 -1 25 -1 4653 -1 3490 -1 25 -1 513 -1 3685 -1 2798 -1 1150 -1 298 -1 161 -1 3984 -1 87 -1 25 -1 4654 -1 277 -1 983 -1 1120 -1 -2
2201 -1 562 -1 2 -1 4655 -1 25 -1 1463 -1 4656 -1 73 -1 7 -1 1027 -1 4642 -1 145 -1 561 -1 2660 -1 66 -1 2 -1 327 -1 4657 -1 1901 -1 40 -1 4491 -1 7 -1 641 -1 4188 -1 18 -1 327 -1 13 -1 1516 -1 1664 -1 212 -1 4658 -1 79 -1 382 -1 1525 -1 -2
412 -1 3135 -1 4659 -1 2063 -1 25 -1 513 -1 8 -1 73 -1 708 -1 22 -1 580 -1 92 -1 4660 -1 84 -1 4217 -1 4619 -1 -2
1 -1 4661 -1 -2
2 -1 613 -1 73 -1 1993 -1 696 -1 1083 -1 40 -1 4662 -1 3270 -1 66 -1 1790 -1 73 -1 7 -1 4663 -1 54 -1 1165 -1 4664 -1 -2
22 -1 161 -1 4665 -1 580 -1 19 -1 4666 -1 6 -1 25 -1 2399 -1 4667 -1 73 -1 4668 -1 2 -1 198 -1 40 -1 25 -1 1595 -1 40 -1 57 -1 220 -1 4669 -1 4102 -1 -2
229 -1 92 -1 7 -1 4670 -1 4671 -1 7 -1 4296 -1 24 -1 7 -1 4672 -1 73 -1 4673 -1 -2
229 -1 92 -1 7 -1 4674 -1 138 -1 4675 -1 35 -1 2 -1 327 -1 696 -1 4676 -1 6 -1 7 -1 4677 -1 -2
229 -1 92 -1 7 -1 4678 -1 -2
229 -1 19 -1 924 -1 1128 -1 -2
63 -1 7 -1 4679 -1 327 -1 13 -1 2130 -1 561 -1 7 -1 774 -1 73 -1 4102 -1 -2
936 -1 22 -1 760 -1 1220 -1 7 -1 4679 -1 54 -1 2102 -1 40 -1 4680 -1 774 -1 2488 -1 22 -1 760 -1 1220 -1 25 -1 4681 -1 38 -1 13 -1 25 -1 4681 -1 95 -1 441 -1 80 -1 38 -1 25 -1 513 -1 1225 -1 261 -1 4410 -1 6 -1 3 -1 211 -1 904 -1 1907 -1 -2
562 -1 25 -1 3228 -1 4682 -1 161 -1 151 -1 73 -1 25 -1 760 -1 1220 -1 4207 -1 38 -1 1669 -1 40 -1 561 -1 2 -1 1894 -1 11 -1 80 -1 4683 -1 -2
2 -1 1150 -1 739 -1 80 -1 2057 -1 142 -1 7 -1 4684 -1 -2
35 -1 2 -1 613 -1 15 -1 4040 -1 382 -1 580 -1 2 -1 64 -1 2434 -1 774 -1 73 -1 4102 -1 19 -1 40 -1 561 -1 291 -1 25 -1 230 -1 -2
978 -1 22 -1 280 -1 73 -1 7 -1 4523 -1 25 -1 1587 -1 66 -1 2 -1 4349 -1 15 -1 40 -1 4685 -1 53 -1 4686 -1 1879 -1 1159 -1 -2
1292 -1 121 -1 25 -1 4687 -1 172 -1 87 -1 691 -1 40 -1 4688 -1 25 -1 3118 -1 73 -1 25 -1 4689 -1 382 -1 3475 -1 561 -1 35 -1 356 -1 1664 -1 25 -1 4690 -1 124 -1 161 -1 1030 -1 4691 -1 4692 -1 63 -1 2 -1 3932 -1 861 -1 2249 -1 66 -1 7 -1 2800 -1 4687 -1 19 -1 7 -1 1812 -1 73 -1 332 -1 866 -1 211 -1 3868 -1 73 -1 1600 -1 -2
7 -1 4693 -1 1900 -1 4694 -1 19 -1 2629 -1 40 -1 25 -1 641 -1 37 -1 428 -1 25 -1 1143 -1 4575 -1 277 -1 7 -1 4695 -1 4696 -1 87 -1 25 -1 1246 -1 22 -1 280 -1 -2
658 -1 4697 -1 -2
563 -1 67 -1 82 -1 22 -1 229 -1 87 -1 817 -1 80 -1 4698 -1 4699 -1 419 -1 1254 -1 89 -1 80 -1 2 -1 547 -1 662 -1 1973 -1 7 -1 3172 -1 19 -1 2136 -1 87 -1 4700 -1 2 -1 613 -1 299 -1 236 -1 25 -1 1562 -1 4701 -1 4702 -1 -2
1692 -1 2800 -1 19 -1 1429 -1 1911 -1 73 -1 4703 -1 4704 -1 24 -1 269 -1 4705 -1 -2
7 -1 659 -1 431 -1 19 -1 35 -1 4706 -1 35 -1 25 -1 199 -1 73 -1 4707 -1 4708 -1 -2
7 -1 4709 -1 73 -1 694 -1 220 -1 7 -1 248 -1 2483 -1 561 -1 40 -1 3270 -1 66 -1 593 -1 1865 -1 4710 -1 25 -1 4711 -1 110 -1 73 -1 4712 -1 332 -1 22 -1 66 -1 4713 -1 73 -1 4714 -1 580 -1 38 -1 7 -1 4715 -1 73 -1 7 -1 4716 -1 2058 -1 -2
235 -1 2 -1 184 -1 7 -1 3908 -1 73 -1 4717 -1 6 -1 3 -1 4718 -1 -2
229 -1 92 -1 1735 -1 4719 -1 4720 -1 95 -1 25 -1 1624 -1 87 -1 562 -1 1735 -1 4719 -1 4721 -1 95 -1 16 -1 1624 -1 4722 -1 4723 -1 4724 -1 4725 -1 89 -1 42 -1 1254 -1 -2
63 -1 172 -1 114 -1 80 -1 19 -1 4185 -1 2024 -1 1288 -1 4185 -1 -2
2 -1 64 -1 13 -1 4726 -1 22 -1 1468 -1 66 -1 2 -1 662 -1 7 -1 4727 -1 73 -1 7 -1 4728 -1 7 -1 2596 -1 4729 -1 51 -1 4730 -1 4731 -1 87 -1 3627 -1 -2
7 -1 4674 -1 92 -1 13 -1 4732 -1 87 -1 1414 -1 -2
91 -1 92 -1 35 -1 4733 -1 35 -1 3 -1 4734 -1 22 -1 25 -1 4735 -1 -2
2 -1 2567 -1 805 -1 4736 -1 66 -1 439 -1 24 -1 441 -1 269 -1 4737 -1 1887 -1 2167 -1 327 -1 13 -1 2201 -1 696 -1 2102 -1 40 -1 4738 -1 25 -1 4739 -1 66 -1 790 -1 4740 -1 22 -1 4741 -1 -2
2 -1 613 -1 936 -1 3932 -1 66 -1 4742 -1 4743 -1 3523 -1 4744 -1 4745 -1 95 -1 16 -1 1624 -1 -2
4746 -1 58 -1 2744 -1 341 -1 4747 -1 2650 -1 -2
1901 -1 3 -1 4743 -1 1150 -1 298 -1 25 -1 1485 -1 580 -1 38 -1 291 -1 4748 -1 40 -1 7 -1 4749 -1 73 -1 161 -1 1224 -1 4750 -1 -2
382 -1 2672 -1 19 -1 1165 -1 2899 -1 2052 -1 -2
229 -1 19 -1 291 -1 16 -1 4746 -1 95 -1 25 -1 90 -1 -2
7 -1 4674 -1 589 -1 13 -1 57 -1 1847 -1 519 -1 40 -1 171 -1 214 -1 98 -1 1457 -1 92 -1 40 -1 51 -1 4751 -1 91 -1 1921 -1 91 -1 92 -1 40 -1 51 -1 4751 -1 -2
933 -1 1735 -1 4719 -1 92 -1 3908 -1 58 -1 1735 -1 2918 -1 -2
7 -1 3 -1 4752 -1 4 -1 4753 -1 519 -1 22 -1 3657 -1 4754 -1 520 -1 7 -1 230 -1 73 -1 4102 -1 -2
2 -1 154 -1 95 -1 103 -1 66 -1 80 -1 19 -1 7 -1 4755 -1 73 -1 7 -1 1532 -1 63 -1 2 -1 273 -1 95 -1 16 -1 4756 -1 3563 -1 87 -1 45 -1 377 -1 19 -1 35 -1 4757 -1 24 -1 2149 -1 35 -1 25 -1 4758 -1 4759 -1 -2
80 -1 19 -1 13 -1 7 -1 4674 -1 87 -1 80 -1 19 -1 13 -1 7 -1 1523 -1 -2
80 -1 19 -1 7 -1 4674 -1 87 -1 7 -1 1523 -1 -2
114 -1 80 -1 19 -1 4185 -1 -2
1 -1 4760 -1 -2
2 -1 613 -1 299 -1 696 -1 22 -1 7 -1 4761 -1 73 -1 3912 -1 1557 -1 -2
2 -1 622 -1 58 -1 40 -1 2010 -1 1557 -1 -2
2 -1 613 -1 299 -1 981 -1 25 -1 36 -1 66 -1 1427 -1 40 -1 2010 -1 1557 -1 -2
2 -1 805 -1 4762 -1 25 -1 3788 -1 37 -1 182 -1 30 -1 7 -1 4763 -1 24 -1 25 -1 4764 -1 87 -1 2 -1 4765 -1 136 -1 40 -1 25 -1 4766 -1 22 -1 4767 -1 4768 -1 1549 -1 4769 -1 19 -1 4770 -1 -2
18 -1 327 -1 7 -1 2726 -1 1140 -1 22 -1 412 -1 4771 -1 66 -1 2 -1 613 -1 22 -1 25 -1 2399 -1 866 -1 73 -1 4772 -1 -2
87 -1 2201 -1 382 -1 4772 -1 188 -1 1635 -1 25 -1 1732 -1 73 -1 561 -1 -2
211 -1 2 -1 613 -1 1635 -1 25 -1 1732 -1 73 -1 382 -1 4772 -1 -2
2423 -1 2 -1 11 -1 904 -1 73 -1 161 -1 4773 -1 25 -1 4774 -1 73 -1 4775 -1 25 -1 866 -1 73 -1 4776 -1 87 -1 25 -1 4777 -1 1293 -1 983 -1 36 -1 4101 -1 -2
2 -1 198 -1 6 -1 4778 -1 40 -1 171 -1 25 -1 305 -1 22 -1 7 -1 1864 -1 87 -1 391 -1 3048 -1 142 -1 25 -1 4779 -1 4780 -1 332 -1 904 -1 4775 -1 25 -1 813 -1 4781 -1 4782 -1 1743 -1 25 -1 4783 -1 4784 -1 4785 -1 87 -1 25 -1 2108 -1 4786 -1 2 -1 4192 -1 95 -1 25 -1 760 -1 87 -1 2157 -1 866 -1 73 -1 4787 -1 -2
79 -1 412 -1 2336 -1 3338 -1 7 -1 1731 -1 924 -1 3752 -1 390 -1 142 -1 3898 -1 -2
2 -1 613 -1 4788 -1 140 -1 927 -1 4220 -1 933 -1 756 -1 2488 -1 2 -1 119 -1 95 -1 98 -1 2290 -1 -2
214 -1 2 -1 691 -1 40 -1 11 -1 684 -1 2 -1 119 -1 2 -1 64 -1 1134 -1 7 -1 4789 -1 1575 -1 -2
382 -1 4790 -1 89 -1 412 -1 4791 -1 2328 -1 73 -1 7 -1 2800 -1 4780 -1 35 -1 10 -1 35 -1 7 -1 4792 -1 73 -1 108 -1 4793 -1 -2
2 -1 649 -1 1901 -1 7 -1 4794 -1 22 -1 4795 -1 45 -1 1558 -1 64 -1 1610 -1 4796 -1 7 -1 4797 -1 79 -1 4670 -1 87 -1 4296 -1 87 -1 4798 -1 1901 -1 35 -1 7 -1 4799 -1 4800 -1 7 -1 4797 -1 79 -1 45 -1 4801 -1 87 -1 200 -1 -2
25 -1 854 -1 36 -1 1771 -1 4802 -1 4803 -1 66 -1 382 -1 19 -1 3708 -1 6 -1 7 -1 4117 -1 73 -1 7 -1 4797 -1 -2
7 -1 1289 -1 66 -1 2 -1 589 -1 13 -1 4804 -1 904 -1 226 -1 4775 -1 87 -1 4780 -1 22 -1 760 -1 1220 -1 3731 -1 40 -1 561 -1 40 -1 51 -1 554 -1 1935 -1 40 -1 7 -1 2798 -1 66 -1 7 -1 3347 -1 4805 -1 38 -1 3377 -1 40 -1 3771 -1 161 -1 4806 -1 4807 -1 22 -1 45 -1 2292 -1 24 -1 45 -1 760 -1 4787 -1 211 -1 3500 -1 220 -1 7 -1 4808 -1 4750 -1 -2
18 -1 3077 -1 66 -1 7 -1 4809 -1 1624 -1 38 -1 7 -1 4810 -1 1575 -1 580 -1 7 -1 4247 -1 64 -1 73 -1 644 -1 2328 -1 89 -1 45 -1 4811 -1 87 -1 235 -1 24 -1 1600 -1 929 -1 1739 -1 4812 -1 4775 -1 4780 -1 4782 -1 2165 -1 87 -1 441 -1 18 -1 4813 -1 202 -1 95 -1 7 -1 1624 -1 -2
3799 -1 2 -1 613 -1 3011 -1 25 -1 309 -1 40 -1 298 -1 7 -1 4770 -1 4814 -1 4089 -1 412 -1 3788 -1 37 -1 4815 -1 7 -1 4763 -1 24 -1 25 -1 4764 -1 -2
760 -1 1220 -1 4816 -1 4817 -1 2130 -1 6 -1 161 -1 4818 -1 22 -1 760 -1 1220 -1 25 -1 884 -1 226 -1 856 -1 513 -1 4819 -1 121 -1 45 -1 4820 -1 4821 -1 -2
4822 -1 327 -1 696 -1 4823 -1 48 -1 7 -1 84 -1 4824 -1 205 -1 66 -1 1459 -1 35 -1 25 -1 4825 -1 -2
229 -1 54 -1 291 -1 3 -1 4826 -1 87 -1 25 -1 2867 -1 73 -1 25 -1 4827 -1 73 -1 4138 -1 440 -1 18 -1 1666 -1 4828 -1 -2
1084 -1 15 -1 4829 -1 124 -1 684 -1 18 -1 494 -1 4568 -1 79 -1 7 -1 1155 -1 -2
18 -1 104 -1 22 -1 45 -1 2085 -1 1236 -1 248 -1 -2
6 -1 80 -1 18 -1 327 -1 4830 -1 45 -1 4510 -1 1812 -1 73 -1 513 -1 4819 -1 -2
4822 -1 19 -1 25 -1 4831 -1 1431 -1 -2
25 -1 2316 -1 73 -1 161 -1 924 -1 993 -1 4825 -1 2414 -1 136 -1 -2
1901 -1 562 -1 18 -1 19 -1 13 -1 3307 -1 7 -1 4832 -1 73 -1 45 -1 3715 -1 4833 -1 2483 -1 136 -1 40 -1 4834 -1 310 -1 80 -1 -2
18 -1 5 -1 131 -1 24 -1 25 -1 4835 -1 162 -1 -2
10 -1 106 -1 54 -1 593 -1 650 -1 40 -1 60 -1 18 -1 693 -1 73 -1 7 -1 2263 -1 -2
80 -1 38 -1 419 -1 40 -1 51 -1 7 -1 4831 -1 36 -1 22 -1 25 -1 1523 -1 73 -1 4836 -1 4679 -1 89 -1 235 -1 53 -1 1150 -1 3093 -1 7 -1 2263 -1 124 -1 4837 -1 4838 -1 -2
106 -1 54 -1 593 -1 650 -1 40 -1 60 -1 418 -1 201 -1 123 -1 4822 -1 15 -1 4819 -1 124 -1 7 -1 1155 -1 -2
53 -1 298 -1 561 -1 662 -1 84 -1 4839 -1 24 -1 82 -1 471 -1 2883 -1 131 -1 327 -1 696 -1 4534 -1 4840 -1 126 -1 95 -1 25 -1 4841 -1 87 -1 4773 -1 4842 -1 -2
18 -1 273 -1 123 -1 124 -1 45 -1 144 -1 40 -1 4843 -1 45 -1 4844 -1 4845 -1 -2
7 -1 4846 -1 364 -1 3267 -1 4847 -1 561 -1 763 -1 -2
91 -1 4848 -1 40 -1 -2
1292 -1 1931 -1 149 -1 212 -1 4849 -1 936 -1 -2
12 -1 650 -1 131 -1 229 -1 763 -1 87 -1 2413 -1 1119 -1 817 -1 80 -1 45 -1 281 -1 3002 -1 40 -1 136 -1 4850 -1 63 -1 95 -1 401 -1 4822 -1 182 -1 13 -1 4851 -1 25 -1 4852 -1 4853 -1 -2
18 -1 19 -1 300 -1 161 -1 340 -1 36 -1 924 -1 4854 -1 87 -1 18 -1 327 -1 1573 -1 607 -1 1790 -1 84 -1 446 -1 51 -1 854 -1 -2
418 -1 643 -1 3322 -1 4855 -1 340 -1 36 -1 149 -1 79 -1 7 -1 1155 -1 4819 -1 2538 -1 1218 -1 131 -1 22 -1 45 -1 1332 -1 -2
1290 -1 19 -1 15 -1 89 -1 25 -1 576 -1 90 -1 3222 -1 -2
7 -1 2353 -1 73 -1 7 -1 760 -1 1220 -1 4296 -1 252 -1 1037 -1 -2
4856 -1 16 -1 182 -1 739 -1 7 -1 4857 -1 73 -1 99 -1 22 -1 7 -1 4858 -1 4859 -1 73 -1 382 -1 4860 -1 4861 -1 66 -1 4862 -1 4863 -1 87 -1 4864 -1 277 -1 3 -1 4865 -1 4866 -1 4867 -1 66 -1 1771 -1 613 -1 327 -1 40 -1 3633 -1 2883 -1 131 -1 40 -1 2586 -1 80 -1 -2
7 -1 1071 -1 4868 -1 1528 -1 1834 -1 48 -1 7 -1 1595 -1 4869 -1 87 -1 145 -1 4870 -1 87 -1 1027 -1 7 -1 3233 -1 73 -1 1755 -1 87 -1 583 -1 -2
2037 -1 7 -1 348 -1 4871 -1 2614 -1 87 -1 1213 -1 25 -1 576 -1 1175 -1 -2
513 -1 4819 -1 1417 -1 220 -1 45 -1 3230 -1 -2
171 -1 40 -1 7 -1 2320 -1 790 -1 53 -1 4822 -1 4822 -1 1594 -1 7 -1 4872 -1 158 -1 124 -1 411 -1 7 -1 1155 -1 87 -1 903 -1 3032 -1 7 -1 4873 -1 246 -1 4874 -1 40 -1 4875 -1 332 -1 4876 -1 -2
25 -1 752 -1 3811 -1 1465 -1 22 -1 7 -1 103 -1 1772 -1 1444 -1 73 -1 2745 -1 -2
84 -1 4839 -1 903 -1 131 -1 45 -1 4841 -1 87 -1 1531 -1 45 -1 4842 -1 149 -1 79 -1 7 -1 3627 -1 3212 -1 73 -1 4877 -1 66 -1 4878 -1 7 -1 1075 -1 -2
269 -1 551 -1 1488 -1 40 -1 2319 -1 18 -1 4879 -1 45 -1 2516 -1 87 -1 274 -1 226 -1 4880 -1 45 -1 1393 -1 58 -1 25 -1 36 -1 1549 -1 4881 -1 19 -1 4882 -1 -2
562 -1 2745 -1 252 -1 80 -1 4883 -1 933 -1 4884 -1 -2
7 -1 704 -1 73 -1 711 -1 1894 -1 2483 -1 519 -1 40 -1 4885 -1 -2
1071 -1 7 -1 4217 -1 4822 -1 15 -1 4819 -1 -2
7 -1 4886 -1 73 -1 1070 -1 1071 -1 1556 -1 4887 -1 7 -1 2490 -1 253 -1 1521 -1 24 -1 4888 -1 7 -1 2194 -1 1155 -1 22 -1 16 -1 1802 -1 7 -1 4414 -1 73 -1 200 -1 87 -1 4889 -1 22 -1 42 -1 7 -1 84 -1 2725 -1 4873 -1 87 -1 7 -1 3627 -1 1075 -1 -2
4144 -1 229 -1 92 -1 332 -1 4890 -1 4891 -1 2641 -1 22 -1 332 -1 4892 -1 87 -1 79 -1 25 -1 4893 -1 347 -1 123 -1 229 -1 19 -1 25 -1 4894 -1 3217 -1 1488 -1 24 -1 1934 -1 22 -1 7 -1 4895 -1 -2
25 -1 576 -1 4896 -1 4472 -1 628 -1 22 -1 7 -1 1001 -1 1260 -1 87 -1 235 -1 4897 -1 4898 -1 468 -1 25 -1 143 -1 22 -1 7 -1 75 -1 -2
229 -1 92 -1 332 -1 4899 -1 4900 -1 79 -1 7 -1 4901 -1 -2
10 -1 1563 -1 1065 -1 15 -1 4819 -1 -2
978 -1 229 -1 252 -1 25 -1 4902 -1 2957 -1 95 -1 7 -1 246 -1 -2
4822 -1 4903 -1 25 -1 582 -1 4904 -1 79 -1 7 -1 4873 -1 84 -1 4839 -1 4905 -1 95 -1 4906 -1 7 -1 4138 -1 87 -1 513 -1 4819 -1 4907 -1 7 -1 548 -1 4908 -1 40 -1 7 -1 4217 -1 4873 -1 899 -1 285 -1 22 -1 7 -1 246 -1 304 -1 87 -1 4909 -1 2847 -1 4613 -1 -2
45 -1 4910 -1 19 -1 1165 -1 760 -1 -2
4822 -1 957 -1 161 -1 4911 -1 388 -1 95 -1 80 -1 63 -1 924 -1 217 -1 18 -1 55 -1 914 -1 4912 -1 340 -1 641 -1 4909 -1 5 -1 131 -1 87 -1 206 -1 461 -1 1121 -1 7 -1 3111 -1 1183 -1 18 -1 746 -1 25 -1 419 -1 16 -1 -2
513 -1 4819 -1 327 -1 416 -1 7 -1 1123 -1 40 -1 4913 -1 79 -1 7 -1 4217 -1 4873 -1 63 -1 18 -1 327 -1 40 -1 2515 -1 80 -1 3563 -1 89 -1 7 -1 548 -1 4908 -1 19 -1 2034 -1 87 -1 25 -1 3282 -1 19 -1 4914 -1 79 -1 25 -1 4915 -1 87 -1 235 -1 7 -1 4217 -1 4873 -1 19 -1 4914 -1 79 -1 7 -1 3282 -1 -2
1123 -1 1405 -1 19 -1 25 -1 4356 -1 -2
10 -1 15 -1 4819 -1 24 -1 45 -1 316 -1 47 -1 856 -1 3330 -1 80 -1 4912 -1 -2
4916 -1 4917 -1 656 -1 18 -1 2928 -1 25 -1 2368 -1 3238 -1 220 -1 7 -1 2800 -1 -2
4918 -1 4919 -1 15 -1 4909 -1 -2
106 -1 91 -1 47 -1 731 -1 136 -1 24 -1 16 -1 748 -1 35 -1 214 -1 124 -1 25 -1 4920 -1 2734 -1 -2
84 -1 4839 -1 218 -1 45 -1 3534 -1 -2
4918 -1 4919 -1 1235 -1 4909 -1 -2
18 -1 4921 -1 126 -1 22 -1 3976 -1 4922 -1 -2
4923 -1 724 -1 25 -1 4924 -1 211 -1 904 -1 382 -1 90 -1 73 -1 4925 -1 53 -1 11 -1 18 -1 2697 -1 95 -1 519 -1 58 -1 25 -1 36 -1 73 -1 4926 -1 -2
84 -1 4839 -1 794 -1 123 -1 45 -1 3534 -1 114 -1 -2
10 -1 1119 -1 51 -1 4927 -1 15 -1 4822 -1 -2
974 -1 80 -1 4928 -1 220 -1 136 -1 40 -1 662 -1 18 -1 218 -1 48 -1 25 -1 3282 -1 87 -1 241 -1 40 -1 30 -1 4929 -1 79 -1 45 -1 4930 -1 87 -1 2515 -1 40 -1 171 -1 562 -1 7 -1 467 -1 89 -1 7 -1 4826 -1 1771 -1 4913 -1 -2
80 -1 19 -1 25 -1 4931 -1 4932 -1 -2
513 -1 4819 -1 2088 -1 31 -1 40 -1 2409 -1 272 -1 4933 -1 22 -1 7 -1 1361 -1 -2
562 -1 589 -1 53 -1 3147 -1 66 -1 53 -1 179 -1 4934 -1 18 -1 15 -1 4935 -1 -2
2 -1 3078 -1 3011 -1 80 -1 2201 -1 699 -1 4909 -1 24 -1 25 -1 4936 -1 162 -1 -2
2 -1 2487 -1 3011 -1 66 -1 2 -1 1771 -1 2364 -1 1065 -1 418 -1 15 -1 4819 -1 -2
860 -1 561 -1 7 -1 4826 -1 4819 -1 15 -1 4822 -1 -2
7 -1 427 -1 4937 -1 84 -1 4839 -1 2104 -1 48 -1 7 -1 4938 -1 -2
2495 -1 4491 -1 53 -1 40 -1 4821 -1 4912 -1 63 -1 1343 -1 291 -1 212 -1 73 -1 792 -1 87 -1 1343 -1 3 -1 4826 -1 -2
2 -1 218 -1 25 -1 999 -1 73 -1 4138 -1 79 -1 7 -1 239 -1 551 -1 -2
722 -1 4125 -1 16 -1 658 -1 441 -1 43 -1 4855 -1 15 -1 7 -1 108 -1 622 -1 1892 -1 1238 -1 -2
53 -1 4679 -1 547 -1 299 -1 51 -1 4939 -1 -2
12 -1 650 -1 1294 -1 -2
1292 -1 121 -1 40 -1 298 -1 25 -1 2434 -1 -2
10 -1 419 -1 708 -1 446 -1 -2
1292 -1 121 -1 40 -1 298 -1 25 -1 2434 -1 -2
238 -1 22 -1 87 -1 171 -1 561 -1 562 -1 7 -1 246 -1 2859 -1 220 -1 136 -1 4819 -1 15 -1 7 -1 4940 -1 1321 -1 2 -1 4941 -1 66 -1 178 -1 -2
66 -1 4910 -1 4942 -1 2893 -1 724 -1 214 -1 80 -1 4942 -1 25 -1 752 -1 -2
45 -1 4943 -1 38 -1 607 -1 4944 -1 -2
80 -1 3072 -1 58 -1 4945 -1 4822 -1 -2
18 -1 7 -1 246 -1 304 -1 114 -1 87 -1 4909 -1 4946 -1 22 -1 45 -1 82 -1 -2
1234 -1 53 -1 855 -1 53 -1 11 -1 269 -1 4947 -1 763 -1 10 -1 106 -1 73 -1 80 -1 693 -1 4819 -1 -2
84 -1 4839 -1 15 -1 181 -1 2 -1 11 -1 80 -1 38 -1 4912 -1 2 -1 154 -1 73 -1 80 -1 382 -1 2764 -1 10 -1 285 -1 158 -1 87 -1 613 -1 25 -1 1075 -1 4948 -1 24 -1 561 -1 763 -1 708 -1 -2
1119 -1 3697 -1 53 -1 628 -1 22 -1 419 -1 4949 -1 879 -1 4822 -1 4950 -1 161 -1 4951 -1 162 -1 79 -1 45 -1 4930 -1 84 -1 4839 -1 589 -1 1732 -1 73 -1 25 -1 4952 -1 -2
91 -1 55 -1 4953 -1 790 -1 593 -1 -2
10 -1 2 -1 1399 -1 181 -1 562 -1 91 -1 92 -1 3821 -1 114 -1 4819 -1 15 -1 12 -1 13 -1 650 -1 295 -1 -2
2 -1 4941 -1 66 -1 178 -1 418 -1 4954 -1 15 -1 4822 -1 -2
314 -1 161 -1 1358 -1 4955 -1 -2
87 -1 3840 -1 4956 -1 67 -1 4821 -1 2057 -1 124 -1 763 -1 708 -1 214 -1 53 -1 622 -1 195 -1 -2
180 -1 561 -1 66 -1 84 -1 4839 -1 15 -1 181 -1 658 -1 607 -1 4819 -1 -2
4956 -1 67 -1 4821 -1 2057 -1 124 -1 214 -1 53 -1 622 -1 195 -1 4819 -1 15 -1 10 -1 2 -1 4941 -1 136 -1 295 -1 35 -1 40 -1 4957 -1 73 -1 7 -1 4958 -1 -2
84 -1 4959 -1 1735 -1 724 -1 182 -1 13 -1 401 -1 89 -1 1955 -1 -2
562 -1 18 -1 1810 -1 80 -1 18 -1 87 -1 4822 -1 87 -1 513 -1 4819 -1 198 -1 40 -1 25 -1 1075 -1 4948 -1 -2
2387 -1 84 -1 4839 -1 3011 -1 66 -1 291 -1 3 -1 724 -1 87 -1 25 -1 2867 -1 2823 -1 -2
25 -1 836 -1 3228 -1 126 -1 131 -1 3845 -1 327 -1 4960 -1 16 -1 158 -1 73 -1 7 -1 1566 -1 4961 -1 66 -1 18 -1 327 -1 1516 -1 519 -1 87 -1 978 -1 327 -1 1761 -1 136 -1 1735 -1 724 -1 89 -1 80 -1 -2
4855 -1 19 -1 607 -1 4962 -1 562 -1 18 -1 184 -1 66 -1 45 -1 797 -1 19 -1 13 -1 650 -1 40 -1 401 -1 89 -1 1955 -1 66 -1 1901 -1 24 -1 3 -1 724 -1 87 -1 25 -1 2867 -1 22 -1 45 -1 4137 -1 18 -1 206 -1 1409 -1 3993 -1 1293 -1 562 -1 18 -1 19 -1 4963 -1 89 -1 95 -1 66 -1 90 -1 18 -1 3466 -1 4964 -1 -2
4822 -1 4965 -1 220 -1 4966 -1 513 -1 4819 -1 15 -1 1290 -1 89 -1 80 -1 19 -1 3340 -1 66 -1 562 -1 18 -1 1810 -1 1566 -1 4967 -1 4968 -1 124 -1 2108 -1 4969 -1 18 -1 1305 -1 73 -1 4970 -1 4971 -1 95 -1 4972 -1 724 -1 4973 -1 2921 -1 87 -1 19 -1 1651 -1 40 -1 195 -1 158 -1 87 -1 4724 -1 1980 -1 724 -1 4974 -1 73 -1 4975 -1 4976 -1 87 -1 4894 -1 4977 -1 -2
562 -1 18 -1 327 -1 797 -1 4855 -1 1894 -1 4978 -1 7 -1 4979 -1 264 -1 22 -1 7 -1 340 -1 4861 -1 -2
18 -1 2873 -1 40 -1 195 -1 158 -1 87 -1 4980 -1 4981 -1 58 -1 25 -1 36 -1 -2
63 -1 18 -1 4751 -1 4822 -1 7 -1 4982 -1 87 -1 7 -1 2788 -1 87 -1 214 -1 53 -1 327 -1 3855 -1 66 -1 3175 -1 226 -1 4242 -1 3765 -1 73 -1 25 -1 2764 -1 211 -1 226 -1 3721 -1 73 -1 161 -1 4370 -1 53 -1 1771 -1 613 -1 154 -1 66 -1 4983 -1 4138 -1 4984 -1 87 -1 4985 -1 4986 -1 124 -1 1342 -1 4987 -1 92 -1 7 -1 291 -1 4988 -1 22 -1 7 -1 139 -1 -2
4989 -1 4990 -1 3082 -1 229 -1 551 -1 63 -1 235 -1 18 -1 1426 -1 4991 -1 -2
18 -1 327 -1 3932 -1 4992 -1 73 -1 7 -1 4993 -1 4994 -1 135 -1 18 -1 252 -1 40 -1 51 -1 300 -1 25 -1 513 -1 4818 -1 87 -1 562 -1 45 -1 1787 -1 4995 -1 24 -1 66 -1 73 -1 1692 -1 4917 -1 4996 -1 22 -1 760 -1 1220 -1 18 -1 198 -1 40 -1 171 -1 25 -1 4997 -1 25 -1 305 -1 73 -1 45 -1 89 -1 1549 -1 3371 -1 18 -1 327 -1 25 -1 513 -1 2187 -1 -2
22 -1 3423 -1 18 -1 4998 -1 25 -1 1165 -1 513 -1 4999 -1 79 -1 5000 -1 4207 -1 87 -1 1610 -1 79 -1 5001 -1 3325 -1 18 -1 3483 -1 5002 -1 45 -1 5003 -1 -2
4989 -1 19 -1 25 -1 419 -1 178 -1 4819 -1 15 -1 63 -1 16 -1 73 -1 45 -1 3750 -1 4189 -1 5004 -1 19 -1 66 -1 18 -1 1894 -1 1495 -1 1128 -1 -2
16 -1 708 -1 13 -1 576 -1 391 -1 84 -1 4959 -1 513 -1 5005 -1 4989 -1 252 -1 22 -1 87 -1 35 -1 18 -1 19 -1 5006 -1 4520 -1 123 -1 45 -1 3309 -1 15 -1 10 -1 7 -1 4958 -1 790 -1 51 -1 1935 -1 22 -1 1735 -1 2406 -1 790 -1 80 -1 693 -1 4855 -1 947 -1 -2
4855 -1 19 -1 1894 -1 947 -1 562 -1 7 -1 4958 -1 252 -1 1935 -1 -2
80 -1 31 -1 40 -1 136 -1 7 -1 1631 -1 4477 -1 5007 -1 -2
1269 -1 80 -1 790 -1 15 -1 4989 -1 24 -1 7 -1 5008 -1 162 -1 73 -1 25 -1 140 -1 5009 -1 36 -1 -2
412 -1 1431 -1 15 -1 4822 -1 -2
513 -1 4819 -1 494 -1 79 -1 7 -1 1155 -1 4568 -1 25 -1 2516 -1 87 -1 487 -1 89 -1 5010 -1 -2
418 -1 195 -1 2408 -1 4989 -1 -2
53 -1 5011 -1 272 -1 -2
80 -1 1419 -1 561 -1 80 -1 19 -1 7 -1 4611 -1 771 -1 87 -1 51 -1 3055 -1 25 -1 379 -1 4819 -1 314 -1 25 -1 288 -1 4989 -1 4855 -1 104 -1 124 -1 684 -1 18 -1 19 -1 95 -1 2319 -1 -2
10 -1 214 -1 1633 -1 364 -1 3228 -1 1276 -1 4847 -1 561 -1 562 -1 91 -1 15 -1 91 -1 1771 -1 1119 -1 613 -1 797 -1 235 -1 607 -1 53 -1 790 -1 640 -1 15 -1 4819 -1 5012 -1 -2
814 -1 613 -1 797 -1 40 -1 3783 -1 -2
589 -1 7 -1 364 -1 1276 -1 1955 -1 4847 -1 53 -1 562 -1 91 -1 15 -1 91 -1 1771 -1 -2
314 -1 5013 -1 1278 -1 441 -1 73 -1 25 -1 2126 -1 80 -1 3731 -1 40 -1 561 -1 -2
53 -1 1939 -1 58 -1 161 -1 4818 -1 4822 -1 551 -1 2697 -1 95 -1 84 -1 4839 -1 -2
7 -1 3340 -1 3228 -1 1276 -1 3619 -1 4855 -1 40 -1 1262 -1 5014 -1 87 -1 298 -1 25 -1 771 -1 89 -1 519 -1 551 -1 -2
80 -1 790 -1 291 -1 4942 -1 136 -1 25 -1 1749 -1 159 -1 5015 -1 -2
6 -1 7 -1 90 -1 18 -1 188 -1 5016 -1 441 -1 7 -1 797 -1 18 -1 5017 -1 121 -1 87 -1 7 -1 4958 -1 38 -1 3 -1 5018 -1 5019 -1 18 -1 790 -1 51 -1 2102 -1 40 -1 180 -1 7 -1 5020 -1 40 -1 2277 -1 3721 -1 4849 -1 1183 -1 7 -1 5021 -1 2764 -1 391 -1 7 -1 5022 -1 -2
195 -1 325 -1 4855 -1 80 -1 19 -1 7 -1 4761 -1 40 -1 298 -1 2875 -1 73 -1 84 -1 4839 -1 -2
18 -1 19 -1 1894 -1 163 -1 5023 -1 5024 -1 24 -1 643 -1 5025 -1 40 -1 857 -1 2347 -1 73 -1 45 -1 5024 -1 -2
4855 -1 2697 -1 95 -1 519 -1 45 -1 673 -1 673 -1 381 -1 73 -1 4926 -1 -2
314 -1 25 -1 2967 -1 84 -1 5026 -1 4222 -1 4819 -1 5027 -1 -2
10 -1 7 -1 139 -1 188 -1 643 -1 654 -1 40 -1 67 -1 356 -1 2967 -1 2107 -1 4819 -1 15 -1 4989 -1 -2
5017 -1 80 -1 15 -1 4819 -1 -2
10 -1 2 -1 691 -1 40 -1 11 -1 4822 -1 182 -1 13 -1 51 -1 5028 -1 576 -1 -2
18 -1 19 -1 2394 -1 40 -1 2375 -1 562 -1 2904 -1 5029 -1 -2
95 -1 401 -1 18 -1 1221 -1 131 -1 22 -1 25 -1 3282 -1 87 -1 367 -1 45 -1 4930 -1 -2
10 -1 558 -1 40 -1 51 -1 1321 -1 18 -1 15 -1 -2
18 -1 241 -1 40 -1 30 -1 5030 -1 -2
2603 -1 4989 -1 158 -1 3067 -1 4819 -1 124 -1 7 -1 1155 -1 -2
54 -1 53 -1 3522 -1 2399 -1 66 -1 53 -1 790 -1 613 -1 797 -1 235 -1 4855 -1 963 -1 4989 -1 -2
84 -1 4839 -1 273 -1 5031 -1 -2
10 -1 2 -1 622 -1 11 -1 18 -1 15 -1 -2
87 -1 235 -1 241 -1 66 -1 5032 -1 3436 -1 513 -1 22 -1 1735 -1 2953 -1 -2
7 -1 2517 -1 19 -1 73 -1 7 -1 576 -1 3278 -1 4774 -1 -2
80 -1 5033 -1 58 -1 4005 -1 5034 -1 -2
25 -1 4821 -1 79 -1 4442 -1 4370 -1 -2
805 -1 4989 -1 4990 -1 198 -1 40 -1 45 -1 2408 -1 22 -1 4193 -1 -2
5035 -1 5036 -1 40 -1 5037 -1 332 -1 1864 -1 162 -1 87 -1 3224 -1 40 -1 5038 -1 45 -1 1558 -1 2600 -1 40 -1 45 -1 1276 -1 -2
4040 -1 513 -1 4819 -1 327 -1 1761 -1 136 -1 1656 -1 66 -1 18 -1 1771 -1 2336 -1 2312 -1 1293 -1 18 -1 327 -1 5039 -1 87 -1 1920 -1 15 -1 66 -1 4819 -1 327 -1 25 -1 419 -1 174 -1 -2
80 -1 38 -1 13 -1 25 -1 1653 -1 4572 -1 382 -1 5040 -1 73 -1 1558 -1 5041 -1 -2
978 -1 513 -1 4819 -1 87 -1 4822 -1 198 -1 40 -1 5042 -1 40 -1 5043 -1 5044 -1 5045 -1 87 -1 5046 -1 -2
84 -1 4839 -1 19 -1 4962 -1 89 -1 80 -1 38 -1 4189 -1 40 -1 51 -1 4649 -1 22 -1 5047 -1 87 -1 1934 -1 87 -1 5048 -1 562 -1 67 -1 4398 -1 1150 -1 739 -1 22 -1 7 -1 637 -1 7 -1 5049 -1 73 -1 7 -1 512 -1 5050 -1 220 -1 5051 -1 87 -1 5052 -1 73 -1 579 -1 -2
3840 -1 18 -1 589 -1 13 -1 739 -1 4822 -1 87 -1 4819 -1 5053 -1 87 -1 5054 -1 22 -1 7 -1 264 -1 87 -1 4989 -1 2057 -1 22 -1 95 -1 1566 -1 3765 -1 24 -1 4109 -1 -2
79 -1 5055 -1 5056 -1 18 -1 3011 -1 66 -1 18 -1 291 -1 327 -1 961 -1 5057 -1 40 -1 401 -1 1183 -1 5001 -1 2764 -1 562 -1 18 -1 19 -1 40 -1 817 -1 45 -1 5058 -1 124 -1 7 -1 5059 -1 -2
18 -1 19 -1 161 -1 5060 -1 84 -1 36 -1 6 -1 382 -1 90 -1 2088 -1 87 -1 80 -1 38 -1 35 -1 3272 -1 35 -1 7 -1 352 -1 66 -1 562 -1 18 -1 274 -1 468 -1 7 -1 5059 -1 4542 -1 79 -1 5001 -1 18 -1 327 -1 2240 -1 5057 -1 2120 -1 -2
7 -1 5061 -1 2498 -1 45 -1 5062 -1 1165 -1 5063 -1 5064 -1 63 -1 852 -1 5065 -1 53 -1 11 -1 38 -1 79 -1 5021 -1 -2
285 -1 461 -1 983 -1 90 -1 391 -1 4242 -1 418 -1 80 -1 622 -1 559 -1 15 -1 4855 -1 -2
35 -1 18 -1 274 -1 361 -1 79 -1 45 -1 2336 -1 18 -1 2388 -1 2990 -1 856 -1 18 -1 182 -1 5066 -1 45 -1 2240 -1 5057 -1 22 -1 5067 -1 40 -1 401 -1 1183 -1 5021 -1 2764 -1 983 -1 90 -1 391 -1 4242 -1 -2
18 -1 5068 -1 3 -1 1123 -1 5069 -1 22 -1 25 -1 1832 -1 4987 -1 5070 -1 -2
91 -1 92 -1 1165 -1 5071 -1 -2
919 -1 327 -1 25 -1 143 -1 22 -1 7 -1 2812 -1 87 -1 25 -1 14 -1 5072 -1 441 -1 461 -1 7 -1 5073 -1 -2
4855 -1 428 -1 513 -1 1402 -1 73 -1 1633 -1 5069 -1 -2
95 -1 3474 -1 213 -1 18 -1 1771 -1 2044 -1 124 -1 45 -1 2319 -1 87 -1 195 -1 40 -1 171 -1 66 -1 643 -1 438 -1 327 -1 696 -1 145 -1 -2
79 -1 4442 -1 18 -1 121 -1 123 -1 95 -1 5074 -1 87 -1 5075 -1 5076 -1 87 -1 5074 -1 48 -1 16 -1 2358 -1 -2
2387 -1 18 -1 327 -1 924 -1 5077 -1 73 -1 25 -1 5078 -1 423 -1 440 -1 40 -1 136 -1 -2
18 -1 2703 -1 202 -1 66 -1 24 -1 4807 -1 18 -1 182 -1 298 -1 80 -1 5079 -1 1183 -1 5021 -1 2764 -1 983 -1 90 -1 391 -1 4242 -1 -2
95 -1 212 -1 22 -1 7 -1 5056 -1 229 -1 252 -1 25 -1 5080 -1 2957 -1 -2
285 -1 22 -1 15 -1 4855 -1 -2
7 -1 246 -1 304 -1 87 -1 340 -1 2559 -1 5081 -1 37 -1 19 -1 399 -1 40 -1 51 -1 25 -1 5082 -1 273 -1 22 -1 5083 -1 -2
2 -1 1268 -1 5084 -1 1159 -1 18 -1 15 -1 95 -1 805 -1 -2
285 -1 22 -1 2559 -1 53 -1 340 -1 5085 -1 15 -1 4855 -1 -2
2559 -1 2847 -1 460 -1 87 -1 5086 -1 -2
1437 -1 131 -1 15 -1 4855 -1 -2
2559 -1 5 -1 131 -1 87 -1 241 -1 40 -1 5087 -1 45 -1 2502 -1 89 -1 5088 -1 327 -1 25 -1 1568 -1 1374 -1 220 -1 136 -1 -2
4855 -1 4879 -1 45 -1 2516 -1 87 -1 1949 -1 45 -1 307 -1 -2
10 -1 856 -1 3330 -1 80 -1 2559 -1 331 -1 45 -1 1066 -1 5089 -1 4644 -1 87 -1 957 -1 4855 -1 25 -1 84 -1 388 -1 -2
4189 -1 15 -1 4855 -1 -2
7 -1 340 -1 36 -1 1213 -1 45 -1 860 -1 5090 -1 -2
1292 -1 696 -1 40 -1 1692 -1 5091 -1 22 -1 7 -1 5092 -1 1241 -1 87 -1 2 -1 299 -1 171 -1 300 -1 5093 -1 22 -1 412 -1 1558 -1 -2
106 -1 24 -1 7 -1 5094 -1 87 -1 7 -1 3327 -1 87 -1 382 -1 87 -1 66 -1 5095 -1 2 -1 662 -1 441 -1 7 -1 5014 -1 790 -1 51 -1 5096 -1 6 -1 2472 -1 -2
2 -1 746 -1 16 -1 36 -1 22 -1 123 -1 79 -1 5097 -1 4207 -1 -2
18 -1 5098 -1 40 -1 561 -1 285 -1 461 -1 5099 -1 3267 -1 691 -1 5100 -1 87 -1 2 -1 3267 -1 13 -1 66 -1 19 -1 401 -1 4924 -1 -2
53 -1 11 -1 2 -1 971 -1 131 -1 79 -1 7 -1 5101 -1 3464 -1 -2
4839 -1 87 -1 562 -1 2 -1 121 -1 123 -1 229 -1 79 -1 5102 -1 18 -1 5098 -1 5103 -1 53 -1 54 -1 53 -1 172 -1 114 -1 5098 -1 18 -1 -2
2 -1 198 -1 87 -1 5 -1 131 -1 22 -1 7 -1 1253 -1 89 -1 2 -1 19 -1 551 -1 507 -1 89 -1 7 -1 336 -1 316 -1 -2
87 -1 229 -1 53 -1 54 -1 3464 -1 -2
4839 -1 -2
106 -1 24 -1 5104 -1 461 -1 40 -1 57 -1 89 -1 4 -1 66 -1 54 -1 679 -1 1945 -1 126 -1 12 -1 97 -1 497 -1 269 -1 1428 -1 15 -1 4855 -1 -2
80 -1 38 -1 1159 -1 -2
2 -1 1614 -1 818 -1 285 -1 316 -1 861 -1 -2
7 -1 512 -1 38 -1 7 -1 2580 -1 73 -1 792 -1 441 -1 1159 -1 80 -1 38 -1 -2
52 -1 2 -1 299 -1 11 -1 684 -1 412 -1 1900 -1 2358 -1 38 -1 2057 -1 1183 -1 2 -1 817 -1 80 -1 -2
658 -1 3272 -1 327 -1 1277 -1 5105 -1 181 -1 1159 -1 25 -1 84 -1 856 -1 1409 -1 10 -1 1159 -1 25 -1 3450 -1 308 -1 561 -1 25 -1 5106 -1 73 -1 1123 -1 382 -1 2764 -1 -2
80 -1 19 -1 419 -1 551 -1 12 -1 2829 -1 53 -1 4855 -1 198 -1 40 -1 45 -1 4825 -1 -2
562 -1 18 -1 3220 -1 18 -1 15 -1 5107 -1 332 -1 5078 -1 2559 -1 4946 -1 1126 -1 45 -1 148 -1 5108 -1 588 -1 -2
418 -1 936 -1 3464 -1 -2
4839 -1 2 -1 179 -1 -2
53 -1 195 -1 325 -1 -2
558 -1 7 -1 1656 -1 418 -1 936 -1 195 -1 325 -1 53 -1 340 -1 5109 -1 4855 -1 4921 -1 -2
562 -1 2559 -1 19 -1 650 -1 158 -1 18 -1 47 -1 40 -1 5110 -1 5111 -1 114 -1 -2
10 -1 2 -1 1264 -1 180 -1 53 -1 856 -1 1409 -1 12 -1 2394 -1 40 -1 53 -1 3464 -1 -2
4839 -1 -2
53 -1 622 -1 5112 -1 80 -1 340 -1 36 -1 4855 -1 4921 -1 -2
7 -1 538 -1 4633 -1 -2
269 -1 5113 -1 15 -1 4819 -1 -2
418 -1 269 -1 1959 -1 340 -1 36 -1 -2
423 -1 2 -1 1771 -1 13 -1 2434 -1 80 -1 25 -1 513 -1 5114 -1 40 -1 3346 -1 4917 -1 15 -1 4822 -1 -2
175 -1 121 -1 25 -1 419 -1 431 -1 5115 -1 214 -1 53 -1 195 -1 95 -1 80 -1 43 -1 15 -1 84 -1 4839 -1 -2
933 -1 92 -1 441 -1 5116 -1 5117 -1 -2
7 -1 446 -1 327 -1 285 -1 22 -1 16 -1 6 -1 16 -1 87 -1 5118 -1 98 -1 1787 -1 -2
5115 -1 3002 -1 40 -1 519 -1 643 -1 904 -1 1293 -1 214 -1 91 -1 327 -1 696 -1 607 -1 1790 -1 5119 -1 -2
18 -1 299 -1 236 -1 1277 -1 2402 -1 95 -1 860 -1 87 -1 18 -1 299 -1 184 -1 1277 -1 1820 -1 66 -1 580 -1 5120 -1 335 -1 25 -1 5121 -1 5122 -1 8 -1 -2
7 -1 1444 -1 73 -1 45 -1 4265 -1 19 -1 22 -1 45 -1 141 -1 25 -1 84 -1 1027 -1 5123 -1 87 -1 562 -1 106 -1 53 -1 15 -1 40 -1 136 -1 327 -1 1026 -1 158 -1 73 -1 67 -1 1340 -1 18 -1 963 -1 5124 -1 80 -1 19 -1 1857 -1 66 -1 5115 -1 19 -1 1165 -1 419 -1 40 -1 5125 -1 7 -1 5126 -1 73 -1 7 -1 5127 -1 580 -1 19 -1 2300 -1 87 -1 5128 -1 22 -1 1704 -1 -2
441 -1 7 -1 3901 -1 4 -1 331 -1 6 -1 161 -1 5129 -1 73 -1 3865 -1 3195 -1 66 -1 18 -1 1771 -1 16 -1 1766 -1 51 -1 25 -1 513 -1 4818 -1 214 -1 18 -1 1771 -1 291 -1 462 -1 5130 -1 1293 -1 25 -1 5131 -1 -2
22 -1 7 -1 909 -1 18 -1 589 -1 13 -1 739 -1 98 -1 740 -1 -2
4856 -1 562 -1 18 -1 184 -1 25 -1 36 -1 857 -1 966 -1 4119 -1 22 -1 1558 -1 18 -1 1037 -1 5132 -1 161 -1 3218 -1 -2
80 -1 31 -1 40 -1 898 -1 136 -1 35 -1 25 -1 4356 -1 -2
35 -1 89 -1 136 -1 18 -1 19 -1 29 -1 66 -1 538 -1 4633 -1 335 -1 25 -1 8 -1 -2
562 -1 18 -1 252 -1 124 -1 5133 -1 40 -1 760 -1 1220 -1 1851 -1 2130 -1 136 -1 66 -1 18 -1 64 -1 298 -1 45 -1 4101 -1 -2
18 -1 198 -1 40 -1 171 -1 332 -1 343 -1 5134 -1 87 -1 2140 -1 40 -1 519 -1 22 -1 45 -1 5135 -1 214 -1 18 -1 327 -1 1162 -1 696 -1 5136 -1 -2
95 -1 401 -1 16 -1 73 -1 519 -1 308 -1 136 -1 4961 -1 40 -1 60 -1 87 -1 80 -1 589 -1 13 -1 2227 -1 136 -1 -2
80 -1 19 -1 2487 -1 35 -1 214 -1 3628 -1 327 -1 285 -1 131 -1 -2
513 -1 4819 -1 198 -1 40 -1 171 -1 136 -1 22 -1 45 -1 5091 -1 87 -1 3220 -1 40 -1 7 -1 264 -1 40 -1 1234 -1 5115 -1 38 -1 2527 -1 22 -1 45 -1 1151 -1 -2
1851 -1 4848 -1 40 -1 41 -1 2320 -1 40 -1 136 -1 80 -1 19 -1 235 -1 66 -1 7 -1 2263 -1 198 -1 149 -1 87 -1 4921 -1 87 -1 308 -1 98 -1 1787 -1 73 -1 25 -1 4842 -1 -2
4822 -1 15 -1 54 -1 53 -1 1426 -1 138 -1 95 -1 80 -1 5115 -1 -2
2 -1 622 -1 662 -1 175 -1 1573 -1 80 -1 2201 -1 5115 -1 106 -1 109 -1 622 -1 53 -1 57 -1 95 -1 80 -1 562 -1 4822 -1 3555 -1 7 -1 5082 -1 37 -1 19 -1 5137 -1 95 -1 66 -1 90 -1 127 -1 136 -1 48 -1 7 -1 4623 -1 87 -1 1335 -1 45 -1 606 -1 22 -1 2110 -1 -2
66 -1 1323 -1 1245 -1 -2
918 -1 4848 -1 254 -1 171 -1 87 -1 18 -1 4429 -1 5138 -1 73 -1 441 -1 7 -1 1142 -1 66 -1 1150 -1 285 -1 40 -1 5014 -1 -2
80 -1 19 -1 25 -1 5139 -1 84 -1 3710 -1 149 -1 22 -1 7 -1 264 -1 -2
91 -1 2140 -1 2037 -1 73 -1 5115 -1 -2
1391 -1 121 -1 967 -1 22 -1 45 -1 141 -1 15 -1 4822 -1 -2
91 -1 327 -1 1609 -1 5140 -1 40 -1 5141 -1 5142 -1 95 -1 7 -1 5143 -1 87 -1 5144 -1 73 -1 7 -1 139 -1 87 -1 919 -1 760 -1 5145 -1 6 -1 5115 -1 145 -1 25 -1 5146 -1 22 -1 7 -1 264 -1 -2
80 -1 5147 -1 519 -1 87 -1 91 -1 1931 -1 -2
95 -1 401 -1 16 -1 2764 -1 5115 -1 2104 -1 48 -1 7 -1 3175 -1 -2
91 -1 92 -1 441 -1 35 -1 497 -1 4 -1 -2
12 -1 650 -1 40 -1 5148 -1 25 -1 5149 -1 7 -1 5123 -1 22 -1 45 -1 141 -1 19 -1 3225 -1 6 -1 25 -1 5150 -1 5151 -1 -2
45 -1 945 -1 92 -1 894 -1 87 -1 5152 -1 -2
4819 -1 619 -1 158 -1 4568 -1 79 -1 7 -1 1155 -1 4822 -1 87 -1 84 -1 4839 -1 2527 -1 95 -1 98 -1 5153 -1 5154 -1 310 -1 7 -1 5155 -1 44 -1 5156 -1 -2
214 -1 987 -1 5157 -1 327 -1 285 -1 87 -1 3711 -1 536 -1 135 -1 519 -1 91 -1 182 -1 13 -1 613 -1 696 -1 5158 -1 2423 -1 -2
5115 -1 385 -1 40 -1 180 -1 519 -1 73 -1 272 -1 63 -1 80 -1 430 -1 5159 -1 22 -1 45 -1 1332 -1 87 -1 235 -1 44 -1 18 -1 3174 -1 158 -1 114 -1 -2
978 -1 91 -1 198 -1 5160 -1 149 -1 40 -1 5161 -1 5091 -1 -2
2413 -1 18 -1 1771 -1 180 -1 519 -1 73 -1 106 -1 18 -1 184 -1 335 -1 7 -1 8 -1 -2
18 -1 494 -1 497 -1 220 -1 7 -1 239 -1 -2
229 -1 19 -1 25 -1 84 -1 1027 -1 5123 -1 135 -1 45 -1 141 -1 -2
562 -1 91 -1 102 -1 215 -1 2408 -1 66 -1 708 -1 91 -1 428 -1 25 -1 576 -1 90 -1 40 -1 5162 -1 89 -1 1155 -1 87 -1 235 -1 252 -1 7 -1 379 -1 562 -1 91 -1 1931 -1 89 -1 332 -1 16 -1 40 -1 563 -1 158 -1 7 -1 4217 -1 -2
4819 -1 15 -1 95 -1 401 -1 24 -1 7 -1 162 -1 73 -1 25 -1 36 -1 1549 -1 5163 -1 38 -1 5164 -1 1570 -1 2 -1 5165 -1 60 -1 53 -1 649 -1 18 -1 19 -1 650 -1 40 -1 5148 -1 4822 -1 491 -1 87 -1 47 -1 158 -1 7 -1 4217 -1 87 -1 124 -1 7 -1 2126 -1 3976 -1 711 -1 18 -1 15 -1 229 -1 38 -1 25 -1 2564 -1 -2
18 -1 179 -1 613 -1 327 -1 967 -1 22 -1 45 -1 141 -1 25 -1 4207 -1 1485 -1 22 -1 760 -1 1220 -1 -2
7 -1 36 -1 87 -1 7 -1 641 -1 5166 -1 22 -1 5167 -1 5168 -1 7 -1 1025 -1 5169 -1 87 -1 1405 -1 84 -1 1139 -1 5170 -1 945 -1 -2
44 -1 7 -1 36 -1 5171 -1 87 -1 2371 -1 79 -1 45 -1 508 -1 89 -1 25 -1 379 -1 35 -1 214 -1 332 -1 5172 -1 1071 -1 327 -1 957 -1 135 -1 45 -1 4202 -1 235 -1 18 -1 5173 -1 58 -1 25 -1 4028 -1 36 -1 87 -1 224 -1 -2
7 -1 641 -1 1331 -1 45 -1 472 -1 5174 -1 87 -1 145 -1 161 -1 2410 -1 40 -1 5175 -1 45 -1 28 -1 607 -1 66 -1 7 -1 1526 -1 2207 -1 40 -1 7 -1 5176 -1 24 -1 161 -1 3112 -1 1987 -1 58 -1 25 -1 2552 -1 5177 -1 48 -1 7 -1 8 -1 -2
7 -1 641 -1 2912 -1 -2
2787 -1 1276 -1 124 -1 441 -1 3605 -1 47 -1 98 -1 484 -1 220 -1 66 -1 134 -1 5178 -1 220 -1 7 -1 5176 -1 -2
22 -1 25 -1 379 -1 229 -1 19 -1 25 -1 4026 -1 4823 -1 5179 -1 1523 -1 226 -1 7 -1 36 -1 -2
25 -1 2846 -1 73 -1 5180 -1 5181 -1 5182 -1 730 -1 40 -1 87 -1 1538 -1 1121 -1 441 -1 7 -1 1170 -1 1491 -1 -2
558 -1 1021 -1 559 -1 -2
558 -1 1021 -1 559 -1 418 -1 25 -1 5183 -1 2 -1 1399 -1 5184 -1 1391 -1 121 -1 25 -1 153 -1 558 -1 1021 -1 559 -1 -2
558 -1 1021 -1 559 -1 3 -1 5185 -1 73 -1 1276 -1 2057 -1 124 -1 2635 -1 3605 -1 981 -1 95 -1 382 -1 1624 -1 40 -1 228 -1 25 -1 513 -1 1523 -1 -2
2263 -1 252 -1 124 -1 335 -1 7 -1 4207 -1 -2
131 -1 411 -1 98 -1 99 -1 924 -1 432 -1 411 -1 382 -1 4414 -1 73 -1 1276 -1 494 -1 25 -1 36 -1 263 -1 22 -1 7 -1 735 -1 2483 -1 6 -1 98 -1 4604 -1 580 -1 22 -1 2798 -1 5186 -1 3377 -1 25 -1 5187 -1 73 -1 1071 -1 40 -1 1944 -1 277 -1 519 -1 -2
1633 -1 22 -1 7 -1 5188 -1 5189 -1 471 -1 131 -1 3995 -1 1850 -1 40 -1 171 -1 1128 -1 -2
2263 -1 1847 -1 519 -1 3920 -1 1889 -1 58 -1 4837 -1 4 -1 2744 -1 89 -1 4138 -1 -2
1894 -1 7 -1 4127 -1 182 -1 51 -1 236 -1 2588 -1 22 -1 7 -1 162 -1 -2
558 -1 1021 -1 559 -1 332 -1 97 -1 40 -1 7 -1 1526 -1 87 -1 2413 -1 974 -1 7 -1 2653 -1 73 -1 356 -1 5190 -1 149 -1 220 -1 80 -1 459 -1 98 -1 1491 -1 87 -1 661 -1 5191 -1 40 -1 1633 -1 5192 -1 3950 -1 37 -1 92 -1 4279 -1 22 -1 7 -1 365 -1 1234 -1 5193 -1 5194 -1 5195 -1 1264 -1 918 -1 -2
106 -1 60 -1 918 -1 691 -1 295 -1 -2
5193 -1 1851 -1 316 -1 22 -1 7 -1 1542 -1 44 -1 15 -1 1234 -1 1828 -1 1494 -1 4139 -1 66 -1 5196 -1 -2
2 -1 267 -1 643 -1 5197 -1 42 -1 248 -1 15 -1 10 -1 5198 -1 441 -1 43 -1 7 -1 641 -1 37 -1 327 -1 696 -1 24 -1 7 -1 5167 -1 19 -1 1207 -1 5199 -1 25 -1 2486 -1 57 -1 22 -1 45 -1 141 -1 87 -1 1543 -1 7 -1 166 -1 860 -1 -2
1610 -1 18 -1 273 -1 226 -1 136 -1 5200 -1 24 -1 5201 -1 1614 -1 35 -1 214 -1 18 -1 1609 -1 2126 -1 5202 -1 40 -1 285 -1 124 -1 7 -1 2763 -1 -2
7 -1 4 -1 226 -1 136 -1 1046 -1 5203 -1 136 -1 1183 -1 18 -1 19 -1 2394 -1 40 -1 563 -1 45 -1 860 -1 220 -1 7 -1 5204 -1 73 -1 7 -1 1526 -1 40 -1 5205 -1 45 -1 5206 -1 -2
1633 -1 1520 -1 7 -1 36 -1 220 -1 7 -1 5176 -1 95 -1 103 -1 184 -1 45 -1 1526 -1 195 -1 142 -1 25 -1 3369 -1 5207 -1 -2
80 -1 19 -1 35 -1 214 -1 161 -1 3159 -1 860 -1 327 -1 491 -1 123 -1 124 -1 7 -1 1108 -1 87 -1 327 -1 367 -1 136 -1 6 -1 7 -1 1848 -1 -2
18 -1 31 -1 1509 -1 460 -1 5208 -1 2405 -1 879 -1 45 -1 1526 -1 5209 -1 5174 -1 45 -1 148 -1 405 -1 87 -1 45 -1 606 -1 2657 -1 5210 -1 4644 -1 -2
142 -1 45 -1 5211 -1 5212 -1 5213 -1 16 -1 182 -1 171 -1 7 -1 5214 -1 5215 -1 5151 -1 73 -1 45 -1 483 -1 66 -1 4301 -1 24 -1 25 -1 5121 -1 1071 -1 35 -1 25 -1 2552 -1 1865 -1 3811 -1 95 -1 1633 -1 971 -1 3950 -1 37 -1 31 -1 226 -1 40 -1 5216 -1 80 -1 411 -1 929 -1 -2
35 -1 89 -1 7 -1 4 -1 97 -1 91 -1 3223 -1 316 -1 473 -1 35 -1 214 -1 91 -1 1609 -1 80 -1 1865 -1 1727 -1 588 -1 87 -1 5217 -1 519 -1 -2
98 -1 141 -1 2088 -1 92 -1 943 -1 22 -1 25 -1 5218 -1 73 -1 5219 -1 -2
91 -1 3724 -1 31 -1 40 -1 4980 -1 -2
91 -1 92 -1 828 -1 25 -1 5220 -1 48 -1 580 -1 25 -1 4253 -1 356 -1 327 -1 2579 -1 87 -1 7 -1 3321 -1 73 -1 382 -1 3649 -1 73 -1 1558 -1 211 -1 2580 -1 943 -1 519 -1 5221 -1 -2
4856 -1 124 -1 7 -1 365 -1 25 -1 36 -1 252 -1 1998 -1 45 -1 309 -1 5222 -1 2892 -1 66 -1 229 -1 19 -1 25 -1 602 -1 40 -1 51 -1 1573 -1 87 -1 1991 -1 5223 -1 40 -1 817 -1 25 -1 834 -1 73 -1 80 -1 -2
904 -1 5224 -1 4 -1 196 -1 95 -1 933 -1 5225 -1 562 -1 91 -1 360 -1 220 -1 98 -1 1578 -1 -2
7 -1 4207 -1 5226 -1 2780 -1 3806 -1 382 -1 1485 -1 22 -1 545 -1 5227 -1 -2
4856 -1 131 -1 684 -1 7 -1 5228 -1 1731 -1 1949 -1 7 -1 4207 -1 16 -1 182 -1 739 -1 1610 -1 25 -1 59 -1 44 -1 3639 -1 87 -1 44 -1 3339 -1 -2
149 -1 7 -1 1491 -1 73 -1 7 -1 1523 -1 3223 -1 161 -1 1076 -1 5229 -1 1575 -1 176 -1 4821 -1 2240 -1 5057 -1 7 -1 1526 -1 79 -1 7 -1 5230 -1 31 -1 58 -1 25 -1 3118 -1 73 -1 5231 -1 2579 -1 22 -1 382 -1 4253 -1 433 -1 -2
63 -1 391 -1 7 -1 103 -1 5232 -1 73 -1 1569 -1 327 -1 1026 -1 126 -1 229 -1 92 -1 1633 -1 22 -1 7 -1 1523 -1 37 -1 241 -1 40 -1 5233 -1 1709 -1 73 -1 332 -1 309 -1 40 -1 868 -1 -2
25 -1 248 -1 247 -1 158 -1 5087 -1 45 -1 5234 -1 7 -1 641 -1 87 -1 25 -1 36 -1 79 -1 7 -1 108 -1 503 -1 73 -1 7 -1 1526 -1 241 -1 40 -1 5087 -1 7 -1 5234 -1 87 -1 5235 -1 7 -1 5108 -1 73 -1 7 -1 36 -1 -2
25 -1 116 -1 5236 -1 44 -1 486 -1 87 -1 5237 -1 241 -1 40 -1 5238 -1 7 -1 1523 -1 316 -1 -2
817 -1 316 -1 5239 -1 316 -1 18 -1 1235 -1 70 -1 879 -1 18 -1 586 -1 95 -1 519 -1 -2
18 -1 31 -1 40 -1 613 -1 2815 -1 7 -1 1523 -1 4751 -1 136 -1 -2
18 -1 87 -1 42 -1 36 -1 5240 -1 131 -1 6 -1 7 -1 36 -1 22 -1 7 -1 711 -1 87 -1 1204 -1 45 -1 3395 -1 95 -1 7 -1 1332 -1 -2
805 -1 91 -1 2181 -1 25 -1 2855 -1 87 -1 943 -1 80 -1 2402 -1 40 -1 7 -1 166 -1 377 -1 -2
382 -1 5241 -1 3089 -1 44 -1 473 -1 411 -1 98 -1 99 -1 22 -1 7 -1 1071 -1 73 -1 7 -1 5242 -1 734 -1 3811 -1 145 -1 7 -1 1523 -1 5243 -1 -2
2867 -1 5244 -1 5245 -1 182 -1 51 -1 236 -1 -2
229 -1 92 -1 4 -1 37 -1 4533 -1 5246 -1 25 -1 5247 -1 22 -1 7 -1 5248 -1 73 -1 98 -1 61 -1 40 -1 171 -1 7 -1 431 -1 -2
3799 -1 2263 -1 327 -1 696 -1 5249 -1 7 -1 641 -1 -2
558 -1 45 -1 1812 -1 -2
684 -1 297 -1 18 -1 971 -1 235 -1 25 -1 1530 -1 486 -1 -2
7 -1 103 -1 1732 -1 73 -1 382 -1 84 -1 4176 -1 327 -1 2391 -1 79 -1 234 -1 45 -1 5202 -1 63 -1 936 -1 18 -1 252 -1 5250 -1 2614 -1 45 -1 2445 -1 5251 -1 149 -1 7 -1 1523 -1 87 -1 5252 -1 66 -1 5253 -1 4674 -1 377 -1 -2
18 -1 2850 -1 7 -1 1523 -1 35 -1 214 -1 18 -1 92 -1 25 -1 1762 -1 73 -1 5254 -1 5255 -1 -2
7 -1 1276 -1 3522 -1 5256 -1 135 -1 382 -1 5257 -1 -2
4856 -1 18 -1 268 -1 285 -1 298 -1 309 -1 229 -1 -2
285 -1 936 -1 18 -1 19 -1 2899 -1 25 -1 36 -1 1549 -1 1558 -1 19 -1 5258 -1 158 -1 73 -1 136 -1 6 -1 1276 -1 37 -1 92 -1 2839 -1 5259 -1 87 -1 2528 -1 35 -1 40 -1 5260 -1 79 -1 128 -1 22 -1 7 -1 4296 -1 -2
18 -1 206 -1 7 -1 2110 -1 468 -1 519 -1 66 -1 25 -1 5261 -1 5262 -1 5263 -1 468 -1 7 -1 5264 -1 66 -1 5265 -1 22 -1 2763 -1 87 -1 5266 -1 269 -1 5267 -1 -2
562 -1 18 -1 215 -1 95 -1 7 -1 2812 -1 73 -1 7 -1 1523 -1 18 -1 103 -1 15 -1 931 -1 558 -1 1021 -1 559 -1 172 -1 87 -1 235 -1 562 -1 18 -1 184 -1 66 -1 4253 -1 3118 -1 73 -1 5268 -1 95 -1 7 -1 1489 -1 73 -1 7 -1 8 -1 73 -1 4 -1 18 -1 15 -1 40 -1 80 -1 285 -1 5269 -1 123 -1 158 -1 66 -1 -2
5269 -1 158 -1 25 -1 172 -1 1982 -1 148 -1 92 -1 1213 -1 22 -1 7 -1 1523 -1 87 -1 25 -1 2846 -1 73 -1 5270 -1 927 -1 19 -1 703 -1 95 -1 7 -1 2091 -1 -2
1015 -1 1391 -1 121 -1 25 -1 153 -1 1264 -1 918 -1 171 -1 1391 -1 121 -1 25 -1 153 -1 106 -1 5271 -1 918 -1 1451 -1 -2
791 -1 12 -1 51 -1 7 -1 1530 -1 709 -1 24 -1 25 -1 388 -1 7 -1 1523 -1 124 -1 1549 -1 2248 -1 5272 -1 7 -1 5273 -1 740 -1 327 -1 4072 -1 -2
25 -1 5274 -1 327 -1 285 -1 -2
18 -1 87 -1 7 -1 1530 -1 471 -1 131 -1 95 -1 7 -1 166 -1 503 -1 -2
4856 -1 7 -1 2091 -1 5275 -1 123 -1 40 -1 5276 -1 3175 -1 -2
7 -1 1523 -1 224 -1 126 -1 135 -1 45 -1 5277 -1 45 -1 5278 -1 45 -1 5279 -1 5180 -1 87 -1 135 -1 7 -1 5280 -1 73 -1 1633 -1 3 -1 584 -1 5281 -1 5282 -1 -2
95 -1 401 -1 7 -1 4823 -1 3950 -1 184 -1 7 -1 36 -1 79 -1 7 -1 5176 -1 2203 -1 40 -1 4980 -1 536 -1 5283 -1 35 -1 214 -1 18 -1 327 -1 1162 -1 285 -1 40 -1 7 -1 5284 -1 124 -1 332 -1 1218 -1 467 -1 -2
18 -1 5285 -1 25 -1 2136 -1 1175 -1 22 -1 45 -1 1206 -1 309 -1 -2
80 -1 19 -1 58 -1 25 -1 5286 -1 5287 -1 211 -1 7 -1 503 -1 5288 -1 73 -1 25 -1 84 -1 5289 -1 5290 -1 -2
35 -1 382 -1 1175 -1 198 -1 3098 -1 40 -1 441 -1 1633 -1 3250 -1 1316 -1 7 -1 5291 -1 5292 -1 5293 -1 114 -1 1347 -1 1183 -1 7 -1 5274 -1 19 -1 2394 -1 40 -1 5294 -1 5295 -1 25 -1 1080 -1 213 -1 -2
7 -1 1530 -1 327 -1 2391 -1 40 -1 3237 -1 7 -1 5296 -1 2434 -1 -2
235 -1 25 -1 36 -1 2181 -1 42 -1 2855 -1 87 -1 22 -1 269 -1 3665 -1 1071 -1 7 -1 5274 -1 206 -1 7 -1 3695 -1 73 -1 7 -1 2467 -1 36 -1 1131 -1 40 -1 3147 -1 214 -1 983 -1 2955 -1 327 -1 696 -1 2483 -1 6 -1 45 -1 2472 -1 40 -1 7 -1 827 -1 5176 -1 -2
7 -1 1523 -1 4625 -1 87 -1 5297 -1 114 -1 -2
80 -1 19 -1 35 -1 214 -1 91 -1 3518 -1 1609 -1 40 -1 171 -1 1849 -1 6 -1 7 -1 1071 -1 73 -1 7 -1 2855 -1 87 -1 7 -1 61 -1 145 -1 519 -1 1652 -1 924 -1 5223 -1 -2
7 -1 1530 -1 3220 -1 87 -1 1501 -1 24 -1 519 -1 -2
7 -1 5274 -1 273 -1 123 -1 4856 -1 40 -1 5298 -1 87 -1 5299 -1 3175 -1 -2
95 -1 401 -1 158 -1 73 -1 7 -1 1772 -1 5300 -1 73 -1 1071 -1 1879 -1 123 -1 7 -1 4207 -1 229 -1 252 -1 7 -1 774 -1 73 -1 25 -1 5301 -1 4273 -1 1583 -1 -2
25 -1 4208 -1 5302 -1 3029 -1 40 -1 7 -1 352 -1 24 -1 4274 -1 4871 -1 40 -1 16 -1 503 -1 24 -1 5303 -1 4281 -1 -2
87 -1 235 -1 7 -1 887 -1 4295 -1 24 -1 269 -1 5151 -1 73 -1 874 -1 5304 -1 87 -1 1415 -1 4047 -1 5301 -1 2122 -1 48 -1 834 -1 7 -1 1600 -1 2042 -1 -2
25 -1 1828 -1 36 -1 35 -1 1395 -1 924 -1 35 -1 214 -1 18 -1 92 -1 95 -1 25 -1 5305 -1 5 -1 220 -1 7 -1 365 -1 2786 -1 -2
562 -1 91 -1 794 -1 123 -1 7 -1 1524 -1 1526 -1 124 -1 580 -1 252 -1 84 -1 5306 -1 87 -1 5307 -1 7 -1 1523 -1 924 -1 47 -1 48 -1 25 -1 946 -1 -2
562 -1 7 -1 5296 -1 806 -1 79 -1 269 -1 1320 -1 87 -1 5308 -1 2336 -1 91 -1 354 -1 87 -1 509 -1 1183 -1 80 -1 19 -1 1093 -1 158 -1 73 -1 2316 -1 -2
332 -1 169 -1 98 -1 309 -1 24 -1 161 -1 162 -1 73 -1 1607 -1 -2
2263 -1 423 -1 1336 -1 40 -1 5309 -1 391 -1 7 -1 737 -1 5296 -1 87 -1 269 -1 5310 -1 35 -1 214 -1 91 -1 327 -1 696 -1 5311 -1 35 -1 214 -1 7 -1 5312 -1 327 -1 696 -1 5313 -1 131 -1 79 -1 25 -1 4366 -1 66 -1 19 -1 63 -1 2867 -1 5314 -1 87 -1 382 -1 5253 -1 1097 -1 5315 -1 277 -1 25 -1 5316 -1 87 -1 98 -1 1569 -1 31 -1 40 -1 298 -1 519 -1 719 -1 161 -1 4016 -1 -2
5317 -1 5318 -1 760 -1 1220 -1 -2
269 -1 5319 -1 2406 -1 613 -1 936 -1 1026 -1 126 -1 -2
63 -1 269 -1 5320 -1 423 -1 5321 -1 1790 -1 1549 -1 5322 -1 54 -1 3671 -1 -2
7 -1 5323 -1 5095 -1 73 -1 5324 -1 5325 -1 -2
5317 -1 5318 -1 38 -1 25 -1 836 -1 87 -1 5326 -1 1748 -1 277 -1 1970 -1 87 -1 1604 -1 5047 -1 -2
95 -1 708 -1 7 -1 4207 -1 4210 -1 4005 -1 5327 -1 4245 -1 7 -1 735 -1 40 -1 51 -1 1278 -1 87 -1 22 -1 7 -1 958 -1 16 -1 5328 -1 1679 -1 73 -1 5329 -1 5330 -1 5331 -1 24 -1 4856 -1 7 -1 5151 -1 73 -1 25 -1 3048 -1 5332 -1 -2
1128 -1 38 -1 5333 -1 5334 -1 87 -1 73 -1 5335 -1 2905 -1 1859 -1 1161 -1 80 -1 51 -1 7 -1 1455 -1 2504 -1 87 -1 5336 -1 73 -1 7 -1 1530 -1 79 -1 45 -1 5337 -1 -2
7 -1 5338 -1 4987 -1 5339 -1 5340 -1 3806 -1 16 -1 669 -1 73 -1 7 -1 5318 -1 87 -1 25 -1 5341 -1 5342 -1 7 -1 84 -1 5343 -1 5344 -1 22 -1 7 -1 711 -1 73 -1 5345 -1 4207 -1 -2
16 -1 5346 -1 856 -1 300 -1 161 -1 5347 -1 276 -1 182 -1 817 -1 300 -1 161 -1 5348 -1 444 -1 5349 -1 63 -1 35 -1 25 -1 559 -1 73 -1 2798 -1 5317 -1 5318 -1 87 -1 5317 -1 4207 -1 580 -1 4484 -1 124 -1 80 -1 5350 -1 40 -1 5351 -1 4207 -1 92 -1 1183 -1 25 -1 1017 -1 3297 -1 5352 -1 3 -1 73 -1 7 -1 1631 -1 5353 -1 5354 -1 5355 -1 22 -1 760 -1 1220 -1 -2
5351 -1 4207 -1 5345 -1 4207 -1 87 -1 4533 -1 441 -1 7 -1 4296 -1 5356 -1 92 -1 1631 -1 5357 -1 4189 -1 7 -1 108 -1 4296 -1 198 -1 126 -1 87 -1 4878 -1 -2
40 -1 2270 -1 25 -1 5349 -1 22 -1 5317 -1 5318 -1 22 -1 1633 -1 2406 -1 25 -1 36 -1 19 -1 2394 -1 40 -1 5358 -1 25 -1 939 -1 73 -1 1047 -1 5359 -1 87 -1 643 -1 5360 -1 19 -1 904 -1 1278 -1 1293 -1 7 -1 36 -1 37 -1 327 -1 25 -1 419 -1 3512 -1 5361 -1 40 -1 45 -1 5362 -1 -2
7 -1 5320 -1 89 -1 7 -1 1631 -1 1732 -1 92 -1 5331 -1 87 -1 91 -1 5363 -1 7 -1 1165 -1 5319 -1 5364 -1 73 -1 98 -1 2058 -1 -2
7 -1 5365 -1 4761 -1 994 -1 40 -1 519 -1 24 -1 7 -1 5366 -1 73 -1 161 -1 5367 -1 87 -1 1692 -1 708 -1 7 -1 2080 -1 5048 -1 206 -1 1849 -1 -2
5317 -1 5318 -1 19 -1 13 -1 25 -1 4750 -1 5343 -1 95 -1 382 -1 3391 -1 -2
80 -1 19 -1 25 -1 4207 -1 41 -1 5368 -1 25 -1 4096 -1 89 -1 3026 -1 -2
5369 -1 252 -1 172 -1 5370 -1 24 -1 98 -1 5371 -1 87 -1 924 -1 983 -1 1766 -1 747 -1 1441 -1 1026 -1 1121 -1 7 -1 5320 -1 -2
1749 -1 4433 -1 47 -1 25 -1 679 -1 401 -1 708 -1 5372 -1 145 -1 42 -1 5373 -1 87 -1 7 -1 5374 -1 4490 -1 1771 -1 298 -1 5375 -1 40 -1 51 -1 2864 -1 95 -1 7 -1 5376 -1 5377 -1 -2
35 -1 188 -1 696 -1 15 -1 5317 -1 5318 -1 19 -1 235 -1 643 -1 5343 -1 -2
25 -1 5378 -1 4247 -1 4505 -1 40 -1 298 -1 25 -1 5379 -1 2364 -1 1293 -1 5380 -1 142 -1 382 -1 1254 -1 66 -1 2055 -1 24 -1 7 -1 1631 -1 710 -1 1276 -1 22 -1 7 -1 1241 -1 -2
1161 -1 7 -1 5369 -1 73 -1 7 -1 5381 -1 488 -1 40 -1 1234 -1 805 -1 817 -1 22 -1 7 -1 5318 -1 87 -1 314 -1 441 -1 43 -1 1901 -1 25 -1 1530 -1 22 -1 5382 -1 73 -1 25 -1 4160 -1 1771 -1 1664 -1 4125 -1 126 -1 2160 -1 73 -1 392 -1 136 -1 48 -1 7 -1 5318 -1 -2
7 -1 1656 -1 92 -1 551 -1 513 -1 310 -1 25 -1 5383 -1 2091 -1 -2
867 -1 87 -1 983 -1 4 -1 37 -1 1865 -1 1652 -1 40 -1 613 -1 797 -1 226 -1 519 -1 92 -1 3922 -1 24 -1 441 -1 1618 -1 5384 -1 95 -1 7 -1 2368 -1 5385 -1 73 -1 7 -1 5318 -1 -2
95 -1 1411 -1 91 -1 92 -1 5386 -1 214 -1 91 -1 423 -1 5387 -1 98 -1 406 -1 -2
80 -1 19 -1 7 -1 2963 -1 40 -1 791 -1 1165 -1 84 -1 1250 -1 40 -1 519 -1 -2
229 -1 19 -1 1692 -1 5388 -1 89 -1 7 -1 5389 -1 73 -1 4280 -1 124 -1 5390 -1 40 -1 2024 -1 3333 -1 5391 -1 5392 -1 -2
87 -1 2201 -1 5317 -1 5318 -1 38 -1 2728 -1 79 -1 7 -1 1216 -1 73 -1 5317 -1 5393 -1 684 -1 22 -1 5394 -1 213 -1 5395 -1 274 -1 411 -1 7 -1 5396 -1 79 -1 7 -1 4082 -1 87 -1 5317 -1 5318 -1 22 -1 978 -1 213 -1 19 -1 7 -1 2408 -1 73 -1 1790 -1 73 -1 7 -1 615 -1 3381 -1 73 -1 7 -1 3845 -1 -2
25 -1 5397 -1 3680 -1 5398 -1 19 -1 2413 -1 7 -1 1631 -1 5399 -1 134 -1 73 -1 5317 -1 5400 -1 5401 -1 73 -1 5402 -1 -2
5398 -1 2172 -1 38 -1 1281 -1 936 -1 63 -1 18 -1 188 -1 737 -1 124 -1 7 -1 5318 -1 -2
7 -1 4674 -1 691 -1 136 -1 89 -1 3978 -1 -2
5398 -1 38 -1 25 -1 444 -1 5397 -1 87 -1 1165 -1 905 -1 -2
18 -1 188 -1 25 -1 2281 -1 483 -1 66 -1 5403 -1 74 -1 95 -1 7 -1 1001 -1 90 -1 87 -1 45 -1 2947 -1 411 -1 7 -1 5089 -1 38 -1 5404 -1 5405 -1 87 -1 5406 -1 -2
5398 -1 19 -1 3980 -1 5111 -1 562 -1 3526 -1 87 -1 22 -1 7 -1 3954 -1 73 -1 25 -1 5407 -1 18 -1 1771 -1 5408 -1 607 -1 5409 -1 226 -1 5410 -1 66 -1 1901 -1 7 -1 5411 -1 5412 -1 73 -1 340 -1 5413 -1 1771 -1 1107 -1 49 -1 -2
5398 -1 1922 -1 1631 -1 73 -1 80 -1 551 -1 -2
66 -1 38 -1 109 -1 45 -1 5117 -1 92 -1 3239 -1 -2
45 -1 5414 -1 92 -1 3873 -1 127 -1 6 -1 7 -1 5122 -1 3146 -1 5280 -1 73 -1 45 -1 5365 -1 -2
1352 -1 3126 -1 40 -1 5415 -1 5416 -1 24 -1 5398 -1 -2
25 -1 36 -1 22 -1 25 -1 5417 -1 2297 -1 223 -1 1771 -1 336 -1 131 -1 40 -1 1241 -1 4623 -1 87 -1 57 -1 95 -1 7 -1 5418 -1 135 -1 18 -1 1771 -1 4491 -1 7 -1 90 -1 73 -1 1766 -1 124 -1 7 -1 5419 -1 87 -1 4244 -1 5398 -1 -2
391 -1 5398 -1 22 -1 5420 -1 330 -1 252 -1 5421 -1 5422 -1 -2
3750 -1 2249 -1 5422 -1 19 -1 247 -1 5421 -1 5422 -1 2488 -1 18 -1 589 -1 13 -1 613 -1 25 -1 5423 -1 79 -1 45 -1 99 -1 -2
5422 -1 19 -1 25 -1 836 -1 5397 -1 87 -1 45 -1 1256 -1 73 -1 1747 -1 5424 -1 25 -1 3878 -1 36 -1 -2
5422 -1 19 -1 904 -1 2788 -1 904 -1 5425 -1 904 -1 5426 -1 1293 -1 7 -1 108 -1 36 -1 -2
7 -1 2286 -1 73 -1 45 -1 5359 -1 19 -1 58 -1 25 -1 5427 -1 22 -1 5428 -1 87 -1 45 -1 5429 -1 1083 -1 136 -1 40 -1 298 -1 1790 -1 5430 -1 -2
24 -1 441 -1 45 -1 5431 -1 2088 -1 5421 -1 19 -1 102 -1 4614 -1 40 -1 4847 -1 25 -1 5043 -1 40 -1 7 -1 5432 -1 22 -1 7 -1 2436 -1 1027 -1 4861 -1 123 -1 7 -1 5433 -1 1328 -1 -2
5434 -1 19 -1 42 -1 3310 -1 5435 -1 37 -1 145 -1 7 -1 575 -1 45 -1 2408 -1 -2
5434 -1 38 -1 497 -1 -2
5436 -1 5437 -1 188 -1 696 -1 1669 -1 40 -1 5438 -1 87 -1 391 -1 5439 -1 7 -1 5440 -1 3875 -1 73 -1 340 -1 36 -1 5441 -1 80 -1 3267 -1 51 -1 15 -1 66 -1 7 -1 5318 -1 38 -1 936 -1 5442 -1 73 -1 7 -1 4 -1 37 -1 805 -1 1971 -1 80 -1 24 -1 25 -1 2280 -1 73 -1 5443 -1 -2
80 -1 38 -1 1721 -1 3180 -1 40 -1 5112 -1 5444 -1 5445 -1 -2
5444 -1 38 -1 13 -1 25 -1 513 -1 134 -1 -2
5444 -1 38 -1 1162 -1 161 -1 3333 -1 84 -1 5446 -1 -2
1610 -1 5444 -1 5447 -1 25 -1 5043 -1 40 -1 45 -1 281 -1 7 -1 108 -1 84 -1 5448 -1 37 -1 298 -1 5449 -1 22 -1 7 -1 5318 -1 63 -1 18 -1 202 -1 297 -1 13 -1 971 -1 229 -1 87 -1 24 -1 136 -1 158 -1 73 -1 80 -1 229 -1 38 -1 936 -1 643 -1 16 -1 1549 -1 5450 -1 5451 -1 188 -1 2201 -1 4830 -1 136 -1 7 -1 4634 -1 73 -1 25 -1 5452 -1 -2
1161 -1 80 -1 38 -1 2889 -1 40 -1 1134 -1 1276 -1 936 -1 37 -1 2567 -1 7 -1 340 -1 5023 -1 2406 -1 1973 -1 80 -1 38 -1 63 -1 3 -1 3297 -1 3830 -1 7 -1 5318 -1 4301 -1 24 -1 5453 -1 58 -1 25 -1 760 -1 5454 -1 -2
63 -1 391 -1 25 -1 2496 -1 7 -1 5455 -1 746 -1 212 -1 -2
5324 -1 5325 -1 38 -1 16 -1 73 -1 7 -1 401 -1 5456 -1 73 -1 7 -1 2406 -1 73 -1 3810 -1 423 -1 4101 -1 229 -1 -2
370 -1 2539 -1 1895 -1 2107 -1 5457 -1 316 -1 40 -1 7 -1 5458 -1 73 -1 7 -1 103 -1 5459 -1 73 -1 7 -1 5460 -1 5461 -1 22 -1 7 -1 340 -1 5338 -1 5462 -1 87 -1 370 -1 1340 -1 38 -1 5463 -1 24 -1 5464 -1 4358 -1 -2
371 -1 95 -1 16 -1 90 -1 3388 -1 25 -1 867 -1 5465 -1 97 -1 7 -1 5466 -1 5438 -1 87 -1 7 -1 4790 -1 73 -1 441 -1 7 -1 5467 -1 5359 -1 73 -1 66 -1 5468 -1 22 -1 1224 -1 3297 -1 1529 -1 2051 -1 124 -1 370 -1 2939 -1 -2
91 -1 1979 -1 25 -1 1284 -1 36 -1 1692 -1 1766 -1 87 -1 5469 -1 198 -1 226 -1 7 -1 4296 -1 3405 -1 5470 -1 89 -1 712 -1 73 -1 7 -1 5471 -1 5472 -1 -2
95 -1 7 -1 2864 -1 1766 -1 7 -1 2898 -1 40 -1 5473 -1 2408 -1 38 -1 123 -1 25 -1 2295 -1 73 -1 5474 -1 5475 -1 66 -1 54 -1 5476 -1 79 -1 7 -1 5477 -1 73 -1 161 -1 340 -1 87 -1 5478 -1 5479 -1 2987 -1 -2
235 -1 229 -1 38 -1 25 -1 4623 -1 5480 -1 1293 -1 25 -1 5481 -1 1332 -1 87 -1 382 -1 4623 -1 4484 -1 40 -1 25 -1 84 -1 5482 -1 684 -1 5324 -1 3873 -1 5483 -1 5484 -1 6 -1 7 -1 2320 -1 -2
371 -1 38 -1 73 -1 644 -1 1165 -1 340 -1 87 -1 371 -1 38 -1 2107 -1 1165 -1 2175 -1 -2
371 -1 3731 -1 1894 -1 40 -1 51 -1 22 -1 513 -1 5485 -1 -2
371 -1 3210 -1 371 -1 38 -1 1211 -1 124 -1 5486 -1 1165 -1 5487 -1 5488 -1 73 -1 5486 -1 5489 -1 5490 -1 1447 -1 7 -1 103 -1 1732 -1 73 -1 25 -1 5491 -1 5440 -1 5043 -1 340 -1 5324 -1 31 -1 1631 -1 5492 -1 5493 -1 6 -1 370 -1 1628 -1 5494 -1 -2
370 -1 513 -1 1526 -1 500 -1 87 -1 370 -1 406 -1 2843 -1 3781 -1 1447 -1 370 -1 576 -1 87 -1 5495 -1 5496 -1 -2
124 -1 90 -1 40 -1 90 -1 371 -1 491 -1 370 -1 3696 -1 860 -1 87 -1 952 -1 25 -1 5497 -1 2002 -1 226 -1 370 -1 1393 -1 -2
371 -1 2114 -1 35 -1 3272 -1 25 -1 5149 -1 73 -1 25 -1 150 -1 3335 -1 4024 -1 5498 -1 5499 -1 5485 -1 35 -1 25 -1 4779 -1 5500 -1 4785 -1 182 -1 758 -1 40 -1 3147 -1 89 -1 1481 -1 5501 -1 -2
371 -1 1585 -1 58 -1 25 -1 540 -1 3638 -1 158 -1 79 -1 7 -1 4082 -1 87 -1 370 -1 340 -1 82 -1 70 -1 2913 -1 22 -1 7 -1 5502 -1 5503 -1 73 -1 7 -1 1842 -1 4864 -1 87 -1 5504 -1 150 -1 -2
3799 -1 370 -1 5505 -1 3223 -1 149 -1 7 -1 4873 -1 87 -1 2981 -1 5506 -1 5507 -1 -2
5508 -1 92 -1 145 -1 40 -1 7 -1 340 -1 5509 -1 5510 -1 -2
1628 -1 5511 -1 37 -1 327 -1 696 -1 1257 -1 2441 -1 73 -1 5443 -1 22 -1 7 -1 5512 -1 2406 -1 92 -1 4765 -1 40 -1 370 -1 87 -1 786 -1 370 -1 141 -1 241 -1 40 -1 5513 -1 -2
370 -1 82 -1 643 -1 1918 -1 2913 -1 -2
371 -1 31 -1 40 -1 5514 -1 89 -1 25 -1 3391 -1 370 -1 1344 -1 73 -1 5485 -1 22 -1 7 -1 516 -1 1058 -1 2483 -1 6 -1 7 -1 5515 -1 73 -1 7 -1 1199 -1 73 -1 370 -1 5510 -1 -2
80 -1 5516 -1 66 -1 371 -1 327 -1 327 -1 25 -1 5517 -1 1384 -1 24 -1 3105 -1 5518 -1 -2
371 -1 103 -1 4429 -1 7 -1 5519 -1 73 -1 3105 -1 5518 -1 856 -1 382 -1 5520 -1 3450 -1 488 -1 40 -1 5521 -1 24 -1 4233 -1 2345 -1 5522 -1 5472 -1 87 -1 5523 -1 -2
235 -1 371 -1 2130 -1 73 -1 7 -1 1384 -1 106 -1 5518 -1 15 -1 106 -1 371 -1 15 -1 -2
80 -1 3731 -1 66 -1 91 -1 5524 -1 919 -1 108 -1 35 -1 5525 -1 73 -1 5453 -1 87 -1 5526 -1 22 -1 904 -1 3518 -1 5527 -1 3983 -1 1293 -1 54 -1 5528 -1 1052 -1 40 -1 51 -1 3000 -1 -2
63 -1 80 -1 19 -1 16 -1 73 -1 5473 -1 1631 -1 5023 -1 5529 -1 87 -1 35 -1 371 -1 2130 -1 80 -1 25 -1 381 -1 4344 -1 149 -1 370 -1 377 -1 -2
102 -1 371 -1 965 -1 370 -1 5323 -1 5530 -1 40 -1 16 -1 73 -1 7 -1 1631 -1 5531 -1 5532 -1 66 -1 327 -1 1902 -1 7 -1 1241 -1 22 -1 5533 -1 2406 -1 -2
1015 -1 3210 -1 40 -1 12 -1 1015 -1 3210 -1 5534 -1 2951 -1 22 -1 5194 -1 549 -1 58 -1 5535 -1 5536 -1 106 -1 814 -1 60 -1 -2
53 -1 5537 -1 5538 -1 5539 -1 5540 -1 -2
1015 -1 121 -1 5541 -1 16 -1 5542 -1 161 -1 18 -1 267 -1 5543 -1 63 -1 962 -1 5544 -1 63 -1 5545 -1 5546 -1 53 -1 36 -1 5539 -1 5547 -1 971 -1 254 -1 2477 -1 5486 -1 3446 -1 5548 -1 5486 -1 5549 -1 5550 -1 1065 -1 5486 -1 1930 -1 5539 -1 5551 -1 149 -1 67 -1 1216 -1 36 -1 5198 -1 106 -1 2 -1 5552 -1 5553 -1 -2
5554 -1 5555 -1 2 -1 11 -1 5539 -1 22 -1 5556 -1 212 -1 1766 -1 5539 -1 36 -1 51 -1 1298 -1 22 -1 5486 -1 5557 -1 5558 -1 25 -1 3534 -1 5559 -1 5560 -1 45 -1 316 -1 -2
5561 -1 643 -1 2 -1 5562 -1 299 -1 5563 -1 5564 -1 58 -1 5539 -1 933 -1 5565 -1 95 -1 805 -1 5566 -1 87 -1 4416 -1 613 -1 696 -1 2732 -1 6 -1 340 -1 5324 -1 35 -1 1131 -1 35 -1 1517 -1 35 -1 214 -1 91 -1 92 -1 7 -1 1628 -1 84 -1 5567 -1 73 -1 161 -1 1030 -1 4289 -1 -2
371 -1 5568 -1 7 -1 2726 -1 5569 -1 5570 -1 40 -1 519 -1 87 -1 35 -1 371 -1 5483 -1 5484 -1 6 -1 7 -1 2320 -1 80 -1 38 -1 1806 -1 40 -1 51 -1 1573 -1 66 -1 229 -1 38 -1 291 -1 16 -1 5067 -1 89 -1 370 -1 1224 -1 5163 -1 87 -1 66 -1 38 -1 7 -1 3974 -1 73 -1 7 -1 5071 -1 2736 -1 87 -1 4563 -1 73 -1 7 -1 3806 -1 -2
79 -1 7 -1 108 -1 503 -1 73 -1 7 -1 5318 -1 63 -1 97 -1 5473 -1 2987 -1 5571 -1 5572 -1 5573 -1 25 -1 4999 -1 -2
5571 -1 3210 -1 80 -1 38 -1 25 -1 4999 -1 87 -1 607 -1 80 -1 64 -1 51 -1 16 -1 63 -1 53 -1 182 -1 1944 -1 229 -1 5574 -1 213 -1 919 -1 1766 -1 87 -1 299 -1 11 -1 53 -1 92 -1 3048 -1 25 -1 4999 -1 -2
229 -1 38 -1 16 -1 4134 -1 84 -1 1595 -1 22 -1 7 -1 5575 -1 87 -1 214 -1 53 -1 198 -1 2402 -1 87 -1 5576 -1 22 -1 53 -1 1865 -1 391 -1 25 -1 90 -1 51 -1 2102 -1 40 -1 298 -1 158 -1 25 -1 836 -1 5577 -1 1575 -1 1298 -1 2492 -1 5578 -1 79 -1 25 -1 5577 -1 4893 -1 -2
382 -1 1575 -1 5579 -1 4606 -1 22 -1 1692 -1 4949 -1 214 -1 53 -1 54 -1 73 -1 25 -1 5580 -1 804 -1 73 -1 1340 -1 53 -1 790 -1 1664 -1 1107 -1 158 -1 22 -1 7 -1 4207 -1 87 -1 174 -1 1238 -1 887 -1 22 -1 7 -1 377 -1 66 -1 229 -1 3072 -1 161 -1 5581 -1 3022 -1 25 -1 1198 -1 1963 -1 -2
63 -1 5571 -1 5572 -1 145 -1 66 -1 1575 -1 87 -1 5571 -1 5572 -1 182 -1 13 -1 180 -1 161 -1 5582 -1 -2
5571 -1 38 -1 25 -1 5082 -1 73 -1 441 -1 7 -1 5583 -1 580 -1 161 -1 5584 -1 3490 -1 188 -1 145 -1 89 -1 792 -1 -2
18 -1 3210 -1 607 -1 -2
35 -1 1879 -1 35 -1 3330 -1 7 -1 4727 -1 73 -1 5585 -1 4999 -1 80 -1 5586 -1 124 -1 5587 -1 -2
22 -1 7 -1 103 -1 1254 -1 7 -1 246 -1 38 -1 1894 -1 3388 -1 5588 -1 -2
7 -1 5589 -1 73 -1 7 -1 5590 -1 5591 -1 613 -1 25 -1 309 -1 73 -1 5592 -1 142 -1 7 -1 4999 -1 924 -1 1692 -1 708 -1 87 -1 5571 -1 5573 -1 7 -1 246 -1 5588 -1 22 -1 2026 -1 40 -1 3093 -1 158 -1 7 -1 5593 -1 1276 -1 66 -1 4245 -1 7 -1 5594 -1 5595 -1 -2
18 -1 3210 -1 607 -1 -2
7 -1 5596 -1 4873 -1 38 -1 5597 -1 22 -1 7 -1 1733 -1 3175 -1 73 -1 7 -1 4999 -1 87 -1 80 -1 38 -1 3728 -1 22 -1 300 -1 25 -1 5598 -1 1256 -1 66 -1 80 -1 5599 -1 226 -1 441 -1 7 -1 2650 -1 66 -1 38 -1 13 -1 2223 -1 624 -1 6 -1 25 -1 1075 -1 25 -1 222 -1 87 -1 3 -1 5600 -1 -2
7 -1 1075 -1 790 -1 79 -1 25 -1 5601 -1 5602 -1 3175 -1 89 -1 7 -1 5603 -1 73 -1 3 -1 1276 -1 214 -1 91 -1 54 -1 5604 -1 40 -1 1523 -1 -2
5571 -1 3210 -1 18 -1 38 -1 7 -1 615 -1 3894 -1 22 -1 7 -1 139 -1 -2
562 -1 5605 -1 4220 -1 7 -1 2864 -1 3868 -1 73 -1 7 -1 5318 -1 5571 -1 15 -1 1192 -1 -2
1192 -1 -2
5606 -1 231 -1 792 -1 1147 -1 80 -1 267 -1 -2
1192 -1 -2
1192 -1 45 -1 3238 -1 19 -1 5607 -1 5608 -1 1183 -1 7 -1 401 -1 2800 -1 19 -1 1426 -1 25 -1 5609 -1 5610 -1 -2
109 -1 5611 -1 962 -1 5318 -1 267 -1 5612 -1 58 -1 106 -1 80 -1 5613 -1 5614 -1 1161 -1 80 -1 267 -1 -2
643 -1 1159 -1 -2
5615 -1 80 -1 267 -1 -2
109 -1 2 -1 5616 -1 2567 -1 562 -1 5617 -1 19 -1 5618 -1 161 -1 5619 -1 576 -1 5620 -1 441 -1 708 -1 -2
5615 -1 5617 -1 5621 -1 -2
5622 -1 5623 -1 213 -1 19 -1 2635 -1 -2
5539 -1 5624 -1 5625 -1 18 -1 5626 -1 5486 -1 1254 -1 95 -1 579 -1 5627 -1 5628 -1 131 -1 5194 -1 287 -1 5629 -1 18 -1 19 -1 25 -1 1428 -1 5630 -1 18 -1 5631 -1 287 -1 5434 -1 161 -1 287 -1 5398 -1 5617 -1 19 -1 5632 -1 132 -1 5620 -1 5618 -1 161 -1 5619 -1 161 -1 5618 -1 161 -1 5619 -1 -2
266 -1 5633 -1 1234 -1 5634 -1 40 -1 25 -1 5549 -1 22 -1 5635 -1 2406 -1 5539 -1 53 -1 266 -1 5556 -1 53 -1 5636 -1 5637 -1 25 -1 5638 -1 -2
643 -1 1159 -1 235 -1 18 -1 308 -1 927 -1 4220 -1 45 -1 1757 -1 5519 -1 95 -1 66 -1 90 -1 -2
5571 -1 38 -1 226 -1 35 -1 116 -1 35 -1 25 -1 2741 -1 73 -1 161 -1 5639 -1 4025 -1 -2
63 -1 5617 -1 266 -1 613 -1 5640 -1 5641 -1 1234 -1 5641 -1 561 -1 -2
643 -1 1159 -1 5615 -1 5617 -1 266 -1 -2
2 -1 1771 -1 494 -1 131 -1 5637 -1 1352 -1 73 -1 5642 -1 -2
643 -1 1159 -1 -2
5617 -1 1921 -1 412 -1 4322 -1 5615 -1 5617 -1 589 -1 -2
36 -1 36 -1 5643 -1 5486 -1 90 -1 2 -1 5644 -1 123 -1 5645 -1 5642 -1 95 -1 382 -1 90 -1 5571 -1 327 -1 212 -1 5646 -1 22 -1 45 -1 1254 -1 16 -1 1304 -1 79 -1 7 -1 222 -1 16 -1 1304 -1 79 -1 3 -1 5600 -1 87 -1 16 -1 1304 -1 79 -1 7 -1 239 -1 1847 -1 7 -1 4873 -1 -2
63 -1 229 -1 38 -1 16 -1 37 -1 5647 -1 4634 -1 73 -1 7 -1 3699 -1 5648 -1 5649 -1 40 -1 5317 -1 5318 -1 87 -1 66 -1 36 -1 38 -1 5650 -1 5651 -1 -2
5650 -1 73 -1 644 -1 297 -1 13 -1 971 -1 22 -1 7 -1 5318 -1 63 -1 7 -1 735 -1 73 -1 45 -1 4647 -1 5652 -1 2472 -1 220 -1 80 -1 35 -1 5653 -1 35 -1 25 -1 2764 -1 5654 -1 -2
5650 -1 308 -1 25 -1 590 -1 5655 -1 22 -1 919 -1 4924 -1 95 -1 25 -1 4623 -1 1428 -1 6 -1 22 -1 5345 -1 4207 -1 87 -1 7 -1 5656 -1 5657 -1 73 -1 7 -1 5468 -1 11 -1 98 -1 5658 -1 489 -1 -2
4144 -1 5650 -1 5659 -1 161 -1 5660 -1 4019 -1 22 -1 5661 -1 4207 -1 -2
2107 -1 18 -1 5662 -1 25 -1 5305 -1 919 -1 4925 -1 40 -1 7 -1 5663 -1 5664 -1 562 -1 18 -1 114 -1 5516 -1 35 -1 25 -1 5658 -1 489 -1 -2
382 -1 5305 -1 38 -1 3873 -1 943 -1 79 -1 25 -1 5665 -1 87 -1 7 -1 5666 -1 38 -1 25 -1 1165 -1 5667 -1 16 -1 -2
332 -1 3297 -1 5352 -1 80 -1 5668 -1 7 -1 258 -1 2794 -1 3016 -1 73 -1 161 -1 5669 -1 4674 -1 5591 -1 40 -1 4141 -1 3421 -1 7 -1 5670 -1 73 -1 7 -1 5671 -1 5672 -1 63 -1 66 -1 19 -1 161 -1 5673 -1 5674 -1 87 -1 643 -1 5675 -1 73 -1 5676 -1 2706 -1 89 -1 4727 -1 -2
18 -1 38 -1 1426 -1 25 -1 513 -1 4996 -1 -2
18 -1 19 -1 5677 -1 5678 -1 5679 -1 22 -1 7 -1 2406 -1 562 -1 5680 -1 19 -1 25 -1 5681 -1 5682 -1 87 -1 983 -1 16 -1 37 -1 184 -1 2474 -1 5680 -1 142 -1 25 -1 5683 -1 3932 -1 7 -1 3066 -1 73 -1 2071 -1 5684 -1 1964 -1 87 -1 5685 -1 4 -1 22 -1 25 -1 309 -1 40 -1 3093 -1 7 -1 4 -1 3486 -1 73 -1 80 -1 -2
5650 -1 5686 -1 124 -1 382 -1 5687 -1 73 -1 4158 -1 87 -1 18 -1 5688 -1 45 -1 927 -1 22 -1 5689 -1 4207 -1 -2
5689 -1 4207 -1 5690 -1 -2
786 -1 18 -1 4225 -1 25 -1 193 -1 5691 -1 7 -1 5692 -1 73 -1 5689 -1 4207 -1 5693 -1 124 -1 7 -1 3685 -1 5681 -1 5694 -1 73 -1 7 -1 1241 -1 5695 -1 45 -1 5696 -1 87 -1 18 -1 5697 -1 430 -1 5531 -1 -2
5650 -1 1921 -1 7 -1 5318 -1 10 -1 22 -1 269 -1 5698 -1 2406 -1 -2
35 -1 89 -1 7 -1 5320 -1 18 -1 3388 -1 1911 -1 73 -1 519 -1 87 -1 2201 -1 22 -1 2510 -1 24 -1 519 -1 5699 -1 40 -1 25 -1 5429 -1 66 -1 18 -1 1865 -1 613 -1 3932 -1 22 -1 7 -1 5338 -1 5462 -1 -2
7 -1 5338 -1 5462 -1 19 -1 25 -1 419 -1 1254 -1 22 -1 580 -1 40 -1 4804 -1 66 -1 5700 -1 -2
5651 -1 1150 -1 180 -1 1790 -1 1367 -1 1638 -1 87 -1 419 -1 73 -1 7 -1 5318 -1 87 -1 18 -1 5701 -1 519 -1 22 -1 7 -1 5702 -1 309 -1 73 -1 45 -1 4596 -1 -2
109 -1 91 -1 182 -1 5703 -1 67 -1 3395 -1 234 -1 2756 -1 25 -1 3673 -1 79 -1 80 -1 7 -1 5361 -1 73 -1 5704 -1 5705 -1 19 -1 7 -1 401 -1 3978 -1 66 -1 1745 -1 22 -1 7 -1 5706 -1 -2
5705 -1 327 -1 106 -1 1865 -1 51 -1 247 -1 25 -1 5707 -1 296 -1 24 -1 25 -1 36 -1 3680 -1 5708 -1 -2
91 -1 198 -1 158 -1 40 -1 7 -1 718 -1 73 -1 5317 -1 4207 -1 40 -1 5709 -1 2771 -1 80 -1 158 -1 87 -1 5710 -1 7 -1 5711 -1 73 -1 7 -1 4127 -1 -2
22 -1 7 -1 5712 -1 5708 -1 952 -1 25 -1 3534 -1 4946 -1 2251 -1 87 -1 5705 -1 224 -1 -2
5708 -1 327 -1 13 -1 2391 -1 25 -1 1198 -1 99 -1 135 -1 18 -1 390 -1 48 -1 7 -1 606 -1 73 -1 25 -1 1530 -1 -2
229 -1 38 -1 1664 -1 643 -1 4207 -1 22 -1 760 -1 1220 -1 684 -1 7 -1 4674 -1 3093 -1 2002 -1 2515 -1 1293 -1 91 -1 60 -1 22 -1 5317 -1 5318 -1 -2
229 -1 19 -1 25 -1 90 -1 562 -1 7 -1 5320 -1 327 -1 25 -1 3976 -1 87 -1 5713 -1 4109 -1 89 -1 7 -1 4750 -1 5714 -1 63 -1 91 -1 613 -1 80 -1 643 -1 1918 -1 1991 -1 -2
983 -1 4247 -1 1150 -1 336 -1 142 -1 229 -1 95 -1 983 -1 90 -1 22 -1 4099 -1 3319 -1 1859 -1 2413 -1 18 -1 547 -1 2022 -1 40 -1 817 -1 551 -1 5715 -1 -2
40 -1 51 -1 3352 -1 2605 -1 7 -1 3916 -1 241 -1 411 -1 7 -1 5716 -1 73 -1 4674 -1 859 -1 5717 -1 -2
411 -1 859 -1 5718 -1 25 -1 1061 -1 73 -1 7 -1 5590 -1 5591 -1 7 -1 5318 -1 5719 -1 25 -1 2695 -1 760 -1 5720 -1 -2
269 -1 5721 -1 5722 -1 936 -1 73 -1 269 -1 520 -1 4675 -1 35 -1 91 -1 805 -1 2699 -1 73 -1 269 -1 1781 -1 -2
80 -1 38 -1 643 -1 904 -1 25 -1 5464 -1 5318 -1 -2
7 -1 911 -1 73 -1 7 -1 5365 -1 38 -1 2256 -1 236 -1 -2
229 -1 54 -1 423 -1 5723 -1 87 -1 5724 -1 5725 -1 22 -1 80 -1 63 -1 91 -1 1264 -1 817 -1 25 -1 2239 -1 24 -1 7 -1 5726 -1 138 -1 7 -1 108 -1 309 -1 -2
5718 -1 121 -1 7 -1 2535 -1 5318 -1 6 -1 7 -1 1332 -1 -2
214 -1 25 -1 36 -1 547 -1 5260 -1 220 -1 5727 -1 25 -1 4387 -1 73 -1 7 -1 5728 -1 2875 -1 18 -1 182 -1 1664 -1 5729 -1 220 -1 2496 -1 22 -1 5317 -1 5318 -1 35 -1 1161 -1 18 -1 182 -1 79 -1 983 -1 73 -1 7 -1 513 -1 5730 -1 63 -1 235 -1 5317 -1 5318 -1 38 -1 13 -1 3736 -1 40 -1 51 -1 25 -1 380 -1 4207 -1 73 -1 5731 -1 -2
22 -1 7 -1 909 -1 7 -1 5732 -1 613 -1 3639 -1 40 -1 5733 -1 7 -1 2719 -1 73 -1 7 -1 5318 -1 24 -1 7 -1 5331 -1 -2
579 -1 5627 -1 5734 -1 38 -1 937 -1 24 -1 519 -1 936 -1 87 -1 25 -1 199 -1 73 -1 4198 -1 97 -1 7 -1 5345 -1 4207 -1 1802 -1 38 -1 624 -1 2419 -1 6 -1 5167 -1 3381 -1 -2
1352 -1 73 -1 519 -1 2020 -1 40 -1 51 -1 149 -1 1852 -1 73 -1 7 -1 340 -1 5735 -1 3633 -1 5736 -1 73 -1 1558 -1 87 -1 229 -1 54 -1 643 -1 5737 -1 5738 -1 1121 -1 519 -1 4974 -1 5439 -1 -2
80 -1 38 -1 7 -1 2157 -1 5397 -1 5364 -1 66 -1 1339 -1 7 -1 1892 -1 562 -1 229 -1 38 -1 1892 -1 -2
63 -1 91 -1 54 -1 5739 -1 22 -1 382 -1 3868 -1 54 -1 933 -1 1276 -1 -2
7 -1 1631 -1 4477 -1 2289 -1 73 -1 7 -1 5397 -1 38 -1 45 -1 940 -1 5740 -1 89 -1 5741 -1 411 -1 1631 -1 5742 -1 1511 -1 -2
5317 -1 5318 -1 38 -1 25 -1 1254 -1 73 -1 5743 -1 87 -1 5453 -1 63 -1 933 -1 5744 -1 3523 -1 3266 -1 7 -1 623 -1 381 -1 73 -1 7 -1 5745 -1 301 -1 87 -1 1288 -1 5746 -1 63 -1 5739 -1 -2
91 -1 441 -1 381 -1 172 -1 7 -1 1631 -1 3671 -1 35 -1 10 -1 35 -1 7 -1 5747 -1 -2
2421 -1 7 -1 5397 -1 16 -1 1894 -1 5748 -1 4361 -1 124 -1 136 -1 51 -1 18 -1 1955 -1 607 -1 2535 -1 63 -1 80 -1 19 -1 25 -1 760 -1 1695 -1 40 -1 171 -1 25 -1 623 -1 5749 -1 79 -1 7 -1 377 -1 73 -1 7 -1 1022 -1 -2
1901 -1 340 -1 5571 -1 5572 -1 327 -1 25 -1 1044 -1 35 -1 1110 -1 87 -1 5750 -1 35 -1 1771 -1 51 -1 7 -1 774 -1 73 -1 2749 -1 5751 -1 5752 -1 5753 -1 124 -1 347 -1 3135 -1 22 -1 7 -1 230 -1 73 -1 332 -1 513 -1 5754 -1 5755 -1 -2
7 -1 5756 -1 5757 -1 87 -1 5758 -1 73 -1 760 -1 1220 -1 -2
25 -1 5759 -1 73 -1 760 -1 1220 -1 1558 -1 35 -1 1573 -1 6 -1 25 -1 2402 -1 5760 -1 -2
562 -1 7 -1 5761 -1 5762 -1 611 -1 7 -1 5756 -1 5757 -1 2104 -1 48 -1 2900 -1 5763 -1 87 -1 214 -1 161 -1 5764 -1 73 -1 4436 -1 547 -1 857 -1 2295 -1 79 -1 45 -1 1200 -1 149 -1 382 -1 1241 -1 18 -1 1771 -1 2409 -1 1566 -1 211 -1 3198 -1 1455 -1 5765 -1 22 -1 7 -1 711 -1 5765 -1 35 -1 5766 -1 35 -1 5767 -1 -2
933 -1 54 -1 7 -1 5756 -1 5757 -1 87 -1 214 -1 25 -1 5768 -1 327 -1 2641 -1 25 -1 5769 -1 73 -1 4208 -1 811 -1 5770 -1 220 -1 7 -1 5771 -1 1241 -1 18 -1 182 -1 13 -1 613 -1 5772 -1 7 -1 5773 -1 904 -1 1973 -1 18 -1 1771 -1 13 -1 613 -1 1761 -1 7 -1 2726 -1 5025 -1 40 -1 1628 -1 4866 -1 5774 -1 40 -1 2222 -1 25 -1 5775 -1 87 -1 25 -1 2867 -1 89 -1 1128 -1 -2
229 -1 54 -1 3 -1 5776 -1 73 -1 5777 -1 87 -1 5778 -1 4542 -1 5779 -1 60 -1 13 -1 1340 -1 933 -1 5780 -1 2488 -1 91 -1 54 -1 1165 -1 5781 -1 73 -1 98 -1 797 -1 -2
936 -1 38 -1 7 -1 90 -1 73 -1 7 -1 355 -1 24 -1 7 -1 5726 -1 248 -1 7 -1 5782 -1 24 -1 5783 -1 988 -1 87 -1 7 -1 5784 -1 37 -1 327 -1 25 -1 5349 -1 22 -1 5785 -1 -2
40 -1 7 -1 4207 -1 7 -1 261 -1 73 -1 7 -1 3710 -1 611 -1 131 -1 79 -1 7 -1 348 -1 22 -1 5786 -1 5787 -1 87 -1 95 -1 7 -1 3784 -1 5788 -1 5789 -1 229 -1 38 -1 5790 -1 73 -1 1790 -1 5791 -1 4427 -1 -2
16 -1 73 -1 7 -1 1733 -1 1376 -1 73 -1 7 -1 5756 -1 3114 -1 38 -1 7 -1 5792 -1 37 -1 1654 -1 832 -1 22 -1 280 -1 73 -1 53 -1 3359 -1 1277 -1 5793 -1 5794 -1 79 -1 7 -1 5795 -1 -2
382 -1 5792 -1 38 -1 212 -1 1198 -1 99 -1 347 -1 87 -1 5796 -1 99 -1 5122 -1 -2
45 -1 1545 -1 1150 -1 5341 -1 67 -1 834 -1 73 -1 7 -1 5797 -1 5798 -1 87 -1 562 -1 18 -1 9 -1 45 -1 472 -1 7 -1 5795 -1 5799 -1 35 -1 214 -1 6 -1 25 -1 5800 -1 -2
106 -1 3980 -1 5801 -1 53 -1 38 -1 45 -1 5802 -1 73 -1 5803 -1 -2
18 -1 5804 -1 11 -1 66 -1 45 -1 490 -1 149 -1 441 -1 38 -1 212 -1 1198 -1 99 -1 87 -1 66 -1 45 -1 5805 -1 38 -1 5796 -1 99 -1 -2
18 -1 291 -1 3077 -1 66 -1 879 -1 7 -1 5797 -1 5798 -1 38 -1 2541 -1 370 -1 103 -1 5806 -1 18 -1 38 -1 5807 -1 4294 -1 79 -1 7 -1 1075 -1 135 -1 332 -1 5808 -1 760 -1 5809 -1 -2
18 -1 291 -1 3077 -1 66 -1 1447 -1 7 -1 1832 -1 5806 -1 7 -1 5808 -1 760 -1 5809 -1 4421 -1 40 -1 7 -1 5810 -1 5780 -1 -2
18 -1 297 -1 13 -1 11 -1 66 -1 1847 -1 136 -1 54 -1 332 -1 961 -1 4490 -1 37 -1 5811 -1 1771 -1 13 -1 723 -1 212 -1 5812 -1 40 -1 171 -1 7 -1 5797 -1 5798 -1 63 -1 37 -1 411 -1 933 -1 2551 -1 1511 -1 54 -1 3388 -1 124 -1 2210 -1 5813 -1 6 -1 5814 -1 1668 -1 73 -1 7 -1 4253 -1 790 -1 -2
18 -1 5662 -1 161 -1 3239 -1 5815 -1 73 -1 25 -1 36 -1 37 -1 38 -1 5816 -1 73 -1 5817 -1 5818 -1 40 -1 1128 -1 231 -1 45 -1 2342 -1 580 -1 38 -1 40 -1 4249 -1 4294 -1 -2
332 -1 1766 -1 229 -1 3267 -1 51 -1 25 -1 5819 -1 3361 -1 73 -1 5810 -1 5820 -1 63 -1 91 -1 790 -1 2951 -1 24 -1 5821 -1 457 -1 87 -1 24 -1 5180 -1 79 -1 98 -1 2561 -1 -2
5822 -1 607 -1 5823 -1 4231 -1 5824 -1 5825 -1 211 -1 983 -1 73 -1 7 -1 108 -1 5826 -1 580 -1 7 -1 4529 -1 4856 -1 2328 -1 40 -1 5827 -1 5828 -1 5829 -1 -2
277 -1 4168 -1 79 -1 161 -1 3333 -1 5810 -1 5830 -1 7 -1 5831 -1 1610 -1 4815 -1 106 -1 7 -1 904 -1 3567 -1 87 -1 5832 -1 4490 -1 73 -1 7 -1 3845 -1 2434 -1 25 -1 4294 -1 5833 -1 63 -1 89 -1 2838 -1 580 -1 643 -1 1780 -1 1712 -1 5834 -1 182 -1 723 -1 7 -1 5792 -1 297 -1 13 -1 3043 -1 382 -1 90 -1 40 -1 5835 -1 7 -1 5808 -1 -2
643 -1 18 -1 5836 -1 1183 -1 7 -1 5797 -1 5798 -1 5516 -1 18 -1 5836 -1 1183 -1 7 -1 5837 -1 5838 -1 188 -1 5839 -1 1704 -1 48 -1 332 -1 1140 -1 22 -1 7 -1 2432 -1 -2
235 -1 18 -1 5840 -1 411 -1 309 -1 -2
235 -1 18 -1 611 -1 3098 -1 87 -1 5841 -1 158 -1 7 -1 5795 -1 -2
22 -1 807 -1 73 -1 1781 -1 441 -1 5810 -1 5820 -1 547 -1 51 -1 5842 -1 22 -1 25 -1 5843 -1 1696 -1 87 -1 1669 -1 158 -1 22 -1 2253 -1 73 -1 1128 -1 -2
229 -1 38 -1 25 -1 747 -1 2289 -1 73 -1 5844 -1 226 -1 519 -1 580 -1 1771 -1 804 -1 25 -1 4309 -1 2656 -1 -2
214 -1 53 -1 613 -1 4807 -1 2249 -1 22 -1 67 -1 1431 -1 53 -1 3267 -1 2270 -1 3739 -1 3672 -1 73 -1 7 -1 5795 -1 4367 -1 7 -1 1458 -1 73 -1 7 -1 5820 -1 87 -1 235 -1 24 -1 272 -1 40 -1 1776 -1 7 -1 2127 -1 562 -1 7 -1 2127 -1 5551 -1 5845 -1 73 -1 7 -1 5121 -1 348 -1 7 -1 1455 -1 734 -1 706 -1 7 -1 2766 -1 87 -1 7 -1 1050 -1 73 -1 7 -1 1879 -1 4296 -1 1464 -1 53 -1 547 -1 51 -1 5739 -1 -2
1879 -1 123 -1 48 -1 7 -1 708 -1 229 -1 38 -1 25 -1 3954 -1 25 -1 429 -1 40 -1 7 -1 162 -1 580 -1 5846 -1 1580 -1 4036 -1 5847 -1 87 -1 7 -1 2210 -1 5848 -1 73 -1 1930 -1 -2
7 -1 760 -1 5849 -1 1549 -1 2524 -1 790 -1 13 -1 3889 -1 136 -1 40 -1 195 -1 158 -1 40 -1 4365 -1 2413 -1 5850 -1 933 -1 84 -1 5024 -1 40 -1 195 -1 123 -1 40 -1 4365 -1 1973 -1 5851 -1 18 -1 3069 -1 18 -1 3330 -1 40 -1 171 -1 7 -1 3015 -1 -2
16 -1 5852 -1 3 -1 760 -1 5756 -1 5757 -1 613 -1 304 -1 -2
7 -1 16 -1 95 -1 7 -1 81 -1 73 -1 5853 -1 5778 -1 4522 -1 38 -1 444 -1 2249 -1 89 -1 25 -1 5854 -1 4185 -1 3175 -1 -2
7 -1 3710 -1 38 -1 4649 -1 423 -1 5855 -1 22 -1 25 -1 5856 -1 1361 -1 87 -1 25 -1 150 -1 37 -1 5857 -1 516 -1 87 -1 5858 -1 1747 -1 1150 -1 2270 -1 1218 -1 4119 -1 87 -1 2722 -1 124 -1 29 -1 7 -1 3795 -1 73 -1 382 -1 3710 -1 5859 -1 220 -1 7 -1 1084 -1 -2
45 -1 134 -1 38 -1 5860 -1 5861 -1 310 -1 7 -1 352 -1 87 -1 1692 -1 421 -1 22 -1 580 -1 18 -1 5862 -1 261 -1 124 -1 45 -1 3710 -1 38 -1 5863 -1 4038 -1 -2
7 -1 108 -1 760 -1 5756 -1 3114 -1 19 -1 5864 -1 5865 -1 5866 -1 580 -1 112 -1 79 -1 1279 -1 -2
5864 -1 5867 -1 145 -1 25 -1 513 -1 5349 -1 89 -1 1890 -1 158 -1 5868 -1 -2
441 -1 5734 -1 5869 -1 22 -1 760 -1 1220 -1 2137 -1 5870 -1 562 -1 5864 -1 19 -1 22 -1 382 -1 2524 -1 -2
18 -1 5871 -1 1920 -1 22 -1 2316 -1 -2
18 -1 327 -1 25 -1 5843 -1 2318 -1 5872 -1 25 -1 5873 -1 22 -1 7 -1 3566 -1 87 -1 817 -1 161 -1 5874 -1 235 -1 18 -1 1669 -1 25 -1 36 -1 40 -1 3387 -1 89 -1 5875 -1 679 -1 724 -1 4974 -1 73 -1 5876 -1 -2
22 -1 1242 -1 684 -1 18 -1 235 -1 3082 -1 80 -1 5877 -1 1457 -1 73 -1 7 -1 5734 -1 1692 -1 1766 -1 95 -1 3572 -1 3765 -1 -2
7 -1 5878 -1 5834 -1 19 -1 2394 -1 40 -1 5879 -1 25 -1 5843 -1 1668 -1 40 -1 2152 -1 24 -1 5880 -1 5868 -1 -2
4490 -1 351 -1 79 -1 7 -1 4207 -1 299 -1 15 -1 419 -1 2764 -1 856 -1 60 -1 53 -1 719 -1 5105 -1 91 -1 1894 -1 15 -1 419 -1 2764 -1 613 -1 53 -1 696 -1 5871 -1 2201 -1 5105 -1 562 -1 25 -1 36 -1 2413 -1 2285 -1 40 -1 3378 -1 25 -1 84 -1 2875 -1 73 -1 4934 -1 7 -1 4603 -1 228 -1 19 -1 378 -1 562 -1 18 -1 1669 -1 25 -1 2007 -1 40 -1 45 -1 5881 -1 640 -1 5882 -1 2 -1 613 -1 1810 -1 161 -1 2026 -1 73 -1 7 -1 5734 -1 5883 -1 561 -1 124 -1 2057 -1 2408 -1 40 -1 4821 -1 5884 -1 -2
4945 -1 5885 -1 63 -1 5864 -1 378 -1 -2
18 -1 5886 -1 45 -1 2318 -1 5887 -1 202 -1 87 -1 39 -1 40 -1 4249 -1 7 -1 4750 -1 24 -1 1747 -1 -2
87 -1 936 -1 593 -1 171 -1 382 -1 513 -1 1340 -1 5888 -1 1704 -1 40 -1 25 -1 5756 -1 3114 -1 24 -1 7 -1 2726 -1 1690 -1 5889 -1 87 -1 5890 -1 5891 -1 580 -1 327 -1 4040 -1 1807 -1 1704 -1 22 -1 5868 -1 -2
7 -1 5866 -1 45 -1 760 -1 5756 -1 3114 -1 38 -1 25 -1 4356 -1 -2
80 -1 188 -1 161 -1 5674 -1 580 -1 71 -1 16 -1 73 -1 7 -1 5892 -1 5893 -1 5894 -1 73 -1 332 -1 4485 -1 1241 -1 -2
7 -1 5895 -1 5896 -1 73 -1 7 -1 5756 -1 298 -1 25 -1 5122 -1 87 -1 2856 -1 5280 -1 87 -1 149 -1 22 -1 7 -1 1802 -1 229 -1 54 -1 3699 -1 5897 -1 4660 -1 22 -1 3699 -1 467 -1 -2
7 -1 659 -1 5898 -1 5899 -1 58 -1 25 -1 5900 -1 24 -1 7 -1 2747 -1 705 -1 706 -1 -2
5864 -1 188 -1 2483 -1 7 -1 5901 -1 73 -1 5902 -1 5903 -1 220 -1 7 -1 253 -1 -2
214 -1 18 -1 327 -1 2483 -1 7 -1 5901 -1 73 -1 7 -1 5902 -1 5904 -1 18 -1 1771 -1 613 -1 1321 -1 1562 -1 63 -1 25 -1 36 -1 37 -1 188 -1 2881 -1 7 -1 5905 -1 1732 -1 73 -1 45 -1 1558 -1 40 -1 7 -1 5906 -1 73 -1 5868 -1 38 -1 13 -1 3736 -1 40 -1 2025 -1 66 -1 75 -1 2974 -1 580 -1 5516 -1 40 -1 613 -1 696 -1 1321 -1 24 -1 25 -1 5907 -1 38 -1 3993 -1 1293 -1 1352 -1 -2
63 -1 214 -1 5908 -1 1234 -1 66 -1 5864 -1 4657 -1 22 -1 45 -1 5909 -1 1352 -1 1150 -1 1234 -1 66 -1 18 -1 4657 -1 22 -1 45 -1 5910 -1 73 -1 7 -1 4510 -1 1340 -1 -2
7 -1 1276 -1 285 -1 22 -1 5911 -1 40 -1 7 -1 5866 -1 -2
3 -1 5912 -1 54 -1 4905 -1 95 -1 5913 -1 519 -1 40 -1 684 -1 7 -1 425 -1 87 -1 4024 -1 5914 -1 3860 -1 7 -1 5791 -1 445 -1 87 -1 7 -1 1485 -1 172 -1 1447 -1 7 -1 4510 -1 1732 -1 73 -1 7 -1 4370 -1 38 -1 2413 -1 904 -1 5915 -1 87 -1 5916 -1 1293 -1 983 -1 108 -1 22 -1 760 -1 1220 -1 -2
7 -1 5917 -1 188 -1 5918 -1 161 -1 5919 -1 1960 -1 73 -1 511 -1 330 -1 -2
7 -1 5756 -1 3114 -1 4848 -1 40 -1 2184 -1 300 -1 25 -1 1960 -1 87 -1 80 -1 5851 -1 790 -1 5920 -1 593 -1 723 -1 80 -1 7 -1 5025 -1 80 -1 5921 -1 -2
7 -1 5922 -1 211 -1 7 -1 5923 -1 1664 -1 4762 -1 7 -1 5756 -1 3114 -1 22 -1 332 -1 5512 -1 1644 -1 87 -1 91 -1 54 -1 95 -1 382 -1 1766 -1 5924 -1 5756 -1 5758 -1 -2
7 -1 3346 -1 5925 -1 5926 -1 136 -1 188 -1 63 -1 5927 -1 367 -1 220 -1 7 -1 3487 -1 87 -1 269 -1 4252 -1 172 -1 188 -1 696 -1 291 -1 5928 -1 -2
7 -1 5929 -1 73 -1 7 -1 5756 -1 3114 -1 54 -1 423 -1 464 -1 -2
172 -1 38 -1 25 -1 511 -1 1241 -1 22 -1 580 -1 4264 -1 73 -1 1276 -1 22 -1 512 -1 2867 -1 5930 -1 1175 -1 158 -1 70 -1 89 -1 162 -1 5931 -1 162 -1 -2
1162 -1 1318 -1 98 -1 1491 -1 38 -1 106 -1 1865 -1 51 -1 247 -1 25 -1 5036 -1 73 -1 5932 -1 575 -1 -2
80 -1 38 -1 13 -1 5933 -1 836 -1 562 -1 5934 -1 24 -1 7 -1 5935 -1 73 -1 760 -1 1220 -1 5036 -1 1704 -1 -2
63 -1 80 -1 38 -1 35 -1 3812 -1 35 -1 25 -1 5936 -1 382 -1 5937 -1 73 -1 583 -1 -2
80 -1 38 -1 35 -1 5938 -1 35 -1 7 -1 4869 -1 73 -1 5939 -1 -2
1859 -1 25 -1 36 -1 51 -1 25 -1 5756 -1 5940 -1 18 -1 3077 -1 1863 -1 1290 -1 73 -1 382 -1 575 -1 -2
131 -1 22 -1 7 -1 5941 -1 4285 -1 5942 -1 25 -1 5943 -1 73 -1 5944 -1 -2
80 -1 5945 -1 7 -1 1276 -1 40 -1 7 -1 583 -1 -2
161 -1 4370 -1 220 -1 25 -1 5946 -1 5756 -1 24 -1 7 -1 513 -1 811 -1 3298 -1 73 -1 7 -1 923 -1 335 -1 7 -1 352 -1 87 -1 5947 -1 2391 -1 89 -1 25 -1 4904 -1 73 -1 4294 -1 38 -1 13 -1 607 -1 4189 -1 214 -1 53 -1 613 -1 299 -1 1573 -1 7 -1 3327 -1 3375 -1 236 -1 40 -1 67 -1 2205 -1 7 -1 608 -1 4902 -1 911 -1 73 -1 7 -1 3756 -1 -2
22 -1 7 -1 1279 -1 5226 -1 -2
5948 -1 73 -1 25 -1 1766 -1 124 -1 7 -1 5949 -1 3136 -1 73 -1 7 -1 2764 -1 40 -1 7 -1 5950 -1 5951 -1 73 -1 7 -1 5952 -1 95 -1 5953 -1 36 -1 87 -1 7 -1 4612 -1 87 -1 7 -1 5954 -1 -2
7 -1 5952 -1 5226 -1 285 -1 131 -1 1279 -1 35 -1 7 -1 427 -1 285 -1 131 -1 95 -1 5955 -1 -2
3297 -1 5352 -1 1855 -1 5956 -1 327 -1 368 -1 562 -1 80 -1 19 -1 5957 -1 40 -1 494 -1 5958 -1 5959 -1 79 -1 45 -1 5960 -1 5343 -1 -2
95 -1 7 -1 2864 -1 1766 -1 7 -1 5226 -1 6 -1 1668 -1 73 -1 1401 -1 87 -1 4168 -1 924 -1 5961 -1 7 -1 513 -1 4207 -1 87 -1 7 -1 483 -1 73 -1 1901 -1 161 -1 340 -1 760 -1 5849 -1 38 -1 943 -1 6 -1 933 -1 576 -1 734 -1 5962 -1 580 -1 5963 -1 5964 -1 123 -1 87 -1 131 -1 123 -1 87 -1 131 -1 22 -1 25 -1 5121 -1 2496 -1 -2
22 -1 7 -1 1027 -1 73 -1 7 -1 2764 -1 91 -1 285 -1 158 -1 73 -1 7 -1 5669 -1 5965 -1 5966 -1 4163 -1 441 -1 66 -1 4596 -1 580 -1 5967 -1 7 -1 5968 -1 40 -1 41 -1 1281 -1 7 -1 513 -1 5949 -1 -2
978 -1 91 -1 5969 -1 4598 -1 -2
978 -1 423 -1 91 -1 5969 -1 904 -1 4598 -1 -2
87 -1 7 -1 5970 -1 580 -1 38 -1 5971 -1 40 -1 25 -1 5972 -1 429 -1 38 -1 4029 -1 2235 -1 2235 -1 87 -1 7 -1 1113 -1 90 -1 5973 -1 562 -1 1920 -1 5974 -1 40 -1 25 -1 5975 -1 87 -1 1654 -1 79 -1 45 -1 4705 -1 1578 -1 -2
4242 -1 3765 -1 611 -1 87 -1 7 -1 1279 -1 5226 -1 35 -1 10 -1 35 -1 5228 -1 5226 -1 1600 -1 5226 -1 87 -1 5976 -1 2729 -1 5977 -1 5978 -1 73 -1 1607 -1 -2
91 -1 613 -1 937 -1 2484 -1 760 -1 1220 -1 24 -1 25 -1 511 -1 1641 -1 73 -1 4 -1 37 -1 790 -1 5382 -1 40 -1 87 -1 1538 -1 87 -1 5979 -1 1709 -1 1183 -1 924 -1 3293 -1 -2
7 -1 5952 -1 5226 -1 5980 -1 5392 -1 40 -1 5981 -1 -2
63 -1 7 -1 5972 -1 5980 -1 5982 -1 936 -1 40 -1 1528 -1 22 -1 5983 -1 5984 -1 -2
18 -1 188 -1 285 -1 40 -1 7 -1 4313 -1 22 -1 45 -1 2406 -1 4121 -1 -2
18 -1 38 -1 936 -1 40 -1 51 -1 5985 -1 24 -1 5986 -1 5987 -1 -2
91 -1 441 -1 54 -1 650 -1 40 -1 723 -1 136 -1 5988 -1 3417 -1 40 -1 3916 -1 -2
91 -1 441 -1 54 -1 650 -1 40 -1 5989 -1 40 -1 1978 -1 136 -1 -2
18 -1 5990 -1 45 -1 860 -1 335 -1 45 -1 5696 -1 87 -1 5991 -1 45 -1 4642 -1 124 -1 887 -1 40 -1 1027 -1 87 -1 124 -1 1027 -1 40 -1 887 -1 -2
4 -1 87 -1 341 -1 613 -1 2635 -1 2159 -1 73 -1 5992 -1 25 -1 4640 -1 -2
25 -1 5993 -1 18 -1 38 -1 13 -1 161 -1 340 -1 5994 -1 2176 -1 37 -1 5995 -1 13 -1 382 -1 1731 -1 63 -1 332 -1 108 -1 5996 -1 123 -1 25 -1 5997 -1 1545 -1 87 -1 5516 -1 40 -1 1634 -1 66 -1 7 -1 1783 -1 73 -1 5998 -1 38 -1 5999 -1 3806 -1 79 -1 45 -1 6000 -1 87 -1 291 -1 45 -1 3371 -1 73 -1 108 -1 6001 -1 6002 -1 5573 -1 136 -1 124 -1 1218 -1 6003 -1 -2
7 -1 6004 -1 3873 -1 6005 -1 45 -1 6006 -1 149 -1 45 -1 648 -1 87 -1 6007 -1 7 -1 1900 -1 4640 -1 580 -1 38 -1 212 -1 1945 -1 126 -1 -2
235 -1 7 -1 36 -1 6008 -1 7 -1 401 -1 6009 -1 3330 -1 48 -1 7 -1 4640 -1 6010 -1 220 -1 332 -1 3950 -1 1578 -1 6011 -1 45 -1 2764 -1 76 -1 87 -1 38 -1 5739 -1 -2
562 -1 25 -1 4612 -1 6012 -1 25 -1 4640 -1 229 -1 38 -1 643 -1 4127 -1 73 -1 269 -1 356 -1 7 -1 1783 -1 73 -1 6013 -1 6000 -1 -2
371 -1 188 -1 5068 -1 7 -1 4640 -1 89 -1 212 -1 724 -1 87 -1 6014 -1 5057 -1 -2
7 -1 5954 -1 6015 -1 45 -1 1960 -1 40 -1 370 -1 87 -1 7 -1 6016 -1 3262 -1 297 -1 370 -1 6017 -1 -2
643 -1 859 -1 22 -1 7 -1 6018 -1 1600 -1 1961 -1 1955 -1 6019 -1 45 -1 1740 -1 124 -1 650 -1 142 -1 25 -1 827 -1 2987 -1 22 -1 25 -1 309 -1 40 -1 2634 -1 370 -1 1256 -1 73 -1 6020 -1 66 -1 4640 -1 316 -1 79 -1 269 -1 6021 -1 -2
235 -1 371 -1 6022 -1 6023 -1 1126 -1 87 -1 391 -1 6024 -1 7 -1 1176 -1 40 -1 171 -1 214 -1 229 -1 38 -1 983 -1 6025 -1 220 -1 80 -1 87 -1 6026 -1 370 -1 6027 -1 40 -1 298 -1 52 -1 73 -1 25 -1 5988 -1 2474 -1 371 -1 3210 -1 60 -1 53 -1 723 -1 6028 -1 131 -1 6029 -1 4207 -1 332 -1 90 -1 7 -1 5954 -1 6030 -1 7 -1 6031 -1 5975 -1 562 -1 18 -1 6032 -1 80 -1 411 -1 933 -1 6033 -1 -2
235 -1 35 -1 7 -1 4640 -1 3330 -1 79 -1 18 -1 3330 -1 87 -1 6034 -1 332 -1 150 -1 37 -1 327 -1 1290 -1 40 -1 60 -1 24 -1 7 -1 1361 -1 -2
7 -1 4640 -1 6035 -1 79 -1 269 -1 6036 -1 2286 -1 142 -1 7 -1 6037 -1 24 -1 269 -1 585 -1 269 -1 6038 -1 269 -1 6039 -1 6040 -1 269 -1 6041 -1 6042 -1 37 -1 4950 -1 24 -1 6043 -1 87 -1 6044 -1 -2
80 -1 5990 -1 6045 -1 1066 -1 87 -1 6046 -1 7 -1 6047 -1 145 -1 6 -1 7 -1 5251 -1 253 -1 73 -1 513 -1 6040 -1 -2
80 -1 6035 -1 461 -1 7 -1 3397 -1 2659 -1 95 -1 5892 -1 1066 -1 87 -1 6048 -1 4207 -1 87 -1 25 -1 1558 -1 6049 -1 6050 -1 6051 -1 22 -1 25 -1 153 -1 35 -1 7 -1 4640 -1 6052 -1 149 -1 7 -1 6053 -1 6054 -1 6055 -1 212 -1 340 -1 6056 -1 3 -1 340 -1 5432 -1 25 -1 6057 -1 1163 -1 25 -1 6058 -1 36 -1 25 -1 6059 -1 87 -1 25 -1 339 -1 -2
95 -1 6060 -1 6061 -1 7 -1 5954 -1 188 -1 161 -1 6062 -1 24 -1 25 -1 854 -1 87 -1 4518 -1 6063 -1 37 -1 6064 -1 136 -1 22 -1 45 -1 1757 -1 4640 -1 87 -1 95 -1 6065 -1 4207 -1 18 -1 6066 -1 6067 -1 6068 -1 6 -1 1826 -1 25 -1 4028 -1 36 -1 79 -1 40 -1 7 -1 4300 -1 -2
3799 -1 7 -1 6004 -1 188 -1 1635 -1 6069 -1 24 -1 2747 -1 5302 -1 1567 -1 87 -1 4181 -1 6 -1 4181 -1 929 -1 6 -1 929 -1 18 -1 2736 -1 45 -1 309 -1 40 -1 1241 -1 4623 -1 1253 -1 -2
79 -1 3806 -1 7 -1 2470 -1 4542 -1 7 -1 4640 -1 3330 -1 24 -1 7 -1 6004 -1 1890 -1 3440 -1 6070 -1 6071 -1 6072 -1 161 -1 6073 -1 40 -1 2771 -1 124 -1 7 -1 1567 -1 1183 -1 1740 -1 1253 -1 5516 -1 95 -1 7 -1 929 -1 73 -1 7 -1 2809 -1 87 -1 35 -1 7 -1 4640 -1 3330 -1 6074 -1 461 -1 7 -1 2659 -1 7 -1 6075 -1 5336 -1 73 -1 7 -1 1407 -1 6076 -1 142 -1 7 -1 822 -1 -2
80 -1 38 -1 25 -1 513 -1 2966 -1 2900 -1 73 -1 2166 -1 6077 -1 -2
1633 -1 6078 -1 5225 -1 37 -1 613 -1 696 -1 2487 -1 6079 -1 6 -1 3303 -1 11 -1 84 -1 73 -1 7 -1 6080 -1 2289 -1 580 -1 1558 -1 3267 -1 1374 -1 89 -1 519 -1 -2
933 -1 6081 -1 73 -1 4 -1 87 -1 4717 -1 933 -1 6082 -1 73 -1 4296 -1 933 -1 3086 -1 3327 -1 73 -1 2297 -1 87 -1 1429 -1 6083 -1 2966 -1 142 -1 519 -1 6084 -1 4488 -1 73 -1 1058 -1 -2
87 -1 643 -1 5383 -1 6085 -1 3151 -1 38 -1 904 -1 3055 -1 22 -1 3331 -1 1293 -1 7 -1 3151 -1 73 -1 7 -1 5302 -1 1584 -1 562 -1 7 -1 5952 -1 4640 -1 3036 -1 16 -1 73 -1 45 -1 365 -1 4234 -1 -2
1968 -1 40 -1 25 -1 1367 -1 3848 -1 73 -1 7 -1 2626 -1 66 -1 298 -1 852 -1 6086 -1 1284 -1 4427 -1 24 -1 5122 -1 6087 -1 285 -1 48 -1 6088 -1 3359 -1 593 -1 54 -1 441 -1 3433 -1 22 -1 4520 -1 40 -1 6089 -1 4409 -1 -2
229 -1 38 -1 291 -1 16 -1 904 -1 3055 -1 6090 -1 1052 -1 40 -1 3066 -1 63 -1 25 -1 6091 -1 73 -1 80 -1 38 -1 95 -1 382 -1 1766 -1 1788 -1 -2
214 -1 25 -1 6092 -1 73 -1 6093 -1 6094 -1 22 -1 444 -1 6095 -1 547 -1 144 -1 25 -1 5952 -1 4640 -1 7 -1 6096 -1 1771 -1 51 -1 25 -1 1165 -1 6097 -1 16 -1 87 -1 7 -1 6098 -1 1771 -1 51 -1 22 -1 340 -1 6099 -1 63 -1 1165 -1 6100 -1 -2
2088 -1 7 -1 6090 -1 73 -1 6101 -1 4427 -1 87 -1 3920 -1 5952 -1 5226 -1 38 -1 350 -1 22 -1 269 -1 1722 -1 40 -1 4245 -1 6102 -1 40 -1 7 -1 6103 -1 760 -1 1220 -1 4750 -1 -2
649 -1 53 -1 54 -1 22 -1 25 -1 5952 -1 4640 -1 6104 -1 89 -1 1558 -1 87 -1 3284 -1 25 -1 839 -1 5975 -1 124 -1 1078 -1 -2
95 -1 67 -1 648 -1 38 -1 25 -1 84 -1 6105 -1 22 -1 25 -1 1165 -1 6101 -1 5791 -1 445 -1 24 -1 25 -1 752 -1 3710 -1 -2
214 -1 53 -1 92 -1 22 -1 67 -1 6106 -1 53 -1 1771 -1 6107 -1 382 -1 2243 -1 3710 -1 35 -1 161 -1 6108 -1 73 -1 1849 -1 -2
63 -1 53 -1 54 -1 13 -1 22 -1 67 -1 6106 -1 53 -1 54 -1 22 -1 25 -1 1279 -1 5952 -1 4640 -1 -2
53 -1 54 -1 13 -1 3736 -1 40 -1 613 -1 983 -1 6106 -1 -2
124 -1 7 -1 1126 -1 669 -1 53 -1 739 -1 7 -1 6004 -1 1561 -1 6109 -1 5812 -1 87 -1 1574 -1 149 -1 4490 -1 -2
44 -1 7 -1 4640 -1 611 -1 40 -1 25 -1 2659 -1 -2
1405 -1 25 -1 2210 -1 1574 -1 2874 -1 80 -1 2678 -1 212 -1 6110 -1 6111 -1 25 -1 6112 -1 6113 -1 89 -1 6114 -1 6115 -1 48 -1 7 -1 162 -1 4813 -1 1566 -1 1479 -1 149 -1 7 -1 1520 -1 4861 -1 87 -1 611 -1 131 -1 6116 -1 73 -1 7 -1 2059 -1 -2
66 -1 38 -1 7 -1 309 -1 22 -1 580 -1 593 -1 804 -1 6117 -1 22 -1 760 -1 1220 -1 -2
3799 -1 1447 -1 7 -1 5226 -1 6118 -1 7 -1 6119 -1 578 -1 73 -1 7 -1 6120 -1 445 -1 188 -1 2428 -1 6121 -1 335 -1 67 -1 2947 -1 87 -1 188 -1 440 -1 1290 -1 89 -1 67 -1 82 -1 40 -1 60 -1 63 -1 40 -1 5193 -1 67 -1 1393 -1 -2
35 -1 7 -1 4640 -1 4241 -1 67 -1 82 -1 6051 -1 48 -1 7 -1 487 -1 606 -1 73 -1 7 -1 1618 -1 6122 -1 -2
7 -1 6105 -1 38 -1 497 -1 1128 -1 38 -1 497 -1 -2
7 -1 3252 -1 73 -1 7 -1 4640 -1 6123 -1 7 -1 1485 -1 73 -1 7 -1 1502 -1 73 -1 1981 -1 2576 -1 63 -1 382 -1 5662 -1 53 -1 836 -1 2722 -1 -2
229 -1 19 -1 805 -1 25 -1 150 -1 6124 -1 25 -1 6125 -1 73 -1 6126 -1 3848 -1 37 -1 2783 -1 2873 -1 40 -1 6127 -1 124 -1 3806 -1 6128 -1 25 -1 1823 -1 73 -1 6129 -1 22 -1 2900 -1 6130 -1 -2
18 -1 235 -1 4497 -1 40 -1 6131 -1 7 -1 3443 -1 48 -1 25 -1 5952 -1 4640 -1 87 -1 3237 -1 519 -1 461 -1 25 -1 2659 -1 -2
18 -1 154 -1 66 -1 18 -1 182 -1 2270 -1 1409 -1 4119 -1 6 -1 1207 -1 97 -1 87 -1 6132 -1 40 -1 7 -1 894 -1 6133 -1 73 -1 5895 -1 220 -1 6134 -1 6135 -1 73 -1 6136 -1 1491 -1 2491 -1 715 -1 7 -1 4933 -1 409 -1 73 -1 6137 -1 307 -1 1905 -1 7 -1 1001 -1 309 -1 -2
18 -1 154 -1 66 -1 382 -1 1771 -1 6138 -1 519 -1 66 -1 1781 -1 38 -1 2436 -1 -2
731 -1 4370 -1 562 -1 7 -1 6139 -1 73 -1 6140 -1 41 -1 6141 -1 80 -1 38 -1 2006 -1 40 -1 171 -1 856 -1 7 -1 6004 -1 87 -1 5954 -1 6142 -1 98 -1 6143 -1 -2
98 -1 6144 -1 6145 -1 149 -1 58 -1 4779 -1 6146 -1 -2
1447 -1 7 -1 6147 -1 91 -1 327 -1 22 -1 1340 -1 1894 -1 7 -1 4147 -1 73 -1 356 -1 95 -1 1740 -1 1253 -1 -2
25 -1 6148 -1 5149 -1 73 -1 7 -1 6149 -1 73 -1 1740 -1 1253 -1 19 -1 135 -1 519 -1 87 -1 1692 -1 6150 -1 145 -1 519 -1 6151 -1 382 -1 5149 -1 441 -1 7 -1 904 -1 3084 -1 -2
936 -1 7 -1 6152 -1 73 -1 5669 -1 1652 -1 40 -1 519 -1 -2
91 -1 613 -1 3455 -1 7 -1 1557 -1 79 -1 7 -1 5226 -1 91 -1 613 -1 3455 -1 98 -1 6153 -1 -2
1740 -1 1253 -1 188 -1 696 -1 2348 -1 87 -1 769 -1 -2
229 -1 38 -1 25 -1 760 -1 6154 -1 -2
172 -1 38 -1 25 -1 6148 -1 151 -1 580 -1 7 -1 6155 -1 73 -1 760 -1 1220 -1 3267 -1 2328 -1 -2
22 -1 7 -1 6037 -1 7 -1 1254 -1 73 -1 6038 -1 87 -1 73 -1 7 -1 4999 -1 684 -1 6156 -1 760 -1 1220 -1 297 -1 370 -1 6157 -1 7 -1 5952 -1 5226 -1 22 -1 7 -1 4370 -1 4532 -1 25 -1 6158 -1 73 -1 6159 -1 580 -1 83 -1 58 -1 25 -1 760 -1 16 -1 63 -1 80 -1 38 -1 73 -1 7 -1 3907 -1 6160 -1 22 -1 108 -1 194 -1 -2
80 -1 38 -1 1162 -1 35 -1 419 -1 35 -1 25 -1 760 -1 6158 -1 2088 -1 89 -1 22 -1 4370 -1 3477 -1 7 -1 2817 -1 36 -1 5263 -1 66 -1 18 -1 188 -1 2391 -1 123 -1 212 -1 6161 -1 22 -1 7 -1 4647 -1 6162 -1 87 -1 229 -1 38 -1 3940 -1 4370 -1 3477 -1 226 -1 25 -1 1279 -1 4640 -1 22 -1 7 -1 4370 -1 -2
25 -1 4640 -1 24 -1 269 -1 705 -1 1068 -1 6123 -1 25 -1 6163 -1 6164 -1 87 -1 7 -1 4226 -1 5551 -1 1162 -1 25 -1 3046 -1 1153 -1 -2
1276 -1 1437 -1 904 -1 5210 -1 87 -1 388 -1 6165 -1 2413 -1 35 -1 214 -1 919 -1 19 -1 6166 -1 73 -1 6124 -1 4647 -1 6167 -1 63 -1 19 -1 1953 -1 73 -1 441 -1 2263 -1 -2
7 -1 5954 -1 3210 -1 1015 -1 6168 -1 -2
5269 -1 628 -1 1021 -1 1108 -1 63 -1 382 -1 38 -1 40 -1 25 -1 36 -1 95 -1 6065 -1 4207 -1 -2
66 -1 5403 -1 45 -1 6169 -1 -2
18 -1 1654 -1 79 -1 7 -1 6009 -1 87 -1 6170 -1 22 -1 25 -1 6171 -1 87 -1 6172 -1 1256 -1 48 -1 7 -1 4640 -1 -2
18 -1 6173 -1 25 -1 2074 -1 1545 -1 87 -1 6174 -1 2614 -1 89 -1 7 -1 6031 -1 5975 -1 -2
18 -1 5457 -1 131 -1 40 -1 868 -1 25 -1 4612 -1 493 -1 -2
2413 -1 45 -1 4319 -1 38 -1 25 -1 4079 -1 73 -1 7 -1 1256 -1 73 -1 7 -1 1276 -1 22 -1 7 -1 4640 -1 -2
643 -1 16 -1 38 -1 22 -1 25 -1 1049 -1 760 -1 1220 -1 2212 -1 643 -1 16 -1 38 -1 6175 -1 87 -1 6176 -1 643 -1 16 -1 38 -1 4266 -1 220 -1 45 -1 4705 -1 1578 -1 -2
4144 -1 7 -1 6037 -1 38 -1 25 -1 2280 -1 95 -1 708 -1 -2
1279 -1 73 -1 1993 -1 3297 -1 188 -1 6177 -1 6178 -1 40 -1 2747 -1 1557 -1 5788 -1 24 -1 752 -1 159 -1 579 -1 87 -1 874 -1 705 -1 4210 -1 87 -1 7 -1 1276 -1 1269 -1 3872 -1 40 -1 933 -1 35 -1 7 -1 6179 -1 195 -1 40 -1 25 -1 6180 -1 -2
87 -1 2413 -1 7 -1 2626 -1 613 -1 3377 -1 382 -1 5025 -1 40 -1 2409 -1 87 -1 3561 -1 7 -1 6181 -1 6182 -1 22 -1 7 -1 139 -1 40 -1 4744 -1 220 -1 7 -1 5954 -1 1183 -1 45 -1 1899 -1 38 -1 40 -1 6183 -1 792 -1 24 -1 1402 -1 87 -1 6184 -1 -2
1993 -1 95 -1 708 -1 391 -1 7 -1 6185 -1 87 -1 6186 -1 613 -1 696 -1 432 -1 22 -1 1242 -1 1628 -1 6187 -1 5225 -1 3267 -1 6188 -1 6189 -1 124 -1 7 -1 6190 -1 6191 -1 73 -1 5338 -1 4987 -1 87 -1 2077 -1 98 -1 606 -1 6192 -1 95 -1 7 -1 6004 -1 -2
214 -1 7 -1 1279 -1 5226 -1 1381 -1 89 -1 7 -1 1900 -1 6193 -1 3297 -1 382 -1 790 -1 51 -1 7 -1 291 -1 90 -1 562 -1 16 -1 760 -1 5849 -1 790 -1 4585 -1 42 -1 22 -1 4750 -1 234 -1 161 -1 6194 -1 1669 -1 3313 -1 124 -1 639 -1 -2
22 -1 933 -1 5226 -1 1993 -1 95 -1 708 -1 80 -1 38 -1 13 -1 1788 -1 66 -1 332 -1 3866 -1 6195 -1 790 -1 2410 -1 40 -1 6196 -1 25 -1 1759 -1 4938 -1 -2
18 -1 38 -1 1093 -1 5604 -1 40 -1 6197 -1 45 -1 2706 -1 40 -1 7 -1 1361 -1 -2
18 -1 5701 -1 73 -1 7 -1 4170 -1 18 -1 3069 -1 18 -1 188 -1 327 -1 6198 -1 45 -1 2693 -1 6199 -1 4817 -1 73 -1 45 -1 1035 -1 3806 -1 -2
1352 -1 1152 -1 1973 -1 441 -1 1880 -1 24 -1 1692 -1 4398 -1 -2
7 -1 6200 -1 1664 -1 5344 -1 6 -1 6201 -1 25 -1 2855 -1 3110 -1 25 -1 725 -1 87 -1 6202 -1 48 -1 25 -1 6203 -1 24 -1 7 -1 5954 -1 24 -1 161 -1 6204 -1 25 -1 4557 -1 87 -1 25 -1 4926 -1 66 -1 60 -1 13 -1 285 -1 40 -1 792 -1 562 -1 593 -1 54 -1 6205 -1 -2
22 -1 7 -1 909 -1 7 -1 2441 -1 79 -1 7 -1 4207 -1 5110 -1 6206 -1 87 -1 6206 -1 -2
1861 -1 4718 -1 2204 -1 7 -1 502 -1 73 -1 7 -1 513 -1 6207 -1 3349 -1 -2
6208 -1 1282 -1 6209 -1 6 -1 7 -1 5226 -1 79 -1 98 -1 755 -1 6210 -1 -2
102 -1 7 -1 5226 -1 1709 -1 6211 -1 22 -1 7 -1 309 -1 73 -1 7 -1 4247 -1 87 -1 89 -1 7 -1 1017 -1 3281 -1 135 -1 1031 -1 25 -1 760 -1 774 -1 611 -1 48 -1 7 -1 423 -1 6212 -1 5952 -1 6213 -1 22 -1 269 -1 6214 -1 6215 -1 -2
7 -1 422 -1 22 -1 1887 -1 1798 -1 -2
7 -1 6216 -1 862 -1 6217 -1 66 -1 4402 -1 22 -1 7 -1 711 -1 -2
161 -1 3312 -1 580 -1 38 -1 904 -1 6218 -1 5354 -1 1293 -1 1631 -1 756 -1 22 -1 1781 -1 22 -1 7 -1 3806 -1 6219 -1 7 -1 6220 -1 5657 -1 73 -1 4102 -1 1427 -1 40 -1 6140 -1 131 -1 7 -1 813 -1 4082 -1 73 -1 7 -1 4196 -1 40 -1 6221 -1 6222 -1 684 -1 6223 -1 6224 -1 73 -1 7 -1 6225 -1 92 -1 3139 -1 40 -1 1262 -1 6226 -1 95 -1 25 -1 4855 -1 919 -1 87 -1 24 -1 933 -1 6226 -1 7 -1 6227 -1 87 -1 6056 -1 92 -1 2102 -1 40 -1 834 -1 95 -1 25 -1 1562 -1 2347 -1 7 -1 6228 -1 87 -1 6229 -1 6230 -1 73 -1 6231 -1 4520 -1 124 -1 7 -1 6232 -1 79 -1 7 -1 6233 -1 73 -1 2208 -1 -2
22 -1 1633 -1 213 -1 7 -1 1236 -1 6234 -1 19 -1 6235 -1 6236 -1 6 -1 7 -1 6237 -1 2441 -1 1549 -1 99 -1 331 -1 22 -1 7 -1 348 -1 58 -1 2364 -1 6238 -1 5762 -1 6239 -1 -2
63 -1 1901 -1 7 -1 6233 -1 73 -1 2208 -1 182 -1 13 -1 438 -1 7 -1 6240 -1 73 -1 161 -1 6241 -1 4102 -1 -2
4264 -1 73 -1 714 -1 936 -1 971 -1 79 -1 80 -1 87 -1 80 -1 188 -1 378 -1 269 -1 3963 -1 124 -1 66 -1 73 -1 25 -1 1254 -1 73 -1 5901 -1 24 -1 5123 -1 353 -1 24 -1 5490 -1 6242 -1 6243 -1 124 -1 7 -1 6244 -1 87 -1 3854 -1 1121 -1 7 -1 887 -1 6232 -1 40 -1 66 -1 73 -1 161 -1 3333 -1 6245 -1 6246 -1 6247 -1 73 -1 4102 -1 1549 -1 4296 -1 4007 -1 25 -1 1772 -1 6248 -1 40 -1 66 -1 1732 -1 73 -1 4987 -1 25 -1 580 -1 6249 -1 832 -1 1318 -1 6250 -1 4207 -1 22 -1 760 -1 1220 -1 -2
131 -1 97 -1 7 -1 467 -1 280 -1 16 -1 2675 -1 25 -1 576 -1 5047 -1 4861 -1 6251 -1 87 -1 6252 -1 580 -1 6253 -1 628 -1 441 -1 834 -1 73 -1 7 -1 3634 -1 -2
7 -1 3135 -1 35 -1 10 -1 35 -1 7 -1 5523 -1 54 -1 1165 -1 2440 -1 87 -1 53 -1 171 -1 643 -1 1575 -1 73 -1 1558 -1 1859 -1 332 -1 2713 -1 6254 -1 6255 -1 22 -1 142 -1 25 -1 84 -1 246 -1 -2
7 -1 1254 -1 1865 -1 51 -1 25 -1 6256 -1 89 -1 7 -1 1405 -1 73 -1 4210 -1 211 -1 6257 -1 6258 -1 211 -1 983 -1 3333 -1 4866 -1 431 -1 -2
35 -1 25 -1 559 -1 73 -1 2798 -1 7 -1 4861 -1 6259 -1 7 -1 6260 -1 73 -1 6261 -1 7 -1 6262 -1 73 -1 6216 -1 6263 -1 7 -1 6264 -1 73 -1 5472 -1 89 -1 7 -1 6265 -1 7 -1 36 -1 37 -1 6266 -1 1920 -1 24 -1 25 -1 2399 -1 866 -1 73 -1 6267 -1 3794 -1 -2
16 -1 235 -1 6268 -1 66 -1 214 -1 6269 -1 2736 -1 6270 -1 6261 -1 6271 -1 6261 -1 214 -1 6272 -1 2736 -1 6273 -1 6261 -1 6271 -1 6261 -1 214 -1 6274 -1 2736 -1 6275 -1 6261 -1 6271 -1 6261 -1 -2
3840 -1 7 -1 6276 -1 6277 -1 6261 -1 188 -1 2728 -1 6216 -1 6263 -1 89 -1 6278 -1 6279 -1 6280 -1 6281 -1 6282 -1 6283 -1 6284 -1 6285 -1 6286 -1 87 -1 6287 -1 -2
229 -1 38 -1 25 -1 6288 -1 73 -1 25 -1 513 -1 6289 -1 22 -1 4102 -1 37 -1 38 -1 1052 -1 35 -1 7 -1 4603 -1 6290 -1 -2
214 -1 25 -1 1759 -1 5900 -1 73 -1 1781 -1 547 -1 1056 -1 158 -1 22 -1 7 -1 139 -1 6261 -1 1771 -1 51 -1 1052 -1 35 -1 16 -1 73 -1 7 -1 4603 -1 3443 -1 89 -1 80 -1 1771 -1 1863 -1 51 -1 25 -1 1502 -1 277 -1 6261 -1 6291 -1 6292 -1 87 -1 25 -1 1017 -1 108 -1 6293 -1 -2
382 -1 38 -1 106 -1 1339 -1 5793 -1 7 -1 6294 -1 73 -1 7 -1 6295 -1 79 -1 7 -1 6233 -1 73 -1 2208 -1 -2
7 -1 513 -1 6261 -1 6296 -1 38 -1 40 -1 3508 -1 6297 -1 6298 -1 73 -1 25 -1 6299 -1 73 -1 13 -1 904 -1 1293 -1 6300 -1 2613 -1 -2
382 -1 1863 -1 6301 -1 291 -1 6302 -1 6303 -1 1472 -1 6216 -1 862 -1 6217 -1 6216 -1 6263 -1 87 -1 73 -1 1993 -1 6304 -1 6305 -1 89 -1 1712 -1 79 -1 7 -1 6306 -1 6307 -1 87 -1 6308 -1 -2
332 -1 73 -1 7 -1 6305 -1 66 -1 2688 -1 7 -1 6309 -1 124 -1 7 -1 6310 -1 73 -1 7 -1 6306 -1 2045 -1 6311 -1 92 -1 2728 -1 6 -1 6261 -1 -2
6261 -1 38 -1 1894 -1 22 -1 2418 -1 1252 -1 -2
1901 -1 214 -1 7 -1 6293 -1 6263 -1 60 -1 13 -1 1652 -1 22 -1 1692 -1 2057 -1 8 -1 6312 -1 7 -1 6313 -1 73 -1 7 -1 4785 -1 790 -1 89 -1 1790 -1 6265 -1 3891 -1 6273 -1 87 -1 6272 -1 613 -1 5068 -1 6314 -1 73 -1 7 -1 615 -1 5014 -1 73 -1 6261 -1 6315 -1 22 -1 2026 -1 40 -1 6316 -1 87 -1 6316 -1 519 -1 22 -1 98 -1 1757 -1 1963 -1 -2
562 -1 7 -1 513 -1 5490 -1 40 -1 6317 -1 6216 -1 6263 -1 252 -1 220 -1 7 -1 6318 -1 73 -1 4288 -1 6270 -1 19 -1 95 -1 103 -1 440 -1 1879 -1 22 -1 7 -1 365 -1 -2
689 -1 6272 -1 211 -1 6273 -1 5105 -1 188 -1 22 -1 370 -1 4074 -1 904 -1 6216 -1 6263 -1 1293 -1 188 -1 6270 -1 -2
7 -1 3347 -1 6319 -1 38 -1 25 -1 1428 -1 36 -1 40 -1 6320 -1 158 -1 73 -1 25 -1 4761 -1 -2
18 -1 327 -1 25 -1 4761 -1 73 -1 2247 -1 66 -1 45 -1 6321 -1 87 -1 6322 -1 92 -1 7 -1 1463 -1 431 -1 22 -1 6323 -1 6315 -1 -2
18 -1 6324 -1 95 -1 7 -1 6325 -1 73 -1 7 -1 6216 -1 862 -1 -2
18 -1 589 -1 13 -1 6326 -1 6327 -1 63 -1 2488 -1 3505 -1 18 -1 4978 -1 40 -1 51 -1 5190 -1 40 -1 3916 -1 45 -1 2159 -1 -2
53 -1 790 -1 3873 -1 1134 -1 161 -1 6328 -1 6329 -1 87 -1 1639 -1 95 -1 4438 -1 123 -1 40 -1 7 -1 401 -1 379 -1 -2
80 -1 6066 -1 136 -1 332 -1 3297 -1 40 -1 817 -1 161 -1 3487 -1 48 -1 45 -1 82 -1 87 -1 562 -1 102 -1 80 -1 38 -1 6330 -1 18 -1 13 -1 291 -1 6331 -1 80 -1 18 -1 6332 -1 80 -1 -2
7 -1 6333 -1 613 -1 25 -1 2320 -1 2030 -1 580 -1 1771 -1 1140 -1 7 -1 6334 -1 73 -1 25 -1 6335 -1 35 -1 161 -1 6336 -1 73 -1 856 -1 1409 -1 7 -1 5429 -1 73 -1 6337 -1 701 -1 182 -1 6338 -1 22 -1 3 -1 679 -1 3297 -1 87 -1 22 -1 6339 -1 562 -1 25 -1 2368 -1 2320 -1 6340 -1 25 -1 1732 -1 73 -1 7 -1 1241 -1 332 -1 740 -1 92 -1 1213 -1 6341 -1 7 -1 6342 -1 73 -1 7 -1 2320 -1 2030 -1 -2
63 -1 66 -1 1732 -1 73 -1 7 -1 4102 -1 5036 -1 6343 -1 580 -1 6344 -1 40 -1 2320 -1 6345 -1 22 -1 4165 -1 4166 -1 466 -1 98 -1 148 -1 220 -1 98 -1 975 -1 87 -1 6192 -1 6346 -1 7 -1 4750 -1 66 -1 91 -1 327 -1 6347 -1 7 -1 559 -1 87 -1 327 -1 746 -1 7 -1 4102 -1 2320 -1 2030 -1 40 -1 51 -1 35 -1 419 -1 35 -1 983 -1 22 -1 7 -1 139 -1 -2
229 -1 92 -1 332 -1 6348 -1 3428 -1 73 -1 6349 -1 63 -1 7 -1 513 -1 6099 -1 4750 -1 35 -1 25 -1 659 -1 2981 -1 4960 -1 933 -1 6350 -1 4220 -1 7 -1 6351 -1 73 -1 7 -1 6352 -1 1823 -1 -2
89 -1 25 -1 576 -1 90 -1 6270 -1 6353 -1 22 -1 7 -1 2726 -1 309 -1 149 -1 7 -1 559 -1 73 -1 6216 -1 6263 -1 -2
91 -1 92 -1 6354 -1 4676 -1 66 -1 229 -1 19 -1 1290 -1 22 -1 441 -1 7 -1 1939 -1 226 -1 6216 -1 6263 -1 -2
235 -1 252 -1 25 -1 513 -1 4510 -1 2218 -1 22 -1 580 -1 1276 -1 3902 -1 149 -1 919 -1 108 -1 40 -1 817 -1 40 -1 7 -1 6355 -1 73 -1 7 -1 6356 -1 87 -1 3151 -1 226 -1 6216 -1 6263 -1 -2
80 -1 19 -1 161 -1 1230 -1 35 -1 5259 -1 35 -1 327 -1 696 -1 7 -1 3748 -1 2041 -1 87 -1 4109 -1 -2
235 -1 6270 -1 241 -1 40 -1 3508 -1 -2
371 -1 188 -1 299 -1 6357 -1 6273 -1 211 -1 6272 -1 22 -1 7 -1 939 -1 73 -1 6216 -1 6263 -1 63 -1 371 -1 936 -1 1491 -1 7 -1 139 -1 24 -1 370 -1 4587 -1 73 -1 66 -1 3321 -1 73 -1 6358 -1 6359 -1 6216 -1 862 -1 6360 -1 -2
371 -1 188 -1 226 -1 6361 -1 73 -1 933 -1 1196 -1 936 -1 22 -1 5834 -1 87 -1 188 -1 226 -1 35 -1 1790 -1 904 -1 22 -1 644 -1 73 -1 4861 -1 -2
1276 -1 5811 -1 613 -1 25 -1 6362 -1 3487 -1 73 -1 7 -1 1398 -1 73 -1 25 -1 6360 -1 -2
7 -1 4653 -1 5649 -1 38 -1 1918 -1 1293 -1 161 -1 3333 -1 6363 -1 576 -1 2136 -1 6364 -1 431 -1 2588 -1 142 -1 7 -1 467 -1 95 -1 6365 -1 2888 -1 24 -1 25 -1 513 -1 2659 -1 73 -1 467 -1 332 -1 1963 -1 316 -1 73 -1 7 -1 864 -1 87 -1 1754 -1 2588 -1 6366 -1 124 -1 7 -1 212 -1 211 -1 1735 -1 6367 -1 -2
6368 -1 382 -1 309 -1 87 -1 66 -1 309 -1 6369 -1 4026 -1 3232 -1 91 -1 54 -1 58 -1 6370 -1 -2
7 -1 615 -1 866 -1 73 -1 1887 -1 6360 -1 188 -1 25 -1 490 -1 73 -1 6371 -1 99 -1 24 -1 25 -1 5805 -1 73 -1 6372 -1 99 -1 -2
7 -1 6373 -1 38 -1 226 -1 6374 -1 1964 -1 7 -1 862 -1 95 -1 25 -1 2888 -1 73 -1 6375 -1 6376 -1 211 -1 904 -1 -2
7 -1 6377 -1 54 -1 6378 -1 24 -1 467 -1 4908 -1 6379 -1 -2
91 -1 4532 -1 124 -1 6380 -1 40 -1 6381 -1 2613 -1 73 -1 6382 -1 87 -1 95 -1 25 -1 2888 -1 73 -1 3198 -1 211 -1 6383 -1 6376 -1 1150 -1 3093 -1 7 -1 8 -1 89 -1 25 -1 4924 -1 607 -1 91 -1 54 -1 6384 -1 73 -1 6385 -1 22 -1 25 -1 465 -1 73 -1 277 -1 6386 -1 87 -1 6387 -1 1945 -1 -2
91 -1 4532 -1 25 -1 1408 -1 73 -1 212 -1 211 -1 1735 -1 1684 -1 87 -1 226 -1 3259 -1 4 -1 -2
91 -1 54 -1 6388 -1 3873 -1 24 -1 16 -1 6389 -1 3655 -1 87 -1 124 -1 212 -1 40 -1 1980 -1 6390 -1 1739 -1 3840 -1 98 -1 2005 -1 73 -1 6391 -1 -2
98 -1 6392 -1 87 -1 81 -1 6393 -1 54 -1 6394 -1 6395 -1 4044 -1 211 -1 5370 -1 6396 -1 22 -1 2026 -1 40 -1 298 -1 519 -1 1428 -1 40 -1 1134 -1 24 -1 7 -1 483 -1 95 -1 8 -1 -2
98 -1 3685 -1 6397 -1 6398 -1 54 -1 40 -1 3147 -1 87 -1 1333 -1 7 -1 1952 -1 6216 -1 6263 -1 1804 -1 87 -1 6399 -1 89 -1 7 -1 1733 -1 1762 -1 87 -1 4402 -1 3273 -1 1712 -1 -2
2088 -1 91 -1 54 -1 2107 -1 6216 -1 6263 -1 73 -1 25 -1 1631 -1 609 -1 866 -1 87 -1 22 -1 2418 -1 790 -1 51 -1 746 -1 6400 -1 158 -1 7 -1 6216 -1 862 -1 3487 -1 22 -1 161 -1 6401 -1 228 -1 -2
1735 -1 6217 -1 73 -1 382 -1 5649 -1 4861 -1 95 -1 7 -1 6261 -1 1963 -1 92 -1 89 -1 6281 -1 6402 -1 -2
7 -1 1887 -1 6403 -1 6404 -1 73 -1 25 -1 6216 -1 862 -1 38 -1 25 -1 477 -1 6405 -1 99 -1 576 -1 24 -1 25 -1 5805 -1 73 -1 6406 -1 99 -1 -2
562 -1 7 -1 862 -1 38 -1 3518 -1 3029 -1 25 -1 2888 -1 73 -1 6407 -1 6376 -1 38 -1 6408 -1 124 -1 370 -1 6409 -1 6373 -1 6377 -1 -2
7 -1 6217 -1 54 -1 1032 -1 6410 -1 3945 -1 7 -1 6216 -1 6263 -1 54 -1 5528 -1 6411 -1 6 -1 25 -1 2016 -1 6410 -1 -2
7 -1 2888 -1 73 -1 2240 -1 6376 -1 38 -1 89 -1 25 -1 1381 -1 73 -1 212 -1 3281 -1 -2
933 -1 6263 -1 54 -1 13 -1 6412 -1 40 -1 3093 -1 95 -1 8 -1 89 -1 983 -1 513 -1 490 -1 73 -1 90 -1 87 -1 3523 -1 3076 -1 468 -1 25 -1 349 -1 5337 -1 234 -1 7 -1 6413 -1 6414 -1 73 -1 25 -1 6415 -1 40 -1 3093 -1 519 -1 22 -1 6382 -1 87 -1 6416 -1 -2
6417 -1 91 -1 54 -1 89 -1 3847 -1 -2
1901 -1 24 -1 6217 -1 6270 -1 22 -1 6418 -1 6419 -1 370 -1 1206 -1 4798 -1 188 -1 1573 -1 153 -1 40 -1 3237 -1 6322 -1 22 -1 2026 -1 40 -1 4249 -1 868 -1 89 -1 519 -1 22 -1 3418 -1 5762 -1 -2
332 -1 3297 -1 5352 -1 80 -1 19 -1 154 -1 7 -1 1618 -1 431 -1 40 -1 6420 -1 6216 -1 477 -1 24 -1 6421 -1 580 -1 1771 -1 6422 -1 519 -1 40 -1 804 -1 22 -1 98 -1 1757 -1 490 -1 562 -1 1574 -1 95 -1 2900 -1 2888 -1 -2
6261 -1 746 -1 382 -1 40 -1 3663 -1 22 -1 551 -1 1409 -1 5752 -1 6423 -1 4519 -1 87 -1 7 -1 6293 -1 6263 -1 936 -1 613 -1 3878 -1 6421 -1 580 -1 6422 -1 519 -1 40 -1 804 -1 22 -1 25 -1 831 -1 6424 -1 -2
95 -1 16 -1 90 -1 25 -1 6216 -1 862 -1 6425 -1 95 -1 370 -1 615 -1 4322 -1 1894 -1 3668 -1 25 -1 513 -1 6426 -1 22 -1 370 -1 406 -1 -2
1447 -1 6427 -1 7 -1 2515 -1 79 -1 7 -1 900 -1 73 -1 25 -1 6428 -1 2037 -1 3011 -1 7 -1 6429 -1 73 -1 7 -1 84 -1 1942 -1 6 -1 7 -1 513 -1 74 -1 778 -1 580 -1 7 -1 862 -1 2447 -1 95 -1 370 -1 6430 -1 1447 -1 370 -1 2858 -1 3136 -1 -2
382 -1 19 -1 3505 -1 2488 -1 7 -1 6431 -1 6263 -1 3668 -1 3 -1 6216 -1 6432 -1 41 -1 22 -1 7 -1 6430 -1 87 -1 7 -1 6430 -1 92 -1 4574 -1 6433 -1 -2
7 -1 1887 -1 862 -1 5967 -1 7 -1 513 -1 1732 -1 73 -1 370 -1 6434 -1 6435 -1 87 -1 6436 -1 79 -1 6437 -1 87 -1 370 -1 864 -1 38 -1 58 -1 25 -1 6438 -1 -2
24 -1 643 -1 904 -1 6439 -1 87 -1 24 -1 933 -1 6440 -1 686 -1 73 -1 4044 -1 6395 -1 6441 -1 211 -1 6396 -1 7 -1 3685 -1 3170 -1 40 -1 25 -1 2248 -1 2292 -1 95 -1 708 -1 38 -1 4189 -1 2049 -1 22 -1 7 -1 6442 -1 580 -1 1865 -1 4245 -1 4564 -1 40 -1 4084 -1 158 -1 73 -1 7 -1 6367 -1 -2
25 -1 859 -1 73 -1 161 -1 6099 -1 6428 -1 5927 -1 784 -1 171 -1 1633 -1 1980 -1 6217 -1 1298 -1 229 -1 -2
10 -1 214 -1 91 -1 547 -1 2292 -1 561 -1 2 -1 1771 -1 4098 -1 1735 -1 73 -1 519 -1 63 -1 7 -1 6443 -1 16 -1 1771 -1 4098 -1 561 -1 382 -1 19 -1 1235 -1 40 -1 6444 -1 4996 -1 37 -1 15 -1 18 -1 698 -1 4098 -1 1735 -1 73 -1 519 -1 214 -1 7 -1 2292 -1 92 -1 95 -1 708 -1 87 -1 7 -1 6263 -1 92 -1 6445 -1 87 -1 6446 -1 6447 -1 295 -1 7 -1 801 -1 4694 -1 3330 -1 40 -1 3015 -1 7 -1 6448 -1 2187 -1 580 -1 7 -1 513 -1 6428 -1 188 -1 89 -1 933 -1 84 -1 6449 -1 -2
7 -1 6261 -1 1276 -1 1234 -1 229 -1 38 -1 643 -1 1344 -1 22 -1 25 -1 6216 -1 6450 -1 2292 -1 79 -1 1277 -1 231 -1 1196 -1 -2
25 -1 1887 -1 6451 -1 38 -1 299 -1 2728 -1 97 -1 2249 -1 40 -1 7 -1 467 -1 89 -1 25 -1 6216 -1 5610 -1 40 -1 6452 -1 80 -1 87 -1 1973 -1 332 -1 340 -1 827 -1 6453 -1 6454 -1 1865 -1 51 -1 2975 -1 6455 -1 80 -1 1771 -1 3074 -1 2911 -1 22 -1 2551 -1 1901 -1 214 -1 7 -1 2366 -1 92 -1 6456 -1 2258 -1 -2
73 -1 644 -1 214 -1 25 -1 6216 -1 862 -1 182 -1 817 -1 25 -1 2239 -1 95 -1 1482 -1 87 -1 1287 -1 6457 -1 91 -1 1771 -1 298 -1 25 -1 1725 -1 63 -1 7 -1 2239 -1 38 -1 1842 -1 6458 -1 214 -1 7 -1 6459 -1 613 -1 3333 -1 3743 -1 87 -1 332 -1 3747 -1 2320 -1 1739 -1 -2
22 -1 6460 -1 3847 -1 7 -1 4224 -1 1771 -1 6121 -1 30 -1 25 -1 1631 -1 1278 -1 1732 -1 3945 -1 95 -1 8 -1 4723 -1 54 -1 2217 -1 40 -1 3322 -1 269 -1 2328 -1 35 -1 161 -1 6461 -1 40 -1 7 -1 3747 -1 2320 -1 1739 -1 310 -1 6216 -1 6263 -1 -2
226 -1 2867 -1 7 -1 90 -1 80 -1 297 -1 84 -1 904 -1 1293 -1 6462 -1 7 -1 1960 -1 73 -1 7 -1 809 -1 -2
79 -1 7 -1 108 -1 860 -1 25 -1 6463 -1 3523 -1 2692 -1 269 -1 1960 -1 295 -1 87 -1 6464 -1 1771 -1 51 -1 6465 -1 89 -1 921 -1 7 -1 6466 -1 1941 -1 -2
229 -1 182 -1 51 -1 291 -1 16 -1 1260 -1 124 -1 580 -1 7 -1 2366 -1 182 -1 285 -1 87 -1 441 -1 7 -1 1656 -1 1771 -1 51 -1 22 -1 3943 -1 73 -1 7 -1 1739 -1 79 -1 481 -1 -2
25 -1 6216 -1 862 -1 1061 -1 3077 -1 382 -1 2214 -1 -2
106 -1 18 -1 3042 -1 38 -1 25 -1 809 -1 628 -1 95 -1 8 -1 24 -1 25 -1 5502 -1 1408 -1 787 -1 48 -1 7 -1 6467 -1 711 -1 124 -1 983 -1 1624 -1 22 -1 580 -1 7 -1 6468 -1 1865 -1 51 -1 2057 -1 -2
6469 -1 235 -1 89 -1 25 -1 5853 -1 6470 -1 93 -1 3136 -1 87 -1 7 -1 5215 -1 6471 -1 -2
22 -1 3418 -1 5762 -1 1558 -1 79 -1 144 -1 25 -1 6216 -1 862 -1 38 -1 13 -1 2433 -1 -2
91 -1 2543 -1 226 -1 58 -1 6472 -1 6473 -1 6474 -1 214 -1 91 -1 54 -1 650 -1 95 -1 1277 -1 58 -1 2888 -1 -2
1128 -1 38 -1 6475 -1 131 -1 35 -1 214 -1 80 -1 92 -1 6476 -1 87 -1 7 -1 2515 -1 2045 -1 719 -1 66 -1 91 -1 54 -1 4101 -1 22 -1 25 -1 6477 -1 580 -1 38 -1 356 -1 3529 -1 1692 -1 309 -1 95 -1 805 -1 -2
87 -1 102 -1 879 -1 6261 -1 87 -1 108 -1 513 -1 6478 -1 1150 -1 298 -1 6216 -1 477 -1 580 -1 54 -1 5346 -1 73 -1 2888 -1 87 -1 6479 -1 1722 -1 91 -1 3523 -1 298 -1 66 -1 347 -1 1797 -1 73 -1 3559 -1 87 -1 6480 -1 580 -1 38 -1 3180 -1 40 -1 25 -1 4373 -1 -2
66 -1 64 -1 4553 -1 22 -1 7 -1 1340 -1 73 -1 332 -1 1828 -1 1831 -1 37 -1 2421 -1 10 -1 66 -1 214 -1 18 -1 38 -1 3199 -1 25 -1 1818 -1 211 -1 607 -1 124 -1 25 -1 3747 -1 2320 -1 3655 -1 790 -1 5544 -1 136 -1 214 -1 80 -1 297 -1 13 -1 4098 -1 136 -1 3179 -1 2060 -1 3330 -1 2848 -1 628 -1 40 -1 8 -1 40 -1 1134 -1 25 -1 584 -1 6481 -1 87 -1 4402 -1 4010 -1 22 -1 7 -1 711 -1 161 -1 3312 -1 580 -1 38 -1 904 -1 6218 -1 5354 -1 1293 -1 1631 -1 756 -1 22 -1 1781 -1 -2
214 -1 25 -1 6216 -1 862 -1 38 -1 3581 -1 3022 -1 2571 -1 22 -1 2674 -1 7 -1 2744 -1 38 -1 441 -1 149 -1 135 -1 80 -1 5982 -1 -2
983 -1 4653 -1 84 -1 6482 -1 1150 -1 1658 -1 73 -1 80 -1 22 -1 25 -1 379 -1 214 -1 7 -1 6483 -1 38 -1 13 -1 551 -1 6484 -1 -2
5254 -1 6173 -1 6485 -1 340 -1 36 -1 3330 -1 6486 -1 -2
7 -1 6487 -1 443 -1 145 -1 45 -1 309 -1 142 -1 25 -1 4207 -1 66 -1 19 -1 3505 -1 35 -1 1488 -1 35 -1 25 -1 4324 -1 -2
1610 -1 161 -1 3032 -1 246 -1 903 -1 25 -1 6488 -1 73 -1 1071 -1 220 -1 7 -1 4300 -1 87 -1 3022 -1 7 -1 6489 -1 92 -1 3535 -1 73 -1 2527 -1 341 -1 87 -1 4 -1 37 -1 1115 -1 4921 -1 87 -1 2140 -1 -2
124 -1 519 -1 252 -1 7 -1 6490 -1 73 -1 4361 -1 87 -1 7 -1 2620 -1 73 -1 3263 -1 -2
919 -1 90 -1 7 -1 340 -1 36 -1 1026 -1 142 -1 16 -1 73 -1 7 -1 5766 -1 6491 -1 7 -1 1071 -1 6492 -1 45 -1 377 -1 22 -1 6493 -1 24 -1 6494 -1 2243 -1 87 -1 6495 -1 1183 -1 229 -1 19 -1 25 -1 6248 -1 40 -1 25 -1 951 -1 87 -1 6496 -1 6497 -1 6498 -1 -2
805 -1 25 -1 6499 -1 2393 -1 252 -1 142 -1 7 -1 711 -1 -2
18 -1 5576 -1 5964 -1 89 -1 5501 -1 73 -1 6500 -1 -2
419 -1 6501 -1 6502 -1 18 -1 55 -1 3092 -1 -2
7 -1 340 -1 36 -1 6503 -1 24 -1 25 -1 255 -1 580 -1 6504 -1 66 -1 7 -1 6505 -1 4518 -1 4845 -1 73 -1 7 -1 4578 -1 327 -1 5190 -1 124 -1 136 -1 161 -1 373 -1 73 -1 161 -1 4195 -1 66 -1 18 -1 327 -1 696 -1 6506 -1 22 -1 4155 -1 6507 -1 87 -1 230 -1 -2
18 -1 1336 -1 45 -1 6508 -1 468 -1 7 -1 5482 -1 73 -1 7 -1 6509 -1 6510 -1 -2
7 -1 5482 -1 38 -1 25 -1 513 -1 87 -1 4340 -1 1254 -1 -2
7 -1 576 -1 2571 -1 24 -1 269 -1 6511 -1 6512 -1 70 -1 6513 -1 7 -1 6514 -1 73 -1 6515 -1 540 -1 6516 -1 6517 -1 6518 -1 87 -1 6519 -1 -2
7 -1 347 -1 887 -1 1233 -1 38 -1 6520 -1 24 -1 4775 -1 87 -1 6521 -1 73 -1 6522 -1 -2
229 -1 38 -1 25 -1 576 -1 1488 -1 222 -1 310 -1 16 -1 75 -1 87 -1 80 -1 38 -1 6523 -1 6 -1 25 -1 1488 -1 1075 -1 5471 -1 89 -1 2801 -1 73 -1 1095 -1 -2
79 -1 161 -1 340 -1 6524 -1 6525 -1 278 -1 73 -1 5603 -1 377 -1 7 -1 349 -1 2571 -1 87 -1 3270 -1 7 -1 752 -1 6526 -1 73 -1 7 -1 6527 -1 -2
1754 -1 580 -1 188 -1 22 -1 80 -1 7 -1 3155 -1 73 -1 161 -1 3346 -1 1306 -1 2320 -1 6528 -1 142 -1 7 -1 162 -1 -2
7 -1 513 -1 2345 -1 73 -1 7 -1 239 -1 54 -1 5405 -1 6 -1 7 -1 887 -1 6025 -1 124 -1 7 -1 6510 -1 1714 -1 -2
87 -1 172 -1 7 -1 6529 -1 73 -1 25 -1 2035 -1 3330 -1 79 -1 2492 -1 7 -1 6530 -1 73 -1 6515 -1 540 -1 87 -1 7 -1 2090 -1 1559 -1 6531 -1 73 -1 6518 -1 1516 -1 124 -1 7 -1 6532 -1 -2
562 -1 7 -1 340 -1 36 -1 491 -1 7 -1 246 -1 73 -1 382 -1 5731 -1 18 -1 402 -1 89 -1 25 -1 379 -1 24 -1 45 -1 1545 -1 79 -1 7 -1 6533 -1 -2
18 -1 2557 -1 2990 -1 2899 -1 18 -1 19 -1 3335 -1 332 -1 6534 -1 4079 -1 -2
89 -1 1252 -1 1078 -1 22 -1 7 -1 6510 -1 18 -1 182 -1 739 -1 7 -1 894 -1 242 -1 73 -1 6157 -1 6535 -1 4 -1 37 -1 92 -1 285 -1 89 -1 7 -1 6536 -1 1959 -1 40 -1 51 -1 943 -1 79 -1 7 -1 6537 -1 -2
2899 -1 22 -1 7 -1 84 -1 6538 -1 73 -1 7 -1 6510 -1 933 -1 4 -1 92 -1 6157 -1 2492 -1 161 -1 2218 -1 73 -1 268 -1 6539 -1 87 -1 4361 -1 -2
7 -1 6540 -1 635 -1 58 -1 7 -1 2744 -1 73 -1 3 -1 6541 -1 2492 -1 25 -1 3628 -1 73 -1 2179 -1 87 -1 2353 -1 73 -1 6289 -1 3135 -1 -2
7 -1 340 -1 36 -1 1213 -1 45 -1 860 -1 35 -1 214 -1 840 -1 229 -1 22 -1 7 -1 711 -1 18 -1 19 -1 650 -1 40 -1 6192 -1 2648 -1 7 -1 4821 -1 73 -1 7 -1 6535 -1 -2
3022 -1 7 -1 5482 -1 6542 -1 116 -1 1309 -1 6543 -1 2503 -1 7 -1 6544 -1 4873 -1 22 -1 7 -1 1256 -1 73 -1 25 -1 6545 -1 -2
370 -1 440 -1 472 -1 19 -1 943 -1 347 -1 40 -1 1804 -1 370 -1 377 -1 580 -1 19 -1 2223 -1 6546 -1 124 -1 7 -1 6547 -1 -2
24 -1 25 -1 6548 -1 73 -1 370 -1 6549 -1 371 -1 6550 -1 25 -1 513 -1 482 -1 4260 -1 6551 -1 124 -1 7 -1 6532 -1 87 -1 6552 -1 25 -1 1434 -1 87 -1 1145 -1 134 -1 124 -1 7 -1 2870 -1 87 -1 1754 -1 87 -1 3747 -1 30 -1 73 -1 6512 -1 371 -1 2207 -1 7 -1 6553 -1 220 -1 7 -1 1075 -1 1901 -1 35 -1 371 -1 184 -1 7 -1 340 -1 36 -1 1207 -1 3022 -1 7 -1 3175 -1 87 -1 6554 -1 6555 -1 7 -1 6025 -1 124 -1 45 -1 549 -1 -2
6556 -1 53 -1 6502 -1 371 -1 15 -1 -2
18 -1 145 -1 643 -1 1152 -1 1183 -1 18 -1 327 -1 746 -1 45 -1 309 -1 40 -1 7 -1 576 -1 222 -1 -2
80 -1 38 -1 18 -1 15 -1 235 -1 -2
80 -1 19 -1 1911 -1 66 -1 22 -1 7 -1 3288 -1 3371 -1 18 -1 327 -1 2348 -1 332 -1 866 -1 73 -1 5598 -1 2347 -1 -2
7 -1 6557 -1 73 -1 370 -1 5482 -1 19 -1 2691 -1 6558 -1 63 -1 7 -1 340 -1 36 -1 6559 -1 643 -1 4161 -1 -2
6560 -1 16 -1 2576 -1 87 -1 6561 -1 80 -1 149 -1 7 -1 108 -1 18 -1 514 -1 22 -1 7 -1 1113 -1 6562 -1 73 -1 25 -1 6223 -1 2645 -1 3220 -1 40 -1 45 -1 1757 -1 6563 -1 -2
18 -1 3187 -1 6564 -1 -2
1015 -1 6556 -1 643 -1 419 -1 25 -1 36 -1 6565 -1 124 -1 6566 -1 933 -1 2406 -1 -2
2 -1 6567 -1 7 -1 6568 -1 6569 -1 91 -1 1771 -1 51 -1 6570 -1 123 -1 1911 -1 6571 -1 7 -1 6572 -1 229 -1 19 -1 66 -1 84 -1 3175 -1 6573 -1 6574 -1 -2
2 -1 1771 -1 51 -1 6575 -1 25 -1 697 -1 6571 -1 1095 -1 6576 -1 712 -1 53 -1 6502 -1 3063 -1 7 -1 355 -1 -2
2066 -1 172 -1 87 -1 229 -1 22 -1 7 -1 3811 -1 73 -1 7 -1 2320 -1 6542 -1 24 -1 370 -1 5251 -1 134 -1 87 -1 993 -1 6577 -1 606 -1 19 -1 58 -1 25 -1 5986 -1 6578 -1 95 -1 25 -1 6579 -1 -2
7 -1 340 -1 36 -1 5211 -1 1801 -1 532 -1 370 -1 124 -1 7 -1 735 -1 95 -1 7 -1 108 -1 503 -1 73 -1 7 -1 3175 -1 -2
7 -1 989 -1 124 -1 7 -1 6580 -1 73 -1 45 -1 4696 -1 40 -1 7 -1 4869 -1 73 -1 45 -1 46 -1 1221 -1 2136 -1 40 -1 161 -1 373 -1 73 -1 2375 -1 6581 -1 1293 -1 983 -1 5306 -1 -2
18 -1 547 -1 613 -1 696 -1 6394 -1 220 -1 7 -1 246 -1 73 -1 25 -1 6582 -1 24 -1 6583 -1 5396 -1 6584 -1 1318 -1 136 -1 87 -1 4 -1 22 -1 1027 -1 6585 -1 460 -1 3656 -1 7 -1 1308 -1 73 -1 2580 -1 -2
102 -1 18 -1 104 -1 -2
2 -1 1771 -1 51 -1 6575 -1 25 -1 697 -1 6571 -1 1095 -1 6542 -1 561 -1 6586 -1 18 -1 15 -1 -2
6576 -1 712 -1 53 -1 6502 -1 114 -1 371 -1 699 -1 24 -1 6587 -1 1625 -1 -2
371 -1 19 -1 6588 -1 370 -1 3310 -1 6589 -1 580 -1 936 -1 5 -1 22 -1 269 -1 6590 -1 79 -1 7 -1 6591 -1 149 -1 7 -1 2571 -1 -2
229 -1 19 -1 25 -1 6592 -1 22 -1 370 -1 6593 -1 6594 -1 -2
7 -1 340 -1 36 -1 3187 -1 87 -1 331 -1 45 -1 929 -1 24 -1 25 -1 6595 -1 774 -1 79 -1 7 -1 2345 -1 -2
7 -1 261 -1 73 -1 6157 -1 6535 -1 936 -1 236 -1 142 -1 6355 -1 87 -1 2118 -1 4859 -1 73 -1 7 -1 6510 -1 19 -1 25 -1 1529 -1 73 -1 838 -1 2215 -1 -2
25 -1 4612 -1 22 -1 25 -1 1488 -1 3477 -1 2847 -1 7 -1 5482 -1 87 -1 2610 -1 3101 -1 7 -1 6589 -1 87 -1 6596 -1 108 -1 1366 -1 -2
6502 -1 172 -1 1771 -1 51 -1 6597 -1 25 -1 697 -1 6571 -1 1095 -1 15 -1 7 -1 355 -1 40 -1 370 -1 6598 -1 -2
7 -1 4612 -1 47 -1 731 -1 7 -1 6599 -1 134 -1 22 -1 7 -1 958 -1 87 -1 312 -1 80 -1 5329 -1 24 -1 25 -1 1911 -1 483 -1 -2
613 -1 5100 -1 7 -1 797 -1 6502 -1 1235 -1 7 -1 4612 -1 73 -1 7 -1 2987 -1 -2
155 -1 6600 -1 18 -1 699 -1 22 -1 2034 -1 3983 -1 2 -1 613 -1 229 -1 936 -1 55 -1 6542 -1 22 -1 1020 -1 87 -1 3218 -1 -2
6601 -1 25 -1 444 -1 2297 -1 6602 -1 371 -1 19 -1 6603 -1 787 -1 24 -1 3032 -1 46 -1 95 -1 7 -1 340 -1 36 -1 -2
18 -1 2952 -1 45 -1 4137 -1 460 -1 1447 -1 25 -1 2695 -1 230 -1 22 -1 7 -1 5482 -1 -2
18 -1 1122 -1 3098 -1 3 -1 6604 -1 87 -1 466 -1 519 -1 4500 -1 6605 -1 87 -1 2201 -1 105 -1 79 -1 7 -1 1075 -1 -2
229 -1 936 -1 55 -1 6542 -1 6606 -1 -2
91 -1 1122 -1 136 -1 25 -1 697 -1 73 -1 7 -1 887 -1 6607 -1 87 -1 6542 -1 2344 -1 80 -1 158 -1 89 -1 136 -1 24 -1 370 -1 1757 -1 752 -1 860 -1 580 -1 273 -1 40 -1 51 -1 35 -1 623 -1 35 -1 45 -1 1002 -1 -2
25 -1 1508 -1 73 -1 482 -1 777 -1 6608 -1 95 -1 7 -1 81 -1 73 -1 7 -1 5751 -1 -2
24 -1 2468 -1 1018 -1 7 -1 340 -1 36 -1 937 -1 25 -1 2034 -1 2516 -1 -2
229 -1 252 -1 25 -1 2126 -1 3151 -1 124 -1 42 -1 1732 -1 73 -1 7 -1 6510 -1 -2
16 -1 73 -1 7 -1 6535 -1 19 -1 95 -1 7 -1 82 -1 73 -1 7 -1 5475 -1 6609 -1 89 -1 7 -1 6598 -1 -2
7 -1 3 -1 341 -1 1554 -1 6610 -1 1709 -1 24 -1 7 -1 6589 -1 87 -1 7 -1 6611 -1 87 -1 587 -1 24 -1 519 -1 40 -1 6612 -1 7 -1 6535 -1 -2
3821 -1 7 -1 340 -1 36 -1 6613 -1 7 -1 5151 -1 73 -1 7 -1 2320 -1 79 -1 7 -1 239 -1 -2
80 -1 1135 -1 87 -1 6614 -1 22 -1 7 -1 309 -1 73 -1 3146 -1 95 -1 7 -1 6615 -1 3798 -1 -2
562 -1 6542 -1 3220 -1 7 -1 6616 -1 6617 -1 73 -1 25 -1 355 -1 19 -1 6618 -1 87 -1 6619 -1 -2
7 -1 6535 -1 327 -1 696 -1 6620 -1 -2
2 -1 6567 -1 7 -1 6621 -1 241 -1 7 -1 36 -1 6622 -1 -2
2 -1 6567 -1 7 -1 6621 -1 6569 -1 6623 -1 19 -1 25 -1 6624 -1 3118 -1 73 -1 25 -1 6586 -1 6542 -1 161 -1 698 -1 51 -1 6625 -1 647 -1 6626 -1 5538 -1 6627 -1 6574 -1 6628 -1 2 -1 6567 -1 7 -1 6621 -1 6569 -1 6623 -1 182 -1 6629 -1 40 -1 67 -1 1757 -1 3515 -1 6630 -1 6631 -1 6632 -1 15 -1 7 -1 355 -1 1353 -1 -2
18 -1 145 -1 25 -1 421 -1 580 -1 3267 -1 613 -1 1807 -1 45 -1 6633 -1 4819 -1 95 -1 7 -1 6634 -1 73 -1 7 -1 760 -1 6635 -1 87 -1 235 -1 6636 -1 48 -1 42 -1 3283 -1 -2
7 -1 355 -1 25 -1 6637 -1 6400 -1 6560 -1 5179 -1 161 -1 6638 -1 73 -1 6639 -1 4881 -1 597 -1 7 -1 57 -1 73 -1 7 -1 659 -1 5482 -1 24 -1 25 -1 1018 -1 6640 -1 73 -1 370 -1 513 -1 606 -1 589 -1 13 -1 4089 -1 7 -1 340 -1 36 -1 89 -1 25 -1 576 -1 90 -1 -2
562 -1 371 -1 102 -1 1154 -1 468 -1 136 -1 371 -1 184 -1 66 -1 18 -1 19 -1 2579 -1 1126 -1 24 -1 45 -1 1027 -1 377 -1 79 -1 45 -1 606 -1 -2
25 -1 6641 -1 73 -1 901 -1 3328 -1 2890 -1 -2
18 -1 19 -1 1304 -1 -2
371 -1 3597 -1 40 -1 136 -1 87 -1 563 -1 2550 -1 148 -1 40 -1 45 -1 1508 -1 -2
4367 -1 45 -1 6642 -1 87 -1 6643 -1 6644 -1 371 -1 1509 -1 136 -1 158 -1 124 -1 1847 -1 7 -1 1075 -1 87 -1 335 -1 7 -1 239 -1 -2
371 -1 304 -1 7 -1 246 -1 87 -1 4946 -1 136 -1 48 -1 7 -1 708 -1 -2
6645 -1 -2
7 -1 6646 -1 5584 -1 6647 -1 73 -1 7 -1 5666 -1 2165 -1 188 -1 145 -1 1790 -1 5783 -1 1475 -1 6648 -1 6649 -1 87 -1 79 -1 933 -1 6650 -1 6651 -1 7 -1 5714 -1 73 -1 7 -1 6652 -1 4750 -1 3267 -1 51 -1 1573 -1 3908 -1 7 -1 84 -1 6653 -1 22 -1 2835 -1 -2
40 -1 2044 -1 22 -1 6654 -1 40 -1 377 -1 7 -1 140 -1 6655 -1 22 -1 45 -1 6656 -1 40 -1 5079 -1 45 -1 381 -1 73 -1 6657 -1 87 -1 992 -1 87 -1 102 -1 40 -1 6658 -1 6659 -1 124 -1 136 -1 38 -1 35 -1 2889 -1 22 -1 332 -1 4992 -1 73 -1 6649 -1 35 -1 80 -1 38 -1 22 -1 441 -1 4992 -1 73 -1 6660 -1 -2
40 -1 171 -1 7 -1 6661 -1 5221 -1 22 -1 6662 -1 87 -1 1516 -1 40 -1 171 -1 7 -1 4360 -1 73 -1 6663 -1 38 -1 25 -1 4902 -1 6664 -1 2488 -1 933 -1 1276 -1 1634 -1 66 -1 91 -1 54 -1 6665 -1 6649 -1 1901 -1 35 -1 4 -1 1634 -1 66 -1 91 -1 54 -1 6666 -1 4420 -1 562 -1 91 -1 6667 -1 7 -1 6668 -1 6051 -1 -2
63 -1 2387 -1 214 -1 16 -1 6669 -1 16 -1 1150 -1 195 -1 3098 -1 1133 -1 6670 -1 87 -1 3821 -1 87 -1 57 -1 95 -1 6649 -1 -2
7 -1 6671 -1 73 -1 7 -1 6672 -1 7 -1 6673 -1 73 -1 25 -1 84 -1 6674 -1 937 -1 24 -1 6675 -1 7 -1 2725 -1 1058 -1 73 -1 6676 -1 7 -1 6018 -1 5254 -1 6677 -1 6678 -1 89 -1 6679 -1 7 -1 659 -1 6680 -1 87 -1 3122 -1 476 -1 73 -1 7 -1 6681 -1 6682 -1 6487 -1 269 -1 3119 -1 269 -1 6683 -1 382 -1 38 -1 235 -1 7 -1 3264 -1 73 -1 7 -1 36 -1 37 -1 6030 -1 58 -1 25 -1 6684 -1 6685 -1 158 -1 73 -1 7 -1 6686 -1 87 -1 6687 -1 73 -1 7 -1 6688 -1 6689 -1 -2
89 -1 106 -1 6690 -1 73 -1 6691 -1 6692 -1 38 -1 933 -1 37 -1 6693 -1 35 -1 6688 -1 6694 -1 6690 -1 73 -1 6691 -1 6056 -1 3077 -1 73 -1 7 -1 4117 -1 89 -1 6695 -1 73 -1 6696 -1 -2
16 -1 188 -1 25 -1 1344 -1 73 -1 6697 -1 95 -1 1813 -1 7 -1 1812 -1 73 -1 6696 -1 -2
80 -1 19 -1 1426 -1 25 -1 4882 -1 6698 -1 -2
229 -1 38 -1 22 -1 6696 -1 13 -1 16 -1 431 -1 66 -1 38 -1 5528 -1 2797 -1 158 -1 40 -1 7 -1 3705 -1 35 -1 25 -1 431 -1 4340 -1 73 -1 25 -1 6699 -1 6700 -1 22 -1 25 -1 343 -1 -2
229 -1 38 -1 643 -1 6701 -1 643 -1 6702 -1 643 -1 6703 -1 643 -1 6704 -1 24 -1 25 -1 6125 -1 73 -1 3662 -1 927 -1 643 -1 6705 -1 469 -1 22 -1 7 -1 4284 -1 73 -1 6661 -1 -2
80 -1 38 -1 13 -1 161 -1 6706 -1 161 -1 6707 -1 89 -1 25 -1 3454 -1 58 -1 25 -1 3212 -1 73 -1 6708 -1 211 -1 5262 -1 -2
80 -1 38 -1 2063 -1 161 -1 5254 -1 6509 -1 6709 -1 971 -1 332 -1 212 -1 1198 -1 5254 -1 87 -1 1735 -1 6710 -1 -2
214 -1 16 -1 211 -1 3 -1 6711 -1 6712 -1 1318 -1 6696 -1 80 -1 1771 -1 51 -1 25 -1 4099 -1 6713 -1 6509 -1 -2
7 -1 752 -1 6714 -1 87 -1 752 -1 5523 -1 73 -1 6270 -1 60 -1 13 -1 1652 -1 95 -1 441 -1 -2
7 -1 4198 -1 54 -1 2136 -1 24 -1 6715 -1 74 -1 253 -1 -2
7 -1 6355 -1 3032 -1 6716 -1 220 -1 1488 -1 340 -1 3108 -1 -2
172 -1 87 -1 229 -1 22 -1 7 -1 4207 -1 38 -1 332 -1 3341 -1 6717 -1 1321 -1 24 -1 132 -1 2345 -1 1516 -1 124 -1 7 -1 1155 -1 73 -1 25 -1 5393 -1 -2
95 -1 213 -1 229 -1 38 -1 25 -1 513 -1 2152 -1 73 -1 6025 -1 -2
6718 -1 6719 -1 6720 -1 226 -1 7 -1 6721 -1 87 -1 1129 -1 6722 -1 6189 -1 89 -1 3390 -1 124 -1 7 -1 4457 -1 -2
80 -1 38 -1 6723 -1 40 -1 4590 -1 66 -1 1790 -1 1276 -1 1771 -1 4554 -1 6696 -1 1093 -1 551 -1 5474 -1 -2
2911 -1 2531 -1 172 -1 66 -1 188 -1 797 -1 -2
7 -1 2817 -1 6099 -1 6724 -1 24 -1 45 -1 6725 -1 2187 -1 89 -1 382 -1 4596 -1 45 -1 6726 -1 4109 -1 89 -1 66 -1 4596 -1 45 -1 6727 -1 89 -1 7 -1 582 -1 2626 -1 182 -1 172 -1 51 -1 25 -1 4866 -1 420 -1 87 -1 4145 -1 7 -1 1276 -1 22 -1 16 -1 211 -1 3 -1 2159 -1 1183 -1 91 -1 92 -1 3638 -1 316 -1 220 -1 7 -1 3847 -1 580 -1 38 -1 1894 -1 97 -1 519 -1 7 -1 2706 -1 40 -1 1429 -1 45 -1 69 -1 48 -1 6728 -1 24 -1 25 -1 6729 -1 66 -1 1771 -1 51 -1 25 -1 1206 -1 2939 -1 40 -1 136 -1 -2
89 -1 2492 -1 45 -1 1142 -1 87 -1 45 -1 6730 -1 87 -1 45 -1 6731 -1 5828 -1 6732 -1 5782 -1 6733 -1 382 -1 6734 -1 5052 -1 89 -1 45 -1 3498 -1 89 -1 45 -1 281 -1 89 -1 202 -1 7 -1 6735 -1 6438 -1 73 -1 4063 -1 404 -1 6736 -1 124 -1 4063 -1 404 -1 6737 -1 6738 -1 580 -1 182 -1 462 -1 7 -1 139 -1 -2
87 -1 7 -1 6018 -1 5254 -1 6677 -1 6739 -1 89 -1 6679 -1 22 -1 7 -1 1571 -1 5185 -1 -2
6740 -1 -2
6741 -1 5573 -1 7 -1 4523 -1 -2
22 -1 6649 -1 6742 -1 6743 -1 2951 -1 1828 -1 -2
1991 -1 91 -1 6744 -1 40 -1 6745 -1 562 -1 80 -1 38 -1 2114 -1 40 -1 519 -1 22 -1 7 -1 6746 -1 73 -1 25 -1 2524 -1 2742 -1 -2
6121 -1 3512 -1 6747 -1 4 -1 98 -1 6748 -1 54 -1 518 -1 40 -1 6362 -1 3775 -1 6 -1 382 -1 3487 -1 73 -1 1428 -1 4516 -1 356 -1 6749 -1 40 -1 7 -1 2258 -1 1836 -1 73 -1 25 -1 6750 -1 -2
80 -1 38 -1 1165 -1 2368 -1 -2
63 -1 91 -1 2331 -1 791 -1 1847 -1 519 -1 6751 -1 6752 -1 341 -1 37 -1 60 -1 13 -1 6107 -1 6745 -1 35 -1 25 -1 2524 -1 6753 -1 -2
87 -1 607 -1 441 -1 142 -1 6649 -1 16 -1 2675 -1 933 -1 6754 -1 6752 -1 1836 -1 585 -1 24 -1 25 -1 475 -1 66 -1 38 -1 924 -1 1884 -1 -2
22 -1 6755 -1 229 -1 38 -1 1894 -1 25 -1 3627 -1 4587 -1 73 -1 340 -1 341 -1 2544 -1 2441 -1 6756 -1 22 -1 6757 -1 37 -1 6758 -1 123 -1 6759 -1 969 -1 40 -1 857 -1 98 -1 84 -1 6760 -1 124 -1 1010 -1 6761 -1 37 -1 6762 -1 1610 -1 95 -1 7 -1 6763 -1 63 -1 904 -1 2037 -1 95 -1 7 -1 6289 -1 66 -1 6259 -1 80 -1 22 -1 7 -1 2726 -1 3175 -1 -2
22 -1 7 -1 958 -1 73 -1 25 -1 1993 -1 5056 -1 933 -1 340 -1 341 -1 54 -1 35 -1 5121 -1 35 -1 7 -1 2066 -1 910 -1 6764 -1 79 -1 25 -1 1488 -1 5795 -1 562 -1 7 -1 6765 -1 6766 -1 87 -1 7 -1 3146 -1 6767 -1 6 -1 6768 -1 -2
562 -1 25 -1 1027 -1 3628 -1 6035 -1 142 -1 7 -1 6466 -1 4207 -1 73 -1 6696 -1 87 -1 1339 -1 901 -1 735 -1 22 -1 6755 -1 6674 -1 933 -1 340 -1 3814 -1 24 -1 98 -1 347 -1 6496 -1 740 -1 87 -1 7 -1 3649 -1 73 -1 98 -1 6757 -1 98 -1 5306 -1 87 -1 4864 -1 6769 -1 562 -1 91 -1 54 -1 2394 -1 40 -1 857 -1 25 -1 1176 -1 3826 -1 7 -1 497 -1 6770 -1 124 -1 7 -1 1489 -1 73 -1 25 -1 166 -1 1340 -1 -2
412 -1 641 -1 784 -1 412 -1 4102 -1 305 -1 3092 -1 933 -1 1865 -1 613 -1 6771 -1 6772 -1 40 -1 51 -1 6773 -1 211 -1 6774 -1 22 -1 7 -1 513 -1 1241 -1 73 -1 760 -1 1220 -1 6773 -1 211 -1 6774 -1 73 -1 7 -1 513 -1 1241 -1 73 -1 760 -1 1220 -1 1894 -1 857 -1 1402 -1 73 -1 98 -1 3401 -1 2 -1 3063 -1 3150 -1 -2
79 -1 25 -1 3805 -1 149 -1 22 -1 25 -1 1802 -1 5 -1 25 -1 6775 -1 5254 -1 6776 -1 22 -1 6777 -1 194 -1 37 -1 2285 -1 40 -1 5415 -1 3538 -1 79 -1 7 -1 6778 -1 6779 -1 -2
18 -1 327 -1 1409 -1 927 -1 87 -1 25 -1 939 -1 73 -1 6780 -1 22 -1 2003 -1 40 -1 519 -1 -2
18 -1 2107 -1 6781 -1 7 -1 3371 -1 66 -1 7 -1 2686 -1 5681 -1 6782 -1 73 -1 6269 -1 95 -1 2864 -1 38 -1 22 -1 7 -1 1260 -1 73 -1 6282 -1 87 -1 66 -1 80 -1 6783 -1 108 -1 6318 -1 40 -1 3093 -1 161 -1 483 -1 79 -1 370 -1 -2
18 -1 154 -1 7 -1 6784 -1 22 -1 6785 -1 1771 -1 299 -1 651 -1 6786 -1 95 -1 7 -1 148 -1 73 -1 6287 -1 -2
45 -1 2516 -1 1212 -1 1115 -1 124 -1 45 -1 1802 -1 147 -1 7 -1 6787 -1 5751 -1 73 -1 1095 -1 22 -1 7 -1 162 -1 18 -1 6788 -1 79 -1 7 -1 2524 -1 73 -1 7 -1 6458 -1 5344 -1 73 -1 7 -1 1108 -1 24 -1 7 -1 6789 -1 73 -1 25 -1 3804 -1 6790 -1 73 -1 6791 -1 -2
172 -1 19 -1 25 -1 84 -1 6776 -1 2652 -1 6792 -1 22 -1 25 -1 6793 -1 6794 -1 73 -1 353 -1 453 -1 25 -1 36 -1 40 -1 3586 -1 25 -1 2126 -1 3 -1 4180 -1 1771 -1 1652 -1 35 -1 25 -1 5800 -1 25 -1 4071 -1 6795 -1 6681 -1 1549 -1 1340 -1 6796 -1 7 -1 139 -1 58 -1 7 -1 1431 -1 73 -1 25 -1 432 -1 6797 -1 -2
382 -1 6798 -1 36 -1 3169 -1 66 -1 7 -1 1108 -1 19 -1 25 -1 6799 -1 6235 -1 6 -1 4 -1 66 -1 54 -1 6800 -1 22 -1 7 -1 6801 -1 2635 -1 22 -1 7 -1 4106 -1 7 -1 84 -1 4106 -1 580 -1 54 -1 4455 -1 73 -1 300 -1 513 -1 330 -1 6 -1 7 -1 1801 -1 -2
18 -1 19 -1 40 -1 25 -1 6802 -1 6751 -1 73 -1 2421 -1 66 -1 18 -1 3082 -1 79 -1 25 -1 6799 -1 87 -1 13 -1 79 -1 7 -1 6803 -1 73 -1 25 -1 6804 -1 -2
87 -1 2201 -1 562 -1 7 -1 1939 -1 327 -1 47 -1 42 -1 1802 -1 18 -1 6805 -1 6346 -1 7 -1 6806 -1 1743 -1 66 -1 25 -1 1848 -1 124 -1 25 -1 1907 -1 3905 -1 562 -1 3638 -1 22 -1 25 -1 5393 -1 1771 -1 804 -1 795 -1 40 -1 161 -1 6807 -1 -2
3822 -1 6018 -1 5254 -1 6677 -1 -2
7 -1 2278 -1 247 -1 80 -1 25 -1 6808 -1 6809 -1 -2
229 -1 19 -1 25 -1 6810 -1 73 -1 856 -1 7 -1 2390 -1 73 -1 6677 -1 327 -1 2544 -1 161 -1 4398 -1 40 -1 2273 -1 782 -1 927 -1 73 -1 7 -1 3955 -1 606 -1 87 -1 327 -1 235 -1 3597 -1 45 -1 4 -1 2614 -1 87 -1 6 -1 708 -1 40 -1 6811 -1 25 -1 2399 -1 2987 -1 -2
7 -1 2496 -1 6812 -1 25 -1 6813 -1 6814 -1 6815 -1 332 -1 1312 -1 2103 -1 3157 -1 1818 -1 87 -1 25 -1 4051 -1 2318 -1 -2
7 -1 1624 -1 73 -1 80 -1 19 -1 66 -1 332 -1 73 -1 7 -1 5254 -1 2521 -1 247 -1 80 -1 25 -1 6808 -1 6809 -1 87 -1 486 -1 40 -1 6816 -1 7 -1 1663 -1 220 -1 163 -1 1471 -1 42 -1 1103 -1 6654 -1 22 -1 269 -1 2770 -1 -2
91 -1 434 -1 87 -1 6817 -1 87 -1 6818 -1 87 -1 145 -1 25 -1 6664 -1 73 -1 7 -1 513 -1 1887 -1 477 -1 73 -1 6819 -1 1183 -1 7 -1 1361 -1 73 -1 382 -1 2535 -1 6820 -1 19 -1 551 -1 2861 -1 40 -1 51 -1 6821 -1 87 -1 6822 -1 149 -1 98 -1 1123 -1 1900 -1 2764 -1 64 -1 613 -1 924 -1 3169 -1 66 -1 7 -1 6823 -1 2418 -1 73 -1 7 -1 6677 -1 327 -1 6824 -1 25 -1 2235 -1 -2
1726 -1 80 -1 38 -1 66 -1 7 -1 5254 -1 2771 -1 7 -1 5254 -1 -2
16 -1 3523 -1 57 -1 6649 -1 49 -1 22 -1 7 -1 377 -1 234 -1 3453 -1 25 -1 513 -1 1790 -1 6710 -1 -2
7 -1 1864 -1 38 -1 1751 -1 24 -1 84 -1 6825 -1 -2
80 -1 64 -1 613 -1 696 -1 15 -1 25 -1 679 -1 213 -1 66 -1 229 -1 38 -1 161 -1 2380 -1 1884 -1 1866 -1 -2
7 -1 2798 -1 38 -1 551 -1 2024 -1 -2
7 -1 4756 -1 202 -1 4304 -1 25 -1 134 -1 5793 -1 22 -1 269 -1 6826 -1 -2
18 -1 188 -1 22 -1 1631 -1 3428 -1 25 -1 4647 -1 1960 -1 580 -1 38 -1 1112 -1 6827 -1 40 -1 66 -1 73 -1 25 -1 6828 -1 22 -1 6829 -1 -2
63 -1 235 -1 22 -1 7 -1 2726 -1 309 -1 7 -1 6828 -1 188 -1 7 -1 6713 -1 1641 -1 -2
18 -1 1150 -1 613 -1 2918 -1 35 -1 5003 -1 87 -1 298 -1 7 -1 6830 -1 73 -1 6831 -1 -2
7 -1 4756 -1 188 -1 7 -1 6677 -1 80 -1 38 -1 3272 -1 63 -1 40 -1 51 -1 6832 -1 24 -1 212 -1 211 -1 1735 -1 2263 -1 22 -1 25 -1 836 -1 6833 -1 6834 -1 2987 -1 79 -1 332 -1 6835 -1 1864 -1 503 -1 38 -1 13 -1 161 -1 3181 -1 6836 -1 40 -1 7 -1 6837 -1 2271 -1 -2
80 -1 83 -1 40 -1 51 -1 25 -1 1558 -1 66 -1 38 -1 6838 -1 3812 -1 6839 -1 87 -1 6840 -1 -2
3 -1 6841 -1 73 -1 25 -1 6842 -1 95 -1 25 -1 4933 -1 669 -1 73 -1 575 -1 22 -1 25 -1 6458 -1 8 -1 790 -1 214 -1 91 -1 54 -1 4141 -1 1473 -1 3821 -1 298 -1 25 -1 3978 -1 22 -1 90 -1 -2
1980 -1 6710 -1 4649 -1 6843 -1 25 -1 3407 -1 66 -1 790 -1 13 -1 804 -1 25 -1 377 -1 468 -1 519 -1 1980 -1 6710 -1 6844 -1 22 -1 25 -1 3236 -1 230 -1 3267 -1 6845 -1 161 -1 6846 -1 87 -1 966 -1 4667 -1 6847 -1 22 -1 6848 -1 1882 -1 -2
25 -1 6849 -1 6850 -1 22 -1 25 -1 6851 -1 1741 -1 1944 -1 790 -1 6852 -1 6853 -1 6854 -1 -2
25 -1 2164 -1 1276 -1 790 -1 6855 -1 161 -1 4943 -1 66 -1 38 -1 924 -1 6856 -1 -2
25 -1 139 -1 6857 -1 4730 -1 22 -1 2650 -1 790 -1 2434 -1 1704 -1 7 -1 291 -1 139 -1 -2
7 -1 6858 -1 38 -1 4099 -1 -2
63 -1 7 -1 6710 -1 857 -1 7 -1 1342 -1 6802 -1 -2
91 -1 54 -1 1900 -1 40 -1 7 -1 6842 -1 6841 -1 -2
7 -1 6859 -1 2963 -1 73 -1 351 -1 3705 -1 87 -1 305 -1 6800 -1 79 -1 7 -1 1731 -1 24 -1 25 -1 6860 -1 3684 -1 58 -1 2333 -1 231 -1 53 -1 38 -1 551 -1 3213 -1 87 -1 4253 -1 25 -1 4761 -1 13 -1 40 -1 51 -1 189 -1 -2
63 -1 441 -1 142 -1 7 -1 813 -1 73 -1 6649 -1 16 -1 5328 -1 7 -1 6681 -1 804 -1 45 -1 141 -1 6861 -1 40 -1 7 -1 503 -1 73 -1 7 -1 1731 -1 95 -1 7 -1 3048 -1 73 -1 7 -1 4756 -1 -2
80 -1 31 -1 40 -1 51 -1 3541 -1 1857 -1 66 -1 40 -1 2007 -1 7 -1 5126 -1 73 -1 25 -1 4756 -1 19 -1 40 -1 298 -1 25 -1 6862 -1 6863 -1 -2
1352 -1 273 -1 2498 -1 211 -1 308 -1 1575 -1 -2
229 -1 19 -1 25 -1 50 -1 1792 -1 607 -1 313 -1 66 -1 80 -1 5275 -1 58 -1 25 -1 4025 -1 -2
73 -1 644 -1 983 -1 4674 -1 1668 -1 22 -1 983 -1 1732 -1 73 -1 7 -1 139 -1 1150 -1 6864 -1 95 -1 269 -1 3933 -1 25 -1 6865 -1 73 -1 1276 -1 6866 -1 1894 -1 79 -1 25 -1 860 -1 6867 -1 40 -1 898 -1 66 -1 1771 -1 51 -1 831 -1 1293 -1 7 -1 1641 -1 73 -1 7 -1 6868 -1 63 -1 73 -1 933 -1 16 -1 5811 -1 5328 -1 84 -1 -2
7 -1 4414 -1 73 -1 7 -1 5254 -1 3352 -1 3737 -1 7 -1 951 -1 6869 -1 -2
16 -1 6870 -1 2037 -1 73 -1 7 -1 6871 -1 211 -1 108 -1 6872 -1 66 -1 6873 -1 332 -1 355 -1 37 -1 19 -1 3581 -1 6874 -1 24 -1 25 -1 4756 -1 -2
6121 -1 7 -1 4756 -1 6875 -1 40 -1 45 -1 320 -1 -2
18 -1 38 -1 5528 -1 25 -1 6876 -1 6877 -1 49 -1 1830 -1 6878 -1 10 -1 6879 -1 -2
45 -1 84 -1 6880 -1 73 -1 25 -1 6881 -1 2008 -1 5483 -1 6882 -1 79 -1 45 -1 4398 -1 35 -1 80 -1 297 -1 89 -1 7 -1 3347 -1 1795 -1 -2
18 -1 6883 -1 25 -1 84 -1 27 -1 -2
18 -1 6066 -1 45 -1 5500 -1 24 -1 25 -1 1249 -1 87 -1 1428 -1 377 -1 87 -1 2899 -1 6884 -1 2900 -1 48 -1 1692 -1 483 -1 -2
63 -1 80 -1 38 -1 3369 -1 40 -1 1134 -1 22 -1 7 -1 2271 -1 73 -1 7 -1 6018 -1 5254 -1 6677 -1 7 -1 2289 -1 73 -1 6885 -1 -2
80 -1 38 -1 13 -1 1052 -1 214 -1 933 -1 4892 -1 22 -1 7 -1 813 -1 73 -1 6649 -1 54 -1 247 -1 6886 -1 6887 -1 -2
149 -1 519 -1 5974 -1 7 -1 520 -1 73 -1 6888 -1 63 -1 7 -1 2800 -1 1725 -1 188 -1 161 -1 6889 -1 3370 -1 6 -1 580 -1 80 -1 1150 -1 51 -1 145 -1 40 -1 2630 -1 1277 -1 -2
441 -1 73 -1 7 -1 6890 -1 3855 -1 6891 -1 124 -1 1735 -1 40 -1 4242 -1 4 -1 -2
91 -1 3082 -1 1115 -1 22 -1 98 -1 74 -1 4198 -1 6892 -1 22 -1 6893 -1 149 -1 7 -1 1864 -1 6651 -1 794 -1 3304 -1 87 -1 6739 -1 89 -1 6679 -1 -2
214 -1 95 -1 332 -1 90 -1 229 -1 252 -1 25 -1 4313 -1 16 -1 36 -1 19 -1 904 -1 1293 -1 2249 -1 40 -1 6811 -1 80 -1 -2
7 -1 2120 -1 6383 -1 6894 -1 4634 -1 40 -1 7 -1 1485 -1 -2
7 -1 4313 -1 6895 -1 4104 -1 73 -1 1647 -1 4028 -1 4 -1 37 -1 92 -1 1775 -1 40 -1 2025 -1 7 -1 6896 -1 6897 -1 79 -1 5001 -1 3325 -1 -2
7 -1 2007 -1 70 -1 2181 -1 19 -1 66 -1 919 -1 3193 -1 73 -1 6710 -1 3082 -1 79 -1 25 -1 84 -1 4647 -1 820 -1 87 -1 229 -1 19 -1 643 -1 862 -1 40 -1 857 -1 519 -1 628 -1 -2
229 -1 188 -1 696 -1 643 -1 300 -1 6898 -1 3830 -1 7 -1 2406 -1 73 -1 7 -1 6231 -1 -2
7 -1 6899 -1 64 -1 51 -1 2695 -1 562 -1 25 -1 36 -1 24 -1 25 -1 6900 -1 84 -1 2008 -1 79 -1 45 -1 4398 -1 38 -1 13 -1 3377 -1 40 -1 1939 -1 40 -1 7 -1 3288 -1 -2
63 -1 91 -1 540 -1 89 -1 6679 -1 -2
6901 -1 6902 -1 38 -1 7 -1 1855 -1 73 -1 7 -1 6018 -1 5254 -1 6677 -1 -2
91 -1 182 -1 51 -1 1573 -1 79 -1 983 -1 1110 -1 1766 -1 6903 -1 7 -1 5185 -1 124 -1 6904 -1 40 -1 46 -1 -2
229 -1 19 -1 16 -1 6223 -1 2390 -1 37 -1 145 -1 25 -1 6905 -1 3080 -1 1293 -1 25 -1 1714 -1 576 -1 -2
24 -1 25 -1 50 -1 73 -1 226 -1 7 -1 2726 -1 490 -1 5971 -1 40 -1 382 -1 6905 -1 18 -1 6906 -1 7 -1 6907 -1 6310 -1 73 -1 7 -1 84 -1 5185 -1 22 -1 7 -1 1970 -1 -2
161 -1 6908 -1 6909 -1 73 -1 467 -1 1521 -1 24 -1 6910 -1 73 -1 6911 -1 87 -1 6912 -1 790 -1 51 -1 4455 -1 6913 -1 6 -1 25 -1 443 -1 24 -1 161 -1 3333 -1 6905 -1 -2
63 -1 80 -1 19 -1 7 -1 4119 -1 73 -1 7 -1 2390 -1 40 -1 494 -1 79 -1 45 -1 329 -1 95 -1 7 -1 503 -1 73 -1 300 -1 25 -1 3764 -1 87 -1 1131 -1 4181 -1 6 -1 4181 -1 6399 -1 45 -1 6914 -1 142 -1 7 -1 6915 -1 -2
18 -1 1664 -1 3581 -1 904 -1 6679 -1 1293 -1 983 -1 212 -1 4 -1 22 -1 5036 -1 6916 -1 -2
18 -1 6739 -1 904 -1 1293 -1 983 -1 3572 -1 4 -1 22 -1 7 -1 5036 -1 6916 -1 -2
332 -1 1276 -1 327 -1 299 -1 1573 -1 136 -1 22 -1 983 -1 108 -1 6917 -1 63 -1 66 -1 73 -1 5292 -1 1126 -1 79 -1 45 -1 329 -1 40 -1 6918 -1 48 -1 25 -1 6919 -1 -2
91 -1 589 -1 13 -1 1634 -1 7 -1 6920 -1 66 -1 18 -1 1610 -1 354 -1 211 -1 274 -1 58 -1 25 -1 4253 -1 -2
6921 -1 6678 -1 6509 -1 -2
7 -1 5393 -1 317 -1 131 -1 149 -1 7 -1 2877 -1 6922 -1 87 -1 74 -1 1183 -1 80 -1 403 -1 25 -1 84 -1 6923 -1 73 -1 6924 -1 6925 -1 87 -1 6926 -1 2345 -1 -2
80 -1 47 -1 235 -1 40 -1 7 -1 440 -1 87 -1 3222 -1 269 -1 6927 -1 6928 -1 19 -1 6929 -1 24 -1 7 -1 1181 -1 73 -1 6930 -1 1849 -1 -2
6931 -1 1207 -1 6932 -1 22 -1 7 -1 467 -1 92 -1 6933 -1 24 -1 752 -1 91 -1 2084 -1 5464 -1 6934 -1 1549 -1 2776 -1 2266 -1 7 -1 568 -1 6935 -1 73 -1 332 -1 6936 -1 748 -1 73 -1 7 -1 3764 -1 -2
22 -1 7 -1 2656 -1 579 -1 6937 -1 73 -1 7 -1 6938 -1 3798 -1 7 -1 6939 -1 1512 -1 124 -1 7 -1 4160 -1 84 -1 5393 -1 19 -1 35 -1 3052 -1 2266 -1 35 -1 214 -1 25 -1 576 -1 6546 -1 6940 -1 327 -1 696 -1 466 -1 220 -1 7 -1 427 -1 -2
7 -1 1485 -1 73 -1 7 -1 6941 -1 19 -1 7 -1 6923 -1 73 -1 6924 -1 6925 -1 87 -1 6926 -1 2345 -1 87 -1 7 -1 1311 -1 73 -1 7 -1 6941 -1 19 -1 6942 -1 6943 -1 -2
1879 -1 40 -1 7 -1 813 -1 684 -1 7 -1 6396 -1 73 -1 7 -1 8 -1 87 -1 7 -1 1027 -1 73 -1 7 -1 352 -1 6944 -1 715 -1 182 -1 51 -1 1573 -1 6945 -1 6946 -1 25 -1 1844 -1 2506 -1 79 -1 7 -1 2756 -1 6947 -1 251 -1 879 -1 25 -1 6948 -1 643 -1 831 -1 1293 -1 25 -1 3164 -1 3211 -1 25 -1 6949 -1 73 -1 1754 -1 6950 -1 -2
7 -1 6951 -1 2428 -1 6952 -1 361 -1 7 -1 2490 -1 50 -1 73 -1 7 -1 108 -1 481 -1 73 -1 6953 -1 467 -1 1407 -1 87 -1 97 -1 7 -1 46 -1 73 -1 7 -1 5393 -1 6954 -1 1121 -1 7 -1 6678 -1 6263 -1 66 -1 494 -1 95 -1 6955 -1 98 -1 482 -1 6956 -1 844 -1 4423 -1 87 -1 49 -1 -2
7 -1 6957 -1 3813 -1 6593 -1 6958 -1 94 -1 24 -1 98 -1 905 -1 6959 -1 141 -1 95 -1 7 -1 6960 -1 124 -1 3398 -1 6961 -1 6962 -1 40 -1 87 -1 1538 -1 79 -1 7 -1 6963 -1 2492 -1 2338 -1 87 -1 7 -1 6964 -1 73 -1 7 -1 841 -1 -2
572 -1 25 -1 84 -1 6965 -1 36 -1 32 -1 6 -1 25 -1 3976 -1 6487 -1 6739 -1 6966 -1 124 -1 7 -1 669 -1 73 -1 7 -1 6967 -1 -2
316 -1 73 -1 136 -1 79 -1 25 -1 6968 -1 5 -1 25 -1 74 -1 6509 -1 6969 -1 1121 -1 904 -1 822 -1 1293 -1 38 -1 4653 -1 22 -1 382 -1 1732 -1 73 -1 6970 -1 6649 -1 -2
25 -1 6971 -1 1483 -1 6 -1 25 -1 4578 -1 22 -1 25 -1 159 -1 6972 -1 1449 -1 1583 -1 3806 -1 7 -1 6973 -1 87 -1 402 -1 95 -1 7 -1 929 -1 73 -1 7 -1 6974 -1 6975 -1 827 -1 337 -1 684 -1 7 -1 9 -1 92 -1 1405 -1 608 -1 63 -1 176 -1 6976 -1 40 -1 6977 -1 5855 -1 87 -1 235 -1 2749 -1 316 -1 6978 -1 6979 -1 87 -1 147 -1 7 -1 576 -1 1488 -1 6980 -1 -2
7 -1 6487 -1 443 -1 274 -1 149 -1 40 -1 7 -1 81 -1 73 -1 7 -1 337 -1 -2
7 -1 1828 -1 36 -1 19 -1 6981 -1 7 -1 6982 -1 73 -1 45 -1 862 -1 22 -1 161 -1 2297 -1 6983 -1 -2
22 -1 7 -1 6971 -1 92 -1 212 -1 132 -1 6984 -1 1156 -1 347 -1 24 -1 6943 -1 -2
91 -1 6985 -1 58 -1 6910 -1 73 -1 760 -1 538 -1 4280 -1 95 -1 213 -1 87 -1 235 -1 108 -1 706 -1 73 -1 1772 -1 6986 -1 87 -1 6987 -1 159 -1 1771 -1 5382 -1 335 -1 7 -1 6580 -1 73 -1 7 -1 540 -1 22 -1 25 -1 6988 -1 66 -1 19 -1 6989 -1 1293 -1 538 -1 -2
7 -1 6487 -1 443 -1 273 -1 95 -1 382 -1 6990 -1 -2
18 -1 500 -1 45 -1 82 -1 5030 -1 -2
1015 -1 936 -1 6991 -1 -2
382 -1 1771 -1 13 -1 51 -1 25 -1 1165 -1 419 -1 1333 -1 7 -1 1828 -1 36 -1 499 -1 2142 -1 95 -1 45 -1 6992 -1 -2
382 -1 790 -1 51 -1 1021 -1 6993 -1 1333 -1 1021 -1 4925 -1 6502 -1 -2
195 -1 361 -1 936 -1 7 -1 6487 -1 340 -1 36 -1 430 -1 6994 -1 22 -1 6581 -1 958 -1 -2
6995 -1 2 -1 613 -1 696 -1 22 -1 1021 -1 309 -1 73 -1 6996 -1 6997 -1 25 -1 5853 -1 1766 -1 6569 -1 1021 -1 540 -1 19 -1 6998 -1 6999 -1 22 -1 933 -1 7000 -1 63 -1 229 -1 790 -1 51 -1 643 -1 904 -1 1749 -1 7001 -1 172 -1 -2
643 -1 904 -1 -2
643 -1 904 -1 95 -1 7 -1 401 -1 45 -1 248 -1 19 -1 291 -1 25 -1 1236 -1 7002 -1 -2
285 -1 361 -1 7003 -1 66 -1 936 -1 6502 -1 55 -1 7 -1 4578 -1 2335 -1 -2
285 -1 126 -1 6626 -1 53 -1 441 -1 2391 -1 936 -1 -2
441 -1 7004 -1 936 -1 7 -1 340 -1 36 -1 7005 -1 45 -1 1027 -1 82 -1 87 -1 1207 -1 149 -1 7 -1 6984 -1 73 -1 4619 -1 1217 -1 35 -1 7006 -1 1217 -1 89 -1 45 -1 1276 -1 -2
6556 -1 53 -1 1771 -1 51 -1 7007 -1 158 -1 6502 -1 7008 -1 15 -1 7 -1 4578 -1 24 -1 318 -1 -2
18 -1 19 -1 3004 -1 45 -1 7009 -1 48 -1 7 -1 148 -1 73 -1 1980 -1 7010 -1 63 -1 7011 -1 84 -1 446 -1 40 -1 4532 -1 40 -1 25 -1 487 -1 7012 -1 6112 -1 -2
161 -1 109 -1 547 -1 2 -1 13 -1 15 -1 7 -1 340 -1 36 -1 313 -1 -2
7013 -1 691 -1 35 -1 7 -1 4578 -1 2657 -1 45 -1 862 -1 2614 -1 158 -1 468 -1 161 -1 7014 -1 7015 -1 18 -1 145 -1 7016 -1 22 -1 25 -1 7017 -1 3172 -1 -2
6995 -1 214 -1 5100 -1 121 -1 89 -1 1021 -1 7018 -1 6556 -1 53 -1 6502 -1 66 -1 1771 -1 6576 -1 51 -1 22 -1 691 -1 7 -1 6487 -1 340 -1 36 -1 3220 -1 40 -1 45 -1 50 -1 -2
87 -1 7 -1 291 -1 1621 -1 22 -1 382 -1 4394 -1 38 -1 66 -1 7 -1 1828 -1 36 -1 38 -1 7 -1 5649 -1 66 -1 4420 -1 7019 -1 124 -1 6649 -1 87 -1 7 -1 340 -1 36 -1 38 -1 16 -1 73 -1 7 -1 2408 -1 7020 -1 2544 -1 5211 -1 3307 -1 4962 -1 24 -1 25 -1 4202 -1 66 -1 7021 -1 24 -1 25 -1 7022 -1 388 -1 983 -1 7023 -1 73 -1 3660 -1 87 -1 7024 -1 87 -1 7025 -1 7026 -1 7027 -1 89 -1 7 -1 7028 -1 -2
3873 -1 7 -1 431 -1 66 -1 3973 -1 40 -1 16 -1 73 -1 382 -1 5649 -1 38 -1 25 -1 3129 -1 35 -1 1139 -1 87 -1 6846 -1 89 -1 2263 -1 35 -1 38 -1 45 -1 6657 -1 89 -1 202 -1 -2
7 -1 7012 -1 24 -1 45 -1 7029 -1 73 -1 539 -1 540 -1 87 -1 7030 -1 6 -1 7 -1 7031 -1 87 -1 447 -1 446 -1 2043 -1 361 -1 7 -1 7032 -1 87 -1 123 -1 25 -1 4207 -1 73 -1 7 -1 6509 -1 1183 -1 18 -1 19 -1 47 -1 628 -1 95 -1 7 -1 7033 -1 6923 -1 95 -1 7 -1 1624 -1 684 -1 7 -1 2746 -1 73 -1 7 -1 5393 -1 19 -1 597 -1 -2
172 -1 2240 -1 1276 -1 73 -1 2550 -1 7034 -1 87 -1 441 -1 6128 -1 92 -1 7035 -1 7 -1 540 -1 89 -1 7036 -1 -2
7 -1 6943 -1 5071 -1 35 -1 7037 -1 7038 -1 103 -1 92 -1 1026 -1 40 -1 25 -1 576 -1 1075 -1 461 -1 580 -1 2137 -1 35 -1 1790 -1 341 -1 35 -1 182 -1 613 -1 3230 -1 3175 -1 -2
919 -1 16 -1 182 -1 4706 -1 25 -1 540 -1 24 -1 3 -1 7039 -1 73 -1 7 -1 3534 -1 -2
235 -1 7 -1 7040 -1 4 -1 37 -1 354 -1 149 -1 7 -1 7041 -1 937 -1 24 -1 1574 -1 467 -1 124 -1 7 -1 5393 -1 7042 -1 7 -1 540 -1 1183 -1 7 -1 7043 -1 430 -1 25 -1 1406 -1 5364 -1 66 -1 22 -1 161 -1 6935 -1 378 -1 7 -1 5393 -1 124 -1 25 -1 5739 -1 431 -1 73 -1 6912 -1 87 -1 6911 -1 73 -1 7 -1 1970 -1 40 -1 161 -1 3671 -1 3764 -1 7044 -1 87 -1 3079 -1 -2
391 -1 356 -1 7045 -1 7 -1 540 -1 92 -1 3668 -1 40 -1 25 -1 3193 -1 73 -1 3288 -1 24 -1 5472 -1 37 -1 145 -1 7 -1 7046 -1 66 -1 7047 -1 919 -1 540 -1 40 -1 7048 -1 158 -1 22 -1 7 -1 1256 -1 1052 -1 73 -1 7 -1 5076 -1 1075 -1 -2
87 -1 391 -1 7 -1 3288 -1 252 -1 7 -1 4 -1 87 -1 446 -1 37 -1 7049 -1 919 -1 540 -1 3536 -1 24 -1 513 -1 7050 -1 73 -1 7051 -1 7052 -1 580 -1 19 -1 7053 -1 1293 -1 4868 -1 87 -1 4301 -1 22 -1 7 -1 2674 -1 124 -1 25 -1 7054 -1 73 -1 539 -1 2323 -1 7055 -1 -2
401 -1 252 -1 7 -1 7056 -1 3833 -1 22 -1 7 -1 4917 -1 73 -1 1890 -1 3374 -1 551 -1 1017 -1 3375 -1 551 -1 1790 -1 6943 -1 48 -1 25 -1 3805 -1 7057 -1 4012 -1 5781 -1 7058 -1 73 -1 1296 -1 7052 -1 -2
229 -1 92 -1 1790 -1 3131 -1 1823 -1 73 -1 446 -1 87 -1 3288 -1 6400 -1 540 -1 124 -1 1624 -1 40 -1 1624 -1 87 -1 1610 -1 4861 -1 519 -1 22 -1 6367 -1 1957 -1 40 -1 7 -1 148 -1 73 -1 7 -1 904 -1 1278 -1 7059 -1 -2
25 -1 511 -1 4036 -1 3223 -1 269 -1 3762 -1 149 -1 7 -1 1254 -1 -2
7 -1 4567 -1 145 -1 25 -1 1444 -1 66 -1 19 -1 6849 -1 22 -1 269 -1 2367 -1 35 -1 214 -1 7 -1 7060 -1 19 -1 25 -1 7061 -1 7062 -1 40 -1 4881 -1 -2
229 -1 19 -1 25 -1 7063 -1 220 -1 7 -1 7064 -1 -2
7 -1 341 -1 95 -1 7 -1 444 -1 1075 -1 2137 -1 5964 -1 5823 -1 24 -1 4148 -1 1491 -1 -2
98 -1 340 -1 7065 -1 92 -1 7066 -1 347 -1 7067 -1 7 -1 7051 -1 7068 -1 580 -1 91 -1 7069 -1 7 -1 4407 -1 2360 -1 92 -1 7070 -1 40 -1 7 -1 7068 -1 35 -1 7 -1 7071 -1 73 -1 25 -1 5791 -1 38 -1 40 -1 66 -1 73 -1 25 -1 7072 -1 -2
7 -1 6859 -1 752 -1 7073 -1 19 -1 25 -1 3621 -1 1732 -1 73 -1 7 -1 1485 -1 -2
1162 -1 149 -1 7 -1 75 -1 22 -1 7 -1 7074 -1 4207 -1 182 -1 51 -1 1573 -1 7 -1 7075 -1 7076 -1 6577 -1 87 -1 24 -1 7077 -1 73 -1 734 -1 4642 -1 -2
91 -1 7078 -1 460 -1 40 -1 87 -1 1538 -1 2492 -1 7 -1 7079 -1 87 -1 3263 -1 -2
91 -1 551 -1 104 -1 84 -1 1901 -1 40 -1 919 -1 108 -1 91 -1 4921 -1 2034 -1 3111 -1 22 -1 7080 -1 4634 -1 87 -1 230 -1 -2
80 -1 19 -1 7 -1 540 -1 -2
91 -1 37 -1 195 -1 24 -1 7081 -1 220 -1 7 -1 7082 -1 8 -1 5110 -1 423 -1 24 -1 7 -1 3649 -1 87 -1 704 -1 73 -1 7 -1 4994 -1 -2
80 -1 19 -1 7083 -1 7 -1 103 -1 3088 -1 7084 -1 73 -1 7 -1 4925 -1 327 -1 378 -1 382 -1 7085 -1 5254 -1 7086 -1 48 -1 25 -1 7086 -1 73 -1 7083 -1 -2
7 -1 7076 -1 92 -1 487 -1 89 -1 347 -1 2236 -1 -2
80 -1 327 -1 31 -1 89 -1 25 -1 576 -1 90 -1 66 -1 89 -1 7 -1 813 -1 73 -1 6649 -1 7 -1 6943 -1 327 -1 389 -1 22 -1 1743 -1 24 -1 4985 -1 63 -1 172 -1 95 -1 983 -1 4062 -1 19 -1 25 -1 2959 -1 4373 -1 87 -1 7 -1 2904 -1 19 -1 7087 -1 -2
25 -1 1861 -1 1478 -1 428 -1 45 -1 2516 -1 87 -1 2797 -1 24 -1 7 -1 7088 -1 158 -1 220 -1 7 -1 1407 -1 -2
229 -1 19 -1 84 -1 348 -1 63 -1 161 -1 2768 -1 7089 -1 327 -1 1213 -1 45 -1 6955 -1 87 -1 7 -1 477 -1 370 -1 1153 -1 482 -1 844 -1 3154 -1 2066 -1 19 -1 346 -1 126 -1 79 -1 7 -1 103 -1 7090 -1 804 -1 73 -1 7 -1 2236 -1 -2
79 -1 7 -1 81 -1 73 -1 7 -1 6967 -1 7 -1 134 -1 73 -1 7 -1 6487 -1 340 -1 36 -1 19 -1 7091 -1 220 -1 7 -1 7092 -1 467 -1 -2
18 -1 19 -1 423 -1 7093 -1 45 -1 50 -1 6966 -1 -2
18 -1 509 -1 131 -1 48 -1 7 -1 7094 -1 467 -1 -2
805 -1 18 -1 2500 -1 87 -1 542 -1 4189 -1 6114 -1 40 -1 6574 -1 4282 -1 18 -1 31 -1 40 -1 3616 -1 6603 -1 89 -1 3281 -1 -2
16 -1 6 -1 16 -1 7 -1 7095 -1 677 -1 126 -1 -2
7 -1 5393 -1 378 -1 269 -1 2746 -1 87 -1 22 -1 7 -1 2745 -1 1556 -1 25 -1 2543 -1 73 -1 380 -1 74 -1 1121 -1 7 -1 2877 -1 -2
25 -1 546 -1 708 -1 348 -1 921 -1 7096 -1 335 -1 7 -1 6967 -1 1205 -1 2413 -1 7 -1 5088 -1 22 -1 7 -1 340 -1 166 -1 410 -1 -2
18 -1 537 -1 87 -1 5168 -1 87 -1 1275 -1 241 -1 40 -1 348 -1 45 -1 50 -1 -2
7 -1 9 -1 92 -1 2938 -1 7 -1 2345 -1 -2
18 -1 331 -1 628 -1 731 -1 7 -1 7097 -1 711 -1 73 -1 7 -1 6509 -1 4296 -1 -2
3595 -1 5036 -1 4816 -1 1735 -1 4 -1 22 -1 25 -1 4209 -1 -2
7098 -1 1735 -1 7099 -1 87 -1 25 -1 3595 -1 5036 -1 7100 -1 -2
7 -1 780 -1 7101 -1 89 -1 25 -1 379 -1 79 -1 7 -1 81 -1 73 -1 25 -1 116 -1 3326 -1 79 -1 25 -1 2047 -1 -2
7 -1 84 -1 36 -1 19 -1 1207 -1 22 -1 280 -1 73 -1 7 -1 7102 -1 1405 -1 5117 -1 40 -1 45 -1 5003 -1 -2
593 -1 1150 -1 180 -1 25 -1 513 -1 884 -1 562 -1 593 -1 817 -1 316 -1 40 -1 7 -1 1241 -1 214 -1 593 -1 7103 -1 382 -1 431 -1 15 -1 18 -1 22 -1 7104 -1 -2
91 -1 92 -1 2221 -1 -2
7 -1 84 -1 36 -1 19 -1 2237 -1 40 -1 7105 -1 25 -1 4209 -1 2488 -1 269 -1 887 -1 46 -1 327 -1 7106 -1 95 -1 136 -1 -2
7 -1 1735 -1 4 -1 428 -1 7107 -1 7108 -1 87 -1 954 -1 149 -1 6931 -1 131 -1 25 -1 2047 -1 -2
22 -1 25 -1 3636 -1 79 -1 7 -1 7109 -1 494 -1 25 -1 84 -1 5154 -1 143 -1 -2
95 -1 269 -1 503 -1 91 -1 2073 -1 -2
10 -1 15 -1 7 -1 84 -1 36 -1 -2
91 -1 1501 -1 89 -1 401 -1 1254 -1 87 -1 7 -1 84 -1 36 -1 19 -1 5985 -1 -2
18 -1 385 -1 40 -1 3888 -1 124 -1 411 -1 6 -1 2853 -1 66 -1 214 -1 7 -1 2175 -1 7110 -1 36 -1 252 -1 391 -1 18 -1 1771 -1 51 -1 7111 -1 -2
63 -1 18 -1 102 -1 7112 -1 25 -1 7113 -1 149 -1 45 -1 648 -1 87 -1 1746 -1 48 -1 7 -1 143 -1 -2
45 -1 5003 -1 7114 -1 127 -1 -2
25 -1 1144 -1 7 -1 239 -1 73 -1 7115 -1 7116 -1 87 -1 7117 -1 7 -1 253 -1 7118 -1 7119 -1 87 -1 7120 -1 7121 -1 1397 -1 -2
22 -1 7 -1 4209 -1 4226 -1 7 -1 3503 -1 430 -1 7122 -1 22 -1 752 -1 6547 -1 87 -1 887 -1 1754 -1 -2
7123 -1 55 -1 7 -1 84 -1 36 -1 7124 -1 87 -1 7125 -1 1563 -1 195 -1 316 -1 45 -1 5003 -1 92 -1 13 -1 854 -1 -2
91 -1 92 -1 401 -1 -2
7 -1 1900 -1 16 -1 40 -1 7 -1 84 -1 36 -1 586 -1 136 -1 79 -1 607 -1 7 -1 84 -1 36 -1 15 -1 7126 -1 647 -1 87 -1 956 -1 1336 -1 45 -1 7127 -1 -2
756 -1 66 -1 3223 -1 31 -1 40 -1 51 -1 79 -1 7 -1 353 -1 2080 -1 1233 -1 3139 -1 40 -1 238 -1 220 -1 7 -1 2370 -1 993 -1 7128 -1 -2
411 -1 98 -1 148 -1 7 -1 7129 -1 239 -1 31 -1 1281 -1 87 -1 7130 -1 -2
562 -1 7 -1 84 -1 36 -1 7131 -1 40 -1 1107 -1 588 -1 7 -1 1233 -1 5190 -1 136 -1 131 -1 -2
7132 -1 87 -1 2323 -1 252 -1 158 -1 87 -1 7133 -1 136 -1 -2
45 -1 194 -1 92 -1 353 -1 87 -1 7134 -1 87 -1 45 -1 141 -1 4533 -1 7135 -1 6 -1 1754 -1 385 -1 40 -1 7136 -1 7 -1 711 -1 1894 -1 135 -1 45 -1 3533 -1 -2
418 -1 2 -1 1234 -1 53 -1 855 -1 1563 -1 195 -1 316 -1 55 -1 18 -1 -2
95 -1 66 -1 379 -1 18 -1 3581 -1 7 -1 5151 -1 73 -1 3696 -1 1071 -1 22 -1 7 -1 7137 -1 735 -1 135 -1 136 -1 -2
7123 -1 18 -1 15 -1 5107 -1 42 -1 309 -1 158 -1 7 -1 1144 -1 47 -1 6716 -1 -2
7 -1 84 -1 36 -1 563 -1 16 -1 860 -1 461 -1 7 -1 1802 -1 63 -1 80 -1 3698 -1 1290 -1 -2
18 -1 6347 -1 87 -1 3011 -1 66 -1 7 -1 84 -1 7138 -1 428 -1 25 -1 2126 -1 7139 -1 131 -1 25 -1 2047 -1 -2
95 -1 7 -1 1489 -1 4301 -1 25 -1 734 -1 1071 -1 -2
7 -1 84 -1 36 -1 979 -1 767 -1 226 -1 87 -1 7140 -1 99 -1 22 -1 2253 -1 -2
7 -1 2263 -1 127 -1 45 -1 2793 -1 -2
441 -1 794 -1 98 -1 309 -1 24 -1 1850 -1 1402 -1 -2
7 -1 7141 -1 2877 -1 2447 -1 124 -1 803 -1 7 -1 84 -1 166 -1 99 -1 87 -1 573 -1 7142 -1 2045 -1 136 -1 -2
7143 -1 827 -1 1204 -1 6 -1 7 -1 4 -1 1318 -1 136 -1 2241 -1 136 -1 79 -1 7 -1 316 -1 -2
18 -1 2348 -1 7144 -1 4785 -1 7145 -1 87 -1 3232 -1 7146 -1 226 -1 196 -1 7147 -1 95 -1 45 -1 5003 -1 89 -1 7148 -1 87 -1 4462 -1 3998 -1 -2
7 -1 7110 -1 36 -1 5 -1 1186 -1 87 -1 33 -1 347 -1 22 -1 7 -1 365 -1 73 -1 7 -1 334 -1 -2
7 -1 3188 -1 87 -1 1754 -1 124 -1 1735 -1 7149 -1 92 -1 22 -1 45 -1 1849 -1 -2
7150 -1 87 -1 2926 -1 494 -1 2195 -1 22 -1 45 -1 141 -1 87 -1 1848 -1 -2
7 -1 1042 -1 73 -1 7 -1 84 -1 36 -1 1099 -1 136 -1 -2
195 -1 79 -1 53 -1 288 -1 18 -1 268 -1 -2
2535 -1 6394 -1 36 -1 53 -1 54 -1 1992 -1 7123 -1 15 -1 7 -1 84 -1 36 -1 -2
285 -1 131 -1 172 -1 87 -1 195 -1 79 -1 1238 -1 7151 -1 7 -1 7110 -1 36 -1 7152 -1 24 -1 2529 -1 -2
18 -1 1417 -1 1397 -1 -2
302 -1 18 -1 19 -1 183 -1 6 -1 16 -1 73 -1 45 -1 99 -1 580 -1 730 -1 158 -1 87 -1 7153 -1 48 -1 7 -1 36 -1 22 -1 280 -1 73 -1 87 -1 2045 -1 -2
80 -1 38 -1 13 -1 10 -1 40 -1 1384 -1 220 -1 25 -1 4090 -1 4299 -1 562 -1 7 -1 464 -1 38 -1 2045 -1 -2
7 -1 2175 -1 36 -1 163 -1 432 -1 7 -1 5175 -1 73 -1 16 -1 7154 -1 929 -1 7155 -1 1126 -1 -2
45 -1 1526 -1 3120 -1 7 -1 1900 -1 36 -1 37 -1 7156 -1 48 -1 7 -1 1900 -1 36 -1 -2
235 -1 91 -1 441 -1 224 -1 220 -1 7 -1 7113 -1 84 -1 36 -1 -2
91 -1 2207 -1 22 -1 25 -1 1526 -1 131 -1 149 -1 7 -1 4090 -1 7118 -1 239 -1 73 -1 7 -1 1144 -1 -2
7 -1 827 -1 4987 -1 64 -1 613 -1 7157 -1 24 -1 7 -1 3136 -1 73 -1 382 -1 4019 -1 73 -1 501 -1 4 -1 87 -1 1471 -1 394 -1 -2
7 -1 3503 -1 198 -1 158 -1 24 -1 7 -1 7158 -1 2366 -1 220 -1 7 -1 84 -1 36 -1 -2
7 -1 7159 -1 7160 -1 40 -1 7 -1 464 -1 22 -1 711 -1 -2
7 -1 84 -1 36 -1 206 -1 66 -1 18 -1 19 -1 7161 -1 40 -1 2580 -1 63 -1 1901 -1 22 -1 45 -1 7162 -1 18 -1 3118 -1 87 -1 7163 -1 95 -1 45 -1 5003 -1 89 -1 18 -1 19 -1 2892 -1 66 -1 80 -1 19 -1 98 -1 1497 -1 -2
7 -1 426 -1 4414 -1 198 -1 332 -1 2240 -1 99 -1 87 -1 4879 -1 220 -1 25 -1 7164 -1 7165 -1 1254 -1 22 -1 25 -1 1309 -1 734 -1 1071 -1 73 -1 7166 -1 -2
80 -1 7167 -1 87 -1 430 -1 141 -1 -2
7 -1 1735 -1 4 -1 494 -1 22 -1 25 -1 3212 -1 220 -1 7 -1 239 -1 73 -1 25 -1 1027 -1 7168 -1 -2
25 -1 836 -1 2320 -1 7169 -1 22 -1 7 -1 1802 -1 7 -1 1754 -1 474 -1 22 -1 25 -1 4087 -1 -2
22 -1 42 -1 1802 -1 19 -1 25 -1 1155 -1 73 -1 1135 -1 7170 -1 5847 -1 87 -1 3 -1 1164 -1 -2
5596 -1 7171 -1 87 -1 194 -1 494 -1 226 -1 24 -1 200 -1 87 -1 25 -1 3805 -1 -2
73 -1 933 -1 756 -1 7 -1 1735 -1 4 -1 428 -1 836 -1 7172 -1 -2
7 -1 7110 -1 36 -1 589 -1 13 -1 2761 -1 7 -1 84 -1 36 -1 3375 -1 589 -1 7 -1 84 -1 1291 -1 22 -1 7 -1 7173 -1 -2
3198 -1 4344 -1 141 -1 92 -1 416 -1 220 -1 7 -1 2812 -1 73 -1 7 -1 3175 -1 73 -1 2877 -1 -2
25 -1 513 -1 1027 -1 827 -1 1429 -1 3982 -1 58 -1 161 -1 4566 -1 5 -1 22 -1 7 -1 718 -1 73 -1 7 -1 239 -1 -2
149 -1 80 -1 2724 -1 212 -1 7166 -1 22 -1 7174 -1 582 -1 2731 -1 3223 -1 124 -1 7 -1 1233 -1 -2
135 -1 80 -1 24 -1 106 -1 31 -1 40 -1 51 -1 25 -1 836 -1 2837 -1 892 -1 22 -1 45 -1 734 -1 969 -1 354 -1 25 -1 36 -1 -2
18 -1 19 -1 161 -1 6838 -1 7175 -1 150 -1 22 -1 7 -1 7176 -1 3395 -1 73 -1 7 -1 7177 -1 87 -1 4734 -1 -2
7 -1 7178 -1 73 -1 45 -1 4668 -1 19 -1 549 -1 -2
25 -1 576 -1 1027 -1 4642 -1 664 -1 124 -1 45 -1 1369 -1 -2
18 -1 416 -1 7179 -1 6544 -1 141 -1 220 -1 7 -1 3212 -1 73 -1 4 -1 87 -1 2823 -1 6603 -1 -2
1550 -1 98 -1 2885 -1 7180 -1 98 -1 1849 -1 546 -1 91 -1 537 -1 40 -1 98 -1 99 -1 -2
7 -1 539 -1 388 -1 73 -1 7 -1 7181 -1 2428 -1 460 -1 149 -1 7 -1 3193 -1 1183 -1 80 -1 746 -1 7 -1 377 -1 73 -1 7 -1 84 -1 36 -1 -2
229 -1 80 -1 3484 -1 87 -1 2724 -1 -2
7 -1 84 -1 36 -1 6965 -1 87 -1 6455 -1 35 -1 7 -1 6228 -1 5051 -1 411 -1 7 -1 5751 -1 -2
102 -1 7 -1 7181 -1 460 -1 2990 -1 104 -1 -2
80 -1 19 -1 25 -1 3272 -1 248 -1 124 -1 25 -1 4209 -1 546 -1 3657 -1 87 -1 7115 -1 -2
269 -1 67 -1 7182 -1 18 -1 15 -1 -2
106 -1 15 -1 7 -1 84 -1 36 -1 -2
7 -1 7100 -1 5154 -1 45 -1 4642 -1 87 -1 369 -1 25 -1 1044 -1 66 -1 19 -1 689 -1 7 -1 7183 -1 73 -1 25 -1 7184 -1 22 -1 25 -1 2215 -1 211 -1 7 -1 7185 -1 73 -1 7117 -1 22 -1 25 -1 582 -1 205 -1 -2
45 -1 7186 -1 396 -1 31 -1 3139 -1 40 -1 238 -1 124 -1 98 -1 410 -1 -2
91 -1 716 -1 715 -1 87 -1 3217 -1 932 -1 141 -1 149 -1 98 -1 1393 -1 -2
91 -1 782 -1 -2
25 -1 7187 -1 15 -1 16 -1 -2
25 -1 7188 -1 15 -1 42 -1 -2
25 -1 7189 -1 135 -1 7 -1 7190 -1 542 -1 42 -1 -2
7 -1 3019 -1 73 -1 161 -1 7191 -1 7192 -1 5274 -1 15 -1 7 -1 84 -1 36 -1 -2
35 -1 91 -1 273 -1 7 -1 4114 -1 377 -1 7193 -1 25 -1 3916 -1 -2
80 -1 430 -1 25 -1 5241 -1 7194 -1 89 -1 45 -1 141 -1 580 -1 703 -1 95 -1 7 -1 84 -1 36 -1 58 -1 7195 -1 7196 -1 -2
45 -1 248 -1 537 -1 40 -1 25 -1 3151 -1 73 -1 4557 -1 -2
269 -1 67 -1 7182 -1 24 -1 25 -1 7197 -1 1987 -1 18 -1 952 -1 25 -1 576 -1 2439 -1 3534 -1 87 -1 6781 -1 7198 -1 -2
3 -1 7199 -1 7200 -1 252 -1 124 -1 7201 -1 87 -1 6848 -1 87 -1 7202 -1 145 -1 2349 -1 7203 -1 95 -1 7 -1 84 -1 166 -1 307 -1 -2
45 -1 7204 -1 5003 -1 586 -1 136 -1 1126 -1 -2
7205 -1 18 -1 563 -1 45 -1 860 -1 40 -1 45 -1 7206 -1 -2
856 -1 1409 -1 18 -1 15 -1 24 -1 25 -1 7207 -1 57 -1 95 -1 7 -1 3534 -1 66 -1 6985 -1 -2
7 -1 7196 -1 1135 -1 -2
212 -1 724 -1 15 -1 7 -1 7100 -1 22 -1 7208 -1 610 -1 580 -1 896 -1 310 -1 7 -1 253 -1 87 -1 1121 -1 7 -1 7209 -1 1230 -1 7210 -1 1199 -1 24 -1 740 -1 -2
7 -1 7211 -1 84 -1 36 -1 428 -1 25 -1 1529 -1 73 -1 3417 -1 124 -1 25 -1 7206 -1 87 -1 3728 -1 212 -1 3950 -1 220 -1 7 -1 7212 -1 827 -1 -2
7 -1 7181 -1 273 -1 95 -1 7 -1 84 -1 2837 -1 24 -1 6727 -1 22 -1 45 -1 141 -1 -2
80 -1 19 -1 25 -1 6131 -1 73 -1 7213 -1 2520 -1 -2
411 -1 7 -1 212 -1 2066 -1 7166 -1 220 -1 7 -1 7212 -1 827 -1 7 -1 1027 -1 4642 -1 87 -1 7 -1 7214 -1 84 -1 36 -1 4950 -1 95 -1 7215 -1 -2
7 -1 212 -1 108 -1 4 -1 2937 -1 22 -1 25 -1 1802 -1 87 -1 94 -1 24 -1 141 -1 66 -1 7216 -1 24 -1 6468 -1 -2
135 -1 519 -1 5 -1 7 -1 7199 -1 7200 -1 7217 -1 98 -1 752 -1 2561 -1 -2
7 -1 7166 -1 2724 -1 2136 -1 87 -1 241 -1 40 -1 7218 -1 -2
7 -1 2320 -1 22 -1 7 -1 1802 -1 7219 -1 -2
102 -1 7 -1 2875 -1 252 -1 40 -1 25 -1 1624 -1 684 -1 7 -1 84 -1 36 -1 466 -1 131 -1 45 -1 860 -1 87 -1 642 -1 2 -1 1264 -1 2434 -1 53 -1 382 -1 90 -1 1159 -1 -2
12 -1 497 -1 1105 -1 106 -1 7220 -1 7 -1 7181 -1 -2
13 -1 2434 -1 561 -1 -2
7221 -1 -2
7222 -1 -2
7223 -1 -2
2 -1 613 -1 1735 -1 7099 -1 7224 -1 45 -1 248 -1 830 -1 607 -1 1568 -1 66 -1 80 -1 182 -1 13 -1 153 -1 45 -1 1332 -1 -2
18 -1 1442 -1 7225 -1 24 -1 45 -1 3189 -1 89 -1 25 -1 379 -1 -2
235 -1 7 -1 1722 -1 73 -1 45 -1 1526 -1 19 -1 4452 -1 22 -1 25 -1 2800 -1 195 -1 18 -1 2797 -1 25 -1 4413 -1 734 -1 1545 -1 95 -1 25 -1 5122 -1 4087 -1 22 -1 7 -1 6946 -1 -2
7 -1 84 -1 36 -1 903 -1 202 -1 95 -1 80 -1 24 -1 25 -1 3151 -1 -2
45 -1 7226 -1 5156 -1 5003 -1 206 -1 98 -1 1849 -1 7227 -1 114 -1 -2
24 -1 513 -1 6115 -1 91 -1 1465 -1 391 -1 7 -1 84 -1 36 -1 -2
25 -1 1060 -1 73 -1 3132 -1 2749 -1 87 -1 5179 -1 1122 -1 519 -1 40 -1 3032 -1 162 -1 -2
91 -1 492 -1 7 -1 637 -1 40 -1 98 -1 1872 -1 22 -1 1047 -1 2453 -1 -2
7 -1 352 -1 22 -1 7 -1 2791 -1 19 -1 25 -1 6511 -1 734 -1 -2
22 -1 7 -1 702 -1 7 -1 7228 -1 73 -1 7229 -1 708 -1 494 -1 79 -1 7 -1 3326 -1 822 -1 -2
22 -1 280 -1 73 -1 98 -1 7230 -1 1872 -1 2320 -1 5 -1 3278 -1 7231 -1 7 -1 6704 -1 -2
914 -1 18 -1 268 -1 95 -1 98 -1 6429 -1 -2
51 -1 53 -1 1323 -1 3139 -1 40 -1 195 -1 7232 -1 7233 -1 234 -1 3197 -1 91 -1 402 -1 87 -1 7234 -1 1121 -1 1709 -1 22 -1 7235 -1 -2
102 -1 7 -1 7110 -1 36 -1 252 -1 1126 -1 -2
3278 -1 18 -1 986 -1 60 -1 53 -1 11 -1 1277 -1 747 -1 226 -1 382 -1 4209 -1 2045 -1 172 -1 181 -1 15 -1 7231 -1 95 -1 805 -1 191 -1 7236 -1 106 -1 15 -1 7 -1 7110 -1 36 -1 -2
191 -1 7236 -1 4916 -1 66 -1 10 -1 53 -1 171 -1 15 -1 7231 -1 460 -1 35 -1 18 -1 428 -1 4351 -1 6032 -1 95 -1 45 -1 2516 -1 191 -1 7236 -1 19 -1 805 -1 25 -1 7237 -1 36 -1 37 -1 3082 -1 22 -1 933 -1 172 -1 4992 -1 79 -1 25 -1 744 -1 7238 -1 3186 -1 -2
18 -1 5613 -1 195 -1 126 -1 40 -1 7 -1 1241 -1 7239 -1 87 -1 16 -1 90 -1 18 -1 121 -1 7240 -1 22 -1 16 -1 73 -1 519 -1 229 -1 5385 -1 -2
18 -1 7241 -1 7 -1 1243 -1 43 -1 1139 -1 235 -1 -2
95 -1 401 -1 18 -1 7242 -1 2408 -1 16 -1 90 -1 87 -1 5552 -1 45 -1 7243 -1 18 -1 327 -1 123 -1 87 -1 7244 -1 7 -1 3186 -1 87 -1 441 -1 18 -1 327 -1 22 -1 7 -1 7245 -1 -2
45 -1 7238 -1 5881 -1 371 -1 2762 -1 235 -1 -2
191 -1 18 -1 198 -1 1245 -1 87 -1 861 -1 391 -1 7 -1 7246 -1 19 -1 183 -1 6 -1 7 -1 84 -1 36 -1 37 -1 430 -1 1916 -1 73 -1 4243 -1 -2
2 -1 698 -1 723 -1 25 -1 5026 -1 214 -1 18 -1 327 -1 440 -1 561 -1 7247 -1 797 -1 40 -1 817 -1 2408 -1 79 -1 7 -1 7248 -1 7249 -1 752 -1 7250 -1 18 -1 7251 -1 22 -1 25 -1 2907 -1 7252 -1 -2
7 -1 7110 -1 36 -1 509 -1 95 -1 7 -1 84 -1 36 -1 652 -1 87 -1 7253 -1 -2
418 -1 10 -1 18 -1 15 -1 593 -1 1150 -1 180 -1 25 -1 513 -1 884 -1 562 -1 593 -1 817 -1 316 -1 40 -1 7 -1 1241 -1 391 -1 163 -1 6347 -1 382 -1 431 -1 195 -1 40 -1 7 -1 1022 -1 699 -1 7 -1 84 -1 36 -1 -2
7 -1 7254 -1 1741 -1 -2
25 -1 884 -1 73 -1 3595 -1 5036 -1 -2
79 -1 7 -1 5696 -1 73 -1 25 -1 7255 -1 7256 -1 229 -1 5 -1 25 -1 84 -1 36 -1 24 -1 45 -1 316 -1 310 -1 25 -1 4036 -1 -2
25 -1 6223 -1 2516 -1 3223 -1 124 -1 45 -1 46 -1 87 -1 7257 -1 6608 -1 460 -1 7258 -1 -2
18 -1 19 -1 6176 -1 40 -1 202 -1 24 -1 45 -1 141 -1 416 -1 79 -1 161 -1 7259 -1 887 -1 6026 -1 22 -1 7 -1 579 -1 75 -1 73 -1 1306 -1 95 -1 7 -1 929 -1 73 -1 7 -1 2047 -1 -2
3 -1 4870 -1 4295 -1 7260 -1 1083 -1 48 -1 7 -1 735 -1 -2
7 -1 84 -1 36 -1 428 -1 45 -1 2516 -1 22 -1 45 -1 148 -1 87 -1 2629 -1 7 -1 6132 -1 3756 -1 -2
2 -1 3829 -1 106 -1 7 -1 1022 -1 80 -1 4484 -1 40 -1 15 -1 18 -1 -2
25 -1 1027 -1 2175 -1 7261 -1 252 -1 2777 -1 124 -1 25 -1 3636 -1 87 -1 5 -1 22 -1 7 -1 6026 -1 -2
452 -1 7262 -1 45 -1 329 -1 24 -1 45 -1 7263 -1 18 -1 273 -1 95 -1 7 -1 84 -1 36 -1 22 -1 25 -1 7264 -1 1256 -1 -2
7 -1 84 -1 36 -1 903 -1 25 -1 827 -1 87 -1 7 -1 7261 -1 7265 -1 87 -1 390 -1 142 -1 161 -1 6026 -1 -2
579 -1 843 -1 7266 -1 31 -1 40 -1 2402 -1 1847 -1 136 -1 -2
7 -1 84 -1 36 -1 806 -1 -2
1391 -1 2391 -1 131 -1 66 -1 7267 -1 18 -1 15 -1 24 -1 1057 -1 3649 -1 40 -1 7 -1 3756 -1 -2
18 -1 5 -1 25 -1 576 -1 90 -1 87 -1 1102 -1 7 -1 246 -1 40 -1 7 -1 1306 -1 -2
102 -1 18 -1 537 -1 87 -1 1230 -1 45 -1 508 -1 806 -1 126 -1 -2
63 -1 18 -1 402 -1 87 -1 273 -1 316 -1 -2
2 -1 1264 -1 2759 -1 106 -1 80 -1 4484 -1 40 -1 726 -1 18 -1 -2
18 -1 7268 -1 149 -1 7 -1 482 -1 7269 -1 73 -1 3326 -1 7270 -1 40 -1 684 -1 22 -1 25 -1 7271 -1 73 -1 7272 -1 25 -1 4230 -1 19 -1 3221 -1 87 -1 7273 -1 4564 -1 7274 -1 226 -1 332 -1 7275 -1 -2
25 -1 7110 -1 36 -1 19 -1 2908 -1 149 -1 25 -1 4587 -1 73 -1 582 -1 7276 -1 -2
18 -1 252 -1 1126 -1 87 -1 1335 -1 25 -1 86 -1 1347 -1 22 -1 7 -1 84 -1 166 -1 377 -1 -2
1292 -1 7045 -1 7 -1 7276 -1 89 -1 212 -1 2406 -1 -2
106 -1 60 -1 53 -1 662 -1 2 -1 119 -1 18 -1 3339 -1 25 -1 752 -1 849 -1 24 -1 25 -1 1464 -1 2998 -1 214 -1 2 -1 60 -1 80 -1 983 -1 904 -1 7 -1 84 -1 36 -1 509 -1 7277 -1 126 -1 -2
1292 -1 696 -1 7278 -1 106 -1 80 -1 4484 -1 40 -1 106 -1 66 -1 1731 -1 158 -1 7279 -1 -2
1292 -1 696 -1 7278 -1 106 -1 80 -1 4484 -1 40 -1 -2
1147 -1 332 -1 5005 -1 211 -1 272 -1 15 -1 7 -1 84 -1 36 -1 -2
7 -1 7110 -1 36 -1 369 -1 -2
314 -1 161 -1 302 -1 -2
80 -1 4484 -1 40 -1 287 -1 4433 -1 7280 -1 149 -1 79 -1 7 -1 7281 -1 7282 -1 7123 -1 15 -1 7 -1 84 -1 36 -1 2 -1 622 -1 1634 -1 66 -1 7 -1 7110 -1 36 -1 196 -1 -2
288 -1 106 -1 297 -1 80 -1 400 -1 40 -1 235 -1 2 -1 622 -1 11 -1 1162 -1 106 -1 63 -1 12 -1 52 -1 80 -1 4484 -1 40 -1 272 -1 513 -1 211 -1 272 -1 -2
80 -1 83 -1 58 -1 80 -1 879 -1 7 -1 7110 -1 36 -1 19 -1 7113 -1 3 -1 904 -1 4 -1 252 -1 124 -1 7283 -1 24 -1 540 -1 7093 -1 124 -1 7284 -1 7285 -1 -2
7 -1 7110 -1 36 -1 145 -1 161 -1 384 -1 7286 -1 3888 -1 87 -1 25 -1 2358 -1 19 -1 4579 -1 -2
35 -1 18 -1 19 -1 4516 -1 45 -1 5106 -1 73 -1 1123 -1 18 -1 44 -1 7287 -1 80 -1 87 -1 196 -1 -2
7 -1 84 -1 36 -1 19 -1 3854 -1 628 -1 -2
1391 -1 2391 -1 40 -1 57 -1 95 -1 66 -1 143 -1 55 -1 7 -1 7110 -1 36 -1 -2
7 -1 84 -1 36 -1 198 -1 40 -1 7 -1 3798 -1 73 -1 7 -1 7255 -1 7256 -1 87 -1 663 -1 131 -1 241 -1 40 -1 298 -1 1754 -1 87 -1 2003 -1 7 -1 246 -1 40 -1 7 -1 1306 -1 -2
229 -1 19 -1 3283 -1 89 -1 161 -1 2471 -1 -2
7288 -1 2763 -1 3223 -1 7289 -1 22 -1 7 -1 352 -1 -2
7 -1 3756 -1 354 -1 6603 -1 87 -1 7290 -1 -2
44 -1 7 -1 84 -1 36 -1 7291 -1 45 -1 2576 -1 87 -1 3118 -1 45 -1 2939 -1 -2
18 -1 354 -1 123 -1 87 -1 7292 -1 937 -1 45 -1 2516 -1 2281 -1 45 -1 483 -1 149 -1 7 -1 7293 -1 40 -1 7 -1 7294 -1 -2
1836 -1 45 -1 141 -1 416 -1 18 -1 2207 -1 1446 -1 40 -1 7 -1 929 -1 73 -1 7 -1 7256 -1 87 -1 274 -1 131 -1 7 -1 4295 -1 7260 -1 -2
25 -1 379 -1 978 -1 18 -1 1026 -1 124 -1 7 -1 261 -1 73 -1 7 -1 3119 -1 40 -1 7 -1 958 -1 73 -1 7 -1 3235 -1 -2
7 -1 579 -1 7266 -1 2859 -1 7295 -1 158 -1 971 -1 756 -1 -2
7 -1 84 -1 36 -1 7268 -1 79 -1 3821 -1 -2
116 -1 501 -1 1930 -1 830 -1 22 -1 7 -1 7267 -1 87 -1 7 -1 822 -1 471 -1 7296 -1 3762 -1 -2
7 -1 84 -1 36 -1 127 -1 79 -1 149 -1 7297 -1 7298 -1 87 -1 131 -1 142 -1 7299 -1 7300 -1 -2
45 -1 237 -1 92 -1 1429 -1 6 -1 2877 -1 73 -1 7 -1 3327 -1 87 -1 18 -1 1221 -1 7301 -1 22 -1 6025 -1 87 -1 7302 -1 73 -1 7303 -1 -2
25 -1 2659 -1 1162 -1 325 -1 7304 -1 136 -1 1945 -1 -2
102 -1 35 -1 18 -1 7305 -1 7 -1 503 -1 73 -1 25 -1 2632 -1 7 -1 1731 -1 1184 -1 124 -1 803 -1 45 -1 99 -1 -2
18 -1 7306 -1 24 -1 7307 -1 73 -1 3486 -1 7308 -1 79 -1 45 -1 309 -1 40 -1 2134 -1 87 -1 442 -1 822 -1 580 -1 1063 -1 136 -1 -2
805 -1 18 -1 252 -1 40 -1 25 -1 116 -1 873 -1 3326 -1 -2
18 -1 492 -1 80 -1 87 -1 372 -1 22 -1 7 -1 637 -1 25 -1 6702 -1 -2
18 -1 5285 -1 161 -1 7309 -1 87 -1 224 -1 158 -1 -2
18 -1 2072 -1 40 -1 45 -1 99 -1 87 -1 15 -1 658 -1 7310 -1 1741 -1 2 -1 1399 -1 -2
269 -1 226 -1 1566 -1 1945 -1 124 -1 852 -1 1872 -1 35 -1 7 -1 7311 -1 5264 -1 18 -1 378 -1 45 -1 644 -1 126 -1 124 -1 7 -1 1741 -1 87 -1 7312 -1 7 -1 7308 -1 114 -1 -2
18 -1 492 -1 149 -1 513 -1 7275 -1 7313 -1 22 -1 7314 -1 87 -1 19 -1 7315 -1 6 -1 3609 -1 73 -1 7316 -1 7272 -1 -2
25 -1 5393 -1 2207 -1 142 -1 7 -1 7317 -1 73 -1 25 -1 3701 -1 7318 -1 87 -1 4364 -1 3223 -1 98 -1 7319 -1 40 -1 7 -1 5073 -1 73 -1 6915 -1 -2
7 -1 84 -1 36 -1 241 -1 40 -1 7320 -1 22 -1 45 -1 336 -1 -2
391 -1 25 -1 90 -1 18 -1 402 -1 87 -1 2643 -1 45 -1 5696 -1 -2
412 -1 307 -1 54 -1 226 -1 40 -1 7321 -1 123 -1 87 -1 238 -1 628 -1 18 -1 15 -1 -2
423 -1 214 -1 2 -1 3093 -1 79 -1 22 -1 382 -1 1260 -1 2 -1 119 -1 2248 -1 40 -1 898 -1 7 -1 7281 -1 7282 -1 135 -1 3651 -1 18 -1 455 -1 95 -1 25 -1 1601 -1 73 -1 7322 -1 87 -1 6552 -1 306 -1 7310 -1 1741 -1 -2
7 -1 7323 -1 5 -1 131 -1 22 -1 25 -1 1911 -1 1254 -1 87 -1 416 -1 45 -1 141 -1 79 -1 7 -1 7324 -1 -2
45 -1 46 -1 304 -1 7325 -1 87 -1 45 -1 1526 -1 5173 -1 95 -1 213 -1 -2
7 -1 84 -1 36 -1 87 -1 7 -1 6702 -1 94 -1 22 -1 230 -1 -2
25 -1 4142 -1 6703 -1 494 -1 1304 -1 97 -1 7 -1 929 -1 73 -1 7 -1 1741 -1 -2
22 -1 269 -1 1155 -1 73 -1 7326 -1 332 -1 7327 -1 7328 -1 95 -1 7 -1 352 -1 87 -1 7329 -1 -2
7 -1 1862 -1 1221 -1 22 -1 752 -1 230 -1 87 -1 7 -1 735 -1 73 -1 7 -1 3756 -1 830 -1 609 -1 -2
7 -1 7330 -1 7063 -1 73 -1 4370 -1 35 -1 214 -1 332 -1 431 -1 92 -1 650 -1 40 -1 1328 -1 25 -1 7331 -1 224 -1 220 -1 7 -1 6702 -1 87 -1 7 -1 84 -1 36 -1 -2
25 -1 7332 -1 7333 -1 628 -1 79 -1 7 -1 467 -1 5246 -1 25 -1 538 -1 6424 -1 66 -1 19 -1 432 -1 22 -1 887 -1 735 -1 -2
7 -1 84 -1 36 -1 500 -1 202 -1 87 -1 806 -1 40 -1 45 -1 99 -1 2853 -1 89 -1 7 -1 4289 -1 73 -1 7334 -1 1343 -1 141 -1 22 -1 382 -1 1741 -1 -2
2 -1 719 -1 5642 -1 -2
141 -1 18 -1 224 -1 79 -1 45 -1 377 -1 -2
562 -1 18 -1 273 -1 114 -1 18 -1 217 -1 587 -1 588 -1 87 -1 390 -1 -2
269 -1 757 -1 7 -1 1741 -1 19 -1 1423 -1 -2
7 -1 84 -1 36 -1 4871 -1 3231 -1 142 -1 7 -1 2195 -1 7335 -1 -2
18 -1 206 -1 45 -1 5163 -1 3232 -1 40 -1 467 -1 -2
18 -1 7336 -1 7337 -1 24 -1 1568 -1 6115 -1 -2
63 -1 391 -1 25 -1 90 -1 18 -1 252 -1 114 -1 40 -1 7 -1 929 -1 73 -1 7 -1 1741 -1 -2
2333 -1 18 -1 893 -1 269 -1 696 -1 7338 -1 561 -1 18 -1 4581 -1 -2
7339 -1 45 -1 141 -1 4644 -1 145 -1 7340 -1 1486 -1 22 -1 45 -1 1849 -1 -2
12 -1 7341 -1 2 -1 1399 -1 18 -1 594 -1 -2
35 -1 18 -1 206 -1 7 -1 413 -1 73 -1 7 -1 1741 -1 226 -1 7342 -1 45 -1 82 -1 18 -1 587 -1 114 -1 40 -1 45 -1 99 -1 -2
18 -1 1331 -1 25 -1 5769 -1 73 -1 836 -1 2345 -1 87 -1 3815 -1 519 -1 -2
2648 -1 53 -1 18 -1 7220 -1 3144 -1 -2
7 -1 7117 -1 896 -1 310 -1 7 -1 377 -1 73 -1 7 -1 1741 -1 -2
7 -1 84 -1 36 -1 235 -1 145 -1 161 -1 2292 -1 -2
18 -1 492 -1 24 -1 148 -1 87 -1 99 -1 1909 -1 -2
7337 -1 5190 -1 136 -1 316 -1 87 -1 2345 -1 2207 -1 124 -1 803 -1 45 -1 99 -1 -2
7 -1 6702 -1 5173 -1 87 -1 7343 -1 87 -1 19 -1 1955 -1 226 -1 40 -1 383 -1 24 -1 25 -1 1400 -1 472 -1 -2
7 -1 7324 -1 19 -1 25 -1 6547 -1 73 -1 752 -1 249 -1 -2
63 -1 7 -1 84 -1 36 -1 95 -1 401 -1 491 -1 7 -1 81 -1 -2
217 -1 18 -1 7344 -1 24 -1 7345 -1 40 -1 7 -1 3798 -1 73 -1 7 -1 7346 -1 -2
45 -1 148 -1 92 -1 7347 -1 22 -1 45 -1 4137 -1 -2
18 -1 509 -1 95 -1 7 -1 4485 -1 629 -1 7348 -1 1232 -1 310 -1 25 -1 734 -1 352 -1 -2
7123 -1 18 -1 15 -1 -2
1343 -1 7280 -1 2987 -1 87 -1 7 -1 7281 -1 7282 -1 7 -1 1741 -1 411 -1 45 -1 99 -1 19 -1 6603 -1 -2
926 -1 7 -1 7349 -1 5248 -1 -2
7350 -1 19 -1 22 -1 45 -1 3561 -1 6458 -1 124 -1 7 -1 7351 -1 73 -1 7352 -1 6490 -1 -2
18 -1 19 -1 1813 -1 7353 -1 -2
18 -1 19 -1 13 -1 25 -1 4692 -1 22 -1 7 -1 7354 -1 1344 -1 73 -1 7 -1 2800 -1 2488 -1 18 -1 327 -1 3198 -1 1198 -1 25 -1 4925 -1 87 -1 25 -1 7355 -1 22 -1 7356 -1 -2
63 -1 18 -1 19 -1 2881 -1 95 -1 983 -1 4062 -1 87 -1 643 -1 5741 -1 19 -1 89 -1 136 -1 2634 -1 40 -1 7 -1 5741 -1 73 -1 161 -1 7357 -1 22 -1 382 -1 3812 -1 3561 -1 -2
45 -1 1254 -1 327 -1 696 -1 25 -1 7358 -1 2987 -1 22 -1 7 -1 419 -1 2406 -1 562 -1 1692 -1 2176 -1 19 -1 689 -1 7359 -1 24 -1 25 -1 7360 -1 2525 -1 3394 -1 45 -1 4705 -1 211 -1 1847 -1 7361 -1 6355 -1 87 -1 7362 -1 253 -1 879 -1 45 -1 4705 -1 6906 -1 136 -1 -2
63 -1 22 -1 7 -1 1558 -1 73 -1 7350 -1 80 -1 3267 -1 51 -1 15 -1 66 -1 7 -1 291 -1 1732 -1 73 -1 7 -1 2987 -1 580 -1 2823 -1 3272 -1 40 -1 7 -1 3487 -1 73 -1 6451 -1 19 -1 7 -1 3561 -1 580 -1 19 -1 3354 -1 291 -1 40 -1 7363 -1 5881 -1 87 -1 2399 -1 7364 -1 -2
7 -1 6749 -1 1398 -1 124 -1 90 -1 40 -1 90 -1 73 -1 25 -1 7365 -1 1894 -1 7366 -1 220 -1 7350 -1 35 -1 1409 -1 35 -1 214 -1 124 -1 90 -1 40 -1 90 -1 1851 -1 327 -1 22 -1 7 -1 1631 -1 7367 -1 309 -1 2641 -1 25 -1 5047 -1 142 -1 7 -1 84 -1 7368 -1 73 -1 45 -1 1595 -1 -2
382 -1 1595 -1 273 -1 3098 -1 220 -1 25 -1 5122 -1 1748 -1 73 -1 7369 -1 87 -1 7370 -1 4342 -1 87 -1 2235 -1 382 -1 309 -1 87 -1 66 -1 309 -1 63 -1 1894 -1 25 -1 1748 -1 1183 -1 80 -1 491 -1 25 -1 347 -1 1879 -1 126 -1 2632 -1 220 -1 580 -1 354 -1 7 -1 2363 -1 134 -1 73 -1 25 -1 7371 -1 3873 -1 1405 -1 3747 -1 945 -1 35 -1 214 -1 80 -1 92 -1 161 -1 1675 -1 3103 -1 1708 -1 7 -1 340 -1 1027 -1 2987 -1 73 -1 2057 -1 2653 -1 -2
25 -1 84 -1 40 -1 7 -1 43 -1 79 -1 25 -1 2050 -1 752 -1 1755 -1 87 -1 4992 -1 73 -1 7372 -1 583 -1 486 -1 1121 -1 822 -1 87 -1 7 -1 6223 -1 1066 -1 2171 -1 73 -1 7 -1 6509 -1 6061 -1 1190 -1 1318 -1 519 -1 -2
89 -1 4242 -1 3297 -1 7350 -1 327 -1 440 -1 7373 -1 7374 -1 4623 -1 87 -1 562 -1 95 -1 401 -1 80 -1 430 -1 1052 -1 66 -1 18 -1 87 -1 45 -1 5881 -1 92 -1 40 -1 2336 -1 124 -1 161 -1 7375 -1 3854 -1 7 -1 6509 -1 580 -1 89 -1 1735 -1 1644 -1 327 -1 47 -1 25 -1 7376 -1 483 -1 468 -1 7 -1 4623 -1 19 -1 1593 -1 24 -1 25 -1 7377 -1 73 -1 3916 -1 25 -1 1618 -1 3916 -1 -2
7 -1 513 -1 3284 -1 7378 -1 22 -1 7374 -1 6061 -1 1771 -1 51 -1 624 -1 919 -1 4442 -1 2764 -1 6 -1 25 -1 2175 -1 7379 -1 7380 -1 7381 -1 36 -1 37 -1 1771 -1 51 -1 7382 -1 95 -1 45 -1 2470 -1 562 -1 7 -1 7383 -1 19 -1 2500 -1 6 -1 25 -1 7384 -1 7385 -1 -2
235 -1 89 -1 7 -1 103 -1 90 -1 22 -1 1790 -1 3297 -1 7 -1 7386 -1 1771 -1 2966 -1 22 -1 7 -1 1030 -1 2764 -1 7387 -1 158 -1 142 -1 7 -1 1253 -1 87 -1 229 -1 1771 -1 51 -1 2107 -1 1846 -1 1972 -1 87 -1 22 -1 7 -1 512 -1 1679 -1 73 -1 376 -1 6056 -1 1771 -1 51 -1 1573 -1 128 -1 7 -1 7388 -1 447 -1 79 -1 7 -1 7389 -1 87 -1 22 -1 7 -1 1190 -1 5757 -1 -2
7 -1 6509 -1 1609 -1 40 -1 613 -1 7 -1 2214 -1 7390 -1 87 -1 7391 -1 4307 -1 73 -1 7392 -1 7 -1 7393 -1 73 -1 269 -1 1757 -1 7394 -1 -2
7 -1 103 -1 7395 -1 73 -1 3653 -1 19 -1 22 -1 7 -1 2824 -1 66 -1 7350 -1 327 -1 265 -1 441 -1 7 -1 1846 -1 -2
382 -1 4579 -1 7 -1 1276 -1 89 -1 7 -1 3697 -1 87 -1 80 -1 224 -1 562 -1 91 -1 3403 -1 7 -1 7396 -1 73 -1 7374 -1 4623 -1 -2
7 -1 2700 -1 7397 -1 1495 -1 235 -1 66 -1 229 -1 327 -1 696 -1 1290 -1 22 -1 7 -1 7398 -1 7350 -1 40 -1 3355 -1 25 -1 2175 -1 7379 -1 4351 -1 3394 -1 1846 -1 7399 -1 63 -1 423 -1 91 -1 182 -1 13 -1 63 -1 5011 -1 7 -1 1398 -1 73 -1 7 -1 760 -1 7400 -1 -2
229 -1 19 -1 643 -1 7401 -1 1289 -1 89 -1 45 -1 138 -1 58 -1 25 -1 5115 -1 6839 -1 37 -1 1771 -1 2227 -1 2911 -1 214 -1 18 -1 4515 -1 25 -1 7402 -1 124 -1 7 -1 103 -1 7403 -1 18 -1 981 -1 22 -1 7 -1 5400 -1 -2
7350 -1 19 -1 22 -1 2672 -1 212 -1 7404 -1 904 -1 1293 -1 1566 -1 99 -1 22 -1 2891 -1 63 -1 18 -1 327 -1 4148 -1 202 -1 40 -1 1980 -1 99 -1 3296 -1 7404 -1 -2
45 -1 1848 -1 2563 -1 158 -1 22 -1 280 -1 58 -1 7405 -1 87 -1 411 -1 80 -1 92 -1 3 -1 7406 -1 141 -1 580 -1 299 -1 31 -1 40 -1 2003 -1 1277 -1 24 -1 2551 -1 2127 -1 -2
45 -1 377 -1 19 -1 2656 -1 87 -1 2900 -1 73 -1 7407 -1 87 -1 7 -1 46 -1 1991 -1 327 -1 643 -1 373 -1 231 -1 25 -1 5499 -1 7408 -1 73 -1 7 -1 7409 -1 -2
45 -1 148 -1 92 -1 444 -1 87 -1 7410 -1 7411 -1 63 -1 7412 -1 74 -1 -2
45 -1 659 -1 2544 -1 1526 -1 19 -1 2439 -1 35 -1 66 -1 73 -1 25 -1 36 -1 124 -1 25 -1 576 -1 7413 -1 87 -1 441 -1 19 -1 2533 -1 6 -1 3 -1 99 -1 580 -1 89 -1 190 -1 182 -1 13 -1 51 -1 7414 -1 22 -1 7 -1 5036 -1 -2
18 -1 19 -1 1165 -1 7415 -1 63 -1 1991 -1 80 -1 19 -1 13 -1 607 -1 1409 -1 25 -1 3383 -1 7416 -1 35 -1 80 -1 19 -1 25 -1 4650 -1 7417 -1 40 -1 4554 -1 684 -1 18 -1 19 -1 650 -1 211 -1 106 -1 18 -1 19 -1 1295 -1 -2
89 -1 6695 -1 562 -1 3048 -1 142 -1 25 -1 5627 -1 80 -1 19 -1 13 -1 7418 -1 89 -1 136 -1 40 -1 2957 -1 45 -1 503 -1 7419 -1 310 -1 16 -1 73 -1 7 -1 7420 -1 -2
382 -1 19 -1 2488 -1 18 -1 1305 -1 924 -1 1894 -1 87 -1 214 -1 229 -1 327 -1 696 -1 3259 -1 6457 -1 22 -1 25 -1 199 -1 18 -1 1771 -1 13 -1 235 -1 613 -1 7421 -1 519 -1 904 -1 1293 -1 18 -1 589 -1 7 -1 16 -1 -2
35 -1 1879 -1 35 -1 7 -1 7397 -1 87 -1 7422 -1 92 -1 4271 -1 18 -1 299 -1 252 -1 158 -1 73 -1 382 -1 1256 -1 231 -1 22 -1 7423 -1 3428 -1 562 -1 18 -1 327 -1 5190 -1 220 -1 136 -1 689 -1 332 -1 513 -1 5815 -1 73 -1 5829 -1 211 -1 332 -1 1772 -1 7424 -1 73 -1 7425 -1 87 -1 235 -1 382 -1 7426 -1 36 -1 7427 -1 158 -1 7428 -1 45 -1 4064 -1 7429 -1 24 -1 25 -1 3182 -1 2320 -1 73 -1 6735 -1 2226 -1 -2
63 -1 7 -1 7430 -1 316 -1 40 -1 2041 -1 19 -1 904 -1 7431 -1 -2
80 -1 19 -1 1879 -1 1608 -1 1293 -1 7 -1 7432 -1 22 -1 7 -1 2217 -1 -2
45 -1 974 -1 19 -1 44 -1 3797 -1 95 -1 7 -1 379 -1 562 -1 16 -1 19 -1 2399 -1 80 -1 1771 -1 7433 -1 7 -1 352 -1 -2
332 -1 73 -1 7 -1 7397 -1 793 -1 66 -1 18 -1 19 -1 1049 -1 -2
91 -1 7434 -1 80 -1 576 -1 22 -1 7 -1 1256 -1 73 -1 98 -1 866 -1 7435 -1 7435 -1 87 -1 7435 -1 87 -1 562 -1 161 -1 3371 -1 7436 -1 7437 -1 486 -1 91 -1 2487 -1 500 -1 98 -1 1491 -1 22 -1 7438 -1 1625 -1 -2
295 -1 80 -1 19 -1 7439 -1 1911 -1 66 -1 643 -1 300 -1 7400 -1 327 -1 135 -1 696 -1 22 -1 7 -1 50 -1 73 -1 7363 -1 73 -1 7374 -1 4623 -1 87 -1 7 -1 2864 -1 4928 -1 19 -1 25 -1 2397 -1 -2
7 -1 7440 -1 95 -1 7 -1 7441 -1 1633 -1 37 -1 3082 -1 22 -1 7 -1 7442 -1 22 -1 89 -1 25 -1 1891 -1 73 -1 5249 -1 87 -1 1352 -1 92 -1 746 -1 551 -1 2405 -1 22 -1 5040 -1 1790 -1 756 -1 580 -1 91 -1 1709 -1 589 -1 13 -1 2025 -1 -2
7 -1 3268 -1 19 -1 1631 -1 7259 -1 -2
91 -1 441 -1 7443 -1 66 -1 80 -1 19 -1 1426 -1 607 -1 7444 -1 66 -1 91 -1 589 -1 13 -1 11 -1 63 -1 106 -1 91 -1 1771 -1 613 -1 40 -1 723 -1 7445 -1 -2
7 -1 7396 -1 19 -1 1664 -1 7 -1 1631 -1 4477 -1 36 -1 22 -1 7 -1 659 -1 139 -1 -2
7 -1 3345 -1 15 -1 66 -1 7350 -1 1771 -1 1064 -1 4294 -1 24 -1 45 -1 7446 -1 1766 -1 22 -1 87 -1 1766 -1 158 -1 58 -1 983 -1 7447 -1 5137 -1 95 -1 25 -1 7448 -1 -2
80 -1 266 -1 559 -1 1901 -1 214 -1 7 -1 2358 -1 92 -1 4821 -1 -2
235 -1 44 -1 18 -1 1771 -1 3916 -1 45 -1 4749 -1 40 -1 7 -1 1631 -1 4882 -1 7449 -1 87 -1 22 -1 4242 -1 2406 -1 1771 -1 298 -1 7 -1 7450 -1 57 -1 35 -1 214 -1 80 -1 327 -1 696 -1 1515 -1 95 -1 8 -1 -2
106 -1 19 -1 40 -1 51 -1 1321 -1 24 -1 25 -1 2176 -1 73 -1 66 -1 866 -1 -2
7 -1 3345 -1 15 -1 89 -1 45 -1 1732 -1 18 -1 3619 -1 25 -1 7396 -1 24 -1 7451 -1 87 -1 18 -1 661 -1 66 -1 7350 -1 589 -1 13 -1 613 -1 25 -1 4761 -1 40 -1 45 -1 1812 -1 95 -1 2866 -1 1352 -1 66 -1 182 -1 4141 -1 51 -1 247 -1 25 -1 4761 -1 -2
7452 -1 7 -1 3894 -1 7 -1 258 -1 4646 -1 7453 -1 7454 -1 24 -1 7 -1 3345 -1 -2
7 -1 3894 -1 266 -1 7455 -1 2488 -1 371 -1 19 -1 25 -1 1165 -1 419 -1 3894 -1 1161 -1 580 -1 371 -1 154 -1 2186 -1 370 -1 40 -1 51 -1 1842 -1 7456 -1 124 -1 7 -1 108 -1 7440 -1 4623 -1 1787 -1 -2
35 -1 89 -1 7 -1 7349 -1 3450 -1 91 -1 2053 -1 370 -1 35 -1 356 -1 13 -1 1409 -1 2635 -1 124 -1 7 -1 7396 -1 -2
95 -1 2866 -1 371 -1 308 -1 5175 -1 40 -1 45 -1 1631 -1 7457 -1 1256 -1 73 -1 1558 -1 87 -1 2899 -1 3169 -1 66 -1 3500 -1 18 -1 4505 -1 40 -1 60 -1 19 -1 1093 -1 185 -1 -2
7350 -1 327 -1 2138 -1 7 -1 7458 -1 73 -1 370 -1 1848 -1 54 -1 7459 -1 887 -1 87 -1 4933 -1 54 -1 370 -1 7460 -1 141 -1 25 -1 1175 -1 7 -1 2465 -1 7461 -1 1339 -1 6571 -1 4289 -1 7462 -1 792 -1 -2
7 -1 2641 -1 5106 -1 6766 -1 40 -1 370 -1 7463 -1 1438 -1 45 -1 472 -1 1982 -1 45 -1 154 -1 7464 -1 149 -1 7 -1 1900 -1 3 -1 989 -1 7465 -1 58 -1 7466 -1 391 -1 25 -1 7467 -1 4202 -1 73 -1 25 -1 7468 -1 7469 -1 24 -1 7 -1 777 -1 73 -1 7470 -1 79 -1 45 -1 2561 -1 1039 -1 95 -1 7 -1 99 -1 73 -1 7 -1 4612 -1 -2
7350 -1 537 -1 4879 -1 25 -1 4776 -1 3728 -1 80 -1 79 -1 7 -1 1595 -1 7471 -1 428 -1 42 -1 4776 -1 273 -1 5141 -1 89 -1 7 -1 7472 -1 4946 -1 25 -1 7473 -1 73 -1 76 -1 48 -1 7 -1 7474 -1 73 -1 7 -1 7475 -1 2320 -1 4879 -1 7 -1 1342 -1 4776 -1 3728 -1 80 -1 7476 -1 79 -1 25 -1 343 -1 87 -1 241 -1 25 -1 2496 -1 1121 -1 45 -1 3111 -1 89 -1 16 -1 66 -1 1771 -1 4934 -1 10 -1 -2
18 -1 509 -1 95 -1 45 -1 967 -1 95 -1 7 -1 4620 -1 79 -1 7 -1 7477 -1 158 -1 95 -1 7 -1 579 -1 496 -1 73 -1 2035 -1 441 -1 234 -1 256 -1 4650 -1 2007 -1 -2
95 -1 7 -1 1595 -1 7471 -1 18 -1 252 -1 220 -1 7 -1 103 -1 4776 -1 87 -1 22 -1 25 -1 559 -1 73 -1 2798 -1 309 -1 18 -1 3220 -1 80 -1 40 -1 45 -1 2561 -1 163 -1 769 -1 66 -1 18 -1 327 -1 769 -1 80 -1 -2
229 -1 19 -1 25 -1 774 -1 73 -1 337 -1 79 -1 7 -1 827 -1 239 -1 73 -1 7 -1 6680 -1 84 -1 1144 -1 66 -1 1083 -1 131 -1 40 -1 45 -1 3561 -1 87 -1 3232 -1 124 -1 7 -1 1595 -1 18 -1 184 -1 66 -1 45 -1 5881 -1 327 -1 2847 -1 7 -1 3175 -1 87 -1 19 -1 138 -1 95 -1 136 -1 7478 -1 -2
7479 -1 371 -1 15 -1 22 -1 25 -1 2136 -1 248 -1 106 -1 38 -1 7 -1 559 -1 45 -1 141 -1 92 -1 4005 -1 158 -1 124 -1 411 -1 45 -1 2397 -1 73 -1 1848 -1 24 -1 25 -1 7480 -1 66 -1 7481 -1 45 -1 974 -1 73 -1 1288 -1 2227 -1 -2
1290 -1 38 -1 7 -1 559 -1 18 -1 3063 -1 -2
109 -1 60 -1 53 -1 4491 -1 371 -1 31 -1 7482 -1 4271 -1 63 -1 371 -1 19 -1 7483 -1 437 -1 40 -1 7484 -1 370 -1 2430 -1 35 -1 10 -1 35 -1 40 -1 7485 -1 80 -1 -2
424 -1 154 -1 53 -1 1459 -1 7486 -1 18 -1 3063 -1 109 -1 643 -1 -2
12 -1 13 -1 7487 -1 7486 -1 -2
79 -1 7 -1 7488 -1 18 -1 1329 -1 7489 -1 12 -1 22 -1 16 -1 73 -1 412 -1 1631 -1 7437 -1 7490 -1 370 -1 57 -1 73 -1 3654 -1 589 -1 13 -1 7491 -1 -2
371 -1 1336 -1 40 -1 2003 -1 136 -1 24 -1 7 -1 2726 -1 5309 -1 -2
371 -1 19 -1 93 -1 89 -1 25 -1 90 -1 87 -1 589 -1 13 -1 462 -1 -2
45 -1 1757 -1 4265 -1 327 -1 1093 -1 3220 -1 40 -1 25 -1 7492 -1 73 -1 25 -1 7493 -1 7469 -1 87 -1 18 -1 589 -1 13 -1 2007 -1 7 -1 1256 -1 73 -1 45 -1 5881 -1 -2
44 -1 371 -1 252 -1 40 -1 136 -1 87 -1 7494 -1 25 -1 860 -1 79 -1 45 -1 472 -1 15 -1 7479 -1 53 -1 54 -1 1119 -1 109 -1 643 -1 640 -1 18 -1 15 -1 24 -1 25 -1 103 -1 4665 -1 12 -1 13 -1 1119 -1 95 -1 441 -1 -2
2 -1 299 -1 206 -1 1562 -1 22 -1 412 -1 1558 -1 87 -1 45 -1 1340 -1 7495 -1 6 -1 382 -1 7496 -1 1939 -1 7497 -1 40 -1 1056 -1 142 -1 40 -1 269 -1 340 -1 7492 -1 73 -1 7 -1 7493 -1 7469 -1 -2
739 -1 106 -1 2 -1 613 -1 2138 -1 235 -1 18 -1 2010 -1 7 -1 7458 -1 73 -1 370 -1 1848 -1 54 -1 7459 -1 887 -1 87 -1 4933 -1 54 -1 370 -1 7460 -1 141 -1 25 -1 1175 -1 7 -1 2465 -1 7461 -1 1339 -1 6571 -1 4289 -1 7462 -1 792 -1 -2
7 -1 2641 -1 5106 -1 6766 -1 40 -1 370 -1 7463 -1 1438 -1 45 -1 472 -1 7350 -1 15 -1 2 -1 1264 -1 2020 -1 40 -1 817 -1 7 -1 989 -1 40 -1 4312 -1 7 -1 36 -1 37 -1 38 -1 1039 -1 73 -1 7 -1 7470 -1 79 -1 7 -1 239 -1 135 -1 370 -1 -2
1426 -1 12 -1 163 -1 25 -1 90 -1 24 -1 80 -1 -2
106 -1 25 -1 4225 -1 -2
1610 -1 2 -1 1150 -1 7498 -1 58 -1 1049 -1 87 -1 108 -1 213 -1 2 -1 622 -1 2020 -1 40 -1 613 -1 161 -1 7499 -1 3487 -1 22 -1 412 -1 82 -1 18 -1 206 -1 45 -1 7500 -1 860 -1 2383 -1 79 -1 45 -1 472 -1 87 -1 18 -1 273 -1 48 -1 370 -1 377 -1 -2
80 -1 19 -1 607 -1 7501 -1 24 -1 602 -1 66 -1 80 -1 1122 -1 136 -1 1232 -1 158 -1 73 -1 45 -1 7502 -1 -2
7479 -1 371 -1 1235 -1 678 -1 53 -1 54 -1 1119 -1 18 -1 304 -1 45 -1 141 -1 22 -1 3829 -1 -2
1119 -1 -2
1119 -1 -2
643 -1 13 -1 22 -1 7 -1 2866 -1 181 -1 53 -1 54 -1 1119 -1 -2
2 -1 1150 -1 171 -1 80 -1 22 -1 67 -1 141 -1 -2
7503 -1 607 -1 7478 -1 3312 -1 7478 -1 -2
109 -1 412 -1 640 -1 106 -1 613 -1 2 -1 1321 -1 -2
2 -1 719 -1 1093 -1 10 -1 -2
1161 -1 2 -1 19 -1 299 -1 904 -1 153 -1 22 -1 412 -1 1558 -1 35 -1 18 -1 104 -1 18 -1 903 -1 202 -1 48 -1 25 -1 444 -1 4059 -1 3282 -1 87 -1 273 -1 123 -1 95 -1 45 -1 5881 -1 37 -1 354 -1 1579 -1 95 -1 136 -1 124 -1 7 -1 108 -1 503 -1 73 -1 7 -1 887 -1 7504 -1 1075 -1 220 -1 580 -1 7350 -1 7505 -1 45 -1 7353 -1 -2
7479 -1 640 -1 371 -1 924 -1 782 -1 2 -1 613 -1 4418 -1 80 -1 89 -1 2406 -1 87 -1 371 -1 1417 -1 335 -1 7 -1 1075 -1 40 -1 57 -1 904 -1 5964 -1 48 -1 45 -1 377 -1 -2
181 -1 67 -1 141 -1 5110 -1 904 -1 416 -1 1692 -1 7506 -1 82 -1 297 -1 80 -1 7507 -1 640 -1 7350 -1 537 -1 124 -1 45 -1 3282 -1 87 -1 252 -1 461 -1 7 -1 1749 -1 1075 -1 468 -1 45 -1 5881 -1 -2
35 -1 18 -1 2503 -1 370 -1 161 -1 373 -1 7508 -1 40 -1 6468 -1 1949 -1 370 -1 377 -1 87 -1 371 -1 952 -1 316 -1 35 -1 22 -1 712 -1 1543 -1 158 -1 2550 -1 148 -1 40 -1 5462 -1 136 -1 628 -1 -2
18 -1 327 -1 696 -1 7489 -1 22 -1 7 -1 1256 -1 73 -1 25 -1 36 -1 7509 -1 25 -1 2486 -1 5746 -1 63 -1 95 -1 370 -1 1101 -1 124 -1 45 -1 7510 -1 860 -1 18 -1 402 -1 22 -1 364 -1 -2
109 -1 6060 -1 106 -1 38 -1 80 -1 -2
180 -1 561 -1 371 -1 19 -1 130 -1 95 -1 136 -1 370 -1 141 -1 5122 -1 24 -1 6102 -1 -2
7350 -1 331 -1 45 -1 440 -1 860 -1 335 -1 45 -1 377 -1 7511 -1 399 -1 40 -1 7512 -1 124 -1 80 -1 66 -1 580 -1 7513 -1 370 -1 -2
418 -1 7479 -1 53 -1 64 -1 171 -1 332 -1 16 -1 2 -1 119 -1 1362 -1 226 -1 53 -1 -2
53 -1 54 -1 1119 -1 109 -1 412 -1 640 -1 5881 -1 18 -1 15 -1 2 -1 119 -1 1093 -1 1093 -1 10 -1 2 -1 119 -1 1850 -1 40 -1 2631 -1 933 -1 7353 -1 63 -1 647 -1 1106 -1 285 -1 2654 -1 7 -1 36 -1 1039 -1 181 -1 66 -1 38 -1 80 -1 53 -1 3523 -1 2567 -1 53 -1 171 -1 66 -1 53 -1 3523 -1 2567 -1 -2
53 -1 64 -1 171 -1 25 -1 5274 -1 -2
593 -1 790 -1 195 -1 123 -1 40 -1 3845 -1 95 -1 805 -1 371 -1 3063 -1 2251 -1 -2
6556 -1 3272 -1 18 -1 154 -1 66 -1 412 -1 5510 -1 38 -1 13 -1 35 -1 419 -1 35 -1 80 -1 488 -1 40 -1 51 -1 -2
2 -1 3523 -1 2567 -1 7514 -1 87 -1 647 -1 1106 -1 153 -1 22 -1 2654 -1 -2
2413 -1 2 -1 622 -1 857 -1 2249 -1 3771 -1 640 -1 38 -1 66 -1 106 -1 7515 -1 53 -1 18 -1 963 -1 -2
181 -1 181 -1 640 -1 53 -1 60 -1 13 -1 195 -1 158 -1 2249 -1 15 -1 45 -1 5881 -1 -2
53 -1 7516 -1 40 -1 382 -1 3175 -1 35 -1 7 -1 7517 -1 7518 -1 40 -1 7 -1 7519 -1 593 -1 64 -1 195 -1 40 -1 4102 -1 53 -1 64 -1 171 -1 332 -1 16 -1 3355 -1 561 -1 66 -1 53 -1 790 -1 195 -1 66 -1 53 -1 790 -1 195 -1 217 -1 114 -1 7350 -1 184 -1 45 -1 5881 -1 57 -1 95 -1 136 -1 35 -1 16 -1 83 -1 95 -1 25 -1 3788 -1 73 -1 6657 -1 -2
7 -1 1772 -1 989 -1 124 -1 370 -1 4696 -1 40 -1 7 -1 4869 -1 73 -1 370 -1 46 -1 3674 -1 35 -1 214 -1 371 -1 92 -1 22 -1 3383 -1 5485 -1 370 -1 141 -1 3032 -1 40 -1 98 -1 4052 -1 2901 -1 327 -1 22 -1 519 -1 7 -1 373 -1 73 -1 25 -1 3262 -1 29 -1 370 -1 1039 -1 7520 -1 -2
106 -1 19 -1 382 -1 1367 -1 75 -1 66 -1 327 -1 44 -1 1213 -1 1704 -1 277 -1 519 -1 -2
19 -1 18 -1 1119 -1 -2
643 -1 18 -1 299 -1 19 -1 22 -1 1562 -1 7521 -1 22 -1 45 -1 1558 -1 -2
18 -1 746 -1 202 -1 7522 -1 7523 -1 89 -1 7524 -1 22 -1 45 -1 410 -1 -2
114 -1 18 -1 3138 -1 126 -1 382 -1 431 -1 580 -1 31 -1 40 -1 51 -1 220 -1 45 -1 377 -1 -2
229 -1 64 -1 51 -1 272 -1 79 -1 412 -1 377 -1 18 -1 154 -1 1250 -1 109 -1 297 -1 371 -1 57 -1 95 -1 561 -1 24 -1 300 -1 2591 -1 2375 -1 22 -1 370 -1 141 -1 933 -1 3213 -1 141 -1 66 -1 327 -1 7525 -1 696 -1 607 -1 7526 -1 40 -1 919 -1 388 -1 73 -1 45 -1 1757 -1 -2
109 -1 589 -1 371 -1 662 -1 66 -1 18 -1 19 -1 1119 -1 -2
371 -1 37 -1 1921 -1 10 -1 45 -1 1692 -1 1899 -1 -2
19 -1 18 -1 1049 -1 589 -1 382 -1 431 -1 73 -1 7 -1 7493 -1 5106 -1 66 -1 2447 -1 40 -1 370 -1 7463 -1 7527 -1 370 -1 141 -1 370 -1 7460 -1 141 -1 2927 -1 66 -1 7528 -1 80 -1 182 -1 13 -1 51 -1 -2
18 -1 2511 -1 1121 -1 7 -1 2521 -1 79 -1 7 -1 1075 -1 89 -1 25 -1 4776 -1 -2
18 -1 182 -1 13 -1 1134 -1 16 -1 -2
18 -1 274 -1 40 -1 7 -1 584 -1 7529 -1 87 -1 5576 -1 7530 -1 95 -1 7 -1 3797 -1 79 -1 7 -1 7531 -1 -2
106 -1 106 -1 60 -1 53 -1 691 -1 7479 -1 -2
51 -1 3715 -1 -2
7 -1 2320 -1 55 -1 45 -1 5881 -1 -2
109 -1 2 -1 691 -1 25 -1 4776 -1 18 -1 15 -1 -2
371 -1 806 -1 35 -1 214 -1 18 -1 327 -1 5118 -1 7532 -1 40 -1 370 -1 -2
2 -1 790 -1 817 -1 53 -1 332 -1 2277 -1 1437 -1 5329 -1 2 -1 790 -1 1286 -1 53 -1 332 -1 371 -1 699 -1 35 -1 371 -1 7533 -1 142 -1 7 -1 836 -1 7534 -1 123 -1 7 -1 827 -1 337 -1 66 -1 1083 -1 124 -1 45 -1 3561 -1 -2
7350 -1 354 -1 24 -1 45 -1 316 -1 423 -1 2544 -1 22 -1 7 -1 6917 -1 73 -1 25 -1 36 -1 3020 -1 272 -1 124 -1 7 -1 453 -1 -2
18 -1 589 -1 13 -1 804 -1 124 -1 7 -1 7529 -1 1183 -1 7 -1 7535 -1 73 -1 45 -1 7500 -1 7536 -1 79 -1 7 -1 827 -1 3107 -1 327 -1 2762 -1 126 -1 -2
235 -1 18 -1 7537 -1 202 -1 87 -1 15 -1 10 -1 12 -1 2998 -1 87 -1 7350 -1 19 -1 13 -1 25 -1 36 -1 37 -1 196 -1 -2
25 -1 2921 -1 978 -1 7 -1 7400 -1 87 -1 45 -1 5881 -1 92 -1 79 -1 98 -1 309 -1 40 -1 4102 -1 40 -1 4796 -1 7 -1 513 -1 5163 -1 7538 -1 5274 -1 7539 -1 -2
7350 -1 936 -1 3169 -1 66 -1 272 -1 19 -1 1001 -1 24 -1 136 -1 -2
45 -1 7500 -1 1548 -1 580 -1 371 -1 182 -1 643 -1 1918 -1 2692 -1 5190 -1 136 -1 40 -1 382 -1 7104 -1 272 -1 19 -1 1001 -1 -2
1183 -1 933 -1 1017 -1 401 -1 5018 -1 7363 -1 5881 -1 327 -1 3730 -1 370 -1 3268 -1 24 -1 7 -1 1402 -1 87 -1 4073 -1 73 -1 25 -1 7540 -1 73 -1 7541 -1 213 -1 -2
919 -1 1766 -1 19 -1 5039 -1 89 -1 2399 -1 6594 -1 22 -1 2987 -1 211 -1 6509 -1 -2
371 -1 327 -1 6780 -1 35 -1 40 -1 7 -1 4727 -1 87 -1 4151 -1 73 -1 7 -1 6509 -1 3263 -1 87 -1 382 -1 2319 -1 624 -1 1409 -1 73 -1 370 -1 90 -1 -2
371 -1 19 -1 7 -1 7542 -1 73 -1 370 -1 7543 -1 -2
18 -1 25 -1 7544 -1 73 -1 7545 -1 371 -1 73 -1 66 -1 5649 -1 73 -1 4612 -1 37 -1 188 -1 6313 -1 73 -1 7 -1 7546 -1 73 -1 341 -1 87 -1 37 -1 1634 -1 7 -1 7547 -1 182 -1 51 -1 165 -1 6 -1 3269 -1 7 -1 2953 -1 73 -1 7 -1 1900 -1 6635 -1 73 -1 3401 -1 -2
7350 -1 19 -1 13 -1 5128 -1 22 -1 933 -1 5180 -1 63 -1 18 -1 1771 -1 381 -1 2698 -1 95 -1 45 -1 5881 -1 35 -1 371 -1 2140 -1 73 -1 7 -1 3984 -1 73 -1 1340 -1 73 -1 7 -1 7034 -1 87 -1 7 -1 4750 -1 1732 -1 22 -1 7 -1 7548 -1 1895 -1 580 -1 1771 -1 51 -1 4950 -1 6 -1 7 -1 341 -1 73 -1 7 -1 7028 -1 -2
229 -1 19 -1 643 -1 1939 -1 73 -1 382 -1 866 -1 936 -1 -2
7 -1 3268 -1 4727 -1 224 -1 48 -1 7 -1 148 -1 73 -1 7440 -1 -2
708 -1 87 -1 1766 -1 45 -1 5881 -1 532 -1 7350 -1 -2
18 -1 1771 -1 7549 -1 22 -1 7 -1 708 -1 40 -1 1134 -1 370 -1 377 -1 2402 -1 40 -1 45 -1 1757 -1 370 -1 141 -1 4005 -1 24 -1 7550 -1 1548 -1 -2
106 -1 38 -1 80 -1 6060 -1 18 -1 1771 -1 1175 -1 613 -1 2 -1 15 -1 1277 -1 -2
106 -1 38 -1 7 -1 1289 -1 53 -1 2515 -1 561 -1 22 -1 382 -1 5736 -1 640 -1 87 -1 371 -1 1771 -1 7551 -1 7479 -1 53 -1 54 -1 1119 -1 640 -1 53 -1 54 -1 1119 -1 593 -1 64 -1 195 -1 40 -1 3845 -1 593 -1 64 -1 1161 -1 235 -1 18 -1 1771 -1 7552 -1 370 -1 24 -1 1852 -1 647 -1 87 -1 3355 -1 66 -1 18 -1 1771 -1 195 -1 40 -1 4102 -1 -2
382 -1 2864 -1 3338 -1 19 -1 7 -1 7553 -1 73 -1 1633 -1 5018 -1 73 -1 29 -1 87 -1 712 -1 22 -1 7363 -1 7500 -1 1340 -1 -2
7363 -1 5881 -1 19 -1 3696 -1 5191 -1 35 -1 18 -1 7554 -1 370 -1 131 -1 124 -1 7 -1 1246 -1 22 -1 280 -1 73 -1 5274 -1 7555 -1 246 -1 -2
91 -1 327 -1 145 -1 161 -1 7556 -1 607 -1 66 -1 91 -1 92 -1 52 -1 73 -1 84 -1 6150 -1 135 -1 7 -1 7557 -1 7558 -1 -2
25 -1 836 -1 7559 -1 22 -1 159 -1 7560 -1 304 -1 7 -1 246 -1 87 -1 7561 -1 519 -1 48 -1 25 -1 7562 -1 -2
6740 -1 -2
7350 -1 218 -1 536 -1 48 -1 25 -1 3282 -1 138 -1 24 -1 25 -1 2486 -1 162 -1 124 -1 503 -1 40 -1 503 -1 87 -1 7563 -1 370 -1 411 -1 7564 -1 3017 -1 -2
371 -1 19 -1 934 -1 2867 -1 411 -1 370 -1 1544 -1 418 -1 7479 -1 53 -1 54 -1 1119 -1 53 -1 54 -1 1119 -1 25 -1 2034 -1 1095 -1 36 -1 24 -1 7565 -1 377 -1 87 -1 7566 -1 887 -1 1848 -1 2847 -1 7 -1 3175 -1 -2
45 -1 4696 -1 19 -1 584 -1 87 -1 7567 -1 87 -1 45 -1 46 -1 19 -1 25 -1 49 -1 4785 -1 50 -1 -2
7568 -1 887 -1 7569 -1 385 -1 22 -1 301 -1 40 -1 1444 -1 7 -1 7570 -1 1488 -1 141 -1 66 -1 530 -1 5249 -1 83 -1 95 -1 1692 -1 16 -1 7571 -1 40 -1 2496 -1 89 -1 263 -1 4265 -1 35 -1 25 -1 7572 -1 124 -1 7 -1 7573 -1 2171 -1 73 -1 25 -1 809 -1 7574 -1 89 -1 7 -1 1942 -1 22 -1 90 -1 73 -1 1781 -1 -2
18 -1 6781 -1 468 -1 6740 -1 -2
7350 -1 24 -1 7510 -1 860 -1 -2
6740 -1 -2
7350 -1 18 -1 15 -1 -2
1015 -1 371 -1 924 -1 2206 -1 124 -1 370 -1 3282 -1 35 -1 18 -1 252 -1 97 -1 370 -1 2853 -1 418 -1 5274 -1 412 -1 7543 -1 38 -1 1119 -1 1165 -1 1119 -1 1165 -1 1119 -1 114 -1 5274 -1 7539 -1 24 -1 45 -1 141 -1 416 -1 220 -1 370 -1 377 -1 7575 -1 1015 -1 3232 -1 40 -1 7350 -1 18 -1 15 -1 4616 -1 2277 -1 172 -1 7400 -1 2 -1 790 -1 103 -1 1939 -1 40 -1 67 -1 5881 -1 -2
790 -1 53 -1 1176 -1 48 -1 412 -1 3561 -1 7576 -1 18 -1 15 -1 40 -1 6740 -1 -2
7350 -1 7577 -1 7578 -1 -2
7363 -1 5881 -1 390 -1 48 -1 7 -1 3175 -1 580 -1 7 -1 5274 -1 2797 -1 468 -1 35 -1 45 -1 3561 -1 -2
7350 -1 1931 -1 -2
18 -1 331 -1 452 -1 226 -1 7 -1 3175 -1 138 -1 95 -1 7 -1 7579 -1 73 -1 7580 -1 4569 -1 580 -1 5695 -1 7 -1 253 -1 -2
18 -1 402 -1 102 -1 135 -1 25 -1 444 -1 5149 -1 73 -1 7 -1 5627 -1 73 -1 7581 -1 -2
18 -1 7582 -1 805 -1 904 -1 48 -1 45 -1 7583 -1 1864 -1 -2
45 -1 3362 -1 6394 -1 22 -1 7 -1 2441 -1 73 -1 4 -1 87 -1 341 -1 37 -1 327 -1 1026 -1 142 -1 66 -1 5627 -1 -2
18 -1 327 -1 769 -1 45 -1 712 -1 73 -1 7 -1 7584 -1 158 -1 73 -1 45 -1 1340 -1 66 -1 182 -1 4357 -1 933 -1 1434 -1 686 -1 -2
18 -1 327 -1 769 -1 202 -1 -2
124 -1 382 -1 7583 -1 18 -1 19 -1 2599 -1 40 -1 7 -1 2864 -1 6 -1 25 -1 860 -1 356 -1 3728 -1 2356 -1 220 -1 45 -1 472 -1 -2
18 -1 2867 -1 47 -1 87 -1 184 -1 7 -1 5274 -1 785 -1 136 -1 24 -1 7585 -1 141 -1 -2
285 -1 412 -1 640 -1 1159 -1 285 -1 48 -1 412 -1 3561 -1 15 -1 7 -1 5274 -1 -2
2 -1 613 -1 963 -1 67 -1 5881 -1 40 -1 2422 -1 792 -1 172 -1 7350 -1 235 -1 47 -1 3518 -1 468 -1 7 -1 2812 -1 73 -1 7 -1 3175 -1 87 -1 746 -1 66 -1 45 -1 5881 -1 19 -1 1114 -1 5329 -1 6 -1 25 -1 1075 -1 -2
5274 -1 7539 -1 4148 -1 2136 -1 40 -1 6740 -1 -2
7350 -1 35 -1 18 -1 1026 -1 370 -1 87 -1 7350 -1 1335 -1 45 -1 860 -1 2697 -1 87 -1 15 -1 291 -1 25 -1 379 -1 640 -1 371 -1 589 -1 13 -1 1152 -1 -2
7 -1 246 -1 2859 -1 1847 -1 519 -1 -2
51 -1 1114 -1 412 -1 640 -1 1159 -1 15 -1 7 -1 5274 -1 4842 -1 1126 -1 25 -1 3282 -1 51 -1 1114 -1 -2
2 -1 691 -1 40 -1 1234 -1 272 -1 40 -1 53 -1 63 -1 53 -1 64 -1 1064 -1 382 -1 103 -1 18 -1 157 -1 7350 -1 25 -1 836 -1 5751 -1 73 -1 7586 -1 -2
7350 -1 5 -1 131 -1 428 -1 7 -1 5751 -1 7587 -1 87 -1 7588 -1 7 -1 7586 -1 22 -1 16 -1 513 -1 7589 -1 -2
7 -1 5274 -1 354 -1 6 -1 7 -1 7590 -1 87 -1 15 -1 460 -1 2 -1 7591 -1 40 -1 1234 -1 40 -1 53 -1 1159 -1 66 -1 2 -1 613 -1 299 -1 981 -1 25 -1 36 -1 904 -1 774 -1 7592 -1 1293 -1 1238 -1 7350 -1 2867 -1 806 -1 124 -1 45 -1 3282 -1 -2
260 -1 15 -1 7 -1 5274 -1 2 -1 613 -1 13 -1 2201 -1 7593 -1 80 -1 38 -1 412 -1 5495 -1 2742 -1 40 -1 180 -1 53 -1 7 -1 7594 -1 38 -1 67 -1 5881 -1 37 -1 38 -1 1049 -1 -2
1049 -1 35 -1 25 -1 7595 -1 25 -1 7596 -1 -2
7 -1 734 -1 7597 -1 66 -1 252 -1 24 -1 161 -1 2367 -1 73 -1 7598 -1 142 -1 7 -1 7599 -1 3135 -1 79 -1 689 -1 503 -1 73 -1 7 -1 246 -1 308 -1 1367 -1 631 -1 40 -1 7 -1 457 -1 87 -1 4604 -1 73 -1 7 -1 212 -1 341 -1 37 -1 354 -1 7600 -1 22 -1 7 -1 7601 -1 73 -1 7 -1 5946 -1 -2
91 -1 145 -1 3747 -1 945 -1 87 -1 22 -1 7 -1 7194 -1 98 -1 940 -1 735 -1 7602 -1 22 -1 4275 -1 7603 -1 -2
3626 -1 371 -1 267 -1 607 -1 419 -1 35 -1 18 -1 3069 -1 371 -1 38 -1 1119 -1 174 -1 -2
18 -1 1150 -1 2515 -1 149 -1 962 -1 161 -1 857 -1 1402 -1 73 -1 962 -1 441 -1 18 -1 7604 -1 63 -1 562 -1 371 -1 3042 -1 254 -1 288 -1 12 -1 2098 -1 288 -1 12 -1 -2
161 -1 856 -1 297 -1 18 -1 11 -1 371 -1 267 -1 7605 -1 12 -1 936 -1 418 -1 18 -1 3069 -1 1391 -1 7606 -1 962 -1 124 -1 1055 -1 254 -1 1021 -1 4189 -1 18 -1 297 -1 -2
418 -1 181 -1 -2
18 -1 5098 -1 7607 -1 551 -1 7608 -1 254 -1 1473 -1 1381 -1 132 -1 3821 -1 -2
551 -1 7608 -1 -2
7609 -1 -2
412 -1 7610 -1 10 -1 18 -1 5573 -1 25 -1 7611 -1 2515 -1 79 -1 962 -1 53 -1 174 -1 -2
5541 -1 5487 -1 4924 -1 371 -1 981 -1 412 -1 641 -1 2559 -1 79 -1 1021 -1 5475 -1 161 -1 2559 -1 695 -1 15 -1 3 -1 647 -1 40 -1 962 -1 7612 -1 1021 -1 287 -1 36 -1 2203 -1 40 -1 7613 -1 -2
7614 -1 7614 -1 285 -1 172 -1 285 -1 172 -1 95 -1 382 -1 379 -1 25 -1 1828 -1 355 -1 2847 -1 124 -1 7 -1 4207 -1 87 -1 80 -1 19 -1 4232 -1 124 -1 7 -1 7615 -1 373 -1 44 -1 7616 -1 6 -1 7 -1 212 -1 7617 -1 66 -1 371 -1 327 -1 696 -1 7 -1 4421 -1 73 -1 98 -1 3436 -1 -2
371 -1 1026 -1 519 -1 24 -1 25 -1 7618 -1 7619 -1 87 -1 91 -1 2657 -1 226 -1 48 -1 25 -1 199 -1 40 -1 5309 -1 391 -1 370 -1 -2
79 -1 370 -1 309 -1 123 -1 7 -1 576 -1 7620 -1 7 -1 355 -1 4408 -1 370 -1 7621 -1 -2
16 -1 182 -1 235 -1 4887 -1 171 -1 7 -1 7622 -1 73 -1 370 -1 141 -1 63 -1 229 -1 19 -1 22 -1 519 -1 25 -1 2399 -1 7623 -1 66 -1 252 -1 97 -1 40 -1 7624 -1 7 -1 7625 -1 -2
80 -1 19 -1 25 -1 747 -1 7626 -1 73 -1 484 -1 1122 -1 124 -1 7 -1 4207 -1 35 -1 73 -1 16 -1 37 -1 229 -1 184 -1 25 -1 1914 -1 73 -1 3048 -1 7627 -1 24 -1 7628 -1 7629 -1 95 -1 1692 -1 1802 -1 -2
79 -1 7 -1 81 -1 239 -1 371 -1 586 -1 3032 -1 25 -1 246 -1 87 -1 235 -1 1053 -1 79 -1 7 -1 3253 -1 2924 -1 161 -1 3252 -1 66 -1 486 -1 887 -1 87 -1 6926 -1 58 -1 25 -1 5312 -1 -2
2413 -1 332 -1 7630 -1 3487 -1 73 -1 7631 -1 7632 -1 370 -1 235 -1 89 -1 371 -1 247 -1 22 -1 25 -1 84 -1 2220 -1 248 -1 7633 -1 229 -1 19 -1 643 -1 1152 -1 -2
7 -1 2320 -1 22 -1 7 -1 7634 -1 22 -1 7 -1 3175 -1 3152 -1 95 -1 7635 -1 7636 -1 -2
16 -1 7637 -1 19 -1 7638 -1 87 -1 7 -1 355 -1 182 -1 936 -1 171 -1 66 -1 382 -1 2798 -1 5246 -1 25 -1 84 -1 3488 -1 7639 -1 220 -1 7 -1 1233 -1 -2
2107 -1 25 -1 7640 -1 73 -1 673 -1 3135 -1 22 -1 7 -1 4873 -1 2483 -1 7641 -1 73 -1 752 -1 220 -1 7 -1 239 -1 -2
4282 -1 7 -1 3175 -1 19 -1 536 -1 7642 -1 24 -1 735 -1 -2
7 -1 355 -1 247 -1 114 -1 7633 -1 2201 -1 229 -1 19 -1 643 -1 1152 -1 -2
418 -1 7633 -1 786 -1 371 -1 369 -1 35 -1 16 -1 3907 -1 24 -1 7 -1 7643 -1 73 -1 161 -1 340 -1 36 -1 -2
418 -1 2 -1 1399 -1 5194 -1 1299 -1 1049 -1 226 -1 5194 -1 7644 -1 7645 -1 371 -1 15 -1 87 -1 371 -1 924 -1 2847 -1 7 -1 3175 -1 63 -1 44 -1 7646 -1 32 -1 6 -1 25 -1 5986 -1 5129 -1 40 -1 3872 -1 124 -1 382 -1 887 -1 3252 -1 7647 -1 24 -1 4268 -1 7627 -1 -2
114 -1 371 -1 247 -1 7633 -1 370 -1 248 -1 327 -1 161 -1 7648 -1 73 -1 7649 -1 -2
80 -1 19 -1 35 -1 214 -1 371 -1 1921 -1 371 -1 19 -1 2684 -1 63 -1 2201 -1 206 -1 2394 -1 40 -1 5260 -1 220 -1 356 -1 7650 -1 -2
418 -1 7633 -1 73 -1 25 -1 2126 -1 25 -1 1175 -1 73 -1 1607 -1 25 -1 5986 -1 7651 -1 66 -1 7 -1 923 -1 423 -1 3223 -1 2104 -1 124 -1 370 -1 -2
89 -1 5699 -1 40 -1 332 -1 5121 -1 7652 -1 7 -1 7426 -1 7653 -1 73 -1 7 -1 2320 -1 198 -1 7654 -1 24 -1 2126 -1 2725 -1 7655 -1 448 -1 4992 -1 73 -1 7 -1 253 -1 7 -1 239 -1 7 -1 3341 -1 4555 -1 24 -1 25 -1 7656 -1 73 -1 7657 -1 -2
87 -1 22 -1 7 -1 1071 -1 73 -1 382 -1 6080 -1 4509 -1 73 -1 1071 -1 7 -1 355 -1 184 -1 370 -1 1855 -1 1114 -1 95 -1 25 -1 1075 -1 24 -1 45 -1 316 -1 47 -1 468 -1 370 -1 -2
371 -1 2847 -1 7 -1 3175 -1 235 -1 24 -1 161 -1 2574 -1 162 -1 370 -1 7658 -1 2899 -1 7659 -1 66 -1 1851 -1 19 -1 40 -1 3828 -1 89 -1 370 -1 5502 -1 2914 -1 -2
418 -1 5194 -1 5541 -1 7660 -1 7661 -1 5194 -1 7644 -1 -2
2 -1 154 -1 7662 -1 1148 -1 2391 -1 7663 -1 370 -1 1855 -1 145 -1 643 -1 1152 -1 -2
371 -1 198 -1 149 -1 40 -1 25 -1 4893 -1 22 -1 7 -1 1802 -1 87 -1 256 -1 25 -1 84 -1 1068 -1 371 -1 4879 -1 80 -1 87 -1 563 -1 80 -1 684 -1 80 -1 1771 -1 723 -1 370 -1 1071 -1 35 -1 371 -1 428 -1 628 -1 370 -1 445 -1 87 -1 7664 -1 22 -1 280 -1 73 -1 7 -1 673 -1 7665 -1 -2
786 -1 371 -1 241 -1 40 -1 7666 -1 1121 -1 7 -1 5596 -1 7171 -1 66 -1 92 -1 3920 -1 48 -1 7 -1 4098 -1 87 -1 35 -1 371 -1 2137 -1 371 -1 1603 -1 1939 -1 95 -1 370 -1 1855 -1 1991 -1 7667 -1 45 -1 1899 -1 -2
722 -1 25 -1 285 -1 2408 -1 3502 -1 7668 -1 7645 -1 5541 -1 66 -1 3872 -1 7669 -1 18 -1 5626 -1 561 -1 22 -1 1021 -1 6289 -1 7670 -1 7671 -1 1566 -1 -2
106 -1 25 -1 288 -1 -2
18 -1 252 -1 254 -1 561 -1 918 -1 11 -1 161 -1 18 -1 5098 -1 7672 -1 2 -1 1324 -1 723 -1 918 -1 332 -1 7673 -1 3440 -1 418 -1 2 -1 11 -1 136 -1 161 -1 45 -1 7673 -1 3440 -1 -2
2 -1 1324 -1 723 -1 918 -1 332 -1 7673 -1 3440 -1 -2
5194 -1 551 -1 7608 -1 7672 -1 18 -1 5098 -1 254 -1 51 -1 7674 -1 22 -1 382 -1 6289 -1 161 -1 7675 -1 142 -1 7 -1 4296 -1 3821 -1 234 -1 1851 -1 254 -1 723 -1 918 -1 419 -1 7673 -1 3440 -1 161 -1 2 -1 1324 -1 7676 -1 918 -1 7672 -1 -2
12 -1 25 -1 4189 -1 36 -1 63 -1 2 -1 267 -1 35 -1 4189 -1 35 -1 332 -1 161 -1 2 -1 1324 -1 7676 -1 918 -1 418 -1 7677 -1 7661 -1 5194 -1 2524 -1 2 -1 5098 -1 -2
2 -1 11 -1 12 -1 -2
1391 -1 58 -1 441 -1 73 -1 5642 -1 5541 -1 1391 -1 25 -1 84 -1 7678 -1 -2
2 -1 11 -1 12 -1 -2
53 -1 7677 -1 7661 -1 5194 -1 2524 -1 2 -1 5098 -1 -2
10 -1 18 -1 5098 -1 391 -1 25 -1 879 -1 66 -1 18 -1 7679 -1 332 -1 7680 -1 7681 -1 285 -1 123 -1 161 -1 171 -1 561 -1 -2
418 -1 918 -1 790 -1 2 -1 5098 -1 918 -1 790 -1 -2
10 -1 53 -1 7682 -1 1473 -1 412 -1 287 -1 36 -1 7683 -1 918 -1 757 -1 7605 -1 132 -1 852 -1 1254 -1 -2
7684 -1 758 -1 918 -1 198 -1 254 -1 332 -1 108 -1 355 -1 254 -1 723 -1 7673 -1 3440 -1 106 -1 1021 -1 7685 -1 60 -1 2 -1 1402 -1 5637 -1 5194 -1 1855 -1 18 -1 5098 -1 -2
558 -1 18 -1 254 -1 561 -1 214 -1 18 -1 6111 -1 918 -1 131 -1 5475 -1 7684 -1 1402 -1 89 -1 12 -1 2 -1 5098 -1 -2
10 -1 18 -1 5098 -1 1119 -1 285 -1 562 -1 7686 -1 267 -1 22 -1 7687 -1 7688 -1 1119 -1 285 -1 562 -1 7686 -1 267 -1 22 -1 418 -1 1391 -1 7689 -1 22 -1 562 -1 80 -1 110 -1 7690 -1 1402 -1 25 -1 561 -1 2 -1 5098 -1 -2
622 -1 918 -1 7691 -1 80 -1 689 -1 -2
562 -1 80 -1 611 -1 254 -1 7690 -1 1402 -1 25 -1 45 -1 7614 -1 1391 -1 43 -1 79 -1 900 -1 1692 -1 2016 -1 3000 -1 90 -1 391 -1 25 -1 90 -1 371 -1 47 -1 87 -1 2629 -1 6860 -1 647 -1 40 -1 7 -1 340 -1 36 -1 -2
2212 -1 123 -1 1021 -1 2320 -1 7633 -1 -2
10 -1 613 -1 7644 -1 7692 -1 861 -1 63 -1 423 -1 370 -1 1855 -1 19 -1 93 -1 87 -1 45 -1 228 -1 22 -1 269 -1 7044 -1 6917 -1 19 -1 6603 -1 -2
95 -1 382 -1 7 -1 355 -1 31 -1 40 -1 171 -1 7 -1 7693 -1 73 -1 7 -1 7694 -1 73 -1 25 -1 5986 -1 1781 -1 310 -1 25 -1 36 -1 158 -1 73 -1 429 -1 -2
371 -1 2503 -1 136 -1 3328 -1 1025 -1 7695 -1 5169 -1 -2
7633 -1 -2
418 -1 7633 -1 -2
7696 -1 7633 -1 80 -1 19 -1 7697 -1 124 -1 25 -1 7698 -1 2289 -1 73 -1 7345 -1 22 -1 370 -1 610 -1 66 -1 382 -1 1256 -1 73 -1 5257 -1 220 -1 45 -1 7490 -1 327 -1 3873 -1 696 -1 2258 -1 63 -1 5884 -1 80 -1 327 -1 643 -1 1139 -1 2367 -1 -2
7 -1 647 -1 2057 -1 124 -1 370 -1 2561 -1 92 -1 58 -1 7 -1 4014 -1 73 -1 161 -1 340 -1 7699 -1 63 -1 7 -1 36 -1 2823 -1 7700 -1 -2
7633 -1 -2
412 -1 7633 -1 -2
418 -1 7633 -1 54 -1 918 -1 1049 -1 95 -1 561 -1 7701 -1 1049 -1 95 -1 561 -1 371 -1 3698 -1 136 -1 7702 -1 220 -1 7 -1 472 -1 -2
547 -1 18 -1 613 -1 47 -1 235 -1 18 -1 1771 -1 613 -1 1573 -1 7 -1 7703 -1 447 -1 377 -1 24 -1 7704 -1 141 -1 2402 -1 40 -1 45 -1 1757 -1 -2
418 -1 7633 -1 -2
412 -1 7633 -1 -2
7692 -1 7633 -1 371 -1 1564 -1 370 -1 472 -1 226 -1 45 -1 2947 -1 87 -1 235 -1 460 -1 471 -1 370 -1 377 -1 468 -1 45 -1 -2
80 -1 19 -1 7 -1 2418 -1 73 -1 25 -1 7705 -1 37 -1 3077 -1 66 -1 371 -1 7706 -1 7707 -1 3014 -1 3336 -1 674 -1 -2
63 -1 44 -1 124 -1 382 -1 1960 -1 371 -1 2581 -1 2405 -1 24 -1 7 -1 1049 -1 5891 -1 73 -1 25 -1 2486 -1 7708 -1 -2
370 -1 377 -1 19 -1 22 -1 382 -1 6935 -1 47 -1 40 -1 25 -1 1027 -1 7709 -1 431 -1 73 -1 602 -1 -2
25 -1 5294 -1 894 -1 87 -1 4464 -1 35 -1 25 -1 7710 -1 2104 -1 124 -1 370 -1 -2
7633 -1 371 -1 2641 -1 3125 -1 40 -1 25 -1 1254 -1 97 -1 7 -1 246 -1 684 -1 371 -1 2823 -1 7711 -1 370 -1 141 -1 787 -1 95 -1 7 -1 6603 -1 134 -1 7712 -1 6 -1 7 -1 4413 -1 6767 -1 124 -1 7 -1 2320 -1 -2
370 -1 606 -1 7713 -1 87 -1 370 -1 7714 -1 969 -1 95 -1 805 -1 7715 -1 87 -1 7716 -1 -2
229 -1 19 -1 22 -1 519 -1 161 -1 373 -1 73 -1 7717 -1 40 -1 7718 -1 87 -1 161 -1 373 -1 73 -1 7 -1 1631 -1 7097 -1 7719 -1 -2
87 -1 7 -1 3288 -1 1848 -1 66 -1 327 -1 696 -1 25 -1 7720 -1 19 -1 22 -1 933 -1 1018 -1 378 -1 40 -1 25 -1 7721 -1 4414 -1 66 -1 3223 -1 87 -1 5173 -1 22 -1 7722 -1 5736 -1 -2
114 -1 25 -1 2368 -1 1175 -1 2104 -1 124 -1 370 -1 -2
80 -1 19 -1 904 -1 1293 -1 7 -1 7723 -1 73 -1 7724 -1 19 -1 1514 -1 6071 -1 2629 -1 40 -1 136 -1 22 -1 7 -1 3282 -1 7 -1 103 -1 2800 -1 73 -1 25 -1 6936 -1 4938 -1 24 -1 7 -1 497 -1 -2
80 -1 31 -1 66 -1 562 -1 371 -1 327 -1 563 -1 370 -1 472 -1 226 -1 269 -1 2947 -1 371 -1 327 -1 5203 -1 7 -1 2552 -1 22 -1 300 -1 25 -1 309 -1 66 -1 936 -1 371 -1 87 -1 80 -1 92 -1 377 -1 40 -1 377 -1 -2
7 -1 7725 -1 1807 -1 161 -1 3331 -1 73 -1 3462 -1 124 -1 7 -1 1075 -1 -2
7 -1 141 -1 416 -1 220 -1 7726 -1 92 -1 937 -1 24 -1 161 -1 7727 -1 2381 -1 -2
7 -1 394 -1 73 -1 7 -1 355 -1 1477 -1 7728 -1 22 -1 7 -1 5946 -1 -2
229 -1 19 -1 25 -1 2090 -1 7729 -1 73 -1 6355 -1 87 -1 786 -1 229 -1 19 -1 25 -1 1464 -1 73 -1 99 -1 220 -1 7 -1 243 -1 73 -1 7 -1 7730 -1 -2
740 -1 896 -1 158 -1 1232 -1 -2
106 -1 38 -1 80 -1 558 -1 1021 -1 559 -1 1391 -1 7731 -1 370 -1 7732 -1 12 -1 24 -1 7733 -1 918 -1 5616 -1 494 -1 1374 -1 73 -1 7479 -1 63 -1 149 -1 441 -1 382 -1 252 -1 7 -1 6109 -1 7734 -1 610 -1 73 -1 25 -1 4612 -1 -2
1015 -1 1021 -1 2998 -1 287 -1 288 -1 1391 -1 7735 -1 962 -1 7736 -1 1021 -1 7737 -1 106 -1 1391 -1 1451 -1 1391 -1 7735 -1 962 -1 7736 -1 1021 -1 4207 -1 856 -1 7 -1 7012 -1 2074 -1 7 -1 1970 -1 -2
1790 -1 1276 -1 649 -1 66 -1 7 -1 7012 -1 38 -1 4142 -1 -2
382 -1 38 -1 25 -1 513 -1 2564 -1 -2
80 -1 38 -1 45 -1 320 -1 -2
3297 -1 5352 -1 229 -1 19 -1 2911 -1 1093 -1 607 -1 1110 -1 35 -1 7 -1 7012 -1 -2
18 -1 19 -1 25 -1 513 -1 386 -1 22 -1 1633 -1 213 -1 -2
643 -1 16 -1 182 -1 7738 -1 161 -1 3371 -1 73 -1 1277 -1 234 -1 7 -1 7012 -1 7067 -1 684 -1 18 -1 19 -1 22 -1 80 -1 -2
643 -1 16 -1 182 -1 5112 -1 7 -1 1812 -1 73 -1 161 -1 1278 -1 7739 -1 234 -1 7 -1 7012 -1 3420 -1 856 -1 10 -1 18 -1 1921 -1 136 -1 -2
7 -1 7012 -1 19 -1 1318 -1 441 -1 756 -1 25 -1 193 -1 87 -1 7740 -1 1753 -1 -2
16 -1 1766 -1 25 -1 3504 -1 73 -1 4239 -1 92 -1 7392 -1 16 -1 431 -1 87 -1 42 -1 1183 -1 102 -1 7 -1 4938 -1 3153 -1 461 -1 40 -1 7741 -1 -2
2 -1 613 -1 1894 -1 2784 -1 66 -1 5768 -1 7742 -1 4222 -1 7 -1 7743 -1 22 -1 7 -1 644 -1 73 -1 7 -1 4938 -1 -2
80 -1 19 -1 7744 -1 856 -1 18 -1 182 -1 4532 -1 756 -1 418 -1 181 -1 7742 -1 15 -1 7 -1 7012 -1 2 -1 1921 -1 136 -1 1165 -1 10 -1 -2
2 -1 805 -1 981 -1 25 -1 36 -1 87 -1 593 -1 121 -1 2014 -1 73 -1 7742 -1 -2
2 -1 1807 -1 412 -1 3218 -1 89 -1 7 -1 5768 -1 87 -1 412 -1 61 -1 40 -1 3947 -1 136 -1 332 -1 1766 -1 214 -1 3000 -1 -2
1982 -1 7 -1 36 -1 15 -1 229 -1 19 -1 1290 -1 1093 -1 607 -1 3112 -1 -2
18 -1 19 -1 52 -1 66 -1 45 -1 640 -1 305 -1 7742 -1 1771 -1 51 -1 5739 -1 40 -1 3947 -1 607 -1 376 -1 25 -1 7012 -1 -2
19 -1 2 -1 95 -1 7745 -1 1900 -1 5021 -1 -2
10 -1 235 -1 182 -1 2 -1 7746 -1 24 -1 136 -1 220 -1 66 -1 7747 -1 -2
607 -1 53 -1 171 -1 80 -1 19 -1 441 -1 5607 -1 -2
2 -1 746 -1 7742 -1 40 -1 51 -1 25 -1 1165 -1 1420 -1 178 -1 80 -1 188 -1 1894 -1 696 -1 25 -1 3829 -1 40 -1 561 -1 856 -1 18 -1 182 -1 613 -1 3668 -1 7 -1 1108 -1 79 -1 45 -1 316 -1 15 -1 7 -1 1600 -1 -2
418 -1 412 -1 640 -1 1159 -1 1290 -1 38 -1 904 -1 1288 -1 55 -1 7 -1 7012 -1 -2
16 -1 188 -1 291 -1 40 -1 298 -1 123 -1 3950 -1 1340 -1 40 -1 80 -1 87 -1 7748 -1 80 -1 -2
66 -1 38 -1 441 -1 -2
2 -1 119 -1 1093 -1 52 -1 66 -1 214 -1 2 -1 2285 -1 2 -1 182 -1 4532 -1 25 -1 2571 -1 73 -1 3327 -1 220 -1 412 -1 316 -1 441 -1 7 -1 2263 -1 15 -1 418 -1 412 -1 181 -1 2 -1 182 -1 793 -1 7 -1 7012 -1 7749 -1 -2
80 -1 38 -1 2487 -1 25 -1 4127 -1 73 -1 1405 -1 123 -1 3950 -1 1340 -1 -2
2 -1 790 -1 174 -1 2 -1 790 -1 3738 -1 2107 -1 15 -1 7 -1 1600 -1 -2
2 -1 790 -1 3738 -1 412 -1 1316 -1 66 -1 53 -1 1264 -1 4532 -1 25 -1 2571 -1 73 -1 3327 -1 220 -1 67 -1 316 -1 1321 -1 55 -1 7 -1 7012 -1 -2
7750 -1 7 -1 3504 -1 73 -1 4239 -1 41 -1 158 -1 89 -1 7 -1 3327 -1 -2
44 -1 2088 -1 7 -1 7012 -1 1053 -1 87 -1 15 -1 418 -1 63 -1 57 -1 172 -1 -2
37 -1 790 -1 1254 -1 382 -1 2571 -1 73 -1 3327 -1 220 -1 412 -1 316 -1 -2
4334 -1 2 -1 1150 -1 13 -1 51 -1 1609 -1 40 -1 60 -1 7 -1 4051 -1 2107 -1 172 -1 19 -1 25 -1 513 -1 4127 -1 -2
7 -1 3504 -1 7751 -1 -2
95 -1 490 -1 7 -1 7743 -1 15 -1 593 -1 790 -1 613 -1 40 -1 4491 -1 332 -1 4 -1 40 -1 2478 -1 7 -1 1741 -1 220 -1 7 -1 7752 -1 316 -1 1631 -1 73 -1 7 -1 2263 -1 7753 -1 98 -1 4238 -1 211 -1 98 -1 7754 -1 87 -1 55 -1 1015 -1 66 -1 38 -1 7 -1 431 -1 7 -1 1600 -1 2088 -1 500 -1 45 -1 82 -1 7755 -1 -2
2 -1 622 -1 11 -1 226 -1 933 -1 4 -1 -2
91 -1 54 -1 1165 -1 5425 -1 -2
91 -1 790 -1 7756 -1 332 -1 7757 -1 48 -1 7 -1 1361 -1 109 -1 856 -1 7758 -1 15 -1 7 -1 7012 -1 -2
1991 -1 53 -1 60 -1 13 -1 2025 -1 4 -1 -2
91 -1 54 -1 7 -1 1631 -1 516 -1 7759 -1 3814 -1 10 -1 4405 -1 7 -1 1600 -1 2 -1 790 -1 5851 -1 51 -1 2102 -1 40 -1 438 -1 3830 -1 2 -1 119 -1 13 -1 40 -1 51 -1 7760 -1 24 -1 983 -1 3327 -1 -2
7761 -1 7 -1 7012 -1 2697 -1 22 -1 992 -1 95 -1 933 -1 7762 -1 6 -1 7 -1 1600 -1 -2
786 -1 91 -1 252 -1 220 -1 332 -1 4 -1 37 -1 92 -1 2530 -1 126 -1 58 -1 1049 -1 2652 -1 1950 -1 7763 -1 822 -1 7764 -1 7765 -1 6400 -1 467 -1 4861 -1 7766 -1 -2
57 -1 95 -1 933 -1 4 -1 1771 -1 53 -1 15 -1 7 -1 1600 -1 -2
1150 -1 53 -1 1615 -1 519 -1 391 -1 382 -1 5815 -1 73 -1 98 -1 7767 -1 -2
171 -1 856 -1 919 -1 16 -1 7768 -1 7 -1 7012 -1 183 -1 24 -1 25 -1 2090 -1 1044 -1 -2
106 -1 1266 -1 87 -1 235 -1 18 -1 55 -1 158 -1 40 -1 7 -1 4 -1 7123 -1 412 -1 281 -1 790 -1 53 -1 4616 -1 285 -1 87 -1 2478 -1 25 -1 2571 -1 73 -1 3327 -1 220 -1 412 -1 316 -1 106 -1 790 -1 53 -1 4616 -1 285 -1 87 -1 2478 -1 25 -1 2571 -1 73 -1 3327 -1 220 -1 412 -1 316 -1 7 -1 4 -1 92 -1 93 -1 89 -1 25 -1 90 -1 -2
235 -1 91 -1 198 -1 5368 -1 87 -1 7234 -1 -2
91 -1 7769 -1 25 -1 513 -1 2152 -1 -2
332 -1 1991 -1 15 -1 16 -1 431 -1 87 -1 332 -1 42 -1 -2
95 -1 401 -1 91 -1 1053 -1 87 -1 16 -1 73 -1 98 -1 939 -1 252 -1 1126 -1 -2
109 -1 60 -1 53 -1 758 -1 25 -1 2571 -1 73 -1 3327 -1 7770 -1 220 -1 67 -1 316 -1 80 -1 38 -1 25 -1 3738 -1 55 -1 7 -1 7012 -1 -2
7 -1 4 -1 7751 -1 114 -1 -2
87 -1 35 -1 7 -1 3436 -1 430 -1 2700 -1 98 -1 1491 -1 198 -1 2002 -1 87 -1 2002 -1 715 -1 1183 -1 91 -1 2487 -1 782 -1 87 -1 589 -1 13 -1 1498 -1 95 -1 441 -1 -2
2670 -1 91 -1 55 -1 181 -1 1269 -1 593 -1 790 -1 2478 -1 25 -1 2571 -1 73 -1 3327 -1 220 -1 67 -1 316 -1 89 -1 53 -1 1015 -1 7771 -1 15 -1 7 -1 7012 -1 -2
172 -1 38 -1 4334 -1 332 -1 7757 -1 15 -1 7 -1 1600 -1 1847 -1 45 -1 7772 -1 40 -1 7 -1 7743 -1 -2
7 -1 258 -1 3504 -1 3441 -1 235 -1 40 -1 7 -1 3327 -1 -2
7 -1 7012 -1 952 -1 25 -1 576 -1 1544 -1 87 -1 964 -1 45 -1 307 -1 -2
54 -1 53 -1 3139 -1 963 -1 7 -1 4 -1 -2
441 -1 3139 -1 55 -1 7 -1 7012 -1 -2
7 -1 4 -1 241 -1 40 -1 2478 -1 -2
7 -1 2604 -1 87 -1 2345 -1 730 -1 149 -1 7 -1 7752 -1 316 -1 22 -1 7773 -1 -2
80 -1 19 -1 13 -1 576 -1 135 -1 45 -1 307 -1 92 -1 263 -1 -2
786 -1 291 -1 45 -1 2947 -1 87 -1 82 -1 2823 -1 22 -1 834 -1 -2
235 -1 95 -1 401 -1 382 -1 2788 -1 7012 -1 737 -1 -2
229 -1 327 -1 696 -1 145 -1 643 -1 513 -1 2367 -1 220 -1 7 -1 2571 -1 73 -1 3327 -1 -2
91 -1 423 -1 7774 -1 468 -1 7 -1 352 -1 -2
7 -1 29 -1 1523 -1 184 -1 25 -1 3212 -1 73 -1 2604 -1 87 -1 2345 -1 298 -1 25 -1 84 -1 748 -1 87 -1 235 -1 19 -1 236 -1 25 -1 250 -1 1175 -1 -2
2249 -1 -2
2249 -1 -2
80 -1 19 -1 13 -1 3 -1 7775 -1 73 -1 3327 -1 -2
80 -1 38 -1 13 -1 1959 -1 -2
80 -1 38 -1 13 -1 1959 -1 63 -1 7 -1 4 -1 291 -1 369 -1 35 -1 91 -1 7770 -1 79 -1 -2
2249 -1 -2
2249 -1 -2
418 -1 3904 -1 38 -1 7776 -1 7777 -1 7778 -1 220 -1 412 -1 84 -1 316 -1 -2
1015 -1 933 -1 6362 -1 6362 -1 4 -1 -2
418 -1 4835 -1 2788 -1 87 -1 4154 -1 4 -1 7779 -1 7 -1 4 -1 114 -1 369 -1 -2
91 -1 92 -1 35 -1 4905 -1 35 -1 7780 -1 24 -1 98 -1 7781 -1 -2
1015 -1 3792 -1 4492 -1 292 -1 4 -1 1015 -1 419 -1 516 -1 87 -1 4154 -1 4 -1 4616 -1 3544 -1 332 -1 73 -1 1633 -1 7782 -1 7778 -1 -2
2 -1 790 -1 7783 -1 67 -1 5071 -1 7781 -1 6243 -1 -2
2 -1 790 -1 51 -1 7784 -1 40 -1 7 -1 7785 -1 73 -1 67 -1 84 -1 969 -1 -2
2 -1 790 -1 643 -1 1918 -1 51 -1 412 -1 1757 -1 7786 -1 790 -1 51 -1 67 -1 7012 -1 7 -1 4 -1 2104 -1 48 -1 25 -1 1145 -1 916 -1 87 -1 826 -1 4875 -1 -2
1291 -1 80 -1 7787 -1 2 -1 1291 -1 -2
2 -1 1291 -1 -2
2 -1 1291 -1 7 -1 108 -1 4239 -1 7788 -1 126 -1 235 -1 89 -1 933 -1 4 -1 22 -1 98 -1 7789 -1 87 -1 7790 -1 92 -1 1165 -1 2368 -1 -2
2535 -1 340 -1 2684 -1 178 -1 55 -1 7 -1 1600 -1 18 -1 3267 -1 3093 -1 45 -1 1316 -1 -2
18 -1 790 -1 7693 -1 519 -1 40 -1 739 -1 87 -1 7791 -1 7 -1 2355 -1 66 -1 54 -1 936 -1 40 -1 2472 -1 220 -1 136 -1 7 -1 4 -1 7792 -1 7 -1 7012 -1 -2
91 -1 1528 -1 136 -1 24 -1 98 -1 7781 -1 -2
7123 -1 285 -1 79 -1 7784 -1 7793 -1 24 -1 1108 -1 7794 -1 124 -1 2914 -1 7 -1 7012 -1 7795 -1 468 -1 45 -1 5438 -1 -2
45 -1 1316 -1 3223 -1 131 -1 58 -1 4567 -1 73 -1 7 -1 7796 -1 1447 -1 7 -1 513 -1 3628 -1 -2
607 -1 936 -1 562 -1 53 -1 171 -1 25 -1 7012 -1 24 -1 25 -1 6061 -1 25 -1 4522 -1 87 -1 212 -1 6890 -1 220 -1 45 -1 316 -1 87 -1 18 -1 3330 -1 24 -1 636 -1 7797 -1 2756 -1 63 -1 16 -1 565 -1 95 -1 25 -1 90 -1 60 -1 13 -1 662 -1 136 -1 4142 -1 -2
80 -1 38 -1 45 -1 320 -1 -2
25 -1 36 -1 6 -1 7 -1 1812 -1 73 -1 6025 -1 -2
1218 -1 22 -1 25 -1 7798 -1 3282 -1 7 -1 7799 -1 5 -1 138 -1 158 -1 95 -1 684 -1 7 -1 3628 -1 7800 -1 135 -1 7 -1 2490 -1 482 -1 4198 -1 87 -1 2438 -1 2614 -1 220 -1 161 -1 1647 -1 3812 -1 1246 -1 -2
7 -1 5739 -1 7801 -1 124 -1 7 -1 513 -1 87 -1 7802 -1 7529 -1 1847 -1 136 -1 327 -1 2899 -1 643 -1 4508 -1 73 -1 7803 -1 89 -1 136 -1 -2
18 -1 486 -1 7804 -1 87 -1 7805 -1 87 -1 562 -1 25 -1 36 -1 5516 -1 7804 -1 87 -1 7805 -1 80 -1 38 -1 25 -1 1110 -1 2239 -1 89 -1 45 -1 2624 -1 281 -1 -2
212 -1 211 -1 1735 -1 73 -1 519 -1 3011 -1 45 -1 1899 -1 87 -1 607 -1 7533 -1 40 -1 51 -1 7806 -1 -2
558 -1 1001 -1 7799 -1 -2
432 -1 67 -1 7807 -1 18 -1 1150 -1 299 -1 51 -1 5739 -1 114 -1 -2
18 -1 188 -1 432 -1 45 -1 7807 -1 658 -1 43 -1 7799 -1 -2
562 -1 53 -1 1384 -1 24 -1 25 -1 36 -1 37 -1 1150 -1 7808 -1 53 -1 5095 -1 40 -1 5279 -1 4079 -1 87 -1 637 -1 91 -1 7809 -1 126 -1 7810 -1 63 -1 7 -1 7799 -1 19 -1 7811 -1 87 -1 1336 -1 40 -1 5309 -1 17 -1 95 -1 7 -1 4207 -1 -2
805 -1 25 -1 36 -1 37 -1 327 -1 696 -1 1813 -1 7812 -1 273 -1 123 -1 87 -1 15 -1 2 -1 184 -1 67 -1 305 -1 95 -1 7 -1 7813 -1 7 -1 108 -1 708 -1 18 -1 1931 -1 25 -1 379 -1 87 -1 235 -1 1329 -1 22 -1 316 -1 7 -1 7799 -1 603 -1 226 -1 22 -1 45 -1 3282 -1 95 -1 382 -1 927 -1 87 -1 441 -1 7 -1 2263 -1 184 -1 235 -1 66 -1 80 -1 19 -1 1278 -1 -2
16 -1 36 -1 15 -1 24 -1 1218 -1 2149 -1 7123 -1 7123 -1 25 -1 4612 -1 656 -1 -2
25 -1 5509 -1 285 -1 277 -1 7 -1 3 -1 7814 -1 -2
25 -1 4612 -1 -2
513 -1 825 -1 7 -1 7799 -1 7815 -1 25 -1 3811 -1 73 -1 318 -1 335 -1 7 -1 3175 -1 87 -1 235 -1 47 -1 114 -1 40 -1 25 -1 7492 -1 73 -1 7 -1 3628 -1 -2
45 -1 281 -1 1336 -1 40 -1 60 -1 441 -1 22 -1 98 -1 1722 -1 40 -1 1966 -1 136 -1 63 -1 91 -1 224 -1 2670 -1 135 -1 45 -1 7816 -1 230 -1 -2
35 -1 80 -1 1745 -1 18 -1 327 -1 13 -1 696 -1 7817 -1 220 -1 45 -1 281 -1 755 -1 3012 -1 95 -1 441 -1 -2
18 -1 327 -1 696 -1 4271 -1 24 -1 202 -1 -2
805 -1 22 -1 25 -1 879 -1 18 -1 31 -1 40 -1 2586 -1 2399 -1 7818 -1 87 -1 6636 -1 519 -1 217 -1 48 -1 25 -1 1104 -1 73 -1 7819 -1 4223 -1 -2
933 -1 7490 -1 92 -1 13 -1 7820 -1 -2
161 -1 7821 -1 431 -1 22 -1 45 -1 1340 -1 2088 -1 19 -1 2783 -1 3567 -1 6 -1 7 -1 647 -1 73 -1 7 -1 6529 -1 -2
18 -1 47 -1 235 -1 124 -1 45 -1 7822 -1 7823 -1 73 -1 7 -1 660 -1 73 -1 4119 -1 18 -1 6550 -1 124 -1 4101 -1 87 -1 751 -1 48 -1 25 -1 1166 -1 4079 -1 220 -1 7 -1 1104 -1 73 -1 45 -1 2018 -1 7 -1 108 -1 7799 -1 -2
2413 -1 80 -1 182 -1 51 -1 2299 -1 22 -1 382 -1 5736 -1 198 -1 40 -1 7813 -1 2 -1 649 -1 -2
184 -1 355 -1 -2
7824 -1 1732 -1 1664 -1 -2
154 -1 370 -1 2364 -1 665 -1 -2
198 -1 40 -1 7813 -1 114 -1 -2
198 -1 114 -1 -2
16 -1 90 -1 1745 -1 40 -1 3947 -1 7825 -1 87 -1 1897 -1 305 -1 -2
7826 -1 7827 -1 40 -1 136 -1 24 -1 513 -1 4257 -1 -2
305 -1 7828 -1 1269 -1 412 -1 641 -1 285 -1 132 -1 5884 -1 87 -1 1119 -1 857 -1 53 -1 22 -1 316 -1 -2
2567 -1 269 -1 310 -1 441 -1 3992 -1 63 -1 2 -1 662 -1 66 -1 22 -1 67 -1 807 -1 7829 -1 7799 -1 198 -1 -2
7830 -1 3288 -1 7831 -1 2726 -1 340 -1 3725 -1 -2
5107 -1 42 -1 6105 -1 79 -1 7 -1 5963 -1 7799 -1 7832 -1 73 -1 382 -1 2884 -1 411 -1 45 -1 1544 -1 87 -1 138 -1 1165 -1 3142 -1 -2
6271 -1 355 -1 -2
1921 -1 4683 -1 66 -1 7 -1 7833 -1 1865 -1 613 -1 7244 -1 136 -1 63 -1 2675 -1 370 -1 1165 -1 376 -1 -2
297 -1 13 -1 1234 -1 2016 -1 431 -1 40 -1 370 -1 580 -1 371 -1 6121 -1 1609 -1 40 -1 739 -1 -2
1339 -1 643 -1 2969 -1 40 -1 370 -1 7622 -1 3375 -1 370 -1 7834 -1 371 -1 188 -1 983 -1 -2
2413 -1 6066 -1 80 -1 89 -1 7835 -1 66 -1 371 -1 3077 -1 -2
355 -1 622 -1 2276 -1 4289 -1 382 -1 7725 -1 63 -1 235 -1 5263 -1 3218 -1 2488 -1 391 -1 441 -1 371 -1 1264 -1 180 -1 4188 -1 18 -1 3069 -1 370 -1 744 -1 211 -1 4188 -1 18 -1 622 -1 -2
760 -1 7836 -1 382 -1 -2
2137 -1 6 -1 1647 -1 7837 -1 22 -1 7838 -1 87 -1 7839 -1 63 -1 423 -1 760 -1 7836 -1 -2
7799 -1 3330 -1 126 -1 -2
355 -1 3069 -1 -2
978 -1 7840 -1 7825 -1 87 -1 1897 -1 305 -1 -2
37 -1 19 -1 66 -1 53 -1 1122 -1 316 -1 418 -1 136 -1 -2
109 -1 18 -1 6198 -1 7 -1 7814 -1 6990 -1 1366 -1 87 -1 7841 -1 73 -1 2113 -1 -2
355 -1 7842 -1 4664 -1 7843 -1 589 -1 18 -1 758 -1 40 -1 3947 -1 561 -1 7825 -1 150 -1 3210 -1 2998 -1 214 -1 2 -1 11 -1 978 -1 7799 -1 7844 -1 355 -1 40 -1 7644 -1 -2
13 -1 1909 -1 1850 -1 63 -1 1165 -1 4232 -1 66 -1 18 -1 7844 -1 370 -1 2488 -1 18 -1 7845 -1 370 -1 -2
355 -1 7846 -1 3330 -1 40 -1 7644 -1 -2
7799 -1 1165 -1 419 -1 2018 -1 87 -1 866 -1 -2
355 -1 5982 -1 40 -1 662 -1 66 -1 172 -1 95 -1 401 -1 38 -1 25 -1 36 -1 37 -1 7847 -1 370 -1 -2
7848 -1 7849 -1 3627 -1 7850 -1 -2
7851 -1 370 -1 2323 -1 73 -1 4150 -1 149 -1 7 -1 108 -1 3288 -1 73 -1 5795 -1 -2
3210 -1 98 -1 2531 -1 7852 -1 370 -1 -2
371 -1 3042 -1 40 -1 2319 -1 87 -1 3561 -1 87 -1 298 -1 272 -1 73 -1 3125 -1 -2
7799 -1 7853 -1 511 -1 939 -1 73 -1 7854 -1 -2
7855 -1 87 -1 5263 -1 1218 -1 3129 -1 -2
7856 -1 63 -1 1037 -1 66 -1 18 -1 188 -1 236 -1 80 -1 79 -1 3748 -1 7857 -1 -2
91 -1 613 -1 161 -1 743 -1 419 -1 90 -1 -2
1732 -1 95 -1 401 -1 22 -1 280 -1 73 -1 7858 -1 2987 -1 -2
7859 -1 340 -1 6877 -1 7859 -1 7860 -1 148 -1 1428 -1 -2
7799 -1 188 -1 643 -1 927 -1 95 -1 441 -1 226 -1 7861 -1 370 -1 7859 -1 63 -1 622 -1 1901 -1 771 -1 -2
4009 -1 4578 -1 -2
2788 -1 4578 -1 -2
7799 -1 3330 -1 2408 -1 87 -1 7853 -1 -2
5263 -1 1309 -1 61 -1 40 -1 1333 -1 1276 -1 37 -1 1234 -1 7862 -1 756 -1 73 -1 7 -1 355 -1 22 -1 278 -1 -2
6466 -1 2927 -1 2528 -1 3486 -1 7782 -1 1276 -1 7863 -1 7 -1 623 -1 1110 -1 7864 -1 73 -1 45 -1 4159 -1 1340 -1 -2
7799 -1 87 -1 355 -1 1635 -1 1165 -1 7865 -1 -2
7799 -1 58 -1 25 -1 3295 -1 -2
7866 -1 40 -1 370 -1 7867 -1 -2
6066 -1 370 -1 158 -1 40 -1 7644 -1 7868 -1 87 -1 7868 -1 -2
7830 -1 3288 -1 936 -1 4589 -1 6107 -1 136 -1 35 -1 7 -1 1733 -1 7869 -1 -2
1610 -1 3267 -1 51 -1 3288 -1 3262 -1 3001 -1 -2
1264 -1 195 -1 40 -1 7644 -1 -2
7799 -1 1894 -1 1165 -1 4009 -1 -2
7847 -1 2214 -1 7 -1 7870 -1 73 -1 229 -1 356 -1 2263 -1 -2
7871 -1 89 -1 5642 -1 63 -1 1339 -1 643 -1 7872 -1 -2
5982 -1 40 -1 3829 -1 4188 -1 18 -1 38 -1 25 -1 7873 -1 211 -1 4188 -1 371 -1 38 -1 25 -1 355 -1 73 -1 5303 -1 5431 -1 -2
1264 -1 180 -1 -2
7874 -1 202 -1 24 -1 4634 -1 2088 -1 -2
291 -1 4856 -1 7875 -1 310 -1 7 -1 4 -1 37 -1 7876 -1 220 -1 7 -1 3288 -1 73 -1 7 -1 5795 -1 -2
423 -1 4009 -1 -2
90 -1 3330 -1 79 -1 -2
7799 -1 5551 -1 3080 -1 4009 -1 -2
2413 -1 7877 -1 13 -1 40 -1 51 -1 4009 -1 95 -1 441 -1 211 -1 35 -1 84 -1 35 -1 18 -1 1150 -1 -2
423 -1 7875 -1 310 -1 7 -1 4 -1 37 -1 7876 -1 220 -1 7 -1 3288 -1 73 -1 7 -1 5795 -1 -2
3069 -1 7 -1 355 -1 7878 -1 -2
3042 -1 40 -1 51 -1 497 -1 52 -1 229 -1 54 -1 643 -1 2263 -1 -2
805 -1 7879 -1 80 -1 87 -1 217 -1 1339 -1 7 -1 5828 -1 2564 -1 73 -1 45 -1 1558 -1 -2
6066 -1 7 -1 355 -1 40 -1 2342 -1 -2
355 -1 1106 -1 1107 -1 80 -1 89 -1 25 -1 1060 -1 -2
7880 -1 136 -1 -2
7799 -1 7881 -1 87 -1 7882 -1 24 -1 7883 -1 24 -1 370 -1 -2
7814 -1 1812 -1 38 -1 6025 -1 -2
25 -1 7215 -1 2875 -1 -2
3873 -1 25 -1 7215 -1 2875 -1 38 -1 25 -1 5149 -1 73 -1 520 -1 -2
229 -1 38 -1 643 -1 4176 -1 607 -1 7884 -1 87 -1 4936 -1 87 -1 7885 -1 -2
214 -1 161 -1 7886 -1 7887 -1 297 -1 13 -1 452 -1 2761 -1 229 -1 38 -1 643 -1 7888 -1 5175 -1 -2
172 -1 38 -1 16 -1 73 -1 7 -1 1631 -1 2166 -1 87 -1 1547 -1 7889 -1 1052 -1 40 -1 7499 -1 3346 -1 3318 -1 172 -1 25 -1 3297 -1 4079 -1 38 -1 5075 -1 48 -1 25 -1 379 -1 73 -1 154 -1 172 -1 7 -1 2542 -1 3267 -1 1107 -1 79 -1 669 -1 87 -1 556 -1 40 -1 1709 -1 63 -1 25 -1 7890 -1 35 -1 124 -1 639 -1 38 -1 291 -1 183 -1 6 -1 7 -1 2573 -1 73 -1 7891 -1 -2
7 -1 5855 -1 7 -1 4317 -1 7 -1 904 -1 1192 -1 7 -1 1485 -1 382 -1 38 -1 25 -1 666 -1 66 -1 5568 -1 3882 -1 231 -1 79 -1 7 -1 5795 -1 -2
87 -1 2201 -1 1610 -1 22 -1 25 -1 7215 -1 2875 -1 756 -1 2022 -1 -2
1920 -1 6268 -1 7 -1 5323 -1 1802 -1 79 -1 1407 -1 3489 -1 66 -1 19 -1 7892 -1 7893 -1 6 -1 7894 -1 7895 -1 -2
7896 -1 73 -1 4436 -1 7897 -1 6 -1 7 -1 4165 -1 4166 -1 7898 -1 87 -1 3500 -1 108 -1 7899 -1 1722 -1 18 -1 4397 -1 -2
7894 -1 7895 -1 -2
7896 -1 7900 -1 45 -1 1645 -1 1735 -1 4849 -1 -2
235 -1 18 -1 2762 -1 87 -1 1828 -1 7901 -1 7896 -1 252 -1 40 -1 760 -1 1220 -1 22 -1 2026 -1 40 -1 904 -1 4887 -1 7902 -1 66 -1 229 -1 19 -1 25 -1 419 -1 2152 -1 73 -1 4170 -1 22 -1 5875 -1 4267 -1 724 -1 -2
340 -1 7903 -1 7904 -1 5995 -1 441 -1 7 -1 3699 -1 7905 -1 22 -1 760 -1 1220 -1 231 -1 66 -1 4040 -1 7906 -1 6 -1 7 -1 7907 -1 87 -1 5778 -1 1253 -1 -2
18 -1 327 -1 696 -1 25 -1 305 -1 73 -1 7908 -1 1855 -1 -2
562 -1 7909 -1 486 -1 22 -1 760 -1 1220 -1 7904 -1 7910 -1 136 -1 7911 -1 -2
80 -1 252 -1 40 -1 1944 -1 66 -1 91 -1 1162 -1 6121 -1 4950 -1 7215 -1 -2
16 -1 708 -1 91 -1 92 -1 163 -1 25 -1 836 -1 2875 -1 22 -1 161 -1 5669 -1 4523 -1 -2
229 -1 92 -1 1980 -1 73 -1 519 -1 7912 -1 3 -1 7913 -1 87 -1 25 -1 7914 -1 -2
7 -1 4317 -1 7915 -1 79 -1 7 -1 2706 -1 73 -1 7 -1 1532 -1 7916 -1 -2
7901 -1 7896 -1 327 -1 2221 -1 2364 -1 536 -1 -2
18 -1 19 -1 35 -1 3843 -1 35 -1 3119 -1 87 -1 562 -1 6114 -1 7917 -1 25 -1 3843 -1 36 -1 80 -1 7917 -1 136 -1 1428 -1 1901 -1 1552 -1 18 -1 3523 -1 174 -1 24 -1 441 -1 7 -1 4368 -1 73 -1 45 -1 7918 -1 -2
340 -1 7904 -1 327 -1 432 -1 25 -1 3940 -1 660 -1 -2
16 -1 73 -1 7 -1 7913 -1 124 -1 90 -1 40 -1 90 -1 2697 -1 5329 -1 2488 -1 18 -1 1921 -1 7904 -1 10 -1 87 -1 18 -1 1921 -1 66 -1 1277 -1 24 -1 7 -1 1812 -1 73 -1 2279 -1 5971 -1 40 -1 80 -1 7919 -1 7 -1 340 -1 166 -1 2205 -1 48 -1 7920 -1 -2
95 -1 7921 -1 7922 -1 7923 -1 7 -1 7924 -1 252 -1 48 -1 7 -1 3175 -1 -2
856 -1 53 -1 1543 -1 5642 -1 7909 -1 15 -1 18 -1 -2
7692 -1 10 -1 15 -1 7909 -1 -2
163 -1 983 -1 6114 -1 3464 -1 -2
7904 -1 7925 -1 4189 -1 514 -1 7 -1 340 -1 36 -1 -2
7923 -1 369 -1 87 -1 563 -1 45 -1 929 -1 79 -1 7 -1 132 -1 73 -1 7926 -1 3282 -1 -2
229 -1 15 -1 18 -1 1119 -1 7927 -1 67 -1 6114 -1 89 -1 53 -1 7904 -1 5 -1 95 -1 7 -1 669 -1 73 -1 7 -1 1075 -1 -2
7901 -1 15 -1 7 -1 7924 -1 786 -1 35 -1 1828 -1 7896 -1 2221 -1 42 -1 1124 -1 2 -1 1399 -1 2 -1 1562 -1 2957 -1 67 -1 6114 -1 607 -1 18 -1 428 -1 45 -1 929 -1 124 -1 7 -1 340 -1 166 -1 3282 -1 87 -1 3728 -1 80 -1 79 -1 7908 -1 3282 -1 -2
7 -1 2393 -1 2425 -1 7928 -1 87 -1 15 -1 18 -1 266 -1 1402 -1 -2
7923 -1 19 -1 22 -1 25 -1 1960 -1 40 -1 7929 -1 2550 -1 73 -1 7 -1 148 -1 -2
80 -1 19 -1 7908 -1 7182 -1 87 -1 340 -1 7904 -1 903 -1 22 -1 25 -1 752 -1 5015 -1 -2
1920 -1 1026 -1 158 -1 123 -1 40 -1 7901 -1 -2
18 -1 937 -1 22 -1 7 -1 1124 -1 87 -1 952 -1 25 -1 7930 -1 -2
7904 -1 952 -1 25 -1 7930 -1 -2
7923 -1 138 -1 149 -1 45 -1 648 -1 184 -1 136 -1 1543 -1 7 -1 4242 -1 6383 -1 3198 -1 87 -1 3721 -1 73 -1 7931 -1 -2
7932 -1 6736 -1 49 -1 7933 -1 54 -1 35 -1 7820 -1 35 -1 7934 -1 79 -1 25 -1 7935 -1 4036 -1 63 -1 35 -1 25 -1 559 -1 73 -1 2672 -1 7 -1 1289 -1 66 -1 49 -1 7933 -1 54 -1 607 -1 2784 -1 38 -1 2488 -1 91 -1 54 -1 13 -1 35 -1 4653 -1 35 -1 7934 -1 79 -1 25 -1 7935 -1 4036 -1 -2
7923 -1 94 -1 952 -1 25 -1 725 -1 460 -1 124 -1 45 -1 7206 -1 87 -1 6561 -1 80 -1 277 -1 45 -1 406 -1 435 -1 269 -1 4117 -1 -2
7901 -1 19 -1 7 -1 291 -1 108 -1 7936 -1 -2
7923 -1 957 -1 161 -1 483 -1 89 -1 7 -1 7937 -1 860 -1 87 -1 184 -1 7 -1 6383 -1 3198 -1 1566 -1 87 -1 1980 -1 73 -1 975 -1 -2
936 -1 229 -1 54 -1 63 -1 1566 -1 1198 -1 87 -1 7938 -1 4035 -1 3000 -1 40 -1 7 -1 4253 -1 1340 -1 87 -1 7923 -1 217 -1 327 -1 519 -1 441 -1 -2
411 -1 7 -1 7939 -1 66 -1 18 -1 327 -1 2533 -1 45 -1 725 -1 18 -1 428 -1 80 -1 124 -1 45 -1 46 -1 87 -1 1531 -1 80 -1 468 -1 7 -1 7940 -1 234 -1 3232 -1 45 -1 141 -1 40 -1 692 -1 269 -1 2295 -1 -2
229 -1 1745 -1 40 -1 51 -1 25 -1 2695 -1 230 -1 461 -1 7 -1 7941 -1 1075 -1 -2
7904 -1 19 -1 6666 -1 45 -1 860 -1 24 -1 25 -1 866 -1 73 -1 625 -1 381 -1 63 -1 22 -1 45 -1 141 -1 229 -1 2413 -1 19 -1 40 -1 51 -1 1573 -1 25 -1 546 -1 951 -1 1071 -1 7942 -1 272 -1 1406 -1 87 -1 2238 -1 -2
1828 -1 7909 -1 5 -1 35 -1 18 -1 327 -1 5 -1 -2
35 -1 7 -1 1042 -1 830 -1 1918 -1 18 -1 273 -1 123 -1 805 -1 7943 -1 95 -1 7904 -1 -2
7 -1 340 -1 36 -1 491 -1 89 -1 25 -1 74 -1 5015 -1 -2
10 -1 7944 -1 54 -1 4974 -1 226 -1 66 -1 1409 -1 15 -1 18 -1 1580 -1 80 -1 48 -1 7 -1 1124 -1 -2
7945 -1 18 -1 1417 -1 316 -1 1115 -1 22 -1 45 -1 3282 -1 87 -1 1137 -1 45 -1 5309 -1 95 -1 7 -1 1980 -1 49 -1 7946 -1 -2
1828 -1 7909 -1 7713 -1 45 -1 860 -1 6023 -1 468 -1 45 -1 7947 -1 -2
80 -1 7948 -1 40 -1 7923 -1 66 -1 18 -1 19 -1 4568 -1 63 -1 18 -1 746 -1 643 -1 725 -1 22 -1 45 -1 46 -1 -2
7 -1 2393 -1 7949 -1 45 -1 7891 -1 87 -1 273 -1 7950 -1 95 -1 45 -1 860 -1 -2
7 -1 230 -1 73 -1 1633 -1 1018 -1 5493 -1 7923 -1 58 -1 7 -1 1754 -1 124 -1 25 -1 5900 -1 -2
7901 -1 7896 -1 1336 -1 89 -1 332 -1 1018 -1 40 -1 2177 -1 2409 -1 45 -1 2520 -1 -2
95 -1 401 -1 18 -1 1585 -1 25 -1 84 -1 7951 -1 87 -1 15 -1 10 -1 3464 -1 -2
7904 -1 2 -1 1264 -1 30 -1 25 -1 52 -1 431 -1 310 -1 53 -1 18 -1 903 -1 22 -1 25 -1 74 -1 5015 -1 -2
1119 -1 1162 -1 2434 -1 53 -1 -2
1292 -1 121 -1 25 -1 49 -1 7952 -1 18 -1 403 -1 131 -1 45 -1 2520 -1 -2
340 -1 7926 -1 712 -1 602 -1 87 -1 2110 -1 182 -1 291 -1 51 -1 7953 -1 22 -1 2837 -1 40 -1 25 -1 836 -1 5610 -1 73 -1 7954 -1 -2
18 -1 3174 -1 45 -1 2520 -1 220 -1 7 -1 1075 -1 -2
229 -1 18 -1 268 -1 130 -1 7955 -1 95 -1 7901 -1 -2
1292 -1 121 -1 25 -1 49 -1 7952 -1 551 -1 -2
87 -1 7944 -1 38 -1 7479 -1 347 -1 7901 -1 19 -1 95 -1 103 -1 7956 -1 24 -1 364 -1 63 -1 22 -1 25 -1 379 -1 18 -1 1062 -1 87 -1 1991 -1 4107 -1 272 -1 2433 -1 22 -1 7 -1 2271 -1 18 -1 2425 -1 -2
7922 -1 7923 -1 163 -1 2104 -1 45 -1 7957 -1 73 -1 230 -1 899 -1 89 -1 2283 -1 87 -1 1607 -1 -2
18 -1 3120 -1 7901 -1 79 -1 7 -1 648 -1 -2
7909 -1 412 -1 641 -1 18 -1 55 -1 7958 -1 314 -1 643 -1 7959 -1 63 -1 314 -1 25 -1 1568 -1 419 -1 178 -1 87 -1 214 -1 53 -1 695 -1 696 -1 53 -1 1771 -1 51 -1 7960 -1 25 -1 419 -1 1790 -1 724 -1 382 -1 1060 -1 340 -1 7904 -1 117 -1 95 -1 7923 -1 -2
260 -1 1405 -1 300 -1 161 -1 1358 -1 1315 -1 790 -1 53 -1 7922 -1 18 -1 15 -1 1871 -1 -2
45 -1 1332 -1 31 -1 937 -1 24 -1 7961 -1 5751 -1 -2
1944 -1 7 -1 7962 -1 7 -1 7963 -1 -2
684 -1 7 -1 2286 -1 7305 -1 335 -1 7 -1 2632 -1 7 -1 7308 -1 73 -1 7964 -1 87 -1 7965 -1 7966 -1 2055 -1 95 -1 80 -1 22 -1 3 -1 7967 -1 9 -1 1183 -1 80 -1 19 -1 25 -1 1844 -1 2118 -1 50 -1 7968 -1 142 -1 25 -1 4372 -1 -2
229 -1 19 -1 643 -1 7351 -1 6 -1 2763 -1 87 -1 35 -1 7 -1 7969 -1 73 -1 7 -1 1862 -1 224 -1 2900 -1 220 -1 7 -1 2632 -1 91 -1 247 -1 48 -1 248 -1 2729 -1 398 -1 580 -1 7970 -1 7 -1 6512 -1 73 -1 7 -1 512 -1 1766 -1 22 -1 4024 -1 7971 -1 7972 -1 7830 -1 -2
25 -1 36 -1 87 -1 25 -1 339 -1 252 -1 124 -1 7 -1 7272 -1 3609 -1 73 -1 7 -1 1748 -1 684 -1 7 -1 74 -1 5393 -1 925 -1 24 -1 7 -1 2877 -1 -2
91 -1 127 -1 7 -1 1218 -1 50 -1 73 -1 7 -1 2286 -1 335 -1 7 -1 2632 -1 -2
7 -1 7973 -1 444 -1 7974 -1 87 -1 74 -1 7975 -1 4316 -1 7976 -1 95 -1 45 -1 7977 -1 3933 -1 -2
44 -1 124 -1 332 -1 464 -1 87 -1 2201 -1 97 -1 1254 -1 22 -1 2253 -1 229 -1 252 -1 25 -1 7165 -1 6109 -1 6499 -1 7185 -1 66 -1 3120 -1 1987 -1 2787 -1 124 -1 7 -1 508 -1 73 -1 7 -1 36 -1 87 -1 7 -1 339 -1 -2
58 -1 7 -1 969 -1 73 -1 25 -1 2126 -1 2580 -1 382 -1 774 -1 31 -1 40 -1 2510 -1 7 -1 36 -1 95 -1 7 -1 3796 -1 73 -1 7 -1 2947 -1 95 -1 7 -1 81 -1 73 -1 7 -1 7978 -1 87 -1 3916 -1 136 -1 35 -1 2210 -1 35 -1 154 -1 40 -1 25 -1 1592 -1 73 -1 6132 -1 602 -1 2227 -1 2110 -1 -2
7 -1 339 -1 7979 -1 2726 -1 7980 -1 860 -1 19 -1 466 -1 220 -1 136 -1 87 -1 18 -1 354 -1 2937 -1 87 -1 4413 -1 45 -1 5089 -1 3075 -1 7 -1 7981 -1 73 -1 6468 -1 220 -1 45 -1 2561 -1 7 -1 1071 -1 73 -1 2381 -1 22 -1 45 -1 141 -1 -2
460 -1 7 -1 36 -1 331 -1 45 -1 148 -1 468 -1 7 -1 7308 -1 63 -1 45 -1 388 -1 589 -1 13 -1 804 -1 124 -1 7 -1 1254 -1 145 -1 1406 -1 6 -1 7 -1 1708 -1 7185 -1 -2
45 -1 969 -1 1133 -1 1534 -1 89 -1 25 -1 7982 -1 73 -1 7983 -1 87 -1 2715 -1 -2
786 -1 91 -1 2859 -1 226 -1 16 -1 66 -1 31 -1 7984 -1 87 -1 1543 -1 382 -1 3794 -1 2609 -1 135 -1 136 -1 7 -1 36 -1 331 -1 460 -1 1126 -1 130 -1 -2
7 -1 339 -1 24 -1 45 -1 5502 -1 7985 -1 3522 -1 7986 -1 331 -1 6720 -1 16 -1 929 -1 95 -1 25 -1 90 -1 391 -1 45 -1 7396 -1 -2
63 -1 562 -1 7 -1 36 -1 252 -1 220 -1 7 -1 7963 -1 45 -1 1526 -1 7193 -1 25 -1 2397 -1 35 -1 214 -1 124 -1 25 -1 7987 -1 35 -1 214 -1 391 -1 441 -1 18 -1 327 -1 696 -1 7988 -1 -2
24 -1 25 -1 2977 -1 377 -1 18 -1 587 -1 1126 -1 87 -1 45 -1 1544 -1 252 -1 22 -1 1153 -1 7989 -1 45 -1 1002 -1 1533 -1 35 -1 214 -1 18 -1 92 -1 22 -1 7 -1 2702 -1 73 -1 161 -1 4477 -1 7990 -1 6091 -1 -2
45 -1 472 -1 24 -1 7 -1 7982 -1 145 -1 25 -1 7635 -1 4808 -1 421 -1 -2
7 -1 7963 -1 327 -1 1991 -1 696 -1 6053 -1 7 -1 2286 -1 22 -1 332 -1 5121 -1 6140 -1 562 -1 40 -1 45 -1 1344 -1 229 -1 252 -1 7 -1 4158 -1 73 -1 7 -1 2057 -1 73 -1 45 -1 7991 -1 -2
7 -1 2490 -1 7992 -1 2413 -1 4676 -1 136 -1 87 -1 18 -1 2641 -1 45 -1 1526 -1 40 -1 377 -1 7 -1 2653 -1 -2
18 -1 327 -1 643 -1 4158 -1 73 -1 1475 -1 18 -1 327 -1 643 -1 6729 -1 40 -1 180 -1 136 -1 40 -1 7993 -1 1565 -1 48 -1 7 -1 7308 -1 -2
18 -1 1921 -1 66 -1 45 -1 7994 -1 3498 -1 92 -1 1423 -1 643 -1 3322 -1 91 -1 92 -1 7995 -1 136 -1 3394 -1 136 -1 -2
87 -1 607 -1 18 -1 55 -1 45 -1 1175 -1 161 -1 7996 -1 2210 -1 7997 -1 73 -1 673 -1 7998 -1 35 -1 7999 -1 24 -1 6885 -1 35 -1 7 -1 8000 -1 220 -1 6680 -1 4250 -1 6 -1 7 -1 6484 -1 95 -1 8001 -1 1161 -1 80 -1 19 -1 3873 -1 45 -1 8002 -1 -2
8003 -1 -2
8003 -1 -2
8003 -1 7 -1 36 -1 87 -1 7 -1 7963 -1 306 -1 919 -1 108 -1 -2
22 -1 7 -1 166 -1 141 -1 92 -1 2381 -1 87 -1 712 -1 -2
22 -1 7 -1 7459 -1 141 -1 92 -1 2381 -1 87 -1 712 -1 -2
933 -1 3498 -1 4753 -1 919 -1 7035 -1 40 -1 1333 -1 -2
80 -1 19 -1 40 -1 51 -1 25 -1 1502 -1 234 -1 2290 -1 -2
3374 -1 1921 -1 73 -1 2290 -1 89 -1 300 -1 25 -1 2271 -1 -2
22 -1 7 -1 36 -1 19 -1 441 -1 7 -1 894 -1 2715 -1 73 -1 7 -1 6468 -1 73 -1 45 -1 4833 -1 73 -1 45 -1 2058 -1 73 -1 45 -1 866 -1 -2
25 -1 8004 -1 8005 -1 327 -1 696 -1 157 -1 124 -1 36 -1 40 -1 36 -1 142 -1 576 -1 1035 -1 1644 -1 -2
382 -1 19 -1 42 -1 4113 -1 73 -1 25 -1 1781 -1 66 -1 327 -1 3639 -1 2899 -1 562 -1 103 -1 229 -1 92 -1 4 -1 87 -1 7459 -1 -2
8006 -1 37 -1 60 -1 13 -1 8007 -1 22 -1 382 -1 8008 -1 8009 -1 7 -1 8010 -1 73 -1 8011 -1 -2
805 -1 229 -1 19 -1 25 -1 36 -1 87 -1 25 -1 7963 -1 37 -1 92 -1 281 -1 87 -1 95 -1 7 -1 669 -1 7 -1 36 -1 494 -1 497 -1 24 -1 7 -1 8012 -1 73 -1 7 -1 7459 -1 7718 -1 1162 -1 149 -1 45 -1 2791 -1 3311 -1 2205 -1 -2
22 -1 7 -1 2056 -1 73 -1 8013 -1 905 -1 87 -1 3034 -1 4365 -1 491 -1 370 -1 568 -1 1624 -1 22 -1 7 -1 1405 -1 73 -1 7 -1 7963 -1 607 -1 66 -1 8014 -1 37 -1 1426 -1 5148 -1 1380 -1 10 -1 8015 -1 80 -1 24 -1 7459 -1 2160 -1 73 -1 2320 -1 -2
933 -1 8016 -1 4604 -1 933 -1 8017 -1 8018 -1 5276 -1 95 -1 805 -1 220 -1 2316 -1 904 -1 2238 -1 8019 -1 1293 -1 60 -1 8020 -1 8021 -1 8022 -1 -2
40 -1 51 -1 4200 -1 25 -1 7963 -1 38 -1 40 -1 51 -1 4946 -1 48 -1 25 -1 1254 -1 8023 -1 24 -1 609 -1 7991 -1 -2
40 -1 2270 -1 161 -1 3065 -1 73 -1 80 -1 834 -1 1380 -1 35 -1 8024 -1 6 -1 8014 -1 37 -1 54 -1 1426 -1 8025 -1 -2
35 -1 89 -1 382 -1 7963 -1 22 -1 7 -1 8026 -1 229 -1 19 -1 25 -1 3397 -1 2659 -1 332 -1 7404 -1 316 -1 73 -1 269 -1 82 -1 580 -1 2487 -1 6 -1 7 -1 8027 -1 73 -1 269 -1 989 -1 145 -1 7 -1 36 -1 719 -1 24 -1 8028 -1 569 -1 7 -1 2510 -1 73 -1 7 -1 8029 -1 95 -1 7 -1 3796 -1 73 -1 45 -1 2947 -1 -2
7 -1 8030 -1 82 -1 19 -1 147 -1 460 -1 124 -1 503 -1 40 -1 503 -1 87 -1 269 -1 5761 -1 141 -1 957 -1 58 -1 84 -1 8031 -1 -2
1894 -1 22 -1 7 -1 162 -1 19 -1 7 -1 7165 -1 6109 -1 6499 -1 73 -1 7 -1 8032 -1 -2
8003 -1 -2
8003 -1 -2
8003 -1 7 -1 36 -1 145 -1 25 -1 3435 -1 8033 -1 24 -1 45 -1 7982 -1 -2
2787 -1 7 -1 7459 -1 901 -1 82 -1 87 -1 2947 -1 92 -1 471 -1 316 -1 79 -1 7 -1 3397 -1 2659 -1 87 -1 2787 -1 7 -1 7459 -1 1526 -1 1818 -1 1126 -1 22 -1 25 -1 2136 -1 49 -1 1428 -1 1727 -1 -2
7 -1 36 -1 2206 -1 24 -1 25 -1 8034 -1 7183 -1 87 -1 2657 -1 45 -1 7982 -1 -2
7 -1 2346 -1 921 -1 3697 -1 224 -1 220 -1 7 -1 7459 -1 82 -1 87 -1 3815 -1 136 -1 607 -1 66 -1 5214 -1 5603 -1 92 -1 89 -1 25 -1 379 -1 8035 -1 -2
63 -1 18 -1 2852 -1 2614 -1 8036 -1 87 -1 114 -1 7 -1 82 -1 87 -1 2947 -1 471 -1 316 -1 40 -1 7 -1 3397 -1 2659 -1 87 -1 7 -1 6425 -1 8037 -1 46 -1 145 -1 269 -1 2349 -1 2385 -1 40 -1 6758 -1 269 -1 1942 -1 -2
382 -1 2292 -1 80 -1 182 -1 51 -1 1573 -1 19 -1 4058 -1 63 -1 80 -1 19 -1 2060 -1 8038 -1 6220 -1 8039 -1 73 -1 7 -1 2726 -1 2289 -1 35 -1 7 -1 2222 -1 73 -1 7 -1 5383 -1 2686 -1 562 -1 7 -1 253 -1 73 -1 74 -1 457 -1 2402 -1 220 -1 136 -1 22 -1 7 -1 3327 -1 -2
7 -1 7982 -1 2657 -1 8040 -1 114 -1 87 -1 7 -1 7963 -1 8041 -1 2457 -1 7160 -1 202 -1 48 -1 7 -1 401 -1 8042 -1 -2
87 -1 936 -1 7 -1 36 -1 198 -1 5814 -1 8043 -1 1049 -1 124 -1 7 -1 4035 -1 73 -1 45 -1 8044 -1 87 -1 124 -1 45 -1 1757 -1 -2
18 -1 252 -1 40 -1 2402 -1 3342 -1 -2
18 -1 8045 -1 7 -1 7982 -1 24 -1 45 -1 3 -1 148 -1 87 -1 145 -1 80 -1 2888 -1 58 -1 25 -1 8046 -1 -2
7 -1 7963 -1 1826 -1 22 -1 7 -1 8047 -1 73 -1 1463 -1 2375 -1 1501 -1 3118 -1 2641 -1 1704 -1 220 -1 382 -1 7982 -1 580 -1 19 -1 256 -1 45 -1 1558 -1 -2
95 -1 7 -1 669 -1 7 -1 36 -1 8048 -1 45 -1 7982 -1 87 -1 354 -1 29 -1 22 -1 230 -1 -2
7 -1 339 -1 252 -1 460 -1 87 -1 24 -1 636 -1 4257 -1 619 -1 45 -1 4696 -1 1126 -1 3389 -1 -2
7 -1 1848 -1 220 -1 45 -1 2947 -1 87 -1 316 -1 331 -1 87 -1 4732 -1 35 -1 214 -1 25 -1 404 -1 348 -1 19 -1 1518 -1 -2
7 -1 401 -1 7990 -1 8049 -1 73 -1 7 -1 7963 -1 92 -1 8050 -1 7 -1 8032 -1 40 -1 423 -1 774 -1 98 -1 8051 -1 1175 -1 7 -1 6109 -1 4362 -1 1781 -1 8052 -1 87 -1 7331 -1 73 -1 7 -1 1216 -1 73 -1 7 -1 431 -1 66 -1 457 -1 7991 -1 95 -1 805 -1 2747 -1 7994 -1 87 -1 140 -1 -2
10 -1 8053 -1 15 -1 7 -1 36 -1 3232 -1 40 -1 7 -1 339 -1 24 -1 25 -1 5749 -1 73 -1 1645 -1 10 -1 4532 -1 3464 -1 -2
7963 -1 2408 -1 40 -1 3015 -1 7 -1 3288 -1 45 -1 148 -1 423 -1 8054 -1 124 -1 7 -1 8055 -1 73 -1 7 -1 8056 -1 63 -1 18 -1 8057 -1 24 -1 45 -1 7982 -1 411 -1 7 -1 1526 -1 73 -1 7 -1 7963 -1 87 -1 8058 -1 7 -1 1524 -1 431 -1 220 -1 80 -1 -2
18 -1 169 -1 45 -1 3298 -1 361 -1 7 -1 2286 -1 87 -1 7 -1 339 -1 274 -1 4316 -1 7976 -1 95 -1 45 -1 7977 -1 3933 -1 -2
25 -1 8059 -1 36 -1 -2
161 -1 6336 -1 73 -1 4373 -1 66 -1 983 -1 16 -1 1150 -1 692 -1 -2
191 -1 327 -1 25 -1 143 -1 22 -1 45 -1 8060 -1 -2
80 -1 19 -1 1165 -1 132 -1 87 -1 1165 -1 8061 -1 3980 -1 562 -1 18 -1 198 -1 79 -1 353 -1 4287 -1 -2
4369 -1 2406 -1 145 -1 136 -1 719 -1 66 -1 18 -1 19 -1 128 -1 79 -1 5156 -1 724 -1 1973 -1 18 -1 327 -1 291 -1 40 -1 662 -1 89 -1 25 -1 379 -1 40 -1 3147 -1 18 -1 19 -1 13 -1 -2
18 -1 488 -1 123 -1 924 -1 3 -1 1840 -1 73 -1 7213 -1 2520 -1 6 -1 110 -1 73 -1 3109 -1 1735 -1 2520 -1 95 -1 25 -1 90 -1 2807 -1 45 -1 8060 -1 35 -1 25 -1 333 -1 73 -1 2959 -1 4331 -1 580 -1 3873 -1 8062 -1 226 -1 2867 -1 25 -1 1766 -1 -2
805 -1 18 -1 563 -1 22 -1 1735 -1 8063 -1 89 -1 6114 -1 -2
18 -1 198 -1 131 -1 3845 -1 66 -1 2764 -1 87 -1 121 -1 8064 -1 2319 -1 -2
18 -1 154 -1 80 -1 1419 -1 25 -1 1165 -1 4477 -1 2702 -1 89 -1 25 -1 1828 -1 36 -1 73 -1 2706 -1 87 -1 18 -1 19 -1 13 -1 5063 -1 66 -1 708 -1 40 -1 1134 -1 45 -1 1840 -1 92 -1 2419 -1 158 -1 73 -1 8063 -1 -2
16 -1 1766 -1 191 -1 19 -1 1861 -1 131 -1 1279 -1 -2
18 -1 19 -1 22 -1 2680 -1 73 -1 2319 -1 1973 -1 45 -1 2234 -1 19 -1 608 -1 -2
18 -1 327 -1 746 -1 66 -1 18 -1 64 -1 857 -1 7 -1 559 -1 2177 -1 -2
607 -1 18 -1 495 -1 1517 -1 95 -1 25 -1 4776 -1 87 -1 274 -1 35 -1 214 -1 18 -1 8065 -1 8066 -1 -2
18 -1 8067 -1 4373 -1 607 -1 2691 -1 66 -1 214 -1 80 -1 1419 -1 89 -1 7 -1 6413 -1 8068 -1 1783 -1 7705 -1 8069 -1 87 -1 8070 -1 22 -1 45 -1 8060 -1 18 -1 1771 -1 613 -1 2391 -1 48 -1 25 -1 8071 -1 87 -1 5068 -1 272 -1 -2
18 -1 327 -1 4515 -1 1980 -1 5057 -1 66 -1 2764 -1 628 -1 45 -1 8072 -1 89 -1 45 -1 46 -1 8073 -1 2517 -1 -2
1973 -1 18 -1 4537 -1 370 -1 1409 -1 89 -1 144 -1 371 -1 327 -1 8074 -1 259 -1 22 -1 136 -1 2488 -1 45 -1 8066 -1 73 -1 8075 -1 19 -1 1165 -1 444 -1 1161 -1 -2
87 -1 35 -1 80 -1 8076 -1 22 -1 25 -1 1618 -1 8077 -1 24 -1 7 -1 660 -1 73 -1 45 -1 3417 -1 45 -1 4648 -1 24 -1 370 -1 31 -1 79 -1 25 -1 4785 -1 8078 -1 -2
607 -1 18 -1 6892 -1 361 -1 87 -1 4921 -1 24 -1 45 -1 259 -1 22 -1 7916 -1 22 -1 8079 -1 8080 -1 6 -1 45 -1 5009 -1 3868 -1 -2
73 -1 25 -1 2126 -1 18 -1 372 -1 79 -1 340 -1 36 -1 1114 -1 220 -1 25 -1 980 -1 87 -1 4568 -1 25 -1 7116 -1 2516 -1 -2
18 -1 402 -1 40 -1 57 -1 2488 -1 18 -1 1419 -1 22 -1 25 -1 2212 -1 87 -1 2488 -1 80 -1 19 -1 161 -1 7457 -1 431 -1 79 -1 1279 -1 40 -1 171 -1 340 -1 4 -1 1114 -1 220 -1 8081 -1 87 -1 4568 -1 7116 -1 3111 -1 -2
87 -1 40 -1 45 -1 2227 -1 7 -1 340 -1 36 -1 312 -1 136 -1 1165 -1 5964 -1 22 -1 2336 -1 -2
18 -1 94 -1 24 -1 25 -1 8082 -1 373 -1 48 -1 8083 -1 377 -1 87 -1 18 -1 892 -1 45 -1 148 -1 22 -1 3696 -1 1058 -1 -2
191 -1 19 -1 937 -1 24 -1 1020 -1 95 -1 7 -1 340 -1 166 -1 1367 -1 4319 -1 -2
18 -1 354 -1 1186 -1 95 -1 45 -1 4776 -1 87 -1 385 -1 40 -1 2025 -1 8084 -1 -2
8085 -1 18 -1 903 -1 45 -1 4776 -1 126 -1 428 -1 25 -1 7703 -1 16 -1 124 -1 45 -1 7206 -1 87 -1 2503 -1 7 -1 340 -1 36 -1 -2
121 -1 25 -1 2855 -1 18 -1 986 -1 8086 -1 -2
7 -1 340 -1 36 -1 1409 -1 567 -1 4533 -1 224 -1 124 -1 7 -1 980 -1 35 -1 18 -1 1417 -1 1446 -1 1126 -1 -2
8087 -1 1150 -1 53 -1 2010 -1 18 -1 693 -1 22 -1 25 -1 8088 -1 248 -1 -2
1269 -1 2 -1 1150 -1 15 -1 191 -1 8089 -1 -2
18 -1 8090 -1 7 -1 1361 -1 73 -1 7 -1 2855 -1 -2
7 -1 340 -1 36 -1 2511 -1 22 -1 45 -1 7206 -1 -2
53 -1 57 -1 3512 -1 8087 -1 -2
1292 -1 696 -1 138 -1 89 -1 161 -1 3512 -1 1494 -1 6573 -1 8091 -1 25 -1 4924 -1 -2
1292 -1 41 -1 79 -1 382 -1 980 -1 6573 -1 1566 -1 2406 -1 18 -1 55 -1 8092 -1 -2
18 -1 952 -1 3098 -1 25 -1 8093 -1 87 -1 157 -1 80 -1 40 -1 191 -1 -2
2010 -1 80 -1 6573 -1 561 -1 8087 -1 2010 -1 80 -1 18 -1 15 -1 8094 -1 -2
191 -1 428 -1 7 -1 8093 -1 87 -1 1417 -1 316 -1 310 -1 7 -1 8081 -1 -2
35 -1 18 -1 304 -1 80 -1 87 -1 4579 -1 40 -1 2010 -1 7 -1 340 -1 36 -1 979 -1 58 -1 25 -1 5746 -1 95 -1 25 -1 8095 -1 8096 -1 -2
4292 -1 8097 -1 145 -1 7820 -1 8098 -1 87 -1 3721 -1 4 -1 22 -1 25 -1 2212 -1 8099 -1 8083 -1 3230 -1 63 -1 18 -1 1680 -1 22 -1 3912 -1 106 -1 8100 -1 4542 -1 73 -1 8101 -1 8102 -1 -2
1011 -1 8103 -1 582 -1 1150 -1 4432 -1 3267 -1 8104 -1 8105 -1 -2
8106 -1 8107 -1 8108 -1 -2
640 -1 8109 -1 613 -1 35 -1 2201 -1 1810 -1 643 -1 8110 -1 73 -1 7 -1 8111 -1 124 -1 7 -1 8112 -1 73 -1 7 -1 8113 -1 3332 -1 8114 -1 580 -1 2 -1 8115 -1 40 -1 53 -1 79 -1 8116 -1 3958 -1 -2
2 -1 1771 -1 8117 -1 161 -1 4064 -1 1152 -1 4220 -1 80 -1 -2
3830 -1 412 -1 401 -1 2 -1 613 -1 7244 -1 7 -1 212 -1 1802 -1 8114 -1 95 -1 1980 -1 679 -1 919 -1 -2
7 -1 1241 -1 830 -1 607 -1 1583 -1 22 -1 66 -1 1260 -1 66 -1 91 -1 92 -1 4636 -1 6 -1 5047 -1 3349 -1 924 -1 135 -1 53 -1 1771 -1 11 -1 80 -1 -2
2 -1 613 -1 2107 -1 7244 -1 89 -1 1735 -1 679 -1 724 -1 7 -1 4242 -1 3573 -1 73 -1 8118 -1 8119 -1 8120 -1 580 -1 53 -1 805 -1 3525 -1 385 -1 40 -1 723 -1 126 -1 -2
3464 -1 -2
8121 -1 73 -1 8122 -1 5068 -1 7 -1 8123 -1 -2
18 -1 38 -1 1165 -1 8124 -1 643 -1 3322 -1 63 -1 18 -1 5017 -1 696 -1 22 -1 7 -1 702 -1 576 -1 -2
423 -1 2 -1 662 -1 214 -1 18 -1 5659 -1 80 -1 89 -1 226 -1 25 -1 679 -1 3297 -1 18 -1 3267 -1 285 -1 158 -1 441 -1 43 -1 -2
2 -1 2137 -1 136 -1 24 -1 7 -1 8125 -1 8126 -1 -2
8127 -1 561 -1 73 -1 7 -1 4585 -1 73 -1 67 -1 760 -1 1220 -1 8128 -1 87 -1 2 -1 790 -1 3237 -1 79 -1 7 -1 2521 -1 -2
3323 -1 60 -1 13 -1 8129 -1 40 -1 7498 -1 561 -1 4220 -1 7 -1 8111 -1 1669 -1 79 -1 8116 -1 3958 -1 -2
22 -1 7104 -1 2 -1 1865 -1 1234 -1 66 -1 214 -1 53 -1 613 -1 983 -1 738 -1 281 -1 37 -1 54 -1 391 -1 419 -1 4485 -1 8130 -1 8127 -1 519 -1 73 -1 7 -1 1653 -1 7028 -1 73 -1 582 -1 1150 -1 -2
593 -1 936 -1 613 -1 212 -1 8131 -1 25 -1 4082 -1 161 -1 705 -1 1071 -1 8132 -1 25 -1 8133 -1 8134 -1 50 -1 87 -1 161 -1 4917 -1 6159 -1 -2
2107 -1 25 -1 184 -1 8135 -1 25 -1 4779 -1 8136 -1 8137 -1 87 -1 25 -1 8138 -1 6061 -1 -2
582 -1 1150 -1 38 -1 2743 -1 1126 -1 40 -1 857 -1 370 -1 193 -1 1107 -1 35 -1 7 -1 5773 -1 73 -1 7 -1 702 -1 -2
7 -1 8139 -1 7028 -1 5659 -1 643 -1 8140 -1 40 -1 580 -1 582 -1 1150 -1 297 -1 13 -1 191 -1 402 -1 6716 -1 -2
2 -1 1399 -1 7 -1 1278 -1 1732 -1 73 -1 7 -1 8093 -1 252 -1 103 -1 18 -1 15 -1 -2
181 -1 55 -1 7 -1 340 -1 36 -1 1292 -1 236 -1 2249 -1 -2
80 -1 38 -1 1162 -1 35 -1 2 -1 154 -1 -2
5885 -1 188 -1 3482 -1 45 -1 7645 -1 7 -1 340 -1 166 -1 8141 -1 1526 -1 2913 -1 24 -1 4819 -1 -2
3 -1 2448 -1 8142 -1 460 -1 131 -1 7 -1 8143 -1 73 -1 45 -1 377 -1 -2
285 -1 285 -1 936 -1 15 -1 191 -1 8144 -1 136 -1 1517 -1 79 -1 7 -1 316 -1 -2
8145 -1 123 -1 340 -1 1494 -1 -2
106 -1 53 -1 691 -1 40 -1 60 -1 38 -1 40 -1 817 -1 25 -1 8146 -1 87 -1 195 -1 563 -1 7 -1 8147 -1 79 -1 5885 -1 38 -1 80 -1 1426 -1 963 -1 7 -1 340 -1 36 -1 3995 -1 -2
1269 -1 80 -1 38 -1 15 -1 191 -1 -2
441 -1 43 -1 55 -1 7 -1 340 -1 36 -1 24 -1 5670 -1 -2
180 -1 561 -1 684 -1 40 -1 817 -1 16 -1 18 -1 2207 -1 131 -1 124 -1 7 -1 980 -1 87 -1 4579 -1 40 -1 2874 -1 628 -1 -2
191 -1 2388 -1 -2
10 -1 18 -1 15 -1 102 -1 2 -1 1865 -1 60 -1 89 -1 16 -1 1239 -1 106 -1 268 -1 7 -1 340 -1 36 -1 22 -1 25 -1 248 -1 73 -1 3218 -1 54 -1 53 -1 25 -1 8146 -1 35 -1 10 -1 35 -1 25 -1 8148 -1 10 -1 15 -1 191 -1 114 -1 2 -1 1865 -1 1652 -1 40 -1 2347 -1 35 -1 16 -1 -2
441 -1 53 -1 7693 -1 38 -1 25 -1 1749 -1 280 -1 18 -1 1329 -1 460 -1 -2
18 -1 19 -1 25 -1 8149 -1 1828 -1 36 -1 -2
7 -1 340 -1 36 -1 367 -1 136 -1 6 -1 7 -1 472 -1 -2
285 -1 79 -1 235 -1 18 -1 55 -1 87 -1 10 -1 195 -1 563 -1 7 -1 8147 -1 79 -1 5885 -1 191 -1 8150 -1 202 -1 40 -1 51 -1 1509 -1 6 -1 7 -1 948 -1 606 -1 73 -1 45 -1 28 -1 461 -1 25 -1 1802 -1 87 -1 361 -1 25 -1 503 -1 4207 -1 -2
35 -1 91 -1 3441 -1 18 -1 19 -1 8151 -1 8152 -1 202 -1 89 -1 25 -1 3888 -1 87 -1 3109 -1 444 -1 8153 -1 73 -1 8075 -1 461 -1 684 -1 91 -1 1771 -1 51 -1 1651 -1 40 -1 8154 -1 7 -1 2253 -1 73 -1 5005 -1 87 -1 8155 -1 -2
6 -1 7 -1 90 -1 91 -1 491 -1 25 -1 8156 -1 2987 -1 263 -1 126 -1 22 -1 25 -1 4207 -1 73 -1 6040 -1 87 -1 8157 -1 45 -1 4650 -1 5206 -1 19 -1 607 -1 8158 -1 66 -1 18 -1 31 -1 40 -1 51 -1 22 -1 2719 -1 73 -1 2249 -1 927 -1 87 -1 8159 -1 40 -1 8160 -1 2867 -1 73 -1 7 -1 1241 -1 87 -1 18 -1 19 -1 643 -1 904 -1 4271 -1 226 -1 7 -1 1783 -1 7705 -1 8069 -1 87 -1 8070 -1 1293 -1 214 -1 91 -1 327 -1 696 -1 8161 -1 66 -1 266 -1 153 -1 45 -1 4934 -1 -2
18 -1 8162 -1 607 -1 1409 -1 259 -1 87 -1 4926 -1 48 -1 45 -1 28 -1 66 -1 7 -1 340 -1 36 -1 198 -1 361 -1 7 -1 4207 -1 3328 -1 1781 -1 58 -1 25 -1 8163 -1 8164 -1 79 -1 7 -1 3115 -1 73 -1 760 -1 1849 -1 -2
18 -1 8165 -1 123 -1 7 -1 337 -1 73 -1 7 -1 8156 -1 2987 -1 35 -1 214 -1 18 -1 92 -1 2307 -1 8166 -1 -2
18 -1 8167 -1 7 -1 246 -1 87 -1 91 -1 1026 -1 361 -1 25 -1 1488 -1 7601 -1 -2
22 -1 25 -1 365 -1 3175 -1 91 -1 746 -1 25 -1 36 -1 1114 -1 95 -1 1075 -1 3433 -1 24 -1 25 -1 1165 -1 1993 -1 5076 -1 -2
18 -1 327 -1 25 -1 7946 -1 22 -1 45 -1 3395 -1 280 -1 87 -1 25 -1 3118 -1 73 -1 8168 -1 79 -1 45 -1 8169 -1 -2
5885 -1 15 -1 7 -1 340 -1 36 -1 22 -1 25 -1 2725 -1 248 -1 66 -1 252 -1 124 -1 45 -1 4864 -1 1332 -1 24 -1 25 -1 774 -1 58 -1 7 -1 7801 -1 73 -1 4005 -1 7285 -1 5107 -1 412 -1 8146 -1 3464 -1 -2
8170 -1 87 -1 593 -1 691 -1 40 -1 11 -1 106 -1 53 -1 589 -1 24 -1 7 -1 8111 -1 66 -1 19 -1 1669 -1 79 -1 8116 -1 3958 -1 7 -1 340 -1 36 -1 848 -1 7 -1 647 -1 35 -1 214 -1 919 -1 16 -1 19 -1 25 -1 8171 -1 1818 -1 -2
8172 -1 1123 -1 7287 -1 452 -1 220 -1 7 -1 8173 -1 87 -1 45 -1 969 -1 2137 -1 5174 -1 220 -1 25 -1 8174 -1 73 -1 4138 -1 -2
18 -1 47 -1 25 -1 74 -1 5821 -1 377 -1 468 -1 7 -1 340 -1 36 -1 87 -1 7 -1 6543 -1 8175 -1 -2
7 -1 168 -1 49 -1 87 -1 116 -1 24 -1 25 -1 1413 -1 7390 -1 162 -1 354 -1 95 -1 7 -1 340 -1 166 -1 503 -1 -2
45 -1 1434 -1 141 -1 92 -1 416 -1 220 -1 7 -1 377 -1 73 -1 7 -1 36 -1 95 -1 7 -1 1075 -1 -2
91 -1 31 -1 58 -1 3 -1 84 -1 8176 -1 8177 -1 256 -1 967 -1 73 -1 7 -1 108 -1 166 -1 4265 -1 -2
1855 -1 106 -1 8178 -1 53 -1 2927 -1 7646 -1 5885 -1 8179 -1 1775 -1 40 -1 2976 -1 7 -1 3 -1 8177 -1 87 -1 7 -1 1413 -1 7390 -1 162 -1 -2
106 -1 60 -1 2 -1 2927 -1 15 -1 7 -1 340 -1 36 -1 24 -1 25 -1 6642 -1 1464 -1 35 -1 124 -1 161 -1 1224 -1 4527 -1 -2
2 -1 2927 -1 66 -1 8180 -1 106 -1 2 -1 2927 -1 -2
723 -1 80 -1 123 -1 211 -1 8181 -1 1053 -1 40 -1 2270 -1 4926 -1 6 -1 25 -1 388 -1 95 -1 7 -1 609 -1 134 -1 95 -1 45 -1 8182 -1 563 -1 7 -1 8147 -1 79 -1 53 -1 10 -1 2 -1 8183 -1 19 -1 291 -1 8184 -1 80 -1 89 -1 7661 -1 25 -1 2921 -1 15 -1 5885 -1 -2
1015 -1 15 -1 191 -1 -2
5885 -1 806 -1 5171 -1 95 -1 191 -1 87 -1 235 -1 241 -1 40 -1 750 -1 58 -1 161 -1 889 -1 24 -1 25 -1 5752 -1 316 -1 -2
229 -1 92 -1 25 -1 1017 -1 1018 -1 73 -1 230 -1 -2
7 -1 340 -1 36 -1 19 -1 8185 -1 226 -1 22 -1 45 -1 1340 -1 89 -1 904 -1 8186 -1 -2
5885 -1 19 -1 8187 -1 87 -1 3232 -1 1524 -1 135 -1 7 -1 7802 -1 8188 -1 73 -1 7 -1 8189 -1 8190 -1 -2
7 -1 168 -1 7803 -1 24 -1 7 -1 4865 -1 2347 -1 18 -1 327 -1 2348 -1 6 -1 7 -1 2328 -1 73 -1 7 -1 373 -1 1015 -1 104 -1 643 -1 904 -1 63 -1 1336 -1 40 -1 5309 -1 -2
10 -1 15 -1 5885 -1 102 -1 22 -1 25 -1 948 -1 248 -1 2 -1 1322 -1 2 -1 1150 -1 723 -1 53 -1 25 -1 5058 -1 89 -1 80 -1 1552 -1 2 -1 19 -1 291 -1 8184 -1 80 -1 89 -1 7661 -1 25 -1 2921 -1 -2
2 -1 622 -1 662 -1 53 -1 613 -1 2995 -1 561 -1 3522 -1 1855 -1 24 -1 67 -1 7913 -1 87 -1 67 -1 5278 -1 87 -1 441 -1 66 -1 -2
63 -1 1119 -1 723 -1 53 -1 7 -1 5058 -1 7 -1 340 -1 36 -1 47 -1 40 -1 45 -1 8190 -1 -2
10 -1 18 -1 963 -1 -2
191 -1 273 -1 95 -1 7 -1 3913 -1 87 -1 943 -1 161 -1 3239 -1 944 -1 24 -1 202 -1 -2
2 -1 662 -1 593 -1 3267 -1 651 -1 7 -1 5058 -1 18 -1 15 -1 8191 -1 391 -1 25 -1 90 -1 -2
5885 -1 537 -1 87 -1 7343 -1 335 -1 7 -1 3175 -1 -2
18 -1 952 -1 25 -1 5058 -1 66 -1 145 -1 7 -1 8128 -1 2205 -1 285 -1 8192 -1 48 -1 45 -1 46 -1 -2
35 -1 18 -1 87 -1 45 -1 8193 -1 1026 -1 7892 -1 158 -1 18 -1 47 -1 25 -1 401 -1 1413 -1 7390 -1 3811 -1 220 -1 5885 -1 66 -1 8194 -1 66 -1 1532 -1 40 -1 25 -1 1844 -1 8195 -1 -2
79 -1 7 -1 5176 -1 7 -1 340 -1 36 -1 198 -1 48 -1 25 -1 5232 -1 73 -1 8196 -1 87 -1 247 -1 45 -1 8190 -1 441 -1 7 -1 6588 -1 87 -1 8197 -1 2739 -1 229 -1 92 -1 40 -1 51 -1 327 -1 -2
420 -1 856 -1 53 -1 751 -1 136 -1 18 -1 55 -1 4953 -1 -2
91 -1 274 -1 460 -1 316 -1 468 -1 1279 -1 -2
7 -1 1359 -1 542 -1 7 -1 340 -1 36 -1 -2
1119 -1 299 -1 171 -1 12 -1 114 -1 -2
1119 -1 5936 -1 12 -1 -2
1119 -1 1134 -1 25 -1 744 -1 1192 -1 8198 -1 87 -1 658 -1 441 -1 43 -1 15 -1 191 -1 -2
2 -1 11 -1 16 -1 -2
1119 -1 857 -1 53 -1 43 -1 123 -1 580 -1 18 -1 589 -1 -2
18 -1 252 -1 97 -1 356 -1 5739 -1 1955 -1 391 -1 -2
7 -1 340 -1 36 -1 3082 -1 95 -1 6781 -1 8199 -1 22 -1 7 -1 280 -1 3175 -1 95 -1 8083 -1 5465 -1 -2
87 -1 7 -1 168 -1 8200 -1 22 -1 7 -1 8201 -1 8202 -1 580 -1 327 -1 25 -1 4866 -1 6167 -1 87 -1 92 -1 25 -1 513 -1 8203 -1 79 -1 1790 -1 593 -1 171 -1 -2
7 -1 340 -1 36 -1 24 -1 45 -1 8204 -1 73 -1 8119 -1 8120 -1 154 -1 8175 -1 8065 -1 441 -1 7 -1 5583 -1 4765 -1 22 -1 8205 -1 8206 -1 87 -1 45 -1 3371 -1 551 -1 19 -1 73 -1 4866 -1 6167 -1 -2
2107 -1 18 -1 1921 -1 25 -1 36 -1 37 -1 1921 -1 42 -1 36 -1 37 -1 1810 -1 161 -1 8207 -1 580 -1 145 -1 136 -1 1776 -1 8175 -1 79 -1 3983 -1 66 -1 92 -1 1413 -1 2619 -1 -2
235 -1 80 -1 19 -1 66 -1 7 -1 168 -1 3932 -1 18 -1 327 -1 13 -1 1680 -1 2312 -1 2488 -1 18 -1 589 -1 13 -1 11 -1 25 -1 36 -1 37 -1 1921 -1 42 -1 36 -1 -2
607 -1 80 -1 252 -1 40 -1 1944 -1 66 -1 191 -1 830 -1 40 -1 51 -1 8175 -1 8208 -1 -2
1851 -1 -2
18 -1 6550 -1 66 -1 1960 -1 22 -1 1558 -1 124 -1 580 -1 18 -1 182 -1 1374 -1 158 -1 89 -1 419 -1 7449 -1 562 -1 18 -1 198 -1 40 -1 2535 -1 8209 -1 -2
45 -1 1812 -1 430 -1 1201 -1 24 -1 7 -1 1812 -1 73 -1 8107 -1 22 -1 7 -1 8210 -1 73 -1 511 -1 87 -1 4882 -1 8211 -1 73 -1 8119 -1 8120 -1 22 -1 582 -1 1150 -1 4432 -1 -2
95 -1 7 -1 2864 -1 1766 -1 18 -1 38 -1 607 -1 513 -1 66 -1 18 -1 8212 -1 8213 -1 95 -1 347 -1 5780 -1 -2
45 -1 5010 -1 188 -1 496 -1 142 -1 7 -1 575 -1 35 -1 25 -1 36 -1 37 -1 8214 -1 45 -1 309 -1 40 -1 7916 -1 24 -1 643 -1 868 -1 63 -1 45 -1 4479 -1 8215 -1 45 -1 8216 -1 5891 -1 87 -1 45 -1 8217 -1 8218 -1 -2
2278 -1 8219 -1 40 -1 136 -1 936 -1 87 -1 18 -1 8220 -1 576 -1 8221 -1 902 -1 40 -1 8222 -1 1828 -1 4 -1 22 -1 580 -1 18 -1 5662 -1 7 -1 615 -1 3000 -1 3440 -1 35 -1 40 -1 856 -1 40 -1 1635 -1 8223 -1 -2
22 -1 933 -1 902 -1 18 -1 22 -1 25 -1 2104 -1 73 -1 8224 -1 8225 -1 7 -1 1783 -1 7705 -1 8069 -1 87 -1 8070 -1 7 -1 1735 -1 8063 -1 87 -1 441 -1 66 -1 -2
18 -1 8226 -1 1517 -1 40 -1 7 -1 5873 -1 18 -1 4515 -1 87 -1 8227 -1 89 -1 7854 -1 35 -1 7 -1 8228 -1 73 -1 45 -1 7916 -1 -2
40 -1 5729 -1 22 -1 1558 -1 18 -1 8220 -1 7 -1 4578 -1 73 -1 4420 -1 613 -1 291 -1 40 -1 171 -1 161 -1 340 -1 36 -1 1114 -1 220 -1 25 -1 980 -1 87 -1 4568 -1 25 -1 7116 -1 2516 -1 -2
235 -1 195 -1 123 -1 87 -1 4491 -1 136 -1 89 -1 25 -1 2855 -1 25 -1 884 -1 73 -1 1844 -1 2239 -1 -2
356 -1 161 -1 8229 -1 73 -1 7 -1 2680 -1 73 -1 7 -1 6714 -1 7 -1 8230 -1 73 -1 7 -1 5418 -1 87 -1 7 -1 1349 -1 73 -1 25 -1 3309 -1 73 -1 1070 -1 5765 -1 715 -1 24 -1 332 -1 8231 -1 73 -1 25 -1 8176 -1 15 -1 40 -1 51 -1 8214 -1 124 -1 161 -1 340 -1 8232 -1 -2
181 -1 412 -1 305 -1 2 -1 1979 -1 7 -1 36 -1 63 -1 2 -1 1771 -1 13 -1 613 -1 696 -1 3199 -1 22 -1 80 -1 92 -1 80 -1 13 -1 89 -1 332 -1 1165 -1 4477 -1 1511 -1 -2
2 -1 327 -1 576 -1 3363 -1 382 -1 5615 -1 63 -1 2 -1 119 -1 25 -1 6734 -1 87 -1 8233 -1 150 -1 53 -1 2025 -1 87 -1 2 -1 2639 -1 149 -1 80 -1 35 -1 7 -1 8234 -1 8235 -1 79 -1 7 -1 8236 -1 73 -1 25 -1 1488 -1 87 -1 7980 -1 1741 -1 6919 -1 -2
25 -1 154 -1 73 -1 7 -1 2397 -1 73 -1 7 -1 4081 -1 5659 -1 16 -1 316 -1 -2
35 -1 2 -1 19 -1 3048 -1 45 -1 2987 -1 16 -1 2764 -1 2 -1 15 -1 40 -1 1239 -1 10 -1 95 -1 983 -1 4062 -1 214 -1 371 -1 8237 -1 136 -1 80 -1 790 -1 13 -1 51 -1 89 -1 576 -1 87 -1 391 -1 66 -1 8238 -1 2 -1 19 -1 13 -1 1239 -1 63 -1 25 -1 333 -1 73 -1 25 -1 2318 -1 -2
2 -1 896 -1 7 -1 6031 -1 87 -1 7 -1 7440 -1 8239 -1 561 -1 40 -1 7 -1 8240 -1 -2
2 -1 1931 -1 229 -1 879 -1 7 -1 340 -1 116 -1 5418 -1 2981 -1 8241 -1 269 -1 2940 -1 73 -1 90 -1 -2
7 -1 8242 -1 87 -1 8243 -1 5600 -1 2823 -1 22 -1 2719 -1 73 -1 98 -1 3369 -1 3863 -1 1973 -1 73 -1 644 -1 91 -1 92 -1 7832 -1 73 -1 412 -1 4502 -1 63 -1 7 -1 84 -1 74 -1 6714 -1 73 -1 7 -1 239 -1 782 -1 16 -1 40 -1 42 -1 87 -1 273 -1 95 -1 561 -1 -2
786 -1 18 -1 2847 -1 7 -1 3175 -1 87 -1 2 -1 4842 -1 412 -1 2526 -1 1818 -1 136 -1 -2
18 -1 8244 -1 11 -1 66 -1 8245 -1 8246 -1 35 -1 18 -1 224 -1 1126 -1 45 -1 1849 -1 19 -1 220 -1 7 -1 84 -1 74 -1 6714 -1 -2
91 -1 716 -1 87 -1 2454 -1 98 -1 141 -1 124 -1 382 -1 3628 -1 -2
80 -1 31 -1 40 -1 561 -1 66 -1 7 -1 340 -1 5418 -1 402 -1 8247 -1 35 -1 25 -1 36 -1 3267 -1 2315 -1 22 -1 7 -1 718 -1 73 -1 25 -1 7252 -1 87 -1 25 -1 3282 -1 903 -1 1704 -1 22 -1 412 -1 309 -1 35 -1 2 -1 587 -1 468 -1 7 -1 246 -1 -2
25 -1 379 -1 978 -1 2 -1 19 -1 128 -1 131 -1 7 -1 4207 -1 4944 -1 53 -1 2025 -1 87 -1 2 -1 15 -1 40 -1 1239 -1 80 -1 38 -1 1321 -1 -2
576 -1 3297 -1 124 -1 382 -1 1766 -1 2 -1 790 -1 1234 -1 40 -1 370 -1 66 -1 80 -1 19 -1 2 -1 37 -1 1979 -1 136 -1 -2
391 -1 90 -1 188 -1 8248 -1 7 -1 8249 -1 73 -1 7 -1 431 -1 371 -1 790 -1 8250 -1 412 -1 4926 -1 2 -1 19 -1 8251 -1 66 -1 7 -1 1361 -1 327 -1 2391 -1 628 -1 607 -1 8252 -1 87 -1 2 -1 206 -1 58 -1 3102 -1 2408 -1 87 -1 256 -1 25 -1 576 -1 2900 -1 1151 -1 58 -1 25 -1 507 -1 2527 -1 36 -1 -2
562 -1 1276 -1 1026 -1 561 -1 2 -1 1102 -1 98 -1 5829 -1 24 -1 25 -1 1344 -1 73 -1 2722 -1 -2
63 -1 1633 -1 292 -1 84 -1 74 -1 6714 -1 -2
2 -1 236 -1 25 -1 6109 -1 2853 -1 87 -1 8253 -1 1847 -1 561 -1 87 -1 138 -1 316 -1 2 -1 184 -1 519 -1 2512 -1 87 -1 7195 -1 672 -1 98 -1 84 -1 148 -1 87 -1 6952 -1 3978 -1 -2
80 -1 19 -1 18 -1 2 -1 613 -1 15 -1 66 -1 91 -1 327 -1 84 -1 148 -1 -2
2 -1 119 -1 13 -1 52 -1 73 -1 80 -1 63 -1 91 -1 327 -1 332 -1 110 -1 73 -1 8254 -1 561 -1 35 -1 8040 -1 35 -1 8255 -1 969 -1 -2
35 -1 89 -1 98 -1 748 -1 91 -1 2428 -1 361 -1 35 -1 2051 -1 35 -1 7165 -1 1071 -1 4567 -1 54 -1 3668 -1 6 -1 7 -1 348 -1 -2
1894 -1 91 -1 92 -1 8256 -1 8257 -1 98 -1 911 -1 73 -1 412 -1 8258 -1 -2
412 -1 305 -1 3267 -1 80 -1 299 -1 51 -1 67 -1 7916 -1 40 -1 51 -1 8259 -1 6 -1 25 -1 1523 -1 73 -1 84 -1 2512 -1 6714 -1 -2
2 -1 488 -1 25 -1 679 -1 110 -1 40 -1 51 -1 3354 -1 124 -1 7 -1 8260 -1 73 -1 933 -1 673 -1 99 -1 -2
2 -1 390 -1 142 -1 7 -1 139 -1 95 -1 412 -1 615 -1 2888 -1 63 -1 80 -1 19 -1 643 -1 1562 -1 1293 -1 66 -1 73 -1 161 -1 7743 -1 879 -1 91 -1 412 -1 8261 -1 92 -1 1894 -1 7703 -1 3250 -1 2238 -1 -2
2 -1 119 -1 161 -1 8262 -1 150 -1 87 -1 2 -1 488 -1 1692 -1 5700 -1 66 -1 25 -1 2349 -1 8263 -1 36 -1 1150 -1 4738 -1 -2
8264 -1 73 -1 213 -1 2 -1 327 -1 924 -1 8265 -1 519 -1 562 -1 332 -1 7426 -1 8266 -1 8267 -1 1771 -1 6547 -1 123 -1 87 -1 3147 -1 561 -1 -2
2 -1 206 -1 66 -1 7 -1 483 -1 73 -1 8268 -1 1771 -1 613 -1 643 -1 8269 -1 89 -1 561 -1 63 -1 7 -1 141 -1 73 -1 2733 -1 580 -1 2 -1 184 -1 22 -1 1241 -1 391 -1 1241 -1 79 -1 1731 -1 391 -1 1731 -1 3780 -1 561 -1 40 -1 7 -1 8270 -1 73 -1 650 -1 1126 -1 87 -1 1468 -1 181 -1 2 -1 613 -1 614 -1 1276 -1 1771 -1 171 -1 7 -1 173 -1 8271 -1 2709 -1 73 -1 2512 -1 6714 -1 87 -1 723 -1 561 -1 7570 -1 2404 -1 607 -1 66 -1 933 -1 1793 -1 4950 -1 70 -1 95 -1 412 -1 2205 -1 -2
63 -1 593 -1 54 -1 25 -1 8272 -1 2058 -1 8273 -1 2333 -1 -2
80 -1 38 -1 1165 -1 8274 -1 40 -1 8275 -1 8276 -1 79 -1 7 -1 4750 -1 4296 -1 -2
593 -1 613 -1 3932 -1 185 -1 4106 -1 124 -1 7 -1 6099 -1 -2
3840 -1 37 -1 1150 -1 51 -1 52 -1 73 -1 7 -1 4508 -1 73 -1 8277 -1 6714 -1 -2
80 -1 1865 -1 51 -1 2487 -1 25 -1 5700 -1 22 -1 8278 -1 -2
8279 -1 -2
106 -1 54 -1 8279 -1 -2
418 -1 181 -1 2 -1 613 -1 2010 -1 73 -1 519 -1 87 -1 98 -1 5322 -1 562 -1 2 -1 285 -1 40 -1 662 -1 73 -1 80 -1 -2
7 -1 8280 -1 8281 -1 64 -1 613 -1 696 -1 3404 -1 -2
2 -1 613 -1 299 -1 696 -1 2102 -1 40 -1 2025 -1 856 -1 7 -1 8176 -1 8282 -1 22 -1 827 -1 6263 -1 -2
423 -1 6314 -1 73 -1 98 -1 8283 -1 8284 -1 22 -1 8285 -1 3015 -1 25 -1 3404 -1 4158 -1 73 -1 8286 -1 -2
2 -1 2567 -1 7 -1 84 -1 8287 -1 66 -1 -2
10 -1 106 -1 53 -1 1234 -1 3267 -1 51 -1 3272 -1 412 -1 305 -1 63 -1 2 -1 662 -1 53 -1 7583 -1 -2
7 -1 84 -1 8288 -1 6714 -1 -2
412 -1 305 -1 2 -1 402 -1 22 -1 161 -1 6510 -1 95 -1 7 -1 5344 -1 73 -1 7 -1 1108 -1 87 -1 22 -1 7 -1 2764 -1 91 -1 92 -1 229 -1 2588 -1 58 -1 84 -1 6958 -1 87 -1 8289 -1 95 -1 412 -1 1595 -1 -2
2 -1 547 -1 613 -1 8290 -1 -2
1084 -1 2 -1 547 -1 613 -1 8290 -1 -2
106 -1 19 -1 904 -1 1288 -1 -2
2 -1 614 -1 87 -1 235 -1 274 -1 48 -1 7 -1 139 -1 580 -1 38 -1 5122 -1 87 -1 4858 -1 -2
60 -1 53 -1 11 -1 66 -1 412 -1 1757 -1 5418 -1 7897 -1 22 -1 7 -1 3394 -1 73 -1 561 -1 -2
91 -1 963 -1 106 -1 90 -1 2 -1 440 -1 412 -1 2408 -1 66 -1 2764 -1 87 -1 80 -1 699 -1 95 -1 805 -1 8291 -1 3198 -1 7 -1 2515 -1 73 -1 25 -1 36 -1 2 -1 327 -1 8292 -1 40 -1 1944 -1 97 -1 7 -1 2987 -1 73 -1 7 -1 5443 -1 2130 -1 7 -1 1276 -1 3721 -1 2894 -1 391 -1 6383 -1 87 -1 73 -1 644 -1 7 -1 116 -1 340 -1 5418 -1 22 -1 7 -1 8240 -1 198 -1 226 -1 1766 -1 391 -1 1766 -1 7435 -1 3903 -1 2894 -1 391 -1 6383 -1 60 -1 53 -1 1234 -1 66 -1 7 -1 36 -1 37 -1 3581 -1 561 -1 19 -1 1165 -1 4664 -1 -2
412 -1 305 -1 2 -1 613 -1 3082 -1 576 -1 87 -1 18 -1 19 -1 7 -1 1631 -1 8293 -1 8294 -1 73 -1 412 -1 1695 -1 -2
161 -1 8295 -1 8296 -1 8297 -1 8298 -1 698 -1 1043 -1 45 -1 8299 -1 40 -1 300 -1 25 -1 36 -1 -2
60 -1 53 -1 662 -1 18 -1 8300 -1 5362 -1 89 -1 412 -1 5389 -1 -2
214 -1 18 -1 327 -1 696 -1 35 -1 8301 -1 35 -1 7 -1 4226 -1 18 -1 1771 -1 299 -1 613 -1 3581 -1 561 -1 -2
214 -1 18 -1 19 -1 25 -1 8176 -1 35 -1 53 -1 1234 -1 2 -1 182 -1 8302 -1 25 -1 1562 -1 16 -1 124 -1 161 -1 340 -1 8232 -1 -2
63 -1 7 -1 6714 -1 -2
66 -1 38 -1 42 -1 559 -1 -2
95 -1 708 -1 2 -1 662 -1 91 -1 730 -1 22 -1 576 -1 347 -1 728 -1 58 -1 8303 -1 -2
22 -1 7 -1 1766 -1 84 -1 1049 -1 756 -1 91 -1 542 -1 79 -1 412 -1 3385 -1 58 -1 8304 -1 8305 -1 -2
2 -1 171 -1 66 -1 53 -1 2007 -1 933 -1 513 -1 132 -1 4186 -1 1070 -1 5765 -1 79 -1 412 -1 3309 -1 -2
73 -1 644 -1 1901 -1 214 -1 7 -1 8176 -1 92 -1 1426 -1 8214 -1 124 -1 161 -1 340 -1 8232 -1 18 -1 182 -1 1721 -1 8306 -1 40 -1 8275 -1 25 -1 36 -1 1726 -1 8307 -1 -2
35 -1 8308 -1 285 -1 220 -1 16 -1 22 -1 7 -1 8309 -1 607 -1 252 -1 933 -1 5765 -1 220 -1 412 -1 3309 -1 -2
562 -1 2 -1 3011 -1 519 -1 2 -1 145 -1 2385 -1 40 -1 3354 -1 1239 -1 73 -1 382 -1 3309 -1 -2
2 -1 8310 -1 1171 -1 8311 -1 95 -1 80 -1 63 -1 461 -1 412 -1 1393 -1 80 -1 19 -1 58 -1 25 -1 1349 -1 73 -1 25 -1 497 -1 166 -1 606 -1 -2
60 -1 53 -1 11 -1 66 -1 2 -1 613 -1 1465 -1 48 -1 25 -1 679 -1 4360 -1 -2
2 -1 613 -1 8312 -1 382 -1 3309 -1 24 -1 25 -1 679 -1 8313 -1 -2
63 -1 1766 -1 87 -1 708 -1 7 -1 5765 -1 3783 -1 58 -1 706 -1 -2
2 -1 1865 -1 336 -1 124 -1 382 -1 8314 -1 5105 -1 214 -1 2 -1 182 -1 3754 -1 1239 -1 73 -1 382 -1 3309 -1 63 -1 80 -1 8315 -1 -2
95 -1 983 -1 4062 -1 7 -1 150 -1 53 -1 2434 -1 25 -1 8176 -1 19 -1 13 -1 607 -1 4664 -1 40 -1 3147 -1 25 -1 36 -1 22 -1 25 -1 3309 -1 73 -1 8316 -1 1070 -1 127 -1 6 -1 3813 -1 2512 -1 6714 -1 -2
181 -1 66 -1 261 -1 124 -1 7 -1 7138 -1 38 -1 1631 -1 747 -1 -2
63 -1 91 -1 54 -1 1894 -1 229 -1 6176 -1 87 -1 29 -1 8317 -1 87 -1 5291 -1 -2
80 -1 6490 -1 35 -1 214 -1 7 -1 7276 -1 73 -1 4034 -1 92 -1 356 -1 7045 -1 -2
2201 -1 2 -1 613 -1 1635 -1 488 -1 40 -1 80 -1 -2
805 -1 1161 -1 22 -1 7 -1 708 -1 2 -1 55 -1 158 -1 40 -1 519 -1 22 -1 2626 -1 1812 -1 195 -1 126 -1 84 -1 2512 -1 6714 -1 63 -1 91 -1 8318 -1 3063 -1 80 -1 38 -1 7 -1 666 -1 95 -1 8319 -1 3306 -1 -2
8320 -1 22 -1 7 -1 2987 -1 73 -1 7 -1 8321 -1 8322 -1 -2
7 -1 4976 -1 54 -1 1594 -1 131 -1 -2
25 -1 8323 -1 73 -1 340 -1 78 -1 87 -1 7962 -1 5974 -1 22 -1 7 -1 162 -1 -2
25 -1 8324 -1 4612 -1 22 -1 887 -1 80 -1 1114 -1 95 -1 25 -1 1075 -1 22 -1 7 -1 2812 -1 -2
25 -1 3193 -1 73 -1 2146 -1 3263 -1 54 -1 3231 -1 22 -1 25 -1 1802 -1 -2
131 -1 7 -1 503 -1 73 -1 7 -1 3175 -1 38 -1 25 -1 199 -1 73 -1 8325 -1 281 -1 73 -1 7 -1 3284 -1 -2
142 -1 161 -1 3032 -1 246 -1 1150 -1 51 -1 1573 -1 2867 -1 263 -1 22 -1 735 -1 7 -1 538 -1 87 -1 887 -1 73 -1 25 -1 4635 -1 8326 -1 8327 -1 8327 -1 8327 -1 -2
8328 -1 8329 -1 -2
281 -1 8330 -1 22 -1 2136 -1 8331 -1 8332 -1 8322 -1 19 -1 25 -1 8333 -1 8334 -1 52 -1 -2
1352 -1 8335 -1 -2
643 -1 2 -1 622 -1 8336 -1 607 -1 -2
589 -1 18 -1 -2
52 -1 441 -1 1021 -1 8337 -1 -2
18 -1 19 -1 1021 -1 6993 -1 22 -1 7 -1 8338 -1 -2
18 -1 8339 -1 12 -1 8340 -1 161 -1 4181 -1 73 -1 45 -1 8341 -1 8342 -1 161 -1 1021 -1 108 -1 8343 -1 25 -1 1749 -1 8344 -1 5644 -1 73 -1 25 -1 8334 -1 161 -1 136 -1 1327 -1 3354 -1 73 -1 1021 -1 8345 -1 -2
8346 -1 18 -1 589 -1 -2
91 -1 3668 -1 1021 -1 8338 -1 6 -1 1566 -1 8347 -1 -2
8346 -1 18 -1 19 -1 25 -1 8333 -1 8334 -1 -2
1352 -1 8335 -1 -2
7688 -1 8348 -1 12 -1 -2
3378 -1 3464 -1 -2
8349 -1 73 -1 7 -1 8350 -1 1097 -1 8351 -1 22 -1 6 -1 25 -1 8352 -1 1549 -1 1848 -1 188 -1 1635 -1 8353 -1 142 -1 1409 -1 8354 -1 -2
18 -1 38 -1 8355 -1 22 -1 25 -1 223 -1 73 -1 1027 -1 8356 -1 87 -1 1271 -1 25 -1 752 -1 1190 -1 22 -1 45 -1 8357 -1 3464 -1 -2
8358 -1 5056 -1 6740 -1 -2
8322 -1 -2
382 -1 38 -1 25 -1 4902 -1 3660 -1 89 -1 53 -1 3072 -1 80 -1 -2
8326 -1 8359 -1 8359 -1 1828 -1 8334 -1 561 -1 2535 -1 2205 -1 38 -1 8360 -1 -2
3464 -1 -2
8361 -1 4902 -1 6740 -1 -2
8322 -1 -2
25 -1 513 -1 3660 -1 12 -1 52 -1 -2
936 -1 6740 -1 -2
8322 -1 1292 -1 247 -1 40 -1 8362 -1 589 -1 2 -1 8336 -1 1828 -1 8334 -1 2337 -1 91 -1 1122 -1 2535 -1 8332 -1 22 -1 66 -1 80 -1 19 -1 1021 -1 8363 -1 -2
3464 -1 -2
8349 -1 24 -1 8364 -1 -2
3272 -1 -2
1165 -1 3272 -1 1161 -1 -2
80 -1 19 -1 25 -1 513 -1 4819 -1 40 -1 53 -1 6740 -1 -2
8322 -1 -2
1292 -1 247 -1 382 -1 2764 -1 6740 -1 -2
8322 -1 40 -1 171 -1 214 -1 2 -1 182 -1 817 -1 124 -1 53 -1 25 -1 2034 -1 8365 -1 7445 -1 89 -1 7 -1 1097 -1 214 -1 53 -1 182 -1 8366 -1 45 -1 4878 -1 19 -1 1321 -1 123 -1 22 -1 25 -1 8367 -1 161 -1 18 -1 19 -1 8368 -1 1314 -1 -2
25 -1 2998 -1 8369 -1 4879 -1 2472 -1 1021 -1 8370 -1 35 -1 8332 -1 19 -1 8371 -1 8372 -1 35 -1 8373 -1 35 -1 53 -1 8374 -1 -2
2337 -1 91 -1 3668 -1 12 -1 22 -1 136 -1 441 -1 5464 -1 161 -1 8375 -1 8376 -1 7661 -1 8377 -1 561 -1 2205 -1 19 -1 97 -1 8360 -1 63 -1 2 -1 6576 -1 8378 -1 6576 -1 8379 -1 8380 -1 3098 -1 48 -1 25 -1 576 -1 6793 -1 1175 -1 -2
7 -1 3263 -1 2999 -1 22 -1 87 -1 7 -1 7830 -1 8381 -1 8382 -1 142 -1 7 -1 3108 -1 3464 -1 -2
8349 -1 35 -1 7 -1 5294 -1 22 -1 25 -1 5675 -1 8383 -1 1161 -1 25 -1 4902 -1 4902 -1 1361 -1 -2
25 -1 2368 -1 3660 -1 -2
936 -1 6740 -1 -2
8322 -1 8384 -1 3232 -1 8385 -1 8386 -1 -2
4956 -1 8387 -1 4142 -1 8388 -1 73 -1 25 -1 1010 -1 8386 -1 -2
35 -1 7 -1 7365 -1 5516 -1 1010 -1 8386 -1 1286 -1 1021 -1 697 -1 -2
723 -1 1021 -1 8389 -1 25 -1 8390 -1 -2
5107 -1 40 -1 8391 -1 8392 -1 5100 -1 1828 -1 8334 -1 -2
8393 -1 3464 -1 -2
8349 -1 8394 -1 4009 -1 7962 -1 6740 -1 -2
8322 -1 -2
1790 -1 7771 -1 -2
936 -1 6740 -1 -2
8322 -1 8395 -1 8396 -1 8343 -1 -2
857 -1 8396 -1 8343 -1 -2
8397 -1 45 -1 5751 -1 3464 -1 -2
8349 -1 8398 -1 1269 -1 6740 -1 -2
8322 -1 1269 -1 -2
18 -1 8393 -1 936 -1 182 -1 53 -1 180 -1 561 -1 6740 -1 -2
8322 -1 684 -1 67 -1 1993 -1 7543 -1 19 -1 8399 -1 -2
418 -1 1828 -1 8334 -1 5100 -1 1150 -1 1162 -1 1234 -1 8387 -1 18 -1 19 -1 7 -1 8400 -1 8334 -1 8401 -1 161 -1 8402 -1 161 -1 6576 -1 25 -1 8343 -1 22 -1 1021 -1 8338 -1 19 -1 8335 -1 -2
418 -1 63 -1 18 -1 327 -1 1021 -1 8403 -1 2205 -1 89 -1 38 -1 7237 -1 18 -1 589 -1 -2
622 -1 2 -1 8404 -1 2337 -1 18 -1 8405 -1 84 -1 8406 -1 6626 -1 1021 -1 697 -1 161 -1 266 -1 18 -1 4724 -1 1021 -1 1749 -1 8407 -1 1021 -1 8408 -1 18 -1 121 -1 6205 -1 -2
52 -1 18 -1 589 -1 -2
1944 -1 1021 -1 697 -1 1010 -1 8386 -1 -2
8409 -1 25 -1 8410 -1 226 -1 8411 -1 89 -1 370 -1 8412 -1 3464 -1 -2
8349 -1 256 -1 25 -1 8413 -1 3464 -1 -2
8322 -1 19 -1 25 -1 1110 -1 36 -1 6740 -1 -2
8414 -1 1165 -1 1110 -1 36 -1 -2
936 -1 2 -1 8384 -1 8415 -1 622 -1 5100 -1 6627 -1 1021 -1 3489 -1 -2
8390 -1 1021 -1 3489 -1 8334 -1 -2
80 -1 19 -1 561 -1 1757 -1 8416 -1 8417 -1 8418 -1 -2
10 -1 2 -1 8404 -1 2337 -1 18 -1 8419 -1 80 -1 2408 -1 161 -1 2867 -1 1021 -1 8420 -1 2391 -1 8421 -1 161 -1 136 -1 8422 -1 123 -1 1021 -1 5475 -1 35 -1 8423 -1 35 -1 7688 -1 8424 -1 -2
80 -1 19 -1 8425 -1 1021 -1 3489 -1 1828 -1 8334 -1 8390 -1 1021 -1 3489 -1 -2
214 -1 18 -1 8426 -1 171 -1 5100 -1 936 -1 8332 -1 8322 -1 8427 -1 5269 -1 123 -1 124 -1 38 -1 3464 -1 -2
8349 -1 8428 -1 10 -1 1165 -1 10 -1 6740 -1 -2
8322 -1 -2
5107 -1 67 -1 419 -1 7521 -1 -2
936 -1 1150 -1 53 -1 180 -1 561 -1 6740 -1 -2
8322 -1 562 -1 19 -1 3464 -1 -2
8322 -1 4200 -1 -2
8429 -1 19 -1 18 -1 8430 -1 -2
52 -1 8388 -1 25 -1 3118 -1 60 -1 2 -1 1402 -1 2337 -1 18 -1 19 -1 8430 -1 -2
18 -1 19 -1 1021 -1 419 -1 8334 -1 40 -1 561 -1 161 -1 45 -1 8431 -1 161 -1 7688 -1 3077 -1 2 -1 622 -1 1402 -1 2337 -1 18 -1 19 -1 8430 -1 -2
1010 -1 8386 -1 1944 -1 1021 -1 697 -1 -2
8427 -1 5100 -1 8432 -1 1021 -1 8389 -1 8433 -1 89 -1 25 -1 8390 -1 172 -1 22 -1 8332 -1 8319 -1 1757 -1 2987 -1 -2
7688 -1 231 -1 5100 -1 -2
562 -1 7 -1 697 -1 5516 -1 371 -1 8409 -1 25 -1 584 -1 8434 -1 158 -1 89 -1 370 -1 8412 -1 3464 -1 -2
8435 -1 235 -1 6740 -1 -2
8322 -1 684 -1 19 -1 18 -1 4200 -1 -2
8384 -1 8436 -1 8437 -1 8334 -1 22 -1 8437 -1 -2
684 -1 589 -1 5100 -1 8336 -1 -2
235 -1 22 -1 2126 -1 8438 -1 610 -1 161 -1 267 -1 5100 -1 1055 -1 40 -1 8390 -1 1021 -1 3489 -1 -2
54 -1 5100 -1 1055 -1 40 -1 8439 -1 1021 -1 419 -1 7962 -1 106 -1 19 -1 1021 -1 320 -1 73 -1 8416 -1 1558 -1 161 -1 136 -1 8440 -1 2900 -1 79 -1 80 -1 161 -1 8441 -1 1021 -1 8442 -1 4036 -1 3325 -1 25 -1 4924 -1 8443 -1 -2
541 -1 161 -1 5100 -1 161 -1 7688 -1 231 -1 5194 -1 1431 -1 -2
8390 -1 80 -1 8444 -1 936 -1 1343 -1 25 -1 640 -1 8390 -1 80 -1 8444 -1 936 -1 161 -1 1234 -1 8332 -1 8322 -1 51 -1 441 -1 1021 -1 6318 -1 22 -1 1021 -1 8445 -1 8391 -1 8446 -1 5100 -1 8447 -1 3464 -1 -2
8448 -1 8449 -1 1754 -1 -2
18 -1 8393 -1 235 -1 8450 -1 7 -1 5751 -1 89 -1 25 -1 576 -1 90 -1 -2
10 -1 936 -1 6740 -1 -2
8322 -1 723 -1 561 -1 67 -1 2127 -1 89 -1 25 -1 379 -1 4616 -1 -2
562 -1 589 -1 8366 -1 418 -1 63 -1 18 -1 19 -1 25 -1 1722 -1 22 -1 1021 -1 8338 -1 -2
8388 -1 25 -1 8334 -1 8426 -1 8451 -1 43 -1 8452 -1 8332 -1 8322 -1 95 -1 38 -1 3230 -1 -2
161 -1 22 -1 1021 -1 8453 -1 52 -1 266 -1 8454 -1 5269 -1 1021 -1 8455 -1 1327 -1 6 -1 8456 -1 73 -1 8416 -1 8457 -1 1021 -1 8458 -1 6626 -1 1021 -1 8459 -1 -2
8454 -1 121 -1 80 -1 35 -1 8342 -1 35 -1 8460 -1 6626 -1 8332 -1 8461 -1 411 -1 1021 -1 8462 -1 6626 -1 1021 -1 108 -1 8463 -1 -2
18 -1 19 -1 25 -1 419 -1 8464 -1 19 -1 8465 -1 25 -1 8343 -1 8335 -1 -2
3464 -1 -2
8349 -1 8466 -1 332 -1 2894 -1 22 -1 8467 -1 45 -1 8468 -1 -2
3464 -1 -2
8349 -1 391 -1 18 -1 7877 -1 66 -1 18 -1 188 -1 519 -1 8469 -1 181 -1 6740 -1 -2
8322 -1 67 -1 3716 -1 8470 -1 2258 -1 8471 -1 1854 -1 19 -1 8472 -1 1052 -1 40 -1 7 -1 4750 -1 63 -1 106 -1 2 -1 691 -1 40 -1 11 -1 8473 -1 2 -1 691 -1 40 -1 8474 -1 40 -1 4554 -1 8384 -1 8475 -1 1021 -1 2801 -1 1010 -1 8386 -1 5100 -1 4142 -1 8388 -1 723 -1 1021 -1 8389 -1 25 -1 8390 -1 -2
172 -1 8476 -1 136 -1 25 -1 5751 -1 857 -1 8396 -1 8343 -1 40 -1 8332 -1 8322 -1 161 -1 7688 -1 231 -1 5100 -1 89 -1 5194 -1 8477 -1 40 -1 25 -1 2535 -1 8478 -1 4612 -1 -2
3464 -1 -2
8349 -1 391 -1 6192 -1 785 -1 7 -1 8479 -1 8480 -1 857 -1 25 -1 1064 -1 -2
1269 -1 8481 -1 8482 -1 -2
181 -1 1269 -1 8483 -1 8482 -1 -2
936 -1 8483 -1 8482 -1 8484 -1 19 -1 3464 -1 -2
8485 -1 8486 -1 135 -1 18 -1 3472 -1 53 -1 8483 -1 8482 -1 -2
8384 -1 8487 -1 8388 -1 25 -1 3118 -1 1250 -1 63 -1 8322 -1 -2
3464 -1 -2
8349 -1 391 -1 8488 -1 63 -1 2 -1 8489 -1 2927 -1 8483 -1 8482 -1 2 -1 8490 -1 19 -1 7747 -1 73 -1 8491 -1 -2
589 -1 8492 -1 53 -1 8493 -1 235 -1 211 -1 8494 -1 8492 -1 53 -1 562 -1 7686 -1 19 -1 4200 -1 22 -1 8495 -1 1220 -1 8483 -1 8482 -1 -2
8496 -1 1021 -1 8388 -1 3464 -1 -2
8349 -1 24 -1 8497 -1 412 -1 8498 -1 8499 -1 8483 -1 8482 -1 -2
589 -1 7686 -1 1286 -1 8500 -1 8501 -1 5548 -1 8502 -1 211 -1 19 -1 53 -1 391 -1 3472 -1 22 -1 8495 -1 1220 -1 3262 -1 1633 -1 8500 -1 7686 -1 1122 -1 5548 -1 8502 -1 -2
8503 -1 1021 -1 6318 -1 1318 -1 2 -1 3464 -1 -2
8349 -1 24 -1 516 -1 8504 -1 622 -1 8505 -1 286 -1 8506 -1 5553 -1 8498 -1 8483 -1 8482 -1 -2
106 -1 2 -1 8507 -1 8508 -1 158 -1 38 -1 106 -1 19 -1 7686 -1 4200 -1 22 -1 8495 -1 1220 -1 89 -1 562 -1 18 -1 135 -1 8509 -1 252 -1 5548 -1 8502 -1 -2
2779 -1 106 -1 8510 -1 561 -1 -2
8511 -1 2144 -1 8512 -1 -2
161 -1 8513 -1 2 -1 8507 -1 8508 -1 8514 -1 8507 -1 8508 -1 158 -1 214 -1 8515 -1 38 -1 214 -1 269 -1 8516 -1 8517 -1 2 -1 8507 -1 8508 -1 8514 -1 8507 -1 8508 -1 8518 -1 8519 -1 8520 -1 37 -1 7 -1 8521 -1 38 -1 497 -1 172 -1 295 -1 -2
161 -1 8522 -1 73 -1 1781 -1 -2
7 -1 8523 -1 548 -1 1097 -1 494 -1 79 -1 7 -1 453 -1 87 -1 220 -1 80 -1 18 -1 327 -1 2344 -1 7 -1 8524 -1 8525 -1 73 -1 1123 -1 -2
2723 -1 87 -1 108 -1 8526 -1 73 -1 7 -1 5474 -1 87 -1 8527 -1 4 -1 37 -1 1521 -1 7 -1 8528 -1 327 -1 285 -1 89 -1 919 -1 2835 -1 4459 -1 -2
7 -1 1831 -1 19 -1 930 -1 87 -1 3055 -1 95 -1 382 -1 2342 -1 73 -1 8529 -1 -2
45 -1 2561 -1 8530 -1 35 -1 18 -1 952 -1 24 -1 45 -1 2525 -1 1628 -1 996 -1 22 -1 7 -1 3212 -1 1183 -1 482 -1 1674 -1 73 -1 1123 -1 8531 -1 2634 -1 22 -1 190 -1 486 -1 79 -1 7 -1 1097 -1 -2
18 -1 19 -1 79 -1 7 -1 8270 -1 73 -1 25 -1 513 -1 8532 -1 22 -1 186 -1 87 -1 7 -1 2723 -1 92 -1 8533 -1 1126 -1 919 -1 40 -1 8534 -1 25 -1 84 -1 1066 -1 562 -1 44 -1 7 -1 1831 -1 55 -1 158 -1 87 -1 273 -1 2251 -1 95 -1 25 -1 36 -1 97 -1 136 -1 35 -1 214 -1 18 -1 3190 -1 80 -1 19 -1 25 -1 807 -1 73 -1 6071 -1 2366 -1 -2
7 -1 2263 -1 55 -1 158 -1 2107 -1 562 -1 91 -1 184 -1 1849 -1 220 -1 7 -1 8523 -1 8535 -1 -2
18 -1 188 -1 8536 -1 58 -1 25 -1 36 -1 8537 -1 5173 -1 1446 -1 87 -1 235 -1 7537 -1 -2
7 -1 774 -1 73 -1 45 -1 4464 -1 3328 -1 19 -1 1806 -1 8538 -1 -2
18 -1 273 -1 4500 -1 8539 -1 149 -1 7 -1 8528 -1 95 -1 7 -1 579 -1 377 -1 73 -1 25 -1 3070 -1 684 -1 936 -1 92 -1 1790 -1 84 -1 8540 -1 73 -1 74 -1 1754 -1 -2
1447 -1 382 -1 379 -1 7 -1 4 -1 226 -1 136 -1 509 -1 8541 -1 87 -1 93 -1 5821 -1 87 -1 5147 -1 6 -1 382 -1 8542 -1 580 -1 1745 -1 562 -1 8543 -1 92 -1 13 -1 8544 -1 91 -1 327 -1 7745 -1 40 -1 2409 -1 80 -1 -2
35 -1 7 -1 1831 -1 94 -1 95 -1 7 -1 3070 -1 91 -1 551 -1 2657 -1 98 -1 1491 -1 607 -1 66 -1 89 -1 42 -1 6935 -1 441 -1 148 -1 423 -1 93 -1 1102 -1 7 -1 349 -1 1306 -1 35 -1 214 -1 98 -1 2953 -1 92 -1 416 -1 220 -1 7 -1 3649 -1 73 -1 25 -1 2169 -1 3338 -1 -2
7 -1 2091 -1 327 -1 73 -1 644 -1 696 -1 667 -1 40 -1 857 -1 45 -1 2525 -1 48 -1 45 -1 440 -1 860 -1 -2
18 -1 589 -1 13 -1 1374 -1 80 -1 6 -1 7 -1 8545 -1 -2
18 -1 8045 -1 80 -1 95 -1 7 -1 718 -1 73 -1 7 -1 5052 -1 8546 -1 -2
3232 -1 45 -1 141 -1 124 -1 7 -1 8547 -1 3070 -1 18 -1 273 -1 95 -1 7 -1 2525 -1 35 -1 18 -1 943 -1 80 -1 229 -1 87 -1 31 -1 8512 -1 35 -1 40 -1 106 -1 40 -1 60 -1 24 -1 80 -1 684 -1 40 -1 563 -1 80 -1 -2
22 -1 2034 -1 382 -1 3794 -1 327 -1 73 -1 25 -1 2126 -1 1635 -1 25 -1 1367 -1 431 -1 40 -1 136 -1 -2
18 -1 273 -1 95 -1 80 -1 22 -1 25 -1 866 -1 73 -1 8548 -1 35 -1 214 -1 18 -1 327 -1 696 -1 8549 -1 24 -1 25 -1 8550 -1 25 -1 8551 -1 211 -1 25 -1 8552 -1 -2
102 -1 18 -1 385 -1 40 -1 8553 -1 80 -1 -2
40 -1 8553 -1 25 -1 2525 -1 943 -1 6 -1 7 -1 440 -1 860 -1 95 -1 7 -1 718 -1 73 -1 7 -1 5052 -1 22 -1 25 -1 8554 -1 3223 -1 95 -1 7 -1 440 -1 8555 -1 38 -1 25 -1 4356 -1 4340 -1 73 -1 25 -1 8556 -1 6983 -1 -2
382 -1 1981 -1 2091 -1 3433 -1 22 -1 25 -1 2349 -1 3888 -1 24 -1 7 -1 2525 -1 87 -1 7 -1 8557 -1 8554 -1 87 -1 1447 -1 7 -1 90 -1 73 -1 80 -1 18 -1 1585 -1 58 -1 25 -1 8558 -1 -2
63 -1 95 -1 382 -1 6935 -1 7 -1 4 -1 7 -1 72 -1 1317 -1 124 -1 98 -1 8559 -1 8560 -1 87 -1 3920 -1 1126 -1 8561 -1 -2
7 -1 8562 -1 428 -1 7 -1 2525 -1 87 -1 1517 -1 3728 -1 80 -1 22 -1 7 -1 8554 -1 -2
95 -1 7 -1 90 -1 18 -1 1417 -1 3017 -1 2405 -1 87 -1 589 -1 13 -1 3889 -1 1901 -1 45 -1 1545 -1 40 -1 7512 -1 7 -1 1526 -1 73 -1 7 -1 1831 -1 -2
25 -1 2955 -1 5662 -1 1367 -1 4634 -1 40 -1 136 -1 37 -1 8563 -1 80 -1 -2
10 -1 4 -1 4125 -1 124 -1 382 -1 760 -1 87 -1 2368 -1 1782 -1 -2
80 -1 38 -1 35 -1 214 -1 7 -1 1981 -1 166 -1 860 -1 38 -1 220 -1 7 -1 5312 -1 580 -1 5974 -1 135 -1 7 -1 8564 -1 73 -1 441 -1 8565 -1 4508 -1 73 -1 8566 -1 8567 -1 8568 -1 4562 -1 3119 -1 4868 -1 25 -1 3444 -1 218 -1 124 -1 25 -1 6958 -1 4059 -1 87 -1 7 -1 1722 -1 73 -1 80 -1 8569 -1 6988 -1 220 -1 25 -1 5464 -1 228 -1 87 -1 1339 -1 7 -1 108 -1 4 -1 2025 -1 1610 -1 66 -1 91 -1 54 -1 84 -1 -2
45 -1 1209 -1 57 -1 95 -1 136 -1 24 -1 444 -1 141 -1 8570 -1 -2
4144 -1 91 -1 712 -1 5333 -1 66 -1 7 -1 7983 -1 73 -1 25 -1 1545 -1 220 -1 136 -1 1865 -1 3237 -1 136 -1 2858 -1 4393 -1 7 -1 4366 -1 8571 -1 136 -1 95 -1 805 -1 48 -1 7 -1 1035 -1 1027 -1 464 -1 -2
87 -1 607 -1 7 -1 8562 -1 879 -1 8572 -1 7 -1 2525 -1 1417 -1 3017 -1 2405 -1 -2
229 -1 92 -1 2263 -1 37 -1 8573 -1 5202 -1 -2
16 -1 8574 -1 2114 -1 45 -1 648 -1 87 -1 963 -1 7 -1 1831 -1 214 -1 18 -1 3126 -1 40 -1 1830 -1 220 -1 80 -1 63 -1 7 -1 168 -1 1335 -1 136 -1 126 -1 5030 -1 -2
18 -1 2084 -1 7 -1 57 -1 73 -1 16 -1 37 -1 3077 -1 18 -1 38 -1 7 -1 4387 -1 73 -1 25 -1 2368 -1 3037 -1 87 -1 7847 -1 45 -1 8575 -1 -2
18 -1 114 -1 94 -1 149 -1 7 -1 8528 -1 95 -1 7 -1 1306 -1 87 -1 235 -1 3232 -1 198 -1 460 -1 8576 -1 -2
18 -1 943 -1 45 -1 43 -1 8577 -1 1517 -1 22 -1 45 -1 440 -1 860 -1 35 -1 214 -1 7 -1 1981 -1 472 -1 19 -1 145 -1 73 -1 1165 -1 8578 -1 5751 -1 -2
87 -1 7 -1 4 -1 22 -1 230 -1 94 -1 95 -1 7 -1 3070 -1 235 -1 95 -1 7 -1 7229 -1 8579 -1 95 -1 7 -1 3070 -1 235 -1 95 -1 7 -1 1831 -1 -2
35 -1 7 -1 1981 -1 2091 -1 1026 -1 124 -1 7 -1 50 -1 73 -1 1502 -1 18 -1 19 -1 7047 -1 40 -1 171 -1 1790 -1 756 -1 580 -1 35 -1 25 -1 8580 -1 22 -1 7 -1 2771 -1 92 -1 464 -1 40 -1 136 -1 -2
18 -1 184 -1 25 -1 1759 -1 79 -1 25 -1 887 -1 1600 -1 1579 -1 149 -1 7 -1 989 -1 73 -1 159 -1 1768 -1 95 -1 7 -1 579 -1 3235 -1 580 -1 8581 -1 45 -1 5944 -1 -2
161 -1 1990 -1 2043 -1 1347 -1 1509 -1 45 -1 1600 -1 44 -1 40 -1 25 -1 1925 -1 2958 -1 87 -1 2114 -1 25 -1 76 -1 -2
80 -1 19 -1 89 -1 25 -1 3829 -1 4675 -1 58 -1 161 -1 8582 -1 8583 -1 -2
40 -1 7 -1 365 -1 73 -1 7 -1 1759 -1 87 -1 45 -1 2121 -1 25 -1 3193 -1 1817 -1 73 -1 25 -1 8584 -1 3 -1 211 -1 212 -1 2802 -1 87 -1 7 -1 8585 -1 73 -1 7 -1 1823 -1 1791 -1 441 -1 220 -1 8586 -1 1907 -1 92 -1 2527 -1 58 -1 8587 -1 40 -1 1374 -1 98 -1 453 -1 8588 -1 98 -1 3006 -1 3149 -1 879 -1 7 -1 2103 -1 8589 -1 22 -1 7 -1 162 -1 226 -1 519 -1 87 -1 2483 -1 98 -1 8590 -1 40 -1 298 -1 1047 -1 4413 -1 6976 -1 -2
25 -1 1740 -1 25 -1 6593 -1 87 -1 4046 -1 4414 -1 19 -1 426 -1 468 -1 7 -1 43 -1 -2
7 -1 894 -1 8591 -1 73 -1 4238 -1 7 -1 394 -1 73 -1 7 -1 8592 -1 1908 -1 3828 -1 87 -1 8593 -1 938 -1 87 -1 8594 -1 87 -1 401 -1 7 -1 1464 -1 73 -1 7 -1 4234 -1 7 -1 8595 -1 73 -1 7 -1 8596 -1 1739 -1 1122 -1 7 -1 1831 -1 40 -1 161 -1 1129 -1 1042 -1 -2
7 -1 1740 -1 2428 -1 22 -1 6117 -1 66 -1 2500 -1 7 -1 2205 -1 80 -1 145 -1 8597 -1 35 -1 6080 -1 35 -1 7 -1 2353 -1 73 -1 25 -1 778 -1 79 -1 7 -1 2877 -1 87 -1 562 -1 80 -1 389 -1 2849 -1 382 -1 5401 -1 73 -1 4234 -1 8598 -1 8599 -1 327 -1 25 -1 5071 -1 8600 -1 35 -1 214 -1 80 -1 92 -1 25 -1 8601 -1 -2
7 -1 774 -1 73 -1 80 -1 19 -1 25 -1 8602 -1 66 -1 491 -1 48 -1 7 -1 8603 -1 73 -1 166 -1 4195 -1 -2
7 -1 1831 -1 423 -1 1543 -1 45 -1 472 -1 35 -1 214 -1 80 -1 92 -1 73 -1 5751 -1 354 -1 29 -1 382 -1 1740 -1 1183 -1 441 -1 4113 -1 73 -1 80 -1 19 -1 432 -1 231 -1 7 -1 2441 -1 73 -1 7 -1 8592 -1 580 -1 1190 -1 87 -1 224 -1 87 -1 1335 -1 8604 -1 149 -1 7 -1 887 -1 4414 -1 -2
978 -1 18 -1 47 -1 45 -1 141 -1 468 -1 7 -1 1502 -1 684 -1 7 -1 1846 -1 1610 -1 3152 -1 58 -1 8605 -1 1610 -1 8606 -1 24 -1 1326 -1 8607 -1 87 -1 1610 -1 8608 -1 58 -1 7 -1 59 -1 -2
18 -1 184 -1 7 -1 1754 -1 2281 -1 4644 -1 87 -1 184 -1 6182 -1 73 -1 4 -1 37 -1 390 -1 87 -1 8609 -1 211 -1 354 -1 87 -1 703 -1 126 -1 95 -1 7 -1 4114 -1 637 -1 -2
18 -1 252 -1 220 -1 332 -1 2896 -1 87 -1 91 -1 2130 -1 136 -1 856 -1 40 -1 1134 -1 7 -1 1738 -1 6222 -1 -2
91 -1 2053 -1 269 -1 3181 -1 4039 -1 -2
22 -1 2798 -1 933 -1 4 -1 643 -1 1918 -1 163 -1 1732 -1 22 -1 7 -1 1502 -1 1921 -1 904 -1 73 -1 80 -1 1293 -1 2263 -1 -2
91 -1 2130 -1 7 -1 2702 -1 73 -1 1692 -1 1823 -1 1692 -1 8529 -1 7 -1 3371 -1 73 -1 1692 -1 1759 -1 -2
7 -1 1831 -1 6400 -1 45 -1 1981 -1 472 -1 8576 -1 273 -1 220 -1 519 -1 24 -1 3829 -1 -2
95 -1 7 -1 1912 -1 25 -1 2030 -1 19 -1 1405 -1 1123 -1 87 -1 8610 -1 24 -1 1939 -1 58 -1 25 -1 3288 -1 8611 -1 -2
2841 -1 1684 -1 252 -1 158 -1 40 -1 136 -1 87 -1 986 -1 4220 -1 756 -1 73 -1 580 -1 18 -1 1921 -1 1290 -1 -2
16 -1 3453 -1 45 -1 472 -1 241 -1 40 -1 5298 -1 -2
109 -1 36 -1 658 -1 643 -1 309 -1 40 -1 60 -1 -2
53 -1 691 -1 40 -1 1231 -1 66 -1 431 -1 18 -1 7906 -1 7 -1 1831 -1 87 -1 7 -1 8523 -1 2955 -1 -2
18 -1 1429 -1 7 -1 8535 -1 87 -1 466 -1 993 -1 7 -1 472 -1 1692 -1 8612 -1 73 -1 580 -1 452 -1 8613 -1 411 -1 45 -1 2510 -1 -2
18 -1 810 -1 45 -1 2519 -1 149 -1 7 -1 2955 -1 8614 -1 126 -1 22 -1 7 -1 909 -1 -2
45 -1 3172 -1 3377 -1 16 -1 40 -1 662 -1 66 -1 18 -1 19 -1 22 -1 7 -1 4761 -1 73 -1 356 -1 1981 -1 1692 -1 1766 -1 -2
7 -1 1831 -1 3223 -1 45 -1 82 -1 974 -1 22 -1 382 -1 5126 -1 66 -1 18 -1 589 -1 13 -1 11 -1 856 -1 40 -1 51 -1 7911 -1 1981 -1 -2
7 -1 2136 -1 74 -1 8615 -1 73 -1 7 -1 6222 -1 92 -1 8616 -1 461 -1 161 -1 340 -1 8617 -1 -2
229 -1 19 -1 172 -1 25 -1 3369 -1 8618 -1 -2
22 -1 7 -1 8619 -1 3 -1 8620 -1 8621 -1 4234 -1 22 -1 7 -1 1218 -1 6025 -1 -2
7 -1 1567 -1 92 -1 1580 -1 7 -1 3828 -1 73 -1 80 -1 316 -1 87 -1 3098 -1 5859 -1 87 -1 8622 -1 879 -1 124 -1 7 -1 8620 -1 2550 -1 8623 -1 24 -1 1981 -1 229 -1 252 -1 161 -1 1647 -1 255 -1 -2
161 -1 8624 -1 1523 -1 73 -1 8625 -1 4 -1 92 -1 2057 -1 87 -1 650 -1 -2
513 -1 4168 -1 5 -1 411 -1 7 -1 822 -1 8626 -1 1491 -1 211 -1 606 -1 211 -1 307 -1 -2
229 -1 19 -1 25 -1 5733 -1 73 -1 332 -1 866 -1 8627 -1 79 -1 7 -1 337 -1 73 -1 7 -1 8617 -1 -2
663 -1 24 -1 45 -1 316 -1 310 -1 25 -1 4036 -1 25 -1 36 -1 24 -1 25 -1 377 -1 35 -1 1027 -1 35 -1 25 -1 760 -1 1641 -1 1097 -1 19 -1 8628 -1 4568 -1 25 -1 8629 -1 2516 -1 -2
7 -1 1831 -1 2285 -1 40 -1 3136 -1 1126 -1 87 -1 8127 -1 136 -1 66 -1 18 -1 19 -1 1039 -1 -2
25 -1 4905 -1 8630 -1 19 -1 3048 -1 97 -1 7 -1 1831 -1 -2
8631 -1 18 -1 15 -1 24 -1 25 -1 8632 -1 381 -1 -2
235 -1 18 -1 3581 -1 2316 -1 73 -1 7 -1 8523 -1 472 -1 87 -1 45 -1 377 -1 95 -1 805 -1 378 -1 -2
10 -1 1563 -1 613 -1 25 -1 57 -1 95 -1 80 -1 18 -1 31 -1 1916 -1 44 -1 73 -1 25 -1 513 -1 4109 -1 89 -1 7 -1 1831 -1 -2
382 -1 2955 -1 2899 -1 3728 -1 7 -1 168 -1 79 -1 25 -1 1165 -1 2136 -1 4647 -1 8633 -1 -2
7 -1 5274 -1 55 -1 158 -1 2335 -1 106 -1 8634 -1 327 -1 8635 -1 80 -1 123 -1 66 -1 309 -1 295 -1 7 -1 1831 -1 3063 -1 418 -1 25 -1 36 -1 562 -1 7 -1 2955 -1 19 -1 8636 -1 7 -1 5274 -1 7949 -1 80 -1 8637 -1 -2
8638 -1 18 -1 15 -1 -2
53 -1 285 -1 361 -1 24 -1 561 -1 87 -1 1119 -1 8639 -1 40 -1 53 -1 45 -1 248 -1 3350 -1 7 -1 2726 -1 318 -1 35 -1 214 -1 18 -1 92 -1 1468 -1 53 -1 790 -1 613 -1 40 -1 195 -1 40 -1 8314 -1 7 -1 1831 -1 327 -1 696 -1 1165 -1 8640 -1 63 -1 936 -1 45 -1 377 -1 3488 -1 87 -1 18 -1 273 -1 48 -1 7 -1 8641 -1 141 -1 -2
2 -1 1399 -1 2 -1 1106 -1 613 -1 80 -1 8642 -1 18 -1 15 -1 -2
1266 -1 36 -1 -2
1266 -1 -2
1266 -1 55 -1 7 -1 5274 -1 -2
285 -1 361 -1 936 -1 -2
2 -1 1106 -1 8643 -1 80 -1 -2
285 -1 361 -1 -2
622 -1 51 -1 25 -1 8644 -1 1473 -1 195 -1 73 -1 561 -1 15 -1 7 -1 1831 -1 1543 -1 316 -1 8645 -1 45 -1 388 -1 416 -1 220 -1 7 -1 246 -1 73 -1 7 -1 340 -1 8617 -1 35 -1 1406 -1 40 -1 136 -1 35 -1 7 -1 7266 -1 73 -1 2580 -1 -2
87 -1 382 -1 38 -1 7 -1 2982 -1 73 -1 856 -1 7 -1 1831 -1 432 -1 45 -1 472 -1 -2
562 -1 18 -1 491 -1 2408 -1 45 -1 3473 -1 45 -1 3262 -1 45 -1 5881 -1 8646 -1 89 -1 25 -1 576 -1 90 -1 95 -1 7 -1 2316 -1 73 -1 7 -1 6926 -1 8535 -1 -2
418 -1 10 -1 18 -1 15 -1 1207 -1 8647 -1 2492 -1 933 -1 2448 -1 2 -1 622 -1 649 -1 80 -1 8084 -1 607 -1 1409 -1 35 -1 441 -1 66 -1 7 -1 248 -1 73 -1 7 -1 1741 -1 -2
7 -1 340 -1 36 -1 8648 -1 19 -1 1114 -1 79 -1 25 -1 347 -1 6946 -1 24 -1 45 -1 74 -1 8649 -1 226 -1 45 -1 1393 -1 -2
18 -1 273 -1 95 -1 7 -1 352 -1 18 -1 273 -1 95 -1 7 -1 8 -1 18 -1 273 -1 95 -1 7 -1 8650 -1 182 -1 18 -1 171 -1 983 -1 5067 -1 -2
87 -1 18 -1 19 -1 1165 -1 3307 -1 551 -1 -2
37 -1 1150 -1 2025 -1 7 -1 4121 -1 73 -1 25 -1 3788 -1 1549 -1 329 -1 38 -1 35 -1 444 -1 35 -1 25 -1 679 -1 8651 -1 562 -1 382 -1 2726 -1 329 -1 38 -1 35 -1 1312 -1 35 -1 25 -1 5752 -1 467 -1 8652 -1 -2
18 -1 273 -1 8653 -1 95 -1 332 -1 820 -1 22 -1 7 -1 8 -1 -2
1015 -1 1633 -1 6926 -1 5069 -1 -2
214 -1 2 -1 327 -1 519 -1 18 -1 94 -1 95 -1 8654 -1 22 -1 7 -1 352 -1 -2
1015 -1 106 -1 25 -1 1064 -1 38 -1 229 -1 63 -1 7 -1 1783 -1 73 -1 1128 -1 53 -1 11 -1 327 -1 8095 -1 7 -1 340 -1 36 -1 8648 -1 40 -1 462 -1 95 -1 441 -1 2488 -1 18 -1 4021 -1 66 -1 1692 -1 8655 -1 1771 -1 298 -1 25 -1 513 -1 143 -1 22 -1 7 -1 575 -1 -2
607 -1 7 -1 340 -1 178 -1 19 -1 2394 -1 40 -1 1437 -1 423 -1 87 -1 2277 -1 89 -1 45 -1 5067 -1 40 -1 285 -1 3022 -1 6758 -1 -2
983 -1 16 -1 37 -1 188 -1 385 -1 382 -1 2793 -1 3077 -1 106 -1 7636 -1 2395 -1 277 -1 7446 -1 -2
805 -1 45 -1 305 -1 7 -1 84 -1 8656 -1 730 -1 97 -1 87 -1 8648 -1 247 -1 40 -1 136 -1 -2
7123 -1 673 -1 533 -1 285 -1 87 -1 4554 -1 24 -1 561 -1 35 -1 40 -1 856 -1 2 -1 592 -1 51 -1 3552 -1 7 -1 84 -1 8656 -1 252 -1 87 -1 496 -1 45 -1 307 -1 5368 -1 87 -1 3363 -1 8657 -1 63 -1 18 -1 182 -1 60 -1 1290 -1 24 -1 7 -1 2271 -1 -2
53 -1 171 -1 18 -1 15 -1 382 -1 38 -1 643 -1 3333 -1 8658 -1 580 -1 16 -1 8659 -1 790 -1 8660 -1 8648 -1 1217 -1 161 -1 3007 -1 -2
63 -1 80 -1 38 -1 161 -1 940 -1 1361 -1 1336 -1 7 -1 84 -1 8656 -1 580 -1 4747 -1 272 -1 58 -1 25 -1 1080 -1 923 -1 -2
2 -1 622 -1 171 -1 106 -1 1150 -1 51 -1 1321 -1 1859 -1 593 -1 817 -1 66 -1 84 -1 3788 -1 73 -1 7 -1 8661 -1 84 -1 889 -1 24 -1 3 -1 606 -1 3 -1 307 -1 16 -1 82 -1 87 -1 25 -1 1165 -1 854 -1 162 -1 40 -1 4738 -1 272 -1 -2
18 -1 38 -1 15 -1 40 -1 51 -1 1165 -1 2788 -1 37 -1 8662 -1 80 -1 89 -1 136 -1 963 -1 8648 -1 -2
18 -1 8662 -1 80 -1 89 -1 202 -1 6503 -1 7 -1 8656 -1 -2
10 -1 8663 -1 136 -1 -2
1473 -1 792 -1 171 -1 -2
18 -1 38 -1 5851 -1 25 -1 866 -1 84 -1 889 -1 87 -1 562 -1 18 -1 5328 -1 412 -1 8664 -1 18 -1 790 -1 4738 -1 272 -1 419 -1 7 -1 8656 -1 730 -1 1183 -1 18 -1 3011 -1 16 -1 73 -1 933 -1 836 -1 3814 -1 -2
418 -1 673 -1 889 -1 7 -1 513 -1 2686 -1 8648 -1 8665 -1 53 -1 297 -1 18 -1 1161 -1 8648 -1 7 -1 513 -1 2686 -1 15 -1 7 -1 8656 -1 114 -1 2247 -1 66 -1 7 -1 84 -1 889 -1 327 -1 13 -1 236 -1 8666 -1 -2
10 -1 87 -1 109 -1 297 -1 18 -1 8663 -1 561 -1 2488 -1 18 -1 38 -1 22 -1 8664 -1 87 -1 18 -1 8667 -1 67 -1 5202 -1 7 -1 84 -1 889 -1 2388 -1 89 -1 25 -1 90 -1 87 -1 235 -1 15 -1 2 -1 790 -1 195 -1 562 -1 8648 -1 372 -1 7 -1 84 -1 889 -1 87 -1 7 -1 8656 -1 18 -1 619 -1 3098 -1 45 -1 513 -1 3657 -1 606 -1 -2
418 -1 1902 -1 84 -1 889 -1 24 -1 3 -1 606 -1 3 -1 307 -1 25 -1 82 -1 87 -1 25 -1 1165 -1 854 -1 162 -1 868 -1 561 -1 22 -1 412 -1 4121 -1 -2
4345 -1 2 -1 8648 -1 37 -1 184 -1 7 -1 1783 -1 73 -1 1128 -1 8668 -1 7 -1 923 -1 2 -1 37 -1 1921 -1 7 -1 1862 -1 22 -1 45 -1 3452 -1 2 -1 8648 -1 7649 -1 40 -1 53 -1 84 -1 889 -1 -2
2 -1 119 -1 3307 -1 391 -1 25 -1 879 -1 7 -1 84 -1 889 -1 963 -1 856 -1 1409 -1 790 -1 53 -1 4847 -1 4847 -1 15 -1 8648 -1 -2
4847 -1 15 -1 7 -1 8656 -1 -2
5348 -1 8669 -1 7 -1 84 -1 889 -1 4847 -1 63 -1 693 -1 8648 -1 92 -1 53 -1 299 -1 3307 -1 -2
2 -1 180 -1 53 -1 2 -1 119 -1 3307 -1 87 -1 38 -1 67 -1 103 -1 2800 -1 235 -1 4847 -1 7 -1 84 -1 889 -1 47 -1 8191 -1 126 -1 -2
418 -1 8648 -1 856 -1 1409 -1 4073 -1 188 -1 8670 -1 3806 -1 53 -1 3830 -1 53 -1 184 -1 7 -1 1783 -1 73 -1 1128 -1 8668 -1 7 -1 923 -1 87 -1 3830 -1 53 -1 1921 -1 7 -1 1862 -1 22 -1 45 -1 3452 -1 -2
2 -1 15 -1 4847 -1 87 -1 4144 -1 67 -1 8664 -1 8671 -1 412 -1 5775 -1 -2
80 -1 38 -1 852 -1 666 -1 -2
2201 -1 80 -1 38 -1 3272 -1 66 -1 593 -1 589 -1 13 -1 171 -1 7 -1 1783 -1 73 -1 1128 -1 8668 -1 7 -1 923 -1 -2
3375 -1 589 -1 593 -1 11 -1 7 -1 1862 -1 22 -1 45 -1 3452 -1 235 -1 589 -1 8648 -1 1464 -1 87 -1 8020 -1 22 -1 45 -1 2110 -1 -2
418 -1 8672 -1 -2
1473 -1 792 -1 8673 -1 235 -1 -2
856 -1 1409 -1 89 -1 67 -1 1849 -1 149 -1 7 -1 84 -1 889 -1 3223 -1 2580 -1 -2
63 -1 18 -1 2787 -1 4148 -1 202 -1 87 -1 8674 -1 8648 -1 7 -1 513 -1 53 -1 37 -1 184 -1 7 -1 1783 -1 73 -1 1128 -1 8668 -1 7 -1 923 -1 87 -1 37 -1 1921 -1 7 -1 1862 -1 22 -1 45 -1 3452 -1 8675 -1 382 -1 2535 -1 84 -1 889 -1 -2
67 -1 5960 -1 8658 -1 592 -1 51 -1 412 -1 1402 -1 -2
2 -1 119 -1 67 -1 7365 -1 80 -1 38 -1 10 -1 15 -1 8648 -1 95 -1 805 -1 89 -1 45 -1 1797 -1 19 -1 1955 -1 3213 -1 -2
87 -1 936 -1 106 -1 790 -1 53 -1 60 -1 7 -1 84 -1 889 -1 563 -1 45 -1 860 -1 220 -1 45 -1 1369 -1 87 -1 2388 -1 -2
10 -1 80 -1 3731 -1 53 -1 54 -1 3307 -1 87 -1 7 -1 1783 -1 73 -1 1128 -1 188 -1 8095 -1 53 -1 40 -1 195 -1 89 -1 5067 -1 22 -1 712 -1 66 -1 67 -1 4208 -1 99 -1 790 -1 8676 -1 7 -1 1108 -1 24 -1 21 -1 -2
106 -1 53 -1 7693 -1 38 -1 25 -1 1120 -1 73 -1 1200 -1 25 -1 1120 -1 73 -1 1200 -1 55 -1 8648 -1 8677 -1 -2
25 -1 1120 -1 73 -1 1200 -1 2912 -1 7 -1 8656 -1 22 -1 2283 -1 -2
856 -1 1165 -1 1288 -1 391 -1 441 -1 87 -1 2201 -1 856 -1 2788 -1 63 -1 15 -1 8648 -1 391 -1 7 -1 103 -1 4509 -1 37 -1 1150 -1 298 -1 561 -1 933 -1 1200 -1 7 -1 84 -1 889 -1 699 -1 2 -1 87 -1 412 -1 866 -1 54 -1 513 -1 2488 -1 95 -1 213 -1 593 -1 1150 -1 298 -1 16 -1 1340 -1 3421 -1 25 -1 1198 -1 679 -1 2202 -1 -2
382 -1 38 -1 7 -1 6698 -1 73 -1 852 -1 2702 -1 -2
80 -1 790 -1 51 -1 1290 -1 89 -1 792 -1 40 -1 298 -1 1200 -1 89 -1 1901 -1 53 -1 513 -1 8648 -1 -2
2 -1 87 -1 412 -1 866 -1 790 -1 8678 -1 7 -1 8679 -1 84 -1 8680 -1 790 -1 285 -1 87 -1 6847 -1 79 -1 382 -1 5071 -1 2024 -1 66 -1 8681 -1 124 -1 7 -1 8 -1 40 -1 7 -1 8 -1 87 -1 593 -1 790 -1 298 -1 1200 -1 89 -1 53 -1 8648 -1 2285 -1 40 -1 8682 -1 7 -1 84 -1 889 -1 -2
418 -1 1653 -1 -2
418 -1 615 -1 73 -1 84 -1 8683 -1 -2
1381 -1 -2
1381 -1 -2
1381 -1 -2
8663 -1 67 -1 866 -1 6847 -1 22 -1 7 -1 2024 -1 87 -1 298 -1 561 -1 1200 -1 -2
1015 -1 562 -1 805 -1 8648 -1 1150 -1 8684 -1 79 -1 45 -1 1200 -1 124 -1 863 -1 40 -1 863 -1 235 -1 1161 -1 2535 -1 340 -1 2528 -1 8648 -1 -2
7 -1 84 -1 889 -1 8685 -1 45 -1 866 -1 91 -1 8686 -1 79 -1 7 -1 8687 -1 91 -1 145 -1 382 -1 87 -1 91 -1 145 -1 66 -1 63 -1 91 -1 145 -1 643 -1 1200 -1 89 -1 8648 -1 -2
87 -1 1610 -1 562 -1 7 -1 8688 -1 248 -1 73 -1 7 -1 340 -1 6702 -1 6766 -1 87 -1 6766 -1 214 -1 53 -1 11 -1 66 -1 2939 -1 53 -1 1150 -1 739 -1 136 -1 1234 -1 418 -1 8689 -1 -2
8689 -1 -2
8689 -1 -2
684 -1 54 -1 412 -1 1200 -1 -2
412 -1 1200 -1 8689 -1 -2
2 -1 119 -1 3307 -1 -2
684 -1 54 -1 412 -1 1200 -1 63 -1 7 -1 84 -1 889 -1 2487 -1 4892 -1 45 -1 1545 -1 3241 -1 45 -1 4696 -1 87 -1 8690 -1 -2
67 -1 1200 -1 1161 -1 288 -1 -2
1437 -1 423 -1 87 -1 3151 -1 89 -1 519 -1 -2
340 -1 302 -1 109 -1 589 -1 7 -1 1828 -1 6655 -1 1291 -1 -2
211 -1 7 -1 8691 -1 8692 -1 -2
441 -1 19 -1 93 -1 22 -1 7 -1 84 -1 8693 -1 8694 -1 8071 -1 -2
25 -1 3812 -1 6655 -1 24 -1 25 -1 8695 -1 8696 -1 87 -1 25 -1 752 -1 8697 -1 1213 -1 25 -1 675 -1 860 -1 40 -1 45 -1 5696 -1 87 -1 3138 -1 316 -1 25 -1 7093 -1 8698 -1 -2
18 -1 8699 -1 87 -1 509 -1 17 -1 95 -1 7 -1 7137 -1 7368 -1 73 -1 7 -1 3135 -1 -2
234 -1 7 -1 348 -1 87 -1 3628 -1 252 -1 426 -1 132 -1 7 -1 5047 -1 8700 -1 87 -1 198 -1 921 -1 149 -1 7 -1 4296 -1 -2
25 -1 8134 -1 8701 -1 8702 -1 6 -1 -2
22 -1 7 -1 6025 -1 79 -1 7 -1 4287 -1 25 -1 1017 -1 5469 -1 3216 -1 24 -1 1675 -1 8703 -1 -2
7 -1 8069 -1 784 -1 7 -1 6655 -1 -2
722 -1 723 -1 4242 -1 724 -1 214 -1 1851 -1 1771 -1 285 -1 22 -1 87 -1 4724 -1 272 -1 214 -1 8704 -1 291 -1 8705 -1 8706 -1 18 -1 1931 -1 2492 -1 7 -1 735 -1 73 -1 7 -1 1027 -1 5056 -1 -2
643 -1 5646 -1 252 -1 -2
18 -1 766 -1 25 -1 576 -1 7951 -1 87 -1 5 -1 131 -1 79 -1 25 -1 347 -1 8707 -1 -2
124 -1 803 -1 25 -1 7947 -1 73 -1 8708 -1 3023 -1 18 -1 952 -1 25 -1 8692 -1 8709 -1 24 -1 25 -1 5149 -1 79 -1 7 -1 2630 -1 -2
18 -1 8699 -1 114 -1 1154 -1 2777 -1 468 -1 7 -1 4207 -1 87 -1 751 -1 202 -1 35 -1 1166 -1 35 -1 7 -1 2626 -1 1771 -1 1473 -1 136 -1 220 -1 7 -1 347 -1 8707 -1 -2
18 -1 304 -1 7 -1 343 -1 87 -1 241 -1 40 -1 2010 -1 -2
861 -1 80 -1 182 -1 613 -1 696 -1 4418 -1 66 -1 45 -1 8695 -1 8696 -1 428 -1 79 -1 25 -1 8710 -1 73 -1 5670 -1 87 -1 7 -1 3966 -1 502 -1 79 -1 45 -1 5696 -1 1556 -1 8711 -1 73 -1 1025 -1 8712 -1 -2
8713 -1 589 -1 13 -1 171 -1 7 -1 1828 -1 355 -1 89 -1 332 -1 2406 -1 2010 -1 7 -1 6655 -1 -2
18 -1 19 -1 8714 -1 -2
18 -1 31 -1 1894 -1 40 -1 8715 -1 66 -1 7698 -1 8323 -1 124 -1 370 -1 1848 -1 -2
95 -1 708 -1 18 -1 184 -1 370 -1 141 -1 22 -1 7 -1 923 -1 -2
45 -1 7502 -1 92 -1 2462 -1 -2
18 -1 532 -1 7 -1 2987 -1 -2
8716 -1 589 -1 13 -1 1652 -1 -2
16 -1 1766 -1 18 -1 981 -1 8717 -1 -2
8717 -1 2084 -1 25 -1 887 -1 8718 -1 -2
229 -1 92 -1 8719 -1 79 -1 7 -1 43 -1 5204 -1 -2
45 -1 1508 -1 19 -1 6715 -1 -2
18 -1 327 -1 13 -1 8720 -1 -2
8713 -1 2104 -1 48 -1 2448 -1 -2
2 -1 4289 -1 370 -1 -2
2 -1 4289 -1 370 -1 -2
2 -1 592 -1 2951 -1 8717 -1 369 -1 7347 -1 -2
45 -1 8697 -1 19 -1 4975 -1 -2
8721 -1 382 -1 641 -1 22 -1 4289 -1 -2
288 -1 -2
8722 -1 -2
63 -1 95 -1 401 -1 18 -1 8723 -1 136 -1 -2
371 -1 3330 -1 40 -1 7 -1 8724 -1 1692 -1 2764 -1 -2
7758 -1 8713 -1 8725 -1 136 -1 -2
7 -1 1900 -1 1766 -1 8713 -1 1931 -1 95 -1 7 -1 4207 -1 1802 -1 -2
25 -1 8726 -1 19 -1 8727 -1 8728 -1 -2
3 -1 6705 -1 92 -1 2744 -1 22 -1 161 -1 276 -1 -2
25 -1 4612 -1 19 -1 8729 -1 332 -1 337 -1 -2
382 -1 513 -1 5133 -1 8730 -1 24 -1 1558 -1 -2
8716 -1 252 -1 -2
371 -1 589 -1 13 -1 2586 -1 8713 -1 -2
371 -1 1026 -1 24 -1 25 -1 5739 -1 381 -1 79 -1 370 -1 377 -1 -2
371 -1 273 -1 7703 -1 1959 -1 6922 -1 -2
8713 -1 206 -1 202 -1 8731 -1 -2
1015 -1 412 -1 2333 -1 371 -1 1949 -1 7 -1 4207 -1 -2
7 -1 1828 -1 36 -1 1810 -1 25 -1 2397 -1 66 -1 1669 -1 7 -1 8732 -1 1849 -1 40 -1 45 -1 5163 -1 -2
80 -1 327 -1 696 -1 8733 -1 -2
229 -1 19 -1 6025 -1 -2
24 -1 16 -1 8734 -1 860 -1 8716 -1 2074 -1 370 -1 8735 -1 -2
8713 -1 8736 -1 1126 -1 184 -1 370 -1 25 -1 1828 -1 36 -1 22 -1 25 -1 353 -1 8737 -1 252 -1 48 -1 7 -1 84 -1 8693 -1 8694 -1 8071 -1 -2
1015 -1 1268 -1 5084 -1 15 -1 18 -1 40 -1 7 -1 6655 -1 63 -1 60 -1 53 -1 613 -1 161 -1 8738 -1 89 -1 25 -1 2870 -1 6017 -1 172 -1 -2
2 -1 613 -1 696 -1 8739 -1 25 -1 8740 -1 131 -1 1021 -1 4987 -1 89 -1 332 -1 90 -1 63 -1 8741 -1 -2
643 -1 -2
53 -1 613 -1 1352 -1 172 -1 -2
10 -1 109 -1 622 -1 53 -1 2874 -1 16 -1 295 -1 -2
8742 -1 51 -1 25 -1 419 -1 431 -1 22 -1 382 -1 5468 -1 -2
2 -1 971 -1 1162 -1 132 -1 7 -1 1802 -1 87 -1 8742 -1 51 -1 25 -1 513 -1 431 -1 89 -1 561 -1 -2
2 -1 11 -1 8114 -1 73 -1 1276 -1 37 -1 8743 -1 -2
418 -1 53 -1 622 -1 -2
418 -1 35 -1 7 -1 1828 -1 36 -1 22 -1 7 -1 353 -1 8737 -1 8744 -1 7 -1 6655 -1 24 -1 25 -1 8695 -1 8696 -1 145 -1 25 -1 3307 -1 5217 -1 95 -1 7 -1 8709 -1 -2
18 -1 1336 -1 40 -1 2010 -1 2519 -1 2472 -1 22 -1 25 -1 8745 -1 -2
8713 -1 587 -1 1126 -1 -2
18 -1 794 -1 123 -1 7 -1 2519 -1 -2
98 -1 141 -1 981 -1 -2
35 -1 18 -1 3220 -1 7 -1 2519 -1 98 -1 148 -1 3698 -1 -2
7 -1 1828 -1 355 -1 2697 -1 -2
8713 -1 19 -1 22 -1 8746 -1 -2
1015 -1 412 -1 2333 -1 25 -1 8747 -1 311 -1 19 -1 5054 -1 149 -1 3 -1 8748 -1 24 -1 161 -1 340 -1 4612 -1 -2
25 -1 7249 -1 1814 -1 24 -1 25 -1 2115 -1 220 -1 45 -1 5204 -1 87 -1 25 -1 8749 -1 641 -1 92 -1 29 -1 25 -1 8750 -1 -2
7 -1 8751 -1 73 -1 497 -1 4239 -1 252 -1 124 -1 1571 -1 8752 -1 -2
7 -1 7812 -1 79 -1 7 -1 1575 -1 149 -1 7 -1 8753 -1 6289 -1 79 -1 7 -1 1802 -1 4301 -1 7147 -1 58 -1 513 -1 8754 -1 73 -1 1849 -1 -2
80 -1 19 -1 1380 -1 79 -1 8755 -1 8756 -1 172 -1 7 -1 6655 -1 8757 -1 332 -1 8758 -1 8759 -1 8760 -1 73 -1 25 -1 939 -1 73 -1 4858 -1 797 -1 8761 -1 7 -1 8762 -1 79 -1 7 -1 2947 -1 73 -1 25 -1 4783 -1 8763 -1 7 -1 7652 -1 73 -1 1405 -1 7586 -1 7 -1 8764 -1 73 -1 8765 -1 8766 -1 1558 -1 22 -1 7 -1 8767 -1 87 -1 3535 -1 22 -1 7 -1 7168 -1 73 -1 8768 -1 -2
22 -1 933 -1 8759 -1 7 -1 5349 -1 73 -1 7 -1 8769 -1 73 -1 8770 -1 4522 -1 19 -1 8771 -1 87 -1 80 -1 19 -1 965 -1 109 -1 8772 -1 8773 -1 266 -1 3093 -1 370 -1 8774 -1 1594 -1 123 -1 -2
235 -1 18 -1 3441 -1 8716 -1 198 -1 40 -1 7 -1 1864 -1 -2
7 -1 1900 -1 1766 -1 8713 -1 127 -1 -2
91 -1 981 -1 22 -1 7 -1 2106 -1 -2
7 -1 1828 -1 355 -1 327 -1 5719 -1 7 -1 5720 -1 73 -1 7 -1 8775 -1 -2
371 -1 8776 -1 -2
371 -1 273 -1 7703 -1 1959 -1 6922 -1 -2
8713 -1 206 -1 1772 -1 24 -1 4037 -1 -2
1015 -1 412 -1 2333 -1 371 -1 327 -1 696 -1 1574 -1 -2
158 -1 73 -1 1544 -1 371 -1 1221 -1 131 -1 22 -1 7 -1 7405 -1 -2
371 -1 943 -1 158 -1 370 -1 860 -1 -2
2 -1 119 -1 607 -1 1724 -1 40 -1 171 -1 53 -1 8713 -1 19 -1 8777 -1 95 -1 382 -1 4202 -1 -2
18 -1 471 -1 468 -1 370 -1 -2
44 -1 18 -1 2104 -1 48 -1 2448 -1 -2
2 -1 4289 -1 53 -1 -2
2 -1 4289 -1 53 -1 -2
2 -1 4289 -1 53 -1 18 -1 8778 -1 -2
25 -1 199 -1 73 -1 752 -1 87 -1 74 -1 3023 -1 3223 -1 79 -1 25 -1 50 -1 332 -1 637 -1 126 -1 -2
7 -1 1832 -1 3395 -1 124 -1 7 -1 440 -1 327 -1 25 -1 2506 -1 628 -1 7 -1 2947 -1 -2
25 -1 8779 -1 79 -1 7 -1 365 -1 337 -1 73 -1 25 -1 8780 -1 97 -1 7 -1 3395 -1 19 -1 4516 -1 8781 -1 124 -1 25 -1 6590 -1 -2
7 -1 8782 -1 4459 -1 73 -1 7 -1 6590 -1 327 -1 25 -1 4087 -1 22 -1 80 -1 -2
8716 -1 8713 -1 19 -1 417 -1 1910 -1 -2
18 -1 1417 -1 468 -1 370 -1 1183 -1 45 -1 8732 -1 1544 -1 331 -1 7 -1 8783 -1 79 -1 370 -1 2947 -1 -2
8716 -1 542 -1 8784 -1 1828 -1 36 -1 15 -1 161 -1 8785 -1 2176 -1 24 -1 25 -1 7120 -1 4350 -1 40 -1 7 -1 6655 -1 24 -1 25 -1 8695 -1 8696 -1 613 -1 53 -1 983 -1 8786 -1 3032 -1 280 -1 87 -1 316 -1 -2
825 -1 -2
8786 -1 3032 -1 280 -1 87 -1 316 -1 2 -1 15 -1 -2
8787 -1 739 -1 825 -1 -2
8786 -1 3032 -1 280 -1 87 -1 316 -1 10 -1 235 -1 109 -1 266 -1 53 -1 1234 -1 607 -1 -2
80 -1 1771 -1 4847 -1 53 -1 40 -1 51 -1 25 -1 3046 -1 904 -1 6172 -1 1828 -1 36 -1 -2
562 -1 53 -1 817 -1 35 -1 340 -1 35 -1 2 -1 119 -1 53 -1 790 -1 1134 -1 158 -1 66 -1 80 -1 5447 -1 8788 -1 -2
2 -1 266 -1 171 -1 53 -1 8789 -1 983 -1 1401 -1 73 -1 2441 -1 -2
22 -1 66 -1 807 -1 2 -1 119 -1 5063 -1 -2
53 -1 613 -1 643 -1 8786 -1 3032 -1 280 -1 87 -1 316 -1 825 -1 -2
10 -1 8790 -1 35 -1 7 -1 8785 -1 2176 -1 737 -1 7 -1 6655 -1 24 -1 25 -1 8695 -1 8696 -1 1331 -1 7 -1 8709 -1 58 -1 332 -1 8791 -1 889 -1 -2
18 -1 2010 -1 79 -1 25 -1 6681 -1 354 -1 135 -1 7 -1 3 -1 3263 -1 -2
18 -1 1593 -1 45 -1 148 -1 -2
613 -1 53 -1 1573 -1 25 -1 2061 -1 5262 -1 643 -1 55 -1 7 -1 3263 -1 22 -1 7 -1 2726 -1 1544 -1 -2
7 -1 6681 -1 8792 -1 -2
18 -1 1593 -1 45 -1 148 -1 -2
80 -1 19 -1 25 -1 568 -1 379 -1 -2
371 -1 8237 -1 561 -1 55 -1 8713 -1 40 -1 202 -1 35 -1 18 -1 378 -1 45 -1 194 -1 89 -1 4821 -1 -2
80 -1 19 -1 4370 -1 -2
7 -1 3263 -1 5 -1 6 -1 7 -1 7529 -1 -2
8716 -1 2084 -1 25 -1 8793 -1 73 -1 8794 -1 74 -1 -2
371 -1 273 -1 7703 -1 1959 -1 6922 -1 -2
8713 -1 19 -1 22 -1 8795 -1 -2
1015 -1 412 -1 2333 -1 340 -1 8784 -1 7 -1 6681 -1 184 -1 1290 -1 -2
18 -1 19 -1 8796 -1 1687 -1 -2
7 -1 2320 -1 3152 -1 22 -1 7 -1 7529 -1 -2
7 -1 3263 -1 8797 -1 919 -1 108 -1 -2
142 -1 7 -1 3032 -1 246 -1 40 -1 7 -1 5482 -1 252 -1 7 -1 774 -1 73 -1 340 -1 8798 -1 8256 -1 7113 -1 7 -1 7079 -1 37 -1 2285 -1 40 -1 3378 -1 -2
22 -1 280 -1 73 -1 7 -1 1595 -1 3 -1 6722 -1 92 -1 5054 -1 149 -1 25 -1 8799 -1 -2
3083 -1 92 -1 8800 -1 22 -1 25 -1 349 -1 1738 -1 -2
25 -1 8801 -1 1172 -1 460 -1 3806 -1 -2
8802 -1 6718 -1 92 -1 1304 -1 22 -1 7 -1 3762 -1 73 -1 25 -1 4036 -1 -2
382 -1 7698 -1 4226 -1 327 -1 25 -1 1568 -1 2367 -1 220 -1 8716 -1 -2
80 -1 19 -1 4273 -1 131 -1 370 -1 8803 -1 -2
371 -1 206 -1 3125 -1 650 -1 -2
371 -1 19 -1 6979 -1 -2
7 -1 1828 -1 355 -1 145 -1 161 -1 2385 -1 -2
371 -1 354 -1 123 -1 -2
7859 -1 2 -1 64 -1 195 -1 8713 -1 428 -1 370 -1 860 -1 -2
8716 -1 18 -1 542 -1 -2
5477 -1 7 -1 3 -1 6722 -1 92 -1 2744 -1 -2
25 -1 8732 -1 8804 -1 375 -1 7 -1 1828 -1 3288 -1 377 -1 -2
371 -1 47 -1 353 -1 141 -1 468 -1 370 -1 7469 -1 -2
371 -1 273 -1 7703 -1 1959 -1 6922 -1 -2
8713 -1 19 -1 2414 -1 -2
1015 -1 412 -1 2333 -1 44 -1 7 -1 1828 -1 355 -1 241 -1 40 -1 8805 -1 -2
371 -1 385 -1 7522 -1 40 -1 8806 -1 370 -1 860 -1 -2
63 -1 370 -1 2576 -1 2 -1 758 -1 40 -1 817 -1 412 -1 7543 -1 332 -1 3023 -1 15 -1 25 -1 8807 -1 24 -1 1566 -1 8808 -1 -2
7 -1 6655 -1 24 -1 25 -1 8695 -1 8696 -1 145 -1 25 -1 2494 -1 421 -1 73 -1 2375 -1 87 -1 1583 -1 496 -1 25 -1 8809 -1 73 -1 8810 -1 3023 -1 220 -1 7 -1 8811 -1 -2
1391 -1 1165 -1 2551 -1 226 -1 45 -1 3023 -1 15 -1 7 -1 8807 -1 -2
418 -1 2 -1 622 -1 662 -1 983 -1 73 -1 933 -1 790 -1 60 -1 -2
622 -1 53 -1 3093 -1 7 -1 8812 -1 4774 -1 -2
18 -1 291 -1 1271 -1 66 -1 866 -1 -2
18 -1 3210 -1 91 -1 153 -1 136 -1 1562 -1 -2
87 -1 1391 -1 1165 -1 2551 -1 226 -1 45 -1 3023 -1 -2
106 -1 -2
53 -1 622 -1 3093 -1 519 -1 -2
643 -1 -2
10 -1 856 -1 1409 -1 60 -1 53 -1 662 -1 91 -1 1771 -1 285 -1 95 -1 3078 -1 7 -1 653 -1 3487 -1 10 -1 2 -1 649 -1 2 -1 64 -1 195 -1 1252 -1 1250 -1 235 -1 -2
8813 -1 8790 -1 7 -1 6655 -1 24 -1 7 -1 8695 -1 8696 -1 19 -1 226 -1 40 -1 298 -1 2423 -1 2494 -1 945 -1 73 -1 2375 -1 562 -1 7 -1 8807 -1 24 -1 1566 -1 8808 -1 47 -1 87 -1 198 -1 158 -1 -2
45 -1 969 -1 2787 -1 2859 -1 3017 -1 149 -1 7 -1 343 -1 -2
18 -1 952 -1 80 -1 124 -1 269 -1 8814 -1 87 -1 304 -1 80 -1 95 -1 7 -1 1254 -1 684 -1 18 -1 327 -1 826 -1 -2
45 -1 3307 -1 141 -1 31 -1 40 -1 1065 -1 7 -1 647 -1 220 -1 7 -1 7559 -1 -2
18 -1 1336 -1 2181 -1 8815 -1 310 -1 25 -1 3282 -1 -2
80 -1 31 -1 40 -1 7549 -1 370 -1 -2
371 -1 806 -1 -2
371 -1 2104 -1 124 -1 7 -1 1828 -1 166 -1 606 -1 -2
5477 -1 7 -1 3 -1 6722 -1 92 -1 8816 -1 2075 -1 -2
8713 -1 428 -1 45 -1 6180 -1 -2
18 -1 198 -1 468 -1 45 -1 3175 -1 -2
18 -1 19 -1 22 -1 2375 -1 -2
1015 -1 412 -1 2333 -1 18 -1 981 -1 7 -1 1828 -1 355 -1 79 -1 7 -1 5475 -1 -2
18 -1 428 -1 370 -1 860 -1 -2
2448 -1 92 -1 8733 -1 131 -1 45 -1 377 -1 -2
8716 -1 18 -1 542 -1 -2
7 -1 1828 -1 355 -1 8817 -1 -2
35 -1 8713 -1 563 -1 45 -1 606 -1 226 -1 370 -1 371 -1 1037 -1 8818 -1 -2
382 -1 8682 -1 31 -1 40 -1 8819 -1 370 -1 1558 -1 -2
371 -1 2285 -1 40 -1 2951 -1 -2
370 -1 4265 -1 730 -1 316 -1 40 -1 7 -1 340 -1 10 -1 87 -1 7 -1 5752 -1 8820 -1 95 -1 8821 -1 -2
7 -1 1828 -1 355 -1 273 -1 7703 -1 1959 -1 6922 -1 8716 -1 542 -1 8713 -1 -2
7 -1 3263 -1 8822 -1 25 -1 576 -1 8794 -1 8823 -1 -2
80 -1 31 -1 40 -1 8824 -1 98 -1 714 -1 -2
7 -1 1828 -1 355 -1 19 -1 8731 -1 -2
370 -1 82 -1 1221 -1 79 -1 7 -1 1828 -1 166 -1 648 -1 -2
229 -1 19 -1 1290 -1 22 -1 2650 -1 3969 -1 933 -1 8732 -1 8825 -1 79 -1 370 -1 2947 -1 -2
8713 -1 8826 -1 370 -1 -2
1015 -1 412 -1 2333 -1 1234 -1 1828 -1 178 -1 15 -1 25 -1 4578 -1 24 -1 25 -1 5154 -1 725 -1 40 -1 7 -1 6655 -1 24 -1 25 -1 8695 -1 8696 -1 684 -1 8827 -1 38 -1 8828 -1 8829 -1 6551 -1 132 -1 172 -1 -2
11 -1 1900 -1 1802 -1 15 -1 7 -1 6655 -1 1506 -1 -2
418 -1 8827 -1 15 -1 7 -1 4578 -1 8830 -1 8831 -1 5269 -1 5671 -1 -2
171 -1 -2
562 -1 25 -1 1494 -1 8832 -1 25 -1 1780 -1 4127 -1 8830 -1 8831 -1 5269 -1 5671 -1 -2
171 -1 -2
8827 -1 7 -1 4578 -1 354 -1 87 -1 273 -1 8833 -1 89 -1 25 -1 379 -1 -2
235 -1 18 -1 198 -1 126 -1 -2
7 -1 6655 -1 31 -1 924 -1 40 -1 4084 -1 220 -1 7 -1 343 -1 -2
45 -1 7550 -1 969 -1 1136 -1 7 -1 8834 -1 -2
562 -1 18 -1 746 -1 45 -1 1254 -1 18 -1 8835 -1 45 -1 141 -1 40 -1 80 -1 -2
18 -1 2010 -1 235 -1 25 -1 513 -1 1715 -1 73 -1 3146 -1 8836 -1 7 -1 7601 -1 -2
80 -1 903 -1 5241 -1 631 -1 149 -1 25 -1 199 -1 73 -1 8837 -1 22 -1 7 -1 8838 -1 -2
59 -1 500 -1 7 -1 2987 -1 40 -1 269 -1 8228 -1 -2
124 -1 7 -1 5482 -1 537 -1 7 -1 248 -1 73 -1 340 -1 8798 -1 22 -1 8839 -1 -2
8716 -1 2912 -1 -2
371 -1 8311 -1 3125 -1 124 -1 7 -1 1828 -1 166 -1 606 -1 -2
371 -1 587 -1 2807 -1 370 -1 3175 -1 -2
371 -1 5588 -1 7 -1 246 -1 -2
371 -1 2641 -1 3125 -1 377 -1 1397 -1 79 -1 7 -1 1155 -1 -2
371 -1 2104 -1 48 -1 2448 -1 -2
371 -1 273 -1 7703 -1 1959 -1 6922 -1 -2
7 -1 3628 -1 1834 -1 220 -1 7 -1 8840 -1 5756 -1 635 -1 22 -1 7 -1 3283 -1 58 -1 7 -1 8841 -1 73 -1 1199 -1 -2
22 -1 7 -1 352 -1 468 -1 5133 -1 229 -1 4301 -1 25 -1 6546 -1 1071 -1 -2
7 -1 6718 -1 327 -1 441 -1 6177 -1 124 -1 7 -1 4036 -1 -2
91 -1 354 -1 4500 -1 22 -1 25 -1 8745 -1 -2
7 -1 3 -1 6722 -1 92 -1 1304 -1 411 -1 7 -1 8842 -1 -2
8843 -1 22 -1 7 -1 7601 -1 8844 -1 19 -1 1047 -1 7 -1 6655 -1 24 -1 25 -1 8695 -1 8696 -1 308 -1 172 -1 25 -1 894 -1 556 -1 73 -1 8845 -1 -2
18 -1 8846 -1 3815 -1 7 -1 8709 -1 24 -1 7 -1 5149 -1 79 -1 7 -1 2630 -1 124 -1 136 -1 -2
18 -1 354 -1 123 -1 87 -1 15 -1 2648 -1 7 -1 1645 -1 73 -1 7 -1 780 -1 -2
7 -1 1309 -1 36 -1 73 -1 7 -1 1970 -1 432 -1 45 -1 5881 -1 -2
217 -1 18 -1 198 -1 7359 -1 8847 -1 2854 -1 -2
7 -1 1276 -1 441 -1 2937 -1 2883 -1 22 -1 7 -1 1488 -1 73 -1 98 -1 7766 -1 87 -1 55 -1 40 -1 136 -1 562 -1 18 -1 19 -1 2201 -1 25 -1 576 -1 637 -1 126 -1 643 -1 643 -1 513 -1 2686 -1 593 -1 613 -1 13 -1 1901 -1 1573 -1 7 -1 8848 -1 73 -1 67 -1 7500 -1 8849 -1 22 -1 7 -1 23 -1 -2
214 -1 593 -1 327 -1 1573 -1 80 -1 53 -1 1771 -1 613 -1 746 -1 792 -1 4148 -1 131 -1 22 -1 8850 -1 135 -1 7 -1 8012 -1 73 -1 370 -1 4242 -1 1653 -1 482 -1 1578 -1 89 -1 593 -1 54 -1 63 -1 2535 -1 4243 -1 73 -1 3303 -1 87 -1 7 -1 275 -1 73 -1 7 -1 1862 -1 7969 -1 79 -1 370 -1 1848 -1 1771 -1 613 -1 47 -1 852 -1 141 -1 40 -1 1934 -1 370 -1 1578 -1 54 -1 13 -1 482 -1 -2
91 -1 54 -1 1181 -1 15 -1 7 -1 1309 -1 36 -1 124 -1 7 -1 1970 -1 -2
8851 -1 60 -1 2 -1 1634 -1 66 -1 53 -1 599 -1 7 -1 2672 -1 562 -1 53 -1 1234 -1 53 -1 613 -1 13 -1 1573 -1 370 -1 419 -1 84 -1 4 -1 73 -1 7 -1 1748 -1 -2
22 -1 382 -1 559 -1 73 -1 370 -1 513 -1 8852 -1 2088 -1 53 -1 599 -1 25 -1 84 -1 551 -1 4086 -1 -2
35 -1 371 -1 38 -1 643 -1 1918 -1 1121 -1 412 -1 3879 -1 2 -1 613 -1 643 -1 1340 -1 40 -1 739 -1 370 -1 4338 -1 -2
8853 -1 38 -1 7 -1 615 -1 36 -1 73 -1 53 -1 1352 -1 73 -1 519 -1 327 -1 329 -1 89 -1 382 -1 2272 -1 95 -1 7 -1 90 -1 -2
91 -1 8854 -1 66 -1 7 -1 1309 -1 36 -1 73 -1 7 -1 1970 -1 327 -1 332 -1 2793 -1 89 -1 6312 -1 87 -1 91 -1 1921 -1 66 -1 7 -1 615 -1 73 -1 519 -1 1771 -1 613 -1 22 -1 382 -1 8056 -1 291 -1 7 -1 2715 -1 73 -1 7 -1 8855 -1 22 -1 7 -1 1349 -1 73 -1 7 -1 2320 -1 -2
513 -1 1783 -1 91 -1 15 -1 22 -1 16 -1 248 -1 229 -1 38 -1 643 -1 615 -1 36 -1 172 -1 856 -1 38 -1 382 -1 573 -1 7 -1 1309 -1 36 -1 -2
229 -1 64 -1 51 -1 16 -1 37 -1 8856 -1 -2
80 -1 38 -1 25 -1 666 -1 -2
1473 -1 136 -1 1176 -1 1126 -1 235 -1 63 -1 91 -1 6192 -1 500 -1 98 -1 1491 -1 -2
229 -1 38 -1 643 -1 615 -1 36 -1 172 -1 7 -1 1309 -1 36 -1 47 -1 220 -1 519 -1 607 -1 1347 -1 66 -1 1790 -1 224 -1 40 -1 7 -1 453 -1 -2
229 -1 64 -1 51 -1 16 -1 -2
1473 -1 136 -1 1176 -1 1126 -1 7207 -1 91 -1 716 -1 715 -1 87 -1 385 -1 22 -1 98 -1 712 -1 40 -1 4946 -1 919 -1 108 -1 468 -1 7 -1 1309 -1 36 -1 -2
95 -1 382 -1 90 -1 25 -1 1828 -1 8857 -1 2503 -1 7 -1 1542 -1 460 -1 -2
7 -1 6155 -1 73 -1 66 -1 2396 -1 92 -1 441 -1 1828 -1 4 -1 22 -1 7 -1 2900 -1 6512 -1 73 -1 1558 -1 -2
7 -1 340 -1 8858 -1 92 -1 89 -1 7 -1 1631 -1 1732 -1 1165 -1 2528 -1 87 -1 92 -1 607 -1 4455 -1 -2
1309 -1 36 -1 124 -1 7 -1 1970 -1 15 -1 7 -1 1828 -1 8857 -1 195 -1 40 -1 7279 -1 5393 -1 87 -1 8859 -1 -2
235 -1 285 -1 87 -1 1065 -1 73 -1 382 -1 1311 -1 -2
235 -1 484 -1 89 -1 25 -1 90 -1 95 -1 7 -1 159 -1 352 -1 87 -1 7 -1 579 -1 1108 -1 -2
4078 -1 2 -1 613 -1 272 -1 40 -1 1234 -1 40 -1 53 -1 53 -1 54 -1 13 -1 607 -1 2788 -1 66 -1 2 -1 119 -1 2394 -1 40 -1 8859 -1 135 -1 6132 -1 40 -1 53 -1 693 -1 7 -1 1309 -1 36 -1 8860 -1 -2
643 -1 15 -1 7 -1 1828 -1 8857 -1 -2
441 -1 7 -1 1276 -1 154 -1 382 -1 1152 -1 1165 -1 1367 -1 -2
109 -1 235 -1 64 -1 2 -1 8859 -1 87 -1 1065 -1 73 -1 1311 -1 87 -1 484 -1 95 -1 7 -1 1108 -1 87 -1 7 -1 352 -1 2488 -1 91 -1 54 -1 1420 -1 756 -1 40 -1 60 -1 613 -1 2 -1 60 -1 53 -1 662 -1 983 -1 7807 -1 95 -1 382 -1 90 -1 89 -1 1420 -1 756 -1 8859 -1 1065 -1 484 -1 15 -1 7 -1 1828 -1 8857 -1 24 -1 25 -1 421 -1 -2
7 -1 1309 -1 36 -1 589 -1 1161 -1 6209 -1 45 -1 8861 -1 87 -1 2368 -1 508 -1 22 -1 7 -1 538 -1 467 -1 -2
235 -1 18 -1 494 -1 22 -1 7 -1 1444 -1 73 -1 25 -1 4036 -1 87 -1 4991 -1 7 -1 425 -1 1311 -1 87 -1 509 -1 95 -1 7 -1 352 -1 87 -1 7 -1 1108 -1 -2
382 -1 38 -1 25 -1 1110 -1 6086 -1 18 -1 15 -1 -2
391 -1 25 -1 90 -1 18 -1 44 -1 2181 -1 45 -1 2615 -1 24 -1 45 -1 1545 -1 -2
6 -1 7 -1 309 -1 589 -1 2 -1 180 -1 53 -1 66 -1 412 -1 5881 -1 327 -1 389 -1 124 -1 561 -1 2 -1 11 -1 80 -1 15 -1 7 -1 1828 -1 8857 -1 -2
978 -1 7 -1 1309 -1 36 -1 1191 -1 4838 -1 -2
7 -1 1828 -1 8857 -1 2697 -1 -2
63 -1 22 -1 7 -1 708 -1 7 -1 84 -1 4 -1 73 -1 7 -1 1748 -1 252 -1 8277 -1 418 -1 1309 -1 36 -1 73 -1 7 -1 1970 -1 7 -1 780 -1 8862 -1 53 -1 7 -1 8857 -1 198 -1 40 -1 519 -1 22 -1 7 -1 711 -1 -2
51 -1 423 -1 84 -1 1276 -1 -2
80 -1 38 -1 1290 -1 -2
7 -1 992 -1 73 -1 7 -1 780 -1 38 -1 1290 -1 63 -1 7 -1 84 -1 4 -1 73 -1 7 -1 1748 -1 1771 -1 13 -1 8863 -1 98 -1 2218 -1 -2
418 -1 1309 -1 36 -1 -2
1309 -1 36 -1 8864 -1 -2
8864 -1 -2
7 -1 780 -1 8862 -1 53 -1 235 -1 7 -1 1309 -1 36 -1 1477 -1 87 -1 500 -1 45 -1 502 -1 126 -1 124 -1 45 -1 141 -1 -2
106 -1 38 -1 80 -1 419 -1 84 -1 4 -1 73 -1 7 -1 1748 -1 418 -1 1309 -1 36 -1 7 -1 780 -1 8862 -1 53 -1 -2
418 -1 1309 -1 36 -1 7 -1 1309 -1 36 -1 273 -1 87 -1 229 -1 1161 -1 19 -1 7 -1 780 -1 447 -1 131 -1 95 -1 136 -1 -2
18 -1 587 -1 40 -1 45 -1 99 -1 87 -1 573 -1 -2
1015 -1 340 -1 2175 -1 8865 -1 73 -1 780 -1 53 -1 1044 -1 -2
613 -1 53 -1 1573 -1 412 -1 5881 -1 7 -1 780 -1 15 -1 643 -1 2800 -1 63 -1 2487 -1 2697 -1 22 -1 25 -1 309 -1 66 -1 19 -1 58 -1 25 -1 1715 -1 73 -1 538 -1 8866 -1 -2
10 -1 235 -1 780 -1 857 -1 382 -1 2408 -1 40 -1 370 -1 8867 -1 7 -1 1309 -1 36 -1 87 -1 18 -1 3815 -1 45 -1 3779 -1 -2
7 -1 780 -1 7753 -1 2550 -1 148 -1 40 -1 269 -1 483 -1 87 -1 55 -1 418 -1 -2
418 -1 7 -1 84 -1 1276 -1 73 -1 7 -1 1748 -1 55 -1 418 -1 382 -1 38 -1 2368 -1 1309 -1 36 -1 -2
18 -1 188 -1 8868 -1 852 -1 5960 -1 780 -1 22 -1 7 -1 483 -1 7 -1 1828 -1 8857 -1 55 -1 1290 -1 95 -1 441 -1 -2
7 -1 1309 -1 36 -1 903 -1 45 -1 3309 -1 73 -1 6546 -1 3446 -1 220 -1 7 -1 453 -1 -2
18 -1 428 -1 45 -1 3534 -1 87 -1 206 -1 269 -1 3798 -1 -2
57 -1 53 -1 8857 -1 18 -1 15 -1 -2
2 -1 613 -1 432 -1 412 -1 5881 -1 87 -1 7 -1 8869 -1 7 -1 2358 -1 73 -1 1311 -1 22 -1 7 -1 3019 -1 7 -1 2316 -1 73 -1 352 -1 87 -1 1108 -1 54 -1 423 -1 419 -1 40 -1 561 -1 63 -1 562 -1 382 -1 6362 -1 780 -1 8862 -1 561 -1 229 -1 64 -1 51 -1 25 -1 5361 -1 2 -1 2025 -1 53 -1 15 -1 7 -1 1828 -1 8857 -1 -2
7 -1 1309 -1 36 -1 390 -1 628 -1 48 -1 7 -1 708 -1 -2
7 -1 84 -1 4 -1 73 -1 7 -1 1748 -1 7753 -1 98 -1 148 -1 22 -1 1590 -1 87 -1 6468 -1 -2
1015 -1 -2
1015 -1 -2
106 -1 25 -1 1502 -1 790 -1 229 -1 51 -1 7 -1 1309 -1 36 -1 198 -1 48 -1 45 -1 1757 -1 1970 -1 87 -1 2514 -1 229 -1 1790 -1 513 -1 2877 -1 87 -1 4889 -1 73 -1 822 -1 -2
80 -1 19 -1 1367 -1 40 -1 171 -1 136 -1 588 -1 220 -1 25 -1 6702 -1 73 -1 7 -1 3327 -1 87 -1 8870 -1 933 -1 756 -1 95 -1 7 -1 780 -1 -2
18 -1 3388 -1 7 -1 162 -1 2900 -1 73 -1 519 -1 -2
2175 -1 780 -1 285 -1 2002 -1 18 -1 268 -1 -2
285 -1 2002 -1 87 -1 1473 -1 80 -1 51 -1 412 -1 3534 -1 310 -1 67 -1 3534 -1 -2
418 -1 40 -1 662 -1 66 -1 593 -1 54 -1 2394 -1 40 -1 5125 -1 300 -1 161 -1 340 -1 2175 -1 2528 -1 4142 -1 8871 -1 780 -1 -2
53 -1 54 -1 8872 -1 35 -1 2580 -1 879 -1 8873 -1 780 -1 53 -1 1564 -1 412 -1 8874 -1 87 -1 80 -1 19 -1 1290 -1 63 -1 562 -1 53 -1 1564 -1 412 -1 8874 -1 87 -1 369 -1 95 -1 561 -1 80 -1 430 -1 42 -1 559 -1 -2
87 -1 2201 -1 53 -1 54 -1 607 -1 8872 -1 607 -1 2175 -1 607 -1 2528 -1 607 -1 4142 -1 607 -1 8871 -1 -2
1015 -1 2 -1 592 -1 195 -1 1049 -1 -2
285 -1 2002 -1 780 -1 87 -1 1473 -1 561 -1 8875 -1 67 -1 132 -1 1027 -1 3695 -1 24 -1 382 -1 5664 -1 87 -1 18 -1 1894 -1 3388 -1 7 -1 162 -1 2900 -1 73 -1 513 -1 2179 -1 -2
7 -1 780 -1 2487 -1 369 -1 87 -1 15 -1 109 -1 547 -1 2 -1 285 -1 2002 -1 1909 -1 589 -1 7 -1 1309 -1 36 -1 8876 -1 6946 -1 220 -1 6946 -1 -2
18 -1 1077 -1 136 -1 25 -1 2171 -1 66 -1 19 -1 7 -1 1855 -1 73 -1 441 -1 8877 -1 -2
80 -1 145 -1 7 -1 3327 -1 40 -1 1652 -1 40 -1 51 -1 8878 -1 -2
220 -1 7 -1 7324 -1 73 -1 80 -1 18 -1 2657 -1 45 -1 513 -1 5664 -1 87 -1 8879 -1 45 -1 3534 -1 -2
7 -1 84 -1 4 -1 22 -1 7 -1 1748 -1 1879 -1 2045 -1 8880 -1 25 -1 513 -1 2215 -1 87 -1 95 -1 7 -1 669 -1 73 -1 80 -1 91 -1 15 -1 57 -1 7 -1 780 -1 38 -1 497 -1 7 -1 1175 -1 198 -1 40 -1 87 -1 1538 -1 79 -1 7 -1 1108 -1 7 -1 780 -1 38 -1 497 -1 7 -1 1309 -1 36 -1 198 -1 40 -1 7 -1 2408 -1 73 -1 7 -1 780 -1 -2
371 -1 7 -1 1534 -1 16 -1 494 -1 220 -1 25 -1 1933 -1 87 -1 370 -1 84 -1 929 -1 664 -1 149 -1 7 -1 503 -1 73 -1 80 -1 -2
7 -1 1309 -1 36 -1 428 -1 382 -1 84 -1 929 -1 22 -1 45 -1 3 -1 148 -1 87 -1 8881 -1 80 -1 -2
1015 -1 8874 -1 18 -1 594 -1 2 -1 1771 -1 2364 -1 382 -1 84 -1 929 -1 19 -1 220 -1 412 -1 497 -1 2947 -1 1293 -1 66 -1 780 -1 547 -1 1955 -1 613 -1 7 -1 4307 -1 73 -1 3453 -1 80 -1 371 -1 1417 -1 149 -1 7 -1 3798 -1 73 -1 7 -1 1933 -1 87 -1 509 -1 95 -1 136 -1 -2
856 -1 5577 -1 53 -1 54 -1 -2
109 -1 60 -1 53 -1 8882 -1 607 -1 -2
8883 -1 53 -1 54 -1 161 -1 3333 -1 150 -1 -2
109 -1 589 -1 2 -1 1955 -1 1134 -1 53 -1 5793 -1 7 -1 1309 -1 36 -1 2641 -1 45 -1 3534 -1 48 -1 7 -1 162 -1 87 -1 47 -1 316 -1 468 -1 7 -1 1108 -1 -2
214 -1 7 -1 1828 -1 8857 -1 327 -1 696 -1 95 -1 412 -1 3230 -1 18 -1 2388 -1 197 -1 2 -1 1771 -1 5851 -1 613 -1 2391 -1 95 -1 7 -1 559 -1 22 -1 42 -1 309 -1 -2
106 -1 297 -1 412 -1 2715 -1 8884 -1 561 -1 22 -1 382 -1 8885 -1 7 -1 8886 -1 780 -1 8887 -1 8888 -1 699 -1 40 -1 7 -1 1309 -1 36 -1 124 -1 7 -1 1970 -1 3626 -1 4334 -1 -2
412 -1 8889 -1 38 -1 22 -1 382 -1 431 -1 35 -1 1309 -1 35 -1 67 -1 2715 -1 -2
2 -1 119 -1 8890 -1 24 -1 8891 -1 412 -1 2396 -1 412 -1 8892 -1 412 -1 8893 -1 412 -1 8894 -1 -2
4612 -1 38 -1 4612 -1 -2
4 -1 54 -1 2634 -1 22 -1 1128 -1 231 -1 419 -1 7916 -1 -2
2 -1 8895 -1 53 -1 13 -1 -2